Activated DRL robot navigation Python environment.
Python: Python 3.8.10
Venv: /home/jiutian/venvs/drl-robot-nav
Fixed manifest enabled: 2560 scenarios loaded
Roscore launched!
Unable to register with master node [http://localhost:13013]: master may not be running yet. Will keep trying.
Gazebo launched!
[INFO] [1785074584.205171, 0.000000]: Loading model XML from ros parameter robot_description_r4
[INFO] [1785074584.207579, 0.000000]: Waiting for service /gazebo/spawn_urdf_model
[INFO] [1785074584.510193, 0.271000]: Calling service /gazebo/spawn_urdf_model
[INFO] [1785074585.337219, 0.368000]: Spawn status: SpawnModel: Successfully spawned entity
[WARN] [1785074585.447549883, 0.368000000]: GazeboRosDiffDrive Plugin (ns = ) missing <publishTf>, defaults to 1
[INFO] [1785074584.311690195]: Finished loading Gazebo ROS API Plugin.
[INFO] [1785074584.311999036]: waitForService: Service [/gazebo/set_physics_properties] has not been advertised, waiting...
[INFO] [1785074584.434053449]: waitForService: Service [/gazebo/set_physics_properties] is now available.
[INFO] [1785074584.440061333, 0.204000000]: Physics dynamic reconfigure ready.
[INFO] [1785074584.713206930, 0.368000000]: Laser Plugin: The 'robotNamespace' param was empty
[INFO] [1785074584.713225590, 0.368000000]: Starting Laser Plugin (ns = r4)
[INFO] [1785074584.713598653, 0.368000000]: Laser Plugin (ns = r4)  <tf_prefix_>, set to ""
[INFO] [1785074585.336928258, 0.368000000]: Velodyne laser plugin missing <min_intensity>, defaults to no clipping
[INFO] [1785074585.338078891, 0.368000000]: Velodyne laser plugin ready, 16 lasers
[INFO] [1785074585.447182992, 0.368000000]: Starting plugin DiffDrive(ns = /r4/)
[INFO] [1785074585.447218041, 0.368000000]: DiffDrive(ns = /r4/): <rosDebugLevel> = Debug
[INFO] [1785074585.447420744, 0.368000000]: DiffDrive(ns = /r4/): <tf_prefix> =
[DEBUG] [1785074585.447437863, 0.368000000]: DiffDrive(ns = /r4/): <commandTopic> = cmd_vel
[DEBUG] [1785074585.447441980, 0.368000000]: DiffDrive(ns = /r4/): <odometryTopic> = odom
[DEBUG] [1785074585.447445941, 0.368000000]: DiffDrive(ns = /r4/): <odometryFrame> = odom
[DEBUG] [1785074585.447449639, 0.368000000]: DiffDrive(ns = /r4/): <robotBaseFrame> = base_link
[DEBUG] [1785074585.447463996, 0.368000000]: DiffDrive(ns = /r4/): <publishWheelTF> = false
[DEBUG] [1785074585.447467955, 0.368000000]: DiffDrive(ns = /r4/): <publishOdomTF> = false
[DEBUG] [1785074585.447471241, 0.368000000]: DiffDrive(ns = /r4/): <publishWheelJointState> = false
[DEBUG] [1785074585.447489785, 0.368000000]: DiffDrive(ns = /r4/): <wheelSeparation> = 0.29999999999999999
[DEBUG] [1785074585.447494729, 0.368000000]: DiffDrive(ns = /r4/): <wheelDiameter> = 0.17999999999999999
[DEBUG] [1785074585.447499414, 0.368000000]: DiffDrive(ns = /r4/): <wheelAcceleration> = 1.8
[DEBUG] [1785074585.447504176, 0.368000000]: DiffDrive(ns = /r4/): <wheelTorque> = 20
[DEBUG] [1785074585.447508411, 0.368000000]: DiffDrive(ns = /r4/): <updateRate> = 50
[DEBUG] [1785074585.447526113, 0.368000000]: DiffDrive(ns = /r4/): <odometrySource> = world := 1
[DEBUG] [1785074585.447536663, 0.368000000]: DiffDrive(ns = /r4/): <leftJoint> = left_hub_joint
[DEBUG] [1785074585.447541776, 0.368000000]: DiffDrive(ns = /r4/): <rightJoint> = right_hub_joint
[INFO] [1785074585.447737059, 0.368000000]: DiffDrive(ns = /r4/): Try to subscribe to cmd_vel
[INFO] [1785074585.448241013, 0.368000000]: DiffDrive(ns = /r4/): Subscribe to cmd_vel
[INFO] [1785074585.448357010, 0.368000000]: DiffDrive(ns = /r4/): Advertise odom on odom
[INFO] [1785074585.453798885, 0.368000000]: GazeboRosJointStatePublisher is going to publish joint: chassis_swivel_joint
[INFO] [1785074585.453810911, 0.368000000]: GazeboRosJointStatePublisher is going to publish joint: swivel_wheel_joint
[INFO] [1785074585.453817731, 0.368000000]: GazeboRosJointStatePublisher is going to publish joint: left_hub_joint
[INFO] [1785074585.453825174, 0.368000000]: GazeboRosJointStatePublisher is going to publish joint: right_hub_joint
[INFO] [1785074585.453834092, 0.368000000]: Starting GazeboRosJointStatePublisher Plugin (ns = /r4/)!, parent name: r4
[DEBUG] [1785074585.480538598, 0.389000000]: Trying to publish message of type [nav_msgs/Odometry/cd5e73d190d741a2f92e81eda573aca7] on a publisher with type [nav_msgs/Odometry/cd5e73d190d741a2f92e81eda573aca7]
[DEBUG] [1785074585.480574893, 0.389000000]: Trying to publish message of type [sensor_msgs/JointState/3066dcd76a6cfaef579bd0f34173e9fd] on a publisher with type [sensor_msgs/JointState/3066dcd76a6cfaef579bd0f34173e9fd]
[INFO] [1785074585.734022295, 0.557000000]: Laser Plugin: The 'robotNamespace' param was empty
[INFO] [1785074585.734045043, 0.557000000]: Starting Laser Plugin (ns = r5)
[INFO] [1785074585.734455579, 0.557000000]: Laser Plugin (ns = r5)  <tf_prefix_>, set to ""
[INFO] [1785074586.369851822, 0[WARN] [1785074586.371482057, 0.557000000]: GazeboRosDiffDrive Plugin (ns = ) missing <publishTf>, defaults to 1
[INFO] [1785074584.205871, 0.000000]: Loading model XML from ros parameter robot_description_r5
[INFO] [1785074584.208267, 0.000000]: Waiting for service /gazebo/spawn_urdf_model
[INFO] [1785074584.510829, 0.271000]: Calling service /gazebo/spawn_urdf_model
[INFO] [1785074586.370994, 0.557000]: Spawn status: SpawnModel: Successfully spawned entity
.557000000]: Velodyne laser plugin missing <min_intensity>, defaults to no clipping
[INFO] [1785074586.370626769, 0.557000000]: Velodyne laser plugin ready, 16 lasers
[INFO] [1785074586.371134660, 0.557000000]: Starting plugin DiffDrive(ns = /r5/)
[DEBUG] [1785074586.371144062, 0.557000000]: DiffDrive(ns = /r5/): <rosDebugLevel> = Debug
[INFO] [1785074586.371153181, 0.557000000]: DiffDrive(ns = /r5/): <rosDebugLevel> = Debug
[INFO] [1785074586.371416860, 0.557000000]: DiffDrive(ns = /r5/): <tf_prefix> =
[DEBUG] [1785074586.371421674, 0.557000000]: DiffDrive(ns = /r5/): <commandTopic> = cmd_vel
[DEBUG] [1785074586.371424880, 0.557000000]: DiffDrive(ns = /r5/): <odometryTopic> = odom
[DEBUG] [1785074586.371428111, 0.557000000]: DiffDrive(ns = /r5/): <odometryFrame> = odom
[DEBUG] [1785074586.371431190, 0.557000000]: DiffDrive(ns = /r5/): <robotBaseFrame> = base_link
[DEBUG] [1785074586.371435187, 0.557000000]: DiffDrive(ns = /r5/): <publishWheelTF> = false
[DEBUG] [1785074586.371438280, 0.557000000]: DiffDrive(ns = /r5/): <publishOdomTF> = false
[DEBUG] [1785074586.371441513, 0.557000000]: DiffDrive(ns = /r5/): <publishWheelJointState> = false
[DEBUG] [1785074586.371447704, 0.557000000]: DiffDrive(ns = /r5/): <wheelSeparation> = 0.29999999999999999
[DEBUG] [1785074586.371451634, 0.557000000]: DiffDrive(ns = /r5/): <wheelDiameter> = 0.17999999999999999
[DEBUG] [1785074586.371455463, 0.557000000]: DiffDrive(ns = /r5/): <wheelAcceleration> = 1.8
[DEBUG] [1785074586.371459160, 0.557000000]: DiffDrive(ns = /r5/): <wheelTorque> = 20
[DEBUG] [1785074586.371463088, 0.557000000]: DiffDrive(ns = /r5/): <updateRate> = 50
[DEBUG] [1785074586.371468338, 0.557000000]: DiffDrive(ns = /r5/): <odometrySource> = world := 1
[DEBUG] [1785074586.371473453, 0.557000000]: DiffDrive(ns = /r5/): <leftJoint> = left_hub_joint
[DEBUG] [1785074586.371477193, 0.557000000]: DiffDrive(ns = /r5/): <rightJoint> = right_hub_joint
[INFO] [1785074586.371514578, 0.557000000]: DiffDrive(ns = /r5/): Try to subscribe to cmd_vel
[INFO] [1785074586.372728539, 0.557000000]: DiffDrive(ns = /r5/): Subscribe to cmd_vel
[INFO] [1785074586.372858499, 0.557000000]: DiffDrive(ns = /r5/): Advertise odom on odom
[INFO] [1785074586.372920489, 0.557000000]: GazeboRosJointStatePublisher is going to publish joint: chassis_swivel_joint
[INFO] [1785074586.372924581, 0.557000000]: GazeboRosJointStatePublisher is going to publish joint: swivel_wheel_joint
[INFO] [1785074586.372928041, 0.557000000]: GazeboRosJointStatePublisher is going to publish joint: left_hub_joint
[INFO] [1785074586.372931096, 0.557000000]: GazeboRosJointStatePublisher is going to publish joint: right_hub_joint
[INFO] [1785074586.372934484, 0.557000000]: Starting GazeboRosJointStatePublisher Plugin (ns = /r5/)!, parent name: r5
[INFO] [1785074586.654472972, 0.722000000]: Laser Plugin: The 'robotNamespace' param was empty
[INFO] [1785074586.654495004, 0.722000000]: Starting Laser Plugin (ns = r1)
[INFO] [1785074586.654864237, 0.722000000]: Laser Plugin (ns = r1)  <tf_prefix_>, set to ""
[INFO] [1785074587.280579489, 0.722000000]: Velodyne laser plugin missing <min_intensity>, defaults to no clipping
[INFO] [1785074587.281143339, 0.722000000]: Velodyne laser plugin ready, 16 lasers
[INFO] [1785074587.282094135, 0.722000000]: Starting plugin DiffDrive(ns = /r1/)
[DEBUG] [1785074587.282103769, 0.722000000]: DiffDrive(ns = /r1/): <rosDebugLevel> = Debug
[INFO] [1785074587.282113400, 0.722000000]: DiffDrive(ns = /r1/): <rosDebugLevel> = Debug
[INFO] [1785074587.282482662, 0.722000000]: DiffDrive(ns = /r1/): <tf_prefix> =
[DEBUG] [1785074587.282487338, 0.722000000]: DiffDrive(ns = /r1/): <commandTopic> = cmd_vel
[DEBUG] [1785074587.282490908, 0.722000000]: DiffDrive(ns = /r1/): <odometryTopic> = odom
[DEBUG] [1785074587.282496082, 0.722000000]: DiffDrive(ns = /r1/): <odometryFrame> = odom
[DEBUG] [1785074587.282499504, 0.722000000]: DiffDrive(ns = /r1/): <robotBaseFrame> = base_link
[DEBUG] [1785074587.282504257, 0.722000000]: DiffDrive(ns = /r1/): <publishWheelTF> = false
[DEBUG] [1785074587.282508343, 0.722000000][INFO] [1785074584.210168, 0.000000]: Loading model XML from ros parameter robot_description_r1
[INFO] [1785074584.212622, 0.000000]: Waiting for service /gazebo/spawn_urdf_model
[INFO] [1785074584.518094, 0.278000]: Calling service /gazebo/spawn_urdf_model
[INFO] [1785074587.281967, 0.722000]: Spawn status: SpawnModel: Successfully spawned entity
[WARN] [1785074587.282575345, 0.722000000]: GazeboRosDiffDrive Plugin (ns = ) missing <publishTf>, defaults to 1
[WARN] [1785074588.238595681, 0.875000000]: GazeboRosDiffDrive Plugin (ns = ) missing <publishTf>, defaults to 1
[INFO] [1785074584.300943, 0.000000]: Loading model XML from ros parameter robot_description_r3
[INFO] [1785074584.303770, 0.000000]: Waiting for service /gazebo/spawn_urdf_model
[INFO] [1785074584.606962, 0.366000]: Calling service /gazebo/spawn_urdf_model
[INFO] [1785074588.237965, 0.875000]: Spawn status: SpawnModel: Successfully spawned entity
: DiffDrive(ns = /r1/): <publishOdomTF> = false
[DEBUG] [1785074587.282524294, 0.722000000]: DiffDrive(ns = /r1/): <publishWheelJointState> = false
[DEBUG] [1785074587.282531322, 0.722000000]: DiffDrive(ns = /r1/): <wheelSeparation> = 0.29999999999999999
[DEBUG] [1785074587.282536226, 0.722000000]: DiffDrive(ns = /r1/): <wheelDiameter> = 0.17999999999999999
[DEBUG] [1785074587.282542513, 0.722000000]: DiffDrive(ns = /r1/): <wheelAcceleration> = 1.8
[DEBUG] [1785074587.282547751, 0.722000000]: DiffDrive(ns = /r1/): <wheelTorque> = 20
[DEBUG] [1785074587.282552604, 0.722000000]: DiffDrive(ns = /r1/): <updateRate> = 50
[DEBUG] [1785074587.282560371, 0.722000000]: DiffDrive(ns = /r1/): <odometrySource> = world := 1
[DEBUG] [1785074587.282564786, 0.722000000]: DiffDrive(ns = /r1/): <leftJoint> = left_hub_joint
[DEBUG] [1785074587.282569419, 0.722000000]: DiffDrive(ns = /r1/): <rightJoint> = right_hub_joint
[INFO] [1785074587.282589072, 0.722000000]: DiffDrive(ns = /r1/): Try to subscribe to cmd_vel
[INFO] [1785074587.284221492, 0.722000000]: DiffDrive(ns = /r1/): Subscribe to cmd_vel
[INFO] [1785074587.284432631, 0.722000000]: DiffDrive(ns = /r1/): Advertise odom on odom
[INFO] [1785074587.284498062, 0.722000000]: GazeboRosJointStatePublisher is going to publish joint: chassis_swivel_joint
[INFO] [1785074587.284502274, 0.722000000]: GazeboRosJointStatePublisher is going to publish joint: swivel_wheel_joint
[INFO] [1785074587.284505559, 0.722000000]: GazeboRosJointStatePublisher is going to publish joint: left_hub_joint
[INFO] [1785074587.284510005, 0.722000000]: GazeboRosJointStatePublisher is going to publish joint: right_hub_joint
[INFO] [1785074587.284513630, 0.722000000]: Starting GazeboRosJointStatePublisher Plugin (ns = /r1/)!, parent name: r1
[INFO] [1785074587.604590303, 0.875000000]: Laser Plugin: The 'robotNamespace' param was empty
[INFO] [1785074587.604606031, 0.875000000]: Starting Laser Plugin (ns = r3)
[INFO] [1785074587.605076899, 0.875000000]: Laser Plugin (ns = r3)  <tf_prefix_>, set to ""
[INFO] [1785074588.236405778, 0.875000000]: Velodyne laser plugin missing <min_intensity>, defaults to no clipping
[INFO] [1785074588.236958729, 0.875000000]: Velodyne laser plugin ready, 16 lasers
[INFO] [1785074588.238155796, 0.875000000]: Starting plugin DiffDrive(ns = /r3/)
[DEBUG] [1785074588.238165700, 0.875000000]: DiffDrive(ns = /r3/): <rosDebugLevel> = Debug
[INFO] [1785074588.238176369, 0.875000000]: DiffDrive(ns = /r3/): <rosDebugLevel> = Debug
[INFO] [1785074588.238505053, 0.875000000]: DiffDrive(ns = /r3/): <tf_prefix> =
[DEBUG] [1785074588.238515931, 0.875000000]: DiffDrive(ns = /r3/): <commandTopic> = cmd_vel
[DEBUG] [1785074588.238520708, 0.875000000]: DiffDrive(ns = /r3/): <odometryTopic> = odom
[DEBUG] [1785074588.238524895, 0.875000000]: DiffDrive(ns = /r3/): <odometryFrame> = odom
[DEBUG] [1785074588.238529196, 0.875000000]: DiffDrive(ns = /r3/): <robotBaseFrame> = base_link
[DEBUG] [1785074588.238534934, 0.875000000]: DiffDrive(ns = /r3/): <publishWheelTF> = false
[DEBUG] [1785074588.238539942, 0.875000000]: DiffDrive(ns = /r3/): <publishOdomTF> = false
[DEBUG] [1785074588.238543925, 0.875000000]: DiffDrive(ns = /r3/): <publishWheelJointState> = false
[DEBUG] [1785074588.238552650, 0.875000000]: DiffDrive(ns = /r3/): <wheelSeparation> = 0.29999999999999999
[DEBUG] [1785074588.238557392, 0.875000000]: DiffDrive(ns = /r3/): <wheelDiameter> = 0.17999999999999999
[DEBUG] [1785074588.238562589, 0.875000000]: DiffDrive(ns = /r3/): <wheelAcceleration> = 1.8
[DEBUG] [1785074588.238567421, 0.875000000]: DiffDrive(ns = /r3/): <wheelTorque> = 20
[DEBUG] [1785074588.238572218, 0.875000000]: DiffDrive(ns = /r3/): <updateRate> = 50
[DEBUG] [1785074588.238578838, 0.875000000]: DiffDrive(ns = /r3/): <odometrySource> = world := 1
[DEBUG] [1785074588.238583291, 0.875000000]: DiffDrive(ns = /r3/): <leftJoint> = left_hub_joint
[DEBUG] [1785074588.238589586, 0.875000000]: DiffDrive(ns = /r3/): <rightJoint> = right_hub_joint
[INFO] [1785074588.238616418, 0.875000000]: DiffDrive(ns = /r3/): Try to subscribe to cmd_vel
[INFtrain_velodyne_td3_multi.py:886: FutureWarning: You are using `torch.load` with `weights_only=False` (the current default value), which uses the default pickle module implicitly. It is possible to construct malicious pickle data which will execute arbitrary code during unpickling (See https://github.com/pytorch/pytorch/blob/main/SECURITY.md#untrusted-models for more details). In a future release, the default value for `weights_only` will be flipped to `True`. This limits the functions that could be executed during unpickling. Arbitrary objects will no longer be allowed to be loaded via this mode unless they are explicitly allowlisted by the user via `torch.serialization.add_safe_globals`. We recommend you start setting `weights_only=True` for any use case where you don't have full control of the loaded file. Please open an issue on GitHub for any issues related to this experimental feature.
  actor_state = torch.load(
Loaded initial actor parameters from: interaction_focused_actor_from_5a_s20260725_epoch_007
Critic is newly initialized because actor-only warm start was requested.
Loaded frozen oracle weak Actor from: ./pytorch_models/TD3_velodyne_multi_v4_curriculum_stage2_to_5a_shared_from_3d2_guarded_best_actor.pth
==============================================
Training version: interaction-oracle-specialist-pilot-v6-focused-actor
Training process PID: 2129214
Launchfile: multi_robot_scenario_strong_interaction_pilot_5.launch
Scenario mode: manifest
Manifest path: /home/jiutian/Local-Critic-Multi-Robot-Navigation-gate/experiments/04_保留专门化/05_论文主线/datasets/fixed_v1/views/strong_interaction_curriculum_v1/full_train.json.gz
Manifest sampling: balanced_cycle
Eval manifest path: /home/jiutian/Local-Critic-Multi-Robot-Navigation-gate/experiments/04_保留专门化/05_论文主线/datasets/fixed_v1/views/strong_interaction_curriculum_v1/validation.json.gz
Seed: 20260724
Device: cuda
GPU: NVIDIA GeForce RTX 4090
Agent names: r1, r2, r3, r4, r5
Cooperative reward: True
Cooperative reward mode: average
Cooperative reward self weight: 0.8
Distance-weighted reward: True
Distance reward sigma: 2.0
Interaction safe distance: 1.2
Interaction close penalty: 0.5
Interaction stagnation penalty: 0.05
Anti-stagnation reward: False
Anti-stagnation penalty: 0.2
Anti-stagnation linear threshold: 0.05
Anti-stagnation progress threshold: 0.005
Anti-stagnation min laser: 0.35
Forward reward weight: 0.0
Base stagnation penalty weight: 0.0
Wall-clearance reward: False
Wall-clearance safe distance: 0.75
Wall-clearance penalty: 1.5
Wall-clearance speed weight: 0.8
Wall-clearance turn weight: 0.4
Robot safe distance: 1.2
Robot proximity penalty weight: 5.0
Robot proximity speed penalty weight: 10.0
Robot clearance reward weight: 20.0
Robot clearance reward max gain: 0.1
Local-navigation reward: False
Local-navigation heading weight: 0.4
Local-navigation wrong-way penalty: 0.25
Local-navigation turn weight: 0.25
Local-navigation near-goal distance: 0.9
Local-navigation heading error: 0.5
Local critic enabled: True
Local critic geometry only: False
Local critic context mode: ego_motion
Active neighbors only: True
Actor state dim: 24
Critic state dim: 87
Local critic max neighbors: 9
Local critic context dim: 63
Best metric: full_success
Eval episodes: 140
Eval frequency agent samples: 20000
Eval protocol ID: eval-v1|scenario=manifest|episodes=140|max_steps=300|manifest_sha256=3b2646a842b777f8c60dca4c452cb78eb3a223ffe59139b8501797aa1d23d583|sampling=cycle|oracle_interaction_distance=2.000
Max epochs: 16
Actor learning rate: 1e-06
Actor train mode: full
Oracle interaction rollout: True
Oracle weak Actor: TD3_velodyne_multi_v4_curriculum_stage2_to_5a_shared_from_3d2_guarded_best
Oracle interaction distance: 2.0
Actor interaction-only updates: True
Critic interaction fraction: 0.75
Actor gradient gate: True
Actor gradient safety distance: 1.2
Actor gradient gate batch size: 512
Actor gradient gate min samples: 32
Critic safety ranking weight: 5.0
Critic safety ranking distance: 1.0
Critic safety ranking min closing speed: 0.1
Critic safety ranking linear delta: 0.4
Critic safety ranking margin: 0.1
Safety-focused Actor updates: True
Actor safety candidate batch size: 256
Actor safety min samples: 16
Actor safety distance: 1.0
Actor safety min closing speed: 0.1
Actor angular anchor weight: 2.0
Actor trainable parameters: 501802/501802
Critic learning rate: 8e-05
Actor update delay steps: 21000
Policy freq: 2
Actor anchor weight: 0.0
Actor Q normalization alpha: 0.0
Exploration noise: 0.08
Critic warmup exploration noise: 0.3
Exploration min: 0.03
Exploration decay steps: 80000
Exploration decay unit: environment steps
TensorBoard log dir: runs/multi_coop_Jul26_22-03-08_JiuTian-AI4090
Checkpoint path: ./checkpoints/interaction_focused_actor_from_e7_fullstrong_balanced_v2_s20260726_latest.pt
Best checkpoint path: ./checkpoints/interaction_focused_actor_from_e7_fullstrong_balanced_v2_s20260726_best.pt
Model prefix: interaction_focused_actor_from_e7_fullstrong_balanced_v2_s20260726
Checkpoint interval episodes: 10
Resume mode: False
Starting agent samples: 0
Starting env steps: 0
Starting epoch: 1
==============================================
[INFO] [1785074584.304067, 0.000000]: Loading model XML from ros parameter robot_description_r2
[INFO] [1785074584.306581, 0.000000]: Waiting for service /gazebo/spawn_urdf_model
[INFO] [1785074584.609718, 0.368000]: Calling service /gazebo/spawn_urdf_model
[INFO] [1785074589.165057, 1.014000]: Spawn status: SpawnModel: Successfully spawned entity
[WARN] [1785074589.165626125, 1.014000000]: GazeboRosDiffDrive Plugin (ns = ) missing <publishTf>, defaults to 1
Episode 1 complete | agent_samples=71 | env_steps=36 | episode_env_steps=36 | episode_agent_samples=71 | mean_reward=23.780 | success=3/5 | collision=2/5 | mean_final_distance=0.704 | mean_progress=0.0120 | min_laser=0.315 | mean_lin=1.000 | mean_ang=0.182 | mean_robot_dist=inf | raw_reward=20.000 | adjusted_reward=20.000 | coop_agents=0/5 | mean_coop_neighbors=0.00 | active_neighbor_step_rate=0.479 | mean_active_neighbors_step=1.394 | max_active_neighbors_step=4 | interaction_reward=0.0000 | abs_interaction_reward=0.0000 | anti_stag_reward=0.0000 | abs_anti_stag_reward=0.0000 | wall_clear_reward=0.0000 | abs_wall_clear_reward=0.0000 | local_nav_reward=0.0000 | abs_local_nav_reward=0.0000 | robot_proximity_reward=-0.8848 | abs_robot_proximity_reward=0.8848 | robot_clearance_reward=0.0000 | context_neighbors_mean=1.45 | context_neighbors_max=4 | last_context_neighbors_mean=0.00 | last_context_neighbors_max=0 | actor_unlocked=0 | expl_noise=0.0800 | replay=71 | interaction_replay=20 | samples/sec=8.315
Episode 2 complete | agent_samples=166 | env_steps=95 | episode_env_steps=59 | episode_agent_samples=95 | mean_reward=22.454 | success=3/5 | collision=2/5 | mean_final_distance=0.573 | mean_progress=0.0037 | min_laser=0.300 | mean_lin=0.639 | mean_ang=-0.252 | mean_robot_dist=inf | raw_reward=20.000 | adjusted_reward=20.000 | coop_agents=0/5 | mean_coop_neighbors=0.00 | active_neighbor_step_rate=0.463 | mean_active_neighbors_step=1.021 | max_active_neighbors_step=4 | interaction_reward=0.0000 | abs_interaction_reward=0.0000 | anti_stag_reward=0.0000 | abs_anti_stag_reward=0.0000 | wall_clear_reward=0.0000 | abs_wall_clear_reward=0.0000 | local_nav_reward=0.0000 | abs_local_nav_reward=0.0000 | robot_proximity_reward=-0.8169 | abs_robot_proximity_reward=0.8169 | robot_clearance_reward=0.0211 | context_neighbors_mean=1.06 | context_neighbors_max=4 | last_context_neighbors_mean=0.00 | last_context_neighbors_max=0 | actor_unlocked=0 | expl_noise=0.0799 | replay=166 | interaction_replay=65 | samples/sec=7.816
Episode 3 complete | agent_samples=216 | env_steps=106 | episode_env_steps=11 | episode_agent_samples=50 | mean_reward=31.511 | success=3/5 | collision=2/5 | mean_final_distance=0.344 | mean_progress=0.0210 | min_laser=0.300 | mean_lin=0.625 | mean_ang=-0.174 | mean_robot_dist=inf | raw_reward=20.000 | adjusted_reward=20.000 | coop_agents=0/5 | mean_coop_neighbors=0.00 | active_neighbor_step_rate=0.980 | mean_active_neighbors_step=2.640 | max_active_neighbors_step=4 | interaction_reward=0.0000 | abs_interaction_reward=0.0000 | anti_stag_reward=0.0000 | abs_anti_stag_reward=0.0000 | wall_clear_reward=0.0000 | abs_wall_clear_reward=0.0000 | local_nav_reward=0.0000 | abs_local_nav_reward=0.0000 | robot_proximity_reward=-0.7067 | abs_robot_proximity_reward=0.7067 | robot_clearance_reward=0.0400 | context_neighbors_mean=2.76 | context_neighbors_max=4 | last_context_neighbors_mean=0.00 | last_context_neighbors_max=0 | actor_unlocked=0 | expl_noise=0.0799 | replay=216 | interaction_replay=109 | samples/sec=9.095
Episode 4 complete | agent_samples=334 | env_steps=152 | episode_env_steps=46 | episode_agent_samples=118 | mean_reward=127.940 | success=5/5 | collision=0/5 | mean_final_distance=0.254 | mean_progress=0.0165 | min_laser=0.381 | mean_lin=0.997 | mean_ang=-0.468 | mean_robot_dist=inf | raw_reward=20.000 | adjusted_reward=20.000 | coop_agents=0/5 | mean_coop_neighbors=0.00 | active_neighbor_step_rate=0.475 | mean_active_neighbors_step=0.814 | max_active_neighbors_step=3 | interaction_reward=0.0000 | abs_interaction_reward=0.0000 | anti_stag_reward=0.0000 | abs_anti_stag_reward=0.0000 | wall_clear_reward=0.0000 | abs_wall_clear_reward=0.0000 | local_nav_reward=0.0000 | abs_local_nav_reward=0.0000 | robot_proximity_reward=-0.0506 | abs_robot_proximity_reward=0.0506 | robot_clearance_reward=0.0578 | context_neighbors_mean=0.84 | context_neighbors_max=3 | last_context_neighbors_mean=0.00 | last_context_neighbors_max=0 | actor_unlocked=0 | expl_noise=0.0799 | replay=334 | interaction_replay=158 | samples/sec=9.886
Episode 5 complete | agent_samples=403 | env_steps=174 | episode_env_steps=22 | episode_agent_samples=69 | mean_reward=113.346 | success=5/5 | collision=0/5 | mean_final_distance=0.241 | mean_progress=0.0013 | min_laser=0.791 | mean_lin=0.762 | mean_ang=0.196 | mean_robot_dist=inf | raw_reward=20.000 | adjusted_reward=20.000 | coop_agents=0/5 | mean_coop_neighbors=0.00 | active_neighbor_step_rate=0.855 | mean_active_neighbors_step=2.449 | max_active_neighbors_step=4 | interaction_reward=0.0000 | abs_interaction_reward=0.0000 | anti_stag_reward=0.0000 | abs_anti_stag_reward=0.0000 | wall_clear_reward=0.0000 | abs_wall_clear_reward=0.0000 | local_nav_reward=0.0000 | abs_local_nav_reward=0.0000 | robot_proximity_reward=0.0000 | abs_robot_proximity_reward=0.0000 | robot_clearance_reward=0.0000 | context_neighbors_mean=2.48 | context_neighbors_max=4 | last_context_neighbors_mean=0.00 | last_context_neighbors_max=0 | actor_unlocked=0 | expl_noise=0.0799 | replay=403 | interaction_replay=178 | samples/sec=10.445
Status | epoch=1 | next_eval_in=19597 agent_samples | checkpoint_every=10 episodes | checkpoint=./checkpoints/interaction_focused_actor_from_e7_fullstrong_balanced_v2_s20260726_latest.pt | model=interaction_focused_actor_from_e7_fullstrong_balanced_v2_s20260726
Coverage | unique_train_scenarios=5/2560 | deep=2 | close=2 | margin=1
Episode 6 complete | agent_samples=585 | env_steps=261 | episode_env_steps=87 | episode_agent_samples=182 | mean_reward=123.308 | success=5/5 | collision=0/5 | mean_final_distance=0.286 | mean_progress=0.0041 | min_laser=0.364 | mean_lin=0.600 | mean_ang=-0.596 | mean_robot_dist=inf | raw_reward=20.000 | adjusted_reward=20.000 | coop_agents=0/5 | mean_coop_neighbors=0.00 | active_neighbor_step_rate=0.495 | mean_active_neighbors_step=1.027 | max_active_neighbors_step=4 | interaction_reward=0.0000 | abs_interaction_reward=0.0000 | anti_stag_reward=0.0000 | abs_anti_stag_reward=0.0000 | wall_clear_reward=0.0000 | abs_wall_clear_reward=0.0000 | local_nav_reward=0.0000 | abs_local_nav_reward=0.0000 | robot_proximity_reward=0.0000 | abs_robot_proximity_reward=0.0000 | robot_clearance_reward=0.0000 | context_neighbors_mean=1.05 | context_neighbors_max=4 | last_context_neighbors_mean=0.00 | last_context_neighbors_max=0 | actor_unlocked=0 | expl_noise=0.0798 | replay=585 | interaction_replay=213 | samples/sec=10.160
Episode 7 complete | agent_samples=691 | env_steps=298 | episode_env_steps=37 | episode_agent_samples=106 | mean_reward=81.922 | success=4/5 | collision=1/5 | mean_final_distance=0.333 | mean_progress=0.0236 | min_laser=0.342 | mean_lin=0.760 | mean_ang=-0.412 | mean_robot_dist=inf | raw_reward=20.000 | adjusted_reward=20.000 | coop_agents=0/5 | mean_coop_neighbors=0.00 | active_neighbor_step_rate=0.811 | mean_active_neighbors_step=2.245 | max_active_neighbors_step=4 | interaction_reward=0.0000 | abs_interaction_reward=0.0000 | anti_stag_reward=0.0000 | abs_anti_stag_reward=0.0000 | wall_clear_reward=0.0000 | abs_wall_clear_reward=0.0000 | local_nav_reward=0.0000 | abs_local_nav_reward=0.0000 | robot_proximity_reward=-0.5788 | abs_robot_proximity_reward=0.5788 | robot_clearance_reward=0.0560 | context_neighbors_mean=2.26 | context_neighbors_max=4 | last_context_neighbors_mean=0.00 | last_context_neighbors_max=0 | actor_unlocked=0 | expl_noise=0.0798 | replay=691 | interaction_replay=261 | samples/sec=10.522
Episode 8 complete | agent_samples=780 | env_steps=324 | episode_env_steps=26 | episode_agent_samples=89 | mean_reward=48.760 | success=4/5 | collision=1/5 | mean_final_distance=0.503 | mean_progress=0.0058 | min_laser=0.342 | mean_lin=0.613 | mean_ang=0.597 | mean_robot_dist=inf | raw_reward=20.000 | adjusted_reward=20.000 | coop_agents=0/5 | mean_coop_neighbors=0.00 | active_neighbor_step_rate=0.820 | mean_active_neighbors_step=2.124 | max_active_neighbors_step=4 | interaction_reward=0.0000 | abs_interaction_reward=0.0000 | anti_stag_reward=0.0000 | abs_anti_stag_reward=0.0000 | wall_clear_reward=0.0000 | abs_wall_clear_reward=0.0000 | local_nav_reward=0.0000 | abs_local_nav_reward=0.0000 | robot_proximity_reward=-1.5020 | abs_robot_proximity_reward=1.5020 | robot_clearance_reward=0.0842 | context_neighbors_mean=2.22 | context_neighbors_max=4 | last_context_neighbors_mean=0.00 | last_context_neighbors_max=0 | actor_unlocked=0 | expl_noise=0.0798 | replay=780 | interaction_replay=338 | samples/sec=10.920
Episode 9 complete | agent_samples=883 | env_steps=354 | episode_env_steps=30 | episode_agent_samples=103 | mean_reward=122.718 | success=5/5 | collision=0/5 | mean_final_distance=0.233 | mean_progress=0.0235 | min_laser=0.568 | mean_lin=0.972 | mean_ang=0.252 | mean_robot_dist=inf | raw_reward=20.000 | adjusted_reward=20.000 | coop_agents=0/5 | mean_coop_neighbors=0.00 | active_neighbor_step_rate=0.757 | mean_active_neighbors_step=1.291 | max_active_neighbors_step=4 | interaction_reward=0.0000 | abs_interaction_reward=0.0000 | anti_stag_reward=0.0000 | abs_anti_stag_reward=0.0000 | wall_clear_reward=0.0000 | abs_wall_clear_reward=0.0000 | local_nav_reward=0.0000 | abs_local_nav_reward=0.0000 | robot_proximity_reward=-0.1881 | abs_robot_proximity_reward=0.1881 | robot_clearance_reward=0.0000 | context_neighbors_mean=1.32 | context_neighbors_max=4 | last_context_neighbors_mean=0.00 | last_context_neighbors_max=0 | actor_unlocked=0 | expl_noise=0.0798 | replay=883 | interaction_replay=390 | samples/sec=11.315
Episode 10 complete | agent_samples=985 | env_steps=389 | episode_env_steps=35 | episode_agent_samples=102 | mean_reward=119.583 | success=5/5 | collision=0/5 | mean_final_distance=0.263 | mean_progress=0.0111 | min_laser=0.628 | mean_lin=0.997 | mean_ang=-0.314 | mean_robot_dist=inf | raw_reward=20.000 | adjusted_reward=20.000 | coop_agents=0/5 | mean_coop_neighbors=0.00 | active_neighbor_step_rate=0.618 | mean_active_neighbors_step=1.235 | max_active_neighbors_step=4 | interaction_reward=0.0000 | abs_interaction_reward=0.0000 | anti_stag_reward=0.0000 | abs_anti_stag_reward=0.0000 | wall_clear_reward=0.0000 | abs_wall_clear_reward=0.0000 | local_nav_reward=0.0000 | abs_local_nav_reward=0.0000 | robot_proximity_reward=-0.1704 | abs_robot_proximity_reward=0.1704 | robot_clearance_reward=0.0728 | context_neighbors_mean=1.30 | context_neighbors_max=4 | last_context_neighbors_mean=0.00 | last_context_neighbors_max=0 | actor_unlocked=0 | expl_noise=0.0798 | replay=985 | interaction_replay=452 | samples/sec=11.496
Status | epoch=1 | next_eval_in=19015 agent_samples | checkpoint_every=10 episodes | checkpoint=./checkpoints/interaction_focused_actor_from_e7_fullstrong_balanced_v2_s20260726_latest.pt | model=interaction_focused_actor_from_e7_fullstrong_balanced_v2_s20260726
Coverage | unique_train_scenarios=10/2560 | deep=4 | close=4 | margin=2
Checkpoint saved: ./checkpoints/interaction_focused_actor_from_e7_fullstrong_balanced_v2_s20260726_latest.pt
Episode 11 complete | agent_samples=1082 | env_steps=423 | episode_env_steps=34 | episode_agent_samples=97 | mean_reward=121.849 | success=5/5 | collision=0/5 | mean_final_distance=0.234 | mean_progress=0.0125 | min_laser=0.581 | mean_lin=1.000 | mean_ang=0.589 | mean_robot_dist=inf | raw_reward=20.000 | adjusted_reward=20.000 | coop_agents=0/5 | mean_coop_neighbors=0.00 | active_neighbor_step_rate=0.670 | mean_active_neighbors_step=1.495 | max_active_neighbors_step=4 | interaction_reward=0.0000 | abs_interaction_reward=0.0000 | anti_stag_reward=0.0000 | abs_anti_stag_reward=0.0000 | wall_clear_reward=0.0000 | abs_wall_clear_reward=0.0000 | local_nav_reward=0.0000 | abs_local_nav_reward=0.0000 | robot_proximity_reward=-0.3930 | abs_robot_proximity_reward=0.3930 | robot_clearance_reward=0.0386 | context_neighbors_mean=1.55 | context_neighbors_max=4 | last_context_neighbors_mean=0.00 | last_context_neighbors_max=0 | actor_unlocked=0 | expl_noise=0.0797 | replay=1082 | interaction_replay=510 | samples/sec=11.610
Episode 12 complete | agent_samples=1208 | env_steps=463 | episode_env_steps=40 | episode_agent_samples=126 | mean_reward=106.873 | success=5/5 | collision=0/5 | mean_final_distance=0.242 | mean_progress=0.0173 | min_laser=0.418 | mean_lin=1.000 | mean_ang=-0.202 | mean_robot_dist=inf | raw_reward=20.000 | adjusted_reward=20.000 | coop_agents=0/5 | mean_coop_neighbors=0.00 | active_neighbor_step_rate=0.516 | mean_active_neighbors_step=1.190 | max_active_neighbors_step=4 | interaction_reward=0.0000 | abs_interaction_reward=0.0000 | anti_stag_reward=0.0000 | abs_anti_stag_reward=0.0000 | wall_clear_reward=0.0000 | abs_wall_clear_reward=0.0000 | local_nav_reward=0.0000 | abs_local_nav_reward=0.0000 | robot_proximity_reward=-0.4072 | abs_robot_proximity_reward=0.4072 | robot_clearance_reward=0.0317 | context_neighbors_mean=1.21 | context_neighbors_max=4 | last_context_neighbors_mean=0.00 | last_context_neighbors_max=0 | actor_unlocked=0 | expl_noise=0.0797 | replay=1208 | interaction_replay=538 | samples/sec=11.840
Episode 13 complete | agent_samples=1385 | env_steps=582 | episode_env_steps=119 | episode_agent_samples=177 | mean_reward=117.285 | success=5/5 | collision=0/5 | mean_final_distance=0.253 | mean_progress=0.0143 | min_laser=0.607 | mean_lin=0.622 | mean_ang=-0.366 | mean_robot_dist=inf | raw_reward=20.000 | adjusted_reward=20.000 | coop_agents=0/5 | mean_coop_neighbors=0.00 | active_neighbor_step_rate=0.395 | mean_active_neighbors_step=0.672 | max_active_neighbors_step=3 | interaction_reward=0.0000 | abs_interaction_reward=0.0000 | anti_stag_reward=0.0000 | abs_anti_stag_reward=0.0000 | wall_clear_reward=0.0000 | abs_wall_clear_reward=0.0000 | local_nav_reward=0.0000 | abs_local_nav_reward=0.0000 | robot_proximity_reward=-0.0822 | abs_robot_proximity_reward=0.0822 | robot_clearance_reward=0.0000 | context_neighbors_mean=0.68 | context_neighbors_max=3 | last_context_neighbors_mean=0.00 | last_context_neighbors_max=0 | actor_unlocked=0 | expl_noise=0.0796 | replay=1385 | interaction_replay=607 | samples/sec=10.845
Episode 14 complete | agent_samples=1537 | env_steps=629 | episode_env_steps=47 | episode_agent_samples=152 | mean_reward=115.052 | success=5/5 | collision=0/5 | mean_final_distance=0.277 | mean_progress=0.0102 | min_laser=0.547 | mean_lin=0.800 | mean_ang=-0.590 | mean_robot_dist=inf | raw_reward=20.000 | adjusted_reward=20.000 | coop_agents=0/5 | mean_coop_neighbors=0.00 | active_neighbor_step_rate=0.717 | mean_active_neighbors_step=1.664 | max_active_neighbors_step=4 | interaction_reward=0.0000 | abs_interaction_reward=0.0000 | anti_stag_reward=0.0000 | abs_anti_stag_reward=0.0000 | wall_clear_reward=0.0000 | abs_wall_clear_reward=0.0000 | local_nav_reward=0.0000 | abs_local_nav_reward=0.0000 | robot_proximity_reward=-0.2019 | abs_robot_proximity_reward=0.2019 | robot_clearance_reward=0.0132 | context_neighbors_mean=1.71 | context_neighbors_max=4 | last_context_neighbors_mean=0.00 | last_context_neighbors_max=0 | actor_unlocked=0 | expl_noise=0.0796 | replay=1537 | interaction_replay=627 | samples/sec=11.142
Episode 15 complete | agent_samples=1652 | env_steps=675 | episode_env_steps=46 | episode_agent_samples=115 | mean_reward=24.525 | success=3/5 | collision=2/5 | mean_final_distance=0.433 | mean_progress=0.0001 | min_laser=0.338 | mean_lin=0.461 | mean_ang=0.625 | mean_robot_dist=inf | raw_reward=-20.000 | adjusted_reward=-20.000 | coop_agents=0/5 | mean_coop_neighbors=0.00 | active_neighbor_step_rate=0.800 | mean_active_neighbors_step=1.487 | max_active_neighbors_step=4 | interaction_reward=0.0000 | abs_interaction_reward=0.0000 | anti_stag_reward=0.0000 | abs_anti_stag_reward=0.0000 | wall_clear_reward=0.0000 | abs_wall_clear_reward=0.0000 | local_nav_reward=0.0000 | abs_local_nav_reward=0.0000 | robot_proximity_reward=-0.8362 | abs_robot_proximity_reward=0.8362 | robot_clearance_reward=0.0407 | context_neighbors_mean=1.50 | context_neighbors_max=4 | last_context_neighbors_mean=0.00 | last_context_neighbors_max=0 | actor_unlocked=0 | expl_noise=0.0796 | replay=1652 | interaction_replay=719 | samples/sec=11.169
Status | epoch=1 | next_eval_in=18348 agent_samples | checkpoint_every=10 episodes | checkpoint=./checkpoints/interaction_focused_actor_from_e7_fullstrong_balanced_v2_s20260726_latest.pt | model=interaction_focused_actor_from_e7_fullstrong_balanced_v2_s20260726
Coverage | unique_train_scenarios=15/2560 | deep=6 | close=6 | margin=3
Episode 16 complete | agent_samples=1804 | env_steps=746 | episode_env_steps=71 | episode_agent_samples=152 | mean_reward=27.222 | success=3/5 | collision=2/5 | mean_final_distance=0.398 | mean_progress=0.0065 | min_laser=0.300 | mean_lin=0.817 | mean_ang=-0.112 | mean_robot_dist=inf | raw_reward=20.000 | adjusted_reward=20.000 | coop_agents=0/5 | mean_coop_neighbors=0.00 | active_neighbor_step_rate=0.500 | mean_active_neighbors_step=1.046 | max_active_neighbors_step=4 | interaction_reward=0.0000 | abs_interaction_reward=0.0000 | anti_stag_reward=0.0000 | abs_anti_stag_reward=0.0000 | wall_clear_reward=0.0000 | abs_wall_clear_reward=0.0000 | local_nav_reward=0.0000 | abs_local_nav_reward=0.0000 | robot_proximity_reward=-0.1505 | abs_robot_proximity_reward=0.1505 | robot_clearance_reward=0.0000 | context_neighbors_mean=1.09 | context_neighbors_max=4 | last_context_neighbors_mean=0.00 | last_context_neighbors_max=0 | actor_unlocked=0 | expl_noise=0.0795 | replay=1804 | interaction_replay=763 | samples/sec=11.043
Episode 17 complete | agent_samples=1856 | env_steps=761 | episode_env_steps=15 | episode_agent_samples=52 | mean_reward=17.199 | success=3/5 | collision=2/5 | mean_final_distance=0.541 | mean_progress=0.0110 | min_laser=0.300 | mean_lin=0.586 | mean_ang=-0.850 | mean_robot_dist=inf | raw_reward=20.000 | adjusted_reward=20.000 | coop_agents=0/5 | mean_coop_neighbors=0.00 | active_neighbor_step_rate=0.923 | mean_active_neighbors_step=2.558 | max_active_neighbors_step=4 | interaction_reward=0.0000 | abs_interaction_reward=0.0000 | anti_stag_reward=0.0000 | abs_anti_stag_reward=0.0000 | wall_clear_reward=0.0000 | abs_wall_clear_reward=0.0000 | local_nav_reward=0.0000 | abs_local_nav_reward=0.0000 | robot_proximity_reward=-1.0966 | abs_robot_proximity_reward=1.0966 | robot_clearance_reward=0.0769 | context_neighbors_mean=2.65 | context_neighbors_max=4 | last_context_neighbors_mean=0.00 | last_context_neighbors_max=0 | actor_unlocked=0 | expl_noise=0.0795 | replay=1856 | interaction_replay=807 | samples/sec=11.135
Episode 18 complete | agent_samples=1953 | env_steps=788 | episode_env_steps=27 | episode_agent_samples=97 | mean_reward=75.545 | success=4/5 | collision=1/5 | mean_final_distance=0.438 | mean_progress=0.0232 | min_laser=0.345 | mean_lin=0.797 | mean_ang=0.183 | mean_robot_dist=inf | raw_reward=-20.000 | adjusted_reward=-20.000 | coop_agents=0/5 | mean_coop_neighbors=0.00 | active_neighbor_step_rate=0.794 | mean_active_neighbors_step=2.175 | max_active_neighbors_step=4 | interaction_reward=0.0000 | abs_interaction_reward=0.0000 | anti_stag_reward=0.0000 | abs_anti_stag_reward=0.0000 | wall_clear_reward=0.0000 | abs_wall_clear_reward=0.0000 | local_nav_reward=0.0000 | abs_local_nav_reward=0.0000 | robot_proximity_reward=-0.3433 | abs_robot_proximity_reward=0.3433 | robot_clearance_reward=0.0000 | context_neighbors_mean=2.20 | context_neighbors_max=4 | last_context_neighbors_mean=0.00 | last_context_neighbors_max=0 | actor_unlocked=0 | expl_noise=0.0795 | replay=1953 | interaction_replay=841 | samples/sec=11.311
Episode 19 complete | agent_samples=2070 | env_steps=820 | episode_env_steps=32 | episode_agent_samples=117 | mean_reward=104.921 | success=5/5 | collision=0/5 | mean_final_distance=0.249 | mean_progress=0.0137 | min_laser=0.444 | mean_lin=0.976 | mean_ang=0.661 | mean_robot_dist=inf | raw_reward=20.000 | adjusted_reward=20.000 | coop_agents=0/5 | mean_coop_neighbors=0.00 | active_neighbor_step_rate=0.803 | mean_active_neighbors_step=2.043 | max_active_neighbors_step=4 | interaction_reward=0.0000 | abs_interaction_reward=0.0000 | anti_stag_reward=0.0000 | abs_anti_stag_reward=0.0000 | wall_clear_reward=0.0000 | abs_wall_clear_reward=0.0000 | local_nav_reward=0.0000 | abs_local_nav_reward=0.0000 | robot_proximity_reward=-1.0286 | abs_robot_proximity_reward=1.0286 | robot_clearance_reward=0.1520 | context_neighbors_mean=2.11 | context_neighbors_max=4 | last_context_neighbors_mean=0.00 | last_context_neighbors_max=0 | actor_unlocked=0 | expl_noise=0.0795 | replay=2070 | interaction_replay=936 | samples/sec=11.523
Episode 20 complete | agent_samples=2211 | env_steps=867 | episode_env_steps=47 | episode_agent_samples=141 | mean_reward=128.049 | success=5/5 | collision=0/5 | mean_final_distance=0.277 | mean_progress=0.0113 | min_laser=0.574 | mean_lin=1.000 | mean_ang=-0.600 | mean_robot_dist=inf | raw_reward=20.000 | adjusted_reward=20.000 | coop_agents=0/5 | mean_coop_neighbors=0.00 | active_neighbor_step_rate=0.674 | mean_active_neighbors_step=1.404 | max_active_neighbors_step=3 | interaction_reward=0.0000 | abs_interaction_reward=0.0000 | anti_stag_reward=0.0000 | abs_anti_stag_reward=0.0000 | wall_clear_reward=0.0000 | abs_wall_clear_reward=0.0000 | local_nav_reward=0.0000 | abs_local_nav_reward=0.0000 | robot_proximity_reward=-0.1416 | abs_robot_proximity_reward=0.1416 | robot_clearance_reward=0.0521 | context_neighbors_mean=1.40 | context_neighbors_max=3 | last_context_neighbors_mean=0.00 | last_context_neighbors_max=0 | actor_unlocked=0 | expl_noise=0.0795 | replay=2211 | interaction_replay=1012 | samples/sec=11.641
Status | epoch=1 | next_eval_in=17789 agent_samples | checkpoint_every=10 episodes | checkpoint=./checkpoints/interaction_focused_actor_from_e7_fullstrong_balanced_v2_s20260726_latest.pt | model=interaction_focused_actor_from_e7_fullstrong_balanced_v2_s20260726
Coverage | unique_train_scenarios=20/2560 | deep=8 | close=8 | margin=4
Checkpoint saved: ./checkpoints/interaction_focused_actor_from_e7_fullstrong_balanced_v2_s20260726_latest.pt
Episode 21 complete | agent_samples=2269 | env_steps=885 | episode_env_steps=18 | episode_agent_samples=58 | mean_reward=21.477 | success=3/5 | collision=2/5 | mean_final_distance=0.506 | mean_progress=0.0002 | min_laser=0.300 | mean_lin=0.787 | mean_ang=0.541 | mean_robot_dist=inf | raw_reward=20.000 | adjusted_reward=20.000 | coop_agents=0/5 | mean_coop_neighbors=0.00 | active_neighbor_step_rate=0.655 | mean_active_neighbors_step=1.638 | max_active_neighbors_step=4 | interaction_reward=0.0000 | abs_interaction_reward=0.0000 | anti_stag_reward=0.0000 | abs_anti_stag_reward=0.0000 | wall_clear_reward=0.0000 | abs_wall_clear_reward=0.0000 | local_nav_reward=0.0000 | abs_local_nav_reward=0.0000 | robot_proximity_reward=-0.8059 | abs_robot_proximity_reward=0.8059 | robot_clearance_reward=0.0000 | context_neighbors_mean=1.69 | context_neighbors_max=4 | last_context_neighbors_mean=0.00 | last_context_neighbors_max=0 | actor_unlocked=0 | expl_noise=0.0794 | replay=2269 | interaction_replay=1050 | samples/sec=11.695
Episode 22 complete | agent_samples=2356 | env_steps=915 | episode_env_steps=30 | episode_agent_samples=87 | mean_reward=59.668 | success=4/5 | collision=1/5 | mean_final_distance=0.469 | mean_progress=0.0118 | min_laser=0.320 | mean_lin=0.629 | mean_ang=0.237 | mean_robot_dist=inf | raw_reward=20.000 | adjusted_reward=20.000 | coop_agents=0/5 | mean_coop_neighbors=0.00 | active_neighbor_step_rate=0.851 | mean_active_neighbors_step=2.069 | max_active_neighbors_step=4 | interaction_reward=0.0000 | abs_interaction_reward=0.0000 | anti_stag_reward=0.0000 | abs_anti_stag_reward=0.0000 | wall_clear_reward=0.0000 | abs_wall_clear_reward=0.0000 | local_nav_reward=0.0000 | abs_local_nav_reward=0.0000 | robot_proximity_reward=-0.7346 | abs_robot_proximity_reward=0.7346 | robot_clearance_reward=0.0000 | context_neighbors_mean=2.09 | context_neighbors_max=4 | last_context_neighbors_mean=0.00 | last_context_neighbors_max=0 | actor_unlocked=0 | expl_noise=0.0794 | replay=2356 | interaction_replay=1123 | samples/sec=11.743
Episode 23 complete | agent_samples=2433 | env_steps=938 | episode_env_steps=23 | episode_agent_samples=77 | mean_reward=123.066 | success=5/5 | collision=0/5 | mean_final_distance=0.243 | mean_progress=0.0237 | min_laser=0.636 | mean_lin=1.000 | mean_ang=-0.212 | mean_robot_dist=inf | raw_reward=20.000 | adjusted_reward=20.000 | coop_agents=0/5 | mean_coop_neighbors=0.00 | active_neighbor_step_rate=0.857 | mean_active_neighbors_step=2.000 | max_active_neighbors_step=4 | interaction_reward=0.0000 | abs_interaction_reward=0.0000 | anti_stag_reward=0.0000 | abs_anti_stag_reward=0.0000 | wall_clear_reward=0.0000 | abs_wall_clear_reward=0.0000 | local_nav_reward=0.0000 | abs_local_nav_reward=0.0000 | robot_proximity_reward=0.0000 | abs_robot_proximity_reward=0.0000 | robot_clearance_reward=0.0000 | context_neighbors_mean=2.03 | context_neighbors_max=4 | last_context_neighbors_mean=0.00 | last_context_neighbors_max=0 | actor_unlocked=0 | expl_noise=0.0794 | replay=2433 | interaction_replay=1166 | samples/sec=11.828
Episode 24 complete | agent_samples=2535 | env_steps=973 | episode_env_steps=35 | episode_agent_samples=102 | mean_reward=109.932 | success=5/5 | collision=0/5 | mean_final_distance=0.246 | mean_progress=0.0122 | min_laser=0.405 | mean_lin=0.811 | mean_ang=-0.240 | mean_robot_dist=inf | raw_reward=20.000 | adjusted_reward=20.000 | coop_agents=0/5 | mean_coop_neighbors=0.00 | active_neighbor_step_rate=0.618 | mean_active_neighbors_step=1.363 | max_active_neighbors_step=4 | interaction_reward=0.0000 | abs_interaction_reward=0.0000 | anti_stag_reward=0.0000 | abs_anti_stag_reward=0.0000 | wall_clear_reward=0.0000 | abs_wall_clear_reward=0.0000 | local_nav_reward=0.0000 | abs_local_nav_reward=0.0000 | robot_proximity_reward=-0.6187 | abs_robot_proximity_reward=0.6187 | robot_clearance_reward=0.0992 | context_neighbors_mean=1.40 | context_neighbors_max=4 | last_context_neighbors_mean=0.00 | last_context_neighbors_max=0 | actor_unlocked=0 | expl_noise=0.0794 | replay=2535 | interaction_replay=1213 | samples/sec=11.879
Episode 25 complete | agent_samples=2688 | env_steps=1057 | episode_env_steps=84 | episode_agent_samples=153 | mean_reward=119.078 | success=5/5 | collision=0/5 | mean_final_distance=0.263 | mean_progress=0.0050 | min_laser=0.623 | mean_lin=0.809 | mean_ang=-0.221 | mean_robot_dist=inf | raw_reward=20.000 | adjusted_reward=20.000 | coop_agents=0/5 | mean_coop_neighbors=0.00 | active_neighbor_step_rate=0.405 | mean_active_neighbors_step=0.758 | max_active_neighbors_step=4 | interaction_reward=0.0000 | abs_interaction_reward=0.0000 | anti_stag_reward=0.0000 | abs_anti_stag_reward=0.0000 | wall_clear_reward=0.0000 | abs_wall_clear_reward=0.0000 | local_nav_reward=0.0000 | abs_local_nav_reward=0.0000 | robot_proximity_reward=-0.0338 | abs_robot_proximity_reward=0.0338 | robot_clearance_reward=0.0131 | context_neighbors_mean=0.76 | context_neighbors_max=4 | last_context_neighbors_mean=0.00 | last_context_neighbors_max=0 | actor_unlocked=0 | expl_noise=0.0793 | replay=2688 | interaction_replay=1243 | samples/sec=11.614
Status | epoch=1 | next_eval_in=17312 agent_samples | checkpoint_every=10 episodes | checkpoint=./checkpoints/interaction_focused_actor_from_e7_fullstrong_balanced_v2_s20260726_latest.pt | model=interaction_focused_actor_from_e7_fullstrong_balanced_v2_s20260726
Coverage | unique_train_scenarios=25/2560 | deep=10 | close=10 | margin=5
Episode 26 complete | agent_samples=2810 | env_steps=1112 | episode_env_steps=55 | episode_agent_samples=122 | mean_reward=107.809 | success=5/5 | collision=0/5 | mean_final_distance=0.251 | mean_progress=0.0104 | min_laser=0.525 | mean_lin=0.813 | mean_ang=0.157 | mean_robot_dist=inf | raw_reward=20.000 | adjusted_reward=20.000 | coop_agents=0/5 | mean_coop_neighbors=0.00 | active_neighbor_step_rate=0.631 | mean_active_neighbors_step=1.500 | max_active_neighbors_step=4 | interaction_reward=0.0000 | abs_interaction_reward=0.0000 | anti_stag_reward=0.0000 | abs_anti_stag_reward=0.0000 | wall_clear_reward=0.0000 | abs_wall_clear_reward=0.0000 | local_nav_reward=0.0000 | abs_local_nav_reward=0.0000 | robot_proximity_reward=-0.2412 | abs_robot_proximity_reward=0.2412 | robot_clearance_reward=0.0233 | context_neighbors_mean=1.53 | context_neighbors_max=4 | last_context_neighbors_mean=0.00 | last_context_neighbors_max=0 | actor_unlocked=0 | expl_noise=0.0793 | replay=2810 | interaction_replay=1273 | samples/sec=11.547
Episode 27 complete | agent_samples=2923 | env_steps=1160 | episode_env_steps=48 | episode_agent_samples=113 | mean_reward=57.968 | success=4/5 | collision=1/5 | mean_final_distance=0.319 | mean_progress=0.0110 | min_laser=0.343 | mean_lin=0.765 | mean_ang=0.438 | mean_robot_dist=inf | raw_reward=20.000 | adjusted_reward=20.000 | coop_agents=0/5 | mean_coop_neighbors=0.00 | active_neighbor_step_rate=0.708 | mean_active_neighbors_step=1.513 | max_active_neighbors_step=4 | interaction_reward=0.0000 | abs_interaction_reward=0.0000 | anti_stag_reward=0.0000 | abs_anti_stag_reward=0.0000 | wall_clear_reward=0.0000 | abs_wall_clear_reward=0.0000 | local_nav_reward=0.0000 | abs_local_nav_reward=0.0000 | robot_proximity_reward=-0.7961 | abs_robot_proximity_reward=0.7961 | robot_clearance_reward=0.0774 | context_neighbors_mean=1.54 | context_neighbors_max=4 | last_context_neighbors_mean=0.00 | last_context_neighbors_max=0 | actor_unlocked=0 | expl_noise=0.0793 | replay=2923 | interaction_replay=1343 | samples/sec=11.513
Episode 28 complete | agent_samples=3043 | env_steps=1194 | episode_env_steps=34 | episode_agent_samples=120 | mean_reward=64.164 | success=4/5 | collision=1/5 | mean_final_distance=0.374 | mean_progress=0.0388 | min_laser=0.348 | mean_lin=0.600 | mean_ang=-0.449 | mean_robot_dist=inf | raw_reward=40.000 | adjusted_reward=40.000 | coop_agents=0/5 | mean_coop_neighbors=0.00 | active_neighbor_step_rate=0.750 | mean_active_neighbors_step=1.642 | max_active_neighbors_step=4 | interaction_reward=0.0000 | abs_interaction_reward=0.0000 | anti_stag_reward=0.0000 | abs_anti_stag_reward=0.0000 | wall_clear_reward=0.0000 | abs_wall_clear_reward=0.0000 | local_nav_reward=0.0000 | abs_local_nav_reward=0.0000 | robot_proximity_reward=-0.4857 | abs_robot_proximity_reward=0.4857 | robot_clearance_reward=0.0024 | context_neighbors_mean=1.68 | context_neighbors_max=4 | last_context_neighbors_mean=0.00 | last_context_neighbors_max=0 | actor_unlocked=0 | expl_noise=0.0793 | replay=3043 | interaction_replay=1404 | samples/sec=11.643
Episode 29 complete | agent_samples=3181 | env_steps=1273 | episode_env_steps=79 | episode_agent_samples=138 | mean_reward=123.934 | success=5/5 | collision=0/5 | mean_final_distance=0.258 | mean_progress=0.0065 | min_laser=0.407 | mean_lin=0.970 | mean_ang=-0.187 | mean_robot_dist=inf | raw_reward=20.000 | adjusted_reward=20.000 | coop_agents=0/5 | mean_coop_neighbors=0.00 | active_neighbor_step_rate=0.413 | mean_active_neighbors_step=0.993 | max_active_neighbors_step=4 | interaction_reward=0.0000 | abs_interaction_reward=0.0000 | anti_stag_reward=0.0000 | abs_anti_stag_reward=0.0000 | wall_clear_reward=0.0000 | abs_wall_clear_reward=0.0000 | local_nav_reward=0.0000 | abs_local_nav_reward=0.0000 | robot_proximity_reward=-0.1113 | abs_robot_proximity_reward=0.1113 | robot_clearance_reward=0.0145 | context_neighbors_mean=1.04 | context_neighbors_max=4 | last_context_neighbors_mean=0.00 | last_context_neighbors_max=0 | actor_unlocked=0 | expl_noise=0.0792 | replay=3181 | interaction_replay=1419 | samples/sec=11.425
Episode 30 complete | agent_samples=3256 | env_steps=1304 | episode_env_steps=31 | episode_agent_samples=75 | mean_reward=116.284 | success=5/5 | collision=0/5 | mean_final_distance=0.247 | mean_progress=0.0146 | min_laser=0.491 | mean_lin=1.000 | mean_ang=-0.181 | mean_robot_dist=inf | raw_reward=20.000 | adjusted_reward=20.000 | coop_agents=0/5 | mean_coop_neighbors=0.00 | active_neighbor_step_rate=0.707 | mean_active_neighbors_step=1.360 | max_active_neighbors_step=4 | interaction_reward=0.0000 | abs_interaction_reward=0.0000 | anti_stag_reward=0.0000 | abs_anti_stag_reward=0.0000 | wall_clear_reward=0.0000 | abs_wall_clear_reward=0.0000 | local_nav_reward=0.0000 | abs_local_nav_reward=0.0000 | robot_proximity_reward=-0.1037 | abs_robot_proximity_reward=0.1037 | robot_clearance_reward=0.0281 | context_neighbors_mean=1.41 | context_neighbors_max=4 | last_context_neighbors_mean=0.00 | last_context_neighbors_max=0 | actor_unlocked=0 | expl_noise=0.0792 | replay=3256 | interaction_replay=1473 | samples/sec=11.418
Status | epoch=1 | next_eval_in=16744 agent_samples | checkpoint_every=10 episodes | checkpoint=./checkpoints/interaction_focused_actor_from_e7_fullstrong_balanced_v2_s20260726_latest.pt | model=interaction_focused_actor_from_e7_fullstrong_balanced_v2_s20260726
Coverage | unique_train_scenarios=30/2560 | deep=12 | close=12 | margin=6
Checkpoint saved: ./checkpoints/interaction_focused_actor_from_e7_fullstrong_balanced_v2_s20260726_latest.pt
Episode 31 complete | agent_samples=3311 | env_steps=1323 | episode_env_steps=19 | episode_agent_samples=55 | mean_reward=66.432 | success=4/5 | collision=1/5 | mean_final_distance=0.256 | mean_progress=0.0157 | min_laser=0.346 | mean_lin=0.611 | mean_ang=-0.543 | mean_robot_dist=inf | raw_reward=20.000 | adjusted_reward=20.000 | coop_agents=0/5 | mean_coop_neighbors=0.00 | active_neighbor_step_rate=0.709 | mean_active_neighbors_step=1.673 | max_active_neighbors_step=4 | interaction_reward=0.0000 | abs_interaction_reward=0.0000 | anti_stag_reward=0.0000 | abs_anti_stag_reward=0.0000 | wall_clear_reward=0.0000 | abs_wall_clear_reward=0.0000 | local_nav_reward=0.0000 | abs_local_nav_reward=0.0000 | robot_proximity_reward=-0.7816 | abs_robot_proximity_reward=0.7816 | robot_clearance_reward=0.0000 | context_neighbors_mean=1.73 | context_neighbors_max=4 | last_context_neighbors_mean=0.00 | last_context_neighbors_max=0 | actor_unlocked=0 | expl_noise=0.0792 | replay=3311 | interaction_replay=1512 | samples/sec=11.439
Episode 32 complete | agent_samples=3425 | env_steps=1360 | episode_env_steps=37 | episode_agent_samples=114 | mean_reward=64.159 | success=4/5 | collision=1/5 | mean_final_distance=0.505 | mean_progress=0.0218 | min_laser=0.350 | mean_lin=0.423 | mean_ang=-0.057 | mean_robot_dist=inf | raw_reward=20.000 | adjusted_reward=20.000 | coop_agents=0/5 | mean_coop_neighbors=0.00 | active_neighbor_step_rate=0.886 | mean_active_neighbors_step=1.982 | max_active_neighbors_step=4 | interaction_reward=0.0000 | abs_interaction_reward=0.0000 | anti_stag_reward=0.0000 | abs_anti_stag_reward=0.0000 | wall_clear_reward=0.0000 | abs_wall_clear_reward=0.0000 | local_nav_reward=0.0000 | abs_local_nav_reward=0.0000 | robot_proximity_reward=-0.4875 | abs_robot_proximity_reward=0.4875 | robot_clearance_reward=0.0853 | context_neighbors_mean=2.02 | context_neighbors_max=4 | last_context_neighbors_mean=0.00 | last_context_neighbors_max=0 | actor_unlocked=0 | expl_noise=0.0791 | replay=3425 | interaction_replay=1589 | samples/sec=11.509
Episode 33 complete | agent_samples=3513 | env_steps=1390 | episode_env_steps=30 | episode_agent_samples=88 | mean_reward=77.575 | success=4/5 | collision=1/5 | mean_final_distance=0.489 | mean_progress=0.0237 | min_laser=0.346 | mean_lin=0.856 | mean_ang=0.258 | mean_robot_dist=inf | raw_reward=20.000 | adjusted_reward=20.000 | coop_agents=0/5 | mean_coop_neighbors=0.00 | active_neighbor_step_rate=0.693 | mean_active_neighbors_step=1.750 | max_active_neighbors_step=4 | interaction_reward=0.0000 | abs_interaction_reward=0.0000 | anti_stag_reward=0.0000 | abs_anti_stag_reward=0.0000 | wall_clear_reward=0.0000 | abs_wall_clear_reward=0.0000 | local_nav_reward=0.0000 | abs_local_nav_reward=0.0000 | robot_proximity_reward=-0.3512 | abs_robot_proximity_reward=0.3512 | robot_clearance_reward=0.0038 | context_neighbors_mean=1.80 | context_neighbors_max=4 | last_context_neighbors_mean=0.00 | last_context_neighbors_max=0 | actor_unlocked=0 | expl_noise=0.0791 | replay=3513 | interaction_replay=1629 | samples/sec=11.549
Episode 34 complete | agent_samples=3569 | env_steps=1406 | episode_env_steps=16 | episode_agent_samples=56 | mean_reward=18.830 | success=3/5 | collision=2/5 | mean_final_distance=0.461 | mean_progress=0.0224 | min_laser=0.313 | mean_lin=0.777 | mean_ang=-0.018 | mean_robot_dist=inf | raw_reward=20.000 | adjusted_reward=20.000 | coop_agents=0/5 | mean_coop_neighbors=0.00 | active_neighbor_step_rate=0.875 | mean_active_neighbors_step=2.554 | max_active_neighbors_step=4 | interaction_reward=0.0000 | abs_interaction_reward=0.0000 | anti_stag_reward=0.0000 | abs_anti_stag_reward=0.0000 | wall_clear_reward=0.0000 | abs_wall_clear_reward=0.0000 | local_nav_reward=0.0000 | abs_local_nav_reward=0.0000 | robot_proximity_reward=-1.3677 | abs_robot_proximity_reward=1.3677 | robot_clearance_reward=0.0000 | context_neighbors_mean=2.59 | context_neighbors_max=4 | last_context_neighbors_mean=0.00 | last_context_neighbors_max=0 | actor_unlocked=0 | expl_noise=0.0791 | replay=3569 | interaction_replay=1679 | samples/sec=11.598
Episode 35 complete | agent_samples=3663 | env_steps=1440 | episode_env_steps=34 | episode_agent_samples=94 | mean_reward=112.610 | success=5/5 | collision=0/5 | mean_final_distance=0.234 | mean_progress=0.0164 | min_laser=0.776 | mean_lin=0.955 | mean_ang=0.446 | mean_robot_dist=inf | raw_reward=20.000 | adjusted_reward=20.000 | coop_agents=0/5 | mean_coop_neighbors=0.00 | active_neighbor_step_rate=0.713 | mean_active_neighbors_step=1.511 | max_active_neighbors_step=4 | interaction_reward=0.0000 | abs_interaction_reward=0.0000 | anti_stag_reward=0.0000 | abs_anti_stag_reward=0.0000 | wall_clear_reward=0.0000 | abs_wall_clear_reward=0.0000 | local_nav_reward=0.0000 | abs_local_nav_reward=0.0000 | robot_proximity_reward=-0.1380 | abs_robot_proximity_reward=0.1380 | robot_clearance_reward=0.0538 | context_neighbors_mean=1.59 | context_neighbors_max=4 | last_context_neighbors_mean=0.00 | last_context_neighbors_max=0 | actor_unlocked=0 | expl_noise=0.0791 | replay=3663 | interaction_replay=1738 | samples/sec=11.625
Status | epoch=1 | next_eval_in=16337 agent_samples | checkpoint_every=10 episodes | checkpoint=./checkpoints/interaction_focused_actor_from_e7_fullstrong_balanced_v2_s20260726_latest.pt | model=interaction_focused_actor_from_e7_fullstrong_balanced_v2_s20260726
Coverage | unique_train_scenarios=35/2560 | deep=14 | close=14 | margin=7
Episode 36 complete | agent_samples=3884 | env_steps=1615 | episode_env_steps=175 | episode_agent_samples=221 | mean_reward=-29.124 | success=2/5 | collision=3/5 | mean_final_distance=0.583 | mean_progress=0.0102 | min_laser=0.303 | mean_lin=0.818 | mean_ang=0.200 | mean_robot_dist=inf | raw_reward=20.000 | adjusted_reward=20.000 | coop_agents=0/5 | mean_coop_neighbors=0.00 | active_neighbor_step_rate=0.276 | mean_active_neighbors_step=0.778 | max_active_neighbors_step=4 | interaction_reward=0.0000 | abs_interaction_reward=0.0000 | anti_stag_reward=0.0000 | abs_anti_stag_reward=0.0000 | wall_clear_reward=0.0000 | abs_wall_clear_reward=0.0000 | local_nav_reward=0.0000 | abs_local_nav_reward=0.0000 | robot_proximity_reward=-0.3302 | abs_robot_proximity_reward=0.3302 | robot_clearance_reward=0.0181 | context_neighbors_mean=0.79 | context_neighbors_max=4 | last_context_neighbors_mean=0.00 | last_context_neighbors_max=0 | actor_unlocked=0 | expl_noise=0.0790 | replay=3884 | interaction_replay=1791 | samples/sec=11.006
Episode 37 complete | agent_samples=4051 | env_steps=1686 | episode_env_steps=71 | episode_agent_samples=167 | mean_reward=124.586 | success=5/5 | collision=0/5 | mean_final_distance=0.272 | mean_progress=0.0067 | min_laser=0.502 | mean_lin=0.994 | mean_ang=0.202 | mean_robot_dist=inf | raw_reward=20.000 | adjusted_reward=20.000 | coop_agents=0/5 | mean_coop_neighbors=0.00 | active_neighbor_step_rate=0.395 | mean_active_neighbors_step=0.814 | max_active_neighbors_step=4 | interaction_reward=0.0000 | abs_interaction_reward=0.0000 | anti_stag_reward=0.0000 | abs_anti_stag_reward=0.0000 | wall_clear_reward=0.0000 | abs_wall_clear_reward=0.0000 | local_nav_reward=0.0000 | abs_local_nav_reward=0.0000 | robot_proximity_reward=-0.0113 | abs_robot_proximity_reward=0.0113 | robot_clearance_reward=0.0072 | context_neighbors_mean=0.84 | context_neighbors_max=4 | last_context_neighbors_mean=0.00 | last_context_neighbors_max=0 | actor_unlocked=0 | expl_noise=0.0789 | replay=4051 | interaction_replay=1836 | samples/sec=10.996
Episode 38 complete | agent_samples=4163 | env_steps=1737 | episode_env_steps=51 | episode_agent_samples=112 | mean_reward=91.341 | success=5/5 | collision=0/5 | mean_final_distance=0.264 | mean_progress=0.0055 | min_laser=0.436 | mean_lin=0.844 | mean_ang=-0.493 | mean_robot_dist=inf | raw_reward=20.000 | adjusted_reward=20.000 | coop_agents=0/5 | mean_coop_neighbors=0.00 | active_neighbor_step_rate=0.688 | mean_active_neighbors_step=1.080 | max_active_neighbors_step=4 | interaction_reward=0.0000 | abs_interaction_reward=0.0000 | anti_stag_reward=0.0000 | abs_anti_stag_reward=0.0000 | wall_clear_reward=0.0000 | abs_wall_clear_reward=0.0000 | local_nav_reward=0.0000 | abs_local_nav_reward=0.0000 | robot_proximity_reward=-1.0793 | abs_robot_proximity_reward=1.0793 | robot_clearance_reward=0.0956 | context_neighbors_mean=1.12 | context_neighbors_max=4 | last_context_neighbors_mean=0.00 | last_context_neighbors_max=0 | actor_unlocked=0 | expl_noise=0.0789 | replay=4163 | interaction_replay=1913 | samples/sec=10.970
Episode 39 complete | agent_samples=4355 | env_steps=1864 | episode_env_steps=127 | episode_agent_samples=192 | mean_reward=112.674 | success=5/5 | collision=0/5 | mean_final_distance=0.272 | mean_progress=0.0003 | min_laser=0.596 | mean_lin=0.776 | mean_ang=-0.403 | mean_robot_dist=inf | raw_reward=20.000 | adjusted_reward=20.000 | coop_agents=0/5 | mean_coop_neighbors=0.00 | active_neighbor_step_rate=0.302 | mean_active_neighbors_step=0.448 | max_active_neighbors_step=3 | interaction_reward=0.0000 | abs_interaction_reward=0.0000 | anti_stag_reward=0.0000 | abs_anti_stag_reward=0.0000 | wall_clear_reward=0.0000 | abs_wall_clear_reward=0.0000 | local_nav_reward=0.0000 | abs_local_nav_reward=0.0000 | robot_proximity_reward=0.0000 | abs_robot_proximity_reward=0.0000 | robot_clearance_reward=0.0000 | context_neighbors_mean=0.45 | context_neighbors_max=3 | last_context_neighbors_mean=0.00 | last_context_neighbors_max=0 | actor_unlocked=0 | expl_noise=0.0788 | replay=4355 | interaction_replay=1939 | samples/sec=10.700
Episode 40 complete | agent_samples=4436 | env_steps=1898 | episode_env_steps=34 | episode_agent_samples=81 | mean_reward=115.659 | success=5/5 | collision=0/5 | mean_final_distance=0.264 | mean_progress=0.0138 | min_laser=0.442 | mean_lin=0.781 | mean_ang=0.038 | mean_robot_dist=inf | raw_reward=20.000 | adjusted_reward=20.000 | coop_agents=0/5 | mean_coop_neighbors=0.00 | active_neighbor_step_rate=0.667 | mean_active_neighbors_step=1.543 | max_active_neighbors_step=4 | interaction_reward=0.0000 | abs_interaction_reward=0.0000 | anti_stag_reward=0.0000 | abs_anti_stag_reward=0.0000 | wall_clear_reward=0.0000 | abs_wall_clear_reward=0.0000 | local_nav_reward=0.0000 | abs_local_nav_reward=0.0000 | robot_proximity_reward=-0.2693 | abs_robot_proximity_reward=0.2693 | robot_clearance_reward=0.0000 | context_neighbors_mean=1.58 | context_neighbors_max=4 | last_context_neighbors_mean=0.00 | last_context_neighbors_max=0 | actor_unlocked=0 | expl_noise=0.0788 | replay=4436 | interaction_replay=1987 | samples/sec=10.702
Status | epoch=1 | next_eval_in=15564 agent_samples | checkpoint_every=10 episodes | checkpoint=./checkpoints/interaction_focused_actor_from_e7_fullstrong_balanced_v2_s20260726_latest.pt | model=interaction_focused_actor_from_e7_fullstrong_balanced_v2_s20260726
Coverage | unique_train_scenarios=40/2560 | deep=16 | close=16 | margin=8
Checkpoint saved: ./checkpoints/interaction_focused_actor_from_e7_fullstrong_balanced_v2_s20260726_latest.pt
Episode 41 complete | agent_samples=4520 | env_steps=1936 | episode_env_steps=38 | episode_agent_samples=84 | mean_reward=71.272 | success=4/5 | collision=1/5 | mean_final_distance=0.323 | mean_progress=0.0197 | min_laser=0.348 | mean_lin=0.600 | mean_ang=0.220 | mean_robot_dist=inf | raw_reward=20.000 | adjusted_reward=20.000 | coop_agents=0/5 | mean_coop_neighbors=0.00 | active_neighbor_step_rate=0.619 | mean_active_neighbors_step=1.107 | max_active_neighbors_step=4 | interaction_reward=0.0000 | abs_interaction_reward=0.0000 | anti_stag_reward=0.0000 | abs_anti_stag_reward=0.0000 | wall_clear_reward=0.0000 | abs_wall_clear_reward=0.0000 | local_nav_reward=0.0000 | abs_local_nav_reward=0.0000 | robot_proximity_reward=-0.3106 | abs_robot_proximity_reward=0.3106 | robot_clearance_reward=0.0238 | context_neighbors_mean=1.11 | context_neighbors_max=4 | last_context_neighbors_mean=0.00 | last_context_neighbors_max=0 | actor_unlocked=0 | expl_noise=0.0788 | replay=4520 | interaction_replay=2033 | samples/sec=10.686
Episode 42 complete | agent_samples=4608 | env_steps=1979 | episode_env_steps=43 | episode_agent_samples=88 | mean_reward=115.312 | success=5/5 | collision=0/5 | mean_final_distance=0.246 | mean_progress=0.0187 | min_laser=0.554 | mean_lin=0.975 | mean_ang=0.354 | mean_robot_dist=inf | raw_reward=20.000 | adjusted_reward=20.000 | coop_agents=0/5 | mean_coop_neighbors=0.00 | active_neighbor_step_rate=0.636 | mean_active_neighbors_step=1.500 | max_active_neighbors_step=4 | interaction_reward=0.0000 | abs_interaction_reward=0.0000 | anti_stag_reward=0.0000 | abs_anti_stag_reward=0.0000 | wall_clear_reward=0.0000 | abs_wall_clear_reward=0.0000 | local_nav_reward=0.0000 | abs_local_nav_reward=0.0000 | robot_proximity_reward=-0.1402 | abs_robot_proximity_reward=0.1402 | robot_clearance_reward=0.0457 | context_neighbors_mean=1.55 | context_neighbors_max=4 | last_context_neighbors_mean=0.00 | last_context_neighbors_max=0 | actor_unlocked=0 | expl_noise=0.0788 | replay=4608 | interaction_replay=2053 | samples/sec=10.659
Episode 43 complete | agent_samples=4686 | env_steps=2006 | episode_env_steps=27 | episode_agent_samples=78 | mean_reward=29.699 | success=3/5 | collision=2/5 | mean_final_distance=0.587 | mean_progress=0.0173 | min_laser=0.301 | mean_lin=0.790 | mean_ang=0.367 | mean_robot_dist=inf | raw_reward=20.000 | adjusted_reward=20.000 | coop_agents=0/5 | mean_coop_neighbors=0.00 | active_neighbor_step_rate=0.744 | mean_active_neighbors_step=1.846 | max_active_neighbors_step=4 | interaction_reward=0.0000 | abs_interaction_reward=0.0000 | anti_stag_reward=0.0000 | abs_anti_stag_reward=0.0000 | wall_clear_reward=0.0000 | abs_wall_clear_reward=0.0000 | local_nav_reward=0.0000 | abs_local_nav_reward=0.0000 | robot_proximity_reward=-0.6302 | abs_robot_proximity_reward=0.6302 | robot_clearance_reward=0.0090 | context_neighbors_mean=1.90 | context_neighbors_max=4 | last_context_neighbors_mean=0.00 | last_context_neighbors_max=0 | actor_unlocked=0 | expl_noise=0.0787 | replay=4686 | interaction_replay=2078 | samples/sec=10.690
Episode 44 complete | agent_samples=4867 | env_steps=2101 | episode_env_steps=95 | episode_agent_samples=181 | mean_reward=62.422 | success=4/5 | collision=1/5 | mean_final_distance=0.357 | mean_progress=0.0056 | min_laser=0.343 | mean_lin=0.582 | mean_ang=-0.054 | mean_robot_dist=inf | raw_reward=20.000 | adjusted_reward=20.000 | coop_agents=0/5 | mean_coop_neighbors=0.00 | active_neighbor_step_rate=0.552 | mean_active_neighbors_step=1.099 | max_active_neighbors_step=4 | interaction_reward=0.0000 | abs_interaction_reward=0.0000 | anti_stag_reward=0.0000 | abs_anti_stag_reward=0.0000 | wall_clear_reward=0.0000 | abs_wall_clear_reward=0.0000 | local_nav_reward=0.0000 | abs_local_nav_reward=0.0000 | robot_proximity_reward=-0.4424 | abs_robot_proximity_reward=0.4424 | robot_clearance_reward=0.0388 | context_neighbors_mean=1.13 | context_neighbors_max=4 | last_context_neighbors_mean=0.00 | last_context_neighbors_max=0 | actor_unlocked=0 | expl_noise=0.0787 | replay=4867 | interaction_replay=2156 | samples/sec=10.604
Episode 45 complete | agent_samples=4925 | env_steps=2117 | episode_env_steps=16 | episode_agent_samples=58 | mean_reward=60.464 | success=4/5 | collision=1/5 | mean_final_distance=0.610 | mean_progress=0.0186 | min_laser=0.327 | mean_lin=0.778 | mean_ang=0.219 | mean_robot_dist=inf | raw_reward=20.000 | adjusted_reward=20.000 | coop_agents=0/5 | mean_coop_neighbors=0.00 | active_neighbor_step_rate=0.862 | mean_active_neighbors_step=2.034 | max_active_neighbors_step=4 | interaction_reward=0.0000 | abs_interaction_reward=0.0000 | anti_stag_reward=0.0000 | abs_anti_stag_reward=0.0000 | wall_clear_reward=0.0000 | abs_wall_clear_reward=0.0000 | local_nav_reward=0.0000 | abs_local_nav_reward=0.0000 | robot_proximity_reward=-0.8925 | abs_robot_proximity_reward=0.8925 | robot_clearance_reward=0.0000 | context_neighbors_mean=2.12 | context_neighbors_max=4 | last_context_neighbors_mean=0.00 | last_context_neighbors_max=0 | actor_unlocked=0 | expl_noise=0.0787 | replay=4925 | interaction_replay=2204 | samples/sec=10.648
Status | epoch=1 | next_eval_in=15075 agent_samples | checkpoint_every=10 episodes | checkpoint=./checkpoints/interaction_focused_actor_from_e7_fullstrong_balanced_v2_s20260726_latest.pt | model=interaction_focused_actor_from_e7_fullstrong_balanced_v2_s20260726
Coverage | unique_train_scenarios=45/2560 | deep=18 | close=18 | margin=9
Episode 46 complete | agent_samples=5008 | env_steps=2146 | episode_env_steps=29 | episode_agent_samples=83 | mean_reward=105.423 | success=5/5 | collision=0/5 | mean_final_distance=0.254 | mean_progress=0.0215 | min_laser=0.544 | mean_lin=0.743 | mean_ang=0.486 | mean_robot_dist=inf | raw_reward=20.000 | adjusted_reward=20.000 | coop_agents=0/5 | mean_coop_neighbors=0.00 | active_neighbor_step_rate=0.711 | mean_active_neighbors_step=1.566 | max_active_neighbors_step=4 | interaction_reward=0.0000 | abs_interaction_reward=0.0000 | anti_stag_reward=0.0000 | abs_anti_stag_reward=0.0000 | wall_clear_reward=0.0000 | abs_wall_clear_reward=0.0000 | local_nav_reward=0.0000 | abs_local_nav_reward=0.0000 | robot_proximity_reward=-0.3696 | abs_robot_proximity_reward=0.3696 | robot_clearance_reward=0.0241 | context_neighbors_mean=1.57 | context_neighbors_max=4 | last_context_neighbors_mean=0.00 | last_context_neighbors_max=0 | actor_unlocked=0 | expl_noise=0.0787 | replay=5008 | interaction_replay=2247 | samples/sec=10.681
Episode 47 complete | agent_samples=5254 | env_steps=2237 | episode_env_steps=91 | episode_agent_samples=246 | mean_reward=67.513 | success=4/5 | collision=1/5 | mean_final_distance=0.585 | mean_progress=0.0047 | min_laser=0.349 | mean_lin=0.653 | mean_ang=-0.679 | mean_robot_dist=inf | raw_reward=-20.000 | adjusted_reward=-20.000 | coop_agents=0/5 | mean_coop_neighbors=0.00 | active_neighbor_step_rate=0.626 | mean_active_neighbors_step=1.118 | max_active_neighbors_step=4 | interaction_reward=0.0000 | abs_interaction_reward=0.0000 | anti_stag_reward=0.0000 | abs_anti_stag_reward=0.0000 | wall_clear_reward=0.0000 | abs_wall_clear_reward=0.0000 | local_nav_reward=0.0000 | abs_local_nav_reward=0.0000 | robot_proximity_reward=-0.0679 | abs_robot_proximity_reward=0.0679 | robot_clearance_reward=0.0322 | context_neighbors_mean=1.13 | context_neighbors_max=4 | last_context_neighbors_mean=0.00 | last_context_neighbors_max=0 | actor_unlocked=0 | expl_noise=0.0786 | replay=5254 | interaction_replay=2322 | samples/sec=10.749
Episode 48 complete | agent_samples=5314 | env_steps=2254 | episode_env_steps=17 | episode_agent_samples=60 | mean_reward=98.048 | success=5/5 | collision=0/5 | mean_final_distance=0.235 | mean_progress=0.0199 | min_laser=0.531 | mean_lin=0.800 | mean_ang=0.543 | mean_robot_dist=inf | raw_reward=20.000 | adjusted_reward=20.000 | coop_agents=0/5 | mean_coop_neighbors=0.00 | active_neighbor_step_rate=0.933 | mean_active_neighbors_step=2.550 | max_active_neighbors_step=4 | interaction_reward=0.0000 | abs_interaction_reward=0.0000 | anti_stag_reward=0.0000 | abs_anti_stag_reward=0.0000 | wall_clear_reward=0.0000 | abs_wall_clear_reward=0.0000 | local_nav_reward=0.0000 | abs_local_nav_reward=0.0000 | robot_proximity_reward=-0.7086 | abs_robot_proximity_reward=0.7086 | robot_clearance_reward=0.0074 | context_neighbors_mean=2.57 | context_neighbors_max=4 | last_context_neighbors_mean=0.00 | last_context_neighbors_max=0 | actor_unlocked=0 | expl_noise=0.0786 | replay=5314 | interaction_replay=2378 | samples/sec=10.787
Episode 49 complete | agent_samples=5426 | env_steps=2286 | episode_env_steps=32 | episode_agent_samples=112 | mean_reward=55.887 | success=4/5 | collision=1/5 | mean_final_distance=0.598 | mean_progress=0.0208 | min_laser=0.339 | mean_lin=0.613 | mean_ang=-0.252 | mean_robot_dist=inf | raw_reward=20.000 | adjusted_reward=20.000 | coop_agents=0/5 | mean_coop_neighbors=0.00 | active_neighbor_step_rate=0.821 | mean_active_neighbors_step=1.866 | max_active_neighbors_step=4 | interaction_reward=0.0000 | abs_interaction_reward=0.0000 | anti_stag_reward=0.0000 | abs_anti_stag_reward=0.0000 | wall_clear_reward=0.0000 | abs_wall_clear_reward=0.0000 | local_nav_reward=0.0000 | abs_local_nav_reward=0.0000 | robot_proximity_reward=-0.8629 | abs_robot_proximity_reward=0.8629 | robot_clearance_reward=0.0545 | context_neighbors_mean=1.94 | context_neighbors_max=4 | last_context_neighbors_mean=0.00 | last_context_neighbors_max=0 | actor_unlocked=0 | expl_noise=0.0786 | replay=5426 | interaction_replay=2468 | samples/sec=10.859
Episode 50 complete | agent_samples=5538 | env_steps=2352 | episode_env_steps=66 | episode_agent_samples=112 | mean_reward=114.590 | success=5/5 | collision=0/5 | mean_final_distance=0.245 | mean_progress=0.0037 | min_laser=0.511 | mean_lin=0.421 | mean_ang=0.945 | mean_robot_dist=inf | raw_reward=20.000 | adjusted_reward=20.000 | coop_agents=0/5 | mean_coop_neighbors=0.00 | active_neighbor_step_rate=0.518 | mean_active_neighbors_step=1.223 | max_active_neighbors_step=4 | interaction_reward=0.0000 | abs_interaction_reward=0.0000 | anti_stag_reward=0.0000 | abs_anti_stag_reward=0.0000 | wall_clear_reward=0.0000 | abs_wall_clear_reward=0.0000 | local_nav_reward=0.0000 | abs_local_nav_reward=0.0000 | robot_proximity_reward=-0.0660 | abs_robot_proximity_reward=0.0660 | robot_clearance_reward=0.0179 | context_neighbors_mean=1.27 | context_neighbors_max=4 | last_context_neighbors_mean=0.00 | last_context_neighbors_max=0 | actor_unlocked=0 | expl_noise=0.0785 | replay=5538 | interaction_replay=2507 | samples/sec=10.774
Status | epoch=1 | next_eval_in=14462 agent_samples | checkpoint_every=10 episodes | checkpoint=./checkpoints/interaction_focused_actor_from_e7_fullstrong_balanced_v2_s20260726_latest.pt | model=interaction_focused_actor_from_e7_fullstrong_balanced_v2_s20260726
Coverage | unique_train_scenarios=50/2560 | deep=20 | close=20 | margin=10
Checkpoint saved: ./checkpoints/interaction_focused_actor_from_e7_fullstrong_balanced_v2_s20260726_latest.pt
Episode 51 complete | agent_samples=5636 | env_steps=2388 | episode_env_steps=36 | episode_agent_samples=98 | mean_reward=62.994 | success=4/5 | collision=1/5 | mean_final_distance=0.468 | mean_progress=0.0101 | min_laser=0.327 | mean_lin=0.631 | mean_ang=-0.971 | mean_robot_dist=inf | raw_reward=20.000 | adjusted_reward=20.000 | coop_agents=0/5 | mean_coop_neighbors=0.00 | active_neighbor_step_rate=0.653 | mean_active_neighbors_step=0.939 | max_active_neighbors_step=3 | interaction_reward=0.0000 | abs_interaction_reward=0.0000 | anti_stag_reward=0.0000 | abs_anti_stag_reward=0.0000 | wall_clear_reward=0.0000 | abs_wall_clear_reward=0.0000 | local_nav_reward=0.0000 | abs_local_nav_reward=0.0000 | robot_proximity_reward=-0.5346 | abs_robot_proximity_reward=0.5346 | robot_clearance_reward=0.0204 | context_neighbors_mean=0.93 | context_neighbors_max=3 | last_context_neighbors_mean=0.00 | last_context_neighbors_max=0 | actor_unlocked=0 | expl_noise=0.0785 | replay=5636 | interaction_replay=2546 | samples/sec=10.794
Episode 52 complete | agent_samples=5827 | env_steps=2492 | episode_env_steps=104 | episode_agent_samples=191 | mean_reward=115.849 | success=5/5 | collision=0/5 | mean_final_distance=0.265 | mean_progress=0.0001 | min_laser=0.544 | mean_lin=0.795 | mean_ang=-0.193 | mean_robot_dist=inf | raw_reward=20.000 | adjusted_reward=20.000 | coop_agents=0/5 | mean_coop_neighbors=0.00 | active_neighbor_step_rate=0.435 | mean_active_neighbors_step=0.691 | max_active_neighbors_step=4 | interaction_reward=0.0000 | abs_interaction_reward=0.0000 | anti_stag_reward=0.0000 | abs_anti_stag_reward=0.0000 | wall_clear_reward=0.0000 | abs_wall_clear_reward=0.0000 | local_nav_reward=0.0000 | abs_local_nav_reward=0.0000 | robot_proximity_reward=-0.2162 | abs_robot_proximity_reward=0.2162 | robot_clearance_reward=0.0339 | context_neighbors_mean=0.69 | context_neighbors_max=4 | last_context_neighbors_mean=0.00 | last_context_neighbors_max=0 | actor_unlocked=0 | expl_noise=0.0784 | replay=5827 | interaction_replay=2590 | samples/sec=10.697
Episode 53 complete | agent_samples=5897 | env_steps=2515 | episode_env_steps=23 | episode_agent_samples=70 | mean_reward=28.187 | success=3/5 | collision=2/5 | mean_final_distance=0.961 | mean_progress=0.0049 | min_laser=0.315 | mean_lin=0.659 | mean_ang=-0.110 | mean_robot_dist=inf | raw_reward=20.000 | adjusted_reward=20.000 | coop_agents=0/5 | mean_coop_neighbors=0.00 | active_neighbor_step_rate=0.771 | mean_active_neighbors_step=1.500 | max_active_neighbors_step=4 | interaction_reward=0.0000 | abs_interaction_reward=0.0000 | anti_stag_reward=0.0000 | abs_anti_stag_reward=0.0000 | wall_clear_reward=0.0000 | abs_wall_clear_reward=0.0000 | local_nav_reward=0.0000 | abs_local_nav_reward=0.0000 | robot_proximity_reward=-0.7362 | abs_robot_proximity_reward=0.7362 | robot_clearance_reward=0.0251 | context_neighbors_mean=1.53 | context_neighbors_max=4 | last_context_neighbors_mean=0.00 | last_context_neighbors_max=0 | actor_unlocked=0 | expl_noise=0.0784 | replay=5897 | interaction_replay=2622 | samples/sec=10.726
Episode 54 complete | agent_samples=6055 | env_steps=2617 | episode_env_steps=102 | episode_agent_samples=158 | mean_reward=31.334 | success=3/5 | collision=2/5 | mean_final_distance=0.900 | mean_progress=0.0102 | min_laser=0.302 | mean_lin=0.801 | mean_ang=-0.004 | mean_robot_dist=inf | raw_reward=-20.000 | adjusted_reward=-20.000 | coop_agents=0/5 | mean_coop_neighbors=0.00 | active_neighbor_step_rate=0.411 | mean_active_neighbors_step=0.823 | max_active_neighbors_step=4 | interaction_reward=0.0000 | abs_interaction_reward=0.0000 | anti_stag_reward=0.0000 | abs_anti_stag_reward=0.0000 | wall_clear_reward=0.0000 | abs_wall_clear_reward=0.0000 | local_nav_reward=0.0000 | abs_local_nav_reward=0.0000 | robot_proximity_reward=-0.1212 | abs_robot_proximity_reward=0.1212 | robot_clearance_reward=0.0032 | context_neighbors_mean=0.80 | context_neighbors_max=4 | last_context_neighbors_mean=0.00 | last_context_neighbors_max=0 | actor_unlocked=0 | expl_noise=0.0784 | replay=6055 | interaction_replay=2641 | samples/sec=10.588
Episode 55 complete | agent_samples=6123 | env_steps=2635 | episode_env_steps=18 | episode_agent_samples=68 | mean_reward=111.710 | success=5/5 | collision=0/5 | mean_final_distance=0.281 | mean_progress=0.0233 | min_laser=0.585 | mean_lin=0.898 | mean_ang=0.393 | mean_robot_dist=inf | raw_reward=20.000 | adjusted_reward=20.000 | coop_agents=0/5 | mean_coop_neighbors=0.00 | active_neighbor_step_rate=0.838 | mean_active_neighbors_step=2.059 | max_active_neighbors_step=4 | interaction_reward=0.0000 | abs_interaction_reward=0.0000 | anti_stag_reward=0.0000 | abs_anti_stag_reward=0.0000 | wall_clear_reward=0.0000 | abs_wall_clear_reward=0.0000 | local_nav_reward=0.0000 | abs_local_nav_reward=0.0000 | robot_proximity_reward=-0.2206 | abs_robot_proximity_reward=0.2206 | robot_clearance_reward=0.0294 | context_neighbors_mean=2.12 | context_neighbors_max=4 | last_context_neighbors_mean=0.00 | last_context_neighbors_max=0 | actor_unlocked=0 | expl_noise=0.0784 | replay=6123 | interaction_replay=2694 | samples/sec=10.632
Status | epoch=1 | next_eval_in=13877 agent_samples | checkpoint_every=10 episodes | checkpoint=./checkpoints/interaction_focused_actor_from_e7_fullstrong_balanced_v2_s20260726_latest.pt | model=interaction_focused_actor_from_e7_fullstrong_balanced_v2_s20260726
Coverage | unique_train_scenarios=55/2560 | deep=22 | close=22 | margin=11
Episode 56 complete | agent_samples=6210 | env_steps=2662 | episode_env_steps=27 | episode_agent_samples=87 | mean_reward=30.385 | success=3/5 | collision=2/5 | mean_final_distance=0.417 | mean_progress=0.0071 | min_laser=0.325 | mean_lin=0.792 | mean_ang=0.253 | mean_robot_dist=inf | raw_reward=20.000 | adjusted_reward=20.000 | coop_agents=0/5 | mean_coop_neighbors=0.00 | active_neighbor_step_rate=0.770 | mean_active_neighbors_step=1.862 | max_active_neighbors_step=4 | interaction_reward=0.0000 | abs_interaction_reward=0.0000 | anti_stag_reward=0.0000 | abs_anti_stag_reward=0.0000 | wall_clear_reward=0.0000 | abs_wall_clear_reward=0.0000 | local_nav_reward=0.0000 | abs_local_nav_reward=0.0000 | robot_proximity_reward=-1.1550 | abs_robot_proximity_reward=1.1550 | robot_clearance_reward=0.0557 | context_neighbors_mean=1.93 | context_neighbors_max=4 | last_context_neighbors_mean=0.00 | last_context_neighbors_max=0 | actor_unlocked=0 | expl_noise=0.0783 | replay=6210 | interaction_replay=2762 | samples/sec=10.672
Episode 57 complete | agent_samples=6282 | env_steps=2690 | episode_env_steps=28 | episode_agent_samples=72 | mean_reward=71.839 | success=4/5 | collision=1/5 | mean_final_distance=0.296 | mean_progress=0.0095 | min_laser=0.327 | mean_lin=0.630 | mean_ang=-0.522 | mean_robot_dist=inf | raw_reward=20.000 | adjusted_reward=20.000 | coop_agents=0/5 | mean_coop_neighbors=0.00 | active_neighbor_step_rate=0.764 | mean_active_neighbors_step=1.778 | max_active_neighbors_step=4 | interaction_reward=0.0000 | abs_interaction_reward=0.0000 | anti_stag_reward=0.0000 | abs_anti_stag_reward=0.0000 | wall_clear_reward=0.0000 | abs_wall_clear_reward=0.0000 | local_nav_reward=0.0000 | abs_local_nav_reward=0.0000 | robot_proximity_reward=-0.9424 | abs_robot_proximity_reward=0.9424 | robot_clearance_reward=0.0278 | context_neighbors_mean=1.79 | context_neighbors_max=4 | last_context_neighbors_mean=0.00 | last_context_neighbors_max=0 | actor_unlocked=0 | expl_noise=0.0783 | replay=6282 | interaction_replay=2812 | samples/sec=10.682
Episode 58 complete | agent_samples=6371 | env_steps=2725 | episode_env_steps=35 | episode_agent_samples=89 | mean_reward=112.620 | success=5/5 | collision=0/5 | mean_final_distance=0.251 | mean_progress=0.0112 | min_laser=0.594 | mean_lin=0.989 | mean_ang=-0.533 | mean_robot_dist=inf | raw_reward=20.000 | adjusted_reward=20.000 | coop_agents=0/5 | mean_coop_neighbors=0.00 | active_neighbor_step_rate=0.742 | mean_active_neighbors_step=1.528 | max_active_neighbors_step=4 | interaction_reward=0.0000 | abs_interaction_reward=0.0000 | anti_stag_reward=0.0000 | abs_anti_stag_reward=0.0000 | wall_clear_reward=0.0000 | abs_wall_clear_reward=0.0000 | local_nav_reward=0.0000 | abs_local_nav_reward=0.0000 | robot_proximity_reward=-0.1180 | abs_robot_proximity_reward=0.1180 | robot_clearance_reward=0.0251 | context_neighbors_mean=1.56 | context_neighbors_max=4 | last_context_neighbors_mean=0.00 | last_context_neighbors_max=0 | actor_unlocked=0 | expl_noise=0.0783 | replay=6371 | interaction_replay=2879 | samples/sec=10.694
Episode 59 complete | agent_samples=6440 | env_steps=2749 | episode_env_steps=24 | episode_agent_samples=69 | mean_reward=110.490 | success=5/5 | collision=0/5 | mean_final_distance=0.255 | mean_progress=0.0272 | min_laser=0.509 | mean_lin=0.826 | mean_ang=-0.448 | mean_robot_dist=inf | raw_reward=20.000 | adjusted_reward=20.000 | coop_agents=0/5 | mean_coop_neighbors=0.00 | active_neighbor_step_rate=0.812 | mean_active_neighbors_step=1.594 | max_active_neighbors_step=4 | interaction_reward=0.0000 | abs_interaction_reward=0.0000 | anti_stag_reward=0.0000 | abs_anti_stag_reward=0.0000 | wall_clear_reward=0.0000 | abs_wall_clear_reward=0.0000 | local_nav_reward=0.0000 | abs_local_nav_reward=0.0000 | robot_proximity_reward=-0.5006 | abs_robot_proximity_reward=0.5006 | robot_clearance_reward=0.0580 | context_neighbors_mean=1.64 | context_neighbors_max=4 | last_context_neighbors_mean=0.00 | last_context_neighbors_max=0 | actor_unlocked=0 | expl_noise=0.0783 | replay=6440 | interaction_replay=2927 | samples/sec=10.714
Episode 60 complete | agent_samples=6550 | env_steps=2789 | episode_env_steps=40 | episode_agent_samples=110 | mean_reward=59.678 | success=4/5 | collision=1/5 | mean_final_distance=0.278 | mean_progress=0.0179 | min_laser=0.348 | mean_lin=0.831 | mean_ang=-0.093 | mean_robot_dist=inf | raw_reward=20.000 | adjusted_reward=20.000 | coop_agents=0/5 | mean_coop_neighbors=0.00 | active_neighbor_step_rate=0.800 | mean_active_neighbors_step=2.145 | max_active_neighbors_step=4 | interaction_reward=0.0000 | abs_interaction_reward=0.0000 | anti_stag_reward=0.0000 | abs_anti_stag_reward=0.0000 | wall_clear_reward=0.0000 | abs_wall_clear_reward=0.0000 | local_nav_reward=0.0000 | abs_local_nav_reward=0.0000 | robot_proximity_reward=-0.5362 | abs_robot_proximity_reward=0.5362 | robot_clearance_reward=0.0000 | context_neighbors_mean=2.15 | context_neighbors_max=4 | last_context_neighbors_mean=0.00 | last_context_neighbors_max=0 | actor_unlocked=0 | expl_noise=0.0783 | replay=6550 | interaction_replay=2996 | samples/sec=10.740
Status | epoch=1 | next_eval_in=13450 agent_samples | checkpoint_every=10 episodes | checkpoint=./checkpoints/interaction_focused_actor_from_e7_fullstrong_balanced_v2_s20260726_latest.pt | model=interaction_focused_actor_from_e7_fullstrong_balanced_v2_s20260726
Coverage | unique_train_scenarios=60/2560 | deep=24 | close=24 | margin=12
Checkpoint saved: ./checkpoints/interaction_focused_actor_from_e7_fullstrong_balanced_v2_s20260726_latest.pt
Episode 61 complete | agent_samples=6602 | env_steps=2804 | episode_env_steps=15 | episode_agent_samples=52 | mean_reward=9.777 | success=3/5 | collision=2/5 | mean_final_distance=0.506 | mean_progress=0.0419 | min_laser=0.324 | mean_lin=1.000 | mean_ang=0.231 | mean_robot_dist=inf | raw_reward=40.000 | adjusted_reward=40.000 | coop_agents=1/5 | mean_coop_neighbors=0.20 | active_neighbor_step_rate=0.846 | mean_active_neighbors_step=2.019 | max_active_neighbors_step=4 | interaction_reward=0.0000 | abs_interaction_reward=0.0000 | anti_stag_reward=0.0000 | abs_anti_stag_reward=0.0000 | wall_clear_reward=0.0000 | abs_wall_clear_reward=0.0000 | local_nav_reward=0.0000 | abs_local_nav_reward=0.0000 | robot_proximity_reward=-1.0684 | abs_robot_proximity_reward=1.0684 | robot_clearance_reward=0.0000 | context_neighbors_mean=2.02 | context_neighbors_max=4 | last_context_neighbors_mean=0.00 | last_context_neighbors_max=0 | actor_unlocked=0 | expl_noise=0.0782 | replay=6602 | interaction_replay=3017 | samples/sec=10.763
Episode 62 complete | agent_samples=6701 | env_steps=2843 | episode_env_steps=39 | episode_agent_samples=99 | mean_reward=118.127 | success=5/5 | collision=0/5 | mean_final_distance=0.258 | mean_progress=0.0124 | min_laser=0.443 | mean_lin=1.000 | mean_ang=-1.000 | mean_robot_dist=inf | raw_reward=20.000 | adjusted_reward=20.000 | coop_agents=0/5 | mean_coop_neighbors=0.00 | active_neighbor_step_rate=0.616 | mean_active_neighbors_step=1.141 | max_active_neighbors_step=4 | interaction_reward=0.0000 | abs_interaction_reward=0.0000 | anti_stag_reward=0.0000 | abs_anti_stag_reward=0.0000 | wall_clear_reward=0.0000 | abs_wall_clear_reward=0.0000 | local_nav_reward=0.0000 | abs_local_nav_reward=0.0000 | robot_proximity_reward=-0.3653 | abs_robot_proximity_reward=0.3653 | robot_clearance_reward=0.0290 | context_neighbors_mean=1.17 | context_neighbors_max=4 | last_context_neighbors_mean=0.00 | last_context_neighbors_max=0 | actor_unlocked=0 | expl_noise=0.0782 | replay=6701 | interaction_replay=3043 | samples/sec=10.774
Episode 63 complete | agent_samples=6782 | env_steps=2868 | episode_env_steps=25 | episode_agent_samples=81 | mean_reward=114.202 | success=5/5 | collision=0/5 | mean_final_distance=0.277 | mean_progress=0.0085 | min_laser=0.654 | mean_lin=1.000 | mean_ang=-0.344 | mean_robot_dist=inf | raw_reward=20.000 | adjusted_reward=20.000 | coop_agents=0/5 | mean_coop_neighbors=0.00 | active_neighbor_step_rate=0.593 | mean_active_neighbors_step=1.210 | max_active_neighbors_step=3 | interaction_reward=0.0000 | abs_interaction_reward=0.0000 | anti_stag_reward=0.0000 | abs_anti_stag_reward=0.0000 | wall_clear_reward=0.0000 | abs_wall_clear_reward=0.0000 | local_nav_reward=0.0000 | abs_local_nav_reward=0.0000 | robot_proximity_reward=-0.2792 | abs_robot_proximity_reward=0.2792 | robot_clearance_reward=0.0494 | context_neighbors_mean=1.26 | context_neighbors_max=3 | last_context_neighbors_mean=0.00 | last_context_neighbors_max=0 | actor_unlocked=0 | expl_noise=0.0782 | replay=6782 | interaction_replay=3062 | samples/sec=10.808
Episode 64 complete | agent_samples=6889 | env_steps=2900 | episode_env_steps=32 | episode_agent_samples=107 | mean_reward=121.007 | success=5/5 | collision=0/5 | mean_final_distance=0.271 | mean_progress=0.0141 | min_laser=0.533 | mean_lin=0.813 | mean_ang=-0.025 | mean_robot_dist=inf | raw_reward=20.000 | adjusted_reward=20.000 | coop_agents=0/5 | mean_coop_neighbors=0.00 | active_neighbor_step_rate=0.692 | mean_active_neighbors_step=1.720 | max_active_neighbors_step=4 | interaction_reward=0.0000 | abs_interaction_reward=0.0000 | anti_stag_reward=0.0000 | abs_anti_stag_reward=0.0000 | wall_clear_reward=0.0000 | abs_wall_clear_reward=0.0000 | local_nav_reward=0.0000 | abs_local_nav_reward=0.0000 | robot_proximity_reward=-0.2305 | abs_robot_proximity_reward=0.2305 | robot_clearance_reward=0.0188 | context_neighbors_mean=1.77 | context_neighbors_max=4 | last_context_neighbors_mean=0.00 | last_context_neighbors_max=0 | actor_unlocked=0 | expl_noise=0.0782 | replay=6889 | interaction_replay=3094 | samples/sec=10.855
Episode 65 complete | agent_samples=6953 | env_steps=2920 | episode_env_steps=20 | episode_agent_samples=64 | mean_reward=64.972 | success=4/5 | collision=1/5 | mean_final_distance=0.406 | mean_progress=0.0160 | min_laser=0.300 | mean_lin=0.737 | mean_ang=0.828 | mean_robot_dist=inf | raw_reward=-20.000 | adjusted_reward=-20.000 | coop_agents=0/5 | mean_coop_neighbors=0.00 | active_neighbor_step_rate=0.750 | mean_active_neighbors_step=2.000 | max_active_neighbors_step=4 | interaction_reward=0.0000 | abs_interaction_reward=0.0000 | anti_stag_reward=0.0000 | abs_anti_stag_reward=0.0000 | wall_clear_reward=0.0000 | abs_wall_clear_reward=0.0000 | local_nav_reward=0.0000 | abs_local_nav_reward=0.0000 | robot_proximity_reward=-0.6840 | abs_robot_proximity_reward=0.6840 | robot_clearance_reward=0.0574 | context_neighbors_mean=2.08 | context_neighbors_max=4 | last_context_neighbors_mean=0.00 | last_context_neighbors_max=0 | actor_unlocked=0 | expl_noise=0.0782 | replay=6953 | interaction_replay=3144 | samples/sec=10.879
Status | epoch=1 | next_eval_in=13047 agent_samples | checkpoint_every=10 episodes | checkpoint=./checkpoints/interaction_focused_actor_from_e7_fullstrong_balanced_v2_s20260726_latest.pt | model=interaction_focused_actor_from_e7_fullstrong_balanced_v2_s20260726
Coverage | unique_train_scenarios=65/2560 | deep=26 | close=26 | margin=13
Episode 66 complete | agent_samples=6993 | env_steps=2930 | episode_env_steps=10 | episode_agent_samples=40 | mean_reward=29.661 | success=3/5 | collision=2/5 | mean_final_distance=0.571 | mean_progress=0.0216 | min_laser=0.300 | mean_lin=0.765 | mean_ang=-0.239 | mean_robot_dist=inf | raw_reward=20.000 | adjusted_reward=20.000 | coop_agents=0/5 | mean_coop_neighbors=0.00 | active_neighbor_step_rate=0.800 | mean_active_neighbors_step=1.725 | max_active_neighbors_step=4 | interaction_reward=0.0000 | abs_interaction_reward=0.0000 | anti_stag_reward=0.0000 | abs_anti_stag_reward=0.0000 | wall_clear_reward=0.0000 | abs_wall_clear_reward=0.0000 | local_nav_reward=0.0000 | abs_local_nav_reward=0.0000 | robot_proximity_reward=-0.7476 | abs_robot_proximity_reward=0.7476 | robot_clearance_reward=0.0000 | context_neighbors_mean=1.75 | context_neighbors_max=4 | last_context_neighbors_mean=0.00 | last_context_neighbors_max=0 | actor_unlocked=0 | expl_noise=0.0782 | replay=6993 | interaction_replay=3177 | samples/sec=10.902
Episode 67 complete | agent_samples=7059 | env_steps=2948 | episode_env_steps=18 | episode_agent_samples=66 | mean_reward=107.112 | success=5/5 | collision=0/5 | mean_final_distance=0.264 | mean_progress=0.0219 | min_laser=0.444 | mean_lin=0.763 | mean_ang=0.637 | mean_robot_dist=inf | raw_reward=20.000 | adjusted_reward=20.000 | coop_agents=0/5 | mean_coop_neighbors=0.00 | active_neighbor_step_rate=0.818 | mean_active_neighbors_step=1.879 | max_active_neighbors_step=4 | interaction_reward=0.0000 | abs_interaction_reward=0.0000 | anti_stag_reward=0.0000 | abs_anti_stag_reward=0.0000 | wall_clear_reward=0.0000 | abs_wall_clear_reward=0.0000 | local_nav_reward=0.0000 | abs_local_nav_reward=0.0000 | robot_proximity_reward=-0.9726 | abs_robot_proximity_reward=0.9726 | robot_clearance_reward=0.0322 | context_neighbors_mean=1.95 | context_neighbors_max=4 | last_context_neighbors_mean=0.00 | last_context_neighbors_max=0 | actor_unlocked=0 | expl_noise=0.0782 | replay=7059 | interaction_replay=3226 | samples/sec=10.936
Episode 68 complete | agent_samples=7125 | env_steps=2966 | episode_env_steps=18 | episode_agent_samples=66 | mean_reward=67.438 | success=4/5 | collision=1/5 | mean_final_distance=0.507 | mean_progress=0.0178 | min_laser=0.332 | mean_lin=0.372 | mean_ang=-0.465 | mean_robot_dist=inf | raw_reward=0.000 | adjusted_reward=-8.000 | coop_agents=1/5 | mean_coop_neighbors=0.20 | active_neighbor_step_rate=0.894 | mean_active_neighbors_step=2.212 | max_active_neighbors_step=4 | interaction_reward=0.0000 | abs_interaction_reward=0.0000 | anti_stag_reward=0.0000 | abs_anti_stag_reward=0.0000 | wall_clear_reward=0.0000 | abs_wall_clear_reward=0.0000 | local_nav_reward=0.0000 | abs_local_nav_reward=0.0000 | robot_proximity_reward=-0.3781 | abs_robot_proximity_reward=0.3781 | robot_clearance_reward=0.0679 | context_neighbors_mean=2.26 | context_neighbors_max=4 | last_context_neighbors_mean=0.00 | last_context_neighbors_max=0 | actor_unlocked=0 | expl_noise=0.0781 | replay=7125 | interaction_replay=3285 | samples/sec=10.971
Episode 69 complete | agent_samples=7252 | env_steps=3011 | episode_env_steps=45 | episode_agent_samples=127 | mean_reward=118.773 | success=5/5 | collision=0/5 | mean_final_distance=0.255 | mean_progress=0.0115 | min_laser=0.515 | mean_lin=0.800 | mean_ang=-0.599 | mean_robot_dist=inf | raw_reward=20.000 | adjusted_reward=20.000 | coop_agents=0/5 | mean_coop_neighbors=0.00 | active_neighbor_step_rate=0.567 | mean_active_neighbors_step=1.283 | max_active_neighbors_step=4 | interaction_reward=0.0000 | abs_interaction_reward=0.0000 | anti_stag_reward=0.0000 | abs_anti_stag_reward=0.0000 | wall_clear_reward=0.0000 | abs_wall_clear_reward=0.0000 | local_nav_reward=0.0000 | abs_local_nav_reward=0.0000 | robot_proximity_reward=-0.3321 | abs_robot_proximity_reward=0.3321 | robot_clearance_reward=0.0524 | context_neighbors_mean=1.32 | context_neighbors_max=4 | last_context_neighbors_mean=0.00 | last_context_neighbors_max=0 | actor_unlocked=0 | expl_noise=0.0781 | replay=7252 | interaction_replay=3310 | samples/sec=11.000
Episode 70 complete | agent_samples=7351 | env_steps=3049 | episode_env_steps=38 | episode_agent_samples=99 | mean_reward=120.317 | success=5/5 | collision=0/5 | mean_final_distance=0.245 | mean_progress=0.0202 | min_laser=0.577 | mean_lin=0.987 | mean_ang=0.205 | mean_robot_dist=inf | raw_reward=20.000 | adjusted_reward=20.000 | coop_agents=0/5 | mean_coop_neighbors=0.00 | active_neighbor_step_rate=0.808 | mean_active_neighbors_step=1.838 | max_active_neighbors_step=4 | interaction_reward=0.0000 | abs_interaction_reward=0.0000 | anti_stag_reward=0.0000 | abs_anti_stag_reward=0.0000 | wall_clear_reward=0.0000 | abs_wall_clear_reward=0.0000 | local_nav_reward=0.0000 | abs_local_nav_reward=0.0000 | robot_proximity_reward=-0.0166 | abs_robot_proximity_reward=0.0166 | robot_clearance_reward=0.0112 | context_neighbors_mean=1.84 | context_neighbors_max=4 | last_context_neighbors_mean=0.00 | last_context_neighbors_max=0 | actor_unlocked=0 | expl_noise=0.0781 | replay=7351 | interaction_replay=3328 | samples/sec=11.012
Status | epoch=1 | next_eval_in=12649 agent_samples | checkpoint_every=10 episodes | checkpoint=./checkpoints/interaction_focused_actor_from_e7_fullstrong_balanced_v2_s20260726_latest.pt | model=interaction_focused_actor_from_e7_fullstrong_balanced_v2_s20260726
Coverage | unique_train_scenarios=70/2560 | deep=28 | close=28 | margin=14
Checkpoint saved: ./checkpoints/interaction_focused_actor_from_e7_fullstrong_balanced_v2_s20260726_latest.pt
Episode 71 complete | agent_samples=7446 | env_steps=3086 | episode_env_steps=37 | episode_agent_samples=95 | mean_reward=110.386 | success=5/5 | collision=0/5 | mean_final_distance=0.233 | mean_progress=0.0277 | min_laser=0.433 | mean_lin=1.000 | mean_ang=0.243 | mean_robot_dist=inf | raw_reward=20.000 | adjusted_reward=20.000 | coop_agents=0/5 | mean_coop_neighbors=0.00 | active_neighbor_step_rate=0.663 | mean_active_neighbors_step=1.368 | max_active_neighbors_step=4 | interaction_reward=0.0000 | abs_interaction_reward=0.0000 | anti_stag_reward=0.0000 | abs_anti_stag_reward=0.0000 | wall_clear_reward=0.0000 | abs_wall_clear_reward=0.0000 | local_nav_reward=0.0000 | abs_local_nav_reward=0.0000 | robot_proximity_reward=-0.7188 | abs_robot_proximity_reward=0.7188 | robot_clearance_reward=0.1145 | context_neighbors_mean=1.41 | context_neighbors_max=4 | last_context_neighbors_mean=0.00 | last_context_neighbors_max=0 | actor_unlocked=0 | expl_noise=0.0781 | replay=7446 | interaction_replay=3368 | samples/sec=11.017
Episode 72 complete | agent_samples=7504 | env_steps=3103 | episode_env_steps=17 | episode_agent_samples=58 | mean_reward=13.944 | success=3/5 | collision=2/5 | mean_final_distance=0.586 | mean_progress=0.0225 | min_laser=0.325 | mean_lin=0.835 | mean_ang=0.234 | mean_robot_dist=inf | raw_reward=20.000 | adjusted_reward=20.000 | coop_agents=0/5 | mean_coop_neighbors=0.00 | active_neighbor_step_rate=0.828 | mean_active_neighbors_step=1.862 | max_active_neighbors_step=4 | interaction_reward=0.0000 | abs_interaction_reward=0.0000 | anti_stag_reward=0.0000 | abs_anti_stag_reward=0.0000 | wall_clear_reward=0.0000 | abs_wall_clear_reward=0.0000 | local_nav_reward=0.0000 | abs_local_nav_reward=0.0000 | robot_proximity_reward=-1.0231 | abs_robot_proximity_reward=1.0231 | robot_clearance_reward=0.0345 | context_neighbors_mean=1.95 | context_neighbors_max=4 | last_context_neighbors_mean=0.00 | last_context_neighbors_max=0 | actor_unlocked=0 | expl_noise=0.0781 | replay=7504 | interaction_replay=3417 | samples/sec=11.041
Episode 73 complete | agent_samples=7596 | env_steps=3143 | episode_env_steps=40 | episode_agent_samples=92 | mean_reward=103.001 | success=5/5 | collision=0/5 | mean_final_distance=0.260 | mean_progress=0.0179 | min_laser=0.431 | mean_lin=0.967 | mean_ang=0.592 | mean_robot_dist=inf | raw_reward=20.000 | adjusted_reward=20.000 | coop_agents=0/5 | mean_coop_neighbors=0.00 | active_neighbor_step_rate=0.707 | mean_active_neighbors_step=1.489 | max_active_neighbors_step=4 | interaction_reward=0.0000 | abs_interaction_reward=0.0000 | anti_stag_reward=0.0000 | abs_anti_stag_reward=0.0000 | wall_clear_reward=0.0000 | abs_wall_clear_reward=0.0000 | local_nav_reward=0.0000 | abs_local_nav_reward=0.0000 | robot_proximity_reward=-0.5947 | abs_robot_proximity_reward=0.5947 | robot_clearance_reward=0.0000 | context_neighbors_mean=1.57 | context_neighbors_max=4 | last_context_neighbors_mean=0.00 | last_context_neighbors_max=0 | actor_unlocked=0 | expl_noise=0.0780 | replay=7596 | interaction_replay=3484 | samples/sec=11.034
Episode 74 complete | agent_samples=7687 | env_steps=3168 | episode_env_steps=25 | episode_agent_samples=91 | mean_reward=76.371 | success=4/5 | collision=1/5 | mean_final_distance=0.469 | mean_progress=0.0113 | min_laser=0.300 | mean_lin=0.807 | mean_ang=-0.302 | mean_robot_dist=inf | raw_reward=20.000 | adjusted_reward=20.000 | coop_agents=0/5 | mean_coop_neighbors=0.00 | active_neighbor_step_rate=0.890 | mean_active_neighbors_step=2.220 | max_active_neighbors_step=4 | interaction_reward=0.0000 | abs_interaction_reward=0.0000 | anti_stag_reward=0.0000 | abs_anti_stag_reward=0.0000 | wall_clear_reward=0.0000 | abs_wall_clear_reward=0.0000 | local_nav_reward=0.0000 | abs_local_nav_reward=0.0000 | robot_proximity_reward=-0.1629 | abs_robot_proximity_reward=0.1629 | robot_clearance_reward=0.0776 | context_neighbors_mean=2.24 | context_neighbors_max=4 | last_context_neighbors_mean=0.00 | last_context_neighbors_max=0 | actor_unlocked=0 | expl_noise=0.0780 | replay=7687 | interaction_replay=3522 | samples/sec=11.077
Episode 75 complete | agent_samples=7797 | env_steps=3203 | episode_env_steps=35 | episode_agent_samples=110 | mean_reward=115.968 | success=5/5 | collision=0/5 | mean_final_distance=0.271 | mean_progress=0.0145 | min_laser=0.618 | mean_lin=0.799 | mean_ang=0.080 | mean_robot_dist=inf | raw_reward=40.000 | adjusted_reward=40.000 | coop_agents=0/5 | mean_coop_neighbors=0.00 | active_neighbor_step_rate=0.555 | mean_active_neighbors_step=1.182 | max_active_neighbors_step=4 | interaction_reward=0.0000 | abs_interaction_reward=0.0000 | anti_stag_reward=0.0000 | abs_anti_stag_reward=0.0000 | wall_clear_reward=0.0000 | abs_wall_clear_reward=0.0000 | local_nav_reward=0.0000 | abs_local_nav_reward=0.0000 | robot_proximity_reward=-0.2586 | abs_robot_proximity_reward=0.2586 | robot_clearance_reward=0.0809 | context_neighbors_mean=1.25 | context_neighbors_max=4 | last_context_neighbors_mean=0.00 | last_context_neighbors_max=0 | actor_unlocked=0 | expl_noise=0.0780 | replay=7797 | interaction_replay=3585 | samples/sec=11.112
Status | epoch=1 | next_eval_in=12203 agent_samples | checkpoint_every=10 episodes | checkpoint=./checkpoints/interaction_focused_actor_from_e7_fullstrong_balanced_v2_s20260726_latest.pt | model=interaction_focused_actor_from_e7_fullstrong_balanced_v2_s20260726
Coverage | unique_train_scenarios=75/2560 | deep=30 | close=30 | margin=15
Episode 76 complete | agent_samples=7891 | env_steps=3230 | episode_env_steps=27 | episode_agent_samples=94 | mean_reward=78.251 | success=4/5 | collision=1/5 | mean_final_distance=0.513 | mean_progress=0.0160 | min_laser=0.327 | mean_lin=1.000 | mean_ang=0.200 | mean_robot_dist=inf | raw_reward=-20.000 | adjusted_reward=-20.000 | coop_agents=0/5 | mean_coop_neighbors=0.00 | active_neighbor_step_rate=0.979 | mean_active_neighbors_step=2.266 | max_active_neighbors_step=4 | interaction_reward=0.0000 | abs_interaction_reward=0.0000 | anti_stag_reward=0.0000 | abs_anti_stag_reward=0.0000 | wall_clear_reward=0.0000 | abs_wall_clear_reward=0.0000 | local_nav_reward=0.0000 | abs_local_nav_reward=0.0000 | robot_proximity_reward=0.0000 | abs_robot_proximity_reward=0.0000 | robot_clearance_reward=0.0000 | context_neighbors_mean=2.28 | context_neighbors_max=4 | last_context_neighbors_mean=0.00 | last_context_neighbors_max=0 | actor_unlocked=0 | expl_noise=0.0780 | replay=7891 | interaction_replay=3607 | samples/sec=11.150
Episode 77 complete | agent_samples=7967 | env_steps=3263 | episode_env_steps=33 | episode_agent_samples=76 | mean_reward=26.540 | success=3/5 | collision=2/5 | mean_final_distance=0.691 | mean_progress=0.0096 | min_laser=0.300 | mean_lin=0.777 | mean_ang=-0.031 | mean_robot_dist=inf | raw_reward=20.000 | adjusted_reward=20.000 | coop_agents=0/5 | mean_coop_neighbors=0.00 | active_neighbor_step_rate=0.645 | mean_active_neighbors_step=1.158 | max_active_neighbors_step=4 | interaction_reward=0.0000 | abs_interaction_reward=0.0000 | anti_stag_reward=0.0000 | abs_anti_stag_reward=0.0000 | wall_clear_reward=0.0000 | abs_wall_clear_reward=0.0000 | local_nav_reward=0.0000 | abs_local_nav_reward=0.0000 | robot_proximity_reward=-0.6115 | abs_robot_proximity_reward=0.6115 | robot_clearance_reward=0.0000 | context_neighbors_mean=1.18 | context_neighbors_max=4 | last_context_neighbors_mean=0.00 | last_context_neighbors_max=0 | actor_unlocked=0 | expl_noise=0.0780 | replay=7967 | interaction_replay=3657 | samples/sec=11.143
Episode 78 complete | agent_samples=8092 | env_steps=3324 | episode_env_steps=61 | episode_agent_samples=125 | mean_reward=96.878 | success=5/5 | collision=0/5 | mean_final_distance=0.281 | mean_progress=0.0099 | min_laser=0.601 | mean_lin=0.913 | mean_ang=-0.254 | mean_robot_dist=inf | raw_reward=20.000 | adjusted_reward=20.000 | coop_agents=0/5 | mean_coop_neighbors=0.00 | active_neighbor_step_rate=0.472 | mean_active_neighbors_step=1.112 | max_active_neighbors_step=4 | interaction_reward=0.0000 | abs_interaction_reward=0.0000 | anti_stag_reward=0.0000 | abs_anti_stag_reward=0.0000 | wall_clear_reward=0.0000 | abs_wall_clear_reward=0.0000 | local_nav_reward=0.0000 | abs_local_nav_reward=0.0000 | robot_proximity_reward=-0.1473 | abs_robot_proximity_reward=0.1473 | robot_clearance_reward=0.0320 | context_neighbors_mean=1.13 | context_neighbors_max=4 | last_context_neighbors_mean=0.00 | last_context_neighbors_max=0 | actor_unlocked=0 | expl_noise=0.0779 | replay=8092 | interaction_replay=3706 | samples/sec=11.110
Episode 79 complete | agent_samples=8187 | env_steps=3352 | episode_env_steps=28 | episode_agent_samples=95 | mean_reward=126.990 | success=5/5 | collision=0/5 | mean_final_distance=0.261 | mean_progress=0.0240 | min_laser=0.548 | mean_lin=1.000 | mean_ang=-0.589 | mean_robot_dist=inf | raw_reward=20.000 | adjusted_reward=20.000 | coop_agents=0/5 | mean_coop_neighbors=0.00 | active_neighbor_step_rate=0.642 | mean_active_neighbors_step=1.495 | max_active_neighbors_step=4 | interaction_reward=0.0000 | abs_interaction_reward=0.0000 | anti_stag_reward=0.0000 | abs_anti_stag_reward=0.0000 | wall_clear_reward=0.0000 | abs_wall_clear_reward=0.0000 | local_nav_reward=0.0000 | abs_local_nav_reward=0.0000 | robot_proximity_reward=-0.4275 | abs_robot_proximity_reward=0.4275 | robot_clearance_reward=0.1128 | context_neighbors_mean=1.52 | context_neighbors_max=4 | last_context_neighbors_mean=0.00 | last_context_neighbors_max=0 | actor_unlocked=0 | expl_noise=0.0779 | replay=8187 | interaction_replay=3752 | samples/sec=11.147
Episode 80 complete | agent_samples=8243 | env_steps=3367 | episode_env_steps=15 | episode_agent_samples=56 | mean_reward=114.011 | success=5/5 | collision=0/5 | mean_final_distance=0.265 | mean_progress=0.0157 | min_laser=0.644 | mean_lin=0.833 | mean_ang=0.617 | mean_robot_dist=inf | raw_reward=20.000 | adjusted_reward=20.000 | coop_agents=0/5 | mean_coop_neighbors=0.00 | active_neighbor_step_rate=0.875 | mean_active_neighbors_step=1.732 | max_active_neighbors_step=4 | interaction_reward=0.0000 | abs_interaction_reward=0.0000 | anti_stag_reward=0.0000 | abs_anti_stag_reward=0.0000 | wall_clear_reward=0.0000 | abs_wall_clear_reward=0.0000 | local_nav_reward=0.0000 | abs_local_nav_reward=0.0000 | robot_proximity_reward=-0.1722 | abs_robot_proximity_reward=0.1722 | robot_clearance_reward=0.0714 | context_neighbors_mean=1.86 | context_neighbors_max=4 | last_context_neighbors_mean=0.00 | last_context_neighbors_max=0 | actor_unlocked=0 | expl_noise=0.0779 | replay=8243 | interaction_replay=3791 | samples/sec=11.172
Status | epoch=1 | next_eval_in=11757 agent_samples | checkpoint_every=10 episodes | checkpoint=./checkpoints/interaction_focused_actor_from_e7_fullstrong_balanced_v2_s20260726_latest.pt | model=interaction_focused_actor_from_e7_fullstrong_balanced_v2_s20260726
Coverage | unique_train_scenarios=80/2560 | deep=32 | close=32 | margin=16
Checkpoint saved: ./checkpoints/interaction_focused_actor_from_e7_fullstrong_balanced_v2_s20260726_latest.pt
Episode 81 complete | agent_samples=8336 | env_steps=3397 | episode_env_steps=30 | episode_agent_samples=93 | mean_reward=74.794 | success=4/5 | collision=1/5 | mean_final_distance=0.524 | mean_progress=0.0191 | min_laser=0.300 | mean_lin=0.767 | mean_ang=0.354 | mean_robot_dist=inf | raw_reward=20.000 | adjusted_reward=20.000 | coop_agents=0/5 | mean_coop_neighbors=0.00 | active_neighbor_step_rate=0.785 | mean_active_neighbors_step=1.828 | max_active_neighbors_step=4 | interaction_reward=0.0000 | abs_interaction_reward=0.0000 | anti_stag_reward=0.0000 | abs_anti_stag_reward=0.0000 | wall_clear_reward=0.0000 | abs_wall_clear_reward=0.0000 | local_nav_reward=0.0000 | abs_local_nav_reward=0.0000 | robot_proximity_reward=0.0000 | abs_robot_proximity_reward=0.0000 | robot_clearance_reward=0.0000 | context_neighbors_mean=1.84 | context_neighbors_max=4 | last_context_neighbors_mean=0.00 | last_context_neighbors_max=0 | actor_unlocked=0 | expl_noise=0.0779 | replay=8336 | interaction_replay=3801 | samples/sec=11.195
Episode 82 complete | agent_samples=8407 | env_steps=3413 | episode_env_steps=16 | episode_agent_samples=71 | mean_reward=-20.392 | success=2/5 | collision=3/5 | mean_final_distance=0.543 | mean_progress=0.0129 | min_laser=0.309 | mean_lin=0.983 | mean_ang=0.112 | mean_robot_dist=inf | raw_reward=20.000 | adjusted_reward=20.000 | coop_agents=0/5 | mean_coop_neighbors=0.00 | active_neighbor_step_rate=0.817 | mean_active_neighbors_step=2.423 | max_active_neighbors_step=4 | interaction_reward=0.0000 | abs_interaction_reward=0.0000 | anti_stag_reward=0.0000 | abs_anti_stag_reward=0.0000 | wall_clear_reward=0.0000 | abs_wall_clear_reward=0.0000 | local_nav_reward=0.0000 | abs_local_nav_reward=0.0000 | robot_proximity_reward=-1.0119 | abs_robot_proximity_reward=1.0119 | robot_clearance_reward=0.0282 | context_neighbors_mean=2.48 | context_neighbors_max=4 | last_context_neighbors_mean=0.00 | last_context_neighbors_max=0 | actor_unlocked=0 | expl_noise=0.0779 | replay=8407 | interaction_replay=3859 | samples/sec=11.236
Episode 83 complete | agent_samples=8475 | env_steps=3428 | episode_env_steps=15 | episode_agent_samples=68 | mean_reward=-14.808 | success=2/5 | collision=3/5 | mean_final_distance=0.530 | mean_progress=0.0244 | min_laser=0.300 | mean_lin=0.241 | mean_ang=-0.409 | mean_robot_dist=inf | raw_reward=0.000 | adjusted_reward=0.000 | coop_agents=0/5 | mean_coop_neighbors=0.00 | active_neighbor_step_rate=0.868 | mean_active_neighbors_step=2.206 | max_active_neighbors_step=4 | interaction_reward=0.0000 | abs_interaction_reward=0.0000 | anti_stag_reward=0.0000 | abs_anti_stag_reward=0.0000 | wall_clear_reward=0.0000 | abs_wall_clear_reward=0.0000 | local_nav_reward=0.0000 | abs_local_nav_reward=0.0000 | robot_proximity_reward=-1.1864 | abs_robot_proximity_reward=1.1864 | robot_clearance_reward=0.0588 | context_neighbors_mean=2.25 | context_neighbors_max=4 | last_context_neighbors_mean=0.00 | last_context_neighbors_max=0 | actor_unlocked=0 | expl_noise=0.0779 | replay=8475 | interaction_replay=3919 | samples/sec=11.276
Episode 84 complete | agent_samples=8569 | env_steps=3463 | episode_env_steps=35 | episode_agent_samples=94 | mean_reward=72.793 | success=4/5 | collision=1/5 | mean_final_distance=0.381 | mean_progress=0.0222 | min_laser=0.340 | mean_lin=0.988 | mean_ang=-0.163 | mean_robot_dist=inf | raw_reward=20.000 | adjusted_reward=20.000 | coop_agents=0/5 | mean_coop_neighbors=0.00 | active_neighbor_step_rate=0.553 | mean_active_neighbors_step=1.234 | max_active_neighbors_step=4 | interaction_reward=0.0000 | abs_interaction_reward=0.0000 | anti_stag_reward=0.0000 | abs_anti_stag_reward=0.0000 | wall_clear_reward=0.0000 | abs_wall_clear_reward=0.0000 | local_nav_reward=0.0000 | abs_local_nav_reward=0.0000 | robot_proximity_reward=-0.6626 | abs_robot_proximity_reward=0.6626 | robot_clearance_reward=0.0587 | context_neighbors_mean=1.29 | context_neighbors_max=4 | last_context_neighbors_mean=0.00 | last_context_neighbors_max=0 | actor_unlocked=0 | expl_noise=0.0778 | replay=8569 | interaction_replay=3971 | samples/sec=11.286
Episode 85 complete | agent_samples=8633 | env_steps=3484 | episode_env_steps=21 | episode_agent_samples=64 | mean_reward=72.336 | success=4/5 | collision=1/5 | mean_final_distance=0.286 | mean_progress=-0.0009 | min_laser=0.331 | mean_lin=1.000 | mean_ang=-0.171 | mean_robot_dist=inf | raw_reward=-20.000 | adjusted_reward=-20.000 | coop_agents=0/5 | mean_coop_neighbors=0.00 | active_neighbor_step_rate=0.766 | mean_active_neighbors_step=1.766 | max_active_neighbors_step=4 | interaction_reward=0.0000 | abs_interaction_reward=0.0000 | anti_stag_reward=0.0000 | abs_anti_stag_reward=0.0000 | wall_clear_reward=0.0000 | abs_wall_clear_reward=0.0000 | local_nav_reward=0.0000 | abs_local_nav_reward=0.0000 | robot_proximity_reward=-0.5024 | abs_robot_proximity_reward=0.5024 | robot_clearance_reward=0.0625 | context_neighbors_mean=1.81 | context_neighbors_max=4 | last_context_neighbors_mean=0.00 | last_context_neighbors_max=0 | actor_unlocked=0 | expl_noise=0.0778 | replay=8633 | interaction_replay=3989 | samples/sec=11.301
Status | epoch=1 | next_eval_in=11367 agent_samples | checkpoint_every=10 episodes | checkpoint=./checkpoints/interaction_focused_actor_from_e7_fullstrong_balanced_v2_s20260726_latest.pt | model=interaction_focused_actor_from_e7_fullstrong_balanced_v2_s20260726
Coverage | unique_train_scenarios=85/2560 | deep=34 | close=34 | margin=17
Episode 86 complete | agent_samples=8670 | env_steps=3494 | episode_env_steps=10 | episode_agent_samples=37 | mean_reward=19.256 | success=3/5 | collision=2/5 | mean_final_distance=0.544 | mean_progress=0.0236 | min_laser=0.300 | mean_lin=0.806 | mean_ang=0.488 | mean_robot_dist=inf | raw_reward=20.000 | adjusted_reward=20.000 | coop_agents=0/5 | mean_coop_neighbors=0.00 | active_neighbor_step_rate=0.892 | mean_active_neighbors_step=2.297 | max_active_neighbors_step=4 | interaction_reward=0.0000 | abs_interaction_reward=0.0000 | anti_stag_reward=0.0000 | abs_anti_stag_reward=0.0000 | wall_clear_reward=0.0000 | abs_wall_clear_reward=0.0000 | local_nav_reward=0.0000 | abs_local_nav_reward=0.0000 | robot_proximity_reward=-1.1825 | abs_robot_proximity_reward=1.1825 | robot_clearance_reward=0.0000 | context_neighbors_mean=2.32 | context_neighbors_max=4 | last_context_neighbors_mean=0.00 | last_context_neighbors_max=0 | actor_unlocked=0 | expl_noise=0.0778 | replay=8670 | interaction_replay=4016 | samples/sec=11.316
Episode 87 complete | agent_samples=8758 | env_steps=3524 | episode_env_steps=30 | episode_agent_samples=88 | mean_reward=62.863 | success=4/5 | collision=1/5 | mean_final_distance=0.446 | mean_progress=0.0189 | min_laser=0.322 | mean_lin=0.960 | mean_ang=0.213 | mean_robot_dist=inf | raw_reward=-20.000 | adjusted_reward=-20.000 | coop_agents=0/5 | mean_coop_neighbors=0.00 | active_neighbor_step_rate=0.977 | mean_active_neighbors_step=1.784 | max_active_neighbors_step=4 | interaction_reward=0.0000 | abs_interaction_reward=0.0000 | anti_stag_reward=0.0000 | abs_anti_stag_reward=0.0000 | wall_clear_reward=0.0000 | abs_wall_clear_reward=0.0000 | local_nav_reward=0.0000 | abs_local_nav_reward=0.0000 | robot_proximity_reward=-0.5659 | abs_robot_proximity_reward=0.5659 | robot_clearance_reward=0.0000 | context_neighbors_mean=1.80 | context_neighbors_max=4 | last_context_neighbors_mean=0.00 | last_context_neighbors_max=0 | actor_unlocked=0 | expl_noise=0.0778 | replay=8758 | interaction_replay=4060 | samples/sec=11.334
Episode 88 complete | agent_samples=9124 | env_steps=3824 | episode_env_steps=300 | episode_agent_samples=366 | mean_reward=25.311 | success=3/5 | collision=1/5 | mean_final_distance=0.599 | mean_progress=-0.0000 | min_laser=0.324 | mean_lin=0.531 | mean_ang=0.242 | mean_robot_dist=inf | raw_reward=-0.016 | adjusted_reward=-0.016 | coop_agents=0/5 | mean_coop_neighbors=0.00 | active_neighbor_step_rate=0.238 | mean_active_neighbors_step=0.481 | max_active_neighbors_step=4 | interaction_reward=0.0000 | abs_interaction_reward=0.0000 | anti_stag_reward=0.0000 | abs_anti_stag_reward=0.0000 | wall_clear_reward=0.0000 | abs_wall_clear_reward=0.0000 | local_nav_reward=0.0000 | abs_local_nav_reward=0.0000 | robot_proximity_reward=-0.2271 | abs_robot_proximity_reward=0.2271 | robot_clearance_reward=0.0109 | context_neighbors_mean=0.50 | context_neighbors_max=4 | last_context_neighbors_mean=0.00 | last_context_neighbors_max=0 | actor_unlocked=0 | expl_noise=0.0776 | replay=9124 | interaction_replay=4118 | samples/sec=10.897
Episode 89 complete | agent_samples=9202 | env_steps=3860 | episode_env_steps=36 | episode_agent_samples=78 | mean_reward=124.577 | success=5/5 | collision=0/5 | mean_final_distance=0.267 | mean_progress=0.0067 | min_laser=0.666 | mean_lin=0.996 | mean_ang=0.200 | mean_robot_dist=inf | raw_reward=20.000 | adjusted_reward=20.000 | coop_agents=0/5 | mean_coop_neighbors=0.00 | active_neighbor_step_rate=0.692 | mean_active_neighbors_step=1.603 | max_active_neighbors_step=4 | interaction_reward=0.0000 | abs_interaction_reward=0.0000 | anti_stag_reward=0.0000 | abs_anti_stag_reward=0.0000 | wall_clear_reward=0.0000 | abs_wall_clear_reward=0.0000 | local_nav_reward=0.0000 | abs_local_nav_reward=0.0000 | robot_proximity_reward=-0.1351 | abs_robot_proximity_reward=0.1351 | robot_clearance_reward=0.0553 | context_neighbors_mean=1.62 | context_neighbors_max=4 | last_context_neighbors_mean=0.00 | last_context_neighbors_max=0 | actor_unlocked=0 | expl_noise=0.0776 | replay=9202 | interaction_replay=4126 | samples/sec=10.887
Episode 90 complete | agent_samples=9258 | env_steps=3879 | episode_env_steps=19 | episode_agent_samples=56 | mean_reward=107.596 | success=5/5 | collision=0/5 | mean_final_distance=0.256 | mean_progress=0.0251 | min_laser=0.610 | mean_lin=0.918 | mean_ang=0.570 | mean_robot_dist=inf | raw_reward=20.000 | adjusted_reward=20.000 | coop_agents=0/5 | mean_coop_neighbors=0.00 | active_neighbor_step_rate=0.786 | mean_active_neighbors_step=1.946 | max_active_neighbors_step=4 | interaction_reward=0.0000 | abs_interaction_reward=0.0000 | anti_stag_reward=0.0000 | abs_anti_stag_reward=0.0000 | wall_clear_reward=0.0000 | abs_wall_clear_reward=0.0000 | local_nav_reward=0.0000 | abs_local_nav_reward=0.0000 | robot_proximity_reward=-0.7232 | abs_robot_proximity_reward=0.7232 | robot_clearance_reward=0.1071 | context_neighbors_mean=2.02 | context_neighbors_max=4 | last_context_neighbors_mean=0.00 | last_context_neighbors_max=0 | actor_unlocked=0 | expl_noise=0.0776 | replay=9258 | interaction_replay=4170 | samples/sec=10.899
Status | epoch=1 | next_eval_in=10742 agent_samples | checkpoint_every=10 episodes | checkpoint=./checkpoints/interaction_focused_actor_from_e7_fullstrong_balanced_v2_s20260726_latest.pt | model=interaction_focused_actor_from_e7_fullstrong_balanced_v2_s20260726
Coverage | unique_train_scenarios=90/2560 | deep=36 | close=36 | margin=18
Checkpoint saved: ./checkpoints/interaction_focused_actor_from_e7_fullstrong_balanced_v2_s20260726_latest.pt
Episode 91 complete | agent_samples=9393 | env_steps=3922 | episode_env_steps=43 | episode_agent_samples=135 | mean_reward=128.756 | success=5/5 | collision=0/5 | mean_final_distance=0.255 | mean_progress=0.0178 | min_laser=0.626 | mean_lin=0.988 | mean_ang=-0.199 | mean_robot_dist=inf | raw_reward=20.000 | adjusted_reward=20.000 | coop_agents=0/5 | mean_coop_neighbors=0.00 | active_neighbor_step_rate=0.800 | mean_active_neighbors_step=1.778 | max_active_neighbors_step=4 | interaction_reward=0.0000 | abs_interaction_reward=0.0000 | anti_stag_reward=0.0000 | abs_anti_stag_reward=0.0000 | wall_clear_reward=0.0000 | abs_wall_clear_reward=0.0000 | local_nav_reward=0.0000 | abs_local_nav_reward=0.0000 | robot_proximity_reward=-0.1312 | abs_robot_proximity_reward=0.1312 | robot_clearance_reward=0.0439 | context_neighbors_mean=1.81 | context_neighbors_max=4 | last_context_neighbors_mean=0.00 | last_context_neighbors_max=0 | actor_unlocked=0 | expl_noise=0.0775 | replay=9393 | interaction_replay=4237 | samples/sec=10.935
Episode 92 complete | agent_samples=9559 | env_steps=3986 | episode_env_steps=64 | episode_agent_samples=166 | mean_reward=118.730 | success=5/5 | collision=0/5 | mean_final_distance=0.250 | mean_progress=0.0094 | min_laser=0.359 | mean_lin=0.800 | mean_ang=-0.220 | mean_robot_dist=inf | raw_reward=20.000 | adjusted_reward=20.000 | coop_agents=0/5 | mean_coop_neighbors=0.00 | active_neighbor_step_rate=0.675 | mean_active_neighbors_step=1.410 | max_active_neighbors_step=4 | interaction_reward=0.0000 | abs_interaction_reward=0.0000 | anti_stag_reward=0.0000 | abs_anti_stag_reward=0.0000 | wall_clear_reward=0.0000 | abs_wall_clear_reward=0.0000 | local_nav_reward=0.0000 | abs_local_nav_reward=0.0000 | robot_proximity_reward=-0.4857 | abs_robot_proximity_reward=0.4857 | robot_clearance_reward=0.0439 | context_neighbors_mean=1.43 | context_neighbors_max=4 | last_context_neighbors_mean=0.00 | last_context_neighbors_max=0 | actor_unlocked=0 | expl_noise=0.0775 | replay=9559 | interaction_replay=4301 | samples/sec=10.951
Episode 93 complete | agent_samples=9641 | env_steps=4031 | episode_env_steps=45 | episode_agent_samples=82 | mean_reward=64.295 | success=4/5 | collision=1/5 | mean_final_distance=0.501 | mean_progress=0.0070 | min_laser=0.328 | mean_lin=0.800 | mean_ang=0.200 | mean_robot_dist=inf | raw_reward=20.000 | adjusted_reward=20.000 | coop_agents=0/5 | mean_coop_neighbors=0.00 | active_neighbor_step_rate=0.488 | mean_active_neighbors_step=1.220 | max_active_neighbors_step=4 | interaction_reward=0.0000 | abs_interaction_reward=0.0000 | anti_stag_reward=0.0000 | abs_anti_stag_reward=0.0000 | wall_clear_reward=0.0000 | abs_wall_clear_reward=0.0000 | local_nav_reward=0.0000 | abs_local_nav_reward=0.0000 | robot_proximity_reward=-0.5661 | abs_robot_proximity_reward=0.5661 | robot_clearance_reward=0.0476 | context_neighbors_mean=1.23 | context_neighbors_max=4 | last_context_neighbors_mean=0.00 | last_context_neighbors_max=0 | actor_unlocked=0 | expl_noise=0.0775 | replay=9641 | interaction_replay=4331 | samples/sec=10.922
Episode 94 complete | agent_samples=9764 | env_steps=4064 | episode_env_steps=33 | episode_agent_samples=123 | mean_reward=131.161 | success=5/5 | collision=0/5 | mean_final_distance=0.252 | mean_progress=0.0119 | min_laser=0.538 | mean_lin=1.000 | mean_ang=0.569 | mean_robot_dist=inf | raw_reward=20.000 | adjusted_reward=20.000 | coop_agents=0/5 | mean_coop_neighbors=0.00 | active_neighbor_step_rate=0.805 | mean_active_neighbors_step=1.805 | max_active_neighbors_step=4 | interaction_reward=0.0000 | abs_interaction_reward=0.0000 | anti_stag_reward=0.0000 | abs_anti_stag_reward=0.0000 | wall_clear_reward=0.0000 | abs_wall_clear_reward=0.0000 | local_nav_reward=0.0000 | abs_local_nav_reward=0.0000 | robot_proximity_reward=-0.4301 | abs_robot_proximity_reward=0.4301 | robot_clearance_reward=0.1127 | context_neighbors_mean=1.89 | context_neighbors_max=4 | last_context_neighbors_mean=0.00 | last_context_neighbors_max=0 | actor_unlocked=0 | expl_noise=0.0775 | replay=9764 | interaction_replay=4432 | samples/sec=10.972
Episode 95 complete | agent_samples=9922 | env_steps=4149 | episode_env_steps=85 | episode_agent_samples=158 | mean_reward=117.000 | success=5/5 | collision=0/5 | mean_final_distance=0.265 | mean_progress=0.0118 | min_laser=0.540 | mean_lin=1.000 | mean_ang=-0.705 | mean_robot_dist=inf | raw_reward=20.000 | adjusted_reward=20.000 | coop_agents=0/5 | mean_coop_neighbors=0.00 | active_neighbor_step_rate=0.449 | mean_active_neighbors_step=1.082 | max_active_neighbors_step=4 | interaction_reward=0.0000 | abs_interaction_reward=0.0000 | anti_stag_reward=0.0000 | abs_anti_stag_reward=0.0000 | wall_clear_reward=0.0000 | abs_wall_clear_reward=0.0000 | local_nav_reward=0.0000 | abs_local_nav_reward=0.0000 | robot_proximity_reward=-0.1320 | abs_robot_proximity_reward=0.1320 | robot_clearance_reward=0.0224 | context_neighbors_mean=1.10 | context_neighbors_max=4 | last_context_neighbors_mean=0.00 | last_context_neighbors_max=0 | actor_unlocked=0 | expl_noise=0.0774 | replay=9922 | interaction_replay=4458 | samples/sec=10.923
Status | epoch=1 | next_eval_in=10078 agent_samples | checkpoint_every=10 episodes | checkpoint=./checkpoints/interaction_focused_actor_from_e7_fullstrong_balanced_v2_s20260726_latest.pt | model=interaction_focused_actor_from_e7_fullstrong_balanced_v2_s20260726
Coverage | unique_train_scenarios=95/2560 | deep=38 | close=38 | margin=19
Episode 96 complete | agent_samples=9990 | env_steps=4177 | episode_env_steps=28 | episode_agent_samples=68 | mean_reward=-19.425 | success=2/5 | collision=3/5 | mean_final_distance=0.701 | mean_progress=0.0020 | min_laser=0.300 | mean_lin=0.743 | mean_ang=0.562 | mean_robot_dist=inf | raw_reward=-20.000 | adjusted_reward=-20.000 | coop_agents=0/5 | mean_coop_neighbors=0.00 | active_neighbor_step_rate=0.647 | mean_active_neighbors_step=1.912 | max_active_neighbors_step=4 | interaction_reward=0.0000 | abs_interaction_reward=0.0000 | anti_stag_reward=0.0000 | abs_anti_stag_reward=0.0000 | wall_clear_reward=0.0000 | abs_wall_clear_reward=0.0000 | local_nav_reward=0.0000 | abs_local_nav_reward=0.0000 | robot_proximity_reward=-0.8146 | abs_robot_proximity_reward=0.8146 | robot_clearance_reward=0.0072 | context_neighbors_mean=1.93 | context_neighbors_max=4 | last_context_neighbors_mean=0.00 | last_context_neighbors_max=0 | actor_unlocked=0 | expl_noise=0.0774 | replay=9990 | interaction_replay=4499 | samples/sec=10.924
Episode 97 complete | agent_samples=10094 | env_steps=4207 | episode_env_steps=30 | episode_agent_samples=104 | mean_reward=27.994 | success=3/5 | collision=2/5 | mean_final_distance=0.467 | mean_progress=0.0235 | min_laser=0.300 | mean_lin=0.440 | mean_ang=-0.326 | mean_robot_dist=inf | raw_reward=20.000 | adjusted_reward=20.000 | coop_agents=0/5 | mean_coop_neighbors=0.00 | active_neighbor_step_rate=0.846 | mean_active_neighbors_step=1.856 | max_active_neighbors_step=4 | interaction_reward=0.0000 | abs_interaction_reward=0.0000 | anti_stag_reward=0.0000 | abs_anti_stag_reward=0.0000 | wall_clear_reward=0.0000 | abs_wall_clear_reward=0.0000 | local_nav_reward=0.0000 | abs_local_nav_reward=0.0000 | robot_proximity_reward=-0.3361 | abs_robot_proximity_reward=0.3361 | robot_clearance_reward=0.0242 | context_neighbors_mean=1.90 | context_neighbors_max=4 | last_context_neighbors_mean=0.00 | last_context_neighbors_max=0 | actor_unlocked=0 | expl_noise=0.0774 | replay=10094 | interaction_replay=4542 | samples/sec=10.958
Episode 98 complete | agent_samples=10155 | env_steps=4228 | episode_env_steps=21 | episode_agent_samples=61 | mean_reward=64.906 | success=4/5 | collision=1/5 | mean_final_distance=0.408 | mean_progress=0.0236 | min_laser=0.342 | mean_lin=0.863 | mean_ang=0.955 | mean_robot_dist=inf | raw_reward=20.000 | adjusted_reward=20.000 | coop_agents=0/5 | mean_coop_neighbors=0.00 | active_neighbor_step_rate=0.672 | mean_active_neighbors_step=1.262 | max_active_neighbors_step=4 | interaction_reward=0.0000 | abs_interaction_reward=0.0000 | anti_stag_reward=0.0000 | abs_anti_stag_reward=0.0000 | wall_clear_reward=0.0000 | abs_wall_clear_reward=0.0000 | local_nav_reward=0.0000 | abs_local_nav_reward=0.0000 | robot_proximity_reward=-0.2227 | abs_robot_proximity_reward=0.2227 | robot_clearance_reward=0.0333 | context_neighbors_mean=1.36 | context_neighbors_max=4 | last_context_neighbors_mean=0.00 | last_context_neighbors_max=0 | actor_unlocked=0 | expl_noise=0.0774 | replay=10155 | interaction_replay=4584 | samples/sec=10.968
Episode 99 complete | agent_samples=10303 | env_steps=4296 | episode_env_steps=68 | episode_agent_samples=148 | mean_reward=113.790 | success=5/5 | collision=0/5 | mean_final_distance=0.265 | mean_progress=0.0280 | min_laser=0.420 | mean_lin=0.984 | mean_ang=0.465 | mean_robot_dist=inf | raw_reward=20.000 | adjusted_reward=20.000 | coop_agents=0/5 | mean_coop_neighbors=0.00 | active_neighbor_step_rate=0.696 | mean_active_neighbors_step=1.986 | max_active_neighbors_step=4 | interaction_reward=0.0000 | abs_interaction_reward=0.0000 | anti_stag_reward=0.0000 | abs_anti_stag_reward=0.0000 | wall_clear_reward=0.0000 | abs_wall_clear_reward=0.0000 | local_nav_reward=0.0000 | abs_local_nav_reward=0.0000 | robot_proximity_reward=-0.2186 | abs_robot_proximity_reward=0.2186 | robot_clearance_reward=0.0094 | context_neighbors_mean=2.01 | context_neighbors_max=4 | last_context_neighbors_mean=0.00 | last_context_neighbors_max=0 | actor_unlocked=0 | expl_noise=0.0773 | replay=10303 | interaction_replay=4609 | samples/sec=10.954
Episode 100 complete | agent_samples=10441 | env_steps=4337 | episode_env_steps=41 | episode_agent_samples=138 | mean_reward=113.614 | success=5/5 | collision=0/5 | mean_final_distance=0.280 | mean_progress=0.0042 | min_laser=0.417 | mean_lin=0.416 | mean_ang=-0.248 | mean_robot_dist=inf | raw_reward=20.000 | adjusted_reward=20.000 | coop_agents=0/5 | mean_coop_neighbors=0.00 | active_neighbor_step_rate=0.804 | mean_active_neighbors_step=1.659 | max_active_neighbors_step=4 | interaction_reward=0.0000 | abs_interaction_reward=0.0000 | anti_stag_reward=0.0000 | abs_anti_stag_reward=0.0000 | wall_clear_reward=0.0000 | abs_wall_clear_reward=0.0000 | local_nav_reward=0.0000 | abs_local_nav_reward=0.0000 | robot_proximity_reward=-0.3967 | abs_robot_proximity_reward=0.3967 | robot_clearance_reward=0.0712 | context_neighbors_mean=1.69 | context_neighbors_max=4 | last_context_neighbors_mean=0.00 | last_context_neighbors_max=0 | actor_unlocked=0 | expl_noise=0.0773 | replay=10441 | interaction_replay=4707 | samples/sec=10.995
Status | epoch=1 | next_eval_in=9559 agent_samples | checkpoint_every=10 episodes | checkpoint=./checkpoints/interaction_focused_actor_from_e7_fullstrong_balanced_v2_s20260726_latest.pt | model=interaction_focused_actor_from_e7_fullstrong_balanced_v2_s20260726
Coverage | unique_train_scenarios=100/2560 | deep=40 | close=40 | margin=20
Checkpoint saved: ./checkpoints/interaction_focused_actor_from_e7_fullstrong_balanced_v2_s20260726_latest.pt
Episode 101 complete | agent_samples=10806 | env_steps=4637 | episode_env_steps=300 | episode_agent_samples=365 | mean_reward=80.018 | success=4/5 | collision=0/5 | mean_final_distance=0.636 | mean_progress=0.0001 | min_laser=0.676 | mean_lin=0.800 | mean_ang=-0.559 | mean_robot_dist=inf | raw_reward=-0.049 | adjusted_reward=-0.049 | coop_agents=0/5 | mean_coop_neighbors=0.00 | active_neighbor_step_rate=0.178 | mean_active_neighbors_step=0.370 | max_active_neighbors_step=4 | interaction_reward=0.0000 | abs_interaction_reward=0.0000 | anti_stag_reward=0.0000 | abs_anti_stag_reward=0.0000 | wall_clear_reward=0.0000 | abs_wall_clear_reward=0.0000 | local_nav_reward=0.0000 | abs_local_nav_reward=0.0000 | robot_proximity_reward=0.0000 | abs_robot_proximity_reward=0.0000 | robot_clearance_reward=0.0000 | context_neighbors_mean=0.38 | context_neighbors_max=4 | last_context_neighbors_mean=0.00 | last_context_neighbors_max=0 | actor_unlocked=0 | expl_noise=0.0771 | replay=10806 | interaction_replay=4714 | samples/sec=10.656
Episode 102 complete | agent_samples=10888 | env_steps=4665 | episode_env_steps=28 | episode_agent_samples=82 | mean_reward=99.105 | success=5/5 | collision=0/5 | mean_final_distance=0.260 | mean_progress=0.0139 | min_laser=0.426 | mean_lin=0.743 | mean_ang=-0.192 | mean_robot_dist=inf | raw_reward=20.000 | adjusted_reward=20.000 | coop_agents=0/5 | mean_coop_neighbors=0.00 | active_neighbor_step_rate=0.720 | mean_active_neighbors_step=1.780 | max_active_neighbors_step=4 | interaction_reward=0.0000 | abs_interaction_reward=0.0000 | anti_stag_reward=0.0000 | abs_anti_stag_reward=0.0000 | wall_clear_reward=0.0000 | abs_wall_clear_reward=0.0000 | local_nav_reward=0.0000 | abs_local_nav_reward=0.0000 | robot_proximity_reward=-0.6589 | abs_robot_proximity_reward=0.6589 | robot_clearance_reward=0.0711 | context_neighbors_mean=1.83 | context_neighbors_max=4 | last_context_neighbors_mean=0.00 | last_context_neighbors_max=0 | actor_unlocked=0 | expl_noise=0.0771 | replay=10888 | interaction_replay=4775 | samples/sec=10.672
Episode 103 complete | agent_samples=11118 | env_steps=4766 | episode_env_steps=101 | episode_agent_samples=230 | mean_reward=116.697 | success=5/5 | collision=0/5 | mean_final_distance=0.241 | mean_progress=0.0191 | min_laser=0.423 | mean_lin=1.000 | mean_ang=0.144 | mean_robot_dist=inf | raw_reward=20.000 | adjusted_reward=20.000 | coop_agents=0/5 | mean_coop_neighbors=0.00 | active_neighbor_step_rate=0.622 | mean_active_neighbors_step=1.483 | max_active_neighbors_step=4 | interaction_reward=0.0000 | abs_interaction_reward=0.0000 | anti_stag_reward=0.0000 | abs_anti_stag_reward=0.0000 | wall_clear_reward=0.0000 | abs_wall_clear_reward=0.0000 | local_nav_reward=0.0000 | abs_local_nav_reward=0.0000 | robot_proximity_reward=-0.2592 | abs_robot_proximity_reward=0.2592 | robot_clearance_reward=0.0218 | context_neighbors_mean=1.51 | context_neighbors_max=4 | last_context_neighbors_mean=0.00 | last_context_neighbors_max=0 | actor_unlocked=0 | expl_noise=0.0770 | replay=11118 | interaction_replay=4851 | samples/sec=10.668
Episode 104 complete | agent_samples=11231 | env_steps=4809 | episode_env_steps=43 | episode_agent_samples=113 | mean_reward=105.511 | success=5/5 | collision=0/5 | mean_final_distance=0.266 | mean_progress=0.0016 | min_laser=0.397 | mean_lin=0.995 | mean_ang=-0.060 | mean_robot_dist=inf | raw_reward=20.000 | adjusted_reward=20.000 | coop_agents=0/5 | mean_coop_neighbors=0.00 | active_neighbor_step_rate=0.619 | mean_active_neighbors_step=1.274 | max_active_neighbors_step=4 | interaction_reward=0.0000 | abs_interaction_reward=0.0000 | anti_stag_reward=0.0000 | abs_anti_stag_reward=0.0000 | wall_clear_reward=0.0000 | abs_wall_clear_reward=0.0000 | local_nav_reward=0.0000 | abs_local_nav_reward=0.0000 | robot_proximity_reward=-0.3772 | abs_robot_proximity_reward=0.3772 | robot_clearance_reward=0.0354 | context_neighbors_mean=1.31 | context_neighbors_max=4 | last_context_neighbors_mean=0.00 | last_context_neighbors_max=0 | actor_unlocked=0 | expl_noise=0.0770 | replay=11231 | interaction_replay=4879 | samples/sec=10.680
Episode 105 complete | agent_samples=11437 | env_steps=4925 | episode_env_steps=116 | episode_agent_samples=206 | mean_reward=131.039 | success=5/5 | collision=0/5 | mean_final_distance=0.265 | mean_progress=0.0094 | min_laser=0.432 | mean_lin=0.824 | mean_ang=-0.600 | mean_robot_dist=inf | raw_reward=20.000 | adjusted_reward=20.000 | coop_agents=0/5 | mean_coop_neighbors=0.00 | active_neighbor_step_rate=0.510 | mean_active_neighbors_step=1.039 | max_active_neighbors_step=4 | interaction_reward=0.0000 | abs_interaction_reward=0.0000 | anti_stag_reward=0.0000 | abs_anti_stag_reward=0.0000 | wall_clear_reward=0.0000 | abs_wall_clear_reward=0.0000 | local_nav_reward=0.0000 | abs_local_nav_reward=0.0000 | robot_proximity_reward=0.0000 | abs_robot_proximity_reward=0.0000 | robot_clearance_reward=0.0000 | context_neighbors_mean=1.06 | context_neighbors_max=4 | last_context_neighbors_mean=0.00 | last_context_neighbors_max=0 | actor_unlocked=0 | expl_noise=0.0769 | replay=11437 | interaction_replay=4895 | samples/sec=10.622
Status | epoch=1 | next_eval_in=8563 agent_samples | checkpoint_every=10 episodes | checkpoint=./checkpoints/interaction_focused_actor_from_e7_fullstrong_balanced_v2_s20260726_latest.pt | model=interaction_focused_actor_from_e7_fullstrong_balanced_v2_s20260726
Coverage | unique_train_scenarios=105/2560 | deep=42 | close=42 | margin=21
Episode 106 complete | agent_samples=11507 | env_steps=4946 | episode_env_steps=21 | episode_agent_samples=70 | mean_reward=65.949 | success=4/5 | collision=1/5 | mean_final_distance=0.300 | mean_progress=0.0267 | min_laser=0.326 | mean_lin=0.800 | mean_ang=0.781 | mean_robot_dist=inf | raw_reward=20.000 | adjusted_reward=20.000 | coop_agents=0/5 | mean_coop_neighbors=0.00 | active_neighbor_step_rate=0.671 | mean_active_neighbors_step=1.614 | max_active_neighbors_step=4 | interaction_reward=0.0000 | abs_interaction_reward=0.0000 | anti_stag_reward=0.0000 | abs_anti_stag_reward=0.0000 | wall_clear_reward=0.0000 | abs_wall_clear_reward=0.0000 | local_nav_reward=0.0000 | abs_local_nav_reward=0.0000 | robot_proximity_reward=-1.1047 | abs_robot_proximity_reward=1.1047 | robot_clearance_reward=0.0286 | context_neighbors_mean=1.69 | context_neighbors_max=4 | last_context_neighbors_mean=0.00 | last_context_neighbors_max=0 | actor_unlocked=0 | expl_noise=0.0769 | replay=11507 | interaction_replay=4943 | samples/sec=10.642
Episode 107 complete | agent_samples=11572 | env_steps=4962 | episode_env_steps=16 | episode_agent_samples=65 | mean_reward=62.195 | success=4/5 | collision=1/5 | mean_final_distance=0.466 | mean_progress=0.0179 | min_laser=0.300 | mean_lin=0.873 | mean_ang=0.553 | mean_robot_dist=inf | raw_reward=20.000 | adjusted_reward=20.000 | coop_agents=0/5 | mean_coop_neighbors=0.00 | active_neighbor_step_rate=0.908 | mean_active_neighbors_step=2.308 | max_active_neighbors_step=4 | interaction_reward=0.0000 | abs_interaction_reward=0.0000 | anti_stag_reward=0.0000 | abs_anti_stag_reward=0.0000 | wall_clear_reward=0.0000 | abs_wall_clear_reward=0.0000 | local_nav_reward=0.0000 | abs_local_nav_reward=0.0000 | robot_proximity_reward=-0.9290 | abs_robot_proximity_reward=0.9290 | robot_clearance_reward=0.0678 | context_neighbors_mean=2.43 | context_neighbors_max=4 | last_context_neighbors_mean=0.00 | last_context_neighbors_max=0 | actor_unlocked=0 | expl_noise=0.0769 | replay=11572 | interaction_replay=5000 | samples/sec=10.667
Episode 108 complete | agent_samples=11667 | env_steps=4991 | episode_env_steps=29 | episode_agent_samples=95 | mean_reward=115.456 | success=5/5 | collision=0/5 | mean_final_distance=0.256 | mean_progress=0.0065 | min_laser=0.456 | mean_lin=0.842 | mean_ang=0.091 | mean_robot_dist=inf | raw_reward=20.000 | adjusted_reward=20.000 | coop_agents=0/5 | mean_coop_neighbors=0.00 | active_neighbor_step_rate=0.779 | mean_active_neighbors_step=1.821 | max_active_neighbors_step=4 | interaction_reward=0.0000 | abs_interaction_reward=0.0000 | anti_stag_reward=0.0000 | abs_anti_stag_reward=0.0000 | wall_clear_reward=0.0000 | abs_wall_clear_reward=0.0000 | local_nav_reward=0.0000 | abs_local_nav_reward=0.0000 | robot_proximity_reward=-0.3056 | abs_robot_proximity_reward=0.3056 | robot_clearance_reward=0.0571 | context_neighbors_mean=1.82 | context_neighbors_max=4 | last_context_neighbors_mean=0.00 | last_context_neighbors_max=0 | actor_unlocked=0 | expl_noise=0.0769 | replay=11667 | interaction_replay=5038 | samples/sec=10.691
Episode 109 complete | agent_samples=11887 | env_steps=5075 | episode_env_steps=84 | episode_agent_samples=220 | mean_reward=21.118 | success=3/5 | collision=2/5 | mean_final_distance=0.909 | mean_progress=0.0234 | min_laser=0.326 | mean_lin=0.826 | mean_ang=0.066 | mean_robot_dist=inf | raw_reward=20.000 | adjusted_reward=20.000 | coop_agents=0/5 | mean_coop_neighbors=0.00 | active_neighbor_step_rate=0.577 | mean_active_neighbors_step=1.195 | max_active_neighbors_step=4 | interaction_reward=0.0000 | abs_interaction_reward=0.0000 | anti_stag_reward=0.0000 | abs_anti_stag_reward=0.0000 | wall_clear_reward=0.0000 | abs_wall_clear_reward=0.0000 | local_nav_reward=0.0000 | abs_local_nav_reward=0.0000 | robot_proximity_reward=-0.3897 | abs_robot_proximity_reward=0.3897 | robot_clearance_reward=0.0286 | context_neighbors_mean=1.20 | context_neighbors_max=4 | last_context_neighbors_mean=0.00 | last_context_neighbors_max=0 | actor_unlocked=0 | expl_noise=0.0768 | replay=11887 | interaction_replay=5146 | samples/sec=10.714
Episode 110 complete | agent_samples=11950 | env_steps=5097 | episode_env_steps=22 | episode_agent_samples=63 | mean_reward=78.516 | success=4/5 | collision=1/5 | mean_final_distance=0.407 | mean_progress=0.0250 | min_laser=0.349 | mean_lin=1.000 | mean_ang=0.600 | mean_robot_dist=inf | raw_reward=-20.000 | adjusted_reward=-20.000 | coop_agents=0/5 | mean_coop_neighbors=0.00 | active_neighbor_step_rate=0.762 | mean_active_neighbors_step=1.825 | max_active_neighbors_step=4 | interaction_reward=0.0000 | abs_interaction_reward=0.0000 | anti_stag_reward=0.0000 | abs_anti_stag_reward=0.0000 | wall_clear_reward=0.0000 | abs_wall_clear_reward=0.0000 | local_nav_reward=0.0000 | abs_local_nav_reward=0.0000 | robot_proximity_reward=-0.0952 | abs_robot_proximity_reward=0.0952 | robot_clearance_reward=0.0685 | context_neighbors_mean=1.83 | context_neighbors_max=4 | last_context_neighbors_mean=0.00 | last_context_neighbors_max=0 | actor_unlocked=0 | expl_noise=0.0768 | replay=11950 | interaction_replay=5160 | samples/sec=10.723
Status | epoch=1 | next_eval_in=8050 agent_samples | checkpoint_every=10 episodes | checkpoint=./checkpoints/interaction_focused_actor_from_e7_fullstrong_balanced_v2_s20260726_latest.pt | model=interaction_focused_actor_from_e7_fullstrong_balanced_v2_s20260726
Coverage | unique_train_scenarios=110/2560 | deep=44 | close=44 | margin=22
Checkpoint saved: ./checkpoints/interaction_focused_actor_from_e7_fullstrong_balanced_v2_s20260726_latest.pt
Episode 111 complete | agent_samples=12011 | env_steps=5113 | episode_env_steps=16 | episode_agent_samples=61 | mean_reward=70.324 | success=4/5 | collision=1/5 | mean_final_distance=0.543 | mean_progress=0.0231 | min_laser=0.345 | mean_lin=0.667 | mean_ang=0.200 | mean_robot_dist=inf | raw_reward=20.000 | adjusted_reward=20.000 | coop_agents=0/5 | mean_coop_neighbors=0.00 | active_neighbor_step_rate=0.738 | mean_active_neighbors_step=2.033 | max_active_neighbors_step=4 | interaction_reward=0.0000 | abs_interaction_reward=0.0000 | anti_stag_reward=0.0000 | abs_anti_stag_reward=0.0000 | wall_clear_reward=0.0000 | abs_wall_clear_reward=0.0000 | local_nav_reward=0.0000 | abs_local_nav_reward=0.0000 | robot_proximity_reward=0.0000 | abs_robot_proximity_reward=0.0000 | robot_clearance_reward=0.0000 | context_neighbors_mean=2.03 | context_neighbors_max=4 | last_context_neighbors_mean=0.00 | last_context_neighbors_max=0 | actor_unlocked=0 | expl_noise=0.0768 | replay=12011 | interaction_replay=5184 | samples/sec=10.741
Episode 112 complete | agent_samples=12108 | env_steps=5160 | episode_env_steps=47 | episode_agent_samples=97 | mean_reward=105.014 | success=5/5 | collision=0/5 | mean_final_distance=0.256 | mean_progress=0.0085 | min_laser=0.623 | mean_lin=1.000 | mean_ang=0.270 | mean_robot_dist=inf | raw_reward=20.000 | adjusted_reward=20.000 | coop_agents=0/5 | mean_coop_neighbors=0.00 | active_neighbor_step_rate=0.588 | mean_active_neighbors_step=1.814 | max_active_neighbors_step=4 | interaction_reward=0.0000 | abs_interaction_reward=0.0000 | anti_stag_reward=0.0000 | abs_anti_stag_reward=0.0000 | wall_clear_reward=0.0000 | abs_wall_clear_reward=0.0000 | local_nav_reward=0.0000 | abs_local_nav_reward=0.0000 | robot_proximity_reward=-0.4020 | abs_robot_proximity_reward=0.4020 | robot_clearance_reward=0.0206 | context_neighbors_mean=1.80 | context_neighbors_max=4 | last_context_neighbors_mean=0.00 | last_context_neighbors_max=0 | actor_unlocked=0 | expl_noise=0.0768 | replay=12108 | interaction_replay=5209 | samples/sec=10.730
Episode 113 complete | agent_samples=12226 | env_steps=5199 | episode_env_steps=39 | episode_agent_samples=118 | mean_reward=115.414 | success=5/5 | collision=0/5 | mean_final_distance=0.268 | mean_progress=0.0041 | min_laser=0.579 | mean_lin=0.961 | mean_ang=-0.188 | mean_robot_dist=inf | raw_reward=20.000 | adjusted_reward=20.000 | coop_agents=0/5 | mean_coop_neighbors=0.00 | active_neighbor_step_rate=0.771 | mean_active_neighbors_step=1.441 | max_active_neighbors_step=4 | interaction_reward=0.0000 | abs_interaction_reward=0.0000 | anti_stag_reward=0.0000 | abs_anti_stag_reward=0.0000 | wall_clear_reward=0.0000 | abs_wall_clear_reward=0.0000 | local_nav_reward=0.0000 | abs_local_nav_reward=0.0000 | robot_proximity_reward=-0.0763 | abs_robot_proximity_reward=0.0763 | robot_clearance_reward=0.0169 | context_neighbors_mean=1.48 | context_neighbors_max=4 | last_context_neighbors_mean=0.00 | last_context_neighbors_max=0 | actor_unlocked=0 | expl_noise=0.0768 | replay=12226 | interaction_replay=5297 | samples/sec=10.753
Episode 114 complete | agent_samples=12328 | env_steps=5225 | episode_env_steps=26 | episode_agent_samples=102 | mean_reward=123.720 | success=5/5 | collision=0/5 | mean_final_distance=0.258 | mean_progress=0.0172 | min_laser=0.691 | mean_lin=1.000 | mean_ang=-0.202 | mean_robot_dist=inf | raw_reward=20.000 | adjusted_reward=20.000 | coop_agents=0/5 | mean_coop_neighbors=0.00 | active_neighbor_step_rate=0.676 | mean_active_neighbors_step=1.392 | max_active_neighbors_step=4 | interaction_reward=0.0000 | abs_interaction_reward=0.0000 | anti_stag_reward=0.0000 | abs_anti_stag_reward=0.0000 | wall_clear_reward=0.0000 | abs_wall_clear_reward=0.0000 | local_nav_reward=0.0000 | abs_local_nav_reward=0.0000 | robot_proximity_reward=-0.2960 | abs_robot_proximity_reward=0.2960 | robot_clearance_reward=0.0514 | context_neighbors_mean=1.43 | context_neighbors_max=4 | last_context_neighbors_mean=0.00 | last_context_neighbors_max=0 | actor_unlocked=0 | expl_noise=0.0767 | replay=12328 | interaction_replay=5332 | samples/sec=10.789
Episode 115 complete | agent_samples=12384 | env_steps=5242 | episode_env_steps=17 | episode_agent_samples=56 | mean_reward=110.831 | success=5/5 | collision=0/5 | mean_final_distance=0.272 | mean_progress=0.0053 | min_laser=0.548 | mean_lin=0.779 | mean_ang=-0.200 | mean_robot_dist=inf | raw_reward=20.000 | adjusted_reward=20.000 | coop_agents=0/5 | mean_coop_neighbors=0.00 | active_neighbor_step_rate=0.696 | mean_active_neighbors_step=1.429 | max_active_neighbors_step=3 | interaction_reward=0.0000 | abs_interaction_reward=0.0000 | anti_stag_reward=0.0000 | abs_anti_stag_reward=0.0000 | wall_clear_reward=0.0000 | abs_wall_clear_reward=0.0000 | local_nav_reward=0.0000 | abs_local_nav_reward=0.0000 | robot_proximity_reward=-0.1645 | abs_robot_proximity_reward=0.1645 | robot_clearance_reward=0.1108 | context_neighbors_mean=1.46 | context_neighbors_max=3 | last_context_neighbors_mean=0.00 | last_context_neighbors_max=0 | actor_unlocked=0 | expl_noise=0.0767 | replay=12384 | interaction_replay=5361 | samples/sec=10.801
Status | epoch=1 | next_eval_in=7616 agent_samples | checkpoint_every=10 episodes | checkpoint=./checkpoints/interaction_focused_actor_from_e7_fullstrong_balanced_v2_s20260726_latest.pt | model=interaction_focused_actor_from_e7_fullstrong_balanced_v2_s20260726
Coverage | unique_train_scenarios=115/2560 | deep=46 | close=46 | margin=23
Episode 116 complete | agent_samples=12628 | env_steps=5432 | episode_env_steps=190 | episode_agent_samples=244 | mean_reward=58.827 | success=4/5 | collision=1/5 | mean_final_distance=0.797 | mean_progress=-0.0063 | min_laser=0.313 | mean_lin=0.923 | mean_ang=0.600 | mean_robot_dist=inf | raw_reward=-20.000 | adjusted_reward=-20.000 | coop_agents=0/5 | mean_coop_neighbors=0.00 | active_neighbor_step_rate=0.246 | mean_active_neighbors_step=0.520 | max_active_neighbors_step=4 | interaction_reward=0.0000 | abs_interaction_reward=0.0000 | anti_stag_reward=0.0000 | abs_anti_stag_reward=0.0000 | wall_clear_reward=0.0000 | abs_wall_clear_reward=0.0000 | local_nav_reward=0.0000 | abs_local_nav_reward=0.0000 | robot_proximity_reward=0.0000 | abs_robot_proximity_reward=0.0000 | robot_clearance_reward=0.0000 | context_neighbors_mean=0.52 | context_neighbors_max=4 | last_context_neighbors_mean=0.00 | last_context_neighbors_max=0 | actor_unlocked=0 | expl_noise=0.0766 | replay=12628 | interaction_replay=5368 | samples/sec=10.634
Episode 117 complete | agent_samples=12706 | env_steps=5454 | episode_env_steps=22 | episode_agent_samples=78 | mean_reward=25.132 | success=3/5 | collision=2/5 | mean_final_distance=0.555 | mean_progress=0.0188 | min_laser=0.300 | mean_lin=0.791 | mean_ang=-0.165 | mean_robot_dist=inf | raw_reward=20.000 | adjusted_reward=20.000 | coop_agents=0/5 | mean_coop_neighbors=0.00 | active_neighbor_step_rate=0.615 | mean_active_neighbors_step=1.692 | max_active_neighbors_step=4 | interaction_reward=0.0000 | abs_interaction_reward=0.0000 | anti_stag_reward=0.0000 | abs_anti_stag_reward=0.0000 | wall_clear_reward=0.0000 | abs_wall_clear_reward=0.0000 | local_nav_reward=0.0000 | abs_local_nav_reward=0.0000 | robot_proximity_reward=-0.5281 | abs_robot_proximity_reward=0.5281 | robot_clearance_reward=0.0000 | context_neighbors_mean=1.73 | context_neighbors_max=4 | last_context_neighbors_mean=0.00 | last_context_neighbors_max=0 | actor_unlocked=0 | expl_noise=0.0766 | replay=12706 | interaction_replay=5388 | samples/sec=10.656
Episode 118 complete | agent_samples=12863 | env_steps=5500 | episode_env_steps=46 | episode_agent_samples=157 | mean_reward=118.846 | success=5/5 | collision=0/5 | mean_final_distance=0.273 | mean_progress=0.0098 | min_laser=0.552 | mean_lin=0.968 | mean_ang=-0.437 | mean_robot_dist=inf | raw_reward=20.000 | adjusted_reward=20.000 | coop_agents=0/5 | mean_coop_neighbors=0.00 | active_neighbor_step_rate=0.669 | mean_active_neighbors_step=1.395 | max_active_neighbors_step=4 | interaction_reward=0.0000 | abs_interaction_reward=0.0000 | anti_stag_reward=0.0000 | abs_anti_stag_reward=0.0000 | wall_clear_reward=0.0000 | abs_wall_clear_reward=0.0000 | local_nav_reward=0.0000 | abs_local_nav_reward=0.0000 | robot_proximity_reward=-0.0508 | abs_robot_proximity_reward=0.0508 | robot_clearance_reward=0.0287 | context_neighbors_mean=1.43 | context_neighbors_max=4 | last_context_neighbors_mean=0.00 | last_context_neighbors_max=0 | actor_unlocked=0 | expl_noise=0.0766 | replay=12863 | interaction_replay=5455 | samples/sec=10.698
Episode 119 complete | agent_samples=12926 | env_steps=5519 | episode_env_steps=19 | episode_agent_samples=63 | mean_reward=120.139 | success=5/5 | collision=0/5 | mean_final_distance=0.265 | mean_progress=0.0116 | min_laser=0.614 | mean_lin=0.983 | mean_ang=0.021 | mean_robot_dist=inf | raw_reward=20.000 | adjusted_reward=20.000 | coop_agents=0/5 | mean_coop_neighbors=0.00 | active_neighbor_step_rate=0.571 | mean_active_neighbors_step=1.079 | max_active_neighbors_step=4 | interaction_reward=0.0000 | abs_interaction_reward=0.0000 | anti_stag_reward=0.0000 | abs_anti_stag_reward=0.0000 | wall_clear_reward=0.0000 | abs_wall_clear_reward=0.0000 | local_nav_reward=0.0000 | abs_local_nav_reward=0.0000 | robot_proximity_reward=-0.3886 | abs_robot_proximity_reward=0.3886 | robot_clearance_reward=0.0433 | context_neighbors_mean=1.14 | context_neighbors_max=4 | last_context_neighbors_mean=0.00 | last_context_neighbors_max=0 | actor_unlocked=0 | expl_noise=0.0766 | replay=12926 | interaction_replay=5481 | samples/sec=10.713
Episode 120 complete | agent_samples=13032 | env_steps=5544 | episode_env_steps=25 | episode_agent_samples=106 | mean_reward=122.175 | success=5/5 | collision=0/5 | mean_final_distance=0.274 | mean_progress=0.0114 | min_laser=0.510 | mean_lin=0.753 | mean_ang=-0.577 | mean_robot_dist=inf | raw_reward=20.000 | adjusted_reward=20.000 | coop_agents=0/5 | mean_coop_neighbors=0.00 | active_neighbor_step_rate=0.849 | mean_active_neighbors_step=2.377 | max_active_neighbors_step=4 | interaction_reward=0.0000 | abs_interaction_reward=0.0000 | anti_stag_reward=0.0000 | abs_anti_stag_reward=0.0000 | wall_clear_reward=0.0000 | abs_wall_clear_reward=0.0000 | local_nav_reward=0.0000 | abs_local_nav_reward=0.0000 | robot_proximity_reward=-0.3844 | abs_robot_proximity_reward=0.3844 | robot_clearance_reward=0.0986 | context_neighbors_mean=2.41 | context_neighbors_max=4 | last_context_neighbors_mean=0.00 | last_context_neighbors_max=0 | actor_unlocked=0 | expl_noise=0.0765 | replay=13032 | interaction_replay=5535 | samples/sec=10.751
Status | epoch=1 | next_eval_in=6968 agent_samples | checkpoint_every=10 episodes | checkpoint=./checkpoints/interaction_focused_actor_from_e7_fullstrong_balanced_v2_s20260726_latest.pt | model=interaction_focused_actor_from_e7_fullstrong_balanced_v2_s20260726
Coverage | unique_train_scenarios=120/2560 | deep=48 | close=48 | margin=24
Checkpoint saved: ./checkpoints/interaction_focused_actor_from_e7_fullstrong_balanced_v2_s20260726_latest.pt
Episode 121 complete | agent_samples=13157 | env_steps=5614 | episode_env_steps=70 | episode_agent_samples=125 | mean_reward=109.172 | success=5/5 | collision=0/5 | mean_final_distance=0.253 | mean_progress=0.0108 | min_laser=0.447 | mean_lin=0.811 | mean_ang=0.460 | mean_robot_dist=inf | raw_reward=20.000 | adjusted_reward=20.000 | coop_agents=0/5 | mean_coop_neighbors=0.00 | active_neighbor_step_rate=0.552 | mean_active_neighbors_step=1.432 | max_active_neighbors_step=4 | interaction_reward=0.0000 | abs_interaction_reward=0.0000 | anti_stag_reward=0.0000 | abs_anti_stag_reward=0.0000 | wall_clear_reward=0.0000 | abs_wall_clear_reward=0.0000 | local_nav_reward=0.0000 | abs_local_nav_reward=0.0000 | robot_proximity_reward=-0.0099 | abs_robot_proximity_reward=0.0099 | robot_clearance_reward=0.0245 | context_neighbors_mean=1.44 | context_neighbors_max=4 | last_context_neighbors_mean=0.00 | last_context_neighbors_max=0 | actor_unlocked=0 | expl_noise=0.0765 | replay=13157 | interaction_replay=5563 | samples/sec=10.718
Episode 122 complete | agent_samples=13224 | env_steps=5634 | episode_env_steps=20 | episode_agent_samples=67 | mean_reward=65.048 | success=4/5 | collision=1/5 | mean_final_distance=0.532 | mean_progress=0.0002 | min_laser=0.349 | mean_lin=0.593 | mean_ang=0.224 | mean_robot_dist=inf | raw_reward=-20.000 | adjusted_reward=-20.000 | coop_agents=0/5 | mean_coop_neighbors=0.00 | active_neighbor_step_rate=0.896 | mean_active_neighbors_step=2.104 | max_active_neighbors_step=4 | interaction_reward=0.0000 | abs_interaction_reward=0.0000 | anti_stag_reward=0.0000 | abs_anti_stag_reward=0.0000 | wall_clear_reward=0.0000 | abs_wall_clear_reward=0.0000 | local_nav_reward=0.0000 | abs_local_nav_reward=0.0000 | robot_proximity_reward=-0.5676 | abs_robot_proximity_reward=0.5676 | robot_clearance_reward=0.0672 | context_neighbors_mean=2.15 | context_neighbors_max=4 | last_context_neighbors_mean=0.00 | last_context_neighbors_max=0 | actor_unlocked=0 | expl_noise=0.0765 | replay=13224 | interaction_replay=5615 | samples/sec=10.734
Episode 123 complete | agent_samples=13299 | env_steps=5661 | episode_env_steps=27 | episode_agent_samples=75 | mean_reward=104.871 | success=5/5 | collision=0/5 | mean_final_distance=0.260 | mean_progress=0.0092 | min_laser=0.639 | mean_lin=0.856 | mean_ang=0.303 | mean_robot_dist=inf | raw_reward=20.000 | adjusted_reward=20.000 | coop_agents=0/5 | mean_coop_neighbors=0.00 | active_neighbor_step_rate=0.707 | mean_active_neighbors_step=1.507 | max_active_neighbors_step=4 | interaction_reward=0.0000 | abs_interaction_reward=0.0000 | anti_stag_reward=0.0000 | abs_anti_stag_reward=0.0000 | wall_clear_reward=0.0000 | abs_wall_clear_reward=0.0000 | local_nav_reward=0.0000 | abs_local_nav_reward=0.0000 | robot_proximity_reward=-0.4705 | abs_robot_proximity_reward=0.4705 | robot_clearance_reward=0.0000 | context_neighbors_mean=1.56 | context_neighbors_max=4 | last_context_neighbors_mean=0.00 | last_context_neighbors_max=0 | actor_unlocked=0 | expl_noise=0.0765 | replay=13299 | interaction_replay=5663 | samples/sec=10.742
Episode 124 complete | agent_samples=13424 | env_steps=5720 | episode_env_steps=59 | episode_agent_samples=125 | mean_reward=114.170 | success=5/5 | collision=0/5 | mean_final_distance=0.262 | mean_progress=0.0037 | min_laser=0.519 | mean_lin=0.869 | mean_ang=-0.438 | mean_robot_dist=inf | raw_reward=20.000 | adjusted_reward=20.000 | coop_agents=0/5 | mean_coop_neighbors=0.00 | active_neighbor_step_rate=0.488 | mean_active_neighbors_step=0.952 | max_active_neighbors_step=4 | interaction_reward=0.0000 | abs_interaction_reward=0.0000 | anti_stag_reward=0.0000 | abs_anti_stag_reward=0.0000 | wall_clear_reward=0.0000 | abs_wall_clear_reward=0.0000 | local_nav_reward=0.0000 | abs_local_nav_reward=0.0000 | robot_proximity_reward=-0.2691 | abs_robot_proximity_reward=0.2691 | robot_clearance_reward=0.0160 | context_neighbors_mean=0.96 | context_neighbors_max=4 | last_context_neighbors_mean=0.00 | last_context_neighbors_max=0 | actor_unlocked=0 | expl_noise=0.0764 | replay=13424 | interaction_replay=5715 | samples/sec=10.731
Episode 125 complete | agent_samples=13495 | env_steps=5742 | episode_env_steps=22 | episode_agent_samples=71 | mean_reward=79.571 | success=4/5 | collision=1/5 | mean_final_distance=0.306 | mean_progress=0.0229 | min_laser=0.322 | mean_lin=0.793 | mean_ang=0.242 | mean_robot_dist=inf | raw_reward=20.000 | adjusted_reward=20.000 | coop_agents=0/5 | mean_coop_neighbors=0.00 | active_neighbor_step_rate=0.732 | mean_active_neighbors_step=2.014 | max_active_neighbors_step=4 | interaction_reward=0.0000 | abs_interaction_reward=0.0000 | anti_stag_reward=0.0000 | abs_anti_stag_reward=0.0000 | wall_clear_reward=0.0000 | abs_wall_clear_reward=0.0000 | local_nav_reward=0.0000 | abs_local_nav_reward=0.0000 | robot_proximity_reward=-0.0289 | abs_robot_proximity_reward=0.0289 | robot_clearance_reward=0.0358 | context_neighbors_mean=2.10 | context_neighbors_max=4 | last_context_neighbors_mean=0.00 | last_context_neighbors_max=0 | actor_unlocked=0 | expl_noise=0.0764 | replay=13495 | interaction_replay=5767 | samples/sec=10.746
Status | epoch=1 | next_eval_in=6505 agent_samples | checkpoint_every=10 episodes | checkpoint=./checkpoints/interaction_focused_actor_from_e7_fullstrong_balanced_v2_s20260726_latest.pt | model=interaction_focused_actor_from_e7_fullstrong_balanced_v2_s20260726
Coverage | unique_train_scenarios=125/2560 | deep=50 | close=50 | margin=25
Episode 126 complete | agent_samples=13576 | env_steps=5780 | episode_env_steps=38 | episode_agent_samples=81 | mean_reward=75.509 | success=4/5 | collision=1/5 | mean_final_distance=0.490 | mean_progress=0.0165 | min_laser=0.329 | mean_lin=0.850 | mean_ang=0.213 | mean_robot_dist=inf | raw_reward=20.000 | adjusted_reward=20.000 | coop_agents=0/5 | mean_coop_neighbors=0.00 | active_neighbor_step_rate=0.617 | mean_active_neighbors_step=1.543 | max_active_neighbors_step=4 | interaction_reward=0.0000 | abs_interaction_reward=0.0000 | anti_stag_reward=0.0000 | abs_anti_stag_reward=0.0000 | wall_clear_reward=0.0000 | abs_wall_clear_reward=0.0000 | local_nav_reward=0.0000 | abs_local_nav_reward=0.0000 | robot_proximity_reward=-0.5158 | abs_robot_proximity_reward=0.5158 | robot_clearance_reward=0.0000 | context_neighbors_mean=1.54 | context_neighbors_max=4 | last_context_neighbors_mean=0.00 | last_context_neighbors_max=0 | actor_unlocked=0 | expl_noise=0.0764 | replay=13576 | interaction_replay=5814 | samples/sec=10.740
Episode 127 complete | agent_samples=13686 | env_steps=5815 | episode_env_steps=35 | episode_agent_samples=110 | mean_reward=71.814 | success=4/5 | collision=1/5 | mean_final_distance=0.587 | mean_progress=0.0100 | min_laser=0.340 | mean_lin=0.815 | mean_ang=0.460 | mean_robot_dist=inf | raw_reward=20.000 | adjusted_reward=20.000 | coop_agents=0/5 | mean_coop_neighbors=0.00 | active_neighbor_step_rate=0.745 | mean_active_neighbors_step=1.745 | max_active_neighbors_step=4 | interaction_reward=0.0000 | abs_interaction_reward=0.0000 | anti_stag_reward=0.0000 | abs_anti_stag_reward=0.0000 | wall_clear_reward=0.0000 | abs_wall_clear_reward=0.0000 | local_nav_reward=0.0000 | abs_local_nav_reward=0.0000 | robot_proximity_reward=-0.4338 | abs_robot_proximity_reward=0.4338 | robot_clearance_reward=0.0182 | context_neighbors_mean=1.80 | context_neighbors_max=4 | last_context_neighbors_mean=0.00 | last_context_neighbors_max=0 | actor_unlocked=0 | expl_noise=0.0764 | replay=13686 | interaction_replay=5844 | samples/sec=10.761
Episode 128 complete | agent_samples=13791 | env_steps=5844 | episode_env_steps=29 | episode_agent_samples=105 | mean_reward=125.568 | success=5/5 | collision=0/5 | mean_final_distance=0.277 | mean_progress=0.0044 | min_laser=0.496 | mean_lin=0.996 | mean_ang=-0.680 | mean_robot_dist=inf | raw_reward=20.000 | adjusted_reward=20.000 | coop_agents=0/5 | mean_coop_neighbors=0.00 | active_neighbor_step_rate=0.667 | mean_active_neighbors_step=1.676 | max_active_neighbors_step=4 | interaction_reward=0.0000 | abs_interaction_reward=0.0000 | anti_stag_reward=0.0000 | abs_anti_stag_reward=0.0000 | wall_clear_reward=0.0000 | abs_wall_clear_reward=0.0000 | local_nav_reward=0.0000 | abs_local_nav_reward=0.0000 | robot_proximity_reward=0.0000 | abs_robot_proximity_reward=0.0000 | robot_clearance_reward=0.0000 | context_neighbors_mean=1.71 | context_neighbors_max=4 | last_context_neighbors_mean=0.00 | last_context_neighbors_max=0 | actor_unlocked=0 | expl_noise=0.0763 | replay=13791 | interaction_replay=5879 | samples/sec=10.790
Episode 129 complete | agent_samples=13897 | env_steps=5879 | episode_env_steps=35 | episode_agent_samples=106 | mean_reward=131.039 | success=5/5 | collision=0/5 | mean_final_distance=0.266 | mean_progress=0.0257 | min_laser=0.508 | mean_lin=0.983 | mean_ang=-0.186 | mean_robot_dist=inf | raw_reward=20.000 | adjusted_reward=20.000 | coop_agents=0/5 | mean_coop_neighbors=0.00 | active_neighbor_step_rate=0.764 | mean_active_neighbors_step=1.387 | max_active_neighbors_step=4 | interaction_reward=0.0000 | abs_interaction_reward=0.0000 | anti_stag_reward=0.0000 | abs_anti_stag_reward=0.0000 | wall_clear_reward=0.0000 | abs_wall_clear_reward=0.0000 | local_nav_reward=0.0000 | abs_local_nav_reward=0.0000 | robot_proximity_reward=-0.2332 | abs_robot_proximity_reward=0.2332 | robot_clearance_reward=0.0592 | context_neighbors_mean=1.41 | context_neighbors_max=4 | last_context_neighbors_mean=0.00 | last_context_neighbors_max=0 | actor_unlocked=0 | expl_noise=0.0763 | replay=13897 | interaction_replay=5908 | samples/sec=10.807
Episode 130 complete | agent_samples=13978 | env_steps=5918 | episode_env_steps=39 | episode_agent_samples=81 | mean_reward=93.757 | success=5/5 | collision=0/5 | mean_final_distance=0.261 | mean_progress=0.0096 | min_laser=0.598 | mean_lin=0.776 | mean_ang=-0.196 | mean_robot_dist=inf | raw_reward=20.000 | adjusted_reward=20.000 | coop_agents=0/5 | mean_coop_neighbors=0.00 | active_neighbor_step_rate=0.556 | mean_active_neighbors_step=1.296 | max_active_neighbors_step=4 | interaction_reward=0.0000 | abs_interaction_reward=0.0000 | anti_stag_reward=0.0000 | abs_anti_stag_reward=0.0000 | wall_clear_reward=0.0000 | abs_wall_clear_reward=0.0000 | local_nav_reward=0.0000 | abs_local_nav_reward=0.0000 | robot_proximity_reward=-0.5805 | abs_robot_proximity_reward=0.5805 | robot_clearance_reward=0.0494 | context_neighbors_mean=1.38 | context_neighbors_max=4 | last_context_neighbors_mean=0.00 | last_context_neighbors_max=0 | actor_unlocked=0 | expl_noise=0.0763 | replay=13978 | interaction_replay=5949 | samples/sec=10.799
Status | epoch=1 | next_eval_in=6022 agent_samples | checkpoint_every=10 episodes | checkpoint=./checkpoints/interaction_focused_actor_from_e7_fullstrong_balanced_v2_s20260726_latest.pt | model=interaction_focused_actor_from_e7_fullstrong_balanced_v2_s20260726
Coverage | unique_train_scenarios=130/2560 | deep=52 | close=52 | margin=26
Checkpoint saved: ./checkpoints/interaction_focused_actor_from_e7_fullstrong_balanced_v2_s20260726_latest.pt
Episode 131 complete | agent_samples=14033 | env_steps=5945 | episode_env_steps=27 | episode_agent_samples=55 | mean_reward=28.596 | success=3/5 | collision=2/5 | mean_final_distance=0.764 | mean_progress=0.0192 | min_laser=0.300 | mean_lin=0.629 | mean_ang=0.283 | mean_robot_dist=inf | raw_reward=20.000 | adjusted_reward=20.000 | coop_agents=0/5 | mean_coop_neighbors=0.00 | active_neighbor_step_rate=0.545 | mean_active_neighbors_step=1.164 | max_active_neighbors_step=4 | interaction_reward=0.0000 | abs_interaction_reward=0.0000 | anti_stag_reward=0.0000 | abs_anti_stag_reward=0.0000 | wall_clear_reward=0.0000 | abs_wall_clear_reward=0.0000 | local_nav_reward=0.0000 | abs_local_nav_reward=0.0000 | robot_proximity_reward=-0.6372 | abs_robot_proximity_reward=0.6372 | robot_clearance_reward=0.0364 | context_neighbors_mean=1.20 | context_neighbors_max=4 | last_context_neighbors_mean=0.00 | last_context_neighbors_max=0 | actor_unlocked=0 | expl_noise=0.0763 | replay=14033 | interaction_replay=5977 | samples/sec=10.790
Episode 132 complete | agent_samples=14104 | env_steps=5964 | episode_env_steps=19 | episode_agent_samples=71 | mean_reward=34.910 | success=3/5 | collision=2/5 | mean_final_distance=0.423 | mean_progress=0.0237 | min_laser=0.321 | mean_lin=1.000 | mean_ang=-0.142 | mean_robot_dist=inf | raw_reward=20.000 | adjusted_reward=20.000 | coop_agents=0/5 | mean_coop_neighbors=0.00 | active_neighbor_step_rate=0.845 | mean_active_neighbors_step=2.056 | max_active_neighbors_step=4 | interaction_reward=0.0000 | abs_interaction_reward=0.0000 | anti_stag_reward=0.0000 | abs_anti_stag_reward=0.0000 | wall_clear_reward=0.0000 | abs_wall_clear_reward=0.0000 | local_nav_reward=0.0000 | abs_local_nav_reward=0.0000 | robot_proximity_reward=-0.7494 | abs_robot_proximity_reward=0.7494 | robot_clearance_reward=0.0311 | context_neighbors_mean=2.11 | context_neighbors_max=4 | last_context_neighbors_mean=0.00 | last_context_neighbors_max=0 | actor_unlocked=0 | expl_noise=0.0763 | replay=14104 | interaction_replay=6028 | samples/sec=10.809
Episode 133 complete | agent_samples=14192 | env_steps=5996 | episode_env_steps=32 | episode_agent_samples=88 | mean_reward=76.278 | success=4/5 | collision=1/5 | mean_final_distance=0.549 | mean_progress=0.0022 | min_laser=0.300 | mean_lin=0.800 | mean_ang=-0.091 | mean_robot_dist=inf | raw_reward=20.000 | adjusted_reward=20.000 | coop_agents=0/5 | mean_coop_neighbors=0.00 | active_neighbor_step_rate=0.966 | mean_active_neighbors_step=1.977 | max_active_neighbors_step=4 | interaction_reward=0.0000 | abs_interaction_reward=0.0000 | anti_stag_reward=0.0000 | abs_anti_stag_reward=0.0000 | wall_clear_reward=0.0000 | abs_wall_clear_reward=0.0000 | local_nav_reward=0.0000 | abs_local_nav_reward=0.0000 | robot_proximity_reward=-0.1333 | abs_robot_proximity_reward=0.1333 | robot_clearance_reward=0.0460 | context_neighbors_mean=1.99 | context_neighbors_max=4 | last_context_neighbors_mean=0.00 | last_context_neighbors_max=0 | actor_unlocked=0 | expl_noise=0.0763 | replay=14192 | interaction_replay=6044 | samples/sec=10.819
Episode 134 complete | agent_samples=14267 | env_steps=6020 | episode_env_steps=24 | episode_agent_samples=75 | mean_reward=23.243 | success=3/5 | collision=2/5 | mean_final_distance=0.436 | mean_progress=0.0087 | min_laser=0.300 | mean_lin=0.451 | mean_ang=-0.516 | mean_robot_dist=inf | raw_reward=20.000 | adjusted_reward=20.000 | coop_agents=0/5 | mean_coop_neighbors=0.00 | active_neighbor_step_rate=0.800 | mean_active_neighbors_step=2.147 | max_active_neighbors_step=4 | interaction_reward=0.0000 | abs_interaction_reward=0.0000 | anti_stag_reward=0.0000 | abs_anti_stag_reward=0.0000 | wall_clear_reward=0.0000 | abs_wall_clear_reward=0.0000 | local_nav_reward=0.0000 | abs_local_nav_reward=0.0000 | robot_proximity_reward=-0.7396 | abs_robot_proximity_reward=0.7396 | robot_clearance_reward=0.0000 | context_neighbors_mean=2.17 | context_neighbors_max=4 | last_context_neighbors_mean=0.00 | last_context_neighbors_max=0 | actor_unlocked=0 | expl_noise=0.0762 | replay=14267 | interaction_replay=6081 | samples/sec=10.832
Episode 135 complete | agent_samples=14684 | env_steps=6320 | episode_env_steps=300 | episode_agent_samples=417 | mean_reward=79.758 | success=4/5 | collision=0/5 | mean_final_distance=0.741 | mean_progress=0.0003 | min_laser=0.566 | mean_lin=0.786 | mean_ang=-0.175 | mean_robot_dist=inf | raw_reward=-0.038 | adjusted_reward=-0.038 | coop_agents=0/5 | mean_coop_neighbors=0.00 | active_neighbor_step_rate=0.233 | mean_active_neighbors_step=0.357 | max_active_neighbors_step=4 | interaction_reward=0.0000 | abs_interaction_reward=0.0000 | anti_stag_reward=0.0000 | abs_anti_stag_reward=0.0000 | wall_clear_reward=0.0000 | abs_wall_clear_reward=0.0000 | local_nav_reward=0.0000 | abs_local_nav_reward=0.0000 | robot_proximity_reward=-0.0233 | abs_robot_proximity_reward=0.0233 | robot_clearance_reward=0.0138 | context_neighbors_mean=0.36 | context_neighbors_max=4 | last_context_neighbors_mean=0.00 | last_context_neighbors_max=0 | actor_unlocked=0 | expl_noise=0.0760 | replay=14684 | interaction_replay=6133 | samples/sec=10.629
Status | epoch=1 | next_eval_in=5316 agent_samples | checkpoint_every=10 episodes | checkpoint=./checkpoints/interaction_focused_actor_from_e7_fullstrong_balanced_v2_s20260726_latest.pt | model=interaction_focused_actor_from_e7_fullstrong_balanced_v2_s20260726
Coverage | unique_train_scenarios=135/2560 | deep=54 | close=54 | margin=27
Episode 136 complete | agent_samples=14746 | env_steps=6337 | episode_env_steps=17 | episode_agent_samples=62 | mean_reward=28.391 | success=3/5 | collision=2/5 | mean_final_distance=0.424 | mean_progress=0.0111 | min_laser=0.301 | mean_lin=0.596 | mean_ang=0.192 | mean_robot_dist=inf | raw_reward=20.000 | adjusted_reward=20.000 | coop_agents=0/5 | mean_coop_neighbors=0.00 | active_neighbor_step_rate=0.903 | mean_active_neighbors_step=2.500 | max_active_neighbors_step=4 | interaction_reward=0.0000 | abs_interaction_reward=0.0000 | anti_stag_reward=0.0000 | abs_anti_stag_reward=0.0000 | wall_clear_reward=0.0000 | abs_wall_clear_reward=0.0000 | local_nav_reward=0.0000 | abs_local_nav_reward=0.0000 | robot_proximity_reward=-0.7013 | abs_robot_proximity_reward=0.7013 | robot_clearance_reward=0.0323 | context_neighbors_mean=2.55 | context_neighbors_max=4 | last_context_neighbors_mean=0.00 | last_context_neighbors_max=0 | actor_unlocked=0 | expl_noise=0.0760 | replay=14746 | interaction_replay=6187 | samples/sec=10.645
Episode 137 complete | agent_samples=14803 | env_steps=6354 | episode_env_steps=17 | episode_agent_samples=57 | mean_reward=16.825 | success=3/5 | collision=2/5 | mean_final_distance=0.536 | mean_progress=0.0040 | min_laser=0.300 | mean_lin=0.783 | mean_ang=-0.913 | mean_robot_dist=inf | raw_reward=20.000 | adjusted_reward=20.000 | coop_agents=0/5 | mean_coop_neighbors=0.00 | active_neighbor_step_rate=0.807 | mean_active_neighbors_step=1.719 | max_active_neighbors_step=4 | interaction_reward=0.0000 | abs_interaction_reward=0.0000 | anti_stag_reward=0.0000 | abs_anti_stag_reward=0.0000 | wall_clear_reward=0.0000 | abs_wall_clear_reward=0.0000 | local_nav_reward=0.0000 | abs_local_nav_reward=0.0000 | robot_proximity_reward=-1.1197 | abs_robot_proximity_reward=1.1197 | robot_clearance_reward=0.0109 | context_neighbors_mean=1.79 | context_neighbors_max=4 | last_context_neighbors_mean=0.00 | last_context_neighbors_max=0 | actor_unlocked=0 | expl_noise=0.0760 | replay=14803 | interaction_replay=6230 | samples/sec=10.657
Episode 138 complete | agent_samples=14878 | env_steps=6385 | episode_env_steps=31 | episode_agent_samples=75 | mean_reward=21.707 | success=3/5 | collision=2/5 | mean_final_distance=0.461 | mean_progress=0.0148 | min_laser=0.300 | mean_lin=0.470 | mean_ang=0.223 | mean_robot_dist=inf | raw_reward=20.000 | adjusted_reward=20.000 | coop_agents=0/5 | mean_coop_neighbors=0.00 | active_neighbor_step_rate=0.533 | mean_active_neighbors_step=1.400 | max_active_neighbors_step=4 | interaction_reward=0.0000 | abs_interaction_reward=0.0000 | anti_stag_reward=0.0000 | abs_anti_stag_reward=0.0000 | wall_clear_reward=0.0000 | abs_wall_clear_reward=0.0000 | local_nav_reward=0.0000 | abs_local_nav_reward=0.0000 | robot_proximity_reward=-0.5607 | abs_robot_proximity_reward=0.5607 | robot_clearance_reward=0.0547 | context_neighbors_mean=1.44 | context_neighbors_max=4 | last_context_neighbors_mean=0.00 | last_context_neighbors_max=0 | actor_unlocked=0 | expl_noise=0.0760 | replay=14878 | interaction_replay=6272 | samples/sec=10.658
Episode 139 complete | agent_samples=14985 | env_steps=6429 | episode_env_steps=44 | episode_agent_samples=107 | mean_reward=106.257 | success=5/5 | collision=0/5 | mean_final_distance=0.268 | mean_progress=0.0060 | min_laser=0.468 | mean_lin=0.782 | mean_ang=-0.242 | mean_robot_dist=inf | raw_reward=20.000 | adjusted_reward=20.000 | coop_agents=0/5 | mean_coop_neighbors=0.00 | active_neighbor_step_rate=0.785 | mean_active_neighbors_step=1.654 | max_active_neighbors_step=4 | interaction_reward=0.0000 | abs_interaction_reward=0.0000 | anti_stag_reward=0.0000 | abs_anti_stag_reward=0.0000 | wall_clear_reward=0.0000 | abs_wall_clear_reward=0.0000 | local_nav_reward=0.0000 | abs_local_nav_reward=0.0000 | robot_proximity_reward=-0.2147 | abs_robot_proximity_reward=0.2147 | robot_clearance_reward=0.0561 | context_neighbors_mean=1.71 | context_neighbors_max=4 | last_context_neighbors_mean=0.00 | last_context_neighbors_max=0 | actor_unlocked=0 | expl_noise=0.0760 | replay=14985 | interaction_replay=6340 | samples/sec=10.662
Episode 140 complete | agent_samples=15138 | env_steps=6476 | episode_env_steps=47 | episode_agent_samples=153 | mean_reward=122.135 | success=5/5 | collision=0/5 | mean_final_distance=0.233 | mean_progress=0.0106 | min_laser=0.384 | mean_lin=1.000 | mean_ang=-0.160 | mean_robot_dist=inf | raw_reward=20.000 | adjusted_reward=20.000 | coop_agents=0/5 | mean_coop_neighbors=0.00 | active_neighbor_step_rate=0.719 | mean_active_neighbors_step=1.569 | max_active_neighbors_step=4 | interaction_reward=0.0000 | abs_interaction_reward=0.0000 | anti_stag_reward=0.0000 | abs_anti_stag_reward=0.0000 | wall_clear_reward=0.0000 | abs_wall_clear_reward=0.0000 | local_nav_reward=0.0000 | abs_local_nav_reward=0.0000 | robot_proximity_reward=0.0000 | abs_robot_proximity_reward=0.0000 | robot_clearance_reward=0.0000 | context_neighbors_mean=1.58 | context_neighbors_max=4 | last_context_neighbors_mean=0.00 | last_context_neighbors_max=0 | actor_unlocked=0 | expl_noise=0.0760 | replay=15138 | interaction_replay=6371 | samples/sec=10.693
Status | epoch=1 | next_eval_in=4862 agent_samples | checkpoint_every=10 episodes | checkpoint=./checkpoints/interaction_focused_actor_from_e7_fullstrong_balanced_v2_s20260726_latest.pt | model=interaction_focused_actor_from_e7_fullstrong_balanced_v2_s20260726
Coverage | unique_train_scenarios=140/2560 | deep=56 | close=56 | margin=28
Checkpoint saved: ./checkpoints/interaction_focused_actor_from_e7_fullstrong_balanced_v2_s20260726_latest.pt
Episode 141 complete | agent_samples=15218 | env_steps=6511 | episode_env_steps=35 | episode_agent_samples=80 | mean_reward=108.221 | success=5/5 | collision=0/5 | mean_final_distance=0.252 | mean_progress=0.0092 | min_laser=0.552 | mean_lin=1.000 | mean_ang=0.190 | mean_robot_dist=inf | raw_reward=20.000 | adjusted_reward=20.000 | coop_agents=0/5 | mean_coop_neighbors=0.00 | active_neighbor_step_rate=0.675 | mean_active_neighbors_step=1.137 | max_active_neighbors_step=4 | interaction_reward=0.0000 | abs_interaction_reward=0.0000 | anti_stag_reward=0.0000 | abs_anti_stag_reward=0.0000 | wall_clear_reward=0.0000 | abs_wall_clear_reward=0.0000 | local_nav_reward=0.0000 | abs_local_nav_reward=0.0000 | robot_proximity_reward=-0.5622 | abs_robot_proximity_reward=0.5622 | robot_clearance_reward=0.0500 | context_neighbors_mean=1.20 | context_neighbors_max=4 | last_context_neighbors_mean=0.00 | last_context_neighbors_max=0 | actor_unlocked=0 | expl_noise=0.0759 | replay=15218 | interaction_replay=6406 | samples/sec=10.689
Episode 142 complete | agent_samples=15319 | env_steps=6549 | episode_env_steps=38 | episode_agent_samples=101 | mean_reward=70.923 | success=4/5 | collision=1/5 | mean_final_distance=0.595 | mean_progress=0.0047 | min_laser=0.348 | mean_lin=0.683 | mean_ang=-0.510 | mean_robot_dist=inf | raw_reward=20.000 | adjusted_reward=20.000 | coop_agents=0/5 | mean_coop_neighbors=0.00 | active_neighbor_step_rate=0.772 | mean_active_neighbors_step=1.752 | max_active_neighbors_step=4 | interaction_reward=0.0000 | abs_interaction_reward=0.0000 | anti_stag_reward=0.0000 | abs_anti_stag_reward=0.0000 | wall_clear_reward=0.0000 | abs_wall_clear_reward=0.0000 | local_nav_reward=0.0000 | abs_local_nav_reward=0.0000 | robot_proximity_reward=-0.3728 | abs_robot_proximity_reward=0.3728 | robot_clearance_reward=0.0000 | context_neighbors_mean=1.73 | context_neighbors_max=4 | last_context_neighbors_mean=0.00 | last_context_neighbors_max=0 | actor_unlocked=0 | expl_noise=0.0759 | replay=15319 | interaction_replay=6440 | samples/sec=10.698
Episode 143 complete | agent_samples=15425 | env_steps=6594 | episode_env_steps=45 | episode_agent_samples=106 | mean_reward=13.695 | success=3/5 | collision=2/5 | mean_final_distance=0.499 | mean_progress=0.0164 | min_laser=0.300 | mean_lin=0.628 | mean_ang=0.976 | mean_robot_dist=inf | raw_reward=20.000 | adjusted_reward=20.000 | coop_agents=0/5 | mean_coop_neighbors=0.00 | active_neighbor_step_rate=0.736 | mean_active_neighbors_step=1.604 | max_active_neighbors_step=4 | interaction_reward=0.0000 | abs_interaction_reward=0.0000 | anti_stag_reward=0.0000 | abs_anti_stag_reward=0.0000 | wall_clear_reward=0.0000 | abs_wall_clear_reward=0.0000 | local_nav_reward=0.0000 | abs_local_nav_reward=0.0000 | robot_proximity_reward=-0.6567 | abs_robot_proximity_reward=0.6567 | robot_clearance_reward=0.0000 | context_neighbors_mean=1.63 | context_neighbors_max=4 | last_context_neighbors_mean=0.00 | last_context_neighbors_max=0 | actor_unlocked=0 | expl_noise=0.0759 | replay=15425 | interaction_replay=6483 | samples/sec=10.699
Episode 144 complete | agent_samples=15526 | env_steps=6625 | episode_env_steps=31 | episode_agent_samples=101 | mean_reward=122.936 | success=5/5 | collision=0/5 | mean_final_distance=0.254 | mean_progress=0.0016 | min_laser=0.492 | mean_lin=0.761 | mean_ang=-0.301 | mean_robot_dist=inf | raw_reward=20.000 | adjusted_reward=20.000 | coop_agents=0/5 | mean_coop_neighbors=0.00 | active_neighbor_step_rate=0.495 | mean_active_neighbors_step=0.861 | max_active_neighbors_step=3 | interaction_reward=0.0000 | abs_interaction_reward=0.0000 | anti_stag_reward=0.0000 | abs_anti_stag_reward=0.0000 | wall_clear_reward=0.0000 | abs_wall_clear_reward=0.0000 | local_nav_reward=0.0000 | abs_local_nav_reward=0.0000 | robot_proximity_reward=-0.0710 | abs_robot_proximity_reward=0.0710 | robot_clearance_reward=0.0819 | context_neighbors_mean=0.87 | context_neighbors_max=3 | last_context_neighbors_mean=0.00 | last_context_neighbors_max=0 | actor_unlocked=0 | expl_noise=0.0759 | replay=15526 | interaction_replay=6506 | samples/sec=10.718
Episode 145 complete | agent_samples=15595 | env_steps=6652 | episode_env_steps=27 | episode_agent_samples=69 | mean_reward=118.640 | success=5/5 | collision=0/5 | mean_final_distance=0.258 | mean_progress=0.0203 | min_laser=0.600 | mean_lin=0.953 | mean_ang=0.600 | mean_robot_dist=inf | raw_reward=20.000 | adjusted_reward=20.000 | coop_agents=0/5 | mean_coop_neighbors=0.00 | active_neighbor_step_rate=0.725 | mean_active_neighbors_step=1.754 | max_active_neighbors_step=4 | interaction_reward=0.0000 | abs_interaction_reward=0.0000 | anti_stag_reward=0.0000 | abs_anti_stag_reward=0.0000 | wall_clear_reward=0.0000 | abs_wall_clear_reward=0.0000 | local_nav_reward=0.0000 | abs_local_nav_reward=0.0000 | robot_proximity_reward=-0.1638 | abs_robot_proximity_reward=0.1638 | robot_clearance_reward=0.0000 | context_neighbors_mean=1.75 | context_neighbors_max=4 | last_context_neighbors_mean=0.00 | last_context_neighbors_max=0 | actor_unlocked=0 | expl_noise=0.0758 | replay=15595 | interaction_replay=6552 | samples/sec=10.722
Status | epoch=1 | next_eval_in=4405 agent_samples | checkpoint_every=10 episodes | checkpoint=./checkpoints/interaction_focused_actor_from_e7_fullstrong_balanced_v2_s20260726_latest.pt | model=interaction_focused_actor_from_e7_fullstrong_balanced_v2_s20260726
Coverage | unique_train_scenarios=145/2560 | deep=58 | close=58 | margin=29
Episode 146 complete | agent_samples=15657 | env_steps=6674 | episode_env_steps=22 | episode_agent_samples=62 | mean_reward=67.580 | success=4/5 | collision=1/5 | mean_final_distance=0.523 | mean_progress=0.0256 | min_laser=0.340 | mean_lin=0.658 | mean_ang=-0.483 | mean_robot_dist=inf | raw_reward=20.000 | adjusted_reward=20.000 | coop_agents=0/5 | mean_coop_neighbors=0.00 | active_neighbor_step_rate=0.855 | mean_active_neighbors_step=2.145 | max_active_neighbors_step=4 | interaction_reward=0.0000 | abs_interaction_reward=0.0000 | anti_stag_reward=0.0000 | abs_anti_stag_reward=0.0000 | wall_clear_reward=0.0000 | abs_wall_clear_reward=0.0000 | local_nav_reward=0.0000 | abs_local_nav_reward=0.0000 | robot_proximity_reward=-0.5429 | abs_robot_proximity_reward=0.5429 | robot_clearance_reward=0.1007 | context_neighbors_mean=2.16 | context_neighbors_max=4 | last_context_neighbors_mean=0.00 | last_context_neighbors_max=0 | actor_unlocked=0 | expl_noise=0.0758 | replay=15657 | interaction_replay=6585 | samples/sec=10.728
Episode 147 complete | agent_samples=15800 | env_steps=6750 | episode_env_steps=76 | episode_agent_samples=143 | mean_reward=40.422 | success=4/5 | collision=1/5 | mean_final_distance=0.342 | mean_progress=0.0025 | min_laser=0.314 | mean_lin=0.566 | mean_ang=0.190 | mean_robot_dist=inf | raw_reward=20.000 | adjusted_reward=20.000 | coop_agents=0/5 | mean_coop_neighbors=0.00 | active_neighbor_step_rate=0.510 | mean_active_neighbors_step=1.091 | max_active_neighbors_step=4 | interaction_reward=0.0000 | abs_interaction_reward=0.0000 | anti_stag_reward=0.0000 | abs_anti_stag_reward=0.0000 | wall_clear_reward=0.0000 | abs_wall_clear_reward=0.0000 | local_nav_reward=0.0000 | abs_local_nav_reward=0.0000 | robot_proximity_reward=-0.6301 | abs_robot_proximity_reward=0.6301 | robot_clearance_reward=0.0280 | context_neighbors_mean=1.12 | context_neighbors_max=4 | last_context_neighbors_mean=0.00 | last_context_neighbors_max=0 | actor_unlocked=0 | expl_noise=0.0758 | replay=15800 | interaction_replay=6659 | samples/sec=10.705
Episode 148 complete | agent_samples=15876 | env_steps=6781 | episode_env_steps=31 | episode_agent_samples=76 | mean_reward=115.396 | success=5/5 | collision=0/5 | mean_final_distance=0.258 | mean_progress=0.0189 | min_laser=0.435 | mean_lin=0.754 | mean_ang=-0.064 | mean_robot_dist=inf | raw_reward=20.000 | adjusted_reward=20.000 | coop_agents=0/5 | mean_coop_neighbors=0.00 | active_neighbor_step_rate=0.750 | mean_active_neighbors_step=1.763 | max_active_neighbors_step=4 | interaction_reward=0.0000 | abs_interaction_reward=0.0000 | anti_stag_reward=0.0000 | abs_anti_stag_reward=0.0000 | wall_clear_reward=0.0000 | abs_wall_clear_reward=0.0000 | local_nav_reward=0.0000 | abs_local_nav_reward=0.0000 | robot_proximity_reward=-0.5023 | abs_robot_proximity_reward=0.5023 | robot_clearance_reward=0.0263 | context_neighbors_mean=1.76 | context_neighbors_max=4 | last_context_neighbors_mean=0.00 | last_context_neighbors_max=0 | actor_unlocked=0 | expl_noise=0.0758 | replay=15876 | interaction_replay=6704 | samples/sec=10.708
Episode 149 complete | agent_samples=15989 | env_steps=6814 | episode_env_steps=33 | episode_agent_samples=113 | mean_reward=73.846 | success=4/5 | collision=1/5 | mean_final_distance=0.258 | mean_progress=0.0136 | min_laser=0.346 | mean_lin=0.800 | mean_ang=0.374 | mean_robot_dist=inf | raw_reward=20.000 | adjusted_reward=20.000 | coop_agents=0/5 | mean_coop_neighbors=0.00 | active_neighbor_step_rate=0.708 | mean_active_neighbors_step=1.425 | max_active_neighbors_step=4 | interaction_reward=0.0000 | abs_interaction_reward=0.0000 | anti_stag_reward=0.0000 | abs_anti_stag_reward=0.0000 | wall_clear_reward=0.0000 | abs_wall_clear_reward=0.0000 | local_nav_reward=0.0000 | abs_local_nav_reward=0.0000 | robot_proximity_reward=-0.3034 | abs_robot_proximity_reward=0.3034 | robot_clearance_reward=0.0489 | context_neighbors_mean=1.49 | context_neighbors_max=4 | last_context_neighbors_mean=0.00 | last_context_neighbors_max=0 | actor_unlocked=0 | expl_noise=0.0757 | replay=15989 | interaction_replay=6788 | samples/sec=10.731
Episode 150 complete | agent_samples=16074 | env_steps=6847 | episode_env_steps=33 | episode_agent_samples=85 | mean_reward=115.092 | success=5/5 | collision=0/5 | mean_final_distance=0.261 | mean_progress=0.0086 | min_laser=0.578 | mean_lin=0.868 | mean_ang=-0.190 | mean_robot_dist=inf | raw_reward=20.000 | adjusted_reward=20.000 | coop_agents=0/5 | mean_coop_neighbors=0.00 | active_neighbor_step_rate=0.753 | mean_active_neighbors_step=2.082 | max_active_neighbors_step=4 | interaction_reward=0.0000 | abs_interaction_reward=0.0000 | anti_stag_reward=0.0000 | abs_anti_stag_reward=0.0000 | wall_clear_reward=0.0000 | abs_wall_clear_reward=0.0000 | local_nav_reward=0.0000 | abs_local_nav_reward=0.0000 | robot_proximity_reward=0.0000 | abs_robot_proximity_reward=0.0000 | robot_clearance_reward=0.0000 | context_neighbors_mean=2.08 | context_neighbors_max=4 | last_context_neighbors_mean=0.00 | last_context_neighbors_max=0 | actor_unlocked=0 | expl_noise=0.0757 | replay=16074 | interaction_replay=6803 | samples/sec=10.736
Status | epoch=1 | next_eval_in=3926 agent_samples | checkpoint_every=10 episodes | checkpoint=./checkpoints/interaction_focused_actor_from_e7_fullstrong_balanced_v2_s20260726_latest.pt | model=interaction_focused_actor_from_e7_fullstrong_balanced_v2_s20260726
Coverage | unique_train_scenarios=150/2560 | deep=60 | close=60 | margin=30
Checkpoint saved: ./checkpoints/interaction_focused_actor_from_e7_fullstrong_balanced_v2_s20260726_latest.pt
Episode 151 complete | agent_samples=16144 | env_steps=6867 | episode_env_steps=20 | episode_agent_samples=70 | mean_reward=21.275 | success=3/5 | collision=2/5 | mean_final_distance=0.741 | mean_progress=0.0110 | min_laser=0.333 | mean_lin=0.764 | mean_ang=0.200 | mean_robot_dist=inf | raw_reward=20.000 | adjusted_reward=20.000 | coop_agents=0/5 | mean_coop_neighbors=0.00 | active_neighbor_step_rate=0.843 | mean_active_neighbors_step=1.743 | max_active_neighbors_step=4 | interaction_reward=0.0000 | abs_interaction_reward=0.0000 | anti_stag_reward=0.0000 | abs_anti_stag_reward=0.0000 | wall_clear_reward=0.0000 | abs_wall_clear_reward=0.0000 | local_nav_reward=0.0000 | abs_local_nav_reward=0.0000 | robot_proximity_reward=-0.6662 | abs_robot_proximity_reward=0.6662 | robot_clearance_reward=0.0000 | context_neighbors_mean=1.83 | context_neighbors_max=4 | last_context_neighbors_mean=0.00 | last_context_neighbors_max=0 | actor_unlocked=0 | expl_noise=0.0757 | replay=16144 | interaction_replay=6854 | samples/sec=10.748
Episode 152 complete | agent_samples=16225 | env_steps=6894 | episode_env_steps=27 | episode_agent_samples=81 | mean_reward=62.573 | success=4/5 | collision=1/5 | mean_final_distance=0.269 | mean_progress=0.0221 | min_laser=0.344 | mean_lin=0.967 | mean_ang=0.579 | mean_robot_dist=inf | raw_reward=20.000 | adjusted_reward=20.000 | coop_agents=0/5 | mean_coop_neighbors=0.00 | active_neighbor_step_rate=0.741 | mean_active_neighbors_step=2.148 | max_active_neighbors_step=4 | interaction_reward=0.0000 | abs_interaction_reward=0.0000 | anti_stag_reward=0.0000 | abs_anti_stag_reward=0.0000 | wall_clear_reward=0.0000 | abs_wall_clear_reward=0.0000 | local_nav_reward=0.0000 | abs_local_nav_reward=0.0000 | robot_proximity_reward=-0.8073 | abs_robot_proximity_reward=0.8073 | robot_clearance_reward=0.0000 | context_neighbors_mean=2.16 | context_neighbors_max=4 | last_context_neighbors_mean=0.00 | last_context_neighbors_max=0 | actor_unlocked=0 | expl_noise=0.0757 | replay=16225 | interaction_replay=6880 | samples/sec=10.760
Episode 153 complete | agent_samples=16311 | env_steps=6937 | episode_env_steps=43 | episode_agent_samples=86 | mean_reward=113.800 | success=5/5 | collision=0/5 | mean_final_distance=0.247 | mean_progress=0.0236 | min_laser=0.430 | mean_lin=0.797 | mean_ang=-0.329 | mean_robot_dist=inf | raw_reward=20.000 | adjusted_reward=20.000 | coop_agents=0/5 | mean_coop_neighbors=0.00 | active_neighbor_step_rate=0.523 | mean_active_neighbors_step=1.442 | max_active_neighbors_step=4 | interaction_reward=0.0000 | abs_interaction_reward=0.0000 | anti_stag_reward=0.0000 | abs_anti_stag_reward=0.0000 | wall_clear_reward=0.0000 | abs_wall_clear_reward=0.0000 | local_nav_reward=0.0000 | abs_local_nav_reward=0.0000 | robot_proximity_reward=-0.2158 | abs_robot_proximity_reward=0.2158 | robot_clearance_reward=0.0823 | context_neighbors_mean=1.51 | context_neighbors_max=4 | last_context_neighbors_mean=0.00 | last_context_neighbors_max=0 | actor_unlocked=0 | expl_noise=0.0757 | replay=16311 | interaction_replay=6927 | samples/sec=10.750
Episode 154 complete | agent_samples=16365 | env_steps=6950 | episode_env_steps=13 | episode_agent_samples=54 | mean_reward=105.048 | success=5/5 | collision=0/5 | mean_final_distance=0.230 | mean_progress=0.0218 | min_laser=0.531 | mean_lin=0.774 | mean_ang=0.185 | mean_robot_dist=inf | raw_reward=20.000 | adjusted_reward=20.000 | coop_agents=0/5 | mean_coop_neighbors=0.00 | active_neighbor_step_rate=0.870 | mean_active_neighbors_step=2.093 | max_active_neighbors_step=4 | interaction_reward=0.0000 | abs_interaction_reward=0.0000 | anti_stag_reward=0.0000 | abs_anti_stag_reward=0.0000 | wall_clear_reward=0.0000 | abs_wall_clear_reward=0.0000 | local_nav_reward=0.0000 | abs_local_nav_reward=0.0000 | robot_proximity_reward=-0.9536 | abs_robot_proximity_reward=0.9536 | robot_clearance_reward=0.0962 | context_neighbors_mean=2.15 | context_neighbors_max=4 | last_context_neighbors_mean=0.00 | last_context_neighbors_max=0 | actor_unlocked=0 | expl_noise=0.0757 | replay=16365 | interaction_replay=6976 | samples/sec=10.765
Episode 155 complete | agent_samples=16463 | env_steps=6980 | episode_env_steps=30 | episode_agent_samples=98 | mean_reward=129.753 | success=5/5 | collision=0/5 | mean_final_distance=0.226 | mean_progress=0.0162 | min_laser=0.502 | mean_lin=1.000 | mean_ang=0.380 | mean_robot_dist=inf | raw_reward=20.000 | adjusted_reward=20.000 | coop_agents=0/5 | mean_coop_neighbors=0.00 | active_neighbor_step_rate=0.643 | mean_active_neighbors_step=1.306 | max_active_neighbors_step=4 | interaction_reward=0.0000 | abs_interaction_reward=0.0000 | anti_stag_reward=0.0000 | abs_anti_stag_reward=0.0000 | wall_clear_reward=0.0000 | abs_wall_clear_reward=0.0000 | local_nav_reward=0.0000 | abs_local_nav_reward=0.0000 | robot_proximity_reward=0.0000 | abs_robot_proximity_reward=0.0000 | robot_clearance_reward=0.0000 | context_neighbors_mean=1.32 | context_neighbors_max=4 | last_context_neighbors_mean=0.00 | last_context_neighbors_max=0 | actor_unlocked=0 | expl_noise=0.0756 | replay=16463 | interaction_replay=6995 | samples/sec=10.782
Status | epoch=1 | next_eval_in=3537 agent_samples | checkpoint_every=10 episodes | checkpoint=./checkpoints/interaction_focused_actor_from_e7_fullstrong_balanced_v2_s20260726_latest.pt | model=interaction_focused_actor_from_e7_fullstrong_balanced_v2_s20260726
Coverage | unique_train_scenarios=155/2560 | deep=62 | close=62 | margin=31
Episode 156 complete | agent_samples=16522 | env_steps=7000 | episode_env_steps=20 | episode_agent_samples=59 | mean_reward=50.586 | success=4/5 | collision=1/5 | mean_final_distance=0.419 | mean_progress=0.0150 | min_laser=0.314 | mean_lin=0.798 | mean_ang=-0.651 | mean_robot_dist=inf | raw_reward=20.000 | adjusted_reward=20.000 | coop_agents=0/5 | mean_coop_neighbors=0.00 | active_neighbor_step_rate=0.780 | mean_active_neighbors_step=1.763 | max_active_neighbors_step=4 | interaction_reward=0.0000 | abs_interaction_reward=0.0000 | anti_stag_reward=0.0000 | abs_anti_stag_reward=0.0000 | wall_clear_reward=0.0000 | abs_wall_clear_reward=0.0000 | local_nav_reward=0.0000 | abs_local_nav_reward=0.0000 | robot_proximity_reward=-0.7515 | abs_robot_proximity_reward=0.7515 | robot_clearance_reward=0.0000 | context_neighbors_mean=1.76 | context_neighbors_max=4 | last_context_neighbors_mean=0.00 | last_context_neighbors_max=0 | actor_unlocked=0 | expl_noise=0.0756 | replay=16522 | interaction_replay=7041 | samples/sec=10.790
Episode 157 complete | agent_samples=16578 | env_steps=7014 | episode_env_steps=14 | episode_agent_samples=56 | mean_reward=18.994 | success=3/5 | collision=2/5 | mean_final_distance=0.520 | mean_progress=0.0409 | min_laser=0.301 | mean_lin=0.767 | mean_ang=-0.281 | mean_robot_dist=inf | raw_reward=40.000 | adjusted_reward=40.000 | coop_agents=0/5 | mean_coop_neighbors=0.00 | active_neighbor_step_rate=0.857 | mean_active_neighbors_step=2.536 | max_active_neighbors_step=4 | interaction_reward=0.0000 | abs_interaction_reward=0.0000 | anti_stag_reward=0.0000 | abs_anti_stag_reward=0.0000 | wall_clear_reward=0.0000 | abs_wall_clear_reward=0.0000 | local_nav_reward=0.0000 | abs_local_nav_reward=0.0000 | robot_proximity_reward=-0.9134 | abs_robot_proximity_reward=0.9134 | robot_clearance_reward=0.0000 | context_neighbors_mean=2.59 | context_neighbors_max=4 | last_context_neighbors_mean=0.00 | last_context_neighbors_max=0 | actor_unlocked=0 | expl_noise=0.0756 | replay=16578 | interaction_replay=7085 | samples/sec=10.804
Episode 158 complete | agent_samples=16933 | env_steps=7314 | episode_env_steps=300 | episode_agent_samples=355 | mean_reward=85.086 | success=4/5 | collision=0/5 | mean_final_distance=0.624 | mean_progress=0.0001 | min_laser=0.741 | mean_lin=0.581 | mean_ang=-0.194 | mean_robot_dist=inf | raw_reward=-0.051 | adjusted_reward=-0.051 | coop_agents=0/5 | mean_coop_neighbors=0.00 | active_neighbor_step_rate=0.144 | mean_active_neighbors_step=0.304 | max_active_neighbors_step=4 | interaction_reward=0.0000 | abs_interaction_reward=0.0000 | anti_stag_reward=0.0000 | abs_anti_stag_reward=0.0000 | wall_clear_reward=0.0000 | abs_wall_clear_reward=0.0000 | local_nav_reward=0.0000 | abs_local_nav_reward=0.0000 | robot_proximity_reward=0.0000 | abs_robot_proximity_reward=0.0000 | robot_clearance_reward=0.0000 | context_neighbors_mean=0.30 | context_neighbors_max=4 | last_context_neighbors_mean=0.00 | last_context_neighbors_max=0 | actor_unlocked=0 | expl_noise=0.0754 | replay=16933 | interaction_replay=7099 | samples/sec=10.591
Episode 159 complete | agent_samples=17011 | env_steps=7350 | episode_env_steps=36 | episode_agent_samples=78 | mean_reward=37.613 | success=3/5 | collision=2/5 | mean_final_distance=0.916 | mean_progress=0.0144 | min_laser=0.300 | mean_lin=0.328 | mean_ang=0.202 | mean_robot_dist=inf | raw_reward=20.000 | adjusted_reward=20.000 | coop_agents=0/5 | mean_coop_neighbors=0.00 | active_neighbor_step_rate=0.667 | mean_active_neighbors_step=1.359 | max_active_neighbors_step=4 | interaction_reward=0.0000 | abs_interaction_reward=0.0000 | anti_stag_reward=0.0000 | abs_anti_stag_reward=0.0000 | wall_clear_reward=0.0000 | abs_wall_clear_reward=0.0000 | local_nav_reward=0.0000 | abs_local_nav_reward=0.0000 | robot_proximity_reward=-0.0940 | abs_robot_proximity_reward=0.0940 | robot_clearance_reward=0.0391 | context_neighbors_mean=1.36 | context_neighbors_max=4 | last_context_neighbors_mean=0.00 | last_context_neighbors_max=0 | actor_unlocked=0 | expl_noise=0.0754 | replay=17011 | interaction_replay=7111 | samples/sec=10.587
Episode 160 complete | agent_samples=17105 | env_steps=7374 | episode_env_steps=24 | episode_agent_samples=94 | mean_reward=123.622 | success=5/5 | collision=0/5 | mean_final_distance=0.257 | mean_progress=0.0384 | min_laser=0.557 | mean_lin=1.000 | mean_ang=-0.371 | mean_robot_dist=inf | raw_reward=40.000 | adjusted_reward=40.000 | coop_agents=0/5 | mean_coop_neighbors=0.00 | active_neighbor_step_rate=0.660 | mean_active_neighbors_step=1.553 | max_active_neighbors_step=4 | interaction_reward=0.0000 | abs_interaction_reward=0.0000 | anti_stag_reward=0.0000 | abs_anti_stag_reward=0.0000 | wall_clear_reward=0.0000 | abs_wall_clear_reward=0.0000 | local_nav_reward=0.0000 | abs_local_nav_reward=0.0000 | robot_proximity_reward=-0.5015 | abs_robot_proximity_reward=0.5015 | robot_clearance_reward=0.0034 | context_neighbors_mean=1.62 | context_neighbors_max=4 | last_context_neighbors_mean=0.00 | last_context_neighbors_max=0 | actor_unlocked=0 | expl_noise=0.0754 | replay=17105 | interaction_replay=7167 | samples/sec=10.610
Status | epoch=1 | next_eval_in=2895 agent_samples | checkpoint_every=10 episodes | checkpoint=./checkpoints/interaction_focused_actor_from_e7_fullstrong_balanced_v2_s20260726_latest.pt | model=interaction_focused_actor_from_e7_fullstrong_balanced_v2_s20260726
Coverage | unique_train_scenarios=160/2560 | deep=64 | close=64 | margin=32
Checkpoint saved: ./checkpoints/interaction_focused_actor_from_e7_fullstrong_balanced_v2_s20260726_latest.pt
Episode 161 complete | agent_samples=17215 | env_steps=7408 | episode_env_steps=34 | episode_agent_samples=110 | mean_reward=117.186 | success=5/5 | collision=0/5 | mean_final_distance=0.272 | mean_progress=0.0165 | min_laser=0.370 | mean_lin=0.807 | mean_ang=0.427 | mean_robot_dist=inf | raw_reward=20.000 | adjusted_reward=20.000 | coop_agents=0/5 | mean_coop_neighbors=0.00 | active_neighbor_step_rate=0.736 | mean_active_neighbors_step=1.327 | max_active_neighbors_step=4 | interaction_reward=0.0000 | abs_interaction_reward=0.0000 | anti_stag_reward=0.0000 | abs_anti_stag_reward=0.0000 | wall_clear_reward=0.0000 | abs_wall_clear_reward=0.0000 | local_nav_reward=0.0000 | abs_local_nav_reward=0.0000 | robot_proximity_reward=-0.5014 | abs_robot_proximity_reward=0.5014 | robot_clearance_reward=0.0182 | context_neighbors_mean=1.36 | context_neighbors_max=4 | last_context_neighbors_mean=0.00 | last_context_neighbors_max=0 | actor_unlocked=0 | expl_noise=0.0754 | replay=17215 | interaction_replay=7205 | samples/sec=10.627
Episode 162 complete | agent_samples=17360 | env_steps=7470 | episode_env_steps=62 | episode_agent_samples=145 | mean_reward=76.568 | success=4/5 | collision=1/5 | mean_final_distance=0.467 | mean_progress=0.0157 | min_laser=0.339 | mean_lin=0.800 | mean_ang=-0.563 | mean_robot_dist=inf | raw_reward=20.000 | adjusted_reward=20.000 | coop_agents=0/5 | mean_coop_neighbors=0.00 | active_neighbor_step_rate=0.628 | mean_active_neighbors_step=1.538 | max_active_neighbors_step=4 | interaction_reward=0.0000 | abs_interaction_reward=0.0000 | anti_stag_reward=0.0000 | abs_anti_stag_reward=0.0000 | wall_clear_reward=0.0000 | abs_wall_clear_reward=0.0000 | local_nav_reward=0.0000 | abs_local_nav_reward=0.0000 | robot_proximity_reward=-0.1907 | abs_robot_proximity_reward=0.1907 | robot_clearance_reward=0.0188 | context_neighbors_mean=1.59 | context_neighbors_max=4 | last_context_neighbors_mean=0.00 | last_context_neighbors_max=0 | actor_unlocked=0 | expl_noise=0.0753 | replay=17360 | interaction_replay=7272 | samples/sec=10.628
Episode 163 complete | agent_samples=17443 | env_steps=7490 | episode_env_steps=20 | episode_agent_samples=83 | mean_reward=34.516 | success=3/5 | collision=2/5 | mean_final_distance=0.507 | mean_progress=0.0202 | min_laser=0.314 | mean_lin=0.600 | mean_ang=0.230 | mean_robot_dist=0.565 | raw_reward=-41.270 | adjusted_reward=-41.270 | coop_agents=2/5 | mean_coop_neighbors=0.40 | active_neighbor_step_rate=0.916 | mean_active_neighbors_step=2.325 | max_active_neighbors_step=4 | interaction_reward=0.0000 | abs_interaction_reward=0.0000 | anti_stag_reward=0.0000 | abs_anti_stag_reward=0.0000 | wall_clear_reward=0.0000 | abs_wall_clear_reward=0.0000 | local_nav_reward=0.0000 | abs_local_nav_reward=0.0000 | robot_proximity_reward=-0.2892 | abs_robot_proximity_reward=0.2892 | robot_clearance_reward=0.0000 | context_neighbors_mean=2.34 | context_neighbors_max=4 | last_context_neighbors_mean=0.00 | last_context_neighbors_max=0 | actor_unlocked=0 | expl_noise=0.0753 | replay=17443 | interaction_replay=7301 | samples/sec=10.649
Episode 164 complete | agent_samples=17567 | env_steps=7563 | episode_env_steps=73 | episode_agent_samples=124 | mean_reward=106.685 | success=5/5 | collision=0/5 | mean_final_distance=0.250 | mean_progress=0.0112 | min_laser=0.772 | mean_lin=0.982 | mean_ang=-0.526 | mean_robot_dist=inf | raw_reward=20.000 | adjusted_reward=20.000 | coop_agents=0/5 | mean_coop_neighbors=0.00 | active_neighbor_step_rate=0.540 | mean_active_neighbors_step=1.266 | max_active_neighbors_step=4 | interaction_reward=0.0000 | abs_interaction_reward=0.0000 | anti_stag_reward=0.0000 | abs_anti_stag_reward=0.0000 | wall_clear_reward=0.0000 | abs_wall_clear_reward=0.0000 | local_nav_reward=0.0000 | abs_local_nav_reward=0.0000 | robot_proximity_reward=-0.0258 | abs_robot_proximity_reward=0.0258 | robot_clearance_reward=0.0395 | context_neighbors_mean=1.28 | context_neighbors_max=4 | last_context_neighbors_mean=0.00 | last_context_neighbors_max=0 | actor_unlocked=0 | expl_noise=0.0753 | replay=17567 | interaction_replay=7342 | samples/sec=10.623
Episode 165 complete | agent_samples=17700 | env_steps=7633 | episode_env_steps=70 | episode_agent_samples=133 | mean_reward=-16.549 | success=2/5 | collision=3/5 | mean_final_distance=1.163 | mean_progress=0.0001 | min_laser=0.300 | mean_lin=0.582 | mean_ang=-0.790 | mean_robot_dist=inf | raw_reward=-20.000 | adjusted_reward=-20.000 | coop_agents=0/5 | mean_coop_neighbors=0.00 | active_neighbor_step_rate=0.496 | mean_active_neighbors_step=1.293 | max_active_neighbors_step=4 | interaction_reward=0.0000 | abs_interaction_reward=0.0000 | anti_stag_reward=0.0000 | abs_anti_stag_reward=0.0000 | wall_clear_reward=0.0000 | abs_wall_clear_reward=0.0000 | local_nav_reward=0.0000 | abs_local_nav_reward=0.0000 | robot_proximity_reward=-0.3278 | abs_robot_proximity_reward=0.3278 | robot_clearance_reward=0.0000 | context_neighbors_mean=1.30 | context_neighbors_max=4 | last_context_neighbors_mean=0.00 | last_context_neighbors_max=0 | actor_unlocked=0 | expl_noise=0.0752 | replay=17700 | interaction_replay=7361 | samples/sec=10.605
Status | epoch=1 | next_eval_in=2300 agent_samples | checkpoint_every=10 episodes | checkpoint=./checkpoints/interaction_focused_actor_from_e7_fullstrong_balanced_v2_s20260726_latest.pt | model=interaction_focused_actor_from_e7_fullstrong_balanced_v2_s20260726
Coverage | unique_train_scenarios=165/2560 | deep=66 | close=66 | margin=33
Episode 166 complete | agent_samples=17762 | env_steps=7657 | episode_env_steps=24 | episode_agent_samples=62 | mean_reward=20.672 | success=3/5 | collision=2/5 | mean_final_distance=0.448 | mean_progress=0.0095 | min_laser=0.300 | mean_lin=0.656 | mean_ang=-0.142 | mean_robot_dist=inf | raw_reward=20.000 | adjusted_reward=20.000 | coop_agents=0/5 | mean_coop_neighbors=0.00 | active_neighbor_step_rate=0.548 | mean_active_neighbors_step=1.581 | max_active_neighbors_step=4 | interaction_reward=0.0000 | abs_interaction_reward=0.0000 | anti_stag_reward=0.0000 | abs_anti_stag_reward=0.0000 | wall_clear_reward=0.0000 | abs_wall_clear_reward=0.0000 | local_nav_reward=0.0000 | abs_local_nav_reward=0.0000 | robot_proximity_reward=-1.1176 | abs_robot_proximity_reward=1.1176 | robot_clearance_reward=0.0000 | context_neighbors_mean=1.58 | context_neighbors_max=4 | last_context_neighbors_mean=0.00 | last_context_neighbors_max=0 | actor_unlocked=0 | expl_noise=0.0752 | replay=17762 | interaction_replay=7386 | samples/sec=10.608
已终止
O] [1785074588.239808965, 0.875000000]: DiffDrive(ns = /r3/): Subscribe to cmd_vel
[INFO] [1785074588.240009510, 0.875000000]: DiffDrive(ns = /r3/): Advertise odom on odom
[INFO] [1785074588.240065859, 0.875000000]: GazeboRosJointStatePublisher is going to publish joint: chassis_swivel_joint
[INFO] [1785074588.240070440, 0.875000000]: GazeboRosJointStatePublisher is going to publish joint: swivel_wheel_joint
[INFO] [1785074588.240074463, 0.875000000]: GazeboRosJointStatePublisher is going to publish joint: left_hub_joint
[INFO] [1785074588.240079273, 0.875000000]: GazeboRosJointStatePublisher is going to publish joint: right_hub_joint
[INFO] [1785074588.240085154, 0.875000000]: Starting GazeboRosJointStatePublisher Plugin (ns = /r3/)!, parent name: r3
[INFO] [1785074588.524011994, 1.014000000]: Laser Plugin: The 'robotNamespace' param was empty
[INFO] [1785074588.524038287, 1.014000000]: Starting Laser Plugin (ns = r2)
[INFO] [1785074588.524532249, 1.014000000]: Laser Plugin (ns = r2)  <tf_prefix_>, set to ""
[INFO] [1785074589.163368686, 1.014000000]: Velodyne laser plugin missing <min_intensity>, defaults to no clipping
[INFO] [1785074589.164081181, 1.014000000]: Velodyne laser plugin ready, 16 lasers
[INFO] [1785074589.165208858, 1.014000000]: Starting plugin DiffDrive(ns = /r2/)
[DEBUG] [1785074589.165218478, 1.014000000]: DiffDrive(ns = /r2/): <rosDebugLevel> = Debug
[INFO] [1785074589.165228508, 1.014000000]: DiffDrive(ns = /r2/): <rosDebugLevel> = Debug
[INFO] [1785074589.165537807, 1.014000000]: DiffDrive(ns = /r2/): <tf_prefix> =
[DEBUG] [1785074589.165542840, 1.014000000]: DiffDrive(ns = /r2/): <commandTopic> = cmd_vel
[DEBUG] [1785074589.165546595, 1.014000000]: DiffDrive(ns = /r2/): <odometryTopic> = odom
[DEBUG] [1785074589.165553600, 1.014000000]: DiffDrive(ns = /r2/): <odometryFrame> = odom
[DEBUG] [1785074589.165559052, 1.014000000]: DiffDrive(ns = /r2/): <robotBaseFrame> = base_link
[DEBUG] [1785074589.165564417, 1.014000000]: DiffDrive(ns = /r2/): <publishWheelTF> = false
[DEBUG] [1785074589.165569868, 1.014000000]: DiffDrive(ns = /r2/): <publishOdomTF> = false
[DEBUG] [1785074589.165574245, 1.014000000]: DiffDrive(ns = /r2/): <publishWheelJointState> = false
[DEBUG] [1785074589.165582554, 1.014000000]: DiffDrive(ns = /r2/): <wheelSeparation> = 0.29999999999999999
[DEBUG] [1785074589.165587278, 1.014000000]: DiffDrive(ns = /r2/): <wheelDiameter> = 0.17999999999999999
[DEBUG] [1785074589.165593086, 1.014000000]: DiffDrive(ns = /r2/): <wheelAcceleration> = 1.8
[DEBUG] [1785074589.165600540, 1.014000000]: DiffDrive(ns = /r2/): <wheelTorque> = 20
[DEBUG] [1785074589.165606234, 1.014000000]: DiffDrive(ns = /r2/): <updateRate> = 50
[DEBUG] [1785074589.165612252, 1.014000000]: DiffDrive(ns = /r2/): <odometrySource> = world := 1
[DEBUG] [1785074589.165616392, 1.014000000]: DiffDrive(ns = /r2/): <leftJoint> = left_hub_joint
[DEBUG] [1785074589.165620886, 1.014000000]: DiffDrive(ns = /r2/): <rightJoint> = right_hub_joint
[INFO] [1785074589.165640764, 1.014000000]: DiffDrive(ns = /r2/): Try to subscribe to cmd_vel
[INFO] [1785074589.166783041, 1.014000000]: DiffDrive(ns = /r2/): Subscribe to cmd_vel
[INFO] [1785074589.167064537, 1.014000000]: DiffDrive(ns = /r2/): Advertise odom on odom
[INFO] [1785074589.167136313, 1.014000000]: GazeboRosJointStatePublisher is going to publish joint: chassis_swivel_joint
[INFO] [1785074589.167140672, 1.014000000]: GazeboRosJointStatePublisher is going to publish joint: swivel_wheel_joint
[INFO] [1785074589.167144412, 1.014000000]: GazeboRosJointStatePublisher is going to publish joint: left_hub_joint
[INFO] [1785074589.167148111, 1.014000000]: GazeboRosJointStatePublisher is going to publish joint: right_hub_joint
[INFO] [1785074589.167154237, 1.014000000]: Starting GazeboRosJointStatePublisher Plugin (ns = /r2/)!, parent name: r2
Error in XmlRpcClient::writeRequest: write error (Connection refused).
Error in XmlRpcDispatch::work: couldn't find source iterator
Error in XmlRpcClient::writeRequest: write error (Connection refused).
Error in XmlRpcDispatch::work: couldn't find source iterator
Error in XmlRpcClient::writeRequest: write error (Connection refused).
Error in XmlRpcDispatch::work: couldn't find source iterator
Error in XmlRpcClient::writeRequest: write error (Connection refused).
Error in XmlRpcDispatch::work: couldn't find source iterator
Error in XmlRpcClient::writeRequest: write error (Connection refused).
Error in XmlRpcDispatch::work: couldn't find source iterator
... logging to /home/jiutian/.ros/log/b799dd96-88fa-11f1-a71b-79b7e70ca52d/roslaunch-JiuTian-AI4090-2129248.log
Checking log directory for disk usage. This may take a while.
Press Ctrl-C to interrupt
Done checking log file disk usage. Usage is <1GB.
]2;roscore
[1mstarted roslaunch server http://localhost:42539/[0m
ros_comm version 1.17.4


SUMMARY
========

PARAMETERS
 * /rosdistro: noetic
 * /rosversion: 1.17.4

NODES

auto-starting new master
[1mprocess[master]: started with pid [2129258][0m
[1mROS_MASTER_URI=http://localhost:13013/[0m
]2;roscore http://localhost:13013/
[1msetting /run_id to b799dd96-88fa-11f1-a71b-79b7e70ca52d[0m
[1mprocess[rosout-1]: started with pid [2129272][0m
started core service [/rosout]
[rosout-1] killing on exit
[master] killing on exit
shutting down processing monitor...
... shutting down processing monitor complete
[1mdone[0m
... logging to /home/jiutian/.ros/log/b799dd96-88fa-11f1-a71b-79b7e70ca52d/roslaunch-JiuTian-AI4090-2129281.log
Checking log directory for disk usage. This may take a while.
Press Ctrl-C to interrupt
Done checking log file disk usage. Usage is <1GB.
]2;/home/jiutian/Local-Critic-Multi-Robot-Navigation-gate/TD3/assets/multi_robot_scenario_strong_interaction_pilot_5.launch
[1mstarted roslaunch server http://localhost:35023/[0m

SUMMARY
========

PARAMETERS
 * /robot_description_r1: <?xml version="1....
 * /robot_description_r2: <?xml version="1....
 * /robot_description_r3: <?xml version="1....
 * /robot_description_r4: <?xml version="1....
 * /robot_description_r5: <?xml version="1....
 * /rosdistro: noetic
 * /rosversion: 1.17.4
 * /use_sim_time: True

NODES
  /
    gazebo (gazebo_ros/gzserver)
    urdf_spawner_r1 (gazebo_ros/spawn_model)
    urdf_spawner_r2 (gazebo_ros/spawn_model)
    urdf_spawner_r3 (gazebo_ros/spawn_model)
    urdf_spawner_r4 (gazebo_ros/spawn_model)
    urdf_spawner_r5 (gazebo_ros/spawn_model)

[1mROS_MASTER_URI=http://localhost:13013/[0m
]2;/home/jiutian/Local-Critic-Multi-Robot-Navigation-gate/TD3/assets/multi_robot_scenario_strong_interaction_pilot_5.launch http://localhost:13013/
[1mprocess[gazebo-1]: started with pid [2129463][0m
[1mprocess[urdf_spawner_r1-2]: started with pid [2129467][0m
[1mprocess[urdf_spawner_r2-3]: started with pid [2129469][0m
[1mprocess[urdf_spawner_r3-4]: started with pid [2129470][0m
[1mprocess[urdf_spawner_r4-5]: started with pid [2129471][0m
[1mprocess[urdf_spawner_r5-6]: started with pid [2129472][0m
[1m[urdf_spawner_r4-5] process has finished cleanly
log file: /home/jiutian/.ros/log/b799dd96-88fa-11f1-a71b-79b7e70ca52d/urdf_spawner_r4-5*.log[0m
[1m[urdf_spawner_r5-6] process has finished cleanly
log file: /home/jiutian/.ros/log/b799dd96-88fa-11f1-a71b-79b7e70ca52d/urdf_spawner_r5-6*.log[0m
[1m[urdf_spawner_r1-2] process has finished cleanly
log file: /home/jiutian/.ros/log/b799dd96-88fa-11f1-a71b-79b7e70ca52d/urdf_spawner_r1-2*.log[0m
[1m[urdf_spawner_r3-4] process has finished cleanly
log file: /home/jiutian/.ros/log/b799dd96-88fa-11f1-a71b-79b7e70ca52d/urdf_spawner_r3-4*.log[0m
[1m[urdf_spawner_r2-3] process has finished cleanly
log file: /home/jiutian/.ros/log/b799dd96-88fa-11f1-a71b-79b7e70ca52d/urdf_spawner_r2-3*.log[0m
[gazebo-1] killing on exit
shutting down processing monitor...
... shutting down processing monitor complete
[1mdone[0m
Traceback (most recent call last):
  File "train_velodyne_td3_multi.py", line 2242, in <module>
    next_states, rewards, dones, targets, collisions = env.step(
  File "/home/jiutian/Local-Critic-Multi-Robot-Navigation-gate/TD3/multi_agent_velodyne_env.py", line 1342, in step
    rospy.wait_for_service("/gazebo/pause_physics")
  File "/opt/ros/noetic/lib/python3/dist-packages/rospy/impl/tcpros_service.py", line 166, in wait_for_service
    raise ROSInterruptException("rospy shutdown")
rospy.exceptions.ROSInterruptException: rospy shutdown
