Activated DRL robot navigation Python environment.
Python: Python 3.8.10
Venv: /home/jiutian/venvs/drl-robot-nav
Fixed manifest enabled: 640 scenarios loaded
Roscore launched!
Unable to register with master node [http://localhost:13003]: master may not be running yet. Will keep trying.
Gazebo launched!
[INFO] [1784900080.696204, 0.000000]: Loading model XML from ros parameter robot_description_r3
[INFO] [1784900080.698810, 0.000000]: Waiting for service /gazebo/spawn_urdf_model
[INFO] [1784900081.006873, 0.000000]: Calling service /gazebo/spawn_urdf_model
[INFO] [1784900081.829191, 0.372000]: Spawn status: SpawnModel: Successfully spawned entity
[WARN] [1784900081.937966068, 0.372000000]: GazeboRosDiffDrive Plugin (ns = ) missing <publishTf>, defaults to 1
[INFO] [1784900080.808148486]: Finished loading Gazebo ROS API Plugin.
[INFO] [1784900080.808566854]: waitForService: Service [/gazebo/set_physics_properties] has not been advertised, waiting...
[INFO] [1784900080.930526191, 0.204000000]: waitForService: Service [/gazebo/set_physics_properties] is now available.
[INFO] [1784900080.938160640, 0.211000000]: Physics dynamic reconfigure ready.
[INFO] [1784900081.206275469, 0.372000000]: Laser Plugin: The 'robotNamespace' param was empty
[INFO] [1784900081.206294863, 0.372000000]: Starting Laser Plugin (ns = r3)
[INFO] [1784900081.206847328, 0.372000000]: Laser Plugin (ns = r3)  <tf_prefix_>, set to ""
[INFO] [1784900081.829422956, 0.372000000]: Velodyne laser plugin missing <min_intensity>, defaults to no clipping
[INFO] [1784900081.830440715, 0.372000000]: Velodyne laser plugin ready, 16 lasers
[INFO] [1784900081.937537882, 0.372000000]: Starting plugin DiffDrive(ns = /r3/)
[INFO] [1784900081.937581780, 0.372000000]: DiffDrive(ns = /r3/): <rosDebugLevel> = Debug
[INFO] [1784900081.937813432, 0.372000000]: DiffDrive(ns = /r3/): <tf_prefix> = 
[DEBUG] [1784900081.937840705, 0.372000000]: DiffDrive(ns = /r3/): <commandTopic> = cmd_vel
[DEBUG] [1784900081.937845278, 0.372000000]: DiffDrive(ns = /r3/): <odometryTopic> = odom
[DEBUG] [1784900081.937849629, 0.372000000]: DiffDrive(ns = /r3/): <odometryFrame> = odom
[DEBUG] [1784900081.937853984, 0.372000000]: DiffDrive(ns = /r3/): <robotBaseFrame> = base_link
[DEBUG] [1784900081.937871322, 0.372000000]: DiffDrive(ns = /r3/): <publishWheelTF> = false
[DEBUG] [1784900081.937875291, 0.372000000]: DiffDrive(ns = /r3/): <publishOdomTF> = false
[DEBUG] [1784900081.937878588, 0.372000000]: DiffDrive(ns = /r3/): <publishWheelJointState> = false
[DEBUG] [1784900081.937902591, 0.372000000]: DiffDrive(ns = /r3/): <wheelSeparation> = 0.29999999999999999
[DEBUG] [1784900081.937907629, 0.372000000]: DiffDrive(ns = /r3/): <wheelDiameter> = 0.17999999999999999
[DEBUG] [1784900081.937912500, 0.372000000]: DiffDrive(ns = /r3/): <wheelAcceleration> = 1.8
[DEBUG] [1784900081.937917556, 0.372000000]: DiffDrive(ns = /r3/): <wheelTorque> = 20
[DEBUG] [1784900081.937921917, 0.372000000]: DiffDrive(ns = /r3/): <updateRate> = 50
[DEBUG] [1784900081.937942282, 0.372000000]: DiffDrive(ns = /r3/): <odometrySource> = world := 1
[DEBUG] [1784900081.937951721, 0.372000000]: DiffDrive(ns = /r3/): <leftJoint> = left_hub_joint
[DEBUG] [1784900081.937956865, 0.372000000]: DiffDrive(ns = /r3/): <rightJoint> = right_hub_joint
[INFO] [1784900081.938233611, 0.372000000]: DiffDrive(ns = /r3/): Try to subscribe to cmd_vel
[INFO] [1784900081.939133305, 0.372000000]: DiffDrive(ns = /r3/): Subscribe to cmd_vel
[INFO] [1784900081.939491376, 0.372000000]: DiffDrive(ns = /r3/): Advertise odom on odom 
[INFO] [1784900081.944226177, 0.372000000]: GazeboRosJointStatePublisher is going to publish joint: chassis_swivel_joint
[INFO] [1784900081.944232570, 0.372000000]: GazeboRosJointStatePublisher is going to publish joint: swivel_wheel_joint
[INFO] [1784900081.944236199, 0.372000000]: GazeboRosJointStatePublisher is going to publish joint: left_hub_joint
[INFO] [1784900081.944239139, 0.372000000]: GazeboRosJointStatePublisher is going to publish joint: right_hub_joint
[INFO] [1784900081.944243044, 0.372000000]: Starting GazeboRosJointStatePublisher Plugin (ns = /r3/)!, parent name: r3
[DEBUG] [1784900081.974193273, 0.393000000]: Trying to publish message of type [nav_msgs/Odometry/cd5e73d190d741a2f92e81eda573aca7] on a publisher with type [nav_msgs/Odometry/cd5e73d190d741a2f92e81eda573aca7]
[DEBUG] [1784900081.974255060, 0.393000000]: Trying to publish message of type [sensor_msgs/JointState/3066dcd76a6cfaef579bd0f34173e9fd] on a publisher with type [sensor_msgs/JointState/3066dcd76a6cfaef579bd0f34173e9fd]
[INFO] [1784900082.224451653, 0.558000000]: Laser Plugin: The 'robotNamespace' param was empty
[INFO] [1784900082.224472705, 0.558000000]: Starting Laser Plugin (ns = r2)
[INFO] [1784900082.224832928, 0.558000000]: Laser Plugin (ns = r2)  <tf_prefix_>, set to ""
[INFO] [1784900082[WARN] [1784900082.833387794, 0.558000000]: GazeboRosDiffDrive Plugin (ns = ) missing <publishTf>, defaults to 1
[INFO] [1784900080.798863, 0.000000]: Loading model XML from ros parameter robot_description_r2
[INFO] [1784900080.801642, 0.000000]: Waiting for service /gazebo/spawn_urdf_model
[INFO] [1784900081.104845, 0.372000]: Calling service /gazebo/spawn_urdf_model
[INFO] [1784900082.833002, 0.558000]: Spawn status: SpawnModel: Successfully spawned entity
.831809581, 0.558000000]: Velodyne laser plugin missing <min_intensity>, defaults to no clipping
[INFO] [1784900082.832313415, 0.558000000]: Velodyne laser plugin ready, 16 lasers
[INFO] [1784900082.833019498, 0.558000000]: Starting plugin DiffDrive(ns = /r2/)
[DEBUG] [1784900082.833028221, 0.558000000]: DiffDrive(ns = /r2/): <rosDebugLevel> = Debug
[INFO] [1784900082.833037920, 0.558000000]: DiffDrive(ns = /r2/): <rosDebugLevel> = Debug
[INFO] [1784900082.833301625, 0.558000000]: DiffDrive(ns = /r2/): <tf_prefix> = 
[DEBUG] [1784900082.833312044, 0.558000000]: DiffDrive(ns = /r2/): <commandTopic> = cmd_vel
[DEBUG] [1784900082.833316662, 0.558000000]: DiffDrive(ns = /r2/): <odometryTopic> = odom
[DEBUG] [1784900082.833321100, 0.558000000]: DiffDrive(ns = /r2/): <odometryFrame> = odom
[DEBUG] [1784900082.833324515, 0.558000000]: DiffDrive(ns = /r2/): <robotBaseFrame> = base_link
[DEBUG] [1784900082.833330262, 0.558000000]: DiffDrive(ns = /r2/): <publishWheelTF> = false
[DEBUG] [1784900082.833334697, 0.558000000]: DiffDrive(ns = /r2/): <publishOdomTF> = false
[DEBUG] [1784900082.833338663, 0.558000000]: DiffDrive(ns = /r2/): <publishWheelJointState> = false
[DEBUG] [1784900082.833347760, 0.558000000]: DiffDrive(ns = /r2/): <wheelSeparation> = 0.29999999999999999
[DEBUG] [1784900082.833352536, 0.558000000]: DiffDrive(ns = /r2/): <wheelDiameter> = 0.17999999999999999
[DEBUG] [1784900082.833357450, 0.558000000]: DiffDrive(ns = /r2/): <wheelAcceleration> = 1.8
[DEBUG] [1784900082.833362239, 0.558000000]: DiffDrive(ns = /r2/): <wheelTorque> = 20
[DEBUG] [1784900082.833366587, 0.558000000]: DiffDrive(ns = /r2/): <updateRate> = 50
[DEBUG] [1784900082.833371821, 0.558000000]: DiffDrive(ns = /r2/): <odometrySource> = world := 1
[DEBUG] [1784900082.833376717, 0.558000000]: DiffDrive(ns = /r2/): <leftJoint> = left_hub_joint
[DEBUG] [1784900082.833381700, 0.558000000]: DiffDrive(ns = /r2/): <rightJoint> = right_hub_joint
[INFO] [1784900082.833422399, 0.558000000]: DiffDrive(ns = /r2/): Try to subscribe to cmd_vel
[INFO] [1784900082.834454564, 0.558000000]: DiffDrive(ns = /r2/): Subscribe to cmd_vel
[INFO] [1784900082.834673469, 0.558000000]: DiffDrive(ns = /r2/): Advertise odom on odom 
[INFO] [1784900082.834748948, 0.558000000]: GazeboRosJointStatePublisher is going to publish joint: chassis_swivel_joint
[INFO] [1784900082.834753894, 0.558000000]: GazeboRosJointStatePublisher is going to publish joint: swivel_wheel_joint
[INFO] [1784900082.834757261, 0.558000000]: GazeboRosJointStatePublisher is going to publish joint: left_hub_joint
[INFO] [1784900082.834760100, 0.558000000]: GazeboRosJointStatePublisher is going to publish joint: right_hub_joint
[INFO] [1784900082.834762870, 0.558000000]: Starting GazeboRosJointStatePublisher Plugin (ns = /r2/)!, parent name: r2
[INFO] [1784900083.115478667, 0.723000000]: Laser Plugin: The 'robotNamespace' param was empty
[INFO] [1784900083.115500740, 0.723000000]: Starting Laser Plugin (ns = r4)
[INFO] [1784900083.116008069, 0.723000000]: Laser Plugin (ns = r4)  <tf_prefix_>, set to ""
[INFO] [1784900083.724942700, 0.723000000]: Velodyne laser plugin missing <min_intensity>, defaults to no clipping
[INFO] [1784900083.725803975, 0.723000000]: Velodyne laser plugin ready, 16 lasers
[INFO] [1784900083.726154147, 0.723000000]: Starting plugin DiffDrive(ns = /r4/)
[DEBUG] [1784900083.726164398, 0.723000000]: DiffDrive(ns = /r4/): <rosDebugLevel> = Debug
[INFO] [1784900083.726173443, 0.723000000]: DiffDrive(ns = /r4/): <rosDebugLevel> = Debug
[INFO] [1784900083.726438396, 0.723000000]: DiffDrive(ns = /r4/): <tf_prefix> = 
[DEBUG] [1784900083.726442627, 0.723000000]: DiffDrive(ns = /r4/): <commandTopic> = cmd_vel
[DEBUG] [1784900083.726448198, 0.723000000]: DiffDrive(ns = /r4/): <odometryTopic> = odom
[DEBUG] [1784900083.726451088, 0.723000000]: DiffDrive(ns = /r4/): <odometryFrame> = odom
[DEBUG] [1784900083.726454601, 0.723000000]: DiffDrive(ns = /r4/): <robotBaseFrame> = base_link
[DEBUG] [1784900083.726458786, 0.723000000]: DiffDrive(ns = /r4/): <publishWheelTF> = false
[DEBUG] [1784900083.726462221,[WARN] [1784900083.726535892, 0.723000000]: GazeboRosDiffDrive Plugin (ns = ) missing <publishTf>, defaults to 1
[INFO] [1784900080.801166, 0.000000]: Loading model XML from ros parameter robot_description_r4
[INFO] [1784900080.803694, 0.000000]: Waiting for service /gazebo/spawn_urdf_model
[INFO] [1784900081.106395, 0.372000]: Calling service /gazebo/spawn_urdf_model
[INFO] [1784900083.726073, 0.723000]: Spawn status: SpawnModel: Successfully spawned entity
[WARN] [1784900084.646230536, 0.877000000]: GazeboRosDiffDrive Plugin (ns = ) missing <publishTf>, defaults to 1
 0.723000000]: DiffDrive(ns = /r4/): <publishOdomTF> = false
[DEBUG] [1784900083.726476730, 0.723000000]: DiffDrive(ns = /r4/): <publishWheelJointState> = false
[DEBUG] [1784900083.726482956, 0.723000000]: DiffDrive(ns = /r4/): <wheelSeparation> = 0.29999999999999999
[DEBUG] [1784900083.726499797, 0.723000000]: DiffDrive(ns = /r4/): <wheelDiameter> = 0.17999999999999999
[DEBUG] [1784900083.726503835, 0.723000000]: DiffDrive(ns = /r4/): <wheelAcceleration> = 1.8
[DEBUG] [1784900083.726508743, 0.723000000]: DiffDrive(ns = /r4/): <wheelTorque> = 20
[DEBUG] [1784900083.726512586, 0.723000000]: DiffDrive(ns = /r4/): <updateRate> = 50
[DEBUG] [1784900083.726517552, 0.723000000]: DiffDrive(ns = /r4/): <odometrySource> = world := 1
[DEBUG] [1784900083.726521003, 0.723000000]: DiffDrive(ns = /r4/): <leftJoint> = left_hub_joint
[DEBUG] [1784900083.726527072, 0.723000000]: DiffDrive(ns = /r4/): <rightJoint> = right_hub_joint
[INFO] [1784900083.726550270, 0.723000000]: DiffDrive(ns = /r4/): Try to subscribe to cmd_vel
[INFO] [1784900083.728198106, 0.723000000]: DiffDrive(ns = /r4/): Subscribe to cmd_vel
[INFO] [1784900083.728396600, 0.723000000]: DiffDrive(ns = /r4/): Advertise odom on odom 
[INFO] [1784900083.728461392, 0.723000000]: GazeboRosJointStatePublisher is going to publish joint: chassis_swivel_joint
[INFO] [1784900083.728466178, 0.723000000]: GazeboRosJointStatePublisher is going to publish joint: swivel_wheel_joint
[INFO] [1784900083.728470639, 0.723000000]: GazeboRosJointStatePublisher is going to publish joint: left_hub_joint
[INFO] [1784900083.728474629, 0.723000000]: GazeboRosJointStatePublisher is going to publish joint: right_hub_joint
[INFO] [1784900083.728478400, 0.723000000]: Starting GazeboRosJointStatePublisher Plugin (ns = /r4/)!, parent name: r4
[INFO] [1784900084.027401930, 0.877000000]: Laser Plugin: The 'robotNamespace' param was empty
[INFO] [1784900084.027424255, 0.877000000]: Starting Laser Plugin (ns = r1)
[INFO] [1784900084.027938904, 0.877000000]: Laser Plugin (ns = r1)  <tf_prefix_>, set to ""
[INFO] [1784900084.644476995, 0.877000000]: Velodyne laser plugin missing <min_intensity>, defaults to no clipping
[INFO] [1784900084.645139531, 0.877000000]: Velodyne laser plugin ready, 16 lasers
[INFO] [1784900084.645966067, 0.877000000]: Starting plugin DiffDrive(ns = /r1/)
[DEBUG] [1784900084.645974669, 0.877000000]: DiffDrive(ns = /r1/): <rosDebugLevel> = Debug
[INFO] [1784900084.645983966, 0.877000000]: DiffDrive(ns = /r1/): <rosDebugLevel> = Debug
[INFO] [1784900084.646144652, 0.877000000]: DiffDrive(ns = /r1/): <tf_prefix> = 
[DEBUG] [1784900084.646149092, 0.877000000]: DiffDrive(ns = /r1/): <commandTopic> = cmd_vel
[DEBUG] [1784900084.646152928, 0.877000000]: DiffDrive(ns = /r1/): <odometryTopic> = odom
[DEBUG] [1784900084.646158274, 0.877000000]: DiffDrive(ns = /r1/): <odometryFrame> = odom
[DEBUG] [1784900084.646163473, 0.877000000]: DiffDrive(ns = /r1/): <robotBaseFrame> = base_link
[DEBUG] [1784900084.646168144, 0.877000000]: DiffDrive(ns = /r1/): <publishWheelTF> = false
[DEBUG] [1784900084.646172623, 0.877000000]: DiffDrive(ns = /r1/): <publishOdomTF> = false
[DEBUG] [1784900084.646180025, 0.877000000]: DiffDrive(ns = /r1/): <publishWheelJointState> = false
[DEBUG] [1784900084.646186908, 0.877000000]: DiffDrive(ns = /r1/): <wheelSeparation> = 0.29999999999999999
[DEBUG] [1784900084.646191708, 0.877000000]: DiffDrive(ns = /r1/): <wheelDiameter> = 0.17999999999999999
[DEBUG] [1784900084.646197496, 0.877000000]: DiffDrive(ns = /r1/): <wheelAcceleration> = 1.8
[DEBUG] [1784900084.646202192, 0.877000000]: DiffDrive(ns = /r1/): <wheelTorque> = 20
[DEBUG] [1784900084.646207450, 0.877000000]: DiffDrive(ns = /r1/): <updateRate> = 50
[DEBUG] [1784900084.646213880, 0.877000000]: DiffDrive(ns = /r1/): <odometrySource> = world := 1
[DEBUG] [1784900084.646219551, 0.877000000]: DiffDrive(ns = /r1/): <leftJoint> = left_hub_joint
[DEBUG] [1784900084.646223439, 0.877000000]: DiffDrive(ns = /r1/): <rightJoint> = right_hub_joint
[INFO] [1784900084.646252330, 0.877000000]: DiffDrive(ns = /r1/): Try to subscribe to[INFO] [1784900080.805027, 0.000000]: Loading model XML from ros parameter robot_description_r1
[INFO] [1784900080.807778, 0.000000]: Waiting for service /gazebo/spawn_urdf_model
[INFO] [1784900081.111712, 0.372000]: Calling service /gazebo/spawn_urdf_model
[INFO] [1784900084.645865, 0.877000]: Spawn status: SpawnModel: Successfully spawned entity
train_velodyne_td3_multi.py:675: FutureWarning: You are using `torch.load` with `weights_only=False` (the current default value), which uses the default pickle module implicitly. It is possible to construct malicious pickle data which will execute arbitrary code during unpickling (See https://github.com/pytorch/pytorch/blob/main/SECURITY.md#untrusted-models for more details). In a future release, the default value for `weights_only` will be flipped to `True`. This limits the functions that could be executed during unpickling. Arbitrary objects will no longer be allowed to be loaded via this mode unless they are explicitly allowlisted by the user via `torch.serialization.add_safe_globals`. We recommend you start setting `weights_only=True` for any use case where you don't have full control of the loaded file. Please open an issue on GitHub for any issues related to this experimental feature.
  actor_state = torch.load(
train_velodyne_td3_multi.py:678: FutureWarning: You are using `torch.load` with `weights_only=False` (the current default value), which uses the default pickle module implicitly. It is possible to construct malicious pickle data which will execute arbitrary code during unpickling (See https://github.com/pytorch/pytorch/blob/main/SECURITY.md#untrusted-models for more details). In a future release, the default value for `weights_only` will be flipped to `True`. This limits the functions that could be executed during unpickling. Arbitrary objects will no longer be allowed to be loaded via this mode unless they are explicitly allowlisted by the user via `torch.serialization.add_safe_globals`. We recommend you start setting `weights_only=True` for any use case where you don't have full control of the loaded file. Please open an issue on GitHub for any issues related to this experimental feature.
  critic_state = torch.load(
Loaded initial model parameters from: TD3_velodyne_multi_v4_curriculum_stage2_to_5d_geo_critic_from_5a_guarded_best
Loaded frozen oracle weak Actor from: ./pytorch_models/TD3_velodyne_multi_v4_curriculum_stage2_to_5d_geo_critic_from_5a_guarded_best_actor.pth
==============================================
Training version: interaction-oracle-specialist-pilot-v1
Training process PID: 2861801
Launchfile: multi_robot_scenario_strong_interaction_pilot_5.launch
Scenario mode: manifest
Manifest path: /home/jiutian/Local-Critic-Multi-Robot-Navigation-gate/experiments/04_保留专门化/05_论文主线/datasets/fixed_v1/views/strong_interaction_curriculum_v1/stage2_train.json.gz
Manifest sampling: random
Eval manifest path: /home/jiutian/Local-Critic-Multi-Robot-Navigation-gate/experiments/04_保留专门化/05_论文主线/datasets/fixed_v1/views/strong_interaction_curriculum_v1/validation.json.gz
Seed: 20260724
Device: cuda
GPU: NVIDIA GeForce RTX 4090
Agent names: r1, r2, r3, r4, r5
Cooperative reward: True
Cooperative reward mode: average
Cooperative reward self weight: 0.8
Distance-weighted reward: True
Distance reward sigma: 2.0
Interaction safe distance: 1.2
Interaction close penalty: 0.5
Interaction stagnation penalty: 0.05
Anti-stagnation reward: False
Anti-stagnation penalty: 0.2
Anti-stagnation linear threshold: 0.05
Anti-stagnation progress threshold: 0.005
Anti-stagnation min laser: 0.35
Forward reward weight: 0.0
Base stagnation penalty weight: 0.0
Wall-clearance reward: False
Wall-clearance safe distance: 0.75
Wall-clearance penalty: 1.5
Wall-clearance speed weight: 0.8
Wall-clearance turn weight: 0.4
Robot safe distance: 1.0
Local-navigation reward: False
Local-navigation heading weight: 0.4
Local-navigation wrong-way penalty: 0.25
Local-navigation turn weight: 0.25
Local-navigation near-goal distance: 0.9
Local-navigation heading error: 0.5
Local critic enabled: True
Local critic geometry only: True
Active neighbors only: True
Actor state dim: 24
Critic state dim: 69
Local critic max neighbors: 9
Local critic context dim: 45
Best metric: full_success
Eval episodes: 140
Eval frequency agent samples: 20000
Eval protocol ID: eval-v1|scenario=manifest|episodes=140|max_steps=300|manifest_sha256=3b2646a842b777f8c60dca4c452cb78eb3a223ffe59139b8501797aa1d23d583|sampling=cycle|oracle_interaction_distance=2.000
Max epochs: 2
Actor learning rate: 1e-06
Actor train mode: full
Oracle interaction rollout: True
Oracle weak Actor: TD3_velodyne_multi_v4_curriculum_stage2_to_5d_geo_critic_from_5a_guarded_best
Oracle interaction distance: 2.0
Actor interaction-only updates: True
Actor trainable parameters: 501802/501802
Critic learning rate: 8e-05
Actor update delay steps: 21000
Policy freq: 2
Actor anchor weight: 0.0
Actor Q normalization alpha: 0.0
Exploration noise: 0.08
Exploration min: 0.03
Exploration decay steps: 80000
Exploration decay unit: environment steps
TensorBoard log dir: runs/multi_coop_Jul24_21-34-44_JiuTian-AI4090
Checkpoint path: ./checkpoints/interaction_oracle_safe_distance_pilot_s20260724_latest.pt
Best checkpoint path: ./checkpoints/interaction_oracle_safe_distance_pilot_s20260724_best.pt
Model prefix: interaction_oracle_safe_distance_pilot_s20260724
Checkpoint interval episodes: 10
Resume mode: False
Starting agent samples: 0
Starting env steps: 0
Starting epoch: 1
==============================================
[WARN] [1784900085.558423780, 1.024000000]: GazeboRosDiffDrive Plugin (ns = ) missing <publishTf>, defaults to 1
[INFO] [1784900080.821277, 0.000000]: Loading model XML from ros parameter robot_description_r5
[INFO] [1784900080.823597, 0.000000]: Waiting for service /gazebo/spawn_urdf_model
[INFO] [1784900081.125021, 0.372000]: Calling service /gazebo/spawn_urdf_model
[INFO] [1784900085.557946, 1.024000]: Spawn status: SpawnModel: Successfully spawned entity
Episode 1 complete | agent_samples=108 | env_steps=38 | episode_env_steps=38 | episode_agent_samples=108 | mean_reward=117.557 | success=5/5 | collision=0/5 | mean_final_distance=0.246 | mean_progress=0.0316 | min_laser=0.538 | mean_lin=0.976 | mean_ang=0.217 | mean_robot_dist=1.099 | raw_reward=39.971 | adjusted_reward=39.977 | coop_agents=1/5 | mean_coop_neighbors=0.20 | active_neighbor_step_rate=0.648 | mean_active_neighbors_step=1.509 | max_active_neighbors_step=4 | interaction_reward=0.0000 | abs_interaction_reward=0.0000 | anti_stag_reward=0.0000 | abs_anti_stag_reward=0.0000 | wall_clear_reward=0.0000 | abs_wall_clear_reward=0.0000 | local_nav_reward=0.0000 | abs_local_nav_reward=0.0000 | context_neighbors_mean=1.56 | context_neighbors_max=4 | last_context_neighbors_mean=0.00 | last_context_neighbors_max=0 | actor_unlocked=0 | expl_noise=0.0800 | replay=108 | interaction_replay=65 | samples/sec=12.537
Episode 2 complete | agent_samples=149 | env_steps=48 | episode_env_steps=10 | episode_agent_samples=41 | mean_reward=23.968 | success=3/5 | collision=2/5 | mean_final_distance=0.554 | mean_progress=0.0106 | min_laser=0.300 | mean_lin=0.997 | mean_ang=-0.730 | mean_robot_dist=1.035 | raw_reward=20.000 | adjusted_reward=20.000 | coop_agents=0/5 | mean_coop_neighbors=0.00 | active_neighbor_step_rate=0.854 | mean_active_neighbors_step=2.195 | max_active_neighbors_step=4 | interaction_reward=0.0000 | abs_interaction_reward=0.0000 | anti_stag_reward=0.0000 | abs_anti_stag_reward=0.0000 | wall_clear_reward=0.0000 | abs_wall_clear_reward=0.0000 | local_nav_reward=0.0000 | abs_local_nav_reward=0.0000 | context_neighbors_mean=2.32 | context_neighbors_max=4 | last_context_neighbors_mean=0.00 | last_context_neighbors_max=0 | actor_unlocked=0 | expl_noise=0.0800 | replay=149 | interaction_replay=101 | samples/sec=13.669
Episode 3 complete | agent_samples=194 | env_steps=71 | episode_env_steps=23 | episode_agent_samples=45 | mean_reward=21.694 | success=3/5 | collision=2/5 | mean_final_distance=0.783 | mean_progress=0.0130 | min_laser=0.300 | mean_lin=0.980 | mean_ang=-0.591 | mean_robot_dist=0.912 | raw_reward=19.912 | adjusted_reward=19.912 | coop_agents=0/5 | mean_coop_neighbors=0.00 | active_neighbor_step_rate=0.556 | mean_active_neighbors_step=1.556 | max_active_neighbors_step=4 | interaction_reward=0.0000 | abs_interaction_reward=0.0000 | anti_stag_reward=0.0000 | abs_anti_stag_reward=0.0000 | wall_clear_reward=0.0000 | abs_wall_clear_reward=0.0000 | local_nav_reward=0.0000 | abs_local_nav_reward=0.0000 | context_neighbors_mean=1.60 | context_neighbors_max=4 | last_context_neighbors_mean=0.00 | last_context_neighbors_max=0 | actor_unlocked=0 | expl_noise=0.0800 | replay=194 | interaction_replay=121 | samples/sec=12.138
Episode 4 complete | agent_samples=304 | env_steps=97 | episode_env_steps=26 | episode_agent_samples=110 | mean_reward=139.846 | success=5/5 | collision=0/5 | mean_final_distance=0.274 | mean_progress=0.0227 | min_laser=0.366 | mean_lin=0.800 | mean_ang=-0.203 | mean_robot_dist=1.743 | raw_reward=20.000 | adjusted_reward=20.000 | coop_agents=0/5 | mean_coop_neighbors=0.00 | active_neighbor_step_rate=0.573 | mean_active_neighbors_step=1.236 | max_active_neighbors_step=4 | interaction_reward=0.0000 | abs_interaction_reward=0.0000 | anti_stag_reward=0.0000 | abs_anti_stag_reward=0.0000 | wall_clear_reward=0.0000 | abs_wall_clear_reward=0.0000 | local_nav_reward=0.0000 | abs_local_nav_reward=0.0000 | context_neighbors_mean=1.29 | context_neighbors_max=4 | last_context_neighbors_mean=0.00 | last_context_neighbors_max=0 | actor_unlocked=0 | expl_noise=0.0799 | replay=304 | interaction_replay=171 | samples/sec=13.977
Episode 5 complete | agent_samples=380 | env_steps=119 | episode_env_steps=22 | episode_agent_samples=76 | mean_reward=118.761 | success=5/5 | collision=0/5 | mean_final_distance=0.248 | mean_progress=0.0135 | min_laser=0.357 | mean_lin=0.996 | mean_ang=-0.162 | mean_robot_dist=0.993 | raw_reward=19.993 | adjusted_reward=19.993 | coop_agents=0/5 | mean_coop_neighbors=0.00 | active_neighbor_step_rate=0.829 | mean_active_neighbors_step=1.658 | max_active_neighbors_step=4 | interaction_reward=0.0000 | abs_interaction_reward=0.0000 | anti_stag_reward=0.0000 | abs_anti_stag_reward=0.0000 | wall_clear_reward=0.0000 | abs_wall_clear_reward=0.0000 | local_nav_reward=0.0000 | abs_local_nav_reward=0.0000 | context_neighbors_mean=1.71 | context_neighbors_max=4 | last_context_neighbors_mean=0.00 | last_context_neighbors_max=0 | actor_unlocked=0 | expl_noise=0.0799 | replay=380 | interaction_replay=234 | samples/sec=14.254
Status | epoch=1 | next_eval_in=19620 agent_samples | checkpoint_every=10 episodes | checkpoint=./checkpoints/interaction_oracle_safe_distance_pilot_s20260724_latest.pt | model=interaction_oracle_safe_distance_pilot_s20260724
Episode 6 complete | agent_samples=426 | env_steps=129 | episode_env_steps=10 | episode_agent_samples=46 | mean_reward=33.383 | success=3/5 | collision=2/5 | mean_final_distance=0.351 | mean_progress=0.0315 | min_laser=0.300 | mean_lin=0.600 | mean_ang=0.196 | mean_robot_dist=1.037 | raw_reward=-0.494 | adjusted_reward=-0.494 | coop_agents=2/5 | mean_coop_neighbors=0.40 | active_neighbor_step_rate=0.935 | mean_active_neighbors_step=2.326 | max_active_neighbors_step=4 | interaction_reward=0.0000 | abs_interaction_reward=0.0000 | anti_stag_reward=0.0000 | abs_anti_stag_reward=0.0000 | wall_clear_reward=0.0000 | abs_wall_clear_reward=0.0000 | local_nav_reward=0.0000 | abs_local_nav_reward=0.0000 | context_neighbors_mean=2.39 | context_neighbors_max=4 | last_context_neighbors_mean=0.00 | last_context_neighbors_max=0 | actor_unlocked=0 | expl_noise=0.0799 | replay=426 | interaction_replay=275 | samples/sec=14.753
Episode 7 complete | agent_samples=495 | env_steps=150 | episode_env_steps=21 | episode_agent_samples=69 | mean_reward=32.456 | success=3/5 | collision=2/5 | mean_final_distance=0.389 | mean_progress=0.0200 | min_laser=0.300 | mean_lin=0.820 | mean_ang=0.199 | mean_robot_dist=1.251 | raw_reward=20.000 | adjusted_reward=20.000 | coop_agents=0/5 | mean_coop_neighbors=0.00 | active_neighbor_step_rate=0.928 | mean_active_neighbors_step=2.348 | max_active_neighbors_step=4 | interaction_reward=0.0000 | abs_interaction_reward=0.0000 | anti_stag_reward=0.0000 | abs_anti_stag_reward=0.0000 | wall_clear_reward=0.0000 | abs_wall_clear_reward=0.0000 | local_nav_reward=0.0000 | abs_local_nav_reward=0.0000 | context_neighbors_mean=2.35 | context_neighbors_max=4 | last_context_neighbors_mean=0.00 | last_context_neighbors_max=0 | actor_unlocked=0 | expl_noise=0.0799 | replay=495 | interaction_replay=313 | samples/sec=14.784
Episode 8 complete | agent_samples=578 | env_steps=175 | episode_env_steps=25 | episode_agent_samples=83 | mean_reward=114.867 | success=5/5 | collision=0/5 | mean_final_distance=0.254 | mean_progress=0.0177 | min_laser=0.358 | mean_lin=0.984 | mean_ang=0.544 | mean_robot_dist=1.321 | raw_reward=20.000 | adjusted_reward=20.000 | coop_agents=0/5 | mean_coop_neighbors=0.00 | active_neighbor_step_rate=0.747 | mean_active_neighbors_step=1.687 | max_active_neighbors_step=4 | interaction_reward=0.0000 | abs_interaction_reward=0.0000 | anti_stag_reward=0.0000 | abs_anti_stag_reward=0.0000 | wall_clear_reward=0.0000 | abs_wall_clear_reward=0.0000 | local_nav_reward=0.0000 | abs_local_nav_reward=0.0000 | context_neighbors_mean=1.77 | context_neighbors_max=4 | last_context_neighbors_mean=0.00 | last_context_neighbors_max=0 | actor_unlocked=0 | expl_noise=0.0799 | replay=578 | interaction_replay=375 | samples/sec=14.831
Episode 9 complete | agent_samples=634 | env_steps=192 | episode_env_steps=17 | episode_agent_samples=56 | mean_reward=21.661 | success=3/5 | collision=2/5 | mean_final_distance=0.461 | mean_progress=0.0140 | min_laser=0.300 | mean_lin=0.861 | mean_ang=-0.202 | mean_robot_dist=1.374 | raw_reward=20.000 | adjusted_reward=20.000 | coop_agents=0/5 | mean_coop_neighbors=0.00 | active_neighbor_step_rate=0.875 | mean_active_neighbors_step=2.250 | max_active_neighbors_step=4 | interaction_reward=0.0000 | abs_interaction_reward=0.0000 | anti_stag_reward=0.0000 | abs_anti_stag_reward=0.0000 | wall_clear_reward=0.0000 | abs_wall_clear_reward=0.0000 | local_nav_reward=0.0000 | abs_local_nav_reward=0.0000 | context_neighbors_mean=2.30 | context_neighbors_max=4 | last_context_neighbors_mean=0.00 | last_context_neighbors_max=0 | actor_unlocked=0 | expl_noise=0.0799 | replay=634 | interaction_replay=420 | samples/sec=14.858
Episode 10 complete | agent_samples=697 | env_steps=211 | episode_env_steps=19 | episode_agent_samples=63 | mean_reward=28.349 | success=3/5 | collision=2/5 | mean_final_distance=0.492 | mean_progress=0.0100 | min_laser=0.301 | mean_lin=0.915 | mean_ang=0.547 | mean_robot_dist=0.958 | raw_reward=19.958 | adjusted_reward=19.958 | coop_agents=0/5 | mean_coop_neighbors=0.00 | active_neighbor_step_rate=0.635 | mean_active_neighbors_step=1.794 | max_active_neighbors_step=4 | interaction_reward=0.0000 | abs_interaction_reward=0.0000 | anti_stag_reward=0.0000 | abs_anti_stag_reward=0.0000 | wall_clear_reward=0.0000 | abs_wall_clear_reward=0.0000 | local_nav_reward=0.0000 | abs_local_nav_reward=0.0000 | context_neighbors_mean=1.81 | context_neighbors_max=4 | last_context_neighbors_mean=0.00 | last_context_neighbors_max=0 | actor_unlocked=0 | expl_noise=0.0799 | replay=697 | interaction_replay=455 | samples/sec=14.856
Status | epoch=1 | next_eval_in=19303 agent_samples | checkpoint_every=10 episodes | checkpoint=./checkpoints/interaction_oracle_safe_distance_pilot_s20260724_latest.pt | model=interaction_oracle_safe_distance_pilot_s20260724
Checkpoint saved: ./checkpoints/interaction_oracle_safe_distance_pilot_s20260724_latest.pt
Episode 11 complete | agent_samples=743 | env_steps=224 | episode_env_steps=13 | episode_agent_samples=46 | mean_reward=66.582 | success=4/5 | collision=1/5 | mean_final_distance=0.530 | mean_progress=0.0209 | min_laser=0.331 | mean_lin=0.994 | mean_ang=0.228 | mean_robot_dist=1.724 | raw_reward=20.000 | adjusted_reward=20.000 | coop_agents=0/5 | mean_coop_neighbors=0.00 | active_neighbor_step_rate=0.891 | mean_active_neighbors_step=2.196 | max_active_neighbors_step=3 | interaction_reward=0.0000 | abs_interaction_reward=0.0000 | anti_stag_reward=0.0000 | abs_anti_stag_reward=0.0000 | wall_clear_reward=0.0000 | abs_wall_clear_reward=0.0000 | local_nav_reward=0.0000 | abs_local_nav_reward=0.0000 | context_neighbors_mean=2.22 | context_neighbors_max=3 | last_context_neighbors_mean=0.00 | last_context_neighbors_max=0 | actor_unlocked=0 | expl_noise=0.0799 | replay=743 | interaction_replay=490 | samples/sec=14.905
Episode 12 complete | agent_samples=814 | env_steps=242 | episode_env_steps=18 | episode_agent_samples=71 | mean_reward=-11.731 | success=2/5 | collision=3/5 | mean_final_distance=0.710 | mean_progress=0.0045 | min_laser=0.300 | mean_lin=0.408 | mean_ang=-0.549 | mean_robot_dist=1.420 | raw_reward=20.000 | adjusted_reward=20.000 | coop_agents=0/5 | mean_coop_neighbors=0.00 | active_neighbor_step_rate=0.930 | mean_active_neighbors_step=1.803 | max_active_neighbors_step=4 | interaction_reward=0.0000 | abs_interaction_reward=0.0000 | anti_stag_reward=0.0000 | abs_anti_stag_reward=0.0000 | wall_clear_reward=0.0000 | abs_wall_clear_reward=0.0000 | local_nav_reward=0.0000 | abs_local_nav_reward=0.0000 | context_neighbors_mean=1.80 | context_neighbors_max=4 | last_context_neighbors_mean=0.00 | last_context_neighbors_max=0 | actor_unlocked=0 | expl_noise=0.0798 | replay=814 | interaction_replay=516 | samples/sec=15.114
Episode 13 complete | agent_samples=889 | env_steps=279 | episode_env_steps=37 | episode_agent_samples=75 | mean_reward=65.640 | success=4/5 | collision=1/5 | mean_final_distance=0.447 | mean_progress=0.0039 | min_laser=0.300 | mean_lin=0.993 | mean_ang=0.183 | mean_robot_dist=1.662 | raw_reward=20.000 | adjusted_reward=20.000 | coop_agents=0/5 | mean_coop_neighbors=0.00 | active_neighbor_step_rate=0.533 | mean_active_neighbors_step=1.040 | max_active_neighbors_step=4 | interaction_reward=0.0000 | abs_interaction_reward=0.0000 | anti_stag_reward=0.0000 | abs_anti_stag_reward=0.0000 | wall_clear_reward=0.0000 | abs_wall_clear_reward=0.0000 | local_nav_reward=0.0000 | abs_local_nav_reward=0.0000 | context_neighbors_mean=1.13 | context_neighbors_max=4 | last_context_neighbors_mean=0.00 | last_context_neighbors_max=0 | actor_unlocked=0 | expl_noise=0.0798 | replay=889 | interaction_replay=558 | samples/sec=14.343
Episode 14 complete | agent_samples=969 | env_steps=299 | episode_env_steps=20 | episode_agent_samples=80 | mean_reward=116.016 | success=5/5 | collision=0/5 | mean_final_distance=0.265 | mean_progress=0.0381 | min_laser=0.415 | mean_lin=0.800 | mean_ang=0.598 | mean_robot_dist=1.806 | raw_reward=40.000 | adjusted_reward=40.000 | coop_agents=0/5 | mean_coop_neighbors=0.00 | active_neighbor_step_rate=0.688 | mean_active_neighbors_step=1.850 | max_active_neighbors_step=4 | interaction_reward=0.0000 | abs_interaction_reward=0.0000 | anti_stag_reward=0.0000 | abs_anti_stag_reward=0.0000 | wall_clear_reward=0.0000 | abs_wall_clear_reward=0.0000 | local_nav_reward=0.0000 | abs_local_nav_reward=0.0000 | context_neighbors_mean=1.91 | context_neighbors_max=4 | last_context_neighbors_mean=0.00 | last_context_neighbors_max=0 | actor_unlocked=0 | expl_noise=0.0798 | replay=969 | interaction_replay=587 | samples/sec=14.583
Episode 15 complete | agent_samples=1017 | env_steps=312 | episode_env_steps=13 | episode_agent_samples=48 | mean_reward=116.739 | success=5/5 | collision=0/5 | mean_final_distance=0.252 | mean_progress=0.0076 | min_laser=0.612 | mean_lin=1.000 | mean_ang=-0.186 | mean_robot_dist=1.130 | raw_reward=20.000 | adjusted_reward=20.000 | coop_agents=0/5 | mean_coop_neighbors=0.00 | active_neighbor_step_rate=0.896 | mean_active_neighbors_step=2.167 | max_active_neighbors_step=3 | interaction_reward=0.0000 | abs_interaction_reward=0.0000 | anti_stag_reward=0.0000 | abs_anti_stag_reward=0.0000 | wall_clear_reward=0.0000 | abs_wall_clear_reward=0.0000 | local_nav_reward=0.0000 | abs_local_nav_reward=0.0000 | context_neighbors_mean=2.21 | context_neighbors_max=3 | last_context_neighbors_mean=0.00 | last_context_neighbors_max=0 | actor_unlocked=0 | expl_noise=0.0798 | replay=1017 | interaction_replay=627 | samples/sec=14.662
Status | epoch=1 | next_eval_in=18983 agent_samples | checkpoint_every=10 episodes | checkpoint=./checkpoints/interaction_oracle_safe_distance_pilot_s20260724_latest.pt | model=interaction_oracle_safe_distance_pilot_s20260724
Episode 16 complete | agent_samples=1097 | env_steps=341 | episode_env_steps=29 | episode_agent_samples=80 | mean_reward=43.953 | success=3/5 | collision=2/5 | mean_final_distance=0.816 | mean_progress=0.0199 | min_laser=0.315 | mean_lin=0.984 | mean_ang=0.728 | mean_robot_dist=2.209 | raw_reward=20.000 | adjusted_reward=20.000 | coop_agents=0/5 | mean_coop_neighbors=0.00 | active_neighbor_step_rate=0.375 | mean_active_neighbors_step=1.125 | max_active_neighbors_step=4 | interaction_reward=0.0000 | abs_interaction_reward=0.0000 | anti_stag_reward=0.0000 | abs_anti_stag_reward=0.0000 | wall_clear_reward=0.0000 | abs_wall_clear_reward=0.0000 | local_nav_reward=0.0000 | abs_local_nav_reward=0.0000 | context_neighbors_mean=1.19 | context_neighbors_max=4 | last_context_neighbors_mean=0.00 | last_context_neighbors_max=0 | actor_unlocked=0 | expl_noise=0.0798 | replay=1097 | interaction_replay=654 | samples/sec=14.489
Episode 17 complete | agent_samples=1223 | env_steps=385 | episode_env_steps=44 | episode_agent_samples=126 | mean_reward=80.750 | success=4/5 | collision=1/5 | mean_final_distance=0.547 | mean_progress=0.0048 | min_laser=0.335 | mean_lin=0.602 | mean_ang=0.114 | mean_robot_dist=0.714 | raw_reward=19.714 | adjusted_reward=19.714 | coop_agents=0/5 | mean_coop_neighbors=0.00 | active_neighbor_step_rate=0.651 | mean_active_neighbors_step=1.817 | max_active_neighbors_step=4 | interaction_reward=0.0000 | abs_interaction_reward=0.0000 | anti_stag_reward=0.0000 | abs_anti_stag_reward=0.0000 | wall_clear_reward=0.0000 | abs_wall_clear_reward=0.0000 | local_nav_reward=0.0000 | abs_local_nav_reward=0.0000 | context_neighbors_mean=1.86 | context_neighbors_max=4 | last_context_neighbors_mean=0.00 | last_context_neighbors_max=0 | actor_unlocked=0 | expl_noise=0.0798 | replay=1223 | interaction_replay=721 | samples/sec=14.340
Episode 18 complete | agent_samples=1597 | env_steps=685 | episode_env_steps=300 | episode_agent_samples=374 | mean_reward=46.076 | success=3/5 | collision=1/5 | mean_final_distance=0.631 | mean_progress=-0.0000 | min_laser=0.312 | mean_lin=0.600 | mean_ang=-0.152 | mean_robot_dist=2.846 | raw_reward=-0.050 | adjusted_reward=-0.050 | coop_agents=0/5 | mean_coop_neighbors=0.00 | active_neighbor_step_rate=0.267 | mean_active_neighbors_step=0.495 | max_active_neighbors_step=4 | interaction_reward=0.0000 | abs_interaction_reward=0.0000 | anti_stag_reward=0.0000 | abs_anti_stag_reward=0.0000 | wall_clear_reward=0.0000 | abs_wall_clear_reward=0.0000 | local_nav_reward=0.0000 | abs_local_nav_reward=0.0000 | context_neighbors_mean=0.49 | context_neighbors_max=4 | last_context_neighbors_mean=0.00 | last_context_neighbors_max=0 | actor_unlocked=0 | expl_noise=0.0796 | replay=1597 | interaction_replay=737 | samples/sec=10.652
Episode 19 complete | agent_samples=1685 | env_steps=709 | episode_env_steps=24 | episode_agent_samples=88 | mean_reward=134.934 | success=5/5 | collision=0/5 | mean_final_distance=0.256 | mean_progress=0.0236 | min_laser=0.405 | mean_lin=0.896 | mean_ang=0.195 | mean_robot_dist=1.295 | raw_reward=20.000 | adjusted_reward=20.000 | coop_agents=0/5 | mean_coop_neighbors=0.00 | active_neighbor_step_rate=0.761 | mean_active_neighbors_step=1.739 | max_active_neighbors_step=4 | interaction_reward=0.0000 | abs_interaction_reward=0.0000 | anti_stag_reward=0.0000 | abs_anti_stag_reward=0.0000 | wall_clear_reward=0.0000 | abs_wall_clear_reward=0.0000 | local_nav_reward=0.0000 | abs_local_nav_reward=0.0000 | context_neighbors_mean=1.83 | context_neighbors_max=4 | last_context_neighbors_mean=0.00 | last_context_neighbors_max=0 | actor_unlocked=0 | expl_noise=0.0796 | replay=1685 | interaction_replay=801 | samples/sec=10.857
Episode 20 complete | agent_samples=1784 | env_steps=754 | episode_env_steps=45 | episode_agent_samples=99 | mean_reward=120.452 | success=5/5 | collision=0/5 | mean_final_distance=0.235 | mean_progress=0.0068 | min_laser=0.422 | mean_lin=0.800 | mean_ang=-0.336 | mean_robot_dist=1.142 | raw_reward=20.000 | adjusted_reward=20.000 | coop_agents=0/5 | mean_coop_neighbors=0.00 | active_neighbor_step_rate=0.515 | mean_active_neighbors_step=1.263 | max_active_neighbors_step=4 | interaction_reward=0.0000 | abs_interaction_reward=0.0000 | anti_stag_reward=0.0000 | abs_anti_stag_reward=0.0000 | wall_clear_reward=0.0000 | abs_wall_clear_reward=0.0000 | local_nav_reward=0.0000 | abs_local_nav_reward=0.0000 | context_neighbors_mean=1.26 | context_neighbors_max=4 | last_context_neighbors_mean=0.00 | last_context_neighbors_max=0 | actor_unlocked=0 | expl_noise=0.0795 | replay=1784 | interaction_replay=832 | samples/sec=10.811
Status | epoch=1 | next_eval_in=18216 agent_samples | checkpoint_every=10 episodes | checkpoint=./checkpoints/interaction_oracle_safe_distance_pilot_s20260724_latest.pt | model=interaction_oracle_safe_distance_pilot_s20260724
Checkpoint saved: ./checkpoints/interaction_oracle_safe_distance_pilot_s20260724_latest.pt
Episode 21 complete | agent_samples=1830 | env_steps=764 | episode_env_steps=10 | episode_agent_samples=46 | mean_reward=66.538 | success=4/5 | collision=1/5 | mean_final_distance=0.479 | mean_progress=0.0091 | min_laser=0.300 | mean_lin=0.794 | mean_ang=-0.201 | mean_robot_dist=0.496 | raw_reward=-20.504 | adjusted_reward=-20.504 | coop_agents=0/5 | mean_coop_neighbors=0.00 | active_neighbor_step_rate=0.978 | mean_active_neighbors_step=2.435 | max_active_neighbors_step=4 | interaction_reward=0.0000 | abs_interaction_reward=0.0000 | anti_stag_reward=0.0000 | abs_anti_stag_reward=0.0000 | wall_clear_reward=0.0000 | abs_wall_clear_reward=0.0000 | local_nav_reward=0.0000 | abs_local_nav_reward=0.0000 | context_neighbors_mean=2.54 | context_neighbors_max=4 | last_context_neighbors_mean=0.00 | last_context_neighbors_max=0 | actor_unlocked=0 | expl_noise=0.0795 | replay=1830 | interaction_replay=877 | samples/sec=10.937
Episode 22 complete | agent_samples=1883 | env_steps=779 | episode_env_steps=15 | episode_agent_samples=53 | mean_reward=30.526 | success=3/5 | collision=2/5 | mean_final_distance=0.516 | mean_progress=0.0156 | min_laser=0.300 | mean_lin=0.832 | mean_ang=-0.964 | mean_robot_dist=3.027 | raw_reward=20.000 | adjusted_reward=20.000 | coop_agents=0/5 | mean_coop_neighbors=0.00 | active_neighbor_step_rate=0.925 | mean_active_neighbors_step=2.981 | max_active_neighbors_step=4 | interaction_reward=0.0000 | abs_interaction_reward=0.0000 | anti_stag_reward=0.0000 | abs_anti_stag_reward=0.0000 | wall_clear_reward=0.0000 | abs_wall_clear_reward=0.0000 | local_nav_reward=0.0000 | abs_local_nav_reward=0.0000 | context_neighbors_mean=3.00 | context_neighbors_max=4 | last_context_neighbors_mean=0.00 | last_context_neighbors_max=0 | actor_unlocked=0 | expl_noise=0.0795 | replay=1883 | interaction_replay=889 | samples/sec=11.031
Episode 23 complete | agent_samples=1995 | env_steps=817 | episode_env_steps=38 | episode_agent_samples=112 | mean_reward=119.350 | success=5/5 | collision=0/5 | mean_final_distance=0.246 | mean_progress=0.0097 | min_laser=0.418 | mean_lin=0.992 | mean_ang=-0.559 | mean_robot_dist=1.340 | raw_reward=20.000 | adjusted_reward=20.000 | coop_agents=0/5 | mean_coop_neighbors=0.00 | active_neighbor_step_rate=0.741 | mean_active_neighbors_step=1.402 | max_active_neighbors_step=4 | interaction_reward=0.0000 | abs_interaction_reward=0.0000 | anti_stag_reward=0.0000 | abs_anti_stag_reward=0.0000 | wall_clear_reward=0.0000 | abs_wall_clear_reward=0.0000 | local_nav_reward=0.0000 | abs_local_nav_reward=0.0000 | context_neighbors_mean=1.44 | context_neighbors_max=4 | last_context_neighbors_mean=0.00 | last_context_neighbors_max=0 | actor_unlocked=0 | expl_noise=0.0795 | replay=1995 | interaction_replay=929 | samples/sec=11.145
Episode 24 complete | agent_samples=2082 | env_steps=861 | episode_env_steps=44 | episode_agent_samples=87 | mean_reward=110.393 | success=5/5 | collision=0/5 | mean_final_distance=0.252 | mean_progress=0.0015 | min_laser=0.762 | mean_lin=0.996 | mean_ang=0.479 | mean_robot_dist=1.177 | raw_reward=20.000 | adjusted_reward=20.000 | coop_agents=0/5 | mean_coop_neighbors=0.00 | active_neighbor_step_rate=0.540 | mean_active_neighbors_step=1.080 | max_active_neighbors_step=4 | interaction_reward=0.0000 | abs_interaction_reward=0.0000 | anti_stag_reward=0.0000 | abs_anti_stag_reward=0.0000 | wall_clear_reward=0.0000 | abs_wall_clear_reward=0.0000 | local_nav_reward=0.0000 | abs_local_nav_reward=0.0000 | context_neighbors_mean=1.11 | context_neighbors_max=4 | last_context_neighbors_mean=0.00 | last_context_neighbors_max=0 | actor_unlocked=0 | expl_noise=0.0795 | replay=2082 | interaction_replay=963 | samples/sec=11.044
Episode 25 complete | agent_samples=2131 | env_steps=874 | episode_env_steps=13 | episode_agent_samples=49 | mean_reward=28.376 | success=3/5 | collision=2/5 | mean_final_distance=0.448 | mean_progress=0.0229 | min_laser=0.300 | mean_lin=0.790 | mean_ang=-0.244 | mean_robot_dist=1.317 | raw_reward=20.000 | adjusted_reward=20.000 | coop_agents=0/5 | mean_coop_neighbors=0.00 | active_neighbor_step_rate=0.939 | mean_active_neighbors_step=2.388 | max_active_neighbors_step=4 | interaction_reward=0.0000 | abs_interaction_reward=0.0000 | anti_stag_reward=0.0000 | abs_anti_stag_reward=0.0000 | wall_clear_reward=0.0000 | abs_wall_clear_reward=0.0000 | local_nav_reward=0.0000 | abs_local_nav_reward=0.0000 | context_neighbors_mean=2.43 | context_neighbors_max=4 | last_context_neighbors_mean=0.00 | last_context_neighbors_max=0 | actor_unlocked=0 | expl_noise=0.0795 | replay=2131 | interaction_replay=1003 | samples/sec=11.131
Status | epoch=1 | next_eval_in=17869 agent_samples | checkpoint_every=10 episodes | checkpoint=./checkpoints/interaction_oracle_safe_distance_pilot_s20260724_latest.pt | model=interaction_oracle_safe_distance_pilot_s20260724
Episode 26 complete | agent_samples=2227 | env_steps=921 | episode_env_steps=47 | episode_agent_samples=96 | mean_reward=30.028 | success=3/5 | collision=2/5 | mean_final_distance=0.623 | mean_progress=0.0132 | min_laser=0.308 | mean_lin=0.980 | mean_ang=0.457 | mean_robot_dist=1.464 | raw_reward=20.000 | adjusted_reward=20.000 | coop_agents=0/5 | mean_coop_neighbors=0.00 | active_neighbor_step_rate=0.729 | mean_active_neighbors_step=1.604 | max_active_neighbors_step=4 | interaction_reward=0.0000 | abs_interaction_reward=0.0000 | anti_stag_reward=0.0000 | abs_anti_stag_reward=0.0000 | wall_clear_reward=0.0000 | abs_wall_clear_reward=0.0000 | local_nav_reward=0.0000 | abs_local_nav_reward=0.0000 | context_neighbors_mean=1.59 | context_neighbors_max=4 | last_context_neighbors_mean=0.00 | last_context_neighbors_max=0 | actor_unlocked=0 | expl_noise=0.0794 | replay=2227 | interaction_replay=1021 | samples/sec=11.043
Episode 27 complete | agent_samples=2304 | env_steps=947 | episode_env_steps=26 | episode_agent_samples=77 | mean_reward=85.640 | success=4/5 | collision=1/5 | mean_final_distance=0.590 | mean_progress=0.0200 | min_laser=0.301 | mean_lin=1.000 | mean_ang=-0.129 | mean_robot_dist=2.489 | raw_reward=20.000 | adjusted_reward=20.000 | coop_agents=0/5 | mean_coop_neighbors=0.00 | active_neighbor_step_rate=0.662 | mean_active_neighbors_step=1.312 | max_active_neighbors_step=4 | interaction_reward=0.0000 | abs_interaction_reward=0.0000 | anti_stag_reward=0.0000 | abs_anti_stag_reward=0.0000 | wall_clear_reward=0.0000 | abs_wall_clear_reward=0.0000 | local_nav_reward=0.0000 | abs_local_nav_reward=0.0000 | context_neighbors_mean=1.34 | context_neighbors_max=4 | last_context_neighbors_mean=0.00 | last_context_neighbors_max=0 | actor_unlocked=0 | expl_noise=0.0794 | replay=2304 | interaction_replay=1035 | samples/sec=11.108
Episode 28 complete | agent_samples=2346 | env_steps=956 | episode_env_steps=9 | episode_agent_samples=42 | mean_reward=71.758 | success=4/5 | collision=1/5 | mean_final_distance=0.531 | mean_progress=0.0707 | min_laser=0.333 | mean_lin=0.797 | mean_ang=0.218 | mean_robot_dist=1.208 | raw_reward=59.687 | adjusted_reward=59.687 | coop_agents=2/5 | mean_coop_neighbors=0.40 | active_neighbor_step_rate=0.976 | mean_active_neighbors_step=1.929 | max_active_neighbors_step=4 | interaction_reward=0.0000 | abs_interaction_reward=0.0000 | anti_stag_reward=0.0000 | abs_anti_stag_reward=0.0000 | wall_clear_reward=0.0000 | abs_wall_clear_reward=0.0000 | local_nav_reward=0.0000 | abs_local_nav_reward=0.0000 | context_neighbors_mean=1.95 | context_neighbors_max=4 | last_context_neighbors_mean=0.00 | last_context_neighbors_max=0 | actor_unlocked=0 | expl_noise=0.0794 | replay=2346 | interaction_replay=1074 | samples/sec=11.201
Episode 29 complete | agent_samples=2399 | env_steps=976 | episode_env_steps=20 | episode_agent_samples=53 | mean_reward=61.098 | success=4/5 | collision=1/5 | mean_final_distance=0.505 | mean_progress=0.0201 | min_laser=0.300 | mean_lin=0.781 | mean_ang=0.575 | mean_robot_dist=0.966 | raw_reward=19.966 | adjusted_reward=19.966 | coop_agents=0/5 | mean_coop_neighbors=0.00 | active_neighbor_step_rate=0.679 | mean_active_neighbors_step=1.585 | max_active_neighbors_step=3 | interaction_reward=0.0000 | abs_interaction_reward=0.0000 | anti_stag_reward=0.0000 | abs_anti_stag_reward=0.0000 | wall_clear_reward=0.0000 | abs_wall_clear_reward=0.0000 | local_nav_reward=0.0000 | abs_local_nav_reward=0.0000 | context_neighbors_mean=1.66 | context_neighbors_max=3 | last_context_neighbors_mean=0.00 | last_context_neighbors_max=0 | actor_unlocked=0 | expl_noise=0.0794 | replay=2399 | interaction_replay=1111 | samples/sec=11.218
Episode 30 complete | agent_samples=2485 | env_steps=1002 | episode_env_steps=26 | episode_agent_samples=86 | mean_reward=118.346 | success=5/5 | collision=0/5 | mean_final_distance=0.257 | mean_progress=0.0139 | min_laser=0.524 | mean_lin=0.809 | mean_ang=-0.453 | mean_robot_dist=0.816 | raw_reward=19.816 | adjusted_reward=19.816 | coop_agents=0/5 | mean_coop_neighbors=0.00 | active_neighbor_step_rate=0.791 | mean_active_neighbors_step=1.535 | max_active_neighbors_step=4 | interaction_reward=0.0000 | abs_interaction_reward=0.0000 | anti_stag_reward=0.0000 | abs_anti_stag_reward=0.0000 | wall_clear_reward=0.0000 | abs_wall_clear_reward=0.0000 | local_nav_reward=0.0000 | abs_local_nav_reward=0.0000 | context_neighbors_mean=1.52 | context_neighbors_max=4 | last_context_neighbors_mean=0.00 | last_context_neighbors_max=0 | actor_unlocked=0 | expl_noise=0.0794 | replay=2485 | interaction_replay=1130 | samples/sec=11.317
Status | epoch=1 | next_eval_in=17515 agent_samples | checkpoint_every=10 episodes | checkpoint=./checkpoints/interaction_oracle_safe_distance_pilot_s20260724_latest.pt | model=interaction_oracle_safe_distance_pilot_s20260724
Checkpoint saved: ./checkpoints/interaction_oracle_safe_distance_pilot_s20260724_latest.pt
Episode 31 complete | agent_samples=2556 | env_steps=1032 | episode_env_steps=30 | episode_agent_samples=71 | mean_reward=30.743 | success=3/5 | collision=2/5 | mean_final_distance=0.399 | mean_progress=0.0038 | min_laser=0.300 | mean_lin=0.795 | mean_ang=0.193 | mean_robot_dist=0.962 | raw_reward=19.962 | adjusted_reward=19.962 | coop_agents=0/5 | mean_coop_neighbors=0.00 | active_neighbor_step_rate=0.789 | mean_active_neighbors_step=1.549 | max_active_neighbors_step=4 | interaction_reward=0.0000 | abs_interaction_reward=0.0000 | anti_stag_reward=0.0000 | abs_anti_stag_reward=0.0000 | wall_clear_reward=0.0000 | abs_wall_clear_reward=0.0000 | local_nav_reward=0.0000 | abs_local_nav_reward=0.0000 | context_neighbors_mean=1.59 | context_neighbors_max=4 | last_context_neighbors_mean=0.00 | last_context_neighbors_max=0 | actor_unlocked=0 | expl_noise=0.0794 | replay=2556 | interaction_replay=1174 | samples/sec=11.299
Episode 32 complete | agent_samples=2617 | env_steps=1049 | episode_env_steps=17 | episode_agent_samples=61 | mean_reward=118.604 | success=5/5 | collision=0/5 | mean_final_distance=0.253 | mean_progress=0.0218 | min_laser=0.581 | mean_lin=1.000 | mean_ang=-0.188 | mean_robot_dist=0.922 | raw_reward=19.922 | adjusted_reward=19.922 | coop_agents=0/5 | mean_coop_neighbors=0.00 | active_neighbor_step_rate=0.852 | mean_active_neighbors_step=1.934 | max_active_neighbors_step=3 | interaction_reward=0.0000 | abs_interaction_reward=0.0000 | anti_stag_reward=0.0000 | abs_anti_stag_reward=0.0000 | wall_clear_reward=0.0000 | abs_wall_clear_reward=0.0000 | local_nav_reward=0.0000 | abs_local_nav_reward=0.0000 | context_neighbors_mean=1.98 | context_neighbors_max=4 | last_context_neighbors_mean=0.00 | last_context_neighbors_max=0 | actor_unlocked=0 | expl_noise=0.0793 | replay=2617 | interaction_replay=1219 | samples/sec=11.379
Episode 33 complete | agent_samples=2658 | env_steps=1059 | episode_env_steps=10 | episode_agent_samples=41 | mean_reward=35.782 | success=3/5 | collision=2/5 | mean_final_distance=0.518 | mean_progress=0.0152 | min_laser=0.300 | mean_lin=0.813 | mean_ang=0.600 | mean_robot_dist=1.450 | raw_reward=20.000 | adjusted_reward=20.000 | coop_agents=0/5 | mean_coop_neighbors=0.00 | active_neighbor_step_rate=0.780 | mean_active_neighbors_step=1.585 | max_active_neighbors_step=4 | interaction_reward=0.0000 | abs_interaction_reward=0.0000 | anti_stag_reward=0.0000 | abs_anti_stag_reward=0.0000 | wall_clear_reward=0.0000 | abs_wall_clear_reward=0.0000 | local_nav_reward=0.0000 | abs_local_nav_reward=0.0000 | context_neighbors_mean=1.66 | context_neighbors_max=4 | last_context_neighbors_mean=0.00 | last_context_neighbors_max=0 | actor_unlocked=0 | expl_noise=0.0793 | replay=2658 | interaction_replay=1252 | samples/sec=11.443
Episode 34 complete | agent_samples=2722 | env_steps=1089 | episode_env_steps=30 | episode_agent_samples=64 | mean_reward=69.084 | success=4/5 | collision=1/5 | mean_final_distance=0.244 | mean_progress=0.0132 | min_laser=0.344 | mean_lin=1.000 | mean_ang=0.553 | mean_robot_dist=0.966 | raw_reward=19.966 | adjusted_reward=19.966 | coop_agents=0/5 | mean_coop_neighbors=0.00 | active_neighbor_step_rate=0.562 | mean_active_neighbors_step=1.797 | max_active_neighbors_step=4 | interaction_reward=0.0000 | abs_interaction_reward=0.0000 | anti_stag_reward=0.0000 | abs_anti_stag_reward=0.0000 | wall_clear_reward=0.0000 | abs_wall_clear_reward=0.0000 | local_nav_reward=0.0000 | abs_local_nav_reward=0.0000 | context_neighbors_mean=1.89 | context_neighbors_max=4 | last_context_neighbors_mean=0.00 | last_context_neighbors_max=0 | actor_unlocked=0 | expl_noise=0.0793 | replay=2722 | interaction_replay=1289 | samples/sec=11.396
Episode 35 complete | agent_samples=2781 | env_steps=1112 | episode_env_steps=23 | episode_agent_samples=59 | mean_reward=102.586 | success=5/5 | collision=0/5 | mean_final_distance=0.249 | mean_progress=0.0065 | min_laser=0.409 | mean_lin=0.967 | mean_ang=0.235 | mean_robot_dist=0.865 | raw_reward=19.865 | adjusted_reward=19.865 | coop_agents=0/5 | mean_coop_neighbors=0.00 | active_neighbor_step_rate=0.729 | mean_active_neighbors_step=1.966 | max_active_neighbors_step=4 | interaction_reward=0.0000 | abs_interaction_reward=0.0000 | anti_stag_reward=0.0000 | abs_anti_stag_reward=0.0000 | wall_clear_reward=0.0000 | abs_wall_clear_reward=0.0000 | local_nav_reward=0.0000 | abs_local_nav_reward=0.0000 | context_neighbors_mean=1.98 | context_neighbors_max=4 | last_context_neighbors_mean=0.00 | last_context_neighbors_max=0 | actor_unlocked=0 | expl_noise=0.0793 | replay=2781 | interaction_replay=1333 | samples/sec=11.400
Status | epoch=1 | next_eval_in=17219 agent_samples | checkpoint_every=10 episodes | checkpoint=./checkpoints/interaction_oracle_safe_distance_pilot_s20260724_latest.pt | model=interaction_oracle_safe_distance_pilot_s20260724
Episode 36 complete | agent_samples=2909 | env_steps=1181 | episode_env_steps=69 | episode_agent_samples=128 | mean_reward=81.299 | success=4/5 | collision=1/5 | mean_final_distance=0.537 | mean_progress=0.0111 | min_laser=0.339 | mean_lin=1.000 | mean_ang=0.532 | mean_robot_dist=1.731 | raw_reward=20.000 | adjusted_reward=20.000 | coop_agents=0/5 | mean_coop_neighbors=0.00 | active_neighbor_step_rate=0.648 | mean_active_neighbors_step=1.391 | max_active_neighbors_step=4 | interaction_reward=0.0000 | abs_interaction_reward=0.0000 | anti_stag_reward=0.0000 | abs_anti_stag_reward=0.0000 | wall_clear_reward=0.0000 | abs_wall_clear_reward=0.0000 | local_nav_reward=0.0000 | abs_local_nav_reward=0.0000 | context_neighbors_mean=1.41 | context_neighbors_max=4 | last_context_neighbors_mean=0.00 | last_context_neighbors_max=0 | actor_unlocked=0 | expl_noise=0.0793 | replay=2909 | interaction_replay=1339 | samples/sec=11.240
Episode 37 complete | agent_samples=2986 | env_steps=1220 | episode_env_steps=39 | episode_agent_samples=77 | mean_reward=105.118 | success=5/5 | collision=0/5 | mean_final_distance=0.262 | mean_progress=0.0104 | min_laser=0.518 | mean_lin=0.985 | mean_ang=-0.226 | mean_robot_dist=1.524 | raw_reward=20.000 | adjusted_reward=20.000 | coop_agents=0/5 | mean_coop_neighbors=0.00 | active_neighbor_step_rate=0.532 | mean_active_neighbors_step=1.390 | max_active_neighbors_step=4 | interaction_reward=0.0000 | abs_interaction_reward=0.0000 | anti_stag_reward=0.0000 | abs_anti_stag_reward=0.0000 | wall_clear_reward=0.0000 | abs_wall_clear_reward=0.0000 | local_nav_reward=0.0000 | abs_local_nav_reward=0.0000 | context_neighbors_mean=1.45 | context_neighbors_max=4 | last_context_neighbors_mean=0.00 | last_context_neighbors_max=0 | actor_unlocked=0 | expl_noise=0.0792 | replay=2986 | interaction_replay=1381 | samples/sec=11.171
Episode 38 complete | agent_samples=3036 | env_steps=1231 | episode_env_steps=11 | episode_agent_samples=50 | mean_reward=66.816 | success=4/5 | collision=1/5 | mean_final_distance=0.454 | mean_progress=0.0589 | min_laser=0.317 | mean_lin=0.798 | mean_ang=0.204 | mean_robot_dist=0.854 | raw_reward=19.266 | adjusted_reward=14.592 | coop_agents=3/5 | mean_coop_neighbors=1.00 | active_neighbor_step_rate=1.000 | mean_active_neighbors_step=2.500 | max_active_neighbors_step=4 | interaction_reward=0.0000 | abs_interaction_reward=0.0000 | anti_stag_reward=0.0000 | abs_anti_stag_reward=0.0000 | wall_clear_reward=0.0000 | abs_wall_clear_reward=0.0000 | local_nav_reward=0.0000 | abs_local_nav_reward=0.0000 | context_neighbors_mean=2.56 | context_neighbors_max=4 | last_context_neighbors_mean=0.00 | last_context_neighbors_max=0 | actor_unlocked=0 | expl_noise=0.0792 | replay=3036 | interaction_replay=1430 | samples/sec=11.254
Episode 39 complete | agent_samples=3112 | env_steps=1270 | episode_env_steps=39 | episode_agent_samples=76 | mean_reward=74.062 | success=4/5 | collision=1/5 | mean_final_distance=0.494 | mean_progress=0.0012 | min_laser=0.303 | mean_lin=0.617 | mean_ang=-0.307 | mean_robot_dist=1.133 | raw_reward=20.000 | adjusted_reward=20.000 | coop_agents=0/5 | mean_coop_neighbors=0.00 | active_neighbor_step_rate=0.500 | mean_active_neighbors_step=1.026 | max_active_neighbors_step=3 | interaction_reward=0.0000 | abs_interaction_reward=0.0000 | anti_stag_reward=0.0000 | abs_anti_stag_reward=0.0000 | wall_clear_reward=0.0000 | abs_wall_clear_reward=0.0000 | local_nav_reward=0.0000 | abs_local_nav_reward=0.0000 | context_neighbors_mean=1.16 | context_neighbors_max=3 | last_context_neighbors_mean=0.00 | last_context_neighbors_max=0 | actor_unlocked=0 | expl_noise=0.0792 | replay=3112 | interaction_replay=1470 | samples/sec=11.184
Episode 40 complete | agent_samples=3263 | env_steps=1323 | episode_env_steps=53 | episode_agent_samples=151 | mean_reward=119.666 | success=5/5 | collision=0/5 | mean_final_distance=0.260 | mean_progress=0.0012 | min_laser=0.433 | mean_lin=0.789 | mean_ang=-0.201 | mean_robot_dist=1.330 | raw_reward=20.000 | adjusted_reward=20.000 | coop_agents=0/5 | mean_coop_neighbors=0.00 | active_neighbor_step_rate=0.583 | mean_active_neighbors_step=1.212 | max_active_neighbors_step=4 | interaction_reward=0.0000 | abs_interaction_reward=0.0000 | anti_stag_reward=0.0000 | abs_anti_stag_reward=0.0000 | wall_clear_reward=0.0000 | abs_wall_clear_reward=0.0000 | local_nav_reward=0.0000 | abs_local_nav_reward=0.0000 | context_neighbors_mean=1.23 | context_neighbors_max=4 | last_context_neighbors_mean=0.00 | last_context_neighbors_max=0 | actor_unlocked=0 | expl_noise=0.0792 | replay=3263 | interaction_replay=1499 | samples/sec=11.267
Status | epoch=1 | next_eval_in=16737 agent_samples | checkpoint_every=10 episodes | checkpoint=./checkpoints/interaction_oracle_safe_distance_pilot_s20260724_latest.pt | model=interaction_oracle_safe_distance_pilot_s20260724
Checkpoint saved: ./checkpoints/interaction_oracle_safe_distance_pilot_s20260724_latest.pt
Episode 41 complete | agent_samples=3343 | env_steps=1359 | episode_env_steps=36 | episode_agent_samples=80 | mean_reward=64.545 | success=4/5 | collision=1/5 | mean_final_distance=0.385 | mean_progress=0.0113 | min_laser=0.300 | mean_lin=0.793 | mean_ang=0.207 | mean_robot_dist=0.683 | raw_reward=19.683 | adjusted_reward=19.683 | coop_agents=0/5 | mean_coop_neighbors=0.00 | active_neighbor_step_rate=0.650 | mean_active_neighbors_step=1.475 | max_active_neighbors_step=4 | interaction_reward=0.0000 | abs_interaction_reward=0.0000 | anti_stag_reward=0.0000 | abs_anti_stag_reward=0.0000 | wall_clear_reward=0.0000 | abs_wall_clear_reward=0.0000 | local_nav_reward=0.0000 | abs_local_nav_reward=0.0000 | context_neighbors_mean=1.57 | context_neighbors_max=4 | last_context_neighbors_mean=0.00 | last_context_neighbors_max=0 | actor_unlocked=0 | expl_noise=0.0792 | replay=3343 | interaction_replay=1541 | samples/sec=11.238
Episode 42 complete | agent_samples=3396 | env_steps=1380 | episode_env_steps=21 | episode_agent_samples=53 | mean_reward=22.403 | success=3/5 | collision=2/5 | mean_final_distance=0.593 | mean_progress=0.0138 | min_laser=0.300 | mean_lin=1.000 | mean_ang=0.188 | mean_robot_dist=1.280 | raw_reward=20.000 | adjusted_reward=20.000 | coop_agents=0/5 | mean_coop_neighbors=0.00 | active_neighbor_step_rate=0.698 | mean_active_neighbors_step=1.660 | max_active_neighbors_step=4 | interaction_reward=0.0000 | abs_interaction_reward=0.0000 | anti_stag_reward=0.0000 | abs_anti_stag_reward=0.0000 | wall_clear_reward=0.0000 | abs_wall_clear_reward=0.0000 | local_nav_reward=0.0000 | abs_local_nav_reward=0.0000 | context_neighbors_mean=1.68 | context_neighbors_max=4 | last_context_neighbors_mean=0.00 | last_context_neighbors_max=0 | actor_unlocked=0 | expl_noise=0.0791 | replay=3396 | interaction_replay=1577 | samples/sec=11.240
Episode 43 complete | agent_samples=3609 | env_steps=1513 | episode_env_steps=133 | episode_agent_samples=213 | mean_reward=128.839 | success=5/5 | collision=0/5 | mean_final_distance=0.240 | mean_progress=0.0237 | min_laser=0.421 | mean_lin=1.000 | mean_ang=-0.207 | mean_robot_dist=2.323 | raw_reward=20.000 | adjusted_reward=20.000 | coop_agents=0/5 | mean_coop_neighbors=0.00 | active_neighbor_step_rate=0.366 | mean_active_neighbors_step=0.850 | max_active_neighbors_step=4 | interaction_reward=0.0000 | abs_interaction_reward=0.0000 | anti_stag_reward=0.0000 | abs_anti_stag_reward=0.0000 | wall_clear_reward=0.0000 | abs_wall_clear_reward=0.0000 | local_nav_reward=0.0000 | abs_local_nav_reward=0.0000 | context_neighbors_mean=0.86 | context_neighbors_max=4 | last_context_neighbors_mean=0.00 | last_context_neighbors_max=0 | actor_unlocked=0 | expl_noise=0.0791 | replay=3609 | interaction_replay=1611 | samples/sec=10.907
Episode 44 complete | agent_samples=3820 | env_steps=1641 | episode_env_steps=128 | episode_agent_samples=211 | mean_reward=113.696 | success=5/5 | collision=0/5 | mean_final_distance=0.282 | mean_progress=0.0044 | min_laser=0.639 | mean_lin=0.993 | mean_ang=-0.254 | mean_robot_dist=1.978 | raw_reward=20.000 | adjusted_reward=20.000 | coop_agents=0/5 | mean_coop_neighbors=0.00 | active_neighbor_step_rate=0.469 | mean_active_neighbors_step=0.863 | max_active_neighbors_step=4 | interaction_reward=0.0000 | abs_interaction_reward=0.0000 | anti_stag_reward=0.0000 | abs_anti_stag_reward=0.0000 | wall_clear_reward=0.0000 | abs_wall_clear_reward=0.0000 | local_nav_reward=0.0000 | abs_local_nav_reward=0.0000 | context_neighbors_mean=0.87 | context_neighbors_max=4 | last_context_neighbors_mean=0.00 | last_context_neighbors_max=0 | actor_unlocked=0 | expl_noise=0.0790 | replay=3820 | interaction_replay=1621 | samples/sec=10.659
Episode 45 complete | agent_samples=3900 | env_steps=1662 | episode_env_steps=21 | episode_agent_samples=80 | mean_reward=47.313 | success=3/5 | collision=2/5 | mean_final_distance=0.443 | mean_progress=0.0237 | min_laser=0.300 | mean_lin=0.778 | mean_ang=0.603 | mean_robot_dist=1.530 | raw_reward=20.000 | adjusted_reward=20.000 | coop_agents=0/5 | mean_coop_neighbors=0.00 | active_neighbor_step_rate=0.600 | mean_active_neighbors_step=1.500 | max_active_neighbors_step=4 | interaction_reward=0.0000 | abs_interaction_reward=0.0000 | anti_stag_reward=0.0000 | abs_anti_stag_reward=0.0000 | wall_clear_reward=0.0000 | abs_wall_clear_reward=0.0000 | local_nav_reward=0.0000 | abs_local_nav_reward=0.0000 | context_neighbors_mean=1.52 | context_neighbors_max=4 | last_context_neighbors_mean=0.00 | last_context_neighbors_max=0 | actor_unlocked=0 | expl_noise=0.0790 | replay=3900 | interaction_replay=1663 | samples/sec=10.743
Status | epoch=1 | next_eval_in=16100 agent_samples | checkpoint_every=10 episodes | checkpoint=./checkpoints/interaction_oracle_safe_distance_pilot_s20260724_latest.pt | model=interaction_oracle_safe_distance_pilot_s20260724
Episode 46 complete | agent_samples=3983 | env_steps=1689 | episode_env_steps=27 | episode_agent_samples=83 | mean_reward=32.602 | success=3/5 | collision=2/5 | mean_final_distance=0.611 | mean_progress=0.0037 | min_laser=0.300 | mean_lin=0.784 | mean_ang=-0.260 | mean_robot_dist=1.467 | raw_reward=20.000 | adjusted_reward=20.000 | coop_agents=0/5 | mean_coop_neighbors=0.00 | active_neighbor_step_rate=0.747 | mean_active_neighbors_step=1.530 | max_active_neighbors_step=4 | interaction_reward=0.0000 | abs_interaction_reward=0.0000 | anti_stag_reward=0.0000 | abs_anti_stag_reward=0.0000 | wall_clear_reward=0.0000 | abs_wall_clear_reward=0.0000 | local_nav_reward=0.0000 | abs_local_nav_reward=0.0000 | context_neighbors_mean=1.59 | context_neighbors_max=4 | last_context_neighbors_mean=0.00 | last_context_neighbors_max=0 | actor_unlocked=0 | expl_noise=0.0789 | replay=3983 | interaction_replay=1726 | samples/sec=10.796
Episode 47 complete | agent_samples=4115 | env_steps=1758 | episode_env_steps=69 | episode_agent_samples=132 | mean_reward=122.354 | success=5/5 | collision=0/5 | mean_final_distance=0.270 | mean_progress=0.0048 | min_laser=0.551 | mean_lin=0.991 | mean_ang=-0.565 | mean_robot_dist=2.203 | raw_reward=20.000 | adjusted_reward=20.000 | coop_agents=0/5 | mean_coop_neighbors=0.00 | active_neighbor_step_rate=0.477 | mean_active_neighbors_step=1.197 | max_active_neighbors_step=4 | interaction_reward=0.0000 | abs_interaction_reward=0.0000 | anti_stag_reward=0.0000 | abs_anti_stag_reward=0.0000 | wall_clear_reward=0.0000 | abs_wall_clear_reward=0.0000 | local_nav_reward=0.0000 | abs_local_nav_reward=0.0000 | context_neighbors_mean=1.20 | context_neighbors_max=4 | last_context_neighbors_mean=0.00 | last_context_neighbors_max=0 | actor_unlocked=0 | expl_noise=0.0789 | replay=4115 | interaction_replay=1752 | samples/sec=10.720
Episode 48 complete | agent_samples=4165 | env_steps=1772 | episode_env_steps=14 | episode_agent_samples=50 | mean_reward=77.844 | success=4/5 | collision=1/5 | mean_final_distance=0.265 | mean_progress=0.0153 | min_laser=0.318 | mean_lin=0.806 | mean_ang=-0.195 | mean_robot_dist=0.740 | raw_reward=19.740 | adjusted_reward=19.740 | coop_agents=0/5 | mean_coop_neighbors=0.00 | active_neighbor_step_rate=0.800 | mean_active_neighbors_step=1.900 | max_active_neighbors_step=4 | interaction_reward=0.0000 | abs_interaction_reward=0.0000 | anti_stag_reward=0.0000 | abs_anti_stag_reward=0.0000 | wall_clear_reward=0.0000 | abs_wall_clear_reward=0.0000 | local_nav_reward=0.0000 | abs_local_nav_reward=0.0000 | context_neighbors_mean=2.00 | context_neighbors_max=4 | last_context_neighbors_mean=0.00 | last_context_neighbors_max=0 | actor_unlocked=0 | expl_noise=0.0789 | replay=4165 | interaction_replay=1789 | samples/sec=10.762
Episode 49 complete | agent_samples=4213 | env_steps=1783 | episode_env_steps=11 | episode_agent_samples=48 | mean_reward=32.434 | success=3/5 | collision=2/5 | mean_final_distance=0.420 | mean_progress=0.0425 | min_laser=0.300 | mean_lin=0.937 | mean_ang=0.201 | mean_robot_dist=0.569 | raw_reward=-40.861 | adjusted_reward=-40.861 | coop_agents=2/5 | mean_coop_neighbors=0.40 | active_neighbor_step_rate=0.833 | mean_active_neighbors_step=2.188 | max_active_neighbors_step=4 | interaction_reward=0.0000 | abs_interaction_reward=0.0000 | anti_stag_reward=0.0000 | abs_anti_stag_reward=0.0000 | wall_clear_reward=0.0000 | abs_wall_clear_reward=0.0000 | local_nav_reward=0.0000 | abs_local_nav_reward=0.0000 | context_neighbors_mean=2.29 | context_neighbors_max=4 | last_context_neighbors_mean=0.00 | last_context_neighbors_max=0 | actor_unlocked=0 | expl_noise=0.0789 | replay=4213 | interaction_replay=1831 | samples/sec=10.816
Episode 50 complete | agent_samples=4325 | env_steps=1824 | episode_env_steps=41 | episode_agent_samples=112 | mean_reward=44.377 | success=3/5 | collision=2/5 | mean_final_distance=0.547 | mean_progress=0.0072 | min_laser=0.327 | mean_lin=0.599 | mean_ang=-0.574 | mean_robot_dist=3.259 | raw_reward=20.000 | adjusted_reward=20.000 | coop_agents=0/5 | mean_coop_neighbors=0.00 | active_neighbor_step_rate=0.759 | mean_active_neighbors_step=1.875 | max_active_neighbors_step=4 | interaction_reward=0.0000 | abs_interaction_reward=0.0000 | anti_stag_reward=0.0000 | abs_anti_stag_reward=0.0000 | wall_clear_reward=0.0000 | abs_wall_clear_reward=0.0000 | local_nav_reward=0.0000 | abs_local_nav_reward=0.0000 | context_neighbors_mean=1.89 | context_neighbors_max=4 | last_context_neighbors_mean=0.00 | last_context_neighbors_max=0 | actor_unlocked=0 | expl_noise=0.0789 | replay=4325 | interaction_replay=1867 | samples/sec=10.854
Status | epoch=1 | next_eval_in=15675 agent_samples | checkpoint_every=10 episodes | checkpoint=./checkpoints/interaction_oracle_safe_distance_pilot_s20260724_latest.pt | model=interaction_oracle_safe_distance_pilot_s20260724
Checkpoint saved: ./checkpoints/interaction_oracle_safe_distance_pilot_s20260724_latest.pt
Episode 51 complete | agent_samples=4385 | env_steps=1842 | episode_env_steps=18 | episode_agent_samples=60 | mean_reward=29.271 | success=3/5 | collision=2/5 | mean_final_distance=0.380 | mean_progress=0.0095 | min_laser=0.301 | mean_lin=0.792 | mean_ang=-0.234 | mean_robot_dist=1.028 | raw_reward=20.000 | adjusted_reward=20.000 | coop_agents=0/5 | mean_coop_neighbors=0.00 | active_neighbor_step_rate=0.767 | mean_active_neighbors_step=2.417 | max_active_neighbors_step=4 | interaction_reward=0.0000 | abs_interaction_reward=0.0000 | anti_stag_reward=0.0000 | abs_anti_stag_reward=0.0000 | wall_clear_reward=0.0000 | abs_wall_clear_reward=0.0000 | local_nav_reward=0.0000 | abs_local_nav_reward=0.0000 | context_neighbors_mean=2.45 | context_neighbors_max=4 | last_context_neighbors_mean=0.00 | last_context_neighbors_max=0 | actor_unlocked=0 | expl_noise=0.0788 | replay=4385 | interaction_replay=1914 | samples/sec=10.890
Episode 52 complete | agent_samples=4572 | env_steps=1964 | episode_env_steps=122 | episode_agent_samples=187 | mean_reward=29.800 | success=3/5 | collision=2/5 | mean_final_distance=0.575 | mean_progress=0.0092 | min_laser=0.302 | mean_lin=0.786 | mean_ang=-0.198 | mean_robot_dist=1.294 | raw_reward=-20.000 | adjusted_reward=-20.000 | coop_agents=0/5 | mean_coop_neighbors=0.00 | active_neighbor_step_rate=0.310 | mean_active_neighbors_step=0.733 | max_active_neighbors_step=4 | interaction_reward=0.0000 | abs_interaction_reward=0.0000 | anti_stag_reward=0.0000 | abs_anti_stag_reward=0.0000 | wall_clear_reward=0.0000 | abs_wall_clear_reward=0.0000 | local_nav_reward=0.0000 | abs_local_nav_reward=0.0000 | context_neighbors_mean=0.74 | context_neighbors_max=4 | last_context_neighbors_mean=0.00 | last_context_neighbors_max=0 | actor_unlocked=0 | expl_noise=0.0788 | replay=4572 | interaction_replay=1957 | samples/sec=10.660
Episode 53 complete | agent_samples=4629 | env_steps=1990 | episode_env_steps=26 | episode_agent_samples=57 | mean_reward=75.870 | success=4/5 | collision=1/5 | mean_final_distance=0.589 | mean_progress=0.0122 | min_laser=0.320 | mean_lin=0.794 | mean_ang=0.590 | mean_robot_dist=1.488 | raw_reward=20.000 | adjusted_reward=20.000 | coop_agents=0/5 | mean_coop_neighbors=0.00 | active_neighbor_step_rate=0.649 | mean_active_neighbors_step=1.526 | max_active_neighbors_step=4 | interaction_reward=0.0000 | abs_interaction_reward=0.0000 | anti_stag_reward=0.0000 | abs_anti_stag_reward=0.0000 | wall_clear_reward=0.0000 | abs_wall_clear_reward=0.0000 | local_nav_reward=0.0000 | abs_local_nav_reward=0.0000 | context_neighbors_mean=1.58 | context_neighbors_max=4 | last_context_neighbors_mean=0.00 | last_context_neighbors_max=0 | actor_unlocked=0 | expl_noise=0.0788 | replay=4629 | interaction_replay=1994 | samples/sec=10.652
Episode 54 complete | agent_samples=4687 | env_steps=2022 | episode_env_steps=32 | episode_agent_samples=58 | mean_reward=-17.117 | success=2/5 | collision=3/5 | mean_final_distance=0.864 | mean_progress=0.0034 | min_laser=0.300 | mean_lin=0.679 | mean_ang=-0.958 | mean_robot_dist=2.486 | raw_reward=20.000 | adjusted_reward=20.000 | coop_agents=0/5 | mean_coop_neighbors=0.00 | active_neighbor_step_rate=0.586 | mean_active_neighbors_step=1.724 | max_active_neighbors_step=4 | interaction_reward=0.0000 | abs_interaction_reward=0.0000 | anti_stag_reward=0.0000 | abs_anti_stag_reward=0.0000 | wall_clear_reward=0.0000 | abs_wall_clear_reward=0.0000 | local_nav_reward=0.0000 | abs_local_nav_reward=0.0000 | context_neighbors_mean=1.72 | context_neighbors_max=4 | last_context_neighbors_mean=0.00 | last_context_neighbors_max=0 | actor_unlocked=0 | expl_noise=0.0787 | replay=4687 | interaction_replay=2011 | samples/sec=10.617
Episode 55 complete | agent_samples=4785 | env_steps=2068 | episode_env_steps=46 | episode_agent_samples=98 | mean_reward=81.150 | success=4/5 | collision=1/5 | mean_final_distance=0.574 | mean_progress=0.0131 | min_laser=0.326 | mean_lin=0.907 | mean_ang=0.194 | mean_robot_dist=2.805 | raw_reward=20.000 | adjusted_reward=20.000 | coop_agents=0/5 | mean_coop_neighbors=0.00 | active_neighbor_step_rate=0.745 | mean_active_neighbors_step=1.388 | max_active_neighbors_step=4 | interaction_reward=0.0000 | abs_interaction_reward=0.0000 | anti_stag_reward=0.0000 | abs_anti_stag_reward=0.0000 | wall_clear_reward=0.0000 | abs_wall_clear_reward=0.0000 | local_nav_reward=0.0000 | abs_local_nav_reward=0.0000 | context_neighbors_mean=1.41 | context_neighbors_max=4 | last_context_neighbors_mean=0.00 | last_context_neighbors_max=0 | actor_unlocked=0 | expl_noise=0.0787 | replay=4785 | interaction_replay=2023 | samples/sec=10.600
Status | epoch=1 | next_eval_in=15215 agent_samples | checkpoint_every=10 episodes | checkpoint=./checkpoints/interaction_oracle_safe_distance_pilot_s20260724_latest.pt | model=interaction_oracle_safe_distance_pilot_s20260724
Episode 56 complete | agent_samples=4900 | env_steps=2130 | episode_env_steps=62 | episode_agent_samples=115 | mean_reward=30.315 | success=3/5 | collision=2/5 | mean_final_distance=0.517 | mean_progress=0.0050 | min_laser=0.300 | mean_lin=0.616 | mean_ang=-0.187 | mean_robot_dist=2.316 | raw_reward=20.000 | adjusted_reward=20.000 | coop_agents=0/5 | mean_coop_neighbors=0.00 | active_neighbor_step_rate=0.417 | mean_active_neighbors_step=0.826 | max_active_neighbors_step=3 | interaction_reward=0.0000 | abs_interaction_reward=0.0000 | anti_stag_reward=0.0000 | abs_anti_stag_reward=0.0000 | wall_clear_reward=0.0000 | abs_wall_clear_reward=0.0000 | local_nav_reward=0.0000 | abs_local_nav_reward=0.0000 | context_neighbors_mean=0.87 | context_neighbors_max=3 | last_context_neighbors_mean=0.00 | last_context_neighbors_max=0 | actor_unlocked=0 | expl_noise=0.0787 | replay=4900 | interaction_replay=2052 | samples/sec=10.543
Episode 57 complete | agent_samples=4975 | env_steps=2151 | episode_env_steps=21 | episode_agent_samples=75 | mean_reward=83.254 | success=4/5 | collision=1/5 | mean_final_distance=0.473 | mean_progress=0.0458 | min_laser=0.300 | mean_lin=0.785 | mean_ang=-0.583 | mean_robot_dist=0.870 | raw_reward=39.740 | adjusted_reward=39.740 | coop_agents=0/5 | mean_coop_neighbors=0.00 | active_neighbor_step_rate=0.813 | mean_active_neighbors_step=1.947 | max_active_neighbors_step=4 | interaction_reward=0.0000 | abs_interaction_reward=0.0000 | anti_stag_reward=0.0000 | abs_anti_stag_reward=0.0000 | wall_clear_reward=0.0000 | abs_wall_clear_reward=0.0000 | local_nav_reward=0.0000 | abs_local_nav_reward=0.0000 | context_neighbors_mean=1.99 | context_neighbors_max=4 | last_context_neighbors_mean=0.00 | last_context_neighbors_max=0 | actor_unlocked=0 | expl_noise=0.0787 | replay=4975 | interaction_replay=2101 | samples/sec=10.598
Episode 58 complete | agent_samples=5030 | env_steps=2168 | episode_env_steps=17 | episode_agent_samples=55 | mean_reward=120.979 | success=5/5 | collision=0/5 | mean_final_distance=0.257 | mean_progress=0.0203 | min_laser=0.640 | mean_lin=1.000 | mean_ang=-0.196 | mean_robot_dist=1.158 | raw_reward=20.000 | adjusted_reward=20.000 | coop_agents=0/5 | mean_coop_neighbors=0.00 | active_neighbor_step_rate=0.855 | mean_active_neighbors_step=2.473 | max_active_neighbors_step=4 | interaction_reward=0.0000 | abs_interaction_reward=0.0000 | anti_stag_reward=0.0000 | abs_anti_stag_reward=0.0000 | wall_clear_reward=0.0000 | abs_wall_clear_reward=0.0000 | local_nav_reward=0.0000 | abs_local_nav_reward=0.0000 | context_neighbors_mean=2.60 | context_neighbors_max=4 | last_context_neighbors_mean=0.00 | last_context_neighbors_max=0 | actor_unlocked=0 | expl_noise=0.0786 | replay=5030 | interaction_replay=2149 | samples/sec=10.631
Episode 59 complete | agent_samples=5125 | env_steps=2202 | episode_env_steps=34 | episode_agent_samples=95 | mean_reward=39.712 | success=3/5 | collision=2/5 | mean_final_distance=0.385 | mean_progress=0.0218 | min_laser=0.302 | mean_lin=0.888 | mean_ang=-0.024 | mean_robot_dist=4.140 | raw_reward=20.000 | adjusted_reward=20.000 | coop_agents=0/5 | mean_coop_neighbors=0.00 | active_neighbor_step_rate=0.484 | mean_active_neighbors_step=0.863 | max_active_neighbors_step=4 | interaction_reward=0.0000 | abs_interaction_reward=0.0000 | anti_stag_reward=0.0000 | abs_anti_stag_reward=0.0000 | wall_clear_reward=0.0000 | abs_wall_clear_reward=0.0000 | local_nav_reward=0.0000 | abs_local_nav_reward=0.0000 | context_neighbors_mean=0.89 | context_neighbors_max=4 | last_context_neighbors_mean=0.00 | last_context_neighbors_max=0 | actor_unlocked=0 | expl_noise=0.0786 | replay=5125 | interaction_replay=2184 | samples/sec=10.664
Episode 60 complete | agent_samples=5238 | env_steps=2271 | episode_env_steps=69 | episode_agent_samples=113 | mean_reward=38.953 | success=3/5 | collision=2/5 | mean_final_distance=0.623 | mean_progress=0.0037 | min_laser=0.300 | mean_lin=0.042 | mean_ang=-0.974 | mean_robot_dist=3.260 | raw_reward=20.000 | adjusted_reward=20.000 | coop_agents=0/5 | mean_coop_neighbors=0.00 | active_neighbor_step_rate=0.451 | mean_active_neighbors_step=1.053 | max_active_neighbors_step=4 | interaction_reward=0.0000 | abs_interaction_reward=0.0000 | anti_stag_reward=0.0000 | abs_anti_stag_reward=0.0000 | wall_clear_reward=0.0000 | abs_wall_clear_reward=0.0000 | local_nav_reward=0.0000 | abs_local_nav_reward=0.0000 | context_neighbors_mean=1.06 | context_neighbors_max=4 | last_context_neighbors_mean=0.00 | last_context_neighbors_max=0 | actor_unlocked=0 | expl_noise=0.0786 | replay=5238 | interaction_replay=2235 | samples/sec=10.572
Status | epoch=1 | next_eval_in=14762 agent_samples | checkpoint_every=10 episodes | checkpoint=./checkpoints/interaction_oracle_safe_distance_pilot_s20260724_latest.pt | model=interaction_oracle_safe_distance_pilot_s20260724
Checkpoint saved: ./checkpoints/interaction_oracle_safe_distance_pilot_s20260724_latest.pt
Episode 61 complete | agent_samples=5332 | env_steps=2307 | episode_env_steps=36 | episode_agent_samples=94 | mean_reward=34.425 | success=3/5 | collision=2/5 | mean_final_distance=0.415 | mean_progress=0.0154 | min_laser=0.300 | mean_lin=0.669 | mean_ang=-0.588 | mean_robot_dist=1.579 | raw_reward=20.000 | adjusted_reward=20.000 | coop_agents=0/5 | mean_coop_neighbors=0.00 | active_neighbor_step_rate=0.617 | mean_active_neighbors_step=1.362 | max_active_neighbors_step=4 | interaction_reward=0.0000 | abs_interaction_reward=0.0000 | anti_stag_reward=0.0000 | abs_anti_stag_reward=0.0000 | wall_clear_reward=0.0000 | abs_wall_clear_reward=0.0000 | local_nav_reward=0.0000 | abs_local_nav_reward=0.0000 | context_neighbors_mean=1.38 | context_neighbors_max=4 | last_context_neighbors_mean=0.00 | last_context_neighbors_max=0 | actor_unlocked=0 | expl_noise=0.0786 | replay=5332 | interaction_replay=2288 | samples/sec=10.590
Episode 62 complete | agent_samples=5433 | env_steps=2354 | episode_env_steps=47 | episode_agent_samples=101 | mean_reward=73.858 | success=4/5 | collision=1/5 | mean_final_distance=0.449 | mean_progress=0.0127 | min_laser=0.300 | mean_lin=0.972 | mean_ang=0.562 | mean_robot_dist=1.298 | raw_reward=20.000 | adjusted_reward=20.000 | coop_agents=0/5 | mean_coop_neighbors=0.00 | active_neighbor_step_rate=0.634 | mean_active_neighbors_step=1.356 | max_active_neighbors_step=4 | interaction_reward=0.0000 | abs_interaction_reward=0.0000 | anti_stag_reward=0.0000 | abs_anti_stag_reward=0.0000 | wall_clear_reward=0.0000 | abs_wall_clear_reward=0.0000 | local_nav_reward=0.0000 | abs_local_nav_reward=0.0000 | context_neighbors_mean=1.42 | context_neighbors_max=4 | last_context_neighbors_mean=0.00 | last_context_neighbors_max=0 | actor_unlocked=0 | expl_noise=0.0785 | replay=5433 | interaction_replay=2351 | samples/sec=10.577
Episode 63 complete | agent_samples=5540 | env_steps=2388 | episode_env_steps=34 | episode_agent_samples=107 | mean_reward=124.496 | success=5/5 | collision=0/5 | mean_final_distance=0.265 | mean_progress=0.0084 | min_laser=0.528 | mean_lin=0.800 | mean_ang=-0.600 | mean_robot_dist=0.921 | raw_reward=19.921 | adjusted_reward=19.921 | coop_agents=0/5 | mean_coop_neighbors=0.00 | active_neighbor_step_rate=0.720 | mean_active_neighbors_step=1.813 | max_active_neighbors_step=4 | interaction_reward=0.0000 | abs_interaction_reward=0.0000 | anti_stag_reward=0.0000 | abs_anti_stag_reward=0.0000 | wall_clear_reward=0.0000 | abs_wall_clear_reward=0.0000 | local_nav_reward=0.0000 | abs_local_nav_reward=0.0000 | context_neighbors_mean=1.85 | context_neighbors_max=4 | last_context_neighbors_mean=0.00 | last_context_neighbors_max=0 | actor_unlocked=0 | expl_noise=0.0785 | replay=5540 | interaction_replay=2363 | samples/sec=10.631
Episode 64 complete | agent_samples=5709 | env_steps=2476 | episode_env_steps=88 | episode_agent_samples=169 | mean_reward=102.362 | success=5/5 | collision=0/5 | mean_final_distance=0.267 | mean_progress=0.0106 | min_laser=0.416 | mean_lin=0.993 | mean_ang=-0.221 | mean_robot_dist=0.938 | raw_reward=19.938 | adjusted_reward=19.938 | coop_agents=0/5 | mean_coop_neighbors=0.00 | active_neighbor_step_rate=0.396 | mean_active_neighbors_step=0.746 | max_active_neighbors_step=4 | interaction_reward=0.0000 | abs_interaction_reward=0.0000 | anti_stag_reward=0.0000 | abs_anti_stag_reward=0.0000 | wall_clear_reward=0.0000 | abs_wall_clear_reward=0.0000 | local_nav_reward=0.0000 | abs_local_nav_reward=0.0000 | context_neighbors_mean=0.77 | context_neighbors_max=4 | last_context_neighbors_mean=0.00 | last_context_neighbors_max=0 | actor_unlocked=0 | expl_noise=0.0785 | replay=5709 | interaction_replay=2420 | samples/sec=10.570
Episode 65 complete | agent_samples=5779 | env_steps=2506 | episode_env_steps=30 | episode_agent_samples=70 | mean_reward=25.487 | success=3/5 | collision=2/5 | mean_final_distance=0.388 | mean_progress=0.0181 | min_laser=0.300 | mean_lin=0.990 | mean_ang=0.205 | mean_robot_dist=1.065 | raw_reward=20.000 | adjusted_reward=20.000 | coop_agents=0/5 | mean_coop_neighbors=0.00 | active_neighbor_step_rate=0.657 | mean_active_neighbors_step=1.643 | max_active_neighbors_step=4 | interaction_reward=0.0000 | abs_interaction_reward=0.0000 | anti_stag_reward=0.0000 | abs_anti_stag_reward=0.0000 | wall_clear_reward=0.0000 | abs_wall_clear_reward=0.0000 | local_nav_reward=0.0000 | abs_local_nav_reward=0.0000 | context_neighbors_mean=1.70 | context_neighbors_max=4 | last_context_neighbors_mean=0.00 | last_context_neighbors_max=0 | actor_unlocked=0 | expl_noise=0.0784 | replay=5779 | interaction_replay=2461 | samples/sec=10.572
Status | epoch=1 | next_eval_in=14221 agent_samples | checkpoint_every=10 episodes | checkpoint=./checkpoints/interaction_oracle_safe_distance_pilot_s20260724_latest.pt | model=interaction_oracle_safe_distance_pilot_s20260724
Episode 66 complete | agent_samples=5847 | env_steps=2530 | episode_env_steps=24 | episode_agent_samples=68 | mean_reward=122.060 | success=5/5 | collision=0/5 | mean_final_distance=0.238 | mean_progress=0.0216 | min_laser=0.626 | mean_lin=0.995 | mean_ang=-0.015 | mean_robot_dist=0.989 | raw_reward=19.989 | adjusted_reward=19.989 | coop_agents=0/5 | mean_coop_neighbors=0.00 | active_neighbor_step_rate=0.706 | mean_active_neighbors_step=1.485 | max_active_neighbors_step=4 | interaction_reward=0.0000 | abs_interaction_reward=0.0000 | anti_stag_reward=0.0000 | abs_anti_stag_reward=0.0000 | wall_clear_reward=0.0000 | abs_wall_clear_reward=0.0000 | local_nav_reward=0.0000 | abs_local_nav_reward=0.0000 | context_neighbors_mean=1.53 | context_neighbors_max=4 | last_context_neighbors_mean=0.00 | last_context_neighbors_max=0 | actor_unlocked=0 | expl_noise=0.0784 | replay=5847 | interaction_replay=2510 | samples/sec=10.594
Episode 67 complete | agent_samples=5904 | env_steps=2547 | episode_env_steps=17 | episode_agent_samples=57 | mean_reward=35.757 | success=3/5 | collision=2/5 | mean_final_distance=0.664 | mean_progress=0.0202 | min_laser=0.300 | mean_lin=0.800 | mean_ang=-0.182 | mean_robot_dist=3.122 | raw_reward=20.000 | adjusted_reward=20.000 | coop_agents=0/5 | mean_coop_neighbors=0.00 | active_neighbor_step_rate=0.719 | mean_active_neighbors_step=1.842 | max_active_neighbors_step=4 | interaction_reward=0.0000 | abs_interaction_reward=0.0000 | anti_stag_reward=0.0000 | abs_anti_stag_reward=0.0000 | wall_clear_reward=0.0000 | abs_wall_clear_reward=0.0000 | local_nav_reward=0.0000 | abs_local_nav_reward=0.0000 | context_neighbors_mean=1.88 | context_neighbors_max=4 | last_context_neighbors_mean=0.00 | last_context_neighbors_max=0 | actor_unlocked=0 | expl_noise=0.0784 | replay=5904 | interaction_replay=2522 | samples/sec=10.624
Episode 68 complete | agent_samples=5993 | env_steps=2587 | episode_env_steps=40 | episode_agent_samples=89 | mean_reward=118.354 | success=5/5 | collision=0/5 | mean_final_distance=0.248 | mean_progress=0.0130 | min_laser=0.396 | mean_lin=0.995 | mean_ang=0.548 | mean_robot_dist=0.978 | raw_reward=19.978 | adjusted_reward=19.978 | coop_agents=0/5 | mean_coop_neighbors=0.00 | active_neighbor_step_rate=0.685 | mean_active_neighbors_step=1.730 | max_active_neighbors_step=4 | interaction_reward=0.0000 | abs_interaction_reward=0.0000 | anti_stag_reward=0.0000 | abs_anti_stag_reward=0.0000 | wall_clear_reward=0.0000 | abs_wall_clear_reward=0.0000 | local_nav_reward=0.0000 | abs_local_nav_reward=0.0000 | context_neighbors_mean=1.80 | context_neighbors_max=4 | last_context_neighbors_mean=0.00 | last_context_neighbors_max=0 | actor_unlocked=0 | expl_noise=0.0784 | replay=5993 | interaction_replay=2580 | samples/sec=10.619
Episode 69 complete | agent_samples=6098 | env_steps=2635 | episode_env_steps=48 | episode_agent_samples=105 | mean_reward=113.209 | success=5/5 | collision=0/5 | mean_final_distance=0.272 | mean_progress=0.0027 | min_laser=0.490 | mean_lin=0.633 | mean_ang=-0.452 | mean_robot_dist=0.844 | raw_reward=19.844 | adjusted_reward=19.844 | coop_agents=0/5 | mean_coop_neighbors=0.00 | active_neighbor_step_rate=0.590 | mean_active_neighbors_step=1.371 | max_active_neighbors_step=4 | interaction_reward=0.0000 | abs_interaction_reward=0.0000 | anti_stag_reward=0.0000 | abs_anti_stag_reward=0.0000 | wall_clear_reward=0.0000 | abs_wall_clear_reward=0.0000 | local_nav_reward=0.0000 | abs_local_nav_reward=0.0000 | context_neighbors_mean=1.44 | context_neighbors_max=4 | last_context_neighbors_mean=0.00 | last_context_neighbors_max=0 | actor_unlocked=0 | expl_noise=0.0784 | replay=6098 | interaction_replay=2642 | samples/sec=10.610
Episode 70 complete | agent_samples=6199 | env_steps=2682 | episode_env_steps=47 | episode_agent_samples=101 | mean_reward=122.163 | success=5/5 | collision=0/5 | mean_final_distance=0.268 | mean_progress=0.0011 | min_laser=0.576 | mean_lin=0.988 | mean_ang=-0.202 | mean_robot_dist=2.329 | raw_reward=20.000 | adjusted_reward=20.000 | coop_agents=0/5 | mean_coop_neighbors=0.00 | active_neighbor_step_rate=0.564 | mean_active_neighbors_step=1.188 | max_active_neighbors_step=4 | interaction_reward=0.0000 | abs_interaction_reward=0.0000 | anti_stag_reward=0.0000 | abs_anti_stag_reward=0.0000 | wall_clear_reward=0.0000 | abs_wall_clear_reward=0.0000 | local_nav_reward=0.0000 | abs_local_nav_reward=0.0000 | context_neighbors_mean=1.25 | context_neighbors_max=4 | last_context_neighbors_mean=0.00 | last_context_neighbors_max=0 | actor_unlocked=0 | expl_noise=0.0783 | replay=6199 | interaction_replay=2692 | samples/sec=10.599
Status | epoch=1 | next_eval_in=13801 agent_samples | checkpoint_every=10 episodes | checkpoint=./checkpoints/interaction_oracle_safe_distance_pilot_s20260724_latest.pt | model=interaction_oracle_safe_distance_pilot_s20260724
Checkpoint saved: ./checkpoints/interaction_oracle_safe_distance_pilot_s20260724_latest.pt
Episode 71 complete | agent_samples=6271 | env_steps=2707 | episode_env_steps=25 | episode_agent_samples=72 | mean_reward=128.647 | success=5/5 | collision=0/5 | mean_final_distance=0.270 | mean_progress=0.0230 | min_laser=0.486 | mean_lin=0.997 | mean_ang=0.195 | mean_robot_dist=1.128 | raw_reward=20.000 | adjusted_reward=20.000 | coop_agents=0/5 | mean_coop_neighbors=0.00 | active_neighbor_step_rate=0.708 | mean_active_neighbors_step=1.569 | max_active_neighbors_step=4 | interaction_reward=0.0000 | abs_interaction_reward=0.0000 | anti_stag_reward=0.0000 | abs_anti_stag_reward=0.0000 | wall_clear_reward=0.0000 | abs_wall_clear_reward=0.0000 | local_nav_reward=0.0000 | abs_local_nav_reward=0.0000 | context_neighbors_mean=1.62 | context_neighbors_max=4 | last_context_neighbors_mean=0.00 | last_context_neighbors_max=0 | actor_unlocked=0 | expl_noise=0.0783 | replay=6271 | interaction_replay=2739 | samples/sec=10.620
Episode 72 complete | agent_samples=6317 | env_steps=2721 | episode_env_steps=14 | episode_agent_samples=46 | mean_reward=60.995 | success=4/5 | collision=1/5 | mean_final_distance=0.533 | mean_progress=0.0269 | min_laser=0.301 | mean_lin=0.787 | mean_ang=-0.328 | mean_robot_dist=1.176 | raw_reward=20.000 | adjusted_reward=20.000 | coop_agents=0/5 | mean_coop_neighbors=0.00 | active_neighbor_step_rate=0.696 | mean_active_neighbors_step=1.478 | max_active_neighbors_step=4 | interaction_reward=0.0000 | abs_interaction_reward=0.0000 | anti_stag_reward=0.0000 | abs_anti_stag_reward=0.0000 | wall_clear_reward=0.0000 | abs_wall_clear_reward=0.0000 | local_nav_reward=0.0000 | abs_local_nav_reward=0.0000 | context_neighbors_mean=1.59 | context_neighbors_max=4 | last_context_neighbors_mean=0.00 | last_context_neighbors_max=0 | actor_unlocked=0 | expl_noise=0.0783 | replay=6317 | interaction_replay=2771 | samples/sec=10.642
Episode 73 complete | agent_samples=6439 | env_steps=2776 | episode_env_steps=55 | episode_agent_samples=122 | mean_reward=128.791 | success=5/5 | collision=0/5 | mean_final_distance=0.229 | mean_progress=0.0187 | min_laser=0.418 | mean_lin=1.000 | mean_ang=-0.184 | mean_robot_dist=1.934 | raw_reward=20.000 | adjusted_reward=20.000 | coop_agents=0/5 | mean_coop_neighbors=0.00 | active_neighbor_step_rate=0.566 | mean_active_neighbors_step=1.180 | max_active_neighbors_step=4 | interaction_reward=0.0000 | abs_interaction_reward=0.0000 | anti_stag_reward=0.0000 | abs_anti_stag_reward=0.0000 | wall_clear_reward=0.0000 | abs_wall_clear_reward=0.0000 | local_nav_reward=0.0000 | abs_local_nav_reward=0.0000 | context_neighbors_mean=1.22 | context_neighbors_max=4 | last_context_neighbors_mean=0.00 | last_context_neighbors_max=0 | actor_unlocked=0 | expl_noise=0.0783 | replay=6439 | interaction_replay=2806 | samples/sec=10.634
Episode 74 complete | agent_samples=6490 | env_steps=2791 | episode_env_steps=15 | episode_agent_samples=51 | mean_reward=115.468 | success=5/5 | collision=0/5 | mean_final_distance=0.239 | mean_progress=0.0220 | min_laser=0.428 | mean_lin=0.998 | mean_ang=0.559 | mean_robot_dist=0.687 | raw_reward=19.687 | adjusted_reward=19.687 | coop_agents=0/5 | mean_coop_neighbors=0.00 | active_neighbor_step_rate=0.765 | mean_active_neighbors_step=2.098 | max_active_neighbors_step=4 | interaction_reward=0.0000 | abs_interaction_reward=0.0000 | anti_stag_reward=0.0000 | abs_anti_stag_reward=0.0000 | wall_clear_reward=0.0000 | abs_wall_clear_reward=0.0000 | local_nav_reward=0.0000 | abs_local_nav_reward=0.0000 | context_neighbors_mean=2.20 | context_neighbors_max=4 | last_context_neighbors_mean=0.00 | last_context_neighbors_max=0 | actor_unlocked=0 | expl_noise=0.0783 | replay=6490 | interaction_replay=2846 | samples/sec=10.659
Episode 75 complete | agent_samples=6614 | env_steps=2841 | episode_env_steps=50 | episode_agent_samples=124 | mean_reward=37.263 | success=3/5 | collision=2/5 | mean_final_distance=0.566 | mean_progress=0.0144 | min_laser=0.300 | mean_lin=0.850 | mean_ang=-0.586 | mean_robot_dist=2.027 | raw_reward=20.000 | adjusted_reward=20.000 | coop_agents=0/5 | mean_coop_neighbors=0.00 | active_neighbor_step_rate=0.468 | mean_active_neighbors_step=1.315 | max_active_neighbors_step=4 | interaction_reward=0.0000 | abs_interaction_reward=0.0000 | anti_stag_reward=0.0000 | abs_anti_stag_reward=0.0000 | wall_clear_reward=0.0000 | abs_wall_clear_reward=0.0000 | local_nav_reward=0.0000 | abs_local_nav_reward=0.0000 | context_neighbors_mean=1.35 | context_neighbors_max=4 | last_context_neighbors_mean=0.00 | last_context_neighbors_max=0 | actor_unlocked=0 | expl_noise=0.0782 | replay=6614 | interaction_replay=2898 | samples/sec=10.674
Status | epoch=1 | next_eval_in=13386 agent_samples | checkpoint_every=10 episodes | checkpoint=./checkpoints/interaction_oracle_safe_distance_pilot_s20260724_latest.pt | model=interaction_oracle_safe_distance_pilot_s20260724
Episode 76 complete | agent_samples=6685 | env_steps=2868 | episode_env_steps=27 | episode_agent_samples=71 | mean_reward=127.247 | success=5/5 | collision=0/5 | mean_final_distance=0.263 | mean_progress=0.0029 | min_laser=0.505 | mean_lin=0.800 | mean_ang=-0.600 | mean_robot_dist=1.148 | raw_reward=20.000 | adjusted_reward=20.000 | coop_agents=0/5 | mean_coop_neighbors=0.00 | active_neighbor_step_rate=0.775 | mean_active_neighbors_step=1.915 | max_active_neighbors_step=4 | interaction_reward=0.0000 | abs_interaction_reward=0.0000 | anti_stag_reward=0.0000 | abs_anti_stag_reward=0.0000 | wall_clear_reward=0.0000 | abs_wall_clear_reward=0.0000 | local_nav_reward=0.0000 | abs_local_nav_reward=0.0000 | context_neighbors_mean=1.96 | context_neighbors_max=4 | last_context_neighbors_mean=0.00 | last_context_neighbors_max=0 | actor_unlocked=0 | expl_noise=0.0782 | replay=6685 | interaction_replay=2914 | samples/sec=10.686
Episode 77 complete | agent_samples=6736 | env_steps=2881 | episode_env_steps=13 | episode_agent_samples=51 | mean_reward=28.803 | success=3/5 | collision=2/5 | mean_final_distance=0.460 | mean_progress=0.0176 | min_laser=0.312 | mean_lin=0.998 | mean_ang=-0.220 | mean_robot_dist=2.594 | raw_reward=20.000 | adjusted_reward=20.000 | coop_agents=0/5 | mean_coop_neighbors=0.00 | active_neighbor_step_rate=0.686 | mean_active_neighbors_step=2.157 | max_active_neighbors_step=4 | interaction_reward=0.0000 | abs_interaction_reward=0.0000 | anti_stag_reward=0.0000 | abs_anti_stag_reward=0.0000 | wall_clear_reward=0.0000 | abs_wall_clear_reward=0.0000 | local_nav_reward=0.0000 | abs_local_nav_reward=0.0000 | context_neighbors_mean=2.14 | context_neighbors_max=4 | last_context_neighbors_mean=0.00 | last_context_neighbors_max=0 | actor_unlocked=0 | expl_noise=0.0782 | replay=6736 | interaction_replay=2936 | samples/sec=10.718
Episode 78 complete | agent_samples=6810 | env_steps=2906 | episode_env_steps=25 | episode_agent_samples=74 | mean_reward=115.992 | success=5/5 | collision=0/5 | mean_final_distance=0.248 | mean_progress=0.0236 | min_laser=0.440 | mean_lin=0.995 | mean_ang=0.590 | mean_robot_dist=1.360 | raw_reward=20.000 | adjusted_reward=20.000 | coop_agents=0/5 | mean_coop_neighbors=0.00 | active_neighbor_step_rate=0.622 | mean_active_neighbors_step=1.446 | max_active_neighbors_step=4 | interaction_reward=0.0000 | abs_interaction_reward=0.0000 | anti_stag_reward=0.0000 | abs_anti_stag_reward=0.0000 | wall_clear_reward=0.0000 | abs_wall_clear_reward=0.0000 | local_nav_reward=0.0000 | abs_local_nav_reward=0.0000 | context_neighbors_mean=1.47 | context_neighbors_max=4 | last_context_neighbors_mean=0.00 | last_context_neighbors_max=0 | actor_unlocked=0 | expl_noise=0.0782 | replay=6810 | interaction_replay=2955 | samples/sec=10.742
Episode 79 complete | agent_samples=6871 | env_steps=2925 | episode_env_steps=19 | episode_agent_samples=61 | mean_reward=28.563 | success=3/5 | collision=2/5 | mean_final_distance=0.425 | mean_progress=0.0193 | min_laser=0.301 | mean_lin=0.786 | mean_ang=0.420 | mean_robot_dist=3.849 | raw_reward=20.000 | adjusted_reward=20.000 | coop_agents=0/5 | mean_coop_neighbors=0.00 | active_neighbor_step_rate=0.885 | mean_active_neighbors_step=2.262 | max_active_neighbors_step=4 | interaction_reward=0.0000 | abs_interaction_reward=0.0000 | anti_stag_reward=0.0000 | abs_anti_stag_reward=0.0000 | wall_clear_reward=0.0000 | abs_wall_clear_reward=0.0000 | local_nav_reward=0.0000 | abs_local_nav_reward=0.0000 | context_neighbors_mean=2.28 | context_neighbors_max=4 | last_context_neighbors_mean=0.00 | last_context_neighbors_max=0 | actor_unlocked=0 | expl_noise=0.0782 | replay=6871 | interaction_replay=2979 | samples/sec=10.768
Episode 80 complete | agent_samples=6936 | env_steps=2948 | episode_env_steps=23 | episode_agent_samples=65 | mean_reward=108.519 | success=5/5 | collision=0/5 | mean_final_distance=0.284 | mean_progress=0.0060 | min_laser=0.447 | mean_lin=0.996 | mean_ang=0.199 | mean_robot_dist=1.946 | raw_reward=20.000 | adjusted_reward=20.000 | coop_agents=0/5 | mean_coop_neighbors=0.00 | active_neighbor_step_rate=0.723 | mean_active_neighbors_step=1.646 | max_active_neighbors_step=4 | interaction_reward=0.0000 | abs_interaction_reward=0.0000 | anti_stag_reward=0.0000 | abs_anti_stag_reward=0.0000 | wall_clear_reward=0.0000 | abs_wall_clear_reward=0.0000 | local_nav_reward=0.0000 | abs_local_nav_reward=0.0000 | context_neighbors_mean=1.74 | context_neighbors_max=4 | last_context_neighbors_mean=0.00 | last_context_neighbors_max=0 | actor_unlocked=0 | expl_noise=0.0782 | replay=6936 | interaction_replay=3014 | samples/sec=10.785
Status | epoch=1 | next_eval_in=13064 agent_samples | checkpoint_every=10 episodes | checkpoint=./checkpoints/interaction_oracle_safe_distance_pilot_s20260724_latest.pt | model=interaction_oracle_safe_distance_pilot_s20260724
Checkpoint saved: ./checkpoints/interaction_oracle_safe_distance_pilot_s20260724_latest.pt
Episode 81 complete | agent_samples=7035 | env_steps=2977 | episode_env_steps=29 | episode_agent_samples=99 | mean_reward=123.328 | success=5/5 | collision=0/5 | mean_final_distance=0.249 | mean_progress=0.0084 | min_laser=0.515 | mean_lin=1.000 | mean_ang=-0.979 | mean_robot_dist=1.592 | raw_reward=20.000 | adjusted_reward=20.000 | coop_agents=0/5 | mean_coop_neighbors=0.00 | active_neighbor_step_rate=0.646 | mean_active_neighbors_step=1.354 | max_active_neighbors_step=4 | interaction_reward=0.0000 | abs_interaction_reward=0.0000 | anti_stag_reward=0.0000 | abs_anti_stag_reward=0.0000 | wall_clear_reward=0.0000 | abs_wall_clear_reward=0.0000 | local_nav_reward=0.0000 | abs_local_nav_reward=0.0000 | context_neighbors_mean=1.41 | context_neighbors_max=4 | last_context_neighbors_mean=0.00 | last_context_neighbors_max=0 | actor_unlocked=0 | expl_noise=0.0781 | replay=7035 | interaction_replay=3068 | samples/sec=10.828
Episode 82 complete | agent_samples=7093 | env_steps=3000 | episode_env_steps=23 | episode_agent_samples=58 | mean_reward=67.038 | success=4/5 | collision=1/5 | mean_final_distance=0.514 | mean_progress=0.0090 | min_laser=0.301 | mean_lin=0.400 | mean_ang=-0.198 | mean_robot_dist=3.908 | raw_reward=20.000 | adjusted_reward=20.000 | coop_agents=0/5 | mean_coop_neighbors=0.00 | active_neighbor_step_rate=0.466 | mean_active_neighbors_step=1.086 | max_active_neighbors_step=3 | interaction_reward=0.0000 | abs_interaction_reward=0.0000 | anti_stag_reward=0.0000 | abs_anti_stag_reward=0.0000 | wall_clear_reward=0.0000 | abs_wall_clear_reward=0.0000 | local_nav_reward=0.0000 | abs_local_nav_reward=0.0000 | context_neighbors_mean=1.05 | context_neighbors_max=3 | last_context_neighbors_mean=0.00 | last_context_neighbors_max=0 | actor_unlocked=0 | expl_noise=0.0781 | replay=7093 | interaction_replay=3082 | samples/sec=10.833
Episode 83 complete | agent_samples=7156 | env_steps=3028 | episode_env_steps=28 | episode_agent_samples=63 | mean_reward=118.200 | success=5/5 | collision=0/5 | mean_final_distance=0.262 | mean_progress=0.0090 | min_laser=0.376 | mean_lin=0.916 | mean_ang=0.200 | mean_robot_dist=1.110 | raw_reward=20.000 | adjusted_reward=20.000 | coop_agents=0/5 | mean_coop_neighbors=0.00 | active_neighbor_step_rate=0.667 | mean_active_neighbors_step=1.492 | max_active_neighbors_step=4 | interaction_reward=0.0000 | abs_interaction_reward=0.0000 | anti_stag_reward=0.0000 | abs_anti_stag_reward=0.0000 | wall_clear_reward=0.0000 | abs_wall_clear_reward=0.0000 | local_nav_reward=0.0000 | abs_local_nav_reward=0.0000 | context_neighbors_mean=1.56 | context_neighbors_max=4 | last_context_neighbors_mean=0.00 | last_context_neighbors_max=0 | actor_unlocked=0 | expl_noise=0.0781 | replay=7156 | interaction_replay=3124 | samples/sec=10.827
Episode 84 complete | agent_samples=7194 | env_steps=3036 | episode_env_steps=8 | episode_agent_samples=38 | mean_reward=30.380 | success=3/5 | collision=2/5 | mean_final_distance=0.630 | mean_progress=0.0770 | min_laser=0.300 | mean_lin=1.000 | mean_ang=0.489 | mean_robot_dist=0.985 | raw_reward=-0.916 | adjusted_reward=3.222 | coop_agents=2/5 | mean_coop_neighbors=0.80 | active_neighbor_step_rate=0.816 | mean_active_neighbors_step=2.395 | max_active_neighbors_step=4 | interaction_reward=0.0000 | abs_interaction_reward=0.0000 | anti_stag_reward=0.0000 | abs_anti_stag_reward=0.0000 | wall_clear_reward=0.0000 | abs_wall_clear_reward=0.0000 | local_nav_reward=0.0000 | abs_local_nav_reward=0.0000 | context_neighbors_mean=2.55 | context_neighbors_max=4 | last_context_neighbors_mean=0.00 | last_context_neighbors_max=0 | actor_unlocked=0 | expl_noise=0.0781 | replay=7194 | interaction_replay=3157 | samples/sec=10.855
Episode 85 complete | agent_samples=7260 | env_steps=3070 | episode_env_steps=34 | episode_agent_samples=66 | mean_reward=34.481 | success=3/5 | collision=2/5 | mean_final_distance=0.518 | mean_progress=0.0040 | min_laser=0.300 | mean_lin=0.956 | mean_ang=-0.266 | mean_robot_dist=1.982 | raw_reward=20.000 | adjusted_reward=20.000 | coop_agents=0/5 | mean_coop_neighbors=0.00 | active_neighbor_step_rate=0.545 | mean_active_neighbors_step=1.303 | max_active_neighbors_step=4 | interaction_reward=0.0000 | abs_interaction_reward=0.0000 | anti_stag_reward=0.0000 | abs_anti_stag_reward=0.0000 | wall_clear_reward=0.0000 | abs_wall_clear_reward=0.0000 | local_nav_reward=0.0000 | abs_local_nav_reward=0.0000 | context_neighbors_mean=1.35 | context_neighbors_max=4 | last_context_neighbors_mean=0.00 | last_context_neighbors_max=0 | actor_unlocked=0 | expl_noise=0.0781 | replay=7260 | interaction_replay=3192 | samples/sec=10.833
Status | epoch=1 | next_eval_in=12740 agent_samples | checkpoint_every=10 episodes | checkpoint=./checkpoints/interaction_oracle_safe_distance_pilot_s20260724_latest.pt | model=interaction_oracle_safe_distance_pilot_s20260724
Episode 86 complete | agent_samples=7302 | env_steps=3081 | episode_env_steps=11 | episode_agent_samples=42 | mean_reward=23.726 | success=3/5 | collision=2/5 | mean_final_distance=0.640 | mean_progress=0.0187 | min_laser=0.329 | mean_lin=1.000 | mean_ang=0.431 | mean_robot_dist=1.588 | raw_reward=20.000 | adjusted_reward=20.000 | coop_agents=0/5 | mean_coop_neighbors=0.00 | active_neighbor_step_rate=0.976 | mean_active_neighbors_step=2.524 | max_active_neighbors_step=4 | interaction_reward=0.0000 | abs_interaction_reward=0.0000 | anti_stag_reward=0.0000 | abs_anti_stag_reward=0.0000 | wall_clear_reward=0.0000 | abs_wall_clear_reward=0.0000 | local_nav_reward=0.0000 | abs_local_nav_reward=0.0000 | context_neighbors_mean=2.64 | context_neighbors_max=4 | last_context_neighbors_mean=0.00 | last_context_neighbors_max=0 | actor_unlocked=0 | expl_noise=0.0781 | replay=7302 | interaction_replay=3225 | samples/sec=10.855
Episode 87 complete | agent_samples=7346 | env_steps=3096 | episode_env_steps=15 | episode_agent_samples=44 | mean_reward=118.576 | success=5/5 | collision=0/5 | mean_final_distance=0.257 | mean_progress=0.0157 | min_laser=0.826 | mean_lin=0.998 | mean_ang=0.168 | mean_robot_dist=1.114 | raw_reward=20.000 | adjusted_reward=20.000 | coop_agents=0/5 | mean_coop_neighbors=0.00 | active_neighbor_step_rate=0.818 | mean_active_neighbors_step=1.750 | max_active_neighbors_step=4 | interaction_reward=0.0000 | abs_interaction_reward=0.0000 | anti_stag_reward=0.0000 | abs_anti_stag_reward=0.0000 | wall_clear_reward=0.0000 | abs_wall_clear_reward=0.0000 | local_nav_reward=0.0000 | abs_local_nav_reward=0.0000 | context_neighbors_mean=1.80 | context_neighbors_max=4 | last_context_neighbors_mean=0.00 | last_context_neighbors_max=0 | actor_unlocked=0 | expl_noise=0.0781 | replay=7346 | interaction_replay=3255 | samples/sec=10.867
Episode 88 complete | agent_samples=7448 | env_steps=3129 | episode_env_steps=33 | episode_agent_samples=102 | mean_reward=75.486 | success=4/5 | collision=1/5 | mean_final_distance=0.553 | mean_progress=0.0133 | min_laser=0.323 | mean_lin=0.600 | mean_ang=-0.300 | mean_robot_dist=1.241 | raw_reward=20.000 | adjusted_reward=20.000 | coop_agents=0/5 | mean_coop_neighbors=0.00 | active_neighbor_step_rate=0.873 | mean_active_neighbors_step=1.931 | max_active_neighbors_step=4 | interaction_reward=0.0000 | abs_interaction_reward=0.0000 | anti_stag_reward=0.0000 | abs_anti_stag_reward=0.0000 | wall_clear_reward=0.0000 | abs_wall_clear_reward=0.0000 | local_nav_reward=0.0000 | abs_local_nav_reward=0.0000 | context_neighbors_mean=1.95 | context_neighbors_max=4 | last_context_neighbors_mean=0.00 | last_context_neighbors_max=0 | actor_unlocked=0 | expl_noise=0.0780 | replay=7448 | interaction_replay=3291 | samples/sec=10.901
Episode 89 complete | agent_samples=7493 | env_steps=3139 | episode_env_steps=10 | episode_agent_samples=45 | mean_reward=36.263 | success=3/5 | collision=2/5 | mean_final_distance=0.463 | mean_progress=0.0440 | min_laser=0.307 | mean_lin=0.800 | mean_ang=-0.195 | mean_robot_dist=0.524 | raw_reward=-40.952 | adjusted_reward=-40.952 | coop_agents=2/5 | mean_coop_neighbors=0.40 | active_neighbor_step_rate=0.933 | mean_active_neighbors_step=2.400 | max_active_neighbors_step=4 | interaction_reward=0.0000 | abs_interaction_reward=0.0000 | anti_stag_reward=0.0000 | abs_anti_stag_reward=0.0000 | wall_clear_reward=0.0000 | abs_wall_clear_reward=0.0000 | local_nav_reward=0.0000 | abs_local_nav_reward=0.0000 | context_neighbors_mean=2.47 | context_neighbors_max=4 | last_context_neighbors_mean=0.00 | last_context_neighbors_max=0 | actor_unlocked=0 | expl_noise=0.0780 | replay=7493 | interaction_replay=3334 | samples/sec=10.932
Episode 90 complete | agent_samples=7556 | env_steps=3158 | episode_env_steps=19 | episode_agent_samples=63 | mean_reward=122.912 | success=5/5 | collision=0/5 | mean_final_distance=0.242 | mean_progress=0.0134 | min_laser=0.437 | mean_lin=0.992 | mean_ang=-0.129 | mean_robot_dist=0.934 | raw_reward=19.934 | adjusted_reward=19.934 | coop_agents=0/5 | mean_coop_neighbors=0.00 | active_neighbor_step_rate=0.794 | mean_active_neighbors_step=1.698 | max_active_neighbors_step=4 | interaction_reward=0.0000 | abs_interaction_reward=0.0000 | anti_stag_reward=0.0000 | abs_anti_stag_reward=0.0000 | wall_clear_reward=0.0000 | abs_wall_clear_reward=0.0000 | local_nav_reward=0.0000 | abs_local_nav_reward=0.0000 | context_neighbors_mean=1.78 | context_neighbors_max=4 | last_context_neighbors_mean=0.00 | last_context_neighbors_max=0 | actor_unlocked=0 | expl_noise=0.0780 | replay=7556 | interaction_replay=3385 | samples/sec=10.956
Status | epoch=1 | next_eval_in=12444 agent_samples | checkpoint_every=10 episodes | checkpoint=./checkpoints/interaction_oracle_safe_distance_pilot_s20260724_latest.pt | model=interaction_oracle_safe_distance_pilot_s20260724
Checkpoint saved: ./checkpoints/interaction_oracle_safe_distance_pilot_s20260724_latest.pt
Episode 91 complete | agent_samples=7637 | env_steps=3195 | episode_env_steps=37 | episode_agent_samples=81 | mean_reward=120.172 | success=5/5 | collision=0/5 | mean_final_distance=0.248 | mean_progress=0.0204 | min_laser=0.598 | mean_lin=0.999 | mean_ang=-0.937 | mean_robot_dist=1.798 | raw_reward=20.000 | adjusted_reward=20.000 | coop_agents=0/5 | mean_coop_neighbors=0.00 | active_neighbor_step_rate=0.543 | mean_active_neighbors_step=1.259 | max_active_neighbors_step=4 | interaction_reward=0.0000 | abs_interaction_reward=0.0000 | anti_stag_reward=0.0000 | abs_anti_stag_reward=0.0000 | wall_clear_reward=0.0000 | abs_wall_clear_reward=0.0000 | local_nav_reward=0.0000 | abs_local_nav_reward=0.0000 | context_neighbors_mean=1.33 | context_neighbors_max=4 | last_context_neighbors_mean=0.00 | last_context_neighbors_max=0 | actor_unlocked=0 | expl_noise=0.0780 | replay=7637 | interaction_replay=3430 | samples/sec=10.942
Episode 92 complete | agent_samples=7692 | env_steps=3214 | episode_env_steps=19 | episode_agent_samples=55 | mean_reward=66.684 | success=4/5 | collision=1/5 | mean_final_distance=0.476 | mean_progress=0.0051 | min_laser=0.300 | mean_lin=0.708 | mean_ang=-0.414 | mean_robot_dist=1.598 | raw_reward=20.000 | adjusted_reward=20.000 | coop_agents=0/5 | mean_coop_neighbors=0.00 | active_neighbor_step_rate=0.782 | mean_active_neighbors_step=1.945 | max_active_neighbors_step=4 | interaction_reward=0.0000 | abs_interaction_reward=0.0000 | anti_stag_reward=0.0000 | abs_anti_stag_reward=0.0000 | wall_clear_reward=0.0000 | abs_wall_clear_reward=0.0000 | local_nav_reward=0.0000 | abs_local_nav_reward=0.0000 | context_neighbors_mean=2.02 | context_neighbors_max=4 | last_context_neighbors_mean=0.00 | last_context_neighbors_max=0 | actor_unlocked=0 | expl_noise=0.0780 | replay=7692 | interaction_replay=3468 | samples/sec=10.956
Episode 93 complete | agent_samples=7769 | env_steps=3244 | episode_env_steps=30 | episode_agent_samples=77 | mean_reward=84.375 | success=4/5 | collision=1/5 | mean_final_distance=0.405 | mean_progress=0.0026 | min_laser=0.301 | mean_lin=0.784 | mean_ang=0.598 | mean_robot_dist=1.881 | raw_reward=20.000 | adjusted_reward=20.000 | coop_agents=0/5 | mean_coop_neighbors=0.00 | active_neighbor_step_rate=0.727 | mean_active_neighbors_step=1.987 | max_active_neighbors_step=4 | interaction_reward=0.0000 | abs_interaction_reward=0.0000 | anti_stag_reward=0.0000 | abs_anti_stag_reward=0.0000 | wall_clear_reward=0.0000 | abs_wall_clear_reward=0.0000 | local_nav_reward=0.0000 | abs_local_nav_reward=0.0000 | context_neighbors_mean=2.04 | context_neighbors_max=4 | last_context_neighbors_mean=0.00 | last_context_neighbors_max=0 | actor_unlocked=0 | expl_noise=0.0780 | replay=7769 | interaction_replay=3497 | samples/sec=10.963
Episode 94 complete | agent_samples=7837 | env_steps=3264 | episode_env_steps=20 | episode_agent_samples=68 | mean_reward=121.784 | success=5/5 | collision=0/5 | mean_final_distance=0.251 | mean_progress=0.0175 | min_laser=0.747 | mean_lin=0.999 | mean_ang=0.598 | mean_robot_dist=1.051 | raw_reward=20.000 | adjusted_reward=20.000 | coop_agents=0/5 | mean_coop_neighbors=0.00 | active_neighbor_step_rate=0.735 | mean_active_neighbors_step=1.382 | max_active_neighbors_step=4 | interaction_reward=0.0000 | abs_interaction_reward=0.0000 | anti_stag_reward=0.0000 | abs_anti_stag_reward=0.0000 | wall_clear_reward=0.0000 | abs_wall_clear_reward=0.0000 | local_nav_reward=0.0000 | abs_local_nav_reward=0.0000 | context_neighbors_mean=1.46 | context_neighbors_max=4 | last_context_neighbors_mean=0.00 | last_context_neighbors_max=0 | actor_unlocked=0 | expl_noise=0.0780 | replay=7837 | interaction_replay=3534 | samples/sec=10.990
Episode 95 complete | agent_samples=7880 | env_steps=3274 | episode_env_steps=10 | episode_agent_samples=43 | mean_reward=35.138 | success=3/5 | collision=2/5 | mean_final_distance=0.390 | mean_progress=0.0049 | min_laser=0.308 | mean_lin=0.603 | mean_ang=-0.904 | mean_robot_dist=1.527 | raw_reward=20.000 | adjusted_reward=20.000 | coop_agents=0/5 | mean_coop_neighbors=0.00 | active_neighbor_step_rate=0.837 | mean_active_neighbors_step=2.140 | max_active_neighbors_step=4 | interaction_reward=0.0000 | abs_interaction_reward=0.0000 | anti_stag_reward=0.0000 | abs_anti_stag_reward=0.0000 | wall_clear_reward=0.0000 | abs_wall_clear_reward=0.0000 | local_nav_reward=0.0000 | abs_local_nav_reward=0.0000 | context_neighbors_mean=2.23 | context_neighbors_max=4 | last_context_neighbors_mean=0.00 | last_context_neighbors_max=0 | actor_unlocked=0 | expl_noise=0.0780 | replay=7880 | interaction_replay=3568 | samples/sec=11.015
Status | epoch=1 | next_eval_in=12120 agent_samples | checkpoint_every=10 episodes | checkpoint=./checkpoints/interaction_oracle_safe_distance_pilot_s20260724_latest.pt | model=interaction_oracle_safe_distance_pilot_s20260724
Episode 96 complete | agent_samples=7941 | env_steps=3302 | episode_env_steps=28 | episode_agent_samples=61 | mean_reward=30.217 | success=3/5 | collision=2/5 | mean_final_distance=0.928 | mean_progress=0.0063 | min_laser=0.300 | mean_lin=0.800 | mean_ang=-0.207 | mean_robot_dist=2.620 | raw_reward=20.000 | adjusted_reward=20.000 | coop_agents=0/5 | mean_coop_neighbors=0.00 | active_neighbor_step_rate=0.770 | mean_active_neighbors_step=1.623 | max_active_neighbors_step=4 | interaction_reward=0.0000 | abs_interaction_reward=0.0000 | anti_stag_reward=0.0000 | abs_anti_stag_reward=0.0000 | wall_clear_reward=0.0000 | abs_wall_clear_reward=0.0000 | local_nav_reward=0.0000 | abs_local_nav_reward=0.0000 | context_neighbors_mean=1.66 | context_neighbors_max=4 | last_context_neighbors_mean=0.00 | last_context_neighbors_max=0 | actor_unlocked=0 | expl_noise=0.0779 | replay=7941 | interaction_replay=3578 | samples/sec=11.006
Episode 97 complete | agent_samples=8036 | env_steps=3335 | episode_env_steps=33 | episode_agent_samples=95 | mean_reward=129.004 | success=5/5 | collision=0/5 | mean_final_distance=0.241 | mean_progress=0.0175 | min_laser=0.538 | mean_lin=0.998 | mean_ang=-0.144 | mean_robot_dist=2.076 | raw_reward=20.000 | adjusted_reward=20.000 | coop_agents=0/5 | mean_coop_neighbors=0.00 | active_neighbor_step_rate=0.611 | mean_active_neighbors_step=0.874 | max_active_neighbors_step=3 | interaction_reward=0.0000 | abs_interaction_reward=0.0000 | anti_stag_reward=0.0000 | abs_anti_stag_reward=0.0000 | wall_clear_reward=0.0000 | abs_wall_clear_reward=0.0000 | local_nav_reward=0.0000 | abs_local_nav_reward=0.0000 | context_neighbors_mean=0.91 | context_neighbors_max=3 | last_context_neighbors_mean=0.00 | last_context_neighbors_max=0 | actor_unlocked=0 | expl_noise=0.0779 | replay=8036 | interaction_replay=3611 | samples/sec=11.028
Episode 98 complete | agent_samples=8441 | env_steps=3635 | episode_env_steps=300 | episode_agent_samples=405 | mean_reward=90.769 | success=4/5 | collision=0/5 | mean_final_distance=0.643 | mean_progress=-0.0000 | min_laser=0.763 | mean_lin=0.800 | mean_ang=-0.560 | mean_robot_dist=2.408 | raw_reward=-0.021 | adjusted_reward=-0.021 | coop_agents=0/5 | mean_coop_neighbors=0.00 | active_neighbor_step_rate=0.294 | mean_active_neighbors_step=0.541 | max_active_neighbors_step=4 | interaction_reward=0.0000 | abs_interaction_reward=0.0000 | anti_stag_reward=0.0000 | abs_anti_stag_reward=0.0000 | wall_clear_reward=0.0000 | abs_wall_clear_reward=0.0000 | local_nav_reward=0.0000 | abs_local_nav_reward=0.0000 | context_neighbors_mean=0.56 | context_neighbors_max=4 | last_context_neighbors_mean=0.00 | last_context_neighbors_max=0 | actor_unlocked=0 | expl_noise=0.0777 | replay=8441 | interaction_replay=3618 | samples/sec=10.650
Episode 99 complete | agent_samples=8541 | env_steps=3689 | episode_env_steps=54 | episode_agent_samples=100 | mean_reward=106.962 | success=5/5 | collision=0/5 | mean_final_distance=0.257 | mean_progress=0.0125 | min_laser=0.406 | mean_lin=0.999 | mean_ang=0.222 | mean_robot_dist=1.054 | raw_reward=20.000 | adjusted_reward=20.000 | coop_agents=0/5 | mean_coop_neighbors=0.00 | active_neighbor_step_rate=0.520 | mean_active_neighbors_step=1.320 | max_active_neighbors_step=4 | interaction_reward=0.0000 | abs_interaction_reward=0.0000 | anti_stag_reward=0.0000 | abs_anti_stag_reward=0.0000 | wall_clear_reward=0.0000 | abs_wall_clear_reward=0.0000 | local_nav_reward=0.0000 | abs_local_nav_reward=0.0000 | context_neighbors_mean=1.33 | context_neighbors_max=4 | last_context_neighbors_mean=0.00 | last_context_neighbors_max=0 | actor_unlocked=0 | expl_noise=0.0777 | replay=8541 | interaction_replay=3670 | samples/sec=10.619
Episode 100 complete | agent_samples=8614 | env_steps=3722 | episode_env_steps=33 | episode_agent_samples=73 | mean_reward=109.314 | success=5/5 | collision=0/5 | mean_final_distance=0.253 | mean_progress=0.0076 | min_laser=0.812 | mean_lin=0.979 | mean_ang=-0.189 | mean_robot_dist=1.361 | raw_reward=20.000 | adjusted_reward=20.000 | coop_agents=0/5 | mean_coop_neighbors=0.00 | active_neighbor_step_rate=0.685 | mean_active_neighbors_step=1.562 | max_active_neighbors_step=4 | interaction_reward=0.0000 | abs_interaction_reward=0.0000 | anti_stag_reward=0.0000 | abs_anti_stag_reward=0.0000 | wall_clear_reward=0.0000 | abs_wall_clear_reward=0.0000 | local_nav_reward=0.0000 | abs_local_nav_reward=0.0000 | context_neighbors_mean=1.64 | context_neighbors_max=4 | last_context_neighbors_mean=0.00 | last_context_neighbors_max=0 | actor_unlocked=0 | expl_noise=0.0777 | replay=8614 | interaction_replay=3710 | samples/sec=10.615
Status | epoch=1 | next_eval_in=11386 agent_samples | checkpoint_every=10 episodes | checkpoint=./checkpoints/interaction_oracle_safe_distance_pilot_s20260724_latest.pt | model=interaction_oracle_safe_distance_pilot_s20260724
Checkpoint saved: ./checkpoints/interaction_oracle_safe_distance_pilot_s20260724_latest.pt
Episode 101 complete | agent_samples=8653 | env_steps=3731 | episode_env_steps=9 | episode_agent_samples=39 | mean_reward=30.572 | success=3/5 | collision=2/5 | mean_final_distance=0.486 | mean_progress=0.0239 | min_laser=0.305 | mean_lin=0.812 | mean_ang=0.506 | mean_robot_dist=1.081 | raw_reward=20.000 | adjusted_reward=20.000 | coop_agents=0/5 | mean_coop_neighbors=0.00 | active_neighbor_step_rate=0.949 | mean_active_neighbors_step=2.256 | max_active_neighbors_step=4 | interaction_reward=0.0000 | abs_interaction_reward=0.0000 | anti_stag_reward=0.0000 | abs_anti_stag_reward=0.0000 | wall_clear_reward=0.0000 | abs_wall_clear_reward=0.0000 | local_nav_reward=0.0000 | abs_local_nav_reward=0.0000 | context_neighbors_mean=2.46 | context_neighbors_max=4 | last_context_neighbors_mean=0.00 | last_context_neighbors_max=0 | actor_unlocked=0 | expl_noise=0.0777 | replay=8653 | interaction_replay=3748 | samples/sec=10.633
Episode 102 complete | agent_samples=8712 | env_steps=3748 | episode_env_steps=17 | episode_agent_samples=59 | mean_reward=108.856 | success=5/5 | collision=0/5 | mean_final_distance=0.268 | mean_progress=0.0169 | min_laser=0.427 | mean_lin=0.966 | mean_ang=-0.573 | mean_robot_dist=0.767 | raw_reward=19.767 | adjusted_reward=19.767 | coop_agents=0/5 | mean_coop_neighbors=0.00 | active_neighbor_step_rate=0.881 | mean_active_neighbors_step=2.322 | max_active_neighbors_step=4 | interaction_reward=0.0000 | abs_interaction_reward=0.0000 | anti_stag_reward=0.0000 | abs_anti_stag_reward=0.0000 | wall_clear_reward=0.0000 | abs_wall_clear_reward=0.0000 | local_nav_reward=0.0000 | abs_local_nav_reward=0.0000 | context_neighbors_mean=2.41 | context_neighbors_max=4 | last_context_neighbors_mean=0.00 | last_context_neighbors_max=0 | actor_unlocked=0 | expl_noise=0.0777 | replay=8712 | interaction_replay=3802 | samples/sec=10.656
Episode 103 complete | agent_samples=8809 | env_steps=3779 | episode_env_steps=31 | episode_agent_samples=97 | mean_reward=29.469 | success=3/5 | collision=2/5 | mean_final_distance=0.585 | mean_progress=0.0162 | min_laser=0.322 | mean_lin=0.811 | mean_ang=0.179 | mean_robot_dist=1.292 | raw_reward=20.000 | adjusted_reward=20.000 | coop_agents=0/5 | mean_coop_neighbors=0.00 | active_neighbor_step_rate=0.814 | mean_active_neighbors_step=1.763 | max_active_neighbors_step=4 | interaction_reward=0.0000 | abs_interaction_reward=0.0000 | anti_stag_reward=0.0000 | abs_anti_stag_reward=0.0000 | wall_clear_reward=0.0000 | abs_wall_clear_reward=0.0000 | local_nav_reward=0.0000 | abs_local_nav_reward=0.0000 | context_neighbors_mean=1.82 | context_neighbors_max=4 | last_context_neighbors_mean=0.00 | last_context_neighbors_max=0 | actor_unlocked=0 | expl_noise=0.0776 | replay=8809 | interaction_replay=3869 | samples/sec=10.686
Episode 104 complete | agent_samples=8889 | env_steps=3808 | episode_env_steps=29 | episode_agent_samples=80 | mean_reward=118.166 | success=5/5 | collision=0/5 | mean_final_distance=0.276 | mean_progress=0.0148 | min_laser=0.822 | mean_lin=1.000 | mean_ang=-0.035 | mean_robot_dist=1.532 | raw_reward=20.000 | adjusted_reward=20.000 | coop_agents=0/5 | mean_coop_neighbors=0.00 | active_neighbor_step_rate=0.713 | mean_active_neighbors_step=1.525 | max_active_neighbors_step=4 | interaction_reward=0.0000 | abs_interaction_reward=0.0000 | anti_stag_reward=0.0000 | abs_anti_stag_reward=0.0000 | wall_clear_reward=0.0000 | abs_wall_clear_reward=0.0000 | local_nav_reward=0.0000 | abs_local_nav_reward=0.0000 | context_neighbors_mean=1.61 | context_neighbors_max=4 | last_context_neighbors_mean=0.00 | last_context_neighbors_max=0 | actor_unlocked=0 | expl_noise=0.0776 | replay=8889 | interaction_replay=3925 | samples/sec=10.701
Episode 105 complete | agent_samples=9038 | env_steps=3865 | episode_env_steps=57 | episode_agent_samples=149 | mean_reward=123.898 | success=5/5 | collision=0/5 | mean_final_distance=0.253 | mean_progress=0.0053 | min_laser=0.577 | mean_lin=0.604 | mean_ang=-0.313 | mean_robot_dist=1.141 | raw_reward=20.000 | adjusted_reward=20.000 | coop_agents=0/5 | mean_coop_neighbors=0.00 | active_neighbor_step_rate=0.537 | mean_active_neighbors_step=0.940 | max_active_neighbors_step=4 | interaction_reward=0.0000 | abs_interaction_reward=0.0000 | anti_stag_reward=0.0000 | abs_anti_stag_reward=0.0000 | wall_clear_reward=0.0000 | abs_wall_clear_reward=0.0000 | local_nav_reward=0.0000 | abs_local_nav_reward=0.0000 | context_neighbors_mean=0.94 | context_neighbors_max=4 | last_context_neighbors_mean=0.00 | last_context_neighbors_max=0 | actor_unlocked=0 | expl_noise=0.0776 | replay=9038 | interaction_replay=3990 | samples/sec=10.720
Status | epoch=1 | next_eval_in=10962 agent_samples | checkpoint_every=10 episodes | checkpoint=./checkpoints/interaction_oracle_safe_distance_pilot_s20260724_latest.pt | model=interaction_oracle_safe_distance_pilot_s20260724
Episode 106 complete | agent_samples=9104 | env_steps=3886 | episode_env_steps=21 | episode_agent_samples=66 | mean_reward=74.605 | success=4/5 | collision=1/5 | mean_final_distance=0.434 | mean_progress=0.0150 | min_laser=0.302 | mean_lin=0.789 | mean_ang=-0.187 | mean_robot_dist=1.162 | raw_reward=20.000 | adjusted_reward=20.000 | coop_agents=0/5 | mean_coop_neighbors=0.00 | active_neighbor_step_rate=0.606 | mean_active_neighbors_step=1.515 | max_active_neighbors_step=4 | interaction_reward=0.0000 | abs_interaction_reward=0.0000 | anti_stag_reward=0.0000 | abs_anti_stag_reward=0.0000 | wall_clear_reward=0.0000 | abs_wall_clear_reward=0.0000 | local_nav_reward=0.0000 | abs_local_nav_reward=0.0000 | context_neighbors_mean=1.59 | context_neighbors_max=4 | last_context_neighbors_mean=0.00 | last_context_neighbors_max=0 | actor_unlocked=0 | expl_noise=0.0776 | replay=9104 | interaction_replay=4031 | samples/sec=10.739
Episode 107 complete | agent_samples=9213 | env_steps=3923 | episode_env_steps=37 | episode_agent_samples=109 | mean_reward=45.208 | success=3/5 | collision=2/5 | mean_final_distance=0.468 | mean_progress=0.0059 | min_laser=0.300 | mean_lin=0.887 | mean_ang=-0.297 | mean_robot_dist=1.815 | raw_reward=20.000 | adjusted_reward=20.000 | coop_agents=0/5 | mean_coop_neighbors=0.00 | active_neighbor_step_rate=0.853 | mean_active_neighbors_step=1.725 | max_active_neighbors_step=4 | interaction_reward=0.0000 | abs_interaction_reward=0.0000 | anti_stag_reward=0.0000 | abs_anti_stag_reward=0.0000 | wall_clear_reward=0.0000 | abs_wall_clear_reward=0.0000 | local_nav_reward=0.0000 | abs_local_nav_reward=0.0000 | context_neighbors_mean=1.73 | context_neighbors_max=4 | last_context_neighbors_mean=0.00 | last_context_neighbors_max=0 | actor_unlocked=0 | expl_noise=0.0775 | replay=9213 | interaction_replay=4069 | samples/sec=10.766
Episode 108 complete | agent_samples=9390 | env_steps=3985 | episode_env_steps=62 | episode_agent_samples=177 | mean_reward=105.829 | success=5/5 | collision=0/5 | mean_final_distance=0.280 | mean_progress=0.0047 | min_laser=0.437 | mean_lin=0.587 | mean_ang=-0.261 | mean_robot_dist=1.821 | raw_reward=20.000 | adjusted_reward=20.000 | coop_agents=0/5 | mean_coop_neighbors=0.00 | active_neighbor_step_rate=0.644 | mean_active_neighbors_step=1.102 | max_active_neighbors_step=4 | interaction_reward=0.0000 | abs_interaction_reward=0.0000 | anti_stag_reward=0.0000 | abs_anti_stag_reward=0.0000 | wall_clear_reward=0.0000 | abs_wall_clear_reward=0.0000 | local_nav_reward=0.0000 | abs_local_nav_reward=0.0000 | context_neighbors_mean=1.11 | context_neighbors_max=4 | last_context_neighbors_mean=0.00 | last_context_neighbors_max=0 | actor_unlocked=0 | expl_noise=0.0775 | replay=9390 | interaction_replay=4120 | samples/sec=10.804
Episode 109 complete | agent_samples=9475 | env_steps=4030 | episode_env_steps=45 | episode_agent_samples=85 | mean_reward=27.293 | success=3/5 | collision=2/5 | mean_final_distance=0.942 | mean_progress=0.0069 | min_laser=0.325 | mean_lin=0.800 | mean_ang=-0.588 | mean_robot_dist=0.874 | raw_reward=19.874 | adjusted_reward=19.874 | coop_agents=0/5 | mean_coop_neighbors=0.00 | active_neighbor_step_rate=0.576 | mean_active_neighbors_step=1.424 | max_active_neighbors_step=4 | interaction_reward=0.0000 | abs_interaction_reward=0.0000 | anti_stag_reward=0.0000 | abs_anti_stag_reward=0.0000 | wall_clear_reward=0.0000 | abs_wall_clear_reward=0.0000 | local_nav_reward=0.0000 | abs_local_nav_reward=0.0000 | context_neighbors_mean=1.44 | context_neighbors_max=4 | last_context_neighbors_mean=0.00 | last_context_neighbors_max=0 | actor_unlocked=0 | expl_noise=0.0775 | replay=9475 | interaction_replay=4153 | samples/sec=10.780
Episode 110 complete | agent_samples=9528 | env_steps=4044 | episode_env_steps=14 | episode_agent_samples=53 | mean_reward=63.812 | success=4/5 | collision=1/5 | mean_final_distance=0.532 | mean_progress=0.0190 | min_laser=0.341 | mean_lin=0.798 | mean_ang=0.586 | mean_robot_dist=0.818 | raw_reward=19.818 | adjusted_reward=19.818 | coop_agents=0/5 | mean_coop_neighbors=0.00 | active_neighbor_step_rate=0.887 | mean_active_neighbors_step=2.000 | max_active_neighbors_step=4 | interaction_reward=0.0000 | abs_interaction_reward=0.0000 | anti_stag_reward=0.0000 | abs_anti_stag_reward=0.0000 | wall_clear_reward=0.0000 | abs_wall_clear_reward=0.0000 | local_nav_reward=0.0000 | abs_local_nav_reward=0.0000 | context_neighbors_mean=2.06 | context_neighbors_max=4 | last_context_neighbors_mean=0.00 | last_context_neighbors_max=0 | actor_unlocked=0 | expl_noise=0.0775 | replay=9528 | interaction_replay=4192 | samples/sec=10.801
Status | epoch=1 | next_eval_in=10472 agent_samples | checkpoint_every=10 episodes | checkpoint=./checkpoints/interaction_oracle_safe_distance_pilot_s20260724_latest.pt | model=interaction_oracle_safe_distance_pilot_s20260724
Checkpoint saved: ./checkpoints/interaction_oracle_safe_distance_pilot_s20260724_latest.pt
Episode 111 complete | agent_samples=9604 | env_steps=4073 | episode_env_steps=29 | episode_agent_samples=76 | mean_reward=77.268 | success=4/5 | collision=1/5 | mean_final_distance=0.360 | mean_progress=0.0215 | min_laser=0.330 | mean_lin=0.400 | mean_ang=-0.428 | mean_robot_dist=1.294 | raw_reward=20.000 | adjusted_reward=20.000 | coop_agents=0/5 | mean_coop_neighbors=0.00 | active_neighbor_step_rate=0.605 | mean_active_neighbors_step=1.368 | max_active_neighbors_step=4 | interaction_reward=0.0000 | abs_interaction_reward=0.0000 | anti_stag_reward=0.0000 | abs_anti_stag_reward=0.0000 | wall_clear_reward=0.0000 | abs_wall_clear_reward=0.0000 | local_nav_reward=0.0000 | abs_local_nav_reward=0.0000 | context_neighbors_mean=1.41 | context_neighbors_max=4 | last_context_neighbors_mean=0.00 | last_context_neighbors_max=0 | actor_unlocked=0 | expl_noise=0.0775 | replay=9604 | interaction_replay=4225 | samples/sec=10.807
Episode 112 complete | agent_samples=9685 | env_steps=4102 | episode_env_steps=29 | episode_agent_samples=81 | mean_reward=34.304 | success=3/5 | collision=2/5 | mean_final_distance=0.601 | mean_progress=0.0223 | min_laser=0.303 | mean_lin=0.674 | mean_ang=-0.143 | mean_robot_dist=0.826 | raw_reward=19.826 | adjusted_reward=19.826 | coop_agents=0/5 | mean_coop_neighbors=0.00 | active_neighbor_step_rate=0.728 | mean_active_neighbors_step=1.469 | max_active_neighbors_step=4 | interaction_reward=0.0000 | abs_interaction_reward=0.0000 | anti_stag_reward=0.0000 | abs_anti_stag_reward=0.0000 | wall_clear_reward=0.0000 | abs_wall_clear_reward=0.0000 | local_nav_reward=0.0000 | abs_local_nav_reward=0.0000 | context_neighbors_mean=1.49 | context_neighbors_max=4 | last_context_neighbors_mean=0.00 | last_context_neighbors_max=0 | actor_unlocked=0 | expl_noise=0.0774 | replay=9685 | interaction_replay=4265 | samples/sec=10.820
Episode 113 complete | agent_samples=9735 | env_steps=4119 | episode_env_steps=17 | episode_agent_samples=50 | mean_reward=-16.949 | success=2/5 | collision=3/5 | mean_final_distance=0.802 | mean_progress=0.0218 | min_laser=0.318 | mean_lin=0.980 | mean_ang=0.200 | mean_robot_dist=0.622 | raw_reward=-20.378 | adjusted_reward=-20.378 | coop_agents=0/5 | mean_coop_neighbors=0.00 | active_neighbor_step_rate=0.800 | mean_active_neighbors_step=1.560 | max_active_neighbors_step=4 | interaction_reward=0.0000 | abs_interaction_reward=0.0000 | anti_stag_reward=0.0000 | abs_anti_stag_reward=0.0000 | wall_clear_reward=0.0000 | abs_wall_clear_reward=0.0000 | local_nav_reward=0.0000 | abs_local_nav_reward=0.0000 | context_neighbors_mean=1.66 | context_neighbors_max=4 | last_context_neighbors_mean=0.00 | last_context_neighbors_max=0 | actor_unlocked=0 | expl_noise=0.0774 | replay=9735 | interaction_replay=4306 | samples/sec=10.830
Episode 114 complete | agent_samples=9871 | env_steps=4185 | episode_env_steps=66 | episode_agent_samples=136 | mean_reward=68.544 | success=4/5 | collision=1/5 | mean_final_distance=0.614 | mean_progress=0.0086 | min_laser=0.338 | mean_lin=0.996 | mean_ang=-0.194 | mean_robot_dist=2.037 | raw_reward=20.000 | adjusted_reward=20.000 | coop_agents=0/5 | mean_coop_neighbors=0.00 | active_neighbor_step_rate=0.544 | mean_active_neighbors_step=1.265 | max_active_neighbors_step=4 | interaction_reward=0.0000 | abs_interaction_reward=0.0000 | anti_stag_reward=0.0000 | abs_anti_stag_reward=0.0000 | wall_clear_reward=0.0000 | abs_wall_clear_reward=0.0000 | local_nav_reward=0.0000 | abs_local_nav_reward=0.0000 | context_neighbors_mean=1.27 | context_neighbors_max=4 | last_context_neighbors_mean=0.00 | last_context_neighbors_max=0 | actor_unlocked=0 | expl_noise=0.0774 | replay=9871 | interaction_replay=4344 | samples/sec=10.809
Episode 115 complete | agent_samples=9922 | env_steps=4205 | episode_env_steps=20 | episode_agent_samples=51 | mean_reward=78.769 | success=4/5 | collision=1/5 | mean_final_distance=0.500 | mean_progress=0.0214 | min_laser=0.302 | mean_lin=0.793 | mean_ang=0.387 | mean_robot_dist=0.958 | raw_reward=19.958 | adjusted_reward=19.958 | coop_agents=0/5 | mean_coop_neighbors=0.00 | active_neighbor_step_rate=0.725 | mean_active_neighbors_step=1.667 | max_active_neighbors_step=4 | interaction_reward=0.0000 | abs_interaction_reward=0.0000 | anti_stag_reward=0.0000 | abs_anti_stag_reward=0.0000 | wall_clear_reward=0.0000 | abs_wall_clear_reward=0.0000 | local_nav_reward=0.0000 | abs_local_nav_reward=0.0000 | context_neighbors_mean=1.78 | context_neighbors_max=4 | last_context_neighbors_mean=0.00 | last_context_neighbors_max=0 | actor_unlocked=0 | expl_noise=0.0774 | replay=9922 | interaction_replay=4381 | samples/sec=10.813
Status | epoch=1 | next_eval_in=10078 agent_samples | checkpoint_every=10 episodes | checkpoint=./checkpoints/interaction_oracle_safe_distance_pilot_s20260724_latest.pt | model=interaction_oracle_safe_distance_pilot_s20260724
Episode 116 complete | agent_samples=10027 | env_steps=4236 | episode_env_steps=31 | episode_agent_samples=105 | mean_reward=125.437 | success=5/5 | collision=0/5 | mean_final_distance=0.246 | mean_progress=0.0210 | min_laser=0.351 | mean_lin=1.000 | mean_ang=-0.712 | mean_robot_dist=1.465 | raw_reward=20.000 | adjusted_reward=20.000 | coop_agents=0/5 | mean_coop_neighbors=0.00 | active_neighbor_step_rate=0.848 | mean_active_neighbors_step=1.943 | max_active_neighbors_step=4 | interaction_reward=0.0000 | abs_interaction_reward=0.0000 | anti_stag_reward=0.0000 | abs_anti_stag_reward=0.0000 | wall_clear_reward=0.0000 | abs_wall_clear_reward=0.0000 | local_nav_reward=0.0000 | abs_local_nav_reward=0.0000 | context_neighbors_mean=1.93 | context_neighbors_max=4 | last_context_neighbors_mean=0.00 | last_context_neighbors_max=0 | actor_unlocked=0 | expl_noise=0.0774 | replay=10027 | interaction_replay=4424 | samples/sec=10.847
Episode 117 complete | agent_samples=10080 | env_steps=4249 | episode_env_steps=13 | episode_agent_samples=53 | mean_reward=123.388 | success=5/5 | collision=0/5 | mean_final_distance=0.247 | mean_progress=0.0241 | min_laser=0.577 | mean_lin=0.771 | mean_ang=0.548 | mean_robot_dist=1.567 | raw_reward=20.000 | adjusted_reward=20.000 | coop_agents=0/5 | mean_coop_neighbors=0.00 | active_neighbor_step_rate=0.887 | mean_active_neighbors_step=1.868 | max_active_neighbors_step=3 | interaction_reward=0.0000 | abs_interaction_reward=0.0000 | anti_stag_reward=0.0000 | abs_anti_stag_reward=0.0000 | wall_clear_reward=0.0000 | abs_wall_clear_reward=0.0000 | local_nav_reward=0.0000 | abs_local_nav_reward=0.0000 | context_neighbors_mean=2.00 | context_neighbors_max=3 | last_context_neighbors_mean=0.00 | last_context_neighbors_max=0 | actor_unlocked=0 | expl_noise=0.0773 | replay=10080 | interaction_replay=4466 | samples/sec=10.870
Episode 118 complete | agent_samples=10131 | env_steps=4265 | episode_env_steps=16 | episode_agent_samples=51 | mean_reward=116.194 | success=5/5 | collision=0/5 | mean_final_distance=0.247 | mean_progress=0.0195 | min_laser=0.785 | mean_lin=0.980 | mean_ang=0.200 | mean_robot_dist=1.250 | raw_reward=20.000 | adjusted_reward=20.000 | coop_agents=0/5 | mean_coop_neighbors=0.00 | active_neighbor_step_rate=0.706 | mean_active_neighbors_step=1.196 | max_active_neighbors_step=4 | interaction_reward=0.0000 | abs_interaction_reward=0.0000 | anti_stag_reward=0.0000 | abs_anti_stag_reward=0.0000 | wall_clear_reward=0.0000 | abs_wall_clear_reward=0.0000 | local_nav_reward=0.0000 | abs_local_nav_reward=0.0000 | context_neighbors_mean=1.29 | context_neighbors_max=4 | last_context_neighbors_mean=0.00 | last_context_neighbors_max=0 | actor_unlocked=0 | expl_noise=0.0773 | replay=10131 | interaction_replay=4499 | samples/sec=10.884
Episode 119 complete | agent_samples=10194 | env_steps=4291 | episode_env_steps=26 | episode_agent_samples=63 | mean_reward=36.424 | success=3/5 | collision=2/5 | mean_final_distance=0.553 | mean_progress=0.0050 | min_laser=0.301 | mean_lin=0.818 | mean_ang=-0.628 | mean_robot_dist=1.986 | raw_reward=20.000 | adjusted_reward=20.000 | coop_agents=0/5 | mean_coop_neighbors=0.00 | active_neighbor_step_rate=0.651 | mean_active_neighbors_step=1.651 | max_active_neighbors_step=4 | interaction_reward=0.0000 | abs_interaction_reward=0.0000 | anti_stag_reward=0.0000 | abs_anti_stag_reward=0.0000 | wall_clear_reward=0.0000 | abs_wall_clear_reward=0.0000 | local_nav_reward=0.0000 | abs_local_nav_reward=0.0000 | context_neighbors_mean=1.73 | context_neighbors_max=4 | last_context_neighbors_mean=0.00 | last_context_neighbors_max=0 | actor_unlocked=0 | expl_noise=0.0773 | replay=10194 | interaction_replay=4540 | samples/sec=10.885
Episode 120 complete | agent_samples=10252 | env_steps=4308 | episode_env_steps=17 | episode_agent_samples=58 | mean_reward=76.705 | success=4/5 | collision=1/5 | mean_final_distance=0.381 | mean_progress=0.0146 | min_laser=0.300 | mean_lin=0.723 | mean_ang=-0.342 | mean_robot_dist=2.517 | raw_reward=20.000 | adjusted_reward=20.000 | coop_agents=0/5 | mean_coop_neighbors=0.00 | active_neighbor_step_rate=0.379 | mean_active_neighbors_step=0.897 | max_active_neighbors_step=4 | interaction_reward=0.0000 | abs_interaction_reward=0.0000 | anti_stag_reward=0.0000 | abs_anti_stag_reward=0.0000 | wall_clear_reward=0.0000 | abs_wall_clear_reward=0.0000 | local_nav_reward=0.0000 | abs_local_nav_reward=0.0000 | context_neighbors_mean=0.93 | context_neighbors_max=4 | last_context_neighbors_mean=0.00 | last_context_neighbors_max=0 | actor_unlocked=0 | expl_noise=0.0773 | replay=10252 | interaction_replay=4552 | samples/sec=10.903
Status | epoch=1 | next_eval_in=9748 agent_samples | checkpoint_every=10 episodes | checkpoint=./checkpoints/interaction_oracle_safe_distance_pilot_s20260724_latest.pt | model=interaction_oracle_safe_distance_pilot_s20260724
Checkpoint saved: ./checkpoints/interaction_oracle_safe_distance_pilot_s20260724_latest.pt
Episode 121 complete | agent_samples=10339 | env_steps=4336 | episode_env_steps=28 | episode_agent_samples=87 | mean_reward=118.264 | success=5/5 | collision=0/5 | mean_final_distance=0.263 | mean_progress=0.0046 | min_laser=0.351 | mean_lin=0.998 | mean_ang=-0.200 | mean_robot_dist=1.297 | raw_reward=20.000 | adjusted_reward=20.000 | coop_agents=0/5 | mean_coop_neighbors=0.00 | active_neighbor_step_rate=0.736 | mean_active_neighbors_step=1.609 | max_active_neighbors_step=4 | interaction_reward=0.0000 | abs_interaction_reward=0.0000 | anti_stag_reward=0.0000 | abs_anti_stag_reward=0.0000 | wall_clear_reward=0.0000 | abs_wall_clear_reward=0.0000 | local_nav_reward=0.0000 | abs_local_nav_reward=0.0000 | context_neighbors_mean=1.66 | context_neighbors_max=3 | last_context_neighbors_mean=0.00 | last_context_neighbors_max=0 | actor_unlocked=0 | expl_noise=0.0773 | replay=10339 | interaction_replay=4579 | samples/sec=10.923
Episode 122 complete | agent_samples=10396 | env_steps=4355 | episode_env_steps=19 | episode_agent_samples=57 | mean_reward=31.009 | success=3/5 | collision=2/5 | mean_final_distance=0.441 | mean_progress=0.0158 | min_laser=0.300 | mean_lin=0.800 | mean_ang=0.479 | mean_robot_dist=3.842 | raw_reward=20.000 | adjusted_reward=20.000 | coop_agents=0/5 | mean_coop_neighbors=0.00 | active_neighbor_step_rate=0.877 | mean_active_neighbors_step=2.175 | max_active_neighbors_step=4 | interaction_reward=0.0000 | abs_interaction_reward=0.0000 | anti_stag_reward=0.0000 | abs_anti_stag_reward=0.0000 | wall_clear_reward=0.0000 | abs_wall_clear_reward=0.0000 | local_nav_reward=0.0000 | abs_local_nav_reward=0.0000 | context_neighbors_mean=2.18 | context_neighbors_max=4 | last_context_neighbors_mean=0.00 | last_context_neighbors_max=0 | actor_unlocked=0 | expl_noise=0.0773 | replay=10396 | interaction_replay=4601 | samples/sec=10.935
Episode 123 complete | agent_samples=10483 | env_steps=4384 | episode_env_steps=29 | episode_agent_samples=87 | mean_reward=125.283 | success=5/5 | collision=0/5 | mean_final_distance=0.207 | mean_progress=0.0268 | min_laser=0.544 | mean_lin=1.000 | mean_ang=-0.184 | mean_robot_dist=1.211 | raw_reward=20.000 | adjusted_reward=20.000 | coop_agents=0/5 | mean_coop_neighbors=0.00 | active_neighbor_step_rate=0.701 | mean_active_neighbors_step=1.494 | max_active_neighbors_step=4 | interaction_reward=0.0000 | abs_interaction_reward=0.0000 | anti_stag_reward=0.0000 | abs_anti_stag_reward=0.0000 | wall_clear_reward=0.0000 | abs_wall_clear_reward=0.0000 | local_nav_reward=0.0000 | abs_local_nav_reward=0.0000 | context_neighbors_mean=1.53 | context_neighbors_max=4 | last_context_neighbors_mean=0.00 | last_context_neighbors_max=0 | actor_unlocked=0 | expl_noise=0.0773 | replay=10483 | interaction_replay=4633 | samples/sec=10.954
Episode 124 complete | agent_samples=10610 | env_steps=4417 | episode_env_steps=33 | episode_agent_samples=127 | mean_reward=132.417 | success=5/5 | collision=0/5 | mean_final_distance=0.252 | mean_progress=0.0220 | min_laser=0.361 | mean_lin=1.000 | mean_ang=-0.248 | mean_robot_dist=4.015 | raw_reward=20.000 | adjusted_reward=20.000 | coop_agents=0/5 | mean_coop_neighbors=0.00 | active_neighbor_step_rate=0.567 | mean_active_neighbors_step=1.087 | max_active_neighbors_step=4 | interaction_reward=0.0000 | abs_interaction_reward=0.0000 | anti_stag_reward=0.0000 | abs_anti_stag_reward=0.0000 | wall_clear_reward=0.0000 | abs_wall_clear_reward=0.0000 | local_nav_reward=0.0000 | abs_local_nav_reward=0.0000 | context_neighbors_mean=1.16 | context_neighbors_max=4 | last_context_neighbors_mean=0.00 | last_context_neighbors_max=0 | actor_unlocked=0 | expl_noise=0.0772 | replay=10610 | interaction_replay=4684 | samples/sec=11.005
Episode 125 complete | agent_samples=10678 | env_steps=4436 | episode_env_steps=19 | episode_agent_samples=68 | mean_reward=113.318 | success=5/5 | collision=0/5 | mean_final_distance=0.253 | mean_progress=0.0086 | min_laser=0.633 | mean_lin=0.985 | mean_ang=0.227 | mean_robot_dist=0.798 | raw_reward=19.798 | adjusted_reward=19.798 | coop_agents=0/5 | mean_coop_neighbors=0.00 | active_neighbor_step_rate=0.809 | mean_active_neighbors_step=2.059 | max_active_neighbors_step=4 | interaction_reward=0.0000 | abs_interaction_reward=0.0000 | anti_stag_reward=0.0000 | abs_anti_stag_reward=0.0000 | wall_clear_reward=0.0000 | abs_wall_clear_reward=0.0000 | local_nav_reward=0.0000 | abs_local_nav_reward=0.0000 | context_neighbors_mean=2.13 | context_neighbors_max=4 | last_context_neighbors_mean=0.00 | last_context_neighbors_max=0 | actor_unlocked=0 | expl_noise=0.0772 | replay=10678 | interaction_replay=4733 | samples/sec=11.027
Status | epoch=1 | next_eval_in=9322 agent_samples | checkpoint_every=10 episodes | checkpoint=./checkpoints/interaction_oracle_safe_distance_pilot_s20260724_latest.pt | model=interaction_oracle_safe_distance_pilot_s20260724
Episode 126 complete | agent_samples=10723 | env_steps=4450 | episode_env_steps=14 | episode_agent_samples=45 | mean_reward=26.755 | success=3/5 | collision=2/5 | mean_final_distance=0.518 | mean_progress=0.0233 | min_laser=0.300 | mean_lin=0.775 | mean_ang=0.099 | mean_robot_dist=1.573 | raw_reward=20.000 | adjusted_reward=20.000 | coop_agents=0/5 | mean_coop_neighbors=0.00 | active_neighbor_step_rate=0.933 | mean_active_neighbors_step=1.889 | max_active_neighbors_step=4 | interaction_reward=0.0000 | abs_interaction_reward=0.0000 | anti_stag_reward=0.0000 | abs_anti_stag_reward=0.0000 | wall_clear_reward=0.0000 | abs_wall_clear_reward=0.0000 | local_nav_reward=0.0000 | abs_local_nav_reward=0.0000 | context_neighbors_mean=1.96 | context_neighbors_max=4 | last_context_neighbors_mean=0.00 | last_context_neighbors_max=0 | actor_unlocked=0 | expl_noise=0.0772 | replay=10723 | interaction_replay=4764 | samples/sec=11.038
Episode 127 complete | agent_samples=10808 | env_steps=4500 | episode_env_steps=50 | episode_agent_samples=85 | mean_reward=112.208 | success=5/5 | collision=0/5 | mean_final_distance=0.248 | mean_progress=0.0022 | min_laser=0.550 | mean_lin=0.908 | mean_ang=1.000 | mean_robot_dist=1.324 | raw_reward=20.000 | adjusted_reward=20.000 | coop_agents=0/5 | mean_coop_neighbors=0.00 | active_neighbor_step_rate=0.447 | mean_active_neighbors_step=1.165 | max_active_neighbors_step=4 | interaction_reward=0.0000 | abs_interaction_reward=0.0000 | anti_stag_reward=0.0000 | abs_anti_stag_reward=0.0000 | wall_clear_reward=0.0000 | abs_wall_clear_reward=0.0000 | local_nav_reward=0.0000 | abs_local_nav_reward=0.0000 | context_neighbors_mean=1.25 | context_neighbors_max=4 | last_context_neighbors_mean=0.00 | last_context_neighbors_max=0 | actor_unlocked=0 | expl_noise=0.0772 | replay=10808 | interaction_replay=4804 | samples/sec=11.003
Episode 128 complete | agent_samples=10907 | env_steps=4536 | episode_env_steps=36 | episode_agent_samples=99 | mean_reward=122.759 | success=5/5 | collision=0/5 | mean_final_distance=0.266 | mean_progress=0.0188 | min_laser=0.373 | mean_lin=0.987 | mean_ang=-0.199 | mean_robot_dist=1.360 | raw_reward=20.000 | adjusted_reward=20.000 | coop_agents=0/5 | mean_coop_neighbors=0.00 | active_neighbor_step_rate=0.768 | mean_active_neighbors_step=1.798 | max_active_neighbors_step=4 | interaction_reward=0.0000 | abs_interaction_reward=0.0000 | anti_stag_reward=0.0000 | abs_anti_stag_reward=0.0000 | wall_clear_reward=0.0000 | abs_wall_clear_reward=0.0000 | local_nav_reward=0.0000 | abs_local_nav_reward=0.0000 | context_neighbors_mean=1.82 | context_neighbors_max=4 | last_context_neighbors_mean=0.00 | last_context_neighbors_max=0 | actor_unlocked=0 | expl_noise=0.0772 | replay=10907 | interaction_replay=4822 | samples/sec=11.016
Episode 129 complete | agent_samples=10990 | env_steps=4561 | episode_env_steps=25 | episode_agent_samples=83 | mean_reward=27.034 | success=3/5 | collision=2/5 | mean_final_distance=0.827 | mean_progress=0.0082 | min_laser=0.323 | mean_lin=0.597 | mean_ang=-0.429 | mean_robot_dist=0.890 | raw_reward=19.890 | adjusted_reward=19.890 | coop_agents=0/5 | mean_coop_neighbors=0.00 | active_neighbor_step_rate=0.855 | mean_active_neighbors_step=2.133 | max_active_neighbors_step=4 | interaction_reward=0.0000 | abs_interaction_reward=0.0000 | anti_stag_reward=0.0000 | abs_anti_stag_reward=0.0000 | wall_clear_reward=0.0000 | abs_wall_clear_reward=0.0000 | local_nav_reward=0.0000 | abs_local_nav_reward=0.0000 | context_neighbors_mean=2.16 | context_neighbors_max=4 | last_context_neighbors_mean=0.00 | last_context_neighbors_max=0 | actor_unlocked=0 | expl_noise=0.0771 | replay=10990 | interaction_replay=4880 | samples/sec=11.038
已终止
... logging to /home/jiutian/.ros/log/6b6dc17c-8764-11f1-a71a-79b7e70ca52d/roslaunch-JiuTian-AI4090-2861835.log
Checking log directory for disk usage. This may take a while.
Press Ctrl-C to interrupt
Done checking log file disk usage. Usage is <1GB.
]2;roscore
[1mstarted roslaunch server http://localhost:43539/[0m
ros_comm version 1.17.4


SUMMARY
========

PARAMETERS
 * /rosdistro: noetic
 * /rosversion: 1.17.4

NODES

auto-starting new master
[1mprocess[master]: started with pid [2861845][0m
[1mROS_MASTER_URI=http://localhost:13003/[0m
]2;roscore http://localhost:13003/
[1msetting /run_id to 6b6dc17c-8764-11f1-a71a-79b7e70ca52d[0m
[1mprocess[rosout-1]: started with pid [2861855][0m
started core service [/rosout]
[rosout-1] killing on exit
[master] killing on exit
shutting down processing monitor...
... shutting down processing monitor complete
[1mdone[0m
 cmd_vel
[INFO] [1784900084.647322363, 0.877000000]: DiffDrive(ns = /r1/): Subscribe to cmd_vel
[INFO] [1784900084.647651592, 0.877000000]: DiffDrive(ns = /r1/): Advertise odom on odom 
[INFO] [1784900084.647715405, 0.877000000]: GazeboRosJointStatePublisher is going to publish joint: chassis_swivel_joint
[INFO] [1784900084.647719716, 0.877000000]: GazeboRosJointStatePublisher is going to publish joint: swivel_wheel_joint
[INFO] [1784900084.647723056, 0.877000000]: GazeboRosJointStatePublisher is going to publish joint: left_hub_joint
[INFO] [1784900084.647726018, 0.877000000]: GazeboRosJointStatePublisher is going to publish joint: right_hub_joint
[INFO] [1784900084.647728901, 0.877000000]: Starting GazeboRosJointStatePublisher Plugin (ns = /r1/)!, parent name: r1
[INFO] [1784900084.933868270, 1.024000000]: Laser Plugin: The 'robotNamespace' param was empty
[INFO] [1784900084.933884305, 1.024000000]: Starting Laser Plugin (ns = r5)
[INFO] [1784900084.934314084, 1.024000000]: Laser Plugin (ns = r5)  <tf_prefix_>, set to ""
[INFO] [1784900085.555883799, 1.024000000]: Velodyne laser plugin missing <min_intensity>, defaults to no clipping
[INFO] [1784900085.556658793, 1.024000000]: Velodyne laser plugin ready, 16 lasers
[INFO] [1784900085.557999579, 1.024000000]: Starting plugin DiffDrive(ns = /r5/)
[DEBUG] [1784900085.558009792, 1.024000000]: DiffDrive(ns = /r5/): <rosDebugLevel> = Debug
[INFO] [1784900085.558019359, 1.024000000]: DiffDrive(ns = /r5/): <rosDebugLevel> = Debug
[INFO] [1784900085.558322399, 1.024000000]: DiffDrive(ns = /r5/): <tf_prefix> = 
[DEBUG] [1784900085.558333853, 1.024000000]: DiffDrive(ns = /r5/): <commandTopic> = cmd_vel
[DEBUG] [1784900085.558338696, 1.024000000]: DiffDrive(ns = /r5/): <odometryTopic> = odom
[DEBUG] [1784900085.558343192, 1.024000000]: DiffDrive(ns = /r5/): <odometryFrame> = odom
[DEBUG] [1784900085.558347431, 1.024000000]: DiffDrive(ns = /r5/): <robotBaseFrame> = base_link
[DEBUG] [1784900085.558352045, 1.024000000]: DiffDrive(ns = /r5/): <publishWheelTF> = false
[DEBUG] [1784900085.558356541, 1.024000000]: DiffDrive(ns = /r5/): <publishOdomTF> = false
[DEBUG] [1784900085.558361090, 1.024000000]: DiffDrive(ns = /r5/): <publishWheelJointState> = false
[DEBUG] [1784900085.558380991, 1.024000000]: DiffDrive(ns = /r5/): <wheelSeparation> = 0.29999999999999999
[DEBUG] [1784900085.558386110, 1.024000000]: DiffDrive(ns = /r5/): <wheelDiameter> = 0.17999999999999999
[DEBUG] [1784900085.558391650, 1.024000000]: DiffDrive(ns = /r5/): <wheelAcceleration> = 1.8
[DEBUG] [1784900085.558396712, 1.024000000]: DiffDrive(ns = /r5/): <wheelTorque> = 20
[DEBUG] [1784900085.558401101, 1.024000000]: DiffDrive(ns = /r5/): <updateRate> = 50
[DEBUG] [1784900085.558407747, 1.024000000]: DiffDrive(ns = /r5/): <odometrySource> = world := 1
[DEBUG] [1784900085.558412821, 1.024000000]: DiffDrive(ns = /r5/): <leftJoint> = left_hub_joint
[DEBUG] [1784900085.558418051, 1.024000000]: DiffDrive(ns = /r5/): <rightJoint> = right_hub_joint
[INFO] [1784900085.558447951, 1.024000000]: DiffDrive(ns = /r5/): Try to subscribe to cmd_vel
[INFO] [1784900085.560150751, 1.024000000]: DiffDrive(ns = /r5/): Subscribe to cmd_vel
[INFO] [1784900085.560410041, 1.024000000]: DiffDrive(ns = /r5/): Advertise odom on odom 
[INFO] [1784900085.560536148, 1.024000000]: GazeboRosJointStatePublisher is going to publish joint: chassis_swivel_joint
[INFO] [1784900085.560540889, 1.024000000]: GazeboRosJointStatePublisher is going to publish joint: swivel_wheel_joint
[INFO] [1784900085.560544480, 1.024000000]: GazeboRosJointStatePublisher is going to publish joint: left_hub_joint
[INFO] [1784900085.560549846, 1.024000000]: GazeboRosJointStatePublisher is going to publish joint: right_hub_joint
[INFO] [1784900085.560554532, 1.024000000]: Starting GazeboRosJointStatePublisher Plugin (ns = /r5/)!, parent name: r5
Error in XmlRpcClient::writeRequest: write error (Connection refused).
Error in XmlRpcDispatch::work: couldn't find source iterator
Error in XmlRpcClient::writeRequest: write error (Connection refused).
Error in XmlRpcDispatch::work: couldn't find source iterator
Error in XmlRpcClient::writeRequest: write error (Connection refused).
Error in XmlRpcDispatch::work: couldn't find source iterator
Error in XmlRpcClient::writeRequest: write error (Connection refused).
Error in XmlRpcDispatch::work: couldn't find source iterator
Error in XmlRpcClient::writeRequest: write error (Connection refused).
Error in XmlRpcDispatch::work: couldn't find source iterator
... logging to /home/jiutian/.ros/log/6b6dc17c-8764-11f1-a71a-79b7e70ca52d/roslaunch-JiuTian-AI4090-2861866.log
Checking log directory for disk usage. This may take a while.
Press Ctrl-C to interrupt
Done checking log file disk usage. Usage is <1GB.
]2;/home/jiutian/Local-Critic-Multi-Robot-Navigation-gate/TD3/assets/multi_robot_scenario_strong_interaction_pilot_5.launch
[1mstarted roslaunch server http://localhost:45225/[0m

SUMMARY
========

PARAMETERS
 * /robot_description_r1: <?xml version="1....
 * /robot_description_r2: <?xml version="1....
 * /robot_description_r3: <?xml version="1....
 * /robot_description_r4: <?xml version="1....
 * /robot_description_r5: <?xml version="1....
 * /rosdistro: noetic
 * /rosversion: 1.17.4
 * /use_sim_time: True

NODES
  /
    gazebo (gazebo_ros/gzserver)
    urdf_spawner_r1 (gazebo_ros/spawn_model)
    urdf_spawner_r2 (gazebo_ros/spawn_model)
    urdf_spawner_r3 (gazebo_ros/spawn_model)
    urdf_spawner_r4 (gazebo_ros/spawn_model)
    urdf_spawner_r5 (gazebo_ros/spawn_model)

[1mROS_MASTER_URI=http://localhost:13003/[0m
]2;/home/jiutian/Local-Critic-Multi-Robot-Navigation-gate/TD3/assets/multi_robot_scenario_strong_interaction_pilot_5.launch http://localhost:13003/
[1mprocess[gazebo-1]: started with pid [2862048][0m
[1mprocess[urdf_spawner_r1-2]: started with pid [2862052][0m
[1mprocess[urdf_spawner_r2-3]: started with pid [2862054][0m
[1mprocess[urdf_spawner_r3-4]: started with pid [2862055][0m
[1mprocess[urdf_spawner_r4-5]: started with pid [2862056][0m
[1mprocess[urdf_spawner_r5-6]: started with pid [2862057][0m
[1m[urdf_spawner_r3-4] process has finished cleanly
log file: /home/jiutian/.ros/log/6b6dc17c-8764-11f1-a71a-79b7e70ca52d/urdf_spawner_r3-4*.log[0m
[1m[urdf_spawner_r2-3] process has finished cleanly
log file: /home/jiutian/.ros/log/6b6dc17c-8764-11f1-a71a-79b7e70ca52d/urdf_spawner_r2-3*.log[0m
[1m[urdf_spawner_r4-5] process has finished cleanly
log file: /home/jiutian/.ros/log/6b6dc17c-8764-11f1-a71a-79b7e70ca52d/urdf_spawner_r4-5*.log[0m
[1m[urdf_spawner_r1-2] process has finished cleanly
log file: /home/jiutian/.ros/log/6b6dc17c-8764-11f1-a71a-79b7e70ca52d/urdf_spawner_r1-2*.log[0m
[1m[urdf_spawner_r5-6] process has finished cleanly
log file: /home/jiutian/.ros/log/6b6dc17c-8764-11f1-a71a-79b7e70ca52d/urdf_spawner_r5-6*.log[0m
[gazebo-1] killing on exit
shutting down processing monitor...
... shutting down processing monitor complete
[1mdone[0m
Traceback (most recent call last):
  File "train_velodyne_td3_multi.py", line 1773, in <module>
    next_states, rewards, dones, targets, collisions = env.step(
  File "/home/jiutian/Local-Critic-Multi-Robot-Navigation-gate/TD3/multi_agent_velodyne_env.py", line 1158, in step
    rospy.wait_for_service("/gazebo/pause_physics")
  File "/opt/ros/noetic/lib/python3/dist-packages/rospy/impl/tcpros_service.py", line 166, in wait_for_service
    raise ROSInterruptException("rospy shutdown")
rospy.exceptions.ROSInterruptException: rospy shutdown
