Activated DRL robot navigation Python environment.
Python: Python 3.8.10
Venv: /home/jiutian/venvs/drl-robot-nav
Fixed manifest enabled: 640 scenarios loaded
Roscore launched!
Unable to register with master node [http://localhost:13013]: master may not be running yet. Will keep trying.
Gazebo launched!
INFO: cannot create a symlink to latest log directory: [Errno 2] No such file or directory: '/home/jiutian/.ros/log/latest'
INFO: cannot create a symlink to latest log directory
INFO: cannot create a symlink to latest log directory: [Errno 17] File exists: '/home/jiutian/.ros/log/8ea9d11c-876e-11f1-a71a-79b7e70ca52d' -> '/home/jiutian/.ros/log/latest'
[INFO] [1784904435.141922, 0.000000]: Loading model XML from ros parameter robot_description_r4
[INFO] [1784904435.145851, 0.000000]: Waiting for service /gazebo/spawn_urdf_model
[INFO] [1784904435.748827, 0.355000]: Calling service /gazebo/spawn_urdf_model
[INFO] [1784904436.571496, 0.369000]: Spawn status: SpawnModel: Successfully spawned entity
[WARN] [1784904436.680962358, 0.369000000]: GazeboRosDiffDrive Plugin (ns = ) missing <publishTf>, defaults to 1
[INFO] [1784904435.142408, 0.000000]: Loading model XML from ros parameter robot_description_r3
[INFO] [1784904435.146030, 0.000000]: Waiting for service /gazebo/spawn_urdf_model
[INFO] [1784904435.749091, 0.355000]: Calling service /gazebo/spawn_urdf_model
[INFO] [1784904437.683186, 0.558000]: Spawn status: SpawnModel: Successfully spawned entity
[INFO] [1784904435.462434434]: Finished loading Gazebo ROS API Plugin.
[INFO] [1784904435.462712558]: waitForService: Service [/gazebo/set_physics_properties] has not been advertised, waiting...
[INFO] [1784904435.584538577]: waitForService: Service [/gazebo/set_physics_properties] is now available.
[INFO] [1784904435.590740172, 0.201000000]: Physics dynamic reconfigure ready.
[INFO] [1784904435.858423798, 0.369000000]: Laser Plugin: The 'robotNamespace' param was empty
[INFO] [1784904435.858447034, 0.369000000]: Starting Laser Plugin (ns = r4)
[INFO] [1784904435.859025921, 0.369000000]: Laser Plugin (ns = r4)  <tf_prefix_>, set to ""
[INFO] [1784904436.590921023, 0.369000000]: Velodyne laser plugin missing <min_intensity>, defaults to no clipping
[INFO] [1784904436.594299895, 0.369000000]: Velodyne laser plugin ready, 16 lasers
[INFO] [1784904436.680624740, 0.369000000]: Starting plugin DiffDrive(ns = /r4/)
[INFO] [1784904436.680667318, 0.369000000]: DiffDrive(ns = /r4/): <rosDebugLevel> = Debug
[INFO] [1784904436.680837628, 0.369000000]: DiffDrive(ns = /r4/): <tf_prefix> = 
[DEBUG] [1784904436.680852565, 0.369000000]: DiffDrive(ns = /r4/): <commandTopic> = cmd_vel
[DEBUG] [1784904436.680856537, 0.369000000]: DiffDrive(ns = /r4/): <odometryTopic> = odom
[DEBUG] [1784904436.680860669, 0.369000000]: DiffDrive(ns = /r4/): <odometryFrame> = odom
[DEBUG] [1784904436.680864618, 0.369000000]: DiffDrive(ns = /r4/): <robotBaseFrame> = base_link
[DEBUG] [1784904436.680878416, 0.369000000]: DiffDrive(ns = /r4/): <publishWheelTF> = false
[DEBUG] [1784904436.680882387, 0.369000000]: DiffDrive(ns = /r4/): <publishOdomTF> = false
[DEBUG] [1784904436.680885732, 0.369000000]: DiffDrive(ns = /r4/): <publishWheelJointState> = false
[DEBUG] [1784904436.680904064, 0.369000000]: DiffDrive(ns = /r4/): <wheelSeparation> = 0.29999999999999999
[DEBUG] [1784904436.680908945, 0.369000000]: DiffDrive(ns = /r4/): <wheelDiameter> = 0.17999999999999999
[DEBUG] [1784904436.680913702, 0.369000000]: DiffDrive(ns = /r4/): <wheelAcceleration> = 1.8
[DEBUG] [1784904436.680918711, 0.369000000]: DiffDrive(ns = /r4/): <wheelTorque> = 20
[DEBUG] [1784904436.680923078, 0.369000000]: DiffDrive(ns = /r4/): <updateRate> = 50
[DEBUG] [1784904436.680940663, 0.369000000]: DiffDrive(ns = /r4/): <odometrySource> = world := 1
[DEBUG] [1784904436.680949269, 0.369000000]: DiffDrive(ns = /r4/): <leftJoint> = left_hub_joint
[DEBUG] [1784904436.680954698, 0.369000000]: DiffDrive(ns = /r4/): <rightJoint> = right_hub_joint
[INFO] [1784904436.681519873, 0.369000000]: DiffDrive(ns = /r4/): Try to subscribe to cmd_vel
[INFO] [1784904436.682039097, 0.369000000]: DiffDrive(ns = /r4/): Subscribe to cmd_vel
[INFO] [1784904436.682234070, 0.369000000]: DiffDrive(ns = /r4/): Advertise odom on odom 
[INFO] [1784904436.685471714, 0.369000000]: GazeboRosJointStatePublisher is going to publish joint: chassis_swivel_joint
[INFO] [1784904436.685478256, 0.369000000]: GazeboRosJointStatePublisher is going to publish joint: swivel_wheel_joint
[INFO] [1784904436.685481675, 0.369000000]: GazeboRosJointStatePublisher is going to publish joint: left_hub_joint
[INFO] [1784904436.685484725, 0.369000000]: GazeboRosJointStatePublisher is going to publish joint: right_hub_joint
[INFO] [1784904436.685488615, 0.369000000]: Starting GazeboRosJointStatePublisher Plugin (ns = /r4/)!, parent name: r4
[DEBUG] [1784904436.711602817, 0.390000000]: Trying to publish message of type [nav_msgs/Odometry/cd5e73d190d741a2f92e81eda573aca7] on a publisher with type [nav_msgs/Odometry/cd5e73d190d741a2f92e81eda573aca7]
[DEBUG] [1784904436.711636790, 0.390000000]: Trying to publish message of type [sensor_msgs/JointState/3066dcd76a6cfaef579bd0f34173e9fd] on a publisher with type [sensor_msgs/JointState/3066dcd76a6cfaef579bd0f34173e9fd]
[INFO] [1784904436.972511311, 0.558000000]: Laser Plugin: The 'robotNamespace' param was empty
[INFO] [1784904436.972536438, 0.558000000]: Starting Laser Plugin (ns = r3)
[INFO] [1784904436.973248421, 0.558000000]: Laser Plugin (ns = r3)  <tf_prefix_>, set to ""
[INFO] [1784904437.800030568, 0[WARN] [1784904438.008477876, 0.558000000]: GazeboRosDiffDrive Plugin (ns = ) missing <publishTf>, defaults to 1
[INFO] [1784904435.141699, 0.000000]: Loading model XML from ros parameter robot_description_r5
[INFO] [1784904435.146115, 0.000000]: Waiting for service /gazebo/spawn_urdf_model
[INFO] [1784904435.749207, 0.355000]: Calling service /gazebo/spawn_urdf_model
[INFO] [1784904745.753092, 0.700000]: Spawn status: SpawnModel: Successfully spawned entity
.558000000]: Velodyne laser plugin missing <min_intensity>, defaults to no clipping
[INFO] [1784904437.817941151, 0.558000000]: Velodyne laser plugin ready, 16 lasers
[INFO] [1784904437.995101107, 0.558000000]: Starting plugin DiffDrive(ns = /r3/)
[DEBUG] [1784904437.995512481, 0.558000000]: DiffDrive(ns = /r3/): <rosDebugLevel> = Debug
[INFO] [1784904437.996723703, 0.558000000]: DiffDrive(ns = /r3/): <rosDebugLevel> = Debug
[INFO] [1784904438.002281065, 0.558000000]: DiffDrive(ns = /r3/): <tf_prefix> = 
[DEBUG] [1784904438.002520205, 0.558000000]: DiffDrive(ns = /r3/): <commandTopic> = cmd_vel
[DEBUG] [1784904438.002562652, 0.558000000]: DiffDrive(ns = /r3/): <odometryTopic> = odom
[DEBUG] [1784904438.002658883, 0.558000000]: DiffDrive(ns = /r3/): <odometryFrame> = odom
[DEBUG] [1784904438.002727989, 0.558000000]: DiffDrive(ns = /r3/): <robotBaseFrame> = base_link
[DEBUG] [1784904438.002754101, 0.558000000]: DiffDrive(ns = /r3/): <publishWheelTF> = false
[DEBUG] [1784904438.002770750, 0.558000000]: DiffDrive(ns = /r3/): <publishOdomTF> = false
[DEBUG] [1784904438.002792396, 0.558000000]: DiffDrive(ns = /r3/): <publishWheelJointState> = false
[DEBUG] [1784904438.006878873, 0.558000000]: DiffDrive(ns = /r3/): <wheelSeparation> = 0.29999999999999999
[DEBUG] [1784904438.006900395, 0.558000000]: DiffDrive(ns = /r3/): <wheelDiameter> = 0.17999999999999999
[DEBUG] [1784904438.006915921, 0.558000000]: DiffDrive(ns = /r3/): <wheelAcceleration> = 1.8
[DEBUG] [1784904438.006931937, 0.558000000]: DiffDrive(ns = /r3/): <wheelTorque> = 20
[DEBUG] [1784904438.006944085, 0.558000000]: DiffDrive(ns = /r3/): <updateRate> = 50
[DEBUG] [1784904438.006959556, 0.558000000]: DiffDrive(ns = /r3/): <odometrySource> = world := 1
[DEBUG] [1784904438.006974817, 0.558000000]: DiffDrive(ns = /r3/): <leftJoint> = left_hub_joint
[DEBUG] [1784904438.006988614, 0.558000000]: DiffDrive(ns = /r3/): <rightJoint> = right_hub_joint
[INFO] [1784904438.129563722, 0.558000000]: DiffDrive(ns = /r3/): Try to subscribe to cmd_vel
[INFO] [1784904438.141736031, 0.558000000]: DiffDrive(ns = /r3/): Subscribe to cmd_vel
[INFO] [1784904438.143374253, 0.558000000]: DiffDrive(ns = /r3/): Advertise odom on odom 
[INFO] [1784904438.269299250, 0.558000000]: GazeboRosJointStatePublisher is going to publish joint: chassis_swivel_joint
[INFO] [1784904438.269593401, 0.558000000]: GazeboRosJointStatePublisher is going to publish joint: swivel_wheel_joint
[INFO] [1784904438.269598447, 0.558000000]: GazeboRosJointStatePublisher is going to publish joint: left_hub_joint
[INFO] [1784904438.269602851, 0.558000000]: GazeboRosJointStatePublisher is going to publish joint: right_hub_joint
[INFO] [1784904438.269607934, 0.558000000]: Starting GazeboRosJointStatePublisher Plugin (ns = /r3/)!, parent name: r3
[INFO] [1784904438.851204449, 0.700000000]: Laser Plugin: The 'robotNamespace' param was empty
[INFO] [1784904438.866756007, 0.700000000]: Starting Laser Plugin (ns = r5)
[INFO] [1784904439.020289151, 0.700000000]: Laser Plugin (ns = r5)  <tf_prefix_>, set to ""
[INFO] [1784904745.836133892, 0.700000000]: Velodyne laser plugin missing <min_intensity>, defaults to no clipping
[INFO] [1784904745.837987116, 0.700000000]: Velodyne laser plugin ready, 16 lasers
[INFO] [1784904745.855026460, 0.700000000]: Starting plugin DiffDrive(ns = /r5/)
[DEBUG] [1784904745.855047276, 0.700000000]: DiffDrive(ns = /r5/): <rosDebugLevel> = Debug
[INFO] [1784904745.855701083, 0.700000000]: DiffDrive(ns = /r5/): <rosDebugLevel> = Debug
[INFO] [1784904745.855993588, 0.700000000]: DiffDrive(ns = /r5/): <tf_prefix> = 
[DEBUG] [1784904745.856005258, 0.700000000]: DiffDrive(ns = /r5/): <commandTopic> = cmd_vel
[DEBUG] [1784904745.856015076, 0.700000000]: DiffDrive(ns = /r5/): <odometryTopic> = odom
[DEBUG] [1784904745.856024183, 0.700000000]: DiffDrive(ns = /r5/): <odometryFrame> = odom
[DEBUG] [1784904745.856032991, 0.700000000]: DiffDrive(ns = /r5/): <robotBaseFrame> = base_link
[DEBUG] [1784904745.856043711, 0.700000000]: DiffDrive(ns = /r5/): <publishWheelTF> = false
[DEBUG] [1784904745.856053111, 0.700000000][WARN] [1784904745.856196956, 0.700000000]: GazeboRosDiffDrive Plugin (ns = ) missing <publishTf>, defaults to 1
train_velodyne_td3_multi.py:686: FutureWarning: You are using `torch.load` with `weights_only=False` (the current default value), which uses the default pickle module implicitly. It is possible to construct malicious pickle data which will execute arbitrary code during unpickling (See https://github.com/pytorch/pytorch/blob/main/SECURITY.md#untrusted-models for more details). In a future release, the default value for `weights_only` will be flipped to `True`. This limits the functions that could be executed during unpickling. Arbitrary objects will no longer be allowed to be loaded via this mode unless they are explicitly allowlisted by the user via `torch.serialization.add_safe_globals`. We recommend you start setting `weights_only=True` for any use case where you don't have full control of the loaded file. Please open an issue on GitHub for any issues related to this experimental feature.
  actor_state = torch.load(
Loaded initial actor parameters from: TD3_velodyne_multi_v4_curriculum_stage2_to_5a_shared_from_3d2_guarded_best
Critic is newly initialized because actor-only warm start was requested.
Loaded frozen oracle weak Actor from: ./pytorch_models/TD3_velodyne_multi_v4_curriculum_stage2_to_5a_shared_from_3d2_guarded_best_actor.pth
==============================================
Training version: interaction-oracle-specialist-pilot-v1
Training process PID: 2992952
Launchfile: multi_robot_scenario_strong_interaction_pilot_5.launch
Scenario mode: manifest
Manifest path: /home/jiutian/Local-Critic-Multi-Robot-Navigation-gate/experiments/04_保留专门化/05_论文主线/datasets/fixed_v1/views/strong_interaction_curriculum_v1/stage2_train.json.gz
Manifest sampling: random
Eval manifest path: /home/jiutian/Local-Critic-Multi-Robot-Navigation-gate/experiments/04_保留专门化/05_论文主线/datasets/fixed_v1/views/strong_interaction_curriculum_v1/validation.json.gz
Seed: 20260724
Device: cuda
GPU: NVIDIA GeForce RTX 4090
Agent names: r1, r2, r3, r4, r5
Cooperative reward: True
Cooperative reward mode: average
Cooperative reward self weight: 0.8
Distance-weighted reward: True
Distance reward sigma: 2.0
Interaction safe distance: 1.2
Interaction close penalty: 0.5
Interaction stagnation penalty: 0.05
Anti-stagnation reward: False
Anti-stagnation penalty: 0.2
Anti-stagnation linear threshold: 0.05
Anti-stagnation progress threshold: 0.005
Anti-stagnation min laser: 0.35
Forward reward weight: 0.0
Base stagnation penalty weight: 0.0
Wall-clearance reward: False
Wall-clearance safe distance: 0.75
Wall-clearance penalty: 1.5
Wall-clearance speed weight: 0.8
Wall-clearance turn weight: 0.4
Robot safe distance: 1.0
Local-navigation reward: False
Local-navigation heading weight: 0.4
Local-navigation wrong-way penalty: 0.25
Local-navigation turn weight: 0.25
Local-navigation near-goal distance: 0.9
Local-navigation heading error: 0.5
Local critic enabled: True
Local critic geometry only: True
Active neighbors only: True
Actor state dim: 24
Critic state dim: 69
Local critic max neighbors: 9
Local critic context dim: 45
Best metric: full_success
Eval episodes: 140
Eval frequency agent samples: 20000
Eval protocol ID: eval-v1|scenario=manifest|episodes=140|max_steps=300|manifest_sha256=3b2646a842b777f8c60dca4c452cb78eb3a223ffe59139b8501797aa1d23d583|sampling=cycle|oracle_interaction_distance=2.000
Max epochs: 2
Actor learning rate: 1e-06
Actor train mode: full
Oracle interaction rollout: True
Oracle weak Actor: TD3_velodyne_multi_v4_curriculum_stage2_to_5a_shared_from_3d2_guarded_best
Oracle interaction distance: 2.0
Actor interaction-only updates: True
Actor trainable parameters: 501802/501802
Critic learning rate: 8e-05
Actor update delay steps: 21000
Policy freq: 2
Actor anchor weight: 0.0
Actor Q normalization alpha: 0.0
Exploration noise: 0.08
Exploration min: 0.03
Exploration decay steps: 80000
Exploration decay unit: environment steps
TensorBoard log dir: runs/multi_coop_Jul24_22-47-19_JiuTian-AI4090
Checkpoint path: ./checkpoints/interaction_safe_distance_from_5a_s20260725_latest.pt
Best checkpoint path: ./checkpoints/interaction_safe_distance_from_5a_s20260725_best.pt
Model prefix: interaction_safe_distance_from_5a_s20260725
Checkpoint interval episodes: 10
Resume mode: False
Starting agent samples: 0
Starting env steps: 0
Starting epoch: 1
==============================================
[WARN] [1784904746.882350239, 0.872000000]: GazeboRosDiffDrive Plugin (ns = ) missing <publishTf>, defaults to 1
[INFO] [1784904435.145066, 0.000000]: Loading model XML from ros parameter robot_description_r1
[INFO] [1784904435.147711, 0.000000]: Waiting for service /gazebo/spawn_urdf_model
[INFO] [1784904435.750098, 0.356000]: Calling service /gazebo/spawn_urdf_model
[INFO] [1784904746.881900, 0.872000]: Spawn status: SpawnModel: Successfully spawned entity
: DiffDrive(ns = /r5/): <publishOdomTF> = false
[DEBUG] [1784904745.856082267, 0.700000000]: DiffDrive(ns = /r5/): <publishWheelJointState> = false
[DEBUG] [1784904745.856105945, 0.700000000]: DiffDrive(ns = /r5/): <wheelSeparation> = 0.29999999999999999
[DEBUG] [1784904745.856118013, 0.700000000]: DiffDrive(ns = /r5/): <wheelDiameter> = 0.17999999999999999
[DEBUG] [1784904745.856129567, 0.700000000]: DiffDrive(ns = /r5/): <wheelAcceleration> = 1.8
[DEBUG] [1784904745.856141032, 0.700000000]: DiffDrive(ns = /r5/): <wheelTorque> = 20
[DEBUG] [1784904745.856152411, 0.700000000]: DiffDrive(ns = /r5/): <updateRate> = 50
[DEBUG] [1784904745.856164703, 0.700000000]: DiffDrive(ns = /r5/): <odometrySource> = world := 1
[DEBUG] [1784904745.856174305, 0.700000000]: DiffDrive(ns = /r5/): <leftJoint> = left_hub_joint
[DEBUG] [1784904745.856183864, 0.700000000]: DiffDrive(ns = /r5/): <rightJoint> = right_hub_joint
[INFO] [1784904745.857183565, 0.700000000]: DiffDrive(ns = /r5/): Try to subscribe to cmd_vel
[INFO] [1784904745.858001331, 0.700000000]: DiffDrive(ns = /r5/): Subscribe to cmd_vel
[INFO] [1784904745.858174894, 0.700000000]: DiffDrive(ns = /r5/): Advertise odom on odom 
[INFO] [1784904745.859488994, 0.700000000]: GazeboRosJointStatePublisher is going to publish joint: chassis_swivel_joint
[INFO] [1784904745.859499997, 0.700000000]: GazeboRosJointStatePublisher is going to publish joint: swivel_wheel_joint
[INFO] [1784904745.859508873, 0.700000000]: GazeboRosJointStatePublisher is going to publish joint: left_hub_joint
[INFO] [1784904745.859518446, 0.700000000]: GazeboRosJointStatePublisher is going to publish joint: right_hub_joint
[INFO] [1784904745.859526436, 0.700000000]: Starting GazeboRosJointStatePublisher Plugin (ns = /r5/)!, parent name: r5
[INFO] [1784904746.208914266, 0.872000000]: Laser Plugin: The 'robotNamespace' param was empty
[INFO] [1784904746.208943226, 0.872000000]: Starting Laser Plugin (ns = r1)
[INFO] [1784904746.209480825, 0.872000000]: Laser Plugin (ns = r1)  <tf_prefix_>, set to ""
[INFO] [1784904746.880528329, 0.872000000]: Velodyne laser plugin missing <min_intensity>, defaults to no clipping
[INFO] [1784904746.881054152, 0.872000000]: Velodyne laser plugin ready, 16 lasers
[INFO] [1784904746.882017213, 0.872000000]: Starting plugin DiffDrive(ns = /r1/)
[DEBUG] [1784904746.882026702, 0.872000000]: DiffDrive(ns = /r1/): <rosDebugLevel> = Debug
[INFO] [1784904746.882036602, 0.872000000]: DiffDrive(ns = /r1/): <rosDebugLevel> = Debug
[INFO] [1784904746.882234793, 0.872000000]: DiffDrive(ns = /r1/): <tf_prefix> = 
[DEBUG] [1784904746.882240014, 0.872000000]: DiffDrive(ns = /r1/): <commandTopic> = cmd_vel
[DEBUG] [1784904746.882245444, 0.872000000]: DiffDrive(ns = /r1/): <odometryTopic> = odom
[DEBUG] [1784904746.882249745, 0.872000000]: DiffDrive(ns = /r1/): <odometryFrame> = odom
[DEBUG] [1784904746.882255881, 0.872000000]: DiffDrive(ns = /r1/): <robotBaseFrame> = base_link
[DEBUG] [1784904746.882261790, 0.872000000]: DiffDrive(ns = /r1/): <publishWheelTF> = false
[DEBUG] [1784904746.882268802, 0.872000000]: DiffDrive(ns = /r1/): <publishOdomTF> = false
[DEBUG] [1784904746.882275947, 0.872000000]: DiffDrive(ns = /r1/): <publishWheelJointState> = false
[DEBUG] [1784904746.882287258, 0.872000000]: DiffDrive(ns = /r1/): <wheelSeparation> = 0.29999999999999999
[DEBUG] [1784904746.882294944, 0.872000000]: DiffDrive(ns = /r1/): <wheelDiameter> = 0.17999999999999999
[DEBUG] [1784904746.882303690, 0.872000000]: DiffDrive(ns = /r1/): <wheelAcceleration> = 1.8
[DEBUG] [1784904746.882311431, 0.872000000]: DiffDrive(ns = /r1/): <wheelTorque> = 20
[DEBUG] [1784904746.882319185, 0.872000000]: DiffDrive(ns = /r1/): <updateRate> = 50
[DEBUG] [1784904746.882328231, 0.872000000]: DiffDrive(ns = /r1/): <odometrySource> = world := 1
[DEBUG] [1784904746.882335166, 0.872000000]: DiffDrive(ns = /r1/): <leftJoint> = left_hub_joint
[DEBUG] [1784904746.882341603, 0.872000000]: DiffDrive(ns = /r1/): <rightJoint> = right_hub_joint
[INFO] [1784904746.882373513, 0.872000000]: DiffDrive(ns = /r1/): Try to subscribe to cmd_vel
[INF[WARN] [1784904747.829341516, 1.008000000]: GazeboRosDiffDrive Plugin (ns = ) missing <publishTf>, defaults to 1
[INFO] [1784904435.145165, 0.000000]: Loading model XML from ros parameter robot_description_r2
[INFO] [1784904435.148561, 0.000000]: Waiting for service /gazebo/spawn_urdf_model
[INFO] [1784904435.751491, 0.357000]: Calling service /gazebo/spawn_urdf_model
[INFO] [1784904747.828986, 1.008000]: Spawn status: SpawnModel: Successfully spawned entity
Episode 1 complete | agent_samples=115 | env_steps=46 | episode_env_steps=46 | episode_agent_samples=115 | mean_reward=109.670 | success=5/5 | collision=0/5 | mean_final_distance=0.230 | mean_progress=0.0168 | min_laser=0.533 | mean_lin=0.984 | mean_ang=0.203 | mean_robot_dist=0.989 | raw_reward=19.989 | adjusted_reward=19.989 | coop_agents=0/5 | mean_coop_neighbors=0.00 | active_neighbor_step_rate=0.574 | mean_active_neighbors_step=1.365 | max_active_neighbors_step=4 | interaction_reward=0.0000 | abs_interaction_reward=0.0000 | anti_stag_reward=0.0000 | abs_anti_stag_reward=0.0000 | wall_clear_reward=0.0000 | abs_wall_clear_reward=0.0000 | local_nav_reward=0.0000 | abs_local_nav_reward=0.0000 | context_neighbors_mean=1.40 | context_neighbors_max=4 | last_context_neighbors_mean=0.00 | last_context_neighbors_max=0 | actor_unlocked=0 | expl_noise=0.0800 | replay=115 | interaction_replay=61 | samples/sec=5.645
Episode 2 complete | agent_samples=172 | env_steps=66 | episode_env_steps=20 | episode_agent_samples=57 | mean_reward=109.657 | success=5/5 | collision=0/5 | mean_final_distance=0.264 | mean_progress=0.0198 | min_laser=0.578 | mean_lin=0.601 | mean_ang=0.127 | mean_robot_dist=1.067 | raw_reward=20.000 | adjusted_reward=20.000 | coop_agents=0/5 | mean_coop_neighbors=0.00 | active_neighbor_step_rate=0.842 | mean_active_neighbors_step=1.982 | max_active_neighbors_step=4 | interaction_reward=0.0000 | abs_interaction_reward=0.0000 | anti_stag_reward=0.0000 | abs_anti_stag_reward=0.0000 | wall_clear_reward=0.0000 | abs_wall_clear_reward=0.0000 | local_nav_reward=0.0000 | abs_local_nav_reward=0.0000 | context_neighbors_mean=2.04 | context_neighbors_max=4 | last_context_neighbors_mean=0.00 | last_context_neighbors_max=0 | actor_unlocked=0 | expl_noise=0.0800 | replay=172 | interaction_replay=107 | samples/sec=6.927
Episode 3 complete | agent_samples=246 | env_steps=90 | episode_env_steps=24 | episode_agent_samples=74 | mean_reward=117.388 | success=5/5 | collision=0/5 | mean_final_distance=0.240 | mean_progress=0.0179 | min_laser=0.409 | mean_lin=1.000 | mean_ang=-0.188 | mean_robot_dist=1.381 | raw_reward=20.000 | adjusted_reward=20.000 | coop_agents=0/5 | mean_coop_neighbors=0.00 | active_neighbor_step_rate=0.824 | mean_active_neighbors_step=1.824 | max_active_neighbors_step=3 | interaction_reward=0.0000 | abs_interaction_reward=0.0000 | anti_stag_reward=0.0000 | abs_anti_stag_reward=0.0000 | wall_clear_reward=0.0000 | abs_wall_clear_reward=0.0000 | local_nav_reward=0.0000 | abs_local_nav_reward=0.0000 | context_neighbors_mean=1.81 | context_neighbors_max=3 | last_context_neighbors_mean=0.00 | last_context_neighbors_max=0 | actor_unlocked=0 | expl_noise=0.0799 | replay=246 | interaction_replay=125 | samples/sec=8.175
Episode 4 complete | agent_samples=304 | env_steps=107 | episode_env_steps=17 | episode_agent_samples=58 | mean_reward=124.907 | success=5/5 | collision=0/5 | mean_final_distance=0.235 | mean_progress=0.0230 | min_laser=0.612 | mean_lin=1.000 | mean_ang=0.172 | mean_robot_dist=1.279 | raw_reward=20.000 | adjusted_reward=20.000 | coop_agents=0/5 | mean_coop_neighbors=0.00 | active_neighbor_step_rate=0.655 | mean_active_neighbors_step=1.328 | max_active_neighbors_step=4 | interaction_reward=0.0000 | abs_interaction_reward=0.0000 | anti_stag_reward=0.0000 | abs_anti_stag_reward=0.0000 | wall_clear_reward=0.0000 | abs_wall_clear_reward=0.0000 | local_nav_reward=0.0000 | abs_local_nav_reward=0.0000 | context_neighbors_mean=1.38 | context_neighbors_max=4 | last_context_neighbors_mean=0.00 | last_context_neighbors_max=0 | actor_unlocked=0 | expl_noise=0.0799 | replay=304 | interaction_replay=134 | samples/sec=8.985
Episode 5 complete | agent_samples=411 | env_steps=158 | episode_env_steps=51 | episode_agent_samples=107 | mean_reward=119.552 | success=5/5 | collision=0/5 | mean_final_distance=0.260 | mean_progress=0.0041 | min_laser=0.714 | mean_lin=0.800 | mean_ang=-0.328 | mean_robot_dist=1.709 | raw_reward=20.000 | adjusted_reward=20.000 | coop_agents=0/5 | mean_coop_neighbors=0.00 | active_neighbor_step_rate=0.710 | mean_active_neighbors_step=1.421 | max_active_neighbors_step=4 | interaction_reward=0.0000 | abs_interaction_reward=0.0000 | anti_stag_reward=0.0000 | abs_anti_stag_reward=0.0000 | wall_clear_reward=0.0000 | abs_wall_clear_reward=0.0000 | local_nav_reward=0.0000 | abs_local_nav_reward=0.0000 | context_neighbors_mean=1.45 | context_neighbors_max=4 | last_context_neighbors_mean=0.00 | last_context_neighbors_max=0 | actor_unlocked=0 | expl_noise=0.0799 | replay=411 | interaction_replay=151 | samples/sec=9.148
Status | epoch=1 | next_eval_in=19589 agent_samples | checkpoint_every=10 episodes | checkpoint=./checkpoints/interaction_safe_distance_from_5a_s20260725_latest.pt | model=interaction_safe_distance_from_5a_s20260725
Episode 6 complete | agent_samples=457 | env_steps=169 | episode_env_steps=11 | episode_agent_samples=46 | mean_reward=40.524 | success=3/5 | collision=2/5 | mean_final_distance=0.298 | mean_progress=0.0193 | min_laser=0.322 | mean_lin=0.994 | mean_ang=-0.129 | mean_robot_dist=0.479 | raw_reward=-20.521 | adjusted_reward=-20.521 | coop_agents=0/5 | mean_coop_neighbors=0.00 | active_neighbor_step_rate=0.935 | mean_active_neighbors_step=2.348 | max_active_neighbors_step=4 | interaction_reward=0.0000 | abs_interaction_reward=0.0000 | anti_stag_reward=0.0000 | abs_anti_stag_reward=0.0000 | wall_clear_reward=0.0000 | abs_wall_clear_reward=0.0000 | local_nav_reward=0.0000 | abs_local_nav_reward=0.0000 | context_neighbors_mean=2.41 | context_neighbors_max=4 | last_context_neighbors_mean=0.00 | last_context_neighbors_max=0 | actor_unlocked=0 | expl_noise=0.0799 | replay=457 | interaction_replay=188 | samples/sec=9.639
Episode 7 complete | agent_samples=617 | env_steps=231 | episode_env_steps=62 | episode_agent_samples=160 | mean_reward=121.367 | success=5/5 | collision=0/5 | mean_final_distance=0.271 | mean_progress=0.0165 | min_laser=0.556 | mean_lin=1.000 | mean_ang=-0.174 | mean_robot_dist=1.665 | raw_reward=20.000 | adjusted_reward=20.000 | coop_agents=0/5 | mean_coop_neighbors=0.00 | active_neighbor_step_rate=0.637 | mean_active_neighbors_step=0.988 | max_active_neighbors_step=4 | interaction_reward=0.0000 | abs_interaction_reward=0.0000 | anti_stag_reward=0.0000 | abs_anti_stag_reward=0.0000 | wall_clear_reward=0.0000 | abs_wall_clear_reward=0.0000 | local_nav_reward=0.0000 | abs_local_nav_reward=0.0000 | context_neighbors_mean=1.00 | context_neighbors_max=4 | last_context_neighbors_mean=0.00 | last_context_neighbors_max=0 | actor_unlocked=0 | expl_noise=0.0799 | replay=617 | interaction_replay=242 | samples/sec=10.137
Episode 8 complete | agent_samples=709 | env_steps=262 | episode_env_steps=31 | episode_agent_samples=92 | mean_reward=111.285 | success=5/5 | collision=0/5 | mean_final_distance=0.264 | mean_progress=0.0134 | min_laser=0.414 | mean_lin=0.600 | mean_ang=-0.232 | mean_robot_dist=1.061 | raw_reward=20.000 | adjusted_reward=20.000 | coop_agents=0/5 | mean_coop_neighbors=0.00 | active_neighbor_step_rate=0.739 | mean_active_neighbors_step=1.728 | max_active_neighbors_step=4 | interaction_reward=0.0000 | abs_interaction_reward=0.0000 | anti_stag_reward=0.0000 | abs_anti_stag_reward=0.0000 | wall_clear_reward=0.0000 | abs_wall_clear_reward=0.0000 | local_nav_reward=0.0000 | abs_local_nav_reward=0.0000 | context_neighbors_mean=1.79 | context_neighbors_max=4 | last_context_neighbors_mean=0.00 | last_context_neighbors_max=0 | actor_unlocked=0 | expl_noise=0.0798 | replay=709 | interaction_replay=279 | samples/sec=10.484
Episode 9 complete | agent_samples=791 | env_steps=293 | episode_env_steps=31 | episode_agent_samples=82 | mean_reward=101.073 | success=5/5 | collision=0/5 | mean_final_distance=0.251 | mean_progress=0.0073 | min_laser=0.405 | mean_lin=1.000 | mean_ang=0.124 | mean_robot_dist=1.768 | raw_reward=20.000 | adjusted_reward=20.000 | coop_agents=0/5 | mean_coop_neighbors=0.00 | active_neighbor_step_rate=0.695 | mean_active_neighbors_step=1.512 | max_active_neighbors_step=3 | interaction_reward=0.0000 | abs_interaction_reward=0.0000 | anti_stag_reward=0.0000 | abs_anti_stag_reward=0.0000 | wall_clear_reward=0.0000 | abs_wall_clear_reward=0.0000 | local_nav_reward=0.0000 | abs_local_nav_reward=0.0000 | context_neighbors_mean=1.60 | context_neighbors_max=4 | last_context_neighbors_mean=0.00 | last_context_neighbors_max=0 | actor_unlocked=0 | expl_noise=0.0798 | replay=791 | interaction_replay=328 | samples/sec=10.627
Episode 10 complete | agent_samples=834 | env_steps=304 | episode_env_steps=11 | episode_agent_samples=43 | mean_reward=27.758 | success=3/5 | collision=2/5 | mean_final_distance=0.491 | mean_progress=0.0212 | min_laser=0.303 | mean_lin=0.998 | mean_ang=0.518 | mean_robot_dist=1.663 | raw_reward=20.000 | adjusted_reward=20.000 | coop_agents=0/5 | mean_coop_neighbors=0.00 | active_neighbor_step_rate=0.860 | mean_active_neighbors_step=1.651 | max_active_neighbors_step=3 | interaction_reward=0.0000 | abs_interaction_reward=0.0000 | anti_stag_reward=0.0000 | abs_anti_stag_reward=0.0000 | wall_clear_reward=0.0000 | abs_wall_clear_reward=0.0000 | local_nav_reward=0.0000 | abs_local_nav_reward=0.0000 | context_neighbors_mean=1.74 | context_neighbors_max=3 | last_context_neighbors_mean=0.00 | last_context_neighbors_max=0 | actor_unlocked=0 | expl_noise=0.0798 | replay=834 | interaction_replay=365 | samples/sec=10.847
Status | epoch=1 | next_eval_in=19166 agent_samples | checkpoint_every=10 episodes | checkpoint=./checkpoints/interaction_safe_distance_from_5a_s20260725_latest.pt | model=interaction_safe_distance_from_5a_s20260725
Checkpoint saved: ./checkpoints/interaction_safe_distance_from_5a_s20260725_latest.pt
Episode 11 complete | agent_samples=953 | env_steps=345 | episode_env_steps=41 | episode_agent_samples=119 | mean_reward=40.169 | success=3/5 | collision=2/5 | mean_final_distance=0.313 | mean_progress=0.0040 | min_laser=0.334 | mean_lin=0.944 | mean_ang=-0.151 | mean_robot_dist=2.393 | raw_reward=20.000 | adjusted_reward=20.000 | coop_agents=0/5 | mean_coop_neighbors=0.00 | active_neighbor_step_rate=0.714 | mean_active_neighbors_step=1.748 | max_active_neighbors_step=4 | interaction_reward=0.0000 | abs_interaction_reward=0.0000 | anti_stag_reward=0.0000 | abs_anti_stag_reward=0.0000 | wall_clear_reward=0.0000 | abs_wall_clear_reward=0.0000 | local_nav_reward=0.0000 | abs_local_nav_reward=0.0000 | context_neighbors_mean=1.79 | context_neighbors_max=4 | last_context_neighbors_mean=0.00 | last_context_neighbors_max=0 | actor_unlocked=0 | expl_noise=0.0798 | replay=953 | interaction_replay=397 | samples/sec=11.103
Episode 12 complete | agent_samples=1017 | env_steps=366 | episode_env_steps=21 | episode_agent_samples=64 | mean_reward=49.066 | success=3/5 | collision=2/5 | mean_final_distance=0.814 | mean_progress=0.0240 | min_laser=0.300 | mean_lin=1.000 | mean_ang=0.910 | mean_robot_dist=4.564 | raw_reward=20.000 | adjusted_reward=20.000 | coop_agents=0/5 | mean_coop_neighbors=0.00 | active_neighbor_step_rate=0.734 | mean_active_neighbors_step=1.422 | max_active_neighbors_step=4 | interaction_reward=0.0000 | abs_interaction_reward=0.0000 | anti_stag_reward=0.0000 | abs_anti_stag_reward=0.0000 | wall_clear_reward=0.0000 | abs_wall_clear_reward=0.0000 | local_nav_reward=0.0000 | abs_local_nav_reward=0.0000 | context_neighbors_mean=1.45 | context_neighbors_max=4 | last_context_neighbors_mean=0.00 | last_context_neighbors_max=0 | actor_unlocked=0 | expl_noise=0.0798 | replay=1017 | interaction_replay=411 | samples/sec=11.239
Episode 13 complete | agent_samples=1109 | env_steps=398 | episode_env_steps=32 | episode_agent_samples=92 | mean_reward=121.851 | success=5/5 | collision=0/5 | mean_final_distance=0.258 | mean_progress=0.0018 | min_laser=0.500 | mean_lin=0.593 | mean_ang=-0.234 | mean_robot_dist=1.216 | raw_reward=20.000 | adjusted_reward=20.000 | coop_agents=0/5 | mean_coop_neighbors=0.00 | active_neighbor_step_rate=0.859 | mean_active_neighbors_step=1.880 | max_active_neighbors_step=4 | interaction_reward=0.0000 | abs_interaction_reward=0.0000 | anti_stag_reward=0.0000 | abs_anti_stag_reward=0.0000 | wall_clear_reward=0.0000 | abs_wall_clear_reward=0.0000 | local_nav_reward=0.0000 | abs_local_nav_reward=0.0000 | context_neighbors_mean=1.87 | context_neighbors_max=4 | last_context_neighbors_mean=0.00 | last_context_neighbors_max=0 | actor_unlocked=0 | expl_noise=0.0798 | replay=1109 | interaction_replay=423 | samples/sec=11.384
Episode 14 complete | agent_samples=1219 | env_steps=443 | episode_env_steps=45 | episode_agent_samples=110 | mean_reward=118.258 | success=5/5 | collision=0/5 | mean_final_distance=0.265 | mean_progress=0.0061 | min_laser=0.436 | mean_lin=0.628 | mean_ang=-0.198 | mean_robot_dist=0.880 | raw_reward=19.880 | adjusted_reward=19.880 | coop_agents=0/5 | mean_coop_neighbors=0.00 | active_neighbor_step_rate=0.618 | mean_active_neighbors_step=1.300 | max_active_neighbors_step=4 | interaction_reward=0.0000 | abs_interaction_reward=0.0000 | anti_stag_reward=0.0000 | abs_anti_stag_reward=0.0000 | wall_clear_reward=0.0000 | abs_wall_clear_reward=0.0000 | local_nav_reward=0.0000 | abs_local_nav_reward=0.0000 | context_neighbors_mean=1.36 | context_neighbors_max=4 | last_context_neighbors_mean=0.00 | last_context_neighbors_max=0 | actor_unlocked=0 | expl_noise=0.0797 | replay=1219 | interaction_replay=482 | samples/sec=11.381
Episode 15 complete | agent_samples=1290 | env_steps=470 | episode_env_steps=27 | episode_agent_samples=71 | mean_reward=71.105 | success=4/5 | collision=1/5 | mean_final_distance=0.371 | mean_progress=0.0117 | min_laser=0.320 | mean_lin=0.600 | mean_ang=-0.168 | mean_robot_dist=1.306 | raw_reward=20.000 | adjusted_reward=20.000 | coop_agents=0/5 | mean_coop_neighbors=0.00 | active_neighbor_step_rate=0.859 | mean_active_neighbors_step=1.690 | max_active_neighbors_step=4 | interaction_reward=0.0000 | abs_interaction_reward=0.0000 | anti_stag_reward=0.0000 | abs_anti_stag_reward=0.0000 | wall_clear_reward=0.0000 | abs_wall_clear_reward=0.0000 | local_nav_reward=0.0000 | abs_local_nav_reward=0.0000 | context_neighbors_mean=1.77 | context_neighbors_max=4 | last_context_neighbors_mean=0.00 | last_context_neighbors_max=0 | actor_unlocked=0 | expl_noise=0.0797 | replay=1290 | interaction_replay=522 | samples/sec=11.412
Status | epoch=1 | next_eval_in=18710 agent_samples | checkpoint_every=10 episodes | checkpoint=./checkpoints/interaction_safe_distance_from_5a_s20260725_latest.pt | model=interaction_safe_distance_from_5a_s20260725
Episode 16 complete | agent_samples=1362 | env_steps=491 | episode_env_steps=21 | episode_agent_samples=72 | mean_reward=116.889 | success=5/5 | collision=0/5 | mean_final_distance=0.233 | mean_progress=0.0044 | min_laser=0.407 | mean_lin=0.612 | mean_ang=0.208 | mean_robot_dist=1.208 | raw_reward=20.000 | adjusted_reward=20.000 | coop_agents=0/5 | mean_coop_neighbors=0.00 | active_neighbor_step_rate=0.681 | mean_active_neighbors_step=1.167 | max_active_neighbors_step=4 | interaction_reward=0.0000 | abs_interaction_reward=0.0000 | anti_stag_reward=0.0000 | abs_anti_stag_reward=0.0000 | wall_clear_reward=0.0000 | abs_wall_clear_reward=0.0000 | local_nav_reward=0.0000 | abs_local_nav_reward=0.0000 | context_neighbors_mean=1.25 | context_neighbors_max=4 | last_context_neighbors_mean=0.00 | last_context_neighbors_max=0 | actor_unlocked=0 | expl_noise=0.0797 | replay=1362 | interaction_replay=572 | samples/sec=11.570
Episode 17 complete | agent_samples=1454 | env_steps=525 | episode_env_steps=34 | episode_agent_samples=92 | mean_reward=61.083 | success=4/5 | collision=1/5 | mean_final_distance=0.534 | mean_progress=0.0192 | min_laser=0.314 | mean_lin=0.792 | mean_ang=-0.491 | mean_robot_dist=1.366 | raw_reward=20.000 | adjusted_reward=20.000 | coop_agents=0/5 | mean_coop_neighbors=0.00 | active_neighbor_step_rate=0.891 | mean_active_neighbors_step=1.717 | max_active_neighbors_step=4 | interaction_reward=0.0000 | abs_interaction_reward=0.0000 | anti_stag_reward=0.0000 | abs_anti_stag_reward=0.0000 | wall_clear_reward=0.0000 | abs_wall_clear_reward=0.0000 | local_nav_reward=0.0000 | abs_local_nav_reward=0.0000 | context_neighbors_mean=1.74 | context_neighbors_max=4 | last_context_neighbors_mean=0.00 | last_context_neighbors_max=0 | actor_unlocked=0 | expl_noise=0.0797 | replay=1454 | interaction_replay=591 | samples/sec=11.622
Episode 18 complete | agent_samples=1539 | env_steps=549 | episode_env_steps=24 | episode_agent_samples=85 | mean_reward=37.402 | success=3/5 | collision=2/5 | mean_final_distance=0.442 | mean_progress=0.0151 | min_laser=0.300 | mean_lin=0.993 | mean_ang=-0.527 | mean_robot_dist=2.951 | raw_reward=20.000 | adjusted_reward=20.000 | coop_agents=0/5 | mean_coop_neighbors=0.00 | active_neighbor_step_rate=0.788 | mean_active_neighbors_step=2.165 | max_active_neighbors_step=4 | interaction_reward=0.0000 | abs_interaction_reward=0.0000 | anti_stag_reward=0.0000 | abs_anti_stag_reward=0.0000 | wall_clear_reward=0.0000 | abs_wall_clear_reward=0.0000 | local_nav_reward=0.0000 | abs_local_nav_reward=0.0000 | context_neighbors_mean=2.18 | context_neighbors_max=4 | last_context_neighbors_mean=0.00 | last_context_neighbors_max=0 | actor_unlocked=0 | expl_noise=0.0797 | replay=1539 | interaction_replay=621 | samples/sec=11.809
Episode 19 complete | agent_samples=1584 | env_steps=560 | episode_env_steps=11 | episode_agent_samples=45 | mean_reward=26.882 | success=3/5 | collision=2/5 | mean_final_distance=0.408 | mean_progress=-0.0049 | min_laser=0.300 | mean_lin=0.793 | mean_ang=-0.181 | mean_robot_dist=0.493 | raw_reward=-20.507 | adjusted_reward=-20.507 | coop_agents=0/5 | mean_coop_neighbors=0.00 | active_neighbor_step_rate=0.889 | mean_active_neighbors_step=1.822 | max_active_neighbors_step=3 | interaction_reward=0.0000 | abs_interaction_reward=0.0000 | anti_stag_reward=0.0000 | abs_anti_stag_reward=0.0000 | wall_clear_reward=0.0000 | abs_wall_clear_reward=0.0000 | local_nav_reward=0.0000 | abs_local_nav_reward=0.0000 | context_neighbors_mean=1.93 | context_neighbors_max=3 | last_context_neighbors_mean=0.00 | last_context_neighbors_max=0 | actor_unlocked=0 | expl_noise=0.0796 | replay=1584 | interaction_replay=661 | samples/sec=11.925
Episode 20 complete | agent_samples=1628 | env_steps=574 | episode_env_steps=14 | episode_agent_samples=44 | mean_reward=76.847 | success=4/5 | collision=1/5 | mean_final_distance=0.281 | mean_progress=0.0189 | min_laser=0.322 | mean_lin=0.810 | mean_ang=0.563 | mean_robot_dist=0.752 | raw_reward=19.752 | adjusted_reward=19.752 | coop_agents=0/5 | mean_coop_neighbors=0.00 | active_neighbor_step_rate=0.750 | mean_active_neighbors_step=1.977 | max_active_neighbors_step=4 | interaction_reward=0.0000 | abs_interaction_reward=0.0000 | anti_stag_reward=0.0000 | abs_anti_stag_reward=0.0000 | wall_clear_reward=0.0000 | abs_wall_clear_reward=0.0000 | local_nav_reward=0.0000 | abs_local_nav_reward=0.0000 | context_neighbors_mean=2.07 | context_neighbors_max=4 | last_context_neighbors_mean=0.00 | last_context_neighbors_max=0 | actor_unlocked=0 | expl_noise=0.0796 | replay=1628 | interaction_replay=692 | samples/sec=11.980
Status | epoch=1 | next_eval_in=18372 agent_samples | checkpoint_every=10 episodes | checkpoint=./checkpoints/interaction_safe_distance_from_5a_s20260725_latest.pt | model=interaction_safe_distance_from_5a_s20260725
Checkpoint saved: ./checkpoints/interaction_safe_distance_from_5a_s20260725_latest.pt
Episode 21 complete | agent_samples=1667 | env_steps=583 | episode_env_steps=9 | episode_agent_samples=39 | mean_reward=66.592 | success=4/5 | collision=1/5 | mean_final_distance=0.530 | mean_progress=0.0386 | min_laser=0.309 | mean_lin=0.794 | mean_ang=-0.228 | mean_robot_dist=1.288 | raw_reward=40.000 | adjusted_reward=40.000 | coop_agents=1/5 | mean_coop_neighbors=0.20 | active_neighbor_step_rate=0.769 | mean_active_neighbors_step=1.795 | max_active_neighbors_step=4 | interaction_reward=0.0000 | abs_interaction_reward=0.0000 | anti_stag_reward=0.0000 | abs_anti_stag_reward=0.0000 | wall_clear_reward=0.0000 | abs_wall_clear_reward=0.0000 | local_nav_reward=0.0000 | abs_local_nav_reward=0.0000 | context_neighbors_mean=1.92 | context_neighbors_max=4 | last_context_neighbors_mean=0.00 | last_context_neighbors_max=0 | actor_unlocked=0 | expl_noise=0.0796 | replay=1667 | interaction_replay=722 | samples/sec=12.081
Episode 22 complete | agent_samples=1747 | env_steps=621 | episode_env_steps=38 | episode_agent_samples=80 | mean_reward=24.982 | success=3/5 | collision=2/5 | mean_final_distance=0.664 | mean_progress=0.0130 | min_laser=0.300 | mean_lin=0.800 | mean_ang=-0.280 | mean_robot_dist=2.402 | raw_reward=20.000 | adjusted_reward=20.000 | coop_agents=0/5 | mean_coop_neighbors=0.00 | active_neighbor_step_rate=0.575 | mean_active_neighbors_step=1.438 | max_active_neighbors_step=4 | interaction_reward=0.0000 | abs_interaction_reward=0.0000 | anti_stag_reward=0.0000 | abs_anti_stag_reward=0.0000 | wall_clear_reward=0.0000 | abs_wall_clear_reward=0.0000 | local_nav_reward=0.0000 | abs_local_nav_reward=0.0000 | context_neighbors_mean=1.44 | context_neighbors_max=4 | last_context_neighbors_mean=0.00 | last_context_neighbors_max=0 | actor_unlocked=0 | expl_noise=0.0796 | replay=1747 | interaction_replay=734 | samples/sec=11.949
Episode 23 complete | agent_samples=1830 | env_steps=658 | episode_env_steps=37 | episode_agent_samples=83 | mean_reward=118.746 | success=5/5 | collision=0/5 | mean_final_distance=0.234 | mean_progress=0.0093 | min_laser=0.597 | mean_lin=0.850 | mean_ang=0.570 | mean_robot_dist=0.949 | raw_reward=19.949 | adjusted_reward=19.949 | coop_agents=0/5 | mean_coop_neighbors=0.00 | active_neighbor_step_rate=0.747 | mean_active_neighbors_step=1.723 | max_active_neighbors_step=4 | interaction_reward=0.0000 | abs_interaction_reward=0.0000 | anti_stag_reward=0.0000 | abs_anti_stag_reward=0.0000 | wall_clear_reward=0.0000 | abs_wall_clear_reward=0.0000 | local_nav_reward=0.0000 | abs_local_nav_reward=0.0000 | context_neighbors_mean=1.69 | context_neighbors_max=4 | last_context_neighbors_mean=0.00 | last_context_neighbors_max=0 | actor_unlocked=0 | expl_noise=0.0796 | replay=1830 | interaction_replay=739 | samples/sec=11.868
Episode 24 complete | agent_samples=1896 | env_steps=681 | episode_env_steps=23 | episode_agent_samples=66 | mean_reward=114.572 | success=5/5 | collision=0/5 | mean_final_distance=0.274 | mean_progress=0.0129 | min_laser=0.500 | mean_lin=0.979 | mean_ang=-0.200 | mean_robot_dist=0.793 | raw_reward=19.793 | adjusted_reward=19.793 | coop_agents=0/5 | mean_coop_neighbors=0.00 | active_neighbor_step_rate=0.742 | mean_active_neighbors_step=1.561 | max_active_neighbors_step=4 | interaction_reward=0.0000 | abs_interaction_reward=0.0000 | anti_stag_reward=0.0000 | abs_anti_stag_reward=0.0000 | wall_clear_reward=0.0000 | abs_wall_clear_reward=0.0000 | local_nav_reward=0.0000 | abs_local_nav_reward=0.0000 | context_neighbors_mean=1.67 | context_neighbors_max=4 | last_context_neighbors_mean=0.00 | last_context_neighbors_max=0 | actor_unlocked=0 | expl_noise=0.0796 | replay=1896 | interaction_replay=772 | samples/sec=11.904
Episode 25 complete | agent_samples=1983 | env_steps=709 | episode_env_steps=28 | episode_agent_samples=87 | mean_reward=83.190 | success=4/5 | collision=1/5 | mean_final_distance=0.410 | mean_progress=0.0092 | min_laser=0.318 | mean_lin=1.000 | mean_ang=0.587 | mean_robot_dist=1.438 | raw_reward=20.000 | adjusted_reward=20.000 | coop_agents=0/5 | mean_coop_neighbors=0.00 | active_neighbor_step_rate=0.839 | mean_active_neighbors_step=1.713 | max_active_neighbors_step=4 | interaction_reward=0.0000 | abs_interaction_reward=0.0000 | anti_stag_reward=0.0000 | abs_anti_stag_reward=0.0000 | wall_clear_reward=0.0000 | abs_wall_clear_reward=0.0000 | local_nav_reward=0.0000 | abs_local_nav_reward=0.0000 | context_neighbors_mean=1.74 | context_neighbors_max=4 | last_context_neighbors_mean=0.00 | last_context_neighbors_max=0 | actor_unlocked=0 | expl_noise=0.0796 | replay=1983 | interaction_replay=798 | samples/sec=11.981
Status | epoch=1 | next_eval_in=18017 agent_samples | checkpoint_every=10 episodes | checkpoint=./checkpoints/interaction_safe_distance_from_5a_s20260725_latest.pt | model=interaction_safe_distance_from_5a_s20260725
Episode 26 complete | agent_samples=2031 | env_steps=723 | episode_env_steps=14 | episode_agent_samples=48 | mean_reward=30.864 | success=3/5 | collision=2/5 | mean_final_distance=0.859 | mean_progress=0.0135 | min_laser=0.305 | mean_lin=0.790 | mean_ang=0.025 | mean_robot_dist=2.663 | raw_reward=20.000 | adjusted_reward=20.000 | coop_agents=0/5 | mean_coop_neighbors=0.00 | active_neighbor_step_rate=0.708 | mean_active_neighbors_step=1.792 | max_active_neighbors_step=4 | interaction_reward=0.0000 | abs_interaction_reward=0.0000 | anti_stag_reward=0.0000 | abs_anti_stag_reward=0.0000 | wall_clear_reward=0.0000 | abs_wall_clear_reward=0.0000 | local_nav_reward=0.0000 | abs_local_nav_reward=0.0000 | context_neighbors_mean=1.81 | context_neighbors_max=4 | last_context_neighbors_mean=0.00 | last_context_neighbors_max=0 | actor_unlocked=0 | expl_noise=0.0795 | replay=2031 | interaction_replay=816 | samples/sec=12.044
Episode 27 complete | agent_samples=2133 | env_steps=754 | episode_env_steps=31 | episode_agent_samples=102 | mean_reward=79.123 | success=4/5 | collision=1/5 | mean_final_distance=0.459 | mean_progress=0.0098 | min_laser=0.328 | mean_lin=0.594 | mean_ang=-0.210 | mean_robot_dist=1.791 | raw_reward=20.000 | adjusted_reward=20.000 | coop_agents=0/5 | mean_coop_neighbors=0.00 | active_neighbor_step_rate=0.725 | mean_active_neighbors_step=1.941 | max_active_neighbors_step=4 | interaction_reward=0.0000 | abs_interaction_reward=0.0000 | anti_stag_reward=0.0000 | abs_anti_stag_reward=0.0000 | wall_clear_reward=0.0000 | abs_wall_clear_reward=0.0000 | local_nav_reward=0.0000 | abs_local_nav_reward=0.0000 | context_neighbors_mean=1.96 | context_neighbors_max=4 | last_context_neighbors_mean=0.00 | last_context_neighbors_max=0 | actor_unlocked=0 | expl_noise=0.0795 | replay=2133 | interaction_replay=849 | samples/sec=12.159
Episode 28 complete | agent_samples=2183 | env_steps=765 | episode_env_steps=11 | episode_agent_samples=50 | mean_reward=35.539 | success=3/5 | collision=2/5 | mean_final_distance=0.377 | mean_progress=0.0214 | min_laser=0.300 | mean_lin=0.976 | mean_ang=0.512 | mean_robot_dist=0.409 | raw_reward=-20.591 | adjusted_reward=-20.591 | coop_agents=0/5 | mean_coop_neighbors=0.00 | active_neighbor_step_rate=0.940 | mean_active_neighbors_step=2.540 | max_active_neighbors_step=4 | interaction_reward=0.0000 | abs_interaction_reward=0.0000 | anti_stag_reward=0.0000 | abs_anti_stag_reward=0.0000 | wall_clear_reward=0.0000 | abs_wall_clear_reward=0.0000 | local_nav_reward=0.0000 | abs_local_nav_reward=0.0000 | context_neighbors_mean=2.64 | context_neighbors_max=4 | last_context_neighbors_mean=0.00 | last_context_neighbors_max=0 | actor_unlocked=0 | expl_noise=0.0795 | replay=2183 | interaction_replay=898 | samples/sec=12.270
Episode 29 complete | agent_samples=2276 | env_steps=815 | episode_env_steps=50 | episode_agent_samples=93 | mean_reward=109.603 | success=5/5 | collision=0/5 | mean_final_distance=0.264 | mean_progress=0.0142 | min_laser=0.590 | mean_lin=0.701 | mean_ang=-0.208 | mean_robot_dist=1.502 | raw_reward=20.000 | adjusted_reward=20.000 | coop_agents=0/5 | mean_coop_neighbors=0.00 | active_neighbor_step_rate=0.527 | mean_active_neighbors_step=1.280 | max_active_neighbors_step=4 | interaction_reward=0.0000 | abs_interaction_reward=0.0000 | anti_stag_reward=0.0000 | abs_anti_stag_reward=0.0000 | wall_clear_reward=0.0000 | abs_wall_clear_reward=0.0000 | local_nav_reward=0.0000 | abs_local_nav_reward=0.0000 | context_neighbors_mean=1.33 | context_neighbors_max=4 | last_context_neighbors_mean=0.00 | last_context_neighbors_max=0 | actor_unlocked=0 | expl_noise=0.0795 | replay=2276 | interaction_replay=940 | samples/sec=12.064
Episode 30 complete | agent_samples=2391 | env_steps=848 | episode_env_steps=33 | episode_agent_samples=115 | mean_reward=84.245 | success=4/5 | collision=1/5 | mean_final_distance=0.472 | mean_progress=0.0018 | min_laser=0.314 | mean_lin=0.800 | mean_ang=-0.209 | mean_robot_dist=2.213 | raw_reward=20.000 | adjusted_reward=20.000 | coop_agents=0/5 | mean_coop_neighbors=0.00 | active_neighbor_step_rate=0.800 | mean_active_neighbors_step=1.896 | max_active_neighbors_step=4 | interaction_reward=0.0000 | abs_interaction_reward=0.0000 | anti_stag_reward=0.0000 | abs_anti_stag_reward=0.0000 | wall_clear_reward=0.0000 | abs_wall_clear_reward=0.0000 | local_nav_reward=0.0000 | abs_local_nav_reward=0.0000 | context_neighbors_mean=1.90 | context_neighbors_max=4 | last_context_neighbors_mean=0.00 | last_context_neighbors_max=0 | actor_unlocked=0 | expl_noise=0.0795 | replay=2391 | interaction_replay=956 | samples/sec=12.208
Status | epoch=1 | next_eval_in=17609 agent_samples | checkpoint_every=10 episodes | checkpoint=./checkpoints/interaction_safe_distance_from_5a_s20260725_latest.pt | model=interaction_safe_distance_from_5a_s20260725
Checkpoint saved: ./checkpoints/interaction_safe_distance_from_5a_s20260725_latest.pt
Episode 31 complete | agent_samples=2504 | env_steps=888 | episode_env_steps=40 | episode_agent_samples=113 | mean_reward=107.914 | success=5/5 | collision=0/5 | mean_final_distance=0.274 | mean_progress=0.0201 | min_laser=0.422 | mean_lin=0.803 | mean_ang=-0.014 | mean_robot_dist=1.019 | raw_reward=20.000 | adjusted_reward=20.000 | coop_agents=0/5 | mean_coop_neighbors=0.00 | active_neighbor_step_rate=0.850 | mean_active_neighbors_step=1.681 | max_active_neighbors_step=4 | interaction_reward=0.0000 | abs_interaction_reward=0.0000 | anti_stag_reward=0.0000 | abs_anti_stag_reward=0.0000 | wall_clear_reward=0.0000 | abs_wall_clear_reward=0.0000 | local_nav_reward=0.0000 | abs_local_nav_reward=0.0000 | context_neighbors_mean=1.75 | context_neighbors_max=4 | last_context_neighbors_mean=0.00 | last_context_neighbors_max=0 | actor_unlocked=0 | expl_noise=0.0794 | replay=2504 | interaction_replay=1033 | samples/sec=12.236
Episode 32 complete | agent_samples=2577 | env_steps=918 | episode_env_steps=30 | episode_agent_samples=73 | mean_reward=113.370 | success=5/5 | collision=0/5 | mean_final_distance=0.255 | mean_progress=0.0195 | min_laser=0.448 | mean_lin=0.988 | mean_ang=0.208 | mean_robot_dist=1.153 | raw_reward=20.000 | adjusted_reward=20.000 | coop_agents=0/5 | mean_coop_neighbors=0.00 | active_neighbor_step_rate=0.699 | mean_active_neighbors_step=1.671 | max_active_neighbors_step=4 | interaction_reward=0.0000 | abs_interaction_reward=0.0000 | anti_stag_reward=0.0000 | abs_anti_stag_reward=0.0000 | wall_clear_reward=0.0000 | abs_wall_clear_reward=0.0000 | local_nav_reward=0.0000 | abs_local_nav_reward=0.0000 | context_neighbors_mean=1.70 | context_neighbors_max=4 | last_context_neighbors_mean=0.00 | last_context_neighbors_max=0 | actor_unlocked=0 | expl_noise=0.0794 | replay=2577 | interaction_replay=1083 | samples/sec=12.204
Episode 33 complete | agent_samples=2628 | env_steps=934 | episode_env_steps=16 | episode_agent_samples=51 | mean_reward=39.136 | success=3/5 | collision=2/5 | mean_final_distance=0.546 | mean_progress=0.0161 | min_laser=0.300 | mean_lin=0.990 | mean_ang=0.002 | mean_robot_dist=1.664 | raw_reward=20.000 | adjusted_reward=20.000 | coop_agents=0/5 | mean_coop_neighbors=0.00 | active_neighbor_step_rate=0.843 | mean_active_neighbors_step=2.412 | max_active_neighbors_step=4 | interaction_reward=0.0000 | abs_interaction_reward=0.0000 | anti_stag_reward=0.0000 | abs_anti_stag_reward=0.0000 | wall_clear_reward=0.0000 | abs_wall_clear_reward=0.0000 | local_nav_reward=0.0000 | abs_local_nav_reward=0.0000 | context_neighbors_mean=2.45 | context_neighbors_max=4 | last_context_neighbors_mean=0.00 | last_context_neighbors_max=0 | actor_unlocked=0 | expl_noise=0.0794 | replay=2628 | interaction_replay=1119 | samples/sec=12.240
Episode 34 complete | agent_samples=2691 | env_steps=949 | episode_env_steps=15 | episode_agent_samples=63 | mean_reward=32.419 | success=3/5 | collision=2/5 | mean_final_distance=0.487 | mean_progress=0.0032 | min_laser=0.300 | mean_lin=0.740 | mean_ang=-0.155 | mean_robot_dist=1.727 | raw_reward=20.000 | adjusted_reward=20.000 | coop_agents=0/5 | mean_coop_neighbors=0.00 | active_neighbor_step_rate=0.810 | mean_active_neighbors_step=2.238 | max_active_neighbors_step=4 | interaction_reward=0.0000 | abs_interaction_reward=0.0000 | anti_stag_reward=0.0000 | abs_anti_stag_reward=0.0000 | wall_clear_reward=0.0000 | abs_wall_clear_reward=0.0000 | local_nav_reward=0.0000 | abs_local_nav_reward=0.0000 | context_neighbors_mean=2.30 | context_neighbors_max=4 | last_context_neighbors_mean=0.00 | last_context_neighbors_max=0 | actor_unlocked=0 | expl_noise=0.0794 | replay=2691 | interaction_replay=1152 | samples/sec=12.338
Episode 35 complete | agent_samples=2737 | env_steps=963 | episode_env_steps=14 | episode_agent_samples=46 | mean_reward=68.153 | success=4/5 | collision=1/5 | mean_final_distance=0.530 | mean_progress=0.0229 | min_laser=0.318 | mean_lin=0.800 | mean_ang=-0.299 | mean_robot_dist=1.264 | raw_reward=20.000 | adjusted_reward=20.000 | coop_agents=0/5 | mean_coop_neighbors=0.00 | active_neighbor_step_rate=0.783 | mean_active_neighbors_step=1.891 | max_active_neighbors_step=4 | interaction_reward=0.0000 | abs_interaction_reward=0.0000 | anti_stag_reward=0.0000 | abs_anti_stag_reward=0.0000 | wall_clear_reward=0.0000 | abs_wall_clear_reward=0.0000 | local_nav_reward=0.0000 | abs_local_nav_reward=0.0000 | context_neighbors_mean=1.93 | context_neighbors_max=4 | last_context_neighbors_mean=0.00 | last_context_neighbors_max=0 | actor_unlocked=0 | expl_noise=0.0794 | replay=2737 | interaction_replay=1189 | samples/sec=12.373
Status | epoch=1 | next_eval_in=17263 agent_samples | checkpoint_every=10 episodes | checkpoint=./checkpoints/interaction_safe_distance_from_5a_s20260725_latest.pt | model=interaction_safe_distance_from_5a_s20260725
Episode 36 complete | agent_samples=2815 | env_steps=996 | episode_env_steps=33 | episode_agent_samples=78 | mean_reward=31.094 | success=3/5 | collision=2/5 | mean_final_distance=0.772 | mean_progress=0.0129 | min_laser=0.323 | mean_lin=0.988 | mean_ang=-0.990 | mean_robot_dist=3.504 | raw_reward=20.000 | adjusted_reward=20.000 | coop_agents=0/5 | mean_coop_neighbors=0.00 | active_neighbor_step_rate=0.731 | mean_active_neighbors_step=1.308 | max_active_neighbors_step=4 | interaction_reward=0.0000 | abs_interaction_reward=0.0000 | anti_stag_reward=0.0000 | abs_anti_stag_reward=0.0000 | wall_clear_reward=0.0000 | abs_wall_clear_reward=0.0000 | local_nav_reward=0.0000 | abs_local_nav_reward=0.0000 | context_neighbors_mean=1.33 | context_neighbors_max=4 | last_context_neighbors_mean=0.00 | last_context_neighbors_max=0 | actor_unlocked=0 | expl_noise=0.0794 | replay=2815 | interaction_replay=1197 | samples/sec=12.322
Episode 37 complete | agent_samples=2881 | env_steps=1024 | episode_env_steps=28 | episode_agent_samples=66 | mean_reward=116.821 | success=5/5 | collision=0/5 | mean_final_distance=0.259 | mean_progress=0.0023 | min_laser=0.607 | mean_lin=0.972 | mean_ang=-0.437 | mean_robot_dist=1.379 | raw_reward=20.000 | adjusted_reward=20.000 | coop_agents=0/5 | mean_coop_neighbors=0.00 | active_neighbor_step_rate=0.697 | mean_active_neighbors_step=1.394 | max_active_neighbors_step=4 | interaction_reward=0.0000 | abs_interaction_reward=0.0000 | anti_stag_reward=0.0000 | abs_anti_stag_reward=0.0000 | wall_clear_reward=0.0000 | abs_wall_clear_reward=0.0000 | local_nav_reward=0.0000 | abs_local_nav_reward=0.0000 | context_neighbors_mean=1.47 | context_neighbors_max=4 | last_context_neighbors_mean=0.00 | last_context_neighbors_max=0 | actor_unlocked=0 | expl_noise=0.0794 | replay=2881 | interaction_replay=1242 | samples/sec=12.283
Episode 38 complete | agent_samples=2957 | env_steps=1048 | episode_env_steps=24 | episode_agent_samples=76 | mean_reward=113.947 | success=5/5 | collision=0/5 | mean_final_distance=0.263 | mean_progress=0.0053 | min_laser=0.396 | mean_lin=0.591 | mean_ang=0.229 | mean_robot_dist=1.291 | raw_reward=20.000 | adjusted_reward=20.000 | coop_agents=0/5 | mean_coop_neighbors=0.00 | active_neighbor_step_rate=0.658 | mean_active_neighbors_step=1.487 | max_active_neighbors_step=4 | interaction_reward=0.0000 | abs_interaction_reward=0.0000 | anti_stag_reward=0.0000 | abs_anti_stag_reward=0.0000 | wall_clear_reward=0.0000 | abs_wall_clear_reward=0.0000 | local_nav_reward=0.0000 | abs_local_nav_reward=0.0000 | context_neighbors_mean=1.51 | context_neighbors_max=4 | last_context_neighbors_mean=0.00 | last_context_neighbors_max=0 | actor_unlocked=0 | expl_noise=0.0793 | replay=2957 | interaction_replay=1278 | samples/sec=12.326
Episode 39 complete | agent_samples=3055 | env_steps=1086 | episode_env_steps=38 | episode_agent_samples=98 | mean_reward=117.482 | success=5/5 | collision=0/5 | mean_final_distance=0.252 | mean_progress=0.0155 | min_laser=0.507 | mean_lin=0.996 | mean_ang=0.144 | mean_robot_dist=2.819 | raw_reward=20.000 | adjusted_reward=20.000 | coop_agents=0/5 | mean_coop_neighbors=0.00 | active_neighbor_step_rate=0.429 | mean_active_neighbors_step=1.061 | max_active_neighbors_step=4 | interaction_reward=0.0000 | abs_interaction_reward=0.0000 | anti_stag_reward=0.0000 | abs_anti_stag_reward=0.0000 | wall_clear_reward=0.0000 | abs_wall_clear_reward=0.0000 | local_nav_reward=0.0000 | abs_local_nav_reward=0.0000 | context_neighbors_mean=1.10 | context_neighbors_max=4 | last_context_neighbors_mean=0.00 | last_context_neighbors_max=0 | actor_unlocked=0 | expl_noise=0.0793 | replay=3055 | interaction_replay=1320 | samples/sec=12.313
Episode 40 complete | agent_samples=3184 | env_steps=1125 | episode_env_steps=39 | episode_agent_samples=129 | mean_reward=137.039 | success=5/5 | collision=0/5 | mean_final_distance=0.256 | mean_progress=0.0019 | min_laser=0.501 | mean_lin=0.800 | mean_ang=-0.590 | mean_robot_dist=1.257 | raw_reward=20.000 | adjusted_reward=20.000 | coop_agents=0/5 | mean_coop_neighbors=0.00 | active_neighbor_step_rate=0.674 | mean_active_neighbors_step=1.705 | max_active_neighbors_step=4 | interaction_reward=0.0000 | abs_interaction_reward=0.0000 | anti_stag_reward=0.0000 | abs_anti_stag_reward=0.0000 | wall_clear_reward=0.0000 | abs_wall_clear_reward=0.0000 | local_nav_reward=0.0000 | abs_local_nav_reward=0.0000 | context_neighbors_mean=1.71 | context_neighbors_max=4 | last_context_neighbors_mean=0.00 | last_context_neighbors_max=0 | actor_unlocked=0 | expl_noise=0.0793 | replay=3184 | interaction_replay=1374 | samples/sec=12.406
Status | epoch=1 | next_eval_in=16816 agent_samples | checkpoint_every=10 episodes | checkpoint=./checkpoints/interaction_safe_distance_from_5a_s20260725_latest.pt | model=interaction_safe_distance_from_5a_s20260725
Checkpoint saved: ./checkpoints/interaction_safe_distance_from_5a_s20260725_latest.pt
Episode 41 complete | agent_samples=3294 | env_steps=1155 | episode_env_steps=30 | episode_agent_samples=110 | mean_reward=80.087 | success=4/5 | collision=1/5 | mean_final_distance=0.454 | mean_progress=0.0220 | min_laser=0.349 | mean_lin=0.992 | mean_ang=0.065 | mean_robot_dist=1.409 | raw_reward=-20.000 | adjusted_reward=-20.000 | coop_agents=0/5 | mean_coop_neighbors=0.00 | active_neighbor_step_rate=0.891 | mean_active_neighbors_step=2.182 | max_active_neighbors_step=4 | interaction_reward=0.0000 | abs_interaction_reward=0.0000 | anti_stag_reward=0.0000 | abs_anti_stag_reward=0.0000 | wall_clear_reward=0.0000 | abs_wall_clear_reward=0.0000 | local_nav_reward=0.0000 | abs_local_nav_reward=0.0000 | context_neighbors_mean=2.19 | context_neighbors_max=4 | last_context_neighbors_mean=0.00 | last_context_neighbors_max=0 | actor_unlocked=0 | expl_noise=0.0793 | replay=3294 | interaction_replay=1413 | samples/sec=12.501
Episode 42 complete | agent_samples=3362 | env_steps=1176 | episode_env_steps=21 | episode_agent_samples=68 | mean_reward=128.465 | success=5/5 | collision=0/5 | mean_final_distance=0.254 | mean_progress=0.0219 | min_laser=0.618 | mean_lin=0.800 | mean_ang=-0.594 | mean_robot_dist=1.290 | raw_reward=20.000 | adjusted_reward=20.000 | coop_agents=0/5 | mean_coop_neighbors=0.00 | active_neighbor_step_rate=0.632 | mean_active_neighbors_step=1.603 | max_active_neighbors_step=4 | interaction_reward=0.0000 | abs_interaction_reward=0.0000 | anti_stag_reward=0.0000 | abs_anti_stag_reward=0.0000 | wall_clear_reward=0.0000 | abs_wall_clear_reward=0.0000 | local_nav_reward=0.0000 | abs_local_nav_reward=0.0000 | context_neighbors_mean=1.69 | context_neighbors_max=4 | last_context_neighbors_mean=0.00 | last_context_neighbors_max=0 | actor_unlocked=0 | expl_noise=0.0793 | replay=3362 | interaction_replay=1458 | samples/sec=12.535
Episode 43 complete | agent_samples=3460 | env_steps=1216 | episode_env_steps=40 | episode_agent_samples=98 | mean_reward=122.959 | success=5/5 | collision=0/5 | mean_final_distance=0.269 | mean_progress=0.0168 | min_laser=0.553 | mean_lin=0.801 | mean_ang=0.199 | mean_robot_dist=1.854 | raw_reward=20.000 | adjusted_reward=20.000 | coop_agents=0/5 | mean_coop_neighbors=0.00 | active_neighbor_step_rate=0.439 | mean_active_neighbors_step=0.827 | max_active_neighbors_step=4 | interaction_reward=0.0000 | abs_interaction_reward=0.0000 | anti_stag_reward=0.0000 | abs_anti_stag_reward=0.0000 | wall_clear_reward=0.0000 | abs_wall_clear_reward=0.0000 | local_nav_reward=0.0000 | abs_local_nav_reward=0.0000 | context_neighbors_mean=0.86 | context_neighbors_max=4 | last_context_neighbors_mean=0.00 | last_context_neighbors_max=0 | actor_unlocked=0 | expl_noise=0.0792 | replay=3460 | interaction_replay=1478 | samples/sec=12.495
Episode 44 complete | agent_samples=3584 | env_steps=1289 | episode_env_steps=73 | episode_agent_samples=124 | mean_reward=23.791 | success=3/5 | collision=2/5 | mean_final_distance=0.528 | mean_progress=0.0094 | min_laser=0.300 | mean_lin=0.992 | mean_ang=0.253 | mean_robot_dist=1.576 | raw_reward=20.000 | adjusted_reward=20.000 | coop_agents=0/5 | mean_coop_neighbors=0.00 | active_neighbor_step_rate=0.411 | mean_active_neighbors_step=0.653 | max_active_neighbors_step=3 | interaction_reward=0.0000 | abs_interaction_reward=0.0000 | anti_stag_reward=0.0000 | abs_anti_stag_reward=0.0000 | wall_clear_reward=0.0000 | abs_wall_clear_reward=0.0000 | local_nav_reward=0.0000 | abs_local_nav_reward=0.0000 | context_neighbors_mean=0.66 | context_neighbors_max=3 | last_context_neighbors_mean=0.00 | last_context_neighbors_max=0 | actor_unlocked=0 | expl_noise=0.0792 | replay=3584 | interaction_replay=1525 | samples/sec=12.246
Episode 45 complete | agent_samples=3651 | env_steps=1308 | episode_env_steps=19 | episode_agent_samples=67 | mean_reward=123.506 | success=5/5 | collision=0/5 | mean_final_distance=0.234 | mean_progress=0.0242 | min_laser=0.682 | mean_lin=0.998 | mean_ang=0.202 | mean_robot_dist=1.093 | raw_reward=20.000 | adjusted_reward=20.000 | coop_agents=0/5 | mean_coop_neighbors=0.00 | active_neighbor_step_rate=0.776 | mean_active_neighbors_step=1.269 | max_active_neighbors_step=3 | interaction_reward=0.0000 | abs_interaction_reward=0.0000 | anti_stag_reward=0.0000 | abs_anti_stag_reward=0.0000 | wall_clear_reward=0.0000 | abs_wall_clear_reward=0.0000 | local_nav_reward=0.0000 | abs_local_nav_reward=0.0000 | context_neighbors_mean=1.34 | context_neighbors_max=3 | last_context_neighbors_mean=0.00 | last_context_neighbors_max=0 | actor_unlocked=0 | expl_noise=0.0792 | replay=3651 | interaction_replay=1558 | samples/sec=12.294
Status | epoch=1 | next_eval_in=16349 agent_samples | checkpoint_every=10 episodes | checkpoint=./checkpoints/interaction_safe_distance_from_5a_s20260725_latest.pt | model=interaction_safe_distance_from_5a_s20260725
Episode 46 complete | agent_samples=3721 | env_steps=1332 | episode_env_steps=24 | episode_agent_samples=70 | mean_reward=77.807 | success=4/5 | collision=1/5 | mean_final_distance=0.291 | mean_progress=-0.0014 | min_laser=0.335 | mean_lin=0.800 | mean_ang=-0.454 | mean_robot_dist=0.651 | raw_reward=-20.349 | adjusted_reward=-20.349 | coop_agents=0/5 | mean_coop_neighbors=0.00 | active_neighbor_step_rate=0.629 | mean_active_neighbors_step=1.314 | max_active_neighbors_step=4 | interaction_reward=0.0000 | abs_interaction_reward=0.0000 | anti_stag_reward=0.0000 | abs_anti_stag_reward=0.0000 | wall_clear_reward=0.0000 | abs_wall_clear_reward=0.0000 | local_nav_reward=0.0000 | abs_local_nav_reward=0.0000 | context_neighbors_mean=1.36 | context_neighbors_max=4 | last_context_neighbors_mean=0.00 | last_context_neighbors_max=0 | actor_unlocked=0 | expl_noise=0.0792 | replay=3721 | interaction_replay=1604 | samples/sec=12.311
Episode 47 complete | agent_samples=3780 | env_steps=1357 | episode_env_steps=25 | episode_agent_samples=59 | mean_reward=35.798 | success=3/5 | collision=2/5 | mean_final_distance=0.861 | mean_progress=0.0139 | min_laser=0.316 | mean_lin=0.593 | mean_ang=0.223 | mean_robot_dist=1.258 | raw_reward=20.000 | adjusted_reward=20.000 | coop_agents=0/5 | mean_coop_neighbors=0.00 | active_neighbor_step_rate=0.746 | mean_active_neighbors_step=1.559 | max_active_neighbors_step=4 | interaction_reward=0.0000 | abs_interaction_reward=0.0000 | anti_stag_reward=0.0000 | abs_anti_stag_reward=0.0000 | wall_clear_reward=0.0000 | abs_wall_clear_reward=0.0000 | local_nav_reward=0.0000 | abs_local_nav_reward=0.0000 | context_neighbors_mean=1.56 | context_neighbors_max=4 | last_context_neighbors_mean=0.00 | last_context_neighbors_max=0 | actor_unlocked=0 | expl_noise=0.0792 | replay=3780 | interaction_replay=1648 | samples/sec=12.284
Episode 48 complete | agent_samples=3831 | env_steps=1374 | episode_env_steps=17 | episode_agent_samples=51 | mean_reward=27.279 | success=3/5 | collision=2/5 | mean_final_distance=0.996 | mean_progress=0.0101 | min_laser=0.300 | mean_lin=0.592 | mean_ang=-0.257 | mean_robot_dist=2.310 | raw_reward=20.000 | adjusted_reward=20.000 | coop_agents=0/5 | mean_coop_neighbors=0.00 | active_neighbor_step_rate=0.863 | mean_active_neighbors_step=1.922 | max_active_neighbors_step=4 | interaction_reward=0.0000 | abs_interaction_reward=0.0000 | anti_stag_reward=0.0000 | abs_anti_stag_reward=0.0000 | wall_clear_reward=0.0000 | abs_wall_clear_reward=0.0000 | local_nav_reward=0.0000 | abs_local_nav_reward=0.0000 | context_neighbors_mean=1.92 | context_neighbors_max=4 | last_context_neighbors_mean=0.00 | last_context_neighbors_max=0 | actor_unlocked=0 | expl_noise=0.0791 | replay=3831 | interaction_replay=1664 | samples/sec=12.298
Episode 49 complete | agent_samples=3880 | env_steps=1386 | episode_env_steps=12 | episode_agent_samples=49 | mean_reward=30.697 | success=3/5 | collision=2/5 | mean_final_distance=0.414 | mean_progress=0.0224 | min_laser=0.301 | mean_lin=0.839 | mean_ang=0.201 | mean_robot_dist=0.390 | raw_reward=-20.610 | adjusted_reward=-20.610 | coop_agents=0/5 | mean_coop_neighbors=0.00 | active_neighbor_step_rate=0.918 | mean_active_neighbors_step=2.061 | max_active_neighbors_step=4 | interaction_reward=0.0000 | abs_interaction_reward=0.0000 | anti_stag_reward=0.0000 | abs_anti_stag_reward=0.0000 | wall_clear_reward=0.0000 | abs_wall_clear_reward=0.0000 | local_nav_reward=0.0000 | abs_local_nav_reward=0.0000 | context_neighbors_mean=2.12 | context_neighbors_max=4 | last_context_neighbors_mean=0.00 | last_context_neighbors_max=0 | actor_unlocked=0 | expl_noise=0.0791 | replay=3880 | interaction_replay=1710 | samples/sec=12.348
Episode 50 complete | agent_samples=3926 | env_steps=1400 | episode_env_steps=14 | episode_agent_samples=46 | mean_reward=74.275 | success=4/5 | collision=1/5 | mean_final_distance=0.294 | mean_progress=0.0243 | min_laser=0.348 | mean_lin=0.547 | mean_ang=-0.165 | mean_robot_dist=0.949 | raw_reward=19.949 | adjusted_reward=19.949 | coop_agents=0/5 | mean_coop_neighbors=0.00 | active_neighbor_step_rate=0.848 | mean_active_neighbors_step=2.065 | max_active_neighbors_step=4 | interaction_reward=0.0000 | abs_interaction_reward=0.0000 | anti_stag_reward=0.0000 | abs_anti_stag_reward=0.0000 | wall_clear_reward=0.0000 | abs_wall_clear_reward=0.0000 | local_nav_reward=0.0000 | abs_local_nav_reward=0.0000 | context_neighbors_mean=2.11 | context_neighbors_max=4 | last_context_neighbors_mean=0.00 | last_context_neighbors_max=0 | actor_unlocked=0 | expl_noise=0.0791 | replay=3926 | interaction_replay=1745 | samples/sec=12.372
Status | epoch=1 | next_eval_in=16074 agent_samples | checkpoint_every=10 episodes | checkpoint=./checkpoints/interaction_safe_distance_from_5a_s20260725_latest.pt | model=interaction_safe_distance_from_5a_s20260725
Checkpoint saved: ./checkpoints/interaction_safe_distance_from_5a_s20260725_latest.pt
Episode 51 complete | agent_samples=4017 | env_steps=1440 | episode_env_steps=40 | episode_agent_samples=91 | mean_reward=112.222 | success=5/5 | collision=0/5 | mean_final_distance=0.277 | mean_progress=0.0203 | min_laser=0.674 | mean_lin=0.987 | mean_ang=-0.139 | mean_robot_dist=1.297 | raw_reward=20.000 | adjusted_reward=20.000 | coop_agents=0/5 | mean_coop_neighbors=0.00 | active_neighbor_step_rate=0.484 | mean_active_neighbors_step=1.022 | max_active_neighbors_step=4 | interaction_reward=0.0000 | abs_interaction_reward=0.0000 | anti_stag_reward=0.0000 | abs_anti_stag_reward=0.0000 | wall_clear_reward=0.0000 | abs_wall_clear_reward=0.0000 | local_nav_reward=0.0000 | abs_local_nav_reward=0.0000 | context_neighbors_mean=1.02 | context_neighbors_max=4 | last_context_neighbors_mean=0.00 | last_context_neighbors_max=0 | actor_unlocked=0 | expl_noise=0.0791 | replay=4017 | interaction_replay=1779 | samples/sec=12.312
Episode 52 complete | agent_samples=4135 | env_steps=1481 | episode_env_steps=41 | episode_agent_samples=118 | mean_reward=120.948 | success=5/5 | collision=0/5 | mean_final_distance=0.265 | mean_progress=0.0148 | min_laser=0.704 | mean_lin=1.000 | mean_ang=0.198 | mean_robot_dist=1.563 | raw_reward=20.000 | adjusted_reward=20.000 | coop_agents=0/5 | mean_coop_neighbors=0.00 | active_neighbor_step_rate=0.661 | mean_active_neighbors_step=1.636 | max_active_neighbors_step=4 | interaction_reward=0.0000 | abs_interaction_reward=0.0000 | anti_stag_reward=0.0000 | abs_anti_stag_reward=0.0000 | wall_clear_reward=0.0000 | abs_wall_clear_reward=0.0000 | local_nav_reward=0.0000 | abs_local_nav_reward=0.0000 | context_neighbors_mean=1.66 | context_neighbors_max=4 | last_context_neighbors_mean=0.00 | last_context_neighbors_max=0 | actor_unlocked=0 | expl_noise=0.0791 | replay=4135 | interaction_replay=1805 | samples/sec=12.339
Episode 53 complete | agent_samples=4186 | env_steps=1498 | episode_env_steps=17 | episode_agent_samples=51 | mean_reward=115.348 | success=5/5 | collision=0/5 | mean_final_distance=0.231 | mean_progress=0.0238 | min_laser=0.414 | mean_lin=0.999 | mean_ang=0.411 | mean_robot_dist=0.781 | raw_reward=19.781 | adjusted_reward=19.781 | coop_agents=0/5 | mean_coop_neighbors=0.00 | active_neighbor_step_rate=0.745 | mean_active_neighbors_step=1.922 | max_active_neighbors_step=4 | interaction_reward=0.0000 | abs_interaction_reward=0.0000 | anti_stag_reward=0.0000 | abs_anti_stag_reward=0.0000 | wall_clear_reward=0.0000 | abs_wall_clear_reward=0.0000 | local_nav_reward=0.0000 | abs_local_nav_reward=0.0000 | context_neighbors_mean=2.06 | context_neighbors_max=4 | last_context_neighbors_mean=0.00 | last_context_neighbors_max=0 | actor_unlocked=0 | expl_noise=0.0791 | replay=4186 | interaction_replay=1842 | samples/sec=12.354
Episode 54 complete | agent_samples=4266 | env_steps=1544 | episode_env_steps=46 | episode_agent_samples=80 | mean_reward=20.388 | success=3/5 | collision=2/5 | mean_final_distance=0.651 | mean_progress=0.0110 | min_laser=0.300 | mean_lin=1.000 | mean_ang=-0.433 | mean_robot_dist=2.571 | raw_reward=20.000 | adjusted_reward=20.000 | coop_agents=0/5 | mean_coop_neighbors=0.00 | active_neighbor_step_rate=0.487 | mean_active_neighbors_step=0.975 | max_active_neighbors_step=4 | interaction_reward=0.0000 | abs_interaction_reward=0.0000 | anti_stag_reward=0.0000 | abs_anti_stag_reward=0.0000 | wall_clear_reward=0.0000 | abs_wall_clear_reward=0.0000 | local_nav_reward=0.0000 | abs_local_nav_reward=0.0000 | context_neighbors_mean=0.99 | context_neighbors_max=4 | last_context_neighbors_mean=0.00 | last_context_neighbors_max=0 | actor_unlocked=0 | expl_noise=0.0790 | replay=4266 | interaction_replay=1852 | samples/sec=12.235
Episode 55 complete | agent_samples=4431 | env_steps=1599 | episode_env_steps=55 | episode_agent_samples=165 | mean_reward=133.103 | success=5/5 | collision=0/5 | mean_final_distance=0.252 | mean_progress=0.0040 | min_laser=0.466 | mean_lin=0.868 | mean_ang=-0.119 | mean_robot_dist=2.871 | raw_reward=20.000 | adjusted_reward=20.000 | coop_agents=0/5 | mean_coop_neighbors=0.00 | active_neighbor_step_rate=0.733 | mean_active_neighbors_step=2.006 | max_active_neighbors_step=4 | interaction_reward=0.0000 | abs_interaction_reward=0.0000 | anti_stag_reward=0.0000 | abs_anti_stag_reward=0.0000 | wall_clear_reward=0.0000 | abs_wall_clear_reward=0.0000 | local_nav_reward=0.0000 | abs_local_nav_reward=0.0000 | context_neighbors_mean=2.05 | context_neighbors_max=4 | last_context_neighbors_mean=0.00 | last_context_neighbors_max=0 | actor_unlocked=0 | expl_noise=0.0790 | replay=4431 | interaction_replay=1919 | samples/sec=12.289
Status | epoch=1 | next_eval_in=15569 agent_samples | checkpoint_every=10 episodes | checkpoint=./checkpoints/interaction_safe_distance_from_5a_s20260725_latest.pt | model=interaction_safe_distance_from_5a_s20260725
Episode 56 complete | agent_samples=4648 | env_steps=1700 | episode_env_steps=101 | episode_agent_samples=217 | mean_reward=111.662 | success=5/5 | collision=0/5 | mean_final_distance=0.274 | mean_progress=0.0030 | min_laser=0.427 | mean_lin=0.614 | mean_ang=-0.464 | mean_robot_dist=1.061 | raw_reward=20.000 | adjusted_reward=20.000 | coop_agents=0/5 | mean_coop_neighbors=0.00 | active_neighbor_step_rate=0.447 | mean_active_neighbors_step=0.747 | max_active_neighbors_step=4 | interaction_reward=0.0000 | abs_interaction_reward=0.0000 | anti_stag_reward=0.0000 | abs_anti_stag_reward=0.0000 | wall_clear_reward=0.0000 | abs_wall_clear_reward=0.0000 | local_nav_reward=0.0000 | abs_local_nav_reward=0.0000 | context_neighbors_mean=0.76 | context_neighbors_max=4 | last_context_neighbors_mean=0.00 | last_context_neighbors_max=0 | actor_unlocked=0 | expl_noise=0.0789 | replay=4648 | interaction_replay=1944 | samples/sec=12.162
Episode 57 complete | agent_samples=4698 | env_steps=1713 | episode_env_steps=13 | episode_agent_samples=50 | mean_reward=29.516 | success=3/5 | collision=2/5 | mean_final_distance=0.504 | mean_progress=0.0200 | min_laser=0.300 | mean_lin=0.783 | mean_ang=0.591 | mean_robot_dist=1.394 | raw_reward=20.000 | adjusted_reward=20.000 | coop_agents=0/5 | mean_coop_neighbors=0.00 | active_neighbor_step_rate=0.900 | mean_active_neighbors_step=1.880 | max_active_neighbors_step=4 | interaction_reward=0.0000 | abs_interaction_reward=0.0000 | anti_stag_reward=0.0000 | abs_anti_stag_reward=0.0000 | wall_clear_reward=0.0000 | abs_wall_clear_reward=0.0000 | local_nav_reward=0.0000 | abs_local_nav_reward=0.0000 | context_neighbors_mean=1.98 | context_neighbors_max=4 | last_context_neighbors_mean=0.00 | last_context_neighbors_max=0 | actor_unlocked=0 | expl_noise=0.0789 | replay=4698 | interaction_replay=1989 | samples/sec=12.200
Episode 58 complete | agent_samples=4796 | env_steps=1775 | episode_env_steps=62 | episode_agent_samples=98 | mean_reward=27.207 | success=3/5 | collision=2/5 | mean_final_distance=0.608 | mean_progress=0.0035 | min_laser=0.300 | mean_lin=0.963 | mean_ang=-0.581 | mean_robot_dist=2.055 | raw_reward=20.000 | adjusted_reward=20.000 | coop_agents=0/5 | mean_coop_neighbors=0.00 | active_neighbor_step_rate=0.408 | mean_active_neighbors_step=0.969 | max_active_neighbors_step=4 | interaction_reward=0.0000 | abs_interaction_reward=0.0000 | anti_stag_reward=0.0000 | abs_anti_stag_reward=0.0000 | wall_clear_reward=0.0000 | abs_wall_clear_reward=0.0000 | local_nav_reward=0.0000 | abs_local_nav_reward=0.0000 | context_neighbors_mean=1.02 | context_neighbors_max=4 | last_context_neighbors_mean=0.00 | last_context_neighbors_max=0 | actor_unlocked=0 | expl_noise=0.0789 | replay=4796 | interaction_replay=2029 | samples/sec=12.038
Episode 59 complete | agent_samples=4854 | env_steps=1790 | episode_env_steps=15 | episode_agent_samples=58 | mean_reward=116.427 | success=5/5 | collision=0/5 | mean_final_distance=0.276 | mean_progress=0.0092 | min_laser=0.848 | mean_lin=0.987 | mean_ang=0.111 | mean_robot_dist=0.994 | raw_reward=19.994 | adjusted_reward=19.994 | coop_agents=0/5 | mean_coop_neighbors=0.00 | active_neighbor_step_rate=0.845 | mean_active_neighbors_step=2.000 | max_active_neighbors_step=4 | interaction_reward=0.0000 | abs_interaction_reward=0.0000 | anti_stag_reward=0.0000 | abs_anti_stag_reward=0.0000 | wall_clear_reward=0.0000 | abs_wall_clear_reward=0.0000 | local_nav_reward=0.0000 | abs_local_nav_reward=0.0000 | context_neighbors_mean=2.14 | context_neighbors_max=4 | last_context_neighbors_mean=0.00 | last_context_neighbors_max=0 | actor_unlocked=0 | expl_noise=0.0789 | replay=4854 | interaction_replay=2078 | samples/sec=12.082
Episode 60 complete | agent_samples=4928 | env_steps=1812 | episode_env_steps=22 | episode_agent_samples=74 | mean_reward=80.367 | success=4/5 | collision=1/5 | mean_final_distance=0.483 | mean_progress=0.0246 | min_laser=0.304 | mean_lin=0.991 | mean_ang=0.952 | mean_robot_dist=1.341 | raw_reward=20.000 | adjusted_reward=20.000 | coop_agents=0/5 | mean_coop_neighbors=0.00 | active_neighbor_step_rate=0.527 | mean_active_neighbors_step=1.270 | max_active_neighbors_step=4 | interaction_reward=0.0000 | abs_interaction_reward=0.0000 | anti_stag_reward=0.0000 | abs_anti_stag_reward=0.0000 | wall_clear_reward=0.0000 | abs_wall_clear_reward=0.0000 | local_nav_reward=0.0000 | abs_local_nav_reward=0.0000 | context_neighbors_mean=1.30 | context_neighbors_max=4 | last_context_neighbors_mean=0.00 | last_context_neighbors_max=0 | actor_unlocked=0 | expl_noise=0.0789 | replay=4928 | interaction_replay=2110 | samples/sec=12.118
Status | epoch=1 | next_eval_in=15072 agent_samples | checkpoint_every=10 episodes | checkpoint=./checkpoints/interaction_safe_distance_from_5a_s20260725_latest.pt | model=interaction_safe_distance_from_5a_s20260725
Checkpoint saved: ./checkpoints/interaction_safe_distance_from_5a_s20260725_latest.pt
Episode 61 complete | agent_samples=5050 | env_steps=1888 | episode_env_steps=76 | episode_agent_samples=122 | mean_reward=68.883 | success=4/5 | collision=1/5 | mean_final_distance=0.371 | mean_progress=0.0106 | min_laser=0.312 | mean_lin=0.993 | mean_ang=0.199 | mean_robot_dist=1.926 | raw_reward=20.000 | adjusted_reward=20.000 | coop_agents=0/5 | mean_coop_neighbors=0.00 | active_neighbor_step_rate=0.434 | mean_active_neighbors_step=0.902 | max_active_neighbors_step=4 | interaction_reward=0.0000 | abs_interaction_reward=0.0000 | anti_stag_reward=0.0000 | abs_anti_stag_reward=0.0000 | wall_clear_reward=0.0000 | abs_wall_clear_reward=0.0000 | local_nav_reward=0.0000 | abs_local_nav_reward=0.0000 | context_neighbors_mean=0.93 | context_neighbors_max=4 | last_context_neighbors_mean=0.00 | last_context_neighbors_max=0 | actor_unlocked=0 | expl_noise=0.0788 | replay=5050 | interaction_replay=2122 | samples/sec=11.932
Episode 62 complete | agent_samples=5100 | env_steps=1900 | episode_env_steps=12 | episode_agent_samples=50 | mean_reward=61.945 | success=4/5 | collision=1/5 | mean_final_distance=0.436 | mean_progress=0.0372 | min_laser=0.326 | mean_lin=0.978 | mean_ang=0.210 | mean_robot_dist=0.866 | raw_reward=-0.410 | adjusted_reward=-8.492 | coop_agents=1/5 | mean_coop_neighbors=0.20 | active_neighbor_step_rate=0.960 | mean_active_neighbors_step=2.160 | max_active_neighbors_step=4 | interaction_reward=0.0000 | abs_interaction_reward=0.0000 | anti_stag_reward=0.0000 | abs_anti_stag_reward=0.0000 | wall_clear_reward=0.0000 | abs_wall_clear_reward=0.0000 | local_nav_reward=0.0000 | abs_local_nav_reward=0.0000 | context_neighbors_mean=2.22 | context_neighbors_max=4 | last_context_neighbors_mean=0.00 | last_context_neighbors_max=0 | actor_unlocked=0 | expl_noise=0.0788 | replay=5100 | interaction_replay=2167 | samples/sec=11.973
Episode 63 complete | agent_samples=5151 | env_steps=1917 | episode_env_steps=17 | episode_agent_samples=51 | mean_reward=110.178 | success=5/5 | collision=0/5 | mean_final_distance=0.245 | mean_progress=0.0029 | min_laser=0.594 | mean_lin=0.892 | mean_ang=-0.187 | mean_robot_dist=0.835 | raw_reward=19.835 | adjusted_reward=19.835 | coop_agents=0/5 | mean_coop_neighbors=0.00 | active_neighbor_step_rate=0.686 | mean_active_neighbors_step=1.980 | max_active_neighbors_step=4 | interaction_reward=0.0000 | abs_interaction_reward=0.0000 | anti_stag_reward=0.0000 | abs_anti_stag_reward=0.0000 | wall_clear_reward=0.0000 | abs_wall_clear_reward=0.0000 | local_nav_reward=0.0000 | abs_local_nav_reward=0.0000 | context_neighbors_mean=2.10 | context_neighbors_max=4 | last_context_neighbors_mean=0.00 | last_context_neighbors_max=0 | actor_unlocked=0 | expl_noise=0.0788 | replay=5151 | interaction_replay=2200 | samples/sec=11.987
Episode 64 complete | agent_samples=5235 | env_steps=1965 | episode_env_steps=48 | episode_agent_samples=84 | mean_reward=69.726 | success=4/5 | collision=1/5 | mean_final_distance=0.514 | mean_progress=0.0194 | min_laser=0.313 | mean_lin=0.798 | mean_ang=-0.039 | mean_robot_dist=1.712 | raw_reward=20.000 | adjusted_reward=20.000 | coop_agents=0/5 | mean_coop_neighbors=0.00 | active_neighbor_step_rate=0.548 | mean_active_neighbors_step=1.202 | max_active_neighbors_step=4 | interaction_reward=0.0000 | abs_interaction_reward=0.0000 | anti_stag_reward=0.0000 | abs_anti_stag_reward=0.0000 | wall_clear_reward=0.0000 | abs_wall_clear_reward=0.0000 | local_nav_reward=0.0000 | abs_local_nav_reward=0.0000 | context_neighbors_mean=1.18 | context_neighbors_max=4 | last_context_neighbors_mean=0.00 | last_context_neighbors_max=0 | actor_unlocked=0 | expl_noise=0.0788 | replay=5235 | interaction_replay=2208 | samples/sec=11.894
Episode 65 complete | agent_samples=5288 | env_steps=1985 | episode_env_steps=20 | episode_agent_samples=53 | mean_reward=75.742 | success=4/5 | collision=1/5 | mean_final_distance=0.478 | mean_progress=0.0058 | min_laser=0.336 | mean_lin=0.786 | mean_ang=-0.200 | mean_robot_dist=1.430 | raw_reward=20.000 | adjusted_reward=20.000 | coop_agents=0/5 | mean_coop_neighbors=0.00 | active_neighbor_step_rate=0.623 | mean_active_neighbors_step=1.604 | max_active_neighbors_step=4 | interaction_reward=0.0000 | abs_interaction_reward=0.0000 | anti_stag_reward=0.0000 | abs_anti_stag_reward=0.0000 | wall_clear_reward=0.0000 | abs_wall_clear_reward=0.0000 | local_nav_reward=0.0000 | abs_local_nav_reward=0.0000 | context_neighbors_mean=1.64 | context_neighbors_max=4 | last_context_neighbors_mean=0.00 | last_context_neighbors_max=0 | actor_unlocked=0 | expl_noise=0.0788 | replay=5288 | interaction_replay=2238 | samples/sec=11.896
Status | epoch=1 | next_eval_in=14712 agent_samples | checkpoint_every=10 episodes | checkpoint=./checkpoints/interaction_safe_distance_from_5a_s20260725_latest.pt | model=interaction_safe_distance_from_5a_s20260725
Episode 66 complete | agent_samples=5368 | env_steps=2017 | episode_env_steps=32 | episode_agent_samples=80 | mean_reward=38.875 | success=3/5 | collision=2/5 | mean_final_distance=0.507 | mean_progress=0.0099 | min_laser=0.301 | mean_lin=0.786 | mean_ang=-0.213 | mean_robot_dist=1.942 | raw_reward=20.000 | adjusted_reward=20.000 | coop_agents=0/5 | mean_coop_neighbors=0.00 | active_neighbor_step_rate=0.675 | mean_active_neighbors_step=1.575 | max_active_neighbors_step=4 | interaction_reward=0.0000 | abs_interaction_reward=0.0000 | anti_stag_reward=0.0000 | abs_anti_stag_reward=0.0000 | wall_clear_reward=0.0000 | abs_wall_clear_reward=0.0000 | local_nav_reward=0.0000 | abs_local_nav_reward=0.0000 | context_neighbors_mean=1.61 | context_neighbors_max=4 | last_context_neighbors_mean=0.00 | last_context_neighbors_max=0 | actor_unlocked=0 | expl_noise=0.0787 | replay=5368 | interaction_replay=2267 | samples/sec=11.891
Episode 67 complete | agent_samples=5441 | env_steps=2037 | episode_env_steps=20 | episode_agent_samples=73 | mean_reward=114.666 | success=5/5 | collision=0/5 | mean_final_distance=0.274 | mean_progress=0.0125 | min_laser=0.519 | mean_lin=0.803 | mean_ang=-0.575 | mean_robot_dist=1.182 | raw_reward=20.000 | adjusted_reward=20.000 | coop_agents=0/5 | mean_coop_neighbors=0.00 | active_neighbor_step_rate=0.740 | mean_active_neighbors_step=1.260 | max_active_neighbors_step=4 | interaction_reward=0.0000 | abs_interaction_reward=0.0000 | anti_stag_reward=0.0000 | abs_anti_stag_reward=0.0000 | wall_clear_reward=0.0000 | abs_wall_clear_reward=0.0000 | local_nav_reward=0.0000 | abs_local_nav_reward=0.0000 | context_neighbors_mean=1.32 | context_neighbors_max=4 | last_context_neighbors_mean=0.00 | last_context_neighbors_max=0 | actor_unlocked=0 | expl_noise=0.0787 | replay=5441 | interaction_replay=2316 | samples/sec=11.937
Episode 68 complete | agent_samples=5475 | env_steps=2046 | episode_env_steps=9 | episode_agent_samples=34 | mean_reward=32.942 | success=3/5 | collision=2/5 | mean_final_distance=0.832 | mean_progress=0.0268 | min_laser=0.328 | mean_lin=0.780 | mean_ang=-0.185 | mean_robot_dist=1.252 | raw_reward=20.000 | adjusted_reward=20.000 | coop_agents=0/5 | mean_coop_neighbors=0.00 | active_neighbor_step_rate=0.794 | mean_active_neighbors_step=2.000 | max_active_neighbors_step=4 | interaction_reward=0.0000 | abs_interaction_reward=0.0000 | anti_stag_reward=0.0000 | abs_anti_stag_reward=0.0000 | wall_clear_reward=0.0000 | abs_wall_clear_reward=0.0000 | local_nav_reward=0.0000 | abs_local_nav_reward=0.0000 | context_neighbors_mean=2.06 | context_neighbors_max=4 | last_context_neighbors_mean=0.00 | last_context_neighbors_max=0 | actor_unlocked=0 | expl_noise=0.0787 | replay=5475 | interaction_replay=2342 | samples/sec=11.958
Episode 69 complete | agent_samples=5550 | env_steps=2074 | episode_env_steps=28 | episode_agent_samples=75 | mean_reward=121.394 | success=5/5 | collision=0/5 | mean_final_distance=0.231 | mean_progress=0.0238 | min_laser=0.623 | mean_lin=1.000 | mean_ang=0.603 | mean_robot_dist=1.355 | raw_reward=20.000 | adjusted_reward=20.000 | coop_agents=0/5 | mean_coop_neighbors=0.00 | active_neighbor_step_rate=0.773 | mean_active_neighbors_step=2.000 | max_active_neighbors_step=4 | interaction_reward=0.0000 | abs_interaction_reward=0.0000 | anti_stag_reward=0.0000 | abs_anti_stag_reward=0.0000 | wall_clear_reward=0.0000 | abs_wall_clear_reward=0.0000 | local_nav_reward=0.0000 | abs_local_nav_reward=0.0000 | context_neighbors_mean=2.03 | context_neighbors_max=4 | last_context_neighbors_mean=0.00 | last_context_neighbors_max=0 | actor_unlocked=0 | expl_noise=0.0787 | replay=5550 | interaction_replay=2355 | samples/sec=11.961
Episode 70 complete | agent_samples=5632 | env_steps=2095 | episode_env_steps=21 | episode_agent_samples=82 | mean_reward=36.798 | success=3/5 | collision=2/5 | mean_final_distance=0.496 | mean_progress=0.0197 | min_laser=0.313 | mean_lin=0.797 | mean_ang=-0.343 | mean_robot_dist=1.717 | raw_reward=20.000 | adjusted_reward=20.000 | coop_agents=0/5 | mean_coop_neighbors=0.00 | active_neighbor_step_rate=0.963 | mean_active_neighbors_step=2.512 | max_active_neighbors_step=4 | interaction_reward=0.0000 | abs_interaction_reward=0.0000 | anti_stag_reward=0.0000 | abs_anti_stag_reward=0.0000 | wall_clear_reward=0.0000 | abs_wall_clear_reward=0.0000 | local_nav_reward=0.0000 | abs_local_nav_reward=0.0000 | context_neighbors_mean=2.56 | context_neighbors_max=4 | last_context_neighbors_mean=0.00 | last_context_neighbors_max=0 | actor_unlocked=0 | expl_noise=0.0787 | replay=5632 | interaction_replay=2381 | samples/sec=12.019
Status | epoch=1 | next_eval_in=14368 agent_samples | checkpoint_every=10 episodes | checkpoint=./checkpoints/interaction_safe_distance_from_5a_s20260725_latest.pt | model=interaction_safe_distance_from_5a_s20260725
Checkpoint saved: ./checkpoints/interaction_safe_distance_from_5a_s20260725_latest.pt
Episode 71 complete | agent_samples=5785 | env_steps=2204 | episode_env_steps=109 | episode_agent_samples=153 | mean_reward=119.759 | success=5/5 | collision=0/5 | mean_final_distance=0.248 | mean_progress=0.0132 | min_laser=0.593 | mean_lin=1.000 | mean_ang=0.248 | mean_robot_dist=1.524 | raw_reward=20.000 | adjusted_reward=20.000 | coop_agents=0/5 | mean_coop_neighbors=0.00 | active_neighbor_step_rate=0.222 | mean_active_neighbors_step=0.556 | max_active_neighbors_step=3 | interaction_reward=0.0000 | abs_interaction_reward=0.0000 | anti_stag_reward=0.0000 | abs_anti_stag_reward=0.0000 | wall_clear_reward=0.0000 | abs_wall_clear_reward=0.0000 | local_nav_reward=0.0000 | abs_local_nav_reward=0.0000 | context_neighbors_mean=0.58 | context_neighbors_max=3 | last_context_neighbors_mean=0.00 | last_context_neighbors_max=0 | actor_unlocked=0 | expl_noise=0.0786 | replay=5785 | interaction_replay=2400 | samples/sec=11.753
Episode 72 complete | agent_samples=5862 | env_steps=2230 | episode_env_steps=26 | episode_agent_samples=77 | mean_reward=114.559 | success=5/5 | collision=0/5 | mean_final_distance=0.256 | mean_progress=0.0193 | min_laser=0.380 | mean_lin=0.983 | mean_ang=-0.595 | mean_robot_dist=1.327 | raw_reward=20.000 | adjusted_reward=20.000 | coop_agents=0/5 | mean_coop_neighbors=0.00 | active_neighbor_step_rate=0.766 | mean_active_neighbors_step=2.143 | max_active_neighbors_step=4 | interaction_reward=0.0000 | abs_interaction_reward=0.0000 | anti_stag_reward=0.0000 | abs_anti_stag_reward=0.0000 | wall_clear_reward=0.0000 | abs_wall_clear_reward=0.0000 | local_nav_reward=0.0000 | abs_local_nav_reward=0.0000 | context_neighbors_mean=2.18 | context_neighbors_max=4 | last_context_neighbors_mean=0.00 | last_context_neighbors_max=0 | actor_unlocked=0 | expl_noise=0.0786 | replay=5862 | interaction_replay=2428 | samples/sec=11.773
Episode 73 complete | agent_samples=5914 | env_steps=2245 | episode_env_steps=15 | episode_agent_samples=52 | mean_reward=59.844 | success=4/5 | collision=1/5 | mean_final_distance=0.614 | mean_progress=0.0115 | min_laser=0.332 | mean_lin=0.802 | mean_ang=0.192 | mean_robot_dist=0.976 | raw_reward=19.976 | adjusted_reward=19.976 | coop_agents=0/5 | mean_coop_neighbors=0.00 | active_neighbor_step_rate=0.865 | mean_active_neighbors_step=2.673 | max_active_neighbors_step=4 | interaction_reward=0.0000 | abs_interaction_reward=0.0000 | anti_stag_reward=0.0000 | abs_anti_stag_reward=0.0000 | wall_clear_reward=0.0000 | abs_wall_clear_reward=0.0000 | local_nav_reward=0.0000 | abs_local_nav_reward=0.0000 | context_neighbors_mean=2.69 | context_neighbors_max=4 | last_context_neighbors_mean=0.00 | last_context_neighbors_max=0 | actor_unlocked=0 | expl_noise=0.0786 | replay=5914 | interaction_replay=2442 | samples/sec=11.799
Episode 74 complete | agent_samples=5988 | env_steps=2267 | episode_env_steps=22 | episode_agent_samples=74 | mean_reward=123.390 | success=5/5 | collision=0/5 | mean_final_distance=0.256 | mean_progress=0.0136 | min_laser=0.554 | mean_lin=1.000 | mean_ang=-0.438 | mean_robot_dist=1.708 | raw_reward=20.000 | adjusted_reward=20.000 | coop_agents=0/5 | mean_coop_neighbors=0.00 | active_neighbor_step_rate=0.703 | mean_active_neighbors_step=1.757 | max_active_neighbors_step=4 | interaction_reward=0.0000 | abs_interaction_reward=0.0000 | anti_stag_reward=0.0000 | abs_anti_stag_reward=0.0000 | wall_clear_reward=0.0000 | abs_wall_clear_reward=0.0000 | local_nav_reward=0.0000 | abs_local_nav_reward=0.0000 | context_neighbors_mean=1.84 | context_neighbors_max=4 | last_context_neighbors_mean=0.00 | last_context_neighbors_max=0 | actor_unlocked=0 | expl_noise=0.0786 | replay=5988 | interaction_replay=2481 | samples/sec=11.833
Episode 75 complete | agent_samples=6086 | env_steps=2305 | episode_env_steps=38 | episode_agent_samples=98 | mean_reward=125.175 | success=5/5 | collision=0/5 | mean_final_distance=0.245 | mean_progress=0.0189 | min_laser=0.452 | mean_lin=0.978 | mean_ang=0.123 | mean_robot_dist=1.951 | raw_reward=20.000 | adjusted_reward=20.000 | coop_agents=0/5 | mean_coop_neighbors=0.00 | active_neighbor_step_rate=0.612 | mean_active_neighbors_step=1.592 | max_active_neighbors_step=4 | interaction_reward=0.0000 | abs_interaction_reward=0.0000 | anti_stag_reward=0.0000 | abs_anti_stag_reward=0.0000 | wall_clear_reward=0.0000 | abs_wall_clear_reward=0.0000 | local_nav_reward=0.0000 | abs_local_nav_reward=0.0000 | context_neighbors_mean=1.62 | context_neighbors_max=4 | last_context_neighbors_mean=0.00 | last_context_neighbors_max=0 | actor_unlocked=0 | expl_noise=0.0786 | replay=6086 | interaction_replay=2507 | samples/sec=11.832
Status | epoch=1 | next_eval_in=13914 agent_samples | checkpoint_every=10 episodes | checkpoint=./checkpoints/interaction_safe_distance_from_5a_s20260725_latest.pt | model=interaction_safe_distance_from_5a_s20260725
Episode 76 complete | agent_samples=6183 | env_steps=2337 | episode_env_steps=32 | episode_agent_samples=97 | mean_reward=126.815 | success=5/5 | collision=0/5 | mean_final_distance=0.231 | mean_progress=0.0189 | min_laser=0.470 | mean_lin=0.992 | mean_ang=0.033 | mean_robot_dist=1.552 | raw_reward=20.000 | adjusted_reward=20.000 | coop_agents=0/5 | mean_coop_neighbors=0.00 | active_neighbor_step_rate=0.845 | mean_active_neighbors_step=2.062 | max_active_neighbors_step=4 | interaction_reward=0.0000 | abs_interaction_reward=0.0000 | anti_stag_reward=0.0000 | abs_anti_stag_reward=0.0000 | wall_clear_reward=0.0000 | abs_wall_clear_reward=0.0000 | local_nav_reward=0.0000 | abs_local_nav_reward=0.0000 | context_neighbors_mean=2.09 | context_neighbors_max=4 | last_context_neighbors_mean=0.00 | last_context_neighbors_max=0 | actor_unlocked=0 | expl_noise=0.0785 | replay=6183 | interaction_replay=2516 | samples/sec=11.859
Episode 77 complete | agent_samples=6227 | env_steps=2347 | episode_env_steps=10 | episode_agent_samples=44 | mean_reward=34.741 | success=3/5 | collision=2/5 | mean_final_distance=0.344 | mean_progress=0.0234 | min_laser=0.300 | mean_lin=1.000 | mean_ang=0.094 | mean_robot_dist=0.440 | raw_reward=-20.560 | adjusted_reward=-20.560 | coop_agents=0/5 | mean_coop_neighbors=0.00 | active_neighbor_step_rate=0.841 | mean_active_neighbors_step=2.386 | max_active_neighbors_step=4 | interaction_reward=0.0000 | abs_interaction_reward=0.0000 | anti_stag_reward=0.0000 | abs_anti_stag_reward=0.0000 | wall_clear_reward=0.0000 | abs_wall_clear_reward=0.0000 | local_nav_reward=0.0000 | abs_local_nav_reward=0.0000 | context_neighbors_mean=2.43 | context_neighbors_max=4 | last_context_neighbors_mean=0.00 | last_context_neighbors_max=0 | actor_unlocked=0 | expl_noise=0.0785 | replay=6227 | interaction_replay=2554 | samples/sec=11.892
Episode 78 complete | agent_samples=6299 | env_steps=2394 | episode_env_steps=47 | episode_agent_samples=72 | mean_reward=16.680 | success=3/5 | collision=2/5 | mean_final_distance=0.577 | mean_progress=0.0053 | min_laser=0.301 | mean_lin=0.798 | mean_ang=-0.586 | mean_robot_dist=0.917 | raw_reward=19.917 | adjusted_reward=19.917 | coop_agents=0/5 | mean_coop_neighbors=0.00 | active_neighbor_step_rate=0.375 | mean_active_neighbors_step=0.917 | max_active_neighbors_step=4 | interaction_reward=0.0000 | abs_interaction_reward=0.0000 | anti_stag_reward=0.0000 | abs_anti_stag_reward=0.0000 | wall_clear_reward=0.0000 | abs_wall_clear_reward=0.0000 | local_nav_reward=0.0000 | abs_local_nav_reward=0.0000 | context_neighbors_mean=0.97 | context_neighbors_max=4 | last_context_neighbors_mean=0.00 | last_context_neighbors_max=0 | actor_unlocked=0 | expl_noise=0.0785 | replay=6299 | interaction_replay=2581 | samples/sec=11.801
Episode 79 complete | agent_samples=6381 | env_steps=2424 | episode_env_steps=30 | episode_agent_samples=82 | mean_reward=125.677 | success=5/5 | collision=0/5 | mean_final_distance=0.233 | mean_progress=0.0231 | min_laser=0.512 | mean_lin=1.000 | mean_ang=-0.392 | mean_robot_dist=1.812 | raw_reward=20.000 | adjusted_reward=20.000 | coop_agents=0/5 | mean_coop_neighbors=0.00 | active_neighbor_step_rate=0.537 | mean_active_neighbors_step=1.122 | max_active_neighbors_step=4 | interaction_reward=0.0000 | abs_interaction_reward=0.0000 | anti_stag_reward=0.0000 | abs_anti_stag_reward=0.0000 | wall_clear_reward=0.0000 | abs_wall_clear_reward=0.0000 | local_nav_reward=0.0000 | abs_local_nav_reward=0.0000 | context_neighbors_mean=1.17 | context_neighbors_max=4 | last_context_neighbors_mean=0.00 | last_context_neighbors_max=0 | actor_unlocked=0 | expl_noise=0.0785 | replay=6381 | interaction_replay=2608 | samples/sec=11.808
Episode 80 complete | agent_samples=6430 | env_steps=2436 | episode_env_steps=12 | episode_agent_samples=49 | mean_reward=71.285 | success=4/5 | collision=1/5 | mean_final_distance=0.471 | mean_progress=0.0105 | min_laser=0.301 | mean_lin=0.811 | mean_ang=0.336 | mean_robot_dist=1.824 | raw_reward=20.000 | adjusted_reward=20.000 | coop_agents=0/5 | mean_coop_neighbors=0.00 | active_neighbor_step_rate=0.796 | mean_active_neighbors_step=1.735 | max_active_neighbors_step=4 | interaction_reward=0.0000 | abs_interaction_reward=0.0000 | anti_stag_reward=0.0000 | abs_anti_stag_reward=0.0000 | wall_clear_reward=0.0000 | abs_wall_clear_reward=0.0000 | local_nav_reward=0.0000 | abs_local_nav_reward=0.0000 | context_neighbors_mean=1.86 | context_neighbors_max=4 | last_context_neighbors_mean=0.00 | last_context_neighbors_max=0 | actor_unlocked=0 | expl_noise=0.0785 | replay=6430 | interaction_replay=2649 | samples/sec=11.840
Status | epoch=1 | next_eval_in=13570 agent_samples | checkpoint_every=10 episodes | checkpoint=./checkpoints/interaction_safe_distance_from_5a_s20260725_latest.pt | model=interaction_safe_distance_from_5a_s20260725
Checkpoint saved: ./checkpoints/interaction_safe_distance_from_5a_s20260725_latest.pt
Episode 81 complete | agent_samples=6487 | env_steps=2457 | episode_env_steps=21 | episode_agent_samples=57 | mean_reward=34.330 | success=3/5 | collision=2/5 | mean_final_distance=0.888 | mean_progress=0.0066 | min_laser=0.318 | mean_lin=0.929 | mean_ang=0.186 | mean_robot_dist=1.596 | raw_reward=20.000 | adjusted_reward=20.000 | coop_agents=0/5 | mean_coop_neighbors=0.00 | active_neighbor_step_rate=0.702 | mean_active_neighbors_step=1.526 | max_active_neighbors_step=4 | interaction_reward=0.0000 | abs_interaction_reward=0.0000 | anti_stag_reward=0.0000 | abs_anti_stag_reward=0.0000 | wall_clear_reward=0.0000 | abs_wall_clear_reward=0.0000 | local_nav_reward=0.0000 | abs_local_nav_reward=0.0000 | context_neighbors_mean=1.60 | context_neighbors_max=4 | last_context_neighbors_mean=0.00 | last_context_neighbors_max=0 | actor_unlocked=0 | expl_noise=0.0785 | replay=6487 | interaction_replay=2672 | samples/sec=11.840
Episode 82 complete | agent_samples=6535 | env_steps=2472 | episode_env_steps=15 | episode_agent_samples=48 | mean_reward=115.186 | success=5/5 | collision=0/5 | mean_final_distance=0.264 | mean_progress=0.0228 | min_laser=0.589 | mean_lin=0.790 | mean_ang=0.597 | mean_robot_dist=0.779 | raw_reward=19.779 | adjusted_reward=19.779 | coop_agents=0/5 | mean_coop_neighbors=0.00 | active_neighbor_step_rate=0.833 | mean_active_neighbors_step=2.188 | max_active_neighbors_step=4 | interaction_reward=0.0000 | abs_interaction_reward=0.0000 | anti_stag_reward=0.0000 | abs_anti_stag_reward=0.0000 | wall_clear_reward=0.0000 | abs_wall_clear_reward=0.0000 | local_nav_reward=0.0000 | abs_local_nav_reward=0.0000 | context_neighbors_mean=2.23 | context_neighbors_max=4 | last_context_neighbors_mean=0.00 | last_context_neighbors_max=0 | actor_unlocked=0 | expl_noise=0.0785 | replay=6535 | interaction_replay=2712 | samples/sec=11.856
Episode 83 complete | agent_samples=6605 | env_steps=2502 | episode_env_steps=30 | episode_agent_samples=70 | mean_reward=33.565 | success=3/5 | collision=2/5 | mean_final_distance=0.785 | mean_progress=0.0120 | min_laser=0.320 | mean_lin=0.442 | mean_ang=-0.173 | mean_robot_dist=1.971 | raw_reward=20.000 | adjusted_reward=20.000 | coop_agents=0/5 | mean_coop_neighbors=0.00 | active_neighbor_step_rate=0.871 | mean_active_neighbors_step=1.629 | max_active_neighbors_step=4 | interaction_reward=0.0000 | abs_interaction_reward=0.0000 | anti_stag_reward=0.0000 | abs_anti_stag_reward=0.0000 | wall_clear_reward=0.0000 | abs_wall_clear_reward=0.0000 | local_nav_reward=0.0000 | abs_local_nav_reward=0.0000 | context_neighbors_mean=1.63 | context_neighbors_max=4 | last_context_neighbors_mean=0.00 | last_context_neighbors_max=0 | actor_unlocked=0 | expl_noise=0.0784 | replay=6605 | interaction_replay=2722 | samples/sec=11.843
Episode 84 complete | agent_samples=6664 | env_steps=2521 | episode_env_steps=19 | episode_agent_samples=59 | mean_reward=118.643 | success=5/5 | collision=0/5 | mean_final_distance=0.256 | mean_progress=0.0260 | min_laser=0.484 | mean_lin=0.982 | mean_ang=-0.039 | mean_robot_dist=1.281 | raw_reward=20.000 | adjusted_reward=20.000 | coop_agents=0/5 | mean_coop_neighbors=0.00 | active_neighbor_step_rate=0.644 | mean_active_neighbors_step=1.576 | max_active_neighbors_step=4 | interaction_reward=0.0000 | abs_interaction_reward=0.0000 | anti_stag_reward=0.0000 | abs_anti_stag_reward=0.0000 | wall_clear_reward=0.0000 | abs_wall_clear_reward=0.0000 | local_nav_reward=0.0000 | abs_local_nav_reward=0.0000 | context_neighbors_mean=1.69 | context_neighbors_max=4 | last_context_neighbors_mean=0.00 | last_context_neighbors_max=0 | actor_unlocked=0 | expl_noise=0.0784 | replay=6664 | interaction_replay=2761 | samples/sec=11.859
Episode 85 complete | agent_samples=6760 | env_steps=2549 | episode_env_steps=28 | episode_agent_samples=96 | mean_reward=135.037 | success=5/5 | collision=0/5 | mean_final_distance=0.258 | mean_progress=0.0141 | min_laser=0.365 | mean_lin=0.992 | mean_ang=-0.600 | mean_robot_dist=2.377 | raw_reward=20.000 | adjusted_reward=20.000 | coop_agents=0/5 | mean_coop_neighbors=0.00 | active_neighbor_step_rate=0.771 | mean_active_neighbors_step=1.740 | max_active_neighbors_step=4 | interaction_reward=0.0000 | abs_interaction_reward=0.0000 | anti_stag_reward=0.0000 | abs_anti_stag_reward=0.0000 | wall_clear_reward=0.0000 | abs_wall_clear_reward=0.0000 | local_nav_reward=0.0000 | abs_local_nav_reward=0.0000 | context_neighbors_mean=1.80 | context_neighbors_max=4 | last_context_neighbors_mean=0.00 | last_context_neighbors_max=0 | actor_unlocked=0 | expl_noise=0.0784 | replay=6760 | interaction_replay=2798 | samples/sec=11.900
Status | epoch=1 | next_eval_in=13240 agent_samples | checkpoint_every=10 episodes | checkpoint=./checkpoints/interaction_safe_distance_from_5a_s20260725_latest.pt | model=interaction_safe_distance_from_5a_s20260725
Episode 86 complete | agent_samples=6810 | env_steps=2560 | episode_env_steps=11 | episode_agent_samples=50 | mean_reward=38.546 | success=3/5 | collision=2/5 | mean_final_distance=0.432 | mean_progress=0.0241 | min_laser=0.300 | mean_lin=0.801 | mean_ang=0.292 | mean_robot_dist=1.620 | raw_reward=20.000 | adjusted_reward=20.000 | coop_agents=0/5 | mean_coop_neighbors=0.00 | active_neighbor_step_rate=0.860 | mean_active_neighbors_step=2.080 | max_active_neighbors_step=4 | interaction_reward=0.0000 | abs_interaction_reward=0.0000 | anti_stag_reward=0.0000 | abs_anti_stag_reward=0.0000 | wall_clear_reward=0.0000 | abs_wall_clear_reward=0.0000 | local_nav_reward=0.0000 | abs_local_nav_reward=0.0000 | context_neighbors_mean=2.18 | context_neighbors_max=4 | last_context_neighbors_mean=0.00 | last_context_neighbors_max=0 | actor_unlocked=0 | expl_noise=0.0784 | replay=6810 | interaction_replay=2842 | samples/sec=11.936
Episode 87 complete | agent_samples=6872 | env_steps=2586 | episode_env_steps=26 | episode_agent_samples=62 | mean_reward=31.617 | success=3/5 | collision=2/5 | mean_final_distance=0.556 | mean_progress=0.0116 | min_laser=0.300 | mean_lin=0.837 | mean_ang=-0.226 | mean_robot_dist=1.901 | raw_reward=20.000 | adjusted_reward=20.000 | coop_agents=0/5 | mean_coop_neighbors=0.00 | active_neighbor_step_rate=0.565 | mean_active_neighbors_step=1.452 | max_active_neighbors_step=4 | interaction_reward=0.0000 | abs_interaction_reward=0.0000 | anti_stag_reward=0.0000 | abs_anti_stag_reward=0.0000 | wall_clear_reward=0.0000 | abs_wall_clear_reward=0.0000 | local_nav_reward=0.0000 | abs_local_nav_reward=0.0000 | context_neighbors_mean=1.56 | context_neighbors_max=4 | last_context_neighbors_mean=0.00 | last_context_neighbors_max=0 | actor_unlocked=0 | expl_noise=0.0784 | replay=6872 | interaction_replay=2879 | samples/sec=11.926
Episode 88 complete | agent_samples=7074 | env_steps=2755 | episode_env_steps=169 | episode_agent_samples=202 | mean_reward=20.930 | success=3/5 | collision=2/5 | mean_final_distance=0.837 | mean_progress=0.0053 | min_laser=0.324 | mean_lin=0.832 | mean_ang=0.045 | mean_robot_dist=1.702 | raw_reward=20.000 | adjusted_reward=20.000 | coop_agents=0/5 | mean_coop_neighbors=0.00 | active_neighbor_step_rate=0.213 | mean_active_neighbors_step=0.649 | max_active_neighbors_step=4 | interaction_reward=0.0000 | abs_interaction_reward=0.0000 | anti_stag_reward=0.0000 | abs_anti_stag_reward=0.0000 | wall_clear_reward=0.0000 | abs_wall_clear_reward=0.0000 | local_nav_reward=0.0000 | abs_local_nav_reward=0.0000 | context_neighbors_mean=0.63 | context_neighbors_max=4 | last_context_neighbors_mean=0.00 | last_context_neighbors_max=0 | actor_unlocked=0 | expl_noise=0.0783 | replay=7074 | interaction_replay=2896 | samples/sec=11.554
Episode 89 complete | agent_samples=7151 | env_steps=2786 | episode_env_steps=31 | episode_agent_samples=77 | mean_reward=117.127 | success=5/5 | collision=0/5 | mean_final_distance=0.268 | mean_progress=0.0135 | min_laser=0.630 | mean_lin=0.863 | mean_ang=0.201 | mean_robot_dist=1.832 | raw_reward=20.000 | adjusted_reward=20.000 | coop_agents=0/5 | mean_coop_neighbors=0.00 | active_neighbor_step_rate=0.636 | mean_active_neighbors_step=1.221 | max_active_neighbors_step=3 | interaction_reward=0.0000 | abs_interaction_reward=0.0000 | anti_stag_reward=0.0000 | abs_anti_stag_reward=0.0000 | wall_clear_reward=0.0000 | abs_wall_clear_reward=0.0000 | local_nav_reward=0.0000 | abs_local_nav_reward=0.0000 | context_neighbors_mean=1.22 | context_neighbors_max=3 | last_context_neighbors_mean=0.00 | last_context_neighbors_max=0 | actor_unlocked=0 | expl_noise=0.0783 | replay=7151 | interaction_replay=2943 | samples/sec=11.552
Episode 90 complete | agent_samples=7193 | env_steps=2796 | episode_env_steps=10 | episode_agent_samples=42 | mean_reward=78.304 | success=4/5 | collision=1/5 | mean_final_distance=0.457 | mean_progress=0.0213 | min_laser=0.328 | mean_lin=0.804 | mean_ang=0.588 | mean_robot_dist=0.529 | raw_reward=19.529 | adjusted_reward=19.529 | coop_agents=0/5 | mean_coop_neighbors=0.00 | active_neighbor_step_rate=0.762 | mean_active_neighbors_step=2.190 | max_active_neighbors_step=4 | interaction_reward=0.0000 | abs_interaction_reward=0.0000 | anti_stag_reward=0.0000 | abs_anti_stag_reward=0.0000 | wall_clear_reward=0.0000 | abs_wall_clear_reward=0.0000 | local_nav_reward=0.0000 | abs_local_nav_reward=0.0000 | context_neighbors_mean=2.19 | context_neighbors_max=4 | last_context_neighbors_mean=0.00 | last_context_neighbors_max=0 | actor_unlocked=0 | expl_noise=0.0783 | replay=7193 | interaction_replay=2975 | samples/sec=11.577
Status | epoch=1 | next_eval_in=12807 agent_samples | checkpoint_every=10 episodes | checkpoint=./checkpoints/interaction_safe_distance_from_5a_s20260725_latest.pt | model=interaction_safe_distance_from_5a_s20260725
Checkpoint saved: ./checkpoints/interaction_safe_distance_from_5a_s20260725_latest.pt
Episode 91 complete | agent_samples=7339 | env_steps=2885 | episode_env_steps=89 | episode_agent_samples=146 | mean_reward=122.197 | success=5/5 | collision=0/5 | mean_final_distance=0.265 | mean_progress=0.0093 | min_laser=0.612 | mean_lin=0.625 | mean_ang=-0.075 | mean_robot_dist=3.006 | raw_reward=20.000 | adjusted_reward=20.000 | coop_agents=0/5 | mean_coop_neighbors=0.00 | active_neighbor_step_rate=0.219 | mean_active_neighbors_step=0.432 | max_active_neighbors_step=4 | interaction_reward=0.0000 | abs_interaction_reward=0.0000 | anti_stag_reward=0.0000 | abs_anti_stag_reward=0.0000 | wall_clear_reward=0.0000 | abs_wall_clear_reward=0.0000 | local_nav_reward=0.0000 | abs_local_nav_reward=0.0000 | context_neighbors_mean=0.43 | context_neighbors_max=4 | last_context_neighbors_mean=0.00 | last_context_neighbors_max=0 | actor_unlocked=0 | expl_noise=0.0782 | replay=7339 | interaction_replay=2981 | samples/sec=11.455
Episode 92 complete | agent_samples=7395 | env_steps=2898 | episode_env_steps=13 | episode_agent_samples=56 | mean_reward=32.027 | success=3/5 | collision=2/5 | mean_final_distance=0.474 | mean_progress=0.0367 | min_laser=0.304 | mean_lin=0.993 | mean_ang=-0.184 | mean_robot_dist=3.045 | raw_reward=40.000 | adjusted_reward=40.000 | coop_agents=0/5 | mean_coop_neighbors=0.00 | active_neighbor_step_rate=0.536 | mean_active_neighbors_step=1.964 | max_active_neighbors_step=4 | interaction_reward=0.0000 | abs_interaction_reward=0.0000 | anti_stag_reward=0.0000 | abs_anti_stag_reward=0.0000 | wall_clear_reward=0.0000 | abs_wall_clear_reward=0.0000 | local_nav_reward=0.0000 | abs_local_nav_reward=0.0000 | context_neighbors_mean=1.96 | context_neighbors_max=4 | last_context_neighbors_mean=0.00 | last_context_neighbors_max=0 | actor_unlocked=0 | expl_noise=0.0782 | replay=7395 | interaction_replay=3001 | samples/sec=11.489
Episode 93 complete | agent_samples=7452 | env_steps=2914 | episode_env_steps=16 | episode_agent_samples=57 | mean_reward=120.095 | success=5/5 | collision=0/5 | mean_final_distance=0.268 | mean_progress=0.0079 | min_laser=0.535 | mean_lin=0.801 | mean_ang=-0.089 | mean_robot_dist=2.296 | raw_reward=20.000 | adjusted_reward=20.000 | coop_agents=0/5 | mean_coop_neighbors=0.00 | active_neighbor_step_rate=0.561 | mean_active_neighbors_step=1.175 | max_active_neighbors_step=4 | interaction_reward=0.0000 | abs_interaction_reward=0.0000 | anti_stag_reward=0.0000 | abs_anti_stag_reward=0.0000 | wall_clear_reward=0.0000 | abs_wall_clear_reward=0.0000 | local_nav_reward=0.0000 | abs_local_nav_reward=0.0000 | context_neighbors_mean=1.26 | context_neighbors_max=4 | last_context_neighbors_mean=0.00 | last_context_neighbors_max=0 | actor_unlocked=0 | expl_noise=0.0782 | replay=7452 | interaction_replay=3021 | samples/sec=11.515
Episode 94 complete | agent_samples=7550 | env_steps=2958 | episode_env_steps=44 | episode_agent_samples=98 | mean_reward=77.598 | success=4/5 | collision=1/5 | mean_final_distance=0.594 | mean_progress=0.0103 | min_laser=0.302 | mean_lin=0.990 | mean_ang=0.195 | mean_robot_dist=2.617 | raw_reward=20.000 | adjusted_reward=20.000 | coop_agents=0/5 | mean_coop_neighbors=0.00 | active_neighbor_step_rate=0.592 | mean_active_neighbors_step=1.582 | max_active_neighbors_step=4 | interaction_reward=0.0000 | abs_interaction_reward=0.0000 | anti_stag_reward=0.0000 | abs_anti_stag_reward=0.0000 | wall_clear_reward=0.0000 | abs_wall_clear_reward=0.0000 | local_nav_reward=0.0000 | abs_local_nav_reward=0.0000 | context_neighbors_mean=1.59 | context_neighbors_max=4 | last_context_neighbors_mean=0.00 | last_context_neighbors_max=0 | actor_unlocked=0 | expl_noise=0.0782 | replay=7550 | interaction_replay=3059 | samples/sec=11.497
Episode 95 complete | agent_samples=7723 | env_steps=3029 | episode_env_steps=71 | episode_agent_samples=173 | mean_reward=22.191 | success=3/5 | collision=2/5 | mean_final_distance=0.788 | mean_progress=0.0013 | min_laser=0.347 | mean_lin=0.601 | mean_ang=-0.545 | mean_robot_dist=4.437 | raw_reward=-20.000 | adjusted_reward=-20.000 | coop_agents=0/5 | mean_coop_neighbors=0.00 | active_neighbor_step_rate=0.468 | mean_active_neighbors_step=0.908 | max_active_neighbors_step=4 | interaction_reward=0.0000 | abs_interaction_reward=0.0000 | anti_stag_reward=0.0000 | abs_anti_stag_reward=0.0000 | wall_clear_reward=0.0000 | abs_wall_clear_reward=0.0000 | local_nav_reward=0.0000 | abs_local_nav_reward=0.0000 | context_neighbors_mean=0.94 | context_neighbors_max=4 | last_context_neighbors_mean=0.00 | last_context_neighbors_max=0 | actor_unlocked=0 | expl_noise=0.0781 | replay=7723 | interaction_replay=3072 | samples/sec=11.492
Status | epoch=1 | next_eval_in=12277 agent_samples | checkpoint_every=10 episodes | checkpoint=./checkpoints/interaction_safe_distance_from_5a_s20260725_latest.pt | model=interaction_safe_distance_from_5a_s20260725
Episode 96 complete | agent_samples=7813 | env_steps=3061 | episode_env_steps=32 | episode_agent_samples=90 | mean_reward=128.447 | success=5/5 | collision=0/5 | mean_final_distance=0.274 | mean_progress=0.0106 | min_laser=0.452 | mean_lin=0.996 | mean_ang=0.633 | mean_robot_dist=1.041 | raw_reward=20.000 | adjusted_reward=20.000 | coop_agents=0/5 | mean_coop_neighbors=0.00 | active_neighbor_step_rate=0.744 | mean_active_neighbors_step=1.878 | max_active_neighbors_step=4 | interaction_reward=0.0000 | abs_interaction_reward=0.0000 | anti_stag_reward=0.0000 | abs_anti_stag_reward=0.0000 | wall_clear_reward=0.0000 | abs_wall_clear_reward=0.0000 | local_nav_reward=0.0000 | abs_local_nav_reward=0.0000 | context_neighbors_mean=1.91 | context_neighbors_max=4 | last_context_neighbors_mean=0.00 | last_context_neighbors_max=0 | actor_unlocked=0 | expl_noise=0.0781 | replay=7813 | interaction_replay=3141 | samples/sec=11.505
Episode 97 complete | agent_samples=7902 | env_steps=3093 | episode_env_steps=32 | episode_agent_samples=89 | mean_reward=122.938 | success=5/5 | collision=0/5 | mean_final_distance=0.244 | mean_progress=0.0239 | min_laser=0.416 | mean_lin=0.887 | mean_ang=0.171 | mean_robot_dist=1.953 | raw_reward=20.000 | adjusted_reward=20.000 | coop_agents=0/5 | mean_coop_neighbors=0.00 | active_neighbor_step_rate=0.652 | mean_active_neighbors_step=1.652 | max_active_neighbors_step=4 | interaction_reward=0.0000 | abs_interaction_reward=0.0000 | anti_stag_reward=0.0000 | abs_anti_stag_reward=0.0000 | wall_clear_reward=0.0000 | abs_wall_clear_reward=0.0000 | local_nav_reward=0.0000 | abs_local_nav_reward=0.0000 | context_neighbors_mean=1.70 | context_neighbors_max=4 | last_context_neighbors_mean=0.00 | last_context_neighbors_max=0 | actor_unlocked=0 | expl_noise=0.0781 | replay=7902 | interaction_replay=3183 | samples/sec=11.518
Episode 98 complete | agent_samples=8014 | env_steps=3138 | episode_env_steps=45 | episode_agent_samples=112 | mean_reward=92.436 | success=4/5 | collision=1/5 | mean_final_distance=0.546 | mean_progress=0.0161 | min_laser=0.350 | mean_lin=0.800 | mean_ang=0.054 | mean_robot_dist=1.245 | raw_reward=20.000 | adjusted_reward=20.000 | coop_agents=0/5 | mean_coop_neighbors=0.00 | active_neighbor_step_rate=0.598 | mean_active_neighbors_step=1.375 | max_active_neighbors_step=4 | interaction_reward=0.0000 | abs_interaction_reward=0.0000 | anti_stag_reward=0.0000 | abs_anti_stag_reward=0.0000 | wall_clear_reward=0.0000 | abs_wall_clear_reward=0.0000 | local_nav_reward=0.0000 | abs_local_nav_reward=0.0000 | context_neighbors_mean=1.40 | context_neighbors_max=4 | last_context_neighbors_mean=0.00 | last_context_neighbors_max=0 | actor_unlocked=0 | expl_noise=0.0780 | replay=8014 | interaction_replay=3221 | samples/sec=11.517
Episode 99 complete | agent_samples=8117 | env_steps=3175 | episode_env_steps=37 | episode_agent_samples=103 | mean_reward=117.254 | success=5/5 | collision=0/5 | mean_final_distance=0.284 | mean_progress=0.0039 | min_laser=0.689 | mean_lin=0.994 | mean_ang=-0.992 | mean_robot_dist=1.317 | raw_reward=20.000 | adjusted_reward=20.000 | coop_agents=0/5 | mean_coop_neighbors=0.00 | active_neighbor_step_rate=0.592 | mean_active_neighbors_step=0.961 | max_active_neighbors_step=3 | interaction_reward=0.0000 | abs_interaction_reward=0.0000 | anti_stag_reward=0.0000 | abs_anti_stag_reward=0.0000 | wall_clear_reward=0.0000 | abs_wall_clear_reward=0.0000 | local_nav_reward=0.0000 | abs_local_nav_reward=0.0000 | context_neighbors_mean=0.96 | context_neighbors_max=3 | last_context_neighbors_mean=0.00 | last_context_neighbors_max=0 | actor_unlocked=0 | expl_noise=0.0780 | replay=8117 | interaction_replay=3244 | samples/sec=11.533
Episode 100 complete | agent_samples=8217 | env_steps=3199 | episode_env_steps=24 | episode_agent_samples=100 | mean_reward=76.086 | success=4/5 | collision=1/5 | mean_final_distance=0.481 | mean_progress=0.0230 | min_laser=0.311 | mean_lin=0.950 | mean_ang=0.443 | mean_robot_dist=0.655 | raw_reward=-20.345 | adjusted_reward=-20.345 | coop_agents=0/5 | mean_coop_neighbors=0.00 | active_neighbor_step_rate=0.720 | mean_active_neighbors_step=1.840 | max_active_neighbors_step=4 | interaction_reward=0.0000 | abs_interaction_reward=0.0000 | anti_stag_reward=0.0000 | abs_anti_stag_reward=0.0000 | wall_clear_reward=0.0000 | abs_wall_clear_reward=0.0000 | local_nav_reward=0.0000 | abs_local_nav_reward=0.0000 | context_neighbors_mean=1.88 | context_neighbors_max=4 | last_context_neighbors_mean=0.00 | last_context_neighbors_max=0 | actor_unlocked=0 | expl_noise=0.0780 | replay=8217 | interaction_replay=3289 | samples/sec=11.588
Status | epoch=1 | next_eval_in=11783 agent_samples | checkpoint_every=10 episodes | checkpoint=./checkpoints/interaction_safe_distance_from_5a_s20260725_latest.pt | model=interaction_safe_distance_from_5a_s20260725
Checkpoint saved: ./checkpoints/interaction_safe_distance_from_5a_s20260725_latest.pt
Episode 101 complete | agent_samples=8323 | env_steps=3250 | episode_env_steps=51 | episode_agent_samples=106 | mean_reward=19.630 | success=3/5 | collision=2/5 | mean_final_distance=0.566 | mean_progress=0.0127 | min_laser=0.300 | mean_lin=0.719 | mean_ang=-0.186 | mean_robot_dist=1.752 | raw_reward=20.000 | adjusted_reward=20.000 | coop_agents=0/5 | mean_coop_neighbors=0.00 | active_neighbor_step_rate=0.708 | mean_active_neighbors_step=1.613 | max_active_neighbors_step=4 | interaction_reward=0.0000 | abs_interaction_reward=0.0000 | anti_stag_reward=0.0000 | abs_anti_stag_reward=0.0000 | wall_clear_reward=0.0000 | abs_wall_clear_reward=0.0000 | local_nav_reward=0.0000 | abs_local_nav_reward=0.0000 | context_neighbors_mean=1.62 | context_neighbors_max=4 | last_context_neighbors_mean=0.00 | last_context_neighbors_max=0 | actor_unlocked=0 | expl_noise=0.0780 | replay=8323 | interaction_replay=3307 | samples/sec=11.556
Episode 102 complete | agent_samples=8374 | env_steps=3262 | episode_env_steps=12 | episode_agent_samples=51 | mean_reward=67.562 | success=4/5 | collision=1/5 | mean_final_distance=0.487 | mean_progress=0.0182 | min_laser=0.349 | mean_lin=0.800 | mean_ang=-0.566 | mean_robot_dist=0.945 | raw_reward=19.945 | adjusted_reward=19.945 | coop_agents=0/5 | mean_coop_neighbors=0.00 | active_neighbor_step_rate=0.784 | mean_active_neighbors_step=2.137 | max_active_neighbors_step=4 | interaction_reward=0.0000 | abs_interaction_reward=0.0000 | anti_stag_reward=0.0000 | abs_anti_stag_reward=0.0000 | wall_clear_reward=0.0000 | abs_wall_clear_reward=0.0000 | local_nav_reward=0.0000 | abs_local_nav_reward=0.0000 | context_neighbors_mean=2.24 | context_neighbors_max=4 | last_context_neighbors_mean=0.00 | last_context_neighbors_max=0 | actor_unlocked=0 | expl_noise=0.0780 | replay=8374 | interaction_replay=3348 | samples/sec=11.583
Episode 103 complete | agent_samples=8497 | env_steps=3352 | episode_env_steps=90 | episode_agent_samples=123 | mean_reward=67.755 | success=4/5 | collision=1/5 | mean_final_distance=0.501 | mean_progress=0.0029 | min_laser=0.338 | mean_lin=0.606 | mean_ang=-0.504 | mean_robot_dist=1.243 | raw_reward=20.000 | adjusted_reward=20.000 | coop_agents=0/5 | mean_coop_neighbors=0.00 | active_neighbor_step_rate=0.317 | mean_active_neighbors_step=0.732 | max_active_neighbors_step=4 | interaction_reward=0.0000 | abs_interaction_reward=0.0000 | anti_stag_reward=0.0000 | abs_anti_stag_reward=0.0000 | wall_clear_reward=0.0000 | abs_wall_clear_reward=0.0000 | local_nav_reward=0.0000 | abs_local_nav_reward=0.0000 | context_neighbors_mean=0.77 | context_neighbors_max=4 | last_context_neighbors_mean=0.00 | last_context_neighbors_max=0 | actor_unlocked=0 | expl_noise=0.0779 | replay=8497 | interaction_replay=3382 | samples/sec=11.446
Episode 104 complete | agent_samples=8548 | env_steps=3364 | episode_env_steps=12 | episode_agent_samples=51 | mean_reward=32.199 | success=3/5 | collision=2/5 | mean_final_distance=0.436 | mean_progress=0.0069 | min_laser=0.300 | mean_lin=0.796 | mean_ang=0.102 | mean_robot_dist=0.380 | raw_reward=-20.620 | adjusted_reward=-20.620 | coop_agents=0/5 | mean_coop_neighbors=0.00 | active_neighbor_step_rate=0.882 | mean_active_neighbors_step=2.039 | max_active_neighbors_step=4 | interaction_reward=0.0000 | abs_interaction_reward=0.0000 | anti_stag_reward=0.0000 | abs_anti_stag_reward=0.0000 | wall_clear_reward=0.0000 | abs_wall_clear_reward=0.0000 | local_nav_reward=0.0000 | abs_local_nav_reward=0.0000 | context_neighbors_mean=2.14 | context_neighbors_max=4 | last_context_neighbors_mean=0.00 | last_context_neighbors_max=0 | actor_unlocked=0 | expl_noise=0.0779 | replay=8548 | interaction_replay=3428 | samples/sec=11.472
Episode 105 complete | agent_samples=8618 | env_steps=3391 | episode_env_steps=27 | episode_agent_samples=70 | mean_reward=29.792 | success=3/5 | collision=2/5 | mean_final_distance=0.570 | mean_progress=0.0173 | min_laser=0.302 | mean_lin=0.979 | mean_ang=-0.194 | mean_robot_dist=1.285 | raw_reward=20.000 | adjusted_reward=20.000 | coop_agents=0/5 | mean_coop_neighbors=0.00 | active_neighbor_step_rate=0.686 | mean_active_neighbors_step=1.457 | max_active_neighbors_step=4 | interaction_reward=0.0000 | abs_interaction_reward=0.0000 | anti_stag_reward=0.0000 | abs_anti_stag_reward=0.0000 | wall_clear_reward=0.0000 | abs_wall_clear_reward=0.0000 | local_nav_reward=0.0000 | abs_local_nav_reward=0.0000 | context_neighbors_mean=1.50 | context_neighbors_max=4 | last_context_neighbors_mean=0.00 | last_context_neighbors_max=0 | actor_unlocked=0 | expl_noise=0.0779 | replay=8618 | interaction_replay=3462 | samples/sec=11.475
Status | epoch=1 | next_eval_in=11382 agent_samples | checkpoint_every=10 episodes | checkpoint=./checkpoints/interaction_safe_distance_from_5a_s20260725_latest.pt | model=interaction_safe_distance_from_5a_s20260725
Episode 106 complete | agent_samples=8657 | env_steps=3400 | episode_env_steps=9 | episode_agent_samples=39 | mean_reward=27.958 | success=3/5 | collision=2/5 | mean_final_distance=0.621 | mean_progress=0.0356 | min_laser=0.300 | mean_lin=0.821 | mean_ang=0.503 | mean_robot_dist=1.117 | raw_reward=40.000 | adjusted_reward=40.000 | coop_agents=0/5 | mean_coop_neighbors=0.00 | active_neighbor_step_rate=0.897 | mean_active_neighbors_step=2.308 | max_active_neighbors_step=4 | interaction_reward=0.0000 | abs_interaction_reward=0.0000 | anti_stag_reward=0.0000 | abs_anti_stag_reward=0.0000 | wall_clear_reward=0.0000 | abs_wall_clear_reward=0.0000 | local_nav_reward=0.0000 | abs_local_nav_reward=0.0000 | context_neighbors_mean=2.36 | context_neighbors_max=4 | last_context_neighbors_mean=0.00 | last_context_neighbors_max=0 | actor_unlocked=0 | expl_noise=0.0779 | replay=8657 | interaction_replay=3499 | samples/sec=11.496
Episode 107 complete | agent_samples=8702 | env_steps=3417 | episode_env_steps=17 | episode_agent_samples=45 | mean_reward=28.880 | success=3/5 | collision=2/5 | mean_final_distance=0.787 | mean_progress=0.0200 | min_laser=0.322 | mean_lin=0.972 | mean_ang=-0.609 | mean_robot_dist=1.311 | raw_reward=20.000 | adjusted_reward=20.000 | coop_agents=0/5 | mean_coop_neighbors=0.00 | active_neighbor_step_rate=0.667 | mean_active_neighbors_step=1.956 | max_active_neighbors_step=4 | interaction_reward=0.0000 | abs_interaction_reward=0.0000 | anti_stag_reward=0.0000 | abs_anti_stag_reward=0.0000 | wall_clear_reward=0.0000 | abs_wall_clear_reward=0.0000 | local_nav_reward=0.0000 | abs_local_nav_reward=0.0000 | context_neighbors_mean=2.02 | context_neighbors_max=4 | last_context_neighbors_mean=0.00 | last_context_neighbors_max=0 | actor_unlocked=0 | expl_noise=0.0779 | replay=8702 | interaction_replay=3531 | samples/sec=11.498
Episode 108 complete | agent_samples=8787 | env_steps=3466 | episode_env_steps=49 | episode_agent_samples=85 | mean_reward=104.009 | success=5/5 | collision=0/5 | mean_final_distance=0.251 | mean_progress=0.0105 | min_laser=0.639 | mean_lin=1.000 | mean_ang=0.347 | mean_robot_dist=0.869 | raw_reward=19.869 | adjusted_reward=19.869 | coop_agents=0/5 | mean_coop_neighbors=0.00 | active_neighbor_step_rate=0.471 | mean_active_neighbors_step=1.024 | max_active_neighbors_step=4 | interaction_reward=0.0000 | abs_interaction_reward=0.0000 | anti_stag_reward=0.0000 | abs_anti_stag_reward=0.0000 | wall_clear_reward=0.0000 | abs_wall_clear_reward=0.0000 | local_nav_reward=0.0000 | abs_local_nav_reward=0.0000 | context_neighbors_mean=1.11 | context_neighbors_max=4 | last_context_neighbors_mean=0.00 | last_context_neighbors_max=0 | actor_unlocked=0 | expl_noise=0.0778 | replay=8787 | interaction_replay=3571 | samples/sec=11.450
Episode 109 complete | agent_samples=8847 | env_steps=3489 | episode_env_steps=23 | episode_agent_samples=60 | mean_reward=68.541 | success=4/5 | collision=1/5 | mean_final_distance=0.332 | mean_progress=0.0074 | min_laser=0.334 | mean_lin=0.784 | mean_ang=0.199 | mean_robot_dist=1.691 | raw_reward=20.000 | adjusted_reward=20.000 | coop_agents=0/5 | mean_coop_neighbors=0.00 | active_neighbor_step_rate=0.700 | mean_active_neighbors_step=1.950 | max_active_neighbors_step=4 | interaction_reward=0.0000 | abs_interaction_reward=0.0000 | anti_stag_reward=0.0000 | abs_anti_stag_reward=0.0000 | wall_clear_reward=0.0000 | abs_wall_clear_reward=0.0000 | local_nav_reward=0.0000 | abs_local_nav_reward=0.0000 | context_neighbors_mean=2.00 | context_neighbors_max=4 | last_context_neighbors_mean=0.00 | last_context_neighbors_max=0 | actor_unlocked=0 | expl_noise=0.0778 | replay=8847 | interaction_replay=3613 | samples/sec=11.453
Episode 110 complete | agent_samples=8890 | env_steps=3499 | episode_env_steps=10 | episode_agent_samples=43 | mean_reward=115.827 | success=5/5 | collision=0/5 | mean_final_distance=0.230 | mean_progress=0.0186 | min_laser=0.599 | mean_lin=1.000 | mean_ang=0.819 | mean_robot_dist=0.766 | raw_reward=19.766 | adjusted_reward=19.766 | coop_agents=0/5 | mean_coop_neighbors=0.00 | active_neighbor_step_rate=0.884 | mean_active_neighbors_step=2.140 | max_active_neighbors_step=4 | interaction_reward=0.0000 | abs_interaction_reward=0.0000 | anti_stag_reward=0.0000 | abs_anti_stag_reward=0.0000 | wall_clear_reward=0.0000 | abs_wall_clear_reward=0.0000 | local_nav_reward=0.0000 | abs_local_nav_reward=0.0000 | context_neighbors_mean=2.21 | context_neighbors_max=4 | last_context_neighbors_mean=0.00 | last_context_neighbors_max=0 | actor_unlocked=0 | expl_noise=0.0778 | replay=8890 | interaction_replay=3650 | samples/sec=11.475
Status | epoch=1 | next_eval_in=11110 agent_samples | checkpoint_every=10 episodes | checkpoint=./checkpoints/interaction_safe_distance_from_5a_s20260725_latest.pt | model=interaction_safe_distance_from_5a_s20260725
Checkpoint saved: ./checkpoints/interaction_safe_distance_from_5a_s20260725_latest.pt
Episode 111 complete | agent_samples=8969 | env_steps=3519 | episode_env_steps=20 | episode_agent_samples=79 | mean_reward=134.574 | success=5/5 | collision=0/5 | mean_final_distance=0.253 | mean_progress=0.0314 | min_laser=0.468 | mean_lin=1.000 | mean_ang=-0.781 | mean_robot_dist=3.447 | raw_reward=40.000 | adjusted_reward=40.000 | coop_agents=0/5 | mean_coop_neighbors=0.00 | active_neighbor_step_rate=0.709 | mean_active_neighbors_step=1.177 | max_active_neighbors_step=3 | interaction_reward=0.0000 | abs_interaction_reward=0.0000 | anti_stag_reward=0.0000 | abs_anti_stag_reward=0.0000 | wall_clear_reward=0.0000 | abs_wall_clear_reward=0.0000 | local_nav_reward=0.0000 | abs_local_nav_reward=0.0000 | context_neighbors_mean=1.23 | context_neighbors_max=3 | last_context_neighbors_mean=0.00 | last_context_neighbors_max=0 | actor_unlocked=0 | expl_noise=0.0778 | replay=8969 | interaction_replay=3674 | samples/sec=11.508
Episode 112 complete | agent_samples=9047 | env_steps=3551 | episode_env_steps=32 | episode_agent_samples=78 | mean_reward=121.177 | success=5/5 | collision=0/5 | mean_final_distance=0.281 | mean_progress=0.0047 | min_laser=0.603 | mean_lin=0.995 | mean_ang=-0.020 | mean_robot_dist=2.198 | raw_reward=20.000 | adjusted_reward=20.000 | coop_agents=0/5 | mean_coop_neighbors=0.00 | active_neighbor_step_rate=0.654 | mean_active_neighbors_step=1.282 | max_active_neighbors_step=4 | interaction_reward=0.0000 | abs_interaction_reward=0.0000 | anti_stag_reward=0.0000 | abs_anti_stag_reward=0.0000 | wall_clear_reward=0.0000 | abs_wall_clear_reward=0.0000 | local_nav_reward=0.0000 | abs_local_nav_reward=0.0000 | context_neighbors_mean=1.35 | context_neighbors_max=4 | last_context_neighbors_mean=0.00 | last_context_neighbors_max=0 | actor_unlocked=0 | expl_noise=0.0778 | replay=9047 | interaction_replay=3715 | samples/sec=11.505
Episode 113 complete | agent_samples=9121 | env_steps=3576 | episode_env_steps=25 | episode_agent_samples=74 | mean_reward=117.522 | success=5/5 | collision=0/5 | mean_final_distance=0.249 | mean_progress=0.0035 | min_laser=0.409 | mean_lin=1.000 | mean_ang=-0.200 | mean_robot_dist=1.357 | raw_reward=20.000 | adjusted_reward=20.000 | coop_agents=0/5 | mean_coop_neighbors=0.00 | active_neighbor_step_rate=0.581 | mean_active_neighbors_step=1.500 | max_active_neighbors_step=4 | interaction_reward=0.0000 | abs_interaction_reward=0.0000 | anti_stag_reward=0.0000 | abs_anti_stag_reward=0.0000 | wall_clear_reward=0.0000 | abs_wall_clear_reward=0.0000 | local_nav_reward=0.0000 | abs_local_nav_reward=0.0000 | context_neighbors_mean=1.61 | context_neighbors_max=4 | last_context_neighbors_mean=0.00 | last_context_neighbors_max=0 | actor_unlocked=0 | expl_noise=0.0778 | replay=9121 | interaction_replay=3760 | samples/sec=11.519
Episode 114 complete | agent_samples=9215 | env_steps=3621 | episode_env_steps=45 | episode_agent_samples=94 | mean_reward=69.583 | success=4/5 | collision=1/5 | mean_final_distance=0.555 | mean_progress=0.0040 | min_laser=0.315 | mean_lin=0.788 | mean_ang=-0.200 | mean_robot_dist=1.239 | raw_reward=20.000 | adjusted_reward=20.000 | coop_agents=0/5 | mean_coop_neighbors=0.00 | active_neighbor_step_rate=0.521 | mean_active_neighbors_step=1.298 | max_active_neighbors_step=4 | interaction_reward=0.0000 | abs_interaction_reward=0.0000 | anti_stag_reward=0.0000 | abs_anti_stag_reward=0.0000 | wall_clear_reward=0.0000 | abs_wall_clear_reward=0.0000 | local_nav_reward=0.0000 | abs_local_nav_reward=0.0000 | context_neighbors_mean=1.33 | context_neighbors_max=4 | last_context_neighbors_mean=0.00 | last_context_neighbors_max=0 | actor_unlocked=0 | expl_noise=0.0777 | replay=9215 | interaction_replay=3783 | samples/sec=11.496
Episode 115 complete | agent_samples=9265 | env_steps=3638 | episode_env_steps=17 | episode_agent_samples=50 | mean_reward=122.470 | success=5/5 | collision=0/5 | mean_final_distance=0.249 | mean_progress=0.0149 | min_laser=0.552 | mean_lin=0.998 | mean_ang=0.587 | mean_robot_dist=1.198 | raw_reward=20.000 | adjusted_reward=20.000 | coop_agents=0/5 | mean_coop_neighbors=0.00 | active_neighbor_step_rate=0.760 | mean_active_neighbors_step=1.520 | max_active_neighbors_step=4 | interaction_reward=0.0000 | abs_interaction_reward=0.0000 | anti_stag_reward=0.0000 | abs_anti_stag_reward=0.0000 | wall_clear_reward=0.0000 | abs_wall_clear_reward=0.0000 | local_nav_reward=0.0000 | abs_local_nav_reward=0.0000 | context_neighbors_mean=1.62 | context_neighbors_max=4 | last_context_neighbors_mean=0.00 | last_context_neighbors_max=0 | actor_unlocked=0 | expl_noise=0.0777 | replay=9265 | interaction_replay=3815 | samples/sec=11.505
Status | epoch=1 | next_eval_in=10735 agent_samples | checkpoint_every=10 episodes | checkpoint=./checkpoints/interaction_safe_distance_from_5a_s20260725_latest.pt | model=interaction_safe_distance_from_5a_s20260725
Episode 116 complete | agent_samples=9336 | env_steps=3674 | episode_env_steps=36 | episode_agent_samples=71 | mean_reward=39.540 | success=3/5 | collision=2/5 | mean_final_distance=0.507 | mean_progress=0.0014 | min_laser=0.301 | mean_lin=0.793 | mean_ang=0.474 | mean_robot_dist=0.866 | raw_reward=19.866 | adjusted_reward=19.866 | coop_agents=0/5 | mean_coop_neighbors=0.00 | active_neighbor_step_rate=0.507 | mean_active_neighbors_step=1.507 | max_active_neighbors_step=4 | interaction_reward=0.0000 | abs_interaction_reward=0.0000 | anti_stag_reward=0.0000 | abs_anti_stag_reward=0.0000 | wall_clear_reward=0.0000 | abs_wall_clear_reward=0.0000 | local_nav_reward=0.0000 | abs_local_nav_reward=0.0000 | context_neighbors_mean=1.56 | context_neighbors_max=4 | last_context_neighbors_mean=0.00 | last_context_neighbors_max=0 | actor_unlocked=0 | expl_noise=0.0777 | replay=9336 | interaction_replay=3851 | samples/sec=11.480
Episode 117 complete | agent_samples=9392 | env_steps=3694 | episode_env_steps=20 | episode_agent_samples=56 | mean_reward=31.681 | success=3/5 | collision=2/5 | mean_final_distance=0.867 | mean_progress=0.0112 | min_laser=0.300 | mean_lin=0.807 | mean_ang=0.199 | mean_robot_dist=1.650 | raw_reward=20.000 | adjusted_reward=20.000 | coop_agents=0/5 | mean_coop_neighbors=0.00 | active_neighbor_step_rate=0.768 | mean_active_neighbors_step=2.071 | max_active_neighbors_step=4 | interaction_reward=0.0000 | abs_interaction_reward=0.0000 | anti_stag_reward=0.0000 | abs_anti_stag_reward=0.0000 | wall_clear_reward=0.0000 | abs_wall_clear_reward=0.0000 | local_nav_reward=0.0000 | abs_local_nav_reward=0.0000 | context_neighbors_mean=2.09 | context_neighbors_max=4 | last_context_neighbors_mean=0.00 | last_context_neighbors_max=0 | actor_unlocked=0 | expl_noise=0.0777 | replay=9392 | interaction_replay=3867 | samples/sec=11.486
Episode 118 complete | agent_samples=9571 | env_steps=3778 | episode_env_steps=84 | episode_agent_samples=179 | mean_reward=120.061 | success=5/5 | collision=0/5 | mean_final_distance=0.276 | mean_progress=0.0026 | min_laser=0.434 | mean_lin=0.957 | mean_ang=-0.200 | mean_robot_dist=2.924 | raw_reward=20.000 | adjusted_reward=20.000 | coop_agents=0/5 | mean_coop_neighbors=0.00 | active_neighbor_step_rate=0.615 | mean_active_neighbors_step=1.520 | max_active_neighbors_step=4 | interaction_reward=0.0000 | abs_interaction_reward=0.0000 | anti_stag_reward=0.0000 | abs_anti_stag_reward=0.0000 | wall_clear_reward=0.0000 | abs_wall_clear_reward=0.0000 | local_nav_reward=0.0000 | abs_local_nav_reward=0.0000 | context_neighbors_mean=1.54 | context_neighbors_max=4 | last_context_neighbors_mean=0.00 | last_context_neighbors_max=0 | actor_unlocked=0 | expl_noise=0.0776 | replay=9571 | interaction_replay=3914 | samples/sec=11.449
Episode 119 complete | agent_samples=9635 | env_steps=3799 | episode_env_steps=21 | episode_agent_samples=64 | mean_reward=79.592 | success=4/5 | collision=1/5 | mean_final_distance=0.490 | mean_progress=0.0102 | min_laser=0.344 | mean_lin=0.977 | mean_ang=-0.194 | mean_robot_dist=1.122 | raw_reward=20.000 | adjusted_reward=20.000 | coop_agents=0/5 | mean_coop_neighbors=0.00 | active_neighbor_step_rate=0.609 | mean_active_neighbors_step=1.484 | max_active_neighbors_step=4 | interaction_reward=0.0000 | abs_interaction_reward=0.0000 | anti_stag_reward=0.0000 | abs_anti_stag_reward=0.0000 | wall_clear_reward=0.0000 | abs_wall_clear_reward=0.0000 | local_nav_reward=0.0000 | abs_local_nav_reward=0.0000 | context_neighbors_mean=1.58 | context_neighbors_max=4 | last_context_neighbors_mean=0.00 | last_context_neighbors_max=0 | actor_unlocked=0 | expl_noise=0.0776 | replay=9635 | interaction_replay=3954 | samples/sec=11.462
Episode 120 complete | agent_samples=9750 | env_steps=3838 | episode_env_steps=39 | episode_agent_samples=115 | mean_reward=124.309 | success=5/5 | collision=0/5 | mean_final_distance=0.270 | mean_progress=0.0223 | min_laser=0.377 | mean_lin=1.000 | mean_ang=0.197 | mean_robot_dist=2.641 | raw_reward=20.000 | adjusted_reward=20.000 | coop_agents=0/5 | mean_coop_neighbors=0.00 | active_neighbor_step_rate=0.661 | mean_active_neighbors_step=1.243 | max_active_neighbors_step=4 | interaction_reward=0.0000 | abs_interaction_reward=0.0000 | anti_stag_reward=0.0000 | abs_anti_stag_reward=0.0000 | wall_clear_reward=0.0000 | abs_wall_clear_reward=0.0000 | local_nav_reward=0.0000 | abs_local_nav_reward=0.0000 | context_neighbors_mean=1.26 | context_neighbors_max=4 | last_context_neighbors_mean=0.00 | last_context_neighbors_max=0 | actor_unlocked=0 | expl_noise=0.0776 | replay=9750 | interaction_replay=3964 | samples/sec=11.485
Status | epoch=1 | next_eval_in=10250 agent_samples | checkpoint_every=10 episodes | checkpoint=./checkpoints/interaction_safe_distance_from_5a_s20260725_latest.pt | model=interaction_safe_distance_from_5a_s20260725
Checkpoint saved: ./checkpoints/interaction_safe_distance_from_5a_s20260725_latest.pt
Episode 121 complete | agent_samples=9821 | env_steps=3864 | episode_env_steps=26 | episode_agent_samples=71 | mean_reward=122.744 | success=5/5 | collision=0/5 | mean_final_distance=0.239 | mean_progress=0.0144 | min_laser=0.525 | mean_lin=1.000 | mean_ang=0.385 | mean_robot_dist=1.122 | raw_reward=20.000 | adjusted_reward=20.000 | coop_agents=0/5 | mean_coop_neighbors=0.00 | active_neighbor_step_rate=0.789 | mean_active_neighbors_step=2.042 | max_active_neighbors_step=4 | interaction_reward=0.0000 | abs_interaction_reward=0.0000 | anti_stag_reward=0.0000 | abs_anti_stag_reward=0.0000 | wall_clear_reward=0.0000 | abs_wall_clear_reward=0.0000 | local_nav_reward=0.0000 | abs_local_nav_reward=0.0000 | context_neighbors_mean=2.08 | context_neighbors_max=4 | last_context_neighbors_mean=0.00 | last_context_neighbors_max=0 | actor_unlocked=0 | expl_noise=0.0776 | replay=9821 | interaction_replay=3987 | samples/sec=11.488
Episode 122 complete | agent_samples=9905 | env_steps=3893 | episode_env_steps=29 | episode_agent_samples=84 | mean_reward=78.790 | success=4/5 | collision=1/5 | mean_final_distance=0.531 | mean_progress=0.0178 | min_laser=0.317 | mean_lin=0.802 | mean_ang=0.214 | mean_robot_dist=4.540 | raw_reward=20.000 | adjusted_reward=20.000 | coop_agents=0/5 | mean_coop_neighbors=0.00 | active_neighbor_step_rate=0.762 | mean_active_neighbors_step=1.131 | max_active_neighbors_step=4 | interaction_reward=0.0000 | abs_interaction_reward=0.0000 | anti_stag_reward=0.0000 | abs_anti_stag_reward=0.0000 | wall_clear_reward=0.0000 | abs_wall_clear_reward=0.0000 | local_nav_reward=0.0000 | abs_local_nav_reward=0.0000 | context_neighbors_mean=1.14 | context_neighbors_max=4 | last_context_neighbors_mean=0.00 | last_context_neighbors_max=0 | actor_unlocked=0 | expl_noise=0.0776 | replay=9905 | interaction_replay=4001 | samples/sec=11.501
Episode 123 complete | agent_samples=9998 | env_steps=3925 | episode_env_steps=32 | episode_agent_samples=93 | mean_reward=75.047 | success=4/5 | collision=1/5 | mean_final_distance=0.468 | mean_progress=0.0030 | min_laser=0.323 | mean_lin=1.000 | mean_ang=-0.174 | mean_robot_dist=2.518 | raw_reward=20.000 | adjusted_reward=20.000 | coop_agents=0/5 | mean_coop_neighbors=0.00 | active_neighbor_step_rate=0.602 | mean_active_neighbors_step=1.677 | max_active_neighbors_step=4 | interaction_reward=0.0000 | abs_interaction_reward=0.0000 | anti_stag_reward=0.0000 | abs_anti_stag_reward=0.0000 | wall_clear_reward=0.0000 | abs_wall_clear_reward=0.0000 | local_nav_reward=0.0000 | abs_local_nav_reward=0.0000 | context_neighbors_mean=1.67 | context_neighbors_max=4 | last_context_neighbors_mean=0.00 | last_context_neighbors_max=0 | actor_unlocked=0 | expl_noise=0.0775 | replay=9998 | interaction_replay=4017 | samples/sec=11.515
Episode 124 complete | agent_samples=10074 | env_steps=3959 | episode_env_steps=34 | episode_agent_samples=76 | mean_reward=36.875 | success=3/5 | collision=2/5 | mean_final_distance=0.577 | mean_progress=0.0152 | min_laser=0.300 | mean_lin=0.432 | mean_ang=-0.450 | mean_robot_dist=3.000 | raw_reward=20.000 | adjusted_reward=20.000 | coop_agents=0/5 | mean_coop_neighbors=0.00 | active_neighbor_step_rate=0.592 | mean_active_neighbors_step=1.395 | max_active_neighbors_step=4 | interaction_reward=0.0000 | abs_interaction_reward=0.0000 | anti_stag_reward=0.0000 | abs_anti_stag_reward=0.0000 | wall_clear_reward=0.0000 | abs_wall_clear_reward=0.0000 | local_nav_reward=0.0000 | abs_local_nav_reward=0.0000 | context_neighbors_mean=1.43 | context_neighbors_max=4 | last_context_neighbors_mean=0.00 | last_context_neighbors_max=0 | actor_unlocked=0 | expl_noise=0.0775 | replay=10074 | interaction_replay=4062 | samples/sec=11.505
Episode 125 complete | agent_samples=10126 | env_steps=3971 | episode_env_steps=12 | episode_agent_samples=52 | mean_reward=-4.386 | success=2/5 | collision=3/5 | mean_final_distance=0.473 | mean_progress=0.0188 | min_laser=0.300 | mean_lin=0.979 | mean_ang=0.558 | mean_robot_dist=0.578 | raw_reward=-0.844 | adjusted_reward=-0.844 | coop_agents=2/5 | mean_coop_neighbors=0.40 | active_neighbor_step_rate=0.981 | mean_active_neighbors_step=2.077 | max_active_neighbors_step=4 | interaction_reward=0.0000 | abs_interaction_reward=0.0000 | anti_stag_reward=0.0000 | abs_anti_stag_reward=0.0000 | wall_clear_reward=0.0000 | abs_wall_clear_reward=0.0000 | local_nav_reward=0.0000 | abs_local_nav_reward=0.0000 | context_neighbors_mean=2.10 | context_neighbors_max=4 | last_context_neighbors_mean=0.00 | last_context_neighbors_max=0 | actor_unlocked=0 | expl_noise=0.0775 | replay=10126 | interaction_replay=4107 | samples/sec=11.530
Status | epoch=1 | next_eval_in=9874 agent_samples | checkpoint_every=10 episodes | checkpoint=./checkpoints/interaction_safe_distance_from_5a_s20260725_latest.pt | model=interaction_safe_distance_from_5a_s20260725
Episode 126 complete | agent_samples=10226 | env_steps=4022 | episode_env_steps=51 | episode_agent_samples=100 | mean_reward=112.340 | success=5/5 | collision=0/5 | mean_final_distance=0.273 | mean_progress=0.0052 | min_laser=0.601 | mean_lin=0.815 | mean_ang=-0.225 | mean_robot_dist=1.635 | raw_reward=20.000 | adjusted_reward=20.000 | coop_agents=0/5 | mean_coop_neighbors=0.00 | active_neighbor_step_rate=0.360 | mean_active_neighbors_step=0.930 | max_active_neighbors_step=4 | interaction_reward=0.0000 | abs_interaction_reward=0.0000 | anti_stag_reward=0.0000 | abs_anti_stag_reward=0.0000 | wall_clear_reward=0.0000 | abs_wall_clear_reward=0.0000 | local_nav_reward=0.0000 | abs_local_nav_reward=0.0000 | context_neighbors_mean=0.99 | context_neighbors_max=4 | last_context_neighbors_mean=0.00 | last_context_neighbors_max=0 | actor_unlocked=0 | expl_noise=0.0775 | replay=10226 | interaction_replay=4145 | samples/sec=11.500
Episode 127 complete | agent_samples=10281 | env_steps=4047 | episode_env_steps=25 | episode_agent_samples=55 | mean_reward=30.743 | success=3/5 | collision=2/5 | mean_final_distance=0.780 | mean_progress=0.0114 | min_laser=0.300 | mean_lin=0.991 | mean_ang=0.256 | mean_robot_dist=1.914 | raw_reward=20.000 | adjusted_reward=20.000 | coop_agents=0/5 | mean_coop_neighbors=0.00 | active_neighbor_step_rate=0.600 | mean_active_neighbors_step=1.691 | max_active_neighbors_step=4 | interaction_reward=0.0000 | abs_interaction_reward=0.0000 | anti_stag_reward=0.0000 | abs_anti_stag_reward=0.0000 | wall_clear_reward=0.0000 | abs_wall_clear_reward=0.0000 | local_nav_reward=0.0000 | abs_local_nav_reward=0.0000 | context_neighbors_mean=1.75 | context_neighbors_max=4 | last_context_neighbors_mean=0.00 | last_context_neighbors_max=0 | actor_unlocked=0 | expl_noise=0.0775 | replay=10281 | interaction_replay=4180 | samples/sec=11.490
Episode 128 complete | agent_samples=10359 | env_steps=4090 | episode_env_steps=43 | episode_agent_samples=78 | mean_reward=80.778 | success=4/5 | collision=1/5 | mean_final_distance=0.561 | mean_progress=0.0146 | min_laser=0.304 | mean_lin=0.805 | mean_ang=-0.202 | mean_robot_dist=2.641 | raw_reward=20.000 | adjusted_reward=20.000 | coop_agents=0/5 | mean_coop_neighbors=0.00 | active_neighbor_step_rate=0.513 | mean_active_neighbors_step=0.962 | max_active_neighbors_step=4 | interaction_reward=0.0000 | abs_interaction_reward=0.0000 | anti_stag_reward=0.0000 | abs_anti_stag_reward=0.0000 | wall_clear_reward=0.0000 | abs_wall_clear_reward=0.0000 | local_nav_reward=0.0000 | abs_local_nav_reward=0.0000 | context_neighbors_mean=0.92 | context_neighbors_max=4 | last_context_neighbors_mean=0.00 | last_context_neighbors_max=0 | actor_unlocked=0 | expl_noise=0.0774 | replay=10359 | interaction_replay=4194 | samples/sec=11.459
Episode 129 complete | agent_samples=10726 | env_steps=4390 | episode_env_steps=300 | episode_agent_samples=367 | mean_reward=85.091 | success=4/5 | collision=0/5 | mean_final_distance=0.613 | mean_progress=0.0000 | min_laser=0.408 | mean_lin=0.601 | mean_ang=-0.085 | mean_robot_dist=1.463 | raw_reward=-0.039 | adjusted_reward=-0.039 | coop_agents=0/5 | mean_coop_neighbors=0.00 | active_neighbor_step_rate=0.155 | mean_active_neighbors_step=0.349 | max_active_neighbors_step=4 | interaction_reward=0.0000 | abs_interaction_reward=0.0000 | anti_stag_reward=0.0000 | abs_anti_stag_reward=0.0000 | wall_clear_reward=0.0000 | abs_wall_clear_reward=0.0000 | local_nav_reward=0.0000 | abs_local_nav_reward=0.0000 | context_neighbors_mean=0.36 | context_neighbors_max=4 | last_context_neighbors_mean=0.00 | last_context_neighbors_max=0 | actor_unlocked=0 | expl_noise=0.0773 | replay=10726 | interaction_replay=4227 | samples/sec=11.077
Episode 130 complete | agent_samples=10793 | env_steps=4412 | episode_env_steps=22 | episode_agent_samples=67 | mean_reward=23.789 | success=3/5 | collision=2/5 | mean_final_distance=0.597 | mean_progress=0.0160 | min_laser=0.325 | mean_lin=0.814 | mean_ang=0.200 | mean_robot_dist=0.849 | raw_reward=19.849 | adjusted_reward=19.849 | coop_agents=0/5 | mean_coop_neighbors=0.00 | active_neighbor_step_rate=0.866 | mean_active_neighbors_step=2.343 | max_active_neighbors_step=4 | interaction_reward=0.0000 | abs_interaction_reward=0.0000 | anti_stag_reward=0.0000 | abs_anti_stag_reward=0.0000 | wall_clear_reward=0.0000 | abs_wall_clear_reward=0.0000 | local_nav_reward=0.0000 | abs_local_nav_reward=0.0000 | context_neighbors_mean=2.34 | context_neighbors_max=4 | last_context_neighbors_mean=0.00 | last_context_neighbors_max=0 | actor_unlocked=0 | expl_noise=0.0772 | replay=10793 | interaction_replay=4257 | samples/sec=11.091
Status | epoch=1 | next_eval_in=9207 agent_samples | checkpoint_every=10 episodes | checkpoint=./checkpoints/interaction_safe_distance_from_5a_s20260725_latest.pt | model=interaction_safe_distance_from_5a_s20260725
Checkpoint saved: ./checkpoints/interaction_safe_distance_from_5a_s20260725_latest.pt
Episode 131 complete | agent_samples=10882 | env_steps=4438 | episode_env_steps=26 | episode_agent_samples=89 | mean_reward=126.453 | success=5/5 | collision=0/5 | mean_final_distance=0.256 | mean_progress=0.0125 | min_laser=0.650 | mean_lin=0.993 | mean_ang=0.593 | mean_robot_dist=1.409 | raw_reward=20.000 | adjusted_reward=20.000 | coop_agents=0/5 | mean_coop_neighbors=0.00 | active_neighbor_step_rate=0.607 | mean_active_neighbors_step=1.382 | max_active_neighbors_step=4 | interaction_reward=0.0000 | abs_interaction_reward=0.0000 | anti_stag_reward=0.0000 | abs_anti_stag_reward=0.0000 | wall_clear_reward=0.0000 | abs_wall_clear_reward=0.0000 | local_nav_reward=0.0000 | abs_local_nav_reward=0.0000 | context_neighbors_mean=1.44 | context_neighbors_max=4 | last_context_neighbors_mean=0.00 | last_context_neighbors_max=0 | actor_unlocked=0 | expl_noise=0.0772 | replay=10882 | interaction_replay=4309 | samples/sec=11.115
Episode 132 complete | agent_samples=10930 | env_steps=4458 | episode_env_steps=20 | episode_agent_samples=48 | mean_reward=26.487 | success=3/5 | collision=2/5 | mean_final_distance=0.584 | mean_progress=0.0059 | min_laser=0.300 | mean_lin=0.995 | mean_ang=0.007 | mean_robot_dist=1.672 | raw_reward=20.000 | adjusted_reward=20.000 | coop_agents=0/5 | mean_coop_neighbors=0.00 | active_neighbor_step_rate=0.688 | mean_active_neighbors_step=1.521 | max_active_neighbors_step=4 | interaction_reward=0.0000 | abs_interaction_reward=0.0000 | anti_stag_reward=0.0000 | abs_anti_stag_reward=0.0000 | wall_clear_reward=0.0000 | abs_wall_clear_reward=0.0000 | local_nav_reward=0.0000 | abs_local_nav_reward=0.0000 | context_neighbors_mean=1.65 | context_neighbors_max=4 | last_context_neighbors_mean=0.00 | last_context_neighbors_max=0 | actor_unlocked=0 | expl_noise=0.0772 | replay=10930 | interaction_replay=4342 | samples/sec=11.114
Episode 133 complete | agent_samples=11027 | env_steps=4495 | episode_env_steps=37 | episode_agent_samples=97 | mean_reward=122.474 | success=5/5 | collision=0/5 | mean_final_distance=0.251 | mean_progress=0.0170 | min_laser=0.511 | mean_lin=1.000 | mean_ang=-0.647 | mean_robot_dist=1.447 | raw_reward=20.000 | adjusted_reward=20.000 | coop_agents=0/5 | mean_coop_neighbors=0.00 | active_neighbor_step_rate=0.722 | mean_active_neighbors_step=1.845 | max_active_neighbors_step=4 | interaction_reward=0.0000 | abs_interaction_reward=0.0000 | anti_stag_reward=0.0000 | abs_anti_stag_reward=0.0000 | wall_clear_reward=0.0000 | abs_wall_clear_reward=0.0000 | local_nav_reward=0.0000 | abs_local_nav_reward=0.0000 | context_neighbors_mean=1.88 | context_neighbors_max=4 | last_context_neighbors_mean=0.00 | last_context_neighbors_max=0 | actor_unlocked=0 | expl_noise=0.0772 | replay=11027 | interaction_replay=4364 | samples/sec=11.121
Episode 134 complete | agent_samples=11071 | env_steps=4508 | episode_env_steps=13 | episode_agent_samples=44 | mean_reward=55.841 | success=4/5 | collision=1/5 | mean_final_distance=0.595 | mean_progress=0.0236 | min_laser=0.322 | mean_lin=1.000 | mean_ang=0.613 | mean_robot_dist=1.187 | raw_reward=20.000 | adjusted_reward=20.000 | coop_agents=0/5 | mean_coop_neighbors=0.00 | active_neighbor_step_rate=0.841 | mean_active_neighbors_step=2.409 | max_active_neighbors_step=4 | interaction_reward=0.0000 | abs_interaction_reward=0.0000 | anti_stag_reward=0.0000 | abs_anti_stag_reward=0.0000 | wall_clear_reward=0.0000 | abs_wall_clear_reward=0.0000 | local_nav_reward=0.0000 | abs_local_nav_reward=0.0000 | context_neighbors_mean=2.43 | context_neighbors_max=4 | last_context_neighbors_mean=0.00 | last_context_neighbors_max=0 | actor_unlocked=0 | expl_noise=0.0772 | replay=11071 | interaction_replay=4383 | samples/sec=11.133
Episode 135 complete | agent_samples=11143 | env_steps=4536 | episode_env_steps=28 | episode_agent_samples=72 | mean_reward=80.361 | success=4/5 | collision=1/5 | mean_final_distance=0.486 | mean_progress=0.0207 | min_laser=0.319 | mean_lin=0.795 | mean_ang=0.200 | mean_robot_dist=1.363 | raw_reward=20.000 | adjusted_reward=20.000 | coop_agents=0/5 | mean_coop_neighbors=0.00 | active_neighbor_step_rate=0.639 | mean_active_neighbors_step=1.542 | max_active_neighbors_step=4 | interaction_reward=0.0000 | abs_interaction_reward=0.0000 | anti_stag_reward=0.0000 | abs_anti_stag_reward=0.0000 | wall_clear_reward=0.0000 | abs_wall_clear_reward=0.0000 | local_nav_reward=0.0000 | abs_local_nav_reward=0.0000 | context_neighbors_mean=1.61 | context_neighbors_max=4 | last_context_neighbors_mean=0.00 | last_context_neighbors_max=0 | actor_unlocked=0 | expl_noise=0.0772 | replay=11143 | interaction_replay=4414 | samples/sec=11.136
Status | epoch=1 | next_eval_in=8857 agent_samples | checkpoint_every=10 episodes | checkpoint=./checkpoints/interaction_safe_distance_from_5a_s20260725_latest.pt | model=interaction_safe_distance_from_5a_s20260725
Episode 136 complete | agent_samples=11219 | env_steps=4555 | episode_env_steps=19 | episode_agent_samples=76 | mean_reward=116.891 | success=5/5 | collision=0/5 | mean_final_distance=0.262 | mean_progress=0.0114 | min_laser=0.416 | mean_lin=0.990 | mean_ang=-0.495 | mean_robot_dist=1.222 | raw_reward=20.000 | adjusted_reward=20.000 | coop_agents=0/5 | mean_coop_neighbors=0.00 | active_neighbor_step_rate=0.566 | mean_active_neighbors_step=1.553 | max_active_neighbors_step=4 | interaction_reward=0.0000 | abs_interaction_reward=0.0000 | anti_stag_reward=0.0000 | abs_anti_stag_reward=0.0000 | wall_clear_reward=0.0000 | abs_wall_clear_reward=0.0000 | local_nav_reward=0.0000 | abs_local_nav_reward=0.0000 | context_neighbors_mean=1.66 | context_neighbors_max=4 | last_context_neighbors_mean=0.00 | last_context_neighbors_max=0 | actor_unlocked=0 | expl_noise=0.0772 | replay=11219 | interaction_replay=4448 | samples/sec=11.165
Episode 137 complete | agent_samples=11266 | env_steps=4565 | episode_env_steps=10 | episode_agent_samples=47 | mean_reward=29.349 | success=3/5 | collision=2/5 | mean_final_distance=0.449 | mean_progress=0.0436 | min_laser=0.300 | mean_lin=0.989 | mean_ang=0.205 | mean_robot_dist=0.504 | raw_reward=-40.993 | adjusted_reward=-40.993 | coop_agents=2/5 | mean_coop_neighbors=0.40 | active_neighbor_step_rate=0.957 | mean_active_neighbors_step=2.128 | max_active_neighbors_step=4 | interaction_reward=0.0000 | abs_interaction_reward=0.0000 | anti_stag_reward=0.0000 | abs_anti_stag_reward=0.0000 | wall_clear_reward=0.0000 | abs_wall_clear_reward=0.0000 | local_nav_reward=0.0000 | abs_local_nav_reward=0.0000 | context_neighbors_mean=2.21 | context_neighbors_max=4 | last_context_neighbors_mean=0.00 | last_context_neighbors_max=0 | actor_unlocked=0 | expl_noise=0.0771 | replay=11266 | interaction_replay=4491 | samples/sec=11.186
Episode 138 complete | agent_samples=11336 | env_steps=4596 | episode_env_steps=31 | episode_agent_samples=70 | mean_reward=83.566 | success=4/5 | collision=1/5 | mean_final_distance=0.523 | mean_progress=0.0196 | min_laser=0.345 | mean_lin=0.811 | mean_ang=-0.329 | mean_robot_dist=1.548 | raw_reward=20.000 | adjusted_reward=20.000 | coop_agents=0/5 | mean_coop_neighbors=0.00 | active_neighbor_step_rate=0.657 | mean_active_neighbors_step=1.314 | max_active_neighbors_step=4 | interaction_reward=0.0000 | abs_interaction_reward=0.0000 | anti_stag_reward=0.0000 | abs_anti_stag_reward=0.0000 | wall_clear_reward=0.0000 | abs_wall_clear_reward=0.0000 | local_nav_reward=0.0000 | abs_local_nav_reward=0.0000 | context_neighbors_mean=1.34 | context_neighbors_max=4 | last_context_neighbors_mean=0.00 | last_context_neighbors_max=0 | actor_unlocked=0 | expl_noise=0.0771 | replay=11336 | interaction_replay=4506 | samples/sec=11.180
Episode 139 complete | agent_samples=11378 | env_steps=4608 | episode_env_steps=12 | episode_agent_samples=42 | mean_reward=26.723 | success=3/5 | collision=2/5 | mean_final_distance=0.595 | mean_progress=0.0269 | min_laser=0.300 | mean_lin=0.980 | mean_ang=0.255 | mean_robot_dist=1.236 | raw_reward=20.000 | adjusted_reward=20.000 | coop_agents=0/5 | mean_coop_neighbors=0.00 | active_neighbor_step_rate=0.714 | mean_active_neighbors_step=2.190 | max_active_neighbors_step=4 | interaction_reward=0.0000 | abs_interaction_reward=0.0000 | anti_stag_reward=0.0000 | abs_anti_stag_reward=0.0000 | wall_clear_reward=0.0000 | abs_wall_clear_reward=0.0000 | local_nav_reward=0.0000 | abs_local_nav_reward=0.0000 | context_neighbors_mean=2.17 | context_neighbors_max=4 | last_context_neighbors_mean=0.00 | last_context_neighbors_max=0 | actor_unlocked=0 | expl_noise=0.0771 | replay=11378 | interaction_replay=4530 | samples/sec=11.191
Episode 140 complete | agent_samples=11449 | env_steps=4631 | episode_env_steps=23 | episode_agent_samples=71 | mean_reward=79.596 | success=4/5 | collision=1/5 | mean_final_distance=0.408 | mean_progress=0.0122 | min_laser=0.336 | mean_lin=0.806 | mean_ang=0.335 | mean_robot_dist=1.216 | raw_reward=20.000 | adjusted_reward=20.000 | coop_agents=0/5 | mean_coop_neighbors=0.00 | active_neighbor_step_rate=0.535 | mean_active_neighbors_step=1.014 | max_active_neighbors_step=4 | interaction_reward=0.0000 | abs_interaction_reward=0.0000 | anti_stag_reward=0.0000 | abs_anti_stag_reward=0.0000 | wall_clear_reward=0.0000 | abs_wall_clear_reward=0.0000 | local_nav_reward=0.0000 | abs_local_nav_reward=0.0000 | context_neighbors_mean=1.03 | context_neighbors_max=4 | last_context_neighbors_mean=0.00 | last_context_neighbors_max=0 | actor_unlocked=0 | expl_noise=0.0771 | replay=11449 | interaction_replay=4544 | samples/sec=11.205
Status | epoch=1 | next_eval_in=8551 agent_samples | checkpoint_every=10 episodes | checkpoint=./checkpoints/interaction_safe_distance_from_5a_s20260725_latest.pt | model=interaction_safe_distance_from_5a_s20260725
Checkpoint saved: ./checkpoints/interaction_safe_distance_from_5a_s20260725_latest.pt
Episode 141 complete | agent_samples=11519 | env_steps=4659 | episode_env_steps=28 | episode_agent_samples=70 | mean_reward=115.634 | success=5/5 | collision=0/5 | mean_final_distance=0.231 | mean_progress=0.0050 | min_laser=0.517 | mean_lin=1.000 | mean_ang=-0.194 | mean_robot_dist=2.488 | raw_reward=20.000 | adjusted_reward=20.000 | coop_agents=0/5 | mean_coop_neighbors=0.00 | active_neighbor_step_rate=0.671 | mean_active_neighbors_step=1.357 | max_active_neighbors_step=4 | interaction_reward=0.0000 | abs_interaction_reward=0.0000 | anti_stag_reward=0.0000 | abs_anti_stag_reward=0.0000 | wall_clear_reward=0.0000 | abs_wall_clear_reward=0.0000 | local_nav_reward=0.0000 | abs_local_nav_reward=0.0000 | context_neighbors_mean=1.49 | context_neighbors_max=4 | last_context_neighbors_mean=0.00 | last_context_neighbors_max=0 | actor_unlocked=0 | expl_noise=0.0771 | replay=11519 | interaction_replay=4586 | samples/sec=11.205
Episode 142 complete | agent_samples=11593 | env_steps=4687 | episode_env_steps=28 | episode_agent_samples=74 | mean_reward=127.890 | success=5/5 | collision=0/5 | mean_final_distance=0.255 | mean_progress=0.0071 | min_laser=0.671 | mean_lin=1.000 | mean_ang=0.227 | mean_robot_dist=1.848 | raw_reward=20.000 | adjusted_reward=20.000 | coop_agents=0/5 | mean_coop_neighbors=0.00 | active_neighbor_step_rate=0.486 | mean_active_neighbors_step=1.216 | max_active_neighbors_step=3 | interaction_reward=0.0000 | abs_interaction_reward=0.0000 | anti_stag_reward=0.0000 | abs_anti_stag_reward=0.0000 | wall_clear_reward=0.0000 | abs_wall_clear_reward=0.0000 | local_nav_reward=0.0000 | abs_local_nav_reward=0.0000 | context_neighbors_mean=1.27 | context_neighbors_max=3 | last_context_neighbors_mean=0.00 | last_context_neighbors_max=0 | actor_unlocked=0 | expl_noise=0.0771 | replay=11593 | interaction_replay=4606 | samples/sec=11.210
Episode 143 complete | agent_samples=11723 | env_steps=4765 | episode_env_steps=78 | episode_agent_samples=130 | mean_reward=109.591 | success=5/5 | collision=0/5 | mean_final_distance=0.268 | mean_progress=0.0120 | min_laser=0.518 | mean_lin=1.000 | mean_ang=0.075 | mean_robot_dist=0.971 | raw_reward=19.971 | adjusted_reward=19.971 | coop_agents=0/5 | mean_coop_neighbors=0.00 | active_neighbor_step_rate=0.369 | mean_active_neighbors_step=0.908 | max_active_neighbors_step=4 | interaction_reward=0.0000 | abs_interaction_reward=0.0000 | anti_stag_reward=0.0000 | abs_anti_stag_reward=0.0000 | wall_clear_reward=0.0000 | abs_wall_clear_reward=0.0000 | local_nav_reward=0.0000 | abs_local_nav_reward=0.0000 | context_neighbors_mean=0.97 | context_neighbors_max=4 | last_context_neighbors_mean=0.00 | last_context_neighbors_max=0 | actor_unlocked=0 | expl_noise=0.0770 | replay=11723 | interaction_replay=4646 | samples/sec=11.154
Episode 144 complete | agent_samples=11767 | env_steps=4775 | episode_env_steps=10 | episode_agent_samples=44 | mean_reward=28.543 | success=3/5 | collision=2/5 | mean_final_distance=0.426 | mean_progress=0.0230 | min_laser=0.300 | mean_lin=0.585 | mean_ang=0.198 | mean_robot_dist=1.341 | raw_reward=20.000 | adjusted_reward=20.000 | coop_agents=0/5 | mean_coop_neighbors=0.00 | active_neighbor_step_rate=0.955 | mean_active_neighbors_step=2.500 | max_active_neighbors_step=4 | interaction_reward=0.0000 | abs_interaction_reward=0.0000 | anti_stag_reward=0.0000 | abs_anti_stag_reward=0.0000 | wall_clear_reward=0.0000 | abs_wall_clear_reward=0.0000 | local_nav_reward=0.0000 | abs_local_nav_reward=0.0000 | context_neighbors_mean=2.66 | context_neighbors_max=4 | last_context_neighbors_mean=0.00 | last_context_neighbors_max=0 | actor_unlocked=0 | expl_noise=0.0770 | replay=11767 | interaction_replay=4686 | samples/sec=11.171
Episode 145 complete | agent_samples=11824 | env_steps=4795 | episode_env_steps=20 | episode_agent_samples=57 | mean_reward=76.718 | success=4/5 | collision=1/5 | mean_final_distance=0.450 | mean_progress=0.0057 | min_laser=0.300 | mean_lin=0.982 | mean_ang=-0.566 | mean_robot_dist=1.211 | raw_reward=20.000 | adjusted_reward=20.000 | coop_agents=0/5 | mean_coop_neighbors=0.00 | active_neighbor_step_rate=0.772 | mean_active_neighbors_step=1.895 | max_active_neighbors_step=4 | interaction_reward=0.0000 | abs_interaction_reward=0.0000 | anti_stag_reward=0.0000 | abs_anti_stag_reward=0.0000 | wall_clear_reward=0.0000 | abs_wall_clear_reward=0.0000 | local_nav_reward=0.0000 | abs_local_nav_reward=0.0000 | context_neighbors_mean=1.96 | context_neighbors_max=4 | last_context_neighbors_mean=0.00 | last_context_neighbors_max=0 | actor_unlocked=0 | expl_noise=0.0770 | replay=11824 | interaction_replay=4729 | samples/sec=11.179
Status | epoch=1 | next_eval_in=8176 agent_samples | checkpoint_every=10 episodes | checkpoint=./checkpoints/interaction_safe_distance_from_5a_s20260725_latest.pt | model=interaction_safe_distance_from_5a_s20260725
Episode 146 complete | agent_samples=11881 | env_steps=4816 | episode_env_steps=21 | episode_agent_samples=57 | mean_reward=115.140 | success=5/5 | collision=0/5 | mean_final_distance=0.260 | mean_progress=0.0206 | min_laser=0.725 | mean_lin=0.969 | mean_ang=0.118 | mean_robot_dist=1.539 | raw_reward=20.000 | adjusted_reward=20.000 | coop_agents=0/5 | mean_coop_neighbors=0.00 | active_neighbor_step_rate=0.754 | mean_active_neighbors_step=1.702 | max_active_neighbors_step=4 | interaction_reward=0.0000 | abs_interaction_reward=0.0000 | anti_stag_reward=0.0000 | abs_anti_stag_reward=0.0000 | wall_clear_reward=0.0000 | abs_wall_clear_reward=0.0000 | local_nav_reward=0.0000 | abs_local_nav_reward=0.0000 | context_neighbors_mean=1.84 | context_neighbors_max=4 | last_context_neighbors_mean=0.00 | last_context_neighbors_max=0 | actor_unlocked=0 | expl_noise=0.0770 | replay=11881 | interaction_replay=4768 | samples/sec=11.184
Episode 147 complete | agent_samples=12024 | env_steps=4887 | episode_env_steps=71 | episode_agent_samples=143 | mean_reward=117.047 | success=5/5 | collision=0/5 | mean_final_distance=0.266 | mean_progress=0.0001 | min_laser=0.524 | mean_lin=0.800 | mean_ang=-0.227 | mean_robot_dist=1.224 | raw_reward=20.000 | adjusted_reward=20.000 | coop_agents=0/5 | mean_coop_neighbors=0.00 | active_neighbor_step_rate=0.587 | mean_active_neighbors_step=1.252 | max_active_neighbors_step=4 | interaction_reward=0.0000 | abs_interaction_reward=0.0000 | anti_stag_reward=0.0000 | abs_anti_stag_reward=0.0000 | wall_clear_reward=0.0000 | abs_wall_clear_reward=0.0000 | local_nav_reward=0.0000 | abs_local_nav_reward=0.0000 | context_neighbors_mean=1.27 | context_neighbors_max=4 | last_context_neighbors_mean=0.00 | last_context_neighbors_max=0 | actor_unlocked=0 | expl_noise=0.0769 | replay=12024 | interaction_replay=4805 | samples/sec=11.157
Episode 148 complete | agent_samples=12108 | env_steps=4915 | episode_env_steps=28 | episode_agent_samples=84 | mean_reward=34.504 | success=3/5 | collision=2/5 | mean_final_distance=0.359 | mean_progress=0.0115 | min_laser=0.334 | mean_lin=0.604 | mean_ang=-0.480 | mean_robot_dist=0.772 | raw_reward=19.772 | adjusted_reward=19.772 | coop_agents=0/5 | mean_coop_neighbors=0.00 | active_neighbor_step_rate=0.786 | mean_active_neighbors_step=1.774 | max_active_neighbors_step=4 | interaction_reward=0.0000 | abs_interaction_reward=0.0000 | anti_stag_reward=0.0000 | abs_anti_stag_reward=0.0000 | wall_clear_reward=0.0000 | abs_wall_clear_reward=0.0000 | local_nav_reward=0.0000 | abs_local_nav_reward=0.0000 | context_neighbors_mean=1.80 | context_neighbors_max=4 | last_context_neighbors_mean=0.00 | last_context_neighbors_max=0 | actor_unlocked=0 | expl_noise=0.0769 | replay=12108 | interaction_replay=4843 | samples/sec=11.172
Episode 149 complete | agent_samples=12157 | env_steps=4928 | episode_env_steps=13 | episode_agent_samples=49 | mean_reward=31.625 | success=3/5 | collision=2/5 | mean_final_distance=0.505 | mean_progress=0.0169 | min_laser=0.300 | mean_lin=0.997 | mean_ang=-0.777 | mean_robot_dist=2.776 | raw_reward=20.000 | adjusted_reward=20.000 | coop_agents=0/5 | mean_coop_neighbors=0.00 | active_neighbor_step_rate=0.694 | mean_active_neighbors_step=2.122 | max_active_neighbors_step=4 | interaction_reward=0.0000 | abs_interaction_reward=0.0000 | anti_stag_reward=0.0000 | abs_anti_stag_reward=0.0000 | wall_clear_reward=0.0000 | abs_wall_clear_reward=0.0000 | local_nav_reward=0.0000 | abs_local_nav_reward=0.0000 | context_neighbors_mean=2.10 | context_neighbors_max=4 | last_context_neighbors_mean=0.00 | last_context_neighbors_max=0 | actor_unlocked=0 | expl_noise=0.0769 | replay=12157 | interaction_replay=4861 | samples/sec=11.187
Episode 150 complete | agent_samples=12231 | env_steps=4953 | episode_env_steps=25 | episode_agent_samples=74 | mean_reward=80.098 | success=4/5 | collision=1/5 | mean_final_distance=0.273 | mean_progress=0.0057 | min_laser=0.326 | mean_lin=0.900 | mean_ang=0.608 | mean_robot_dist=1.546 | raw_reward=20.000 | adjusted_reward=20.000 | coop_agents=0/5 | mean_coop_neighbors=0.00 | active_neighbor_step_rate=0.649 | mean_active_neighbors_step=1.595 | max_active_neighbors_step=4 | interaction_reward=0.0000 | abs_interaction_reward=0.0000 | anti_stag_reward=0.0000 | abs_anti_stag_reward=0.0000 | wall_clear_reward=0.0000 | abs_wall_clear_reward=0.0000 | local_nav_reward=0.0000 | abs_local_nav_reward=0.0000 | context_neighbors_mean=1.69 | context_neighbors_max=4 | last_context_neighbors_mean=0.00 | last_context_neighbors_max=0 | actor_unlocked=0 | expl_noise=0.0769 | replay=12231 | interaction_replay=4906 | samples/sec=11.199
Status | epoch=1 | next_eval_in=7769 agent_samples | checkpoint_every=10 episodes | checkpoint=./checkpoints/interaction_safe_distance_from_5a_s20260725_latest.pt | model=interaction_safe_distance_from_5a_s20260725
Checkpoint saved: ./checkpoints/interaction_safe_distance_from_5a_s20260725_latest.pt
Episode 151 complete | agent_samples=12286 | env_steps=4970 | episode_env_steps=17 | episode_agent_samples=55 | mean_reward=108.771 | success=5/5 | collision=0/5 | mean_final_distance=0.261 | mean_progress=0.0199 | min_laser=0.452 | mean_lin=0.986 | mean_ang=0.188 | mean_robot_dist=1.755 | raw_reward=20.000 | adjusted_reward=20.000 | coop_agents=0/5 | mean_coop_neighbors=0.00 | active_neighbor_step_rate=0.673 | mean_active_neighbors_step=1.655 | max_active_neighbors_step=4 | interaction_reward=0.0000 | abs_interaction_reward=0.0000 | anti_stag_reward=0.0000 | abs_anti_stag_reward=0.0000 | wall_clear_reward=0.0000 | abs_wall_clear_reward=0.0000 | local_nav_reward=0.0000 | abs_local_nav_reward=0.0000 | context_neighbors_mean=1.73 | context_neighbors_max=4 | last_context_neighbors_mean=0.00 | last_context_neighbors_max=0 | actor_unlocked=0 | expl_noise=0.0769 | replay=12286 | interaction_replay=4945 | samples/sec=11.208
Episode 152 complete | agent_samples=12355 | env_steps=5002 | episode_env_steps=32 | episode_agent_samples=69 | mean_reward=33.708 | success=3/5 | collision=2/5 | mean_final_distance=0.462 | mean_progress=0.0139 | min_laser=0.300 | mean_lin=0.900 | mean_ang=0.019 | mean_robot_dist=1.174 | raw_reward=20.000 | adjusted_reward=20.000 | coop_agents=0/5 | mean_coop_neighbors=0.00 | active_neighbor_step_rate=0.667 | mean_active_neighbors_step=1.870 | max_active_neighbors_step=4 | interaction_reward=0.0000 | abs_interaction_reward=0.0000 | anti_stag_reward=0.0000 | abs_anti_stag_reward=0.0000 | wall_clear_reward=0.0000 | abs_wall_clear_reward=0.0000 | local_nav_reward=0.0000 | abs_local_nav_reward=0.0000 | context_neighbors_mean=1.90 | context_neighbors_max=4 | last_context_neighbors_mean=0.00 | last_context_neighbors_max=0 | actor_unlocked=0 | expl_noise=0.0769 | replay=12355 | interaction_replay=4990 | samples/sec=11.200
Episode 153 complete | agent_samples=12407 | env_steps=5017 | episode_env_steps=15 | episode_agent_samples=52 | mean_reward=70.382 | success=4/5 | collision=1/5 | mean_final_distance=0.491 | mean_progress=0.0129 | min_laser=0.315 | mean_lin=0.797 | mean_ang=-0.848 | mean_robot_dist=0.961 | raw_reward=19.961 | adjusted_reward=19.961 | coop_agents=0/5 | mean_coop_neighbors=0.00 | active_neighbor_step_rate=0.846 | mean_active_neighbors_step=2.038 | max_active_neighbors_step=4 | interaction_reward=0.0000 | abs_interaction_reward=0.0000 | anti_stag_reward=0.0000 | abs_anti_stag_reward=0.0000 | wall_clear_reward=0.0000 | abs_wall_clear_reward=0.0000 | local_nav_reward=0.0000 | abs_local_nav_reward=0.0000 | context_neighbors_mean=2.08 | context_neighbors_max=4 | last_context_neighbors_mean=0.00 | last_context_neighbors_max=0 | actor_unlocked=0 | expl_noise=0.0769 | replay=12407 | interaction_replay=5031 | samples/sec=11.213
Episode 154 complete | agent_samples=12458 | env_steps=5036 | episode_env_steps=19 | episode_agent_samples=51 | mean_reward=39.390 | success=3/5 | collision=2/5 | mean_final_distance=0.880 | mean_progress=0.0279 | min_laser=0.300 | mean_lin=0.802 | mean_ang=-0.358 | mean_robot_dist=2.068 | raw_reward=20.000 | adjusted_reward=20.000 | coop_agents=0/5 | mean_coop_neighbors=0.00 | active_neighbor_step_rate=0.451 | mean_active_neighbors_step=1.078 | max_active_neighbors_step=4 | interaction_reward=0.0000 | abs_interaction_reward=0.0000 | anti_stag_reward=0.0000 | abs_anti_stag_reward=0.0000 | wall_clear_reward=0.0000 | abs_wall_clear_reward=0.0000 | local_nav_reward=0.0000 | abs_local_nav_reward=0.0000 | context_neighbors_mean=1.10 | context_neighbors_max=4 | last_context_neighbors_mean=0.00 | last_context_neighbors_max=0 | actor_unlocked=0 | expl_noise=0.0769 | replay=12458 | interaction_replay=5043 | samples/sec=11.216
Episode 155 complete | agent_samples=12501 | env_steps=5047 | episode_env_steps=11 | episode_agent_samples=43 | mean_reward=30.613 | success=3/5 | collision=2/5 | mean_final_distance=0.630 | mean_progress=0.0408 | min_laser=0.300 | mean_lin=1.000 | mean_ang=0.216 | mean_robot_dist=1.486 | raw_reward=40.000 | adjusted_reward=40.000 | coop_agents=1/5 | mean_coop_neighbors=0.20 | active_neighbor_step_rate=0.744 | mean_active_neighbors_step=1.488 | max_active_neighbors_step=4 | interaction_reward=0.0000 | abs_interaction_reward=0.0000 | anti_stag_reward=0.0000 | abs_anti_stag_reward=0.0000 | wall_clear_reward=0.0000 | abs_wall_clear_reward=0.0000 | local_nav_reward=0.0000 | abs_local_nav_reward=0.0000 | context_neighbors_mean=1.53 | context_neighbors_max=4 | last_context_neighbors_mean=0.00 | last_context_neighbors_max=0 | actor_unlocked=0 | expl_noise=0.0768 | replay=12501 | interaction_replay=5073 | samples/sec=11.230
Status | epoch=1 | next_eval_in=7499 agent_samples | checkpoint_every=10 episodes | checkpoint=./checkpoints/interaction_safe_distance_from_5a_s20260725_latest.pt | model=interaction_safe_distance_from_5a_s20260725
Episode 156 complete | agent_samples=12548 | env_steps=5059 | episode_env_steps=12 | episode_agent_samples=47 | mean_reward=72.037 | success=4/5 | collision=1/5 | mean_final_distance=0.526 | mean_progress=0.0327 | min_laser=0.342 | mean_lin=0.875 | mean_ang=0.200 | mean_robot_dist=1.317 | raw_reward=39.844 | adjusted_reward=39.875 | coop_agents=1/5 | mean_coop_neighbors=0.20 | active_neighbor_step_rate=0.851 | mean_active_neighbors_step=2.064 | max_active_neighbors_step=4 | interaction_reward=0.0000 | abs_interaction_reward=0.0000 | anti_stag_reward=0.0000 | abs_anti_stag_reward=0.0000 | wall_clear_reward=0.0000 | abs_wall_clear_reward=0.0000 | local_nav_reward=0.0000 | abs_local_nav_reward=0.0000 | context_neighbors_mean=2.15 | context_neighbors_max=4 | last_context_neighbors_mean=0.00 | last_context_neighbors_max=0 | actor_unlocked=0 | expl_noise=0.0768 | replay=12548 | interaction_replay=5109 | samples/sec=11.246
Episode 157 complete | agent_samples=12593 | env_steps=5070 | episode_env_steps=11 | episode_agent_samples=45 | mean_reward=39.765 | success=3/5 | collision=2/5 | mean_final_distance=0.490 | mean_progress=0.0226 | min_laser=0.300 | mean_lin=0.972 | mean_ang=-0.189 | mean_robot_dist=1.756 | raw_reward=20.000 | adjusted_reward=20.000 | coop_agents=0/5 | mean_coop_neighbors=0.00 | active_neighbor_step_rate=0.844 | mean_active_neighbors_step=1.933 | max_active_neighbors_step=4 | interaction_reward=0.0000 | abs_interaction_reward=0.0000 | anti_stag_reward=0.0000 | abs_anti_stag_reward=0.0000 | wall_clear_reward=0.0000 | abs_wall_clear_reward=0.0000 | local_nav_reward=0.0000 | abs_local_nav_reward=0.0000 | context_neighbors_mean=2.04 | context_neighbors_max=4 | last_context_neighbors_mean=0.00 | last_context_neighbors_max=0 | actor_unlocked=0 | expl_noise=0.0768 | replay=12593 | interaction_replay=5148 | samples/sec=11.261
Episode 158 complete | agent_samples=12658 | env_steps=5105 | episode_env_steps=35 | episode_agent_samples=65 | mean_reward=23.513 | success=3/5 | collision=2/5 | mean_final_distance=0.813 | mean_progress=0.0044 | min_laser=0.313 | mean_lin=0.661 | mean_ang=0.062 | mean_robot_dist=1.147 | raw_reward=20.000 | adjusted_reward=20.000 | coop_agents=0/5 | mean_coop_neighbors=0.00 | active_neighbor_step_rate=0.431 | mean_active_neighbors_step=1.292 | max_active_neighbors_step=4 | interaction_reward=0.0000 | abs_interaction_reward=0.0000 | anti_stag_reward=0.0000 | abs_anti_stag_reward=0.0000 | wall_clear_reward=0.0000 | abs_wall_clear_reward=0.0000 | local_nav_reward=0.0000 | abs_local_nav_reward=0.0000 | context_neighbors_mean=1.29 | context_neighbors_max=4 | last_context_neighbors_mean=0.00 | last_context_neighbors_max=0 | actor_unlocked=0 | expl_noise=0.0768 | replay=12658 | interaction_replay=5169 | samples/sec=11.242
Episode 159 complete | agent_samples=12734 | env_steps=5132 | episode_env_steps=27 | episode_agent_samples=76 | mean_reward=122.722 | success=5/5 | collision=0/5 | mean_final_distance=0.267 | mean_progress=0.0018 | min_laser=0.512 | mean_lin=0.707 | mean_ang=0.200 | mean_robot_dist=1.016 | raw_reward=20.000 | adjusted_reward=20.000 | coop_agents=0/5 | mean_coop_neighbors=0.00 | active_neighbor_step_rate=0.671 | mean_active_neighbors_step=1.618 | max_active_neighbors_step=4 | interaction_reward=0.0000 | abs_interaction_reward=0.0000 | anti_stag_reward=0.0000 | abs_anti_stag_reward=0.0000 | wall_clear_reward=0.0000 | abs_wall_clear_reward=0.0000 | local_nav_reward=0.0000 | abs_local_nav_reward=0.0000 | context_neighbors_mean=1.71 | context_neighbors_max=4 | last_context_neighbors_mean=0.00 | last_context_neighbors_max=0 | actor_unlocked=0 | expl_noise=0.0768 | replay=12734 | interaction_replay=5222 | samples/sec=11.251
Episode 160 complete | agent_samples=12874 | env_steps=5191 | episode_env_steps=59 | episode_agent_samples=140 | mean_reward=83.419 | success=4/5 | collision=1/5 | mean_final_distance=0.326 | mean_progress=-0.0023 | min_laser=0.319 | mean_lin=0.800 | mean_ang=0.578 | mean_robot_dist=0.658 | raw_reward=-20.342 | adjusted_reward=-20.342 | coop_agents=0/5 | mean_coop_neighbors=0.00 | active_neighbor_step_rate=0.671 | mean_active_neighbors_step=1.336 | max_active_neighbors_step=4 | interaction_reward=0.0000 | abs_interaction_reward=0.0000 | anti_stag_reward=0.0000 | abs_anti_stag_reward=0.0000 | wall_clear_reward=0.0000 | abs_wall_clear_reward=0.0000 | local_nav_reward=0.0000 | abs_local_nav_reward=0.0000 | context_neighbors_mean=1.33 | context_neighbors_max=4 | last_context_neighbors_mean=0.00 | last_context_neighbors_max=0 | actor_unlocked=0 | expl_noise=0.0768 | replay=12874 | interaction_replay=5241 | samples/sec=11.247
Status | epoch=1 | next_eval_in=7126 agent_samples | checkpoint_every=10 episodes | checkpoint=./checkpoints/interaction_safe_distance_from_5a_s20260725_latest.pt | model=interaction_safe_distance_from_5a_s20260725
Checkpoint saved: ./checkpoints/interaction_safe_distance_from_5a_s20260725_latest.pt
Episode 161 complete | agent_samples=13020 | env_steps=5268 | episode_env_steps=77 | episode_agent_samples=146 | mean_reward=118.489 | success=5/5 | collision=0/5 | mean_final_distance=0.249 | mean_progress=0.0158 | min_laser=0.373 | mean_lin=0.993 | mean_ang=0.324 | mean_robot_dist=1.312 | raw_reward=20.000 | adjusted_reward=20.000 | coop_agents=0/5 | mean_coop_neighbors=0.00 | active_neighbor_step_rate=0.500 | mean_active_neighbors_step=1.123 | max_active_neighbors_step=4 | interaction_reward=0.0000 | abs_interaction_reward=0.0000 | anti_stag_reward=0.0000 | abs_anti_stag_reward=0.0000 | wall_clear_reward=0.0000 | abs_wall_clear_reward=0.0000 | local_nav_reward=0.0000 | abs_local_nav_reward=0.0000 | context_neighbors_mean=1.11 | context_neighbors_max=4 | last_context_neighbors_mean=0.00 | last_context_neighbors_max=0 | actor_unlocked=0 | expl_noise=0.0767 | replay=13020 | interaction_replay=5291 | samples/sec=11.210
Episode 162 complete | agent_samples=13191 | env_steps=5339 | episode_env_steps=71 | episode_agent_samples=171 | mean_reward=122.570 | success=5/5 | collision=0/5 | mean_final_distance=0.255 | mean_progress=0.0190 | min_laser=0.439 | mean_lin=0.600 | mean_ang=-0.111 | mean_robot_dist=1.418 | raw_reward=20.000 | adjusted_reward=20.000 | coop_agents=0/5 | mean_coop_neighbors=0.00 | active_neighbor_step_rate=0.708 | mean_active_neighbors_step=1.784 | max_active_neighbors_step=4 | interaction_reward=0.0000 | abs_interaction_reward=0.0000 | anti_stag_reward=0.0000 | abs_anti_stag_reward=0.0000 | wall_clear_reward=0.0000 | abs_wall_clear_reward=0.0000 | local_nav_reward=0.0000 | abs_local_nav_reward=0.0000 | context_neighbors_mean=1.81 | context_neighbors_max=4 | last_context_neighbors_mean=0.00 | last_context_neighbors_max=0 | actor_unlocked=0 | expl_noise=0.0767 | replay=13191 | interaction_replay=5359 | samples/sec=11.210
Episode 163 complete | agent_samples=13308 | env_steps=5385 | episode_env_steps=46 | episode_agent_samples=117 | mean_reward=128.395 | success=5/5 | collision=0/5 | mean_final_distance=0.269 | mean_progress=0.0240 | min_laser=0.473 | mean_lin=1.000 | mean_ang=0.155 | mean_robot_dist=1.237 | raw_reward=20.000 | adjusted_reward=20.000 | coop_agents=0/5 | mean_coop_neighbors=0.00 | active_neighbor_step_rate=0.726 | mean_active_neighbors_step=1.744 | max_active_neighbors_step=4 | interaction_reward=0.0000 | abs_interaction_reward=0.0000 | anti_stag_reward=0.0000 | abs_anti_stag_reward=0.0000 | wall_clear_reward=0.0000 | abs_wall_clear_reward=0.0000 | local_nav_reward=0.0000 | abs_local_nav_reward=0.0000 | context_neighbors_mean=1.75 | context_neighbors_max=4 | last_context_neighbors_mean=0.00 | last_context_neighbors_max=0 | actor_unlocked=0 | expl_noise=0.0766 | replay=13308 | interaction_replay=5390 | samples/sec=11.214
Episode 164 complete | agent_samples=13366 | env_steps=5405 | episode_env_steps=20 | episode_agent_samples=58 | mean_reward=121.442 | success=5/5 | collision=0/5 | mean_final_distance=0.264 | mean_progress=0.0196 | min_laser=0.584 | mean_lin=0.995 | mean_ang=0.599 | mean_robot_dist=0.974 | raw_reward=19.974 | adjusted_reward=19.974 | coop_agents=0/5 | mean_coop_neighbors=0.00 | active_neighbor_step_rate=0.776 | mean_active_neighbors_step=1.362 | max_active_neighbors_step=4 | interaction_reward=0.0000 | abs_interaction_reward=0.0000 | anti_stag_reward=0.0000 | abs_anti_stag_reward=0.0000 | wall_clear_reward=0.0000 | abs_wall_clear_reward=0.0000 | local_nav_reward=0.0000 | abs_local_nav_reward=0.0000 | context_neighbors_mean=1.45 | context_neighbors_max=4 | last_context_neighbors_mean=0.00 | last_context_neighbors_max=0 | actor_unlocked=0 | expl_noise=0.0766 | replay=13366 | interaction_replay=5434 | samples/sec=11.221
Episode 165 complete | agent_samples=13468 | env_steps=5438 | episode_env_steps=33 | episode_agent_samples=102 | mean_reward=73.642 | success=4/5 | collision=1/5 | mean_final_distance=0.502 | mean_progress=0.0238 | min_laser=0.343 | mean_lin=0.914 | mean_ang=0.116 | mean_robot_dist=0.746 | raw_reward=-20.254 | adjusted_reward=-20.254 | coop_agents=0/5 | mean_coop_neighbors=0.00 | active_neighbor_step_rate=0.833 | mean_active_neighbors_step=1.716 | max_active_neighbors_step=4 | interaction_reward=0.0000 | abs_interaction_reward=0.0000 | anti_stag_reward=0.0000 | abs_anti_stag_reward=0.0000 | wall_clear_reward=0.0000 | abs_wall_clear_reward=0.0000 | local_nav_reward=0.0000 | abs_local_nav_reward=0.0000 | context_neighbors_mean=1.73 | context_neighbors_max=4 | last_context_neighbors_mean=0.00 | last_context_neighbors_max=0 | actor_unlocked=0 | expl_noise=0.0766 | replay=13468 | interaction_replay=5477 | samples/sec=11.238
Status | epoch=1 | next_eval_in=6532 agent_samples | checkpoint_every=10 episodes | checkpoint=./checkpoints/interaction_safe_distance_from_5a_s20260725_latest.pt | model=interaction_safe_distance_from_5a_s20260725
Episode 166 complete | agent_samples=13522 | env_steps=5456 | episode_env_steps=18 | episode_agent_samples=54 | mean_reward=114.073 | success=5/5 | collision=0/5 | mean_final_distance=0.247 | mean_progress=0.0230 | min_laser=0.393 | mean_lin=1.000 | mean_ang=-0.257 | mean_robot_dist=0.647 | raw_reward=19.647 | adjusted_reward=19.647 | coop_agents=0/5 | mean_coop_neighbors=0.00 | active_neighbor_step_rate=0.796 | mean_active_neighbors_step=2.037 | max_active_neighbors_step=4 | interaction_reward=0.0000 | abs_interaction_reward=0.0000 | anti_stag_reward=0.0000 | abs_anti_stag_reward=0.0000 | wall_clear_reward=0.0000 | abs_wall_clear_reward=0.0000 | local_nav_reward=0.0000 | abs_local_nav_reward=0.0000 | context_neighbors_mean=2.17 | context_neighbors_max=4 | last_context_neighbors_mean=0.00 | last_context_neighbors_max=0 | actor_unlocked=0 | expl_noise=0.0766 | replay=13522 | interaction_replay=5522 | samples/sec=11.246
Episode 167 complete | agent_samples=13640 | env_steps=5490 | episode_env_steps=34 | episode_agent_samples=118 | mean_reward=70.076 | success=4/5 | collision=1/5 | mean_final_distance=0.312 | mean_progress=0.0146 | min_laser=0.348 | mean_lin=0.791 | mean_ang=0.194 | mean_robot_dist=2.536 | raw_reward=20.000 | adjusted_reward=20.000 | coop_agents=0/5 | mean_coop_neighbors=0.00 | active_neighbor_step_rate=0.856 | mean_active_neighbors_step=2.042 | max_active_neighbors_step=4 | interaction_reward=0.0000 | abs_interaction_reward=0.0000 | anti_stag_reward=0.0000 | abs_anti_stag_reward=0.0000 | wall_clear_reward=0.0000 | abs_wall_clear_reward=0.0000 | local_nav_reward=0.0000 | abs_local_nav_reward=0.0000 | context_neighbors_mean=2.07 | context_neighbors_max=4 | last_context_neighbors_mean=0.00 | last_context_neighbors_max=0 | actor_unlocked=0 | expl_noise=0.0766 | replay=13640 | interaction_replay=5556 | samples/sec=11.275
Episode 168 complete | agent_samples=13680 | env_steps=5499 | episode_env_steps=9 | episode_agent_samples=40 | mean_reward=109.828 | success=5/5 | collision=0/5 | mean_final_distance=0.232 | mean_progress=0.0187 | min_laser=0.643 | mean_lin=0.998 | mean_ang=-0.186 | mean_robot_dist=0.934 | raw_reward=19.934 | adjusted_reward=19.934 | coop_agents=0/5 | mean_coop_neighbors=0.00 | active_neighbor_step_rate=0.900 | mean_active_neighbors_step=2.225 | max_active_neighbors_step=4 | interaction_reward=0.0000 | abs_interaction_reward=0.0000 | anti_stag_reward=0.0000 | abs_anti_stag_reward=0.0000 | wall_clear_reward=0.0000 | abs_wall_clear_reward=0.0000 | local_nav_reward=0.0000 | abs_local_nav_reward=0.0000 | context_neighbors_mean=2.40 | context_neighbors_max=4 | last_context_neighbors_mean=0.00 | last_context_neighbors_max=0 | actor_unlocked=0 | expl_noise=0.0766 | replay=13680 | interaction_replay=5592 | samples/sec=11.288
Episode 169 complete | agent_samples=13759 | env_steps=5534 | episode_env_steps=35 | episode_agent_samples=79 | mean_reward=28.649 | success=3/5 | collision=2/5 | mean_final_distance=0.562 | mean_progress=0.0111 | min_laser=0.300 | mean_lin=0.799 | mean_ang=0.582 | mean_robot_dist=1.047 | raw_reward=20.000 | adjusted_reward=20.000 | coop_agents=0/5 | mean_coop_neighbors=0.00 | active_neighbor_step_rate=0.747 | mean_active_neighbors_step=1.886 | max_active_neighbors_step=4 | interaction_reward=0.0000 | abs_interaction_reward=0.0000 | anti_stag_reward=0.0000 | abs_anti_stag_reward=0.0000 | wall_clear_reward=0.0000 | abs_wall_clear_reward=0.0000 | local_nav_reward=0.0000 | abs_local_nav_reward=0.0000 | context_neighbors_mean=1.86 | context_neighbors_max=4 | last_context_neighbors_mean=0.00 | last_context_neighbors_max=0 | actor_unlocked=0 | expl_noise=0.0765 | replay=13759 | interaction_replay=5610 | samples/sec=11.282
Episode 170 complete | agent_samples=13852 | env_steps=5563 | episode_env_steps=29 | episode_agent_samples=93 | mean_reward=125.941 | success=5/5 | collision=0/5 | mean_final_distance=0.274 | mean_progress=0.0170 | min_laser=0.474 | mean_lin=0.810 | mean_ang=-0.204 | mean_robot_dist=0.989 | raw_reward=19.989 | adjusted_reward=19.989 | coop_agents=0/5 | mean_coop_neighbors=0.00 | active_neighbor_step_rate=0.849 | mean_active_neighbors_step=2.108 | max_active_neighbors_step=4 | interaction_reward=0.0000 | abs_interaction_reward=0.0000 | anti_stag_reward=0.0000 | abs_anti_stag_reward=0.0000 | wall_clear_reward=0.0000 | abs_wall_clear_reward=0.0000 | local_nav_reward=0.0000 | abs_local_nav_reward=0.0000 | context_neighbors_mean=2.11 | context_neighbors_max=4 | last_context_neighbors_mean=0.00 | last_context_neighbors_max=0 | actor_unlocked=0 | expl_noise=0.0765 | replay=13852 | interaction_replay=5620 | samples/sec=11.300
Status | epoch=1 | next_eval_in=6148 agent_samples | checkpoint_every=10 episodes | checkpoint=./checkpoints/interaction_safe_distance_from_5a_s20260725_latest.pt | model=interaction_safe_distance_from_5a_s20260725
Checkpoint saved: ./checkpoints/interaction_safe_distance_from_5a_s20260725_latest.pt
Episode 171 complete | agent_samples=13943 | env_steps=5600 | episode_env_steps=37 | episode_agent_samples=91 | mean_reward=115.514 | success=5/5 | collision=0/5 | mean_final_distance=0.269 | mean_progress=0.0229 | min_laser=0.435 | mean_lin=0.800 | mean_ang=0.581 | mean_robot_dist=1.295 | raw_reward=20.000 | adjusted_reward=20.000 | coop_agents=0/5 | mean_coop_neighbors=0.00 | active_neighbor_step_rate=0.681 | mean_active_neighbors_step=1.286 | max_active_neighbors_step=4 | interaction_reward=0.0000 | abs_interaction_reward=0.0000 | anti_stag_reward=0.0000 | abs_anti_stag_reward=0.0000 | wall_clear_reward=0.0000 | abs_wall_clear_reward=0.0000 | local_nav_reward=0.0000 | abs_local_nav_reward=0.0000 | context_neighbors_mean=1.31 | context_neighbors_max=4 | last_context_neighbors_mean=0.00 | last_context_neighbors_max=0 | actor_unlocked=0 | expl_noise=0.0765 | replay=13943 | interaction_replay=5638 | samples/sec=11.297
Episode 172 complete | agent_samples=14005 | env_steps=5619 | episode_env_steps=19 | episode_agent_samples=62 | mean_reward=118.294 | success=5/5 | collision=0/5 | mean_final_distance=0.247 | mean_progress=0.0207 | min_laser=0.424 | mean_lin=0.992 | mean_ang=0.167 | mean_robot_dist=1.174 | raw_reward=20.000 | adjusted_reward=20.000 | coop_agents=0/5 | mean_coop_neighbors=0.00 | active_neighbor_step_rate=0.726 | mean_active_neighbors_step=1.645 | max_active_neighbors_step=4 | interaction_reward=0.0000 | abs_interaction_reward=0.0000 | anti_stag_reward=0.0000 | abs_anti_stag_reward=0.0000 | wall_clear_reward=0.0000 | abs_wall_clear_reward=0.0000 | local_nav_reward=0.0000 | abs_local_nav_reward=0.0000 | context_neighbors_mean=1.71 | context_neighbors_max=4 | last_context_neighbors_mean=0.00 | last_context_neighbors_max=0 | actor_unlocked=0 | expl_noise=0.0765 | replay=14005 | interaction_replay=5680 | samples/sec=11.308
Episode 173 complete | agent_samples=14065 | env_steps=5643 | episode_env_steps=24 | episode_agent_samples=60 | mean_reward=111.330 | success=5/5 | collision=0/5 | mean_final_distance=0.246 | mean_progress=0.0070 | min_laser=0.420 | mean_lin=0.998 | mean_ang=-0.341 | mean_robot_dist=0.697 | raw_reward=19.697 | adjusted_reward=19.697 | coop_agents=0/5 | mean_coop_neighbors=0.00 | active_neighbor_step_rate=0.617 | mean_active_neighbors_step=1.667 | max_active_neighbors_step=4 | interaction_reward=0.0000 | abs_interaction_reward=0.0000 | anti_stag_reward=0.0000 | abs_anti_stag_reward=0.0000 | wall_clear_reward=0.0000 | abs_wall_clear_reward=0.0000 | local_nav_reward=0.0000 | abs_local_nav_reward=0.0000 | context_neighbors_mean=1.75 | context_neighbors_max=4 | last_context_neighbors_mean=0.00 | last_context_neighbors_max=0 | actor_unlocked=0 | expl_noise=0.0765 | replay=14065 | interaction_replay=5713 | samples/sec=11.309
Episode 174 complete | agent_samples=14172 | env_steps=5683 | episode_env_steps=40 | episode_agent_samples=107 | mean_reward=124.434 | success=5/5 | collision=0/5 | mean_final_distance=0.260 | mean_progress=0.0026 | min_laser=0.564 | mean_lin=1.000 | mean_ang=-0.827 | mean_robot_dist=1.202 | raw_reward=20.000 | adjusted_reward=20.000 | coop_agents=0/5 | mean_coop_neighbors=0.00 | active_neighbor_step_rate=0.607 | mean_active_neighbors_step=1.037 | max_active_neighbors_step=4 | interaction_reward=0.0000 | abs_interaction_reward=0.0000 | anti_stag_reward=0.0000 | abs_anti_stag_reward=0.0000 | wall_clear_reward=0.0000 | abs_wall_clear_reward=0.0000 | local_nav_reward=0.0000 | abs_local_nav_reward=0.0000 | context_neighbors_mean=1.07 | context_neighbors_max=4 | last_context_neighbors_mean=0.00 | last_context_neighbors_max=0 | actor_unlocked=0 | expl_noise=0.0764 | replay=14172 | interaction_replay=5756 | samples/sec=11.315
Episode 175 complete | agent_samples=14255 | env_steps=5718 | episode_env_steps=35 | episode_agent_samples=83 | mean_reward=118.950 | success=5/5 | collision=0/5 | mean_final_distance=0.225 | mean_progress=0.0186 | min_laser=0.660 | mean_lin=0.995 | mean_ang=-0.501 | mean_robot_dist=2.005 | raw_reward=20.000 | adjusted_reward=20.000 | coop_agents=0/5 | mean_coop_neighbors=0.00 | active_neighbor_step_rate=0.566 | mean_active_neighbors_step=1.373 | max_active_neighbors_step=4 | interaction_reward=0.0000 | abs_interaction_reward=0.0000 | anti_stag_reward=0.0000 | abs_anti_stag_reward=0.0000 | wall_clear_reward=0.0000 | abs_wall_clear_reward=0.0000 | local_nav_reward=0.0000 | abs_local_nav_reward=0.0000 | context_neighbors_mean=1.41 | context_neighbors_max=4 | last_context_neighbors_mean=0.00 | last_context_neighbors_max=0 | actor_unlocked=0 | expl_noise=0.0764 | replay=14255 | interaction_replay=5793 | samples/sec=11.313
Status | epoch=1 | next_eval_in=5745 agent_samples | checkpoint_every=10 episodes | checkpoint=./checkpoints/interaction_safe_distance_from_5a_s20260725_latest.pt | model=interaction_safe_distance_from_5a_s20260725
Episode 176 complete | agent_samples=14360 | env_steps=5773 | episode_env_steps=55 | episode_agent_samples=105 | mean_reward=117.089 | success=5/5 | collision=0/5 | mean_final_distance=0.277 | mean_progress=0.0104 | min_laser=0.612 | mean_lin=1.000 | mean_ang=-0.610 | mean_robot_dist=1.113 | raw_reward=20.000 | adjusted_reward=20.000 | coop_agents=0/5 | mean_coop_neighbors=0.00 | active_neighbor_step_rate=0.429 | mean_active_neighbors_step=0.962 | max_active_neighbors_step=4 | interaction_reward=0.0000 | abs_interaction_reward=0.0000 | anti_stag_reward=0.0000 | abs_anti_stag_reward=0.0000 | wall_clear_reward=0.0000 | abs_wall_clear_reward=0.0000 | local_nav_reward=0.0000 | abs_local_nav_reward=0.0000 | context_neighbors_mean=1.04 | context_neighbors_max=4 | last_context_neighbors_mean=0.00 | last_context_neighbors_max=0 | actor_unlocked=0 | expl_noise=0.0764 | replay=14360 | interaction_replay=5840 | samples/sec=11.289
Episode 177 complete | agent_samples=14466 | env_steps=5811 | episode_env_steps=38 | episode_agent_samples=106 | mean_reward=119.254 | success=5/5 | collision=0/5 | mean_final_distance=0.247 | mean_progress=0.0235 | min_laser=0.539 | mean_lin=0.802 | mean_ang=-0.381 | mean_robot_dist=2.027 | raw_reward=20.000 | adjusted_reward=20.000 | coop_agents=0/5 | mean_coop_neighbors=0.00 | active_neighbor_step_rate=0.708 | mean_active_neighbors_step=1.802 | max_active_neighbors_step=4 | interaction_reward=0.0000 | abs_interaction_reward=0.0000 | anti_stag_reward=0.0000 | abs_anti_stag_reward=0.0000 | wall_clear_reward=0.0000 | abs_wall_clear_reward=0.0000 | local_nav_reward=0.0000 | abs_local_nav_reward=0.0000 | context_neighbors_mean=1.82 | context_neighbors_max=4 | last_context_neighbors_mean=0.00 | last_context_neighbors_max=0 | actor_unlocked=0 | expl_noise=0.0764 | replay=14466 | interaction_replay=5882 | samples/sec=11.299
Episode 178 complete | agent_samples=14544 | env_steps=5833 | episode_env_steps=22 | episode_agent_samples=78 | mean_reward=111.755 | success=5/5 | collision=0/5 | mean_final_distance=0.258 | mean_progress=0.0085 | min_laser=0.401 | mean_lin=0.989 | mean_ang=0.593 | mean_robot_dist=1.505 | raw_reward=20.000 | adjusted_reward=20.000 | coop_agents=0/5 | mean_coop_neighbors=0.00 | active_neighbor_step_rate=0.821 | mean_active_neighbors_step=1.821 | max_active_neighbors_step=4 | interaction_reward=0.0000 | abs_interaction_reward=0.0000 | anti_stag_reward=0.0000 | abs_anti_stag_reward=0.0000 | wall_clear_reward=0.0000 | abs_wall_clear_reward=0.0000 | local_nav_reward=0.0000 | abs_local_nav_reward=0.0000 | context_neighbors_mean=1.91 | context_neighbors_max=4 | last_context_neighbors_mean=0.00 | last_context_neighbors_max=0 | actor_unlocked=0 | expl_noise=0.0764 | replay=14544 | interaction_replay=5946 | samples/sec=11.316
Episode 179 complete | agent_samples=14598 | env_steps=5851 | episode_env_steps=18 | episode_agent_samples=54 | mean_reward=33.158 | success=3/5 | collision=2/5 | mean_final_distance=0.386 | mean_progress=0.0254 | min_laser=0.300 | mean_lin=0.611 | mean_ang=-0.050 | mean_robot_dist=1.592 | raw_reward=20.000 | adjusted_reward=20.000 | coop_agents=0/5 | mean_coop_neighbors=0.00 | active_neighbor_step_rate=0.796 | mean_active_neighbors_step=1.981 | max_active_neighbors_step=4 | interaction_reward=0.0000 | abs_interaction_reward=0.0000 | anti_stag_reward=0.0000 | abs_anti_stag_reward=0.0000 | wall_clear_reward=0.0000 | abs_wall_clear_reward=0.0000 | local_nav_reward=0.0000 | abs_local_nav_reward=0.0000 | context_neighbors_mean=2.06 | context_neighbors_max=4 | last_context_neighbors_mean=0.00 | last_context_neighbors_max=0 | actor_unlocked=0 | expl_noise=0.0763 | replay=14598 | interaction_replay=5988 | samples/sec=11.190
Episode 180 complete | agent_samples=14648 | env_steps=5871 | episode_env_steps=20 | episode_agent_samples=50 | mean_reward=67.823 | success=4/5 | collision=1/5 | mean_final_distance=0.505 | mean_progress=0.0218 | min_laser=0.300 | mean_lin=0.961 | mean_ang=0.579 | mean_robot_dist=2.027 | raw_reward=20.000 | adjusted_reward=20.000 | coop_agents=0/5 | mean_coop_neighbors=0.00 | active_neighbor_step_rate=0.640 | mean_active_neighbors_step=1.200 | max_active_neighbors_step=3 | interaction_reward=0.0000 | abs_interaction_reward=0.0000 | anti_stag_reward=0.0000 | abs_anti_stag_reward=0.0000 | wall_clear_reward=0.0000 | abs_wall_clear_reward=0.0000 | local_nav_reward=0.0000 | abs_local_nav_reward=0.0000 | context_neighbors_mean=1.26 | context_neighbors_max=3 | last_context_neighbors_mean=0.00 | last_context_neighbors_max=0 | actor_unlocked=0 | expl_noise=0.0763 | replay=14648 | interaction_replay=6019 | samples/sec=9.633
Status | epoch=1 | next_eval_in=5352 agent_samples | checkpoint_every=10 episodes | checkpoint=./checkpoints/interaction_safe_distance_from_5a_s20260725_latest.pt | model=interaction_safe_distance_from_5a_s20260725
Checkpoint saved: ./checkpoints/interaction_safe_distance_from_5a_s20260725_latest.pt
Episode 181 complete | agent_samples=14743 | env_steps=5898 | episode_env_steps=27 | episode_agent_samples=95 | mean_reward=128.293 | success=5/5 | collision=0/5 | mean_final_distance=0.270 | mean_progress=0.0058 | min_laser=0.381 | mean_lin=0.991 | mean_ang=-0.599 | mean_robot_dist=0.901 | raw_reward=19.901 | adjusted_reward=19.901 | coop_agents=0/5 | mean_coop_neighbors=0.00 | active_neighbor_step_rate=0.800 | mean_active_neighbors_step=2.126 | max_active_neighbors_step=4 | interaction_reward=0.0000 | abs_interaction_reward=0.0000 | anti_stag_reward=0.0000 | abs_anti_stag_reward=0.0000 | wall_clear_reward=0.0000 | abs_wall_clear_reward=0.0000 | local_nav_reward=0.0000 | abs_local_nav_reward=0.0000 | context_neighbors_mean=2.19 | context_neighbors_max=4 | last_context_neighbors_mean=0.00 | last_context_neighbors_max=0 | actor_unlocked=0 | expl_noise=0.0763 | replay=14743 | interaction_replay=6070 | samples/sec=9.654
Episode 182 complete | agent_samples=14800 | env_steps=5918 | episode_env_steps=20 | episode_agent_samples=57 | mean_reward=119.449 | success=5/5 | collision=0/5 | mean_final_distance=0.246 | mean_progress=0.0170 | min_laser=0.424 | mean_lin=0.600 | mean_ang=0.475 | mean_robot_dist=1.358 | raw_reward=20.000 | adjusted_reward=20.000 | coop_agents=0/5 | mean_coop_neighbors=0.00 | active_neighbor_step_rate=0.702 | mean_active_neighbors_step=1.649 | max_active_neighbors_step=4 | interaction_reward=0.0000 | abs_interaction_reward=0.0000 | anti_stag_reward=0.0000 | abs_anti_stag_reward=0.0000 | wall_clear_reward=0.0000 | abs_wall_clear_reward=0.0000 | local_nav_reward=0.0000 | abs_local_nav_reward=0.0000 | context_neighbors_mean=1.74 | context_neighbors_max=4 | last_context_neighbors_mean=0.00 | last_context_neighbors_max=0 | actor_unlocked=0 | expl_noise=0.0763 | replay=14800 | interaction_replay=6111 | samples/sec=9.663
Episode 183 complete | agent_samples=14839 | env_steps=5927 | episode_env_steps=9 | episode_agent_samples=39 | mean_reward=25.771 | success=3/5 | collision=2/5 | mean_final_distance=0.504 | mean_progress=0.0509 | min_laser=0.304 | mean_lin=0.795 | mean_ang=-0.203 | mean_robot_dist=1.805 | raw_reward=40.000 | adjusted_reward=40.000 | coop_agents=0/5 | mean_coop_neighbors=0.00 | active_neighbor_step_rate=0.897 | mean_active_neighbors_step=1.897 | max_active_neighbors_step=4 | interaction_reward=0.0000 | abs_interaction_reward=0.0000 | anti_stag_reward=0.0000 | abs_anti_stag_reward=0.0000 | wall_clear_reward=0.0000 | abs_wall_clear_reward=0.0000 | local_nav_reward=0.0000 | abs_local_nav_reward=0.0000 | context_neighbors_mean=1.95 | context_neighbors_max=4 | last_context_neighbors_mean=0.00 | last_context_neighbors_max=0 | actor_unlocked=0 | expl_noise=0.0763 | replay=14839 | interaction_replay=6145 | samples/sec=9.675
Episode 184 complete | agent_samples=14895 | env_steps=5942 | episode_env_steps=15 | episode_agent_samples=56 | mean_reward=121.073 | success=5/5 | collision=0/5 | mean_final_distance=0.230 | mean_progress=0.0223 | min_laser=0.485 | mean_lin=0.800 | mean_ang=0.584 | mean_robot_dist=2.182 | raw_reward=20.000 | adjusted_reward=20.000 | coop_agents=0/5 | mean_coop_neighbors=0.00 | active_neighbor_step_rate=0.571 | mean_active_neighbors_step=1.054 | max_active_neighbors_step=4 | interaction_reward=0.0000 | abs_interaction_reward=0.0000 | anti_stag_reward=0.0000 | abs_anti_stag_reward=0.0000 | wall_clear_reward=0.0000 | abs_wall_clear_reward=0.0000 | local_nav_reward=0.0000 | abs_local_nav_reward=0.0000 | context_neighbors_mean=1.14 | context_neighbors_max=4 | last_context_neighbors_mean=0.00 | last_context_neighbors_max=0 | actor_unlocked=0 | expl_noise=0.0763 | replay=14895 | interaction_replay=6163 | samples/sec=9.690
Episode 185 complete | agent_samples=14988 | env_steps=5978 | episode_env_steps=36 | episode_agent_samples=93 | mean_reward=129.480 | success=5/5 | collision=0/5 | mean_final_distance=0.268 | mean_progress=0.0106 | min_laser=0.721 | mean_lin=0.800 | mean_ang=-0.636 | mean_robot_dist=1.347 | raw_reward=20.000 | adjusted_reward=20.000 | coop_agents=0/5 | mean_coop_neighbors=0.00 | active_neighbor_step_rate=0.624 | mean_active_neighbors_step=1.355 | max_active_neighbors_step=4 | interaction_reward=0.0000 | abs_interaction_reward=0.0000 | anti_stag_reward=0.0000 | abs_anti_stag_reward=0.0000 | wall_clear_reward=0.0000 | abs_wall_clear_reward=0.0000 | local_nav_reward=0.0000 | abs_local_nav_reward=0.0000 | context_neighbors_mean=1.38 | context_neighbors_max=4 | last_context_neighbors_mean=0.00 | last_context_neighbors_max=0 | actor_unlocked=0 | expl_noise=0.0763 | replay=14988 | interaction_replay=6193 | samples/sec=9.701
Status | epoch=1 | next_eval_in=5012 agent_samples | checkpoint_every=10 episodes | checkpoint=./checkpoints/interaction_safe_distance_from_5a_s20260725_latest.pt | model=interaction_safe_distance_from_5a_s20260725
Episode 186 complete | agent_samples=15052 | env_steps=6004 | episode_env_steps=26 | episode_agent_samples=64 | mean_reward=77.330 | success=4/5 | collision=1/5 | mean_final_distance=0.513 | mean_progress=0.0041 | min_laser=0.300 | mean_lin=0.938 | mean_ang=0.599 | mean_robot_dist=1.972 | raw_reward=20.000 | adjusted_reward=20.000 | coop_agents=0/5 | mean_coop_neighbors=0.00 | active_neighbor_step_rate=0.609 | mean_active_neighbors_step=1.531 | max_active_neighbors_step=4 | interaction_reward=0.0000 | abs_interaction_reward=0.0000 | anti_stag_reward=0.0000 | abs_anti_stag_reward=0.0000 | wall_clear_reward=0.0000 | abs_wall_clear_reward=0.0000 | local_nav_reward=0.0000 | abs_local_nav_reward=0.0000 | context_neighbors_mean=1.59 | context_neighbors_max=4 | last_context_neighbors_mean=0.00 | last_context_neighbors_max=0 | actor_unlocked=0 | expl_noise=0.0762 | replay=15052 | interaction_replay=6232 | samples/sec=9.706
Episode 187 complete | agent_samples=15154 | env_steps=6046 | episode_env_steps=42 | episode_agent_samples=102 | mean_reward=79.364 | success=4/5 | collision=1/5 | mean_final_distance=0.278 | mean_progress=0.0180 | min_laser=0.341 | mean_lin=1.000 | mean_ang=-0.600 | mean_robot_dist=2.067 | raw_reward=20.000 | adjusted_reward=20.000 | coop_agents=0/5 | mean_coop_neighbors=0.00 | active_neighbor_step_rate=0.627 | mean_active_neighbors_step=1.127 | max_active_neighbors_step=4 | interaction_reward=0.0000 | abs_interaction_reward=0.0000 | anti_stag_reward=0.0000 | abs_anti_stag_reward=0.0000 | wall_clear_reward=0.0000 | abs_wall_clear_reward=0.0000 | local_nav_reward=0.0000 | abs_local_nav_reward=0.0000 | context_neighbors_mean=1.17 | context_neighbors_max=4 | last_context_neighbors_mean=0.00 | last_context_neighbors_max=0 | actor_unlocked=0 | expl_noise=0.0762 | replay=15154 | interaction_replay=6259 | samples/sec=9.714
Episode 188 complete | agent_samples=15277 | env_steps=6117 | episode_env_steps=71 | episode_agent_samples=123 | mean_reward=111.839 | success=5/5 | collision=0/5 | mean_final_distance=0.267 | mean_progress=0.0078 | min_laser=0.409 | mean_lin=0.998 | mean_ang=-0.066 | mean_robot_dist=2.099 | raw_reward=20.000 | adjusted_reward=20.000 | coop_agents=0/5 | mean_coop_neighbors=0.00 | active_neighbor_step_rate=0.350 | mean_active_neighbors_step=0.935 | max_active_neighbors_step=4 | interaction_reward=0.0000 | abs_interaction_reward=0.0000 | anti_stag_reward=0.0000 | abs_anti_stag_reward=0.0000 | wall_clear_reward=0.0000 | abs_wall_clear_reward=0.0000 | local_nav_reward=0.0000 | abs_local_nav_reward=0.0000 | context_neighbors_mean=0.97 | context_neighbors_max=4 | last_context_neighbors_mean=0.00 | last_context_neighbors_max=0 | actor_unlocked=0 | expl_noise=0.0762 | replay=15277 | interaction_replay=6284 | samples/sec=9.698
Episode 189 complete | agent_samples=15347 | env_steps=6140 | episode_env_steps=23 | episode_agent_samples=70 | mean_reward=105.011 | success=5/5 | collision=0/5 | mean_final_distance=0.246 | mean_progress=0.0169 | min_laser=0.761 | mean_lin=0.974 | mean_ang=-0.290 | mean_robot_dist=1.214 | raw_reward=20.000 | adjusted_reward=20.000 | coop_agents=0/5 | mean_coop_neighbors=0.00 | active_neighbor_step_rate=0.786 | mean_active_neighbors_step=1.586 | max_active_neighbors_step=3 | interaction_reward=0.0000 | abs_interaction_reward=0.0000 | anti_stag_reward=0.0000 | abs_anti_stag_reward=0.0000 | wall_clear_reward=0.0000 | abs_wall_clear_reward=0.0000 | local_nav_reward=0.0000 | abs_local_nav_reward=0.0000 | context_neighbors_mean=1.64 | context_neighbors_max=3 | last_context_neighbors_mean=0.00 | last_context_neighbors_max=0 | actor_unlocked=0 | expl_noise=0.0762 | replay=15347 | interaction_replay=6330 | samples/sec=9.710
Episode 190 complete | agent_samples=15463 | env_steps=6178 | episode_env_steps=38 | episode_agent_samples=116 | mean_reward=83.747 | success=4/5 | collision=1/5 | mean_final_distance=0.551 | mean_progress=0.0151 | min_laser=0.349 | mean_lin=1.000 | mean_ang=0.151 | mean_robot_dist=0.698 | raw_reward=-20.302 | adjusted_reward=-20.302 | coop_agents=0/5 | mean_coop_neighbors=0.00 | active_neighbor_step_rate=0.681 | mean_active_neighbors_step=1.655 | max_active_neighbors_step=4 | interaction_reward=0.0000 | abs_interaction_reward=0.0000 | anti_stag_reward=0.0000 | abs_anti_stag_reward=0.0000 | wall_clear_reward=0.0000 | abs_wall_clear_reward=0.0000 | local_nav_reward=0.0000 | abs_local_nav_reward=0.0000 | context_neighbors_mean=1.69 | context_neighbors_max=4 | last_context_neighbors_mean=0.00 | last_context_neighbors_max=0 | actor_unlocked=0 | expl_noise=0.0761 | replay=15463 | interaction_replay=6355 | samples/sec=9.732
Status | epoch=1 | next_eval_in=4537 agent_samples | checkpoint_every=10 episodes | checkpoint=./checkpoints/interaction_safe_distance_from_5a_s20260725_latest.pt | model=interaction_safe_distance_from_5a_s20260725
Checkpoint saved: ./checkpoints/interaction_safe_distance_from_5a_s20260725_latest.pt
Episode 191 complete | agent_samples=15547 | env_steps=6210 | episode_env_steps=32 | episode_agent_samples=84 | mean_reward=114.299 | success=5/5 | collision=0/5 | mean_final_distance=0.245 | mean_progress=0.0187 | min_laser=0.444 | mean_lin=1.000 | mean_ang=0.002 | mean_robot_dist=1.917 | raw_reward=20.000 | adjusted_reward=20.000 | coop_agents=0/5 | mean_coop_neighbors=0.00 | active_neighbor_step_rate=0.429 | mean_active_neighbors_step=1.298 | max_active_neighbors_step=4 | interaction_reward=0.0000 | abs_interaction_reward=0.0000 | anti_stag_reward=0.0000 | abs_anti_stag_reward=0.0000 | wall_clear_reward=0.0000 | abs_wall_clear_reward=0.0000 | local_nav_reward=0.0000 | abs_local_nav_reward=0.0000 | context_neighbors_mean=1.35 | context_neighbors_max=4 | last_context_neighbors_mean=0.00 | last_context_neighbors_max=0 | actor_unlocked=0 | expl_noise=0.0761 | replay=15547 | interaction_replay=6383 | samples/sec=9.740
Episode 192 complete | agent_samples=15712 | env_steps=6278 | episode_env_steps=68 | episode_agent_samples=165 | mean_reward=112.610 | success=5/5 | collision=0/5 | mean_final_distance=0.279 | mean_progress=0.0044 | min_laser=0.382 | mean_lin=0.983 | mean_ang=-0.484 | mean_robot_dist=0.755 | raw_reward=19.755 | adjusted_reward=19.755 | coop_agents=0/5 | mean_coop_neighbors=0.00 | active_neighbor_step_rate=0.721 | mean_active_neighbors_step=1.582 | max_active_neighbors_step=4 | interaction_reward=0.0000 | abs_interaction_reward=0.0000 | anti_stag_reward=0.0000 | abs_anti_stag_reward=0.0000 | wall_clear_reward=0.0000 | abs_wall_clear_reward=0.0000 | local_nav_reward=0.0000 | abs_local_nav_reward=0.0000 | context_neighbors_mean=1.61 | context_neighbors_max=4 | last_context_neighbors_mean=0.00 | last_context_neighbors_max=0 | actor_unlocked=0 | expl_noise=0.0761 | replay=15712 | interaction_replay=6419 | samples/sec=9.753
Episode 193 complete | agent_samples=15792 | env_steps=6311 | episode_env_steps=33 | episode_agent_samples=80 | mean_reward=80.041 | success=4/5 | collision=1/5 | mean_final_distance=0.443 | mean_progress=0.0214 | min_laser=0.342 | mean_lin=0.589 | mean_ang=-0.950 | mean_robot_dist=1.887 | raw_reward=20.000 | adjusted_reward=20.000 | coop_agents=0/5 | mean_coop_neighbors=0.00 | active_neighbor_step_rate=0.700 | mean_active_neighbors_step=1.775 | max_active_neighbors_step=4 | interaction_reward=0.0000 | abs_interaction_reward=0.0000 | anti_stag_reward=0.0000 | abs_anti_stag_reward=0.0000 | wall_clear_reward=0.0000 | abs_wall_clear_reward=0.0000 | local_nav_reward=0.0000 | abs_local_nav_reward=0.0000 | context_neighbors_mean=1.80 | context_neighbors_max=4 | last_context_neighbors_mean=0.00 | last_context_neighbors_max=0 | actor_unlocked=0 | expl_noise=0.0761 | replay=15792 | interaction_replay=6436 | samples/sec=9.759
Episode 194 complete | agent_samples=15835 | env_steps=6323 | episode_env_steps=12 | episode_agent_samples=43 | mean_reward=25.135 | success=3/5 | collision=2/5 | mean_final_distance=0.473 | mean_progress=0.0177 | min_laser=0.300 | mean_lin=0.904 | mean_ang=0.189 | mean_robot_dist=0.950 | raw_reward=19.950 | adjusted_reward=19.950 | coop_agents=0/5 | mean_coop_neighbors=0.00 | active_neighbor_step_rate=0.884 | mean_active_neighbors_step=2.256 | max_active_neighbors_step=4 | interaction_reward=0.0000 | abs_interaction_reward=0.0000 | anti_stag_reward=0.0000 | abs_anti_stag_reward=0.0000 | wall_clear_reward=0.0000 | abs_wall_clear_reward=0.0000 | local_nav_reward=0.0000 | abs_local_nav_reward=0.0000 | context_neighbors_mean=2.28 | context_neighbors_max=4 | last_context_neighbors_mean=0.00 | last_context_neighbors_max=0 | actor_unlocked=0 | expl_noise=0.0760 | replay=15835 | interaction_replay=6473 | samples/sec=9.769
Episode 195 complete | agent_samples=15947 | env_steps=6386 | episode_env_steps=63 | episode_agent_samples=112 | mean_reward=39.080 | success=3/5 | collision=2/5 | mean_final_distance=0.622 | mean_progress=0.0187 | min_laser=0.300 | mean_lin=0.799 | mean_ang=0.200 | mean_robot_dist=1.294 | raw_reward=20.000 | adjusted_reward=20.000 | coop_agents=0/5 | mean_coop_neighbors=0.00 | active_neighbor_step_rate=0.509 | mean_active_neighbors_step=1.295 | max_active_neighbors_step=4 | interaction_reward=0.0000 | abs_interaction_reward=0.0000 | anti_stag_reward=0.0000 | abs_anti_stag_reward=0.0000 | wall_clear_reward=0.0000 | abs_wall_clear_reward=0.0000 | local_nav_reward=0.0000 | abs_local_nav_reward=0.0000 | context_neighbors_mean=1.29 | context_neighbors_max=4 | last_context_neighbors_mean=0.00 | last_context_neighbors_max=0 | actor_unlocked=0 | expl_noise=0.0760 | replay=15947 | interaction_replay=6518 | samples/sec=9.756
Status | epoch=1 | next_eval_in=4053 agent_samples | checkpoint_every=10 episodes | checkpoint=./checkpoints/interaction_safe_distance_from_5a_s20260725_latest.pt | model=interaction_safe_distance_from_5a_s20260725
Episode 196 complete | agent_samples=16084 | env_steps=6426 | episode_env_steps=40 | episode_agent_samples=137 | mean_reward=106.775 | success=5/5 | collision=0/5 | mean_final_distance=0.267 | mean_progress=0.0193 | min_laser=0.394 | mean_lin=0.993 | mean_ang=-0.500 | mean_robot_dist=1.211 | raw_reward=20.000 | adjusted_reward=20.000 | coop_agents=0/5 | mean_coop_neighbors=0.00 | active_neighbor_step_rate=0.810 | mean_active_neighbors_step=1.993 | max_active_neighbors_step=4 | interaction_reward=0.0000 | abs_interaction_reward=0.0000 | anti_stag_reward=0.0000 | abs_anti_stag_reward=0.0000 | wall_clear_reward=0.0000 | abs_wall_clear_reward=0.0000 | local_nav_reward=0.0000 | abs_local_nav_reward=0.0000 | context_neighbors_mean=2.04 | context_neighbors_max=4 | last_context_neighbors_mean=0.00 | last_context_neighbors_max=0 | actor_unlocked=0 | expl_noise=0.0760 | replay=16084 | interaction_replay=6562 | samples/sec=9.788
Episode 197 complete | agent_samples=16162 | env_steps=6454 | episode_env_steps=28 | episode_agent_samples=78 | mean_reward=124.748 | success=5/5 | collision=0/5 | mean_final_distance=0.250 | mean_progress=0.0177 | min_laser=0.677 | mean_lin=0.890 | mean_ang=-0.224 | mean_robot_dist=1.318 | raw_reward=20.000 | adjusted_reward=20.000 | coop_agents=0/5 | mean_coop_neighbors=0.00 | active_neighbor_step_rate=0.718 | mean_active_neighbors_step=1.526 | max_active_neighbors_step=4 | interaction_reward=0.0000 | abs_interaction_reward=0.0000 | anti_stag_reward=0.0000 | abs_anti_stag_reward=0.0000 | wall_clear_reward=0.0000 | abs_wall_clear_reward=0.0000 | local_nav_reward=0.0000 | abs_local_nav_reward=0.0000 | context_neighbors_mean=1.58 | context_neighbors_max=4 | last_context_neighbors_mean=0.00 | last_context_neighbors_max=0 | actor_unlocked=0 | expl_noise=0.0760 | replay=16162 | interaction_replay=6614 | samples/sec=9.799
Episode 198 complete | agent_samples=16248 | env_steps=6478 | episode_env_steps=24 | episode_agent_samples=86 | mean_reward=116.723 | success=5/5 | collision=0/5 | mean_final_distance=0.264 | mean_progress=0.0153 | min_laser=0.411 | mean_lin=0.831 | mean_ang=0.208 | mean_robot_dist=1.795 | raw_reward=20.000 | adjusted_reward=20.000 | coop_agents=0/5 | mean_coop_neighbors=0.00 | active_neighbor_step_rate=0.686 | mean_active_neighbors_step=1.849 | max_active_neighbors_step=4 | interaction_reward=0.0000 | abs_interaction_reward=0.0000 | anti_stag_reward=0.0000 | abs_anti_stag_reward=0.0000 | wall_clear_reward=0.0000 | abs_wall_clear_reward=0.0000 | local_nav_reward=0.0000 | abs_local_nav_reward=0.0000 | context_neighbors_mean=1.90 | context_neighbors_max=4 | last_context_neighbors_mean=0.00 | last_context_neighbors_max=0 | actor_unlocked=0 | expl_noise=0.0760 | replay=16248 | interaction_replay=6645 | samples/sec=9.819
Episode 199 complete | agent_samples=16307 | env_steps=6499 | episode_env_steps=21 | episode_agent_samples=59 | mean_reward=71.822 | success=4/5 | collision=1/5 | mean_final_distance=0.392 | mean_progress=0.0117 | min_laser=0.300 | mean_lin=0.806 | mean_ang=-0.578 | mean_robot_dist=1.996 | raw_reward=20.000 | adjusted_reward=20.000 | coop_agents=0/5 | mean_coop_neighbors=0.00 | active_neighbor_step_rate=0.746 | mean_active_neighbors_step=1.847 | max_active_neighbors_step=4 | interaction_reward=0.0000 | abs_interaction_reward=0.0000 | anti_stag_reward=0.0000 | abs_anti_stag_reward=0.0000 | wall_clear_reward=0.0000 | abs_wall_clear_reward=0.0000 | local_nav_reward=0.0000 | abs_local_nav_reward=0.0000 | context_neighbors_mean=1.93 | context_neighbors_max=4 | last_context_neighbors_mean=0.00 | last_context_neighbors_max=0 | actor_unlocked=0 | expl_noise=0.0759 | replay=16307 | interaction_replay=6680 | samples/sec=9.828
Episode 200 complete | agent_samples=16673 | env_steps=6799 | episode_env_steps=300 | episode_agent_samples=366 | mean_reward=83.946 | success=4/5 | collision=0/5 | mean_final_distance=0.625 | mean_progress=0.0001 | min_laser=0.745 | mean_lin=0.612 | mean_ang=0.090 | mean_robot_dist=2.458 | raw_reward=-0.029 | adjusted_reward=-0.029 | coop_agents=0/5 | mean_coop_neighbors=0.00 | active_neighbor_step_rate=0.161 | mean_active_neighbors_step=0.361 | max_active_neighbors_step=4 | interaction_reward=0.0000 | abs_interaction_reward=0.0000 | anti_stag_reward=0.0000 | abs_anti_stag_reward=0.0000 | wall_clear_reward=0.0000 | abs_wall_clear_reward=0.0000 | local_nav_reward=0.0000 | abs_local_nav_reward=0.0000 | context_neighbors_mean=0.38 | context_neighbors_max=4 | last_context_neighbors_mean=0.00 | last_context_neighbors_max=0 | actor_unlocked=0 | expl_noise=0.0758 | replay=16673 | interaction_replay=6686 | samples/sec=9.673
Status | epoch=1 | next_eval_in=3327 agent_samples | checkpoint_every=10 episodes | checkpoint=./checkpoints/interaction_safe_distance_from_5a_s20260725_latest.pt | model=interaction_safe_distance_from_5a_s20260725
Checkpoint saved: ./checkpoints/interaction_safe_distance_from_5a_s20260725_latest.pt
Episode 201 complete | agent_samples=16749 | env_steps=6830 | episode_env_steps=31 | episode_agent_samples=76 | mean_reward=117.904 | success=5/5 | collision=0/5 | mean_final_distance=0.255 | mean_progress=0.0071 | min_laser=0.722 | mean_lin=0.775 | mean_ang=-0.620 | mean_robot_dist=1.242 | raw_reward=20.000 | adjusted_reward=20.000 | coop_agents=0/5 | mean_coop_neighbors=0.00 | active_neighbor_step_rate=0.724 | mean_active_neighbors_step=1.776 | max_active_neighbors_step=4 | interaction_reward=0.0000 | abs_interaction_reward=0.0000 | anti_stag_reward=0.0000 | abs_anti_stag_reward=0.0000 | wall_clear_reward=0.0000 | abs_wall_clear_reward=0.0000 | local_nav_reward=0.0000 | abs_local_nav_reward=0.0000 | context_neighbors_mean=1.82 | context_neighbors_max=4 | last_context_neighbors_mean=0.00 | last_context_neighbors_max=0 | actor_unlocked=0 | expl_noise=0.0757 | replay=16749 | interaction_replay=6708 | samples/sec=9.677
Episode 202 complete | agent_samples=16809 | env_steps=6848 | episode_env_steps=18 | episode_agent_samples=60 | mean_reward=43.194 | success=3/5 | collision=2/5 | mean_final_distance=0.607 | mean_progress=0.0196 | min_laser=0.300 | mean_lin=0.800 | mean_ang=0.993 | mean_robot_dist=1.288 | raw_reward=20.000 | adjusted_reward=20.000 | coop_agents=0/5 | mean_coop_neighbors=0.00 | active_neighbor_step_rate=0.767 | mean_active_neighbors_step=2.100 | max_active_neighbors_step=4 | interaction_reward=0.0000 | abs_interaction_reward=0.0000 | anti_stag_reward=0.0000 | abs_anti_stag_reward=0.0000 | wall_clear_reward=0.0000 | abs_wall_clear_reward=0.0000 | local_nav_reward=0.0000 | abs_local_nav_reward=0.0000 | context_neighbors_mean=2.20 | context_neighbors_max=4 | last_context_neighbors_mean=0.00 | last_context_neighbors_max=0 | actor_unlocked=0 | expl_noise=0.0757 | replay=16809 | interaction_replay=6751 | samples/sec=9.689
Episode 203 complete | agent_samples=16911 | env_steps=6891 | episode_env_steps=43 | episode_agent_samples=102 | mean_reward=35.366 | success=3/5 | collision=2/5 | mean_final_distance=0.739 | mean_progress=0.0107 | min_laser=0.300 | mean_lin=0.631 | mean_ang=-0.528 | mean_robot_dist=1.319 | raw_reward=20.000 | adjusted_reward=20.000 | coop_agents=0/5 | mean_coop_neighbors=0.00 | active_neighbor_step_rate=0.471 | mean_active_neighbors_step=1.402 | max_active_neighbors_step=4 | interaction_reward=0.0000 | abs_interaction_reward=0.0000 | anti_stag_reward=0.0000 | abs_anti_stag_reward=0.0000 | wall_clear_reward=0.0000 | abs_wall_clear_reward=0.0000 | local_nav_reward=0.0000 | abs_local_nav_reward=0.0000 | context_neighbors_mean=1.44 | context_neighbors_max=4 | last_context_neighbors_mean=0.00 | last_context_neighbors_max=0 | actor_unlocked=0 | expl_noise=0.0757 | replay=16911 | interaction_replay=6795 | samples/sec=9.696
Episode 204 complete | agent_samples=16975 | env_steps=6919 | episode_env_steps=28 | episode_agent_samples=64 | mean_reward=107.261 | success=5/5 | collision=0/5 | mean_final_distance=0.251 | mean_progress=0.0168 | min_laser=0.620 | mean_lin=0.989 | mean_ang=0.162 | mean_robot_dist=1.240 | raw_reward=20.000 | adjusted_reward=20.000 | coop_agents=0/5 | mean_coop_neighbors=0.00 | active_neighbor_step_rate=0.688 | mean_active_neighbors_step=2.031 | max_active_neighbors_step=4 | interaction_reward=0.0000 | abs_interaction_reward=0.0000 | anti_stag_reward=0.0000 | abs_anti_stag_reward=0.0000 | wall_clear_reward=0.0000 | abs_wall_clear_reward=0.0000 | local_nav_reward=0.0000 | abs_local_nav_reward=0.0000 | context_neighbors_mean=2.06 | context_neighbors_max=4 | last_context_neighbors_mean=0.00 | last_context_neighbors_max=0 | actor_unlocked=0 | expl_noise=0.0757 | replay=16975 | interaction_replay=6830 | samples/sec=9.699
Episode 205 complete | agent_samples=17034 | env_steps=6939 | episode_env_steps=20 | episode_agent_samples=59 | mean_reward=30.325 | success=3/5 | collision=2/5 | mean_final_distance=0.841 | mean_progress=0.0228 | min_laser=0.300 | mean_lin=0.816 | mean_ang=-0.229 | mean_robot_dist=0.913 | raw_reward=19.913 | adjusted_reward=19.913 | coop_agents=0/5 | mean_coop_neighbors=0.00 | active_neighbor_step_rate=0.746 | mean_active_neighbors_step=1.864 | max_active_neighbors_step=4 | interaction_reward=0.0000 | abs_interaction_reward=0.0000 | anti_stag_reward=0.0000 | abs_anti_stag_reward=0.0000 | wall_clear_reward=0.0000 | abs_wall_clear_reward=0.0000 | local_nav_reward=0.0000 | abs_local_nav_reward=0.0000 | context_neighbors_mean=1.90 | context_neighbors_max=4 | last_context_neighbors_mean=0.00 | last_context_neighbors_max=0 | actor_unlocked=0 | expl_noise=0.0757 | replay=17034 | interaction_replay=6857 | samples/sec=9.708
Status | epoch=1 | next_eval_in=2966 agent_samples | checkpoint_every=10 episodes | checkpoint=./checkpoints/interaction_safe_distance_from_5a_s20260725_latest.pt | model=interaction_safe_distance_from_5a_s20260725
Episode 206 complete | agent_samples=17072 | env_steps=6947 | episode_env_steps=8 | episode_agent_samples=38 | mean_reward=21.833 | success=3/5 | collision=2/5 | mean_final_distance=0.603 | mean_progress=0.0517 | min_laser=0.300 | mean_lin=0.915 | mean_ang=0.205 | mean_robot_dist=1.161 | raw_reward=19.501 | adjusted_reward=11.401 | coop_agents=2/5 | mean_coop_neighbors=0.40 | active_neighbor_step_rate=0.789 | mean_active_neighbors_step=2.158 | max_active_neighbors_step=4 | interaction_reward=0.0000 | abs_interaction_reward=0.0000 | anti_stag_reward=0.0000 | abs_anti_stag_reward=0.0000 | wall_clear_reward=0.0000 | abs_wall_clear_reward=0.0000 | local_nav_reward=0.0000 | abs_local_nav_reward=0.0000 | context_neighbors_mean=2.21 | context_neighbors_max=4 | last_context_neighbors_mean=0.00 | last_context_neighbors_max=0 | actor_unlocked=0 | expl_noise=0.0757 | replay=17072 | interaction_replay=6887 | samples/sec=9.720
Episode 207 complete | agent_samples=17126 | env_steps=6962 | episode_env_steps=15 | episode_agent_samples=54 | mean_reward=118.577 | success=5/5 | collision=0/5 | mean_final_distance=0.243 | mean_progress=0.0035 | min_laser=0.556 | mean_lin=0.931 | mean_ang=0.374 | mean_robot_dist=1.194 | raw_reward=20.000 | adjusted_reward=20.000 | coop_agents=0/5 | mean_coop_neighbors=0.00 | active_neighbor_step_rate=0.833 | mean_active_neighbors_step=1.907 | max_active_neighbors_step=4 | interaction_reward=0.0000 | abs_interaction_reward=0.0000 | anti_stag_reward=0.0000 | abs_anti_stag_reward=0.0000 | wall_clear_reward=0.0000 | abs_wall_clear_reward=0.0000 | local_nav_reward=0.0000 | abs_local_nav_reward=0.0000 | context_neighbors_mean=1.94 | context_neighbors_max=4 | last_context_neighbors_mean=0.00 | last_context_neighbors_max=0 | actor_unlocked=0 | expl_noise=0.0756 | replay=17126 | interaction_replay=6930 | samples/sec=9.732
Episode 208 complete | agent_samples=17181 | env_steps=6976 | episode_env_steps=14 | episode_agent_samples=55 | mean_reward=112.843 | success=5/5 | collision=0/5 | mean_final_distance=0.238 | mean_progress=0.0174 | min_laser=0.424 | mean_lin=0.997 | mean_ang=0.786 | mean_robot_dist=0.645 | raw_reward=19.645 | adjusted_reward=19.645 | coop_agents=0/5 | mean_coop_neighbors=0.00 | active_neighbor_step_rate=0.891 | mean_active_neighbors_step=2.418 | max_active_neighbors_step=4 | interaction_reward=0.0000 | abs_interaction_reward=0.0000 | anti_stag_reward=0.0000 | abs_anti_stag_reward=0.0000 | wall_clear_reward=0.0000 | abs_wall_clear_reward=0.0000 | local_nav_reward=0.0000 | abs_local_nav_reward=0.0000 | context_neighbors_mean=2.47 | context_neighbors_max=4 | last_context_neighbors_mean=0.00 | last_context_neighbors_max=0 | actor_unlocked=0 | expl_noise=0.0756 | replay=17181 | interaction_replay=6979 | samples/sec=9.746
Episode 209 complete | agent_samples=17246 | env_steps=7002 | episode_env_steps=26 | episode_agent_samples=65 | mean_reward=31.445 | success=3/5 | collision=2/5 | mean_final_distance=0.517 | mean_progress=0.0154 | min_laser=0.301 | mean_lin=0.857 | mean_ang=0.233 | mean_robot_dist=1.654 | raw_reward=20.000 | adjusted_reward=20.000 | coop_agents=0/5 | mean_coop_neighbors=0.00 | active_neighbor_step_rate=0.677 | mean_active_neighbors_step=1.800 | max_active_neighbors_step=4 | interaction_reward=0.0000 | abs_interaction_reward=0.0000 | anti_stag_reward=0.0000 | abs_anti_stag_reward=0.0000 | wall_clear_reward=0.0000 | abs_wall_clear_reward=0.0000 | local_nav_reward=0.0000 | abs_local_nav_reward=0.0000 | context_neighbors_mean=1.89 | context_neighbors_max=4 | last_context_neighbors_mean=0.00 | last_context_neighbors_max=0 | actor_unlocked=0 | expl_noise=0.0756 | replay=17246 | interaction_replay=7021 | samples/sec=9.751
Episode 210 complete | agent_samples=17305 | env_steps=7020 | episode_env_steps=18 | episode_agent_samples=59 | mean_reward=17.567 | success=3/5 | collision=2/5 | mean_final_distance=0.658 | mean_progress=0.0140 | min_laser=0.300 | mean_lin=0.680 | mean_ang=-0.555 | mean_robot_dist=1.939 | raw_reward=20.000 | adjusted_reward=20.000 | coop_agents=0/5 | mean_coop_neighbors=0.00 | active_neighbor_step_rate=0.847 | mean_active_neighbors_step=2.390 | max_active_neighbors_step=4 | interaction_reward=0.0000 | abs_interaction_reward=0.0000 | anti_stag_reward=0.0000 | abs_anti_stag_reward=0.0000 | wall_clear_reward=0.0000 | abs_wall_clear_reward=0.0000 | local_nav_reward=0.0000 | abs_local_nav_reward=0.0000 | context_neighbors_mean=2.42 | context_neighbors_max=4 | last_context_neighbors_mean=0.00 | last_context_neighbors_max=0 | actor_unlocked=0 | expl_noise=0.0756 | replay=17305 | interaction_replay=7039 | samples/sec=9.763
Status | epoch=1 | next_eval_in=2695 agent_samples | checkpoint_every=10 episodes | checkpoint=./checkpoints/interaction_safe_distance_from_5a_s20260725_latest.pt | model=interaction_safe_distance_from_5a_s20260725
Checkpoint saved: ./checkpoints/interaction_safe_distance_from_5a_s20260725_latest.pt
Episode 211 complete | agent_samples=17372 | env_steps=7043 | episode_env_steps=23 | episode_agent_samples=67 | mean_reward=71.524 | success=4/5 | collision=1/5 | mean_final_distance=0.486 | mean_progress=0.0148 | min_laser=0.301 | mean_lin=0.787 | mean_ang=0.512 | mean_robot_dist=0.661 | raw_reward=19.661 | adjusted_reward=19.661 | coop_agents=0/5 | mean_coop_neighbors=0.00 | active_neighbor_step_rate=0.776 | mean_active_neighbors_step=2.448 | max_active_neighbors_step=4 | interaction_reward=0.0000 | abs_interaction_reward=0.0000 | anti_stag_reward=0.0000 | abs_anti_stag_reward=0.0000 | wall_clear_reward=0.0000 | abs_wall_clear_reward=0.0000 | local_nav_reward=0.0000 | abs_local_nav_reward=0.0000 | context_neighbors_mean=2.52 | context_neighbors_max=4 | last_context_neighbors_mean=0.00 | last_context_neighbors_max=0 | actor_unlocked=0 | expl_noise=0.0756 | replay=17372 | interaction_replay=7092 | samples/sec=9.770
Episode 212 complete | agent_samples=17450 | env_steps=7067 | episode_env_steps=24 | episode_agent_samples=78 | mean_reward=110.409 | success=5/5 | collision=0/5 | mean_final_distance=0.247 | mean_progress=0.0084 | min_laser=0.414 | mean_lin=0.984 | mean_ang=-0.200 | mean_robot_dist=1.371 | raw_reward=20.000 | adjusted_reward=20.000 | coop_agents=0/5 | mean_coop_neighbors=0.00 | active_neighbor_step_rate=0.872 | mean_active_neighbors_step=1.962 | max_active_neighbors_step=4 | interaction_reward=0.0000 | abs_interaction_reward=0.0000 | anti_stag_reward=0.0000 | abs_anti_stag_reward=0.0000 | wall_clear_reward=0.0000 | abs_wall_clear_reward=0.0000 | local_nav_reward=0.0000 | abs_local_nav_reward=0.0000 | context_neighbors_mean=2.04 | context_neighbors_max=4 | last_context_neighbors_mean=0.00 | last_context_neighbors_max=0 | actor_unlocked=0 | expl_noise=0.0756 | replay=17450 | interaction_replay=7144 | samples/sec=9.785
Episode 213 complete | agent_samples=17507 | env_steps=7087 | episode_env_steps=20 | episode_agent_samples=57 | mean_reward=72.360 | success=4/5 | collision=1/5 | mean_final_distance=0.403 | mean_progress=0.0132 | min_laser=0.342 | mean_lin=0.802 | mean_ang=0.507 | mean_robot_dist=1.350 | raw_reward=20.000 | adjusted_reward=20.000 | coop_agents=0/5 | mean_coop_neighbors=0.00 | active_neighbor_step_rate=0.754 | mean_active_neighbors_step=1.632 | max_active_neighbors_step=4 | interaction_reward=0.0000 | abs_interaction_reward=0.0000 | anti_stag_reward=0.0000 | abs_anti_stag_reward=0.0000 | wall_clear_reward=0.0000 | abs_wall_clear_reward=0.0000 | local_nav_reward=0.0000 | abs_local_nav_reward=0.0000 | context_neighbors_mean=1.74 | context_neighbors_max=4 | last_context_neighbors_mean=0.00 | last_context_neighbors_max=0 | actor_unlocked=0 | expl_noise=0.0756 | replay=17507 | interaction_replay=7188 | samples/sec=9.792
Episode 214 complete | agent_samples=17558 | env_steps=7099 | episode_env_steps=12 | episode_agent_samples=51 | mean_reward=35.892 | success=3/5 | collision=2/5 | mean_final_distance=0.439 | mean_progress=0.0191 | min_laser=0.300 | mean_lin=0.773 | mean_ang=0.087 | mean_robot_dist=1.459 | raw_reward=20.000 | adjusted_reward=20.000 | coop_agents=0/5 | mean_coop_neighbors=0.00 | active_neighbor_step_rate=0.784 | mean_active_neighbors_step=2.196 | max_active_neighbors_step=4 | interaction_reward=0.0000 | abs_interaction_reward=0.0000 | anti_stag_reward=0.0000 | abs_anti_stag_reward=0.0000 | wall_clear_reward=0.0000 | abs_wall_clear_reward=0.0000 | local_nav_reward=0.0000 | abs_local_nav_reward=0.0000 | context_neighbors_mean=2.29 | context_neighbors_max=4 | last_context_neighbors_mean=0.00 | last_context_neighbors_max=0 | actor_unlocked=0 | expl_noise=0.0756 | replay=17558 | interaction_replay=7227 | samples/sec=9.806
Episode 215 complete | agent_samples=17629 | env_steps=7118 | episode_env_steps=19 | episode_agent_samples=71 | mean_reward=122.872 | success=5/5 | collision=0/5 | mean_final_distance=0.236 | mean_progress=0.0195 | min_laser=0.421 | mean_lin=0.999 | mean_ang=-0.096 | mean_robot_dist=1.249 | raw_reward=20.000 | adjusted_reward=20.000 | coop_agents=0/5 | mean_coop_neighbors=0.00 | active_neighbor_step_rate=0.775 | mean_active_neighbors_step=1.915 | max_active_neighbors_step=4 | interaction_reward=0.0000 | abs_interaction_reward=0.0000 | anti_stag_reward=0.0000 | abs_anti_stag_reward=0.0000 | wall_clear_reward=0.0000 | abs_wall_clear_reward=0.0000 | local_nav_reward=0.0000 | abs_local_nav_reward=0.0000 | context_neighbors_mean=1.90 | context_neighbors_max=4 | last_context_neighbors_mean=0.00 | last_context_neighbors_max=0 | actor_unlocked=0 | expl_noise=0.0756 | replay=17629 | interaction_replay=7260 | samples/sec=9.823
Status | epoch=1 | next_eval_in=2371 agent_samples | checkpoint_every=10 episodes | checkpoint=./checkpoints/interaction_safe_distance_from_5a_s20260725_latest.pt | model=interaction_safe_distance_from_5a_s20260725
Episode 216 complete | agent_samples=17772 | env_steps=7213 | episode_env_steps=95 | episode_agent_samples=143 | mean_reward=38.306 | success=3/5 | collision=2/5 | mean_final_distance=0.549 | mean_progress=0.0028 | min_laser=0.333 | mean_lin=0.800 | mean_ang=0.500 | mean_robot_dist=2.826 | raw_reward=20.000 | adjusted_reward=20.000 | coop_agents=0/5 | mean_coop_neighbors=0.00 | active_neighbor_step_rate=0.308 | mean_active_neighbors_step=0.601 | max_active_neighbors_step=3 | interaction_reward=0.0000 | abs_interaction_reward=0.0000 | anti_stag_reward=0.0000 | abs_anti_stag_reward=0.0000 | wall_clear_reward=0.0000 | abs_wall_clear_reward=0.0000 | local_nav_reward=0.0000 | abs_local_nav_reward=0.0000 | context_neighbors_mean=0.64 | context_neighbors_max=3 | last_context_neighbors_mean=0.00 | last_context_neighbors_max=0 | actor_unlocked=0 | expl_noise=0.0755 | replay=17772 | interaction_replay=7295 | samples/sec=9.790
Episode 217 complete | agent_samples=17881 | env_steps=7254 | episode_env_steps=41 | episode_agent_samples=109 | mean_reward=125.317 | success=5/5 | collision=0/5 | mean_final_distance=0.267 | mean_progress=0.0175 | min_laser=0.452 | mean_lin=0.788 | mean_ang=-0.590 | mean_robot_dist=1.924 | raw_reward=20.000 | adjusted_reward=20.000 | coop_agents=0/5 | mean_coop_neighbors=0.00 | active_neighbor_step_rate=0.752 | mean_active_neighbors_step=2.018 | max_active_neighbors_step=4 | interaction_reward=0.0000 | abs_interaction_reward=0.0000 | anti_stag_reward=0.0000 | abs_anti_stag_reward=0.0000 | wall_clear_reward=0.0000 | abs_wall_clear_reward=0.0000 | local_nav_reward=0.0000 | abs_local_nav_reward=0.0000 | context_neighbors_mean=2.06 | context_neighbors_max=4 | last_context_neighbors_mean=0.00 | last_context_neighbors_max=0 | actor_unlocked=0 | expl_noise=0.0755 | replay=17881 | interaction_replay=7333 | samples/sec=9.802
Episode 218 complete | agent_samples=17948 | env_steps=7273 | episode_env_steps=19 | episode_agent_samples=67 | mean_reward=72.653 | success=4/5 | collision=1/5 | mean_final_distance=0.455 | mean_progress=0.0230 | min_laser=0.329 | mean_lin=0.800 | mean_ang=0.440 | mean_robot_dist=1.698 | raw_reward=20.000 | adjusted_reward=20.000 | coop_agents=0/5 | mean_coop_neighbors=0.00 | active_neighbor_step_rate=0.731 | mean_active_neighbors_step=1.716 | max_active_neighbors_step=4 | interaction_reward=0.0000 | abs_interaction_reward=0.0000 | anti_stag_reward=0.0000 | abs_anti_stag_reward=0.0000 | wall_clear_reward=0.0000 | abs_wall_clear_reward=0.0000 | local_nav_reward=0.0000 | abs_local_nav_reward=0.0000 | context_neighbors_mean=1.76 | context_neighbors_max=4 | last_context_neighbors_mean=0.00 | last_context_neighbors_max=0 | actor_unlocked=0 | expl_noise=0.0755 | replay=17948 | interaction_replay=7351 | samples/sec=9.816
Episode 219 complete | agent_samples=18122 | env_steps=7367 | episode_env_steps=94 | episode_agent_samples=174 | mean_reward=110.845 | success=5/5 | collision=0/5 | mean_final_distance=0.261 | mean_progress=0.0163 | min_laser=0.584 | mean_lin=0.792 | mean_ang=-0.567 | mean_robot_dist=1.815 | raw_reward=20.000 | adjusted_reward=20.000 | coop_agents=0/5 | mean_coop_neighbors=0.00 | active_neighbor_step_rate=0.575 | mean_active_neighbors_step=0.816 | max_active_neighbors_step=3 | interaction_reward=0.0000 | abs_interaction_reward=0.0000 | anti_stag_reward=0.0000 | abs_anti_stag_reward=0.0000 | wall_clear_reward=0.0000 | abs_wall_clear_reward=0.0000 | local_nav_reward=0.0000 | abs_local_nav_reward=0.0000 | context_neighbors_mean=0.85 | context_neighbors_max=3 | last_context_neighbors_mean=0.00 | last_context_neighbors_max=0 | actor_unlocked=0 | expl_noise=0.0754 | replay=18122 | interaction_replay=7410 | samples/sec=9.802
Episode 220 complete | agent_samples=18504 | env_steps=7667 | episode_env_steps=300 | episode_agent_samples=382 | mean_reward=101.119 | success=4/5 | collision=0/5 | mean_final_distance=0.647 | mean_progress=-0.0000 | min_laser=0.565 | mean_lin=0.798 | mean_ang=0.719 | mean_robot_dist=1.468 | raw_reward=-0.019 | adjusted_reward=-0.019 | coop_agents=0/5 | mean_coop_neighbors=0.00 | active_neighbor_step_rate=0.188 | mean_active_neighbors_step=0.390 | max_active_neighbors_step=4 | interaction_reward=0.0000 | abs_interaction_reward=0.0000 | anti_stag_reward=0.0000 | abs_anti_stag_reward=0.0000 | wall_clear_reward=0.0000 | abs_wall_clear_reward=0.0000 | local_nav_reward=0.0000 | abs_local_nav_reward=0.0000 | context_neighbors_mean=0.39 | context_neighbors_max=4 | last_context_neighbors_mean=0.00 | last_context_neighbors_max=0 | actor_unlocked=0 | expl_noise=0.0752 | replay=18504 | interaction_replay=7448 | samples/sec=9.673
Status | epoch=1 | next_eval_in=1496 agent_samples | checkpoint_every=10 episodes | checkpoint=./checkpoints/interaction_safe_distance_from_5a_s20260725_latest.pt | model=interaction_safe_distance_from_5a_s20260725
Checkpoint saved: ./checkpoints/interaction_safe_distance_from_5a_s20260725_latest.pt
Episode 221 complete | agent_samples=18633 | env_steps=7730 | episode_env_steps=63 | episode_agent_samples=129 | mean_reward=106.305 | success=5/5 | collision=0/5 | mean_final_distance=0.251 | mean_progress=0.0085 | min_laser=0.652 | mean_lin=0.745 | mean_ang=-0.336 | mean_robot_dist=1.871 | raw_reward=20.000 | adjusted_reward=20.000 | coop_agents=0/5 | mean_coop_neighbors=0.00 | active_neighbor_step_rate=0.612 | mean_active_neighbors_step=1.434 | max_active_neighbors_step=4 | interaction_reward=0.0000 | abs_interaction_reward=0.0000 | anti_stag_reward=0.0000 | abs_anti_stag_reward=0.0000 | wall_clear_reward=0.0000 | abs_wall_clear_reward=0.0000 | local_nav_reward=0.0000 | abs_local_nav_reward=0.0000 | context_neighbors_mean=1.46 | context_neighbors_max=4 | last_context_neighbors_mean=0.00 | last_context_neighbors_max=0 | actor_unlocked=0 | expl_noise=0.0752 | replay=18633 | interaction_replay=7470 | samples/sec=9.670
Episode 222 complete | agent_samples=18695 | env_steps=7747 | episode_env_steps=17 | episode_agent_samples=62 | mean_reward=33.636 | success=3/5 | collision=2/5 | mean_final_distance=0.486 | mean_progress=0.0028 | min_laser=0.300 | mean_lin=0.794 | mean_ang=-0.662 | mean_robot_dist=2.215 | raw_reward=20.000 | adjusted_reward=20.000 | coop_agents=0/5 | mean_coop_neighbors=0.00 | active_neighbor_step_rate=0.903 | mean_active_neighbors_step=2.081 | max_active_neighbors_step=4 | interaction_reward=0.0000 | abs_interaction_reward=0.0000 | anti_stag_reward=0.0000 | abs_anti_stag_reward=0.0000 | wall_clear_reward=0.0000 | abs_wall_clear_reward=0.0000 | local_nav_reward=0.0000 | abs_local_nav_reward=0.0000 | context_neighbors_mean=2.13 | context_neighbors_max=4 | last_context_neighbors_mean=0.00 | last_context_neighbors_max=0 | actor_unlocked=0 | expl_noise=0.0752 | replay=18695 | interaction_replay=7499 | samples/sec=9.683
Episode 223 complete | agent_samples=18768 | env_steps=7772 | episode_env_steps=25 | episode_agent_samples=73 | mean_reward=114.317 | success=5/5 | collision=0/5 | mean_final_distance=0.228 | mean_progress=0.0118 | min_laser=0.631 | mean_lin=1.000 | mean_ang=0.598 | mean_robot_dist=1.097 | raw_reward=20.000 | adjusted_reward=20.000 | coop_agents=0/5 | mean_coop_neighbors=0.00 | active_neighbor_step_rate=0.781 | mean_active_neighbors_step=2.014 | max_active_neighbors_step=4 | interaction_reward=0.0000 | abs_interaction_reward=0.0000 | anti_stag_reward=0.0000 | abs_anti_stag_reward=0.0000 | wall_clear_reward=0.0000 | abs_wall_clear_reward=0.0000 | local_nav_reward=0.0000 | abs_local_nav_reward=0.0000 | context_neighbors_mean=2.05 | context_neighbors_max=4 | last_context_neighbors_mean=0.00 | last_context_neighbors_max=0 | actor_unlocked=0 | expl_noise=0.0751 | replay=18768 | interaction_replay=7522 | samples/sec=9.693
Episode 224 complete | agent_samples=18901 | env_steps=7814 | episode_env_steps=42 | episode_agent_samples=133 | mean_reward=121.361 | success=5/5 | collision=0/5 | mean_final_distance=0.256 | mean_progress=0.0100 | min_laser=0.430 | mean_lin=0.800 | mean_ang=-0.600 | mean_robot_dist=1.202 | raw_reward=20.000 | adjusted_reward=20.000 | coop_agents=0/5 | mean_coop_neighbors=0.00 | active_neighbor_step_rate=0.677 | mean_active_neighbors_step=1.504 | max_active_neighbors_step=4 | interaction_reward=0.0000 | abs_interaction_reward=0.0000 | anti_stag_reward=0.0000 | abs_anti_stag_reward=0.0000 | wall_clear_reward=0.0000 | abs_wall_clear_reward=0.0000 | local_nav_reward=0.0000 | abs_local_nav_reward=0.0000 | context_neighbors_mean=1.56 | context_neighbors_max=4 | last_context_neighbors_mean=0.00 | last_context_neighbors_max=0 | actor_unlocked=0 | expl_noise=0.0751 | replay=18901 | interaction_replay=7597 | samples/sec=9.716
Episode 225 complete | agent_samples=18998 | env_steps=7867 | episode_env_steps=53 | episode_agent_samples=97 | mean_reward=79.296 | success=4/5 | collision=1/5 | mean_final_distance=0.543 | mean_progress=0.0085 | min_laser=0.300 | mean_lin=0.792 | mean_ang=0.292 | mean_robot_dist=1.453 | raw_reward=20.000 | adjusted_reward=20.000 | coop_agents=0/5 | mean_coop_neighbors=0.00 | active_neighbor_step_rate=0.567 | mean_active_neighbors_step=1.433 | max_active_neighbors_step=4 | interaction_reward=0.0000 | abs_interaction_reward=0.0000 | anti_stag_reward=0.0000 | abs_anti_stag_reward=0.0000 | wall_clear_reward=0.0000 | abs_wall_clear_reward=0.0000 | local_nav_reward=0.0000 | abs_local_nav_reward=0.0000 | context_neighbors_mean=1.46 | context_neighbors_max=4 | last_context_neighbors_mean=0.00 | last_context_neighbors_max=0 | actor_unlocked=0 | expl_noise=0.0751 | replay=18998 | interaction_replay=7616 | samples/sec=9.708
Status | epoch=1 | next_eval_in=1002 agent_samples | checkpoint_every=10 episodes | checkpoint=./checkpoints/interaction_safe_distance_from_5a_s20260725_latest.pt | model=interaction_safe_distance_from_5a_s20260725
Episode 226 complete | agent_samples=19046 | env_steps=7881 | episode_env_steps=14 | episode_agent_samples=48 | mean_reward=33.843 | success=3/5 | collision=2/5 | mean_final_distance=0.962 | mean_progress=0.0180 | min_laser=0.300 | mean_lin=1.000 | mean_ang=0.454 | mean_robot_dist=2.528 | raw_reward=20.000 | adjusted_reward=20.000 | coop_agents=0/5 | mean_coop_neighbors=0.00 | active_neighbor_step_rate=0.875 | mean_active_neighbors_step=1.917 | max_active_neighbors_step=4 | interaction_reward=0.0000 | abs_interaction_reward=0.0000 | anti_stag_reward=0.0000 | abs_anti_stag_reward=0.0000 | wall_clear_reward=0.0000 | abs_wall_clear_reward=0.0000 | local_nav_reward=0.0000 | abs_local_nav_reward=0.0000 | context_neighbors_mean=1.92 | context_neighbors_max=4 | last_context_neighbors_mean=0.00 | last_context_neighbors_max=0 | actor_unlocked=0 | expl_noise=0.0751 | replay=19046 | interaction_replay=7634 | samples/sec=9.717
Episode 227 complete | agent_samples=19093 | env_steps=7891 | episode_env_steps=10 | episode_agent_samples=47 | mean_reward=39.100 | success=3/5 | collision=2/5 | mean_final_distance=0.457 | mean_progress=0.0389 | min_laser=0.300 | mean_lin=0.803 | mean_ang=0.160 | mean_robot_dist=0.732 | raw_reward=-0.538 | adjusted_reward=7.569 | coop_agents=1/5 | mean_coop_neighbors=0.20 | active_neighbor_step_rate=0.872 | mean_active_neighbors_step=2.234 | max_active_neighbors_step=4 | interaction_reward=0.0000 | abs_interaction_reward=0.0000 | anti_stag_reward=0.0000 | abs_anti_stag_reward=0.0000 | wall_clear_reward=0.0000 | abs_wall_clear_reward=0.0000 | local_nav_reward=0.0000 | abs_local_nav_reward=0.0000 | context_neighbors_mean=2.32 | context_neighbors_max=4 | last_context_neighbors_mean=0.00 | last_context_neighbors_max=0 | actor_unlocked=0 | expl_noise=0.0751 | replay=19093 | interaction_replay=7677 | samples/sec=9.730
Episode 228 complete | agent_samples=19140 | env_steps=7902 | episode_env_steps=11 | episode_agent_samples=47 | mean_reward=28.151 | success=3/5 | collision=2/5 | mean_final_distance=0.304 | mean_progress=0.0309 | min_laser=0.300 | mean_lin=0.799 | mean_ang=-0.266 | mean_robot_dist=0.565 | raw_reward=-40.871 | adjusted_reward=-40.871 | coop_agents=2/5 | mean_coop_neighbors=0.40 | active_neighbor_step_rate=0.957 | mean_active_neighbors_step=2.085 | max_active_neighbors_step=4 | interaction_reward=0.0000 | abs_interaction_reward=0.0000 | anti_stag_reward=0.0000 | abs_anti_stag_reward=0.0000 | wall_clear_reward=0.0000 | abs_wall_clear_reward=0.0000 | local_nav_reward=0.0000 | abs_local_nav_reward=0.0000 | context_neighbors_mean=2.13 | context_neighbors_max=4 | last_context_neighbors_mean=0.00 | last_context_neighbors_max=0 | actor_unlocked=0 | expl_noise=0.0751 | replay=19140 | interaction_replay=7720 | samples/sec=9.742
Episode 229 complete | agent_samples=19184 | env_steps=7912 | episode_env_steps=10 | episode_agent_samples=44 | mean_reward=71.308 | success=4/5 | collision=1/5 | mean_final_distance=0.259 | mean_progress=0.0398 | min_laser=0.330 | mean_lin=0.739 | mean_ang=0.579 | mean_robot_dist=1.015 | raw_reward=39.602 | adjusted_reward=39.602 | coop_agents=2/5 | mean_coop_neighbors=0.40 | active_neighbor_step_rate=0.886 | mean_active_neighbors_step=1.727 | max_active_neighbors_step=4 | interaction_reward=0.0000 | abs_interaction_reward=0.0000 | anti_stag_reward=0.0000 | abs_anti_stag_reward=0.0000 | wall_clear_reward=0.0000 | abs_wall_clear_reward=0.0000 | local_nav_reward=0.0000 | abs_local_nav_reward=0.0000 | context_neighbors_mean=1.77 | context_neighbors_max=4 | last_context_neighbors_mean=0.00 | last_context_neighbors_max=0 | actor_unlocked=0 | expl_noise=0.0751 | replay=19184 | interaction_replay=7758 | samples/sec=9.753
Episode 230 complete | agent_samples=19279 | env_steps=7948 | episode_env_steps=36 | episode_agent_samples=95 | mean_reward=29.128 | success=3/5 | collision=2/5 | mean_final_distance=0.534 | mean_progress=0.0171 | min_laser=0.314 | mean_lin=0.799 | mean_ang=-0.199 | mean_robot_dist=0.956 | raw_reward=19.956 | adjusted_reward=19.956 | coop_agents=0/5 | mean_coop_neighbors=0.00 | active_neighbor_step_rate=0.632 | mean_active_neighbors_step=1.042 | max_active_neighbors_step=4 | interaction_reward=0.0000 | abs_interaction_reward=0.0000 | anti_stag_reward=0.0000 | abs_anti_stag_reward=0.0000 | wall_clear_reward=0.0000 | abs_wall_clear_reward=0.0000 | local_nav_reward=0.0000 | abs_local_nav_reward=0.0000 | context_neighbors_mean=1.05 | context_neighbors_max=4 | last_context_neighbors_mean=0.00 | last_context_neighbors_max=0 | actor_unlocked=0 | expl_noise=0.0750 | replay=19279 | interaction_replay=7774 | samples/sec=9.762
Status | epoch=1 | next_eval_in=721 agent_samples | checkpoint_every=10 episodes | checkpoint=./checkpoints/interaction_safe_distance_from_5a_s20260725_latest.pt | model=interaction_safe_distance_from_5a_s20260725
Checkpoint saved: ./checkpoints/interaction_safe_distance_from_5a_s20260725_latest.pt
Episode 231 complete | agent_samples=19409 | env_steps=8023 | episode_env_steps=75 | episode_agent_samples=130 | mean_reward=75.214 | success=4/5 | collision=1/5 | mean_final_distance=0.293 | mean_progress=0.0096 | min_laser=0.349 | mean_lin=0.800 | mean_ang=-0.197 | mean_robot_dist=2.116 | raw_reward=20.000 | adjusted_reward=20.000 | coop_agents=0/5 | mean_coop_neighbors=0.00 | active_neighbor_step_rate=0.400 | mean_active_neighbors_step=0.800 | max_active_neighbors_step=4 | interaction_reward=0.0000 | abs_interaction_reward=0.0000 | anti_stag_reward=0.0000 | abs_anti_stag_reward=0.0000 | wall_clear_reward=0.0000 | abs_wall_clear_reward=0.0000 | local_nav_reward=0.0000 | abs_local_nav_reward=0.0000 | context_neighbors_mean=0.82 | context_neighbors_max=4 | last_context_neighbors_mean=0.00 | last_context_neighbors_max=0 | actor_unlocked=0 | expl_noise=0.0750 | replay=19409 | interaction_replay=7791 | samples/sec=9.745
Episode 232 complete | agent_samples=19457 | env_steps=8038 | episode_env_steps=15 | episode_agent_samples=48 | mean_reward=60.310 | success=4/5 | collision=1/5 | mean_final_distance=0.550 | mean_progress=0.0162 | min_laser=0.302 | mean_lin=0.791 | mean_ang=-0.359 | mean_robot_dist=1.157 | raw_reward=20.000 | adjusted_reward=20.000 | coop_agents=0/5 | mean_coop_neighbors=0.00 | active_neighbor_step_rate=0.688 | mean_active_neighbors_step=1.625 | max_active_neighbors_step=4 | interaction_reward=0.0000 | abs_interaction_reward=0.0000 | anti_stag_reward=0.0000 | abs_anti_stag_reward=0.0000 | wall_clear_reward=0.0000 | abs_wall_clear_reward=0.0000 | local_nav_reward=0.0000 | abs_local_nav_reward=0.0000 | context_neighbors_mean=1.69 | context_neighbors_max=4 | last_context_neighbors_mean=0.00 | last_context_neighbors_max=0 | actor_unlocked=0 | expl_noise=0.0750 | replay=19457 | interaction_replay=7824 | samples/sec=9.753
Episode 233 complete | agent_samples=19540 | env_steps=8092 | episode_env_steps=54 | episode_agent_samples=83 | mean_reward=17.191 | success=3/5 | collision=2/5 | mean_final_distance=0.820 | mean_progress=0.0070 | min_laser=0.327 | mean_lin=0.804 | mean_ang=0.598 | mean_robot_dist=3.520 | raw_reward=20.000 | adjusted_reward=20.000 | coop_agents=0/5 | mean_coop_neighbors=0.00 | active_neighbor_step_rate=0.373 | mean_active_neighbors_step=1.048 | max_active_neighbors_step=4 | interaction_reward=0.0000 | abs_interaction_reward=0.0000 | anti_stag_reward=0.0000 | abs_anti_stag_reward=0.0000 | wall_clear_reward=0.0000 | abs_wall_clear_reward=0.0000 | local_nav_reward=0.0000 | abs_local_nav_reward=0.0000 | context_neighbors_mean=1.07 | context_neighbors_max=4 | last_context_neighbors_mean=0.00 | last_context_neighbors_max=0 | actor_unlocked=0 | expl_noise=0.0749 | replay=19540 | interaction_replay=7836 | samples/sec=9.738
Episode 234 complete | agent_samples=19589 | env_steps=8106 | episode_env_steps=14 | episode_agent_samples=49 | mean_reward=28.136 | success=3/5 | collision=2/5 | mean_final_distance=0.516 | mean_progress=0.0108 | min_laser=0.330 | mean_lin=0.610 | mean_ang=-1.000 | mean_robot_dist=1.397 | raw_reward=20.000 | adjusted_reward=20.000 | coop_agents=0/5 | mean_coop_neighbors=0.00 | active_neighbor_step_rate=0.816 | mean_active_neighbors_step=1.857 | max_active_neighbors_step=4 | interaction_reward=0.0000 | abs_interaction_reward=0.0000 | anti_stag_reward=0.0000 | abs_anti_stag_reward=0.0000 | wall_clear_reward=0.0000 | abs_wall_clear_reward=0.0000 | local_nav_reward=0.0000 | abs_local_nav_reward=0.0000 | context_neighbors_mean=1.88 | context_neighbors_max=4 | last_context_neighbors_mean=0.00 | last_context_neighbors_max=0 | actor_unlocked=0 | expl_noise=0.0749 | replay=19589 | interaction_replay=7876 | samples/sec=9.747
Episode 235 complete | agent_samples=19652 | env_steps=8137 | episode_env_steps=31 | episode_agent_samples=63 | mean_reward=111.840 | success=5/5 | collision=0/5 | mean_final_distance=0.279 | mean_progress=0.0205 | min_laser=0.632 | mean_lin=0.800 | mean_ang=0.191 | mean_robot_dist=1.435 | raw_reward=20.000 | adjusted_reward=20.000 | coop_agents=0/5 | mean_coop_neighbors=0.00 | active_neighbor_step_rate=0.635 | mean_active_neighbors_step=1.905 | max_active_neighbors_step=4 | interaction_reward=0.0000 | abs_interaction_reward=0.0000 | anti_stag_reward=0.0000 | abs_anti_stag_reward=0.0000 | wall_clear_reward=0.0000 | abs_wall_clear_reward=0.0000 | local_nav_reward=0.0000 | abs_local_nav_reward=0.0000 | context_neighbors_mean=1.94 | context_neighbors_max=4 | last_context_neighbors_mean=0.00 | last_context_neighbors_max=0 | actor_unlocked=0 | expl_noise=0.0749 | replay=19652 | interaction_replay=7904 | samples/sec=9.745
Status | epoch=1 | next_eval_in=348 agent_samples | checkpoint_every=10 episodes | checkpoint=./checkpoints/interaction_safe_distance_from_5a_s20260725_latest.pt | model=interaction_safe_distance_from_5a_s20260725
Episode 236 complete | agent_samples=19694 | env_steps=8147 | episode_env_steps=10 | episode_agent_samples=42 | mean_reward=29.038 | success=3/5 | collision=2/5 | mean_final_distance=0.553 | mean_progress=0.0392 | min_laser=0.300 | mean_lin=0.805 | mean_ang=0.099 | mean_robot_dist=1.070 | raw_reward=40.000 | adjusted_reward=40.000 | coop_agents=2/5 | mean_coop_neighbors=0.40 | active_neighbor_step_rate=1.000 | mean_active_neighbors_step=2.952 | max_active_neighbors_step=4 | interaction_reward=0.0000 | abs_interaction_reward=0.0000 | anti_stag_reward=0.0000 | abs_anti_stag_reward=0.0000 | wall_clear_reward=0.0000 | abs_wall_clear_reward=0.0000 | local_nav_reward=0.0000 | abs_local_nav_reward=0.0000 | context_neighbors_mean=2.98 | context_neighbors_max=4 | last_context_neighbors_mean=0.00 | last_context_neighbors_max=0 | actor_unlocked=0 | expl_noise=0.0749 | replay=19694 | interaction_replay=7946 | samples/sec=9.755
Episode 237 complete | agent_samples=19744 | env_steps=8160 | episode_env_steps=13 | episode_agent_samples=50 | mean_reward=37.177 | success=3/5 | collision=2/5 | mean_final_distance=0.485 | mean_progress=0.0052 | min_laser=0.316 | mean_lin=0.800 | mean_ang=0.077 | mean_robot_dist=2.675 | raw_reward=20.000 | adjusted_reward=20.000 | coop_agents=0/5 | mean_coop_neighbors=0.00 | active_neighbor_step_rate=0.600 | mean_active_neighbors_step=1.940 | max_active_neighbors_step=4 | interaction_reward=0.0000 | abs_interaction_reward=0.0000 | anti_stag_reward=0.0000 | abs_anti_stag_reward=0.0000 | wall_clear_reward=0.0000 | abs_wall_clear_reward=0.0000 | local_nav_reward=0.0000 | abs_local_nav_reward=0.0000 | context_neighbors_mean=1.94 | context_neighbors_max=4 | last_context_neighbors_mean=0.00 | last_context_neighbors_max=0 | actor_unlocked=0 | expl_noise=0.0749 | replay=19744 | interaction_replay=7962 | samples/sec=9.766
Episode 238 complete | agent_samples=19875 | env_steps=8195 | episode_env_steps=35 | episode_agent_samples=131 | mean_reward=112.957 | success=5/5 | collision=0/5 | mean_final_distance=0.267 | mean_progress=0.0253 | min_laser=0.435 | mean_lin=0.992 | mean_ang=-0.996 | mean_robot_dist=1.207 | raw_reward=20.000 | adjusted_reward=20.000 | coop_agents=0/5 | mean_coop_neighbors=0.00 | active_neighbor_step_rate=0.847 | mean_active_neighbors_step=2.145 | max_active_neighbors_step=4 | interaction_reward=0.0000 | abs_interaction_reward=0.0000 | anti_stag_reward=0.0000 | abs_anti_stag_reward=0.0000 | wall_clear_reward=0.0000 | abs_wall_clear_reward=0.0000 | local_nav_reward=0.0000 | abs_local_nav_reward=0.0000 | context_neighbors_mean=2.16 | context_neighbors_max=4 | last_context_neighbors_mean=0.00 | last_context_neighbors_max=0 | actor_unlocked=0 | expl_noise=0.0749 | replay=19875 | interaction_replay=8010 | samples/sec=9.794
Episode 239 complete | agent_samples=19927 | env_steps=8209 | episode_env_steps=14 | episode_agent_samples=52 | mean_reward=29.662 | success=3/5 | collision=2/5 | mean_final_distance=0.386 | mean_progress=0.0220 | min_laser=0.316 | mean_lin=0.939 | mean_ang=0.239 | mean_robot_dist=1.015 | raw_reward=20.000 | adjusted_reward=20.000 | coop_agents=0/5 | mean_coop_neighbors=0.00 | active_neighbor_step_rate=0.846 | mean_active_neighbors_step=2.404 | max_active_neighbors_step=4 | interaction_reward=0.0000 | abs_interaction_reward=0.0000 | anti_stag_reward=0.0000 | abs_anti_stag_reward=0.0000 | wall_clear_reward=0.0000 | abs_wall_clear_reward=0.0000 | local_nav_reward=0.0000 | abs_local_nav_reward=0.0000 | context_neighbors_mean=2.46 | context_neighbors_max=4 | last_context_neighbors_mean=0.00 | last_context_neighbors_max=0 | actor_unlocked=0 | expl_noise=0.0749 | replay=19927 | interaction_replay=8052 | samples/sec=9.804
Episode 240 complete | agent_samples=20058 | env_steps=8298 | episode_env_steps=89 | episode_agent_samples=131 | mean_reward=113.459 | success=5/5 | collision=0/5 | mean_final_distance=0.287 | mean_progress=0.0069 | min_laser=0.481 | mean_lin=0.789 | mean_ang=0.199 | mean_robot_dist=1.587 | raw_reward=20.000 | adjusted_reward=20.000 | coop_agents=0/5 | mean_coop_neighbors=0.00 | active_neighbor_step_rate=0.336 | mean_active_neighbors_step=0.649 | max_active_neighbors_step=3 | interaction_reward=0.0000 | abs_interaction_reward=0.0000 | anti_stag_reward=0.0000 | abs_anti_stag_reward=0.0000 | wall_clear_reward=0.0000 | abs_wall_clear_reward=0.0000 | local_nav_reward=0.0000 | abs_local_nav_reward=0.0000 | context_neighbors_mean=0.67 | context_neighbors_max=3 | last_context_neighbors_mean=0.00 | last_context_neighbors_max=0 | actor_unlocked=0 | expl_noise=0.0748 | replay=20058 | interaction_replay=8095 | samples/sec=9.776
Status | epoch=1 | next_eval_in=-58 agent_samples | checkpoint_every=10 episodes | checkpoint=./checkpoints/interaction_safe_distance_from_5a_s20260725_latest.pt | model=interaction_safe_distance_from_5a_s20260725
Checkpoint saved: ./checkpoints/interaction_safe_distance_from_5a_s20260725_latest.pt
Validating multi-agent policy at agent_samples=20058 env_steps=8298
Manifest switched: strong-interaction-curriculum-validation-v1 | scenarios=140 | sampling=cycle | path=/home/jiutian/Local-Critic-Multi-Robot-Navigation-gate/experiments/04_保留专门化/05_论文主线/datasets/fixed_v1/views/strong_interaction_curriculum_v1/validation.json.gz
Validation progress | epoch=1 | episodes=10/140 | success_rate=0.840 | collision_rate=0.160 | full_success_rate=0.500 | timeout_rate=0.000
Validation progress | epoch=1 | episodes=20/140 | success_rate=0.760 | collision_rate=0.240 | full_success_rate=0.300 | timeout_rate=0.000
Validation progress | epoch=1 | episodes=30/140 | success_rate=0.807 | collision_rate=0.193 | full_success_rate=0.400 | timeout_rate=0.000
Validation progress | epoch=1 | episodes=40/140 | success_rate=0.810 | collision_rate=0.190 | full_success_rate=0.425 | timeout_rate=0.000
Validation progress | epoch=1 | episodes=50/140 | success_rate=0.800 | collision_rate=0.200 | full_success_rate=0.400 | timeout_rate=0.000
Validation progress | epoch=1 | episodes=60/140 | success_rate=0.800 | collision_rate=0.200 | full_success_rate=0.400 | timeout_rate=0.000
Validation progress | epoch=1 | episodes=70/140 | success_rate=0.817 | collision_rate=0.183 | full_success_rate=0.443 | timeout_rate=0.000
Validation progress | epoch=1 | episodes=80/140 | success_rate=0.812 | collision_rate=0.188 | full_success_rate=0.425 | timeout_rate=0.000
Validation progress | epoch=1 | episodes=90/140 | success_rate=0.824 | collision_rate=0.176 | full_success_rate=0.456 | timeout_rate=0.000
Validation progress | epoch=1 | episodes=100/140 | success_rate=0.826 | collision_rate=0.174 | full_success_rate=0.460 | timeout_rate=0.000
Validation progress | epoch=1 | episodes=110/140 | success_rate=0.827 | collision_rate=0.173 | full_success_rate=0.473 | timeout_rate=0.000
Validation progress | epoch=1 | episodes=120/140 | success_rate=0.827 | collision_rate=0.173 | full_success_rate=0.458 | timeout_rate=0.000
Validation progress | epoch=1 | episodes=130/140 | success_rate=0.834 | collision_rate=0.166 | full_success_rate=0.477 | timeout_rate=0.000
Validation progress | epoch=1 | episodes=140/140 | success_rate=0.837 | collision_rate=0.163 | full_success_rate=0.486 | timeout_rate=0.000
..............................................
Multi-Agent Eval Epoch 1 | avg_reward=81.878 | success_rate=0.837 | collision_rate=0.163 | unresolved_rate=0.000 | full_success_rate=0.486 | timeout_episode_rate=0.000 | avg_env_steps=33.4 | avg_final_distance=0.301
Eval success_hist 0..N: [0, 0, 1, 40, 31, 68]
Eval collision_hist 0..N: [68, 31, 40, 1, 0, 0]
Eval oracle strong-actor activation rate: 0.4391 (5207/11858 agent steps)
Eval interaction stratum | band=close | episodes=40 | success_rate=0.900 | collision_rate=0.100 | unresolved_rate=0.000 | full_success_rate=0.625 | timeout_rate=0.000 | avg_steps=34.8
Eval interaction stratum | band=deep | episodes=60 | success_rate=0.717 | collision_rate=0.283 | unresolved_rate=0.000 | full_success_rate=0.183 | timeout_rate=0.000 | avg_steps=30.9
Eval interaction stratum | band=margin | episodes=40 | success_rate=0.955 | collision_rate=0.045 | unresolved_rate=0.000 | full_success_rate=0.800 | timeout_rate=0.000 | avg_steps=35.6
..............................................
Manifest switched: strong-interaction-stage2-train-v1 | scenarios=640 | sampling=random | path=/home/jiutian/Local-Critic-Multi-Robot-Navigation-gate/experiments/04_保留专门化/05_论文主线/datasets/fixed_v1/views/strong_interaction_curriculum_v1/stage2_train.json.gz
Epoch model snapshot saved: interaction_safe_distance_from_5a_s20260725_epoch_001
Checkpoint saved: ./checkpoints/interaction_safe_distance_from_5a_s20260725_latest.pt
Best checkpoint updated | epoch=1 | success_rate=0.837 | collision_rate=0.163 | full_success_rate=0.486 | unresolved_rate=0.000 | avg_reward=81.878 | metric=full_success | path=./checkpoints/interaction_safe_distance_from_5a_s20260725_best.pt
Next epoch will start from 2. Resume keeps this counter in ./checkpoints/interaction_safe_distance_from_5a_s20260725_latest.pt
Episode 241 complete | agent_samples=20142 | env_steps=8327 | episode_env_steps=29 | episode_agent_samples=84 | mean_reward=74.720 | success=4/5 | collision=1/5 | mean_final_distance=0.423 | mean_progress=0.0065 | min_laser=0.300 | mean_lin=0.805 | mean_ang=-0.126 | mean_robot_dist=1.342 | raw_reward=20.000 | adjusted_reward=20.000 | coop_agents=0/5 | mean_coop_neighbors=0.00 | active_neighbor_step_rate=0.690 | mean_active_neighbors_step=1.488 | max_active_neighbors_step=4 | interaction_reward=0.0000 | abs_interaction_reward=0.0000 | anti_stag_reward=0.0000 | abs_anti_stag_reward=0.0000 | wall_clear_reward=0.0000 | abs_wall_clear_reward=0.0000 | local_nav_reward=0.0000 | abs_local_nav_reward=0.0000 | context_neighbors_mean=1.56 | context_neighbors_max=4 | last_context_neighbors_mean=0.00 | last_context_neighbors_max=0 | actor_unlocked=0 | expl_noise=0.0748 | replay=20142 | interaction_replay=8153 | samples/sec=6.552
Episode 242 complete | agent_samples=20271 | env_steps=8369 | episode_env_steps=42 | episode_agent_samples=129 | mean_reward=123.362 | success=5/5 | collision=0/5 | mean_final_distance=0.263 | mean_progress=0.0154 | min_laser=0.610 | mean_lin=1.000 | mean_ang=-0.245 | mean_robot_dist=1.697 | raw_reward=20.000 | adjusted_reward=20.000 | coop_agents=0/5 | mean_coop_neighbors=0.00 | active_neighbor_step_rate=0.752 | mean_active_neighbors_step=1.822 | max_active_neighbors_step=4 | interaction_reward=0.0000 | abs_interaction_reward=0.0000 | anti_stag_reward=0.0000 | abs_anti_stag_reward=0.0000 | wall_clear_reward=0.0000 | abs_wall_clear_reward=0.0000 | local_nav_reward=0.0000 | abs_local_nav_reward=0.0000 | context_neighbors_mean=1.88 | context_neighbors_max=4 | last_context_neighbors_mean=0.00 | last_context_neighbors_max=0 | actor_unlocked=0 | expl_noise=0.0748 | replay=20271 | interaction_replay=8197 | samples/sec=6.574
Episode 243 complete | agent_samples=20314 | env_steps=8380 | episode_env_steps=11 | episode_agent_samples=43 | mean_reward=24.492 | success=3/5 | collision=2/5 | mean_final_distance=0.499 | mean_progress=0.0238 | min_laser=0.310 | mean_lin=0.995 | mean_ang=0.177 | mean_robot_dist=1.403 | raw_reward=20.000 | adjusted_reward=20.000 | coop_agents=0/5 | mean_coop_neighbors=0.00 | active_neighbor_step_rate=0.884 | mean_active_neighbors_step=2.209 | max_active_neighbors_step=4 | interaction_reward=0.0000 | abs_interaction_reward=0.0000 | anti_stag_reward=0.0000 | abs_anti_stag_reward=0.0000 | wall_clear_reward=0.0000 | abs_wall_clear_reward=0.0000 | local_nav_reward=0.0000 | abs_local_nav_reward=0.0000 | context_neighbors_mean=2.30 | context_neighbors_max=4 | last_context_neighbors_mean=0.00 | last_context_neighbors_max=0 | actor_unlocked=0 | expl_noise=0.0748 | replay=20314 | interaction_replay=8236 | samples/sec=6.583
Episode 244 complete | agent_samples=20421 | env_steps=8423 | episode_env_steps=43 | episode_agent_samples=107 | mean_reward=112.019 | success=5/5 | collision=0/5 | mean_final_distance=0.282 | mean_progress=0.0048 | min_laser=0.430 | mean_lin=0.796 | mean_ang=-0.202 | mean_robot_dist=1.645 | raw_reward=20.000 | adjusted_reward=20.000 | coop_agents=0/5 | mean_coop_neighbors=0.00 | active_neighbor_step_rate=0.561 | mean_active_neighbors_step=1.234 | max_active_neighbors_step=4 | interaction_reward=0.0000 | abs_interaction_reward=0.0000 | anti_stag_reward=0.0000 | abs_anti_stag_reward=0.0000 | wall_clear_reward=0.0000 | abs_wall_clear_reward=0.0000 | local_nav_reward=0.0000 | abs_local_nav_reward=0.0000 | context_neighbors_mean=1.26 | context_neighbors_max=4 | last_context_neighbors_mean=0.00 | last_context_neighbors_max=0 | actor_unlocked=0 | expl_noise=0.0747 | replay=20421 | interaction_replay=8276 | samples/sec=6.598
Episode 245 complete | agent_samples=20475 | env_steps=8436 | episode_env_steps=13 | episode_agent_samples=54 | mean_reward=32.942 | success=3/5 | collision=2/5 | mean_final_distance=0.533 | mean_progress=0.0240 | min_laser=0.300 | mean_lin=0.802 | mean_ang=-0.191 | mean_robot_dist=1.293 | raw_reward=20.000 | adjusted_reward=20.000 | coop_agents=0/5 | mean_coop_neighbors=0.00 | active_neighbor_step_rate=0.852 | mean_active_neighbors_step=2.148 | max_active_neighbors_step=4 | interaction_reward=0.0000 | abs_interaction_reward=0.0000 | anti_stag_reward=0.0000 | abs_anti_stag_reward=0.0000 | wall_clear_reward=0.0000 | abs_wall_clear_reward=0.0000 | local_nav_reward=0.0000 | abs_local_nav_reward=0.0000 | context_neighbors_mean=2.28 | context_neighbors_max=4 | last_context_neighbors_mean=0.00 | last_context_neighbors_max=0 | actor_unlocked=0 | expl_noise=0.0747 | replay=20475 | interaction_replay=8323 | samples/sec=6.609
Status | epoch=2 | next_eval_in=19525 agent_samples | checkpoint_every=10 episodes | checkpoint=./checkpoints/interaction_safe_distance_from_5a_s20260725_latest.pt | model=interaction_safe_distance_from_5a_s20260725
Episode 246 complete | agent_samples=20580 | env_steps=8486 | episode_env_steps=50 | episode_agent_samples=105 | mean_reward=122.454 | success=5/5 | collision=0/5 | mean_final_distance=0.268 | mean_progress=0.0062 | min_laser=0.630 | mean_lin=1.000 | mean_ang=-0.200 | mean_robot_dist=1.472 | raw_reward=20.000 | adjusted_reward=20.000 | coop_agents=0/5 | mean_coop_neighbors=0.00 | active_neighbor_step_rate=0.667 | mean_active_neighbors_step=1.438 | max_active_neighbors_step=4 | interaction_reward=0.0000 | abs_interaction_reward=0.0000 | anti_stag_reward=0.0000 | abs_anti_stag_reward=0.0000 | wall_clear_reward=0.0000 | abs_wall_clear_reward=0.0000 | local_nav_reward=0.0000 | abs_local_nav_reward=0.0000 | context_neighbors_mean=1.46 | context_neighbors_max=4 | last_context_neighbors_mean=0.00 | last_context_neighbors_max=0 | actor_unlocked=0 | expl_noise=0.0747 | replay=20580 | interaction_replay=8332 | samples/sec=6.620
Episode 247 complete | agent_samples=20629 | env_steps=8501 | episode_env_steps=15 | episode_agent_samples=49 | mean_reward=24.701 | success=3/5 | collision=2/5 | mean_final_distance=0.541 | mean_progress=0.0239 | min_laser=0.300 | mean_lin=0.799 | mean_ang=-0.521 | mean_robot_dist=2.189 | raw_reward=20.000 | adjusted_reward=20.000 | coop_agents=0/5 | mean_coop_neighbors=0.00 | active_neighbor_step_rate=0.776 | mean_active_neighbors_step=1.918 | max_active_neighbors_step=4 | interaction_reward=0.0000 | abs_interaction_reward=0.0000 | anti_stag_reward=0.0000 | abs_anti_stag_reward=0.0000 | wall_clear_reward=0.0000 | abs_wall_clear_reward=0.0000 | local_nav_reward=0.0000 | abs_local_nav_reward=0.0000 | context_neighbors_mean=1.92 | context_neighbors_max=4 | last_context_neighbors_mean=0.00 | last_context_neighbors_max=0 | actor_unlocked=0 | expl_noise=0.0747 | replay=20629 | interaction_replay=8350 | samples/sec=6.628
Episode 248 complete | agent_samples=20709 | env_steps=8532 | episode_env_steps=31 | episode_agent_samples=80 | mean_reward=109.755 | success=5/5 | collision=0/5 | mean_final_distance=0.269 | mean_progress=0.0073 | min_laser=0.444 | mean_lin=0.792 | mean_ang=-0.166 | mean_robot_dist=1.439 | raw_reward=20.000 | adjusted_reward=20.000 | coop_agents=0/5 | mean_coop_neighbors=0.00 | active_neighbor_step_rate=0.625 | mean_active_neighbors_step=1.575 | max_active_neighbors_step=4 | interaction_reward=0.0000 | abs_interaction_reward=0.0000 | anti_stag_reward=0.0000 | abs_anti_stag_reward=0.0000 | wall_clear_reward=0.0000 | abs_wall_clear_reward=0.0000 | local_nav_reward=0.0000 | abs_local_nav_reward=0.0000 | context_neighbors_mean=1.69 | context_neighbors_max=4 | last_context_neighbors_mean=0.00 | last_context_neighbors_max=0 | actor_unlocked=0 | expl_noise=0.0747 | replay=20709 | interaction_replay=8394 | samples/sec=6.639
Episode 249 complete | agent_samples=20776 | env_steps=8558 | episode_env_steps=26 | episode_agent_samples=67 | mean_reward=28.817 | success=3/5 | collision=2/5 | mean_final_distance=0.430 | mean_progress=0.0063 | min_laser=0.320 | mean_lin=0.609 | mean_ang=0.185 | mean_robot_dist=1.164 | raw_reward=20.000 | adjusted_reward=20.000 | coop_agents=0/5 | mean_coop_neighbors=0.00 | active_neighbor_step_rate=0.731 | mean_active_neighbors_step=2.045 | max_active_neighbors_step=4 | interaction_reward=0.0000 | abs_interaction_reward=0.0000 | anti_stag_reward=0.0000 | abs_anti_stag_reward=0.0000 | wall_clear_reward=0.0000 | abs_wall_clear_reward=0.0000 | local_nav_reward=0.0000 | abs_local_nav_reward=0.0000 | context_neighbors_mean=2.10 | context_neighbors_max=4 | last_context_neighbors_mean=0.00 | last_context_neighbors_max=0 | actor_unlocked=0 | expl_noise=0.0747 | replay=20776 | interaction_replay=8443 | samples/sec=6.649
Episode 250 complete | agent_samples=20823 | env_steps=8568 | episode_env_steps=10 | episode_agent_samples=47 | mean_reward=107.320 | success=5/5 | collision=0/5 | mean_final_distance=0.250 | mean_progress=0.0242 | min_laser=0.580 | mean_lin=0.931 | mean_ang=-0.219 | mean_robot_dist=1.409 | raw_reward=40.000 | adjusted_reward=40.000 | coop_agents=1/5 | mean_coop_neighbors=0.20 | active_neighbor_step_rate=0.915 | mean_active_neighbors_step=1.617 | max_active_neighbors_step=4 | interaction_reward=0.0000 | abs_interaction_reward=0.0000 | anti_stag_reward=0.0000 | abs_anti_stag_reward=0.0000 | wall_clear_reward=0.0000 | abs_wall_clear_reward=0.0000 | local_nav_reward=0.0000 | abs_local_nav_reward=0.0000 | context_neighbors_mean=1.68 | context_neighbors_max=4 | last_context_neighbors_mean=0.00 | last_context_neighbors_max=0 | actor_unlocked=0 | expl_noise=0.0746 | replay=20823 | interaction_replay=8486 | samples/sec=6.659
Status | epoch=2 | next_eval_in=19177 agent_samples | checkpoint_every=10 episodes | checkpoint=./checkpoints/interaction_safe_distance_from_5a_s20260725_latest.pt | model=interaction_safe_distance_from_5a_s20260725
Checkpoint saved: ./checkpoints/interaction_safe_distance_from_5a_s20260725_latest.pt
Episode 251 complete | agent_samples=20873 | env_steps=8581 | episode_env_steps=13 | episode_agent_samples=50 | mean_reward=70.538 | success=4/5 | collision=1/5 | mean_final_distance=0.321 | mean_progress=0.0227 | min_laser=0.329 | mean_lin=1.000 | mean_ang=0.184 | mean_robot_dist=0.795 | raw_reward=19.795 | adjusted_reward=19.795 | coop_agents=0/5 | mean_coop_neighbors=0.00 | active_neighbor_step_rate=0.860 | mean_active_neighbors_step=2.660 | max_active_neighbors_step=4 | interaction_reward=0.0000 | abs_interaction_reward=0.0000 | anti_stag_reward=0.0000 | abs_anti_stag_reward=0.0000 | wall_clear_reward=0.0000 | abs_wall_clear_reward=0.0000 | local_nav_reward=0.0000 | abs_local_nav_reward=0.0000 | context_neighbors_mean=2.70 | context_neighbors_max=4 | last_context_neighbors_mean=0.00 | last_context_neighbors_max=0 | actor_unlocked=0 | expl_noise=0.0746 | replay=20873 | interaction_replay=8528 | samples/sec=6.668
Episode 252 complete | agent_samples=20946 | env_steps=8618 | episode_env_steps=37 | episode_agent_samples=73 | mean_reward=24.743 | success=3/5 | collision=2/5 | mean_final_distance=0.472 | mean_progress=0.0268 | min_laser=0.300 | mean_lin=0.817 | mean_ang=-0.209 | mean_robot_dist=1.091 | raw_reward=20.000 | adjusted_reward=20.000 | coop_agents=0/5 | mean_coop_neighbors=0.00 | active_neighbor_step_rate=0.603 | mean_active_neighbors_step=1.411 | max_active_neighbors_step=4 | interaction_reward=0.0000 | abs_interaction_reward=0.0000 | anti_stag_reward=0.0000 | abs_anti_stag_reward=0.0000 | wall_clear_reward=0.0000 | abs_wall_clear_reward=0.0000 | local_nav_reward=0.0000 | abs_local_nav_reward=0.0000 | context_neighbors_mean=1.47 | context_neighbors_max=4 | last_context_neighbors_mean=0.00 | last_context_neighbors_max=0 | actor_unlocked=0 | expl_noise=0.0746 | replay=20946 | interaction_replay=8572 | samples/sec=6.674
Episode 253 complete | agent_samples=21064 | env_steps=8656 | episode_env_steps=38 | episode_agent_samples=118 | mean_reward=129.209 | success=5/5 | collision=0/5 | mean_final_distance=0.272 | mean_progress=0.0148 | min_laser=0.473 | mean_lin=0.575 | mean_ang=-0.601 | mean_robot_dist=3.113 | raw_reward=20.000 | adjusted_reward=20.000 | coop_agents=0/5 | mean_coop_neighbors=0.00 | active_neighbor_step_rate=0.542 | mean_active_neighbors_step=1.492 | max_active_neighbors_step=4 | interaction_reward=0.0000 | abs_interaction_reward=0.0000 | anti_stag_reward=0.0000 | abs_anti_stag_reward=0.0000 | wall_clear_reward=0.0000 | abs_wall_clear_reward=0.0000 | local_nav_reward=0.0000 | abs_local_nav_reward=0.0000 | context_neighbors_mean=1.54 | context_neighbors_max=4 | last_context_neighbors_mean=0.00 | last_context_neighbors_max=0 | actor_unlocked=1 | expl_noise=0.0746 | replay=21064 | interaction_replay=8583 | samples/sec=6.694
Episode 254 complete | agent_samples=21126 | env_steps=8670 | episode_env_steps=14 | episode_agent_samples=62 | mean_reward=68.882 | success=4/5 | collision=1/5 | mean_final_distance=0.383 | mean_progress=0.0166 | min_laser=0.343 | mean_lin=0.791 | mean_ang=0.128 | mean_robot_dist=1.415 | raw_reward=20.000 | adjusted_reward=20.000 | coop_agents=0/5 | mean_coop_neighbors=0.00 | active_neighbor_step_rate=0.935 | mean_active_neighbors_step=2.710 | max_active_neighbors_step=4 | interaction_reward=0.0000 | abs_interaction_reward=0.0000 | anti_stag_reward=0.0000 | abs_anti_stag_reward=0.0000 | wall_clear_reward=0.0000 | abs_wall_clear_reward=0.0000 | local_nav_reward=0.0000 | abs_local_nav_reward=0.0000 | context_neighbors_mean=2.74 | context_neighbors_max=4 | last_context_neighbors_mean=0.00 | last_context_neighbors_max=0 | actor_unlocked=1 | expl_noise=0.0746 | replay=21126 | interaction_replay=8614 | samples/sec=6.707
Episode 255 complete | agent_samples=21180 | env_steps=8695 | episode_env_steps=25 | episode_agent_samples=54 | mean_reward=37.714 | success=3/5 | collision=2/5 | mean_final_distance=0.685 | mean_progress=0.0238 | min_laser=0.300 | mean_lin=0.800 | mean_ang=0.184 | mean_robot_dist=1.129 | raw_reward=20.000 | adjusted_reward=20.000 | coop_agents=0/5 | mean_coop_neighbors=0.00 | active_neighbor_step_rate=0.593 | mean_active_neighbors_step=1.333 | max_active_neighbors_step=4 | interaction_reward=0.0000 | abs_interaction_reward=0.0000 | anti_stag_reward=0.0000 | abs_anti_stag_reward=0.0000 | wall_clear_reward=0.0000 | abs_wall_clear_reward=0.0000 | local_nav_reward=0.0000 | abs_local_nav_reward=0.0000 | context_neighbors_mean=1.44 | context_neighbors_max=4 | last_context_neighbors_mean=0.00 | last_context_neighbors_max=0 | actor_unlocked=1 | expl_noise=0.0746 | replay=21180 | interaction_replay=8647 | samples/sec=6.712
Status | epoch=2 | next_eval_in=18820 agent_samples | checkpoint_every=10 episodes | checkpoint=./checkpoints/interaction_safe_distance_from_5a_s20260725_latest.pt | model=interaction_safe_distance_from_5a_s20260725
Episode 256 complete | agent_samples=21256 | env_steps=8712 | episode_env_steps=17 | episode_agent_samples=76 | mean_reward=121.122 | success=5/5 | collision=0/5 | mean_final_distance=0.226 | mean_progress=0.0513 | min_laser=0.643 | mean_lin=1.000 | mean_ang=-0.930 | mean_robot_dist=1.233 | raw_reward=40.000 | adjusted_reward=40.000 | coop_agents=1/5 | mean_coop_neighbors=0.20 | active_neighbor_step_rate=0.605 | mean_active_neighbors_step=1.526 | max_active_neighbors_step=4 | interaction_reward=0.0000 | abs_interaction_reward=0.0000 | anti_stag_reward=0.0000 | abs_anti_stag_reward=0.0000 | wall_clear_reward=0.0000 | abs_wall_clear_reward=0.0000 | local_nav_reward=0.0000 | abs_local_nav_reward=0.0000 | context_neighbors_mean=1.63 | context_neighbors_max=4 | last_context_neighbors_mean=0.00 | last_context_neighbors_max=0 | actor_unlocked=1 | expl_noise=0.0746 | replay=21256 | interaction_replay=8681 | samples/sec=6.728
Episode 257 complete | agent_samples=21304 | env_steps=8726 | episode_env_steps=14 | episode_agent_samples=48 | mean_reward=34.145 | success=3/5 | collision=2/5 | mean_final_distance=0.443 | mean_progress=0.0230 | min_laser=0.307 | mean_lin=1.000 | mean_ang=0.865 | mean_robot_dist=1.396 | raw_reward=20.000 | adjusted_reward=20.000 | coop_agents=0/5 | mean_coop_neighbors=0.00 | active_neighbor_step_rate=0.833 | mean_active_neighbors_step=2.500 | max_active_neighbors_step=4 | interaction_reward=0.0000 | abs_interaction_reward=0.0000 | anti_stag_reward=0.0000 | abs_anti_stag_reward=0.0000 | wall_clear_reward=0.0000 | abs_wall_clear_reward=0.0000 | local_nav_reward=0.0000 | abs_local_nav_reward=0.0000 | context_neighbors_mean=2.56 | context_neighbors_max=4 | last_context_neighbors_mean=0.00 | last_context_neighbors_max=0 | actor_unlocked=1 | expl_noise=0.0745 | replay=21304 | interaction_replay=8720 | samples/sec=6.736
Episode 258 complete | agent_samples=21375 | env_steps=8755 | episode_env_steps=29 | episode_agent_samples=71 | mean_reward=116.218 | success=5/5 | collision=0/5 | mean_final_distance=0.249 | mean_progress=0.0111 | min_laser=0.635 | mean_lin=0.999 | mean_ang=-0.372 | mean_robot_dist=2.063 | raw_reward=20.000 | adjusted_reward=20.000 | coop_agents=0/5 | mean_coop_neighbors=0.00 | active_neighbor_step_rate=0.493 | mean_active_neighbors_step=1.056 | max_active_neighbors_step=4 | interaction_reward=0.0000 | abs_interaction_reward=0.0000 | anti_stag_reward=0.0000 | abs_anti_stag_reward=0.0000 | wall_clear_reward=0.0000 | abs_wall_clear_reward=0.0000 | local_nav_reward=0.0000 | abs_local_nav_reward=0.0000 | context_neighbors_mean=1.10 | context_neighbors_max=4 | last_context_neighbors_mean=0.00 | last_context_neighbors_max=0 | actor_unlocked=1 | expl_noise=0.0745 | replay=21375 | interaction_replay=8730 | samples/sec=6.745
Episode 259 complete | agent_samples=21421 | env_steps=8766 | episode_env_steps=11 | episode_agent_samples=46 | mean_reward=39.284 | success=3/5 | collision=2/5 | mean_final_distance=0.549 | mean_progress=-0.0004 | min_laser=0.322 | mean_lin=0.602 | mean_ang=-0.550 | mean_robot_dist=0.501 | raw_reward=-20.499 | adjusted_reward=-20.499 | coop_agents=0/5 | mean_coop_neighbors=0.00 | active_neighbor_step_rate=0.761 | mean_active_neighbors_step=2.109 | max_active_neighbors_step=4 | interaction_reward=0.0000 | abs_interaction_reward=0.0000 | anti_stag_reward=0.0000 | abs_anti_stag_reward=0.0000 | wall_clear_reward=0.0000 | abs_wall_clear_reward=0.0000 | local_nav_reward=0.0000 | abs_local_nav_reward=0.0000 | context_neighbors_mean=2.24 | context_neighbors_max=4 | last_context_neighbors_mean=0.00 | last_context_neighbors_max=0 | actor_unlocked=1 | expl_noise=0.0745 | replay=21421 | interaction_replay=8767 | samples/sec=6.754
Episode 260 complete | agent_samples=21469 | env_steps=8777 | episode_env_steps=11 | episode_agent_samples=48 | mean_reward=32.441 | success=3/5 | collision=2/5 | mean_final_distance=0.339 | mean_progress=0.0240 | min_laser=0.300 | mean_lin=0.986 | mean_ang=-0.216 | mean_robot_dist=0.469 | raw_reward=-20.531 | adjusted_reward=-20.531 | coop_agents=0/5 | mean_coop_neighbors=0.00 | active_neighbor_step_rate=0.958 | mean_active_neighbors_step=2.812 | max_active_neighbors_step=4 | interaction_reward=0.0000 | abs_interaction_reward=0.0000 | anti_stag_reward=0.0000 | abs_anti_stag_reward=0.0000 | wall_clear_reward=0.0000 | abs_wall_clear_reward=0.0000 | local_nav_reward=0.0000 | abs_local_nav_reward=0.0000 | context_neighbors_mean=2.94 | context_neighbors_max=4 | last_context_neighbors_mean=0.00 | last_context_neighbors_max=0 | actor_unlocked=1 | expl_noise=0.0745 | replay=21469 | interaction_replay=8813 | samples/sec=6.764
Status | epoch=2 | next_eval_in=18531 agent_samples | checkpoint_every=10 episodes | checkpoint=./checkpoints/interaction_safe_distance_from_5a_s20260725_latest.pt | model=interaction_safe_distance_from_5a_s20260725
Checkpoint saved: ./checkpoints/interaction_safe_distance_from_5a_s20260725_latest.pt
Episode 261 complete | agent_samples=21814 | env_steps=9077 | episode_env_steps=300 | episode_agent_samples=345 | mean_reward=90.802 | success=4/5 | collision=0/5 | mean_final_distance=0.646 | mean_progress=-0.0000 | min_laser=0.816 | mean_lin=0.800 | mean_ang=0.395 | mean_robot_dist=2.304 | raw_reward=-0.019 | adjusted_reward=-0.019 | coop_agents=0/5 | mean_coop_neighbors=0.00 | active_neighbor_step_rate=0.154 | mean_active_neighbors_step=0.336 | max_active_neighbors_step=4 | interaction_reward=0.0000 | abs_interaction_reward=0.0000 | anti_stag_reward=0.0000 | abs_anti_stag_reward=0.0000 | wall_clear_reward=0.0000 | abs_wall_clear_reward=0.0000 | local_nav_reward=0.0000 | abs_local_nav_reward=0.0000 | context_neighbors_mean=0.35 | context_neighbors_max=4 | last_context_neighbors_mean=0.00 | last_context_neighbors_max=0 | actor_unlocked=1 | expl_noise=0.0743 | replay=21814 | interaction_replay=8818 | samples/sec=6.736
Episode 262 complete | agent_samples=21887 | env_steps=9104 | episode_env_steps=27 | episode_agent_samples=73 | mean_reward=80.031 | success=4/5 | collision=1/5 | mean_final_distance=0.515 | mean_progress=0.0127 | min_laser=0.331 | mean_lin=0.999 | mean_ang=0.201 | mean_robot_dist=1.307 | raw_reward=20.000 | adjusted_reward=20.000 | coop_agents=0/5 | mean_coop_neighbors=0.00 | active_neighbor_step_rate=0.671 | mean_active_neighbors_step=1.521 | max_active_neighbors_step=4 | interaction_reward=0.0000 | abs_interaction_reward=0.0000 | anti_stag_reward=0.0000 | abs_anti_stag_reward=0.0000 | wall_clear_reward=0.0000 | abs_wall_clear_reward=0.0000 | local_nav_reward=0.0000 | abs_local_nav_reward=0.0000 | context_neighbors_mean=1.60 | context_neighbors_max=4 | last_context_neighbors_mean=0.00 | last_context_neighbors_max=0 | actor_unlocked=1 | expl_noise=0.0743 | replay=21887 | interaction_replay=8851 | samples/sec=6.746
Episode 263 complete | agent_samples=21968 | env_steps=9149 | episode_env_steps=45 | episode_agent_samples=81 | mean_reward=81.157 | success=4/5 | collision=1/5 | mean_final_distance=0.480 | mean_progress=0.0011 | min_laser=0.327 | mean_lin=0.804 | mean_ang=0.058 | mean_robot_dist=2.332 | raw_reward=20.000 | adjusted_reward=20.000 | coop_agents=0/5 | mean_coop_neighbors=0.00 | active_neighbor_step_rate=0.444 | mean_active_neighbors_step=0.975 | max_active_neighbors_step=4 | interaction_reward=0.0000 | abs_interaction_reward=0.0000 | anti_stag_reward=0.0000 | abs_anti_stag_reward=0.0000 | wall_clear_reward=0.0000 | abs_wall_clear_reward=0.0000 | local_nav_reward=0.0000 | abs_local_nav_reward=0.0000 | context_neighbors_mean=0.98 | context_neighbors_max=4 | last_context_neighbors_mean=0.00 | last_context_neighbors_max=0 | actor_unlocked=1 | expl_noise=0.0743 | replay=21968 | interaction_replay=8879 | samples/sec=6.750
Episode 264 complete | agent_samples=22062 | env_steps=9178 | episode_env_steps=29 | episode_agent_samples=94 | mean_reward=83.267 | success=4/5 | collision=1/5 | mean_final_distance=0.391 | mean_progress=0.0122 | min_laser=0.347 | mean_lin=1.000 | mean_ang=-0.016 | mean_robot_dist=0.932 | raw_reward=19.932 | adjusted_reward=19.932 | coop_agents=0/5 | mean_coop_neighbors=0.00 | active_neighbor_step_rate=0.766 | mean_active_neighbors_step=1.915 | max_active_neighbors_step=4 | interaction_reward=0.0000 | abs_interaction_reward=0.0000 | anti_stag_reward=0.0000 | abs_anti_stag_reward=0.0000 | wall_clear_reward=0.0000 | abs_wall_clear_reward=0.0000 | local_nav_reward=0.0000 | abs_local_nav_reward=0.0000 | context_neighbors_mean=1.93 | context_neighbors_max=4 | last_context_neighbors_mean=0.00 | last_context_neighbors_max=0 | actor_unlocked=1 | expl_noise=0.0743 | replay=22062 | interaction_replay=8901 | samples/sec=6.766
Episode 265 complete | agent_samples=22107 | env_steps=9188 | episode_env_steps=10 | episode_agent_samples=45 | mean_reward=55.612 | success=4/5 | collision=1/5 | mean_final_distance=0.532 | mean_progress=0.0341 | min_laser=0.306 | mean_lin=0.797 | mean_ang=-0.193 | mean_robot_dist=0.972 | raw_reward=39.652 | adjusted_reward=39.582 | coop_agents=1/5 | mean_coop_neighbors=0.20 | active_neighbor_step_rate=0.956 | mean_active_neighbors_step=2.467 | max_active_neighbors_step=4 | interaction_reward=0.0000 | abs_interaction_reward=0.0000 | anti_stag_reward=0.0000 | abs_anti_stag_reward=0.0000 | wall_clear_reward=0.0000 | abs_wall_clear_reward=0.0000 | local_nav_reward=0.0000 | abs_local_nav_reward=0.0000 | context_neighbors_mean=2.51 | context_neighbors_max=4 | last_context_neighbors_mean=0.00 | last_context_neighbors_max=0 | actor_unlocked=1 | expl_noise=0.0743 | replay=22107 | interaction_replay=8939 | samples/sec=6.775
Status | epoch=2 | next_eval_in=17893 agent_samples | checkpoint_every=10 episodes | checkpoint=./checkpoints/interaction_safe_distance_from_5a_s20260725_latest.pt | model=interaction_safe_distance_from_5a_s20260725
Episode 266 complete | agent_samples=22172 | env_steps=9220 | episode_env_steps=32 | episode_agent_samples=65 | mean_reward=82.700 | success=4/5 | collision=1/5 | mean_final_distance=0.285 | mean_progress=0.0023 | min_laser=0.332 | mean_lin=0.632 | mean_ang=0.077 | mean_robot_dist=1.148 | raw_reward=20.000 | adjusted_reward=20.000 | coop_agents=0/5 | mean_coop_neighbors=0.00 | active_neighbor_step_rate=0.538 | mean_active_neighbors_step=1.169 | max_active_neighbors_step=4 | interaction_reward=0.0000 | abs_interaction_reward=0.0000 | anti_stag_reward=0.0000 | abs_anti_stag_reward=0.0000 | wall_clear_reward=0.0000 | abs_wall_clear_reward=0.0000 | local_nav_reward=0.0000 | abs_local_nav_reward=0.0000 | context_neighbors_mean=1.23 | context_neighbors_max=4 | last_context_neighbors_mean=0.00 | last_context_neighbors_max=0 | actor_unlocked=1 | expl_noise=0.0742 | replay=22172 | interaction_replay=8969 | samples/sec=6.780
Episode 267 complete | agent_samples=22214 | env_steps=9229 | episode_env_steps=9 | episode_agent_samples=42 | mean_reward=28.774 | success=3/5 | collision=2/5 | mean_final_distance=0.563 | mean_progress=0.0284 | min_laser=0.300 | mean_lin=0.982 | mean_ang=0.214 | mean_robot_dist=0.931 | raw_reward=39.862 | adjusted_reward=39.876 | coop_agents=1/5 | mean_coop_neighbors=0.20 | active_neighbor_step_rate=0.929 | mean_active_neighbors_step=2.762 | max_active_neighbors_step=4 | interaction_reward=0.0000 | abs_interaction_reward=0.0000 | anti_stag_reward=0.0000 | abs_anti_stag_reward=0.0000 | wall_clear_reward=0.0000 | abs_wall_clear_reward=0.0000 | local_nav_reward=0.0000 | abs_local_nav_reward=0.0000 | context_neighbors_mean=2.81 | context_neighbors_max=4 | last_context_neighbors_mean=0.00 | last_context_neighbors_max=0 | actor_unlocked=1 | expl_noise=0.0742 | replay=22214 | interaction_replay=9009 | samples/sec=6.789
Episode 268 complete | agent_samples=22255 | env_steps=9239 | episode_env_steps=10 | episode_agent_samples=41 | mean_reward=60.816 | success=4/5 | collision=1/5 | mean_final_distance=0.510 | mean_progress=0.0264 | min_laser=0.335 | mean_lin=0.988 | mean_ang=0.617 | mean_robot_dist=1.475 | raw_reward=20.000 | adjusted_reward=20.000 | coop_agents=0/5 | mean_coop_neighbors=0.00 | active_neighbor_step_rate=0.927 | mean_active_neighbors_step=2.366 | max_active_neighbors_step=3 | interaction_reward=0.0000 | abs_interaction_reward=0.0000 | anti_stag_reward=0.0000 | abs_anti_stag_reward=0.0000 | wall_clear_reward=0.0000 | abs_wall_clear_reward=0.0000 | local_nav_reward=0.0000 | abs_local_nav_reward=0.0000 | context_neighbors_mean=2.41 | context_neighbors_max=3 | last_context_neighbors_mean=0.00 | last_context_neighbors_max=0 | actor_unlocked=1 | expl_noise=0.0742 | replay=22255 | interaction_replay=9047 | samples/sec=6.797
Episode 269 complete | agent_samples=22430 | env_steps=9316 | episode_env_steps=77 | episode_agent_samples=175 | mean_reward=117.458 | success=5/5 | collision=0/5 | mean_final_distance=0.282 | mean_progress=0.0039 | min_laser=0.551 | mean_lin=0.792 | mean_ang=-0.992 | mean_robot_dist=1.424 | raw_reward=20.000 | adjusted_reward=20.000 | coop_agents=0/5 | mean_coop_neighbors=0.00 | active_neighbor_step_rate=0.497 | mean_active_neighbors_step=0.943 | max_active_neighbors_step=4 | interaction_reward=0.0000 | abs_interaction_reward=0.0000 | anti_stag_reward=0.0000 | abs_anti_stag_reward=0.0000 | wall_clear_reward=0.0000 | abs_wall_clear_reward=0.0000 | local_nav_reward=0.0000 | abs_local_nav_reward=0.0000 | context_neighbors_mean=0.96 | context_neighbors_max=4 | last_context_neighbors_mean=0.00 | last_context_neighbors_max=0 | actor_unlocked=1 | expl_noise=0.0742 | replay=22430 | interaction_replay=9095 | samples/sec=6.815
Episode 270 complete | agent_samples=22472 | env_steps=9326 | episode_env_steps=10 | episode_agent_samples=42 | mean_reward=26.014 | success=3/5 | collision=2/5 | mean_final_distance=0.475 | mean_progress=0.0270 | min_laser=0.300 | mean_lin=0.969 | mean_ang=0.182 | mean_robot_dist=1.450 | raw_reward=20.000 | adjusted_reward=20.000 | coop_agents=0/5 | mean_coop_neighbors=0.00 | active_neighbor_step_rate=0.810 | mean_active_neighbors_step=2.238 | max_active_neighbors_step=4 | interaction_reward=0.0000 | abs_interaction_reward=0.0000 | anti_stag_reward=0.0000 | abs_anti_stag_reward=0.0000 | wall_clear_reward=0.0000 | abs_wall_clear_reward=0.0000 | local_nav_reward=0.0000 | abs_local_nav_reward=0.0000 | context_neighbors_mean=2.24 | context_neighbors_max=4 | last_context_neighbors_mean=0.00 | last_context_neighbors_max=0 | actor_unlocked=1 | expl_noise=0.0742 | replay=22472 | interaction_replay=9129 | samples/sec=6.823
Status | epoch=2 | next_eval_in=17528 agent_samples | checkpoint_every=10 episodes | checkpoint=./checkpoints/interaction_safe_distance_from_5a_s20260725_latest.pt | model=interaction_safe_distance_from_5a_s20260725
Checkpoint saved: ./checkpoints/interaction_safe_distance_from_5a_s20260725_latest.pt
Episode 271 complete | agent_samples=22564 | env_steps=9362 | episode_env_steps=36 | episode_agent_samples=92 | mean_reward=82.844 | success=4/5 | collision=1/5 | mean_final_distance=0.470 | mean_progress=0.0219 | min_laser=0.323 | mean_lin=0.952 | mean_ang=0.193 | mean_robot_dist=1.369 | raw_reward=20.000 | adjusted_reward=20.000 | coop_agents=0/5 | mean_coop_neighbors=0.00 | active_neighbor_step_rate=0.685 | mean_active_neighbors_step=1.359 | max_active_neighbors_step=4 | interaction_reward=0.0000 | abs_interaction_reward=0.0000 | anti_stag_reward=0.0000 | abs_anti_stag_reward=0.0000 | wall_clear_reward=0.0000 | abs_wall_clear_reward=0.0000 | local_nav_reward=0.0000 | abs_local_nav_reward=0.0000 | context_neighbors_mean=1.37 | context_neighbors_max=4 | last_context_neighbors_mean=0.00 | last_context_neighbors_max=0 | actor_unlocked=1 | expl_noise=0.0741 | replay=22564 | interaction_replay=9156 | samples/sec=6.834
Episode 272 complete | agent_samples=22628 | env_steps=9384 | episode_env_steps=22 | episode_agent_samples=64 | mean_reward=23.167 | success=3/5 | collision=2/5 | mean_final_distance=0.356 | mean_progress=0.0119 | min_laser=0.306 | mean_lin=1.000 | mean_ang=-0.512 | mean_robot_dist=2.733 | raw_reward=20.000 | adjusted_reward=20.000 | coop_agents=0/5 | mean_coop_neighbors=0.00 | active_neighbor_step_rate=0.719 | mean_active_neighbors_step=1.734 | max_active_neighbors_step=4 | interaction_reward=0.0000 | abs_interaction_reward=0.0000 | anti_stag_reward=0.0000 | abs_anti_stag_reward=0.0000 | wall_clear_reward=0.0000 | abs_wall_clear_reward=0.0000 | local_nav_reward=0.0000 | abs_local_nav_reward=0.0000 | context_neighbors_mean=1.84 | context_neighbors_max=4 | last_context_neighbors_mean=0.00 | last_context_neighbors_max=0 | actor_unlocked=1 | expl_noise=0.0741 | replay=22628 | interaction_replay=9190 | samples/sec=6.843
Episode 273 complete | agent_samples=22774 | env_steps=9438 | episode_env_steps=54 | episode_agent_samples=146 | mean_reward=123.245 | success=5/5 | collision=0/5 | mean_final_distance=0.266 | mean_progress=0.0025 | min_laser=0.381 | mean_lin=0.980 | mean_ang=0.179 | mean_robot_dist=1.396 | raw_reward=20.000 | adjusted_reward=20.000 | coop_agents=0/5 | mean_coop_neighbors=0.00 | active_neighbor_step_rate=0.658 | mean_active_neighbors_step=1.801 | max_active_neighbors_step=4 | interaction_reward=0.0000 | abs_interaction_reward=0.0000 | anti_stag_reward=0.0000 | abs_anti_stag_reward=0.0000 | wall_clear_reward=0.0000 | abs_wall_clear_reward=0.0000 | local_nav_reward=0.0000 | abs_local_nav_reward=0.0000 | context_neighbors_mean=1.83 | context_neighbors_max=4 | last_context_neighbors_mean=0.00 | last_context_neighbors_max=0 | actor_unlocked=1 | expl_noise=0.0741 | replay=22774 | interaction_replay=9270 | samples/sec=6.863
Episode 274 complete | agent_samples=22865 | env_steps=9470 | episode_env_steps=32 | episode_agent_samples=91 | mean_reward=131.508 | success=5/5 | collision=0/5 | mean_final_distance=0.266 | mean_progress=0.0181 | min_laser=0.413 | mean_lin=0.975 | mean_ang=-0.175 | mean_robot_dist=1.321 | raw_reward=20.000 | adjusted_reward=20.000 | coop_agents=0/5 | mean_coop_neighbors=0.00 | active_neighbor_step_rate=0.769 | mean_active_neighbors_step=1.934 | max_active_neighbors_step=4 | interaction_reward=0.0000 | abs_interaction_reward=0.0000 | anti_stag_reward=0.0000 | abs_anti_stag_reward=0.0000 | wall_clear_reward=0.0000 | abs_wall_clear_reward=0.0000 | local_nav_reward=0.0000 | abs_local_nav_reward=0.0000 | context_neighbors_mean=1.95 | context_neighbors_max=4 | last_context_neighbors_mean=0.00 | last_context_neighbors_max=0 | actor_unlocked=1 | expl_noise=0.0741 | replay=22865 | interaction_replay=9290 | samples/sec=6.876
Episode 275 complete | agent_samples=22918 | env_steps=9488 | episode_env_steps=18 | episode_agent_samples=53 | mean_reward=111.551 | success=5/5 | collision=0/5 | mean_final_distance=0.270 | mean_progress=0.0220 | min_laser=0.903 | mean_lin=0.970 | mean_ang=0.205 | mean_robot_dist=1.354 | raw_reward=20.000 | adjusted_reward=20.000 | coop_agents=0/5 | mean_coop_neighbors=0.00 | active_neighbor_step_rate=0.811 | mean_active_neighbors_step=1.811 | max_active_neighbors_step=4 | interaction_reward=0.0000 | abs_interaction_reward=0.0000 | anti_stag_reward=0.0000 | abs_anti_stag_reward=0.0000 | wall_clear_reward=0.0000 | abs_wall_clear_reward=0.0000 | local_nav_reward=0.0000 | abs_local_nav_reward=0.0000 | context_neighbors_mean=1.91 | context_neighbors_max=4 | last_context_neighbors_mean=0.00 | last_context_neighbors_max=0 | actor_unlocked=1 | expl_noise=0.0741 | replay=22918 | interaction_replay=9329 | samples/sec=6.883
Status | epoch=2 | next_eval_in=17082 agent_samples | checkpoint_every=10 episodes | checkpoint=./checkpoints/interaction_safe_distance_from_5a_s20260725_latest.pt | model=interaction_safe_distance_from_5a_s20260725
Episode 276 complete | agent_samples=22967 | env_steps=9503 | episode_env_steps=15 | episode_agent_samples=49 | mean_reward=25.091 | success=3/5 | collision=2/5 | mean_final_distance=0.553 | mean_progress=0.0144 | min_laser=0.301 | mean_lin=0.883 | mean_ang=0.267 | mean_robot_dist=1.575 | raw_reward=20.000 | adjusted_reward=20.000 | coop_agents=0/5 | mean_coop_neighbors=0.00 | active_neighbor_step_rate=0.776 | mean_active_neighbors_step=2.041 | max_active_neighbors_step=4 | interaction_reward=0.0000 | abs_interaction_reward=0.0000 | anti_stag_reward=0.0000 | abs_anti_stag_reward=0.0000 | wall_clear_reward=0.0000 | abs_wall_clear_reward=0.0000 | local_nav_reward=0.0000 | abs_local_nav_reward=0.0000 | context_neighbors_mean=2.14 | context_neighbors_max=4 | last_context_neighbors_mean=0.00 | last_context_neighbors_max=0 | actor_unlocked=1 | expl_noise=0.0741 | replay=22967 | interaction_replay=9366 | samples/sec=6.891
Episode 277 complete | agent_samples=23012 | env_steps=9514 | episode_env_steps=11 | episode_agent_samples=45 | mean_reward=113.335 | success=5/5 | collision=0/5 | mean_final_distance=0.261 | mean_progress=0.0197 | min_laser=0.554 | mean_lin=0.988 | mean_ang=-0.200 | mean_robot_dist=1.473 | raw_reward=20.000 | adjusted_reward=20.000 | coop_agents=0/5 | mean_coop_neighbors=0.00 | active_neighbor_step_rate=0.889 | mean_active_neighbors_step=2.511 | max_active_neighbors_step=4 | interaction_reward=0.0000 | abs_interaction_reward=0.0000 | anti_stag_reward=0.0000 | abs_anti_stag_reward=0.0000 | wall_clear_reward=0.0000 | abs_wall_clear_reward=0.0000 | local_nav_reward=0.0000 | abs_local_nav_reward=0.0000 | context_neighbors_mean=2.56 | context_neighbors_max=4 | last_context_neighbors_mean=0.00 | last_context_neighbors_max=0 | actor_unlocked=1 | expl_noise=0.0741 | replay=23012 | interaction_replay=9407 | samples/sec=6.900
Episode 278 complete | agent_samples=23078 | env_steps=9540 | episode_env_steps=26 | episode_agent_samples=66 | mean_reward=-1.600 | success=2/5 | collision=3/5 | mean_final_distance=0.868 | mean_progress=0.0026 | min_laser=0.304 | mean_lin=0.800 | mean_ang=-0.211 | mean_robot_dist=0.715 | raw_reward=-20.285 | adjusted_reward=-20.285 | coop_agents=0/5 | mean_coop_neighbors=0.00 | active_neighbor_step_rate=0.682 | mean_active_neighbors_step=1.712 | max_active_neighbors_step=4 | interaction_reward=0.0000 | abs_interaction_reward=0.0000 | anti_stag_reward=0.0000 | abs_anti_stag_reward=0.0000 | wall_clear_reward=0.0000 | abs_wall_clear_reward=0.0000 | local_nav_reward=0.0000 | abs_local_nav_reward=0.0000 | context_neighbors_mean=1.76 | context_neighbors_max=4 | last_context_neighbors_mean=0.00 | last_context_neighbors_max=0 | actor_unlocked=1 | expl_noise=0.0740 | replay=23078 | interaction_replay=9431 | samples/sec=6.907
Episode 279 complete | agent_samples=23130 | env_steps=9559 | episode_env_steps=19 | episode_agent_samples=52 | mean_reward=35.043 | success=3/5 | collision=2/5 | mean_final_distance=0.983 | mean_progress=0.0052 | min_laser=0.302 | mean_lin=0.993 | mean_ang=-0.230 | mean_robot_dist=1.139 | raw_reward=20.000 | adjusted_reward=20.000 | coop_agents=0/5 | mean_coop_neighbors=0.00 | active_neighbor_step_rate=0.769 | mean_active_neighbors_step=1.808 | max_active_neighbors_step=4 | interaction_reward=0.0000 | abs_interaction_reward=0.0000 | anti_stag_reward=0.0000 | abs_anti_stag_reward=0.0000 | wall_clear_reward=0.0000 | abs_wall_clear_reward=0.0000 | local_nav_reward=0.0000 | abs_local_nav_reward=0.0000 | context_neighbors_mean=1.83 | context_neighbors_max=4 | last_context_neighbors_mean=0.00 | last_context_neighbors_max=0 | actor_unlocked=1 | expl_noise=0.0740 | replay=23130 | interaction_replay=9445 | samples/sec=6.914
Episode 280 complete | agent_samples=23211 | env_steps=9598 | episode_env_steps=39 | episode_agent_samples=81 | mean_reward=114.558 | success=5/5 | collision=0/5 | mean_final_distance=0.235 | mean_progress=0.0199 | min_laser=0.377 | mean_lin=0.987 | mean_ang=-0.016 | mean_robot_dist=0.731 | raw_reward=19.731 | adjusted_reward=19.731 | coop_agents=0/5 | mean_coop_neighbors=0.00 | active_neighbor_step_rate=0.630 | mean_active_neighbors_step=1.395 | max_active_neighbors_step=4 | interaction_reward=0.0000 | abs_interaction_reward=0.0000 | anti_stag_reward=0.0000 | abs_anti_stag_reward=0.0000 | wall_clear_reward=0.0000 | abs_wall_clear_reward=0.0000 | local_nav_reward=0.0000 | abs_local_nav_reward=0.0000 | context_neighbors_mean=1.41 | context_neighbors_max=4 | last_context_neighbors_mean=0.00 | last_context_neighbors_max=0 | actor_unlocked=1 | expl_noise=0.0740 | replay=23211 | interaction_replay=9477 | samples/sec=6.921
Status | epoch=2 | next_eval_in=16789 agent_samples | checkpoint_every=10 episodes | checkpoint=./checkpoints/interaction_safe_distance_from_5a_s20260725_latest.pt | model=interaction_safe_distance_from_5a_s20260725
Checkpoint saved: ./checkpoints/interaction_safe_distance_from_5a_s20260725_latest.pt
Episode 281 complete | agent_samples=23272 | env_steps=9618 | episode_env_steps=20 | episode_agent_samples=61 | mean_reward=30.344 | success=3/5 | collision=2/5 | mean_final_distance=0.551 | mean_progress=0.0085 | min_laser=0.300 | mean_lin=0.997 | mean_ang=0.254 | mean_robot_dist=1.232 | raw_reward=20.000 | adjusted_reward=20.000 | coop_agents=0/5 | mean_coop_neighbors=0.00 | active_neighbor_step_rate=0.820 | mean_active_neighbors_step=1.918 | max_active_neighbors_step=4 | interaction_reward=0.0000 | abs_interaction_reward=0.0000 | anti_stag_reward=0.0000 | abs_anti_stag_reward=0.0000 | wall_clear_reward=0.0000 | abs_wall_clear_reward=0.0000 | local_nav_reward=0.0000 | abs_local_nav_reward=0.0000 | context_neighbors_mean=1.97 | context_neighbors_max=4 | last_context_neighbors_mean=0.00 | last_context_neighbors_max=0 | actor_unlocked=1 | expl_noise=0.0740 | replay=23272 | interaction_replay=9525 | samples/sec=6.929
Episode 282 complete | agent_samples=23428 | env_steps=9692 | episode_env_steps=74 | episode_agent_samples=156 | mean_reward=39.311 | success=3/5 | collision=2/5 | mean_final_distance=0.520 | mean_progress=0.0087 | min_laser=0.300 | mean_lin=0.993 | mean_ang=-0.564 | mean_robot_dist=2.482 | raw_reward=20.000 | adjusted_reward=20.000 | coop_agents=0/5 | mean_coop_neighbors=0.00 | active_neighbor_step_rate=0.449 | mean_active_neighbors_step=1.147 | max_active_neighbors_step=4 | interaction_reward=0.0000 | abs_interaction_reward=0.0000 | anti_stag_reward=0.0000 | abs_anti_stag_reward=0.0000 | wall_clear_reward=0.0000 | abs_wall_clear_reward=0.0000 | local_nav_reward=0.0000 | abs_local_nav_reward=0.0000 | context_neighbors_mean=1.17 | context_neighbors_max=4 | last_context_neighbors_mean=0.00 | last_context_neighbors_max=0 | actor_unlocked=1 | expl_noise=0.0739 | replay=23428 | interaction_replay=9565 | samples/sec=6.942
Episode 283 complete | agent_samples=23530 | env_steps=9731 | episode_env_steps=39 | episode_agent_samples=102 | mean_reward=79.877 | success=4/5 | collision=1/5 | mean_final_distance=0.636 | mean_progress=0.0178 | min_laser=0.337 | mean_lin=1.000 | mean_ang=-0.150 | mean_robot_dist=1.921 | raw_reward=20.000 | adjusted_reward=20.000 | coop_agents=0/5 | mean_coop_neighbors=0.00 | active_neighbor_step_rate=0.725 | mean_active_neighbors_step=1.588 | max_active_neighbors_step=4 | interaction_reward=0.0000 | abs_interaction_reward=0.0000 | anti_stag_reward=0.0000 | abs_anti_stag_reward=0.0000 | wall_clear_reward=0.0000 | abs_wall_clear_reward=0.0000 | local_nav_reward=0.0000 | abs_local_nav_reward=0.0000 | context_neighbors_mean=1.62 | context_neighbors_max=4 | last_context_neighbors_mean=0.00 | last_context_neighbors_max=0 | actor_unlocked=1 | expl_noise=0.0739 | replay=23530 | interaction_replay=9580 | samples/sec=6.955
Episode 284 complete | agent_samples=23622 | env_steps=9763 | episode_env_steps=32 | episode_agent_samples=92 | mean_reward=78.015 | success=4/5 | collision=1/5 | mean_final_distance=0.759 | mean_progress=0.0112 | min_laser=0.336 | mean_lin=0.987 | mean_ang=0.616 | mean_robot_dist=3.990 | raw_reward=20.000 | adjusted_reward=20.000 | coop_agents=0/5 | mean_coop_neighbors=0.00 | active_neighbor_step_rate=0.793 | mean_active_neighbors_step=2.228 | max_active_neighbors_step=4 | interaction_reward=0.0000 | abs_interaction_reward=0.0000 | anti_stag_reward=0.0000 | abs_anti_stag_reward=0.0000 | wall_clear_reward=0.0000 | abs_wall_clear_reward=0.0000 | local_nav_reward=0.0000 | abs_local_nav_reward=0.0000 | context_neighbors_mean=2.26 | context_neighbors_max=4 | last_context_neighbors_mean=0.00 | last_context_neighbors_max=0 | actor_unlocked=1 | expl_noise=0.0739 | replay=23622 | interaction_replay=9602 | samples/sec=6.967
Episode 285 complete | agent_samples=23741 | env_steps=9805 | episode_env_steps=42 | episode_agent_samples=119 | mean_reward=118.410 | success=5/5 | collision=0/5 | mean_final_distance=0.249 | mean_progress=0.0221 | min_laser=0.659 | mean_lin=0.986 | mean_ang=0.452 | mean_robot_dist=1.172 | raw_reward=20.000 | adjusted_reward=20.000 | coop_agents=0/5 | mean_coop_neighbors=0.00 | active_neighbor_step_rate=0.773 | mean_active_neighbors_step=1.824 | max_active_neighbors_step=4 | interaction_reward=0.0000 | abs_interaction_reward=0.0000 | anti_stag_reward=0.0000 | abs_anti_stag_reward=0.0000 | wall_clear_reward=0.0000 | abs_wall_clear_reward=0.0000 | local_nav_reward=0.0000 | abs_local_nav_reward=0.0000 | context_neighbors_mean=1.85 | context_neighbors_max=4 | last_context_neighbors_mean=0.00 | last_context_neighbors_max=0 | actor_unlocked=1 | expl_noise=0.0739 | replay=23741 | interaction_replay=9663 | samples/sec=6.984
Status | epoch=2 | next_eval_in=16259 agent_samples | checkpoint_every=10 episodes | checkpoint=./checkpoints/interaction_safe_distance_from_5a_s20260725_latest.pt | model=interaction_safe_distance_from_5a_s20260725
Episode 286 complete | agent_samples=23831 | env_steps=9841 | episode_env_steps=36 | episode_agent_samples=90 | mean_reward=105.634 | success=5/5 | collision=0/5 | mean_final_distance=0.247 | mean_progress=0.0264 | min_laser=0.400 | mean_lin=0.987 | mean_ang=-0.338 | mean_robot_dist=2.290 | raw_reward=20.000 | adjusted_reward=20.000 | coop_agents=0/5 | mean_coop_neighbors=0.00 | active_neighbor_step_rate=0.467 | mean_active_neighbors_step=1.256 | max_active_neighbors_step=4 | interaction_reward=0.0000 | abs_interaction_reward=0.0000 | anti_stag_reward=0.0000 | abs_anti_stag_reward=0.0000 | wall_clear_reward=0.0000 | abs_wall_clear_reward=0.0000 | local_nav_reward=0.0000 | abs_local_nav_reward=0.0000 | context_neighbors_mean=1.28 | context_neighbors_max=4 | last_context_neighbors_mean=0.00 | last_context_neighbors_max=0 | actor_unlocked=1 | expl_noise=0.0738 | replay=23831 | interaction_replay=9698 | samples/sec=6.994
Episode 287 complete | agent_samples=23888 | env_steps=9862 | episode_env_steps=21 | episode_agent_samples=57 | mean_reward=111.695 | success=5/5 | collision=0/5 | mean_final_distance=0.268 | mean_progress=0.0200 | min_laser=0.426 | mean_lin=0.986 | mean_ang=0.597 | mean_robot_dist=1.001 | raw_reward=20.000 | adjusted_reward=20.000 | coop_agents=0/5 | mean_coop_neighbors=0.00 | active_neighbor_step_rate=0.789 | mean_active_neighbors_step=1.930 | max_active_neighbors_step=3 | interaction_reward=0.0000 | abs_interaction_reward=0.0000 | anti_stag_reward=0.0000 | abs_anti_stag_reward=0.0000 | wall_clear_reward=0.0000 | abs_wall_clear_reward=0.0000 | local_nav_reward=0.0000 | abs_local_nav_reward=0.0000 | context_neighbors_mean=1.96 | context_neighbors_max=3 | last_context_neighbors_mean=0.00 | last_context_neighbors_max=0 | actor_unlocked=1 | expl_noise=0.0738 | replay=23888 | interaction_replay=9741 | samples/sec=7.001
Episode 288 complete | agent_samples=23978 | env_steps=9888 | episode_env_steps=26 | episode_agent_samples=90 | mean_reward=68.322 | success=4/5 | collision=1/5 | mean_final_distance=0.475 | mean_progress=0.0139 | min_laser=0.326 | mean_lin=0.993 | mean_ang=-0.345 | mean_robot_dist=1.178 | raw_reward=20.000 | adjusted_reward=20.000 | coop_agents=0/5 | mean_coop_neighbors=0.00 | active_neighbor_step_rate=0.889 | mean_active_neighbors_step=2.111 | max_active_neighbors_step=4 | interaction_reward=0.0000 | abs_interaction_reward=0.0000 | anti_stag_reward=0.0000 | abs_anti_stag_reward=0.0000 | wall_clear_reward=0.0000 | abs_wall_clear_reward=0.0000 | local_nav_reward=0.0000 | abs_local_nav_reward=0.0000 | context_neighbors_mean=2.13 | context_neighbors_max=4 | last_context_neighbors_mean=0.00 | last_context_neighbors_max=0 | actor_unlocked=1 | expl_noise=0.0738 | replay=23978 | interaction_replay=9797 | samples/sec=7.016
Episode 289 complete | agent_samples=24039 | env_steps=9917 | episode_env_steps=29 | episode_agent_samples=61 | mean_reward=36.938 | success=3/5 | collision=2/5 | mean_final_distance=0.773 | mean_progress=0.0055 | min_laser=0.300 | mean_lin=0.998 | mean_ang=-0.187 | mean_robot_dist=0.913 | raw_reward=19.913 | adjusted_reward=19.913 | coop_agents=0/5 | mean_coop_neighbors=0.00 | active_neighbor_step_rate=0.590 | mean_active_neighbors_step=1.393 | max_active_neighbors_step=4 | interaction_reward=0.0000 | abs_interaction_reward=0.0000 | anti_stag_reward=0.0000 | abs_anti_stag_reward=0.0000 | wall_clear_reward=0.0000 | abs_wall_clear_reward=0.0000 | local_nav_reward=0.0000 | abs_local_nav_reward=0.0000 | context_neighbors_mean=1.43 | context_neighbors_max=4 | last_context_neighbors_mean=0.00 | last_context_neighbors_max=0 | actor_unlocked=1 | expl_noise=0.0738 | replay=24039 | interaction_replay=9834 | samples/sec=7.021
Episode 290 complete | agent_samples=24246 | env_steps=10066 | episode_env_steps=149 | episode_agent_samples=207 | mean_reward=130.875 | success=5/5 | collision=0/5 | mean_final_distance=0.239 | mean_progress=0.0129 | min_laser=0.529 | mean_lin=1.000 | mean_ang=-0.263 | mean_robot_dist=1.403 | raw_reward=20.000 | adjusted_reward=20.000 | coop_agents=0/5 | mean_coop_neighbors=0.00 | active_neighbor_step_rate=0.256 | mean_active_neighbors_step=0.507 | max_active_neighbors_step=4 | interaction_reward=0.0000 | abs_interaction_reward=0.0000 | anti_stag_reward=0.0000 | abs_anti_stag_reward=0.0000 | wall_clear_reward=0.0000 | abs_wall_clear_reward=0.0000 | local_nav_reward=0.0000 | abs_local_nav_reward=0.0000 | context_neighbors_mean=0.53 | context_neighbors_max=4 | last_context_neighbors_mean=0.00 | last_context_neighbors_max=0 | actor_unlocked=1 | expl_noise=0.0737 | replay=24246 | interaction_replay=9869 | samples/sec=7.016
Status | epoch=2 | next_eval_in=15754 agent_samples | checkpoint_every=10 episodes | checkpoint=./checkpoints/interaction_safe_distance_from_5a_s20260725_latest.pt | model=interaction_safe_distance_from_5a_s20260725
Checkpoint saved: ./checkpoints/interaction_safe_distance_from_5a_s20260725_latest.pt
Episode 291 complete | agent_samples=24346 | env_steps=10126 | episode_env_steps=60 | episode_agent_samples=100 | mean_reward=107.853 | success=5/5 | collision=0/5 | mean_final_distance=0.234 | mean_progress=0.0208 | min_laser=0.473 | mean_lin=0.995 | mean_ang=0.634 | mean_robot_dist=1.771 | raw_reward=20.000 | adjusted_reward=20.000 | coop_agents=0/5 | mean_coop_neighbors=0.00 | active_neighbor_step_rate=0.460 | mean_active_neighbors_step=0.880 | max_active_neighbors_step=4 | interaction_reward=0.0000 | abs_interaction_reward=0.0000 | anti_stag_reward=0.0000 | abs_anti_stag_reward=0.0000 | wall_clear_reward=0.0000 | abs_wall_clear_reward=0.0000 | local_nav_reward=0.0000 | abs_local_nav_reward=0.0000 | context_neighbors_mean=0.89 | context_neighbors_max=4 | last_context_neighbors_mean=0.00 | last_context_neighbors_max=0 | actor_unlocked=1 | expl_noise=0.0737 | replay=24346 | interaction_replay=9890 | samples/sec=7.017
Episode 292 complete | agent_samples=24409 | env_steps=10146 | episode_env_steps=20 | episode_agent_samples=63 | mean_reward=60.298 | success=4/5 | collision=1/5 | mean_final_distance=0.454 | mean_progress=0.0109 | min_laser=0.318 | mean_lin=0.988 | mean_ang=-0.577 | mean_robot_dist=1.926 | raw_reward=20.000 | adjusted_reward=20.000 | coop_agents=0/5 | mean_coop_neighbors=0.00 | active_neighbor_step_rate=0.651 | mean_active_neighbors_step=1.619 | max_active_neighbors_step=4 | interaction_reward=0.0000 | abs_interaction_reward=0.0000 | anti_stag_reward=0.0000 | abs_anti_stag_reward=0.0000 | wall_clear_reward=0.0000 | abs_wall_clear_reward=0.0000 | local_nav_reward=0.0000 | abs_local_nav_reward=0.0000 | context_neighbors_mean=1.75 | context_neighbors_max=4 | last_context_neighbors_mean=0.00 | last_context_neighbors_max=0 | actor_unlocked=1 | expl_noise=0.0737 | replay=24409 | interaction_replay=9932 | samples/sec=7.026
Episode 293 complete | agent_samples=24465 | env_steps=10163 | episode_env_steps=17 | episode_agent_samples=56 | mean_reward=113.192 | success=5/5 | collision=0/5 | mean_final_distance=0.253 | mean_progress=0.0045 | min_laser=0.765 | mean_lin=0.997 | mean_ang=0.191 | mean_robot_dist=1.031 | raw_reward=20.000 | adjusted_reward=20.000 | coop_agents=0/5 | mean_coop_neighbors=0.00 | active_neighbor_step_rate=0.679 | mean_active_neighbors_step=1.679 | max_active_neighbors_step=4 | interaction_reward=0.0000 | abs_interaction_reward=0.0000 | anti_stag_reward=0.0000 | abs_anti_stag_reward=0.0000 | wall_clear_reward=0.0000 | abs_wall_clear_reward=0.0000 | local_nav_reward=0.0000 | abs_local_nav_reward=0.0000 | context_neighbors_mean=1.70 | context_neighbors_max=4 | last_context_neighbors_mean=0.00 | last_context_neighbors_max=0 | actor_unlocked=1 | expl_noise=0.0736 | replay=24465 | interaction_replay=9969 | samples/sec=7.034
Episode 294 complete | agent_samples=24540 | env_steps=10192 | episode_env_steps=29 | episode_agent_samples=75 | mean_reward=121.696 | success=5/5 | collision=0/5 | mean_final_distance=0.278 | mean_progress=0.0037 | min_laser=0.447 | mean_lin=0.594 | mean_ang=-0.201 | mean_robot_dist=1.477 | raw_reward=20.000 | adjusted_reward=20.000 | coop_agents=0/5 | mean_coop_neighbors=0.00 | active_neighbor_step_rate=0.560 | mean_active_neighbors_step=1.333 | max_active_neighbors_step=4 | interaction_reward=0.0000 | abs_interaction_reward=0.0000 | anti_stag_reward=0.0000 | abs_anti_stag_reward=0.0000 | wall_clear_reward=0.0000 | abs_wall_clear_reward=0.0000 | local_nav_reward=0.0000 | abs_local_nav_reward=0.0000 | context_neighbors_mean=1.43 | context_neighbors_max=4 | last_context_neighbors_mean=0.00 | last_context_neighbors_max=0 | actor_unlocked=1 | expl_noise=0.0736 | replay=24540 | interaction_replay=10012 | samples/sec=7.043
Episode 295 complete | agent_samples=24650 | env_steps=10265 | episode_env_steps=73 | episode_agent_samples=110 | mean_reward=81.234 | success=4/5 | collision=1/5 | mean_final_distance=0.575 | mean_progress=0.0234 | min_laser=0.300 | mean_lin=0.800 | mean_ang=0.600 | mean_robot_dist=1.787 | raw_reward=20.000 | adjusted_reward=20.000 | coop_agents=0/5 | mean_coop_neighbors=0.00 | active_neighbor_step_rate=0.455 | mean_active_neighbors_step=1.136 | max_active_neighbors_step=4 | interaction_reward=0.0000 | abs_interaction_reward=0.0000 | anti_stag_reward=0.0000 | abs_anti_stag_reward=0.0000 | wall_clear_reward=0.0000 | abs_wall_clear_reward=0.0000 | local_nav_reward=0.0000 | abs_local_nav_reward=0.0000 | context_neighbors_mean=1.15 | context_neighbors_max=4 | last_context_neighbors_mean=0.00 | last_context_neighbors_max=0 | actor_unlocked=1 | expl_noise=0.0736 | replay=24650 | interaction_replay=10012 | samples/sec=7.043
Status | epoch=2 | next_eval_in=15350 agent_samples | checkpoint_every=10 episodes | checkpoint=./checkpoints/interaction_safe_distance_from_5a_s20260725_latest.pt | model=interaction_safe_distance_from_5a_s20260725
Episode 296 complete | agent_samples=24719 | env_steps=10294 | episode_env_steps=29 | episode_agent_samples=69 | mean_reward=78.991 | success=4/5 | collision=1/5 | mean_final_distance=0.557 | mean_progress=0.0223 | min_laser=0.342 | mean_lin=1.000 | mean_ang=-0.549 | mean_robot_dist=1.600 | raw_reward=20.000 | adjusted_reward=20.000 | coop_agents=0/5 | mean_coop_neighbors=0.00 | active_neighbor_step_rate=0.667 | mean_active_neighbors_step=1.507 | max_active_neighbors_step=4 | interaction_reward=0.0000 | abs_interaction_reward=0.0000 | anti_stag_reward=0.0000 | abs_anti_stag_reward=0.0000 | wall_clear_reward=0.0000 | abs_wall_clear_reward=0.0000 | local_nav_reward=0.0000 | abs_local_nav_reward=0.0000 | context_neighbors_mean=1.54 | context_neighbors_max=4 | last_context_neighbors_mean=0.00 | last_context_neighbors_max=0 | actor_unlocked=1 | expl_noise=0.0736 | replay=24719 | interaction_replay=10032 | samples/sec=7.050
Episode 297 complete | agent_samples=24789 | env_steps=10320 | episode_env_steps=26 | episode_agent_samples=70 | mean_reward=110.723 | success=5/5 | collision=0/5 | mean_final_distance=0.266 | mean_progress=0.0266 | min_laser=0.413 | mean_lin=0.994 | mean_ang=0.581 | mean_robot_dist=0.989 | raw_reward=19.989 | adjusted_reward=19.989 | coop_agents=0/5 | mean_coop_neighbors=0.00 | active_neighbor_step_rate=0.643 | mean_active_neighbors_step=1.429 | max_active_neighbors_step=4 | interaction_reward=0.0000 | abs_interaction_reward=0.0000 | anti_stag_reward=0.0000 | abs_anti_stag_reward=0.0000 | wall_clear_reward=0.0000 | abs_wall_clear_reward=0.0000 | local_nav_reward=0.0000 | abs_local_nav_reward=0.0000 | context_neighbors_mean=1.46 | context_neighbors_max=4 | last_context_neighbors_mean=0.00 | last_context_neighbors_max=0 | actor_unlocked=1 | expl_noise=0.0735 | replay=24789 | interaction_replay=10066 | samples/sec=7.058
Episode 298 complete | agent_samples=25020 | env_steps=10438 | episode_env_steps=118 | episode_agent_samples=231 | mean_reward=116.381 | success=5/5 | collision=0/5 | mean_final_distance=0.264 | mean_progress=0.0161 | min_laser=0.381 | mean_lin=1.000 | mean_ang=-0.512 | mean_robot_dist=1.271 | raw_reward=20.000 | adjusted_reward=20.000 | coop_agents=0/5 | mean_coop_neighbors=0.00 | active_neighbor_step_rate=0.403 | mean_active_neighbors_step=0.996 | max_active_neighbors_step=4 | interaction_reward=0.0000 | abs_interaction_reward=0.0000 | anti_stag_reward=0.0000 | abs_anti_stag_reward=0.0000 | wall_clear_reward=0.0000 | abs_wall_clear_reward=0.0000 | local_nav_reward=0.0000 | abs_local_nav_reward=0.0000 | context_neighbors_mean=1.03 | context_neighbors_max=4 | last_context_neighbors_mean=0.00 | last_context_neighbors_max=0 | actor_unlocked=1 | expl_noise=0.0735 | replay=25020 | interaction_replay=10142 | samples/sec=7.072
Episode 299 complete | agent_samples=25078 | env_steps=10456 | episode_env_steps=18 | episode_agent_samples=58 | mean_reward=32.119 | success=3/5 | collision=2/5 | mean_final_distance=0.422 | mean_progress=0.0236 | min_laser=0.301 | mean_lin=0.800 | mean_ang=0.436 | mean_robot_dist=2.659 | raw_reward=20.000 | adjusted_reward=20.000 | coop_agents=0/5 | mean_coop_neighbors=0.00 | active_neighbor_step_rate=0.724 | mean_active_neighbors_step=2.138 | max_active_neighbors_step=4 | interaction_reward=0.0000 | abs_interaction_reward=0.0000 | anti_stag_reward=0.0000 | abs_anti_stag_reward=0.0000 | wall_clear_reward=0.0000 | abs_wall_clear_reward=0.0000 | local_nav_reward=0.0000 | abs_local_nav_reward=0.0000 | context_neighbors_mean=2.16 | context_neighbors_max=4 | last_context_neighbors_mean=0.00 | last_context_neighbors_max=0 | actor_unlocked=1 | expl_noise=0.0735 | replay=25078 | interaction_replay=10164 | samples/sec=7.081
Episode 300 complete | agent_samples=25127 | env_steps=10468 | episode_env_steps=12 | episode_agent_samples=49 | mean_reward=29.857 | success=3/5 | collision=2/5 | mean_final_distance=0.425 | mean_progress=0.0216 | min_laser=0.300 | mean_lin=0.984 | mean_ang=-0.490 | mean_robot_dist=1.181 | raw_reward=20.000 | adjusted_reward=20.000 | coop_agents=0/5 | mean_coop_neighbors=0.00 | active_neighbor_step_rate=0.918 | mean_active_neighbors_step=2.245 | max_active_neighbors_step=4 | interaction_reward=0.0000 | abs_interaction_reward=0.0000 | anti_stag_reward=0.0000 | abs_anti_stag_reward=0.0000 | wall_clear_reward=0.0000 | abs_wall_clear_reward=0.0000 | local_nav_reward=0.0000 | abs_local_nav_reward=0.0000 | context_neighbors_mean=2.33 | context_neighbors_max=4 | last_context_neighbors_mean=0.00 | last_context_neighbors_max=0 | actor_unlocked=1 | expl_noise=0.0735 | replay=25127 | interaction_replay=10208 | samples/sec=7.089
Status | epoch=2 | next_eval_in=14873 agent_samples | checkpoint_every=10 episodes | checkpoint=./checkpoints/interaction_safe_distance_from_5a_s20260725_latest.pt | model=interaction_safe_distance_from_5a_s20260725
Checkpoint saved: ./checkpoints/interaction_safe_distance_from_5a_s20260725_latest.pt
Episode 301 complete | agent_samples=25204 | env_steps=10494 | episode_env_steps=26 | episode_agent_samples=77 | mean_reward=76.699 | success=4/5 | collision=1/5 | mean_final_distance=0.593 | mean_progress=0.0131 | min_laser=0.318 | mean_lin=0.962 | mean_ang=-0.444 | mean_robot_dist=0.899 | raw_reward=19.899 | adjusted_reward=19.899 | coop_agents=0/5 | mean_coop_neighbors=0.00 | active_neighbor_step_rate=0.818 | mean_active_neighbors_step=1.766 | max_active_neighbors_step=4 | interaction_reward=0.0000 | abs_interaction_reward=0.0000 | anti_stag_reward=0.0000 | abs_anti_stag_reward=0.0000 | wall_clear_reward=0.0000 | abs_wall_clear_reward=0.0000 | local_nav_reward=0.0000 | abs_local_nav_reward=0.0000 | context_neighbors_mean=1.79 | context_neighbors_max=4 | last_context_neighbors_mean=0.00 | last_context_neighbors_max=0 | actor_unlocked=1 | expl_noise=0.0734 | replay=25204 | interaction_replay=10245 | samples/sec=7.098
Episode 302 complete | agent_samples=25333 | env_steps=10559 | episode_env_steps=65 | episode_agent_samples=129 | mean_reward=111.868 | success=5/5 | collision=0/5 | mean_final_distance=0.267 | mean_progress=0.0198 | min_laser=0.379 | mean_lin=0.995 | mean_ang=-0.224 | mean_robot_dist=0.815 | raw_reward=19.815 | adjusted_reward=19.815 | coop_agents=0/5 | mean_coop_neighbors=0.00 | active_neighbor_step_rate=0.527 | mean_active_neighbors_step=1.178 | max_active_neighbors_step=4 | interaction_reward=0.0000 | abs_interaction_reward=0.0000 | anti_stag_reward=0.0000 | abs_anti_stag_reward=0.0000 | wall_clear_reward=0.0000 | abs_wall_clear_reward=0.0000 | local_nav_reward=0.0000 | abs_local_nav_reward=0.0000 | context_neighbors_mean=1.24 | context_neighbors_max=4 | last_context_neighbors_mean=0.00 | last_context_neighbors_max=0 | actor_unlocked=1 | expl_noise=0.0734 | replay=25333 | interaction_replay=10309 | samples/sec=7.106
Episode 303 complete | agent_samples=25381 | env_steps=10570 | episode_env_steps=11 | episode_agent_samples=48 | mean_reward=37.997 | success=3/5 | collision=2/5 | mean_final_distance=0.444 | mean_progress=0.0232 | min_laser=0.300 | mean_lin=0.990 | mean_ang=0.703 | mean_robot_dist=1.955 | raw_reward=20.000 | adjusted_reward=20.000 | coop_agents=0/5 | mean_coop_neighbors=0.00 | active_neighbor_step_rate=0.708 | mean_active_neighbors_step=2.000 | max_active_neighbors_step=4 | interaction_reward=0.0000 | abs_interaction_reward=0.0000 | anti_stag_reward=0.0000 | abs_anti_stag_reward=0.0000 | wall_clear_reward=0.0000 | abs_wall_clear_reward=0.0000 | local_nav_reward=0.0000 | abs_local_nav_reward=0.0000 | context_neighbors_mean=2.00 | context_neighbors_max=4 | last_context_neighbors_mean=0.00 | last_context_neighbors_max=0 | actor_unlocked=1 | expl_noise=0.0734 | replay=25381 | interaction_replay=10342 | samples/sec=7.115
Episode 304 complete | agent_samples=25517 | env_steps=10650 | episode_env_steps=80 | episode_agent_samples=136 | mean_reward=27.773 | success=3/5 | collision=2/5 | mean_final_distance=0.705 | mean_progress=0.0127 | min_laser=0.301 | mean_lin=0.996 | mean_ang=-0.430 | mean_robot_dist=2.069 | raw_reward=20.000 | adjusted_reward=20.000 | coop_agents=0/5 | mean_coop_neighbors=0.00 | active_neighbor_step_rate=0.324 | mean_active_neighbors_step=0.676 | max_active_neighbors_step=4 | interaction_reward=0.0000 | abs_interaction_reward=0.0000 | anti_stag_reward=0.0000 | abs_anti_stag_reward=0.0000 | wall_clear_reward=0.0000 | abs_wall_clear_reward=0.0000 | local_nav_reward=0.0000 | abs_local_nav_reward=0.0000 | context_neighbors_mean=0.66 | context_neighbors_max=4 | last_context_neighbors_mean=0.00 | last_context_neighbors_max=0 | actor_unlocked=1 | expl_noise=0.0733 | replay=25517 | interaction_replay=10372 | samples/sec=7.118
Episode 305 complete | agent_samples=25626 | env_steps=10693 | episode_env_steps=43 | episode_agent_samples=109 | mean_reward=114.799 | success=5/5 | collision=0/5 | mean_final_distance=0.262 | mean_progress=0.0086 | min_laser=0.525 | mean_lin=0.997 | mean_ang=0.203 | mean_robot_dist=1.673 | raw_reward=20.000 | adjusted_reward=20.000 | coop_agents=0/5 | mean_coop_neighbors=0.00 | active_neighbor_step_rate=0.661 | mean_active_neighbors_step=1.560 | max_active_neighbors_step=4 | interaction_reward=0.0000 | abs_interaction_reward=0.0000 | anti_stag_reward=0.0000 | abs_anti_stag_reward=0.0000 | wall_clear_reward=0.0000 | abs_wall_clear_reward=0.0000 | local_nav_reward=0.0000 | abs_local_nav_reward=0.0000 | context_neighbors_mean=1.59 | context_neighbors_max=4 | last_context_neighbors_mean=0.00 | last_context_neighbors_max=0 | actor_unlocked=1 | expl_noise=0.0733 | replay=25626 | interaction_replay=10408 | samples/sec=7.130
Status | epoch=2 | next_eval_in=14374 agent_samples | checkpoint_every=10 episodes | checkpoint=./checkpoints/interaction_safe_distance_from_5a_s20260725_latest.pt | model=interaction_safe_distance_from_5a_s20260725
Episode 306 complete | agent_samples=25689 | env_steps=10711 | episode_env_steps=18 | episode_agent_samples=63 | mean_reward=74.892 | success=4/5 | collision=1/5 | mean_final_distance=0.332 | mean_progress=0.0199 | min_laser=0.338 | mean_lin=0.611 | mean_ang=0.209 | mean_robot_dist=2.140 | raw_reward=20.000 | adjusted_reward=20.000 | coop_agents=0/5 | mean_coop_neighbors=0.00 | active_neighbor_step_rate=0.825 | mean_active_neighbors_step=1.984 | max_active_neighbors_step=4 | interaction_reward=0.0000 | abs_interaction_reward=0.0000 | anti_stag_reward=0.0000 | abs_anti_stag_reward=0.0000 | wall_clear_reward=0.0000 | abs_wall_clear_reward=0.0000 | local_nav_reward=0.0000 | abs_local_nav_reward=0.0000 | context_neighbors_mean=1.98 | context_neighbors_max=3 | last_context_neighbors_mean=0.00 | last_context_neighbors_max=0 | actor_unlocked=1 | expl_noise=0.0733 | replay=25689 | interaction_replay=10432 | samples/sec=7.139
Episode 307 complete | agent_samples=25744 | env_steps=10726 | episode_env_steps=15 | episode_agent_samples=55 | mean_reward=117.071 | success=5/5 | collision=0/5 | mean_final_distance=0.249 | mean_progress=0.0232 | min_laser=0.457 | mean_lin=0.999 | mean_ang=0.525 | mean_robot_dist=1.313 | raw_reward=20.000 | adjusted_reward=20.000 | coop_agents=0/5 | mean_coop_neighbors=0.00 | active_neighbor_step_rate=0.764 | mean_active_neighbors_step=1.545 | max_active_neighbors_step=4 | interaction_reward=0.0000 | abs_interaction_reward=0.0000 | anti_stag_reward=0.0000 | abs_anti_stag_reward=0.0000 | wall_clear_reward=0.0000 | abs_wall_clear_reward=0.0000 | local_nav_reward=0.0000 | abs_local_nav_reward=0.0000 | context_neighbors_mean=1.58 | context_neighbors_max=4 | last_context_neighbors_mean=0.00 | last_context_neighbors_max=0 | actor_unlocked=1 | expl_noise=0.0733 | replay=25744 | interaction_replay=10473 | samples/sec=7.148
Episode 308 complete | agent_samples=25805 | env_steps=10745 | episode_env_steps=19 | episode_agent_samples=61 | mean_reward=113.089 | success=5/5 | collision=0/5 | mean_final_distance=0.270 | mean_progress=0.0098 | min_laser=0.425 | mean_lin=1.000 | mean_ang=0.200 | mean_robot_dist=1.148 | raw_reward=20.000 | adjusted_reward=20.000 | coop_agents=0/5 | mean_coop_neighbors=0.00 | active_neighbor_step_rate=0.705 | mean_active_neighbors_step=1.508 | max_active_neighbors_step=4 | interaction_reward=0.0000 | abs_interaction_reward=0.0000 | anti_stag_reward=0.0000 | abs_anti_stag_reward=0.0000 | wall_clear_reward=0.0000 | abs_wall_clear_reward=0.0000 | local_nav_reward=0.0000 | abs_local_nav_reward=0.0000 | context_neighbors_mean=1.57 | context_neighbors_max=4 | last_context_neighbors_mean=0.00 | last_context_neighbors_max=0 | actor_unlocked=1 | expl_noise=0.0733 | replay=25805 | interaction_replay=10518 | samples/sec=7.156
Episode 309 complete | agent_samples=25849 | env_steps=10755 | episode_env_steps=10 | episode_agent_samples=44 | mean_reward=28.305 | success=3/5 | collision=2/5 | mean_final_distance=0.410 | mean_progress=0.0168 | min_laser=0.300 | mean_lin=0.594 | mean_ang=-0.162 | mean_robot_dist=0.450 | raw_reward=-20.550 | adjusted_reward=-20.550 | coop_agents=0/5 | mean_coop_neighbors=0.00 | active_neighbor_step_rate=0.955 | mean_active_neighbors_step=2.364 | max_active_neighbors_step=4 | interaction_reward=0.0000 | abs_interaction_reward=0.0000 | anti_stag_reward=0.0000 | abs_anti_stag_reward=0.0000 | wall_clear_reward=0.0000 | abs_wall_clear_reward=0.0000 | local_nav_reward=0.0000 | abs_local_nav_reward=0.0000 | context_neighbors_mean=2.48 | context_neighbors_max=4 | last_context_neighbors_mean=0.00 | last_context_neighbors_max=0 | actor_unlocked=1 | expl_noise=0.0733 | replay=25849 | interaction_replay=10561 | samples/sec=7.164
Episode 310 complete | agent_samples=25900 | env_steps=10768 | episode_env_steps=13 | episode_agent_samples=51 | mean_reward=34.590 | success=3/5 | collision=2/5 | mean_final_distance=0.514 | mean_progress=0.0050 | min_laser=0.300 | mean_lin=0.996 | mean_ang=-0.112 | mean_robot_dist=3.696 | raw_reward=20.000 | adjusted_reward=20.000 | coop_agents=0/5 | mean_coop_neighbors=0.00 | active_neighbor_step_rate=0.549 | mean_active_neighbors_step=1.863 | max_active_neighbors_step=4 | interaction_reward=0.0000 | abs_interaction_reward=0.0000 | anti_stag_reward=0.0000 | abs_anti_stag_reward=0.0000 | wall_clear_reward=0.0000 | abs_wall_clear_reward=0.0000 | local_nav_reward=0.0000 | abs_local_nav_reward=0.0000 | context_neighbors_mean=1.86 | context_neighbors_max=4 | last_context_neighbors_mean=0.00 | last_context_neighbors_max=0 | actor_unlocked=1 | expl_noise=0.0733 | replay=25900 | interaction_replay=10577 | samples/sec=7.172
Status | epoch=2 | next_eval_in=14100 agent_samples | checkpoint_every=10 episodes | checkpoint=./checkpoints/interaction_safe_distance_from_5a_s20260725_latest.pt | model=interaction_safe_distance_from_5a_s20260725
Checkpoint saved: ./checkpoints/interaction_safe_distance_from_5a_s20260725_latest.pt
Episode 311 complete | agent_samples=25989 | env_steps=10800 | episode_env_steps=32 | episode_agent_samples=89 | mean_reward=70.532 | success=4/5 | collision=1/5 | mean_final_distance=0.517 | mean_progress=0.0175 | min_laser=0.300 | mean_lin=0.797 | mean_ang=-0.988 | mean_robot_dist=1.046 | raw_reward=20.000 | adjusted_reward=20.000 | coop_agents=0/5 | mean_coop_neighbors=0.00 | active_neighbor_step_rate=0.596 | mean_active_neighbors_step=1.348 | max_active_neighbors_step=4 | interaction_reward=0.0000 | abs_interaction_reward=0.0000 | anti_stag_reward=0.0000 | abs_anti_stag_reward=0.0000 | wall_clear_reward=0.0000 | abs_wall_clear_reward=0.0000 | local_nav_reward=0.0000 | abs_local_nav_reward=0.0000 | context_neighbors_mean=1.40 | context_neighbors_max=4 | last_context_neighbors_mean=0.00 | last_context_neighbors_max=0 | actor_unlocked=1 | expl_noise=0.0732 | replay=25989 | interaction_replay=10633 | samples/sec=7.182
Episode 312 complete | agent_samples=26055 | env_steps=10825 | episode_env_steps=25 | episode_agent_samples=66 | mean_reward=73.451 | success=4/5 | collision=1/5 | mean_final_distance=0.555 | mean_progress=0.0115 | min_laser=0.301 | mean_lin=0.673 | mean_ang=-0.190 | mean_robot_dist=1.621 | raw_reward=20.000 | adjusted_reward=20.000 | coop_agents=0/5 | mean_coop_neighbors=0.00 | active_neighbor_step_rate=0.515 | mean_active_neighbors_step=0.803 | max_active_neighbors_step=4 | interaction_reward=0.0000 | abs_interaction_reward=0.0000 | anti_stag_reward=0.0000 | abs_anti_stag_reward=0.0000 | wall_clear_reward=0.0000 | abs_wall_clear_reward=0.0000 | local_nav_reward=0.0000 | abs_local_nav_reward=0.0000 | context_neighbors_mean=0.80 | context_neighbors_max=4 | last_context_neighbors_mean=0.00 | last_context_neighbors_max=0 | actor_unlocked=1 | expl_noise=0.0732 | replay=26055 | interaction_replay=10658 | samples/sec=7.189
Episode 313 complete | agent_samples=26118 | env_steps=10847 | episode_env_steps=22 | episode_agent_samples=63 | mean_reward=40.554 | success=3/5 | collision=2/5 | mean_final_distance=0.453 | mean_progress=0.0266 | min_laser=0.301 | mean_lin=0.958 | mean_ang=0.442 | mean_robot_dist=1.181 | raw_reward=20.000 | adjusted_reward=20.000 | coop_agents=0/5 | mean_coop_neighbors=0.00 | active_neighbor_step_rate=0.778 | mean_active_neighbors_step=1.889 | max_active_neighbors_step=4 | interaction_reward=0.0000 | abs_interaction_reward=0.0000 | anti_stag_reward=0.0000 | abs_anti_stag_reward=0.0000 | wall_clear_reward=0.0000 | abs_wall_clear_reward=0.0000 | local_nav_reward=0.0000 | abs_local_nav_reward=0.0000 | context_neighbors_mean=1.95 | context_neighbors_max=4 | last_context_neighbors_mean=0.00 | last_context_neighbors_max=0 | actor_unlocked=1 | expl_noise=0.0732 | replay=26118 | interaction_replay=10705 | samples/sec=7.197
Episode 314 complete | agent_samples=26190 | env_steps=10865 | episode_env_steps=18 | episode_agent_samples=72 | mean_reward=28.745 | success=3/5 | collision=2/5 | mean_final_distance=0.358 | mean_progress=0.0206 | min_laser=0.300 | mean_lin=0.602 | mean_ang=-0.249 | mean_robot_dist=3.526 | raw_reward=20.000 | adjusted_reward=20.000 | coop_agents=0/5 | mean_coop_neighbors=0.00 | active_neighbor_step_rate=0.750 | mean_active_neighbors_step=1.792 | max_active_neighbors_step=4 | interaction_reward=0.0000 | abs_interaction_reward=0.0000 | anti_stag_reward=0.0000 | abs_anti_stag_reward=0.0000 | wall_clear_reward=0.0000 | abs_wall_clear_reward=0.0000 | local_nav_reward=0.0000 | abs_local_nav_reward=0.0000 | context_neighbors_mean=1.85 | context_neighbors_max=4 | last_context_neighbors_mean=0.00 | last_context_neighbors_max=0 | actor_unlocked=1 | expl_noise=0.0732 | replay=26190 | interaction_replay=10730 | samples/sec=7.209
Episode 315 complete | agent_samples=26244 | env_steps=10881 | episode_env_steps=16 | episode_agent_samples=54 | mean_reward=83.167 | success=4/5 | collision=1/5 | mean_final_distance=0.315 | mean_progress=0.0235 | min_laser=0.300 | mean_lin=0.600 | mean_ang=0.202 | mean_robot_dist=0.794 | raw_reward=19.794 | adjusted_reward=19.794 | coop_agents=0/5 | mean_coop_neighbors=0.00 | active_neighbor_step_rate=0.704 | mean_active_neighbors_step=1.667 | max_active_neighbors_step=4 | interaction_reward=0.0000 | abs_interaction_reward=0.0000 | anti_stag_reward=0.0000 | abs_anti_stag_reward=0.0000 | wall_clear_reward=0.0000 | abs_wall_clear_reward=0.0000 | local_nav_reward=0.0000 | abs_local_nav_reward=0.0000 | context_neighbors_mean=1.67 | context_neighbors_max=4 | last_context_neighbors_mean=0.00 | last_context_neighbors_max=0 | actor_unlocked=1 | expl_noise=0.0732 | replay=26244 | interaction_replay=10764 | samples/sec=7.217
Status | epoch=2 | next_eval_in=13756 agent_samples | checkpoint_every=10 episodes | checkpoint=./checkpoints/interaction_safe_distance_from_5a_s20260725_latest.pt | model=interaction_safe_distance_from_5a_s20260725
Episode 316 complete | agent_samples=26377 | env_steps=10943 | episode_env_steps=62 | episode_agent_samples=133 | mean_reward=85.467 | success=4/5 | collision=1/5 | mean_final_distance=0.449 | mean_progress=0.0071 | min_laser=0.326 | mean_lin=0.773 | mean_ang=-0.409 | mean_robot_dist=2.118 | raw_reward=20.000 | adjusted_reward=20.000 | coop_agents=0/5 | mean_coop_neighbors=0.00 | active_neighbor_step_rate=0.519 | mean_active_neighbors_step=1.060 | max_active_neighbors_step=4 | interaction_reward=0.0000 | abs_interaction_reward=0.0000 | anti_stag_reward=0.0000 | abs_anti_stag_reward=0.0000 | wall_clear_reward=0.0000 | abs_wall_clear_reward=0.0000 | local_nav_reward=0.0000 | abs_local_nav_reward=0.0000 | context_neighbors_mean=1.11 | context_neighbors_max=4 | last_context_neighbors_mean=0.00 | last_context_neighbors_max=0 | actor_unlocked=1 | expl_noise=0.0732 | replay=26377 | interaction_replay=10775 | samples/sec=7.227
Episode 317 complete | agent_samples=26423 | env_steps=10954 | episode_env_steps=11 | episode_agent_samples=46 | mean_reward=96.147 | success=5/5 | collision=0/5 | mean_final_distance=0.244 | mean_progress=0.0199 | min_laser=0.418 | mean_lin=0.973 | mean_ang=0.182 | mean_robot_dist=1.014 | raw_reward=20.000 | adjusted_reward=20.000 | coop_agents=0/5 | mean_coop_neighbors=0.00 | active_neighbor_step_rate=0.913 | mean_active_neighbors_step=1.543 | max_active_neighbors_step=4 | interaction_reward=0.0000 | abs_interaction_reward=0.0000 | anti_stag_reward=0.0000 | abs_anti_stag_reward=0.0000 | wall_clear_reward=0.0000 | abs_wall_clear_reward=0.0000 | local_nav_reward=0.0000 | abs_local_nav_reward=0.0000 | context_neighbors_mean=1.63 | context_neighbors_max=4 | last_context_neighbors_mean=0.00 | last_context_neighbors_max=0 | actor_unlocked=1 | expl_noise=0.0732 | replay=26423 | interaction_replay=10818 | samples/sec=7.234
Episode 318 complete | agent_samples=26494 | env_steps=10978 | episode_env_steps=24 | episode_agent_samples=71 | mean_reward=111.764 | success=5/5 | collision=0/5 | mean_final_distance=0.242 | mean_progress=0.0101 | min_laser=0.500 | mean_lin=0.995 | mean_ang=-0.497 | mean_robot_dist=1.898 | raw_reward=20.000 | adjusted_reward=20.000 | coop_agents=0/5 | mean_coop_neighbors=0.00 | active_neighbor_step_rate=0.817 | mean_active_neighbors_step=1.465 | max_active_neighbors_step=4 | interaction_reward=0.0000 | abs_interaction_reward=0.0000 | anti_stag_reward=0.0000 | abs_anti_stag_reward=0.0000 | wall_clear_reward=0.0000 | abs_wall_clear_reward=0.0000 | local_nav_reward=0.0000 | abs_local_nav_reward=0.0000 | context_neighbors_mean=1.52 | context_neighbors_max=4 | last_context_neighbors_mean=0.00 | last_context_neighbors_max=0 | actor_unlocked=1 | expl_noise=0.0731 | replay=26494 | interaction_replay=10856 | samples/sec=7.243
Episode 319 complete | agent_samples=26613 | env_steps=11038 | episode_env_steps=60 | episode_agent_samples=119 | mean_reward=-9.484 | success=2/5 | collision=3/5 | mean_final_distance=0.681 | mean_progress=0.0045 | min_laser=0.300 | mean_lin=0.428 | mean_ang=-0.217 | mean_robot_dist=1.894 | raw_reward=20.000 | adjusted_reward=20.000 | coop_agents=0/5 | mean_coop_neighbors=0.00 | active_neighbor_step_rate=0.639 | mean_active_neighbors_step=1.244 | max_active_neighbors_step=4 | interaction_reward=0.0000 | abs_interaction_reward=0.0000 | anti_stag_reward=0.0000 | abs_anti_stag_reward=0.0000 | wall_clear_reward=0.0000 | abs_wall_clear_reward=0.0000 | local_nav_reward=0.0000 | abs_local_nav_reward=0.0000 | context_neighbors_mean=1.24 | context_neighbors_max=4 | last_context_neighbors_mean=0.00 | last_context_neighbors_max=0 | actor_unlocked=1 | expl_noise=0.0731 | replay=26613 | interaction_replay=10890 | samples/sec=7.250
Episode 320 complete | agent_samples=26684 | env_steps=11071 | episode_env_steps=33 | episode_agent_samples=71 | mean_reward=68.581 | success=4/5 | collision=1/5 | mean_final_distance=0.426 | mean_progress=0.0155 | min_laser=0.330 | mean_lin=0.800 | mean_ang=0.899 | mean_robot_dist=1.379 | raw_reward=20.000 | adjusted_reward=20.000 | coop_agents=0/5 | mean_coop_neighbors=0.00 | active_neighbor_step_rate=0.606 | mean_active_neighbors_step=1.408 | max_active_neighbors_step=4 | interaction_reward=0.0000 | abs_interaction_reward=0.0000 | anti_stag_reward=0.0000 | abs_anti_stag_reward=0.0000 | wall_clear_reward=0.0000 | abs_wall_clear_reward=0.0000 | local_nav_reward=0.0000 | abs_local_nav_reward=0.0000 | context_neighbors_mean=1.49 | context_neighbors_max=4 | last_context_neighbors_mean=0.00 | last_context_neighbors_max=0 | actor_unlocked=1 | expl_noise=0.0731 | replay=26684 | interaction_replay=10934 | samples/sec=7.255
Status | epoch=2 | next_eval_in=13316 agent_samples | checkpoint_every=10 episodes | checkpoint=./checkpoints/interaction_safe_distance_from_5a_s20260725_latest.pt | model=interaction_safe_distance_from_5a_s20260725
Checkpoint saved: ./checkpoints/interaction_safe_distance_from_5a_s20260725_latest.pt
Episode 321 complete | agent_samples=26746 | env_steps=11095 | episode_env_steps=24 | episode_agent_samples=62 | mean_reward=73.464 | success=4/5 | collision=1/5 | mean_final_distance=0.545 | mean_progress=0.0074 | min_laser=0.339 | mean_lin=0.805 | mean_ang=-0.254 | mean_robot_dist=2.423 | raw_reward=20.000 | adjusted_reward=20.000 | coop_agents=0/5 | mean_coop_neighbors=0.00 | active_neighbor_step_rate=0.500 | mean_active_neighbors_step=1.081 | max_active_neighbors_step=4 | interaction_reward=0.0000 | abs_interaction_reward=0.0000 | anti_stag_reward=0.0000 | abs_anti_stag_reward=0.0000 | wall_clear_reward=0.0000 | abs_wall_clear_reward=0.0000 | local_nav_reward=0.0000 | abs_local_nav_reward=0.0000 | context_neighbors_mean=1.16 | context_neighbors_max=4 | last_context_neighbors_mean=0.00 | last_context_neighbors_max=0 | actor_unlocked=1 | expl_noise=0.0731 | replay=26746 | interaction_replay=10967 | samples/sec=7.260
Episode 322 complete | agent_samples=26837 | env_steps=11131 | episode_env_steps=36 | episode_agent_samples=91 | mean_reward=105.556 | success=5/5 | collision=0/5 | mean_final_distance=0.256 | mean_progress=0.0170 | min_laser=0.438 | mean_lin=0.777 | mean_ang=-0.556 | mean_robot_dist=1.089 | raw_reward=20.000 | adjusted_reward=20.000 | coop_agents=0/5 | mean_coop_neighbors=0.00 | active_neighbor_step_rate=0.736 | mean_active_neighbors_step=1.330 | max_active_neighbors_step=4 | interaction_reward=0.0000 | abs_interaction_reward=0.0000 | anti_stag_reward=0.0000 | abs_anti_stag_reward=0.0000 | wall_clear_reward=0.0000 | abs_wall_clear_reward=0.0000 | local_nav_reward=0.0000 | abs_local_nav_reward=0.0000 | context_neighbors_mean=1.35 | context_neighbors_max=4 | last_context_neighbors_mean=0.00 | last_context_neighbors_max=0 | actor_unlocked=1 | expl_noise=0.0730 | replay=26837 | interaction_replay=11035 | samples/sec=7.269
Episode 323 complete | agent_samples=26952 | env_steps=11177 | episode_env_steps=46 | episode_agent_samples=115 | mean_reward=125.933 | success=5/5 | collision=0/5 | mean_final_distance=0.257 | mean_progress=0.0072 | min_laser=0.365 | mean_lin=0.990 | mean_ang=-0.190 | mean_robot_dist=1.702 | raw_reward=20.000 | adjusted_reward=20.000 | coop_agents=0/5 | mean_coop_neighbors=0.00 | active_neighbor_step_rate=0.687 | mean_active_neighbors_step=1.713 | max_active_neighbors_step=4 | interaction_reward=0.0000 | abs_interaction_reward=0.0000 | anti_stag_reward=0.0000 | abs_anti_stag_reward=0.0000 | wall_clear_reward=0.0000 | abs_wall_clear_reward=0.0000 | local_nav_reward=0.0000 | abs_local_nav_reward=0.0000 | context_neighbors_mean=1.70 | context_neighbors_max=4 | last_context_neighbors_mean=0.00 | last_context_neighbors_max=0 | actor_unlocked=1 | expl_noise=0.0730 | replay=26952 | interaction_replay=11075 | samples/sec=7.281
Episode 324 complete | agent_samples=27062 | env_steps=11240 | episode_env_steps=63 | episode_agent_samples=110 | mean_reward=-30.171 | success=2/5 | collision=3/5 | mean_final_distance=0.695 | mean_progress=0.0010 | min_laser=0.300 | mean_lin=0.786 | mean_ang=-0.224 | mean_robot_dist=1.171 | raw_reward=20.000 | adjusted_reward=20.000 | coop_agents=0/5 | mean_coop_neighbors=0.00 | active_neighbor_step_rate=0.573 | mean_active_neighbors_step=1.309 | max_active_neighbors_step=4 | interaction_reward=0.0000 | abs_interaction_reward=0.0000 | anti_stag_reward=0.0000 | abs_anti_stag_reward=0.0000 | wall_clear_reward=0.0000 | abs_wall_clear_reward=0.0000 | local_nav_reward=0.0000 | abs_local_nav_reward=0.0000 | context_neighbors_mean=1.33 | context_neighbors_max=4 | last_context_neighbors_mean=0.00 | last_context_neighbors_max=0 | actor_unlocked=1 | expl_noise=0.0730 | replay=27062 | interaction_replay=11139 | samples/sec=7.284
Episode 325 complete | agent_samples=27125 | env_steps=11257 | episode_env_steps=17 | episode_agent_samples=63 | mean_reward=36.875 | success=3/5 | collision=2/5 | mean_final_distance=0.674 | mean_progress=0.0065 | min_laser=0.300 | mean_lin=0.662 | mean_ang=-0.088 | mean_robot_dist=1.973 | raw_reward=20.000 | adjusted_reward=20.000 | coop_agents=0/5 | mean_coop_neighbors=0.00 | active_neighbor_step_rate=0.778 | mean_active_neighbors_step=2.270 | max_active_neighbors_step=4 | interaction_reward=0.0000 | abs_interaction_reward=0.0000 | anti_stag_reward=0.0000 | abs_anti_stag_reward=0.0000 | wall_clear_reward=0.0000 | abs_wall_clear_reward=0.0000 | local_nav_reward=0.0000 | abs_local_nav_reward=0.0000 | context_neighbors_mean=2.27 | context_neighbors_max=4 | last_context_neighbors_mean=0.00 | last_context_neighbors_max=0 | actor_unlocked=1 | expl_noise=0.0730 | replay=27125 | interaction_replay=11153 | samples/sec=7.293
Status | epoch=2 | next_eval_in=12875 agent_samples | checkpoint_every=10 episodes | checkpoint=./checkpoints/interaction_safe_distance_from_5a_s20260725_latest.pt | model=interaction_safe_distance_from_5a_s20260725
Episode 326 complete | agent_samples=27209 | env_steps=11288 | episode_env_steps=31 | episode_agent_samples=84 | mean_reward=67.713 | success=4/5 | collision=1/5 | mean_final_distance=0.656 | mean_progress=0.0141 | min_laser=0.350 | mean_lin=0.842 | mean_ang=-0.618 | mean_robot_dist=3.234 | raw_reward=20.000 | adjusted_reward=20.000 | coop_agents=0/5 | mean_coop_neighbors=0.00 | active_neighbor_step_rate=0.536 | mean_active_neighbors_step=0.964 | max_active_neighbors_step=4 | interaction_reward=0.0000 | abs_interaction_reward=0.0000 | anti_stag_reward=0.0000 | abs_anti_stag_reward=0.0000 | wall_clear_reward=0.0000 | abs_wall_clear_reward=0.0000 | local_nav_reward=0.0000 | abs_local_nav_reward=0.0000 | context_neighbors_mean=0.98 | context_neighbors_max=4 | last_context_neighbors_mean=0.00 | last_context_neighbors_max=0 | actor_unlocked=1 | expl_noise=0.0729 | replay=27209 | interaction_replay=11171 | samples/sec=7.302
Episode 327 complete | agent_samples=27275 | env_steps=11312 | episode_env_steps=24 | episode_agent_samples=66 | mean_reward=74.238 | success=4/5 | collision=1/5 | mean_final_distance=0.544 | mean_progress=0.0232 | min_laser=0.347 | mean_lin=0.803 | mean_ang=-0.197 | mean_robot_dist=1.741 | raw_reward=20.000 | adjusted_reward=20.000 | coop_agents=0/5 | mean_coop_neighbors=0.00 | active_neighbor_step_rate=0.682 | mean_active_neighbors_step=1.864 | max_active_neighbors_step=4 | interaction_reward=0.0000 | abs_interaction_reward=0.0000 | anti_stag_reward=0.0000 | abs_anti_stag_reward=0.0000 | wall_clear_reward=0.0000 | abs_wall_clear_reward=0.0000 | local_nav_reward=0.0000 | abs_local_nav_reward=0.0000 | context_neighbors_mean=1.91 | context_neighbors_max=4 | last_context_neighbors_mean=0.00 | last_context_neighbors_max=0 | actor_unlocked=1 | expl_noise=0.0729 | replay=27275 | interaction_replay=11191 | samples/sec=7.310
Episode 328 complete | agent_samples=27374 | env_steps=11356 | episode_env_steps=44 | episode_agent_samples=99 | mean_reward=74.616 | success=4/5 | collision=1/5 | mean_final_distance=0.300 | mean_progress=0.0032 | min_laser=0.330 | mean_lin=0.584 | mean_ang=-0.596 | mean_robot_dist=1.980 | raw_reward=20.000 | adjusted_reward=20.000 | coop_agents=0/5 | mean_coop_neighbors=0.00 | active_neighbor_step_rate=0.646 | mean_active_neighbors_step=1.667 | max_active_neighbors_step=4 | interaction_reward=0.0000 | abs_interaction_reward=0.0000 | anti_stag_reward=0.0000 | abs_anti_stag_reward=0.0000 | wall_clear_reward=0.0000 | abs_wall_clear_reward=0.0000 | local_nav_reward=0.0000 | abs_local_nav_reward=0.0000 | context_neighbors_mean=1.68 | context_neighbors_max=4 | last_context_neighbors_mean=0.00 | last_context_neighbors_max=0 | actor_unlocked=1 | expl_noise=0.0729 | replay=27374 | interaction_replay=11216 | samples/sec=7.317
Episode 329 complete | agent_samples=27424 | env_steps=11370 | episode_env_steps=14 | episode_agent_samples=50 | mean_reward=71.135 | success=4/5 | collision=1/5 | mean_final_distance=0.250 | mean_progress=0.0234 | min_laser=0.300 | mean_lin=0.775 | mean_ang=0.003 | mean_robot_dist=0.759 | raw_reward=19.759 | adjusted_reward=19.759 | coop_agents=0/5 | mean_coop_neighbors=0.00 | active_neighbor_step_rate=0.740 | mean_active_neighbors_step=2.080 | max_active_neighbors_step=4 | interaction_reward=0.0000 | abs_interaction_reward=0.0000 | anti_stag_reward=0.0000 | abs_anti_stag_reward=0.0000 | wall_clear_reward=0.0000 | abs_wall_clear_reward=0.0000 | local_nav_reward=0.0000 | abs_local_nav_reward=0.0000 | context_neighbors_mean=2.16 | context_neighbors_max=4 | last_context_neighbors_mean=0.00 | last_context_neighbors_max=0 | actor_unlocked=1 | expl_noise=0.0729 | replay=27424 | interaction_replay=11252 | samples/sec=7.325
Episode 330 complete | agent_samples=27543 | env_steps=11442 | episode_env_steps=72 | episode_agent_samples=119 | mean_reward=119.686 | success=5/5 | collision=0/5 | mean_final_distance=0.250 | mean_progress=0.0197 | min_laser=0.583 | mean_lin=1.000 | mean_ang=-0.594 | mean_robot_dist=1.166 | raw_reward=20.000 | adjusted_reward=20.000 | coop_agents=0/5 | mean_coop_neighbors=0.00 | active_neighbor_step_rate=0.420 | mean_active_neighbors_step=0.765 | max_active_neighbors_step=4 | interaction_reward=0.0000 | abs_interaction_reward=0.0000 | anti_stag_reward=0.0000 | abs_anti_stag_reward=0.0000 | wall_clear_reward=0.0000 | abs_wall_clear_reward=0.0000 | local_nav_reward=0.0000 | abs_local_nav_reward=0.0000 | context_neighbors_mean=0.79 | context_neighbors_max=4 | last_context_neighbors_mean=0.00 | last_context_neighbors_max=0 | actor_unlocked=1 | expl_noise=0.0728 | replay=27543 | interaction_replay=11275 | samples/sec=7.326
Status | epoch=2 | next_eval_in=12457 agent_samples | checkpoint_every=10 episodes | checkpoint=./checkpoints/interaction_safe_distance_from_5a_s20260725_latest.pt | model=interaction_safe_distance_from_5a_s20260725
Checkpoint saved: ./checkpoints/interaction_safe_distance_from_5a_s20260725_latest.pt
Episode 331 complete | agent_samples=27715 | env_steps=11508 | episode_env_steps=66 | episode_agent_samples=172 | mean_reward=73.743 | success=4/5 | collision=1/5 | mean_final_distance=0.589 | mean_progress=0.0158 | min_laser=0.300 | mean_lin=0.845 | mean_ang=-0.469 | mean_robot_dist=0.510 | raw_reward=-20.490 | adjusted_reward=-20.490 | coop_agents=0/5 | mean_coop_neighbors=0.00 | active_neighbor_step_rate=0.657 | mean_active_neighbors_step=1.331 | max_active_neighbors_step=4 | interaction_reward=0.0000 | abs_interaction_reward=0.0000 | anti_stag_reward=0.0000 | abs_anti_stag_reward=0.0000 | wall_clear_reward=0.0000 | abs_wall_clear_reward=0.0000 | local_nav_reward=0.0000 | abs_local_nav_reward=0.0000 | context_neighbors_mean=1.34 | context_neighbors_max=4 | last_context_neighbors_mean=0.00 | last_context_neighbors_max=0 | actor_unlocked=1 | expl_noise=0.0728 | replay=27715 | interaction_replay=11335 | samples/sec=7.343
Episode 332 complete | agent_samples=27768 | env_steps=11520 | episode_env_steps=12 | episode_agent_samples=53 | mean_reward=34.161 | success=3/5 | collision=2/5 | mean_final_distance=0.407 | mean_progress=0.0185 | min_laser=0.300 | mean_lin=0.985 | mean_ang=0.191 | mean_robot_dist=1.525 | raw_reward=20.000 | adjusted_reward=20.000 | coop_agents=0/5 | mean_coop_neighbors=0.00 | active_neighbor_step_rate=0.755 | mean_active_neighbors_step=2.038 | max_active_neighbors_step=4 | interaction_reward=0.0000 | abs_interaction_reward=0.0000 | anti_stag_reward=0.0000 | abs_anti_stag_reward=0.0000 | wall_clear_reward=0.0000 | abs_wall_clear_reward=0.0000 | local_nav_reward=0.0000 | abs_local_nav_reward=0.0000 | context_neighbors_mean=2.11 | context_neighbors_max=4 | last_context_neighbors_mean=0.00 | last_context_neighbors_max=0 | actor_unlocked=1 | expl_noise=0.0728 | replay=27768 | interaction_replay=11375 | samples/sec=7.351
Episode 333 complete | agent_samples=27816 | env_steps=11533 | episode_env_steps=13 | episode_agent_samples=48 | mean_reward=69.608 | success=4/5 | collision=1/5 | mean_final_distance=0.325 | mean_progress=0.0187 | min_laser=0.312 | mean_lin=1.000 | mean_ang=0.301 | mean_robot_dist=1.964 | raw_reward=20.000 | adjusted_reward=20.000 | coop_agents=0/5 | mean_coop_neighbors=0.00 | active_neighbor_step_rate=0.854 | mean_active_neighbors_step=1.771 | max_active_neighbors_step=3 | interaction_reward=0.0000 | abs_interaction_reward=0.0000 | anti_stag_reward=0.0000 | abs_anti_stag_reward=0.0000 | wall_clear_reward=0.0000 | abs_wall_clear_reward=0.0000 | local_nav_reward=0.0000 | abs_local_nav_reward=0.0000 | context_neighbors_mean=1.88 | context_neighbors_max=3 | last_context_neighbors_mean=0.00 | last_context_neighbors_max=0 | actor_unlocked=1 | expl_noise=0.0728 | replay=27816 | interaction_replay=11410 | samples/sec=7.358
Episode 334 complete | agent_samples=27989 | env_steps=11627 | episode_env_steps=94 | episode_agent_samples=173 | mean_reward=34.688 | success=3/5 | collision=2/5 | mean_final_distance=0.561 | mean_progress=0.0112 | min_laser=0.300 | mean_lin=0.997 | mean_ang=0.211 | mean_robot_dist=2.740 | raw_reward=20.000 | adjusted_reward=20.000 | coop_agents=0/5 | mean_coop_neighbors=0.00 | active_neighbor_step_rate=0.370 | mean_active_neighbors_step=1.000 | max_active_neighbors_step=4 | interaction_reward=0.0000 | abs_interaction_reward=0.0000 | anti_stag_reward=0.0000 | abs_anti_stag_reward=0.0000 | wall_clear_reward=0.0000 | abs_wall_clear_reward=0.0000 | local_nav_reward=0.0000 | abs_local_nav_reward=0.0000 | context_neighbors_mean=1.02 | context_neighbors_max=4 | last_context_neighbors_mean=0.00 | last_context_neighbors_max=0 | actor_unlocked=1 | expl_noise=0.0727 | replay=27989 | interaction_replay=11453 | samples/sec=7.364
Episode 335 complete | agent_samples=28074 | env_steps=11667 | episode_env_steps=40 | episode_agent_samples=85 | mean_reward=25.180 | success=3/5 | collision=2/5 | mean_final_distance=0.531 | mean_progress=0.0066 | min_laser=0.300 | mean_lin=0.796 | mean_ang=0.174 | mean_robot_dist=1.124 | raw_reward=20.000 | adjusted_reward=20.000 | coop_agents=0/5 | mean_coop_neighbors=0.00 | active_neighbor_step_rate=0.565 | mean_active_neighbors_step=1.659 | max_active_neighbors_step=4 | interaction_reward=0.0000 | abs_interaction_reward=0.0000 | anti_stag_reward=0.0000 | abs_anti_stag_reward=0.0000 | wall_clear_reward=0.0000 | abs_wall_clear_reward=0.0000 | local_nav_reward=0.0000 | abs_local_nav_reward=0.0000 | context_neighbors_mean=1.69 | context_neighbors_max=4 | last_context_neighbors_mean=0.00 | last_context_neighbors_max=0 | actor_unlocked=1 | expl_noise=0.0727 | replay=28074 | interaction_replay=11502 | samples/sec=7.370
Status | epoch=2 | next_eval_in=11926 agent_samples | checkpoint_every=10 episodes | checkpoint=./checkpoints/interaction_safe_distance_from_5a_s20260725_latest.pt | model=interaction_safe_distance_from_5a_s20260725
Episode 336 complete | agent_samples=28127 | env_steps=11681 | episode_env_steps=14 | episode_agent_samples=53 | mean_reward=72.959 | success=4/5 | collision=1/5 | mean_final_distance=0.511 | mean_progress=0.0198 | min_laser=0.327 | mean_lin=0.996 | mean_ang=-0.085 | mean_robot_dist=1.991 | raw_reward=20.000 | adjusted_reward=20.000 | coop_agents=0/5 | mean_coop_neighbors=0.00 | active_neighbor_step_rate=0.887 | mean_active_neighbors_step=2.302 | max_active_neighbors_step=4 | interaction_reward=0.0000 | abs_interaction_reward=0.0000 | anti_stag_reward=0.0000 | abs_anti_stag_reward=0.0000 | wall_clear_reward=0.0000 | abs_wall_clear_reward=0.0000 | local_nav_reward=0.0000 | abs_local_nav_reward=0.0000 | context_neighbors_mean=2.43 | context_neighbors_max=4 | last_context_neighbors_mean=0.00 | last_context_neighbors_max=0 | actor_unlocked=1 | expl_noise=0.0727 | replay=28127 | interaction_replay=11547 | samples/sec=7.378
Episode 337 complete | agent_samples=28224 | env_steps=11726 | episode_env_steps=45 | episode_agent_samples=97 | mean_reward=82.219 | success=4/5 | collision=1/5 | mean_final_distance=0.619 | mean_progress=0.0074 | min_laser=0.336 | mean_lin=0.794 | mean_ang=-0.553 | mean_robot_dist=1.839 | raw_reward=20.000 | adjusted_reward=20.000 | coop_agents=0/5 | mean_coop_neighbors=0.00 | active_neighbor_step_rate=0.732 | mean_active_neighbors_step=1.691 | max_active_neighbors_step=4 | interaction_reward=0.0000 | abs_interaction_reward=0.0000 | anti_stag_reward=0.0000 | abs_anti_stag_reward=0.0000 | wall_clear_reward=0.0000 | abs_wall_clear_reward=0.0000 | local_nav_reward=0.0000 | abs_local_nav_reward=0.0000 | context_neighbors_mean=1.71 | context_neighbors_max=4 | last_context_neighbors_mean=0.00 | last_context_neighbors_max=0 | actor_unlocked=1 | expl_noise=0.0727 | replay=28224 | interaction_replay=11562 | samples/sec=7.384
Episode 338 complete | agent_samples=28302 | env_steps=11759 | episode_env_steps=33 | episode_agent_samples=78 | mean_reward=115.107 | success=5/5 | collision=0/5 | mean_final_distance=0.263 | mean_progress=0.0123 | min_laser=0.467 | mean_lin=0.977 | mean_ang=0.138 | mean_robot_dist=1.198 | raw_reward=20.000 | adjusted_reward=20.000 | coop_agents=0/5 | mean_coop_neighbors=0.00 | active_neighbor_step_rate=0.667 | mean_active_neighbors_step=1.603 | max_active_neighbors_step=4 | interaction_reward=0.0000 | abs_interaction_reward=0.0000 | anti_stag_reward=0.0000 | abs_anti_stag_reward=0.0000 | wall_clear_reward=0.0000 | abs_wall_clear_reward=0.0000 | local_nav_reward=0.0000 | abs_local_nav_reward=0.0000 | context_neighbors_mean=1.63 | context_neighbors_max=4 | last_context_neighbors_mean=0.00 | last_context_neighbors_max=0 | actor_unlocked=1 | expl_noise=0.0727 | replay=28302 | interaction_replay=11603 | samples/sec=7.391
Episode 339 complete | agent_samples=28353 | env_steps=11771 | episode_env_steps=12 | episode_agent_samples=51 | mean_reward=70.968 | success=4/5 | collision=1/5 | mean_final_distance=0.502 | mean_progress=0.0228 | min_laser=0.342 | mean_lin=0.784 | mean_ang=0.073 | mean_robot_dist=1.899 | raw_reward=20.000 | adjusted_reward=20.000 | coop_agents=0/5 | mean_coop_neighbors=0.00 | active_neighbor_step_rate=0.784 | mean_active_neighbors_step=2.176 | max_active_neighbors_step=4 | interaction_reward=0.0000 | abs_interaction_reward=0.0000 | anti_stag_reward=0.0000 | abs_anti_stag_reward=0.0000 | wall_clear_reward=0.0000 | abs_wall_clear_reward=0.0000 | local_nav_reward=0.0000 | abs_local_nav_reward=0.0000 | context_neighbors_mean=2.25 | context_neighbors_max=4 | last_context_neighbors_mean=0.00 | last_context_neighbors_max=0 | actor_unlocked=1 | expl_noise=0.0726 | replay=28353 | interaction_replay=11641 | samples/sec=7.399
Episode 340 complete | agent_samples=28402 | env_steps=11784 | episode_env_steps=13 | episode_agent_samples=49 | mean_reward=68.262 | success=4/5 | collision=1/5 | mean_final_distance=0.479 | mean_progress=0.0196 | min_laser=0.328 | mean_lin=0.999 | mean_ang=0.530 | mean_robot_dist=1.206 | raw_reward=20.000 | adjusted_reward=20.000 | coop_agents=0/5 | mean_coop_neighbors=0.00 | active_neighbor_step_rate=0.837 | mean_active_neighbors_step=2.082 | max_active_neighbors_step=4 | interaction_reward=0.0000 | abs_interaction_reward=0.0000 | anti_stag_reward=0.0000 | abs_anti_stag_reward=0.0000 | wall_clear_reward=0.0000 | abs_wall_clear_reward=0.0000 | local_nav_reward=0.0000 | abs_local_nav_reward=0.0000 | context_neighbors_mean=2.20 | context_neighbors_max=4 | last_context_neighbors_mean=0.00 | last_context_neighbors_max=0 | actor_unlocked=1 | expl_noise=0.0726 | replay=28402 | interaction_replay=11677 | samples/sec=7.406
Status | epoch=2 | next_eval_in=11598 agent_samples | checkpoint_every=10 episodes | checkpoint=./checkpoints/interaction_safe_distance_from_5a_s20260725_latest.pt | model=interaction_safe_distance_from_5a_s20260725
Checkpoint saved: ./checkpoints/interaction_safe_distance_from_5a_s20260725_latest.pt
Episode 341 complete | agent_samples=28552 | env_steps=11853 | episode_env_steps=69 | episode_agent_samples=150 | mean_reward=115.176 | success=5/5 | collision=0/5 | mean_final_distance=0.290 | mean_progress=0.0065 | min_laser=0.494 | mean_lin=1.000 | mean_ang=-0.199 | mean_robot_dist=1.411 | raw_reward=20.000 | adjusted_reward=20.000 | coop_agents=0/5 | mean_coop_neighbors=0.00 | active_neighbor_step_rate=0.493 | mean_active_neighbors_step=0.833 | max_active_neighbors_step=4 | interaction_reward=0.0000 | abs_interaction_reward=0.0000 | anti_stag_reward=0.0000 | abs_anti_stag_reward=0.0000 | wall_clear_reward=0.0000 | abs_wall_clear_reward=0.0000 | local_nav_reward=0.0000 | abs_local_nav_reward=0.0000 | context_neighbors_mean=0.87 | context_neighbors_max=4 | last_context_neighbors_mean=0.00 | last_context_neighbors_max=0 | actor_unlocked=1 | expl_noise=0.0726 | replay=28552 | interaction_replay=11715 | samples/sec=7.414
Episode 342 complete | agent_samples=28672 | env_steps=11919 | episode_env_steps=66 | episode_agent_samples=120 | mean_reward=104.686 | success=5/5 | collision=0/5 | mean_final_distance=0.263 | mean_progress=0.0015 | min_laser=0.532 | mean_lin=0.831 | mean_ang=0.426 | mean_robot_dist=1.200 | raw_reward=20.000 | adjusted_reward=20.000 | coop_agents=0/5 | mean_coop_neighbors=0.00 | active_neighbor_step_rate=0.300 | mean_active_neighbors_step=0.633 | max_active_neighbors_step=4 | interaction_reward=0.0000 | abs_interaction_reward=0.0000 | anti_stag_reward=0.0000 | abs_anti_stag_reward=0.0000 | wall_clear_reward=0.0000 | abs_wall_clear_reward=0.0000 | local_nav_reward=0.0000 | abs_local_nav_reward=0.0000 | context_neighbors_mean=0.65 | context_neighbors_max=4 | last_context_neighbors_mean=0.00 | last_context_neighbors_max=0 | actor_unlocked=1 | expl_noise=0.0726 | replay=28672 | interaction_replay=11738 | samples/sec=7.418
Episode 343 complete | agent_samples=28789 | env_steps=11961 | episode_env_steps=42 | episode_agent_samples=117 | mean_reward=79.536 | success=4/5 | collision=1/5 | mean_final_distance=0.606 | mean_progress=0.0087 | min_laser=0.345 | mean_lin=0.797 | mean_ang=-0.987 | mean_robot_dist=0.636 | raw_reward=19.636 | adjusted_reward=19.636 | coop_agents=0/5 | mean_coop_neighbors=0.00 | active_neighbor_step_rate=0.598 | mean_active_neighbors_step=1.188 | max_active_neighbors_step=4 | interaction_reward=0.0000 | abs_interaction_reward=0.0000 | anti_stag_reward=0.0000 | abs_anti_stag_reward=0.0000 | wall_clear_reward=0.0000 | abs_wall_clear_reward=0.0000 | local_nav_reward=0.0000 | abs_local_nav_reward=0.0000 | context_neighbors_mean=1.21 | context_neighbors_max=4 | last_context_neighbors_mean=0.00 | last_context_neighbors_max=0 | actor_unlocked=1 | expl_noise=0.0725 | replay=28789 | interaction_replay=11773 | samples/sec=7.431
Episode 344 complete | agent_samples=28849 | env_steps=11980 | episode_env_steps=19 | episode_agent_samples=60 | mean_reward=24.529 | success=3/5 | collision=2/5 | mean_final_distance=0.519 | mean_progress=0.0198 | min_laser=0.300 | mean_lin=1.000 | mean_ang=0.600 | mean_robot_dist=4.167 | raw_reward=20.000 | adjusted_reward=20.000 | coop_agents=0/5 | mean_coop_neighbors=0.00 | active_neighbor_step_rate=0.900 | mean_active_neighbors_step=2.033 | max_active_neighbors_step=4 | interaction_reward=0.0000 | abs_interaction_reward=0.0000 | anti_stag_reward=0.0000 | abs_anti_stag_reward=0.0000 | wall_clear_reward=0.0000 | abs_wall_clear_reward=0.0000 | local_nav_reward=0.0000 | abs_local_nav_reward=0.0000 | context_neighbors_mean=2.05 | context_neighbors_max=4 | last_context_neighbors_mean=0.00 | last_context_neighbors_max=0 | actor_unlocked=1 | expl_noise=0.0725 | replay=28849 | interaction_replay=11794 | samples/sec=7.438
Episode 345 complete | agent_samples=28942 | env_steps=12021 | episode_env_steps=41 | episode_agent_samples=93 | mean_reward=77.250 | success=4/5 | collision=1/5 | mean_final_distance=0.483 | mean_progress=0.0068 | min_laser=0.304 | mean_lin=0.992 | mean_ang=-0.915 | mean_robot_dist=2.100 | raw_reward=20.000 | adjusted_reward=20.000 | coop_agents=0/5 | mean_coop_neighbors=0.00 | active_neighbor_step_rate=0.452 | mean_active_neighbors_step=0.871 | max_active_neighbors_step=4 | interaction_reward=0.0000 | abs_interaction_reward=0.0000 | anti_stag_reward=0.0000 | abs_anti_stag_reward=0.0000 | wall_clear_reward=0.0000 | abs_wall_clear_reward=0.0000 | local_nav_reward=0.0000 | abs_local_nav_reward=0.0000 | context_neighbors_mean=0.86 | context_neighbors_max=4 | last_context_neighbors_mean=0.00 | last_context_neighbors_max=0 | actor_unlocked=1 | expl_noise=0.0725 | replay=28942 | interaction_replay=11828 | samples/sec=7.445
Status | epoch=2 | next_eval_in=11058 agent_samples | checkpoint_every=10 episodes | checkpoint=./checkpoints/interaction_safe_distance_from_5a_s20260725_latest.pt | model=interaction_safe_distance_from_5a_s20260725
Episode 346 complete | agent_samples=29014 | env_steps=12044 | episode_env_steps=23 | episode_agent_samples=72 | mean_reward=117.848 | success=5/5 | collision=0/5 | mean_final_distance=0.262 | mean_progress=0.0278 | min_laser=0.389 | mean_lin=0.956 | mean_ang=0.335 | mean_robot_dist=0.943 | raw_reward=19.943 | adjusted_reward=19.943 | coop_agents=0/5 | mean_coop_neighbors=0.00 | active_neighbor_step_rate=0.361 | mean_active_neighbors_step=0.750 | max_active_neighbors_step=4 | interaction_reward=0.0000 | abs_interaction_reward=0.0000 | anti_stag_reward=0.0000 | abs_anti_stag_reward=0.0000 | wall_clear_reward=0.0000 | abs_wall_clear_reward=0.0000 | local_nav_reward=0.0000 | abs_local_nav_reward=0.0000 | context_neighbors_mean=0.76 | context_neighbors_max=4 | last_context_neighbors_mean=0.00 | last_context_neighbors_max=0 | actor_unlocked=1 | expl_noise=0.0725 | replay=29014 | interaction_replay=11842 | samples/sec=7.454
Episode 347 complete | agent_samples=29097 | env_steps=12085 | episode_env_steps=41 | episode_agent_samples=83 | mean_reward=43.505 | success=3/5 | collision=2/5 | mean_final_distance=0.490 | mean_progress=0.0099 | min_laser=0.309 | mean_lin=0.811 | mean_ang=-0.688 | mean_robot_dist=2.424 | raw_reward=20.000 | adjusted_reward=20.000 | coop_agents=0/5 | mean_coop_neighbors=0.00 | active_neighbor_step_rate=0.578 | mean_active_neighbors_step=1.482 | max_active_neighbors_step=4 | interaction_reward=0.0000 | abs_interaction_reward=0.0000 | anti_stag_reward=0.0000 | abs_anti_stag_reward=0.0000 | wall_clear_reward=0.0000 | abs_wall_clear_reward=0.0000 | local_nav_reward=0.0000 | abs_local_nav_reward=0.0000 | context_neighbors_mean=1.53 | context_neighbors_max=4 | last_context_neighbors_mean=0.00 | last_context_neighbors_max=0 | actor_unlocked=1 | expl_noise=0.0724 | replay=29097 | interaction_replay=11858 | samples/sec=7.458
Episode 348 complete | agent_samples=29479 | env_steps=12385 | episode_env_steps=300 | episode_agent_samples=382 | mean_reward=81.118 | success=4/5 | collision=0/5 | mean_final_distance=0.621 | mean_progress=-0.0002 | min_laser=0.752 | mean_lin=0.797 | mean_ang=-0.330 | mean_robot_dist=2.357 | raw_reward=-0.062 | adjusted_reward=-0.062 | coop_agents=0/5 | mean_coop_neighbors=0.00 | active_neighbor_step_rate=0.209 | mean_active_neighbors_step=0.479 | max_active_neighbors_step=4 | interaction_reward=0.0000 | abs_interaction_reward=0.0000 | anti_stag_reward=0.0000 | abs_anti_stag_reward=0.0000 | wall_clear_reward=0.0000 | abs_wall_clear_reward=0.0000 | local_nav_reward=0.0000 | abs_local_nav_reward=0.0000 | context_neighbors_mean=0.50 | context_neighbors_max=4 | last_context_neighbors_mean=0.00 | last_context_neighbors_max=0 | actor_unlocked=1 | expl_noise=0.0723 | replay=29479 | interaction_replay=11869 | samples/sec=7.433
Episode 349 complete | agent_samples=29534 | env_steps=12402 | episode_env_steps=17 | episode_agent_samples=55 | mean_reward=115.851 | success=5/5 | collision=0/5 | mean_final_distance=0.264 | mean_progress=0.0212 | min_laser=0.395 | mean_lin=0.944 | mean_ang=0.056 | mean_robot_dist=0.835 | raw_reward=19.835 | adjusted_reward=19.835 | coop_agents=0/5 | mean_coop_neighbors=0.00 | active_neighbor_step_rate=0.636 | mean_active_neighbors_step=1.745 | max_active_neighbors_step=4 | interaction_reward=0.0000 | abs_interaction_reward=0.0000 | anti_stag_reward=0.0000 | abs_anti_stag_reward=0.0000 | wall_clear_reward=0.0000 | abs_wall_clear_reward=0.0000 | local_nav_reward=0.0000 | abs_local_nav_reward=0.0000 | context_neighbors_mean=1.80 | context_neighbors_max=4 | last_context_neighbors_mean=0.00 | last_context_neighbors_max=0 | actor_unlocked=1 | expl_noise=0.0722 | replay=29534 | interaction_replay=11903 | samples/sec=7.440
Episode 350 complete | agent_samples=29606 | env_steps=12421 | episode_env_steps=19 | episode_agent_samples=72 | mean_reward=122.222 | success=5/5 | collision=0/5 | mean_final_distance=0.248 | mean_progress=0.0335 | min_laser=0.631 | mean_lin=1.000 | mean_ang=0.212 | mean_robot_dist=1.654 | raw_reward=40.000 | adjusted_reward=40.000 | coop_agents=2/5 | mean_coop_neighbors=0.40 | active_neighbor_step_rate=0.861 | mean_active_neighbors_step=1.708 | max_active_neighbors_step=3 | interaction_reward=0.0000 | abs_interaction_reward=0.0000 | anti_stag_reward=0.0000 | abs_anti_stag_reward=0.0000 | wall_clear_reward=0.0000 | abs_wall_clear_reward=0.0000 | local_nav_reward=0.0000 | abs_local_nav_reward=0.0000 | context_neighbors_mean=1.75 | context_neighbors_max=4 | last_context_neighbors_mean=0.00 | last_context_neighbors_max=0 | actor_unlocked=1 | expl_noise=0.0722 | replay=29606 | interaction_replay=11929 | samples/sec=7.450
Status | epoch=2 | next_eval_in=10394 agent_samples | checkpoint_every=10 episodes | checkpoint=./checkpoints/interaction_safe_distance_from_5a_s20260725_latest.pt | model=interaction_safe_distance_from_5a_s20260725
Checkpoint saved: ./checkpoints/interaction_safe_distance_from_5a_s20260725_latest.pt
Episode 351 complete | agent_samples=29676 | env_steps=12453 | episode_env_steps=32 | episode_agent_samples=70 | mean_reward=62.118 | success=4/5 | collision=1/5 | mean_final_distance=0.449 | mean_progress=0.0021 | min_laser=0.331 | mean_lin=0.601 | mean_ang=-0.585 | mean_robot_dist=1.384 | raw_reward=20.000 | adjusted_reward=20.000 | coop_agents=0/5 | mean_coop_neighbors=0.00 | active_neighbor_step_rate=0.614 | mean_active_neighbors_step=1.471 | max_active_neighbors_step=4 | interaction_reward=0.0000 | abs_interaction_reward=0.0000 | anti_stag_reward=0.0000 | abs_anti_stag_reward=0.0000 | wall_clear_reward=0.0000 | abs_wall_clear_reward=0.0000 | local_nav_reward=0.0000 | abs_local_nav_reward=0.0000 | context_neighbors_mean=1.54 | context_neighbors_max=4 | last_context_neighbors_mean=0.00 | last_context_neighbors_max=0 | actor_unlocked=1 | expl_noise=0.0722 | replay=29676 | interaction_replay=11973 | samples/sec=7.453
Episode 352 complete | agent_samples=29780 | env_steps=12509 | episode_env_steps=56 | episode_agent_samples=104 | mean_reward=76.350 | success=4/5 | collision=1/5 | mean_final_distance=0.419 | mean_progress=0.0022 | min_laser=0.345 | mean_lin=0.464 | mean_ang=-0.960 | mean_robot_dist=0.914 | raw_reward=19.914 | adjusted_reward=19.914 | coop_agents=0/5 | mean_coop_neighbors=0.00 | active_neighbor_step_rate=0.462 | mean_active_neighbors_step=1.183 | max_active_neighbors_step=4 | interaction_reward=0.0000 | abs_interaction_reward=0.0000 | anti_stag_reward=0.0000 | abs_anti_stag_reward=0.0000 | wall_clear_reward=0.0000 | abs_wall_clear_reward=0.0000 | local_nav_reward=0.0000 | abs_local_nav_reward=0.0000 | context_neighbors_mean=1.18 | context_neighbors_max=4 | last_context_neighbors_mean=0.00 | last_context_neighbors_max=0 | actor_unlocked=1 | expl_noise=0.0722 | replay=29780 | interaction_replay=11980 | samples/sec=7.457
Episode 353 complete | agent_samples=29851 | env_steps=12530 | episode_env_steps=21 | episode_agent_samples=71 | mean_reward=44.149 | success=3/5 | collision=2/5 | mean_final_distance=0.517 | mean_progress=0.0257 | min_laser=0.330 | mean_lin=1.000 | mean_ang=0.161 | mean_robot_dist=1.159 | raw_reward=20.000 | adjusted_reward=20.000 | coop_agents=0/5 | mean_coop_neighbors=0.00 | active_neighbor_step_rate=0.831 | mean_active_neighbors_step=2.268 | max_active_neighbors_step=4 | interaction_reward=0.0000 | abs_interaction_reward=0.0000 | anti_stag_reward=0.0000 | abs_anti_stag_reward=0.0000 | wall_clear_reward=0.0000 | abs_wall_clear_reward=0.0000 | local_nav_reward=0.0000 | abs_local_nav_reward=0.0000 | context_neighbors_mean=2.27 | context_neighbors_max=4 | last_context_neighbors_mean=0.00 | last_context_neighbors_max=0 | actor_unlocked=1 | expl_noise=0.0722 | replay=29851 | interaction_replay=12010 | samples/sec=7.466
Episode 354 complete | agent_samples=29936 | env_steps=12566 | episode_env_steps=36 | episode_agent_samples=85 | mean_reward=38.677 | success=3/5 | collision=2/5 | mean_final_distance=0.445 | mean_progress=0.0090 | min_laser=0.300 | mean_lin=0.588 | mean_ang=-0.707 | mean_robot_dist=1.764 | raw_reward=20.000 | adjusted_reward=20.000 | coop_agents=0/5 | mean_coop_neighbors=0.00 | active_neighbor_step_rate=0.576 | mean_active_neighbors_step=1.165 | max_active_neighbors_step=4 | interaction_reward=0.0000 | abs_interaction_reward=0.0000 | anti_stag_reward=0.0000 | abs_anti_stag_reward=0.0000 | wall_clear_reward=0.0000 | abs_wall_clear_reward=0.0000 | local_nav_reward=0.0000 | abs_local_nav_reward=0.0000 | context_neighbors_mean=1.21 | context_neighbors_max=4 | last_context_neighbors_mean=0.00 | last_context_neighbors_max=0 | actor_unlocked=1 | expl_noise=0.0721 | replay=29936 | interaction_replay=12052 | samples/sec=7.472
Episode 355 complete | agent_samples=29978 | env_steps=12575 | episode_env_steps=9 | episode_agent_samples=42 | mean_reward=15.426 | success=3/5 | collision=2/5 | mean_final_distance=0.531 | mean_progress=0.0662 | min_laser=0.300 | mean_lin=0.999 | mean_ang=0.624 | mean_robot_dist=0.703 | raw_reward=-21.014 | adjusted_reward=-29.116 | coop_agents=3/5 | mean_coop_neighbors=0.80 | active_neighbor_step_rate=1.000 | mean_active_neighbors_step=2.810 | max_active_neighbors_step=4 | interaction_reward=0.0000 | abs_interaction_reward=0.0000 | anti_stag_reward=0.0000 | abs_anti_stag_reward=0.0000 | wall_clear_reward=0.0000 | abs_wall_clear_reward=0.0000 | local_nav_reward=0.0000 | abs_local_nav_reward=0.0000 | context_neighbors_mean=2.83 | context_neighbors_max=4 | last_context_neighbors_mean=0.00 | last_context_neighbors_max=0 | actor_unlocked=1 | expl_noise=0.0721 | replay=29978 | interaction_replay=12094 | samples/sec=7.479
Status | epoch=2 | next_eval_in=10022 agent_samples | checkpoint_every=10 episodes | checkpoint=./checkpoints/interaction_safe_distance_from_5a_s20260725_latest.pt | model=interaction_safe_distance_from_5a_s20260725
Episode 356 complete | agent_samples=30028 | env_steps=12595 | episode_env_steps=20 | episode_agent_samples=50 | mean_reward=113.491 | success=5/5 | collision=0/5 | mean_final_distance=0.275 | mean_progress=0.0137 | min_laser=0.594 | mean_lin=0.991 | mean_ang=0.207 | mean_robot_dist=0.822 | raw_reward=19.822 | adjusted_reward=19.822 | coop_agents=0/5 | mean_coop_neighbors=0.00 | active_neighbor_step_rate=0.660 | mean_active_neighbors_step=1.660 | max_active_neighbors_step=4 | interaction_reward=0.0000 | abs_interaction_reward=0.0000 | anti_stag_reward=0.0000 | abs_anti_stag_reward=0.0000 | wall_clear_reward=0.0000 | abs_wall_clear_reward=0.0000 | local_nav_reward=0.0000 | abs_local_nav_reward=0.0000 | context_neighbors_mean=1.78 | context_neighbors_max=4 | last_context_neighbors_mean=0.00 | last_context_neighbors_max=0 | actor_unlocked=1 | expl_noise=0.0721 | replay=30028 | interaction_replay=12124 | samples/sec=7.483
Episode 357 complete | agent_samples=30112 | env_steps=12639 | episode_env_steps=44 | episode_agent_samples=84 | mean_reward=62.607 | success=4/5 | collision=1/5 | mean_final_distance=0.469 | mean_progress=0.0059 | min_laser=0.347 | mean_lin=0.800 | mean_ang=-0.280 | mean_robot_dist=0.862 | raw_reward=19.862 | adjusted_reward=19.862 | coop_agents=0/5 | mean_coop_neighbors=0.00 | active_neighbor_step_rate=0.560 | mean_active_neighbors_step=1.321 | max_active_neighbors_step=4 | interaction_reward=0.0000 | abs_interaction_reward=0.0000 | anti_stag_reward=0.0000 | abs_anti_stag_reward=0.0000 | wall_clear_reward=0.0000 | abs_wall_clear_reward=0.0000 | local_nav_reward=0.0000 | abs_local_nav_reward=0.0000 | context_neighbors_mean=1.38 | context_neighbors_max=4 | last_context_neighbors_mean=0.00 | last_context_neighbors_max=0 | actor_unlocked=1 | expl_noise=0.0721 | replay=30112 | interaction_replay=12169 | samples/sec=7.486
Episode 358 complete | agent_samples=30190 | env_steps=12667 | episode_env_steps=28 | episode_agent_samples=78 | mean_reward=28.766 | success=3/5 | collision=2/5 | mean_final_distance=0.542 | mean_progress=0.0103 | min_laser=0.300 | mean_lin=0.991 | mean_ang=0.167 | mean_robot_dist=1.414 | raw_reward=20.000 | adjusted_reward=20.000 | coop_agents=0/5 | mean_coop_neighbors=0.00 | active_neighbor_step_rate=0.744 | mean_active_neighbors_step=1.859 | max_active_neighbors_step=4 | interaction_reward=0.0000 | abs_interaction_reward=0.0000 | anti_stag_reward=0.0000 | abs_anti_stag_reward=0.0000 | wall_clear_reward=0.0000 | abs_wall_clear_reward=0.0000 | local_nav_reward=0.0000 | abs_local_nav_reward=0.0000 | context_neighbors_mean=1.88 | context_neighbors_max=4 | last_context_neighbors_mean=0.00 | last_context_neighbors_max=0 | actor_unlocked=1 | expl_noise=0.0721 | replay=30190 | interaction_replay=12201 | samples/sec=7.494
Episode 359 complete | agent_samples=30287 | env_steps=12696 | episode_env_steps=29 | episode_agent_samples=97 | mean_reward=123.114 | success=5/5 | collision=0/5 | mean_final_distance=0.261 | mean_progress=0.0250 | min_laser=0.403 | mean_lin=1.000 | mean_ang=-0.058 | mean_robot_dist=0.994 | raw_reward=39.986 | adjusted_reward=39.983 | coop_agents=1/5 | mean_coop_neighbors=0.20 | active_neighbor_step_rate=0.938 | mean_active_neighbors_step=2.134 | max_active_neighbors_step=4 | interaction_reward=0.0000 | abs_interaction_reward=0.0000 | anti_stag_reward=0.0000 | abs_anti_stag_reward=0.0000 | wall_clear_reward=0.0000 | abs_wall_clear_reward=0.0000 | local_nav_reward=0.0000 | abs_local_nav_reward=0.0000 | context_neighbors_mean=2.16 | context_neighbors_max=4 | last_context_neighbors_mean=0.00 | last_context_neighbors_max=0 | actor_unlocked=1 | expl_noise=0.0721 | replay=30287 | interaction_replay=12229 | samples/sec=7.506
Episode 360 complete | agent_samples=30381 | env_steps=12742 | episode_env_steps=46 | episode_agent_samples=94 | mean_reward=36.911 | success=3/5 | collision=2/5 | mean_final_distance=0.477 | mean_progress=0.0235 | min_laser=0.300 | mean_lin=0.607 | mean_ang=-0.237 | mean_robot_dist=1.177 | raw_reward=20.000 | adjusted_reward=20.000 | coop_agents=0/5 | mean_coop_neighbors=0.00 | active_neighbor_step_rate=0.511 | mean_active_neighbors_step=1.372 | max_active_neighbors_step=4 | interaction_reward=0.0000 | abs_interaction_reward=0.0000 | anti_stag_reward=0.0000 | abs_anti_stag_reward=0.0000 | wall_clear_reward=0.0000 | abs_wall_clear_reward=0.0000 | local_nav_reward=0.0000 | abs_local_nav_reward=0.0000 | context_neighbors_mean=1.39 | context_neighbors_max=4 | last_context_neighbors_mean=0.00 | last_context_neighbors_max=0 | actor_unlocked=1 | expl_noise=0.0720 | replay=30381 | interaction_replay=12252 | samples/sec=7.511
Status | epoch=2 | next_eval_in=9619 agent_samples | checkpoint_every=10 episodes | checkpoint=./checkpoints/interaction_safe_distance_from_5a_s20260725_latest.pt | model=interaction_safe_distance_from_5a_s20260725
Checkpoint saved: ./checkpoints/interaction_safe_distance_from_5a_s20260725_latest.pt
Episode 361 complete | agent_samples=30439 | env_steps=12760 | episode_env_steps=18 | episode_agent_samples=58 | mean_reward=78.877 | success=4/5 | collision=1/5 | mean_final_distance=0.586 | mean_progress=0.0205 | min_laser=0.319 | mean_lin=0.813 | mean_ang=0.200 | mean_robot_dist=1.695 | raw_reward=20.000 | adjusted_reward=20.000 | coop_agents=0/5 | mean_coop_neighbors=0.00 | active_neighbor_step_rate=0.690 | mean_active_neighbors_step=1.259 | max_active_neighbors_step=4 | interaction_reward=0.0000 | abs_interaction_reward=0.0000 | anti_stag_reward=0.0000 | abs_anti_stag_reward=0.0000 | wall_clear_reward=0.0000 | abs_wall_clear_reward=0.0000 | local_nav_reward=0.0000 | abs_local_nav_reward=0.0000 | context_neighbors_mean=1.28 | context_neighbors_max=4 | last_context_neighbors_mean=0.00 | last_context_neighbors_max=0 | actor_unlocked=1 | expl_noise=0.0720 | replay=30439 | interaction_replay=12272 | samples/sec=7.517
Episode 362 complete | agent_samples=30497 | env_steps=12779 | episode_env_steps=19 | episode_agent_samples=58 | mean_reward=-7.205 | success=2/5 | collision=3/5 | mean_final_distance=0.788 | mean_progress=0.0082 | min_laser=0.300 | mean_lin=0.775 | mean_ang=0.195 | mean_robot_dist=1.352 | raw_reward=20.000 | adjusted_reward=20.000 | coop_agents=0/5 | mean_coop_neighbors=0.00 | active_neighbor_step_rate=0.897 | mean_active_neighbors_step=2.017 | max_active_neighbors_step=4 | interaction_reward=0.0000 | abs_interaction_reward=0.0000 | anti_stag_reward=0.0000 | abs_anti_stag_reward=0.0000 | wall_clear_reward=0.0000 | abs_wall_clear_reward=0.0000 | local_nav_reward=0.0000 | abs_local_nav_reward=0.0000 | context_neighbors_mean=2.10 | context_neighbors_max=4 | last_context_neighbors_mean=0.00 | last_context_neighbors_max=0 | actor_unlocked=1 | expl_noise=0.0720 | replay=30497 | interaction_replay=12319 | samples/sec=7.523
Episode 363 complete | agent_samples=30653 | env_steps=12833 | episode_env_steps=54 | episode_agent_samples=156 | mean_reward=114.368 | success=5/5 | collision=0/5 | mean_final_distance=0.269 | mean_progress=0.0055 | min_laser=0.476 | mean_lin=0.926 | mean_ang=0.074 | mean_robot_dist=1.778 | raw_reward=20.000 | adjusted_reward=20.000 | coop_agents=0/5 | mean_coop_neighbors=0.00 | active_neighbor_step_rate=0.545 | mean_active_neighbors_step=1.090 | max_active_neighbors_step=4 | interaction_reward=0.0000 | abs_interaction_reward=0.0000 | anti_stag_reward=0.0000 | abs_anti_stag_reward=0.0000 | wall_clear_reward=0.0000 | abs_wall_clear_reward=0.0000 | local_nav_reward=0.0000 | abs_local_nav_reward=0.0000 | context_neighbors_mean=1.12 | context_neighbors_max=4 | last_context_neighbors_mean=0.00 | last_context_neighbors_max=0 | actor_unlocked=1 | expl_noise=0.0720 | replay=30653 | interaction_replay=12383 | samples/sec=7.540
Episode 364 complete | agent_samples=30729 | env_steps=12860 | episode_env_steps=27 | episode_agent_samples=76 | mean_reward=124.628 | success=5/5 | collision=0/5 | mean_final_distance=0.265 | mean_progress=0.0009 | min_laser=0.589 | mean_lin=0.996 | mean_ang=0.572 | mean_robot_dist=1.593 | raw_reward=20.000 | adjusted_reward=20.000 | coop_agents=0/5 | mean_coop_neighbors=0.00 | active_neighbor_step_rate=0.724 | mean_active_neighbors_step=1.382 | max_active_neighbors_step=4 | interaction_reward=0.0000 | abs_interaction_reward=0.0000 | anti_stag_reward=0.0000 | abs_anti_stag_reward=0.0000 | wall_clear_reward=0.0000 | abs_wall_clear_reward=0.0000 | local_nav_reward=0.0000 | abs_local_nav_reward=0.0000 | context_neighbors_mean=1.46 | context_neighbors_max=4 | last_context_neighbors_mean=0.00 | last_context_neighbors_max=0 | actor_unlocked=1 | expl_noise=0.0720 | replay=30729 | interaction_replay=12438 | samples/sec=7.547
Episode 365 complete | agent_samples=30829 | env_steps=12890 | episode_env_steps=30 | episode_agent_samples=100 | mean_reward=103.153 | success=5/5 | collision=0/5 | mean_final_distance=0.279 | mean_progress=0.0113 | min_laser=0.415 | mean_lin=0.980 | mean_ang=-0.214 | mean_robot_dist=0.713 | raw_reward=19.713 | adjusted_reward=19.713 | coop_agents=0/5 | mean_coop_neighbors=0.00 | active_neighbor_step_rate=0.820 | mean_active_neighbors_step=2.090 | max_active_neighbors_step=4 | interaction_reward=0.0000 | abs_interaction_reward=0.0000 | anti_stag_reward=0.0000 | abs_anti_stag_reward=0.0000 | wall_clear_reward=0.0000 | abs_wall_clear_reward=0.0000 | local_nav_reward=0.0000 | abs_local_nav_reward=0.0000 | context_neighbors_mean=2.12 | context_neighbors_max=4 | last_context_neighbors_mean=0.00 | last_context_neighbors_max=0 | actor_unlocked=1 | expl_noise=0.0719 | replay=30829 | interaction_replay=12487 | samples/sec=7.560
Status | epoch=2 | next_eval_in=9171 agent_samples | checkpoint_every=10 episodes | checkpoint=./checkpoints/interaction_safe_distance_from_5a_s20260725_latest.pt | model=interaction_safe_distance_from_5a_s20260725
Episode 366 complete | agent_samples=30899 | env_steps=12919 | episode_env_steps=29 | episode_agent_samples=70 | mean_reward=130.052 | success=5/5 | collision=0/5 | mean_final_distance=0.256 | mean_progress=0.0077 | min_laser=0.592 | mean_lin=1.000 | mean_ang=-0.198 | mean_robot_dist=2.375 | raw_reward=20.000 | adjusted_reward=20.000 | coop_agents=0/5 | mean_coop_neighbors=0.00 | active_neighbor_step_rate=0.700 | mean_active_neighbors_step=1.471 | max_active_neighbors_step=4 | interaction_reward=0.0000 | abs_interaction_reward=0.0000 | anti_stag_reward=0.0000 | abs_anti_stag_reward=0.0000 | wall_clear_reward=0.0000 | abs_wall_clear_reward=0.0000 | local_nav_reward=0.0000 | abs_local_nav_reward=0.0000 | context_neighbors_mean=1.57 | context_neighbors_max=4 | last_context_neighbors_mean=0.00 | last_context_neighbors_max=0 | actor_unlocked=1 | expl_noise=0.0719 | replay=30899 | interaction_replay=12533 | samples/sec=7.565
Episode 367 complete | agent_samples=30975 | env_steps=12942 | episode_env_steps=23 | episode_agent_samples=76 | mean_reward=91.727 | success=4/5 | collision=1/5 | mean_final_distance=0.355 | mean_progress=0.0217 | min_laser=0.349 | mean_lin=0.801 | mean_ang=-0.239 | mean_robot_dist=1.041 | raw_reward=20.000 | adjusted_reward=20.000 | coop_agents=0/5 | mean_coop_neighbors=0.00 | active_neighbor_step_rate=0.618 | mean_active_neighbors_step=1.316 | max_active_neighbors_step=4 | interaction_reward=0.0000 | abs_interaction_reward=0.0000 | anti_stag_reward=0.0000 | abs_anti_stag_reward=0.0000 | wall_clear_reward=0.0000 | abs_wall_clear_reward=0.0000 | local_nav_reward=0.0000 | abs_local_nav_reward=0.0000 | context_neighbors_mean=1.38 | context_neighbors_max=4 | last_context_neighbors_mean=0.00 | last_context_neighbors_max=0 | actor_unlocked=1 | expl_noise=0.0719 | replay=30975 | interaction_replay=12562 | samples/sec=7.575
Episode 368 complete | agent_samples=31039 | env_steps=12974 | episode_env_steps=32 | episode_agent_samples=64 | mean_reward=18.295 | success=3/5 | collision=2/5 | mean_final_distance=0.548 | mean_progress=0.0075 | min_laser=0.301 | mean_lin=0.794 | mean_ang=-0.182 | mean_robot_dist=1.563 | raw_reward=20.000 | adjusted_reward=20.000 | coop_agents=0/5 | mean_coop_neighbors=0.00 | active_neighbor_step_rate=0.594 | mean_active_neighbors_step=1.375 | max_active_neighbors_step=4 | interaction_reward=0.0000 | abs_interaction_reward=0.0000 | anti_stag_reward=0.0000 | abs_anti_stag_reward=0.0000 | wall_clear_reward=0.0000 | abs_wall_clear_reward=0.0000 | local_nav_reward=0.0000 | abs_local_nav_reward=0.0000 | context_neighbors_mean=1.39 | context_neighbors_max=4 | last_context_neighbors_mean=0.00 | last_context_neighbors_max=0 | actor_unlocked=1 | expl_noise=0.0719 | replay=31039 | interaction_replay=12600 | samples/sec=7.577
Episode 369 complete | agent_samples=31081 | env_steps=12984 | episode_env_steps=10 | episode_agent_samples=42 | mean_reward=24.044 | success=3/5 | collision=2/5 | mean_final_distance=0.504 | mean_progress=0.0631 | min_laser=0.300 | mean_lin=0.826 | mean_ang=-0.374 | mean_robot_dist=1.033 | raw_reward=59.959 | adjusted_reward=59.963 | coop_agents=2/5 | mean_coop_neighbors=0.80 | active_neighbor_step_rate=0.976 | mean_active_neighbors_step=2.524 | max_active_neighbors_step=4 | interaction_reward=0.0000 | abs_interaction_reward=0.0000 | anti_stag_reward=0.0000 | abs_anti_stag_reward=0.0000 | wall_clear_reward=0.0000 | abs_wall_clear_reward=0.0000 | local_nav_reward=0.0000 | abs_local_nav_reward=0.0000 | context_neighbors_mean=2.55 | context_neighbors_max=4 | last_context_neighbors_mean=0.00 | last_context_neighbors_max=0 | actor_unlocked=1 | expl_noise=0.0719 | replay=31081 | interaction_replay=12642 | samples/sec=7.583
Episode 370 complete | agent_samples=31188 | env_steps=13021 | episode_env_steps=37 | episode_agent_samples=107 | mean_reward=126.058 | success=5/5 | collision=0/5 | mean_final_distance=0.254 | mean_progress=0.0241 | min_laser=0.399 | mean_lin=0.999 | mean_ang=-0.557 | mean_robot_dist=1.799 | raw_reward=20.000 | adjusted_reward=20.000 | coop_agents=0/5 | mean_coop_neighbors=0.00 | active_neighbor_step_rate=0.589 | mean_active_neighbors_step=1.019 | max_active_neighbors_step=4 | interaction_reward=0.0000 | abs_interaction_reward=0.0000 | anti_stag_reward=0.0000 | abs_anti_stag_reward=0.0000 | wall_clear_reward=0.0000 | abs_wall_clear_reward=0.0000 | local_nav_reward=0.0000 | abs_local_nav_reward=0.0000 | context_neighbors_mean=1.05 | context_neighbors_max=4 | last_context_neighbors_mean=0.00 | last_context_neighbors_max=0 | actor_unlocked=1 | expl_noise=0.0719 | replay=31188 | interaction_replay=12664 | samples/sec=7.594
Status | epoch=2 | next_eval_in=8812 agent_samples | checkpoint_every=10 episodes | checkpoint=./checkpoints/interaction_safe_distance_from_5a_s20260725_latest.pt | model=interaction_safe_distance_from_5a_s20260725
Checkpoint saved: ./checkpoints/interaction_safe_distance_from_5a_s20260725_latest.pt
Episode 371 complete | agent_samples=31238 | env_steps=13035 | episode_env_steps=14 | episode_agent_samples=50 | mean_reward=30.931 | success=3/5 | collision=2/5 | mean_final_distance=0.483 | mean_progress=0.0191 | min_laser=0.308 | mean_lin=0.948 | mean_ang=0.595 | mean_robot_dist=2.050 | raw_reward=20.000 | adjusted_reward=20.000 | coop_agents=0/5 | mean_coop_neighbors=0.00 | active_neighbor_step_rate=0.700 | mean_active_neighbors_step=1.880 | max_active_neighbors_step=4 | interaction_reward=0.0000 | abs_interaction_reward=0.0000 | anti_stag_reward=0.0000 | abs_anti_stag_reward=0.0000 | wall_clear_reward=0.0000 | abs_wall_clear_reward=0.0000 | local_nav_reward=0.0000 | abs_local_nav_reward=0.0000 | context_neighbors_mean=1.96 | context_neighbors_max=4 | last_context_neighbors_mean=0.00 | last_context_neighbors_max=0 | actor_unlocked=1 | expl_noise=0.0719 | replay=31238 | interaction_replay=12692 | samples/sec=7.599
Episode 372 complete | agent_samples=31301 | env_steps=13068 | episode_env_steps=33 | episode_agent_samples=63 | mean_reward=17.260 | success=3/5 | collision=2/5 | mean_final_distance=0.287 | mean_progress=0.0109 | min_laser=0.301 | mean_lin=1.000 | mean_ang=-0.558 | mean_robot_dist=1.244 | raw_reward=20.000 | adjusted_reward=20.000 | coop_agents=0/5 | mean_coop_neighbors=0.00 | active_neighbor_step_rate=0.603 | mean_active_neighbors_step=1.413 | max_active_neighbors_step=4 | interaction_reward=0.0000 | abs_interaction_reward=0.0000 | anti_stag_reward=0.0000 | abs_anti_stag_reward=0.0000 | wall_clear_reward=0.0000 | abs_wall_clear_reward=0.0000 | local_nav_reward=0.0000 | abs_local_nav_reward=0.0000 | context_neighbors_mean=1.46 | context_neighbors_max=4 | last_context_neighbors_mean=0.00 | last_context_neighbors_max=0 | actor_unlocked=1 | expl_noise=0.0718 | replay=31301 | interaction_replay=12730 | samples/sec=7.601
Episode 373 complete | agent_samples=31358 | env_steps=13084 | episode_env_steps=16 | episode_agent_samples=57 | mean_reward=119.355 | success=5/5 | collision=0/5 | mean_final_distance=0.227 | mean_progress=0.0205 | min_laser=0.415 | mean_lin=1.000 | mean_ang=0.996 | mean_robot_dist=1.658 | raw_reward=20.000 | adjusted_reward=20.000 | coop_agents=0/5 | mean_coop_neighbors=0.00 | active_neighbor_step_rate=0.754 | mean_active_neighbors_step=1.719 | max_active_neighbors_step=4 | interaction_reward=0.0000 | abs_interaction_reward=0.0000 | anti_stag_reward=0.0000 | abs_anti_stag_reward=0.0000 | wall_clear_reward=0.0000 | abs_wall_clear_reward=0.0000 | local_nav_reward=0.0000 | abs_local_nav_reward=0.0000 | context_neighbors_mean=1.82 | context_neighbors_max=4 | last_context_neighbors_mean=0.00 | last_context_neighbors_max=0 | actor_unlocked=1 | expl_noise=0.0718 | replay=31358 | interaction_replay=12772 | samples/sec=7.609
Episode 374 complete | agent_samples=31483 | env_steps=13160 | episode_env_steps=76 | episode_agent_samples=125 | mean_reward=76.807 | success=4/5 | collision=1/5 | mean_final_distance=0.535 | mean_progress=0.0229 | min_laser=0.300 | mean_lin=1.000 | mean_ang=0.586 | mean_robot_dist=1.925 | raw_reward=20.000 | adjusted_reward=20.000 | coop_agents=0/5 | mean_coop_neighbors=0.00 | active_neighbor_step_rate=0.504 | mean_active_neighbors_step=1.136 | max_active_neighbors_step=4 | interaction_reward=0.0000 | abs_interaction_reward=0.0000 | anti_stag_reward=0.0000 | abs_anti_stag_reward=0.0000 | wall_clear_reward=0.0000 | abs_wall_clear_reward=0.0000 | local_nav_reward=0.0000 | abs_local_nav_reward=0.0000 | context_neighbors_mean=1.16 | context_neighbors_max=4 | last_context_neighbors_mean=0.00 | last_context_neighbors_max=0 | actor_unlocked=1 | expl_noise=0.0718 | replay=31483 | interaction_replay=12772 | samples/sec=7.609
Episode 375 complete | agent_samples=31538 | env_steps=13183 | episode_env_steps=23 | episode_agent_samples=55 | mean_reward=16.670 | success=3/5 | collision=2/5 | mean_final_distance=0.836 | mean_progress=0.0086 | min_laser=0.301 | mean_lin=0.826 | mean_ang=-0.607 | mean_robot_dist=0.767 | raw_reward=19.767 | adjusted_reward=19.767 | coop_agents=0/5 | mean_coop_neighbors=0.00 | active_neighbor_step_rate=0.727 | mean_active_neighbors_step=2.018 | max_active_neighbors_step=4 | interaction_reward=0.0000 | abs_interaction_reward=0.0000 | anti_stag_reward=0.0000 | abs_anti_stag_reward=0.0000 | wall_clear_reward=0.0000 | abs_wall_clear_reward=0.0000 | local_nav_reward=0.0000 | abs_local_nav_reward=0.0000 | context_neighbors_mean=2.04 | context_neighbors_max=4 | last_context_neighbors_mean=0.00 | last_context_neighbors_max=0 | actor_unlocked=1 | expl_noise=0.0718 | replay=31538 | interaction_replay=12812 | samples/sec=7.613
Status | epoch=2 | next_eval_in=8462 agent_samples | checkpoint_every=10 episodes | checkpoint=./checkpoints/interaction_safe_distance_from_5a_s20260725_latest.pt | model=interaction_safe_distance_from_5a_s20260725
Episode 376 complete | agent_samples=31611 | env_steps=13211 | episode_env_steps=28 | episode_agent_samples=73 | mean_reward=121.988 | success=5/5 | collision=0/5 | mean_final_distance=0.256 | mean_progress=0.0077 | min_laser=0.552 | mean_lin=0.995 | mean_ang=-0.289 | mean_robot_dist=2.710 | raw_reward=20.000 | adjusted_reward=20.000 | coop_agents=0/5 | mean_coop_neighbors=0.00 | active_neighbor_step_rate=0.479 | mean_active_neighbors_step=1.014 | max_active_neighbors_step=4 | interaction_reward=0.0000 | abs_interaction_reward=0.0000 | anti_stag_reward=0.0000 | abs_anti_stag_reward=0.0000 | wall_clear_reward=0.0000 | abs_wall_clear_reward=0.0000 | local_nav_reward=0.0000 | abs_local_nav_reward=0.0000 | context_neighbors_mean=1.07 | context_neighbors_max=4 | last_context_neighbors_mean=0.00 | last_context_neighbors_max=0 | actor_unlocked=1 | expl_noise=0.0717 | replay=31611 | interaction_replay=12833 | samples/sec=7.619
Episode 377 complete | agent_samples=31699 | env_steps=13258 | episode_env_steps=47 | episode_agent_samples=88 | mean_reward=106.899 | success=5/5 | collision=0/5 | mean_final_distance=0.261 | mean_progress=0.0138 | min_laser=0.439 | mean_lin=1.000 | mean_ang=-0.080 | mean_robot_dist=1.090 | raw_reward=20.000 | adjusted_reward=20.000 | coop_agents=0/5 | mean_coop_neighbors=0.00 | active_neighbor_step_rate=0.523 | mean_active_neighbors_step=1.182 | max_active_neighbors_step=4 | interaction_reward=0.0000 | abs_interaction_reward=0.0000 | anti_stag_reward=0.0000 | abs_anti_stag_reward=0.0000 | wall_clear_reward=0.0000 | abs_wall_clear_reward=0.0000 | local_nav_reward=0.0000 | abs_local_nav_reward=0.0000 | context_neighbors_mean=1.25 | context_neighbors_max=4 | last_context_neighbors_mean=0.00 | last_context_neighbors_max=0 | actor_unlocked=1 | expl_noise=0.0717 | replay=31699 | interaction_replay=12879 | samples/sec=7.621
Episode 378 complete | agent_samples=31753 | env_steps=13275 | episode_env_steps=17 | episode_agent_samples=54 | mean_reward=66.405 | success=4/5 | collision=1/5 | mean_final_distance=0.580 | mean_progress=0.0062 | min_laser=0.346 | mean_lin=0.800 | mean_ang=-0.033 | mean_robot_dist=0.987 | raw_reward=19.987 | adjusted_reward=19.987 | coop_agents=0/5 | mean_coop_neighbors=0.00 | active_neighbor_step_rate=0.833 | mean_active_neighbors_step=2.537 | max_active_neighbors_step=4 | interaction_reward=0.0000 | abs_interaction_reward=0.0000 | anti_stag_reward=0.0000 | abs_anti_stag_reward=0.0000 | wall_clear_reward=0.0000 | abs_wall_clear_reward=0.0000 | local_nav_reward=0.0000 | abs_local_nav_reward=0.0000 | context_neighbors_mean=2.57 | context_neighbors_max=4 | last_context_neighbors_mean=0.00 | last_context_neighbors_max=0 | actor_unlocked=1 | expl_noise=0.0717 | replay=31753 | interaction_replay=12895 | samples/sec=7.627
Episode 379 complete | agent_samples=31869 | env_steps=13336 | episode_env_steps=61 | episode_agent_samples=116 | mean_reward=103.390 | success=5/5 | collision=0/5 | mean_final_distance=0.265 | mean_progress=0.0093 | min_laser=0.415 | mean_lin=0.604 | mean_ang=-0.624 | mean_robot_dist=0.868 | raw_reward=19.868 | adjusted_reward=19.868 | coop_agents=0/5 | mean_coop_neighbors=0.00 | active_neighbor_step_rate=0.526 | mean_active_neighbors_step=1.267 | max_active_neighbors_step=4 | interaction_reward=0.0000 | abs_interaction_reward=0.0000 | anti_stag_reward=0.0000 | abs_anti_stag_reward=0.0000 | wall_clear_reward=0.0000 | abs_wall_clear_reward=0.0000 | local_nav_reward=0.0000 | abs_local_nav_reward=0.0000 | context_neighbors_mean=1.31 | context_neighbors_max=4 | last_context_neighbors_mean=0.00 | last_context_neighbors_max=0 | actor_unlocked=1 | expl_noise=0.0717 | replay=31869 | interaction_replay=12937 | samples/sec=7.631
Episode 380 complete | agent_samples=31974 | env_steps=13377 | episode_env_steps=41 | episode_agent_samples=105 | mean_reward=82.695 | success=4/5 | collision=1/5 | mean_final_distance=0.295 | mean_progress=0.0090 | min_laser=0.339 | mean_lin=0.654 | mean_ang=-0.541 | mean_robot_dist=0.959 | raw_reward=19.959 | adjusted_reward=19.959 | coop_agents=0/5 | mean_coop_neighbors=0.00 | active_neighbor_step_rate=0.457 | mean_active_neighbors_step=1.038 | max_active_neighbors_step=4 | interaction_reward=0.0000 | abs_interaction_reward=0.0000 | anti_stag_reward=0.0000 | abs_anti_stag_reward=0.0000 | wall_clear_reward=0.0000 | abs_wall_clear_reward=0.0000 | local_nav_reward=0.0000 | abs_local_nav_reward=0.0000 | context_neighbors_mean=1.10 | context_neighbors_max=4 | last_context_neighbors_mean=0.00 | last_context_neighbors_max=0 | actor_unlocked=1 | expl_noise=0.0716 | replay=31974 | interaction_replay=12978 | samples/sec=7.640
Status | epoch=2 | next_eval_in=8026 agent_samples | checkpoint_every=10 episodes | checkpoint=./checkpoints/interaction_safe_distance_from_5a_s20260725_latest.pt | model=interaction_safe_distance_from_5a_s20260725
Checkpoint saved: ./checkpoints/interaction_safe_distance_from_5a_s20260725_latest.pt
Episode 381 complete | agent_samples=32033 | env_steps=13405 | episode_env_steps=28 | episode_agent_samples=59 | mean_reward=32.852 | success=3/5 | collision=2/5 | mean_final_distance=0.872 | mean_progress=0.0216 | min_laser=0.300 | mean_lin=0.630 | mean_ang=-0.994 | mean_robot_dist=0.902 | raw_reward=19.902 | adjusted_reward=19.902 | coop_agents=0/5 | mean_coop_neighbors=0.00 | active_neighbor_step_rate=0.610 | mean_active_neighbors_step=1.441 | max_active_neighbors_step=4 | interaction_reward=0.0000 | abs_interaction_reward=0.0000 | anti_stag_reward=0.0000 | abs_anti_stag_reward=0.0000 | wall_clear_reward=0.0000 | abs_wall_clear_reward=0.0000 | local_nav_reward=0.0000 | abs_local_nav_reward=0.0000 | context_neighbors_mean=1.42 | context_neighbors_max=4 | last_context_neighbors_mean=0.00 | last_context_neighbors_max=0 | actor_unlocked=1 | expl_noise=0.0716 | replay=32033 | interaction_replay=13015 | samples/sec=7.641
Episode 382 complete | agent_samples=32140 | env_steps=13474 | episode_env_steps=69 | episode_agent_samples=107 | mean_reward=32.974 | success=3/5 | collision=2/5 | mean_final_distance=0.620 | mean_progress=0.0010 | min_laser=0.300 | mean_lin=0.836 | mean_ang=-0.136 | mean_robot_dist=1.415 | raw_reward=20.000 | adjusted_reward=20.000 | coop_agents=0/5 | mean_coop_neighbors=0.00 | active_neighbor_step_rate=0.421 | mean_active_neighbors_step=1.103 | max_active_neighbors_step=4 | interaction_reward=0.0000 | abs_interaction_reward=0.0000 | anti_stag_reward=0.0000 | abs_anti_stag_reward=0.0000 | wall_clear_reward=0.0000 | abs_wall_clear_reward=0.0000 | local_nav_reward=0.0000 | abs_local_nav_reward=0.0000 | context_neighbors_mean=1.13 | context_neighbors_max=4 | last_context_neighbors_mean=0.00 | last_context_neighbors_max=0 | actor_unlocked=1 | expl_noise=0.0716 | replay=32140 | interaction_replay=13061 | samples/sec=7.639
Episode 383 complete | agent_samples=32264 | env_steps=13518 | episode_env_steps=44 | episode_agent_samples=124 | mean_reward=31.364 | success=3/5 | collision=2/5 | mean_final_distance=0.537 | mean_progress=0.0205 | min_laser=0.311 | mean_lin=0.597 | mean_ang=-0.200 | mean_robot_dist=3.128 | raw_reward=20.000 | adjusted_reward=20.000 | coop_agents=0/5 | mean_coop_neighbors=0.00 | active_neighbor_step_rate=0.823 | mean_active_neighbors_step=2.121 | max_active_neighbors_step=4 | interaction_reward=0.0000 | abs_interaction_reward=0.0000 | anti_stag_reward=0.0000 | abs_anti_stag_reward=0.0000 | wall_clear_reward=0.0000 | abs_wall_clear_reward=0.0000 | local_nav_reward=0.0000 | abs_local_nav_reward=0.0000 | context_neighbors_mean=2.15 | context_neighbors_max=4 | last_context_neighbors_mean=0.00 | last_context_neighbors_max=0 | actor_unlocked=1 | expl_noise=0.0716 | replay=32264 | interaction_replay=13116 | samples/sec=7.651
Episode 384 complete | agent_samples=32353 | env_steps=13554 | episode_env_steps=36 | episode_agent_samples=89 | mean_reward=105.293 | success=5/5 | collision=0/5 | mean_final_distance=0.270 | mean_progress=0.0147 | min_laser=0.600 | mean_lin=0.792 | mean_ang=0.073 | mean_robot_dist=1.710 | raw_reward=20.000 | adjusted_reward=20.000 | coop_agents=0/5 | mean_coop_neighbors=0.00 | active_neighbor_step_rate=0.584 | mean_active_neighbors_step=1.157 | max_active_neighbors_step=4 | interaction_reward=0.0000 | abs_interaction_reward=0.0000 | anti_stag_reward=0.0000 | abs_anti_stag_reward=0.0000 | wall_clear_reward=0.0000 | abs_wall_clear_reward=0.0000 | local_nav_reward=0.0000 | abs_local_nav_reward=0.0000 | context_neighbors_mean=1.20 | context_neighbors_max=4 | last_context_neighbors_mean=0.00 | last_context_neighbors_max=0 | actor_unlocked=1 | expl_noise=0.0715 | replay=32353 | interaction_replay=13158 | samples/sec=7.658
Episode 385 complete | agent_samples=32397 | env_steps=13565 | episode_env_steps=11 | episode_agent_samples=44 | mean_reward=107.499 | success=5/5 | collision=0/5 | mean_final_distance=0.242 | mean_progress=0.0232 | min_laser=0.665 | mean_lin=0.996 | mean_ang=-0.191 | mean_robot_dist=1.361 | raw_reward=20.000 | adjusted_reward=20.000 | coop_agents=0/5 | mean_coop_neighbors=0.00 | active_neighbor_step_rate=0.864 | mean_active_neighbors_step=2.091 | max_active_neighbors_step=4 | interaction_reward=0.0000 | abs_interaction_reward=0.0000 | anti_stag_reward=0.0000 | abs_anti_stag_reward=0.0000 | wall_clear_reward=0.0000 | abs_wall_clear_reward=0.0000 | local_nav_reward=0.0000 | abs_local_nav_reward=0.0000 | context_neighbors_mean=2.18 | context_neighbors_max=4 | last_context_neighbors_mean=0.00 | last_context_neighbors_max=0 | actor_unlocked=1 | expl_noise=0.0715 | replay=32397 | interaction_replay=13195 | samples/sec=7.664
Status | epoch=2 | next_eval_in=7603 agent_samples | checkpoint_every=10 episodes | checkpoint=./checkpoints/interaction_safe_distance_from_5a_s20260725_latest.pt | model=interaction_safe_distance_from_5a_s20260725
Episode 386 complete | agent_samples=32453 | env_steps=13585 | episode_env_steps=20 | episode_agent_samples=56 | mean_reward=30.052 | success=3/5 | collision=2/5 | mean_final_distance=0.662 | mean_progress=0.0274 | min_laser=0.300 | mean_lin=0.817 | mean_ang=0.194 | mean_robot_dist=1.799 | raw_reward=20.000 | adjusted_reward=20.000 | coop_agents=0/5 | mean_coop_neighbors=0.00 | active_neighbor_step_rate=0.536 | mean_active_neighbors_step=1.446 | max_active_neighbors_step=4 | interaction_reward=0.0000 | abs_interaction_reward=0.0000 | anti_stag_reward=0.0000 | abs_anti_stag_reward=0.0000 | wall_clear_reward=0.0000 | abs_wall_clear_reward=0.0000 | local_nav_reward=0.0000 | abs_local_nav_reward=0.0000 | context_neighbors_mean=1.48 | context_neighbors_max=4 | last_context_neighbors_mean=0.00 | last_context_neighbors_max=0 | actor_unlocked=1 | expl_noise=0.0715 | replay=32453 | interaction_replay=13212 | samples/sec=7.669
Episode 387 complete | agent_samples=32495 | env_steps=13595 | episode_env_steps=10 | episode_agent_samples=42 | mean_reward=22.179 | success=3/5 | collision=2/5 | mean_final_distance=0.623 | mean_progress=0.0103 | min_laser=0.300 | mean_lin=0.800 | mean_ang=-0.311 | mean_robot_dist=0.819 | raw_reward=19.819 | adjusted_reward=19.819 | coop_agents=0/5 | mean_coop_neighbors=0.00 | active_neighbor_step_rate=0.929 | mean_active_neighbors_step=2.405 | max_active_neighbors_step=4 | interaction_reward=0.0000 | abs_interaction_reward=0.0000 | anti_stag_reward=0.0000 | abs_anti_stag_reward=0.0000 | wall_clear_reward=0.0000 | abs_wall_clear_reward=0.0000 | local_nav_reward=0.0000 | abs_local_nav_reward=0.0000 | context_neighbors_mean=2.43 | context_neighbors_max=4 | last_context_neighbors_mean=0.00 | last_context_neighbors_max=0 | actor_unlocked=1 | expl_noise=0.0715 | replay=32495 | interaction_replay=13252 | samples/sec=7.675
Episode 388 complete | agent_samples=32633 | env_steps=13672 | episode_env_steps=77 | episode_agent_samples=138 | mean_reward=126.781 | success=5/5 | collision=0/5 | mean_final_distance=0.255 | mean_progress=0.0278 | min_laser=0.392 | mean_lin=1.000 | mean_ang=0.593 | mean_robot_dist=2.001 | raw_reward=20.000 | adjusted_reward=20.000 | coop_agents=0/5 | mean_coop_neighbors=0.00 | active_neighbor_step_rate=0.543 | mean_active_neighbors_step=1.254 | max_active_neighbors_step=4 | interaction_reward=0.0000 | abs_interaction_reward=0.0000 | anti_stag_reward=0.0000 | abs_anti_stag_reward=0.0000 | wall_clear_reward=0.0000 | abs_wall_clear_reward=0.0000 | local_nav_reward=0.0000 | abs_local_nav_reward=0.0000 | context_neighbors_mean=1.27 | context_neighbors_max=4 | last_context_neighbors_mean=0.00 | last_context_neighbors_max=0 | actor_unlocked=1 | expl_noise=0.0715 | replay=32633 | interaction_replay=13256 | samples/sec=7.677
Episode 389 complete | agent_samples=32757 | env_steps=13721 | episode_env_steps=49 | episode_agent_samples=124 | mean_reward=125.570 | success=5/5 | collision=0/5 | mean_final_distance=0.235 | mean_progress=0.0058 | min_laser=0.417 | mean_lin=0.988 | mean_ang=0.052 | mean_robot_dist=0.915 | raw_reward=19.915 | adjusted_reward=19.915 | coop_agents=0/5 | mean_coop_neighbors=0.00 | active_neighbor_step_rate=0.540 | mean_active_neighbors_step=1.218 | max_active_neighbors_step=4 | interaction_reward=0.0000 | abs_interaction_reward=0.0000 | anti_stag_reward=0.0000 | abs_anti_stag_reward=0.0000 | wall_clear_reward=0.0000 | abs_wall_clear_reward=0.0000 | local_nav_reward=0.0000 | abs_local_nav_reward=0.0000 | context_neighbors_mean=1.24 | context_neighbors_max=4 | last_context_neighbors_mean=0.00 | last_context_neighbors_max=0 | actor_unlocked=1 | expl_noise=0.0714 | replay=32757 | interaction_replay=13285 | samples/sec=7.687
Episode 390 complete | agent_samples=32860 | env_steps=13764 | episode_env_steps=43 | episode_agent_samples=103 | mean_reward=125.408 | success=5/5 | collision=0/5 | mean_final_distance=0.259 | mean_progress=0.0257 | min_laser=0.398 | mean_lin=0.864 | mean_ang=-0.627 | mean_robot_dist=1.172 | raw_reward=20.000 | adjusted_reward=20.000 | coop_agents=0/5 | mean_coop_neighbors=0.00 | active_neighbor_step_rate=0.456 | mean_active_neighbors_step=1.049 | max_active_neighbors_step=4 | interaction_reward=0.0000 | abs_interaction_reward=0.0000 | anti_stag_reward=0.0000 | abs_anti_stag_reward=0.0000 | wall_clear_reward=0.0000 | abs_wall_clear_reward=0.0000 | local_nav_reward=0.0000 | abs_local_nav_reward=0.0000 | context_neighbors_mean=1.11 | context_neighbors_max=4 | last_context_neighbors_mean=0.00 | last_context_neighbors_max=0 | actor_unlocked=1 | expl_noise=0.0714 | replay=32860 | interaction_replay=13316 | samples/sec=7.694
Status | epoch=2 | next_eval_in=7140 agent_samples | checkpoint_every=10 episodes | checkpoint=./checkpoints/interaction_safe_distance_from_5a_s20260725_latest.pt | model=interaction_safe_distance_from_5a_s20260725
Checkpoint saved: ./checkpoints/interaction_safe_distance_from_5a_s20260725_latest.pt
Episode 391 complete | agent_samples=32983 | env_steps=13824 | episode_env_steps=60 | episode_agent_samples=123 | mean_reward=115.966 | success=5/5 | collision=0/5 | mean_final_distance=0.273 | mean_progress=0.0059 | min_laser=0.491 | mean_lin=0.997 | mean_ang=-0.214 | mean_robot_dist=1.928 | raw_reward=20.000 | adjusted_reward=20.000 | coop_agents=0/5 | mean_coop_neighbors=0.00 | active_neighbor_step_rate=0.472 | mean_active_neighbors_step=1.049 | max_active_neighbors_step=4 | interaction_reward=0.0000 | abs_interaction_reward=0.0000 | anti_stag_reward=0.0000 | abs_anti_stag_reward=0.0000 | wall_clear_reward=0.0000 | abs_wall_clear_reward=0.0000 | local_nav_reward=0.0000 | abs_local_nav_reward=0.0000 | context_neighbors_mean=1.07 | context_neighbors_max=4 | last_context_neighbors_mean=0.00 | last_context_neighbors_max=0 | actor_unlocked=1 | expl_noise=0.0714 | replay=32983 | interaction_replay=13356 | samples/sec=7.698
Episode 392 complete | agent_samples=33029 | env_steps=13835 | episode_env_steps=11 | episode_agent_samples=46 | mean_reward=109.608 | success=5/5 | collision=0/5 | mean_final_distance=0.240 | mean_progress=0.0236 | min_laser=0.753 | mean_lin=0.992 | mean_ang=0.206 | mean_robot_dist=1.258 | raw_reward=20.000 | adjusted_reward=20.000 | coop_agents=0/5 | mean_coop_neighbors=0.00 | active_neighbor_step_rate=0.870 | mean_active_neighbors_step=2.370 | max_active_neighbors_step=4 | interaction_reward=0.0000 | abs_interaction_reward=0.0000 | anti_stag_reward=0.0000 | abs_anti_stag_reward=0.0000 | wall_clear_reward=0.0000 | abs_wall_clear_reward=0.0000 | local_nav_reward=0.0000 | abs_local_nav_reward=0.0000 | context_neighbors_mean=2.46 | context_neighbors_max=4 | last_context_neighbors_mean=0.00 | last_context_neighbors_max=0 | actor_unlocked=1 | expl_noise=0.0714 | replay=33029 | interaction_replay=13398 | samples/sec=7.705
Episode 393 complete | agent_samples=33100 | env_steps=13868 | episode_env_steps=33 | episode_agent_samples=71 | mean_reward=28.989 | success=3/5 | collision=2/5 | mean_final_distance=0.487 | mean_progress=0.0082 | min_laser=0.305 | mean_lin=1.000 | mean_ang=0.149 | mean_robot_dist=2.469 | raw_reward=20.000 | adjusted_reward=20.000 | coop_agents=0/5 | mean_coop_neighbors=0.00 | active_neighbor_step_rate=0.704 | mean_active_neighbors_step=1.915 | max_active_neighbors_step=4 | interaction_reward=0.0000 | abs_interaction_reward=0.0000 | anti_stag_reward=0.0000 | abs_anti_stag_reward=0.0000 | wall_clear_reward=0.0000 | abs_wall_clear_reward=0.0000 | local_nav_reward=0.0000 | abs_local_nav_reward=0.0000 | context_neighbors_mean=1.94 | context_neighbors_max=4 | last_context_neighbors_mean=0.00 | last_context_neighbors_max=0 | actor_unlocked=1 | expl_noise=0.0713 | replay=33100 | interaction_replay=13416 | samples/sec=7.708
Episode 394 complete | agent_samples=33221 | env_steps=13949 | episode_env_steps=81 | episode_agent_samples=121 | mean_reward=23.033 | success=3/5 | collision=2/5 | mean_final_distance=0.646 | mean_progress=0.0093 | min_laser=0.301 | mean_lin=0.801 | mean_ang=-0.369 | mean_robot_dist=1.817 | raw_reward=20.000 | adjusted_reward=20.000 | coop_agents=0/5 | mean_coop_neighbors=0.00 | active_neighbor_step_rate=0.405 | mean_active_neighbors_step=0.860 | max_active_neighbors_step=4 | interaction_reward=0.0000 | abs_interaction_reward=0.0000 | anti_stag_reward=0.0000 | abs_anti_stag_reward=0.0000 | wall_clear_reward=0.0000 | abs_wall_clear_reward=0.0000 | local_nav_reward=0.0000 | abs_local_nav_reward=0.0000 | context_neighbors_mean=0.89 | context_neighbors_max=4 | last_context_neighbors_mean=0.00 | last_context_neighbors_max=0 | actor_unlocked=1 | expl_noise=0.0713 | replay=33221 | interaction_replay=13451 | samples/sec=7.705
Episode 395 complete | agent_samples=33316 | env_steps=13996 | episode_env_steps=47 | episode_agent_samples=95 | mean_reward=89.037 | success=4/5 | collision=1/5 | mean_final_distance=0.292 | mean_progress=-0.0033 | min_laser=0.327 | mean_lin=1.000 | mean_ang=0.600 | mean_robot_dist=0.558 | raw_reward=-20.442 | adjusted_reward=-20.442 | coop_agents=0/5 | mean_coop_neighbors=0.00 | active_neighbor_step_rate=0.568 | mean_active_neighbors_step=1.242 | max_active_neighbors_step=4 | interaction_reward=0.0000 | abs_interaction_reward=0.0000 | anti_stag_reward=0.0000 | abs_anti_stag_reward=0.0000 | wall_clear_reward=0.0000 | abs_wall_clear_reward=0.0000 | local_nav_reward=0.0000 | abs_local_nav_reward=0.0000 | context_neighbors_mean=1.31 | context_neighbors_max=4 | last_context_neighbors_mean=0.00 | last_context_neighbors_max=0 | actor_unlocked=1 | expl_noise=0.0713 | replay=33316 | interaction_replay=13503 | samples/sec=7.709
Status | epoch=2 | next_eval_in=6684 agent_samples | checkpoint_every=10 episodes | checkpoint=./checkpoints/interaction_safe_distance_from_5a_s20260725_latest.pt | model=interaction_safe_distance_from_5a_s20260725
Episode 396 complete | agent_samples=33428 | env_steps=14033 | episode_env_steps=37 | episode_agent_samples=112 | mean_reward=71.707 | success=4/5 | collision=1/5 | mean_final_distance=0.423 | mean_progress=0.0153 | min_laser=0.325 | mean_lin=0.784 | mean_ang=0.161 | mean_robot_dist=3.055 | raw_reward=20.000 | adjusted_reward=20.000 | coop_agents=0/5 | mean_coop_neighbors=0.00 | active_neighbor_step_rate=0.616 | mean_active_neighbors_step=1.625 | max_active_neighbors_step=4 | interaction_reward=0.0000 | abs_interaction_reward=0.0000 | anti_stag_reward=0.0000 | abs_anti_stag_reward=0.0000 | wall_clear_reward=0.0000 | abs_wall_clear_reward=0.0000 | local_nav_reward=0.0000 | abs_local_nav_reward=0.0000 | context_neighbors_mean=1.65 | context_neighbors_max=4 | last_context_neighbors_mean=0.00 | last_context_neighbors_max=0 | actor_unlocked=1 | expl_noise=0.0712 | replay=33428 | interaction_replay=13556 | samples/sec=7.720
Episode 397 complete | agent_samples=33554 | env_steps=14115 | episode_env_steps=82 | episode_agent_samples=126 | mean_reward=31.717 | success=3/5 | collision=2/5 | mean_final_distance=0.395 | mean_progress=0.0183 | min_laser=0.300 | mean_lin=0.605 | mean_ang=0.581 | mean_robot_dist=1.316 | raw_reward=20.000 | adjusted_reward=20.000 | coop_agents=0/5 | mean_coop_neighbors=0.00 | active_neighbor_step_rate=0.468 | mean_active_neighbors_step=0.992 | max_active_neighbors_step=4 | interaction_reward=0.0000 | abs_interaction_reward=0.0000 | anti_stag_reward=0.0000 | abs_anti_stag_reward=0.0000 | wall_clear_reward=0.0000 | abs_wall_clear_reward=0.0000 | local_nav_reward=0.0000 | abs_local_nav_reward=0.0000 | context_neighbors_mean=1.00 | context_neighbors_max=4 | last_context_neighbors_mean=0.00 | last_context_neighbors_max=0 | actor_unlocked=1 | expl_noise=0.0712 | replay=33554 | interaction_replay=13611 | samples/sec=7.718
Episode 398 complete | agent_samples=33635 | env_steps=14162 | episode_env_steps=47 | episode_agent_samples=81 | mean_reward=21.964 | success=3/5 | collision=2/5 | mean_final_distance=0.664 | mean_progress=0.0078 | min_laser=0.300 | mean_lin=0.994 | mean_ang=0.120 | mean_robot_dist=2.444 | raw_reward=20.000 | adjusted_reward=20.000 | coop_agents=0/5 | mean_coop_neighbors=0.00 | active_neighbor_step_rate=0.494 | mean_active_neighbors_step=0.963 | max_active_neighbors_step=4 | interaction_reward=0.0000 | abs_interaction_reward=0.0000 | anti_stag_reward=0.0000 | abs_anti_stag_reward=0.0000 | wall_clear_reward=0.0000 | abs_wall_clear_reward=0.0000 | local_nav_reward=0.0000 | abs_local_nav_reward=0.0000 | context_neighbors_mean=0.98 | context_neighbors_max=4 | last_context_neighbors_mean=0.00 | last_context_neighbors_max=0 | actor_unlocked=1 | expl_noise=0.0711 | replay=33635 | interaction_replay=13619 | samples/sec=7.718
Episode 399 complete | agent_samples=33694 | env_steps=14180 | episode_env_steps=18 | episode_agent_samples=59 | mean_reward=34.780 | success=3/5 | collision=2/5 | mean_final_distance=0.384 | mean_progress=0.0184 | min_laser=0.300 | mean_lin=0.596 | mean_ang=-0.198 | mean_robot_dist=1.420 | raw_reward=20.000 | adjusted_reward=20.000 | coop_agents=0/5 | mean_coop_neighbors=0.00 | active_neighbor_step_rate=0.847 | mean_active_neighbors_step=2.237 | max_active_neighbors_step=4 | interaction_reward=0.0000 | abs_interaction_reward=0.0000 | anti_stag_reward=0.0000 | abs_anti_stag_reward=0.0000 | wall_clear_reward=0.0000 | abs_wall_clear_reward=0.0000 | local_nav_reward=0.0000 | abs_local_nav_reward=0.0000 | context_neighbors_mean=2.29 | context_neighbors_max=4 | last_context_neighbors_mean=0.00 | last_context_neighbors_max=0 | actor_unlocked=1 | expl_noise=0.0711 | replay=33694 | interaction_replay=13663 | samples/sec=7.725
Episode 400 complete | agent_samples=33736 | env_steps=14189 | episode_env_steps=9 | episode_agent_samples=42 | mean_reward=27.616 | success=3/5 | collision=2/5 | mean_final_distance=0.526 | mean_progress=0.0324 | min_laser=0.301 | mean_lin=0.985 | mean_ang=0.215 | mean_robot_dist=0.530 | raw_reward=-40.940 | adjusted_reward=-40.940 | coop_agents=2/5 | mean_coop_neighbors=0.40 | active_neighbor_step_rate=0.833 | mean_active_neighbors_step=2.000 | max_active_neighbors_step=4 | interaction_reward=0.0000 | abs_interaction_reward=0.0000 | anti_stag_reward=0.0000 | abs_anti_stag_reward=0.0000 | wall_clear_reward=0.0000 | abs_wall_clear_reward=0.0000 | local_nav_reward=0.0000 | abs_local_nav_reward=0.0000 | context_neighbors_mean=2.10 | context_neighbors_max=4 | last_context_neighbors_mean=0.00 | last_context_neighbors_max=0 | actor_unlocked=1 | expl_noise=0.0711 | replay=33736 | interaction_replay=13698 | samples/sec=7.731
Status | epoch=2 | next_eval_in=6264 agent_samples | checkpoint_every=10 episodes | checkpoint=./checkpoints/interaction_safe_distance_from_5a_s20260725_latest.pt | model=interaction_safe_distance_from_5a_s20260725
Checkpoint saved: ./checkpoints/interaction_safe_distance_from_5a_s20260725_latest.pt
Episode 401 complete | agent_samples=33929 | env_steps=14350 | episode_env_steps=161 | episode_agent_samples=193 | mean_reward=30.102 | success=3/5 | collision=2/5 | mean_final_distance=0.726 | mean_progress=0.0118 | min_laser=0.300 | mean_lin=0.979 | mean_ang=-0.505 | mean_robot_dist=1.946 | raw_reward=20.000 | adjusted_reward=20.000 | coop_agents=0/5 | mean_coop_neighbors=0.00 | active_neighbor_step_rate=0.145 | mean_active_neighbors_step=0.326 | max_active_neighbors_step=3 | interaction_reward=0.0000 | abs_interaction_reward=0.0000 | anti_stag_reward=0.0000 | abs_anti_stag_reward=0.0000 | wall_clear_reward=0.0000 | abs_wall_clear_reward=0.0000 | local_nav_reward=0.0000 | abs_local_nav_reward=0.0000 | context_neighbors_mean=0.33 | context_neighbors_max=4 | last_context_neighbors_mean=0.00 | last_context_neighbors_max=0 | actor_unlocked=1 | expl_noise=0.0710 | replay=33929 | interaction_replay=13725 | samples/sec=7.712
Episode 402 complete | agent_samples=33994 | env_steps=14368 | episode_env_steps=18 | episode_agent_samples=65 | mean_reward=24.234 | success=3/5 | collision=2/5 | mean_final_distance=0.476 | mean_progress=0.0229 | min_laser=0.306 | mean_lin=0.810 | mean_ang=-0.425 | mean_robot_dist=0.531 | raw_reward=-40.939 | adjusted_reward=-40.939 | coop_agents=2/5 | mean_coop_neighbors=0.40 | active_neighbor_step_rate=0.892 | mean_active_neighbors_step=2.385 | max_active_neighbors_step=4 | interaction_reward=0.0000 | abs_interaction_reward=0.0000 | anti_stag_reward=0.0000 | abs_anti_stag_reward=0.0000 | wall_clear_reward=0.0000 | abs_wall_clear_reward=0.0000 | local_nav_reward=0.0000 | abs_local_nav_reward=0.0000 | context_neighbors_mean=2.40 | context_neighbors_max=4 | last_context_neighbors_mean=0.00 | last_context_neighbors_max=0 | actor_unlocked=1 | expl_noise=0.0710 | replay=33994 | interaction_replay=13750 | samples/sec=7.720
Episode 403 complete | agent_samples=34072 | env_steps=14403 | episode_env_steps=35 | episode_agent_samples=78 | mean_reward=117.244 | success=5/5 | collision=0/5 | mean_final_distance=0.256 | mean_progress=0.0166 | min_laser=0.744 | mean_lin=0.768 | mean_ang=-0.420 | mean_robot_dist=1.285 | raw_reward=20.000 | adjusted_reward=20.000 | coop_agents=0/5 | mean_coop_neighbors=0.00 | active_neighbor_step_rate=0.474 | mean_active_neighbors_step=1.064 | max_active_neighbors_step=4 | interaction_reward=0.0000 | abs_interaction_reward=0.0000 | anti_stag_reward=0.0000 | abs_anti_stag_reward=0.0000 | wall_clear_reward=0.0000 | abs_wall_clear_reward=0.0000 | local_nav_reward=0.0000 | abs_local_nav_reward=0.0000 | context_neighbors_mean=1.12 | context_neighbors_max=4 | last_context_neighbors_mean=0.00 | last_context_neighbors_max=0 | actor_unlocked=1 | expl_noise=0.0710 | replay=34072 | interaction_replay=13778 | samples/sec=7.724
Episode 404 complete | agent_samples=34128 | env_steps=14416 | episode_env_steps=13 | episode_agent_samples=56 | mean_reward=76.576 | success=4/5 | collision=1/5 | mean_final_distance=0.417 | mean_progress=0.0211 | min_laser=0.349 | mean_lin=0.767 | mean_ang=-0.172 | mean_robot_dist=2.249 | raw_reward=20.000 | adjusted_reward=20.000 | coop_agents=0/5 | mean_coop_neighbors=0.00 | active_neighbor_step_rate=0.982 | mean_active_neighbors_step=2.268 | max_active_neighbors_step=4 | interaction_reward=0.0000 | abs_interaction_reward=0.0000 | anti_stag_reward=0.0000 | abs_anti_stag_reward=0.0000 | wall_clear_reward=0.0000 | abs_wall_clear_reward=0.0000 | local_nav_reward=0.0000 | abs_local_nav_reward=0.0000 | context_neighbors_mean=2.27 | context_neighbors_max=4 | last_context_neighbors_mean=0.00 | last_context_neighbors_max=0 | actor_unlocked=1 | expl_noise=0.0710 | replay=34128 | interaction_replay=13812 | samples/sec=7.732
Episode 405 complete | agent_samples=34248 | env_steps=14470 | episode_env_steps=54 | episode_agent_samples=120 | mean_reward=-1.326 | success=2/5 | collision=3/5 | mean_final_distance=0.577 | mean_progress=0.0074 | min_laser=0.300 | mean_lin=0.661 | mean_ang=-0.556 | mean_robot_dist=2.131 | raw_reward=20.000 | adjusted_reward=20.000 | coop_agents=0/5 | mean_coop_neighbors=0.00 | active_neighbor_step_rate=0.517 | mean_active_neighbors_step=0.917 | max_active_neighbors_step=4 | interaction_reward=0.0000 | abs_interaction_reward=0.0000 | anti_stag_reward=0.0000 | abs_anti_stag_reward=0.0000 | wall_clear_reward=0.0000 | abs_wall_clear_reward=0.0000 | local_nav_reward=0.0000 | abs_local_nav_reward=0.0000 | context_neighbors_mean=0.93 | context_neighbors_max=4 | last_context_neighbors_mean=0.00 | last_context_neighbors_max=0 | actor_unlocked=1 | expl_noise=0.0710 | replay=34248 | interaction_replay=13860 | samples/sec=7.739
Status | epoch=2 | next_eval_in=5752 agent_samples | checkpoint_every=10 episodes | checkpoint=./checkpoints/interaction_safe_distance_from_5a_s20260725_latest.pt | model=interaction_safe_distance_from_5a_s20260725
Episode 406 complete | agent_samples=34326 | env_steps=14502 | episode_env_steps=32 | episode_agent_samples=78 | mean_reward=82.221 | success=4/5 | collision=1/5 | mean_final_distance=0.541 | mean_progress=0.0128 | min_laser=0.314 | mean_lin=0.805 | mean_ang=0.394 | mean_robot_dist=2.478 | raw_reward=20.000 | adjusted_reward=20.000 | coop_agents=0/5 | mean_coop_neighbors=0.00 | active_neighbor_step_rate=0.679 | mean_active_neighbors_step=1.744 | max_active_neighbors_step=4 | interaction_reward=0.0000 | abs_interaction_reward=0.0000 | anti_stag_reward=0.0000 | abs_anti_stag_reward=0.0000 | wall_clear_reward=0.0000 | abs_wall_clear_reward=0.0000 | local_nav_reward=0.0000 | abs_local_nav_reward=0.0000 | context_neighbors_mean=1.77 | context_neighbors_max=4 | last_context_neighbors_mean=0.00 | last_context_neighbors_max=0 | actor_unlocked=1 | expl_noise=0.0709 | replay=34326 | interaction_replay=13869 | samples/sec=7.744
Episode 407 complete | agent_samples=34439 | env_steps=14544 | episode_env_steps=42 | episode_agent_samples=113 | mean_reward=125.591 | success=5/5 | collision=0/5 | mean_final_distance=0.272 | mean_progress=0.0196 | min_laser=0.381 | mean_lin=0.998 | mean_ang=-0.632 | mean_robot_dist=1.917 | raw_reward=20.000 | adjusted_reward=20.000 | coop_agents=0/5 | mean_coop_neighbors=0.00 | active_neighbor_step_rate=0.566 | mean_active_neighbors_step=1.133 | max_active_neighbors_step=4 | interaction_reward=0.0000 | abs_interaction_reward=0.0000 | anti_stag_reward=0.0000 | abs_anti_stag_reward=0.0000 | wall_clear_reward=0.0000 | abs_wall_clear_reward=0.0000 | local_nav_reward=0.0000 | abs_local_nav_reward=0.0000 | context_neighbors_mean=1.16 | context_neighbors_max=4 | last_context_neighbors_mean=0.00 | last_context_neighbors_max=0 | actor_unlocked=1 | expl_noise=0.0709 | replay=34439 | interaction_replay=13894 | samples/sec=7.753
Episode 408 complete | agent_samples=34515 | env_steps=14560 | episode_env_steps=16 | episode_agent_samples=76 | mean_reward=41.499 | success=3/5 | collision=2/5 | mean_final_distance=0.544 | mean_progress=0.0442 | min_laser=0.330 | mean_lin=0.886 | mean_ang=0.162 | mean_robot_dist=0.626 | raw_reward=-40.748 | adjusted_reward=-40.748 | coop_agents=2/5 | mean_coop_neighbors=0.40 | active_neighbor_step_rate=0.803 | mean_active_neighbors_step=2.382 | max_active_neighbors_step=4 | interaction_reward=0.0000 | abs_interaction_reward=0.0000 | anti_stag_reward=0.0000 | abs_anti_stag_reward=0.0000 | wall_clear_reward=0.0000 | abs_wall_clear_reward=0.0000 | local_nav_reward=0.0000 | abs_local_nav_reward=0.0000 | context_neighbors_mean=2.37 | context_neighbors_max=4 | last_context_neighbors_mean=0.00 | last_context_neighbors_max=0 | actor_unlocked=1 | expl_noise=0.0709 | replay=34515 | interaction_replay=13914 | samples/sec=7.764
Episode 409 complete | agent_samples=34641 | env_steps=14656 | episode_env_steps=96 | episode_agent_samples=126 | mean_reward=22.496 | success=3/5 | collision=2/5 | mean_final_distance=0.492 | mean_progress=0.0068 | min_laser=0.300 | mean_lin=0.586 | mean_ang=-0.206 | mean_robot_dist=1.514 | raw_reward=20.000 | adjusted_reward=20.000 | coop_agents=0/5 | mean_coop_neighbors=0.00 | active_neighbor_step_rate=0.238 | mean_active_neighbors_step=0.690 | max_active_neighbors_step=4 | interaction_reward=0.0000 | abs_interaction_reward=0.0000 | anti_stag_reward=0.0000 | abs_anti_stag_reward=0.0000 | wall_clear_reward=0.0000 | abs_wall_clear_reward=0.0000 | local_nav_reward=0.0000 | abs_local_nav_reward=0.0000 | context_neighbors_mean=0.69 | context_neighbors_max=4 | last_context_neighbors_mean=0.00 | last_context_neighbors_max=0 | actor_unlocked=1 | expl_noise=0.0708 | replay=34641 | interaction_replay=13944 | samples/sec=7.756
Episode 410 complete | agent_samples=34705 | env_steps=14676 | episode_env_steps=20 | episode_agent_samples=64 | mean_reward=112.356 | success=5/5 | collision=0/5 | mean_final_distance=0.261 | mean_progress=0.0023 | min_laser=0.688 | mean_lin=0.762 | mean_ang=0.154 | mean_robot_dist=1.142 | raw_reward=20.000 | adjusted_reward=20.000 | coop_agents=0/5 | mean_coop_neighbors=0.00 | active_neighbor_step_rate=0.766 | mean_active_neighbors_step=1.781 | max_active_neighbors_step=4 | interaction_reward=0.0000 | abs_interaction_reward=0.0000 | anti_stag_reward=0.0000 | abs_anti_stag_reward=0.0000 | wall_clear_reward=0.0000 | abs_wall_clear_reward=0.0000 | local_nav_reward=0.0000 | abs_local_nav_reward=0.0000 | context_neighbors_mean=1.84 | context_neighbors_max=4 | last_context_neighbors_mean=0.00 | last_context_neighbors_max=0 | actor_unlocked=1 | expl_noise=0.0708 | replay=34705 | interaction_replay=13994 | samples/sec=7.763
Status | epoch=2 | next_eval_in=5295 agent_samples | checkpoint_every=10 episodes | checkpoint=./checkpoints/interaction_safe_distance_from_5a_s20260725_latest.pt | model=interaction_safe_distance_from_5a_s20260725
Checkpoint saved: ./checkpoints/interaction_safe_distance_from_5a_s20260725_latest.pt
Episode 411 complete | agent_samples=34750 | env_steps=14692 | episode_env_steps=16 | episode_agent_samples=45 | mean_reward=-9.428 | success=2/5 | collision=3/5 | mean_final_distance=0.683 | mean_progress=0.0179 | min_laser=0.311 | mean_lin=0.795 | mean_ang=-0.186 | mean_robot_dist=0.679 | raw_reward=-20.321 | adjusted_reward=-20.321 | coop_agents=0/5 | mean_coop_neighbors=0.00 | active_neighbor_step_rate=0.800 | mean_active_neighbors_step=1.978 | max_active_neighbors_step=4 | interaction_reward=0.0000 | abs_interaction_reward=0.0000 | anti_stag_reward=0.0000 | abs_anti_stag_reward=0.0000 | wall_clear_reward=0.0000 | abs_wall_clear_reward=0.0000 | local_nav_reward=0.0000 | abs_local_nav_reward=0.0000 | context_neighbors_mean=2.04 | context_neighbors_max=4 | last_context_neighbors_mean=0.00 | last_context_neighbors_max=0 | actor_unlocked=1 | expl_noise=0.0708 | replay=34750 | interaction_replay=14030 | samples/sec=7.765
Episode 412 complete | agent_samples=34819 | env_steps=14713 | episode_env_steps=21 | episode_agent_samples=69 | mean_reward=121.409 | success=5/5 | collision=0/5 | mean_final_distance=0.253 | mean_progress=0.0185 | min_laser=0.744 | mean_lin=0.977 | mean_ang=0.032 | mean_robot_dist=1.101 | raw_reward=20.000 | adjusted_reward=20.000 | coop_agents=0/5 | mean_coop_neighbors=0.00 | active_neighbor_step_rate=0.754 | mean_active_neighbors_step=1.217 | max_active_neighbors_step=3 | interaction_reward=0.0000 | abs_interaction_reward=0.0000 | anti_stag_reward=0.0000 | abs_anti_stag_reward=0.0000 | wall_clear_reward=0.0000 | abs_wall_clear_reward=0.0000 | local_nav_reward=0.0000 | abs_local_nav_reward=0.0000 | context_neighbors_mean=1.29 | context_neighbors_max=3 | last_context_neighbors_mean=0.00 | last_context_neighbors_max=0 | actor_unlocked=1 | expl_noise=0.0708 | replay=34819 | interaction_replay=14067 | samples/sec=7.773
Episode 413 complete | agent_samples=34923 | env_steps=14762 | episode_env_steps=49 | episode_agent_samples=104 | mean_reward=32.697 | success=3/5 | collision=2/5 | mean_final_distance=0.599 | mean_progress=0.0132 | min_laser=0.300 | mean_lin=0.907 | mean_ang=-0.562 | mean_robot_dist=1.941 | raw_reward=20.000 | adjusted_reward=20.000 | coop_agents=0/5 | mean_coop_neighbors=0.00 | active_neighbor_step_rate=0.692 | mean_active_neighbors_step=1.913 | max_active_neighbors_step=4 | interaction_reward=0.0000 | abs_interaction_reward=0.0000 | anti_stag_reward=0.0000 | abs_anti_stag_reward=0.0000 | wall_clear_reward=0.0000 | abs_wall_clear_reward=0.0000 | local_nav_reward=0.0000 | abs_local_nav_reward=0.0000 | context_neighbors_mean=1.90 | context_neighbors_max=4 | last_context_neighbors_mean=0.00 | last_context_neighbors_max=0 | actor_unlocked=1 | expl_noise=0.0708 | replay=34923 | interaction_replay=14085 | samples/sec=7.778
Episode 414 complete | agent_samples=35048 | env_steps=14846 | episode_env_steps=84 | episode_agent_samples=125 | mean_reward=27.815 | success=3/5 | collision=2/5 | mean_final_distance=0.441 | mean_progress=0.0104 | min_laser=0.301 | mean_lin=0.949 | mean_ang=0.186 | mean_robot_dist=1.637 | raw_reward=20.000 | adjusted_reward=20.000 | coop_agents=0/5 | mean_coop_neighbors=0.00 | active_neighbor_step_rate=0.320 | mean_active_neighbors_step=0.728 | max_active_neighbors_step=4 | interaction_reward=0.0000 | abs_interaction_reward=0.0000 | anti_stag_reward=0.0000 | abs_anti_stag_reward=0.0000 | wall_clear_reward=0.0000 | abs_wall_clear_reward=0.0000 | local_nav_reward=0.0000 | abs_local_nav_reward=0.0000 | context_neighbors_mean=0.78 | context_neighbors_max=4 | last_context_neighbors_mean=0.00 | last_context_neighbors_max=0 | actor_unlocked=1 | expl_noise=0.0707 | replay=35048 | interaction_replay=14125 | samples/sec=7.774
Episode 415 complete | agent_samples=35106 | env_steps=14866 | episode_env_steps=20 | episode_agent_samples=58 | mean_reward=73.712 | success=4/5 | collision=1/5 | mean_final_distance=0.297 | mean_progress=0.0001 | min_laser=0.349 | mean_lin=0.784 | mean_ang=0.590 | mean_robot_dist=0.650 | raw_reward=-20.350 | adjusted_reward=-20.350 | coop_agents=0/5 | mean_coop_neighbors=0.00 | active_neighbor_step_rate=0.672 | mean_active_neighbors_step=1.534 | max_active_neighbors_step=4 | interaction_reward=0.0000 | abs_interaction_reward=0.0000 | anti_stag_reward=0.0000 | abs_anti_stag_reward=0.0000 | wall_clear_reward=0.0000 | abs_wall_clear_reward=0.0000 | local_nav_reward=0.0000 | abs_local_nav_reward=0.0000 | context_neighbors_mean=1.52 | context_neighbors_max=4 | last_context_neighbors_mean=0.00 | last_context_neighbors_max=0 | actor_unlocked=1 | expl_noise=0.0707 | replay=35106 | interaction_replay=14160 | samples/sec=7.779
Status | epoch=2 | next_eval_in=4894 agent_samples | checkpoint_every=10 episodes | checkpoint=./checkpoints/interaction_safe_distance_from_5a_s20260725_latest.pt | model=interaction_safe_distance_from_5a_s20260725
Episode 416 complete | agent_samples=35158 | env_steps=14880 | episode_env_steps=14 | episode_agent_samples=52 | mean_reward=70.806 | success=4/5 | collision=1/5 | mean_final_distance=0.504 | mean_progress=0.0478 | min_laser=0.315 | mean_lin=0.812 | mean_ang=-0.040 | mean_robot_dist=2.608 | raw_reward=40.000 | adjusted_reward=40.000 | coop_agents=1/5 | mean_coop_neighbors=0.20 | active_neighbor_step_rate=0.788 | mean_active_neighbors_step=1.942 | max_active_neighbors_step=4 | interaction_reward=0.0000 | abs_interaction_reward=0.0000 | anti_stag_reward=0.0000 | abs_anti_stag_reward=0.0000 | wall_clear_reward=0.0000 | abs_wall_clear_reward=0.0000 | local_nav_reward=0.0000 | abs_local_nav_reward=0.0000 | context_neighbors_mean=1.96 | context_neighbors_max=4 | last_context_neighbors_mean=0.00 | last_context_neighbors_max=0 | actor_unlocked=1 | expl_noise=0.0707 | replay=35158 | interaction_replay=14184 | samples/sec=7.785
Episode 417 complete | agent_samples=35198 | env_steps=14890 | episode_env_steps=10 | episode_agent_samples=40 | mean_reward=30.234 | success=3/5 | collision=2/5 | mean_final_distance=0.442 | mean_progress=0.0240 | min_laser=0.300 | mean_lin=1.000 | mean_ang=-0.383 | mean_robot_dist=0.864 | raw_reward=19.864 | adjusted_reward=19.864 | coop_agents=0/5 | mean_coop_neighbors=0.00 | active_neighbor_step_rate=0.925 | mean_active_neighbors_step=2.250 | max_active_neighbors_step=4 | interaction_reward=0.0000 | abs_interaction_reward=0.0000 | anti_stag_reward=0.0000 | abs_anti_stag_reward=0.0000 | wall_clear_reward=0.0000 | abs_wall_clear_reward=0.0000 | local_nav_reward=0.0000 | abs_local_nav_reward=0.0000 | context_neighbors_mean=2.27 | context_neighbors_max=4 | last_context_neighbors_mean=0.00 | last_context_neighbors_max=0 | actor_unlocked=1 | expl_noise=0.0707 | replay=35198 | interaction_replay=14219 | samples/sec=7.790
Episode 418 complete | agent_samples=35276 | env_steps=14914 | episode_env_steps=24 | episode_agent_samples=78 | mean_reward=90.797 | success=4/5 | collision=1/5 | mean_final_distance=0.411 | mean_progress=0.0168 | min_laser=0.335 | mean_lin=0.800 | mean_ang=0.569 | mean_robot_dist=1.224 | raw_reward=20.000 | adjusted_reward=20.000 | coop_agents=0/5 | mean_coop_neighbors=0.00 | active_neighbor_step_rate=0.692 | mean_active_neighbors_step=1.795 | max_active_neighbors_step=4 | interaction_reward=0.0000 | abs_interaction_reward=0.0000 | anti_stag_reward=0.0000 | abs_anti_stag_reward=0.0000 | wall_clear_reward=0.0000 | abs_wall_clear_reward=0.0000 | local_nav_reward=0.0000 | abs_local_nav_reward=0.0000 | context_neighbors_mean=1.91 | context_neighbors_max=4 | last_context_neighbors_mean=0.00 | last_context_neighbors_max=0 | actor_unlocked=1 | expl_noise=0.0707 | replay=35276 | interaction_replay=14271 | samples/sec=7.798
Episode 419 complete | agent_samples=35377 | env_steps=14956 | episode_env_steps=42 | episode_agent_samples=101 | mean_reward=119.079 | success=5/5 | collision=0/5 | mean_final_distance=0.282 | mean_progress=0.0061 | min_laser=0.507 | mean_lin=0.800 | mean_ang=-0.256 | mean_robot_dist=1.165 | raw_reward=20.000 | adjusted_reward=20.000 | coop_agents=0/5 | mean_coop_neighbors=0.00 | active_neighbor_step_rate=0.554 | mean_active_neighbors_step=1.356 | max_active_neighbors_step=4 | interaction_reward=0.0000 | abs_interaction_reward=0.0000 | anti_stag_reward=0.0000 | abs_anti_stag_reward=0.0000 | wall_clear_reward=0.0000 | abs_wall_clear_reward=0.0000 | local_nav_reward=0.0000 | abs_local_nav_reward=0.0000 | context_neighbors_mean=1.41 | context_neighbors_max=4 | last_context_neighbors_mean=0.00 | last_context_neighbors_max=0 | actor_unlocked=1 | expl_noise=0.0707 | replay=35377 | interaction_replay=14303 | samples/sec=7.805
Episode 420 complete | agent_samples=35454 | env_steps=14980 | episode_env_steps=24 | episode_agent_samples=77 | mean_reward=119.610 | success=5/5 | collision=0/5 | mean_final_distance=0.228 | mean_progress=0.0237 | min_laser=0.356 | mean_lin=0.993 | mean_ang=-0.073 | mean_robot_dist=1.180 | raw_reward=20.000 | adjusted_reward=20.000 | coop_agents=0/5 | mean_coop_neighbors=0.00 | active_neighbor_step_rate=0.857 | mean_active_neighbors_step=2.026 | max_active_neighbors_step=4 | interaction_reward=0.0000 | abs_interaction_reward=0.0000 | anti_stag_reward=0.0000 | abs_anti_stag_reward=0.0000 | wall_clear_reward=0.0000 | abs_wall_clear_reward=0.0000 | local_nav_reward=0.0000 | abs_local_nav_reward=0.0000 | context_neighbors_mean=2.05 | context_neighbors_max=4 | last_context_neighbors_mean=0.00 | last_context_neighbors_max=0 | actor_unlocked=1 | expl_noise=0.0706 | replay=35454 | interaction_replay=14335 | samples/sec=7.813
Status | epoch=2 | next_eval_in=4546 agent_samples | checkpoint_every=10 episodes | checkpoint=./checkpoints/interaction_safe_distance_from_5a_s20260725_latest.pt | model=interaction_safe_distance_from_5a_s20260725
Checkpoint saved: ./checkpoints/interaction_safe_distance_from_5a_s20260725_latest.pt
Episode 421 complete | agent_samples=35497 | env_steps=14991 | episode_env_steps=11 | episode_agent_samples=43 | mean_reward=26.634 | success=3/5 | collision=2/5 | mean_final_distance=0.482 | mean_progress=0.0111 | min_laser=0.324 | mean_lin=0.991 | mean_ang=0.195 | mean_robot_dist=1.554 | raw_reward=20.000 | adjusted_reward=20.000 | coop_agents=0/5 | mean_coop_neighbors=0.00 | active_neighbor_step_rate=0.860 | mean_active_neighbors_step=1.977 | max_active_neighbors_step=4 | interaction_reward=0.0000 | abs_interaction_reward=0.0000 | anti_stag_reward=0.0000 | abs_anti_stag_reward=0.0000 | wall_clear_reward=0.0000 | abs_wall_clear_reward=0.0000 | local_nav_reward=0.0000 | abs_local_nav_reward=0.0000 | context_neighbors_mean=2.05 | context_neighbors_max=4 | last_context_neighbors_mean=0.00 | last_context_neighbors_max=0 | actor_unlocked=1 | expl_noise=0.0706 | replay=35497 | interaction_replay=14373 | samples/sec=7.817
Episode 422 complete | agent_samples=35540 | env_steps=15001 | episode_env_steps=10 | episode_agent_samples=43 | mean_reward=64.740 | success=4/5 | collision=1/5 | mean_final_distance=0.495 | mean_progress=0.0448 | min_laser=0.301 | mean_lin=1.000 | mean_ang=0.588 | mean_robot_dist=0.825 | raw_reward=39.525 | adjusted_reward=39.525 | coop_agents=2/5 | mean_coop_neighbors=0.40 | active_neighbor_step_rate=1.000 | mean_active_neighbors_step=1.860 | max_active_neighbors_step=4 | interaction_reward=0.0000 | abs_interaction_reward=0.0000 | anti_stag_reward=0.0000 | abs_anti_stag_reward=0.0000 | wall_clear_reward=0.0000 | abs_wall_clear_reward=0.0000 | local_nav_reward=0.0000 | abs_local_nav_reward=0.0000 | context_neighbors_mean=1.88 | context_neighbors_max=4 | last_context_neighbors_mean=0.00 | last_context_neighbors_max=0 | actor_unlocked=1 | expl_noise=0.0706 | replay=35540 | interaction_replay=14414 | samples/sec=7.822
Episode 423 complete | agent_samples=35603 | env_steps=15026 | episode_env_steps=25 | episode_agent_samples=63 | mean_reward=36.576 | success=3/5 | collision=2/5 | mean_final_distance=0.512 | mean_progress=0.0076 | min_laser=0.300 | mean_lin=1.000 | mean_ang=0.136 | mean_robot_dist=1.663 | raw_reward=20.000 | adjusted_reward=20.000 | coop_agents=0/5 | mean_coop_neighbors=0.00 | active_neighbor_step_rate=0.714 | mean_active_neighbors_step=1.810 | max_active_neighbors_step=4 | interaction_reward=0.0000 | abs_interaction_reward=0.0000 | anti_stag_reward=0.0000 | abs_anti_stag_reward=0.0000 | wall_clear_reward=0.0000 | abs_wall_clear_reward=0.0000 | local_nav_reward=0.0000 | abs_local_nav_reward=0.0000 | context_neighbors_mean=1.89 | context_neighbors_max=4 | last_context_neighbors_mean=0.00 | last_context_neighbors_max=0 | actor_unlocked=1 | expl_noise=0.0706 | replay=35603 | interaction_replay=14452 | samples/sec=7.827
Episode 424 complete | agent_samples=35662 | env_steps=15040 | episode_env_steps=14 | episode_agent_samples=59 | mean_reward=36.162 | success=3/5 | collision=2/5 | mean_final_distance=0.495 | mean_progress=0.0076 | min_laser=0.300 | mean_lin=0.800 | mean_ang=-0.575 | mean_robot_dist=2.882 | raw_reward=20.000 | adjusted_reward=20.000 | coop_agents=0/5 | mean_coop_neighbors=0.00 | active_neighbor_step_rate=0.915 | mean_active_neighbors_step=2.475 | max_active_neighbors_step=4 | interaction_reward=0.0000 | abs_interaction_reward=0.0000 | anti_stag_reward=0.0000 | abs_anti_stag_reward=0.0000 | wall_clear_reward=0.0000 | abs_wall_clear_reward=0.0000 | local_nav_reward=0.0000 | abs_local_nav_reward=0.0000 | context_neighbors_mean=2.54 | context_neighbors_max=4 | last_context_neighbors_mean=0.00 | last_context_neighbors_max=0 | actor_unlocked=1 | expl_noise=0.0706 | replay=35662 | interaction_replay=14468 | samples/sec=7.834
Episode 425 complete | agent_samples=35706 | env_steps=15049 | episode_env_steps=9 | episode_agent_samples=44 | mean_reward=32.309 | success=3/5 | collision=2/5 | mean_final_distance=0.451 | mean_progress=0.0875 | min_laser=0.300 | mean_lin=0.799 | mean_ang=0.960 | mean_robot_dist=1.065 | raw_reward=-0.909 | adjusted_reward=-2.053 | coop_agents=4/5 | mean_coop_neighbors=1.40 | active_neighbor_step_rate=0.818 | mean_active_neighbors_step=2.023 | max_active_neighbors_step=4 | interaction_reward=0.0000 | abs_interaction_reward=0.0000 | anti_stag_reward=0.0000 | abs_anti_stag_reward=0.0000 | wall_clear_reward=0.0000 | abs_wall_clear_reward=0.0000 | local_nav_reward=0.0000 | abs_local_nav_reward=0.0000 | context_neighbors_mean=2.11 | context_neighbors_max=4 | last_context_neighbors_mean=0.00 | last_context_neighbors_max=0 | actor_unlocked=1 | expl_noise=0.0706 | replay=35706 | interaction_replay=14504 | samples/sec=7.840
Status | epoch=2 | next_eval_in=4294 agent_samples | checkpoint_every=10 episodes | checkpoint=./checkpoints/interaction_safe_distance_from_5a_s20260725_latest.pt | model=interaction_safe_distance_from_5a_s20260725
Episode 426 complete | agent_samples=35768 | env_steps=15069 | episode_env_steps=20 | episode_agent_samples=62 | mean_reward=34.849 | success=3/5 | collision=2/5 | mean_final_distance=0.522 | mean_progress=0.0017 | min_laser=0.300 | mean_lin=0.461 | mean_ang=-0.220 | mean_robot_dist=1.805 | raw_reward=20.000 | adjusted_reward=20.000 | coop_agents=0/5 | mean_coop_neighbors=0.00 | active_neighbor_step_rate=0.726 | mean_active_neighbors_step=1.806 | max_active_neighbors_step=4 | interaction_reward=0.0000 | abs_interaction_reward=0.0000 | anti_stag_reward=0.0000 | abs_anti_stag_reward=0.0000 | wall_clear_reward=0.0000 | abs_wall_clear_reward=0.0000 | local_nav_reward=0.0000 | abs_local_nav_reward=0.0000 | context_neighbors_mean=1.89 | context_neighbors_max=4 | last_context_neighbors_mean=0.00 | last_context_neighbors_max=0 | actor_unlocked=1 | expl_noise=0.0706 | replay=35768 | interaction_replay=14542 | samples/sec=7.846
Episode 427 complete | agent_samples=35821 | env_steps=15082 | episode_env_steps=13 | episode_agent_samples=53 | mean_reward=39.466 | success=3/5 | collision=2/5 | mean_final_distance=0.700 | mean_progress=0.0466 | min_laser=0.302 | mean_lin=0.804 | mean_ang=-0.033 | mean_robot_dist=2.022 | raw_reward=0.000 | adjusted_reward=0.000 | coop_agents=2/5 | mean_coop_neighbors=0.40 | active_neighbor_step_rate=0.774 | mean_active_neighbors_step=1.774 | max_active_neighbors_step=4 | interaction_reward=0.0000 | abs_interaction_reward=0.0000 | anti_stag_reward=0.0000 | abs_anti_stag_reward=0.0000 | wall_clear_reward=0.0000 | abs_wall_clear_reward=0.0000 | local_nav_reward=0.0000 | abs_local_nav_reward=0.0000 | context_neighbors_mean=1.89 | context_neighbors_max=4 | last_context_neighbors_mean=0.00 | last_context_neighbors_max=0 | actor_unlocked=1 | expl_noise=0.0706 | replay=35821 | interaction_replay=14568 | samples/sec=7.853
Episode 428 complete | agent_samples=35914 | env_steps=15125 | episode_env_steps=43 | episode_agent_samples=93 | mean_reward=115.362 | success=5/5 | collision=0/5 | mean_final_distance=0.236 | mean_progress=0.0146 | min_laser=0.464 | mean_lin=1.000 | mean_ang=-0.179 | mean_robot_dist=1.062 | raw_reward=20.000 | adjusted_reward=20.000 | coop_agents=0/5 | mean_coop_neighbors=0.00 | active_neighbor_step_rate=0.624 | mean_active_neighbors_step=1.344 | max_active_neighbors_step=3 | interaction_reward=0.0000 | abs_interaction_reward=0.0000 | anti_stag_reward=0.0000 | abs_anti_stag_reward=0.0000 | wall_clear_reward=0.0000 | abs_wall_clear_reward=0.0000 | local_nav_reward=0.0000 | abs_local_nav_reward=0.0000 | context_neighbors_mean=1.41 | context_neighbors_max=3 | last_context_neighbors_mean=0.00 | last_context_neighbors_max=0 | actor_unlocked=1 | expl_noise=0.0705 | replay=35914 | interaction_replay=14625 | samples/sec=7.857
Episode 429 complete | agent_samples=35973 | env_steps=15142 | episode_env_steps=17 | episode_agent_samples=59 | mean_reward=120.287 | success=5/5 | collision=0/5 | mean_final_distance=0.270 | mean_progress=0.0152 | min_laser=0.447 | mean_lin=0.796 | mean_ang=-0.674 | mean_robot_dist=0.801 | raw_reward=19.801 | adjusted_reward=19.801 | coop_agents=0/5 | mean_coop_neighbors=0.00 | active_neighbor_step_rate=0.797 | mean_active_neighbors_step=1.814 | max_active_neighbors_step=4 | interaction_reward=0.0000 | abs_interaction_reward=0.0000 | anti_stag_reward=0.0000 | abs_anti_stag_reward=0.0000 | wall_clear_reward=0.0000 | abs_wall_clear_reward=0.0000 | local_nav_reward=0.0000 | abs_local_nav_reward=0.0000 | context_neighbors_mean=1.86 | context_neighbors_max=4 | last_context_neighbors_mean=0.00 | last_context_neighbors_max=0 | actor_unlocked=1 | expl_noise=0.0705 | replay=35973 | interaction_replay=14671 | samples/sec=7.864
Episode 430 complete | agent_samples=36020 | env_steps=15155 | episode_env_steps=13 | episode_agent_samples=47 | mean_reward=77.330 | success=4/5 | collision=1/5 | mean_final_distance=0.544 | mean_progress=0.0138 | min_laser=0.337 | mean_lin=0.794 | mean_ang=0.159 | mean_robot_dist=0.952 | raw_reward=19.952 | adjusted_reward=19.952 | coop_agents=0/5 | mean_coop_neighbors=0.00 | active_neighbor_step_rate=0.787 | mean_active_neighbors_step=2.213 | max_active_neighbors_step=4 | interaction_reward=0.0000 | abs_interaction_reward=0.0000 | anti_stag_reward=0.0000 | abs_anti_stag_reward=0.0000 | wall_clear_reward=0.0000 | abs_wall_clear_reward=0.0000 | local_nav_reward=0.0000 | abs_local_nav_reward=0.0000 | context_neighbors_mean=2.32 | context_neighbors_max=4 | last_context_neighbors_mean=0.00 | last_context_neighbors_max=0 | actor_unlocked=1 | expl_noise=0.0705 | replay=36020 | interaction_replay=14710 | samples/sec=7.869
Status | epoch=2 | next_eval_in=3980 agent_samples | checkpoint_every=10 episodes | checkpoint=./checkpoints/interaction_safe_distance_from_5a_s20260725_latest.pt | model=interaction_safe_distance_from_5a_s20260725
Checkpoint saved: ./checkpoints/interaction_safe_distance_from_5a_s20260725_latest.pt
Episode 431 complete | agent_samples=36399 | env_steps=15455 | episode_env_steps=300 | episode_agent_samples=379 | mean_reward=90.548 | success=4/5 | collision=0/5 | mean_final_distance=0.650 | mean_progress=0.0000 | min_laser=0.624 | mean_lin=0.609 | mean_ang=-0.722 | mean_robot_dist=1.884 | raw_reward=-0.001 | adjusted_reward=-0.001 | coop_agents=0/5 | mean_coop_neighbors=0.00 | active_neighbor_step_rate=0.161 | mean_active_neighbors_step=0.372 | max_active_neighbors_step=4 | interaction_reward=0.0000 | abs_interaction_reward=0.0000 | anti_stag_reward=0.0000 | abs_anti_stag_reward=0.0000 | wall_clear_reward=0.0000 | abs_wall_clear_reward=0.0000 | local_nav_reward=0.0000 | abs_local_nav_reward=0.0000 | context_neighbors_mean=0.38 | context_neighbors_max=4 | last_context_neighbors_mean=0.00 | last_context_neighbors_max=0 | actor_unlocked=1 | expl_noise=0.0703 | replay=36399 | interaction_replay=14746 | samples/sec=7.840
Episode 432 complete | agent_samples=36467 | env_steps=15484 | episode_env_steps=29 | episode_agent_samples=68 | mean_reward=-10.095 | success=2/5 | collision=3/5 | mean_final_distance=1.277 | mean_progress=0.0224 | min_laser=0.301 | mean_lin=0.609 | mean_ang=0.602 | mean_robot_dist=2.920 | raw_reward=20.000 | adjusted_reward=20.000 | coop_agents=0/5 | mean_coop_neighbors=0.00 | active_neighbor_step_rate=0.691 | mean_active_neighbors_step=1.294 | max_active_neighbors_step=4 | interaction_reward=0.0000 | abs_interaction_reward=0.0000 | anti_stag_reward=0.0000 | abs_anti_stag_reward=0.0000 | wall_clear_reward=0.0000 | abs_wall_clear_reward=0.0000 | local_nav_reward=0.0000 | abs_local_nav_reward=0.0000 | context_neighbors_mean=1.31 | context_neighbors_max=4 | last_context_neighbors_mean=0.00 | last_context_neighbors_max=0 | actor_unlocked=1 | expl_noise=0.0703 | replay=36467 | interaction_replay=14758 | samples/sec=7.844
Episode 433 complete | agent_samples=36553 | env_steps=15512 | episode_env_steps=28 | episode_agent_samples=86 | mean_reward=78.077 | success=4/5 | collision=1/5 | mean_final_distance=0.421 | mean_progress=0.0019 | min_laser=0.329 | mean_lin=0.805 | mean_ang=0.192 | mean_robot_dist=1.232 | raw_reward=20.000 | adjusted_reward=20.000 | coop_agents=0/5 | mean_coop_neighbors=0.00 | active_neighbor_step_rate=0.581 | mean_active_neighbors_step=1.488 | max_active_neighbors_step=4 | interaction_reward=0.0000 | abs_interaction_reward=0.0000 | anti_stag_reward=0.0000 | abs_anti_stag_reward=0.0000 | wall_clear_reward=0.0000 | abs_wall_clear_reward=0.0000 | local_nav_reward=0.0000 | abs_local_nav_reward=0.0000 | context_neighbors_mean=1.52 | context_neighbors_max=4 | last_context_neighbors_mean=0.00 | last_context_neighbors_max=0 | actor_unlocked=1 | expl_noise=0.0703 | replay=36553 | interaction_replay=14793 | samples/sec=7.852
Episode 434 complete | agent_samples=36623 | env_steps=15534 | episode_env_steps=22 | episode_agent_samples=70 | mean_reward=108.279 | success=5/5 | collision=0/5 | mean_final_distance=0.266 | mean_progress=0.0080 | min_laser=0.405 | mean_lin=0.793 | mean_ang=-0.181 | mean_robot_dist=0.795 | raw_reward=19.795 | adjusted_reward=19.795 | coop_agents=0/5 | mean_coop_neighbors=0.00 | active_neighbor_step_rate=0.686 | mean_active_neighbors_step=1.686 | max_active_neighbors_step=4 | interaction_reward=0.0000 | abs_interaction_reward=0.0000 | anti_stag_reward=0.0000 | abs_anti_stag_reward=0.0000 | wall_clear_reward=0.0000 | abs_wall_clear_reward=0.0000 | local_nav_reward=0.0000 | abs_local_nav_reward=0.0000 | context_neighbors_mean=1.77 | context_neighbors_max=4 | last_context_neighbors_mean=0.00 | last_context_neighbors_max=0 | actor_unlocked=1 | expl_noise=0.0703 | replay=36623 | interaction_replay=14838 | samples/sec=7.859
Episode 435 complete | agent_samples=36678 | env_steps=15551 | episode_env_steps=17 | episode_agent_samples=55 | mean_reward=118.878 | success=5/5 | collision=0/5 | mean_final_distance=0.254 | mean_progress=0.0171 | min_laser=0.494 | mean_lin=0.996 | mean_ang=-0.205 | mean_robot_dist=0.749 | raw_reward=19.749 | adjusted_reward=19.749 | coop_agents=0/5 | mean_coop_neighbors=0.00 | active_neighbor_step_rate=0.855 | mean_active_neighbors_step=1.709 | max_active_neighbors_step=4 | interaction_reward=0.0000 | abs_interaction_reward=0.0000 | anti_stag_reward=0.0000 | abs_anti_stag_reward=0.0000 | wall_clear_reward=0.0000 | abs_wall_clear_reward=0.0000 | local_nav_reward=0.0000 | abs_local_nav_reward=0.0000 | context_neighbors_mean=1.71 | context_neighbors_max=4 | last_context_neighbors_mean=0.00 | last_context_neighbors_max=0 | actor_unlocked=1 | expl_noise=0.0703 | replay=36678 | interaction_replay=14879 | samples/sec=7.865
Status | epoch=2 | next_eval_in=3322 agent_samples | checkpoint_every=10 episodes | checkpoint=./checkpoints/interaction_safe_distance_from_5a_s20260725_latest.pt | model=interaction_safe_distance_from_5a_s20260725
Episode 436 complete | agent_samples=36727 | env_steps=15565 | episode_env_steps=14 | episode_agent_samples=49 | mean_reward=62.305 | success=4/5 | collision=1/5 | mean_final_distance=0.564 | mean_progress=0.0204 | min_laser=0.328 | mean_lin=0.800 | mean_ang=-0.516 | mean_robot_dist=0.945 | raw_reward=19.945 | adjusted_reward=19.945 | coop_agents=0/5 | mean_coop_neighbors=0.00 | active_neighbor_step_rate=0.857 | mean_active_neighbors_step=1.878 | max_active_neighbors_step=4 | interaction_reward=0.0000 | abs_interaction_reward=0.0000 | anti_stag_reward=0.0000 | abs_anti_stag_reward=0.0000 | wall_clear_reward=0.0000 | abs_wall_clear_reward=0.0000 | local_nav_reward=0.0000 | abs_local_nav_reward=0.0000 | context_neighbors_mean=1.86 | context_neighbors_max=4 | last_context_neighbors_mean=0.00 | last_context_neighbors_max=0 | actor_unlocked=1 | expl_noise=0.0703 | replay=36727 | interaction_replay=14917 | samples/sec=7.870
Episode 437 complete | agent_samples=36784 | env_steps=15582 | episode_env_steps=17 | episode_agent_samples=57 | mean_reward=120.124 | success=5/5 | collision=0/5 | mean_final_distance=0.259 | mean_progress=0.0172 | min_laser=0.412 | mean_lin=1.000 | mean_ang=0.216 | mean_robot_dist=1.065 | raw_reward=20.000 | adjusted_reward=20.000 | coop_agents=0/5 | mean_coop_neighbors=0.00 | active_neighbor_step_rate=0.667 | mean_active_neighbors_step=1.351 | max_active_neighbors_step=4 | interaction_reward=0.0000 | abs_interaction_reward=0.0000 | anti_stag_reward=0.0000 | abs_anti_stag_reward=0.0000 | wall_clear_reward=0.0000 | abs_wall_clear_reward=0.0000 | local_nav_reward=0.0000 | abs_local_nav_reward=0.0000 | context_neighbors_mean=1.40 | context_neighbors_max=4 | last_context_neighbors_mean=0.00 | last_context_neighbors_max=0 | actor_unlocked=1 | expl_noise=0.0703 | replay=36784 | interaction_replay=14950 | samples/sec=7.876
Episode 438 complete | agent_samples=36883 | env_steps=15634 | episode_env_steps=52 | episode_agent_samples=99 | mean_reward=117.309 | success=5/5 | collision=0/5 | mean_final_distance=0.241 | mean_progress=0.0211 | min_laser=0.635 | mean_lin=1.000 | mean_ang=0.389 | mean_robot_dist=0.936 | raw_reward=19.936 | adjusted_reward=19.936 | coop_agents=0/5 | mean_coop_neighbors=0.00 | active_neighbor_step_rate=0.626 | mean_active_neighbors_step=1.495 | max_active_neighbors_step=4 | interaction_reward=0.0000 | abs_interaction_reward=0.0000 | anti_stag_reward=0.0000 | abs_anti_stag_reward=0.0000 | wall_clear_reward=0.0000 | abs_wall_clear_reward=0.0000 | local_nav_reward=0.0000 | abs_local_nav_reward=0.0000 | context_neighbors_mean=1.46 | context_neighbors_max=4 | last_context_neighbors_mean=0.00 | last_context_neighbors_max=0 | actor_unlocked=1 | expl_noise=0.0702 | replay=36883 | interaction_replay=14950 | samples/sec=7.878
Episode 439 complete | agent_samples=36989 | env_steps=15670 | episode_env_steps=36 | episode_agent_samples=106 | mean_reward=134.303 | success=5/5 | collision=0/5 | mean_final_distance=0.231 | mean_progress=0.0032 | min_laser=0.421 | mean_lin=0.986 | mean_ang=0.369 | mean_robot_dist=2.651 | raw_reward=20.000 | adjusted_reward=20.000 | coop_agents=0/5 | mean_coop_neighbors=0.00 | active_neighbor_step_rate=0.538 | mean_active_neighbors_step=0.925 | max_active_neighbors_step=4 | interaction_reward=0.0000 | abs_interaction_reward=0.0000 | anti_stag_reward=0.0000 | abs_anti_stag_reward=0.0000 | wall_clear_reward=0.0000 | abs_wall_clear_reward=0.0000 | local_nav_reward=0.0000 | abs_local_nav_reward=0.0000 | context_neighbors_mean=0.95 | context_neighbors_max=4 | last_context_neighbors_mean=0.00 | last_context_neighbors_max=0 | actor_unlocked=1 | expl_noise=0.0702 | replay=36989 | interaction_replay=14967 | samples/sec=7.887
Episode 440 complete | agent_samples=37043 | env_steps=15693 | episode_env_steps=23 | episode_agent_samples=54 | mean_reward=-13.820 | success=2/5 | collision=3/5 | mean_final_distance=1.048 | mean_progress=0.0107 | min_laser=0.300 | mean_lin=0.995 | mean_ang=-0.296 | mean_robot_dist=2.397 | raw_reward=20.000 | adjusted_reward=20.000 | coop_agents=0/5 | mean_coop_neighbors=0.00 | active_neighbor_step_rate=0.278 | mean_active_neighbors_step=0.556 | max_active_neighbors_step=3 | interaction_reward=0.0000 | abs_interaction_reward=0.0000 | anti_stag_reward=0.0000 | abs_anti_stag_reward=0.0000 | wall_clear_reward=0.0000 | abs_wall_clear_reward=0.0000 | local_nav_reward=0.0000 | abs_local_nav_reward=0.0000 | context_neighbors_mean=0.57 | context_neighbors_max=3 | last_context_neighbors_mean=0.00 | last_context_neighbors_max=0 | actor_unlocked=1 | expl_noise=0.0702 | replay=37043 | interaction_replay=14975 | samples/sec=7.890
Status | epoch=2 | next_eval_in=2957 agent_samples | checkpoint_every=10 episodes | checkpoint=./checkpoints/interaction_safe_distance_from_5a_s20260725_latest.pt | model=interaction_safe_distance_from_5a_s20260725
Checkpoint saved: ./checkpoints/interaction_safe_distance_from_5a_s20260725_latest.pt
Episode 441 complete | agent_samples=37131 | env_steps=15732 | episode_env_steps=39 | episode_agent_samples=88 | mean_reward=-11.405 | success=2/5 | collision=3/5 | mean_final_distance=0.641 | mean_progress=0.0208 | min_laser=0.300 | mean_lin=0.988 | mean_ang=0.476 | mean_robot_dist=0.945 | raw_reward=19.945 | adjusted_reward=19.945 | coop_agents=0/5 | mean_coop_neighbors=0.00 | active_neighbor_step_rate=0.705 | mean_active_neighbors_step=1.716 | max_active_neighbors_step=4 | interaction_reward=0.0000 | abs_interaction_reward=0.0000 | anti_stag_reward=0.0000 | abs_anti_stag_reward=0.0000 | wall_clear_reward=0.0000 | abs_wall_clear_reward=0.0000 | local_nav_reward=0.0000 | abs_local_nav_reward=0.0000 | context_neighbors_mean=1.77 | context_neighbors_max=4 | last_context_neighbors_mean=0.00 | last_context_neighbors_max=0 | actor_unlocked=1 | expl_noise=0.0702 | replay=37131 | interaction_replay=15037 | samples/sec=7.893
Episode 442 complete | agent_samples=37197 | env_steps=15760 | episode_env_steps=28 | episode_agent_samples=66 | mean_reward=30.941 | success=3/5 | collision=2/5 | mean_final_distance=0.548 | mean_progress=0.0131 | min_laser=0.300 | mean_lin=0.791 | mean_ang=-0.042 | mean_robot_dist=1.694 | raw_reward=20.000 | adjusted_reward=20.000 | coop_agents=0/5 | mean_coop_neighbors=0.00 | active_neighbor_step_rate=0.576 | mean_active_neighbors_step=1.515 | max_active_neighbors_step=4 | interaction_reward=0.0000 | abs_interaction_reward=0.0000 | anti_stag_reward=0.0000 | abs_anti_stag_reward=0.0000 | wall_clear_reward=0.0000 | abs_wall_clear_reward=0.0000 | local_nav_reward=0.0000 | abs_local_nav_reward=0.0000 | context_neighbors_mean=1.62 | context_neighbors_max=4 | last_context_neighbors_mean=0.00 | last_context_neighbors_max=0 | actor_unlocked=1 | expl_noise=0.0701 | replay=37197 | interaction_replay=15077 | samples/sec=7.897
Episode 443 complete | agent_samples=37318 | env_steps=15803 | episode_env_steps=43 | episode_agent_samples=121 | mean_reward=120.900 | success=5/5 | collision=0/5 | mean_final_distance=0.235 | mean_progress=0.0101 | min_laser=0.582 | mean_lin=1.000 | mean_ang=0.512 | mean_robot_dist=1.108 | raw_reward=20.000 | adjusted_reward=20.000 | coop_agents=0/5 | mean_coop_neighbors=0.00 | active_neighbor_step_rate=0.860 | mean_active_neighbors_step=1.901 | max_active_neighbors_step=4 | interaction_reward=0.0000 | abs_interaction_reward=0.0000 | anti_stag_reward=0.0000 | abs_anti_stag_reward=0.0000 | wall_clear_reward=0.0000 | abs_wall_clear_reward=0.0000 | local_nav_reward=0.0000 | abs_local_nav_reward=0.0000 | context_neighbors_mean=1.91 | context_neighbors_max=4 | last_context_neighbors_mean=0.00 | last_context_neighbors_max=0 | actor_unlocked=1 | expl_noise=0.0701 | replay=37318 | interaction_replay=15113 | samples/sec=7.907
Episode 444 complete | agent_samples=37687 | env_steps=16103 | episode_env_steps=300 | episode_agent_samples=369 | mean_reward=83.227 | success=4/5 | collision=0/5 | mean_final_distance=0.653 | mean_progress=-0.0000 | min_laser=0.573 | mean_lin=0.600 | mean_ang=-0.302 | mean_robot_dist=1.401 | raw_reward=-0.028 | adjusted_reward=-0.028 | coop_agents=0/5 | mean_coop_neighbors=0.00 | active_neighbor_step_rate=0.176 | mean_active_neighbors_step=0.350 | max_active_neighbors_step=4 | interaction_reward=0.0000 | abs_interaction_reward=0.0000 | anti_stag_reward=0.0000 | abs_anti_stag_reward=0.0000 | wall_clear_reward=0.0000 | abs_wall_clear_reward=0.0000 | local_nav_reward=0.0000 | abs_local_nav_reward=0.0000 | context_neighbors_mean=0.36 | context_neighbors_max=4 | last_context_neighbors_mean=0.00 | last_context_neighbors_max=0 | actor_unlocked=1 | expl_noise=0.0699 | replay=37687 | interaction_replay=15144 | samples/sec=7.877
Episode 445 complete | agent_samples=38083 | env_steps=16403 | episode_env_steps=300 | episode_agent_samples=396 | mean_reward=83.416 | success=4/5 | collision=0/5 | mean_final_distance=0.623 | mean_progress=0.0002 | min_laser=0.754 | mean_lin=0.587 | mean_ang=-0.772 | mean_robot_dist=2.454 | raw_reward=-0.017 | adjusted_reward=-0.017 | coop_agents=0/5 | mean_coop_neighbors=0.00 | active_neighbor_step_rate=0.260 | mean_active_neighbors_step=0.525 | max_active_neighbors_step=4 | interaction_reward=0.0000 | abs_interaction_reward=0.0000 | anti_stag_reward=0.0000 | abs_anti_stag_reward=0.0000 | wall_clear_reward=0.0000 | abs_wall_clear_reward=0.0000 | local_nav_reward=0.0000 | abs_local_nav_reward=0.0000 | context_neighbors_mean=0.55 | context_neighbors_max=4 | last_context_neighbors_mean=0.00 | last_context_neighbors_max=0 | actor_unlocked=1 | expl_noise=0.0697 | replay=38083 | interaction_replay=15156 | samples/sec=7.855
Status | epoch=2 | next_eval_in=1917 agent_samples | checkpoint_every=10 episodes | checkpoint=./checkpoints/interaction_safe_distance_from_5a_s20260725_latest.pt | model=interaction_safe_distance_from_5a_s20260725
Episode 446 complete | agent_samples=38326 | env_steps=16512 | episode_env_steps=109 | episode_agent_samples=243 | mean_reward=79.559 | success=4/5 | collision=1/5 | mean_final_distance=0.574 | mean_progress=0.0120 | min_laser=0.344 | mean_lin=1.000 | mean_ang=0.084 | mean_robot_dist=1.644 | raw_reward=20.000 | adjusted_reward=20.000 | coop_agents=0/5 | mean_coop_neighbors=0.00 | active_neighbor_step_rate=0.613 | mean_active_neighbors_step=1.383 | max_active_neighbors_step=4 | interaction_reward=0.0000 | abs_interaction_reward=0.0000 | anti_stag_reward=0.0000 | abs_anti_stag_reward=0.0000 | wall_clear_reward=0.0000 | abs_wall_clear_reward=0.0000 | local_nav_reward=0.0000 | abs_local_nav_reward=0.0000 | context_neighbors_mean=1.41 | context_neighbors_max=4 | last_context_neighbors_mean=0.00 | last_context_neighbors_max=0 | actor_unlocked=1 | expl_noise=0.0697 | replay=38326 | interaction_replay=15249 | samples/sec=7.867
Episode 447 complete | agent_samples=38449 | env_steps=16575 | episode_env_steps=63 | episode_agent_samples=123 | mean_reward=79.539 | success=4/5 | collision=1/5 | mean_final_distance=0.420 | mean_progress=0.0125 | min_laser=0.332 | mean_lin=0.800 | mean_ang=-0.206 | mean_robot_dist=1.401 | raw_reward=20.000 | adjusted_reward=20.000 | coop_agents=0/5 | mean_coop_neighbors=0.00 | active_neighbor_step_rate=0.561 | mean_active_neighbors_step=1.293 | max_active_neighbors_step=4 | interaction_reward=0.0000 | abs_interaction_reward=0.0000 | anti_stag_reward=0.0000 | abs_anti_stag_reward=0.0000 | wall_clear_reward=0.0000 | abs_wall_clear_reward=0.0000 | local_nav_reward=0.0000 | abs_local_nav_reward=0.0000 | context_neighbors_mean=1.28 | context_neighbors_max=4 | last_context_neighbors_mean=0.00 | last_context_neighbors_max=0 | actor_unlocked=1 | expl_noise=0.0696 | replay=38449 | interaction_replay=15263 | samples/sec=7.870
Episode 448 complete | agent_samples=38526 | env_steps=16595 | episode_env_steps=20 | episode_agent_samples=77 | mean_reward=75.224 | success=4/5 | collision=1/5 | mean_final_distance=0.415 | mean_progress=0.0485 | min_laser=0.324 | mean_lin=0.609 | mean_ang=0.070 | mean_robot_dist=1.745 | raw_reward=-0.434 | adjusted_reward=-8.521 | coop_agents=1/5 | mean_coop_neighbors=0.20 | active_neighbor_step_rate=0.987 | mean_active_neighbors_step=2.208 | max_active_neighbors_step=4 | interaction_reward=0.0000 | abs_interaction_reward=0.0000 | anti_stag_reward=0.0000 | abs_anti_stag_reward=0.0000 | wall_clear_reward=0.0000 | abs_wall_clear_reward=0.0000 | local_nav_reward=0.0000 | abs_local_nav_reward=0.0000 | context_neighbors_mean=2.18 | context_neighbors_max=4 | last_context_neighbors_mean=0.00 | last_context_neighbors_max=0 | actor_unlocked=1 | expl_noise=0.0696 | replay=38526 | interaction_replay=15277 | samples/sec=7.878
Episode 449 complete | agent_samples=38568 | env_steps=16608 | episode_env_steps=13 | episode_agent_samples=42 | mean_reward=37.314 | success=3/5 | collision=2/5 | mean_final_distance=0.469 | mean_progress=0.0236 | min_laser=0.322 | mean_lin=0.990 | mean_ang=0.609 | mean_robot_dist=1.549 | raw_reward=20.000 | adjusted_reward=20.000 | coop_agents=0/5 | mean_coop_neighbors=0.00 | active_neighbor_step_rate=0.762 | mean_active_neighbors_step=1.976 | max_active_neighbors_step=4 | interaction_reward=0.0000 | abs_interaction_reward=0.0000 | anti_stag_reward=0.0000 | abs_anti_stag_reward=0.0000 | wall_clear_reward=0.0000 | abs_wall_clear_reward=0.0000 | local_nav_reward=0.0000 | abs_local_nav_reward=0.0000 | context_neighbors_mean=2.02 | context_neighbors_max=4 | last_context_neighbors_mean=0.00 | last_context_neighbors_max=0 | actor_unlocked=1 | expl_noise=0.0696 | replay=38568 | interaction_replay=15311 | samples/sec=7.882
Episode 450 complete | agent_samples=38617 | env_steps=16626 | episode_env_steps=18 | episode_agent_samples=49 | mean_reward=22.868 | success=3/5 | collision=2/5 | mean_final_distance=0.779 | mean_progress=0.0274 | min_laser=0.300 | mean_lin=0.997 | mean_ang=-0.595 | mean_robot_dist=2.197 | raw_reward=20.000 | adjusted_reward=20.000 | coop_agents=0/5 | mean_coop_neighbors=0.00 | active_neighbor_step_rate=0.857 | mean_active_neighbors_step=2.184 | max_active_neighbors_step=4 | interaction_reward=0.0000 | abs_interaction_reward=0.0000 | anti_stag_reward=0.0000 | abs_anti_stag_reward=0.0000 | wall_clear_reward=0.0000 | abs_wall_clear_reward=0.0000 | local_nav_reward=0.0000 | abs_local_nav_reward=0.0000 | context_neighbors_mean=2.12 | context_neighbors_max=4 | last_context_neighbors_mean=0.00 | last_context_neighbors_max=0 | actor_unlocked=1 | expl_noise=0.0696 | replay=38617 | interaction_replay=15325 | samples/sec=7.886
Status | epoch=2 | next_eval_in=1383 agent_samples | checkpoint_every=10 episodes | checkpoint=./checkpoints/interaction_safe_distance_from_5a_s20260725_latest.pt | model=interaction_safe_distance_from_5a_s20260725
Checkpoint saved: ./checkpoints/interaction_safe_distance_from_5a_s20260725_latest.pt
Episode 451 complete | agent_samples=38665 | env_steps=16637 | episode_env_steps=11 | episode_agent_samples=48 | mean_reward=29.588 | success=3/5 | collision=2/5 | mean_final_distance=0.344 | mean_progress=0.0184 | min_laser=0.300 | mean_lin=0.793 | mean_ang=-0.137 | mean_robot_dist=1.080 | raw_reward=20.000 | adjusted_reward=20.000 | coop_agents=0/5 | mean_coop_neighbors=0.00 | active_neighbor_step_rate=0.833 | mean_active_neighbors_step=2.417 | max_active_neighbors_step=4 | interaction_reward=0.0000 | abs_interaction_reward=0.0000 | anti_stag_reward=0.0000 | abs_anti_stag_reward=0.0000 | wall_clear_reward=0.0000 | abs_wall_clear_reward=0.0000 | local_nav_reward=0.0000 | abs_local_nav_reward=0.0000 | context_neighbors_mean=2.46 | context_neighbors_max=4 | last_context_neighbors_mean=0.00 | last_context_neighbors_max=0 | actor_unlocked=1 | expl_noise=0.0696 | replay=38665 | interaction_replay=15366 | samples/sec=7.890
Episode 452 complete | agent_samples=38728 | env_steps=16661 | episode_env_steps=24 | episode_agent_samples=63 | mean_reward=76.026 | success=4/5 | collision=1/5 | mean_final_distance=0.409 | mean_progress=0.0205 | min_laser=0.342 | mean_lin=0.802 | mean_ang=0.591 | mean_robot_dist=1.339 | raw_reward=20.000 | adjusted_reward=20.000 | coop_agents=0/5 | mean_coop_neighbors=0.00 | active_neighbor_step_rate=0.651 | mean_active_neighbors_step=1.429 | max_active_neighbors_step=4 | interaction_reward=0.0000 | abs_interaction_reward=0.0000 | anti_stag_reward=0.0000 | abs_anti_stag_reward=0.0000 | wall_clear_reward=0.0000 | abs_wall_clear_reward=0.0000 | local_nav_reward=0.0000 | abs_local_nav_reward=0.0000 | context_neighbors_mean=1.56 | context_neighbors_max=4 | last_context_neighbors_mean=0.00 | last_context_neighbors_max=0 | actor_unlocked=1 | expl_noise=0.0696 | replay=38728 | interaction_replay=15409 | samples/sec=7.894
Episode 453 complete | agent_samples=38801 | env_steps=16681 | episode_env_steps=20 | episode_agent_samples=73 | mean_reward=76.250 | success=4/5 | collision=1/5 | mean_final_distance=0.321 | mean_progress=0.0082 | min_laser=0.333 | mean_lin=0.794 | mean_ang=0.062 | mean_robot_dist=0.626 | raw_reward=-20.374 | adjusted_reward=-20.374 | coop_agents=0/5 | mean_coop_neighbors=0.00 | active_neighbor_step_rate=0.753 | mean_active_neighbors_step=1.753 | max_active_neighbors_step=4 | interaction_reward=0.0000 | abs_interaction_reward=0.0000 | anti_stag_reward=0.0000 | abs_anti_stag_reward=0.0000 | wall_clear_reward=0.0000 | abs_wall_clear_reward=0.0000 | local_nav_reward=0.0000 | abs_local_nav_reward=0.0000 | context_neighbors_mean=1.78 | context_neighbors_max=4 | last_context_neighbors_mean=0.00 | last_context_neighbors_max=0 | actor_unlocked=1 | expl_noise=0.0696 | replay=38801 | interaction_replay=15436 | samples/sec=7.902
Episode 454 complete | agent_samples=38873 | env_steps=16717 | episode_env_steps=36 | episode_agent_samples=72 | mean_reward=33.822 | success=3/5 | collision=2/5 | mean_final_distance=0.544 | mean_progress=0.0042 | min_laser=0.318 | mean_lin=0.991 | mean_ang=0.147 | mean_robot_dist=2.043 | raw_reward=20.000 | adjusted_reward=20.000 | coop_agents=0/5 | mean_coop_neighbors=0.00 | active_neighbor_step_rate=0.583 | mean_active_neighbors_step=1.375 | max_active_neighbors_step=4 | interaction_reward=0.0000 | abs_interaction_reward=0.0000 | anti_stag_reward=0.0000 | abs_anti_stag_reward=0.0000 | wall_clear_reward=0.0000 | abs_wall_clear_reward=0.0000 | local_nav_reward=0.0000 | abs_local_nav_reward=0.0000 | context_neighbors_mean=1.44 | context_neighbors_max=4 | last_context_neighbors_mean=0.00 | last_context_neighbors_max=0 | actor_unlocked=1 | expl_noise=0.0696 | replay=38873 | interaction_replay=15476 | samples/sec=7.904
Episode 455 complete | agent_samples=38944 | env_steps=16751 | episode_env_steps=34 | episode_agent_samples=71 | mean_reward=31.175 | success=3/5 | collision=2/5 | mean_final_distance=0.543 | mean_progress=0.0091 | min_laser=0.302 | mean_lin=0.800 | mean_ang=0.282 | mean_robot_dist=1.109 | raw_reward=20.000 | adjusted_reward=20.000 | coop_agents=0/5 | mean_coop_neighbors=0.00 | active_neighbor_step_rate=0.648 | mean_active_neighbors_step=1.563 | max_active_neighbors_step=4 | interaction_reward=0.0000 | abs_interaction_reward=0.0000 | anti_stag_reward=0.0000 | abs_anti_stag_reward=0.0000 | wall_clear_reward=0.0000 | abs_wall_clear_reward=0.0000 | local_nav_reward=0.0000 | abs_local_nav_reward=0.0000 | context_neighbors_mean=1.61 | context_neighbors_max=4 | last_context_neighbors_mean=0.00 | last_context_neighbors_max=0 | actor_unlocked=1 | expl_noise=0.0695 | replay=38944 | interaction_replay=15520 | samples/sec=7.906
Status | epoch=2 | next_eval_in=1056 agent_samples | checkpoint_every=10 episodes | checkpoint=./checkpoints/interaction_safe_distance_from_5a_s20260725_latest.pt | model=interaction_safe_distance_from_5a_s20260725
Episode 456 complete | agent_samples=38994 | env_steps=16764 | episode_env_steps=13 | episode_agent_samples=50 | mean_reward=36.015 | success=3/5 | collision=2/5 | mean_final_distance=0.453 | mean_progress=0.0103 | min_laser=0.300 | mean_lin=0.598 | mean_ang=-0.448 | mean_robot_dist=1.494 | raw_reward=20.000 | adjusted_reward=20.000 | coop_agents=0/5 | mean_coop_neighbors=0.00 | active_neighbor_step_rate=0.880 | mean_active_neighbors_step=1.920 | max_active_neighbors_step=4 | interaction_reward=0.0000 | abs_interaction_reward=0.0000 | anti_stag_reward=0.0000 | abs_anti_stag_reward=0.0000 | wall_clear_reward=0.0000 | abs_wall_clear_reward=0.0000 | local_nav_reward=0.0000 | abs_local_nav_reward=0.0000 | context_neighbors_mean=1.90 | context_neighbors_max=4 | last_context_neighbors_mean=0.00 | last_context_neighbors_max=0 | actor_unlocked=1 | expl_noise=0.0695 | replay=38994 | interaction_replay=15564 | samples/sec=7.912
Episode 457 complete | agent_samples=39060 | env_steps=16792 | episode_env_steps=28 | episode_agent_samples=66 | mean_reward=34.146 | success=3/5 | collision=2/5 | mean_final_distance=0.609 | mean_progress=0.0048 | min_laser=0.300 | mean_lin=0.844 | mean_ang=-0.513 | mean_robot_dist=1.803 | raw_reward=20.000 | adjusted_reward=20.000 | coop_agents=0/5 | mean_coop_neighbors=0.00 | active_neighbor_step_rate=0.667 | mean_active_neighbors_step=1.697 | max_active_neighbors_step=4 | interaction_reward=0.0000 | abs_interaction_reward=0.0000 | anti_stag_reward=0.0000 | abs_anti_stag_reward=0.0000 | wall_clear_reward=0.0000 | abs_wall_clear_reward=0.0000 | local_nav_reward=0.0000 | abs_local_nav_reward=0.0000 | context_neighbors_mean=1.74 | context_neighbors_max=4 | last_context_neighbors_mean=0.00 | last_context_neighbors_max=0 | actor_unlocked=1 | expl_noise=0.0695 | replay=39060 | interaction_replay=15611 | samples/sec=7.915
Episode 458 complete | agent_samples=39113 | env_steps=16806 | episode_env_steps=14 | episode_agent_samples=53 | mean_reward=27.725 | success=3/5 | collision=2/5 | mean_final_distance=0.875 | mean_progress=0.0221 | min_laser=0.341 | mean_lin=0.784 | mean_ang=-0.163 | mean_robot_dist=2.611 | raw_reward=20.000 | adjusted_reward=20.000 | coop_agents=0/5 | mean_coop_neighbors=0.00 | active_neighbor_step_rate=0.868 | mean_active_neighbors_step=2.019 | max_active_neighbors_step=4 | interaction_reward=0.0000 | abs_interaction_reward=0.0000 | anti_stag_reward=0.0000 | abs_anti_stag_reward=0.0000 | wall_clear_reward=0.0000 | abs_wall_clear_reward=0.0000 | local_nav_reward=0.0000 | abs_local_nav_reward=0.0000 | context_neighbors_mean=2.02 | context_neighbors_max=4 | last_context_neighbors_mean=0.00 | last_context_neighbors_max=0 | actor_unlocked=1 | expl_noise=0.0695 | replay=39113 | interaction_replay=15635 | samples/sec=7.921
Episode 459 complete | agent_samples=39197 | env_steps=16847 | episode_env_steps=41 | episode_agent_samples=84 | mean_reward=78.566 | success=4/5 | collision=1/5 | mean_final_distance=0.381 | mean_progress=0.0129 | min_laser=0.331 | mean_lin=0.625 | mean_ang=-0.472 | mean_robot_dist=2.608 | raw_reward=20.000 | adjusted_reward=20.000 | coop_agents=0/5 | mean_coop_neighbors=0.00 | active_neighbor_step_rate=0.321 | mean_active_neighbors_step=0.702 | max_active_neighbors_step=4 | interaction_reward=0.0000 | abs_interaction_reward=0.0000 | anti_stag_reward=0.0000 | abs_anti_stag_reward=0.0000 | wall_clear_reward=0.0000 | abs_wall_clear_reward=0.0000 | local_nav_reward=0.0000 | abs_local_nav_reward=0.0000 | context_neighbors_mean=0.71 | context_neighbors_max=4 | last_context_neighbors_mean=0.00 | last_context_neighbors_max=0 | actor_unlocked=1 | expl_noise=0.0695 | replay=39197 | interaction_replay=15649 | samples/sec=7.924
Episode 460 complete | agent_samples=39256 | env_steps=16864 | episode_env_steps=17 | episode_agent_samples=59 | mean_reward=76.704 | success=4/5 | collision=1/5 | mean_final_distance=0.361 | mean_progress=0.0271 | min_laser=0.332 | mean_lin=1.000 | mean_ang=0.930 | mean_robot_dist=1.120 | raw_reward=20.000 | adjusted_reward=20.000 | coop_agents=0/5 | mean_coop_neighbors=0.00 | active_neighbor_step_rate=0.831 | mean_active_neighbors_step=1.864 | max_active_neighbors_step=4 | interaction_reward=0.0000 | abs_interaction_reward=0.0000 | anti_stag_reward=0.0000 | abs_anti_stag_reward=0.0000 | wall_clear_reward=0.0000 | abs_wall_clear_reward=0.0000 | local_nav_reward=0.0000 | abs_local_nav_reward=0.0000 | context_neighbors_mean=1.95 | context_neighbors_max=4 | last_context_neighbors_mean=0.00 | last_context_neighbors_max=0 | actor_unlocked=1 | expl_noise=0.0695 | replay=39256 | interaction_replay=15694 | samples/sec=7.930
Status | epoch=2 | next_eval_in=744 agent_samples | checkpoint_every=10 episodes | checkpoint=./checkpoints/interaction_safe_distance_from_5a_s20260725_latest.pt | model=interaction_safe_distance_from_5a_s20260725
Checkpoint saved: ./checkpoints/interaction_safe_distance_from_5a_s20260725_latest.pt
Episode 461 complete | agent_samples=39364 | env_steps=16921 | episode_env_steps=57 | episode_agent_samples=108 | mean_reward=106.796 | success=5/5 | collision=0/5 | mean_final_distance=0.277 | mean_progress=0.0064 | min_laser=0.391 | mean_lin=0.717 | mean_ang=-0.476 | mean_robot_dist=1.160 | raw_reward=20.000 | adjusted_reward=20.000 | coop_agents=0/5 | mean_coop_neighbors=0.00 | active_neighbor_step_rate=0.556 | mean_active_neighbors_step=1.204 | max_active_neighbors_step=3 | interaction_reward=0.0000 | abs_interaction_reward=0.0000 | anti_stag_reward=0.0000 | abs_anti_stag_reward=0.0000 | wall_clear_reward=0.0000 | abs_wall_clear_reward=0.0000 | local_nav_reward=0.0000 | abs_local_nav_reward=0.0000 | context_neighbors_mean=1.24 | context_neighbors_max=3 | last_context_neighbors_mean=0.00 | last_context_neighbors_max=0 | actor_unlocked=1 | expl_noise=0.0694 | replay=39364 | interaction_replay=15755 | samples/sec=7.930
Episode 462 complete | agent_samples=39441 | env_steps=16953 | episode_env_steps=32 | episode_agent_samples=77 | mean_reward=-17.393 | success=2/5 | collision=3/5 | mean_final_distance=0.855 | mean_progress=0.0129 | min_laser=0.317 | mean_lin=1.000 | mean_ang=-0.166 | mean_robot_dist=0.570 | raw_reward=-20.430 | adjusted_reward=-20.430 | coop_agents=0/5 | mean_coop_neighbors=0.00 | active_neighbor_step_rate=0.818 | mean_active_neighbors_step=1.792 | max_active_neighbors_step=4 | interaction_reward=0.0000 | abs_interaction_reward=0.0000 | anti_stag_reward=0.0000 | abs_anti_stag_reward=0.0000 | wall_clear_reward=0.0000 | abs_wall_clear_reward=0.0000 | local_nav_reward=0.0000 | abs_local_nav_reward=0.0000 | context_neighbors_mean=1.81 | context_neighbors_max=4 | last_context_neighbors_mean=0.00 | last_context_neighbors_max=0 | actor_unlocked=1 | expl_noise=0.0694 | replay=39441 | interaction_replay=15781 | samples/sec=7.934
Episode 463 complete | agent_samples=39545 | env_steps=16991 | episode_env_steps=38 | episode_agent_samples=104 | mean_reward=128.595 | success=5/5 | collision=0/5 | mean_final_distance=0.253 | mean_progress=0.0126 | min_laser=0.461 | mean_lin=0.989 | mean_ang=-0.518 | mean_robot_dist=1.454 | raw_reward=20.000 | adjusted_reward=20.000 | coop_agents=0/5 | mean_coop_neighbors=0.00 | active_neighbor_step_rate=0.394 | mean_active_neighbors_step=0.769 | max_active_neighbors_step=4 | interaction_reward=0.0000 | abs_interaction_reward=0.0000 | anti_stag_reward=0.0000 | abs_anti_stag_reward=0.0000 | wall_clear_reward=0.0000 | abs_wall_clear_reward=0.0000 | local_nav_reward=0.0000 | abs_local_nav_reward=0.0000 | context_neighbors_mean=0.81 | context_neighbors_max=4 | last_context_neighbors_mean=0.00 | last_context_neighbors_max=0 | actor_unlocked=1 | expl_noise=0.0694 | replay=39545 | interaction_replay=15809 | samples/sec=7.942
Episode 464 complete | agent_samples=39641 | env_steps=17024 | episode_env_steps=33 | episode_agent_samples=96 | mean_reward=107.017 | success=5/5 | collision=0/5 | mean_final_distance=0.250 | mean_progress=0.0206 | min_laser=0.609 | mean_lin=0.977 | mean_ang=-0.248 | mean_robot_dist=1.843 | raw_reward=20.000 | adjusted_reward=20.000 | coop_agents=0/5 | mean_coop_neighbors=0.00 | active_neighbor_step_rate=0.667 | mean_active_neighbors_step=1.062 | max_active_neighbors_step=3 | interaction_reward=0.0000 | abs_interaction_reward=0.0000 | anti_stag_reward=0.0000 | abs_anti_stag_reward=0.0000 | wall_clear_reward=0.0000 | abs_wall_clear_reward=0.0000 | local_nav_reward=0.0000 | abs_local_nav_reward=0.0000 | context_neighbors_mean=1.10 | context_neighbors_max=3 | last_context_neighbors_mean=0.00 | last_context_neighbors_max=0 | actor_unlocked=1 | expl_noise=0.0694 | replay=39641 | interaction_replay=15852 | samples/sec=7.950
Episode 465 complete | agent_samples=39713 | env_steps=17044 | episode_env_steps=20 | episode_agent_samples=72 | mean_reward=41.867 | success=3/5 | collision=2/5 | mean_final_distance=0.507 | mean_progress=0.0017 | min_laser=0.300 | mean_lin=0.795 | mean_ang=-1.000 | mean_robot_dist=2.243 | raw_reward=20.000 | adjusted_reward=20.000 | coop_agents=0/5 | mean_coop_neighbors=0.00 | active_neighbor_step_rate=0.722 | mean_active_neighbors_step=1.750 | max_active_neighbors_step=4 | interaction_reward=0.0000 | abs_interaction_reward=0.0000 | anti_stag_reward=0.0000 | abs_anti_stag_reward=0.0000 | wall_clear_reward=0.0000 | abs_wall_clear_reward=0.0000 | local_nav_reward=0.0000 | abs_local_nav_reward=0.0000 | context_neighbors_mean=1.81 | context_neighbors_max=4 | last_context_neighbors_mean=0.00 | last_context_neighbors_max=0 | actor_unlocked=1 | expl_noise=0.0693 | replay=39713 | interaction_replay=15884 | samples/sec=7.957
Status | epoch=2 | next_eval_in=287 agent_samples | checkpoint_every=10 episodes | checkpoint=./checkpoints/interaction_safe_distance_from_5a_s20260725_latest.pt | model=interaction_safe_distance_from_5a_s20260725
Episode 466 complete | agent_samples=39766 | env_steps=17060 | episode_env_steps=16 | episode_agent_samples=53 | mean_reward=35.049 | success=3/5 | collision=2/5 | mean_final_distance=0.521 | mean_progress=0.0150 | min_laser=0.301 | mean_lin=0.815 | mean_ang=-0.208 | mean_robot_dist=1.504 | raw_reward=20.000 | adjusted_reward=20.000 | coop_agents=0/5 | mean_coop_neighbors=0.00 | active_neighbor_step_rate=0.792 | mean_active_neighbors_step=2.453 | max_active_neighbors_step=4 | interaction_reward=0.0000 | abs_interaction_reward=0.0000 | anti_stag_reward=0.0000 | abs_anti_stag_reward=0.0000 | wall_clear_reward=0.0000 | abs_wall_clear_reward=0.0000 | local_nav_reward=0.0000 | abs_local_nav_reward=0.0000 | context_neighbors_mean=2.51 | context_neighbors_max=4 | last_context_neighbors_mean=0.00 | last_context_neighbors_max=0 | actor_unlocked=1 | expl_noise=0.0693 | replay=39766 | interaction_replay=15921 | samples/sec=7.962
Episode 467 complete | agent_samples=39819 | env_steps=17076 | episode_env_steps=16 | episode_agent_samples=53 | mean_reward=118.291 | success=5/5 | collision=0/5 | mean_final_distance=0.226 | mean_progress=0.0201 | min_laser=0.418 | mean_lin=0.991 | mean_ang=0.201 | mean_robot_dist=1.163 | raw_reward=20.000 | adjusted_reward=20.000 | coop_agents=0/5 | mean_coop_neighbors=0.00 | active_neighbor_step_rate=0.774 | mean_active_neighbors_step=1.472 | max_active_neighbors_step=3 | interaction_reward=0.0000 | abs_interaction_reward=0.0000 | anti_stag_reward=0.0000 | abs_anti_stag_reward=0.0000 | wall_clear_reward=0.0000 | abs_wall_clear_reward=0.0000 | local_nav_reward=0.0000 | abs_local_nav_reward=0.0000 | context_neighbors_mean=1.55 | context_neighbors_max=3 | last_context_neighbors_mean=0.00 | last_context_neighbors_max=0 | actor_unlocked=1 | expl_noise=0.0693 | replay=39819 | interaction_replay=15956 | samples/sec=7.967
Episode 468 complete | agent_samples=39862 | env_steps=17086 | episode_env_steps=10 | episode_agent_samples=43 | mean_reward=73.131 | success=4/5 | collision=1/5 | mean_final_distance=0.446 | mean_progress=0.0243 | min_laser=0.300 | mean_lin=0.781 | mean_ang=0.607 | mean_robot_dist=1.783 | raw_reward=20.000 | adjusted_reward=20.000 | coop_agents=0/5 | mean_coop_neighbors=0.00 | active_neighbor_step_rate=0.814 | mean_active_neighbors_step=1.860 | max_active_neighbors_step=4 | interaction_reward=0.0000 | abs_interaction_reward=0.0000 | anti_stag_reward=0.0000 | abs_anti_stag_reward=0.0000 | wall_clear_reward=0.0000 | abs_wall_clear_reward=0.0000 | local_nav_reward=0.0000 | abs_local_nav_reward=0.0000 | context_neighbors_mean=1.93 | context_neighbors_max=4 | last_context_neighbors_mean=0.00 | last_context_neighbors_max=0 | actor_unlocked=1 | expl_noise=0.0693 | replay=39862 | interaction_replay=15991 | samples/sec=7.972
Episode 469 complete | agent_samples=39949 | env_steps=17129 | episode_env_steps=43 | episode_agent_samples=87 | mean_reward=33.521 | success=3/5 | collision=2/5 | mean_final_distance=0.459 | mean_progress=0.0049 | min_laser=0.300 | mean_lin=0.406 | mean_ang=-0.999 | mean_robot_dist=2.890 | raw_reward=20.000 | adjusted_reward=20.000 | coop_agents=0/5 | mean_coop_neighbors=0.00 | active_neighbor_step_rate=0.563 | mean_active_neighbors_step=1.540 | max_active_neighbors_step=4 | interaction_reward=0.0000 | abs_interaction_reward=0.0000 | anti_stag_reward=0.0000 | abs_anti_stag_reward=0.0000 | wall_clear_reward=0.0000 | abs_wall_clear_reward=0.0000 | local_nav_reward=0.0000 | abs_local_nav_reward=0.0000 | context_neighbors_mean=1.56 | context_neighbors_max=4 | last_context_neighbors_mean=0.00 | last_context_neighbors_max=0 | actor_unlocked=1 | expl_noise=0.0693 | replay=39949 | interaction_replay=16014 | samples/sec=7.975
Episode 470 complete | agent_samples=40071 | env_steps=17211 | episode_env_steps=82 | episode_agent_samples=122 | mean_reward=25.462 | success=3/5 | collision=2/5 | mean_final_distance=0.470 | mean_progress=0.0105 | min_laser=0.300 | mean_lin=0.947 | mean_ang=-0.187 | mean_robot_dist=1.132 | raw_reward=20.000 | adjusted_reward=20.000 | coop_agents=0/5 | mean_coop_neighbors=0.00 | active_neighbor_step_rate=0.418 | mean_active_neighbors_step=0.951 | max_active_neighbors_step=4 | interaction_reward=0.0000 | abs_interaction_reward=0.0000 | anti_stag_reward=0.0000 | abs_anti_stag_reward=0.0000 | wall_clear_reward=0.0000 | abs_wall_clear_reward=0.0000 | local_nav_reward=0.0000 | abs_local_nav_reward=0.0000 | context_neighbors_mean=0.98 | context_neighbors_max=4 | last_context_neighbors_mean=0.00 | last_context_neighbors_max=0 | actor_unlocked=1 | expl_noise=0.0692 | replay=40071 | interaction_replay=16056 | samples/sec=7.971
Status | epoch=2 | next_eval_in=-71 agent_samples | checkpoint_every=10 episodes | checkpoint=./checkpoints/interaction_safe_distance_from_5a_s20260725_latest.pt | model=interaction_safe_distance_from_5a_s20260725
Checkpoint saved: ./checkpoints/interaction_safe_distance_from_5a_s20260725_latest.pt
Validating multi-agent policy at agent_samples=40071 env_steps=17211
Manifest switched: strong-interaction-curriculum-validation-v1 | scenarios=140 | sampling=cycle | path=/home/jiutian/Local-Critic-Multi-Robot-Navigation-gate/experiments/04_保留专门化/05_论文主线/datasets/fixed_v1/views/strong_interaction_curriculum_v1/validation.json.gz
Validation progress | epoch=2 | episodes=10/140 | success_rate=0.780 | collision_rate=0.220 | full_success_rate=0.300 | timeout_rate=0.000
Validation progress | epoch=2 | episodes=20/140 | success_rate=0.760 | collision_rate=0.240 | full_success_rate=0.250 | timeout_rate=0.000
Validation progress | epoch=2 | episodes=30/140 | success_rate=0.800 | collision_rate=0.200 | full_success_rate=0.367 | timeout_rate=0.000
Validation progress | epoch=2 | episodes=40/140 | success_rate=0.790 | collision_rate=0.210 | full_success_rate=0.350 | timeout_rate=0.000
Validation progress | epoch=2 | episodes=50/140 | success_rate=0.776 | collision_rate=0.224 | full_success_rate=0.320 | timeout_rate=0.000
Validation progress | epoch=2 | episodes=60/140 | success_rate=0.777 | collision_rate=0.223 | full_success_rate=0.333 | timeout_rate=0.000
Validation progress | epoch=2 | episodes=70/140 | success_rate=0.791 | collision_rate=0.209 | full_success_rate=0.357 | timeout_rate=0.000
Validation progress | epoch=2 | episodes=80/140 | success_rate=0.792 | collision_rate=0.205 | full_success_rate=0.350 | timeout_rate=0.013
Validation progress | epoch=2 | episodes=90/140 | success_rate=0.802 | collision_rate=0.196 | full_success_rate=0.378 | timeout_rate=0.011
Validation progress | epoch=2 | episodes=100/140 | success_rate=0.804 | collision_rate=0.194 | full_success_rate=0.390 | timeout_rate=0.010
Validation progress | epoch=2 | episodes=110/140 | success_rate=0.800 | collision_rate=0.198 | full_success_rate=0.373 | timeout_rate=0.009
Validation progress | epoch=2 | episodes=120/140 | success_rate=0.802 | collision_rate=0.197 | full_success_rate=0.383 | timeout_rate=0.008
Validation progress | epoch=2 | episodes=130/140 | success_rate=0.809 | collision_rate=0.189 | full_success_rate=0.408 | timeout_rate=0.008
Validation progress | epoch=2 | episodes=140/140 | success_rate=0.813 | collision_rate=0.186 | full_success_rate=0.421 | timeout_rate=0.007
..............................................
Multi-Agent Eval Epoch 2 | avg_reward=76.811 | success_rate=0.813 | collision_rate=0.186 | unresolved_rate=0.001 | full_success_rate=0.421 | timeout_episode_rate=0.007 | avg_env_steps=36.6 | avg_final_distance=0.315
Eval success_hist 0..N: [0, 0, 2, 46, 33, 59]
Eval collision_hist 0..N: [60, 32, 46, 2, 0, 0]
Eval oracle strong-actor activation rate: 0.4247 (5199/12243 agent steps)
Eval interaction stratum | band=close | episodes=40 | success_rate=0.870 | collision_rate=0.130 | unresolved_rate=0.000 | full_success_rate=0.475 | timeout_rate=0.000 | avg_steps=37.1
Eval interaction stratum | band=deep | episodes=60 | success_rate=0.690 | collision_rate=0.310 | unresolved_rate=0.000 | full_success_rate=0.150 | timeout_rate=0.000 | avg_steps=33.7
Eval interaction stratum | band=margin | episodes=40 | success_rate=0.940 | collision_rate=0.055 | unresolved_rate=0.005 | full_success_rate=0.775 | timeout_rate=0.025 | avg_steps=40.6
..............................................
Manifest switched: strong-interaction-stage2-train-v1 | scenarios=640 | sampling=random | path=/home/jiutian/Local-Critic-Multi-Robot-Navigation-gate/experiments/04_保留专门化/05_论文主线/datasets/fixed_v1/views/strong_interaction_curriculum_v1/stage2_train.json.gz
Epoch model snapshot saved: interaction_safe_distance_from_5a_s20260725_epoch_002
Checkpoint saved: ./checkpoints/interaction_safe_distance_from_5a_s20260725_latest.pt
Next epoch will start from 3. Resume keeps this counter in ./checkpoints/interaction_safe_distance_from_5a_s20260725_latest.pt
Max epochs reached | completed_epochs=2 | max_epochs=2
Training stopped after reaching configured max epochs.
已终止
O] [1784904746.883647143, 0.872000000]: DiffDrive(ns = /r1/): Subscribe to cmd_vel
[INFO] [1784904746.883870555, 0.872000000]: DiffDrive(ns = /r1/): Advertise odom on odom 
[INFO] [1784904746.883954510, 0.872000000]: GazeboRosJointStatePublisher is going to publish joint: chassis_swivel_joint
[INFO] [1784904746.883959543, 0.872000000]: GazeboRosJointStatePublisher is going to publish joint: swivel_wheel_joint
[INFO] [1784904746.883963083, 0.872000000]: GazeboRosJointStatePublisher is going to publish joint: left_hub_joint
[INFO] [1784904746.883967265, 0.872000000]: GazeboRosJointStatePublisher is going to publish joint: right_hub_joint
[INFO] [1784904746.883970834, 0.872000000]: Starting GazeboRosJointStatePublisher Plugin (ns = /r1/)!, parent name: r1
[INFO] [1784904747.170849008, 1.008000000]: Laser Plugin: The 'robotNamespace' param was empty
[INFO] [1784904747.170866910, 1.008000000]: Starting Laser Plugin (ns = r2)
[INFO] [1784904747.171214299, 1.008000000]: Laser Plugin (ns = r2)  <tf_prefix_>, set to ""
[INFO] [1784904747.826565109, 1.008000000]: Velodyne laser plugin missing <min_intensity>, defaults to no clipping
[INFO] [1784904747.827176161, 1.008000000]: Velodyne laser plugin ready, 16 lasers
[INFO] [1784904747.829033952, 1.008000000]: Starting plugin DiffDrive(ns = /r2/)
[DEBUG] [1784904747.829043748, 1.008000000]: DiffDrive(ns = /r2/): <rosDebugLevel> = Debug
[INFO] [1784904747.829056272, 1.008000000]: DiffDrive(ns = /r2/): <rosDebugLevel> = Debug
[INFO] [1784904747.829223100, 1.008000000]: DiffDrive(ns = /r2/): <tf_prefix> = 
[DEBUG] [1784904747.829228302, 1.008000000]: DiffDrive(ns = /r2/): <commandTopic> = cmd_vel
[DEBUG] [1784904747.829233257, 1.008000000]: DiffDrive(ns = /r2/): <odometryTopic> = odom
[DEBUG] [1784904747.829240129, 1.008000000]: DiffDrive(ns = /r2/): <odometryFrame> = odom
[DEBUG] [1784904747.829245066, 1.008000000]: DiffDrive(ns = /r2/): <robotBaseFrame> = base_link
[DEBUG] [1784904747.829252225, 1.008000000]: DiffDrive(ns = /r2/): <publishWheelTF> = false
[DEBUG] [1784904747.829259197, 1.008000000]: DiffDrive(ns = /r2/): <publishOdomTF> = false
[DEBUG] [1784904747.829266089, 1.008000000]: DiffDrive(ns = /r2/): <publishWheelJointState> = false
[DEBUG] [1784904747.829276062, 1.008000000]: DiffDrive(ns = /r2/): <wheelSeparation> = 0.29999999999999999
[DEBUG] [1784904747.829284373, 1.008000000]: DiffDrive(ns = /r2/): <wheelDiameter> = 0.17999999999999999
[DEBUG] [1784904747.829293484, 1.008000000]: DiffDrive(ns = /r2/): <wheelAcceleration> = 1.8
[DEBUG] [1784904747.829302102, 1.008000000]: DiffDrive(ns = /r2/): <wheelTorque> = 20
[DEBUG] [1784904747.829310764, 1.008000000]: DiffDrive(ns = /r2/): <updateRate> = 50
[DEBUG] [1784904747.829319779, 1.008000000]: DiffDrive(ns = /r2/): <odometrySource> = world := 1
[DEBUG] [1784904747.829327150, 1.008000000]: DiffDrive(ns = /r2/): <leftJoint> = left_hub_joint
[DEBUG] [1784904747.829334365, 1.008000000]: DiffDrive(ns = /r2/): <rightJoint> = right_hub_joint
[INFO] [1784904747.829370410, 1.008000000]: DiffDrive(ns = /r2/): Try to subscribe to cmd_vel
[INFO] [1784904747.830267058, 1.008000000]: DiffDrive(ns = /r2/): Subscribe to cmd_vel
[INFO] [1784904747.830416871, 1.008000000]: DiffDrive(ns = /r2/): Advertise odom on odom 
[INFO] [1784904747.830511189, 1.008000000]: GazeboRosJointStatePublisher is going to publish joint: chassis_swivel_joint
[INFO] [1784904747.830517864, 1.008000000]: GazeboRosJointStatePublisher is going to publish joint: swivel_wheel_joint
[INFO] [1784904747.830523802, 1.008000000]: GazeboRosJointStatePublisher is going to publish joint: left_hub_joint
[INFO] [1784904747.830528341, 1.008000000]: GazeboRosJointStatePublisher is going to publish joint: right_hub_joint
[INFO] [1784904747.830534465, 1.008000000]: Starting GazeboRosJointStatePublisher Plugin (ns = /r2/)!, parent name: r2
Error in XmlRpcClient::writeRequest: write error (Connection refused).
Error in XmlRpcDispatch::work: couldn't find source iterator
Error in XmlRpcClient::writeRequest: write error (Connection refused).
Error in XmlRpcDispatch::work: couldn't find source iterator
Error in XmlRpcClient::writeRequest: write error (Connection refused).
Error in XmlRpcDispatch::work: couldn't find source iterator
Error in XmlRpcClient::writeRequest: write error (Connection refused).
Error in XmlRpcDispatch::work: couldn't find source iterator
Error in XmlRpcClient::writeRequest: write error (Connection refused).
Error in XmlRpcDispatch::work: couldn't find source iterator
... logging to /home/jiutian/.ros/log/8ea9d11c-876e-11f1-a71a-79b7e70ca52d/roslaunch-JiuTian-AI4090-2992992.log
Checking log directory for disk usage. This may take a while.
Press Ctrl-C to interrupt
Done checking log file disk usage. Usage is <1GB.
]2;roscore
[1mstarted roslaunch server http://localhost:37751/[0m
ros_comm version 1.17.4


SUMMARY
========

PARAMETERS
 * /rosdistro: noetic
 * /rosversion: 1.17.4

NODES

auto-starting new master
[1mprocess[master]: started with pid [2993003][0m
[1mROS_MASTER_URI=http://localhost:13013/[0m
]2;roscore http://localhost:13013/
[1msetting /run_id to 8ea9d11c-876e-11f1-a71a-79b7e70ca52d[0m
[1mprocess[rosout-1]: started with pid [2993013][0m
started core service [/rosout]
[rosout-1] killing on exit
[master] killing on exit
shutting down processing monitor...
... shutting down processing monitor complete
[1mdone[0m
... logging to /home/jiutian/.ros/log/8ea9d11c-876e-11f1-a71a-79b7e70ca52d/roslaunch-JiuTian-AI4090-2993022.log
Checking log directory for disk usage. This may take a while.
Press Ctrl-C to interrupt
Done checking log file disk usage. Usage is <1GB.
]2;/home/jiutian/Local-Critic-Multi-Robot-Navigation-gate/TD3/assets/multi_robot_scenario_strong_interaction_pilot_5.launch
[1mstarted roslaunch server http://localhost:45693/[0m

SUMMARY
========

PARAMETERS
 * /robot_description_r1: <?xml version="1....
 * /robot_description_r2: <?xml version="1....
 * /robot_description_r3: <?xml version="1....
 * /robot_description_r4: <?xml version="1....
 * /robot_description_r5: <?xml version="1....
 * /rosdistro: noetic
 * /rosversion: 1.17.4
 * /use_sim_time: True

NODES
  /
    gazebo (gazebo_ros/gzserver)
    urdf_spawner_r1 (gazebo_ros/spawn_model)
    urdf_spawner_r2 (gazebo_ros/spawn_model)
    urdf_spawner_r3 (gazebo_ros/spawn_model)
    urdf_spawner_r4 (gazebo_ros/spawn_model)
    urdf_spawner_r5 (gazebo_ros/spawn_model)

[1mROS_MASTER_URI=http://localhost:13013/[0m
]2;/home/jiutian/Local-Critic-Multi-Robot-Navigation-gate/TD3/assets/multi_robot_scenario_strong_interaction_pilot_5.launch http://localhost:13013/
[1mprocess[gazebo-1]: started with pid [2993205][0m
[1mprocess[urdf_spawner_r1-2]: started with pid [2993209][0m
[1mprocess[urdf_spawner_r2-3]: started with pid [2993211][0m
[1mprocess[urdf_spawner_r3-4]: started with pid [2993212][0m
[1mprocess[urdf_spawner_r4-5]: started with pid [2993213][0m
[1mprocess[urdf_spawner_r5-6]: started with pid [2993214][0m
[1m[urdf_spawner_r4-5] process has finished cleanly
log file: /home/jiutian/.ros/log/8ea9d11c-876e-11f1-a71a-79b7e70ca52d/urdf_spawner_r4-5*.log[0m
[1m[urdf_spawner_r3-4] process has finished cleanly
log file: /home/jiutian/.ros/log/8ea9d11c-876e-11f1-a71a-79b7e70ca52d/urdf_spawner_r3-4*.log[0m
[1m[urdf_spawner_r5-6] process has finished cleanly
log file: /home/jiutian/.ros/log/8ea9d11c-876e-11f1-a71a-79b7e70ca52d/urdf_spawner_r5-6*.log[0m
[1m[urdf_spawner_r1-2] process has finished cleanly
log file: /home/jiutian/.ros/log/8ea9d11c-876e-11f1-a71a-79b7e70ca52d/urdf_spawner_r1-2*.log[0m
[1m[urdf_spawner_r2-3] process has finished cleanly
log file: /home/jiutian/.ros/log/8ea9d11c-876e-11f1-a71a-79b7e70ca52d/urdf_spawner_r2-3*.log[0m
[gazebo-1] killing on exit
shutting down processing monitor...
... shutting down processing monitor complete
[1mdone[0m
