Fixed manifest enabled: 200 scenarios loaded
Roscore launched!
Unable to register with master node [http://localhost:13821]: master may not be running yet. Will keep trying.
Gazebo launched!
[INFO] [1785484765.035750, 0.000000]: Loading model XML from ros parameter robot_description_r2
[INFO] [1785484765.039411, 0.000000]: Waiting for service /gazebo/spawn_urdf_model
[INFO] [1785484765.341393, 0.353000]: Calling service /gazebo/spawn_urdf_model
[INFO] [1785484766.277230, 0.558000]: Spawn status: SpawnModel: Successfully spawned entity
[WARN] [1785484766.393494486, 0.558000000]: GazeboRosDiffDrive Plugin (ns = ) missing <publishTf>, defaults to 1
[INFO] [1785484765.047930931]: Finished loading Gazebo ROS API Plugin.
[INFO] [1785484765.048398178]: waitForService: Service [/gazebo/set_physics_properties] has not been advertised, waiting...
[INFO] [1785484765.171692795]: waitForService: Service [/gazebo/set_physics_properties] is now available.
[INFO] [1785484765.181212711]: Physics dynamic reconfigure ready.
[INFO] [1785484765.661946851, 0.558000000]: Laser Plugin: The 'robotNamespace' param was empty
[INFO] [1785484765.661987877, 0.558000000]: Starting Laser Plugin (ns = r2)
[INFO] [1785484765.662454687, 0.558000000]: Laser Plugin (ns = r2)  <tf_prefix_>, set to ""
[INFO] [1785484766.278010431, 0.558000000]: Velodyne laser plugin missing <min_intensity>, defaults to no clipping
[INFO] [1785484766.279064824, 0.558000000]: Velodyne laser plugin ready, 16 lasers
[INFO] [1785484766.392032200, 0.558000000]: Starting plugin DiffDrive(ns = /r2/)
[INFO] [1785484766.392142750, 0.558000000]: DiffDrive(ns = /r2/): <rosDebugLevel> = Debug
[INFO] [1785484766.393052678, 0.558000000]: DiffDrive(ns = /r2/): <tf_prefix> = 
[DEBUG] [1785484766.393141690, 0.558000000]: DiffDrive(ns = /r2/): <commandTopic> = cmd_vel
[DEBUG] [1785484766.393154723, 0.558000000]: DiffDrive(ns = /r2/): <odometryTopic> = odom
[DEBUG] [1785484766.393167784, 0.558000000]: DiffDrive(ns = /r2/): <odometryFrame> = odom
[DEBUG] [1785484766.393179538, 0.558000000]: DiffDrive(ns = /r2/): <robotBaseFrame> = base_link
[DEBUG] [1785484766.393232927, 0.558000000]: DiffDrive(ns = /r2/): <publishWheelTF> = false
[DEBUG] [1785484766.393246881, 0.558000000]: DiffDrive(ns = /r2/): <publishOdomTF> = false
[DEBUG] [1785484766.393258393, 0.558000000]: DiffDrive(ns = /r2/): <publishWheelJointState> = false
[DEBUG] [1785484766.393312088, 0.558000000]: DiffDrive(ns = /r2/): <wheelSeparation> = 0.29999999999999999
[DEBUG] [1785484766.393342442, 0.558000000]: DiffDrive(ns = /r2/): <wheelDiameter> = 0.17999999999999999
[DEBUG] [1785484766.393353841, 0.558000000]: DiffDrive(ns = /r2/): <wheelAcceleration> = 1.8
[DEBUG] [1785484766.393365901, 0.558000000]: DiffDrive(ns = /r2/): <wheelTorque> = 20
[DEBUG] [1785484766.393376548, 0.558000000]: DiffDrive(ns = /r2/): <updateRate> = 50
[DEBUG] [1785484766.393425290, 0.558000000]: DiffDrive(ns = /r2/): <odometrySource> = world := 1
[DEBUG] [1785484766.393459044, 0.558000000]: DiffDrive(ns = /r2/): <leftJoint> = left_hub_joint
[DEBUG] [1785484766.393473226, 0.558000000]: DiffDrive(ns = /r2/): <rightJoint> = right_hub_joint
[INFO] [1785484766.394482432, 0.558000000]: DiffDrive(ns = /r2/): Try to subscribe to cmd_vel
[INFO] [1785484766.397773356, 0.558000000]: DiffDrive(ns = /r2/): Subscribe to cmd_vel
[INFO] [1785484766.398625075, 0.558000000]: DiffDrive(ns = /r2/): Advertise odom on odom 
[INFO] [1785484766.405357277, 0.558000000]: GazeboRosJointStatePublisher is going to publish joint: chassis_swivel_joint
[INFO] [1785484766.405372087, 0.558000000]: GazeboRosJointStatePublisher is going to publish joint: swivel_wheel_joint
[INFO] [1785484766.405380037, 0.558000000]: GazeboRosJointStatePublisher is going to publish joint: left_hub_joint
[INFO] [1785484766.405386030, 0.558000000]: GazeboRosJointStatePublisher is going to publish joint: right_hub_joint
[INFO] [1785484766.405393159, 0.558000000]: Starting GazeboRosJointStatePublisher Plugin (ns = /r2/)!, parent name: r2
[DEBUG] [1785484766.452954243, 0.579000000]: Trying to publish message of type [nav_msgs/Odometry/cd5e73d190d741a2f92e81eda573aca7] on a publisher with type [nav_msgs/Odometry/cd5e73d190d741a2f92e81eda573aca7]
[DEBUG] [1785484766.453251401, 0.579000000]: Trying to publish message of type [sensor_msgs/JointState/3066dcd76a6cfaef579bd0f34173e9fd] on a publisher with type [sensor_msgs/JointState/3066dcd76a6cfaef579bd0f34173e9fd]
[INFO] [1785484766.694349970, 0.715000000]: Laser Plugin: The 'robotNamespace' param was empty
[INFO] [1785484766.694366620, 0.715000000]: Starting Laser Plugin (ns = r4)
[INFO] [1785484766.694972832, 0.715000000]: Laser Plugin (ns = r4)  <tf_prefix_>, set to ""
[INFO] [1785484767.327312196, 0.715000000]: [WARN] [1785484767.330053576, 0.715000000]: GazeboRosDiffDrive Plugin (ns = ) missing <publishTf>, defaults to 1
[INFO] [1785484765.042737, 0.000000]: Loading model XML from ros parameter robot_description_r4
[INFO] [1785484765.045284, 0.000000]: Waiting for service /gazebo/spawn_urdf_model
[INFO] [1785484765.348514, 0.360000]: Calling service /gazebo/spawn_urdf_model
[INFO] [1785484767.329406, 0.715000]: Spawn status: SpawnModel: Successfully spawned entity
Velodyne laser plugin missing <min_intensity>, defaults to no clipping
[INFO] [1785484767.328293156, 0.715000000]: Velodyne laser plugin ready, 16 lasers
[INFO] [1785484767.329417425, 0.715000000]: Starting plugin DiffDrive(ns = /r4/)
[DEBUG] [1785484767.329425501, 0.715000000]: DiffDrive(ns = /r4/): <rosDebugLevel> = Debug
[INFO] [1785484767.329435399, 0.715000000]: DiffDrive(ns = /r4/): <rosDebugLevel> = Debug
[INFO] [1785484767.329981621, 0.715000000]: DiffDrive(ns = /r4/): <tf_prefix> = 
[DEBUG] [1785484767.329991904, 0.715000000]: DiffDrive(ns = /r4/): <commandTopic> = cmd_vel
[DEBUG] [1785484767.329995659, 0.715000000]: DiffDrive(ns = /r4/): <odometryTopic> = odom
[DEBUG] [1785484767.329998848, 0.715000000]: DiffDrive(ns = /r4/): <odometryFrame> = odom
[DEBUG] [1785484767.330002143, 0.715000000]: DiffDrive(ns = /r4/): <robotBaseFrame> = base_link
[DEBUG] [1785484767.330006377, 0.715000000]: DiffDrive(ns = /r4/): <publishWheelTF> = false
[DEBUG] [1785484767.330009375, 0.715000000]: DiffDrive(ns = /r4/): <publishOdomTF> = false
[DEBUG] [1785484767.330012426, 0.715000000]: DiffDrive(ns = /r4/): <publishWheelJointState> = false
[DEBUG] [1785484767.330020208, 0.715000000]: DiffDrive(ns = /r4/): <wheelSeparation> = 0.29999999999999999
[DEBUG] [1785484767.330024186, 0.715000000]: DiffDrive(ns = /r4/): <wheelDiameter> = 0.17999999999999999
[DEBUG] [1785484767.330028377, 0.715000000]: DiffDrive(ns = /r4/): <wheelAcceleration> = 1.8
[DEBUG] [1785484767.330032263, 0.715000000]: DiffDrive(ns = /r4/): <wheelTorque> = 20
[DEBUG] [1785484767.330036030, 0.715000000]: DiffDrive(ns = /r4/): <updateRate> = 50
[DEBUG] [1785484767.330041342, 0.715000000]: DiffDrive(ns = /r4/): <odometrySource> = world := 1
[DEBUG] [1785484767.330044661, 0.715000000]: DiffDrive(ns = /r4/): <leftJoint> = left_hub_joint
[DEBUG] [1785484767.330048376, 0.715000000]: DiffDrive(ns = /r4/): <rightJoint> = right_hub_joint
[INFO] [1785484767.330099460, 0.715000000]: DiffDrive(ns = /r4/): Try to subscribe to cmd_vel
[INFO] [1785484767.331009153, 0.715000000]: DiffDrive(ns = /r4/): Subscribe to cmd_vel
[INFO] [1785484767.331137246, 0.715000000]: DiffDrive(ns = /r4/): Advertise odom on odom 
[INFO] [1785484767.331201716, 0.715000000]: GazeboRosJointStatePublisher is going to publish joint: chassis_swivel_joint
[INFO] [1785484767.331205496, 0.715000000]: GazeboRosJointStatePublisher is going to publish joint: swivel_wheel_joint
[INFO] [1785484767.331208786, 0.715000000]: GazeboRosJointStatePublisher is going to publish joint: left_hub_joint
[INFO] [1785484767.331211993, 0.715000000]: GazeboRosJointStatePublisher is going to publish joint: right_hub_joint
[INFO] [1785484767.331214954, 0.715000000]: Starting GazeboRosJointStatePublisher Plugin (ns = /r4/)!, parent name: r4
[INFO] [1785484767.630999944, 0.870000000]: Laser Plugin: The 'robotNamespace' param was empty
[INFO] [1785484767.631026611, 0.870000000]: Starting Laser Plugin (ns = r5)
[INFO] [1785484767.631533581, 0.870000000]: Laser Plugin (ns = r5)  <tf_prefix_>, set to ""
[INFO] [1785484768.254556802, 0.870000000]: Velodyne laser plugin missing <min_intensity>, defaults to no clipping
[INFO] [1785484768.255139925, 0.870000000]: Velodyne laser plugin ready, 16 lasers
[INFO] [1785484768.256003267, 0.870000000]: Starting plugin DiffDrive(ns = /r5/)
[DEBUG] [1785484768.256011859, 0.870000000]: DiffDrive(ns = /r5/): <rosDebugLevel> = Debug
[INFO] [1785484768.256021842, 0.870000000]: DiffDrive(ns = /r5/): <rosDebugLevel> = Debug
[INFO] [1785484768.256276774, 0.870000000]: DiffDrive(ns = /r5/): <tf_prefix> = 
[DEBUG] [1785484768.256287743, 0.870000000]: DiffDrive(ns = /r5/): <commandTopic> = cmd_vel
[DEBUG] [1785484768.256291656, 0.870000000]: DiffDrive(ns = /r5/): <odometryTopic> = odom
[DEBUG] [1785484768.256298999, 0.870000000]: DiffDrive(ns = /r5/): <odometryFrame> = odom
[DEBUG] [1785484768.256303549, 0.870000000]: DiffDrive(ns = /r5/): <robotBaseFrame> = base_link
[DEBUG] [1785484768.256312049, 0.870000000]: DiffDrive(ns = /r5/): <publishWheelTF> = false
[DEBUG] [1785484768.256318009, 0.870000000]: DiffDrive(n[WARN] [1785484768.256387603, 0.870000000]: GazeboRosDiffDrive Plugin (ns = ) missing <publishTf>, defaults to 1
[INFO] [1785484765.044098, 0.000000]: Loading model XML from ros parameter robot_description_r5
[INFO] [1785484765.047749, 0.000000]: Waiting for service /gazebo/spawn_urdf_model
[INFO] [1785484765.352232, 0.363000]: Calling service /gazebo/spawn_urdf_model
[INFO] [1785484768.255874, 0.870000]: Spawn status: SpawnModel: Successfully spawned entity
test_velodyne_td3_multi.py:48: FutureWarning: You are using `torch.load` with `weights_only=False` (the current default value), which uses the default pickle module implicitly. It is possible to construct malicious pickle data which will execute arbitrary code during unpickling (See https://github.com/pytorch/pytorch/blob/main/SECURITY.md#untrusted-models for more details). In a future release, the default value for `weights_only` will be flipped to `True`. This limits the functions that could be executed during unpickling. Arbitrary objects will no longer be allowed to be loaded via this mode unless they are explicitly allowlisted by the user via `torch.serialization.add_safe_globals`. We recommend you start setting `weights_only=True` for any use case where you don't have full control of the loaded file. Please open an issue on GitHub for any issues related to this experimental feature.
  actor_state = torch.load(
==============================================
Test version: multi-agent-eval-v1-headless
Test process PID: 2749022
Launchfile: multi_robot_scenario_strong_interaction_pilot_5.launch
Model file: validation200_dense_5a_r1_s20260731_20260731_155922
Actor mode: full
Actor selection mode: single
Dual actor mode: disabled
Rule oracle mode: disabled
Scenario mode: manifest
Manifest path: /home/jiutian/Local-Critic-Multi-Robot-Navigation-gate/experiments/03_保留专门化/02_论文主线/datasets/fixed_v1/views/dense_validation_monitor_v1/validation.json.gz
Manifest sampling: cycle
Seed: 20260731
Device: cuda
GPU: NVIDIA GeForce RTX 4090
Agent names: r1, r2, r3, r4, r5
TensorBoard log dir: runs/test_validation200_dense_5a_r1_s20260731_20260731_155922_Jul31_15-59-28_JiuTian-AI4090
State path: ./checkpoints/validation200_dense_5a_r1_s20260731_20260731_155922_state.pt
Resume mode: True
Starting episode: 0
Starting env steps: 0
Starting agent samples: 0
Target test episodes: 200
Trajectory JSONL: disabled
Raw lidar recording: disabled
Robot-perception shards: disabled
Case-level stats enabled
==============================================
[WARN] [1785484769.176016653, 1.027000000]: GazeboRosDiffDrive Plugin (ns = ) missing <publishTf>, defaults to 1
[INFO] [1785484765.051998, 0.000000]: Loading model XML from ros parameter robot_description_r3
[INFO] [1785484765.054761, 0.000000]: Waiting for service /gazebo/spawn_urdf_model
[INFO] [1785484765.358068, 0.369000]: Calling service /gazebo/spawn_urdf_model
[INFO] [1785484769.175629, 1.027000]: Spawn status: SpawnModel: Successfully spawned entity
s = /r5/): <publishOdomTF> = false
[DEBUG] [1785484768.256335298, 0.870000000]: DiffDrive(ns = /r5/): <publishWheelJointState> = false
[DEBUG] [1785484768.256343678, 0.870000000]: DiffDrive(ns = /r5/): <wheelSeparation> = 0.29999999999999999
[DEBUG] [1785484768.256348636, 0.870000000]: DiffDrive(ns = /r5/): <wheelDiameter> = 0.17999999999999999
[DEBUG] [1785484768.256354608, 0.870000000]: DiffDrive(ns = /r5/): <wheelAcceleration> = 1.8
[DEBUG] [1785484768.256360574, 0.870000000]: DiffDrive(ns = /r5/): <wheelTorque> = 20
[DEBUG] [1785484768.256365047, 0.870000000]: DiffDrive(ns = /r5/): <updateRate> = 50
[DEBUG] [1785484768.256371502, 0.870000000]: DiffDrive(ns = /r5/): <odometrySource> = world := 1
[DEBUG] [1785484768.256375864, 0.870000000]: DiffDrive(ns = /r5/): <leftJoint> = left_hub_joint
[DEBUG] [1785484768.256380744, 0.870000000]: DiffDrive(ns = /r5/): <rightJoint> = right_hub_joint
[INFO] [1785484768.256401786, 0.870000000]: DiffDrive(ns = /r5/): Try to subscribe to cmd_vel
[INFO] [1785484768.257600866, 0.870000000]: DiffDrive(ns = /r5/): Subscribe to cmd_vel
[INFO] [1785484768.257755727, 0.870000000]: DiffDrive(ns = /r5/): Advertise odom on odom 
[INFO] [1785484768.257866728, 0.870000000]: GazeboRosJointStatePublisher is going to publish joint: chassis_swivel_joint
[INFO] [1785484768.257877915, 0.870000000]: GazeboRosJointStatePublisher is going to publish joint: swivel_wheel_joint
[INFO] [1785484768.257885547, 0.870000000]: GazeboRosJointStatePublisher is going to publish joint: left_hub_joint
[INFO] [1785484768.257893906, 0.870000000]: GazeboRosJointStatePublisher is going to publish joint: right_hub_joint
[INFO] [1785484768.257902314, 0.870000000]: Starting GazeboRosJointStatePublisher Plugin (ns = /r5/)!, parent name: r5
[INFO] [1785484768.552946934, 1.027000000]: Laser Plugin: The 'robotNamespace' param was empty
[INFO] [1785484768.552972291, 1.027000000]: Starting Laser Plugin (ns = r3)
[INFO] [1785484768.553585985, 1.027000000]: Laser Plugin (ns = r3)  <tf_prefix_>, set to ""
[INFO] [1785484769.174381519, 1.027000000]: Velodyne laser plugin missing <min_intensity>, defaults to no clipping
[INFO] [1785484769.175014595, 1.027000000]: Velodyne laser plugin ready, 16 lasers
[INFO] [1785484769.175693104, 1.027000000]: Starting plugin DiffDrive(ns = /r3/)
[DEBUG] [1785484769.175704134, 1.027000000]: DiffDrive(ns = /r3/): <rosDebugLevel> = Debug
[INFO] [1785484769.175715404, 1.027000000]: DiffDrive(ns = /r3/): <rosDebugLevel> = Debug
[INFO] [1785484769.175919265, 1.027000000]: DiffDrive(ns = /r3/): <tf_prefix> = 
[DEBUG] [1785484769.175930241, 1.027000000]: DiffDrive(ns = /r3/): <commandTopic> = cmd_vel
[DEBUG] [1785484769.175935555, 1.027000000]: DiffDrive(ns = /r3/): <odometryTopic> = odom
[DEBUG] [1785484769.175940349, 1.027000000]: DiffDrive(ns = /r3/): <odometryFrame> = odom
[DEBUG] [1785484769.175946018, 1.027000000]: DiffDrive(ns = /r3/): <robotBaseFrame> = base_link
[DEBUG] [1785484769.175951766, 1.027000000]: DiffDrive(ns = /r3/): <publishWheelTF> = false
[DEBUG] [1785484769.175956029, 1.027000000]: DiffDrive(ns = /r3/): <publishOdomTF> = false
[DEBUG] [1785484769.175960200, 1.027000000]: DiffDrive(ns = /r3/): <publishWheelJointState> = false
[DEBUG] [1785484769.175970129, 1.027000000]: DiffDrive(ns = /r3/): <wheelSeparation> = 0.29999999999999999
[DEBUG] [1785484769.175975570, 1.027000000]: DiffDrive(ns = /r3/): <wheelDiameter> = 0.17999999999999999
[DEBUG] [1785484769.175981222, 1.027000000]: DiffDrive(ns = /r3/): <wheelAcceleration> = 1.8
[DEBUG] [1785484769.175987170, 1.027000000]: DiffDrive(ns = /r3/): <wheelTorque> = 20
[DEBUG] [1785484769.175992335, 1.027000000]: DiffDrive(ns = /r3/): <updateRate> = 50
[DEBUG] [1785484769.175998741, 1.027000000]: DiffDrive(ns = /r3/): <odometrySource> = world := 1
[DEBUG] [1785484769.176003720, 1.027000000]: DiffDrive(ns = /r3/): <leftJoint> = left_hub_joint
[DEBUG] [1785484769.176009502, 1.027000000]: DiffDrive(ns = /r3/): <rightJoint> = right_hub_joint
[INFO] [1785484769.176038587, 1.027000000]: DiffDrive(ns = /r3/): Try to subscribe to cmd_vel
[INFO] [178548476[WARN] [1785484770.089424449, 1.176000000]: GazeboRosDiffDrive Plugin (ns = ) missing <publishTf>, defaults to 1
[INFO] [1785484765.055749, 0.000000]: Loading model XML from ros parameter robot_description_r1
[INFO] [1785484765.058423, 0.000000]: Waiting for service /gazebo/spawn_urdf_model
[INFO] [1785484765.361997, 0.373000]: Calling service /gazebo/spawn_urdf_model
[INFO] [1785484770.088666, 1.176000]: Spawn status: SpawnModel: Successfully spawned entity
Episode 1 complete | case=dense-20260718008223-bf7baa05b14b | env_steps=21 | agent_samples=62 | episode_env_steps=21 | episode_agent_samples=62 | mean_reward=80.437 | success=4/5 | collision=1/5 | unresolved=0/5 | full_success=0 | timeout=0 | mean_final_distance=0.320 | dense_action_share=0.000 | rule_yield_share=0.000 | samples/sec=13.582
Episode 2 complete | case=dense-20260718008229-7780e9f37e4b | env_steps=36 | agent_samples=119 | episode_env_steps=15 | episode_agent_samples=57 | mean_reward=121.124 | success=5/5 | collision=0/5 | unresolved=0/5 | full_success=1 | timeout=0 | mean_final_distance=0.235 | dense_action_share=0.000 | rule_yield_share=0.000 | samples/sec=17.813
Episode 3 complete | case=dense-20260718008234-fdcf8ca8fc7b | env_steps=69 | agent_samples=199 | episode_env_steps=33 | episode_agent_samples=80 | mean_reward=84.183 | success=4/5 | collision=1/5 | unresolved=0/5 | full_success=0 | timeout=0 | mean_final_distance=0.262 | dense_action_share=0.000 | rule_yield_share=0.000 | samples/sec=11.248
Episode 4 complete | case=dense-20260718008240-760861f672ed | env_steps=124 | agent_samples=303 | episode_env_steps=55 | episode_agent_samples=104 | mean_reward=120.420 | success=5/5 | collision=0/5 | unresolved=0/5 | full_success=1 | timeout=0 | mean_final_distance=0.263 | dense_action_share=0.000 | rule_yield_share=0.000 | samples/sec=8.849
Episode 5 complete | case=dense-20260718008245-dc2273cd390b | env_steps=163 | agent_samples=395 | episode_env_steps=39 | episode_agent_samples=92 | mean_reward=44.976 | success=3/5 | collision=2/5 | unresolved=0/5 | full_success=0 | timeout=0 | mean_final_distance=0.569 | dense_action_share=0.000 | rule_yield_share=0.000 | samples/sec=10.970
Episode 6 complete | case=dense-20260718008251-06e83b72d538 | env_steps=182 | agent_samples=452 | episode_env_steps=19 | episode_agent_samples=57 | mean_reward=74.985 | success=4/5 | collision=1/5 | unresolved=0/5 | full_success=0 | timeout=0 | mean_final_distance=0.485 | dense_action_share=0.000 | rule_yield_share=0.000 | samples/sec=14.049
Episode 7 complete | case=dense-20260718008256-6126b9447919 | env_steps=198 | agent_samples=504 | episode_env_steps=16 | episode_agent_samples=52 | mean_reward=37.174 | success=3/5 | collision=2/5 | unresolved=0/5 | full_success=0 | timeout=0 | mean_final_distance=0.524 | dense_action_share=0.000 | rule_yield_share=0.000 | samples/sec=15.013
Episode 8 complete | case=dense-20260718008262-81fbeb4acaaa | env_steps=210 | agent_samples=552 | episode_env_steps=12 | episode_agent_samples=48 | mean_reward=75.507 | success=4/5 | collision=1/5 | unresolved=0/5 | full_success=0 | timeout=0 | mean_final_distance=0.499 | dense_action_share=0.000 | rule_yield_share=0.000 | samples/sec=18.273
Episode 9 complete | case=dense-20260718008269-a9e0091618d0 | env_steps=225 | agent_samples=602 | episode_env_steps=15 | episode_agent_samples=50 | mean_reward=117.495 | success=5/5 | collision=0/5 | unresolved=0/5 | full_success=1 | timeout=0 | mean_final_distance=0.255 | dense_action_share=0.000 | rule_yield_share=0.000 | samples/sec=15.387
Episode 10 complete | case=dense-20260718008276-816ddee80d56 | env_steps=252 | agent_samples=679 | episode_env_steps=27 | episode_agent_samples=77 | mean_reward=118.691 | success=5/5 | collision=0/5 | unresolved=0/5 | full_success=1 | timeout=0 | mean_final_distance=0.282 | dense_action_share=0.000 | rule_yield_share=0.000 | samples/sec=13.275
Recent 10 episodes | avg_reward=87.499 | success_rate=0.840 | collision_rate=0.160 | unresolved_rate=0.000 | full_success_rate=0.400 | timeout_episode_rate=0.000 | total_success=42 | total_collision=8 | total_unresolved=0 | total_full_success=4 | timeout_episodes=0 | success_hist=[0, 0, 0, 2, 4, 4] | collision_hist=[4, 4, 2, 0, 0, 0]
Episode 11 complete | case=dense-20260718008281-b4270a2cf8aa | env_steps=263 | agent_samples=727 | episode_env_steps=11 | episode_agent_samples=48 | mean_reward=116.144 | success=5/5 | collision=0/5 | unresolved=0/5 | full_success=1 | timeout=0 | mean_final_distance=0.261 | dense_action_share=0.000 | rule_yield_share=0.000 | samples/sec=20.555
Episode 12 complete | case=dense-20260718008288-b7a756dcdf71 | env_steps=293 | agent_samples=798 | episode_env_steps=30 | episode_agent_samples=71 | mean_reward=38.528 | success=3/5 | collision=2/5 | unresolved=0/5 | full_success=0 | timeout=0 | mean_final_distance=0.536 | dense_action_share=0.000 | rule_yield_share=0.000 | samples/sec=11.078
Episode 13 complete | case=dense-20260718008293-59d674f84724 | env_steps=305 | agent_samples=844 | episode_env_steps=12 | episode_agent_samples=46 | mean_reward=34.976 | success=3/5 | collision=2/5 | unresolved=0/5 | full_success=0 | timeout=0 | mean_final_distance=0.436 | dense_action_share=0.000 | rule_yield_share=0.000 | samples/sec=17.871
Episode 14 complete | case=dense-20260718008298-126df098534c | env_steps=339 | agent_samples=922 | episode_env_steps=34 | episode_agent_samples=78 | mean_reward=77.315 | success=4/5 | collision=1/5 | unresolved=0/5 | full_success=0 | timeout=0 | mean_final_distance=0.516 | dense_action_share=0.000 | rule_yield_share=0.000 | samples/sec=10.681
Episode 15 complete | case=dense-20260718008303-8dc4b10f5951 | env_steps=385 | agent_samples=1051 | episode_env_steps=46 | episode_agent_samples=129 | mean_reward=124.355 | success=5/5 | collision=0/5 | unresolved=0/5 | full_success=1 | timeout=0 | mean_final_distance=0.251 | dense_action_share=0.000 | rule_yield_share=0.000 | samples/sec=13.154
Episode 16 complete | case=dense-20260718008311-dc76097fb05b | env_steps=434 | agent_samples=1139 | episode_env_steps=49 | episode_agent_samples=88 | mean_reward=79.671 | success=4/5 | collision=1/5 | unresolved=0/5 | full_success=0 | timeout=0 | mean_final_distance=0.428 | dense_action_share=0.000 | rule_yield_share=0.000 | samples/sec=8.348
Episode 17 complete | case=dense-20260718008316-7f519fbfb519 | env_steps=468 | agent_samples=1224 | episode_env_steps=34 | episode_agent_samples=85 | mean_reward=122.955 | success=5/5 | collision=0/5 | unresolved=0/5 | full_success=1 | timeout=0 | mean_final_distance=0.259 | dense_action_share=0.000 | rule_yield_share=0.000 | samples/sec=11.540
Episode 18 complete | case=dense-20260718008321-d1e8571167b4 | env_steps=482 | agent_samples=1282 | episode_env_steps=14 | episode_agent_samples=58 | mean_reward=40.401 | success=3/5 | collision=2/5 | unresolved=0/5 | full_success=0 | timeout=0 | mean_final_distance=0.664 | dense_action_share=0.000 | rule_yield_share=0.000 | samples/sec=19.499
Episode 19 complete | case=dense-20260718008327-531570925f79 | env_steps=512 | agent_samples=1353 | episode_env_steps=30 | episode_agent_samples=71 | mean_reward=75.860 | success=4/5 | collision=1/5 | unresolved=0/5 | full_success=0 | timeout=0 | mean_final_distance=0.457 | dense_action_share=0.000 | rule_yield_share=0.000 | samples/sec=11.089
Episode 20 complete | case=dense-20260718008332-cf5944da9234 | env_steps=555 | agent_samples=1448 | episode_env_steps=43 | episode_agent_samples=95 | mean_reward=124.621 | success=5/5 | collision=0/5 | unresolved=0/5 | full_success=1 | timeout=0 | mean_final_distance=0.263 | dense_action_share=0.000 | rule_yield_share=0.000 | samples/sec=10.248
Recent 10 episodes | avg_reward=83.483 | success_rate=0.820 | collision_rate=0.180 | unresolved_rate=0.000 | full_success_rate=0.400 | timeout_episode_rate=0.000 | total_success=83 | total_collision=17 | total_unresolved=0 | total_full_success=8 | timeout_episodes=0 | success_hist=[0, 0, 0, 5, 7, 8] | collision_hist=[8, 7, 5, 0, 0, 0]
Episode 21 complete | case=dense-20260718008338-34b42c0a0411 | env_steps=626 | agent_samples=1558 | episode_env_steps=71 | episode_agent_samples=110 | mean_reward=115.483 | success=5/5 | collision=0/5 | unresolved=0/5 | full_success=1 | timeout=0 | mean_final_distance=0.247 | dense_action_share=0.000 | rule_yield_share=0.000 | samples/sec=7.207
Episode 22 complete | case=dense-20260718008343-88b2f04e4a52 | env_steps=653 | agent_samples=1633 | episode_env_steps=27 | episode_agent_samples=75 | mean_reward=42.820 | success=3/5 | collision=2/5 | unresolved=0/5 | full_success=0 | timeout=0 | mean_final_distance=0.536 | dense_action_share=0.000 | rule_yield_share=0.000 | samples/sec=12.743
Episode 23 complete | case=dense-20260718008348-ba913109944d | env_steps=684 | agent_samples=1696 | episode_env_steps=31 | episode_agent_samples=63 | mean_reward=33.828 | success=3/5 | collision=2/5 | unresolved=0/5 | full_success=0 | timeout=0 | mean_final_distance=0.591 | dense_action_share=0.000 | rule_yield_share=0.000 | samples/sec=9.344
Episode 24 complete | case=dense-20260718008353-7f6a6e1d1aef | env_steps=714 | agent_samples=1779 | episode_env_steps=30 | episode_agent_samples=83 | mean_reward=121.611 | success=5/5 | collision=0/5 | unresolved=0/5 | full_success=1 | timeout=0 | mean_final_distance=0.272 | dense_action_share=0.000 | rule_yield_share=0.000 | samples/sec=12.836
Episode 25 complete | case=dense-20260718008358-8c438e1df94f | env_steps=746 | agent_samples=1870 | episode_env_steps=32 | episode_agent_samples=91 | mean_reward=117.507 | success=5/5 | collision=0/5 | unresolved=0/5 | full_success=1 | timeout=0 | mean_final_distance=0.252 | dense_action_share=0.000 | rule_yield_share=0.000 | samples/sec=13.226
Episode 26 complete | case=dense-20260718008363-262177492109 | env_steps=760 | agent_samples=1917 | episode_env_steps=14 | episode_agent_samples=47 | mean_reward=-5.070 | success=2/5 | collision=3/5 | unresolved=0/5 | full_success=0 | timeout=0 | mean_final_distance=0.701 | dense_action_share=0.000 | rule_yield_share=0.000 | samples/sec=15.582
Episode 27 complete | case=dense-20260718008368-13746f030a18 | env_steps=796 | agent_samples=2015 | episode_env_steps=36 | episode_agent_samples=98 | mean_reward=129.367 | success=5/5 | collision=0/5 | unresolved=0/5 | full_success=1 | timeout=0 | mean_final_distance=0.242 | dense_action_share=0.000 | rule_yield_share=0.000 | samples/sec=12.631
Episode 28 complete | case=dense-20260718008373-f0de0a37adec | env_steps=831 | agent_samples=2098 | episode_env_steps=35 | episode_agent_samples=83 | mean_reward=120.453 | success=5/5 | collision=0/5 | unresolved=0/5 | full_success=1 | timeout=0 | mean_final_distance=0.255 | dense_action_share=0.000 | rule_yield_share=0.000 | samples/sec=11.053
Episode 29 complete | case=dense-20260718008378-e591de71ff1f | env_steps=861 | agent_samples=2174 | episode_env_steps=30 | episode_agent_samples=76 | mean_reward=121.110 | success=5/5 | collision=0/5 | unresolved=0/5 | full_success=1 | timeout=0 | mean_final_distance=0.275 | dense_action_share=0.000 | rule_yield_share=0.000 | samples/sec=11.841
Episode 30 complete | case=dense-20260718008384-cf459bf87036 | env_steps=880 | agent_samples=2234 | episode_env_steps=19 | episode_agent_samples=60 | mean_reward=40.211 | success=3/5 | collision=2/5 | unresolved=0/5 | full_success=0 | timeout=0 | mean_final_distance=0.669 | dense_action_share=0.000 | rule_yield_share=0.000 | samples/sec=14.821
Recent 10 episodes | avg_reward=83.732 | success_rate=0.820 | collision_rate=0.180 | unresolved_rate=0.000 | full_success_rate=0.600 | timeout_episode_rate=0.000 | total_success=124 | total_collision=26 | total_unresolved=0 | total_full_success=14 | timeout_episodes=0 | success_hist=[0, 0, 1, 8, 7, 14] | collision_hist=[14, 7, 8, 1, 0, 0]
Episode 31 complete | case=dense-20260718008392-aa630698c151 | env_steps=893 | agent_samples=2278 | episode_env_steps=13 | episode_agent_samples=44 | mean_reward=-5.471 | success=2/5 | collision=3/5 | unresolved=0/5 | full_success=0 | timeout=0 | mean_final_distance=0.601 | dense_action_share=0.000 | rule_yield_share=0.000 | samples/sec=15.525
Episode 32 complete | case=dense-20260718008397-e6e29d6913bb | env_steps=925 | agent_samples=2358 | episode_env_steps=32 | episode_agent_samples=80 | mean_reward=81.552 | success=4/5 | collision=1/5 | unresolved=0/5 | full_success=0 | timeout=0 | mean_final_distance=0.564 | dense_action_share=0.000 | rule_yield_share=0.000 | samples/sec=11.496
Episode 33 complete | case=dense-20260718008402-591868b51f87 | env_steps=962 | agent_samples=2429 | episode_env_steps=37 | episode_agent_samples=71 | mean_reward=38.283 | success=3/5 | collision=2/5 | unresolved=0/5 | full_success=0 | timeout=0 | mean_final_distance=0.622 | dense_action_share=0.000 | rule_yield_share=0.000 | samples/sec=8.942
Episode 34 complete | case=dense-20260718008407-b29264fa5a20 | env_steps=983 | agent_samples=2509 | episode_env_steps=21 | episode_agent_samples=80 | mean_reward=126.431 | success=5/5 | collision=0/5 | unresolved=0/5 | full_success=1 | timeout=0 | mean_final_distance=0.263 | dense_action_share=0.000 | rule_yield_share=0.000 | samples/sec=17.745
Episode 35 complete | case=dense-20260718008413-37d4145c44e2 | env_steps=1003 | agent_samples=2567 | episode_env_steps=20 | episode_agent_samples=58 | mean_reward=80.261 | success=4/5 | collision=1/5 | unresolved=0/5 | full_success=0 | timeout=0 | mean_final_distance=0.545 | dense_action_share=0.000 | rule_yield_share=0.000 | samples/sec=13.582
Episode 36 complete | case=dense-20260718008418-b434cd8f0b7b | env_steps=1034 | agent_samples=2639 | episode_env_steps=31 | episode_agent_samples=72 | mean_reward=40.482 | success=3/5 | collision=2/5 | unresolved=0/5 | full_success=0 | timeout=0 | mean_final_distance=0.450 | dense_action_share=0.000 | rule_yield_share=0.000 | samples/sec=10.800
Episode 37 complete | case=dense-20260718008423-c80e60aff127 | env_steps=1080 | agent_samples=2719 | episode_env_steps=46 | episode_agent_samples=80 | mean_reward=36.793 | success=3/5 | collision=2/5 | unresolved=0/5 | full_success=0 | timeout=0 | mean_final_distance=0.473 | dense_action_share=0.000 | rule_yield_share=0.000 | samples/sec=8.078
Episode 38 complete | case=dense-20260718008428-c56e93f5430f | env_steps=1149 | agent_samples=2836 | episode_env_steps=69 | episode_agent_samples=117 | mean_reward=121.547 | success=5/5 | collision=0/5 | unresolved=0/5 | full_success=1 | timeout=0 | mean_final_distance=0.259 | dense_action_share=0.000 | rule_yield_share=0.000 | samples/sec=7.910
Episode 39 complete | case=dense-20260718008435-e3afbd232a85 | env_steps=1163 | agent_samples=2892 | episode_env_steps=14 | episode_agent_samples=56 | mean_reward=78.119 | success=4/5 | collision=1/5 | unresolved=0/5 | full_success=0 | timeout=0 | mean_final_distance=0.295 | dense_action_share=0.000 | rule_yield_share=0.000 | samples/sec=18.543
Episode 40 complete | case=dense-20260718008443-ce26ce40c43c | env_steps=1180 | agent_samples=2949 | episode_env_steps=17 | episode_agent_samples=57 | mean_reward=-0.078 | success=2/5 | collision=3/5 | unresolved=0/5 | full_success=0 | timeout=0 | mean_final_distance=0.742 | dense_action_share=0.000 | rule_yield_share=0.000 | samples/sec=15.548
Recent 10 episodes | avg_reward=59.792 | success_rate=0.700 | collision_rate=0.300 | unresolved_rate=0.000 | full_success_rate=0.200 | timeout_episode_rate=0.000 | total_success=159 | total_collision=41 | total_unresolved=0 | total_full_success=16 | timeout_episodes=0 | success_hist=[0, 0, 3, 11, 10, 16] | collision_hist=[16, 10, 11, 3, 0, 0]
Episode 41 complete | case=dense-20260718008449-3270e0fd1571 | env_steps=1230 | agent_samples=3049 | episode_env_steps=50 | episode_agent_samples=100 | mean_reward=83.000 | success=4/5 | collision=1/5 | unresolved=0/5 | full_success=0 | timeout=0 | mean_final_distance=0.424 | dense_action_share=0.000 | rule_yield_share=0.000 | samples/sec=9.359
Episode 42 complete | case=dense-20260718008456-8f8117f71520 | env_steps=1240 | agent_samples=3092 | episode_env_steps=10 | episode_agent_samples=43 | mean_reward=34.576 | success=3/5 | collision=2/5 | unresolved=0/5 | full_success=0 | timeout=0 | mean_final_distance=0.727 | dense_action_share=0.000 | rule_yield_share=0.000 | samples/sec=20.121
Episode 43 complete | case=dense-20260718008462-c38fbc2895dc | env_steps=1257 | agent_samples=3151 | episode_env_steps=17 | episode_agent_samples=59 | mean_reward=81.790 | success=4/5 | collision=1/5 | unresolved=0/5 | full_success=0 | timeout=0 | mean_final_distance=0.453 | dense_action_share=0.000 | rule_yield_share=0.000 | samples/sec=16.251
Episode 44 complete | case=dense-20260718008468-5d678285dd71 | env_steps=1286 | agent_samples=3212 | episode_env_steps=29 | episode_agent_samples=61 | mean_reward=-7.019 | success=2/5 | collision=3/5 | unresolved=0/5 | full_success=0 | timeout=0 | mean_final_distance=0.760 | dense_action_share=0.000 | rule_yield_share=0.000 | samples/sec=9.803
Episode 45 complete | case=dense-20260718008473-2059d449440c | env_steps=1309 | agent_samples=3270 | episode_env_steps=23 | episode_agent_samples=58 | mean_reward=-7.195 | success=2/5 | collision=3/5 | unresolved=0/5 | full_success=0 | timeout=0 | mean_final_distance=0.846 | dense_action_share=0.000 | rule_yield_share=0.000 | samples/sec=11.882
Episode 46 complete | case=dense-20260718008479-a3f45b4dd5c5 | env_steps=1332 | agent_samples=3352 | episode_env_steps=23 | episode_agent_samples=82 | mean_reward=127.892 | success=5/5 | collision=0/5 | unresolved=0/5 | full_success=1 | timeout=0 | mean_final_distance=0.259 | dense_action_share=0.000 | rule_yield_share=0.000 | samples/sec=16.469
Episode 47 complete | case=dense-20260718008486-7c2960791b72 | env_steps=1405 | agent_samples=3487 | episode_env_steps=73 | episode_agent_samples=135 | mean_reward=79.741 | success=4/5 | collision=1/5 | unresolved=0/5 | full_success=0 | timeout=0 | mean_final_distance=0.479 | dense_action_share=0.000 | rule_yield_share=0.000 | samples/sec=8.666
Episode 48 complete | case=dense-20260718008491-8178ed8ad052 | env_steps=1429 | agent_samples=3559 | episode_env_steps=24 | episode_agent_samples=72 | mean_reward=3.059 | success=2/5 | collision=3/5 | unresolved=0/5 | full_success=0 | timeout=0 | mean_final_distance=0.560 | dense_action_share=0.000 | rule_yield_share=0.000 | samples/sec=13.984
Episode 49 complete | case=dense-20260718008498-e56e3b687c7e | env_steps=1454 | agent_samples=3627 | episode_env_steps=25 | episode_agent_samples=68 | mean_reward=121.719 | success=5/5 | collision=0/5 | unresolved=0/5 | full_success=1 | timeout=0 | mean_final_distance=0.238 | dense_action_share=0.000 | rule_yield_share=0.000 | samples/sec=12.579
Episode 50 complete | case=dense-20260718008503-d78fdc9693b7 | env_steps=1484 | agent_samples=3704 | episode_env_steps=30 | episode_agent_samples=77 | mean_reward=79.071 | success=4/5 | collision=1/5 | unresolved=0/5 | full_success=0 | timeout=0 | mean_final_distance=0.540 | dense_action_share=0.000 | rule_yield_share=0.000 | samples/sec=11.891
Recent 10 episodes | avg_reward=59.663 | success_rate=0.700 | collision_rate=0.300 | unresolved_rate=0.000 | full_success_rate=0.200 | timeout_episode_rate=0.000 | total_success=194 | total_collision=56 | total_unresolved=0 | total_full_success=18 | timeout_episodes=0 | success_hist=[0, 0, 6, 12, 14, 18] | collision_hist=[18, 14, 12, 6, 0, 0]
Episode 51 complete | case=dense-20260718008510-fc0a2cb5c166 | env_steps=1546 | agent_samples=3804 | episode_env_steps=62 | episode_agent_samples=100 | mean_reward=120.544 | success=5/5 | collision=0/5 | unresolved=0/5 | full_success=1 | timeout=0 | mean_final_distance=0.237 | dense_action_share=0.000 | rule_yield_share=0.000 | samples/sec=7.498
Episode 52 complete | case=dense-20260718008515-141e50aa271a | env_steps=1565 | agent_samples=3857 | episode_env_steps=19 | episode_agent_samples=53 | mean_reward=78.538 | success=4/5 | collision=1/5 | unresolved=0/5 | full_success=0 | timeout=0 | mean_final_distance=0.499 | dense_action_share=0.000 | rule_yield_share=0.000 | samples/sec=12.882
Episode 53 complete | case=dense-20260718008520-c02550e21da9 | env_steps=1583 | agent_samples=3916 | episode_env_steps=18 | episode_agent_samples=59 | mean_reward=121.039 | success=5/5 | collision=0/5 | unresolved=0/5 | full_success=1 | timeout=0 | mean_final_distance=0.260 | dense_action_share=0.000 | rule_yield_share=0.000 | samples/sec=15.392
Episode 54 complete | case=dense-20260718008527-820543c82630 | env_steps=1621 | agent_samples=3995 | episode_env_steps=38 | episode_agent_samples=79 | mean_reward=122.016 | success=5/5 | collision=0/5 | unresolved=0/5 | full_success=1 | timeout=0 | mean_final_distance=0.267 | dense_action_share=0.000 | rule_yield_share=0.000 | samples/sec=9.653
Episode 55 complete | case=dense-20260718008532-033f37393ebd | env_steps=1660 | agent_samples=4077 | episode_env_steps=39 | episode_agent_samples=82 | mean_reward=122.505 | success=5/5 | collision=0/5 | unresolved=0/5 | full_success=1 | timeout=0 | mean_final_distance=0.268 | dense_action_share=0.000 | rule_yield_share=0.000 | samples/sec=9.841
Episode 56 complete | case=dense-20260718008537-2910d1b04845 | env_steps=1669 | agent_samples=4120 | episode_env_steps=9 | episode_agent_samples=43 | mean_reward=33.747 | success=3/5 | collision=2/5 | unresolved=0/5 | full_success=0 | timeout=0 | mean_final_distance=0.526 | dense_action_share=0.000 | rule_yield_share=0.000 | samples/sec=21.917
Episode 57 complete | case=dense-20260718008542-72b4b29033d9 | env_steps=1691 | agent_samples=4178 | episode_env_steps=22 | episode_agent_samples=58 | mean_reward=80.758 | success=4/5 | collision=1/5 | unresolved=0/5 | full_success=0 | timeout=0 | mean_final_distance=0.411 | dense_action_share=0.000 | rule_yield_share=0.000 | samples/sec=12.279
Episode 58 complete | case=dense-20260718008548-cba421ef1d16 | env_steps=1702 | agent_samples=4221 | episode_env_steps=11 | episode_agent_samples=43 | mean_reward=34.331 | success=3/5 | collision=2/5 | unresolved=0/5 | full_success=0 | timeout=0 | mean_final_distance=0.619 | dense_action_share=0.000 | rule_yield_share=0.000 | samples/sec=17.929
Episode 59 complete | case=dense-20260718008556-9bf29ff47f82 | env_steps=1716 | agent_samples=4264 | episode_env_steps=14 | episode_agent_samples=43 | mean_reward=33.054 | success=3/5 | collision=2/5 | unresolved=0/5 | full_success=0 | timeout=0 | mean_final_distance=0.698 | dense_action_share=0.000 | rule_yield_share=0.000 | samples/sec=14.534
Episode 60 complete | case=dense-20260718008561-2537c9e08d56 | env_steps=1740 | agent_samples=4335 | episode_env_steps=24 | episode_agent_samples=71 | mean_reward=124.399 | success=5/5 | collision=0/5 | unresolved=0/5 | full_success=1 | timeout=0 | mean_final_distance=0.239 | dense_action_share=0.000 | rule_yield_share=0.000 | samples/sec=13.857
Recent 10 episodes | avg_reward=87.093 | success_rate=0.840 | collision_rate=0.160 | unresolved_rate=0.000 | full_success_rate=0.500 | timeout_episode_rate=0.000 | total_success=236 | total_collision=64 | total_unresolved=0 | total_full_success=23 | timeout_episodes=0 | success_hist=[0, 0, 6, 15, 16, 23] | collision_hist=[23, 16, 15, 6, 0, 0]
Episode 61 complete | case=dense-20260718008567-3d62c804f5a0 | env_steps=1759 | agent_samples=4386 | episode_env_steps=19 | episode_agent_samples=51 | mean_reward=-47.282 | success=1/5 | collision=4/5 | unresolved=0/5 | full_success=0 | timeout=0 | mean_final_distance=1.160 | dense_action_share=0.000 | rule_yield_share=0.000 | samples/sec=12.479
Episode 62 complete | case=dense-20260718008572-41b1e276e11a | env_steps=1771 | agent_samples=4434 | episode_env_steps=12 | episode_agent_samples=48 | mean_reward=-7.465 | success=2/5 | collision=3/5 | unresolved=0/5 | full_success=0 | timeout=0 | mean_final_distance=0.897 | dense_action_share=0.000 | rule_yield_share=0.000 | samples/sec=18.704
Episode 63 complete | case=dense-20260718008577-eba1a4f0ff51 | env_steps=1814 | agent_samples=4546 | episode_env_steps=43 | episode_agent_samples=112 | mean_reward=121.940 | success=5/5 | collision=0/5 | unresolved=0/5 | full_success=1 | timeout=0 | mean_final_distance=0.255 | dense_action_share=0.000 | rule_yield_share=0.000 | samples/sec=12.148
Episode 64 complete | case=dense-20260718008583-c71667f8b5be | env_steps=1834 | agent_samples=4616 | episode_env_steps=20 | episode_agent_samples=70 | mean_reward=4.879 | success=2/5 | collision=3/5 | unresolved=0/5 | full_success=0 | timeout=0 | mean_final_distance=0.473 | dense_action_share=0.000 | rule_yield_share=0.000 | samples/sec=16.296
Episode 65 complete | case=dense-20260718008588-25cd7a8c955a | env_steps=1847 | agent_samples=4672 | episode_env_steps=13 | episode_agent_samples=56 | mean_reward=-0.724 | success=2/5 | collision=3/5 | unresolved=0/5 | full_success=0 | timeout=0 | mean_final_distance=0.635 | dense_action_share=0.000 | rule_yield_share=0.000 | samples/sec=20.182
Episode 66 complete | case=dense-20260718008595-ea665e35dd38 | env_steps=1884 | agent_samples=4749 | episode_env_steps=37 | episode_agent_samples=77 | mean_reward=122.113 | success=5/5 | collision=0/5 | unresolved=0/5 | full_success=1 | timeout=0 | mean_final_distance=0.235 | dense_action_share=0.000 | rule_yield_share=0.000 | samples/sec=9.801
Episode 67 complete | case=dense-20260718008600-036d0856d0ef | env_steps=1958 | agent_samples=4899 | episode_env_steps=74 | episode_agent_samples=150 | mean_reward=41.659 | success=3/5 | collision=2/5 | unresolved=0/5 | full_success=0 | timeout=0 | mean_final_distance=0.527 | dense_action_share=0.000 | rule_yield_share=0.000 | samples/sec=9.380
Episode 68 complete | case=dense-20260718008606-f2bbd6f68f69 | env_steps=1974 | agent_samples=4963 | episode_env_steps=16 | episode_agent_samples=64 | mean_reward=41.854 | success=3/5 | collision=2/5 | unresolved=0/5 | full_success=0 | timeout=0 | mean_final_distance=0.432 | dense_action_share=0.000 | rule_yield_share=0.000 | samples/sec=18.720
Episode 69 complete | case=dense-20260718008612-a4eac37fdf31 | env_steps=1987 | agent_samples=5014 | episode_env_steps=13 | episode_agent_samples=51 | mean_reward=37.703 | success=3/5 | collision=2/5 | unresolved=0/5 | full_success=0 | timeout=0 | mean_final_distance=0.559 | dense_action_share=0.000 | rule_yield_share=0.000 | samples/sec=18.403
Episode 70 complete | case=dense-20260718008617-083d974883d0 | env_steps=2013 | agent_samples=5092 | episode_env_steps=26 | episode_agent_samples=78 | mean_reward=40.170 | success=3/5 | collision=2/5 | unresolved=0/5 | full_success=0 | timeout=0 | mean_final_distance=0.615 | dense_action_share=0.000 | rule_yield_share=0.000 | samples/sec=14.116
Recent 10 episodes | avg_reward=35.485 | success_rate=0.580 | collision_rate=0.420 | unresolved_rate=0.000 | full_success_rate=0.200 | timeout_episode_rate=0.000 | total_success=265 | total_collision=85 | total_unresolved=0 | total_full_success=25 | timeout_episodes=0 | success_hist=[0, 1, 9, 19, 16, 25] | collision_hist=[25, 16, 19, 9, 1, 0]
Episode 71 complete | case=dense-20260718008622-7e5a8b830b76 | env_steps=2025 | agent_samples=5143 | episode_env_steps=12 | episode_agent_samples=51 | mean_reward=37.515 | success=3/5 | collision=2/5 | unresolved=0/5 | full_success=0 | timeout=0 | mean_final_distance=0.393 | dense_action_share=0.000 | rule_yield_share=0.000 | samples/sec=19.818
Episode 72 complete | case=dense-20260718008628-6f510cf9de34 | env_steps=2041 | agent_samples=5196 | episode_env_steps=16 | episode_agent_samples=53 | mean_reward=40.447 | success=3/5 | collision=2/5 | unresolved=0/5 | full_success=0 | timeout=0 | mean_final_distance=0.462 | dense_action_share=0.000 | rule_yield_share=0.000 | samples/sec=15.334
Episode 73 complete | case=dense-20260718008634-581096e8bf6e | env_steps=2073 | agent_samples=5276 | episode_env_steps=32 | episode_agent_samples=80 | mean_reward=85.247 | success=4/5 | collision=1/5 | unresolved=0/5 | full_success=0 | timeout=0 | mean_final_distance=0.441 | dense_action_share=0.000 | rule_yield_share=0.000 | samples/sec=11.603
Episode 74 complete | case=dense-20260718008639-efcf7b4d2161 | env_steps=2086 | agent_samples=5328 | episode_env_steps=13 | episode_agent_samples=52 | mean_reward=117.601 | success=5/5 | collision=0/5 | unresolved=0/5 | full_success=1 | timeout=0 | mean_final_distance=0.242 | dense_action_share=0.000 | rule_yield_share=0.000 | samples/sec=18.820
Episode 75 complete | case=dense-20260718008644-4473aa9ff115 | env_steps=2097 | agent_samples=5372 | episode_env_steps=11 | episode_agent_samples=44 | mean_reward=-5.840 | success=2/5 | collision=3/5 | unresolved=0/5 | full_success=0 | timeout=0 | mean_final_distance=0.809 | dense_action_share=0.000 | rule_yield_share=0.000 | samples/sec=18.670
Episode 76 complete | case=dense-20260718008649-474ae282f473 | env_steps=2126 | agent_samples=5450 | episode_env_steps=29 | episode_agent_samples=78 | mean_reward=120.907 | success=5/5 | collision=0/5 | unresolved=0/5 | full_success=1 | timeout=0 | mean_final_distance=0.266 | dense_action_share=0.000 | rule_yield_share=0.000 | samples/sec=12.755
Episode 77 complete | case=dense-20260718008654-b4b06bb924ad | env_steps=2142 | agent_samples=5506 | episode_env_steps=16 | episode_agent_samples=56 | mean_reward=-42.070 | success=1/5 | collision=4/5 | unresolved=0/5 | full_success=0 | timeout=0 | mean_final_distance=0.776 | dense_action_share=0.000 | rule_yield_share=0.000 | samples/sec=16.191
Episode 78 complete | case=dense-20260718008659-6b6f8adeebc9 | env_steps=2169 | agent_samples=5579 | episode_env_steps=27 | episode_agent_samples=73 | mean_reward=83.239 | success=4/5 | collision=1/5 | unresolved=0/5 | full_success=0 | timeout=0 | mean_final_distance=0.476 | dense_action_share=0.000 | rule_yield_share=0.000 | samples/sec=12.535
Episode 79 complete | case=dense-20260718008664-56f3cdda6b9c | env_steps=2184 | agent_samples=5627 | episode_env_steps=15 | episode_agent_samples=48 | mean_reward=76.766 | success=4/5 | collision=1/5 | unresolved=0/5 | full_success=0 | timeout=0 | mean_final_distance=0.510 | dense_action_share=0.000 | rule_yield_share=0.000 | samples/sec=14.889
Episode 80 complete | case=dense-20260718008669-7b3f3cbb7a06 | env_steps=2195 | agent_samples=5673 | episode_env_steps=11 | episode_agent_samples=46 | mean_reward=75.758 | success=4/5 | collision=1/5 | unresolved=0/5 | full_success=0 | timeout=0 | mean_final_distance=0.484 | dense_action_share=0.000 | rule_yield_share=0.000 | samples/sec=19.275
Recent 10 episodes | avg_reward=58.957 | success_rate=0.700 | collision_rate=0.300 | unresolved_rate=0.000 | full_success_rate=0.200 | timeout_episode_rate=0.000 | total_success=300 | total_collision=100 | total_unresolved=0 | total_full_success=27 | timeout_episodes=0 | success_hist=[0, 2, 10, 21, 20, 27] | collision_hist=[27, 20, 21, 10, 2, 0]
Episode 81 complete | case=dense-20260718008677-b52ec6c0c283 | env_steps=2217 | agent_samples=5732 | episode_env_steps=22 | episode_agent_samples=59 | mean_reward=119.528 | success=5/5 | collision=0/5 | unresolved=0/5 | full_success=1 | timeout=0 | mean_final_distance=0.238 | dense_action_share=0.000 | rule_yield_share=0.000 | samples/sec=12.409
Episode 82 complete | case=dense-20260718008683-be0000960a0a | env_steps=2240 | agent_samples=5795 | episode_env_steps=23 | episode_agent_samples=63 | mean_reward=122.053 | success=5/5 | collision=0/5 | unresolved=0/5 | full_success=1 | timeout=0 | mean_final_distance=0.237 | dense_action_share=0.000 | rule_yield_share=0.000 | samples/sec=12.749
Episode 83 complete | case=dense-20260718008689-3d5321bbd34a | env_steps=2261 | agent_samples=5863 | episode_env_steps=21 | episode_agent_samples=68 | mean_reward=123.376 | success=5/5 | collision=0/5 | unresolved=0/5 | full_success=1 | timeout=0 | mean_final_distance=0.277 | dense_action_share=0.000 | rule_yield_share=0.000 | samples/sec=15.344
Episode 84 complete | case=dense-20260718008695-079fa0458c98 | env_steps=2320 | agent_samples=5979 | episode_env_steps=59 | episode_agent_samples=116 | mean_reward=38.539 | success=3/5 | collision=2/5 | unresolved=0/5 | full_success=0 | timeout=0 | mean_final_distance=0.581 | dense_action_share=0.000 | rule_yield_share=0.000 | samples/sec=9.158
Episode 85 complete | case=dense-20260718008700-992884d059cd | env_steps=2356 | agent_samples=6078 | episode_env_steps=36 | episode_agent_samples=99 | mean_reward=86.009 | success=4/5 | collision=1/5 | unresolved=0/5 | full_success=0 | timeout=0 | mean_final_distance=0.433 | dense_action_share=0.000 | rule_yield_share=0.000 | samples/sec=12.817
Episode 86 complete | case=dense-20260718008705-222a322ea73f | env_steps=2381 | agent_samples=6145 | episode_env_steps=25 | episode_agent_samples=67 | mean_reward=116.464 | success=5/5 | collision=0/5 | unresolved=0/5 | full_success=1 | timeout=0 | mean_final_distance=0.243 | dense_action_share=0.000 | rule_yield_share=0.000 | samples/sec=12.535
Episode 87 complete | case=dense-20260718008710-2df9b3e077e1 | env_steps=2424 | agent_samples=6284 | episode_env_steps=43 | episode_agent_samples=139 | mean_reward=131.632 | success=5/5 | collision=0/5 | unresolved=0/5 | full_success=1 | timeout=0 | mean_final_distance=0.272 | dense_action_share=0.000 | rule_yield_share=0.000 | samples/sec=15.082
Episode 88 complete | case=dense-20260718008715-b5d80faceee8 | env_steps=2440 | agent_samples=6340 | episode_env_steps=16 | episode_agent_samples=56 | mean_reward=116.320 | success=5/5 | collision=0/5 | unresolved=0/5 | full_success=1 | timeout=0 | mean_final_distance=0.262 | dense_action_share=0.000 | rule_yield_share=0.000 | samples/sec=16.231
Episode 89 complete | case=dense-20260718008722-cbc3b3e78719 | env_steps=2472 | agent_samples=6423 | episode_env_steps=32 | episode_agent_samples=83 | mean_reward=81.001 | success=4/5 | collision=1/5 | unresolved=0/5 | full_success=0 | timeout=0 | mean_final_distance=0.264 | dense_action_share=0.000 | rule_yield_share=0.000 | samples/sec=12.004
Episode 90 complete | case=dense-20260718008728-d835ca577545 | env_steps=2492 | agent_samples=6494 | episode_env_steps=20 | episode_agent_samples=71 | mean_reward=83.209 | success=4/5 | collision=1/5 | unresolved=0/5 | full_success=0 | timeout=0 | mean_final_distance=0.569 | dense_action_share=0.000 | rule_yield_share=0.000 | samples/sec=16.407
Recent 10 episodes | avg_reward=101.813 | success_rate=0.900 | collision_rate=0.100 | unresolved_rate=0.000 | full_success_rate=0.600 | timeout_episode_rate=0.000 | total_success=345 | total_collision=105 | total_unresolved=0 | total_full_success=33 | timeout_episodes=0 | success_hist=[0, 2, 10, 22, 23, 33] | collision_hist=[33, 23, 22, 10, 2, 0]
Episode 91 complete | case=dense-20260718008734-5d74b1835039 | env_steps=2504 | agent_samples=6545 | episode_env_steps=12 | episode_agent_samples=51 | mean_reward=75.777 | success=4/5 | collision=1/5 | unresolved=0/5 | full_success=0 | timeout=0 | mean_final_distance=0.274 | dense_action_share=0.000 | rule_yield_share=0.000 | samples/sec=19.330
Episode 92 complete | case=dense-20260718008739-5047437bec91 | env_steps=2515 | agent_samples=6595 | episode_env_steps=11 | episode_agent_samples=50 | mean_reward=-42.620 | success=1/5 | collision=4/5 | unresolved=0/5 | full_success=0 | timeout=0 | mean_final_distance=0.941 | dense_action_share=0.000 | rule_yield_share=0.000 | samples/sec=20.988
Episode 93 complete | case=dense-20260718008744-9371c92b839f | env_steps=2562 | agent_samples=6673 | episode_env_steps=47 | episode_agent_samples=78 | mean_reward=-1.612 | success=2/5 | collision=3/5 | unresolved=0/5 | full_success=0 | timeout=0 | mean_final_distance=0.733 | dense_action_share=0.000 | rule_yield_share=0.000 | samples/sec=7.663
Episode 94 complete | case=dense-20260718008749-191875e98acb | env_steps=2575 | agent_samples=6721 | episode_env_steps=13 | episode_agent_samples=48 | mean_reward=75.447 | success=4/5 | collision=1/5 | unresolved=0/5 | full_success=0 | timeout=0 | mean_final_distance=0.442 | dense_action_share=0.000 | rule_yield_share=0.000 | samples/sec=16.978
Episode 95 complete | case=dense-20260718008754-3a8914f4883d | env_steps=2609 | agent_samples=6796 | episode_env_steps=34 | episode_agent_samples=75 | mean_reward=-38.819 | success=1/5 | collision=4/5 | unresolved=0/5 | full_success=0 | timeout=0 | mean_final_distance=0.965 | dense_action_share=0.000 | rule_yield_share=0.000 | samples/sec=10.277
Episode 96 complete | case=dense-20260718008760-31b07b10cd3e | env_steps=2641 | agent_samples=6874 | episode_env_steps=32 | episode_agent_samples=78 | mean_reward=119.254 | success=5/5 | collision=0/5 | unresolved=0/5 | full_success=1 | timeout=0 | mean_final_distance=0.264 | dense_action_share=0.000 | rule_yield_share=0.000 | samples/sec=11.531
Episode 97 complete | case=dense-20260718008765-e3f813626f38 | env_steps=2661 | agent_samples=6945 | episode_env_steps=20 | episode_agent_samples=71 | mean_reward=45.358 | success=3/5 | collision=2/5 | unresolved=0/5 | full_success=0 | timeout=0 | mean_final_distance=0.595 | dense_action_share=0.000 | rule_yield_share=0.000 | samples/sec=16.551
Episode 98 complete | case=dense-20260718008770-bb411710815f | env_steps=2714 | agent_samples=7039 | episode_env_steps=53 | episode_agent_samples=94 | mean_reward=37.927 | success=3/5 | collision=2/5 | unresolved=0/5 | full_success=0 | timeout=0 | mean_final_distance=0.463 | dense_action_share=0.000 | rule_yield_share=0.000 | samples/sec=8.243
Episode 99 complete | case=dense-20260718008776-adbe08f7a8c0 | env_steps=2747 | agent_samples=7130 | episode_env_steps=33 | episode_agent_samples=91 | mean_reward=36.389 | success=3/5 | collision=2/5 | unresolved=0/5 | full_success=0 | timeout=0 | mean_final_distance=0.530 | dense_action_share=0.000 | rule_yield_share=0.000 | samples/sec=12.786
Episode 100 complete | case=dense-20260718008782-9ab6f7819093 | env_steps=2767 | agent_samples=7195 | episode_env_steps=20 | episode_agent_samples=65 | mean_reward=42.293 | success=3/5 | collision=2/5 | unresolved=0/5 | full_success=0 | timeout=0 | mean_final_distance=0.573 | dense_action_share=0.000 | rule_yield_share=0.000 | samples/sec=15.283
Recent 10 episodes | avg_reward=34.940 | success_rate=0.580 | collision_rate=0.420 | unresolved_rate=0.000 | full_success_rate=0.100 | timeout_episode_rate=0.000 | total_success=374 | total_collision=126 | total_unresolved=0 | total_full_success=34 | timeout_episodes=0 | success_hist=[0, 4, 11, 26, 25, 34] | collision_hist=[34, 25, 26, 11, 4, 0]
Episode 101 complete | case=dense-20260718008789-e512aafd793d | env_steps=2782 | agent_samples=7243 | episode_env_steps=15 | episode_agent_samples=48 | mean_reward=-5.759 | success=2/5 | collision=3/5 | unresolved=0/5 | full_success=0 | timeout=0 | mean_final_distance=0.890 | dense_action_share=0.000 | rule_yield_share=0.000 | samples/sec=15.079
Episode 102 complete | case=dense-20260718008795-2e680ff01f87 | env_steps=2817 | agent_samples=7322 | episode_env_steps=35 | episode_agent_samples=79 | mean_reward=123.951 | success=5/5 | collision=0/5 | unresolved=0/5 | full_success=1 | timeout=0 | mean_final_distance=0.254 | dense_action_share=0.000 | rule_yield_share=0.000 | samples/sec=10.470
Episode 103 complete | case=dense-20260718008802-012ff10a952f | env_steps=2838 | agent_samples=7378 | episode_env_steps=21 | episode_agent_samples=56 | mean_reward=114.315 | success=5/5 | collision=0/5 | unresolved=0/5 | full_success=1 | timeout=0 | mean_final_distance=0.238 | dense_action_share=0.000 | rule_yield_share=0.000 | samples/sec=12.438
Episode 104 complete | case=dense-20260718008808-8e90f4569304 | env_steps=2880 | agent_samples=7467 | episode_env_steps=42 | episode_agent_samples=89 | mean_reward=41.739 | success=3/5 | collision=2/5 | unresolved=0/5 | full_success=0 | timeout=0 | mean_final_distance=0.638 | dense_action_share=0.000 | rule_yield_share=0.000 | samples/sec=9.819
Episode 105 complete | case=dense-20260718008813-674e2ca5c26c | env_steps=2896 | agent_samples=7525 | episode_env_steps=16 | episode_agent_samples=58 | mean_reward=120.490 | success=5/5 | collision=0/5 | unresolved=0/5 | full_success=1 | timeout=0 | mean_final_distance=0.251 | dense_action_share=0.000 | rule_yield_share=0.000 | samples/sec=17.076
Episode 106 complete | case=dense-20260718008819-535d5c78d705 | env_steps=2908 | agent_samples=7571 | episode_env_steps=12 | episode_agent_samples=46 | mean_reward=35.515 | success=3/5 | collision=2/5 | unresolved=0/5 | full_success=0 | timeout=0 | mean_final_distance=0.532 | dense_action_share=0.000 | rule_yield_share=0.000 | samples/sec=17.694
Episode 107 complete | case=dense-20260718008825-271a6cf36173 | env_steps=2920 | agent_samples=7619 | episode_env_steps=12 | episode_agent_samples=48 | mean_reward=117.356 | success=5/5 | collision=0/5 | unresolved=0/5 | full_success=1 | timeout=0 | mean_final_distance=0.256 | dense_action_share=0.000 | rule_yield_share=0.000 | samples/sec=18.213
Episode 108 complete | case=dense-20260718008831-3ba82c2d08c3 | env_steps=2975 | agent_samples=7717 | episode_env_steps=55 | episode_agent_samples=98 | mean_reward=75.620 | success=4/5 | collision=1/5 | unresolved=0/5 | full_success=0 | timeout=0 | mean_final_distance=0.572 | dense_action_share=0.000 | rule_yield_share=0.000 | samples/sec=8.368
Episode 109 complete | case=dense-20260718008837-5e6019d4a416 | env_steps=2993 | agent_samples=7774 | episode_env_steps=18 | episode_agent_samples=57 | mean_reward=39.659 | success=3/5 | collision=2/5 | unresolved=0/5 | full_success=0 | timeout=0 | mean_final_distance=0.450 | dense_action_share=0.000 | rule_yield_share=0.000 | samples/sec=14.799
Episode 110 complete | case=dense-20260718008842-6e8467253b18 | env_steps=3006 | agent_samples=7826 | episode_env_steps=13 | episode_agent_samples=52 | mean_reward=116.352 | success=5/5 | collision=0/5 | unresolved=0/5 | full_success=1 | timeout=0 | mean_final_distance=0.271 | dense_action_share=0.000 | rule_yield_share=0.000 | samples/sec=18.594
Recent 10 episodes | avg_reward=77.924 | success_rate=0.800 | collision_rate=0.200 | unresolved_rate=0.000 | full_success_rate=0.500 | timeout_episode_rate=0.000 | total_success=414 | total_collision=136 | total_unresolved=0 | total_full_success=39 | timeout_episodes=0 | success_hist=[0, 4, 12, 29, 26, 39] | collision_hist=[39, 26, 29, 12, 4, 0]
Episode 111 complete | case=dense-20260718008847-6c1f682fe9ed | env_steps=3032 | agent_samples=7882 | episode_env_steps=26 | episode_agent_samples=56 | mean_reward=37.863 | success=3/5 | collision=2/5 | unresolved=0/5 | full_success=0 | timeout=0 | mean_final_distance=0.563 | dense_action_share=0.000 | rule_yield_share=0.000 | samples/sec=9.966
Episode 112 complete | case=dense-20260718008852-5dd28600e488 | env_steps=3047 | agent_samples=7938 | episode_env_steps=15 | episode_agent_samples=56 | mean_reward=117.852 | success=5/5 | collision=0/5 | unresolved=0/5 | full_success=1 | timeout=0 | mean_final_distance=0.272 | dense_action_share=0.000 | rule_yield_share=0.000 | samples/sec=17.206
Episode 113 complete | case=dense-20260718008857-77b01bdf7aa2 | env_steps=3083 | agent_samples=8025 | episode_env_steps=36 | episode_agent_samples=87 | mean_reward=40.047 | success=3/5 | collision=2/5 | unresolved=0/5 | full_success=0 | timeout=0 | mean_final_distance=0.625 | dense_action_share=0.000 | rule_yield_share=0.000 | samples/sec=11.262
Episode 114 complete | case=dense-20260718008863-03a14e5e8228 | env_steps=3133 | agent_samples=8111 | episode_env_steps=50 | episode_agent_samples=86 | mean_reward=36.766 | success=3/5 | collision=2/5 | unresolved=0/5 | full_success=0 | timeout=0 | mean_final_distance=0.507 | dense_action_share=0.000 | rule_yield_share=0.000 | samples/sec=7.967
Episode 115 complete | case=dense-20260718008868-38cc56b980f8 | env_steps=3155 | agent_samples=8174 | episode_env_steps=22 | episode_agent_samples=63 | mean_reward=41.619 | success=3/5 | collision=2/5 | unresolved=0/5 | full_success=0 | timeout=0 | mean_final_distance=0.405 | dense_action_share=0.000 | rule_yield_share=0.000 | samples/sec=13.376
Episode 116 complete | case=dense-20260718008874-37bf89646521 | env_steps=3200 | agent_samples=8277 | episode_env_steps=45 | episode_agent_samples=103 | mean_reward=40.751 | success=3/5 | collision=2/5 | unresolved=0/5 | full_success=0 | timeout=0 | mean_final_distance=0.693 | dense_action_share=0.000 | rule_yield_share=0.000 | samples/sec=10.673
Episode 117 complete | case=dense-20260718008880-06f66b3145d0 | env_steps=3219 | agent_samples=8341 | episode_env_steps=19 | episode_agent_samples=64 | mean_reward=-39.173 | success=1/5 | collision=4/5 | unresolved=0/5 | full_success=0 | timeout=0 | mean_final_distance=0.619 | dense_action_share=0.000 | rule_yield_share=0.000 | samples/sec=15.779
Episode 118 complete | case=dense-20260718008885-a411355739fe | env_steps=3231 | agent_samples=8392 | episode_env_steps=12 | episode_agent_samples=51 | mean_reward=-4.365 | success=2/5 | collision=3/5 | unresolved=0/5 | full_success=0 | timeout=0 | mean_final_distance=0.686 | dense_action_share=0.000 | rule_yield_share=0.000 | samples/sec=19.967
Episode 119 complete | case=dense-20260718008890-e61466c6a30e | env_steps=3274 | agent_samples=8494 | episode_env_steps=43 | episode_agent_samples=102 | mean_reward=126.465 | success=5/5 | collision=0/5 | unresolved=0/5 | full_success=1 | timeout=0 | mean_final_distance=0.250 | dense_action_share=0.000 | rule_yield_share=0.000 | samples/sec=11.104
Episode 120 complete | case=dense-20260718008896-e836240725fd | env_steps=3283 | agent_samples=8534 | episode_env_steps=9 | episode_agent_samples=40 | mean_reward=-48.217 | success=1/5 | collision=4/5 | unresolved=0/5 | full_success=0 | timeout=0 | mean_final_distance=0.986 | dense_action_share=0.000 | rule_yield_share=0.000 | samples/sec=20.618
Recent 10 episodes | avg_reward=34.961 | success_rate=0.580 | collision_rate=0.420 | unresolved_rate=0.000 | full_success_rate=0.200 | timeout_episode_rate=0.000 | total_success=443 | total_collision=157 | total_unresolved=0 | total_full_success=41 | timeout_episodes=0 | success_hist=[0, 6, 13, 34, 26, 41] | collision_hist=[41, 26, 34, 13, 6, 0]
Episode 121 complete | case=dense-20260718008901-317cee5249a1 | env_steps=3315 | agent_samples=8604 | episode_env_steps=32 | episode_agent_samples=70 | mean_reward=123.039 | success=5/5 | collision=0/5 | unresolved=0/5 | full_success=1 | timeout=0 | mean_final_distance=0.272 | dense_action_share=0.000 | rule_yield_share=0.000 | samples/sec=10.182
Episode 122 complete | case=dense-20260718008906-ac87358bb121 | env_steps=3335 | agent_samples=8667 | episode_env_steps=20 | episode_agent_samples=63 | mean_reward=38.442 | success=3/5 | collision=2/5 | unresolved=0/5 | full_success=0 | timeout=0 | mean_final_distance=0.568 | dense_action_share=0.000 | rule_yield_share=0.000 | samples/sec=14.572
Episode 123 complete | case=dense-20260718008911-8ed6a10bdb31 | env_steps=3368 | agent_samples=8746 | episode_env_steps=33 | episode_agent_samples=79 | mean_reward=40.150 | success=3/5 | collision=2/5 | unresolved=0/5 | full_success=0 | timeout=0 | mean_final_distance=0.322 | dense_action_share=0.000 | rule_yield_share=0.000 | samples/sec=11.091
Episode 124 complete | case=dense-20260718008916-fca67c6f4525 | env_steps=3385 | agent_samples=8798 | episode_env_steps=17 | episode_agent_samples=52 | mean_reward=77.073 | success=4/5 | collision=1/5 | unresolved=0/5 | full_success=0 | timeout=0 | mean_final_distance=0.351 | dense_action_share=0.000 | rule_yield_share=0.000 | samples/sec=14.319
Episode 125 complete | case=dense-20260718008921-e12ca1bc2176 | env_steps=3399 | agent_samples=8857 | episode_env_steps=14 | episode_agent_samples=59 | mean_reward=120.789 | success=5/5 | collision=0/5 | unresolved=0/5 | full_success=1 | timeout=0 | mean_final_distance=0.264 | dense_action_share=0.000 | rule_yield_share=0.000 | samples/sec=19.589
Episode 126 complete | case=dense-20260718008926-bcced3dfe913 | env_steps=3414 | agent_samples=8905 | episode_env_steps=15 | episode_agent_samples=48 | mean_reward=36.670 | success=3/5 | collision=2/5 | unresolved=0/5 | full_success=0 | timeout=0 | mean_final_distance=0.501 | dense_action_share=0.000 | rule_yield_share=0.000 | samples/sec=15.139
Episode 127 complete | case=dense-20260718008932-37721dba11c0 | env_steps=3429 | agent_samples=8958 | episode_env_steps=15 | episode_agent_samples=53 | mean_reward=78.308 | success=4/5 | collision=1/5 | unresolved=0/5 | full_success=0 | timeout=0 | mean_final_distance=0.442 | dense_action_share=0.000 | rule_yield_share=0.000 | samples/sec=16.522
Episode 128 complete | case=dense-20260718008937-bd9658caaca9 | env_steps=3442 | agent_samples=9010 | episode_env_steps=13 | episode_agent_samples=52 | mean_reward=76.100 | success=4/5 | collision=1/5 | unresolved=0/5 | full_success=0 | timeout=0 | mean_final_distance=0.483 | dense_action_share=0.000 | rule_yield_share=0.000 | samples/sec=18.584
Episode 129 complete | case=dense-20260718008943-8b0c553cd8a2 | env_steps=3454 | agent_samples=9065 | episode_env_steps=12 | episode_agent_samples=55 | mean_reward=119.492 | success=5/5 | collision=0/5 | unresolved=0/5 | full_success=1 | timeout=0 | mean_final_distance=0.248 | dense_action_share=0.000 | rule_yield_share=0.000 | samples/sec=21.584
Episode 130 complete | case=dense-20260718008952-fd09464d7363 | env_steps=3468 | agent_samples=9120 | episode_env_steps=14 | episode_agent_samples=55 | mean_reward=-41.238 | success=1/5 | collision=4/5 | unresolved=0/5 | full_success=0 | timeout=0 | mean_final_distance=0.781 | dense_action_share=0.000 | rule_yield_share=0.000 | samples/sec=18.239
Recent 10 episodes | avg_reward=66.883 | success_rate=0.740 | collision_rate=0.260 | unresolved_rate=0.000 | full_success_rate=0.300 | timeout_episode_rate=0.000 | total_success=480 | total_collision=170 | total_unresolved=0 | total_full_success=44 | timeout_episodes=0 | success_hist=[0, 7, 13, 37, 29, 44] | collision_hist=[44, 29, 37, 13, 7, 0]
Episode 131 complete | case=dense-20260718008959-11d829f6998c | env_steps=3482 | agent_samples=9168 | episode_env_steps=14 | episode_agent_samples=48 | mean_reward=-5.283 | success=2/5 | collision=3/5 | unresolved=0/5 | full_success=0 | timeout=0 | mean_final_distance=0.768 | dense_action_share=0.000 | rule_yield_share=0.000 | samples/sec=15.880
Episode 132 complete | case=dense-20260718008966-8da130c2baa6 | env_steps=3498 | agent_samples=9232 | episode_env_steps=16 | episode_agent_samples=64 | mean_reward=42.557 | success=3/5 | collision=2/5 | unresolved=0/5 | full_success=0 | timeout=0 | mean_final_distance=0.405 | dense_action_share=0.000 | rule_yield_share=0.000 | samples/sec=18.864
Episode 133 complete | case=dense-20260718008972-52f60b915db4 | env_steps=3550 | agent_samples=9336 | episode_env_steps=52 | episode_agent_samples=104 | mean_reward=121.463 | success=5/5 | collision=0/5 | unresolved=0/5 | full_success=1 | timeout=0 | mean_final_distance=0.261 | dense_action_share=0.000 | rule_yield_share=0.000 | samples/sec=9.271
Episode 134 complete | case=dense-20260718008977-afe988bc6158 | env_steps=3600 | agent_samples=9436 | episode_env_steps=50 | episode_agent_samples=100 | mean_reward=123.117 | success=5/5 | collision=0/5 | unresolved=0/5 | full_success=1 | timeout=0 | mean_final_distance=0.267 | dense_action_share=0.000 | rule_yield_share=0.000 | samples/sec=9.274
Episode 135 complete | case=dense-20260718008984-e33ef682611a | env_steps=3613 | agent_samples=9486 | episode_env_steps=13 | episode_agent_samples=50 | mean_reward=-83.987 | success=0/5 | collision=5/5 | unresolved=0/5 | full_success=0 | timeout=0 | mean_final_distance=1.183 | dense_action_share=0.000 | rule_yield_share=0.000 | samples/sec=17.752
Episode 136 complete | case=dense-20260718008990-394ac45c449e | env_steps=3637 | agent_samples=9542 | episode_env_steps=24 | episode_agent_samples=56 | mean_reward=-42.951 | success=1/5 | collision=4/5 | unresolved=0/5 | full_success=0 | timeout=0 | mean_final_distance=0.659 | dense_action_share=0.000 | rule_yield_share=0.000 | samples/sec=10.747
Episode 137 complete | case=dense-20260718008998-b90de9a3628b | env_steps=3658 | agent_samples=9621 | episode_env_steps=21 | episode_agent_samples=79 | mean_reward=125.652 | success=5/5 | collision=0/5 | unresolved=0/5 | full_success=1 | timeout=0 | mean_final_distance=0.262 | dense_action_share=0.000 | rule_yield_share=0.000 | samples/sec=17.653
Episode 138 complete | case=dense-20260718009003-9f9125f8e37f | env_steps=3676 | agent_samples=9681 | episode_env_steps=18 | episode_agent_samples=60 | mean_reward=-43.433 | success=1/5 | collision=4/5 | unresolved=0/5 | full_success=0 | timeout=0 | mean_final_distance=0.933 | dense_action_share=0.000 | rule_yield_share=0.000 | samples/sec=15.590
Episode 139 complete | case=dense-20260718009008-b79859363c8d | env_steps=3689 | agent_samples=9732 | episode_env_steps=13 | episode_agent_samples=51 | mean_reward=36.954 | success=3/5 | collision=2/5 | unresolved=0/5 | full_success=0 | timeout=0 | mean_final_distance=0.504 | dense_action_share=0.000 | rule_yield_share=0.000 | samples/sec=18.114
Episode 140 complete | case=dense-20260718009014-926a0351ddcd | env_steps=3717 | agent_samples=9814 | episode_env_steps=28 | episode_agent_samples=82 | mean_reward=1.156 | success=2/5 | collision=3/5 | unresolved=0/5 | full_success=0 | timeout=0 | mean_final_distance=0.584 | dense_action_share=0.000 | rule_yield_share=0.000 | samples/sec=13.659
Recent 10 episodes | avg_reward=27.525 | success_rate=0.540 | collision_rate=0.460 | unresolved_rate=0.000 | full_success_rate=0.300 | timeout_episode_rate=0.000 | total_success=507 | total_collision=193 | total_unresolved=0 | total_full_success=47 | timeout_episodes=0 | success_hist=[1, 9, 15, 39, 29, 47] | collision_hist=[47, 29, 39, 15, 9, 1]
Episode 141 complete | case=dense-20260718009019-25f62c639935 | env_steps=3728 | agent_samples=9861 | episode_env_steps=11 | episode_agent_samples=47 | mean_reward=115.468 | success=5/5 | collision=0/5 | unresolved=0/5 | full_success=1 | timeout=0 | mean_final_distance=0.258 | dense_action_share=0.000 | rule_yield_share=0.000 | samples/sec=20.007
Episode 142 complete | case=dense-20260718009025-8c59cfaca31c | env_steps=3762 | agent_samples=9946 | episode_env_steps=34 | episode_agent_samples=85 | mean_reward=88.134 | success=4/5 | collision=1/5 | unresolved=0/5 | full_success=0 | timeout=0 | mean_final_distance=0.263 | dense_action_share=0.000 | rule_yield_share=0.000 | samples/sec=11.621
Episode 143 complete | case=dense-20260718009030-628da92d1633 | env_steps=3798 | agent_samples=10020 | episode_env_steps=36 | episode_agent_samples=74 | mean_reward=119.183 | success=5/5 | collision=0/5 | unresolved=0/5 | full_success=1 | timeout=0 | mean_final_distance=0.258 | dense_action_share=0.000 | rule_yield_share=0.000 | samples/sec=9.536
Episode 144 complete | case=dense-20260718009036-0cccfb3b16be | env_steps=3918 | agent_samples=10203 | episode_env_steps=120 | episode_agent_samples=183 | mean_reward=120.230 | success=5/5 | collision=0/5 | unresolved=0/5 | full_success=1 | timeout=0 | mean_final_distance=0.258 | dense_action_share=0.000 | rule_yield_share=0.000 | samples/sec=7.101
Episode 145 complete | case=dense-20260718009042-5e9450d118f6 | env_steps=3954 | agent_samples=10275 | episode_env_steps=36 | episode_agent_samples=72 | mean_reward=36.462 | success=3/5 | collision=2/5 | unresolved=0/5 | full_success=0 | timeout=0 | mean_final_distance=0.777 | dense_action_share=0.000 | rule_yield_share=0.000 | samples/sec=9.265
Episode 146 complete | case=dense-20260718009047-e5b9256c093f | env_steps=4005 | agent_samples=10385 | episode_env_steps=51 | episode_agent_samples=110 | mean_reward=117.483 | success=5/5 | collision=0/5 | unresolved=0/5 | full_success=1 | timeout=0 | mean_final_distance=0.273 | dense_action_share=0.000 | rule_yield_share=0.000 | samples/sec=10.014
Episode 147 complete | case=dense-20260718009053-7b14eb8daa21 | env_steps=4044 | agent_samples=10469 | episode_env_steps=39 | episode_agent_samples=84 | mean_reward=42.859 | success=3/5 | collision=2/5 | unresolved=0/5 | full_success=0 | timeout=0 | mean_final_distance=0.474 | dense_action_share=0.000 | rule_yield_share=0.000 | samples/sec=10.095
Episode 148 complete | case=dense-20260718009058-1a630d080d71 | env_steps=4066 | agent_samples=10539 | episode_env_steps=22 | episode_agent_samples=70 | mean_reward=125.751 | success=5/5 | collision=0/5 | unresolved=0/5 | full_success=1 | timeout=0 | mean_final_distance=0.260 | dense_action_share=0.000 | rule_yield_share=0.000 | samples/sec=14.773
Episode 149 complete | case=dense-20260718009064-49c63c18be66 | env_steps=4094 | agent_samples=10613 | episode_env_steps=28 | episode_agent_samples=74 | mean_reward=41.605 | success=3/5 | collision=2/5 | unresolved=0/5 | full_success=0 | timeout=0 | mean_final_distance=0.425 | dense_action_share=0.000 | rule_yield_share=0.000 | samples/sec=12.282
Episode 150 complete | case=dense-20260718009071-64360120ddeb | env_steps=4106 | agent_samples=10661 | episode_env_steps=12 | episode_agent_samples=48 | mean_reward=36.156 | success=3/5 | collision=2/5 | unresolved=0/5 | full_success=0 | timeout=0 | mean_final_distance=0.661 | dense_action_share=0.000 | rule_yield_share=0.000 | samples/sec=18.543
Recent 10 episodes | avg_reward=84.333 | success_rate=0.820 | collision_rate=0.180 | unresolved_rate=0.000 | full_success_rate=0.500 | timeout_episode_rate=0.000 | total_success=548 | total_collision=202 | total_unresolved=0 | total_full_success=52 | timeout_episodes=0 | success_hist=[1, 9, 15, 43, 30, 52] | collision_hist=[52, 30, 43, 15, 9, 1]
Episode 151 complete | case=dense-20260718009076-06f017e1a703 | env_steps=4119 | agent_samples=10711 | episode_env_steps=13 | episode_agent_samples=50 | mean_reward=-2.439 | success=2/5 | collision=3/5 | unresolved=0/5 | full_success=0 | timeout=0 | mean_final_distance=0.651 | dense_action_share=0.000 | rule_yield_share=0.000 | samples/sec=17.982
Episode 152 complete | case=dense-20260718009081-4dadf6228a50 | env_steps=4220 | agent_samples=10868 | episode_env_steps=101 | episode_agent_samples=157 | mean_reward=120.971 | success=5/5 | collision=0/5 | unresolved=0/5 | full_success=1 | timeout=0 | mean_final_distance=0.270 | dense_action_share=0.000 | rule_yield_share=0.000 | samples/sec=7.189
Episode 153 complete | case=dense-20260718009087-588ffebeeed2 | env_steps=4273 | agent_samples=10959 | episode_env_steps=53 | episode_agent_samples=91 | mean_reward=-41.855 | success=1/5 | collision=4/5 | unresolved=0/5 | full_success=0 | timeout=0 | mean_final_distance=0.804 | dense_action_share=0.000 | rule_yield_share=0.000 | samples/sec=7.985
Episode 154 complete | case=dense-20260718009093-1fd5fb8b5181 | env_steps=4286 | agent_samples=11011 | episode_env_steps=13 | episode_agent_samples=52 | mean_reward=35.082 | success=3/5 | collision=2/5 | unresolved=0/5 | full_success=0 | timeout=0 | mean_final_distance=0.539 | dense_action_share=0.000 | rule_yield_share=0.000 | samples/sec=18.583
Episode 155 complete | case=dense-20260718009098-ff90d083af22 | env_steps=4317 | agent_samples=11121 | episode_env_steps=31 | episode_agent_samples=110 | mean_reward=39.978 | success=3/5 | collision=2/5 | unresolved=0/5 | full_success=0 | timeout=0 | mean_final_distance=0.521 | dense_action_share=0.000 | rule_yield_share=0.000 | samples/sec=16.471
Episode 156 complete | case=dense-20260718009105-510db86b4541 | env_steps=4362 | agent_samples=11241 | episode_env_steps=45 | episode_agent_samples=120 | mean_reward=85.913 | success=4/5 | collision=1/5 | unresolved=0/5 | full_success=0 | timeout=0 | mean_final_distance=0.400 | dense_action_share=0.000 | rule_yield_share=0.000 | samples/sec=12.318
Episode 157 complete | case=dense-20260718009111-eebbc3113fe1 | env_steps=4385 | agent_samples=11306 | episode_env_steps=23 | episode_agent_samples=65 | mean_reward=116.461 | success=5/5 | collision=0/5 | unresolved=0/5 | full_success=1 | timeout=0 | mean_final_distance=0.270 | dense_action_share=0.000 | rule_yield_share=0.000 | samples/sec=13.238
Episode 158 complete | case=dense-20260718009116-11ea51e963a0 | env_steps=4395 | agent_samples=11347 | episode_env_steps=10 | episode_agent_samples=41 | mean_reward=32.118 | success=3/5 | collision=2/5 | unresolved=0/5 | full_success=0 | timeout=0 | mean_final_distance=0.755 | dense_action_share=0.000 | rule_yield_share=0.000 | samples/sec=19.543
Episode 159 complete | case=dense-20260718009121-d2dfa3618b9b | env_steps=4407 | agent_samples=11394 | episode_env_steps=12 | episode_agent_samples=47 | mean_reward=117.786 | success=5/5 | collision=0/5 | unresolved=0/5 | full_success=1 | timeout=0 | mean_final_distance=0.243 | dense_action_share=0.000 | rule_yield_share=0.000 | samples/sec=18.181
Episode 160 complete | case=dense-20260718009126-8f0f0502a13d | env_steps=4416 | agent_samples=11436 | episode_env_steps=9 | episode_agent_samples=42 | mean_reward=113.994 | success=5/5 | collision=0/5 | unresolved=0/5 | full_success=1 | timeout=0 | mean_final_distance=0.276 | dense_action_share=0.000 | rule_yield_share=0.000 | samples/sec=21.539
Recent 10 episodes | avg_reward=61.801 | success_rate=0.720 | collision_rate=0.280 | unresolved_rate=0.000 | full_success_rate=0.400 | timeout_episode_rate=0.000 | total_success=584 | total_collision=216 | total_unresolved=0 | total_full_success=56 | timeout_episodes=0 | success_hist=[1, 10, 16, 46, 31, 56] | collision_hist=[56, 31, 46, 16, 10, 1]
Episode 161 complete | case=dense-20260718009132-fa45be84ccf8 | env_steps=4428 | agent_samples=11481 | episode_env_steps=12 | episode_agent_samples=45 | mean_reward=-44.170 | success=1/5 | collision=4/5 | unresolved=0/5 | full_success=0 | timeout=0 | mean_final_distance=0.935 | dense_action_share=0.000 | rule_yield_share=0.000 | samples/sec=17.213
Episode 162 complete | case=dense-20260718009138-38a5a2eb225b | env_steps=4451 | agent_samples=11547 | episode_env_steps=23 | episode_agent_samples=66 | mean_reward=123.289 | success=5/5 | collision=0/5 | unresolved=0/5 | full_success=1 | timeout=0 | mean_final_distance=0.261 | dense_action_share=0.000 | rule_yield_share=0.000 | samples/sec=13.332
Episode 163 complete | case=dense-20260718009144-9110807c1a87 | env_steps=4473 | agent_samples=11623 | episode_env_steps=22 | episode_agent_samples=76 | mean_reward=46.322 | success=3/5 | collision=2/5 | unresolved=0/5 | full_success=0 | timeout=0 | mean_final_distance=0.439 | dense_action_share=0.000 | rule_yield_share=0.000 | samples/sec=16.246
Episode 164 complete | case=dense-20260718009149-779b4acf72aa | env_steps=4497 | agent_samples=11685 | episode_env_steps=24 | episode_agent_samples=62 | mean_reward=80.694 | success=4/5 | collision=1/5 | unresolved=0/5 | full_success=0 | timeout=0 | mean_final_distance=0.508 | dense_action_share=0.000 | rule_yield_share=0.000 | samples/sec=12.046
Episode 165 complete | case=dense-20260718009154-10495be1cfde | env_steps=4517 | agent_samples=11743 | episode_env_steps=20 | episode_agent_samples=58 | mean_reward=38.340 | success=3/5 | collision=2/5 | unresolved=0/5 | full_success=0 | timeout=0 | mean_final_distance=0.457 | dense_action_share=0.000 | rule_yield_share=0.000 | samples/sec=13.559
Episode 166 complete | case=dense-20260718009159-82c693204c0b | env_steps=4534 | agent_samples=11801 | episode_env_steps=17 | episode_agent_samples=58 | mean_reward=40.143 | success=3/5 | collision=2/5 | unresolved=0/5 | full_success=0 | timeout=0 | mean_final_distance=0.673 | dense_action_share=0.000 | rule_yield_share=0.000 | samples/sec=15.910
Episode 167 complete | case=dense-20260718009164-87f3533c94a4 | env_steps=4547 | agent_samples=11846 | episode_env_steps=13 | episode_agent_samples=45 | mean_reward=35.451 | success=3/5 | collision=2/5 | unresolved=0/5 | full_success=0 | timeout=0 | mean_final_distance=0.608 | dense_action_share=0.000 | rule_yield_share=0.000 | samples/sec=16.065
Episode 168 complete | case=dense-20260718009170-be68d134b157 | env_steps=4560 | agent_samples=11901 | episode_env_steps=13 | episode_agent_samples=55 | mean_reward=119.929 | success=5/5 | collision=0/5 | unresolved=0/5 | full_success=1 | timeout=0 | mean_final_distance=0.266 | dense_action_share=0.000 | rule_yield_share=0.000 | samples/sec=19.885
Episode 169 complete | case=dense-20260718009177-458551d4ac14 | env_steps=4575 | agent_samples=11949 | episode_env_steps=15 | episode_agent_samples=48 | mean_reward=-2.489 | success=2/5 | collision=3/5 | unresolved=0/5 | full_success=0 | timeout=0 | mean_final_distance=0.732 | dense_action_share=0.000 | rule_yield_share=0.000 | samples/sec=14.831
Episode 170 complete | case=dense-20260718009183-47e5083ca13b | env_steps=4597 | agent_samples=12013 | episode_env_steps=22 | episode_agent_samples=64 | mean_reward=-40.013 | success=1/5 | collision=4/5 | unresolved=0/5 | full_success=0 | timeout=0 | mean_final_distance=0.814 | dense_action_share=0.000 | rule_yield_share=0.000 | samples/sec=13.433
Recent 10 episodes | avg_reward=39.750 | success_rate=0.600 | collision_rate=0.400 | unresolved_rate=0.000 | full_success_rate=0.200 | timeout_episode_rate=0.000 | total_success=614 | total_collision=236 | total_unresolved=0 | total_full_success=58 | timeout_episodes=0 | success_hist=[1, 12, 17, 50, 32, 58] | collision_hist=[58, 32, 50, 17, 12, 1]
Episode 171 complete | case=dense-20260718009190-95b0be1c5552 | env_steps=4620 | agent_samples=12085 | episode_env_steps=23 | episode_agent_samples=72 | mean_reward=83.273 | success=4/5 | collision=1/5 | unresolved=0/5 | full_success=0 | timeout=0 | mean_final_distance=0.312 | dense_action_share=0.000 | rule_yield_share=0.000 | samples/sec=14.477
Episode 172 complete | case=dense-20260718009195-0fe728db2b70 | env_steps=4640 | agent_samples=12142 | episode_env_steps=20 | episode_agent_samples=57 | mean_reward=36.602 | success=3/5 | collision=2/5 | unresolved=0/5 | full_success=0 | timeout=0 | mean_final_distance=0.404 | dense_action_share=0.000 | rule_yield_share=0.000 | samples/sec=13.194
Episode 173 complete | case=dense-20260718009201-6c06954748ba | env_steps=4657 | agent_samples=12204 | episode_env_steps=17 | episode_agent_samples=62 | mean_reward=121.474 | success=5/5 | collision=0/5 | unresolved=0/5 | full_success=1 | timeout=0 | mean_final_distance=0.238 | dense_action_share=0.000 | rule_yield_share=0.000 | samples/sec=16.839
Episode 174 complete | case=dense-20260718009206-9a9eb046f625 | env_steps=4805 | agent_samples=12417 | episode_env_steps=148 | episode_agent_samples=213 | mean_reward=119.086 | success=5/5 | collision=0/5 | unresolved=0/5 | full_success=1 | timeout=0 | mean_final_distance=0.256 | dense_action_share=0.000 | rule_yield_share=0.000 | samples/sec=6.712
Episode 175 complete | case=dense-20260718009213-57c720ca886d | env_steps=4816 | agent_samples=12467 | episode_env_steps=11 | episode_agent_samples=50 | mean_reward=36.976 | success=3/5 | collision=2/5 | unresolved=0/5 | full_success=0 | timeout=0 | mean_final_distance=0.530 | dense_action_share=0.000 | rule_yield_share=0.000 | samples/sec=21.262
Episode 176 complete | case=dense-20260718009218-a72ece5556dd | env_steps=4832 | agent_samples=12515 | episode_env_steps=16 | episode_agent_samples=48 | mean_reward=78.438 | success=4/5 | collision=1/5 | unresolved=0/5 | full_success=0 | timeout=0 | mean_final_distance=0.539 | dense_action_share=0.000 | rule_yield_share=0.000 | samples/sec=13.937
Episode 177 complete | case=dense-20260718009223-5984880dab3d | env_steps=4861 | agent_samples=12594 | episode_env_steps=29 | episode_agent_samples=79 | mean_reward=124.165 | success=5/5 | collision=0/5 | unresolved=0/5 | full_success=1 | timeout=0 | mean_final_distance=0.240 | dense_action_share=0.000 | rule_yield_share=0.000 | samples/sec=12.617
Episode 178 complete | case=dense-20260718009228-ca61d5ba34aa | env_steps=4873 | agent_samples=12644 | episode_env_steps=12 | episode_agent_samples=50 | mean_reward=74.740 | success=4/5 | collision=1/5 | unresolved=0/5 | full_success=0 | timeout=0 | mean_final_distance=0.554 | dense_action_share=0.000 | rule_yield_share=0.000 | samples/sec=19.367
Episode 179 complete | case=dense-20260718009233-016841ecde67 | env_steps=4887 | agent_samples=12695 | episode_env_steps=14 | episode_agent_samples=51 | mean_reward=-2.626 | success=2/5 | collision=3/5 | unresolved=0/5 | full_success=0 | timeout=0 | mean_final_distance=0.718 | dense_action_share=0.000 | rule_yield_share=0.000 | samples/sec=16.755
Episode 180 complete | case=dense-20260718009238-8cb297c47f5c | env_steps=4899 | agent_samples=12747 | episode_env_steps=12 | episode_agent_samples=52 | mean_reward=-46.147 | success=1/5 | collision=4/5 | unresolved=0/5 | full_success=0 | timeout=0 | mean_final_distance=0.826 | dense_action_share=0.000 | rule_yield_share=0.000 | samples/sec=20.438
Recent 10 episodes | avg_reward=62.598 | success_rate=0.720 | collision_rate=0.280 | unresolved_rate=0.000 | full_success_rate=0.300 | timeout_episode_rate=0.000 | total_success=650 | total_collision=250 | total_unresolved=0 | total_full_success=61 | timeout_episodes=0 | success_hist=[1, 13, 18, 52, 35, 61] | collision_hist=[61, 35, 52, 18, 13, 1]
Episode 181 complete | case=dense-20260718009244-2606bd195a8e | env_steps=4911 | agent_samples=12794 | episode_env_steps=12 | episode_agent_samples=47 | mean_reward=36.753 | success=3/5 | collision=2/5 | unresolved=0/5 | full_success=0 | timeout=0 | mean_final_distance=0.592 | dense_action_share=0.000 | rule_yield_share=0.000 | samples/sec=18.114
Episode 182 complete | case=dense-20260718009250-fd1f670a4fbd | env_steps=4942 | agent_samples=12875 | episode_env_steps=31 | episode_agent_samples=81 | mean_reward=79.754 | success=4/5 | collision=1/5 | unresolved=0/5 | full_success=0 | timeout=0 | mean_final_distance=0.292 | dense_action_share=0.000 | rule_yield_share=0.000 | samples/sec=12.076
Episode 183 complete | case=dense-20260718009256-dc57b423e7ae | env_steps=4963 | agent_samples=12940 | episode_env_steps=21 | episode_agent_samples=65 | mean_reward=121.623 | success=5/5 | collision=0/5 | unresolved=0/5 | full_success=1 | timeout=0 | mean_final_distance=0.257 | dense_action_share=0.000 | rule_yield_share=0.000 | samples/sec=14.357
Episode 184 complete | case=dense-20260718009261-493fcb1f9ac8 | env_steps=4980 | agent_samples=12990 | episode_env_steps=17 | episode_agent_samples=50 | mean_reward=36.796 | success=3/5 | collision=2/5 | unresolved=0/5 | full_success=0 | timeout=0 | mean_final_distance=0.591 | dense_action_share=0.000 | rule_yield_share=0.000 | samples/sec=13.642
Episode 185 complete | case=dense-20260718009267-665568a357a8 | env_steps=4999 | agent_samples=13057 | episode_env_steps=19 | episode_agent_samples=67 | mean_reward=120.104 | success=5/5 | collision=0/5 | unresolved=0/5 | full_success=1 | timeout=0 | mean_final_distance=0.272 | dense_action_share=0.000 | rule_yield_share=0.000 | samples/sec=16.396
Episode 186 complete | case=dense-20260718009273-64db8029a9a1 | env_steps=5043 | agent_samples=13156 | episode_env_steps=44 | episode_agent_samples=99 | mean_reward=38.654 | success=3/5 | collision=2/5 | unresolved=0/5 | full_success=0 | timeout=0 | mean_final_distance=0.497 | dense_action_share=0.000 | rule_yield_share=0.000 | samples/sec=10.539
Episode 187 complete | case=dense-20260718009279-5153a7c8a6af | env_steps=5057 | agent_samples=13206 | episode_env_steps=14 | episode_agent_samples=50 | mean_reward=-44.948 | success=1/5 | collision=4/5 | unresolved=0/5 | full_success=0 | timeout=0 | mean_final_distance=1.081 | dense_action_share=0.000 | rule_yield_share=0.000 | samples/sec=16.597
Episode 188 complete | case=dense-20260718009285-dd19ef844304 | env_steps=5080 | agent_samples=13269 | episode_env_steps=23 | episode_agent_samples=63 | mean_reward=41.125 | success=3/5 | collision=2/5 | unresolved=0/5 | full_success=0 | timeout=0 | mean_final_distance=0.450 | dense_action_share=0.000 | rule_yield_share=0.000 | samples/sec=12.893
Episode 189 complete | case=dense-20260718009290-fdb2ef1b163b | env_steps=5103 | agent_samples=13351 | episode_env_steps=23 | episode_agent_samples=82 | mean_reward=127.162 | success=5/5 | collision=0/5 | unresolved=0/5 | full_success=1 | timeout=0 | mean_final_distance=0.261 | dense_action_share=0.000 | rule_yield_share=0.000 | samples/sec=16.549
Episode 190 complete | case=dense-20260718009295-a323f1987165 | env_steps=5128 | agent_samples=13423 | episode_env_steps=25 | episode_agent_samples=72 | mean_reward=4.860 | success=2/5 | collision=3/5 | unresolved=0/5 | full_success=0 | timeout=0 | mean_final_distance=0.662 | dense_action_share=0.000 | rule_yield_share=0.000 | samples/sec=13.321
Recent 10 episodes | avg_reward=56.188 | success_rate=0.680 | collision_rate=0.320 | unresolved_rate=0.000 | full_success_rate=0.300 | timeout_episode_rate=0.000 | total_success=684 | total_collision=266 | total_unresolved=0 | total_full_success=64 | timeout_episodes=0 | success_hist=[1, 14, 19, 56, 36, 64] | collision_hist=[64, 36, 56, 19, 14, 1]
Episode 191 complete | case=dense-20260718009300-5c441b053400 | env_steps=5164 | agent_samples=13521 | episode_env_steps=36 | episode_agent_samples=98 | mean_reward=86.927 | success=4/5 | collision=1/5 | unresolved=0/5 | full_success=0 | timeout=0 | mean_final_distance=0.560 | dense_action_share=0.000 | rule_yield_share=0.000 | samples/sec=12.726
Episode 192 complete | case=dense-20260718009307-7ad7bdea1f07 | env_steps=5175 | agent_samples=13566 | episode_env_steps=11 | episode_agent_samples=45 | mean_reward=73.729 | success=4/5 | collision=1/5 | unresolved=0/5 | full_success=0 | timeout=0 | mean_final_distance=0.461 | dense_action_share=0.000 | rule_yield_share=0.000 | samples/sec=19.094
Episode 193 complete | case=dense-20260718009312-a3cff23c380b | env_steps=5192 | agent_samples=13628 | episode_env_steps=17 | episode_agent_samples=62 | mean_reward=40.484 | success=3/5 | collision=2/5 | unresolved=0/5 | full_success=0 | timeout=0 | mean_final_distance=0.383 | dense_action_share=0.000 | rule_yield_share=0.000 | samples/sec=17.005
Episode 194 complete | case=dense-20260718009318-b62864ad2559 | env_steps=5225 | agent_samples=13727 | episode_env_steps=33 | episode_agent_samples=99 | mean_reward=128.989 | success=5/5 | collision=0/5 | unresolved=0/5 | full_success=1 | timeout=0 | mean_final_distance=0.282 | dense_action_share=0.000 | rule_yield_share=0.000 | samples/sec=14.010
Episode 195 complete | case=dense-20260718009323-ad0524ab29e2 | env_steps=5240 | agent_samples=13781 | episode_env_steps=15 | episode_agent_samples=54 | mean_reward=-44.891 | success=1/5 | collision=4/5 | unresolved=0/5 | full_success=0 | timeout=0 | mean_final_distance=0.771 | dense_action_share=0.000 | rule_yield_share=0.000 | samples/sec=16.984
Episode 196 complete | case=dense-20260718009329-dc9b3bb90706 | env_steps=5310 | agent_samples=13965 | episode_env_steps=70 | episode_agent_samples=184 | mean_reward=118.664 | success=5/5 | collision=0/5 | unresolved=0/5 | full_success=1 | timeout=0 | mean_final_distance=0.258 | dense_action_share=0.000 | rule_yield_share=0.000 | samples/sec=12.296
Episode 197 complete | case=dense-20260718009335-2a780ffbc436 | env_steps=5324 | agent_samples=14019 | episode_env_steps=14 | episode_agent_samples=54 | mean_reward=38.926 | success=3/5 | collision=2/5 | unresolved=0/5 | full_success=0 | timeout=0 | mean_final_distance=0.494 | dense_action_share=0.000 | rule_yield_share=0.000 | samples/sec=17.859
Episode 198 complete | case=dense-20260718009342-e413bb6628e2 | env_steps=5346 | agent_samples=14080 | episode_env_steps=22 | episode_agent_samples=61 | mean_reward=-2.847 | success=2/5 | collision=3/5 | unresolved=0/5 | full_success=0 | timeout=0 | mean_final_distance=0.876 | dense_action_share=0.000 | rule_yield_share=0.000 | samples/sec=12.732
Episode 199 complete | case=dense-20260718009347-d7dd0322f518 | env_steps=5371 | agent_samples=14154 | episode_env_steps=25 | episode_agent_samples=74 | mean_reward=122.209 | success=5/5 | collision=0/5 | unresolved=0/5 | full_success=1 | timeout=0 | mean_final_distance=0.251 | dense_action_share=0.000 | rule_yield_share=0.000 | samples/sec=13.858
Episode 200 complete | case=dense-20260718009352-409a41d45093 | env_steps=5392 | agent_samples=14216 | episode_env_steps=21 | episode_agent_samples=62 | mean_reward=41.765 | success=3/5 | collision=2/5 | unresolved=0/5 | full_success=0 | timeout=0 | mean_final_distance=0.377 | dense_action_share=0.000 | rule_yield_share=0.000 | samples/sec=13.824
Recent 10 episodes | avg_reward=60.395 | success_rate=0.700 | collision_rate=0.300 | unresolved_rate=0.000 | full_success_rate=0.300 | timeout_episode_rate=0.000 | total_success=719 | total_collision=281 | total_unresolved=0 | total_full_success=67 | timeout_episodes=0 | success_hist=[1, 15, 20, 59, 38, 67] | collision_hist=[67, 38, 59, 20, 15, 1]
Target test episodes reached | episode_num=200 | target=200
9.177221946, 1.027000000]: DiffDrive(ns = /r3/): Subscribe to cmd_vel
[INFO] [1785484769.177361073, 1.027000000]: DiffDrive(ns = /r3/): Advertise odom on odom 
[INFO] [1785484769.177420298, 1.027000000]: GazeboRosJointStatePublisher is going to publish joint: chassis_swivel_joint
[INFO] [1785484769.177425608, 1.027000000]: GazeboRosJointStatePublisher is going to publish joint: swivel_wheel_joint
[INFO] [1785484769.177430935, 1.027000000]: GazeboRosJointStatePublisher is going to publish joint: left_hub_joint
[INFO] [1785484769.177434568, 1.027000000]: GazeboRosJointStatePublisher is going to publish joint: right_hub_joint
[INFO] [1785484769.177437893, 1.027000000]: Starting GazeboRosJointStatePublisher Plugin (ns = /r3/)!, parent name: r3
[INFO] [1785484769.461765388, 1.176000000]: Laser Plugin: The 'robotNamespace' param was empty
[INFO] [1785484769.461782705, 1.176000000]: Starting Laser Plugin (ns = r1)
[INFO] [1785484769.462319437, 1.176000000]: Laser Plugin (ns = r1)  <tf_prefix_>, set to ""
[INFO] [1785484770.084678886, 1.176000000]: Velodyne laser plugin missing <min_intensity>, defaults to no clipping
[INFO] [1785484770.085239554, 1.176000000]: Velodyne laser plugin ready, 16 lasers
[INFO] [1785484770.088806673, 1.176000000]: Starting plugin DiffDrive(ns = /r1/)
[DEBUG] [1785484770.088815767, 1.176000000]: DiffDrive(ns = /r1/): <rosDebugLevel> = Debug
[INFO] [1785484770.088825800, 1.176000000]: DiffDrive(ns = /r1/): <rosDebugLevel> = Debug
[INFO] [1785484770.089333744, 1.176000000]: DiffDrive(ns = /r1/): <tf_prefix> = 
[DEBUG] [1785484770.089338765, 1.176000000]: DiffDrive(ns = /r1/): <commandTopic> = cmd_vel
[DEBUG] [1785484770.089342633, 1.176000000]: DiffDrive(ns = /r1/): <odometryTopic> = odom
[DEBUG] [1785484770.089347638, 1.176000000]: DiffDrive(ns = /r1/): <odometryFrame> = odom
[DEBUG] [1785484770.089353066, 1.176000000]: DiffDrive(ns = /r1/): <robotBaseFrame> = base_link
[DEBUG] [1785484770.089359146, 1.176000000]: DiffDrive(ns = /r1/): <publishWheelTF> = false
[DEBUG] [1785484770.089364249, 1.176000000]: DiffDrive(ns = /r1/): <publishOdomTF> = false
[DEBUG] [1785484770.089369900, 1.176000000]: DiffDrive(ns = /r1/): <publishWheelJointState> = false
[DEBUG] [1785484770.089378975, 1.176000000]: DiffDrive(ns = /r1/): <wheelSeparation> = 0.29999999999999999
[DEBUG] [1785484770.089384586, 1.176000000]: DiffDrive(ns = /r1/): <wheelDiameter> = 0.17999999999999999
[DEBUG] [1785484770.089390636, 1.176000000]: DiffDrive(ns = /r1/): <wheelAcceleration> = 1.8
[DEBUG] [1785484770.089395334, 1.176000000]: DiffDrive(ns = /r1/): <wheelTorque> = 20
[DEBUG] [1785484770.089400835, 1.176000000]: DiffDrive(ns = /r1/): <updateRate> = 50
[DEBUG] [1785484770.089408443, 1.176000000]: DiffDrive(ns = /r1/): <odometrySource> = world := 1
[DEBUG] [1785484770.089413505, 1.176000000]: DiffDrive(ns = /r1/): <leftJoint> = left_hub_joint
[DEBUG] [1785484770.089417952, 1.176000000]: DiffDrive(ns = /r1/): <rightJoint> = right_hub_joint
[INFO] [1785484770.089445489, 1.176000000]: DiffDrive(ns = /r1/): Try to subscribe to cmd_vel
[INFO] [1785484770.090649640, 1.176000000]: DiffDrive(ns = /r1/): Subscribe to cmd_vel
[INFO] [1785484770.090837191, 1.176000000]: DiffDrive(ns = /r1/): Advertise odom on odom 
[INFO] [1785484770.090902783, 1.176000000]: GazeboRosJointStatePublisher is going to publish joint: chassis_swivel_joint
[INFO] [1785484770.090907863, 1.176000000]: GazeboRosJointStatePublisher is going to publish joint: swivel_wheel_joint
[INFO] [1785484770.090911818, 1.176000000]: GazeboRosJointStatePublisher is going to publish joint: left_hub_joint
[INFO] [1785484770.090915921, 1.176000000]: GazeboRosJointStatePublisher is going to publish joint: right_hub_joint
[INFO] [1785484770.090921095, 1.176000000]: Starting GazeboRosJointStatePublisher Plugin (ns = /r1/)!, parent name: r1
Error in XmlRpcClient::writeRequest: write error (Connection refused).
Error in XmlRpcDispatch::work: couldn't find source iterator
Error in XmlRpcClient::writeRequest: write error (Connection refused).
Error in XmlRpcDispatch::work: couldn't find source iterator
Error in XmlRpcClient::writeRequest: write error (Connection refused).
Error in XmlRpcDispatch::work: couldn't find source iterator
Error in XmlRpcClient::writeRequest: write error (Connection refused).
Error in XmlRpcDispatch::work: couldn't find source iterator
Error in XmlRpcClient::writeRequest: write error (Connection refused).
Error in XmlRpcDispatch::work: couldn't find source iterator
... logging to /home/jiutian/.ros/log/be54e52c-8cb5-11f1-859c-f36468cdae36/roslaunch-JiuTian-AI4090-2749056.log
Checking log directory for disk usage. This may take a while.
Press Ctrl-C to interrupt
Done checking log file disk usage. Usage is <1GB.
]2;roscore
[1mstarted roslaunch server http://localhost:33373/[0m
ros_comm version 1.17.4


SUMMARY
========

PARAMETERS
 * /rosdistro: noetic
 * /rosversion: 1.17.4

NODES

auto-starting new master
[1mprocess[master]: started with pid [2749115][0m
[1mROS_MASTER_URI=http://localhost:13821/[0m
]2;roscore http://localhost:13821/
[1msetting /run_id to be54e52c-8cb5-11f1-859c-f36468cdae36[0m
[1mprocess[rosout-1]: started with pid [2749134][0m
started core service [/rosout]
[rosout-1] killing on exit
[master] killing on exit
shutting down processing monitor...
... shutting down processing monitor complete
[1mdone[0m
... logging to /home/jiutian/.ros/log/be54e52c-8cb5-11f1-859c-f36468cdae36/roslaunch-JiuTian-AI4090-2749143.log
Checking log directory for disk usage. This may take a while.
Press Ctrl-C to interrupt
Done checking log file disk usage. Usage is <1GB.
]2;/home/jiutian/Local-Critic-Multi-Robot-Navigation-gate/TD3/assets/multi_robot_scenario_strong_interaction_pilot_5.launch
[1mstarted roslaunch server http://localhost:46053/[0m

SUMMARY
========

PARAMETERS
 * /robot_description_r1: <?xml version="1....
 * /robot_description_r2: <?xml version="1....
 * /robot_description_r3: <?xml version="1....
 * /robot_description_r4: <?xml version="1....
 * /robot_description_r5: <?xml version="1....
 * /rosdistro: noetic
 * /rosversion: 1.17.4
 * /use_sim_time: True

NODES
  /
    gazebo (gazebo_ros/gzserver)
    urdf_spawner_r1 (gazebo_ros/spawn_model)
    urdf_spawner_r2 (gazebo_ros/spawn_model)
    urdf_spawner_r3 (gazebo_ros/spawn_model)
    urdf_spawner_r4 (gazebo_ros/spawn_model)
    urdf_spawner_r5 (gazebo_ros/spawn_model)

[1mROS_MASTER_URI=http://localhost:13821/[0m
]2;/home/jiutian/Local-Critic-Multi-Robot-Navigation-gate/TD3/assets/multi_robot_scenario_strong_interaction_pilot_5.launch http://localhost:13821/
[1mprocess[gazebo-1]: started with pid [2749336][0m
[1mprocess[urdf_spawner_r1-2]: started with pid [2749340][0m
[1mprocess[urdf_spawner_r2-3]: started with pid [2749342][0m
[1mprocess[urdf_spawner_r3-4]: started with pid [2749343][0m
[1mprocess[urdf_spawner_r4-5]: started with pid [2749344][0m
[1mprocess[urdf_spawner_r5-6]: started with pid [2749345][0m
[1m[urdf_spawner_r2-3] process has finished cleanly
log file: /home/jiutian/.ros/log/be54e52c-8cb5-11f1-859c-f36468cdae36/urdf_spawner_r2-3*.log[0m
[1m[urdf_spawner_r4-5] process has finished cleanly
log file: /home/jiutian/.ros/log/be54e52c-8cb5-11f1-859c-f36468cdae36/urdf_spawner_r4-5*.log[0m
[1m[urdf_spawner_r5-6] process has finished cleanly
log file: /home/jiutian/.ros/log/be54e52c-8cb5-11f1-859c-f36468cdae36/urdf_spawner_r5-6*.log[0m
[1m[urdf_spawner_r3-4] process has finished cleanly
log file: /home/jiutian/.ros/log/be54e52c-8cb5-11f1-859c-f36468cdae36/urdf_spawner_r3-4*.log[0m
[1m[urdf_spawner_r1-2] process has finished cleanly
log file: /home/jiutian/.ros/log/be54e52c-8cb5-11f1-859c-f36468cdae36/urdf_spawner_r1-2*.log[0m
[gazebo-1] killing on exit
shutting down processing monitor...
... shutting down processing monitor complete
[1mdone[0m
