{
  "result_version": 1,
  "status": "rejected_feature_candidate",
  "decision": "stop_handcrafted_lidar_cluster_shape_pipeline",
  "acceptance": {
    "minimum_precision": 0.7,
    "minimum_recall": 0.9,
    "maximum_false_positive_rate": 0.1,
    "passed": false
  },
  "protocol": {
    "calibration_cases": 18,
    "evaluation_cases": 12,
    "robot_association_distance_m": 0.6,
    "max_cluster_range_m": 4.0,
    "features": [
      "xy_diameter",
      "xy_aspect_ratio",
      "point_count",
      "z_min",
      "z_max",
      "z_mean",
      "z_std",
      "z_span"
    ]
  },
  "clusters": {
    "calibration": 5307,
    "calibration_robot": 1881,
    "evaluation": 3123,
    "evaluation_robot": 1207
  },
  "distributions": {
    "xy_diameter": {
      "robot": {
        "0.05": 0.140424746264418,
        "0.25": 0.3601117054048814,
        "0.5": 0.4375277760083166,
        "0.75": 0.4789465911189992,
        "0.95": 0.5252061090037261
      },
      "static": {
        "0.05": 0.09036996836055927,
        "0.25": 0.3357903072723047,
        "0.5": 0.4689645849824087,
        "0.75": 0.6394985628336924,
        "0.95": 0.7916462740340561
      }
    },
    "xy_aspect_ratio": {
      "robot": {
        "0.05": 1.038371394098259,
        "0.25": 1.1931106293426288,
        "0.5": 1.403169589749218,
        "0.75": 1.7423615278865923,
        "0.95": 2.5257087652981047
      },
      "static": {
        "0.05": 1.047505263523871,
        "0.25": 1.2697430391931683,
        "0.5": 1.6806451483092637,
        "0.75": 2.5955413625304162,
        "0.95": 7.5392583974317935
      }
    },
    "point_count": {
      "robot": {
        "0.05": 5.0,
        "0.25": 16.0,
        "0.5": 33.0,
        "0.75": 50.0,
        "0.95": 67.0
      },
      "static": {
        "0.05": 6.050000000000011,
        "0.25": 18.0,
        "0.5": 31.0,
        "0.75": 51.0,
        "0.95": 127.0
      }
    },
    "z_min": {
      "robot": {
        "0.05": -0.1997,
        "0.25": -0.198,
        "0.5": -0.1911,
        "0.75": -0.1658,
        "0.95": -0.06987000000000007
      },
      "static": {
        "0.05": -0.1996,
        "0.25": -0.1955,
        "0.5": -0.1774,
        "0.75": -0.1489,
        "0.95": 0.05042499999999973
      }
    },
    "z_max": {
      "robot": {
        "0.05": -0.0674,
        "0.25": 0.0207,
        "0.5": 0.0286,
        "0.75": 0.0394,
        "0.95": 0.053464999999999964
      },
      "static": {
        "0.05": -0.0664,
        "0.25": -0.0515,
        "0.5": -0.0166,
        "0.75": 0.5435,
        "0.95": 0.7065
      }
    },
    "z_mean": {
      "robot": {
        "0.05": -0.13558464285714286,
        "0.25": -0.10830560661764706,
        "0.5": -0.09762605042016809,
        "0.75": -0.08914843396226413,
        "0.95": -0.05903500000000004
      },
      "static": {
        "0.05": -0.12700513513513512,
        "0.25": -0.1066796052631579,
        "0.5": -0.09183986013986015,
        "0.75": 0.17004047468354427,
        "0.95": 0.5384932608695652
      }
    },
    "z_std": {
      "robot": {
        "0.05": 0.0026467958821787692,
        "0.25": 0.0571484143953522,
        "0.5": 0.0640651339064722,
        "0.75": 0.06819009376898476,
        "0.95": 0.07508061879656064
      },
      "static": {
        "0.05": 0.0013267577087522913,
        "0.25": 0.04999873020258905,
        "0.5": 0.06057863734133313,
        "0.75": 0.15976145132242214,
        "0.95": 0.2813895092078402
      }
    },
    "z_span": {
      "robot": {
        "0.05": 0.008000000000000007,
        "0.25": 0.173875,
        "0.5": 0.216,
        "0.75": 0.22719999999999999,
        "0.95": 0.2496
      },
      "static": {
        "0.05": 0.0039050000000000152,
        "0.25": 0.11309999999999998,
        "0.5": 0.1617,
        "0.75": 0.5378750000000001,
        "0.95": 0.876295
      }
    }
  },
  "univariate_rules": [
    {
      "feature": "xy_diameter",
      "direction": "at_most",
      "threshold": 0.5503741757676027,
      "calibration_metrics": {
        "tp": 1861,
        "fp": 2331,
        "fn": 20,
        "tn": 1095,
        "precision": 0.4439408396946565,
        "recall": 0.9893673577884105,
        "false_positive_rate": 0.680385288966725
      },
      "evaluation_metrics": {
        "tp": 1192,
        "fp": 1264,
        "fn": 15,
        "tn": 652,
        "precision": 0.48534201954397393,
        "recall": 0.9875724937862469,
        "false_positive_rate": 0.6597077244258872
      }
    },
    {
      "feature": "z_mean",
      "direction": "at_most",
      "threshold": 0.004822857142857148,
      "calibration_metrics": {
        "tp": 1879,
        "fp": 2366,
        "fn": 2,
        "tn": 1060,
        "precision": 0.44263839811542993,
        "recall": 0.998936735778841,
        "false_positive_rate": 0.6906012842965558
      },
      "evaluation_metrics": {
        "tp": 1199,
        "fp": 1276,
        "fn": 8,
        "tn": 640,
        "precision": 0.48444444444444446,
        "recall": 0.9933719966859983,
        "false_positive_rate": 0.6659707724425887
      }
    },
    {
      "feature": "z_std",
      "direction": "at_most",
      "threshold": 0.10379717603768013,
      "calibration_metrics": {
        "tp": 1881,
        "fp": 2470,
        "fn": 0,
        "tn": 956,
        "precision": 0.43231441048034935,
        "recall": 1.0,
        "false_positive_rate": 0.7209573847051955
      },
      "evaluation_metrics": {
        "tp": 1204,
        "fp": 1397,
        "fn": 3,
        "tn": 519,
        "precision": 0.4628988850442138,
        "recall": 0.9975144987572494,
        "false_positive_rate": 0.7291231732776617
      }
    },
    {
      "feature": "xy_aspect_ratio",
      "direction": "at_most",
      "threshold": 1.9248496240601491,
      "calibration_metrics": {
        "tp": 1572,
        "fp": 2143,
        "fn": 309,
        "tn": 1283,
        "precision": 0.4231493943472409,
        "recall": 0.835725677830941,
        "false_positive_rate": 0.6255107997664915
      },
      "evaluation_metrics": {
        "tp": 994,
        "fp": 1096,
        "fn": 213,
        "tn": 820,
        "precision": 0.4755980861244019,
        "recall": 0.8235294117647058,
        "false_positive_rate": 0.5720250521920668
      }
    },
    {
      "feature": "z_span",
      "direction": "at_least",
      "threshold": 0.1816,
      "calibration_metrics": {
        "tp": 1429,
        "fp": 1490,
        "fn": 452,
        "tn": 1936,
        "precision": 0.4895512161699212,
        "recall": 0.7597022860180755,
        "false_positive_rate": 0.4349095154699358
      },
      "evaluation_metrics": {
        "tp": 825,
        "fp": 854,
        "fn": 382,
        "tn": 1062,
        "precision": 0.4913639070875521,
        "recall": 0.6835128417564209,
        "false_positive_rate": 0.44572025052192066
      }
    },
    {
      "feature": "z_max",
      "direction": "at_least",
      "threshold": -0.0167,
      "calibration_metrics": {
        "tp": 1528,
        "fp": 1658,
        "fn": 353,
        "tn": 1768,
        "precision": 0.4795982423101067,
        "recall": 0.8123338649654439,
        "false_positive_rate": 0.4839462930531232
      },
      "evaluation_metrics": {
        "tp": 897,
        "fp": 1017,
        "fn": 310,
        "tn": 899,
        "precision": 0.46865203761755486,
        "recall": 0.7431648715824358,
        "false_positive_rate": 0.5307933194154488
      }
    },
    {
      "feature": "z_min",
      "direction": "at_most",
      "threshold": -0.1882,
      "calibration_metrics": {
        "tp": 1039,
        "fp": 1301,
        "fn": 842,
        "tn": 2125,
        "precision": 0.444017094017094,
        "recall": 0.5523657628920787,
        "false_positive_rate": 0.37974314068884996
      },
      "evaluation_metrics": {
        "tp": 640,
        "fp": 695,
        "fn": 567,
        "tn": 1221,
        "precision": 0.4794007490636704,
        "recall": 0.5302402651201326,