Activated DRL robot navigation Python environment.
Python: Python 3.8.10
Venv: /home/jiutian/venvs/drl-robot-nav
Fixed manifest enabled: 248 scenarios loaded
Roscore launched!
Unable to register with master node [http://localhost:13810]: master may not be running yet. Will keep trying.
Gazebo launched!
INFO: cannot create a symlink to latest log directory: [Errno 2] No such file or directory: '/home/jiutian/.ros/log/latest'
INFO: cannot create a symlink to latest log directory: [Errno 2] No such file or directory: '/home/jiutian/.ros/log/latest'
INFO: cannot create a symlink to latest log directory: [Errno 17] File exists: '/home/jiutian/.ros/log/a9ab972a-8994-11f1-a71d-79b7e70ca52d' -> '/home/jiutian/.ros/log/latest'
[INFO] [1785140703.811029, 0.000000]: Loading model XML from ros parameter robot_description_r5
[INFO] [1785140703.814537, 0.000000]: Waiting for service /gazebo/spawn_urdf_model
[INFO] [1785140704.117447, 0.000000]: Calling service /gazebo/spawn_urdf_model
[INFO] [1785140705.055356, 0.368000]: Spawn status: SpawnModel: Successfully spawned entity
[WARN] [1785140705.162587344, 0.368000000]: GazeboRosDiffDrive Plugin (ns = ) missing <publishTf>, defaults to 1
[INFO] [1785140703.959575068]: Finished loading Gazebo ROS API Plugin.
[INFO] [1785140703.960162255]: waitForService: Service [/gazebo/set_physics_properties] has not been advertised, waiting...
[INFO] [1785140704.082360036]: waitForService: Service [/gazebo/set_physics_properties] is now available.
[INFO] [1785140704.088311601, 0.201000000]: Physics dynamic reconfigure ready.
[INFO] [1785140704.356067358, 0.368000000]: Laser Plugin: The 'robotNamespace' param was empty
[INFO] [1785140704.356088902, 0.368000000]: Starting Laser Plugin (ns = r5)
[INFO] [1785140704.356475350, 0.368000000]: Laser Plugin (ns = r5)  <tf_prefix_>, set to ""
[INFO] [1785140705.059172543, 0.368000000]: Velodyne laser plugin missing <min_intensity>, defaults to no clipping
[INFO] [1785140705.060142861, 0.368000000]: Velodyne laser plugin ready, 16 lasers
[INFO] [1785140705.162144730, 0.368000000]: Starting plugin DiffDrive(ns = /r5/)
[INFO] [1785140705.162192961, 0.368000000]: DiffDrive(ns = /r5/): <rosDebugLevel> = Debug
[INFO] [1785140705.162416609, 0.368000000]: DiffDrive(ns = /r5/): <tf_prefix> =
[DEBUG] [1785140705.162438980, 0.368000000]: DiffDrive(ns = /r5/): <commandTopic> = cmd_vel
[DEBUG] [1785140705.162444387, 0.368000000]: DiffDrive(ns = /r5/): <odometryTopic> = odom
[DEBUG] [1785140705.162450317, 0.368000000]: DiffDrive(ns = /r5/): <odometryFrame> = odom
[DEBUG] [1785140705.162456054, 0.368000000]: DiffDrive(ns = /r5/): <robotBaseFrame> = base_link
[DEBUG] [1785140705.162475212, 0.368000000]: DiffDrive(ns = /r5/): <publishWheelTF> = false
[DEBUG] [1785140705.162480082, 0.368000000]: DiffDrive(ns = /r5/): <publishOdomTF> = false
[DEBUG] [1785140705.162484270, 0.368000000]: DiffDrive(ns = /r5/): <publishWheelJointState> = false
[DEBUG] [1785140705.162512691, 0.368000000]: DiffDrive(ns = /r5/): <wheelSeparation> = 0.29999999999999999
[DEBUG] [1785140705.162519177, 0.368000000]: DiffDrive(ns = /r5/): <wheelDiameter> = 0.17999999999999999
[DEBUG] [1785140705.162525605, 0.368000000]: DiffDrive(ns = /r5/): <wheelAcceleration> = 1.8
[DEBUG] [1785140705.162531792, 0.368000000]: DiffDrive(ns = /r5/): <wheelTorque> = 20
[DEBUG] [1785140705.162537087, 0.368000000]: DiffDrive(ns = /r5/): <updateRate> = 50
[DEBUG] [1785140705.162560209, 0.368000000]: DiffDrive(ns = /r5/): <odometrySource> = world := 1
[DEBUG] [1785140705.162571039, 0.368000000]: DiffDrive(ns = /r5/): <leftJoint> = left_hub_joint
[DEBUG] [1785140705.162577794, 0.368000000]: DiffDrive(ns = /r5/): <rightJoint> = right_hub_joint
[INFO] [1785140705.163145262, 0.368000000]: DiffDrive(ns = /r5/): Try to subscribe to cmd_vel
[INFO] [1785140705.163799900, 0.368000000]: DiffDrive(ns = /r5/): Subscribe to cmd_vel
[INFO] [1785140705.163950129, 0.368000000]: DiffDrive(ns = /r5/): Advertise odom on odom
[INFO] [1785140705.167540224, 0.368000000]: GazeboRosJointStatePublisher is going to publish joint: chassis_swivel_joint
[INFO] [1785140705.167549740, 0.368000000]: GazeboRosJointStatePublisher is going to publish joint: swivel_wheel_joint
[INFO] [1785140705.167555743, 0.368000000]: GazeboRosJointStatePublisher is going to publish joint: left_hub_joint
[INFO] [1785140705.167560770, 0.368000000]: GazeboRosJointStatePublisher is going to publish joint: right_hub_joint
[INFO] [1785140705.167567297, 0.368000000]: Starting GazeboRosJointStatePublisher Plugin (ns = /r5/)!, parent name: r5
[DEBUG] [1785140705.194965284, 0.388000000]: Trying to publish message of type [nav_msgs/Odometry/cd5e73d190d741a2f92e81eda573aca7] on a publisher with type [nav_msgs/Odometry/cd5e73d190d741a2f92e81eda573aca7]
[DEBUG] [1785140705.194998561, 0.388000000]: Trying to publish message of type [sensor_msgs/JointState/3066dcd76a6cfaef579bd0f34173e9fd] on a publisher with type [sensor_msgs/JointState/3066dcd76a6cfaef579bd0f34173e9fd]
[INFO] [1785140705.451762027, 0.556000000]: Laser Plugin: The 'robotNamespace' param was empty
[INFO] [1785140705.451784907, 0.556000000]: Starting Laser Plugin (ns = r3)
[INFO] [1785140705.452276208, 0.556000000]: Laser Plugin (ns = r3)  <tf_prefix_>, set to ""
[INFO] [1785140706.170173740, 0[WARN] [1785140706.172692612, 0.556000000]: GazeboRosDiffDrive Plugin (ns = ) missing <publishTf>, defaults to 1
[INFO] [1785140703.813183, 0.000000]: Loading model XML from ros parameter robot_description_r3
[INFO] [1785140703.816036, 0.000000]: Waiting for service /gazebo/spawn_urdf_model
[INFO] [1785140704.119377, 0.000000]: Calling service /gazebo/spawn_urdf_model
[INFO] [1785140706.172114, 0.556000]: Spawn status: SpawnModel: Successfully spawned entity
.556000000]: Velodyne laser plugin missing <min_intensity>, defaults to no clipping
[INFO] [1785140706.171134231, 0.556000000]: Velodyne laser plugin ready, 16 lasers
[INFO] [1785140706.172220824, 0.556000000]: Starting plugin DiffDrive(ns = /r3/)
[DEBUG] [1785140706.172231183, 0.556000000]: DiffDrive(ns = /r3/): <rosDebugLevel> = Debug
[INFO] [1785140706.172243949, 0.556000000]: DiffDrive(ns = /r3/): <rosDebugLevel> = Debug
[INFO] [1785140706.172518371, 0.556000000]: DiffDrive(ns = /r3/): <tf_prefix> =
[DEBUG] [1785140706.172534606, 0.556000000]: DiffDrive(ns = /r3/): <commandTopic> = cmd_vel
[DEBUG] [1785140706.172544140, 0.556000000]: DiffDrive(ns = /r3/): <odometryTopic> = odom
[DEBUG] [1785140706.172553630, 0.556000000]: DiffDrive(ns = /r3/): <odometryFrame> = odom
[DEBUG] [1785140706.172562334, 0.556000000]: DiffDrive(ns = /r3/): <robotBaseFrame> = base_link
[DEBUG] [1785140706.172572304, 0.556000000]: DiffDrive(ns = /r3/): <publishWheelTF> = false
[DEBUG] [1785140706.172580886, 0.556000000]: DiffDrive(ns = /r3/): <publishOdomTF> = false
[DEBUG] [1785140706.172589987, 0.556000000]: DiffDrive(ns = /r3/): <publishWheelJointState> = false
[DEBUG] [1785140706.172605521, 0.556000000]: DiffDrive(ns = /r3/): <wheelSeparation> = 0.29999999999999999
[DEBUG] [1785140706.172617475, 0.556000000]: DiffDrive(ns = /r3/): <wheelDiameter> = 0.17999999999999999
[DEBUG] [1785140706.172628750, 0.556000000]: DiffDrive(ns = /r3/): <wheelAcceleration> = 1.8
[DEBUG] [1785140706.172639861, 0.556000000]: DiffDrive(ns = /r3/): <wheelTorque> = 20
[DEBUG] [1785140706.172650341, 0.556000000]: DiffDrive(ns = /r3/): <updateRate> = 50
[DEBUG] [1785140706.172661921, 0.556000000]: DiffDrive(ns = /r3/): <odometrySource> = world := 1
[DEBUG] [1785140706.172671278, 0.556000000]: DiffDrive(ns = /r3/): <leftJoint> = left_hub_joint
[DEBUG] [1785140706.172680956, 0.556000000]: DiffDrive(ns = /r3/): <rightJoint> = right_hub_joint
[INFO] [1785140706.172760147, 0.556000000]: DiffDrive(ns = /r3/): Try to subscribe to cmd_vel
[INFO] [1785140706.173507916, 0.556000000]: DiffDrive(ns = /r3/): Subscribe to cmd_vel
[INFO] [1785140706.173789559, 0.556000000]: DiffDrive(ns = /r3/): Advertise odom on odom
[INFO] [1785140706.173881227, 0.556000000]: GazeboRosJointStatePublisher is going to publish joint: chassis_swivel_joint
[INFO] [1785140706.173891076, 0.556000000]: GazeboRosJointStatePublisher is going to publish joint: swivel_wheel_joint
[INFO] [1785140706.173899650, 0.556000000]: GazeboRosJointStatePublisher is going to publish joint: left_hub_joint
[INFO] [1785140706.173907710, 0.556000000]: GazeboRosJointStatePublisher is going to publish joint: right_hub_joint
[INFO] [1785140706.173915421, 0.556000000]: Starting GazeboRosJointStatePublisher Plugin (ns = /r3/)!, parent name: r3
[INFO] [1785140706.466244516, 0.713000000]: Laser Plugin: The 'robotNamespace' param was empty
[INFO] [1785140706.466265531, 0.713000000]: Starting Laser Plugin (ns = r4)
[INFO] [1785140706.466619936, 0.713000000]: Laser Plugin (ns = r4)  <tf_prefix_>, set to ""
[INFO] [1785140707.159984250, 0.713000000]: Velodyne laser plugin missing <min_intensity>, defaults to no clipping
[INFO] [1785140707.160917901, 0.713000000]: Velodyne laser plugin ready, 16 lasers
[INFO] [1785140707.163550105, 0.713000000]: Starting plugin DiffDrive(ns = /r4/)
[DEBUG] [1785140707.163566389, 0.713000000]: DiffDrive(ns = /r4/): <rosDebugLevel> = Debug
[INFO] [1785140707.163580096, 0.713000000]: DiffDrive(ns = /r4/): <rosDebugLevel> = Debug
[INFO] [1785140707.163858146, 0.713000000]: DiffDrive(ns = /r4/): <tf_prefix> =
[DEBUG] [1785140707.163865723, 0.713000000]: DiffDrive(ns = /r4/): <commandTopic> = cmd_vel
[DEBUG] [1785140707.163872344, 0.713000000]: DiffDrive(ns = /r4/): <odometryTopic> = odom
[DEBUG] [1785140707.163878935, 0.713000000]: DiffDrive(ns = /r4/): <odometryFrame> = odom
[DEBUG] [1785140707.163886009, 0.713000000]: DiffDrive(ns = /r4/): <robotBaseFrame> = base_link
[DEBUG] [1785140707.163894175, 0.713000000]: DiffDrive(ns = /r4/): <publishWheelTF> = false
[DEBUG] [1785140707.163900712, 0.713000000][WARN] [1785140707.164016589, 0.713000000]: GazeboRosDiffDrive Plugin (ns = ) missing <publishTf>, defaults to 1
[INFO] [1785140703.810973, 0.000000]: Loading model XML from ros parameter robot_description_r4
[INFO] [1785140703.815151, 0.000000]: Waiting for service /gazebo/spawn_urdf_model
[INFO] [1785140704.118513, 0.000000]: Calling service /gazebo/spawn_urdf_model
[INFO] [1785140707.163344, 0.713000]: Spawn status: SpawnModel: Successfully spawned entity
test_velodyne_td3_multi.py:47: FutureWarning: You are using `torch.load` with `weights_only=False` (the current default value), which uses the default pickle module implicitly. It is possible to construct malicious pickle data which will execute arbitrary code during unpickling (See https://github.com/pytorch/pytorch/blob/main/SECURITY.md#untrusted-models for more details). In a future release, the default value for `weights_only` will be flipped to `True`. This limits the functions that could be executed during unpickling. Arbitrary objects will no longer be allowed to be loaded via this mode unless they are explicitly allowlisted by the user via `torch.serialization.add_safe_globals`. We recommend you start setting `weights_only=True` for any use case where you don't have full control of the loaded file. Please open an issue on GitHub for any issues related to this experimental feature.
  actor_state = torch.load(
==============================================
Test version: multi-agent-eval-v1-headless
Test process PID: 3915015
Launchfile: multi_robot_scenario_strong_interaction_pilot_5.launch
Model file: validation_weak_interaction_5a_20260727_162459
Actor mode: full
Actor selection mode: single
Dual actor mode: disabled
Rule oracle mode: disabled
Scenario mode: manifest
Manifest path: /home/jiutian/Local-Critic-Multi-Robot-Navigation-gate/experiments/04_保留专门化/05_论文主线/datasets/fixed_v1/views/weak_interaction_validation_v1/validation.json.gz
Manifest sampling: cycle
Seed: 20260719
Device: cuda
GPU: NVIDIA GeForce RTX 4090
Agent names: r1, r2, r3, r4, r5
TensorBoard log dir: runs/test_validation_weak_interaction_5a_20260727_162459_Jul27_16-25-07_JiuTian-AI4090
State path: ./checkpoints/validation_weak_interaction_5a_20260727_162459_state.pt
Resume mode: True
Starting episode: 0
Starting env steps: 0
Starting agent samples: 0
Target test episodes: 248
Trajectory JSONL: disabled
Raw lidar recording: disabled
Case-level stats enabled
==============================================
[WARN] [1785140708.244099552, 0.878000000]: GazeboRosDiffDrive Plugin (ns = ) missing <publishTf>, defaults to 1
[INFO] [1785140703.812467, 0.000000]: Loading model XML from ros parameter robot_description_r2
[INFO] [1785140703.815492, 0.000000]: Waiting for service /gazebo/spawn_urdf_model
[INFO] [1785140704.118781, 0.000000]: Calling service /gazebo/spawn_urdf_model
[INFO] [1785140708.243715, 0.878000]: Spawn status: SpawnModel: Successfully spawned entity
: DiffDrive(ns = /r4/): <publishOdomTF> = false
[DEBUG] [1785140707.163931288, 0.713000000]: DiffDrive(ns = /r4/): <publishWheelJointState> = false
[DEBUG] [1785140707.163946300, 0.713000000]: DiffDrive(ns = /r4/): <wheelSeparation> = 0.29999999999999999
[DEBUG] [1785140707.163953798, 0.713000000]: DiffDrive(ns = /r4/): <wheelDiameter> = 0.17999999999999999
[DEBUG] [1785140707.163962309, 0.713000000]: DiffDrive(ns = /r4/): <wheelAcceleration> = 1.8
[DEBUG] [1785140707.163969565, 0.713000000]: DiffDrive(ns = /r4/): <wheelTorque> = 20
[DEBUG] [1785140707.163980019, 0.713000000]: DiffDrive(ns = /r4/): <updateRate> = 50
[DEBUG] [1785140707.163990642, 0.713000000]: DiffDrive(ns = /r4/): <odometrySource> = world := 1
[DEBUG] [1785140707.163999148, 0.713000000]: DiffDrive(ns = /r4/): <leftJoint> = left_hub_joint
[DEBUG] [1785140707.164008332, 0.713000000]: DiffDrive(ns = /r4/): <rightJoint> = right_hub_joint
[INFO] [1785140707.164035239, 0.713000000]: DiffDrive(ns = /r4/): Try to subscribe to cmd_vel
[INFO] [1785140707.165045318, 0.713000000]: DiffDrive(ns = /r4/): Subscribe to cmd_vel
[INFO] [1785140707.165350344, 0.713000000]: DiffDrive(ns = /r4/): Advertise odom on odom
[INFO] [1785140707.165486328, 0.713000000]: GazeboRosJointStatePublisher is going to publish joint: chassis_swivel_joint
[INFO] [1785140707.165494462, 0.713000000]: GazeboRosJointStatePublisher is going to publish joint: swivel_wheel_joint
[INFO] [1785140707.165500524, 0.713000000]: GazeboRosJointStatePublisher is going to publish joint: left_hub_joint
[INFO] [1785140707.165506265, 0.713000000]: GazeboRosJointStatePublisher is going to publish joint: right_hub_joint
[INFO] [1785140707.165511174, 0.713000000]: Starting GazeboRosJointStatePublisher Plugin (ns = /r4/)!, parent name: r4
[INFO] [1785140707.505419391, 0.878000000]: Laser Plugin: The 'robotNamespace' param was empty
[INFO] [1785140707.505443134, 0.878000000]: Starting Laser Plugin (ns = r2)
[INFO] [1785140707.505954289, 0.878000000]: Laser Plugin (ns = r2)  <tf_prefix_>, set to ""
[INFO] [1785140708.241550737, 0.878000000]: Velodyne laser plugin missing <min_intensity>, defaults to no clipping
[INFO] [1785140708.242164223, 0.878000000]: Velodyne laser plugin ready, 16 lasers
[INFO] [1785140708.243837622, 0.878000000]: Starting plugin DiffDrive(ns = /r2/)
[DEBUG] [1785140708.243847608, 0.878000000]: DiffDrive(ns = /r2/): <rosDebugLevel> = Debug
[INFO] [1785140708.243857835, 0.878000000]: DiffDrive(ns = /r2/): <rosDebugLevel> = Debug
[INFO] [1785140708.244012804, 0.878000000]: DiffDrive(ns = /r2/): <tf_prefix> =
[DEBUG] [1785140708.244017754, 0.878000000]: DiffDrive(ns = /r2/): <commandTopic> = cmd_vel
[DEBUG] [1785140708.244022362, 0.878000000]: DiffDrive(ns = /r2/): <odometryTopic> = odom
[DEBUG] [1785140708.244027250, 0.878000000]: DiffDrive(ns = /r2/): <odometryFrame> = odom
[DEBUG] [1785140708.244031881, 0.878000000]: DiffDrive(ns = /r2/): <robotBaseFrame> = base_link
[DEBUG] [1785140708.244037940, 0.878000000]: DiffDrive(ns = /r2/): <publishWheelTF> = false
[DEBUG] [1785140708.244042183, 0.878000000]: DiffDrive(ns = /r2/): <publishOdomTF> = false
[DEBUG] [1785140708.244048134, 0.878000000]: DiffDrive(ns = /r2/): <publishWheelJointState> = false
[DEBUG] [1785140708.244055637, 0.878000000]: DiffDrive(ns = /r2/): <wheelSeparation> = 0.29999999999999999
[DEBUG] [1785140708.244060803, 0.878000000]: DiffDrive(ns = /r2/): <wheelDiameter> = 0.17999999999999999
[DEBUG] [1785140708.244065845, 0.878000000]: DiffDrive(ns = /r2/): <wheelAcceleration> = 1.8
[DEBUG] [1785140708.244071100, 0.878000000]: DiffDrive(ns = /r2/): <wheelTorque> = 20
[DEBUG] [1785140708.244076758, 0.878000000]: DiffDrive(ns = /r2/): <updateRate> = 50
[DEBUG] [1785140708.244083311, 0.878000000]: DiffDrive(ns = /r2/): <odometrySource> = world := 1
[DEBUG] [1785140708.244087956, 0.878000000]: DiffDrive(ns = /r2/): <leftJoint> = left_hub_joint
[DEBUG] [1785140708.244093156, 0.878000000]: DiffDrive(ns = /r2/): <rightJoint> = right_hub_joint
[INFO] [1785140708.244120697, 0.878000000]: DiffDrive(ns = /r2/): Try to subscribe to cmd_vel
[INF[WARN] [1785140709.251313993, 1.005000000]: GazeboRosDiffDrive Plugin (ns = ) missing <publishTf>, defaults to 1
[INFO] [1785140703.812362, 0.000000]: Loading model XML from ros parameter robot_description_r1
[INFO] [1785140703.816276, 0.000000]: Waiting for service /gazebo/spawn_urdf_model
[INFO] [1785140704.120944, 0.000000]: Calling service /gazebo/spawn_urdf_model
[INFO] [1785140709.250877, 1.005000]: Spawn status: SpawnModel: Successfully spawned entity
Episode 1 complete | case=standard-20260717006230-df65cab274b7 | env_steps=50 | agent_samples=141 | episode_env_steps=50 | episode_agent_samples=141 | mean_reward=134.077 | success=5/5 | collision=0/5 | unresolved=0/5 | full_success=1 | timeout=0 | mean_final_distance=0.264 | dense_action_share=0.000 | rule_yield_share=0.000 | samples/sec=12.772
Episode 2 complete | case=standard-20260717006231-6cdc4ef79c42 | env_steps=70 | agent_samples=215 | episode_env_steps=20 | episode_agent_samples=74 | mean_reward=125.657 | success=5/5 | collision=0/5 | unresolved=0/5 | full_success=1 | timeout=0 | mean_final_distance=0.256 | dense_action_share=0.000 | rule_yield_share=0.000 | samples/sec=16.413
Episode 3 complete | case=standard-20260717006235-8a0671ac1386 | env_steps=219 | agent_samples=414 | episode_env_steps=149 | episode_agent_samples=199 | mean_reward=124.612 | success=5/5 | collision=0/5 | unresolved=0/5 | full_success=1 | timeout=0 | mean_final_distance=0.263 | dense_action_share=0.000 | rule_yield_share=0.000 | samples/sec=6.019
Episode 4 complete | case=standard-20260717006236-484ed97fcef4 | env_steps=240 | agent_samples=493 | episode_env_steps=21 | episode_agent_samples=79 | mean_reward=91.224 | success=4/5 | collision=1/5 | unresolved=0/5 | full_success=0 | timeout=0 | mean_final_distance=0.292 | dense_action_share=0.000 | rule_yield_share=0.000 | samples/sec=17.663
Episode 5 complete | case=standard-20260717006237-a6e108e924ed | env_steps=268 | agent_samples=597 | episode_env_steps=28 | episode_agent_samples=104 | mean_reward=131.788 | success=5/5 | collision=0/5 | unresolved=0/5 | full_success=1 | timeout=0 | mean_final_distance=0.245 | dense_action_share=0.000 | rule_yield_share=0.000 | samples/sec=17.119
Episode 6 complete | case=standard-20260717006248-8b56d502ce3d | env_steps=291 | agent_samples=660 | episode_env_steps=23 | episode_agent_samples=63 | mean_reward=125.110 | success=5/5 | collision=0/5 | unresolved=0/5 | full_success=1 | timeout=0 | mean_final_distance=0.255 | dense_action_share=0.000 | rule_yield_share=0.000 | samples/sec=11.759
Episode 7 complete | case=standard-20260717006249-278b56a7a9a5 | env_steps=339 | agent_samples=787 | episode_env_steps=48 | episode_agent_samples=127 | mean_reward=136.786 | success=5/5 | collision=0/5 | unresolved=0/5 | full_success=1 | timeout=0 | mean_final_distance=0.250 | dense_action_share=0.000 | rule_yield_share=0.000 | samples/sec=11.636
Episode 8 complete | case=standard-20260717006251-db22912ef43c | env_steps=360 | agent_samples=856 | episode_env_steps=21 | episode_agent_samples=69 | mean_reward=78.996 | success=4/5 | collision=1/5 | unresolved=0/5 | full_success=0 | timeout=0 | mean_final_distance=0.570 | dense_action_share=0.000 | rule_yield_share=0.000 | samples/sec=15.281
Episode 9 complete | case=standard-20260717006258-f8dc0bacc44f | env_steps=387 | agent_samples=920 | episode_env_steps=27 | episode_agent_samples=64 | mean_reward=124.714 | success=5/5 | collision=0/5 | unresolved=0/5 | full_success=1 | timeout=0 | mean_final_distance=0.261 | dense_action_share=0.000 | rule_yield_share=0.000 | samples/sec=11.048
Episode 10 complete | case=standard-20260717006259-ddeb8e5ef534 | env_steps=439 | agent_samples=1033 | episode_env_steps=52 | episode_agent_samples=113 | mean_reward=83.437 | success=4/5 | collision=1/5 | unresolved=0/5 | full_success=0 | timeout=0 | mean_final_distance=0.497 | dense_action_share=0.000 | rule_yield_share=0.000 | samples/sec=9.710
Recent 10 episodes | avg_reward=115.640 | success_rate=0.940 | collision_rate=0.060 | unresolved_rate=0.000 | full_success_rate=0.700 | timeout_episode_rate=0.000 | total_success=47 | total_collision=3 | total_unresolved=0 | total_full_success=7 | timeout_episodes=0 | success_hist=[0, 0, 0, 0, 3, 7] | collision_hist=[7, 3, 0, 0, 0, 0]
Episode 11 complete | case=standard-20260717006260-35d317a2f33e | env_steps=489 | agent_samples=1161 | episode_env_steps=50 | episode_agent_samples=128 | mean_reward=126.725 | success=5/5 | collision=0/5 | unresolved=0/5 | full_success=1 | timeout=0 | mean_final_distance=0.283 | dense_action_share=0.000 | rule_yield_share=0.000 | samples/sec=11.939
Episode 12 complete | case=standard-20260717006268-973363b26f5f | env_steps=528 | agent_samples=1256 | episode_env_steps=39 | episode_agent_samples=95 | mean_reward=126.554 | success=5/5 | collision=0/5 | unresolved=0/5 | full_success=1 | timeout=0 | mean_final_distance=0.268 | dense_action_share=0.000 | rule_yield_share=0.000 | samples/sec=11.095
Episode 13 complete | case=standard-20260717006280-4aa101958a23 | env_steps=607 | agent_samples=1392 | episode_env_steps=79 | episode_agent_samples=136 | mean_reward=126.042 | success=5/5 | collision=0/5 | unresolved=0/5 | full_success=1 | timeout=0 | mean_final_distance=0.240 | dense_action_share=0.000 | rule_yield_share=0.000 | samples/sec=7.762
Episode 14 complete | case=standard-20260717006283-43b3618ffdc2 | env_steps=642 | agent_samples=1510 | episode_env_steps=35 | episode_agent_samples=118 | mean_reward=128.936 | success=5/5 | collision=0/5 | unresolved=0/5 | full_success=1 | timeout=0 | mean_final_distance=0.255 | dense_action_share=0.000 | rule_yield_share=0.000 | samples/sec=15.489
Episode 15 complete | case=standard-20260717006285-5bef692bace8 | env_steps=942 | agent_samples=1865 | episode_env_steps=300 | episode_agent_samples=355 | mean_reward=80.408 | success=4/5 | collision=0/5 | unresolved=1/5 | full_success=0 | timeout=1 | mean_final_distance=0.746 | dense_action_share=0.000 | rule_yield_share=0.000 | samples/sec=5.365
Episode 16 complete | case=standard-20260717006286-9e0dd5eaebd4 | env_steps=983 | agent_samples=1984 | episode_env_steps=41 | episode_agent_samples=119 | mean_reward=129.195 | success=5/5 | collision=0/5 | unresolved=0/5 | full_success=1 | timeout=0 | mean_final_distance=0.244 | dense_action_share=0.000 | rule_yield_share=0.000 | samples/sec=13.170
Episode 17 complete | case=standard-20260717006290-bd2a3d251f55 | env_steps=1087 | agent_samples=2148 | episode_env_steps=104 | episode_agent_samples=164 | mean_reward=129.552 | success=5/5 | collision=0/5 | unresolved=0/5 | full_success=1 | timeout=0 | mean_final_distance=0.261 | dense_action_share=0.000 | rule_yield_share=0.000 | samples/sec=7.164
Episode 18 complete | case=standard-20260717006294-c94b55757904 | env_steps=1128 | agent_samples=2293 | episode_env_steps=41 | episode_agent_samples=145 | mean_reward=132.065 | success=5/5 | collision=0/5 | unresolved=0/5 | full_success=1 | timeout=0 | mean_final_distance=0.261 | dense_action_share=0.000 | rule_yield_share=0.000 | samples/sec=16.264
Episode 19 complete | case=standard-20260717006296-3634947cf6b8 | env_steps=1158 | agent_samples=2391 | episode_env_steps=30 | episode_agent_samples=98 | mean_reward=129.669 | success=5/5 | collision=0/5 | unresolved=0/5 | full_success=1 | timeout=0 | mean_final_distance=0.273 | dense_action_share=0.000 | rule_yield_share=0.000 | samples/sec=14.006
Episode 20 complete | case=standard-20260717006298-4f87b3c7cf3c | env_steps=1188 | agent_samples=2493 | episode_env_steps=30 | episode_agent_samples=102 | mean_reward=132.155 | success=5/5 | collision=0/5 | unresolved=0/5 | full_success=1 | timeout=0 | mean_final_distance=0.275 | dense_action_share=0.000 | rule_yield_share=0.000 | samples/sec=15.523
Recent 10 episodes | avg_reward=124.130 | success_rate=0.980 | collision_rate=0.000 | unresolved_rate=0.020 | full_success_rate=0.900 | timeout_episode_rate=0.100 | total_success=96 | total_collision=3 | total_unresolved=1 | total_full_success=16 | timeout_episodes=1 | success_hist=[0, 0, 0, 0, 4, 16] | collision_hist=[17, 3, 0, 0, 0, 0]
Episode 21 complete | case=standard-20260717006302-159dc87314c9 | env_steps=1245 | agent_samples=2595 | episode_env_steps=57 | episode_agent_samples=102 | mean_reward=126.997 | success=5/5 | collision=0/5 | unresolved=0/5 | full_success=1 | timeout=0 | mean_final_distance=0.244 | dense_action_share=0.000 | rule_yield_share=0.000 | samples/sec=8.264
Episode 22 complete | case=standard-20260717006309-e79fe6b0f5ee | env_steps=1292 | agent_samples=2731 | episode_env_steps=47 | episode_agent_samples=136 | mean_reward=128.451 | success=5/5 | collision=0/5 | unresolved=0/5 | full_success=1 | timeout=0 | mean_final_distance=0.279 | dense_action_share=0.000 | rule_yield_share=0.000 | samples/sec=12.687
Episode 23 complete | case=standard-20260717006312-65a5a9e10ed2 | env_steps=1312 | agent_samples=2799 | episode_env_steps=20 | episode_agent_samples=68 | mean_reward=124.802 | success=5/5 | collision=0/5 | unresolved=0/5 | full_success=1 | timeout=0 | mean_final_distance=0.265 | dense_action_share=0.000 | rule_yield_share=0.000 | samples/sec=15.672
Episode 24 complete | case=standard-20260717006317-1c1961b9d357 | env_steps=1345 | agent_samples=2903 | episode_env_steps=33 | episode_agent_samples=104 | mean_reward=122.927 | success=5/5 | collision=0/5 | unresolved=0/5 | full_success=1 | timeout=0 | mean_final_distance=0.260 | dense_action_share=0.000 | rule_yield_share=0.000 | samples/sec=14.769
Episode 25 complete | case=standard-20260717006321-9ed7dce40aef | env_steps=1370 | agent_samples=2993 | episode_env_steps=25 | episode_agent_samples=90 | mean_reward=133.592 | success=5/5 | collision=0/5 | unresolved=0/5 | full_success=1 | timeout=0 | mean_final_distance=0.276 | dense_action_share=0.000 | rule_yield_share=0.000 | samples/sec=16.102
Episode 26 complete | case=standard-20260717006324-4ed8e4961ced | env_steps=1384 | agent_samples=3049 | episode_env_steps=14 | episode_agent_samples=56 | mean_reward=119.772 | success=5/5 | collision=0/5 | unresolved=0/5 | full_success=1 | timeout=0 | mean_final_distance=0.278 | dense_action_share=0.000 | rule_yield_share=0.000 | samples/sec=17.410
Episode 27 complete | case=standard-20260717006327-ba8bcb5fe8d4 | env_steps=1408 | agent_samples=3121 | episode_env_steps=24 | episode_agent_samples=72 | mean_reward=119.304 | success=5/5 | collision=0/5 | unresolved=0/5 | full_success=1 | timeout=0 | mean_final_distance=0.244 | dense_action_share=0.000 | rule_yield_share=0.000 | samples/sec=13.087
Episode 28 complete | case=standard-20260717006330-e45cd9de75c4 | env_steps=1429 | agent_samples=3190 | episode_env_steps=21 | episode_agent_samples=69 | mean_reward=77.424 | success=4/5 | collision=1/5 | unresolved=0/5 | full_success=0 | timeout=0 | mean_final_distance=0.573 | dense_action_share=0.000 | rule_yield_share=0.000 | samples/sec=15.173
Episode 29 complete | case=standard-20260717006333-d4b5b81d21e2 | env_steps=1456 | agent_samples=3257 | episode_env_steps=27 | episode_agent_samples=67 | mean_reward=126.783 | success=5/5 | collision=0/5 | unresolved=0/5 | full_success=1 | timeout=0 | mean_final_distance=0.266 | dense_action_share=0.000 | rule_yield_share=0.000 | samples/sec=11.488
Episode 30 complete | case=standard-20260717006338-24c5d8ac3338 | env_steps=1497 | agent_samples=3362 | episode_env_steps=41 | episode_agent_samples=105 | mean_reward=131.710 | success=5/5 | collision=0/5 | unresolved=0/5 | full_success=1 | timeout=0 | mean_final_distance=0.236 | dense_action_share=0.000 | rule_yield_share=0.000 | samples/sec=11.505
Recent 10 episodes | avg_reward=121.176 | success_rate=0.980 | collision_rate=0.020 | unresolved_rate=0.000 | full_success_rate=0.900 | timeout_episode_rate=0.000 | total_success=145 | total_collision=4 | total_unresolved=1 | total_full_success=25 | timeout_episodes=1 | success_hist=[0, 0, 0, 0, 5, 25] | collision_hist=[26, 4, 0, 0, 0, 0]
Episode 31 complete | case=standard-20260717006341-66a756f573e2 | env_steps=1617 | agent_samples=3603 | episode_env_steps=120 | episode_agent_samples=241 | mean_reward=80.992 | success=4/5 | collision=1/5 | unresolved=0/5 | full_success=0 | timeout=0 | mean_final_distance=0.665 | dense_action_share=0.000 | rule_yield_share=0.000 | samples/sec=9.082
Episode 32 complete | case=standard-20260717006344-b1c4010cb416 | env_steps=1652 | agent_samples=3706 | episode_env_steps=35 | episode_agent_samples=103 | mean_reward=127.370 | success=5/5 | collision=0/5 | unresolved=0/5 | full_success=1 | timeout=0 | mean_final_distance=0.261 | dense_action_share=0.000 | rule_yield_share=0.000 | samples/sec=12.951
Episode 33 complete | case=standard-20260717006345-2b0c77ef317e | env_steps=1685 | agent_samples=3795 | episode_env_steps=33 | episode_agent_samples=89 | mean_reward=120.050 | success=5/5 | collision=0/5 | unresolved=0/5 | full_success=1 | timeout=0 | mean_final_distance=0.255 | dense_action_share=0.000 | rule_yield_share=0.000 | samples/sec=12.328
Episode 34 complete | case=standard-20260717006352-b6f8913809b4 | env_steps=1840 | agent_samples=4084 | episode_env_steps=155 | episode_agent_samples=289 | mean_reward=139.333 | success=5/5 | collision=0/5 | unresolved=0/5 | full_success=1 | timeout=0 | mean_final_distance=0.292 | dense_action_share=0.000 | rule_yield_share=0.000 | samples/sec=8.377
Episode 35 complete | case=standard-20260717006354-1b49689dab96 | env_steps=1882 | agent_samples=4203 | episode_env_steps=42 | episode_agent_samples=119 | mean_reward=128.502 | success=5/5 | collision=0/5 | unresolved=0/5 | full_success=1 | timeout=0 | mean_final_distance=0.257 | dense_action_share=0.000 | rule_yield_share=0.000 | samples/sec=12.507
Episode 36 complete | case=standard-20260717006358-4bee31d53f62 | env_steps=1926 | agent_samples=4314 | episode_env_steps=44 | episode_agent_samples=111 | mean_reward=133.679 | success=5/5 | collision=0/5 | unresolved=0/5 | full_success=1 | timeout=0 | mean_final_distance=0.278 | dense_action_share=0.000 | rule_yield_share=0.000 | samples/sec=11.826
Episode 37 complete | case=standard-20260717006366-2394486cbebd | env_steps=1954 | agent_samples=4395 | episode_env_steps=28 | episode_agent_samples=81 | mean_reward=124.459 | success=5/5 | collision=0/5 | unresolved=0/5 | full_success=1 | timeout=0 | mean_final_distance=0.251 | dense_action_share=0.000 | rule_yield_share=0.000 | samples/sec=13.238
Episode 38 complete | case=standard-20260717006367-803ffb64f1c8 | env_steps=1967 | agent_samples=4445 | episode_env_steps=13 | episode_agent_samples=50 | mean_reward=117.425 | success=5/5 | collision=0/5 | unresolved=0/5 | full_success=1 | timeout=0 | mean_final_distance=0.282 | dense_action_share=0.000 | rule_yield_share=0.000 | samples/sec=17.750
Episode 39 complete | case=standard-20260717006373-7d5e04bad915 | env_steps=1981 | agent_samples=4498 | episode_env_steps=14 | episode_agent_samples=53 | mean_reward=119.523 | success=5/5 | collision=0/5 | unresolved=0/5 | full_success=1 | timeout=0 | mean_final_distance=0.257 | dense_action_share=0.000 | rule_yield_share=0.000 | samples/sec=16.412
Episode 40 complete | case=standard-20260717006375-34bd2577b9ce | env_steps=2006 | agent_samples=4570 | episode_env_steps=25 | episode_agent_samples=72 | mean_reward=124.829 | success=5/5 | collision=0/5 | unresolved=0/5 | full_success=1 | timeout=0 | mean_final_distance=0.276 | dense_action_share=0.000 | rule_yield_share=0.000 | samples/sec=13.005
Recent 10 episodes | avg_reward=121.616 | success_rate=0.980 | collision_rate=0.020 | unresolved_rate=0.000 | full_success_rate=0.900 | timeout_episode_rate=0.000 | total_success=194 | total_collision=5 | total_unresolved=1 | total_full_success=34 | timeout_episodes=1 | success_hist=[0, 0, 0, 0, 6, 34] | collision_hist=[35, 5, 0, 0, 0, 0]
Episode 41 complete | case=standard-20260717006392-20ca8cd04d5b | env_steps=2055 | agent_samples=4666 | episode_env_steps=49 | episode_agent_samples=96 | mean_reward=125.002 | success=5/5 | collision=0/5 | unresolved=0/5 | full_success=1 | timeout=0 | mean_final_distance=0.254 | dense_action_share=0.000 | rule_yield_share=0.000 | samples/sec=9.128
Episode 42 complete | case=standard-20260717006400-c15e4131600a | env_steps=2104 | agent_samples=4814 | episode_env_steps=49 | episode_agent_samples=148 | mean_reward=131.145 | success=5/5 | collision=0/5 | unresolved=0/5 | full_success=1 | timeout=0 | mean_final_distance=0.260 | dense_action_share=0.000 | rule_yield_share=0.000 | samples/sec=13.693
Episode 43 complete | case=standard-20260717006408-15df6ebdeb73 | env_steps=2147 | agent_samples=4910 | episode_env_steps=43 | episode_agent_samples=96 | mean_reward=126.432 | success=5/5 | collision=0/5 | unresolved=0/5 | full_success=1 | timeout=0 | mean_final_distance=0.252 | dense_action_share=0.000 | rule_yield_share=0.000 | samples/sec=10.130
Episode 44 complete | case=standard-20260717006416-3514792f5731 | env_steps=2167 | agent_samples=4987 | episode_env_steps=20 | episode_agent_samples=77 | mean_reward=130.947 | success=5/5 | collision=0/5 | unresolved=0/5 | full_success=1 | timeout=0 | mean_final_distance=0.247 | dense_action_share=0.000 | rule_yield_share=0.000 | samples/sec=17.885
Episode 45 complete | case=standard-20260717006421-35f01f648886 | env_steps=2255 | agent_samples=5150 | episode_env_steps=88 | episode_agent_samples=163 | mean_reward=89.449 | success=4/5 | collision=1/5 | unresolved=0/5 | full_success=0 | timeout=0 | mean_final_distance=0.458 | dense_action_share=0.000 | rule_yield_share=0.000 | samples/sec=8.297
Episode 46 complete | case=standard-20260717006422-fb49b0208456 | env_steps=2346 | agent_samples=5323 | episode_env_steps=91 | episode_agent_samples=173 | mean_reward=132.781 | success=5/5 | collision=0/5 | unresolved=0/5 | full_success=1 | timeout=0 | mean_final_distance=0.269 | dense_action_share=0.000 | rule_yield_share=0.000 | samples/sec=8.744
Episode 47 complete | case=standard-20260717006424-aeca8df38b3a | env_steps=2369 | agent_samples=5391 | episode_env_steps=23 | episode_agent_samples=68 | mean_reward=123.970 | success=5/5 | collision=0/5 | unresolved=0/5 | full_success=1 | timeout=0 | mean_final_distance=0.248 | dense_action_share=0.000 | rule_yield_share=0.000 | samples/sec=13.209
Episode 48 complete | case=standard-20260717006427-46346d1e43cd | env_steps=2413 | agent_samples=5501 | episode_env_steps=44 | episode_agent_samples=110 | mean_reward=131.828 | success=5/5 | collision=0/5 | unresolved=0/5 | full_success=1 | timeout=0 | mean_final_distance=0.252 | dense_action_share=0.000 | rule_yield_share=0.000 | samples/sec=11.585
Episode 49 complete | case=standard-20260717006429-ee1c0db1d198 | env_steps=2452 | agent_samples=5630 | episode_env_steps=39 | episode_agent_samples=129 | mean_reward=127.547 | success=5/5 | collision=0/5 | unresolved=0/5 | full_success=1 | timeout=0 | mean_final_distance=0.288 | dense_action_share=0.000 | rule_yield_share=0.000 | samples/sec=14.909
Episode 50 complete | case=standard-20260717006434-648ceb677490 | env_steps=2504 | agent_samples=5785 | episode_env_steps=52 | episode_agent_samples=155 | mean_reward=128.201 | success=5/5 | collision=0/5 | unresolved=0/5 | full_success=1 | timeout=0 | mean_final_distance=0.268 | dense_action_share=0.000 | rule_yield_share=0.000 | samples/sec=13.160
Recent 10 episodes | avg_reward=124.730 | success_rate=0.980 | collision_rate=0.020 | unresolved_rate=0.000 | full_success_rate=0.900 | timeout_episode_rate=0.000 | total_success=243 | total_collision=6 | total_unresolved=1 | total_full_success=43 | timeout_episodes=1 | success_hist=[0, 0, 0, 0, 7, 43] | collision_hist=[44, 6, 0, 0, 0, 0]
Episode 51 complete | case=standard-20260717006438-b50a7a5fde19 | env_steps=2553 | agent_samples=5900 | episode_env_steps=49 | episode_agent_samples=115 | mean_reward=123.754 | success=5/5 | collision=0/5 | unresolved=0/5 | full_success=1 | timeout=0 | mean_final_distance=0.253 | dense_action_share=0.000 | rule_yield_share=0.000 | samples/sec=10.796
Episode 52 complete | case=standard-20260717006440-3da760283004 | env_steps=2568 | agent_samples=5955 | episode_env_steps=15 | episode_agent_samples=55 | mean_reward=120.255 | success=5/5 | collision=0/5 | unresolved=0/5 | full_success=1 | timeout=0 | mean_final_distance=0.264 | dense_action_share=0.000 | rule_yield_share=0.000 | samples/sec=16.115
Episode 53 complete | case=standard-20260717006448-bd48c0f1f7bd | env_steps=2589 | agent_samples=6009 | episode_env_steps=21 | episode_agent_samples=54 | mean_reward=80.174 | success=4/5 | collision=1/5 | unresolved=0/5 | full_success=0 | timeout=0 | mean_final_distance=0.462 | dense_action_share=0.000 | rule_yield_share=0.000 | samples/sec=11.090
Episode 54 complete | case=standard-20260717006449-80fb21eabe27 | env_steps=2603 | agent_samples=6064 | episode_env_steps=14 | episode_agent_samples=55 | mean_reward=120.181 | success=5/5 | collision=0/5 | unresolved=0/5 | full_success=1 | timeout=0 | mean_final_distance=0.253 | dense_action_share=0.000 | rule_yield_share=0.000 | samples/sec=16.970
Episode 55 complete | case=standard-20260717006457-e4c3e8825d5c | env_steps=2644 | agent_samples=6188 | episode_env_steps=41 | episode_agent_samples=124 | mean_reward=126.005 | success=5/5 | collision=0/5 | unresolved=0/5 | full_success=1 | timeout=0 | mean_final_distance=0.245 | dense_action_share=0.000 | rule_yield_share=0.000 | samples/sec=14.240
Episode 56 complete | case=standard-20260717006461-79ab06b516e7 | env_steps=2664 | agent_samples=6245 | episode_env_steps=20 | episode_agent_samples=57 | mean_reward=122.552 | success=5/5 | collision=0/5 | unresolved=0/5 | full_success=1 | timeout=0 | mean_final_distance=0.236 | dense_action_share=0.000 | rule_yield_share=0.000 | samples/sec=13.016
Episode 57 complete | case=standard-20260717006467-df5c62a4bfea | env_steps=2689 | agent_samples=6322 | episode_env_steps=25 | episode_agent_samples=77 | mean_reward=89.861 | success=4/5 | collision=1/5 | unresolved=0/5 | full_success=0 | timeout=0 | mean_final_distance=0.473 | dense_action_share=0.000 | rule_yield_share=0.000 | samples/sec=14.038
Episode 58 complete | case=standard-20260717006474-81b7ccc57a18 | env_steps=2710 | agent_samples=6398 | episode_env_steps=21 | episode_agent_samples=76 | mean_reward=128.936 | success=5/5 | collision=0/5 | unresolved=0/5 | full_success=1 | timeout=0 | mean_final_distance=0.237 | dense_action_share=0.000 | rule_yield_share=0.000 | samples/sec=15.547
Episode 59 complete | case=standard-20260717006477-6146b3e3b49f | env_steps=2756 | agent_samples=6538 | episode_env_steps=46 | episode_agent_samples=140 | mean_reward=86.638 | success=4/5 | collision=1/5 | unresolved=0/5 | full_success=0 | timeout=0 | mean_final_distance=0.720 | dense_action_share=0.000 | rule_yield_share=0.000 | samples/sec=13.935
Episode 60 complete | case=standard-20260717006478-d0c870caab67 | env_steps=2776 | agent_samples=6599 | episode_env_steps=20 | episode_agent_samples=61 | mean_reward=123.633 | success=5/5 | collision=0/5 | unresolved=0/5 | full_success=1 | timeout=0 | mean_final_distance=0.224 | dense_action_share=0.000 | rule_yield_share=0.000 | samples/sec=14.266
Recent 10 episodes | avg_reward=112.199 | success_rate=0.940 | collision_rate=0.060 | unresolved_rate=0.000 | full_success_rate=0.700 | timeout_episode_rate=0.000 | total_success=290 | total_collision=9 | total_unresolved=1 | total_full_success=50 | timeout_episodes=1 | success_hist=[0, 0, 0, 0, 10, 50] | collision_hist=[51, 9, 0, 0, 0, 0]
Episode 61 complete | case=standard-20260717006480-70675502f006 | env_steps=2825 | agent_samples=6758 | episode_env_steps=49 | episode_agent_samples=159 | mean_reward=136.985 | success=5/5 | collision=0/5 | unresolved=0/5 | full_success=1 | timeout=0 | mean_final_distance=0.279 | dense_action_share=0.000 | rule_yield_share=0.000 | samples/sec=14.534
Episode 62 complete | case=standard-20260717006481-2b97aed91026 | env_steps=2856 | agent_samples=6832 | episode_env_steps=31 | episode_agent_samples=74 | mean_reward=121.868 | success=5/5 | collision=0/5 | unresolved=0/5 | full_success=1 | timeout=0 | mean_final_distance=0.266 | dense_action_share=0.000 | rule_yield_share=0.000 | samples/sec=10.684
Episode 63 complete | case=standard-20260717006482-a36ae98fd1ef | env_steps=2886 | agent_samples=6904 | episode_env_steps=30 | episode_agent_samples=72 | mean_reward=120.923 | success=5/5 | collision=0/5 | unresolved=0/5 | full_success=1 | timeout=0 | mean_final_distance=0.240 | dense_action_share=0.000 | rule_yield_share=0.000 | samples/sec=11.270
Episode 64 complete | case=standard-20260717006485-d5ec8d230add | env_steps=2918 | agent_samples=6995 | episode_env_steps=32 | episode_agent_samples=91 | mean_reward=132.961 | success=5/5 | collision=0/5 | unresolved=0/5 | full_success=1 | timeout=0 | mean_final_distance=0.241 | dense_action_share=0.000 | rule_yield_share=0.000 | samples/sec=12.995
Episode 65 complete | case=standard-20260717006486-b6c9ff8a59ec | env_steps=2960 | agent_samples=7090 | episode_env_steps=42 | episode_agent_samples=95 | mean_reward=125.116 | success=5/5 | collision=0/5 | unresolved=0/5 | full_success=1 | timeout=0 | mean_final_distance=0.243 | dense_action_share=0.000 | rule_yield_share=0.000 | samples/sec=9.883
Episode 66 complete | case=standard-20260717006487-8f38117fe73e | env_steps=2978 | agent_samples=7146 | episode_env_steps=18 | episode_agent_samples=56 | mean_reward=121.482 | success=5/5 | collision=0/5 | unresolved=0/5 | full_success=1 | timeout=0 | mean_final_distance=0.241 | dense_action_share=0.000 | rule_yield_share=0.000 | samples/sec=14.608
Episode 67 complete | case=standard-20260717006492-fdeaba224965 | env_steps=3018 | agent_samples=7238 | episode_env_steps=40 | episode_agent_samples=92 | mean_reward=128.642 | success=5/5 | collision=0/5 | unresolved=0/5 | full_success=1 | timeout=0 | mean_final_distance=0.254 | dense_action_share=0.000 | rule_yield_share=0.000 | samples/sec=10.718
Episode 68 complete | case=standard-20260717006495-110125942535 | env_steps=3052 | agent_samples=7336 | episode_env_steps=34 | episode_agent_samples=98 | mean_reward=122.587 | success=5/5 | collision=0/5 | unresolved=0/5 | full_success=1 | timeout=0 | mean_final_distance=0.254 | dense_action_share=0.000 | rule_yield_share=0.000 | samples/sec=12.826
Episode 69 complete | case=standard-20260717006503-87dd78b8f016 | env_steps=3076 | agent_samples=7414 | episode_env_steps=24 | episode_agent_samples=78 | mean_reward=125.551 | success=5/5 | collision=0/5 | unresolved=0/5 | full_success=1 | timeout=0 | mean_final_distance=0.288 | dense_action_share=0.000 | rule_yield_share=0.000 | samples/sec=14.254
Episode 70 complete | case=standard-20260717006506-6c0760b04352 | env_steps=3089 | agent_samples=7461 | episode_env_steps=13 | episode_agent_samples=47 | mean_reward=76.356 | success=4/5 | collision=1/5 | unresolved=0/5 | full_success=0 | timeout=0 | mean_final_distance=0.441 | dense_action_share=0.000 | rule_yield_share=0.000 | samples/sec=16.279
Recent 10 episodes | avg_reward=121.247 | success_rate=0.980 | collision_rate=0.020 | unresolved_rate=0.000 | full_success_rate=0.900 | timeout_episode_rate=0.000 | total_success=339 | total_collision=10 | total_unresolved=1 | total_full_success=59 | timeout_episodes=1 | success_hist=[0, 0, 0, 0, 11, 59] | collision_hist=[60, 10, 0, 0, 0, 0]
Episode 71 complete | case=standard-20260717006507-a9b4ca5d366a | env_steps=3109 | agent_samples=7526 | episode_env_steps=20 | episode_agent_samples=65 | mean_reward=125.834 | success=5/5 | collision=0/5 | unresolved=0/5 | full_success=1 | timeout=0 | mean_final_distance=0.270 | dense_action_share=0.000 | rule_yield_share=0.000 | samples/sec=14.999
Episode 72 complete | case=standard-20260717006510-80ae650469ce | env_steps=3129 | agent_samples=7596 | episode_env_steps=20 | episode_agent_samples=70 | mean_reward=129.196 | success=5/5 | collision=0/5 | unresolved=0/5 | full_success=1 | timeout=0 | mean_final_distance=0.250 | dense_action_share=0.000 | rule_yield_share=0.000 | samples/sec=16.296
Episode 73 complete | case=standard-20260717006513-2d7caead7a40 | env_steps=3149 | agent_samples=7658 | episode_env_steps=20 | episode_agent_samples=62 | mean_reward=122.874 | success=5/5 | collision=0/5 | unresolved=0/5 | full_success=1 | timeout=0 | mean_final_distance=0.264 | dense_action_share=0.000 | rule_yield_share=0.000 | samples/sec=14.299
Episode 74 complete | case=standard-20260717006516-3f766a275841 | env_steps=3210 | agent_samples=7822 | episode_env_steps=61 | episode_agent_samples=164 | mean_reward=124.928 | success=5/5 | collision=0/5 | unresolved=0/5 | full_success=1 | timeout=0 | mean_final_distance=0.276 | dense_action_share=0.000 | rule_yield_share=0.000 | samples/sec=12.012
Episode 75 complete | case=standard-20260717006525-7cccd12bda68 | env_steps=3261 | agent_samples=7919 | episode_env_steps=51 | episode_agent_samples=97 | mean_reward=80.824 | success=4/5 | collision=1/5 | unresolved=0/5 | full_success=0 | timeout=0 | mean_final_distance=0.508 | dense_action_share=0.000 | rule_yield_share=0.000 | samples/sec=8.845
Episode 76 complete | case=standard-20260717006527-da791c0bb908 | env_steps=3329 | agent_samples=8105 | episode_env_steps=68 | episode_agent_samples=186 | mean_reward=132.449 | success=5/5 | collision=0/5 | unresolved=0/5 | full_success=1 | timeout=0 | mean_final_distance=0.261 | dense_action_share=0.000 | rule_yield_share=0.000 | samples/sec=12.248
Episode 77 complete | case=standard-20260717006531-1c98217705f0 | env_steps=3353 | agent_samples=8178 | episode_env_steps=24 | episode_agent_samples=73 | mean_reward=122.996 | success=5/5 | collision=0/5 | unresolved=0/5 | full_success=1 | timeout=0 | mean_final_distance=0.257 | dense_action_share=0.000 | rule_yield_share=0.000 | samples/sec=14.200
Episode 78 complete | case=standard-20260717006533-fdcad952a52e | env_steps=3387 | agent_samples=8298 | episode_env_steps=34 | episode_agent_samples=120 | mean_reward=127.846 | success=5/5 | collision=0/5 | unresolved=0/5 | full_success=1 | timeout=0 | mean_final_distance=0.252 | dense_action_share=0.000 | rule_yield_share=0.000 | samples/sec=15.971
Episode 79 complete | case=standard-20260717006535-4f830a7db4c9 | env_steps=3410 | agent_samples=8375 | episode_env_steps=23 | episode_agent_samples=77 | mean_reward=125.015 | success=5/5 | collision=0/5 | unresolved=0/5 | full_success=1 | timeout=0 | mean_final_distance=0.264 | dense_action_share=0.000 | rule_yield_share=0.000 | samples/sec=14.828
Episode 80 complete | case=standard-20260717006550-2ecc4f93b6bc | env_steps=3445 | agent_samples=8458 | episode_env_steps=35 | episode_agent_samples=83 | mean_reward=121.061 | success=5/5 | collision=0/5 | unresolved=0/5 | full_success=1 | timeout=0 | mean_final_distance=0.266 | dense_action_share=0.000 | rule_yield_share=0.000 | samples/sec=10.715
Recent 10 episodes | avg_reward=121.302 | success_rate=0.980 | collision_rate=0.020 | unresolved_rate=0.000 | full_success_rate=0.900 | timeout_episode_rate=0.000 | total_success=388 | total_collision=11 | total_unresolved=1 | total_full_success=68 | timeout_episodes=1 | success_hist=[0, 0, 0, 0, 12, 68] | collision_hist=[69, 11, 0, 0, 0, 0]
Episode 81 complete | case=standard-20260717006553-53d801983a09 | env_steps=3491 | agent_samples=8567 | episode_env_steps=46 | episode_agent_samples=109 | mean_reward=74.424 | success=4/5 | collision=1/5 | unresolved=0/5 | full_success=0 | timeout=0 | mean_final_distance=0.575 | dense_action_share=0.000 | rule_yield_share=0.000 | samples/sec=11.036
Episode 82 complete | case=standard-20260717006565-23a7fa0d83c0 | env_steps=3549 | agent_samples=8710 | episode_env_steps=58 | episode_agent_samples=143 | mean_reward=131.779 | success=5/5 | collision=0/5 | unresolved=0/5 | full_success=1 | timeout=0 | mean_final_distance=0.262 | dense_action_share=0.000 | rule_yield_share=0.000 | samples/sec=11.069
Episode 83 complete | case=standard-20260717006578-e17b52b3017b | env_steps=3588 | agent_samples=8834 | episode_env_steps=39 | episode_agent_samples=124 | mean_reward=87.527 | success=4/5 | collision=1/5 | unresolved=0/5 | full_success=0 | timeout=0 | mean_final_distance=0.561 | dense_action_share=0.000 | rule_yield_share=0.000 | samples/sec=14.563
Episode 84 complete | case=standard-20260717006579-34c5d8999685 | env_steps=3607 | agent_samples=8911 | episode_env_steps=19 | episode_agent_samples=77 | mean_reward=130.689 | success=5/5 | collision=0/5 | unresolved=0/5 | full_success=1 | timeout=0 | mean_final_distance=0.254 | dense_action_share=0.000 | rule_yield_share=0.000 | samples/sec=18.542
Episode 85 complete | case=standard-20260717006593-a6fb9aae6be0 | env_steps=3626 | agent_samples=8978 | episode_env_steps=19 | episode_agent_samples=67 | mean_reward=126.026 | success=5/5 | collision=0/5 | unresolved=0/5 | full_success=1 | timeout=0 | mean_final_distance=0.241 | dense_action_share=0.000 | rule_yield_share=0.000 | samples/sec=16.095
Episode 86 complete | case=standard-20260717006600-47f2cac6890f | env_steps=3692 | agent_samples=9139 | episode_env_steps=66 | episode_agent_samples=161 | mean_reward=137.176 | success=5/5 | collision=0/5 | unresolved=0/5 | full_success=1 | timeout=0 | mean_final_distance=0.271 | dense_action_share=0.000 | rule_yield_share=0.000 | samples/sec=11.015
Episode 87 complete | case=standard-20260717006606-f0c38677202f | env_steps=3766 | agent_samples=9290 | episode_env_steps=74 | episode_agent_samples=151 | mean_reward=130.732 | success=5/5 | collision=0/5 | unresolved=0/5 | full_success=1 | timeout=0 | mean_final_distance=0.246 | dense_action_share=0.000 | rule_yield_share=0.000 | samples/sec=9.457
Episode 88 complete | case=standard-20260717006622-fc55ea447a46 | env_steps=3818 | agent_samples=9401 | episode_env_steps=52 | episode_agent_samples=111 | mean_reward=126.782 | success=5/5 | collision=0/5 | unresolved=0/5 | full_success=1 | timeout=0 | mean_final_distance=0.250 | dense_action_share=0.000 | rule_yield_share=0.000 | samples/sec=9.445
Episode 89 complete | case=standard-20260717006630-31a51ce341f7 | env_steps=3833 | agent_samples=9458 | episode_env_steps=15 | episode_agent_samples=57 | mean_reward=121.891 | success=5/5 | collision=0/5 | unresolved=0/5 | full_success=1 | timeout=0 | mean_final_distance=0.229 | dense_action_share=0.000 | rule_yield_share=0.000 | samples/sec=17.729
Episode 90 complete | case=standard-20260717006633-4c1b94d494bc | env_steps=3891 | agent_samples=9596 | episode_env_steps=58 | episode_agent_samples=138 | mean_reward=132.716 | success=5/5 | collision=0/5 | unresolved=0/5 | full_success=1 | timeout=0 | mean_final_distance=0.269 | dense_action_share=0.000 | rule_yield_share=0.000 | samples/sec=10.810
Recent 10 episodes | avg_reward=119.974 | success_rate=0.960 | collision_rate=0.040 | unresolved_rate=0.000 | full_success_rate=0.800 | timeout_episode_rate=0.000 | total_success=436 | total_collision=13 | total_unresolved=1 | total_full_success=76 | timeout_episodes=1 | success_hist=[0, 0, 0, 0, 14, 76] | collision_hist=[77, 13, 0, 0, 0, 0]
Episode 91 complete | case=standard-20260717006635-887d081eb5a0 | env_steps=3989 | agent_samples=9754 | episode_env_steps=98 | episode_agent_samples=158 | mean_reward=123.515 | success=5/5 | collision=0/5 | unresolved=0/5 | full_success=1 | timeout=0 | mean_final_distance=0.284 | dense_action_share=0.000 | rule_yield_share=0.000 | samples/sec=7.310
Episode 92 complete | case=standard-20260717006636-438940b6392d | env_steps=4010 | agent_samples=9821 | episode_env_steps=21 | episode_agent_samples=67 | mean_reward=125.240 | success=5/5 | collision=0/5 | unresolved=0/5 | full_success=1 | timeout=0 | mean_final_distance=0.277 | dense_action_share=0.000 | rule_yield_share=0.000 | samples/sec=14.143
Episode 93 complete | case=standard-20260717006641-10b2b416e91a | env_steps=4035 | agent_samples=9893 | episode_env_steps=25 | episode_agent_samples=72 | mean_reward=86.018 | success=4/5 | collision=1/5 | unresolved=0/5 | full_success=0 | timeout=0 | mean_final_distance=0.471 | dense_action_share=0.000 | rule_yield_share=0.000 | samples/sec=12.565
Episode 94 complete | case=standard-20260717006643-97002b8af326 | env_steps=4101 | agent_samples=10043 | episode_env_steps=66 | episode_agent_samples=150 | mean_reward=131.003 | success=5/5 | collision=0/5 | unresolved=0/5 | full_success=1 | timeout=0 | mean_final_distance=0.282 | dense_action_share=0.000 | rule_yield_share=0.000 | samples/sec=10.265
Episode 95 complete | case=standard-20260717006647-5ca039467bb6 | env_steps=4172 | agent_samples=10182 | episode_env_steps=71 | episode_agent_samples=139 | mean_reward=128.847 | success=5/5 | collision=0/5 | unresolved=0/5 | full_success=1 | timeout=0 | mean_final_distance=0.271 | dense_action_share=0.000 | rule_yield_share=0.000 | samples/sec=8.734
Episode 96 complete | case=standard-20260717006650-b3ae71605e70 | env_steps=4191 | agent_samples=10239 | episode_env_steps=19 | episode_agent_samples=57 | mean_reward=121.806 | success=5/5 | collision=0/5 | unresolved=0/5 | full_success=1 | timeout=0 | mean_final_distance=0.262 | dense_action_share=0.000 | rule_yield_share=0.000 | samples/sec=13.670
Episode 97 complete | case=standard-20260717006651-d3c22913f7d3 | env_steps=4238 | agent_samples=10351 | episode_env_steps=47 | episode_agent_samples=112 | mean_reward=129.149 | success=5/5 | collision=0/5 | unresolved=0/5 | full_success=1 | timeout=0 | mean_final_distance=0.272 | dense_action_share=0.000 | rule_yield_share=0.000 | samples/sec=10.813
Episode 98 complete | case=standard-20260717006652-e69f7d0aadca | env_steps=4259 | agent_samples=10429 | episode_env_steps=21 | episode_agent_samples=78 | mean_reward=126.142 | success=5/5 | collision=0/5 | unresolved=0/5 | full_success=1 | timeout=0 | mean_final_distance=0.246 | dense_action_share=0.000 | rule_yield_share=0.000 | samples/sec=16.293
Episode 99 complete | case=standard-20260717006657-fcb04a1988de | env_steps=4295 | agent_samples=10527 | episode_env_steps=36 | episode_agent_samples=98 | mean_reward=122.216 | success=5/5 | collision=0/5 | unresolved=0/5 | full_success=1 | timeout=0 | mean_final_distance=0.257 | dense_action_share=0.000 | rule_yield_share=0.000 | samples/sec=12.597
Episode 100 complete | case=standard-20260717006665-50b2832daebf | env_steps=4338 | agent_samples=10619 | episode_env_steps=43 | episode_agent_samples=92 | mean_reward=127.382 | success=5/5 | collision=0/5 | unresolved=0/5 | full_success=1 | timeout=0 | mean_final_distance=0.259 | dense_action_share=0.000 | rule_yield_share=0.000 | samples/sec=9.837
Recent 10 episodes | avg_reward=122.132 | success_rate=0.980 | collision_rate=0.020 | unresolved_rate=0.000 | full_success_rate=0.900 | timeout_episode_rate=0.000 | total_success=485 | total_collision=14 | total_unresolved=1 | total_full_success=85 | timeout_episodes=1 | success_hist=[0, 0, 0, 0, 15, 85] | collision_hist=[86, 14, 0, 0, 0, 0]
Episode 101 complete | case=standard-20260717006689-83ea5114332a | env_steps=4368 | agent_samples=10699 | episode_env_steps=30 | episode_agent_samples=80 | mean_reward=122.295 | success=5/5 | collision=0/5 | unresolved=0/5 | full_success=1 | timeout=0 | mean_final_distance=0.240 | dense_action_share=0.000 | rule_yield_share=0.000 | samples/sec=11.653
Episode 102 complete | case=standard-20260717006694-6f746b08b128 | env_steps=4396 | agent_samples=10787 | episode_env_steps=28 | episode_agent_samples=88 | mean_reward=123.524 | success=5/5 | collision=0/5 | unresolved=0/5 | full_success=1 | timeout=0 | mean_final_distance=0.234 | dense_action_share=0.000 | rule_yield_share=0.000 | samples/sec=13.979
Episode 103 complete | case=standard-20260717006696-1bd6988631ca | env_steps=4465 | agent_samples=10920 | episode_env_steps=69 | episode_agent_samples=133 | mean_reward=125.895 | success=5/5 | collision=0/5 | unresolved=0/5 | full_success=1 | timeout=0 | mean_final_distance=0.268 | dense_action_share=0.000 | rule_yield_share=0.000 | samples/sec=8.801
Episode 104 complete | case=standard-20260717006704-599e49a79a87 | env_steps=4547 | agent_samples=11132 | episode_env_steps=82 | episode_agent_samples=212 | mean_reward=121.190 | success=5/5 | collision=0/5 | unresolved=0/5 | full_success=1 | timeout=0 | mean_final_distance=0.278 | dense_action_share=0.000 | rule_yield_share=0.000 | samples/sec=11.620
Episode 105 complete | case=standard-20260717006705-a17fa9c7c1f1 | env_steps=4598 | agent_samples=11235 | episode_env_steps=51 | episode_agent_samples=103 | mean_reward=127.418 | success=5/5 | collision=0/5 | unresolved=0/5 | full_success=1 | timeout=0 | mean_final_distance=0.282 | dense_action_share=0.000 | rule_yield_share=0.000 | samples/sec=9.333
Episode 106 complete | case=standard-20260717006707-083852c3c538 | env_steps=4898 | agent_samples=11619 | episode_env_steps=300 | episode_agent_samples=384 | mean_reward=95.441 | success=4/5 | collision=0/5 | unresolved=1/5 | full_success=0 | timeout=1 | mean_final_distance=0.649 | dense_action_share=0.000 | rule_yield_share=0.000 | samples/sec=5.800
Episode 107 complete | case=standard-20260717006710-746484e71ee6 | env_steps=4943 | agent_samples=11716 | episode_env_steps=45 | episode_agent_samples=97 | mean_reward=85.348 | success=4/5 | collision=1/5 | unresolved=0/5 | full_success=0 | timeout=0 | mean_final_distance=0.563 | dense_action_share=0.000 | rule_yield_share=0.000 | samples/sec=9.917
Episode 108 complete | case=standard-20260717006712-28d6d93e2d43 | env_steps=5006 | agent_samples=11903 | episode_env_steps=63 | episode_agent_samples=187 | mean_reward=134.335 | success=5/5 | collision=0/5 | unresolved=0/5 | full_success=1 | timeout=0 | mean_final_distance=0.268 | dense_action_share=0.000 | rule_yield_share=0.000 | samples/sec=13.216
Episode 109 complete | case=standard-20260717006715-080ebeacb67c | env_steps=5030 | agent_samples=11979 | episode_env_steps=24 | episode_agent_samples=76 | mean_reward=126.898 | success=5/5 | collision=0/5 | unresolved=0/5 | full_success=1 | timeout=0 | mean_final_distance=0.267 | dense_action_share=0.000 | rule_yield_share=0.000 | samples/sec=14.717
Episode 110 complete | case=standard-20260717006724-deb650d941ad | env_steps=5057 | agent_samples=12055 | episode_env_steps=27 | episode_agent_samples=76 | mean_reward=125.346 | success=5/5 | collision=0/5 | unresolved=0/5 | full_success=1 | timeout=0 | mean_final_distance=0.269 | dense_action_share=0.000 | rule_yield_share=0.000 | samples/sec=12.754
Recent 10 episodes | avg_reward=118.769 | success_rate=0.960 | collision_rate=0.020 | unresolved_rate=0.020 | full_success_rate=0.800 | timeout_episode_rate=0.100 | total_success=533 | total_collision=15 | total_unresolved=2 | total_full_success=93 | timeout_episodes=2 | success_hist=[0, 0, 0, 0, 17, 93] | collision_hist=[95, 15, 0, 0, 0, 0]
Episode 111 complete | case=standard-20260717006729-265786ad5f28 | env_steps=5107 | agent_samples=12210 | episode_env_steps=50 | episode_agent_samples=155 | mean_reward=141.541 | success=5/5 | collision=0/5 | unresolved=0/5 | full_success=1 | timeout=0 | mean_final_distance=0.256 | dense_action_share=0.000 | rule_yield_share=0.000 | samples/sec=13.592
Episode 112 complete | case=standard-20260717006740-dfc3a8b6dad2 | env_steps=5129 | agent_samples=12269 | episode_env_steps=22 | episode_agent_samples=59 | mean_reward=116.436 | success=5/5 | collision=0/5 | unresolved=0/5 | full_success=1 | timeout=0 | mean_final_distance=0.270 | dense_action_share=0.000 | rule_yield_share=0.000 | samples/sec=12.251
Episode 113 complete | case=standard-20260717006743-90d7da274d1f | env_steps=5169 | agent_samples=12359 | episode_env_steps=40 | episode_agent_samples=90 | mean_reward=124.964 | success=5/5 | collision=0/5 | unresolved=0/5 | full_success=1 | timeout=0 | mean_final_distance=0.255 | dense_action_share=0.000 | rule_yield_share=0.000 | samples/sec=10.431
Episode 114 complete | case=standard-20260717006745-36f5558b57e2 | env_steps=5235 | agent_samples=12536 | episode_env_steps=66 | episode_agent_samples=177 | mean_reward=132.336 | success=5/5 | collision=0/5 | unresolved=0/5 | full_success=1 | timeout=0 | mean_final_distance=0.258 | dense_action_share=0.000 | rule_yield_share=0.000 | samples/sec=12.042
Episode 115 complete | case=standard-20260717006747-2eaf638d3817 | env_steps=5254 | agent_samples=12599 | episode_env_steps=19 | episode_agent_samples=63 | mean_reward=124.355 | success=5/5 | collision=0/5 | unresolved=0/5 | full_success=1 | timeout=0 | mean_final_distance=0.238 | dense_action_share=0.000 | rule_yield_share=0.000 | samples/sec=15.524
Episode 116 complete | case=standard-20260717006748-ba4c2ed95e33 | env_steps=5296 | agent_samples=12748 | episode_env_steps=42 | episode_agent_samples=149 | mean_reward=130.908 | success=5/5 | collision=0/5 | unresolved=0/5 | full_success=1 | timeout=0 | mean_final_distance=0.260 | dense_action_share=0.000 | rule_yield_share=0.000 | samples/sec=16.342
Episode 117 complete | case=standard-20260717006751-0fd4dc59f1c5 | env_steps=5324 | agent_samples=12847 | episode_env_steps=28 | episode_agent_samples=99 | mean_reward=130.351 | success=5/5 | collision=0/5 | unresolved=0/5 | full_success=1 | timeout=0 | mean_final_distance=0.259 | dense_action_share=0.000 | rule_yield_share=0.000 | samples/sec=15.947
Episode 118 complete | case=standard-20260717006752-19084d2cb5b0 | env_steps=5344 | agent_samples=12909 | episode_env_steps=20 | episode_agent_samples=62 | mean_reward=81.659 | success=4/5 | collision=1/5 | unresolved=0/5 | full_success=0 | timeout=0 | mean_final_distance=0.509 | dense_action_share=0.000 | rule_yield_share=0.000 | samples/sec=13.356
Episode 119 complete | case=standard-20260717006759-d5bef4e31c33 | env_steps=5390 | agent_samples=13037 | episode_env_steps=46 | episode_agent_samples=128 | mean_reward=142.025 | success=5/5 | collision=0/5 | unresolved=0/5 | full_success=1 | timeout=0 | mean_final_distance=0.279 | dense_action_share=0.000 | rule_yield_share=0.000 | samples/sec=12.515
Episode 120 complete | case=standard-20260717006765-ef60f539e437 | env_steps=5410 | agent_samples=13113 | episode_env_steps=20 | episode_agent_samples=76 | mean_reward=131.050 | success=5/5 | collision=0/5 | unresolved=0/5 | full_success=1 | timeout=0 | mean_final_distance=0.248 | dense_action_share=0.000 | rule_yield_share=0.000 | samples/sec=17.660
Recent 10 episodes | avg_reward=125.563 | success_rate=0.980 | collision_rate=0.020 | unresolved_rate=0.000 | full_success_rate=0.900 | timeout_episode_rate=0.000 | total_success=582 | total_collision=16 | total_unresolved=2 | total_full_success=102 | timeout_episodes=2 | success_hist=[0, 0, 0, 0, 18, 102] | collision_hist=[104, 16, 0, 0, 0, 0]
Episode 121 complete | case=standard-20260717006767-7adb589705bb | env_steps=5424 | agent_samples=13179 | episode_env_steps=14 | episode_agent_samples=66 | mean_reward=126.202 | success=5/5 | collision=0/5 | unresolved=0/5 | full_success=1 | timeout=0 | mean_final_distance=0.260 | dense_action_share=0.000 | rule_yield_share=0.000 | samples/sec=21.763
Episode 122 complete | case=standard-20260717006769-7c2dc2bf1f6f | env_steps=5458 | agent_samples=13274 | episode_env_steps=34 | episode_agent_samples=95 | mean_reward=133.314 | success=5/5 | collision=0/5 | unresolved=0/5 | full_success=1 | timeout=0 | mean_final_distance=0.258 | dense_action_share=0.000 | rule_yield_share=0.000 | samples/sec=12.395
Episode 123 complete | case=standard-20260717006770-f9c4a6353f0d | env_steps=5491 | agent_samples=13370 | episode_env_steps=33 | episode_agent_samples=96 | mean_reward=89.002 | success=4/5 | collision=1/5 | unresolved=0/5 | full_success=0 | timeout=0 | mean_final_distance=0.329 | dense_action_share=0.000 | rule_yield_share=0.000 | samples/sec=13.009
Episode 124 complete | case=standard-20260717006772-6425d6d34f84 | env_steps=5521 | agent_samples=13454 | episode_env_steps=30 | episode_agent_samples=84 | mean_reward=129.932 | success=5/5 | collision=0/5 | unresolved=0/5 | full_success=1 | timeout=0 | mean_final_distance=0.259 | dense_action_share=0.000 | rule_yield_share=0.000 | samples/sec=12.999
Episode 125 complete | case=standard-20260717006778-e979435bfe7c | env_steps=5550 | agent_samples=13527 | episode_env_steps=29 | episode_agent_samples=73 | mean_reward=123.151 | success=5/5 | collision=0/5 | unresolved=0/5 | full_success=1 | timeout=0 | mean_final_distance=0.283 | dense_action_share=0.000 | rule_yield_share=0.000 | samples/sec=11.569
Episode 126 complete | case=standard-20260717006780-aba757817723 | env_steps=5599 | agent_samples=13630 | episode_env_steps=49 | episode_agent_samples=103 | mean_reward=128.960 | success=5/5 | collision=0/5 | unresolved=0/5 | full_success=1 | timeout=0 | mean_final_distance=0.252 | dense_action_share=0.000 | rule_yield_share=0.000 | samples/sec=8.734
Episode 127 complete | case=standard-20260717006781-3b3b1dfc4224 | env_steps=5638 | agent_samples=13736 | episode_env_steps=39 | episode_agent_samples=106 | mean_reward=125.602 | success=5/5 | collision=0/5 | unresolved=0/5 | full_success=1 | timeout=0 | mean_final_distance=0.252 | dense_action_share=0.000 | rule_yield_share=0.000 | samples/sec=12.686
Episode 128 complete | case=standard-20260717006782-49ab3c18b3ed | env_steps=5682 | agent_samples=13886 | episode_env_steps=44 | episode_agent_samples=150 | mean_reward=138.658 | success=5/5 | collision=0/5 | unresolved=0/5 | full_success=1 | timeout=0 | mean_final_distance=0.238 | dense_action_share=0.000 | rule_yield_share=0.000 | samples/sec=15.150
Episode 129 complete | case=standard-20260717006786-66c85cccc9fe | env_steps=5719 | agent_samples=14012 | episode_env_steps=37 | episode_agent_samples=126 | mean_reward=142.127 | success=5/5 | collision=0/5 | unresolved=0/5 | full_success=1 | timeout=0 | mean_final_distance=0.268 | dense_action_share=0.000 | rule_yield_share=0.000 | samples/sec=15.124
Episode 130 complete | case=standard-20260717006788-679e7ea561c4 | env_steps=5755 | agent_samples=14089 | episode_env_steps=36 | episode_agent_samples=77 | mean_reward=123.390 | success=5/5 | collision=0/5 | unresolved=0/5 | full_success=1 | timeout=0 | mean_final_distance=0.249 | dense_action_share=0.000 | rule_yield_share=0.000 | samples/sec=9.820
Recent 10 episodes | avg_reward=126.034 | success_rate=0.980 | collision_rate=0.020 | unresolved_rate=0.000 | full_success_rate=0.900 | timeout_episode_rate=0.000 | total_success=631 | total_collision=17 | total_unresolved=2 | total_full_success=111 | timeout_episodes=2 | success_hist=[0, 0, 0, 0, 19, 111] | collision_hist=[113, 17, 0, 0, 0, 0]
Episode 131 complete | case=standard-20260717006791-f1f19d133346 | env_steps=5812 | agent_samples=14237 | episode_env_steps=57 | episode_agent_samples=148 | mean_reward=132.380 | success=5/5 | collision=0/5 | unresolved=0/5 | full_success=1 | timeout=0 | mean_final_distance=0.241 | dense_action_share=0.000 | rule_yield_share=0.000 | samples/sec=11.345
Episode 132 complete | case=standard-20260717006793-c1bfb4931b4c | env_steps=5875 | agent_samples=14381 | episode_env_steps=63 | episode_agent_samples=144 | mean_reward=131.067 | success=5/5 | collision=0/5 | unresolved=0/5 | full_success=1 | timeout=0 | mean_final_distance=0.252 | dense_action_share=0.000 | rule_yield_share=0.000 | samples/sec=10.357
Episode 133 complete | case=standard-20260717006803-ecbc128e0687 | env_steps=5907 | agent_samples=14464 | episode_env_steps=32 | episode_agent_samples=83 | mean_reward=125.988 | success=5/5 | collision=0/5 | unresolved=0/5 | full_success=1 | timeout=0 | mean_final_distance=0.237 | dense_action_share=0.000 | rule_yield_share=0.000 | samples/sec=10.697
Episode 134 complete | case=standard-20260717006813-e269d00a92dc | env_steps=5938 | agent_samples=14579 | episode_env_steps=31 | episode_agent_samples=115 | mean_reward=136.821 | success=5/5 | collision=0/5 | unresolved=0/5 | full_success=1 | timeout=0 | mean_final_distance=0.279 | dense_action_share=0.000 | rule_yield_share=0.000 | samples/sec=16.226
Episode 135 complete | case=standard-20260717006814-c679aebbedb5 | env_steps=5978 | agent_samples=14652 | episode_env_steps=40 | episode_agent_samples=73 | mean_reward=78.889 | success=4/5 | collision=1/5 | unresolved=0/5 | full_success=0 | timeout=0 | mean_final_distance=0.614 | dense_action_share=0.000 | rule_yield_share=0.000 | samples/sec=8.495
Episode 136 complete | case=standard-20260717006825-729b0ea80e03 | env_steps=6148 | agent_samples=14980 | episode_env_steps=170 | episode_agent_samples=328 | mean_reward=127.136 | success=5/5 | collision=0/5 | unresolved=0/5 | full_success=1 | timeout=0 | mean_final_distance=0.264 | dense_action_share=0.000 | rule_yield_share=0.000 | samples/sec=8.642
Episode 137 complete | case=standard-20260717006827-aad2ca1c597d | env_steps=6166 | agent_samples=15049 | episode_env_steps=18 | episode_agent_samples=69 | mean_reward=123.499 | success=5/5 | collision=0/5 | unresolved=0/5 | full_success=1 | timeout=0 | mean_final_distance=0.255 | dense_action_share=0.000 | rule_yield_share=0.000 | samples/sec=16.507
Episode 138 complete | case=standard-20260717006828-c5520a68b10a | env_steps=6194 | agent_samples=15138 | episode_env_steps=28 | episode_agent_samples=89 | mean_reward=84.064 | success=4/5 | collision=1/5 | unresolved=0/5 | full_success=0 | timeout=0 | mean_final_distance=0.625 | dense_action_share=0.000 | rule_yield_share=0.000 | samples/sec=14.294
Episode 139 complete | case=standard-20260717006834-87db8e51616f | env_steps=6226 | agent_samples=15217 | episode_env_steps=32 | episode_agent_samples=79 | mean_reward=122.224 | success=5/5 | collision=0/5 | unresolved=0/5 | full_success=1 | timeout=0 | mean_final_distance=0.212 | dense_action_share=0.000 | rule_yield_share=0.000 | samples/sec=11.499
Episode 140 complete | case=standard-20260717006839-a1e6079845d0 | env_steps=6262 | agent_samples=15310 | episode_env_steps=36 | episode_agent_samples=93 | mean_reward=122.468 | success=5/5 | collision=0/5 | unresolved=0/5 | full_success=1 | timeout=0 | mean_final_distance=0.265 | dense_action_share=0.000 | rule_yield_share=0.000 | samples/sec=11.690
Recent 10 episodes | avg_reward=118.454 | success_rate=0.960 | collision_rate=0.040 | unresolved_rate=0.000 | full_success_rate=0.800 | timeout_episode_rate=0.000 | total_success=679 | total_collision=19 | total_unresolved=2 | total_full_success=119 | timeout_episodes=2 | success_hist=[0, 0, 0, 0, 21, 119] | collision_hist=[121, 19, 0, 0, 0, 0]
Episode 141 complete | case=standard-20260717006848-fe455d4d07a6 | env_steps=6297 | agent_samples=15429 | episode_env_steps=35 | episode_agent_samples=119 | mean_reward=123.288 | success=5/5 | collision=0/5 | unresolved=0/5 | full_success=1 | timeout=0 | mean_final_distance=0.256 | dense_action_share=0.000 | rule_yield_share=0.000 | samples/sec=14.526
Episode 142 complete | case=standard-20260717006849-5c6668003fd6 | env_steps=6320 | agent_samples=15495 | episode_env_steps=23 | episode_agent_samples=66 | mean_reward=124.952 | success=5/5 | collision=0/5 | unresolved=0/5 | full_success=1 | timeout=0 | mean_final_distance=0.252 | dense_action_share=0.000 | rule_yield_share=0.000 | samples/sec=12.943
Episode 143 complete | case=standard-20260717006852-1af203d2ae20 | env_steps=6338 | agent_samples=15556 | episode_env_steps=18 | episode_agent_samples=61 | mean_reward=123.607 | success=5/5 | collision=0/5 | unresolved=0/5 | full_success=1 | timeout=0 | mean_final_distance=0.244 | dense_action_share=0.000 | rule_yield_share=0.000 | samples/sec=15.591
Episode 144 complete | case=standard-20260717006853-0e7337653c53 | env_steps=6378 | agent_samples=15668 | episode_env_steps=40 | episode_agent_samples=112 | mean_reward=131.895 | success=5/5 | collision=0/5 | unresolved=0/5 | full_success=1 | timeout=0 | mean_final_distance=0.256 | dense_action_share=0.000 | rule_yield_share=0.000 | samples/sec=12.542
Episode 145 complete | case=standard-20260717006858-e17ad451ba90 | env_steps=6418 | agent_samples=15812 | episode_env_steps=40 | episode_agent_samples=144 | mean_reward=145.080 | success=5/5 | collision=0/5 | unresolved=0/5 | full_success=1 | timeout=0 | mean_final_distance=0.266 | dense_action_share=0.000 | rule_yield_share=0.000 | samples/sec=15.782
Episode 146 complete | case=standard-20260717006870-587a0fc0a39d | env_steps=6454 | agent_samples=15909 | episode_env_steps=36 | episode_agent_samples=97 | mean_reward=89.562 | success=4/5 | collision=1/5 | unresolved=0/5 | full_success=0 | timeout=0 | mean_final_distance=0.676 | dense_action_share=0.000 | rule_yield_share=0.000 | samples/sec=12.572
Episode 147 complete | case=standard-20260717006871-5c4af038f63c | env_steps=6474 | agent_samples=15977 | episode_env_steps=20 | episode_agent_samples=68 | mean_reward=122.222 | success=5/5 | collision=0/5 | unresolved=0/5 | full_success=1 | timeout=0 | mean_final_distance=0.241 | dense_action_share=0.000 | rule_yield_share=0.000 | samples/sec=15.840
Episode 148 complete | case=standard-20260717006873-f36d2e90d495 | env_steps=6504 | agent_samples=16061 | episode_env_steps=30 | episode_agent_samples=84 | mean_reward=126.067 | success=5/5 | collision=0/5 | unresolved=0/5 | full_success=1 | timeout=0 | mean_final_distance=0.232 | dense_action_share=0.000 | rule_yield_share=0.000 | samples/sec=12.610
Episode 149 complete | case=standard-20260717006875-c1409956d5f4 | env_steps=6521 | agent_samples=16119 | episode_env_steps=17 | episode_agent_samples=58 | mean_reward=120.188 | success=5/5 | collision=0/5 | unresolved=0/5 | full_success=1 | timeout=0 | mean_final_distance=0.258 | dense_action_share=0.000 | rule_yield_share=0.000 | samples/sec=15.335
Episode 150 complete | case=standard-20260717006878-0966fada5968 | env_steps=6556 | agent_samples=16219 | episode_env_steps=35 | episode_agent_samples=100 | mean_reward=43.700 | success=3/5 | collision=2/5 | unresolved=0/5 | full_success=0 | timeout=0 | mean_final_distance=0.391 | dense_action_share=0.000 | rule_yield_share=0.000 | samples/sec=13.049
Recent 10 episodes | avg_reward=115.056 | success_rate=0.940 | collision_rate=0.060 | unresolved_rate=0.000 | full_success_rate=0.800 | timeout_episode_rate=0.000 | total_success=726 | total_collision=22 | total_unresolved=2 | total_full_success=127 | timeout_episodes=2 | success_hist=[0, 0, 0, 1, 22, 127] | collision_hist=[129, 20, 1, 0, 0, 0]
Episode 151 complete | case=standard-20260717006881-f0bc85ad5236 | env_steps=6595 | agent_samples=16319 | episode_env_steps=39 | episode_agent_samples=100 | mean_reward=123.490 | success=5/5 | collision=0/5 | unresolved=0/5 | full_success=1 | timeout=0 | mean_final_distance=0.276 | dense_action_share=0.000 | rule_yield_share=0.000 | samples/sec=11.824
Episode 152 complete | case=standard-20260717006883-35bf51a16cf7 | env_steps=6623 | agent_samples=16404 | episode_env_steps=28 | episode_agent_samples=85 | mean_reward=128.500 | success=5/5 | collision=0/5 | unresolved=0/5 | full_success=1 | timeout=0 | mean_final_distance=0.257 | dense_action_share=0.000 | rule_yield_share=0.000 | samples/sec=13.534
Episode 153 complete | case=standard-20260717006886-5eb0fc5431be | env_steps=6647 | agent_samples=16484 | episode_env_steps=24 | episode_agent_samples=80 | mean_reward=131.011 | success=5/5 | collision=0/5 | unresolved=0/5 | full_success=1 | timeout=0 | mean_final_distance=0.234 | dense_action_share=0.000 | rule_yield_share=0.000 | samples/sec=14.517
Episode 154 complete | case=standard-20260717006887-be7f7f1a94d9 | env_steps=6675 | agent_samples=16555 | episode_env_steps=28 | episode_agent_samples=71 | mean_reward=127.243 | success=5/5 | collision=0/5 | unresolved=0/5 | full_success=1 | timeout=0 | mean_final_distance=0.249 | dense_action_share=0.000 | rule_yield_share=0.000 | samples/sec=11.710
Episode 155 complete | case=standard-20260717006892-b2750a485e06 | env_steps=6696 | agent_samples=16640 | episode_env_steps=21 | episode_agent_samples=85 | mean_reward=121.636 | success=5/5 | collision=0/5 | unresolved=0/5 | full_success=1 | timeout=0 | mean_final_distance=0.250 | dense_action_share=0.000 | rule_yield_share=0.000 | samples/sec=18.858
Episode 156 complete | case=standard-20260717006893-3b506d32ec7e | env_steps=6721 | agent_samples=16708 | episode_env_steps=25 | episode_agent_samples=68 | mean_reward=122.380 | success=5/5 | collision=0/5 | unresolved=0/5 | full_success=1 | timeout=0 | mean_final_distance=0.234 | dense_action_share=0.000 | rule_yield_share=0.000 | samples/sec=12.374
Episode 157 complete | case=standard-20260717006901-879b643b73d5 | env_steps=6796 | agent_samples=16859 | episode_env_steps=75 | episode_agent_samples=151 | mean_reward=127.808 | success=5/5 | collision=0/5 | unresolved=0/5 | full_success=1 | timeout=0 | mean_final_distance=0.268 | dense_action_share=0.000 | rule_yield_share=0.000 | samples/sec=8.979
Episode 158 complete | case=standard-20260717006907-0a319124b067 | env_steps=6818 | agent_samples=16933 | episode_env_steps=22 | episode_agent_samples=74 | mean_reward=129.137 | success=5/5 | collision=0/5 | unresolved=0/5 | full_success=1 | timeout=0 | mean_final_distance=0.263 | dense_action_share=0.000 | rule_yield_share=0.000 | samples/sec=15.520
Episode 159 complete | case=standard-20260717006911-40a74b8772bb | env_steps=6853 | agent_samples=17030 | episode_env_steps=35 | episode_agent_samples=97 | mean_reward=133.042 | success=5/5 | collision=0/5 | unresolved=0/5 | full_success=1 | timeout=0 | mean_final_distance=0.257 | dense_action_share=0.000 | rule_yield_share=0.000 | samples/sec=12.533
Episode 160 complete | case=standard-20260717006915-f4154bed6317 | env_steps=6952 | agent_samples=17231 | episode_env_steps=99 | episode_agent_samples=201 | mean_reward=79.627 | success=4/5 | collision=1/5 | unresolved=0/5 | full_success=0 | timeout=0 | mean_final_distance=0.556 | dense_action_share=0.000 | rule_yield_share=0.000 | samples/sec=9.210
Recent 10 episodes | avg_reward=122.387 | success_rate=0.980 | collision_rate=0.020 | unresolved_rate=0.000 | full_success_rate=0.900 | timeout_episode_rate=0.000 | total_success=775 | total_collision=23 | total_unresolved=2 | total_full_success=136 | timeout_episodes=2 | success_hist=[0, 0, 0, 1, 23, 136] | collision_hist=[138, 21, 1, 0, 0, 0]
Episode 161 complete | case=standard-20260717006916-f0c8cb0dab2a | env_steps=6978 | agent_samples=17303 | episode_env_steps=26 | episode_agent_samples=72 | mean_reward=126.040 | success=5/5 | collision=0/5 | unresolved=0/5 | full_success=1 | timeout=0 | mean_final_distance=0.271 | dense_action_share=0.000 | rule_yield_share=0.000 | samples/sec=12.192
Episode 162 complete | case=standard-20260717006918-b0115f777111 | env_steps=7006 | agent_samples=17379 | episode_env_steps=28 | episode_agent_samples=76 | mean_reward=119.173 | success=5/5 | collision=0/5 | unresolved=0/5 | full_success=1 | timeout=0 | mean_final_distance=0.257 | dense_action_share=0.000 | rule_yield_share=0.000 | samples/sec=11.706
Episode 163 complete | case=standard-20260717006920-7bbe8c8c45c2 | env_steps=7031 | agent_samples=17463 | episode_env_steps=25 | episode_agent_samples=84 | mean_reward=128.006 | success=5/5 | collision=0/5 | unresolved=0/5 | full_success=1 | timeout=0 | mean_final_distance=0.257 | dense_action_share=0.000 | rule_yield_share=0.000 | samples/sec=15.230
Episode 164 complete | case=standard-20260717006925-5a0abd26791f | env_steps=7092 | agent_samples=17591 | episode_env_steps=61 | episode_agent_samples=128 | mean_reward=129.039 | success=5/5 | collision=0/5 | unresolved=0/5 | full_success=1 | timeout=0 | mean_final_distance=0.252 | dense_action_share=0.000 | rule_yield_share=0.000 | samples/sec=9.532
Episode 165 complete | case=standard-20260717006934-0ef2e94e6647 | env_steps=7123 | agent_samples=17678 | episode_env_steps=31 | episode_agent_samples=87 | mean_reward=121.896 | success=5/5 | collision=0/5 | unresolved=0/5 | full_success=1 | timeout=0 | mean_final_distance=0.260 | dense_action_share=0.000 | rule_yield_share=0.000 | samples/sec=12.194
Episode 166 complete | case=standard-20260717006935-ba7830631ff3 | env_steps=7167 | agent_samples=17775 | episode_env_steps=44 | episode_agent_samples=97 | mean_reward=130.852 | success=5/5 | collision=0/5 | unresolved=0/5 | full_success=1 | timeout=0 | mean_final_distance=0.238 | dense_action_share=0.000 | rule_yield_share=0.000 | samples/sec=10.119
Episode 167 complete | case=standard-20260717006937-60cfeea3350e | env_steps=7193 | agent_samples=17849 | episode_env_steps=26 | episode_agent_samples=74 | mean_reward=123.801 | success=5/5 | collision=0/5 | unresolved=0/5 | full_success=1 | timeout=0 | mean_final_distance=0.271 | dense_action_share=0.000 | rule_yield_share=0.000 | samples/sec=13.134
Episode 168 complete | case=standard-20260717006939-9ca686cea587 | env_steps=7233 | agent_samples=17962 | episode_env_steps=40 | episode_agent_samples=113 | mean_reward=86.139 | success=4/5 | collision=1/5 | unresolved=0/5 | full_success=0 | timeout=0 | mean_final_distance=0.409 | dense_action_share=0.000 | rule_yield_share=0.000 | samples/sec=12.202
Episode 169 complete | case=standard-20260717006942-a91ea1df16ed | env_steps=7254 | agent_samples=18031 | episode_env_steps=21 | episode_agent_samples=69 | mean_reward=126.568 | success=5/5 | collision=0/5 | unresolved=0/5 | full_success=1 | timeout=0 | mean_final_distance=0.263 | dense_action_share=0.000 | rule_yield_share=0.000 | samples/sec=14.839
Episode 170 complete | case=standard-20260717006947-134d59974888 | env_steps=7281 | agent_samples=18107 | episode_env_steps=27 | episode_agent_samples=76 | mean_reward=128.624 | success=5/5 | collision=0/5 | unresolved=0/5 | full_success=1 | timeout=0 | mean_final_distance=0.265 | dense_action_share=0.000 | rule_yield_share=0.000 | samples/sec=13.156
Recent 10 episodes | avg_reward=122.014 | success_rate=0.980 | collision_rate=0.020 | unresolved_rate=0.000 | full_success_rate=0.900 | timeout_episode_rate=0.000 | total_success=824 | total_collision=24 | total_unresolved=2 | total_full_success=145 | timeout_episodes=2 | success_hist=[0, 0, 0, 1, 24, 145] | collision_hist=[147, 22, 1, 0, 0, 0]
Episode 171 complete | case=standard-20260717006950-51b0155f5ce1 | env_steps=7308 | agent_samples=18201 | episode_env_steps=27 | episode_agent_samples=94 | mean_reward=132.146 | success=5/5 | collision=0/5 | unresolved=0/5 | full_success=1 | timeout=0 | mean_final_distance=0.252 | dense_action_share=0.000 | rule_yield_share=0.000 | samples/sec=16.039
Episode 172 complete | case=standard-20260717006951-961d376f3907 | env_steps=7353 | agent_samples=18319 | episode_env_steps=45 | episode_agent_samples=118 | mean_reward=129.190 | success=5/5 | collision=0/5 | unresolved=0/5 | full_success=1 | timeout=0 | mean_final_distance=0.252 | dense_action_share=0.000 | rule_yield_share=0.000 | samples/sec=11.426
Episode 173 complete | case=standard-20260717006952-ff5037de833a | env_steps=7391 | agent_samples=18427 | episode_env_steps=38 | episode_agent_samples=108 | mean_reward=132.835 | success=5/5 | collision=0/5 | unresolved=0/5 | full_success=1 | timeout=0 | mean_final_distance=0.273 | dense_action_share=0.000 | rule_yield_share=0.000 | samples/sec=13.053
Episode 174 complete | case=standard-20260717006953-fb8af9a8c0cb | env_steps=7432 | agent_samples=18525 | episode_env_steps=41 | episode_agent_samples=98 | mean_reward=120.749 | success=5/5 | collision=0/5 | unresolved=0/5 | full_success=1 | timeout=0 | mean_final_distance=0.258 | dense_action_share=0.000 | rule_yield_share=0.000 | samples/sec=11.150
Episode 175 complete | case=standard-20260717006954-b25befdc0387 | env_steps=7461 | agent_samples=18609 | episode_env_steps=29 | episode_agent_samples=84 | mean_reward=129.457 | success=5/5 | collision=0/5 | unresolved=0/5 | full_success=1 | timeout=0 | mean_final_distance=0.254 | dense_action_share=0.000 | rule_yield_share=0.000 | samples/sec=12.848
Episode 176 complete | case=standard-20260717006977-3f782436f118 | env_steps=7497 | agent_samples=18736 | episode_env_steps=36 | episode_agent_samples=127 | mean_reward=131.473 | success=5/5 | collision=0/5 | unresolved=0/5 | full_success=1 | timeout=0 | mean_final_distance=0.267 | dense_action_share=0.000 | rule_yield_share=0.000 | samples/sec=15.953
Episode 177 complete | case=standard-20260717006980-d62c7937eb62 | env_steps=7541 | agent_samples=18820 | episode_env_steps=44 | episode_agent_samples=84 | mean_reward=124.014 | success=5/5 | collision=0/5 | unresolved=0/5 | full_success=1 | timeout=0 | mean_final_distance=0.257 | dense_action_share=0.000 | rule_yield_share=0.000 | samples/sec=8.897
Episode 178 complete | case=standard-20260717006983-adceb774ad9b | env_steps=7573 | agent_samples=18913 | episode_env_steps=32 | episode_agent_samples=93 | mean_reward=125.342 | success=5/5 | collision=0/5 | unresolved=0/5 | full_success=1 | timeout=0 | mean_final_distance=0.267 | dense_action_share=0.000 | rule_yield_share=0.000 | samples/sec=13.432
Episode 179 complete | case=standard-20260717006990-5175df243ede | env_steps=7595 | agent_samples=18983 | episode_env_steps=22 | episode_agent_samples=70 | mean_reward=125.105 | success=5/5 | collision=0/5 | unresolved=0/5 | full_success=1 | timeout=0 | mean_final_distance=0.254 | dense_action_share=0.000 | rule_yield_share=0.000 | samples/sec=14.274
Episode 180 complete | case=standard-20260717006993-7c3b228618e7 | env_steps=7617 | agent_samples=19053 | episode_env_steps=22 | episode_agent_samples=70 | mean_reward=120.266 | success=5/5 | collision=0/5 | unresolved=0/5 | full_success=1 | timeout=0 | mean_final_distance=0.277 | dense_action_share=0.000 | rule_yield_share=0.000 | samples/sec=14.612
Recent 10 episodes | avg_reward=127.058 | success_rate=1.000 | collision_rate=0.000 | unresolved_rate=0.000 | full_success_rate=1.000 | timeout_episode_rate=0.000 | total_success=874 | total_collision=24 | total_unresolved=2 | total_full_success=155 | timeout_episodes=2 | success_hist=[0, 0, 0, 1, 24, 155] | collision_hist=[157, 22, 1, 0, 0, 0]
Episode 181 complete | case=standard-20260717006995-e6d42545e7e4 | env_steps=7648 | agent_samples=19143 | episode_env_steps=31 | episode_agent_samples=90 | mean_reward=122.392 | success=5/5 | collision=0/5 | unresolved=0/5 | full_success=1 | timeout=0 | mean_final_distance=0.259 | dense_action_share=0.000 | rule_yield_share=0.000 | samples/sec=13.541
Episode 182 complete | case=standard-20260717006996-8ade791269ee | env_steps=7688 | agent_samples=19212 | episode_env_steps=40 | episode_agent_samples=69 | mean_reward=114.853 | success=5/5 | collision=0/5 | unresolved=0/5 | full_success=1 | timeout=0 | mean_final_distance=0.279 | dense_action_share=0.000 | rule_yield_share=0.000 | samples/sec=7.800
Episode 183 complete | case=standard-20260717006997-90e335d470ac | env_steps=7736 | agent_samples=19316 | episode_env_steps=48 | episode_agent_samples=104 | mean_reward=127.468 | success=5/5 | collision=0/5 | unresolved=0/5 | full_success=1 | timeout=0 | mean_final_distance=0.257 | dense_action_share=0.000 | rule_yield_share=0.000 | samples/sec=9.605
Episode 184 complete | case=standard-20260717007000-b6e5044d5f49 | env_steps=7764 | agent_samples=19399 | episode_env_steps=28 | episode_agent_samples=83 | mean_reward=125.745 | success=5/5 | collision=0/5 | unresolved=0/5 | full_success=1 | timeout=0 | mean_final_distance=0.252 | dense_action_share=0.000 | rule_yield_share=0.000 | samples/sec=13.822
Episode 185 complete | case=standard-20260717007019-388667f4760f | env_steps=7787 | agent_samples=19494 | episode_env_steps=23 | episode_agent_samples=95 | mean_reward=132.835 | success=5/5 | collision=0/5 | unresolved=0/5 | full_success=1 | timeout=0 | mean_final_distance=0.233 | dense_action_share=0.000 | rule_yield_share=0.000 | samples/sec=19.111
Episode 186 complete | case=standard-20260717007024-e58a4bc7cdd6 | env_steps=7821 | agent_samples=19591 | episode_env_steps=34 | episode_agent_samples=97 | mean_reward=117.485 | success=5/5 | collision=0/5 | unresolved=0/5 | full_success=1 | timeout=0 | mean_final_distance=0.229 | dense_action_share=0.000 | rule_yield_share=0.000 | samples/sec=12.655
Episode 187 complete | case=standard-20260717007028-c5c3f54193ac | env_steps=7901 | agent_samples=19727 | episode_env_steps=80 | episode_agent_samples=136 | mean_reward=120.420 | success=5/5 | collision=0/5 | unresolved=0/5 | full_success=1 | timeout=0 | mean_final_distance=0.258 | dense_action_share=0.000 | rule_yield_share=0.000 | samples/sec=7.748
Episode 188 complete | case=standard-20260717007029-2bd6c53b730b | env_steps=7946 | agent_samples=19822 | episode_env_steps=45 | episode_agent_samples=95 | mean_reward=43.273 | success=3/5 | collision=2/5 | unresolved=0/5 | full_success=0 | timeout=0 | mean_final_distance=0.788 | dense_action_share=0.000 | rule_yield_share=0.000 | samples/sec=9.563
Episode 189 complete | case=standard-20260717007030-b3cc3ab71657 | env_steps=7986 | agent_samples=19946 | episode_env_steps=40 | episode_agent_samples=124 | mean_reward=87.336 | success=4/5 | collision=1/5 | unresolved=0/5 | full_success=0 | timeout=0 | mean_final_distance=0.356 | dense_action_share=0.000 | rule_yield_share=0.000 | samples/sec=13.998
Episode 190 complete | case=standard-20260717007035-a96a4d15b503 | env_steps=8025 | agent_samples=20057 | episode_env_steps=39 | episode_agent_samples=111 | mean_reward=122.294 | success=5/5 | collision=0/5 | unresolved=0/5 | full_success=1 | timeout=0 | mean_final_distance=0.254 | dense_action_share=0.000 | rule_yield_share=0.000 | samples/sec=13.174
Recent 10 episodes | avg_reward=111.410 | success_rate=0.940 | collision_rate=0.060 | unresolved_rate=0.000 | full_success_rate=0.800 | timeout_episode_rate=0.000 | total_success=921 | total_collision=27 | total_unresolved=2 | total_full_success=163 | timeout_episodes=2 | success_hist=[0, 0, 0, 2, 25, 163] | collision_hist=[165, 23, 2, 0, 0, 0]
Episode 191 complete | case=standard-20260717007038-cda17ebf4b16 | env_steps=8093 | agent_samples=20181 | episode_env_steps=68 | episode_agent_samples=124 | mean_reward=128.625 | success=5/5 | collision=0/5 | unresolved=0/5 | full_success=1 | timeout=0 | mean_final_distance=0.268 | dense_action_share=0.000 | rule_yield_share=0.000 | samples/sec=8.200
Episode 192 complete | case=standard-20260717007042-1e7553235657 | env_steps=8113 | agent_samples=20251 | episode_env_steps=20 | episode_agent_samples=70 | mean_reward=123.670 | success=5/5 | collision=0/5 | unresolved=0/5 | full_success=1 | timeout=0 | mean_final_distance=0.256 | dense_action_share=0.000 | rule_yield_share=0.000 | samples/sec=16.365
Episode 193 complete | case=standard-20260717007044-01e05b9de98c | env_steps=8153 | agent_samples=20377 | episode_env_steps=40 | episode_agent_samples=126 | mean_reward=136.929 | success=5/5 | collision=0/5 | unresolved=0/5 | full_success=1 | timeout=0 | mean_final_distance=0.265 | dense_action_share=0.000 | rule_yield_share=0.000 | samples/sec=14.514
Episode 194 complete | case=standard-20260717007045-2acbbfd1e2e4 | env_steps=8172 | agent_samples=20455 | episode_env_steps=19 | episode_agent_samples=78 | mean_reward=130.710 | success=5/5 | collision=0/5 | unresolved=0/5 | full_success=1 | timeout=0 | mean_final_distance=0.259 | dense_action_share=0.000 | rule_yield_share=0.000 | samples/sec=18.464
Episode 195 complete | case=standard-20260717007053-92b5bc864e76 | env_steps=8194 | agent_samples=20535 | episode_env_steps=22 | episode_agent_samples=80 | mean_reward=130.365 | success=5/5 | collision=0/5 | unresolved=0/5 | full_success=1 | timeout=0 | mean_final_distance=0.246 | dense_action_share=0.000 | rule_yield_share=0.000 | samples/sec=15.697
Episode 196 complete | case=standard-20260717007060-41c216ee6e65 | env_steps=8227 | agent_samples=20642 | episode_env_steps=33 | episode_agent_samples=107 | mean_reward=134.164 | success=5/5 | collision=0/5 | unresolved=0/5 | full_success=1 | timeout=0 | mean_final_distance=0.260 | dense_action_share=0.000 | rule_yield_share=0.000 | samples/sec=14.554
Episode 197 complete | case=standard-20260717007064-0b0daff47423 | env_steps=8245 | agent_samples=20712 | episode_env_steps=18 | episode_agent_samples=70 | mean_reward=124.968 | success=5/5 | collision=0/5 | unresolved=0/5 | full_success=1 | timeout=0 | mean_final_distance=0.264 | dense_action_share=0.000 | rule_yield_share=0.000 | samples/sec=17.827
Episode 198 complete | case=standard-20260717007079-1b5818f70fea | env_steps=8270 | agent_samples=20784 | episode_env_steps=25 | episode_agent_samples=72 | mean_reward=122.490 | success=5/5 | collision=0/5 | unresolved=0/5 | full_success=1 | timeout=0 | mean_final_distance=0.272 | dense_action_share=0.000 | rule_yield_share=0.000 | samples/sec=13.418
Episode 199 complete | case=standard-20260717007087-4ac1fb6173b9 | env_steps=8327 | agent_samples=20908 | episode_env_steps=57 | episode_agent_samples=124 | mean_reward=123.795 | success=5/5 | collision=0/5 | unresolved=0/5 | full_success=1 | timeout=0 | mean_final_distance=0.248 | dense_action_share=0.000 | rule_yield_share=0.000 | samples/sec=9.705
Episode 200 complete | case=standard-20260717007090-4502408f70d7 | env_steps=8363 | agent_samples=21033 | episode_env_steps=36 | episode_agent_samples=125 | mean_reward=126.180 | success=5/5 | collision=0/5 | unresolved=0/5 | full_success=1 | timeout=0 | mean_final_distance=0.272 | dense_action_share=0.000 | rule_yield_share=0.000 | samples/sec=16.030
Recent 10 episodes | avg_reward=128.190 | success_rate=1.000 | collision_rate=0.000 | unresolved_rate=0.000 | full_success_rate=1.000 | timeout_episode_rate=0.000 | total_success=971 | total_collision=27 | total_unresolved=2 | total_full_success=173 | timeout_episodes=2 | success_hist=[0, 0, 0, 2, 25, 173] | collision_hist=[175, 23, 2, 0, 0, 0]
Episode 201 complete | case=standard-20260717007094-b0355997b746 | env_steps=8392 | agent_samples=21132 | episode_env_steps=29 | episode_agent_samples=99 | mean_reward=134.738 | success=5/5 | collision=0/5 | unresolved=0/5 | full_success=1 | timeout=0 | mean_final_distance=0.276 | dense_action_share=0.000 | rule_yield_share=0.000 | samples/sec=15.776
Episode 202 complete | case=standard-20260717007097-f43774958a19 | env_steps=8424 | agent_samples=21235 | episode_env_steps=32 | episode_agent_samples=103 | mean_reward=93.672 | success=4/5 | collision=1/5 | unresolved=0/5 | full_success=0 | timeout=0 | mean_final_distance=0.315 | dense_action_share=0.000 | rule_yield_share=0.000 | samples/sec=14.224
Episode 203 complete | case=standard-20260717007098-a9f6d714615c | env_steps=8455 | agent_samples=21313 | episode_env_steps=31 | episode_agent_samples=78 | mean_reward=124.759 | success=5/5 | collision=0/5 | unresolved=0/5 | full_success=1 | timeout=0 | mean_final_distance=0.265 | dense_action_share=0.000 | rule_yield_share=0.000 | samples/sec=11.261
Episode 204 complete | case=standard-20260717007103-bfd2908ad641 | env_steps=8500 | agent_samples=21395 | episode_env_steps=45 | episode_agent_samples=82 | mean_reward=117.120 | success=5/5 | collision=0/5 | unresolved=0/5 | full_success=1 | timeout=0 | mean_final_distance=0.265 | dense_action_share=0.000 | rule_yield_share=0.000 | samples/sec=8.485
Episode 205 complete | case=standard-20260717007105-7eb0e1de0dc7 | env_steps=8545 | agent_samples=21492 | episode_env_steps=45 | episode_agent_samples=97 | mean_reward=122.425 | success=5/5 | collision=0/5 | unresolved=0/5 | full_success=1 | timeout=0 | mean_final_distance=0.268 | dense_action_share=0.000 | rule_yield_share=0.000 | samples/sec=9.585
Episode 206 complete | case=standard-20260717007110-4366edd69ca2 | env_steps=8618 | agent_samples=21622 | episode_env_steps=73 | episode_agent_samples=130 | mean_reward=84.571 | success=4/5 | collision=1/5 | unresolved=0/5 | full_success=0 | timeout=0 | mean_final_distance=0.573 | dense_action_share=0.000 | rule_yield_share=0.000 | samples/sec=8.197
Episode 207 complete | case=dense-20260718008232-7050f2e57b79 | env_steps=8631 | agent_samples=21677 | episode_env_steps=13 | episode_agent_samples=55 | mean_reward=119.168 | success=5/5 | collision=0/5 | unresolved=0/5 | full_success=1 | timeout=0 | mean_final_distance=0.263 | dense_action_share=0.000 | rule_yield_share=0.000 | samples/sec=19.739
Episode 208 complete | case=dense-20260718008269-a9e0091618d0 | env_steps=8648 | agent_samples=21725 | episode_env_steps=17 | episode_agent_samples=48 | mean_reward=116.825 | success=5/5 | collision=0/5 | unresolved=0/5 | full_success=1 | timeout=0 | mean_final_distance=0.282 | dense_action_share=0.000 | rule_yield_share=0.000 | samples/sec=12.314
Episode 209 complete | case=dense-20260718008290-2164c5f09b11 | env_steps=8664 | agent_samples=21782 | episode_env_steps=16 | episode_agent_samples=57 | mean_reward=119.165 | success=5/5 | collision=0/5 | unresolved=0/5 | full_success=1 | timeout=0 | mean_final_distance=0.255 | dense_action_share=0.000 | rule_yield_share=0.000 | samples/sec=15.562
Episode 210 complete | case=dense-20260718008319-37ffae16398c | env_steps=8690 | agent_samples=21857 | episode_env_steps=26 | episode_agent_samples=75 | mean_reward=124.162 | success=5/5 | collision=0/5 | unresolved=0/5 | full_success=1 | timeout=0 | mean_final_distance=0.260 | dense_action_share=0.000 | rule_yield_share=0.000 | samples/sec=12.810
Recent 10 episodes | avg_reward=115.660 | success_rate=0.960 | collision_rate=0.040 | unresolved_rate=0.000 | full_success_rate=0.800 | timeout_episode_rate=0.000 | total_success=1019 | total_collision=29 | total_unresolved=2 | total_full_success=181 | timeout_episodes=2 | success_hist=[0, 0, 0, 2, 27, 181] | collision_hist=[183, 25, 2, 0, 0, 0]
Episode 211 complete | case=dense-20260718008355-267e6a40fdaa | env_steps=8713 | agent_samples=21928 | episode_env_steps=23 | episode_agent_samples=71 | mean_reward=120.542 | success=5/5 | collision=0/5 | unresolved=0/5 | full_success=1 | timeout=0 | mean_final_distance=0.245 | dense_action_share=0.000 | rule_yield_share=0.000 | samples/sec=14.449
Episode 212 complete | case=dense-20260718008447-adedee467419 | env_steps=8754 | agent_samples=22013 | episode_env_steps=41 | episode_agent_samples=85 | mean_reward=118.429 | success=5/5 | collision=0/5 | unresolved=0/5 | full_success=1 | timeout=0 | mean_final_distance=0.239 | dense_action_share=0.000 | rule_yield_share=0.000 | samples/sec=9.501
Episode 213 complete | case=dense-20260718008502-02557f9d1585 | env_steps=8767 | agent_samples=22064 | episode_env_steps=13 | episode_agent_samples=51 | mean_reward=116.434 | success=5/5 | collision=0/5 | unresolved=0/5 | full_success=1 | timeout=0 | mean_final_distance=0.267 | dense_action_share=0.000 | rule_yield_share=0.000 | samples/sec=17.915
Episode 214 complete | case=dense-20260718008505-9494e2b71ee9 | env_steps=8786 | agent_samples=22126 | episode_env_steps=19 | episode_agent_samples=62 | mean_reward=116.047 | success=5/5 | collision=0/5 | unresolved=0/5 | full_success=1 | timeout=0 | mean_final_distance=0.280 | dense_action_share=0.000 | rule_yield_share=0.000 | samples/sec=14.237
Episode 215 complete | case=dense-20260718008520-c02550e21da9 | env_steps=8803 | agent_samples=22185 | episode_env_steps=17 | episode_agent_samples=59 | mean_reward=120.973 | success=5/5 | collision=0/5 | unresolved=0/5 | full_success=1 | timeout=0 | mean_final_distance=0.239 | dense_action_share=0.000 | rule_yield_share=0.000 | samples/sec=15.376
Episode 216 complete | case=dense-20260718008558-e38446757748 | env_steps=8815 | agent_samples=22235 | episode_env_steps=12 | episode_agent_samples=50 | mean_reward=118.018 | success=5/5 | collision=0/5 | unresolved=0/5 | full_success=1 | timeout=0 | mean_final_distance=0.239 | dense_action_share=0.000 | rule_yield_share=0.000 | samples/sec=19.518
Episode 217 complete | case=dense-20260718008603-53541ed98bbe | env_steps=8860 | agent_samples=22359 | episode_env_steps=45 | episode_agent_samples=124 | mean_reward=120.451 | success=5/5 | collision=0/5 | unresolved=0/5 | full_success=1 | timeout=0 | mean_final_distance=0.227 | dense_action_share=0.000 | rule_yield_share=0.000 | samples/sec=12.794
Episode 218 complete | case=dense-20260718008661-2765c31b97e8 | env_steps=8933 | agent_samples=22509 | episode_env_steps=73 | episode_agent_samples=150 | mean_reward=121.764 | success=5/5 | collision=0/5 | unresolved=0/5 | full_success=1 | timeout=0 | mean_final_distance=0.266 | dense_action_share=0.000 | rule_yield_share=0.000 | samples/sec=8.914
Episode 219 complete | case=dense-20260718008663-e6545b7ac04b | env_steps=8946 | agent_samples=22561 | episode_env_steps=13 | episode_agent_samples=52 | mean_reward=118.942 | success=5/5 | collision=0/5 | unresolved=0/5 | full_success=1 | timeout=0 | mean_final_distance=0.230 | dense_action_share=0.000 | rule_yield_share=0.000 | samples/sec=18.619
Episode 220 complete | case=dense-20260718008677-b52ec6c0c283 | env_steps=8963 | agent_samples=22619 | episode_env_steps=17 | episode_agent_samples=58 | mean_reward=119.948 | success=5/5 | collision=0/5 | unresolved=0/5 | full_success=1 | timeout=0 | mean_final_distance=0.236 | dense_action_share=0.000 | rule_yield_share=0.000 | samples/sec=15.667
Recent 10 episodes | avg_reward=119.155 | success_rate=1.000 | collision_rate=0.000 | unresolved_rate=0.000 | full_success_rate=1.000 | timeout_episode_rate=0.000 | total_success=1069 | total_collision=29 | total_unresolved=2 | total_full_success=191 | timeout_episodes=2 | success_hist=[0, 0, 0, 2, 27, 191] | collision_hist=[193, 25, 2, 0, 0, 0]
Episode 221 complete | case=dense-20260718008687-0edecc420e18 | env_steps=8995 | agent_samples=22688 | episode_env_steps=32 | episode_agent_samples=69 | mean_reward=116.403 | success=5/5 | collision=0/5 | unresolved=0/5 | full_success=1 | timeout=0 | mean_final_distance=0.245 | dense_action_share=0.000 | rule_yield_share=0.000 | samples/sec=9.746
Episode 222 complete | case=dense-20260718008689-3d5321bbd34a | env_steps=9028 | agent_samples=22764 | episode_env_steps=33 | episode_agent_samples=76 | mean_reward=122.660 | success=5/5 | collision=0/5 | unresolved=0/5 | full_success=1 | timeout=0 | mean_final_distance=0.262 | dense_action_share=0.000 | rule_yield_share=0.000 | samples/sec=10.193
Episode 223 complete | case=dense-20260718008697-ca9da5f9b58c | env_steps=9048 | agent_samples=22828 | episode_env_steps=20 | episode_agent_samples=64 | mean_reward=119.357 | success=5/5 | collision=0/5 | unresolved=0/5 | full_success=1 | timeout=0 | mean_final_distance=0.259 | dense_action_share=0.000 | rule_yield_share=0.000 | samples/sec=14.383
Episode 224 complete | case=dense-20260718008702-cb8483c7c107 | env_steps=9059 | agent_samples=22875 | episode_env_steps=11 | episode_agent_samples=47 | mean_reward=116.804 | success=5/5 | collision=0/5 | unresolved=0/5 | full_success=1 | timeout=0 | mean_final_distance=0.228 | dense_action_share=0.000 | rule_yield_share=0.000 | samples/sec=19.715
Episode 225 complete | case=dense-20260718008705-222a322ea73f | env_steps=9069 | agent_samples=22918 | episode_env_steps=10 | episode_agent_samples=43 | mean_reward=116.741 | success=5/5 | collision=0/5 | unresolved=0/5 | full_success=1 | timeout=0 | mean_final_distance=0.251 | dense_action_share=0.000 | rule_yield_share=0.000 | samples/sec=20.184
Episode 226 complete | case=dense-20260718008753-a38a26f663a6 | env_steps=9081 | agent_samples=22966 | episode_env_steps=12 | episode_agent_samples=48 | mean_reward=38.526 | success=3/5 | collision=2/5 | unresolved=0/5 | full_success=0 | timeout=0 | mean_final_distance=0.476 | dense_action_share=0.000 | rule_yield_share=0.000 | samples/sec=18.481
Episode 227 complete | case=dense-20260718008771-b0c8a8367ac4 | env_steps=9110 | agent_samples=23029 | episode_env_steps=29 | episode_agent_samples=63 | mean_reward=114.186 | success=5/5 | collision=0/5 | unresolved=0/5 | full_success=1 | timeout=0 | mean_final_distance=0.244 | dense_action_share=0.000 | rule_yield_share=0.000 | samples/sec=10.041
Episode 228 complete | case=dense-20260718008805-4b71ff6d7931 | env_steps=9128 | agent_samples=23085 | episode_env_steps=18 | episode_agent_samples=56 | mean_reward=116.659 | success=5/5 | collision=0/5 | unresolved=0/5 | full_success=1 | timeout=0 | mean_final_distance=0.258 | dense_action_share=0.000 | rule_yield_share=0.000 | samples/sec=13.377
Episode 229 complete | case=dense-20260718008809-73f71b628773 | env_steps=9156 | agent_samples=23169 | episode_env_steps=28 | episode_agent_samples=84 | mean_reward=75.817 | success=4/5 | collision=1/5 | unresolved=0/5 | full_success=0 | timeout=0 | mean_final_distance=0.306 | dense_action_share=0.000 | rule_yield_share=0.000 | samples/sec=12.864
Episode 230 complete | case=dense-20260718008822-ad3385e70840 | env_steps=9175 | agent_samples=23222 | episode_env_steps=19 | episode_agent_samples=53 | mean_reward=119.852 | success=5/5 | collision=0/5 | unresolved=0/5 | full_success=1 | timeout=0 | mean_final_distance=0.247 | dense_action_share=0.000 | rule_yield_share=0.000 | samples/sec=12.802
Recent 10 episodes | avg_reward=105.700 | success_rate=0.940 | collision_rate=0.060 | unresolved_rate=0.000 | full_success_rate=0.800 | timeout_episode_rate=0.000 | total_success=1116 | total_collision=32 | total_unresolved=2 | total_full_success=199 | timeout_episodes=2 | success_hist=[0, 0, 0, 3, 28, 199] | collision_hist=[201, 26, 3, 0, 0, 0]
Episode 231 complete | case=dense-20260718008859-0c8fddcadcc5 | env_steps=9201 | agent_samples=23298 | episode_env_steps=26 | episode_agent_samples=76 | mean_reward=115.477 | success=5/5 | collision=0/5 | unresolved=0/5 | full_success=1 | timeout=0 | mean_final_distance=0.265 | dense_action_share=0.000 | rule_yield_share=0.000 | samples/sec=13.363
Episode 232 complete | case=dense-20260718008866-5609dfeb23c3 | env_steps=9237 | agent_samples=23376 | episode_env_steps=36 | episode_agent_samples=78 | mean_reward=118.740 | success=5/5 | collision=0/5 | unresolved=0/5 | full_success=1 | timeout=0 | mean_final_distance=0.265 | dense_action_share=0.000 | rule_yield_share=0.000 | samples/sec=9.785
Episode 233 complete | case=dense-20260718008931-1b54d9b1292c | env_steps=9249 | agent_samples=23423 | episode_env_steps=12 | episode_agent_samples=47 | mean_reward=114.108 | success=5/5 | collision=0/5 | unresolved=0/5 | full_success=1 | timeout=0 | mean_final_distance=0.265 | dense_action_share=0.000 | rule_yield_share=0.000 | samples/sec=17.180
Episode 234 complete | case=dense-20260718008943-8b0c553cd8a2 | env_steps=9261 | agent_samples=23477 | episode_env_steps=12 | episode_agent_samples=54 | mean_reward=119.891 | success=5/5 | collision=0/5 | unresolved=0/5 | full_success=1 | timeout=0 | mean_final_distance=0.232 | dense_action_share=0.000 | rule_yield_share=0.000 | samples/sec=19.695
Episode 235 complete | case=dense-20260718008975-8bade11368c9 | env_steps=9327 | agent_samples=23611 | episode_env_steps=66 | episode_agent_samples=134 | mean_reward=115.348 | success=5/5 | collision=0/5 | unresolved=0/5 | full_success=1 | timeout=0 | mean_final_distance=0.272 | dense_action_share=0.000 | rule_yield_share=0.000 | samples/sec=9.296
Episode 236 complete | case=dense-20260718008987-132e9321de87 | env_steps=9354 | agent_samples=23676 | episode_env_steps=27 | episode_agent_samples=65 | mean_reward=117.225 | success=5/5 | collision=0/5 | unresolved=0/5 | full_success=1 | timeout=0 | mean_final_distance=0.253 | dense_action_share=0.000 | rule_yield_share=0.000 | samples/sec=11.008
Episode 237 complete | case=dense-20260718009027-b119a65b1565 | env_steps=9370 | agent_samples=23730 | episode_env_steps=16 | episode_agent_samples=54 | mean_reward=118.161 | success=5/5 | collision=0/5 | unresolved=0/5 | full_success=1 | timeout=0 | mean_final_distance=0.242 | dense_action_share=0.000 | rule_yield_share=0.000 | samples/sec=14.461
Episode 238 complete | case=dense-20260718009072-9e6943e21751 | env_steps=9384 | agent_samples=23787 | episode_env_steps=14 | episode_agent_samples=57 | mean_reward=119.321 | success=5/5 | collision=0/5 | unresolved=0/5 | full_success=1 | timeout=0 | mean_final_distance=0.284 | dense_action_share=0.000 | rule_yield_share=0.000 | samples/sec=18.020
Episode 239 complete | case=dense-20260718009127-967738341b80 | env_steps=9397 | agent_samples=23838 | episode_env_steps=13 | episode_agent_samples=51 | mean_reward=119.256 | success=5/5 | collision=0/5 | unresolved=0/5 | full_success=1 | timeout=0 | mean_final_distance=0.241 | dense_action_share=0.000 | rule_yield_share=0.000 | samples/sec=17.893
Episode 240 complete | case=dense-20260718009138-38a5a2eb225b | env_steps=9486 | agent_samples=23981 | episode_env_steps=89 | episode_agent_samples=143 | mean_reward=122.655 | success=5/5 | collision=0/5 | unresolved=0/5 | full_success=1 | timeout=0 | mean_final_distance=0.240 | dense_action_share=0.000 | rule_yield_share=0.000 | samples/sec=7.278
Recent 10 episodes | avg_reward=118.018 | success_rate=1.000 | collision_rate=0.000 | unresolved_rate=0.000 | full_success_rate=1.000 | timeout_episode_rate=0.000 | total_success=1166 | total_collision=32 | total_unresolved=2 | total_full_success=209 | timeout_episodes=2 | success_hist=[0, 0, 0, 3, 28, 209] | collision_hist=[211, 26, 3, 0, 0, 0]
Episode 241 complete | case=dense-20260718009141-eb8f2a5fa6da | env_steps=9498 | agent_samples=24034 | episode_env_steps=12 | episode_agent_samples=53 | mean_reward=115.930 | success=5/5 | collision=0/5 | unresolved=0/5 | full_success=1 | timeout=0 | mean_final_distance=0.266 | dense_action_share=0.000 | rule_yield_share=0.000 | samples/sec=19.511
Episode 242 complete | case=dense-20260718009146-44c17309159f | env_steps=9531 | agent_samples=24122 | episode_env_steps=33 | episode_agent_samples=88 | mean_reward=115.767 | success=5/5 | collision=0/5 | unresolved=0/5 | full_success=1 | timeout=0 | mean_final_distance=0.245 | dense_action_share=0.000 | rule_yield_share=0.000 | samples/sec=12.107
Episode 243 complete | case=dense-20260718009196-b3a284856d1d | env_steps=9558 | agent_samples=24186 | episode_env_steps=27 | episode_agent_samples=64 | mean_reward=115.753 | success=5/5 | collision=0/5 | unresolved=0/5 | full_success=1 | timeout=0 | mean_final_distance=0.260 | dense_action_share=0.000 | rule_yield_share=0.000 | samples/sec=10.936
Episode 244 complete | case=dense-20260718009202-2193143a1d62 | env_steps=9625 | agent_samples=24296 | episode_env_steps=67 | episode_agent_samples=110 | mean_reward=117.735 | success=5/5 | collision=0/5 | unresolved=0/5 | full_success=1 | timeout=0 | mean_final_distance=0.258 | dense_action_share=0.000 | rule_yield_share=0.000 | samples/sec=7.374
Episode 245 complete | case=dense-20260718009305-abeb15c0b44d | env_steps=9637 | agent_samples=24347 | episode_env_steps=12 | episode_agent_samples=51 | mean_reward=117.063 | success=5/5 | collision=0/5 | unresolved=0/5 | full_success=1 | timeout=0 | mean_final_distance=0.279 | dense_action_share=0.000 | rule_yield_share=0.000 | samples/sec=19.640
Episode 246 complete | case=dense-20260718009316-ea0fd4b0021d | env_steps=9660 | agent_samples=24433 | episode_env_steps=23 | episode_agent_samples=86 | mean_reward=119.492 | success=5/5 | collision=0/5 | unresolved=0/5 | full_success=1 | timeout=0 | mean_final_distance=0.264 | dense_action_share=0.000 | rule_yield_share=0.000 | samples/sec=17.335
Episode 247 complete | case=dense-20260718009344-08b376f60715 | env_steps=9704 | agent_samples=24536 | episode_env_steps=44 | episode_agent_samples=103 | mean_reward=119.789 | success=5/5 | collision=0/5 | unresolved=0/5 | full_success=1 | timeout=0 | mean_final_distance=0.241 | dense_action_share=0.000 | rule_yield_share=0.000 | samples/sec=10.669
Episode 248 complete | case=dense-20260718009346-fb91ad01805b | env_steps=9735 | agent_samples=24610 | episode_env_steps=31 | episode_agent_samples=74 | mean_reward=116.701 | success=5/5 | collision=0/5 | unresolved=0/5 | full_success=1 | timeout=0 | mean_final_distance=0.235 | dense_action_share=0.000 | rule_yield_share=0.000 | samples/sec=10.484
Target test episodes reached | episode_num=248 | target=248
已终止
... logging to /home/jiutian/.ros/log/a9ab972a-8994-11f1-a71d-79b7e70ca52d/roslaunch-JiuTian-AI4090-3915085.log
Checking log directory for disk usage. This may take a while.
Press Ctrl-C to interrupt
Done checking log file disk usage. Usage is <1GB.
]2;roscore
[1mstarted roslaunch server http://localhost:38911/[0m
ros_comm version 1.17.4


SUMMARY
========

PARAMETERS
 * /rosdistro: noetic
 * /rosversion: 1.17.4

NODES

auto-starting new master
[1mprocess[master]: started with pid [3915095][0m
[1mROS_MASTER_URI=http://localhost:13810/[0m
]2;roscore http://localhost:13810/
[1msetting /run_id to a9ab972a-8994-11f1-a71d-79b7e70ca52d[0m
[1mprocess[rosout-1]: started with pid [3915105][0m
started core service [/rosout]
[rosout-1] killing on exit
[master] killing on exit
shutting down processing monitor...
... shutting down processing monitor complete
[1mdone[0m
Segmentation fault (core dumped)
... logging to /home/jiutian/.ros/log/a9ab972a-8994-11f1-a71d-79b7e70ca52d/roslaunch-JiuTian-AI4090-3915114.log
Checking log directory for disk usage. This may take a while.
Press Ctrl-C to interrupt
Done checking log file disk usage. Usage is <1GB.
]2;/home/jiutian/Local-Critic-Multi-Robot-Navigation-gate/TD3/assets/multi_robot_scenario_strong_interaction_pilot_5.launch
[1mstarted roslaunch server http://localhost:40869/[0m

SUMMARY
========

PARAMETERS
 * /robot_description_r1: <?xml version="1....
 * /robot_description_r2: <?xml version="1....
 * /robot_description_r3: <?xml version="1....
 * /robot_description_r4: <?xml version="1....
 * /robot_description_r5: <?xml version="1....
 * /rosdistro: noetic
 * /rosversion: 1.17.4
 * /use_sim_time: True

NODES
  /
    gazebo (gazebo_ros/gzserver)
    urdf_spawner_r1 (gazebo_ros/spawn_model)
    urdf_spawner_r2 (gazebo_ros/spawn_model)
    urdf_spawner_r3 (gazebo_ros/spawn_model)
    urdf_spawner_r4 (gazebo_ros/spawn_model)
    urdf_spawner_r5 (gazebo_ros/spawn_model)

[1mROS_MASTER_URI=http://localhost:13810/[0m
]2;/home/jiutian/Local-Critic-Multi-Robot-Navigation-gate/TD3/assets/multi_robot_scenario_strong_interaction_pilot_5.launch http://localhost:13810/
[1mprocess[gazebo-1]: started with pid [3915308][0m
[1mprocess[urdf_spawner_r1-2]: started with pid [3915312][0m
[1mprocess[urdf_spawner_r2-3]: started with pid [3915314][0m
[1mprocess[urdf_spawner_r3-4]: started with pid [3915315][0m
[1mprocess[urdf_spawner_r4-5]: started with pid [3915316][0m
[1mprocess[urdf_spawner_r5-6]: started with pid [3915317][0m
[1m[urdf_spawner_r5-6] process has finished cleanly
log file: /home/jiutian/.ros/log/a9ab972a-8994-11f1-a71d-79b7e70ca52d/urdf_spawner_r5-6*.log[0m
[1m[urdf_spawner_r3-4] process has finished cleanly
log file: /home/jiutian/.ros/log/a9ab972a-8994-11f1-a71d-79b7e70ca52d/urdf_spawner_r3-4*.log[0m
[1m[urdf_spawner_r4-5] process has finished cleanly
log file: /home/jiutian/.ros/log/a9ab972a-8994-11f1-a71d-79b7e70ca52d/urdf_spawner_r4-5*.log[0m
[1m[urdf_spawner_r2-3] process has finished cleanly
log file: /home/jiutian/.ros/log/a9ab972a-8994-11f1-a71d-79b7e70ca52d/urdf_spawner_r2-3*.log[0m
[1m[urdf_spawner_r1-2] process has finished cleanly
log file: /home/jiutian/.ros/log/a9ab972a-8994-11f1-a71d-79b7e70ca52d/urdf_spawner_r1-2*.log[0m
[gazebo-1] killing on exit
shutting down processing monitor...
... shutting down processing monitor complete
[1mdone[0m
