Activated DRL robot navigation Python environment.
Python: Python 3.8.10
Venv: /home/jiutian/venvs/drl-robot-nav
Fixed manifest enabled: 640 scenarios loaded
Roscore launched!
Unable to register with master node [http://localhost:13003]: master may not be running yet. Will keep trying.
Gazebo launched!
INFO: cannot create a symlink to latest log directory: [Errno 2] No such file or directory: '/home/jiutian/.ros/log/latest'
[INFO] [1784990498.176538, 0.000000]: Loading model XML from ros parameter robot_description_r3
[INFO] [1784990498.180017, 0.000000]: Waiting for service /gazebo/spawn_urdf_model
[INFO] [1784990498.482566, 0.286000]: Calling service /gazebo/spawn_urdf_model
[INFO] [1784990499.289428, 0.373000]: Spawn status: SpawnModel: Successfully spawned entity
[WARN] [1784990499.406036756, 0.373000000]: GazeboRosDiffDrive Plugin (ns = ) missing <publishTf>, defaults to 1
[INFO] [1784990498.274123612]: Finished loading Gazebo ROS API Plugin.
[INFO] [1784990498.275387658]: waitForService: Service [/gazebo/set_physics_properties] has not been advertised, waiting...
[INFO] [1784990498.397161118, 0.204000000]: waitForService: Service [/gazebo/set_physics_properties] is now available.
[INFO] [1784990498.404339527, 0.211000000]: Physics dynamic reconfigure ready.
[INFO] [1784990498.680043355, 0.373000000]: Laser Plugin: The 'robotNamespace' param was empty
[INFO] [1784990498.680061010, 0.373000000]: Starting Laser Plugin (ns = r3)
[INFO] [1784990498.680732760, 0.373000000]: Laser Plugin (ns = r3)  <tf_prefix_>, set to ""
[INFO] [1784990499.289433931, 0.373000000]: Velodyne laser plugin missing <min_intensity>, defaults to no clipping
[INFO] [1784990499.290412403, 0.373000000]: Velodyne laser plugin ready, 16 lasers
[INFO] [1784990499.404904620, 0.373000000]: Starting plugin DiffDrive(ns = /r3/)
[INFO] [1784990499.405030309, 0.373000000]: DiffDrive(ns = /r3/): <rosDebugLevel> = Debug
[INFO] [1784990499.405624484, 0.373000000]: DiffDrive(ns = /r3/): <tf_prefix> = 
[DEBUG] [1784990499.405681919, 0.373000000]: DiffDrive(ns = /r3/): <commandTopic> = cmd_vel
[DEBUG] [1784990499.405696849, 0.373000000]: DiffDrive(ns = /r3/): <odometryTopic> = odom
[DEBUG] [1784990499.405707247, 0.373000000]: DiffDrive(ns = /r3/): <odometryFrame> = odom
[DEBUG] [1784990499.405720575, 0.373000000]: DiffDrive(ns = /r3/): <robotBaseFrame> = base_link
[DEBUG] [1784990499.405764605, 0.373000000]: DiffDrive(ns = /r3/): <publishWheelTF> = false
[DEBUG] [1784990499.405777777, 0.373000000]: DiffDrive(ns = /r3/): <publishOdomTF> = false
[DEBUG] [1784990499.405791443, 0.373000000]: DiffDrive(ns = /r3/): <publishWheelJointState> = false
[DEBUG] [1784990499.405845740, 0.373000000]: DiffDrive(ns = /r3/): <wheelSeparation> = 0.29999999999999999
[DEBUG] [1784990499.405861985, 0.373000000]: DiffDrive(ns = /r3/): <wheelDiameter> = 0.17999999999999999
[DEBUG] [1784990499.405879037, 0.373000000]: DiffDrive(ns = /r3/): <wheelAcceleration> = 1.8
[DEBUG] [1784990499.405894858, 0.373000000]: DiffDrive(ns = /r3/): <wheelTorque> = 20
[DEBUG] [1784990499.405909696, 0.373000000]: DiffDrive(ns = /r3/): <updateRate> = 50
[DEBUG] [1784990499.405966394, 0.373000000]: DiffDrive(ns = /r3/): <odometrySource> = world := 1
[DEBUG] [1784990499.405994718, 0.373000000]: DiffDrive(ns = /r3/): <leftJoint> = left_hub_joint
[DEBUG] [1784990499.406012421, 0.373000000]: DiffDrive(ns = /r3/): <rightJoint> = right_hub_joint
[INFO] [1784990499.406646970, 0.373000000]: DiffDrive(ns = /r3/): Try to subscribe to cmd_vel
[INFO] [1784990499.408315234, 0.373000000]: DiffDrive(ns = /r3/): Subscribe to cmd_vel
[INFO] [1784990499.408753631, 0.373000000]: DiffDrive(ns = /r3/): Advertise odom on odom 
[INFO] [1784990499.414878045, 0.373000000]: GazeboRosJointStatePublisher is going to publish joint: chassis_swivel_joint
[INFO] [1784990499.414889818, 0.373000000]: GazeboRosJointStatePublisher is going to publish joint: swivel_wheel_joint
[INFO] [1784990499.414903529, 0.373000000]: GazeboRosJointStatePublisher is going to publish joint: left_hub_joint
[INFO] [1784990499.414910587, 0.373000000]: GazeboRosJointStatePublisher is going to publish joint: right_hub_joint
[INFO] [1784990499.414918905, 0.373000000]: Starting GazeboRosJointStatePublisher Plugin (ns = /r3/)!, parent name: r3
[DEBUG] [1784990499.447295315, 0.394000000]: Trying to publish message of type [nav_msgs/Odometry/cd5e73d190d741a2f92e81eda573aca7] on a publisher with type [nav_msgs/Odometry/cd5e73d190d741a2f92e81eda573aca7]
[DEBUG] [1784990499.447335725, 0.394000000]: Trying to publish message of type [sensor_msgs/JointState/3066dcd76a6cfaef579bd0f34173e9fd] on a publisher with type [sensor_msgs/JointState/3066dcd76a6cfaef579bd0f34173e9fd]
[INFO] [1784990499.694737415, 0.557000000]: Laser Plugin: The 'robotNamespace' param was empty
[INFO] [1784990499.694751511, 0.557000000]: Starting Laser Plugin (ns = r1)
[INFO] [1784990499.695182386, 0.557000000]: Laser Plugin (ns = r1)  <tf_prefix_>, set to ""
[INFO] [1784990500[WARN] [1784990500.310614571, 0.557000000]: GazeboRosDiffDrive Plugin (ns = ) missing <publishTf>, defaults to 1
[INFO] [1784990498.184652, 0.000000]: Loading model XML from ros parameter robot_description_r1
[INFO] [1784990498.186965, 0.000000]: Waiting for service /gazebo/spawn_urdf_model
[INFO] [1784990498.489460, 0.293000]: Calling service /gazebo/spawn_urdf_model
[INFO] [1784990500.310277, 0.557000]: Spawn status: SpawnModel: Successfully spawned entity
.309104919, 0.557000000]: Velodyne laser plugin missing <min_intensity>, defaults to no clipping
[INFO] [1784990500.309627833, 0.557000000]: Velodyne laser plugin ready, 16 lasers
[INFO] [1784990500.310316530, 0.557000000]: Starting plugin DiffDrive(ns = /r1/)
[DEBUG] [1784990500.310325178, 0.557000000]: DiffDrive(ns = /r1/): <rosDebugLevel> = Debug
[INFO] [1784990500.310335374, 0.557000000]: DiffDrive(ns = /r1/): <rosDebugLevel> = Debug
[INFO] [1784990500.310527392, 0.557000000]: DiffDrive(ns = /r1/): <tf_prefix> = 
[DEBUG] [1784990500.310537854, 0.557000000]: DiffDrive(ns = /r1/): <commandTopic> = cmd_vel
[DEBUG] [1784990500.310542269, 0.557000000]: DiffDrive(ns = /r1/): <odometryTopic> = odom
[DEBUG] [1784990500.310547092, 0.557000000]: DiffDrive(ns = /r1/): <odometryFrame> = odom
[DEBUG] [1784990500.310551240, 0.557000000]: DiffDrive(ns = /r1/): <robotBaseFrame> = base_link
[DEBUG] [1784990500.310557126, 0.557000000]: DiffDrive(ns = /r1/): <publishWheelTF> = false
[DEBUG] [1784990500.310561511, 0.557000000]: DiffDrive(ns = /r1/): <publishOdomTF> = false
[DEBUG] [1784990500.310565784, 0.557000000]: DiffDrive(ns = /r1/): <publishWheelJointState> = false
[DEBUG] [1784990500.310574082, 0.557000000]: DiffDrive(ns = /r1/): <wheelSeparation> = 0.29999999999999999
[DEBUG] [1784990500.310578958, 0.557000000]: DiffDrive(ns = /r1/): <wheelDiameter> = 0.17999999999999999
[DEBUG] [1784990500.310583958, 0.557000000]: DiffDrive(ns = /r1/): <wheelAcceleration> = 1.8
[DEBUG] [1784990500.310588642, 0.557000000]: DiffDrive(ns = /r1/): <wheelTorque> = 20
[DEBUG] [1784990500.310593042, 0.557000000]: DiffDrive(ns = /r1/): <updateRate> = 50
[DEBUG] [1784990500.310599325, 0.557000000]: DiffDrive(ns = /r1/): <odometrySource> = world := 1
[DEBUG] [1784990500.310603632, 0.557000000]: DiffDrive(ns = /r1/): <leftJoint> = left_hub_joint
[DEBUG] [1784990500.310608259, 0.557000000]: DiffDrive(ns = /r1/): <rightJoint> = right_hub_joint
[INFO] [1784990500.310648406, 0.557000000]: DiffDrive(ns = /r1/): Try to subscribe to cmd_vel
[INFO] [1784990500.311730837, 0.557000000]: DiffDrive(ns = /r1/): Subscribe to cmd_vel
[INFO] [1784990500.311927647, 0.557000000]: DiffDrive(ns = /r1/): Advertise odom on odom 
[INFO] [1784990500.311989676, 0.557000000]: GazeboRosJointStatePublisher is going to publish joint: chassis_swivel_joint
[INFO] [1784990500.311993955, 0.557000000]: GazeboRosJointStatePublisher is going to publish joint: swivel_wheel_joint
[INFO] [1784990500.311998013, 0.557000000]: GazeboRosJointStatePublisher is going to publish joint: left_hub_joint
[INFO] [1784990500.312002315, 0.557000000]: GazeboRosJointStatePublisher is going to publish joint: right_hub_joint
[INFO] [1784990500.312005575, 0.557000000]: Starting GazeboRosJointStatePublisher Plugin (ns = /r1/)!, parent name: r1
[INFO] [1784990500.592333905, 0.720000000]: Laser Plugin: The 'robotNamespace' param was empty
[INFO] [1784990500.592350128, 0.720000000]: Starting Laser Plugin (ns = r5)
[INFO] [1784990500.592700172, 0.720000000]: Laser Plugin (ns = r5)  <tf_prefix_>, set to ""
[INFO] [1784990501.205214323, 0.720000000]: Velodyne laser plugin missing <min_intensity>, defaults to no clipping
[INFO] [1784990501.205884257, 0.720000000]: Velodyne laser plugin ready, 16 lasers
[INFO] [1784990501.206675708, 0.720000000]: Starting plugin DiffDrive(ns = /r5/)
[DEBUG] [1784990501.206684947, 0.720000000]: DiffDrive(ns = /r5/): <rosDebugLevel> = Debug
[INFO] [1784990501.206694762, 0.720000000]: DiffDrive(ns = /r5/): <rosDebugLevel> = Debug
[INFO] [1784990501.206925900, 0.720000000]: DiffDrive(ns = /r5/): <tf_prefix> = 
[DEBUG] [1784990501.206936621, 0.720000000]: DiffDrive(ns = /r5/): <commandTopic> = cmd_vel
[DEBUG] [1784990501.206941059, 0.720000000]: DiffDrive(ns = /r5/): <odometryTopic> = odom
[DEBUG] [1784990501.206945771, 0.720000000]: DiffDrive(ns = /r5/): <odometryFrame> = odom
[DEBUG] [1784990501.206950204, 0.720000000]: DiffDrive(ns = /r5/): <robotBaseFrame> = base_link
[DEBUG] [1784990501.206955433, 0.720000000]: DiffDrive(ns = /r5/): <publishWheelTF> = false
[DEBUG] [1784990501.206959557,[WARN] [1784990501.207024274, 0.720000000]: GazeboRosDiffDrive Plugin (ns = ) missing <publishTf>, defaults to 1
[INFO] [1784990498.276772, 0.000000]: Loading model XML from ros parameter robot_description_r5
[INFO] [1784990498.279511, 0.000000]: Waiting for service /gazebo/spawn_urdf_model
[INFO] [1784990498.582745, 0.373000]: Calling service /gazebo/spawn_urdf_model
[INFO] [1784990501.206589, 0.720000]: Spawn status: SpawnModel: Successfully spawned entity
[WARN] [1784990502.142557451, 0.880000000]: GazeboRosDiffDrive Plugin (ns = ) missing <publishTf>, defaults to 1
 0.720000000]: DiffDrive(ns = /r5/): <publishOdomTF> = false
[DEBUG] [1784990501.206974950, 0.720000000]: DiffDrive(ns = /r5/): <publishWheelJointState> = false
[DEBUG] [1784990501.206983866, 0.720000000]: DiffDrive(ns = /r5/): <wheelSeparation> = 0.29999999999999999
[DEBUG] [1784990501.206988679, 0.720000000]: DiffDrive(ns = /r5/): <wheelDiameter> = 0.17999999999999999
[DEBUG] [1784990501.206993099, 0.720000000]: DiffDrive(ns = /r5/): <wheelAcceleration> = 1.8
[DEBUG] [1784990501.206998301, 0.720000000]: DiffDrive(ns = /r5/): <wheelTorque> = 20
[DEBUG] [1784990501.207002983, 0.720000000]: DiffDrive(ns = /r5/): <updateRate> = 50
[DEBUG] [1784990501.207008693, 0.720000000]: DiffDrive(ns = /r5/): <odometrySource> = world := 1
[DEBUG] [1784990501.207013129, 0.720000000]: DiffDrive(ns = /r5/): <leftJoint> = left_hub_joint
[DEBUG] [1784990501.207017940, 0.720000000]: DiffDrive(ns = /r5/): <rightJoint> = right_hub_joint
[INFO] [1784990501.207038016, 0.720000000]: DiffDrive(ns = /r5/): Try to subscribe to cmd_vel
[INFO] [1784990501.208021999, 0.720000000]: DiffDrive(ns = /r5/): Subscribe to cmd_vel
[INFO] [1784990501.208148168, 0.720000000]: DiffDrive(ns = /r5/): Advertise odom on odom 
[INFO] [1784990501.208207718, 0.720000000]: GazeboRosJointStatePublisher is going to publish joint: chassis_swivel_joint
[INFO] [1784990501.208212149, 0.720000000]: GazeboRosJointStatePublisher is going to publish joint: swivel_wheel_joint
[INFO] [1784990501.208216798, 0.720000000]: GazeboRosJointStatePublisher is going to publish joint: left_hub_joint
[INFO] [1784990501.208220839, 0.720000000]: GazeboRosJointStatePublisher is going to publish joint: right_hub_joint
[INFO] [1784990501.208224711, 0.720000000]: Starting GazeboRosJointStatePublisher Plugin (ns = /r5/)!, parent name: r5
[INFO] [1784990501.529816197, 0.880000000]: Laser Plugin: The 'robotNamespace' param was empty
[INFO] [1784990501.529829747, 0.880000000]: Starting Laser Plugin (ns = r4)
[INFO] [1784990501.530200139, 0.880000000]: Laser Plugin (ns = r4)  <tf_prefix_>, set to ""
[INFO] [1784990502.140436373, 0.880000000]: Velodyne laser plugin missing <min_intensity>, defaults to no clipping
[INFO] [1784990502.140900094, 0.880000000]: Velodyne laser plugin ready, 16 lasers
[INFO] [1784990502.142133780, 0.880000000]: Starting plugin DiffDrive(ns = /r4/)
[DEBUG] [1784990502.142143536, 0.880000000]: DiffDrive(ns = /r4/): <rosDebugLevel> = Debug
[INFO] [1784990502.142153231, 0.880000000]: DiffDrive(ns = /r4/): <rosDebugLevel> = Debug
[INFO] [1784990502.142467084, 0.880000000]: DiffDrive(ns = /r4/): <tf_prefix> = 
[DEBUG] [1784990502.142477659, 0.880000000]: DiffDrive(ns = /r4/): <commandTopic> = cmd_vel
[DEBUG] [1784990502.142482205, 0.880000000]: DiffDrive(ns = /r4/): <odometryTopic> = odom
[DEBUG] [1784990502.142487266, 0.880000000]: DiffDrive(ns = /r4/): <odometryFrame> = odom
[DEBUG] [1784990502.142491661, 0.880000000]: DiffDrive(ns = /r4/): <robotBaseFrame> = base_link
[DEBUG] [1784990502.142497169, 0.880000000]: DiffDrive(ns = /r4/): <publishWheelTF> = false
[DEBUG] [1784990502.142501363, 0.880000000]: DiffDrive(ns = /r4/): <publishOdomTF> = false
[DEBUG] [1784990502.142506630, 0.880000000]: DiffDrive(ns = /r4/): <publishWheelJointState> = false
[DEBUG] [1784990502.142515134, 0.880000000]: DiffDrive(ns = /r4/): <wheelSeparation> = 0.29999999999999999
[DEBUG] [1784990502.142519938, 0.880000000]: DiffDrive(ns = /r4/): <wheelDiameter> = 0.17999999999999999
[DEBUG] [1784990502.142525642, 0.880000000]: DiffDrive(ns = /r4/): <wheelAcceleration> = 1.8
[DEBUG] [1784990502.142530844, 0.880000000]: DiffDrive(ns = /r4/): <wheelTorque> = 20
[DEBUG] [1784990502.142535643, 0.880000000]: DiffDrive(ns = /r4/): <updateRate> = 50
[DEBUG] [1784990502.142542324, 0.880000000]: DiffDrive(ns = /r4/): <odometrySource> = world := 1
[DEBUG] [1784990502.142546640, 0.880000000]: DiffDrive(ns = /r4/): <leftJoint> = left_hub_joint
[DEBUG] [1784990502.142551331, 0.880000000]: DiffDrive(ns = /r4/): <rightJoint> = right_hub_joint
[INFO] [1784990502.142578576, 0.880000000]: DiffDrive(ns = /r4/): Try to subscribe to[INFO] [1784990498.277253, 0.000000]: Loading model XML from ros parameter robot_description_r4
[INFO] [1784990498.280132, 0.000000]: Waiting for service /gazebo/spawn_urdf_model
[INFO] [1784990498.584005, 0.373000]: Calling service /gazebo/spawn_urdf_model
[INFO] [1784990502.142008, 0.880000]: Spawn status: SpawnModel: Successfully spawned entity
train_velodyne_td3_multi.py:882: FutureWarning: You are using `torch.load` with `weights_only=False` (the current default value), which uses the default pickle module implicitly. It is possible to construct malicious pickle data which will execute arbitrary code during unpickling (See https://github.com/pytorch/pytorch/blob/main/SECURITY.md#untrusted-models for more details). In a future release, the default value for `weights_only` will be flipped to `True`. This limits the functions that could be executed during unpickling. Arbitrary objects will no longer be allowed to be loaded via this mode unless they are explicitly allowlisted by the user via `torch.serialization.add_safe_globals`. We recommend you start setting `weights_only=True` for any use case where you don't have full control of the loaded file. Please open an issue on GitHub for any issues related to this experimental feature.
  actor_state = torch.load(
Loaded initial actor parameters from: TD3_velodyne_multi_v4_curriculum_stage2_to_5d_geo_critic_from_5a_guarded_best
Critic is newly initialized because actor-only warm start was requested.
Loaded frozen oracle weak Actor from: ./pytorch_models/TD3_velodyne_multi_v4_curriculum_stage2_to_5d_geo_critic_from_5a_guarded_best_actor.pth
==============================================
Training version: interaction-oracle-specialist-pilot-v6-focused-actor
Training process PID: 342944
Launchfile: multi_robot_scenario_strong_interaction_pilot_5.launch
Scenario mode: manifest
Manifest path: /home/jiutian/Local-Critic-Multi-Robot-Navigation-gate/experiments/04_保留专门化/05_论文主线/datasets/fixed_v1/views/strong_interaction_curriculum_v1/stage2_train.json.gz
Manifest sampling: random
Eval manifest path: /home/jiutian/Local-Critic-Multi-Robot-Navigation-gate/experiments/04_保留专门化/05_论文主线/datasets/fixed_v1/views/strong_interaction_curriculum_v1/validation.json.gz
Seed: 20260724
Device: cuda
GPU: NVIDIA GeForce RTX 4090
Agent names: r1, r2, r3, r4, r5
Cooperative reward: True
Cooperative reward mode: average
Cooperative reward self weight: 0.8
Distance-weighted reward: True
Distance reward sigma: 2.0
Interaction safe distance: 1.2
Interaction close penalty: 0.5
Interaction stagnation penalty: 0.05
Anti-stagnation reward: False
Anti-stagnation penalty: 0.2
Anti-stagnation linear threshold: 0.05
Anti-stagnation progress threshold: 0.005
Anti-stagnation min laser: 0.35
Forward reward weight: 0.0
Base stagnation penalty weight: 0.0
Wall-clearance reward: False
Wall-clearance safe distance: 0.75
Wall-clearance penalty: 1.5
Wall-clearance speed weight: 0.8
Wall-clearance turn weight: 0.4
Robot safe distance: 1.2
Robot proximity penalty weight: 5.0
Robot proximity speed penalty weight: 10.0
Robot clearance reward weight: 20.0
Robot clearance reward max gain: 0.1
Local-navigation reward: False
Local-navigation heading weight: 0.4
Local-navigation wrong-way penalty: 0.25
Local-navigation turn weight: 0.25
Local-navigation near-goal distance: 0.9
Local-navigation heading error: 0.5
Local critic enabled: True
Local critic geometry only: False
Local critic context mode: ego_motion
Active neighbors only: True
Actor state dim: 24
Critic state dim: 87
Local critic max neighbors: 9
Local critic context dim: 63
Best metric: full_success
Eval episodes: 140
Eval frequency agent samples: 20000
Eval protocol ID: eval-v1|scenario=manifest|episodes=140|max_steps=300|manifest_sha256=3b2646a842b777f8c60dca4c452cb78eb3a223ffe59139b8501797aa1d23d583|sampling=cycle|oracle_interaction_distance=2.000
Max epochs: 8
Actor learning rate: 1e-06
Actor train mode: full
Oracle interaction rollout: True
Oracle weak Actor: TD3_velodyne_multi_v4_curriculum_stage2_to_5d_geo_critic_from_5a_guarded_best
Oracle interaction distance: 2.0
Actor interaction-only updates: True
Critic interaction fraction: 0.75
Actor gradient gate: True
Actor gradient safety distance: 1.2
Actor gradient gate batch size: 512
Actor gradient gate min samples: 32
Critic safety ranking weight: 5.0
Critic safety ranking distance: 1.0
Critic safety ranking min closing speed: 0.1
Critic safety ranking linear delta: 0.4
Critic safety ranking margin: 0.1
Safety-focused Actor updates: True
Actor safety candidate batch size: 256
Actor safety min samples: 16
Actor safety distance: 1.0
Actor safety min closing speed: 0.1
Actor angular anchor weight: 2.0
Actor trainable parameters: 501802/501802
Critic learning rate: 8e-05
Actor update delay steps: 21000
Policy freq: 2
Actor anchor weight: 0.0
Actor Q normalization alpha: 0.0
Exploration noise: 0.08
Critic warmup exploration noise: 0.3
Exploration min: 0.03
Exploration decay steps: 80000
Exploration decay unit: environment steps
TensorBoard log dir: runs/multi_coop_Jul25_22-41-42_JiuTian-AI4090
Checkpoint path: ./checkpoints/interaction_focused_actor_from_5d_s20260725_latest.pt
Best checkpoint path: ./checkpoints/interaction_focused_actor_from_5d_s20260725_best.pt
Model prefix: interaction_focused_actor_from_5d_s20260725
Checkpoint interval episodes: 10
Resume mode: False
Starting agent samples: 0
Starting env steps: 0
Starting epoch: 1
==============================================
[WARN] [1784990503.037398524, 1.016000000]: GazeboRosDiffDrive Plugin (ns = ) missing <publishTf>, defaults to 1
[INFO] [1784990498.277063, 0.000000]: Loading model XML from ros parameter robot_description_r2
[INFO] [1784990498.281212, 0.000000]: Waiting for service /gazebo/spawn_urdf_model
[INFO] [1784990498.584520, 0.373000]: Calling service /gazebo/spawn_urdf_model
[INFO] [1784990503.036907, 1.016000]: Spawn status: SpawnModel: Successfully spawned entity
Episode 1 complete | agent_samples=93 | env_steps=36 | episode_env_steps=36 | episode_agent_samples=93 | mean_reward=98.103 | success=5/5 | collision=0/5 | mean_final_distance=0.246 | mean_progress=0.0123 | min_laser=0.412 | mean_lin=0.951 | mean_ang=0.502 | mean_robot_dist=inf | raw_reward=20.000 | adjusted_reward=20.000 | coop_agents=0/5 | mean_coop_neighbors=0.00 | active_neighbor_step_rate=0.785 | mean_active_neighbors_step=1.763 | max_active_neighbors_step=4 | interaction_reward=0.0000 | abs_interaction_reward=0.0000 | anti_stag_reward=0.0000 | abs_anti_stag_reward=0.0000 | wall_clear_reward=0.0000 | abs_wall_clear_reward=0.0000 | local_nav_reward=0.0000 | abs_local_nav_reward=0.0000 | robot_proximity_reward=-1.3127 | abs_robot_proximity_reward=1.3127 | robot_clearance_reward=0.0482 | context_neighbors_mean=1.83 | context_neighbors_max=4 | last_context_neighbors_mean=0.00 | last_context_neighbors_max=0 | actor_unlocked=0 | expl_noise=0.0800 | replay=93 | interaction_replay=69 | samples/sec=10.942
Episode 2 complete | agent_samples=175 | env_steps=78 | episode_env_steps=42 | episode_agent_samples=82 | mean_reward=23.262 | success=3/5 | collision=2/5 | mean_final_distance=0.816 | mean_progress=0.0197 | min_laser=0.300 | mean_lin=0.883 | mean_ang=0.600 | mean_robot_dist=inf | raw_reward=20.000 | adjusted_reward=20.000 | coop_agents=0/5 | mean_coop_neighbors=0.00 | active_neighbor_step_rate=0.585 | mean_active_neighbors_step=1.610 | max_active_neighbors_step=4 | interaction_reward=0.0000 | abs_interaction_reward=0.0000 | anti_stag_reward=0.0000 | abs_anti_stag_reward=0.0000 | wall_clear_reward=0.0000 | abs_wall_clear_reward=0.0000 | local_nav_reward=0.0000 | abs_local_nav_reward=0.0000 | robot_proximity_reward=-0.5600 | abs_robot_proximity_reward=0.5600 | robot_clearance_reward=0.0000 | context_neighbors_mean=1.61 | context_neighbors_max=4 | last_context_neighbors_mean=0.00 | last_context_neighbors_max=0 | actor_unlocked=0 | expl_noise=0.0800 | replay=175 | interaction_replay=89 | samples/sec=9.880
Episode 3 complete | agent_samples=302 | env_steps=160 | episode_env_steps=82 | episode_agent_samples=127 | mean_reward=110.611 | success=5/5 | collision=0/5 | mean_final_distance=0.253 | mean_progress=0.0017 | min_laser=0.432 | mean_lin=0.823 | mean_ang=0.353 | mean_robot_dist=inf | raw_reward=20.000 | adjusted_reward=20.000 | coop_agents=0/5 | mean_coop_neighbors=0.00 | active_neighbor_step_rate=0.425 | mean_active_neighbors_step=0.913 | max_active_neighbors_step=4 | interaction_reward=0.0000 | abs_interaction_reward=0.0000 | anti_stag_reward=0.0000 | abs_anti_stag_reward=0.0000 | wall_clear_reward=0.0000 | abs_wall_clear_reward=0.0000 | local_nav_reward=0.0000 | abs_local_nav_reward=0.0000 | robot_proximity_reward=-0.5299 | abs_robot_proximity_reward=0.5299 | robot_clearance_reward=0.0315 | context_neighbors_mean=0.96 | context_neighbors_max=4 | last_context_neighbors_mean=0.00 | last_context_neighbors_max=0 | actor_unlocked=0 | expl_noise=0.0799 | replay=302 | interaction_replay=138 | samples/sec=8.522
Episode 4 complete | agent_samples=393 | env_steps=200 | episode_env_steps=40 | episode_agent_samples=91 | mean_reward=25.911 | success=3/5 | collision=2/5 | mean_final_distance=0.369 | mean_progress=0.0058 | min_laser=0.308 | mean_lin=0.930 | mean_ang=-0.544 | mean_robot_dist=inf | raw_reward=20.000 | adjusted_reward=20.000 | coop_agents=0/5 | mean_coop_neighbors=0.00 | active_neighbor_step_rate=0.604 | mean_active_neighbors_step=1.538 | max_active_neighbors_step=4 | interaction_reward=0.0000 | abs_interaction_reward=0.0000 | anti_stag_reward=0.0000 | abs_anti_stag_reward=0.0000 | wall_clear_reward=0.0000 | abs_wall_clear_reward=0.0000 | local_nav_reward=0.0000 | abs_local_nav_reward=0.0000 | robot_proximity_reward=-0.4908 | abs_robot_proximity_reward=0.4908 | robot_clearance_reward=0.0000 | context_neighbors_mean=1.58 | context_neighbors_max=4 | last_context_neighbors_mean=0.00 | last_context_neighbors_max=0 | actor_unlocked=0 | expl_noise=0.0799 | replay=393 | interaction_replay=184 | samples/sec=8.900
Episode 5 complete | agent_samples=443 | env_steps=212 | episode_env_steps=12 | episode_agent_samples=50 | mean_reward=108.993 | success=5/5 | collision=0/5 | mean_final_distance=0.257 | mean_progress=0.0196 | min_laser=0.755 | mean_lin=0.903 | mean_ang=-0.200 | mean_robot_dist=inf | raw_reward=20.000 | adjusted_reward=20.000 | coop_agents=0/5 | mean_coop_neighbors=0.00 | active_neighbor_step_rate=0.740 | mean_active_neighbors_step=2.380 | max_active_neighbors_step=4 | interaction_reward=0.0000 | abs_interaction_reward=0.0000 | anti_stag_reward=0.0000 | abs_anti_stag_reward=0.0000 | wall_clear_reward=0.0000 | abs_wall_clear_reward=0.0000 | local_nav_reward=0.0000 | abs_local_nav_reward=0.0000 | robot_proximity_reward=-0.3186 | abs_robot_proximity_reward=0.3186 | robot_clearance_reward=0.0149 | context_neighbors_mean=2.48 | context_neighbors_max=4 | last_context_neighbors_mean=0.00 | last_context_neighbors_max=0 | actor_unlocked=0 | expl_noise=0.0799 | replay=443 | interaction_replay=219 | samples/sec=9.446
Status | epoch=1 | next_eval_in=19557 agent_samples | checkpoint_every=10 episodes | checkpoint=./checkpoints/interaction_focused_actor_from_5d_s20260725_latest.pt | model=interaction_focused_actor_from_5d_s20260725
Episode 6 complete | agent_samples=587 | env_steps=256 | episode_env_steps=44 | episode_agent_samples=144 | mean_reward=119.067 | success=5/5 | collision=0/5 | mean_final_distance=0.257 | mean_progress=0.0185 | min_laser=0.483 | mean_lin=0.754 | mean_ang=-0.972 | mean_robot_dist=inf | raw_reward=20.000 | adjusted_reward=20.000 | coop_agents=0/5 | mean_coop_neighbors=0.00 | active_neighbor_step_rate=0.917 | mean_active_neighbors_step=2.264 | max_active_neighbors_step=4 | interaction_reward=0.0000 | abs_interaction_reward=0.0000 | anti_stag_reward=0.0000 | abs_anti_stag_reward=0.0000 | wall_clear_reward=0.0000 | abs_wall_clear_reward=0.0000 | local_nav_reward=0.0000 | abs_local_nav_reward=0.0000 | robot_proximity_reward=-0.1044 | abs_robot_proximity_reward=0.1044 | robot_clearance_reward=0.0541 | context_neighbors_mean=2.28 | context_neighbors_max=4 | last_context_neighbors_mean=0.00 | last_context_neighbors_max=0 | actor_unlocked=0 | expl_noise=0.0798 | replay=587 | interaction_replay=273 | samples/sec=10.377
Episode 7 complete | agent_samples=660 | env_steps=279 | episode_env_steps=23 | episode_agent_samples=73 | mean_reward=106.634 | success=5/5 | collision=0/5 | mean_final_distance=0.271 | mean_progress=0.0127 | min_laser=0.613 | mean_lin=0.961 | mean_ang=0.167 | mean_robot_dist=inf | raw_reward=20.000 | adjusted_reward=20.000 | coop_agents=0/5 | mean_coop_neighbors=0.00 | active_neighbor_step_rate=0.781 | mean_active_neighbors_step=1.904 | max_active_neighbors_step=4 | interaction_reward=0.0000 | abs_interaction_reward=0.0000 | anti_stag_reward=0.0000 | abs_anti_stag_reward=0.0000 | wall_clear_reward=0.0000 | abs_wall_clear_reward=0.0000 | local_nav_reward=0.0000 | abs_local_nav_reward=0.0000 | robot_proximity_reward=-0.2803 | abs_robot_proximity_reward=0.2803 | robot_clearance_reward=0.0302 | context_neighbors_mean=2.00 | context_neighbors_max=4 | last_context_neighbors_mean=0.00 | last_context_neighbors_max=0 | actor_unlocked=0 | expl_noise=0.0798 | replay=660 | interaction_replay=325 | samples/sec=10.704
Episode 8 complete | agent_samples=762 | env_steps=319 | episode_env_steps=40 | episode_agent_samples=102 | mean_reward=108.785 | success=5/5 | collision=0/5 | mean_final_distance=0.262 | mean_progress=0.0061 | min_laser=0.624 | mean_lin=0.766 | mean_ang=-0.309 | mean_robot_dist=inf | raw_reward=20.000 | adjusted_reward=20.000 | coop_agents=0/5 | mean_coop_neighbors=0.00 | active_neighbor_step_rate=0.745 | mean_active_neighbors_step=1.255 | max_active_neighbors_step=4 | interaction_reward=0.0000 | abs_interaction_reward=0.0000 | anti_stag_reward=0.0000 | abs_anti_stag_reward=0.0000 | wall_clear_reward=0.0000 | abs_wall_clear_reward=0.0000 | local_nav_reward=0.0000 | abs_local_nav_reward=0.0000 | robot_proximity_reward=-0.1166 | abs_robot_proximity_reward=0.1166 | robot_clearance_reward=0.0337 | context_neighbors_mean=1.29 | context_neighbors_max=4 | last_context_neighbors_mean=0.00 | last_context_neighbors_max=0 | actor_unlocked=0 | expl_noise=0.0798 | replay=762 | interaction_replay=367 | samples/sec=10.822
Episode 9 complete | agent_samples=839 | env_steps=346 | episode_env_steps=27 | episode_agent_samples=77 | mean_reward=22.913 | success=3/5 | collision=2/5 | mean_final_distance=0.568 | mean_progress=0.0174 | min_laser=0.315 | mean_lin=0.964 | mean_ang=-0.554 | mean_robot_dist=inf | raw_reward=20.000 | adjusted_reward=20.000 | coop_agents=0/5 | mean_coop_neighbors=0.00 | active_neighbor_step_rate=0.532 | mean_active_neighbors_step=1.078 | max_active_neighbors_step=4 | interaction_reward=0.0000 | abs_interaction_reward=0.0000 | anti_stag_reward=0.0000 | abs_anti_stag_reward=0.0000 | wall_clear_reward=0.0000 | abs_wall_clear_reward=0.0000 | local_nav_reward=0.0000 | abs_local_nav_reward=0.0000 | robot_proximity_reward=-0.6720 | abs_robot_proximity_reward=0.6720 | robot_clearance_reward=0.0000 | context_neighbors_mean=1.10 | context_neighbors_max=4 | last_context_neighbors_mean=0.00 | last_context_neighbors_max=0 | actor_unlocked=0 | expl_noise=0.0798 | replay=839 | interaction_replay=398 | samples/sec=10.978
Episode 10 complete | agent_samples=931 | env_steps=398 | episode_env_steps=52 | episode_agent_samples=92 | mean_reward=70.963 | success=4/5 | collision=1/5 | mean_final_distance=0.474 | mean_progress=0.0009 | min_laser=0.346 | mean_lin=0.752 | mean_ang=0.251 | mean_robot_dist=inf | raw_reward=-20.000 | adjusted_reward=-20.000 | coop_agents=0/5 | mean_coop_neighbors=0.00 | active_neighbor_step_rate=0.500 | mean_active_neighbors_step=0.957 | max_active_neighbors_step=4 | interaction_reward=0.0000 | abs_interaction_reward=0.0000 | anti_stag_reward=0.0000 | abs_anti_stag_reward=0.0000 | wall_clear_reward=0.0000 | abs_wall_clear_reward=0.0000 | local_nav_reward=0.0000 | abs_local_nav_reward=0.0000 | robot_proximity_reward=-0.3429 | abs_robot_proximity_reward=0.3429 | robot_clearance_reward=0.0217 | context_neighbors_mean=1.03 | context_neighbors_max=4 | last_context_neighbors_mean=0.00 | last_context_neighbors_max=0 | actor_unlocked=0 | expl_noise=0.0798 | replay=931 | interaction_replay=443 | samples/sec=10.611
Status | epoch=1 | next_eval_in=19069 agent_samples | checkpoint_every=10 episodes | checkpoint=./checkpoints/interaction_focused_actor_from_5d_s20260725_latest.pt | model=interaction_focused_actor_from_5d_s20260725
Checkpoint saved: ./checkpoints/interaction_focused_actor_from_5d_s20260725_latest.pt
Episode 11 complete | agent_samples=1025 | env_steps=442 | episode_env_steps=44 | episode_agent_samples=94 | mean_reward=118.246 | success=5/5 | collision=0/5 | mean_final_distance=0.223 | mean_progress=0.0220 | min_laser=0.632 | mean_lin=1.000 | mean_ang=0.143 | mean_robot_dist=inf | raw_reward=20.000 | adjusted_reward=20.000 | coop_agents=0/5 | mean_coop_neighbors=0.00 | active_neighbor_step_rate=0.723 | mean_active_neighbors_step=1.649 | max_active_neighbors_step=4 | interaction_reward=0.0000 | abs_interaction_reward=0.0000 | anti_stag_reward=0.0000 | abs_anti_stag_reward=0.0000 | wall_clear_reward=0.0000 | abs_wall_clear_reward=0.0000 | local_nav_reward=0.0000 | abs_local_nav_reward=0.0000 | robot_proximity_reward=-0.1301 | abs_robot_proximity_reward=0.1301 | robot_clearance_reward=0.0213 | context_neighbors_mean=1.69 | context_neighbors_max=4 | last_context_neighbors_mean=0.00 | last_context_neighbors_max=0 | actor_unlocked=0 | expl_noise=0.0797 | replay=1025 | interaction_replay=470 | samples/sec=10.525
Episode 12 complete | agent_samples=1094 | env_steps=469 | episode_env_steps=27 | episode_agent_samples=69 | mean_reward=24.989 | success=3/5 | collision=2/5 | mean_final_distance=0.547 | mean_progress=0.0093 | min_laser=0.300 | mean_lin=0.468 | mean_ang=-0.199 | mean_robot_dist=inf | raw_reward=20.000 | adjusted_reward=20.000 | coop_agents=0/5 | mean_coop_neighbors=0.00 | active_neighbor_step_rate=0.580 | mean_active_neighbors_step=1.435 | max_active_neighbors_step=4 | interaction_reward=0.0000 | abs_interaction_reward=0.0000 | anti_stag_reward=0.0000 | abs_anti_stag_reward=0.0000 | wall_clear_reward=0.0000 | abs_wall_clear_reward=0.0000 | local_nav_reward=0.0000 | abs_local_nav_reward=0.0000 | robot_proximity_reward=-0.5288 | abs_robot_proximity_reward=0.5288 | robot_clearance_reward=0.0149 | context_neighbors_mean=1.51 | context_neighbors_max=4 | last_context_neighbors_mean=0.00 | last_context_neighbors_max=0 | actor_unlocked=0 | expl_noise=0.0797 | replay=1094 | interaction_replay=509 | samples/sec=10.590
Episode 13 complete | agent_samples=1187 | env_steps=513 | episode_env_steps=44 | episode_agent_samples=93 | mean_reward=115.664 | success=5/5 | collision=0/5 | mean_final_distance=0.257 | mean_progress=0.0198 | min_laser=0.609 | mean_lin=0.986 | mean_ang=0.018 | mean_robot_dist=inf | raw_reward=20.000 | adjusted_reward=20.000 | coop_agents=0/5 | mean_coop_neighbors=0.00 | active_neighbor_step_rate=0.710 | mean_active_neighbors_step=1.634 | max_active_neighbors_step=4 | interaction_reward=0.0000 | abs_interaction_reward=0.0000 | anti_stag_reward=0.0000 | abs_anti_stag_reward=0.0000 | wall_clear_reward=0.0000 | abs_wall_clear_reward=0.0000 | local_nav_reward=0.0000 | abs_local_nav_reward=0.0000 | robot_proximity_reward=0.0000 | abs_robot_proximity_reward=0.0000 | robot_clearance_reward=0.0000 | context_neighbors_mean=1.61 | context_neighbors_max=4 | last_context_neighbors_mean=0.00 | last_context_neighbors_max=0 | actor_unlocked=0 | expl_noise=0.0797 | replay=1187 | interaction_replay=514 | samples/sec=10.506
Episode 14 complete | agent_samples=1232 | env_steps=525 | episode_env_steps=12 | episode_agent_samples=45 | mean_reward=20.783 | success=3/5 | collision=2/5 | mean_final_distance=0.455 | mean_progress=0.0227 | min_laser=0.300 | mean_lin=0.893 | mean_ang=0.160 | mean_robot_dist=inf | raw_reward=20.000 | adjusted_reward=20.000 | coop_agents=0/5 | mean_coop_neighbors=0.00 | active_neighbor_step_rate=0.889 | mean_active_neighbors_step=2.222 | max_active_neighbors_step=4 | interaction_reward=0.0000 | abs_interaction_reward=0.0000 | anti_stag_reward=0.0000 | abs_anti_stag_reward=0.0000 | wall_clear_reward=0.0000 | abs_wall_clear_reward=0.0000 | local_nav_reward=0.0000 | abs_local_nav_reward=0.0000 | robot_proximity_reward=-1.2965 | abs_robot_proximity_reward=1.2965 | robot_clearance_reward=0.0000 | context_neighbors_mean=2.24 | context_neighbors_max=4 | last_context_neighbors_mean=0.00 | last_context_neighbors_max=0 | actor_unlocked=0 | expl_noise=0.0797 | replay=1232 | interaction_replay=554 | samples/sec=10.650
Episode 15 complete | agent_samples=1302 | env_steps=549 | episode_env_steps=24 | episode_agent_samples=70 | mean_reward=103.625 | success=5/5 | collision=0/5 | mean_final_distance=0.266 | mean_progress=0.0034 | min_laser=0.396 | mean_lin=0.839 | mean_ang=0.115 | mean_robot_dist=inf | raw_reward=20.000 | adjusted_reward=20.000 | coop_agents=0/5 | mean_coop_neighbors=0.00 | active_neighbor_step_rate=0.786 | mean_active_neighbors_step=1.757 | max_active_neighbors_step=3 | interaction_reward=0.0000 | abs_interaction_reward=0.0000 | anti_stag_reward=0.0000 | abs_anti_stag_reward=0.0000 | wall_clear_reward=0.0000 | abs_wall_clear_reward=0.0000 | local_nav_reward=0.0000 | abs_local_nav_reward=0.0000 | robot_proximity_reward=-0.7884 | abs_robot_proximity_reward=0.7884 | robot_clearance_reward=0.1216 | context_neighbors_mean=1.86 | context_neighbors_max=3 | last_context_neighbors_mean=0.00 | last_context_neighbors_max=0 | actor_unlocked=0 | expl_noise=0.0797 | replay=1302 | interaction_replay=610 | samples/sec=10.756
Status | epoch=1 | next_eval_in=18698 agent_samples | checkpoint_every=10 episodes | checkpoint=./checkpoints/interaction_focused_actor_from_5d_s20260725_latest.pt | model=interaction_focused_actor_from_5d_s20260725
Episode 16 complete | agent_samples=1355 | env_steps=562 | episode_env_steps=13 | episode_agent_samples=53 | mean_reward=114.277 | success=5/5 | collision=0/5 | mean_final_distance=0.263 | mean_progress=0.0109 | min_laser=0.649 | mean_lin=0.797 | mean_ang=-0.327 | mean_robot_dist=inf | raw_reward=20.000 | adjusted_reward=20.000 | coop_agents=0/5 | mean_coop_neighbors=0.00 | active_neighbor_step_rate=0.717 | mean_active_neighbors_step=1.585 | max_active_neighbors_step=4 | interaction_reward=0.0000 | abs_interaction_reward=0.0000 | anti_stag_reward=0.0000 | abs_anti_stag_reward=0.0000 | wall_clear_reward=0.0000 | abs_wall_clear_reward=0.0000 | local_nav_reward=0.0000 | abs_local_nav_reward=0.0000 | robot_proximity_reward=-0.1938 | abs_robot_proximity_reward=0.1938 | robot_clearance_reward=0.0755 | context_neighbors_mean=1.64 | context_neighbors_max=4 | last_context_neighbors_mean=0.00 | last_context_neighbors_max=0 | actor_unlocked=0 | expl_noise=0.0796 | replay=1355 | interaction_replay=647 | samples/sec=10.930
Episode 17 complete | agent_samples=1426 | env_steps=584 | episode_env_steps=22 | episode_agent_samples=71 | mean_reward=119.502 | success=5/5 | collision=0/5 | mean_final_distance=0.271 | mean_progress=0.0223 | min_laser=0.685 | mean_lin=1.000 | mean_ang=0.486 | mean_robot_dist=inf | raw_reward=20.000 | adjusted_reward=20.000 | coop_agents=0/5 | mean_coop_neighbors=0.00 | active_neighbor_step_rate=0.761 | mean_active_neighbors_step=1.225 | max_active_neighbors_step=3 | interaction_reward=0.0000 | abs_interaction_reward=0.0000 | anti_stag_reward=0.0000 | abs_anti_stag_reward=0.0000 | wall_clear_reward=0.0000 | abs_wall_clear_reward=0.0000 | local_nav_reward=0.0000 | abs_local_nav_reward=0.0000 | robot_proximity_reward=-0.1253 | abs_robot_proximity_reward=0.1253 | robot_clearance_reward=0.0282 | context_neighbors_mean=1.28 | context_neighbors_max=3 | last_context_neighbors_mean=0.00 | last_context_neighbors_max=0 | actor_unlocked=0 | expl_noise=0.0796 | replay=1426 | interaction_replay=680 | samples/sec=11.067
Episode 18 complete | agent_samples=1495 | env_steps=607 | episode_env_steps=23 | episode_agent_samples=69 | mean_reward=108.579 | success=5/5 | collision=0/5 | mean_final_distance=0.295 | mean_progress=0.0048 | min_laser=0.765 | mean_lin=1.000 | mean_ang=-0.469 | mean_robot_dist=inf | raw_reward=20.000 | adjusted_reward=20.000 | coop_agents=0/5 | mean_coop_neighbors=0.00 | active_neighbor_step_rate=0.783 | mean_active_neighbors_step=1.855 | max_active_neighbors_step=4 | interaction_reward=0.0000 | abs_interaction_reward=0.0000 | anti_stag_reward=0.0000 | abs_anti_stag_reward=0.0000 | wall_clear_reward=0.0000 | abs_wall_clear_reward=0.0000 | local_nav_reward=0.0000 | abs_local_nav_reward=0.0000 | robot_proximity_reward=-0.3758 | abs_robot_proximity_reward=0.3758 | robot_clearance_reward=0.0580 | context_neighbors_mean=2.00 | context_neighbors_max=4 | last_context_neighbors_mean=0.00 | last_context_neighbors_max=0 | actor_unlocked=0 | expl_noise=0.0796 | replay=1495 | interaction_replay=733 | samples/sec=11.156
Episode 19 complete | agent_samples=1551 | env_steps=625 | episode_env_steps=18 | episode_agent_samples=56 | mean_reward=25.902 | success=3/5 | collision=2/5 | mean_final_distance=0.447 | mean_progress=0.0128 | min_laser=0.300 | mean_lin=0.611 | mean_ang=-0.529 | mean_robot_dist=inf | raw_reward=20.000 | adjusted_reward=20.000 | coop_agents=0/5 | mean_coop_neighbors=0.00 | active_neighbor_step_rate=0.857 | mean_active_neighbors_step=2.018 | max_active_neighbors_step=4 | interaction_reward=0.0000 | abs_interaction_reward=0.0000 | anti_stag_reward=0.0000 | abs_anti_stag_reward=0.0000 | wall_clear_reward=0.0000 | abs_wall_clear_reward=0.0000 | local_nav_reward=0.0000 | abs_local_nav_reward=0.0000 | robot_proximity_reward=-0.6727 | abs_robot_proximity_reward=0.6727 | robot_clearance_reward=0.0000 | context_neighbors_mean=2.09 | context_neighbors_max=4 | last_context_neighbors_mean=0.00 | last_context_neighbors_max=0 | actor_unlocked=0 | expl_noise=0.0796 | replay=1551 | interaction_replay=773 | samples/sec=11.233
Episode 20 complete | agent_samples=1635 | env_steps=650 | episode_env_steps=25 | episode_agent_samples=84 | mean_reward=24.984 | success=3/5 | collision=2/5 | mean_final_distance=0.400 | mean_progress=0.0054 | min_laser=0.300 | mean_lin=0.464 | mean_ang=-0.938 | mean_robot_dist=inf | raw_reward=20.000 | adjusted_reward=20.000 | coop_agents=0/5 | mean_coop_neighbors=0.00 | active_neighbor_step_rate=0.690 | mean_active_neighbors_step=1.750 | max_active_neighbors_step=4 | interaction_reward=0.0000 | abs_interaction_reward=0.0000 | anti_stag_reward=0.0000 | abs_anti_stag_reward=0.0000 | wall_clear_reward=0.0000 | abs_wall_clear_reward=0.0000 | local_nav_reward=0.0000 | abs_local_nav_reward=0.0000 | robot_proximity_reward=-0.7037 | abs_robot_proximity_reward=0.7037 | robot_clearance_reward=0.0258 | context_neighbors_mean=1.81 | context_neighbors_max=4 | last_context_neighbors_mean=0.00 | last_context_neighbors_max=0 | actor_unlocked=0 | expl_noise=0.0796 | replay=1635 | interaction_replay=828 | samples/sec=11.376
Status | epoch=1 | next_eval_in=18365 agent_samples | checkpoint_every=10 episodes | checkpoint=./checkpoints/interaction_focused_actor_from_5d_s20260725_latest.pt | model=interaction_focused_actor_from_5d_s20260725
Checkpoint saved: ./checkpoints/interaction_focused_actor_from_5d_s20260725_latest.pt
Episode 21 complete | agent_samples=1677 | env_steps=659 | episode_env_steps=9 | episode_agent_samples=42 | mean_reward=23.403 | success=3/5 | collision=2/5 | mean_final_distance=0.535 | mean_progress=0.0508 | min_laser=0.300 | mean_lin=0.822 | mean_ang=0.876 | mean_robot_dist=1.810 | raw_reward=20.000 | adjusted_reward=20.000 | coop_agents=3/5 | mean_coop_neighbors=0.60 | active_neighbor_step_rate=0.857 | mean_active_neighbors_step=1.929 | max_active_neighbors_step=4 | interaction_reward=0.0000 | abs_interaction_reward=0.0000 | anti_stag_reward=0.0000 | abs_anti_stag_reward=0.0000 | wall_clear_reward=0.0000 | abs_wall_clear_reward=0.0000 | local_nav_reward=0.0000 | abs_local_nav_reward=0.0000 | robot_proximity_reward=-1.1277 | abs_robot_proximity_reward=1.1277 | robot_clearance_reward=0.0000 | context_neighbors_mean=2.00 | context_neighbors_max=4 | last_context_neighbors_mean=0.00 | last_context_neighbors_max=0 | actor_unlocked=0 | expl_noise=0.0796 | replay=1677 | interaction_replay=861 | samples/sec=11.494
Episode 22 complete | agent_samples=1743 | env_steps=690 | episode_env_steps=31 | episode_agent_samples=66 | mean_reward=19.445 | success=3/5 | collision=2/5 | mean_final_distance=0.689 | mean_progress=0.0037 | min_laser=0.303 | mean_lin=0.764 | mean_ang=-1.000 | mean_robot_dist=inf | raw_reward=20.000 | adjusted_reward=20.000 | coop_agents=0/5 | mean_coop_neighbors=0.00 | active_neighbor_step_rate=0.652 | mean_active_neighbors_step=1.788 | max_active_neighbors_step=4 | interaction_reward=0.0000 | abs_interaction_reward=0.0000 | anti_stag_reward=0.0000 | abs_anti_stag_reward=0.0000 | wall_clear_reward=0.0000 | abs_wall_clear_reward=0.0000 | local_nav_reward=0.0000 | abs_local_nav_reward=0.0000 | robot_proximity_reward=-0.6038 | abs_robot_proximity_reward=0.6038 | robot_clearance_reward=0.0000 | context_neighbors_mean=1.80 | context_neighbors_max=4 | last_context_neighbors_mean=0.00 | last_context_neighbors_max=0 | actor_unlocked=0 | expl_noise=0.0796 | replay=1743 | interaction_replay=889 | samples/sec=11.415
Episode 23 complete | agent_samples=1800 | env_steps=710 | episode_env_steps=20 | episode_agent_samples=57 | mean_reward=3.517 | success=3/5 | collision=2/5 | mean_final_distance=0.507 | mean_progress=0.0191 | min_laser=0.300 | mean_lin=0.934 | mean_ang=-0.164 | mean_robot_dist=inf | raw_reward=20.000 | adjusted_reward=20.000 | coop_agents=0/5 | mean_coop_neighbors=0.00 | active_neighbor_step_rate=0.737 | mean_active_neighbors_step=1.544 | max_active_neighbors_step=4 | interaction_reward=0.0000 | abs_interaction_reward=0.0000 | anti_stag_reward=0.0000 | abs_anti_stag_reward=0.0000 | wall_clear_reward=0.0000 | abs_wall_clear_reward=0.0000 | local_nav_reward=0.0000 | abs_local_nav_reward=0.0000 | robot_proximity_reward=-1.0808 | abs_robot_proximity_reward=1.0808 | robot_clearance_reward=0.0000 | context_neighbors_mean=1.61 | context_neighbors_max=4 | last_context_neighbors_mean=0.00 | last_context_neighbors_max=0 | actor_unlocked=0 | expl_noise=0.0796 | replay=1800 | interaction_replay=929 | samples/sec=11.448
Episode 24 complete | agent_samples=1857 | env_steps=731 | episode_env_steps=21 | episode_agent_samples=57 | mean_reward=15.788 | success=3/5 | collision=2/5 | mean_final_distance=0.555 | mean_progress=0.0193 | min_laser=0.300 | mean_lin=0.838 | mean_ang=-0.120 | mean_robot_dist=inf | raw_reward=20.000 | adjusted_reward=20.000 | coop_agents=0/5 | mean_coop_neighbors=0.00 | active_neighbor_step_rate=0.825 | mean_active_neighbors_step=2.105 | max_active_neighbors_step=4 | interaction_reward=0.0000 | abs_interaction_reward=0.0000 | anti_stag_reward=0.0000 | abs_anti_stag_reward=0.0000 | wall_clear_reward=0.0000 | abs_wall_clear_reward=0.0000 | local_nav_reward=0.0000 | abs_local_nav_reward=0.0000 | robot_proximity_reward=-1.6060 | abs_robot_proximity_reward=1.6060 | robot_clearance_reward=0.0065 | context_neighbors_mean=2.14 | context_neighbors_max=4 | last_context_neighbors_mean=0.00 | last_context_neighbors_max=0 | actor_unlocked=0 | expl_noise=0.0795 | replay=1857 | interaction_replay=976 | samples/sec=11.470
Episode 25 complete | agent_samples=1940 | env_steps=773 | episode_env_steps=42 | episode_agent_samples=83 | mean_reward=107.445 | success=5/5 | collision=0/5 | mean_final_distance=0.250 | mean_progress=0.0180 | min_laser=0.448 | mean_lin=0.977 | mean_ang=0.117 | mean_robot_dist=inf | raw_reward=20.000 | adjusted_reward=20.000 | coop_agents=0/5 | mean_coop_neighbors=0.00 | active_neighbor_step_rate=0.554 | mean_active_neighbors_step=1.482 | max_active_neighbors_step=4 | interaction_reward=0.0000 | abs_interaction_reward=0.0000 | anti_stag_reward=0.0000 | abs_anti_stag_reward=0.0000 | wall_clear_reward=0.0000 | abs_wall_clear_reward=0.0000 | local_nav_reward=0.0000 | abs_local_nav_reward=0.0000 | robot_proximity_reward=-0.4180 | abs_robot_proximity_reward=0.4180 | robot_clearance_reward=0.0401 | context_neighbors_mean=1.53 | context_neighbors_max=4 | last_context_neighbors_mean=0.00 | last_context_neighbors_max=0 | actor_unlocked=0 | expl_noise=0.0795 | replay=1940 | interaction_replay=1020 | samples/sec=11.337
Status | epoch=1 | next_eval_in=18060 agent_samples | checkpoint_every=10 episodes | checkpoint=./checkpoints/interaction_focused_actor_from_5d_s20260725_latest.pt | model=interaction_focused_actor_from_5d_s20260725
Episode 26 complete | agent_samples=2003 | env_steps=805 | episode_env_steps=32 | episode_agent_samples=63 | mean_reward=28.111 | success=3/5 | collision=2/5 | mean_final_distance=0.712 | mean_progress=0.0097 | min_laser=0.300 | mean_lin=0.800 | mean_ang=-0.450 | mean_robot_dist=inf | raw_reward=20.000 | adjusted_reward=20.000 | coop_agents=0/5 | mean_coop_neighbors=0.00 | active_neighbor_step_rate=0.381 | mean_active_neighbors_step=0.841 | max_active_neighbors_step=4 | interaction_reward=0.0000 | abs_interaction_reward=0.0000 | anti_stag_reward=0.0000 | abs_anti_stag_reward=0.0000 | wall_clear_reward=0.0000 | abs_wall_clear_reward=0.0000 | local_nav_reward=0.0000 | abs_local_nav_reward=0.0000 | robot_proximity_reward=-0.6329 | abs_robot_proximity_reward=0.6329 | robot_clearance_reward=0.0000 | context_neighbors_mean=0.84 | context_neighbors_max=4 | last_context_neighbors_mean=0.00 | last_context_neighbors_max=0 | actor_unlocked=0 | expl_noise=0.0795 | replay=2003 | interaction_replay=1028 | samples/sec=11.241
Episode 27 complete | agent_samples=2064 | env_steps=820 | episode_env_steps=15 | episode_agent_samples=61 | mean_reward=110.260 | success=5/5 | collision=0/5 | mean_final_distance=0.251 | mean_progress=0.0213 | min_laser=0.404 | mean_lin=0.787 | mean_ang=0.174 | mean_robot_dist=inf | raw_reward=20.000 | adjusted_reward=20.000 | coop_agents=0/5 | mean_coop_neighbors=0.00 | active_neighbor_step_rate=0.754 | mean_active_neighbors_step=1.689 | max_active_neighbors_step=4 | interaction_reward=0.0000 | abs_interaction_reward=0.0000 | anti_stag_reward=0.0000 | abs_anti_stag_reward=0.0000 | wall_clear_reward=0.0000 | abs_wall_clear_reward=0.0000 | local_nav_reward=0.0000 | abs_local_nav_reward=0.0000 | robot_proximity_reward=-0.9900 | abs_robot_proximity_reward=0.9900 | robot_clearance_reward=0.0656 | context_neighbors_mean=1.80 | context_neighbors_max=4 | last_context_neighbors_mean=0.00 | last_context_neighbors_max=0 | actor_unlocked=0 | expl_noise=0.0795 | replay=2064 | interaction_replay=1075 | samples/sec=11.365
Episode 28 complete | agent_samples=2175 | env_steps=867 | episode_env_steps=47 | episode_agent_samples=111 | mean_reward=111.886 | success=5/5 | collision=0/5 | mean_final_distance=0.260 | mean_progress=0.0129 | min_laser=0.625 | mean_lin=0.600 | mean_ang=-0.942 | mean_robot_dist=inf | raw_reward=20.000 | adjusted_reward=20.000 | coop_agents=0/5 | mean_coop_neighbors=0.00 | active_neighbor_step_rate=0.640 | mean_active_neighbors_step=1.000 | max_active_neighbors_step=4 | interaction_reward=0.0000 | abs_interaction_reward=0.0000 | anti_stag_reward=0.0000 | abs_anti_stag_reward=0.0000 | wall_clear_reward=0.0000 | abs_wall_clear_reward=0.0000 | local_nav_reward=0.0000 | abs_local_nav_reward=0.0000 | robot_proximity_reward=-0.1869 | abs_robot_proximity_reward=0.1869 | robot_clearance_reward=0.0360 | context_neighbors_mean=1.05 | context_neighbors_max=4 | last_context_neighbors_mean=0.00 | last_context_neighbors_max=0 | actor_unlocked=0 | expl_noise=0.0795 | replay=2175 | interaction_replay=1121 | samples/sec=11.339
Episode 29 complete | agent_samples=2229 | env_steps=884 | episode_env_steps=17 | episode_agent_samples=54 | mean_reward=27.280 | success=3/5 | collision=2/5 | mean_final_distance=0.844 | mean_progress=0.0167 | min_laser=0.300 | mean_lin=0.979 | mean_ang=-0.126 | mean_robot_dist=inf | raw_reward=20.000 | adjusted_reward=20.000 | coop_agents=0/5 | mean_coop_neighbors=0.00 | active_neighbor_step_rate=0.685 | mean_active_neighbors_step=1.667 | max_active_neighbors_step=4 | interaction_reward=0.0000 | abs_interaction_reward=0.0000 | anti_stag_reward=0.0000 | abs_anti_stag_reward=0.0000 | wall_clear_reward=0.0000 | abs_wall_clear_reward=0.0000 | local_nav_reward=0.0000 | abs_local_nav_reward=0.0000 | robot_proximity_reward=-1.1702 | abs_robot_proximity_reward=1.1702 | robot_clearance_reward=0.0000 | context_neighbors_mean=1.69 | context_neighbors_max=4 | last_context_neighbors_mean=0.00 | last_context_neighbors_max=0 | actor_unlocked=0 | expl_noise=0.0794 | replay=2229 | interaction_replay=1135 | samples/sec=11.394
Episode 30 complete | agent_samples=2290 | env_steps=905 | episode_env_steps=21 | episode_agent_samples=61 | mean_reward=109.630 | success=5/5 | collision=0/5 | mean_final_distance=0.256 | mean_progress=0.0086 | min_laser=0.623 | mean_lin=0.951 | mean_ang=0.120 | mean_robot_dist=inf | raw_reward=20.000 | adjusted_reward=20.000 | coop_agents=0/5 | mean_coop_neighbors=0.00 | active_neighbor_step_rate=0.787 | mean_active_neighbors_step=1.689 | max_active_neighbors_step=4 | interaction_reward=0.0000 | abs_interaction_reward=0.0000 | anti_stag_reward=0.0000 | abs_anti_stag_reward=0.0000 | wall_clear_reward=0.0000 | abs_wall_clear_reward=0.0000 | local_nav_reward=0.0000 | abs_local_nav_reward=0.0000 | robot_proximity_reward=-0.3932 | abs_robot_proximity_reward=0.3932 | robot_clearance_reward=0.1413 | context_neighbors_mean=1.84 | context_neighbors_max=4 | last_context_neighbors_mean=0.00 | last_context_neighbors_max=0 | actor_unlocked=0 | expl_noise=0.0794 | replay=2290 | interaction_replay=1172 | samples/sec=11.432
Status | epoch=1 | next_eval_in=17710 agent_samples | checkpoint_every=10 episodes | checkpoint=./checkpoints/interaction_focused_actor_from_5d_s20260725_latest.pt | model=interaction_focused_actor_from_5d_s20260725
Checkpoint saved: ./checkpoints/interaction_focused_actor_from_5d_s20260725_latest.pt
Episode 31 complete | agent_samples=2339 | env_steps=918 | episode_env_steps=13 | episode_agent_samples=49 | mean_reward=58.727 | success=4/5 | collision=1/5 | mean_final_distance=0.567 | mean_progress=0.0223 | min_laser=0.338 | mean_lin=0.782 | mean_ang=0.472 | mean_robot_dist=inf | raw_reward=20.000 | adjusted_reward=20.000 | coop_agents=0/5 | mean_coop_neighbors=0.00 | active_neighbor_step_rate=0.898 | mean_active_neighbors_step=2.245 | max_active_neighbors_step=4 | interaction_reward=0.0000 | abs_interaction_reward=0.0000 | anti_stag_reward=0.0000 | abs_anti_stag_reward=0.0000 | wall_clear_reward=0.0000 | abs_wall_clear_reward=0.0000 | local_nav_reward=0.0000 | abs_local_nav_reward=0.0000 | robot_proximity_reward=-0.9279 | abs_robot_proximity_reward=0.9279 | robot_clearance_reward=0.0000 | context_neighbors_mean=2.24 | context_neighbors_max=4 | last_context_neighbors_mean=0.00 | last_context_neighbors_max=0 | actor_unlocked=0 | expl_noise=0.0794 | replay=2339 | interaction_replay=1216 | samples/sec=11.501
Episode 32 complete | agent_samples=2489 | env_steps=985 | episode_env_steps=67 | episode_agent_samples=150 | mean_reward=114.629 | success=5/5 | collision=0/5 | mean_final_distance=0.239 | mean_progress=0.0099 | min_laser=0.359 | mean_lin=0.926 | mean_ang=-0.201 | mean_robot_dist=inf | raw_reward=20.000 | adjusted_reward=20.000 | coop_agents=0/5 | mean_coop_neighbors=0.00 | active_neighbor_step_rate=0.647 | mean_active_neighbors_step=1.800 | max_active_neighbors_step=4 | interaction_reward=0.0000 | abs_interaction_reward=0.0000 | anti_stag_reward=0.0000 | abs_anti_stag_reward=0.0000 | wall_clear_reward=0.0000 | abs_wall_clear_reward=0.0000 | local_nav_reward=0.0000 | abs_local_nav_reward=0.0000 | robot_proximity_reward=-0.2615 | abs_robot_proximity_reward=0.2615 | robot_clearance_reward=0.0742 | context_neighbors_mean=1.83 | context_neighbors_max=4 | last_context_neighbors_mean=0.00 | last_context_neighbors_max=0 | actor_unlocked=0 | expl_noise=0.0794 | replay=2489 | interaction_replay=1263 | samples/sec=11.418
Episode 33 complete | agent_samples=2551 | env_steps=1002 | episode_env_steps=17 | episode_agent_samples=62 | mean_reward=123.959 | success=5/5 | collision=0/5 | mean_final_distance=0.277 | mean_progress=0.0162 | min_laser=0.810 | mean_lin=1.000 | mean_ang=-0.202 | mean_robot_dist=inf | raw_reward=20.000 | adjusted_reward=20.000 | coop_agents=0/5 | mean_coop_neighbors=0.00 | active_neighbor_step_rate=0.839 | mean_active_neighbors_step=2.000 | max_active_neighbors_step=4 | interaction_reward=0.0000 | abs_interaction_reward=0.0000 | anti_stag_reward=0.0000 | abs_anti_stag_reward=0.0000 | wall_clear_reward=0.0000 | abs_wall_clear_reward=0.0000 | local_nav_reward=0.0000 | abs_local_nav_reward=0.0000 | robot_proximity_reward=-0.0171 | abs_robot_proximity_reward=0.0171 | robot_clearance_reward=0.0000 | context_neighbors_mean=2.13 | context_neighbors_max=4 | last_context_neighbors_mean=0.00 | last_context_neighbors_max=0 | actor_unlocked=0 | expl_noise=0.0794 | replay=2551 | interaction_replay=1315 | samples/sec=11.497
Episode 34 complete | agent_samples=2598 | env_steps=1012 | episode_env_steps=10 | episode_agent_samples=47 | mean_reward=71.197 | success=4/5 | collision=1/5 | mean_final_distance=0.450 | mean_progress=0.0182 | min_laser=0.300 | mean_lin=0.514 | mean_ang=-0.663 | mean_robot_dist=inf | raw_reward=0.000 | adjusted_reward=8.000 | coop_agents=1/5 | mean_coop_neighbors=0.20 | active_neighbor_step_rate=0.957 | mean_active_neighbors_step=2.468 | max_active_neighbors_step=4 | interaction_reward=0.0000 | abs_interaction_reward=0.0000 | anti_stag_reward=0.0000 | abs_anti_stag_reward=0.0000 | wall_clear_reward=0.0000 | abs_wall_clear_reward=0.0000 | local_nav_reward=0.0000 | abs_local_nav_reward=0.0000 | robot_proximity_reward=-0.7182 | abs_robot_proximity_reward=0.7182 | robot_clearance_reward=0.0426 | context_neighbors_mean=2.55 | context_neighbors_max=4 | last_context_neighbors_mean=0.00 | last_context_neighbors_max=0 | actor_unlocked=0 | expl_noise=0.0794 | replay=2598 | interaction_replay=1359 | samples/sec=11.590
Episode 35 complete | agent_samples=2710 | env_steps=1059 | episode_env_steps=47 | episode_agent_samples=112 | mean_reward=34.536 | success=3/5 | collision=2/5 | mean_final_distance=0.524 | mean_progress=0.0125 | min_laser=0.301 | mean_lin=0.604 | mean_ang=-0.462 | mean_robot_dist=inf | raw_reward=20.000 | adjusted_reward=20.000 | coop_agents=0/5 | mean_coop_neighbors=0.00 | active_neighbor_step_rate=0.741 | mean_active_neighbors_step=1.938 | max_active_neighbors_step=4 | interaction_reward=0.0000 | abs_interaction_reward=0.0000 | anti_stag_reward=0.0000 | abs_anti_stag_reward=0.0000 | wall_clear_reward=0.0000 | abs_wall_clear_reward=0.0000 | local_nav_reward=0.0000 | abs_local_nav_reward=0.0000 | robot_proximity_reward=-0.4650 | abs_robot_proximity_reward=0.4650 | robot_clearance_reward=0.0511 | context_neighbors_mean=1.97 | context_neighbors_max=4 | last_context_neighbors_mean=0.00 | last_context_neighbors_max=0 | actor_unlocked=0 | expl_noise=0.0793 | replay=2710 | interaction_replay=1388 | samples/sec=11.560
Status | epoch=1 | next_eval_in=17290 agent_samples | checkpoint_every=10 episodes | checkpoint=./checkpoints/interaction_focused_actor_from_5d_s20260725_latest.pt | model=interaction_focused_actor_from_5d_s20260725
Episode 36 complete | agent_samples=2768 | env_steps=1074 | episode_env_steps=15 | episode_agent_samples=58 | mean_reward=108.723 | success=5/5 | collision=0/5 | mean_final_distance=0.246 | mean_progress=0.0138 | min_laser=0.422 | mean_lin=0.981 | mean_ang=0.945 | mean_robot_dist=inf | raw_reward=20.000 | adjusted_reward=20.000 | coop_agents=0/5 | mean_coop_neighbors=0.00 | active_neighbor_step_rate=0.897 | mean_active_neighbors_step=2.190 | max_active_neighbors_step=4 | interaction_reward=0.0000 | abs_interaction_reward=0.0000 | anti_stag_reward=0.0000 | abs_anti_stag_reward=0.0000 | wall_clear_reward=0.0000 | abs_wall_clear_reward=0.0000 | local_nav_reward=0.0000 | abs_local_nav_reward=0.0000 | robot_proximity_reward=-0.6123 | abs_robot_proximity_reward=0.6123 | robot_clearance_reward=0.0785 | context_neighbors_mean=2.28 | context_neighbors_max=4 | last_context_neighbors_mean=0.00 | last_context_neighbors_max=0 | actor_unlocked=0 | expl_noise=0.0793 | replay=2768 | interaction_replay=1440 | samples/sec=11.638
Episode 37 complete | agent_samples=2823 | env_steps=1090 | episode_env_steps=16 | episode_agent_samples=55 | mean_reward=39.959 | success=3/5 | collision=2/5 | mean_final_distance=0.438 | mean_progress=0.0208 | min_laser=0.300 | mean_lin=0.749 | mean_ang=-0.558 | mean_robot_dist=inf | raw_reward=20.000 | adjusted_reward=20.000 | coop_agents=0/5 | mean_coop_neighbors=0.00 | active_neighbor_step_rate=0.709 | mean_active_neighbors_step=1.382 | max_active_neighbors_step=4 | interaction_reward=0.0000 | abs_interaction_reward=0.0000 | anti_stag_reward=0.0000 | abs_anti_stag_reward=0.0000 | wall_clear_reward=0.0000 | abs_wall_clear_reward=0.0000 | local_nav_reward=0.0000 | abs_local_nav_reward=0.0000 | robot_proximity_reward=-0.5387 | abs_robot_proximity_reward=0.5387 | robot_clearance_reward=0.0000 | context_neighbors_mean=1.38 | context_neighbors_max=4 | last_context_neighbors_mean=0.00 | last_context_neighbors_max=0 | actor_unlocked=0 | expl_noise=0.0793 | replay=2823 | interaction_replay=1463 | samples/sec=11.694
Episode 38 complete | agent_samples=2876 | env_steps=1102 | episode_env_steps=12 | episode_agent_samples=53 | mean_reward=20.499 | success=3/5 | collision=2/5 | mean_final_distance=0.447 | mean_progress=0.0167 | min_laser=0.300 | mean_lin=1.000 | mean_ang=0.115 | mean_robot_dist=inf | raw_reward=-20.000 | adjusted_reward=-20.000 | coop_agents=0/5 | mean_coop_neighbors=0.00 | active_neighbor_step_rate=0.943 | mean_active_neighbors_step=2.283 | max_active_neighbors_step=4 | interaction_reward=0.0000 | abs_interaction_reward=0.0000 | anti_stag_reward=0.0000 | abs_anti_stag_reward=0.0000 | wall_clear_reward=0.0000 | abs_wall_clear_reward=0.0000 | local_nav_reward=0.0000 | abs_local_nav_reward=0.0000 | robot_proximity_reward=-0.6369 | abs_robot_proximity_reward=0.6369 | robot_clearance_reward=0.0000 | context_neighbors_mean=2.34 | context_neighbors_max=4 | last_context_neighbors_mean=0.00 | last_context_neighbors_max=0 | actor_unlocked=0 | expl_noise=0.0793 | replay=2876 | interaction_replay=1508 | samples/sec=11.781
Episode 39 complete | agent_samples=2949 | env_steps=1128 | episode_env_steps=26 | episode_agent_samples=73 | mean_reward=109.973 | success=5/5 | collision=0/5 | mean_final_distance=0.264 | mean_progress=0.0084 | min_laser=0.397 | mean_lin=0.804 | mean_ang=0.516 | mean_robot_dist=inf | raw_reward=20.000 | adjusted_reward=20.000 | coop_agents=0/5 | mean_coop_neighbors=0.00 | active_neighbor_step_rate=0.575 | mean_active_neighbors_step=0.932 | max_active_neighbors_step=3 | interaction_reward=0.0000 | abs_interaction_reward=0.0000 | anti_stag_reward=0.0000 | abs_anti_stag_reward=0.0000 | wall_clear_reward=0.0000 | abs_wall_clear_reward=0.0000 | local_nav_reward=0.0000 | abs_local_nav_reward=0.0000 | robot_proximity_reward=-0.1952 | abs_robot_proximity_reward=0.1952 | robot_clearance_reward=0.0416 | context_neighbors_mean=1.00 | context_neighbors_max=4 | last_context_neighbors_mean=0.00 | last_context_neighbors_max=0 | actor_unlocked=0 | expl_noise=0.0793 | replay=2949 | interaction_replay=1533 | samples/sec=11.801
Episode 40 complete | agent_samples=3036 | env_steps=1157 | episode_env_steps=29 | episode_agent_samples=87 | mean_reward=59.852 | success=4/5 | collision=1/5 | mean_final_distance=0.612 | mean_progress=0.0100 | min_laser=0.325 | mean_lin=0.926 | mean_ang=-0.046 | mean_robot_dist=inf | raw_reward=20.000 | adjusted_reward=20.000 | coop_agents=0/5 | mean_coop_neighbors=0.00 | active_neighbor_step_rate=0.782 | mean_active_neighbors_step=1.770 | max_active_neighbors_step=4 | interaction_reward=0.0000 | abs_interaction_reward=0.0000 | anti_stag_reward=0.0000 | abs_anti_stag_reward=0.0000 | wall_clear_reward=0.0000 | abs_wall_clear_reward=0.0000 | local_nav_reward=0.0000 | abs_local_nav_reward=0.0000 | robot_proximity_reward=-0.8852 | abs_robot_proximity_reward=0.8852 | robot_clearance_reward=0.1324 | context_neighbors_mean=1.80 | context_neighbors_max=4 | last_context_neighbors_mean=0.00 | last_context_neighbors_max=0 | actor_unlocked=0 | expl_noise=0.0793 | replay=3036 | interaction_replay=1568 | samples/sec=11.843
Status | epoch=1 | next_eval_in=16964 agent_samples | checkpoint_every=10 episodes | checkpoint=./checkpoints/interaction_focused_actor_from_5d_s20260725_latest.pt | model=interaction_focused_actor_from_5d_s20260725
Checkpoint saved: ./checkpoints/interaction_focused_actor_from_5d_s20260725_latest.pt
Episode 41 complete | agent_samples=3127 | env_steps=1193 | episode_env_steps=36 | episode_agent_samples=91 | mean_reward=82.377 | success=4/5 | collision=1/5 | mean_final_distance=0.511 | mean_progress=0.0126 | min_laser=0.344 | mean_lin=0.788 | mean_ang=0.161 | mean_robot_dist=inf | raw_reward=20.000 | adjusted_reward=20.000 | coop_agents=0/5 | mean_coop_neighbors=0.00 | active_neighbor_step_rate=0.714 | mean_active_neighbors_step=1.473 | max_active_neighbors_step=4 | interaction_reward=0.0000 | abs_interaction_reward=0.0000 | anti_stag_reward=0.0000 | abs_anti_stag_reward=0.0000 | wall_clear_reward=0.0000 | abs_wall_clear_reward=0.0000 | local_nav_reward=0.0000 | abs_local_nav_reward=0.0000 | robot_proximity_reward=-0.3881 | abs_robot_proximity_reward=0.3881 | robot_clearance_reward=0.0220 | context_neighbors_mean=1.52 | context_neighbors_max=4 | last_context_neighbors_mean=0.00 | last_context_neighbors_max=0 | actor_unlocked=0 | expl_noise=0.0793 | replay=3127 | interaction_replay=1591 | samples/sec=11.826
Episode 42 complete | agent_samples=3291 | env_steps=1304 | episode_env_steps=111 | episode_agent_samples=164 | mean_reward=75.807 | success=4/5 | collision=1/5 | mean_final_distance=0.300 | mean_progress=0.0060 | min_laser=0.323 | mean_lin=0.791 | mean_ang=0.352 | mean_robot_dist=inf | raw_reward=20.000 | adjusted_reward=20.000 | coop_agents=0/5 | mean_coop_neighbors=0.00 | active_neighbor_step_rate=0.366 | mean_active_neighbors_step=0.841 | max_active_neighbors_step=4 | interaction_reward=0.0000 | abs_interaction_reward=0.0000 | anti_stag_reward=0.0000 | abs_anti_stag_reward=0.0000 | wall_clear_reward=0.0000 | abs_wall_clear_reward=0.0000 | local_nav_reward=0.0000 | abs_local_nav_reward=0.0000 | robot_proximity_reward=-0.2432 | abs_robot_proximity_reward=0.2432 | robot_clearance_reward=0.0187 | context_neighbors_mean=0.88 | context_neighbors_max=4 | last_context_neighbors_mean=0.00 | last_context_neighbors_max=0 | actor_unlocked=0 | expl_noise=0.0792 | replay=3291 | interaction_replay=1650 | samples/sec=11.411
Episode 43 complete | agent_samples=3439 | env_steps=1374 | episode_env_steps=70 | episode_agent_samples=148 | mean_reward=113.017 | success=5/5 | collision=0/5 | mean_final_distance=0.258 | mean_progress=0.0047 | min_laser=0.356 | mean_lin=0.987 | mean_ang=0.081 | mean_robot_dist=inf | raw_reward=20.000 | adjusted_reward=20.000 | coop_agents=0/5 | mean_coop_neighbors=0.00 | active_neighbor_step_rate=0.568 | mean_active_neighbors_step=1.115 | max_active_neighbors_step=4 | interaction_reward=0.0000 | abs_interaction_reward=0.0000 | anti_stag_reward=0.0000 | abs_anti_stag_reward=0.0000 | wall_clear_reward=0.0000 | abs_wall_clear_reward=0.0000 | local_nav_reward=0.0000 | abs_local_nav_reward=0.0000 | robot_proximity_reward=-0.2316 | abs_robot_proximity_reward=0.2316 | robot_clearance_reward=0.0245 | context_neighbors_mean=1.13 | context_neighbors_max=4 | last_context_neighbors_mean=0.00 | last_context_neighbors_max=0 | actor_unlocked=0 | expl_noise=0.0791 | replay=3439 | interaction_replay=1707 | samples/sec=11.322
Episode 44 complete | agent_samples=3497 | env_steps=1397 | episode_env_steps=23 | episode_agent_samples=58 | mean_reward=67.844 | success=4/5 | collision=1/5 | mean_final_distance=0.289 | mean_progress=0.0212 | min_laser=0.325 | mean_lin=0.963 | mean_ang=-0.528 | mean_robot_dist=inf | raw_reward=20.000 | adjusted_reward=20.000 | coop_agents=0/5 | mean_coop_neighbors=0.00 | active_neighbor_step_rate=0.638 | mean_active_neighbors_step=1.431 | max_active_neighbors_step=4 | interaction_reward=0.0000 | abs_interaction_reward=0.0000 | anti_stag_reward=0.0000 | abs_anti_stag_reward=0.0000 | wall_clear_reward=0.0000 | abs_wall_clear_reward=0.0000 | local_nav_reward=0.0000 | abs_local_nav_reward=0.0000 | robot_proximity_reward=-0.7965 | abs_robot_proximity_reward=0.7965 | robot_clearance_reward=0.0390 | context_neighbors_mean=1.48 | context_neighbors_max=4 | last_context_neighbors_mean=0.00 | last_context_neighbors_max=0 | actor_unlocked=0 | expl_noise=0.0791 | replay=3497 | interaction_replay=1744 | samples/sec=11.322
Episode 45 complete | agent_samples=3553 | env_steps=1411 | episode_env_steps=14 | episode_agent_samples=56 | mean_reward=30.957 | success=3/5 | collision=2/5 | mean_final_distance=0.522 | mean_progress=0.0186 | min_laser=0.300 | mean_lin=0.803 | mean_ang=-0.519 | mean_robot_dist=inf | raw_reward=20.000 | adjusted_reward=20.000 | coop_agents=0/5 | mean_coop_neighbors=0.00 | active_neighbor_step_rate=0.893 | mean_active_neighbors_step=2.250 | max_active_neighbors_step=4 | interaction_reward=0.0000 | abs_interaction_reward=0.0000 | anti_stag_reward=0.0000 | abs_anti_stag_reward=0.0000 | wall_clear_reward=0.0000 | abs_wall_clear_reward=0.0000 | local_nav_reward=0.0000 | abs_local_nav_reward=0.0000 | robot_proximity_reward=-1.0471 | abs_robot_proximity_reward=1.0471 | robot_clearance_reward=0.0985 | context_neighbors_mean=2.39 | context_neighbors_max=4 | last_context_neighbors_mean=0.00 | last_context_neighbors_max=0 | actor_unlocked=0 | expl_noise=0.0791 | replay=3553 | interaction_replay=1792 | samples/sec=11.386
Status | epoch=1 | next_eval_in=16447 agent_samples | checkpoint_every=10 episodes | checkpoint=./checkpoints/interaction_focused_actor_from_5d_s20260725_latest.pt | model=interaction_focused_actor_from_5d_s20260725
Episode 46 complete | agent_samples=3596 | env_steps=1421 | episode_env_steps=10 | episode_agent_samples=43 | mean_reward=65.173 | success=4/5 | collision=1/5 | mean_final_distance=0.427 | mean_progress=0.0213 | min_laser=0.301 | mean_lin=0.931 | mean_ang=-0.211 | mean_robot_dist=inf | raw_reward=-20.000 | adjusted_reward=-20.000 | coop_agents=0/5 | mean_coop_neighbors=0.00 | active_neighbor_step_rate=0.860 | mean_active_neighbors_step=2.116 | max_active_neighbors_step=4 | interaction_reward=0.0000 | abs_interaction_reward=0.0000 | anti_stag_reward=0.0000 | abs_anti_stag_reward=0.0000 | wall_clear_reward=0.0000 | abs_wall_clear_reward=0.0000 | local_nav_reward=0.0000 | abs_local_nav_reward=0.0000 | robot_proximity_reward=-0.7016 | abs_robot_proximity_reward=0.7016 | robot_clearance_reward=0.0095 | context_neighbors_mean=2.21 | context_neighbors_max=4 | last_context_neighbors_mean=0.00 | last_context_neighbors_max=0 | actor_unlocked=0 | expl_noise=0.0791 | replay=3596 | interaction_replay=1829 | samples/sec=11.439
Episode 47 complete | agent_samples=3636 | env_steps=1431 | episode_env_steps=10 | episode_agent_samples=40 | mean_reward=23.787 | success=3/5 | collision=2/5 | mean_final_distance=0.475 | mean_progress=0.0193 | min_laser=0.300 | mean_lin=0.726 | mean_ang=0.122 | mean_robot_dist=inf | raw_reward=20.000 | adjusted_reward=20.000 | coop_agents=0/5 | mean_coop_neighbors=0.00 | active_neighbor_step_rate=0.675 | mean_active_neighbors_step=1.675 | max_active_neighbors_step=4 | interaction_reward=0.0000 | abs_interaction_reward=0.0000 | anti_stag_reward=0.0000 | abs_anti_stag_reward=0.0000 | wall_clear_reward=0.0000 | abs_wall_clear_reward=0.0000 | local_nav_reward=0.0000 | abs_local_nav_reward=0.0000 | robot_proximity_reward=-0.7230 | abs_robot_proximity_reward=0.7230 | robot_clearance_reward=0.0000 | context_neighbors_mean=1.82 | context_neighbors_max=4 | last_context_neighbors_mean=0.00 | last_context_neighbors_max=0 | actor_unlocked=0 | expl_noise=0.0791 | replay=3636 | interaction_replay=1858 | samples/sec=11.481
Episode 48 complete | agent_samples=3739 | env_steps=1469 | episode_env_steps=38 | episode_agent_samples=103 | mean_reward=114.903 | success=5/5 | collision=0/5 | mean_final_distance=0.235 | mean_progress=0.0175 | min_laser=0.697 | mean_lin=0.716 | mean_ang=0.081 | mean_robot_dist=inf | raw_reward=20.000 | adjusted_reward=20.000 | coop_agents=0/5 | mean_coop_neighbors=0.00 | active_neighbor_step_rate=0.748 | mean_active_neighbors_step=1.398 | max_active_neighbors_step=4 | interaction_reward=0.0000 | abs_interaction_reward=0.0000 | anti_stag_reward=0.0000 | abs_anti_stag_reward=0.0000 | wall_clear_reward=0.0000 | abs_wall_clear_reward=0.0000 | local_nav_reward=0.0000 | abs_local_nav_reward=0.0000 | robot_proximity_reward=-0.2506 | abs_robot_proximity_reward=0.2506 | robot_clearance_reward=0.1215 | context_neighbors_mean=1.45 | context_neighbors_max=4 | last_context_neighbors_mean=0.00 | last_context_neighbors_max=0 | actor_unlocked=0 | expl_noise=0.0791 | replay=3739 | interaction_replay=1936 | samples/sec=11.502
Episode 49 complete | agent_samples=3797 | env_steps=1489 | episode_env_steps=20 | episode_agent_samples=58 | mean_reward=24.970 | success=3/5 | collision=2/5 | mean_final_distance=0.499 | mean_progress=0.0207 | min_laser=0.300 | mean_lin=0.821 | mean_ang=0.470 | mean_robot_dist=inf | raw_reward=20.000 | adjusted_reward=20.000 | coop_agents=0/5 | mean_coop_neighbors=0.00 | active_neighbor_step_rate=0.690 | mean_active_neighbors_step=1.914 | max_active_neighbors_step=4 | interaction_reward=0.0000 | abs_interaction_reward=0.0000 | anti_stag_reward=0.0000 | abs_anti_stag_reward=0.0000 | wall_clear_reward=0.0000 | abs_wall_clear_reward=0.0000 | local_nav_reward=0.0000 | abs_local_nav_reward=0.0000 | robot_proximity_reward=-0.8500 | abs_robot_proximity_reward=0.8500 | robot_clearance_reward=0.0072 | context_neighbors_mean=2.00 | context_neighbors_max=4 | last_context_neighbors_mean=0.00 | last_context_neighbors_max=0 | actor_unlocked=0 | expl_noise=0.0791 | replay=3797 | interaction_replay=1973 | samples/sec=11.522
Episode 50 complete | agent_samples=3899 | env_steps=1557 | episode_env_steps=68 | episode_agent_samples=102 | mean_reward=-18.381 | success=2/5 | collision=3/5 | mean_final_distance=0.898 | mean_progress=0.0176 | min_laser=0.301 | mean_lin=0.793 | mean_ang=-0.162 | mean_robot_dist=inf | raw_reward=20.000 | adjusted_reward=20.000 | coop_agents=0/5 | mean_coop_neighbors=0.00 | active_neighbor_step_rate=0.333 | mean_active_neighbors_step=1.088 | max_active_neighbors_step=4 | interaction_reward=0.0000 | abs_interaction_reward=0.0000 | anti_stag_reward=0.0000 | abs_anti_stag_reward=0.0000 | wall_clear_reward=0.0000 | abs_wall_clear_reward=0.0000 | local_nav_reward=0.0000 | abs_local_nav_reward=0.0000 | robot_proximity_reward=-0.7287 | abs_robot_proximity_reward=0.7287 | robot_clearance_reward=0.0000 | context_neighbors_mean=1.10 | context_neighbors_max=4 | last_context_neighbors_mean=0.00 | last_context_neighbors_max=0 | actor_unlocked=0 | expl_noise=0.0790 | replay=3899 | interaction_replay=1987 | samples/sec=11.325
Status | epoch=1 | next_eval_in=16101 agent_samples | checkpoint_every=10 episodes | checkpoint=./checkpoints/interaction_focused_actor_from_5d_s20260725_latest.pt | model=interaction_focused_actor_from_5d_s20260725
Checkpoint saved: ./checkpoints/interaction_focused_actor_from_5d_s20260725_latest.pt
Episode 51 complete | agent_samples=3955 | env_steps=1570 | episode_env_steps=13 | episode_agent_samples=56 | mean_reward=63.340 | success=4/5 | collision=1/5 | mean_final_distance=0.512 | mean_progress=0.0224 | min_laser=0.338 | mean_lin=0.981 | mean_ang=0.600 | mean_robot_dist=inf | raw_reward=20.000 | adjusted_reward=20.000 | coop_agents=0/5 | mean_coop_neighbors=0.00 | active_neighbor_step_rate=0.696 | mean_active_neighbors_step=1.500 | max_active_neighbors_step=4 | interaction_reward=0.0000 | abs_interaction_reward=0.0000 | anti_stag_reward=0.0000 | abs_anti_stag_reward=0.0000 | wall_clear_reward=0.0000 | abs_wall_clear_reward=0.0000 | local_nav_reward=0.0000 | abs_local_nav_reward=0.0000 | robot_proximity_reward=-0.7360 | abs_robot_proximity_reward=0.7360 | robot_clearance_reward=0.0000 | context_neighbors_mean=1.55 | context_neighbors_max=4 | last_context_neighbors_mean=0.00 | last_context_neighbors_max=0 | actor_unlocked=0 | expl_noise=0.0790 | replay=3955 | interaction_replay=2026 | samples/sec=11.387
Episode 52 complete | agent_samples=4103 | env_steps=1630 | episode_env_steps=60 | episode_agent_samples=148 | mean_reward=120.233 | success=5/5 | collision=0/5 | mean_final_distance=0.279 | mean_progress=0.0082 | min_laser=0.731 | mean_lin=0.965 | mean_ang=-0.568 | mean_robot_dist=inf | raw_reward=20.000 | adjusted_reward=20.000 | coop_agents=0/5 | mean_coop_neighbors=0.00 | active_neighbor_step_rate=0.581 | mean_active_neighbors_step=1.115 | max_active_neighbors_step=4 | interaction_reward=0.0000 | abs_interaction_reward=0.0000 | anti_stag_reward=0.0000 | abs_anti_stag_reward=0.0000 | wall_clear_reward=0.0000 | abs_wall_clear_reward=0.0000 | local_nav_reward=0.0000 | abs_local_nav_reward=0.0000 | robot_proximity_reward=-0.0333 | abs_robot_proximity_reward=0.0333 | robot_clearance_reward=0.0135 | context_neighbors_mean=1.14 | context_neighbors_max=4 | last_context_neighbors_mean=0.00 | last_context_neighbors_max=0 | actor_unlocked=0 | expl_noise=0.0790 | replay=4103 | interaction_replay=2099 | samples/sec=11.385
Episode 53 complete | agent_samples=4170 | env_steps=1647 | episode_env_steps=17 | episode_agent_samples=67 | mean_reward=29.804 | success=3/5 | collision=2/5 | mean_final_distance=0.553 | mean_progress=0.0235 | min_laser=0.300 | mean_lin=0.852 | mean_ang=0.279 | mean_robot_dist=inf | raw_reward=20.000 | adjusted_reward=20.000 | coop_agents=0/5 | mean_coop_neighbors=0.00 | active_neighbor_step_rate=0.746 | mean_active_neighbors_step=2.328 | max_active_neighbors_step=4 | interaction_reward=0.0000 | abs_interaction_reward=0.0000 | anti_stag_reward=0.0000 | abs_anti_stag_reward=0.0000 | wall_clear_reward=0.0000 | abs_wall_clear_reward=0.0000 | local_nav_reward=0.0000 | abs_local_nav_reward=0.0000 | robot_proximity_reward=-0.6548 | abs_robot_proximity_reward=0.6548 | robot_clearance_reward=0.0248 | context_neighbors_mean=2.34 | context_neighbors_max=4 | last_context_neighbors_mean=0.00 | last_context_neighbors_max=0 | actor_unlocked=0 | expl_noise=0.0790 | replay=4170 | interaction_replay=2127 | samples/sec=11.450
Episode 54 complete | agent_samples=4252 | env_steps=1672 | episode_env_steps=25 | episode_agent_samples=82 | mean_reward=109.788 | success=5/5 | collision=0/5 | mean_final_distance=0.257 | mean_progress=0.0240 | min_laser=0.697 | mean_lin=1.000 | mean_ang=0.175 | mean_robot_dist=inf | raw_reward=20.000 | adjusted_reward=20.000 | coop_agents=0/5 | mean_coop_neighbors=0.00 | active_neighbor_step_rate=0.866 | mean_active_neighbors_step=1.927 | max_active_neighbors_step=4 | interaction_reward=0.0000 | abs_interaction_reward=0.0000 | anti_stag_reward=0.0000 | abs_anti_stag_reward=0.0000 | wall_clear_reward=0.0000 | abs_wall_clear_reward=0.0000 | local_nav_reward=0.0000 | abs_local_nav_reward=0.0000 | robot_proximity_reward=0.0000 | abs_robot_proximity_reward=0.0000 | robot_clearance_reward=0.0000 | context_neighbors_mean=1.98 | context_neighbors_max=4 | last_context_neighbors_mean=0.00 | last_context_neighbors_max=0 | actor_unlocked=0 | expl_noise=0.0790 | replay=4252 | interaction_replay=2146 | samples/sec=11.501
Episode 55 complete | agent_samples=4376 | env_steps=1744 | episode_env_steps=72 | episode_agent_samples=124 | mean_reward=-14.682 | success=2/5 | collision=3/5 | mean_final_distance=0.715 | mean_progress=0.0063 | min_laser=0.315 | mean_lin=0.608 | mean_ang=-0.994 | mean_robot_dist=inf | raw_reward=20.000 | adjusted_reward=20.000 | coop_agents=0/5 | mean_coop_neighbors=0.00 | active_neighbor_step_rate=0.532 | mean_active_neighbors_step=1.065 | max_active_neighbors_step=4 | interaction_reward=0.0000 | abs_interaction_reward=0.0000 | anti_stag_reward=0.0000 | abs_anti_stag_reward=0.0000 | wall_clear_reward=0.0000 | abs_wall_clear_reward=0.0000 | local_nav_reward=0.0000 | abs_local_nav_reward=0.0000 | robot_proximity_reward=-0.3363 | abs_robot_proximity_reward=0.3363 | robot_clearance_reward=0.0000 | context_neighbors_mean=1.06 | context_neighbors_max=4 | last_context_neighbors_mean=0.00 | last_context_neighbors_max=0 | actor_unlocked=0 | expl_noise=0.0789 | replay=4376 | interaction_replay=2171 | samples/sec=11.353
Status | epoch=1 | next_eval_in=15624 agent_samples | checkpoint_every=10 episodes | checkpoint=./checkpoints/interaction_focused_actor_from_5d_s20260725_latest.pt | model=interaction_focused_actor_from_5d_s20260725
Episode 56 complete | agent_samples=4439 | env_steps=1772 | episode_env_steps=28 | episode_agent_samples=63 | mean_reward=15.944 | success=3/5 | collision=2/5 | mean_final_distance=0.565 | mean_progress=0.0060 | min_laser=0.300 | mean_lin=0.920 | mean_ang=-0.124 | mean_robot_dist=inf | raw_reward=20.000 | adjusted_reward=20.000 | coop_agents=0/5 | mean_coop_neighbors=0.00 | active_neighbor_step_rate=0.619 | mean_active_neighbors_step=1.889 | max_active_neighbors_step=4 | interaction_reward=0.0000 | abs_interaction_reward=0.0000 | anti_stag_reward=0.0000 | abs_anti_stag_reward=0.0000 | wall_clear_reward=0.0000 | abs_wall_clear_reward=0.0000 | local_nav_reward=0.0000 | abs_local_nav_reward=0.0000 | robot_proximity_reward=-0.8625 | abs_robot_proximity_reward=0.8625 | robot_clearance_reward=0.0000 | context_neighbors_mean=1.92 | context_neighbors_max=4 | last_context_neighbors_mean=0.00 | last_context_neighbors_max=0 | actor_unlocked=0 | expl_noise=0.0789 | replay=4439 | interaction_replay=2211 | samples/sec=11.334
Episode 57 complete | agent_samples=4514 | env_steps=1793 | episode_env_steps=21 | episode_agent_samples=75 | mean_reward=28.660 | success=3/5 | collision=2/5 | mean_final_distance=0.493 | mean_progress=0.0156 | min_laser=0.300 | mean_lin=0.611 | mean_ang=0.186 | mean_robot_dist=inf | raw_reward=20.000 | adjusted_reward=20.000 | coop_agents=0/5 | mean_coop_neighbors=0.00 | active_neighbor_step_rate=0.867 | mean_active_neighbors_step=2.267 | max_active_neighbors_step=4 | interaction_reward=0.0000 | abs_interaction_reward=0.0000 | anti_stag_reward=0.0000 | abs_anti_stag_reward=0.0000 | wall_clear_reward=0.0000 | abs_wall_clear_reward=0.0000 | local_nav_reward=0.0000 | abs_local_nav_reward=0.0000 | robot_proximity_reward=-0.3684 | abs_robot_proximity_reward=0.3684 | robot_clearance_reward=0.0548 | context_neighbors_mean=2.28 | context_neighbors_max=4 | last_context_neighbors_mean=0.00 | last_context_neighbors_max=0 | actor_unlocked=0 | expl_noise=0.0789 | replay=4514 | interaction_replay=2234 | samples/sec=11.389
Episode 58 complete | agent_samples=4618 | env_steps=1825 | episode_env_steps=32 | episode_agent_samples=104 | mean_reward=17.474 | success=3/5 | collision=2/5 | mean_final_distance=0.499 | mean_progress=0.0048 | min_laser=0.324 | mean_lin=0.769 | mean_ang=-0.440 | mean_robot_dist=inf | raw_reward=20.000 | adjusted_reward=20.000 | coop_agents=0/5 | mean_coop_neighbors=0.00 | active_neighbor_step_rate=0.673 | mean_active_neighbors_step=1.625 | max_active_neighbors_step=4 | interaction_reward=0.0000 | abs_interaction_reward=0.0000 | anti_stag_reward=0.0000 | abs_anti_stag_reward=0.0000 | wall_clear_reward=0.0000 | abs_wall_clear_reward=0.0000 | local_nav_reward=0.0000 | abs_local_nav_reward=0.0000 | robot_proximity_reward=-0.9533 | abs_robot_proximity_reward=0.9533 | robot_clearance_reward=0.0822 | context_neighbors_mean=1.72 | context_neighbors_max=4 | last_context_neighbors_mean=0.00 | last_context_neighbors_max=0 | actor_unlocked=0 | expl_noise=0.0789 | replay=4618 | interaction_replay=2303 | samples/sec=11.447
Episode 59 complete | agent_samples=4668 | env_steps=1840 | episode_env_steps=15 | episode_agent_samples=50 | mean_reward=77.655 | success=4/5 | collision=1/5 | mean_final_distance=0.342 | mean_progress=0.0230 | min_laser=0.312 | mean_lin=0.810 | mean_ang=-0.042 | mean_robot_dist=inf | raw_reward=20.000 | adjusted_reward=20.000 | coop_agents=0/5 | mean_coop_neighbors=0.00 | active_neighbor_step_rate=0.720 | mean_active_neighbors_step=1.760 | max_active_neighbors_step=4 | interaction_reward=0.0000 | abs_interaction_reward=0.0000 | anti_stag_reward=0.0000 | abs_anti_stag_reward=0.0000 | wall_clear_reward=0.0000 | abs_wall_clear_reward=0.0000 | local_nav_reward=0.0000 | abs_local_nav_reward=0.0000 | robot_proximity_reward=-0.8607 | abs_robot_proximity_reward=0.8607 | robot_clearance_reward=0.0400 | context_neighbors_mean=1.84 | context_neighbors_max=4 | last_context_neighbors_mean=0.00 | last_context_neighbors_max=0 | actor_unlocked=0 | expl_noise=0.0788 | replay=4668 | interaction_replay=2341 | samples/sec=11.474
Episode 60 complete | agent_samples=4720 | env_steps=1854 | episode_env_steps=14 | episode_agent_samples=52 | mean_reward=110.536 | success=5/5 | collision=0/5 | mean_final_distance=0.255 | mean_progress=0.0223 | min_laser=0.568 | mean_lin=0.795 | mean_ang=0.442 | mean_robot_dist=inf | raw_reward=20.000 | adjusted_reward=20.000 | coop_agents=0/5 | mean_coop_neighbors=0.00 | active_neighbor_step_rate=0.731 | mean_active_neighbors_step=1.577 | max_active_neighbors_step=4 | interaction_reward=0.0000 | abs_interaction_reward=0.0000 | anti_stag_reward=0.0000 | abs_anti_stag_reward=0.0000 | wall_clear_reward=0.0000 | abs_wall_clear_reward=0.0000 | local_nav_reward=0.0000 | abs_local_nav_reward=0.0000 | robot_proximity_reward=-0.1648 | abs_robot_proximity_reward=0.1648 | robot_clearance_reward=0.0882 | context_neighbors_mean=1.62 | context_neighbors_max=4 | last_context_neighbors_mean=0.00 | last_context_neighbors_max=0 | actor_unlocked=0 | expl_noise=0.0788 | replay=4720 | interaction_replay=2377 | samples/sec=11.512
Status | epoch=1 | next_eval_in=15280 agent_samples | checkpoint_every=10 episodes | checkpoint=./checkpoints/interaction_focused_actor_from_5d_s20260725_latest.pt | model=interaction_focused_actor_from_5d_s20260725
Checkpoint saved: ./checkpoints/interaction_focused_actor_from_5d_s20260725_latest.pt
Episode 61 complete | agent_samples=4783 | env_steps=1870 | episode_env_steps=16 | episode_agent_samples=63 | mean_reward=-14.879 | success=2/5 | collision=3/5 | mean_final_distance=1.062 | mean_progress=0.0357 | min_laser=0.300 | mean_lin=0.831 | mean_ang=0.124 | mean_robot_dist=inf | raw_reward=0.000 | adjusted_reward=0.000 | coop_agents=0/5 | mean_coop_neighbors=0.00 | active_neighbor_step_rate=0.619 | mean_active_neighbors_step=1.540 | max_active_neighbors_step=4 | interaction_reward=0.0000 | abs_interaction_reward=0.0000 | anti_stag_reward=0.0000 | abs_anti_stag_reward=0.0000 | wall_clear_reward=0.0000 | abs_wall_clear_reward=0.0000 | local_nav_reward=0.0000 | abs_local_nav_reward=0.0000 | robot_proximity_reward=-0.6820 | abs_robot_proximity_reward=0.6820 | robot_clearance_reward=0.0000 | context_neighbors_mean=1.57 | context_neighbors_max=4 | last_context_neighbors_mean=0.00 | last_context_neighbors_max=0 | actor_unlocked=0 | expl_noise=0.0788 | replay=4783 | interaction_replay=2413 | samples/sec=11.559
Episode 62 complete | agent_samples=4920 | env_steps=1911 | episode_env_steps=41 | episode_agent_samples=137 | mean_reward=117.780 | success=5/5 | collision=0/5 | mean_final_distance=0.273 | mean_progress=0.0236 | min_laser=0.417 | mean_lin=0.999 | mean_ang=-0.206 | mean_robot_dist=inf | raw_reward=20.000 | adjusted_reward=20.000 | coop_agents=0/5 | mean_coop_neighbors=0.00 | active_neighbor_step_rate=0.679 | mean_active_neighbors_step=1.431 | max_active_neighbors_step=4 | interaction_reward=0.0000 | abs_interaction_reward=0.0000 | anti_stag_reward=0.0000 | abs_anti_stag_reward=0.0000 | wall_clear_reward=0.0000 | abs_wall_clear_reward=0.0000 | local_nav_reward=0.0000 | abs_local_nav_reward=0.0000 | robot_proximity_reward=-0.3514 | abs_robot_proximity_reward=0.3514 | robot_clearance_reward=0.0146 | context_neighbors_mean=1.46 | context_neighbors_max=4 | last_context_neighbors_mean=0.00 | last_context_neighbors_max=0 | actor_unlocked=0 | expl_noise=0.0788 | replay=4920 | interaction_replay=2424 | samples/sec=11.637
Episode 63 complete | agent_samples=4983 | env_steps=1936 | episode_env_steps=25 | episode_agent_samples=63 | mean_reward=115.520 | success=5/5 | collision=0/5 | mean_final_distance=0.254 | mean_progress=0.0099 | min_laser=0.654 | mean_lin=0.806 | mean_ang=0.182 | mean_robot_dist=inf | raw_reward=20.000 | adjusted_reward=20.000 | coop_agents=0/5 | mean_coop_neighbors=0.00 | active_neighbor_step_rate=0.683 | mean_active_neighbors_step=1.619 | max_active_neighbors_step=4 | interaction_reward=0.0000 | abs_interaction_reward=0.0000 | anti_stag_reward=0.0000 | abs_anti_stag_reward=0.0000 | wall_clear_reward=0.0000 | abs_wall_clear_reward=0.0000 | local_nav_reward=0.0000 | abs_local_nav_reward=0.0000 | robot_proximity_reward=-0.2196 | abs_robot_proximity_reward=0.2196 | robot_clearance_reward=0.0317 | context_neighbors_mean=1.65 | context_neighbors_max=4 | last_context_neighbors_mean=0.00 | last_context_neighbors_max=0 | actor_unlocked=0 | expl_noise=0.0788 | replay=4983 | interaction_replay=2467 | samples/sec=11.633
Episode 64 complete | agent_samples=5136 | env_steps=2040 | episode_env_steps=104 | episode_agent_samples=153 | mean_reward=114.390 | success=5/5 | collision=0/5 | mean_final_distance=0.258 | mean_progress=0.0051 | min_laser=0.443 | mean_lin=0.805 | mean_ang=-0.387 | mean_robot_dist=inf | raw_reward=20.000 | adjusted_reward=20.000 | coop_agents=0/5 | mean_coop_neighbors=0.00 | active_neighbor_step_rate=0.418 | mean_active_neighbors_step=1.007 | max_active_neighbors_step=4 | interaction_reward=0.0000 | abs_interaction_reward=0.0000 | anti_stag_reward=0.0000 | abs_anti_stag_reward=0.0000 | wall_clear_reward=0.0000 | abs_wall_clear_reward=0.0000 | local_nav_reward=0.0000 | abs_local_nav_reward=0.0000 | robot_proximity_reward=-0.1511 | abs_robot_proximity_reward=0.1511 | robot_clearance_reward=0.0131 | context_neighbors_mean=1.01 | context_neighbors_max=4 | last_context_neighbors_mean=0.00 | last_context_neighbors_max=0 | actor_unlocked=0 | expl_noise=0.0787 | replay=5136 | interaction_replay=2491 | samples/sec=11.392
Episode 65 complete | agent_samples=5315 | env_steps=2158 | episode_env_steps=118 | episode_agent_samples=179 | mean_reward=78.189 | success=4/5 | collision=1/5 | mean_final_distance=0.285 | mean_progress=0.0029 | min_laser=0.303 | mean_lin=0.800 | mean_ang=0.425 | mean_robot_dist=inf | raw_reward=20.000 | adjusted_reward=20.000 | coop_agents=0/5 | mean_coop_neighbors=0.00 | active_neighbor_step_rate=0.402 | mean_active_neighbors_step=0.799 | max_active_neighbors_step=3 | interaction_reward=0.0000 | abs_interaction_reward=0.0000 | anti_stag_reward=0.0000 | abs_anti_stag_reward=0.0000 | wall_clear_reward=0.0000 | abs_wall_clear_reward=0.0000 | local_nav_reward=0.0000 | abs_local_nav_reward=0.0000 | robot_proximity_reward=-0.1741 | abs_robot_proximity_reward=0.1741 | robot_clearance_reward=0.0017 | context_neighbors_mean=0.82 | context_neighbors_max=3 | last_context_neighbors_mean=0.00 | last_context_neighbors_max=0 | actor_unlocked=0 | expl_noise=0.0787 | replay=5315 | interaction_replay=2564 | samples/sec=11.156
Status | epoch=1 | next_eval_in=14685 agent_samples | checkpoint_every=10 episodes | checkpoint=./checkpoints/interaction_focused_actor_from_5d_s20260725_latest.pt | model=interaction_focused_actor_from_5d_s20260725
Episode 66 complete | agent_samples=5382 | env_steps=2185 | episode_env_steps=27 | episode_agent_samples=67 | mean_reward=12.040 | success=3/5 | collision=2/5 | mean_final_distance=0.518 | mean_progress=0.0119 | min_laser=0.300 | mean_lin=0.800 | mean_ang=0.016 | mean_robot_dist=inf | raw_reward=20.000 | adjusted_reward=20.000 | coop_agents=0/5 | mean_coop_neighbors=0.00 | active_neighbor_step_rate=0.642 | mean_active_neighbors_step=1.493 | max_active_neighbors_step=4 | interaction_reward=0.0000 | abs_interaction_reward=0.0000 | anti_stag_reward=0.0000 | abs_anti_stag_reward=0.0000 | wall_clear_reward=0.0000 | abs_wall_clear_reward=0.0000 | local_nav_reward=0.0000 | abs_local_nav_reward=0.0000 | robot_proximity_reward=-1.0228 | abs_robot_proximity_reward=1.0228 | robot_clearance_reward=0.0597 | context_neighbors_mean=1.55 | context_neighbors_max=4 | last_context_neighbors_mean=0.00 | last_context_neighbors_max=0 | actor_unlocked=0 | expl_noise=0.0786 | replay=5382 | interaction_replay=2606 | samples/sec=11.158
Episode 67 complete | agent_samples=5752 | env_steps=2485 | episode_env_steps=300 | episode_agent_samples=370 | mean_reward=89.203 | success=4/5 | collision=0/5 | mean_final_distance=0.631 | mean_progress=0.0000 | min_laser=0.565 | mean_lin=0.738 | mean_ang=0.168 | mean_robot_dist=inf | raw_reward=-0.028 | adjusted_reward=-0.028 | coop_agents=0/5 | mean_coop_neighbors=0.00 | active_neighbor_step_rate=0.165 | mean_active_neighbors_step=0.362 | max_active_neighbors_step=4 | interaction_reward=0.0000 | abs_interaction_reward=0.0000 | anti_stag_reward=0.0000 | abs_anti_stag_reward=0.0000 | wall_clear_reward=0.0000 | abs_wall_clear_reward=0.0000 | local_nav_reward=0.0000 | abs_local_nav_reward=0.0000 | robot_proximity_reward=-0.0165 | abs_robot_proximity_reward=0.0165 | robot_clearance_reward=0.0086 | context_neighbors_mean=0.37 | context_neighbors_max=4 | last_context_neighbors_mean=0.00 | last_context_neighbors_max=0 | actor_unlocked=0 | expl_noise=0.0784 | replay=5752 | interaction_replay=2643 | samples/sec=10.511
Episode 68 complete | agent_samples=5810 | env_steps=2499 | episode_env_steps=14 | episode_agent_samples=58 | mean_reward=25.783 | success=3/5 | collision=2/5 | mean_final_distance=0.446 | mean_progress=0.0144 | min_laser=0.306 | mean_lin=0.600 | mean_ang=-0.511 | mean_robot_dist=inf | raw_reward=20.000 | adjusted_reward=20.000 | coop_agents=0/5 | mean_coop_neighbors=0.00 | active_neighbor_step_rate=0.845 | mean_active_neighbors_step=2.138 | max_active_neighbors_step=4 | interaction_reward=0.0000 | abs_interaction_reward=0.0000 | anti_stag_reward=0.0000 | abs_anti_stag_reward=0.0000 | wall_clear_reward=0.0000 | abs_wall_clear_reward=0.0000 | local_nav_reward=0.0000 | abs_local_nav_reward=0.0000 | robot_proximity_reward=-1.4000 | abs_robot_proximity_reward=1.4000 | robot_clearance_reward=0.0690 | context_neighbors_mean=2.10 | context_neighbors_max=4 | last_context_neighbors_mean=0.00 | last_context_neighbors_max=0 | actor_unlocked=0 | expl_noise=0.0784 | replay=5810 | interaction_replay=2691 | samples/sec=10.555
Episode 69 complete | agent_samples=5861 | env_steps=2514 | episode_env_steps=15 | episode_agent_samples=51 | mean_reward=94.272 | success=5/5 | collision=0/5 | mean_final_distance=0.268 | mean_progress=0.0234 | min_laser=0.453 | mean_lin=0.946 | mean_ang=0.475 | mean_robot_dist=inf | raw_reward=20.000 | adjusted_reward=20.000 | coop_agents=0/5 | mean_coop_neighbors=0.00 | active_neighbor_step_rate=0.863 | mean_active_neighbors_step=2.000 | max_active_neighbors_step=4 | interaction_reward=0.0000 | abs_interaction_reward=0.0000 | anti_stag_reward=0.0000 | abs_anti_stag_reward=0.0000 | wall_clear_reward=0.0000 | abs_wall_clear_reward=0.0000 | local_nav_reward=0.0000 | abs_local_nav_reward=0.0000 | robot_proximity_reward=-0.7752 | abs_robot_proximity_reward=0.7752 | robot_clearance_reward=0.0621 | context_neighbors_mean=2.10 | context_neighbors_max=4 | last_context_neighbors_mean=0.00 | last_context_neighbors_max=0 | actor_unlocked=0 | expl_noise=0.0784 | replay=5861 | interaction_replay=2736 | samples/sec=10.583
Episode 70 complete | agent_samples=5943 | env_steps=2557 | episode_env_steps=43 | episode_agent_samples=82 | mean_reward=109.227 | success=5/5 | collision=0/5 | mean_final_distance=0.279 | mean_progress=0.0118 | min_laser=0.495 | mean_lin=0.764 | mean_ang=0.381 | mean_robot_dist=inf | raw_reward=20.000 | adjusted_reward=20.000 | coop_agents=0/5 | mean_coop_neighbors=0.00 | active_neighbor_step_rate=0.476 | mean_active_neighbors_step=1.341 | max_active_neighbors_step=4 | interaction_reward=0.0000 | abs_interaction_reward=0.0000 | anti_stag_reward=0.0000 | abs_anti_stag_reward=0.0000 | wall_clear_reward=0.0000 | abs_wall_clear_reward=0.0000 | local_nav_reward=0.0000 | abs_local_nav_reward=0.0000 | robot_proximity_reward=-0.1785 | abs_robot_proximity_reward=0.1785 | robot_clearance_reward=0.0263 | context_neighbors_mean=1.37 | context_neighbors_max=4 | last_context_neighbors_mean=0.00 | last_context_neighbors_max=0 | actor_unlocked=0 | expl_noise=0.0784 | replay=5943 | interaction_replay=2775 | samples/sec=10.552
Status | epoch=1 | next_eval_in=14057 agent_samples | checkpoint_every=10 episodes | checkpoint=./checkpoints/interaction_focused_actor_from_5d_s20260725_latest.pt | model=interaction_focused_actor_from_5d_s20260725
Checkpoint saved: ./checkpoints/interaction_focused_actor_from_5d_s20260725_latest.pt
Episode 71 complete | agent_samples=6029 | env_steps=2584 | episode_env_steps=27 | episode_agent_samples=86 | mean_reward=28.230 | success=3/5 | collision=2/5 | mean_final_distance=0.488 | mean_progress=0.0152 | min_laser=0.330 | mean_lin=0.795 | mean_ang=-0.551 | mean_robot_dist=inf | raw_reward=20.000 | adjusted_reward=20.000 | coop_agents=0/5 | mean_coop_neighbors=0.00 | active_neighbor_step_rate=0.709 | mean_active_neighbors_step=1.919 | max_active_neighbors_step=4 | interaction_reward=0.0000 | abs_interaction_reward=0.0000 | anti_stag_reward=0.0000 | abs_anti_stag_reward=0.0000 | wall_clear_reward=0.0000 | abs_wall_clear_reward=0.0000 | local_nav_reward=0.0000 | abs_local_nav_reward=0.0000 | robot_proximity_reward=-0.7627 | abs_robot_proximity_reward=0.7627 | robot_clearance_reward=0.1087 | context_neighbors_mean=2.03 | context_neighbors_max=4 | last_context_neighbors_mean=0.00 | last_context_neighbors_max=0 | actor_unlocked=0 | expl_noise=0.0784 | replay=6029 | interaction_replay=2838 | samples/sec=10.590
Episode 72 complete | agent_samples=6101 | env_steps=2609 | episode_env_steps=25 | episode_agent_samples=72 | mean_reward=119.487 | success=5/5 | collision=0/5 | mean_final_distance=0.247 | mean_progress=0.0153 | min_laser=0.636 | mean_lin=0.900 | mean_ang=0.194 | mean_robot_dist=inf | raw_reward=20.000 | adjusted_reward=20.000 | coop_agents=0/5 | mean_coop_neighbors=0.00 | active_neighbor_step_rate=0.806 | mean_active_neighbors_step=1.903 | max_active_neighbors_step=4 | interaction_reward=0.0000 | abs_interaction_reward=0.0000 | anti_stag_reward=0.0000 | abs_anti_stag_reward=0.0000 | wall_clear_reward=0.0000 | abs_wall_clear_reward=0.0000 | local_nav_reward=0.0000 | abs_local_nav_reward=0.0000 | robot_proximity_reward=-0.2136 | abs_robot_proximity_reward=0.2136 | robot_clearance_reward=0.1098 | context_neighbors_mean=1.92 | context_neighbors_max=4 | last_context_neighbors_mean=0.00 | last_context_neighbors_max=0 | actor_unlocked=0 | expl_noise=0.0784 | replay=6101 | interaction_replay=2873 | samples/sec=10.613
Episode 73 complete | agent_samples=6243 | env_steps=2674 | episode_env_steps=65 | episode_agent_samples=142 | mean_reward=61.253 | success=4/5 | collision=1/5 | mean_final_distance=0.328 | mean_progress=0.0157 | min_laser=0.330 | mean_lin=0.800 | mean_ang=-0.216 | mean_robot_dist=inf | raw_reward=20.000 | adjusted_reward=20.000 | coop_agents=0/5 | mean_coop_neighbors=0.00 | active_neighbor_step_rate=0.577 | mean_active_neighbors_step=1.401 | max_active_neighbors_step=4 | interaction_reward=0.0000 | abs_interaction_reward=0.0000 | anti_stag_reward=0.0000 | abs_anti_stag_reward=0.0000 | wall_clear_reward=0.0000 | abs_wall_clear_reward=0.0000 | local_nav_reward=0.0000 | abs_local_nav_reward=0.0000 | robot_proximity_reward=-0.5347 | abs_robot_proximity_reward=0.5347 | robot_clearance_reward=0.0339 | context_neighbors_mean=1.44 | context_neighbors_max=4 | last_context_neighbors_mean=0.00 | last_context_neighbors_max=0 | actor_unlocked=0 | expl_noise=0.0783 | replay=6243 | interaction_replay=2952 | samples/sec=10.599
Episode 74 complete | agent_samples=6386 | env_steps=2740 | episode_env_steps=66 | episode_agent_samples=143 | mean_reward=123.967 | success=5/5 | collision=0/5 | mean_final_distance=0.259 | mean_progress=0.0068 | min_laser=0.423 | mean_lin=0.970 | mean_ang=-0.183 | mean_robot_dist=inf | raw_reward=20.000 | adjusted_reward=20.000 | coop_agents=0/5 | mean_coop_neighbors=0.00 | active_neighbor_step_rate=0.469 | mean_active_neighbors_step=1.070 | max_active_neighbors_step=4 | interaction_reward=0.0000 | abs_interaction_reward=0.0000 | anti_stag_reward=0.0000 | abs_anti_stag_reward=0.0000 | wall_clear_reward=0.0000 | abs_wall_clear_reward=0.0000 | local_nav_reward=0.0000 | abs_local_nav_reward=0.0000 | robot_proximity_reward=-0.4194 | abs_robot_proximity_reward=0.4194 | robot_clearance_reward=0.0601 | context_neighbors_mean=1.10 | context_neighbors_max=4 | last_context_neighbors_mean=0.00 | last_context_neighbors_max=0 | actor_unlocked=0 | expl_noise=0.0783 | replay=6386 | interaction_replay=2981 | samples/sec=10.583
Episode 75 complete | agent_samples=6448 | env_steps=2765 | episode_env_steps=25 | episode_agent_samples=62 | mean_reward=17.302 | success=3/5 | collision=2/5 | mean_final_distance=0.559 | mean_progress=0.0207 | min_laser=0.321 | mean_lin=0.939 | mean_ang=-0.153 | mean_robot_dist=inf | raw_reward=20.000 | adjusted_reward=20.000 | coop_agents=0/5 | mean_coop_neighbors=0.00 | active_neighbor_step_rate=0.726 | mean_active_neighbors_step=1.565 | max_active_neighbors_step=4 | interaction_reward=0.0000 | abs_interaction_reward=0.0000 | anti_stag_reward=0.0000 | abs_anti_stag_reward=0.0000 | wall_clear_reward=0.0000 | abs_wall_clear_reward=0.0000 | local_nav_reward=0.0000 | abs_local_nav_reward=0.0000 | robot_proximity_reward=-1.0468 | abs_robot_proximity_reward=1.0468 | robot_clearance_reward=0.0361 | context_neighbors_mean=1.63 | context_neighbors_max=4 | last_context_neighbors_mean=0.00 | last_context_neighbors_max=0 | actor_unlocked=0 | expl_noise=0.0783 | replay=6448 | interaction_replay=3024 | samples/sec=10.589
Status | epoch=1 | next_eval_in=13552 agent_samples | checkpoint_every=10 episodes | checkpoint=./checkpoints/interaction_focused_actor_from_5d_s20260725_latest.pt | model=interaction_focused_actor_from_5d_s20260725
Episode 76 complete | agent_samples=6550 | env_steps=2810 | episode_env_steps=45 | episode_agent_samples=102 | mean_reward=125.645 | success=5/5 | collision=0/5 | mean_final_distance=0.274 | mean_progress=0.0066 | min_laser=0.432 | mean_lin=0.917 | mean_ang=-0.040 | mean_robot_dist=inf | raw_reward=20.000 | adjusted_reward=20.000 | coop_agents=0/5 | mean_coop_neighbors=0.00 | active_neighbor_step_rate=0.490 | mean_active_neighbors_step=0.980 | max_active_neighbors_step=4 | interaction_reward=0.0000 | abs_interaction_reward=0.0000 | anti_stag_reward=0.0000 | abs_anti_stag_reward=0.0000 | wall_clear_reward=0.0000 | abs_wall_clear_reward=0.0000 | local_nav_reward=0.0000 | abs_local_nav_reward=0.0000 | robot_proximity_reward=-0.6374 | abs_robot_proximity_reward=0.6374 | robot_clearance_reward=0.0418 | context_neighbors_mean=1.01 | context_neighbors_max=4 | last_context_neighbors_mean=0.00 | last_context_neighbors_max=0 | actor_unlocked=0 | expl_noise=0.0782 | replay=6550 | interaction_replay=3058 | samples/sec=10.586
Episode 77 complete | agent_samples=6698 | env_steps=2895 | episode_env_steps=85 | episode_agent_samples=148 | mean_reward=69.281 | success=4/5 | collision=1/5 | mean_final_distance=0.259 | mean_progress=0.0075 | min_laser=0.314 | mean_lin=0.580 | mean_ang=-0.003 | mean_robot_dist=inf | raw_reward=20.000 | adjusted_reward=20.000 | coop_agents=0/5 | mean_coop_neighbors=0.00 | active_neighbor_step_rate=0.466 | mean_active_neighbors_step=0.878 | max_active_neighbors_step=3 | interaction_reward=0.0000 | abs_interaction_reward=0.0000 | anti_stag_reward=0.0000 | abs_anti_stag_reward=0.0000 | wall_clear_reward=0.0000 | abs_wall_clear_reward=0.0000 | local_nav_reward=0.0000 | abs_local_nav_reward=0.0000 | robot_proximity_reward=-0.2058 | abs_robot_proximity_reward=0.2058 | robot_clearance_reward=0.0000 | context_neighbors_mean=0.91 | context_neighbors_max=3 | last_context_neighbors_mean=0.00 | last_context_neighbors_max=0 | actor_unlocked=0 | expl_noise=0.0782 | replay=6698 | interaction_replay=3127 | samples/sec=10.513
Episode 78 complete | agent_samples=6773 | env_steps=2918 | episode_env_steps=23 | episode_agent_samples=75 | mean_reward=115.160 | success=5/5 | collision=0/5 | mean_final_distance=0.269 | mean_progress=0.0116 | min_laser=0.643 | mean_lin=0.682 | mean_ang=0.196 | mean_robot_dist=inf | raw_reward=20.000 | adjusted_reward=20.000 | coop_agents=0/5 | mean_coop_neighbors=0.00 | active_neighbor_step_rate=0.800 | mean_active_neighbors_step=2.200 | max_active_neighbors_step=4 | interaction_reward=0.0000 | abs_interaction_reward=0.0000 | anti_stag_reward=0.0000 | abs_anti_stag_reward=0.0000 | wall_clear_reward=0.0000 | abs_wall_clear_reward=0.0000 | local_nav_reward=0.0000 | abs_local_nav_reward=0.0000 | robot_proximity_reward=-0.4389 | abs_robot_proximity_reward=0.4389 | robot_clearance_reward=0.0870 | context_neighbors_mean=2.25 | context_neighbors_max=4 | last_context_neighbors_mean=0.00 | last_context_neighbors_max=0 | actor_unlocked=0 | expl_noise=0.0782 | replay=6773 | interaction_replay=3188 | samples/sec=10.546
Episode 79 complete | agent_samples=6894 | env_steps=2954 | episode_env_steps=36 | episode_agent_samples=121 | mean_reward=77.299 | success=4/5 | collision=1/5 | mean_final_distance=0.277 | mean_progress=0.0209 | min_laser=0.335 | mean_lin=0.814 | mean_ang=-0.164 | mean_robot_dist=inf | raw_reward=20.000 | adjusted_reward=20.000 | coop_agents=0/5 | mean_coop_neighbors=0.00 | active_neighbor_step_rate=0.818 | mean_active_neighbors_step=1.826 | max_active_neighbors_step=4 | interaction_reward=0.0000 | abs_interaction_reward=0.0000 | anti_stag_reward=0.0000 | abs_anti_stag_reward=0.0000 | wall_clear_reward=0.0000 | abs_wall_clear_reward=0.0000 | local_nav_reward=0.0000 | abs_local_nav_reward=0.0000 | robot_proximity_reward=-0.3134 | abs_robot_proximity_reward=0.3134 | robot_clearance_reward=0.0000 | context_neighbors_mean=1.86 | context_neighbors_max=4 | last_context_neighbors_mean=0.00 | last_context_neighbors_max=0 | actor_unlocked=0 | expl_noise=0.0782 | replay=6894 | interaction_replay=3252 | samples/sec=10.604
Episode 80 complete | agent_samples=6976 | env_steps=2989 | episode_env_steps=35 | episode_agent_samples=82 | mean_reward=73.317 | success=4/5 | collision=1/5 | mean_final_distance=0.512 | mean_progress=0.0233 | min_laser=0.325 | mean_lin=0.831 | mean_ang=-0.436 | mean_robot_dist=inf | raw_reward=20.000 | adjusted_reward=20.000 | coop_agents=0/5 | mean_coop_neighbors=0.00 | active_neighbor_step_rate=0.695 | mean_active_neighbors_step=1.415 | max_active_neighbors_step=4 | interaction_reward=0.0000 | abs_interaction_reward=0.0000 | anti_stag_reward=0.0000 | abs_anti_stag_reward=0.0000 | wall_clear_reward=0.0000 | abs_wall_clear_reward=0.0000 | local_nav_reward=0.0000 | abs_local_nav_reward=0.0000 | robot_proximity_reward=-0.4879 | abs_robot_proximity_reward=0.4879 | robot_clearance_reward=0.0244 | context_neighbors_mean=1.43 | context_neighbors_max=4 | last_context_neighbors_mean=0.00 | last_context_neighbors_max=0 | actor_unlocked=0 | expl_noise=0.0781 | replay=6976 | interaction_replay=3270 | samples/sec=10.606
Status | epoch=1 | next_eval_in=13024 agent_samples | checkpoint_every=10 episodes | checkpoint=./checkpoints/interaction_focused_actor_from_5d_s20260725_latest.pt | model=interaction_focused_actor_from_5d_s20260725
Checkpoint saved: ./checkpoints/interaction_focused_actor_from_5d_s20260725_latest.pt
Episode 81 complete | agent_samples=7056 | env_steps=3017 | episode_env_steps=28 | episode_agent_samples=80 | mean_reward=24.857 | success=3/5 | collision=2/5 | mean_final_distance=0.561 | mean_progress=0.0417 | min_laser=0.333 | mean_lin=0.980 | mean_ang=0.246 | mean_robot_dist=inf | raw_reward=40.000 | adjusted_reward=40.000 | coop_agents=0/5 | mean_coop_neighbors=0.00 | active_neighbor_step_rate=0.537 | mean_active_neighbors_step=1.050 | max_active_neighbors_step=4 | interaction_reward=0.0000 | abs_interaction_reward=0.0000 | anti_stag_reward=0.0000 | abs_anti_stag_reward=0.0000 | wall_clear_reward=0.0000 | abs_wall_clear_reward=0.0000 | local_nav_reward=0.0000 | abs_local_nav_reward=0.0000 | robot_proximity_reward=-0.3886 | abs_robot_proximity_reward=0.3886 | robot_clearance_reward=0.0250 | context_neighbors_mean=1.06 | context_neighbors_max=4 | last_context_neighbors_mean=0.00 | last_context_neighbors_max=0 | actor_unlocked=0 | expl_noise=0.0781 | replay=7056 | interaction_replay=3301 | samples/sec=10.625
Episode 82 complete | agent_samples=7140 | env_steps=3040 | episode_env_steps=23 | episode_agent_samples=84 | mean_reward=74.261 | success=4/5 | collision=1/5 | mean_final_distance=0.396 | mean_progress=0.0279 | min_laser=0.322 | mean_lin=0.999 | mean_ang=-0.162 | mean_robot_dist=inf | raw_reward=20.000 | adjusted_reward=20.000 | coop_agents=0/5 | mean_coop_neighbors=0.00 | active_neighbor_step_rate=0.750 | mean_active_neighbors_step=1.964 | max_active_neighbors_step=4 | interaction_reward=0.0000 | abs_interaction_reward=0.0000 | anti_stag_reward=0.0000 | abs_anti_stag_reward=0.0000 | wall_clear_reward=0.0000 | abs_wall_clear_reward=0.0000 | local_nav_reward=0.0000 | abs_local_nav_reward=0.0000 | robot_proximity_reward=-0.7122 | abs_robot_proximity_reward=0.7122 | robot_clearance_reward=0.1277 | context_neighbors_mean=2.00 | context_neighbors_max=4 | last_context_neighbors_mean=0.00 | last_context_neighbors_max=0 | actor_unlocked=0 | expl_noise=0.0781 | replay=7140 | interaction_replay=3364 | samples/sec=10.669
Episode 83 complete | agent_samples=7223 | env_steps=3074 | episode_env_steps=34 | episode_agent_samples=83 | mean_reward=118.911 | success=5/5 | collision=0/5 | mean_final_distance=0.268 | mean_progress=0.0205 | min_laser=0.408 | mean_lin=0.981 | mean_ang=-0.281 | mean_robot_dist=inf | raw_reward=20.000 | adjusted_reward=20.000 | coop_agents=0/5 | mean_coop_neighbors=0.00 | active_neighbor_step_rate=0.735 | mean_active_neighbors_step=2.012 | max_active_neighbors_step=4 | interaction_reward=0.0000 | abs_interaction_reward=0.0000 | anti_stag_reward=0.0000 | abs_anti_stag_reward=0.0000 | wall_clear_reward=0.0000 | abs_wall_clear_reward=0.0000 | local_nav_reward=0.0000 | abs_local_nav_reward=0.0000 | robot_proximity_reward=-0.1769 | abs_robot_proximity_reward=0.1769 | robot_clearance_reward=0.0241 | context_neighbors_mean=2.00 | context_neighbors_max=4 | last_context_neighbors_mean=0.00 | last_context_neighbors_max=0 | actor_unlocked=0 | expl_noise=0.0781 | replay=7223 | interaction_replay=3378 | samples/sec=10.673
Episode 84 complete | agent_samples=7374 | env_steps=3153 | episode_env_steps=79 | episode_agent_samples=151 | mean_reward=134.912 | success=5/5 | collision=0/5 | mean_final_distance=0.249 | mean_progress=0.0166 | min_laser=0.409 | mean_lin=0.897 | mean_ang=-0.373 | mean_robot_dist=inf | raw_reward=20.000 | adjusted_reward=20.000 | coop_agents=0/5 | mean_coop_neighbors=0.00 | active_neighbor_step_rate=0.391 | mean_active_neighbors_step=0.675 | max_active_neighbors_step=4 | interaction_reward=0.0000 | abs_interaction_reward=0.0000 | anti_stag_reward=0.0000 | abs_anti_stag_reward=0.0000 | wall_clear_reward=0.0000 | abs_wall_clear_reward=0.0000 | local_nav_reward=0.0000 | abs_local_nav_reward=0.0000 | robot_proximity_reward=-0.2858 | abs_robot_proximity_reward=0.2858 | robot_clearance_reward=0.0132 | context_neighbors_mean=0.70 | context_neighbors_max=4 | last_context_neighbors_mean=0.00 | last_context_neighbors_max=0 | actor_unlocked=0 | expl_noise=0.0780 | replay=7374 | interaction_replay=3398 | samples/sec=10.626
Episode 85 complete | agent_samples=7460 | env_steps=3198 | episode_env_steps=45 | episode_agent_samples=86 | mean_reward=63.925 | success=4/5 | collision=1/5 | mean_final_distance=0.365 | mean_progress=0.0135 | min_laser=0.348 | mean_lin=0.841 | mean_ang=0.165 | mean_robot_dist=inf | raw_reward=20.000 | adjusted_reward=20.000 | coop_agents=0/5 | mean_coop_neighbors=0.00 | active_neighbor_step_rate=0.616 | mean_active_neighbors_step=1.442 | max_active_neighbors_step=4 | interaction_reward=0.0000 | abs_interaction_reward=0.0000 | anti_stag_reward=0.0000 | abs_anti_stag_reward=0.0000 | wall_clear_reward=0.0000 | abs_wall_clear_reward=0.0000 | local_nav_reward=0.0000 | abs_local_nav_reward=0.0000 | robot_proximity_reward=-0.5186 | abs_robot_proximity_reward=0.5186 | robot_clearance_reward=0.0233 | context_neighbors_mean=1.52 | context_neighbors_max=4 | last_context_neighbors_mean=0.00 | last_context_neighbors_max=0 | actor_unlocked=0 | expl_noise=0.0780 | replay=7460 | interaction_replay=3445 | samples/sec=10.600
Status | epoch=1 | next_eval_in=12540 agent_samples | checkpoint_every=10 episodes | checkpoint=./checkpoints/interaction_focused_actor_from_5d_s20260725_latest.pt | model=interaction_focused_actor_from_5d_s20260725
Episode 86 complete | agent_samples=7572 | env_steps=3234 | episode_env_steps=36 | episode_agent_samples=112 | mean_reward=114.051 | success=5/5 | collision=0/5 | mean_final_distance=0.292 | mean_progress=0.0077 | min_laser=0.352 | mean_lin=0.670 | mean_ang=-0.196 | mean_robot_dist=inf | raw_reward=20.000 | adjusted_reward=20.000 | coop_agents=0/5 | mean_coop_neighbors=0.00 | active_neighbor_step_rate=0.768 | mean_active_neighbors_step=1.598 | max_active_neighbors_step=4 | interaction_reward=0.0000 | abs_interaction_reward=0.0000 | anti_stag_reward=0.0000 | abs_anti_stag_reward=0.0000 | wall_clear_reward=0.0000 | abs_wall_clear_reward=0.0000 | local_nav_reward=0.0000 | abs_local_nav_reward=0.0000 | robot_proximity_reward=-0.5594 | abs_robot_proximity_reward=0.5594 | robot_clearance_reward=0.0390 | context_neighbors_mean=1.65 | context_neighbors_max=4 | last_context_neighbors_mean=0.00 | last_context_neighbors_max=0 | actor_unlocked=0 | expl_noise=0.0780 | replay=7572 | interaction_replay=3516 | samples/sec=10.640
Episode 87 complete | agent_samples=7654 | env_steps=3258 | episode_env_steps=24 | episode_agent_samples=82 | mean_reward=75.636 | success=4/5 | collision=1/5 | mean_final_distance=0.497 | mean_progress=0.0049 | min_laser=0.301 | mean_lin=0.748 | mean_ang=0.200 | mean_robot_dist=inf | raw_reward=20.000 | adjusted_reward=20.000 | coop_agents=0/5 | mean_coop_neighbors=0.00 | active_neighbor_step_rate=0.610 | mean_active_neighbors_step=1.537 | max_active_neighbors_step=4 | interaction_reward=0.0000 | abs_interaction_reward=0.0000 | anti_stag_reward=0.0000 | abs_anti_stag_reward=0.0000 | wall_clear_reward=0.0000 | abs_wall_clear_reward=0.0000 | local_nav_reward=0.0000 | abs_local_nav_reward=0.0000 | robot_proximity_reward=-0.6046 | abs_robot_proximity_reward=0.6046 | robot_clearance_reward=0.0688 | context_neighbors_mean=1.62 | context_neighbors_max=4 | last_context_neighbors_mean=0.00 | last_context_neighbors_max=0 | actor_unlocked=0 | expl_noise=0.0780 | replay=7654 | interaction_replay=3564 | samples/sec=10.675
Episode 88 complete | agent_samples=7773 | env_steps=3298 | episode_env_steps=40 | episode_agent_samples=119 | mean_reward=22.931 | success=3/5 | collision=2/5 | mean_final_distance=0.335 | mean_progress=0.0149 | min_laser=0.313 | mean_lin=0.596 | mean_ang=-0.486 | mean_robot_dist=inf | raw_reward=20.000 | adjusted_reward=20.000 | coop_agents=0/5 | mean_coop_neighbors=0.00 | active_neighbor_step_rate=0.681 | mean_active_neighbors_step=1.504 | max_active_neighbors_step=4 | interaction_reward=0.0000 | abs_interaction_reward=0.0000 | anti_stag_reward=0.0000 | abs_anti_stag_reward=0.0000 | wall_clear_reward=0.0000 | abs_wall_clear_reward=0.0000 | local_nav_reward=0.0000 | abs_local_nav_reward=0.0000 | robot_proximity_reward=-1.1023 | abs_robot_proximity_reward=1.1023 | robot_clearance_reward=0.0526 | context_neighbors_mean=1.54 | context_neighbors_max=4 | last_context_neighbors_mean=0.00 | last_context_neighbors_max=0 | actor_unlocked=0 | expl_noise=0.0779 | replay=7773 | interaction_replay=3635 | samples/sec=10.710
Episode 89 complete | agent_samples=7864 | env_steps=3351 | episode_env_steps=53 | episode_agent_samples=91 | mean_reward=68.610 | success=4/5 | collision=1/5 | mean_final_distance=0.457 | mean_progress=0.0026 | min_laser=0.342 | mean_lin=0.892 | mean_ang=0.525 | mean_robot_dist=inf | raw_reward=-20.000 | adjusted_reward=-20.000 | coop_agents=0/5 | mean_coop_neighbors=0.00 | active_neighbor_step_rate=0.429 | mean_active_neighbors_step=0.769 | max_active_neighbors_step=3 | interaction_reward=0.0000 | abs_interaction_reward=0.0000 | anti_stag_reward=0.0000 | abs_anti_stag_reward=0.0000 | wall_clear_reward=0.0000 | abs_wall_clear_reward=0.0000 | local_nav_reward=0.0000 | abs_local_nav_reward=0.0000 | robot_proximity_reward=-0.2910 | abs_robot_proximity_reward=0.2910 | robot_clearance_reward=0.0237 | context_neighbors_mean=0.81 | context_neighbors_max=3 | last_context_neighbors_mean=0.00 | last_context_neighbors_max=0 | actor_unlocked=0 | expl_noise=0.0779 | replay=7864 | interaction_replay=3677 | samples/sec=10.665
Episode 90 complete | agent_samples=7934 | env_steps=3371 | episode_env_steps=20 | episode_agent_samples=70 | mean_reward=101.044 | success=5/5 | collision=0/5 | mean_final_distance=0.252 | mean_progress=0.0078 | min_laser=0.418 | mean_lin=0.811 | mean_ang=-0.130 | mean_robot_dist=inf | raw_reward=20.000 | adjusted_reward=20.000 | coop_agents=0/5 | mean_coop_neighbors=0.00 | active_neighbor_step_rate=0.643 | mean_active_neighbors_step=1.600 | max_active_neighbors_step=4 | interaction_reward=0.0000 | abs_interaction_reward=0.0000 | anti_stag_reward=0.0000 | abs_anti_stag_reward=0.0000 | wall_clear_reward=0.0000 | abs_wall_clear_reward=0.0000 | local_nav_reward=0.0000 | abs_local_nav_reward=0.0000 | robot_proximity_reward=-1.0622 | abs_robot_proximity_reward=1.0622 | robot_clearance_reward=0.0027 | context_neighbors_mean=1.70 | context_neighbors_max=4 | last_context_neighbors_mean=0.00 | last_context_neighbors_max=0 | actor_unlocked=0 | expl_noise=0.0779 | replay=7934 | interaction_replay=3724 | samples/sec=10.696
Status | epoch=1 | next_eval_in=12066 agent_samples | checkpoint_every=10 episodes | checkpoint=./checkpoints/interaction_focused_actor_from_5d_s20260725_latest.pt | model=interaction_focused_actor_from_5d_s20260725
Checkpoint saved: ./checkpoints/interaction_focused_actor_from_5d_s20260725_latest.pt
Episode 91 complete | agent_samples=7969 | env_steps=3381 | episode_env_steps=10 | episode_agent_samples=35 | mean_reward=-21.139 | success=2/5 | collision=3/5 | mean_final_distance=1.294 | mean_progress=0.0188 | min_laser=0.300 | mean_lin=0.604 | mean_ang=0.181 | mean_robot_dist=inf | raw_reward=20.000 | adjusted_reward=20.000 | coop_agents=0/5 | mean_coop_neighbors=0.00 | active_neighbor_step_rate=0.914 | mean_active_neighbors_step=2.400 | max_active_neighbors_step=4 | interaction_reward=0.0000 | abs_interaction_reward=0.0000 | anti_stag_reward=0.0000 | abs_anti_stag_reward=0.0000 | wall_clear_reward=0.0000 | abs_wall_clear_reward=0.0000 | local_nav_reward=0.0000 | abs_local_nav_reward=0.0000 | robot_proximity_reward=-1.0393 | abs_robot_proximity_reward=1.0393 | robot_clearance_reward=0.0000 | context_neighbors_mean=2.43 | context_neighbors_max=4 | last_context_neighbors_mean=0.00 | last_context_neighbors_max=0 | actor_unlocked=0 | expl_noise=0.0779 | replay=7969 | interaction_replay=3736 | samples/sec=10.708
Episode 92 complete | agent_samples=8050 | env_steps=3415 | episode_env_steps=34 | episode_agent_samples=81 | mean_reward=109.134 | success=5/5 | collision=0/5 | mean_final_distance=0.248 | mean_progress=0.0167 | min_laser=0.477 | mean_lin=0.800 | mean_ang=-0.169 | mean_robot_dist=inf | raw_reward=20.000 | adjusted_reward=20.000 | coop_agents=0/5 | mean_coop_neighbors=0.00 | active_neighbor_step_rate=0.543 | mean_active_neighbors_step=0.914 | max_active_neighbors_step=4 | interaction_reward=0.0000 | abs_interaction_reward=0.0000 | anti_stag_reward=0.0000 | abs_anti_stag_reward=0.0000 | wall_clear_reward=0.0000 | abs_wall_clear_reward=0.0000 | local_nav_reward=0.0000 | abs_local_nav_reward=0.0000 | robot_proximity_reward=-0.2099 | abs_robot_proximity_reward=0.2099 | robot_clearance_reward=0.0425 | context_neighbors_mean=0.98 | context_neighbors_max=4 | last_context_neighbors_mean=0.00 | last_context_neighbors_max=0 | actor_unlocked=0 | expl_noise=0.0779 | replay=8050 | interaction_replay=3764 | samples/sec=10.709
Episode 93 complete | agent_samples=8114 | env_steps=3441 | episode_env_steps=26 | episode_agent_samples=64 | mean_reward=13.310 | success=3/5 | collision=2/5 | mean_final_distance=0.600 | mean_progress=0.0087 | min_laser=0.301 | mean_lin=0.876 | mean_ang=-0.555 | mean_robot_dist=inf | raw_reward=20.000 | adjusted_reward=20.000 | coop_agents=0/5 | mean_coop_neighbors=0.00 | active_neighbor_step_rate=0.797 | mean_active_neighbors_step=2.141 | max_active_neighbors_step=4 | interaction_reward=0.0000 | abs_interaction_reward=0.0000 | anti_stag_reward=0.0000 | abs_anti_stag_reward=0.0000 | wall_clear_reward=0.0000 | abs_wall_clear_reward=0.0000 | local_nav_reward=0.0000 | abs_local_nav_reward=0.0000 | robot_proximity_reward=-0.9588 | abs_robot_proximity_reward=0.9588 | robot_clearance_reward=0.0719 | context_neighbors_mean=2.19 | context_neighbors_max=4 | last_context_neighbors_mean=0.00 | last_context_neighbors_max=0 | actor_unlocked=0 | expl_noise=0.0778 | replay=8114 | interaction_replay=3807 | samples/sec=10.714
Episode 94 complete | agent_samples=8189 | env_steps=3462 | episode_env_steps=21 | episode_agent_samples=75 | mean_reward=115.738 | success=5/5 | collision=0/5 | mean_final_distance=0.252 | mean_progress=0.0173 | min_laser=0.444 | mean_lin=0.998 | mean_ang=0.191 | mean_robot_dist=inf | raw_reward=20.000 | adjusted_reward=20.000 | coop_agents=0/5 | mean_coop_neighbors=0.00 | active_neighbor_step_rate=0.720 | mean_active_neighbors_step=1.813 | max_active_neighbors_step=4 | interaction_reward=0.0000 | abs_interaction_reward=0.0000 | anti_stag_reward=0.0000 | abs_anti_stag_reward=0.0000 | wall_clear_reward=0.0000 | abs_wall_clear_reward=0.0000 | local_nav_reward=0.0000 | abs_local_nav_reward=0.0000 | robot_proximity_reward=-0.7621 | abs_robot_proximity_reward=0.7621 | robot_clearance_reward=0.0443 | context_neighbors_mean=1.91 | context_neighbors_max=4 | last_context_neighbors_mean=0.00 | last_context_neighbors_max=0 | actor_unlocked=0 | expl_noise=0.0778 | replay=8189 | interaction_replay=3856 | samples/sec=10.747
Episode 95 complete | agent_samples=8317 | env_steps=3531 | episode_env_steps=69 | episode_agent_samples=128 | mean_reward=103.838 | success=5/5 | collision=0/5 | mean_final_distance=0.266 | mean_progress=0.0112 | min_laser=0.388 | mean_lin=0.947 | mean_ang=0.107 | mean_robot_dist=inf | raw_reward=20.000 | adjusted_reward=20.000 | coop_agents=0/5 | mean_coop_neighbors=0.00 | active_neighbor_step_rate=0.492 | mean_active_neighbors_step=1.078 | max_active_neighbors_step=4 | interaction_reward=0.0000 | abs_interaction_reward=0.0000 | anti_stag_reward=0.0000 | abs_anti_stag_reward=0.0000 | wall_clear_reward=0.0000 | abs_wall_clear_reward=0.0000 | local_nav_reward=0.0000 | abs_local_nav_reward=0.0000 | robot_proximity_reward=-0.4329 | abs_robot_proximity_reward=0.4329 | robot_clearance_reward=0.0312 | context_neighbors_mean=1.13 | context_neighbors_max=4 | last_context_neighbors_mean=0.00 | last_context_neighbors_max=0 | actor_unlocked=0 | expl_noise=0.0778 | replay=8317 | interaction_replay=3898 | samples/sec=10.703
Status | epoch=1 | next_eval_in=11683 agent_samples | checkpoint_every=10 episodes | checkpoint=./checkpoints/interaction_focused_actor_from_5d_s20260725_latest.pt | model=interaction_focused_actor_from_5d_s20260725
Episode 96 complete | agent_samples=8398 | env_steps=3569 | episode_env_steps=38 | episode_agent_samples=81 | mean_reward=75.329 | success=4/5 | collision=1/5 | mean_final_distance=0.470 | mean_progress=0.0163 | min_laser=0.337 | mean_lin=0.799 | mean_ang=0.152 | mean_robot_dist=inf | raw_reward=20.000 | adjusted_reward=20.000 | coop_agents=0/5 | mean_coop_neighbors=0.00 | active_neighbor_step_rate=0.630 | mean_active_neighbors_step=1.556 | max_active_neighbors_step=4 | interaction_reward=0.0000 | abs_interaction_reward=0.0000 | anti_stag_reward=0.0000 | abs_anti_stag_reward=0.0000 | wall_clear_reward=0.0000 | abs_wall_clear_reward=0.0000 | local_nav_reward=0.0000 | abs_local_nav_reward=0.0000 | robot_proximity_reward=-0.6623 | abs_robot_proximity_reward=0.6623 | robot_clearance_reward=0.1090 | context_neighbors_mean=1.62 | context_neighbors_max=4 | last_context_neighbors_mean=0.00 | last_context_neighbors_max=0 | actor_unlocked=0 | expl_noise=0.0778 | replay=8398 | interaction_replay=3950 | samples/sec=10.693
Episode 97 complete | agent_samples=8540 | env_steps=3635 | episode_env_steps=66 | episode_agent_samples=142 | mean_reward=124.365 | success=5/5 | collision=0/5 | mean_final_distance=0.260 | mean_progress=0.0056 | min_laser=0.760 | mean_lin=0.791 | mean_ang=-0.317 | mean_robot_dist=inf | raw_reward=20.000 | adjusted_reward=20.000 | coop_agents=0/5 | mean_coop_neighbors=0.00 | active_neighbor_step_rate=0.345 | mean_active_neighbors_step=0.711 | max_active_neighbors_step=4 | interaction_reward=0.0000 | abs_interaction_reward=0.0000 | anti_stag_reward=0.0000 | abs_anti_stag_reward=0.0000 | wall_clear_reward=0.0000 | abs_wall_clear_reward=0.0000 | local_nav_reward=0.0000 | abs_local_nav_reward=0.0000 | robot_proximity_reward=-0.0024 | abs_robot_proximity_reward=0.0024 | robot_clearance_reward=0.0140 | context_neighbors_mean=0.75 | context_neighbors_max=4 | last_context_neighbors_mean=0.00 | last_context_neighbors_max=0 | actor_unlocked=0 | expl_noise=0.0777 | replay=8540 | interaction_replay=3982 | samples/sec=10.679
Episode 98 complete | agent_samples=8625 | env_steps=3665 | episode_env_steps=30 | episode_agent_samples=85 | mean_reward=77.918 | success=4/5 | collision=1/5 | mean_final_distance=0.515 | mean_progress=0.0148 | min_laser=0.300 | mean_lin=0.830 | mean_ang=-0.323 | mean_robot_dist=inf | raw_reward=20.000 | adjusted_reward=20.000 | coop_agents=0/5 | mean_coop_neighbors=0.00 | active_neighbor_step_rate=0.694 | mean_active_neighbors_step=1.576 | max_active_neighbors_step=4 | interaction_reward=0.0000 | abs_interaction_reward=0.0000 | anti_stag_reward=0.0000 | abs_anti_stag_reward=0.0000 | wall_clear_reward=0.0000 | abs_wall_clear_reward=0.0000 | local_nav_reward=0.0000 | abs_local_nav_reward=0.0000 | robot_proximity_reward=-0.4113 | abs_robot_proximity_reward=0.4113 | robot_clearance_reward=0.0417 | context_neighbors_mean=1.62 | context_neighbors_max=4 | last_context_neighbors_mean=0.00 | last_context_neighbors_max=0 | actor_unlocked=0 | expl_noise=0.0777 | replay=8625 | interaction_replay=4027 | samples/sec=10.697
Episode 99 complete | agent_samples=8747 | env_steps=3694 | episode_env_steps=29 | episode_agent_samples=122 | mean_reward=135.145 | success=5/5 | collision=0/5 | mean_final_distance=0.266 | mean_progress=0.0098 | min_laser=0.530 | mean_lin=0.864 | mean_ang=-0.110 | mean_robot_dist=inf | raw_reward=20.000 | adjusted_reward=20.000 | coop_agents=0/5 | mean_coop_neighbors=0.00 | active_neighbor_step_rate=0.820 | mean_active_neighbors_step=1.934 | max_active_neighbors_step=4 | interaction_reward=0.0000 | abs_interaction_reward=0.0000 | anti_stag_reward=0.0000 | abs_anti_stag_reward=0.0000 | wall_clear_reward=0.0000 | abs_wall_clear_reward=0.0000 | local_nav_reward=0.0000 | abs_local_nav_reward=0.0000 | robot_proximity_reward=-0.0564 | abs_robot_proximity_reward=0.0564 | robot_clearance_reward=0.0236 | context_neighbors_mean=1.94 | context_neighbors_max=4 | last_context_neighbors_mean=0.00 | last_context_neighbors_max=0 | actor_unlocked=0 | expl_noise=0.0777 | replay=8747 | interaction_replay=4054 | samples/sec=10.763
Episode 100 complete | agent_samples=8851 | env_steps=3738 | episode_env_steps=44 | episode_agent_samples=104 | mean_reward=114.990 | success=5/5 | collision=0/5 | mean_final_distance=0.237 | mean_progress=0.0270 | min_laser=0.610 | mean_lin=0.939 | mean_ang=-0.369 | mean_robot_dist=inf | raw_reward=20.000 | adjusted_reward=20.000 | coop_agents=0/5 | mean_coop_neighbors=0.00 | active_neighbor_step_rate=0.760 | mean_active_neighbors_step=1.663 | max_active_neighbors_step=4 | interaction_reward=0.0000 | abs_interaction_reward=0.0000 | anti_stag_reward=0.0000 | abs_anti_stag_reward=0.0000 | wall_clear_reward=0.0000 | abs_wall_clear_reward=0.0000 | local_nav_reward=0.0000 | abs_local_nav_reward=0.0000 | robot_proximity_reward=-0.0930 | abs_robot_proximity_reward=0.0930 | robot_clearance_reward=0.0691 | context_neighbors_mean=1.70 | context_neighbors_max=4 | last_context_neighbors_mean=0.00 | last_context_neighbors_max=0 | actor_unlocked=0 | expl_noise=0.0777 | replay=8851 | interaction_replay=4089 | samples/sec=10.763
Status | epoch=1 | next_eval_in=11149 agent_samples | checkpoint_every=10 episodes | checkpoint=./checkpoints/interaction_focused_actor_from_5d_s20260725_latest.pt | model=interaction_focused_actor_from_5d_s20260725
Checkpoint saved: ./checkpoints/interaction_focused_actor_from_5d_s20260725_latest.pt
Episode 101 complete | agent_samples=8992 | env_steps=3805 | episode_env_steps=67 | episode_agent_samples=141 | mean_reward=116.826 | success=5/5 | collision=0/5 | mean_final_distance=0.288 | mean_progress=0.0049 | min_laser=0.516 | mean_lin=0.737 | mean_ang=-0.569 | mean_robot_dist=inf | raw_reward=20.000 | adjusted_reward=20.000 | coop_agents=0/5 | mean_coop_neighbors=0.00 | active_neighbor_step_rate=0.596 | mean_active_neighbors_step=1.234 | max_active_neighbors_step=4 | interaction_reward=0.0000 | abs_interaction_reward=0.0000 | anti_stag_reward=0.0000 | abs_anti_stag_reward=0.0000 | wall_clear_reward=0.0000 | abs_wall_clear_reward=0.0000 | local_nav_reward=0.0000 | abs_local_nav_reward=0.0000 | robot_proximity_reward=-0.0663 | abs_robot_proximity_reward=0.0663 | robot_clearance_reward=0.0067 | context_neighbors_mean=1.24 | context_neighbors_max=4 | last_context_neighbors_mean=0.00 | last_context_neighbors_max=0 | actor_unlocked=0 | expl_noise=0.0776 | replay=8992 | interaction_replay=4128 | samples/sec=10.743
Episode 102 complete | agent_samples=9064 | env_steps=3828 | episode_env_steps=23 | episode_agent_samples=72 | mean_reward=87.021 | success=4/5 | collision=1/5 | mean_final_distance=0.432 | mean_progress=0.0280 | min_laser=0.318 | mean_lin=1.000 | mean_ang=0.685 | mean_robot_dist=inf | raw_reward=20.000 | adjusted_reward=20.000 | coop_agents=0/5 | mean_coop_neighbors=0.00 | active_neighbor_step_rate=0.528 | mean_active_neighbors_step=1.264 | max_active_neighbors_step=4 | interaction_reward=0.0000 | abs_interaction_reward=0.0000 | anti_stag_reward=0.0000 | abs_anti_stag_reward=0.0000 | wall_clear_reward=0.0000 | abs_wall_clear_reward=0.0000 | local_nav_reward=0.0000 | abs_local_nav_reward=0.0000 | robot_proximity_reward=-0.1937 | abs_robot_proximity_reward=0.1937 | robot_clearance_reward=0.0558 | context_neighbors_mean=1.26 | context_neighbors_max=4 | last_context_neighbors_mean=0.00 | last_context_neighbors_max=0 | actor_unlocked=0 | expl_noise=0.0776 | replay=9064 | interaction_replay=4155 | samples/sec=10.763
Episode 103 complete | agent_samples=9128 | env_steps=3859 | episode_env_steps=31 | episode_agent_samples=64 | mean_reward=95.281 | success=5/5 | collision=0/5 | mean_final_distance=0.273 | mean_progress=0.0031 | min_laser=0.779 | mean_lin=0.765 | mean_ang=-0.320 | mean_robot_dist=inf | raw_reward=20.000 | adjusted_reward=20.000 | coop_agents=0/5 | mean_coop_neighbors=0.00 | active_neighbor_step_rate=0.609 | mean_active_neighbors_step=1.688 | max_active_neighbors_step=4 | interaction_reward=0.0000 | abs_interaction_reward=0.0000 | anti_stag_reward=0.0000 | abs_anti_stag_reward=0.0000 | wall_clear_reward=0.0000 | abs_wall_clear_reward=0.0000 | local_nav_reward=0.0000 | abs_local_nav_reward=0.0000 | robot_proximity_reward=-0.3817 | abs_robot_proximity_reward=0.3817 | robot_clearance_reward=0.0637 | context_neighbors_mean=1.77 | context_neighbors_max=4 | last_context_neighbors_mean=0.00 | last_context_neighbors_max=0 | actor_unlocked=0 | expl_noise=0.0776 | replay=9128 | interaction_replay=4192 | samples/sec=10.752
Episode 104 complete | agent_samples=9289 | env_steps=3943 | episode_env_steps=84 | episode_agent_samples=161 | mean_reward=127.543 | success=5/5 | collision=0/5 | mean_final_distance=0.260 | mean_progress=0.0127 | min_laser=0.507 | mean_lin=0.988 | mean_ang=-0.102 | mean_robot_dist=inf | raw_reward=20.000 | adjusted_reward=20.000 | coop_agents=0/5 | mean_coop_neighbors=0.00 | active_neighbor_step_rate=0.460 | mean_active_neighbors_step=1.043 | max_active_neighbors_step=4 | interaction_reward=0.0000 | abs_interaction_reward=0.0000 | anti_stag_reward=0.0000 | abs_anti_stag_reward=0.0000 | wall_clear_reward=0.0000 | abs_wall_clear_reward=0.0000 | local_nav_reward=0.0000 | abs_local_nav_reward=0.0000 | robot_proximity_reward=-0.1545 | abs_robot_proximity_reward=0.1545 | robot_clearance_reward=0.0466 | context_neighbors_mean=1.07 | context_neighbors_max=4 | last_context_neighbors_mean=0.00 | last_context_neighbors_max=0 | actor_unlocked=0 | expl_noise=0.0775 | replay=9289 | interaction_replay=4234 | samples/sec=10.710
Episode 105 complete | agent_samples=9348 | env_steps=3962 | episode_env_steps=19 | episode_agent_samples=59 | mean_reward=70.989 | success=4/5 | collision=1/5 | mean_final_distance=0.465 | mean_progress=0.0226 | min_laser=0.300 | mean_lin=0.800 | mean_ang=0.214 | mean_robot_dist=inf | raw_reward=20.000 | adjusted_reward=20.000 | coop_agents=0/5 | mean_coop_neighbors=0.00 | active_neighbor_step_rate=0.881 | mean_active_neighbors_step=2.542 | max_active_neighbors_step=4 | interaction_reward=0.0000 | abs_interaction_reward=0.0000 | anti_stag_reward=0.0000 | abs_anti_stag_reward=0.0000 | wall_clear_reward=0.0000 | abs_wall_clear_reward=0.0000 | local_nav_reward=0.0000 | abs_local_nav_reward=0.0000 | robot_proximity_reward=-0.6664 | abs_robot_proximity_reward=0.6664 | robot_clearance_reward=0.0339 | context_neighbors_mean=2.59 | context_neighbors_max=4 | last_context_neighbors_mean=0.00 | last_context_neighbors_max=0 | actor_unlocked=0 | expl_noise=0.0775 | replay=9348 | interaction_replay=4253 | samples/sec=10.725
Status | epoch=1 | next_eval_in=10652 agent_samples | checkpoint_every=10 episodes | checkpoint=./checkpoints/interaction_focused_actor_from_5d_s20260725_latest.pt | model=interaction_focused_actor_from_5d_s20260725
Episode 106 complete | agent_samples=9421 | env_steps=3988 | episode_env_steps=26 | episode_agent_samples=73 | mean_reward=116.426 | success=5/5 | collision=0/5 | mean_final_distance=0.239 | mean_progress=0.0170 | min_laser=0.483 | mean_lin=0.988 | mean_ang=0.012 | mean_robot_dist=inf | raw_reward=20.000 | adjusted_reward=20.000 | coop_agents=0/5 | mean_coop_neighbors=0.00 | active_neighbor_step_rate=0.836 | mean_active_neighbors_step=1.877 | max_active_neighbors_step=4 | interaction_reward=0.0000 | abs_interaction_reward=0.0000 | anti_stag_reward=0.0000 | abs_anti_stag_reward=0.0000 | wall_clear_reward=0.0000 | abs_wall_clear_reward=0.0000 | local_nav_reward=0.0000 | abs_local_nav_reward=0.0000 | robot_proximity_reward=-0.0362 | abs_robot_proximity_reward=0.0362 | robot_clearance_reward=0.0196 | context_neighbors_mean=1.93 | context_neighbors_max=4 | last_context_neighbors_mean=0.00 | last_context_neighbors_max=0 | actor_unlocked=0 | expl_noise=0.0775 | replay=9421 | interaction_replay=4295 | samples/sec=10.738
Episode 107 complete | agent_samples=9480 | env_steps=4003 | episode_env_steps=15 | episode_agent_samples=59 | mean_reward=28.622 | success=3/5 | collision=2/5 | mean_final_distance=0.342 | mean_progress=0.0186 | min_laser=0.304 | mean_lin=0.933 | mean_ang=0.254 | mean_robot_dist=inf | raw_reward=20.000 | adjusted_reward=20.000 | coop_agents=0/5 | mean_coop_neighbors=0.00 | active_neighbor_step_rate=0.983 | mean_active_neighbors_step=1.864 | max_active_neighbors_step=4 | interaction_reward=0.0000 | abs_interaction_reward=0.0000 | anti_stag_reward=0.0000 | abs_anti_stag_reward=0.0000 | wall_clear_reward=0.0000 | abs_wall_clear_reward=0.0000 | local_nav_reward=0.0000 | abs_local_nav_reward=0.0000 | robot_proximity_reward=-0.8509 | abs_robot_proximity_reward=0.8509 | robot_clearance_reward=0.0000 | context_neighbors_mean=1.93 | context_neighbors_max=4 | last_context_neighbors_mean=0.00 | last_context_neighbors_max=0 | actor_unlocked=0 | expl_noise=0.0775 | replay=9480 | interaction_replay=4340 | samples/sec=10.764
Episode 108 complete | agent_samples=9577 | env_steps=4064 | episode_env_steps=61 | episode_agent_samples=97 | mean_reward=110.740 | success=5/5 | collision=0/5 | mean_final_distance=0.260 | mean_progress=0.0107 | min_laser=0.512 | mean_lin=0.954 | mean_ang=0.501 | mean_robot_dist=inf | raw_reward=20.000 | adjusted_reward=20.000 | coop_agents=0/5 | mean_coop_neighbors=0.00 | active_neighbor_step_rate=0.351 | mean_active_neighbors_step=0.979 | max_active_neighbors_step=4 | interaction_reward=0.0000 | abs_interaction_reward=0.0000 | anti_stag_reward=0.0000 | abs_anti_stag_reward=0.0000 | wall_clear_reward=0.0000 | abs_wall_clear_reward=0.0000 | local_nav_reward=0.0000 | abs_local_nav_reward=0.0000 | robot_proximity_reward=-0.3618 | abs_robot_proximity_reward=0.3618 | robot_clearance_reward=0.0206 | context_neighbors_mean=1.02 | context_neighbors_max=4 | last_context_neighbors_mean=0.00 | last_context_neighbors_max=0 | actor_unlocked=0 | expl_noise=0.0775 | replay=9577 | interaction_replay=4365 | samples/sec=10.713
Episode 109 complete | agent_samples=9683 | env_steps=4100 | episode_env_steps=36 | episode_agent_samples=106 | mean_reward=116.909 | success=5/5 | collision=0/5 | mean_final_distance=0.239 | mean_progress=0.0103 | min_laser=0.423 | mean_lin=1.000 | mean_ang=0.395 | mean_robot_dist=inf | raw_reward=20.000 | adjusted_reward=20.000 | coop_agents=0/5 | mean_coop_neighbors=0.00 | active_neighbor_step_rate=0.623 | mean_active_neighbors_step=1.406 | max_active_neighbors_step=4 | interaction_reward=0.0000 | abs_interaction_reward=0.0000 | anti_stag_reward=0.0000 | abs_anti_stag_reward=0.0000 | wall_clear_reward=0.0000 | abs_wall_clear_reward=0.0000 | local_nav_reward=0.0000 | abs_local_nav_reward=0.0000 | robot_proximity_reward=-0.5124 | abs_robot_proximity_reward=0.5124 | robot_clearance_reward=0.0026 | context_neighbors_mean=1.48 | context_neighbors_max=4 | last_context_neighbors_mean=0.00 | last_context_neighbors_max=0 | actor_unlocked=0 | expl_noise=0.0774 | replay=9683 | interaction_replay=4391 | samples/sec=10.736
Episode 110 complete | agent_samples=9837 | env_steps=4204 | episode_env_steps=104 | episode_agent_samples=154 | mean_reward=117.133 | success=5/5 | collision=0/5 | mean_final_distance=0.269 | mean_progress=0.0133 | min_laser=0.538 | mean_lin=0.774 | mean_ang=0.154 | mean_robot_dist=inf | raw_reward=20.000 | adjusted_reward=20.000 | coop_agents=0/5 | mean_coop_neighbors=0.00 | active_neighbor_step_rate=0.416 | mean_active_neighbors_step=1.247 | max_active_neighbors_step=4 | interaction_reward=0.0000 | abs_interaction_reward=0.0000 | anti_stag_reward=0.0000 | abs_anti_stag_reward=0.0000 | wall_clear_reward=0.0000 | abs_wall_clear_reward=0.0000 | local_nav_reward=0.0000 | abs_local_nav_reward=0.0000 | robot_proximity_reward=0.0000 | abs_robot_proximity_reward=0.0000 | robot_clearance_reward=0.0000 | context_neighbors_mean=1.26 | context_neighbors_max=4 | last_context_neighbors_mean=0.00 | last_context_neighbors_max=0 | actor_unlocked=0 | expl_noise=0.0774 | replay=9837 | interaction_replay=4422 | samples/sec=10.642
Status | epoch=1 | next_eval_in=10163 agent_samples | checkpoint_every=10 episodes | checkpoint=./checkpoints/interaction_focused_actor_from_5d_s20260725_latest.pt | model=interaction_focused_actor_from_5d_s20260725
Checkpoint saved: ./checkpoints/interaction_focused_actor_from_5d_s20260725_latest.pt
Episode 111 complete | agent_samples=10016 | env_steps=4292 | episode_env_steps=88 | episode_agent_samples=179 | mean_reward=78.068 | success=4/5 | collision=1/5 | mean_final_distance=0.401 | mean_progress=0.0068 | min_laser=0.300 | mean_lin=0.980 | mean_ang=0.133 | mean_robot_dist=inf | raw_reward=20.000 | adjusted_reward=20.000 | coop_agents=0/5 | mean_coop_neighbors=0.00 | active_neighbor_step_rate=0.575 | mean_active_neighbors_step=1.430 | max_active_neighbors_step=4 | interaction_reward=0.0000 | abs_interaction_reward=0.0000 | anti_stag_reward=0.0000 | abs_anti_stag_reward=0.0000 | wall_clear_reward=0.0000 | abs_wall_clear_reward=0.0000 | local_nav_reward=0.0000 | abs_local_nav_reward=0.0000 | robot_proximity_reward=-0.0499 | abs_robot_proximity_reward=0.0499 | robot_clearance_reward=0.0223 | context_neighbors_mean=1.46 | context_neighbors_max=4 | last_context_neighbors_mean=0.00 | last_context_neighbors_max=0 | actor_unlocked=0 | expl_noise=0.0773 | replay=10016 | interaction_replay=4454 | samples/sec=10.615
Episode 112 complete | agent_samples=10100 | env_steps=4334 | episode_env_steps=42 | episode_agent_samples=84 | mean_reward=124.419 | success=5/5 | collision=0/5 | mean_final_distance=0.245 | mean_progress=0.0115 | min_laser=0.579 | mean_lin=1.000 | mean_ang=0.519 | mean_robot_dist=inf | raw_reward=20.000 | adjusted_reward=20.000 | coop_agents=0/5 | mean_coop_neighbors=0.00 | active_neighbor_step_rate=0.607 | mean_active_neighbors_step=1.464 | max_active_neighbors_step=4 | interaction_reward=0.0000 | abs_interaction_reward=0.0000 | anti_stag_reward=0.0000 | abs_anti_stag_reward=0.0000 | wall_clear_reward=0.0000 | abs_wall_clear_reward=0.0000 | local_nav_reward=0.0000 | abs_local_nav_reward=0.0000 | robot_proximity_reward=-0.1357 | abs_robot_proximity_reward=0.1357 | robot_clearance_reward=0.0514 | context_neighbors_mean=1.48 | context_neighbors_max=4 | last_context_neighbors_mean=0.00 | last_context_neighbors_max=0 | actor_unlocked=0 | expl_noise=0.0773 | replay=10100 | interaction_replay=4463 | samples/sec=10.600
Episode 113 complete | agent_samples=10222 | env_steps=4381 | episode_env_steps=47 | episode_agent_samples=122 | mean_reward=123.536 | success=5/5 | collision=0/5 | mean_final_distance=0.264 | mean_progress=0.0076 | min_laser=0.582 | mean_lin=0.966 | mean_ang=0.578 | mean_robot_dist=inf | raw_reward=20.000 | adjusted_reward=20.000 | coop_agents=0/5 | mean_coop_neighbors=0.00 | active_neighbor_step_rate=0.484 | mean_active_neighbors_step=1.344 | max_active_neighbors_step=4 | interaction_reward=0.0000 | abs_interaction_reward=0.0000 | anti_stag_reward=0.0000 | abs_anti_stag_reward=0.0000 | wall_clear_reward=0.0000 | abs_wall_clear_reward=0.0000 | local_nav_reward=0.0000 | abs_local_nav_reward=0.0000 | robot_proximity_reward=-0.2282 | abs_robot_proximity_reward=0.2282 | robot_clearance_reward=0.0164 | context_neighbors_mean=1.39 | context_neighbors_max=4 | last_context_neighbors_mean=0.00 | last_context_neighbors_max=0 | actor_unlocked=0 | expl_noise=0.0773 | replay=10222 | interaction_replay=4509 | samples/sec=10.614
Episode 114 complete | agent_samples=10323 | env_steps=4425 | episode_env_steps=44 | episode_agent_samples=101 | mean_reward=112.649 | success=5/5 | collision=0/5 | mean_final_distance=0.258 | mean_progress=0.0166 | min_laser=0.606 | mean_lin=0.936 | mean_ang=-0.411 | mean_robot_dist=inf | raw_reward=20.000 | adjusted_reward=20.000 | coop_agents=0/5 | mean_coop_neighbors=0.00 | active_neighbor_step_rate=0.614 | mean_active_neighbors_step=1.307 | max_active_neighbors_step=4 | interaction_reward=0.0000 | abs_interaction_reward=0.0000 | anti_stag_reward=0.0000 | abs_anti_stag_reward=0.0000 | wall_clear_reward=0.0000 | abs_wall_clear_reward=0.0000 | local_nav_reward=0.0000 | abs_local_nav_reward=0.0000 | robot_proximity_reward=-0.3635 | abs_robot_proximity_reward=0.3635 | robot_clearance_reward=0.0291 | context_neighbors_mean=1.34 | context_neighbors_max=4 | last_context_neighbors_mean=0.00 | last_context_neighbors_max=0 | actor_unlocked=0 | expl_noise=0.0772 | replay=10323 | interaction_replay=4572 | samples/sec=10.613
Episode 115 complete | agent_samples=10456 | env_steps=4470 | episode_env_steps=45 | episode_agent_samples=133 | mean_reward=113.913 | success=5/5 | collision=0/5 | mean_final_distance=0.279 | mean_progress=0.0020 | min_laser=0.389 | mean_lin=0.990 | mean_ang=0.195 | mean_robot_dist=inf | raw_reward=20.000 | adjusted_reward=20.000 | coop_agents=0/5 | mean_coop_neighbors=0.00 | active_neighbor_step_rate=0.820 | mean_active_neighbors_step=1.992 | max_active_neighbors_step=4 | interaction_reward=0.0000 | abs_interaction_reward=0.0000 | anti_stag_reward=0.0000 | abs_anti_stag_reward=0.0000 | wall_clear_reward=0.0000 | abs_wall_clear_reward=0.0000 | local_nav_reward=0.0000 | abs_local_nav_reward=0.0000 | robot_proximity_reward=-0.1468 | abs_robot_proximity_reward=0.1468 | robot_clearance_reward=0.0000 | context_neighbors_mean=2.01 | context_neighbors_max=4 | last_context_neighbors_mean=0.00 | last_context_neighbors_max=0 | actor_unlocked=0 | expl_noise=0.0772 | replay=10456 | interaction_replay=4619 | samples/sec=10.642
Status | epoch=1 | next_eval_in=9544 agent_samples | checkpoint_every=10 episodes | checkpoint=./checkpoints/interaction_focused_actor_from_5d_s20260725_latest.pt | model=interaction_focused_actor_from_5d_s20260725
Episode 116 complete | agent_samples=10536 | env_steps=4504 | episode_env_steps=34 | episode_agent_samples=80 | mean_reward=64.555 | success=4/5 | collision=1/5 | mean_final_distance=0.287 | mean_progress=0.0137 | min_laser=0.317 | mean_lin=0.682 | mean_ang=0.136 | mean_robot_dist=inf | raw_reward=20.000 | adjusted_reward=20.000 | coop_agents=0/5 | mean_coop_neighbors=0.00 | active_neighbor_step_rate=0.725 | mean_active_neighbors_step=1.475 | max_active_neighbors_step=4 | interaction_reward=0.0000 | abs_interaction_reward=0.0000 | anti_stag_reward=0.0000 | abs_anti_stag_reward=0.0000 | wall_clear_reward=0.0000 | abs_wall_clear_reward=0.0000 | local_nav_reward=0.0000 | abs_local_nav_reward=0.0000 | robot_proximity_reward=-0.4816 | abs_robot_proximity_reward=0.4816 | robot_clearance_reward=0.0481 | context_neighbors_mean=1.55 | context_neighbors_max=4 | last_context_neighbors_mean=0.00 | last_context_neighbors_max=0 | actor_unlocked=0 | expl_noise=0.0772 | replay=10536 | interaction_replay=4673 | samples/sec=10.643
Episode 117 complete | agent_samples=10601 | env_steps=4525 | episode_env_steps=21 | episode_agent_samples=65 | mean_reward=117.647 | success=5/5 | collision=0/5 | mean_final_distance=0.242 | mean_progress=0.0215 | min_laser=0.665 | mean_lin=0.988 | mean_ang=0.522 | mean_robot_dist=inf | raw_reward=20.000 | adjusted_reward=20.000 | coop_agents=0/5 | mean_coop_neighbors=0.00 | active_neighbor_step_rate=0.692 | mean_active_neighbors_step=1.292 | max_active_neighbors_step=4 | interaction_reward=0.0000 | abs_interaction_reward=0.0000 | anti_stag_reward=0.0000 | abs_anti_stag_reward=0.0000 | wall_clear_reward=0.0000 | abs_wall_clear_reward=0.0000 | local_nav_reward=0.0000 | abs_local_nav_reward=0.0000 | robot_proximity_reward=-0.0741 | abs_robot_proximity_reward=0.0741 | robot_clearance_reward=0.0308 | context_neighbors_mean=1.34 | context_neighbors_max=4 | last_context_neighbors_mean=0.00 | last_context_neighbors_max=0 | actor_unlocked=0 | expl_noise=0.0772 | replay=10601 | interaction_replay=4717 | samples/sec=10.659
Episode 118 complete | agent_samples=10751 | env_steps=4591 | episode_env_steps=66 | episode_agent_samples=150 | mean_reward=107.579 | success=5/5 | collision=0/5 | mean_final_distance=0.246 | mean_progress=0.0040 | min_laser=0.428 | mean_lin=0.957 | mean_ang=-0.228 | mean_robot_dist=inf | raw_reward=20.000 | adjusted_reward=20.000 | coop_agents=0/5 | mean_coop_neighbors=0.00 | active_neighbor_step_rate=0.780 | mean_active_neighbors_step=1.553 | max_active_neighbors_step=4 | interaction_reward=0.0000 | abs_interaction_reward=0.0000 | anti_stag_reward=0.0000 | abs_anti_stag_reward=0.0000 | wall_clear_reward=0.0000 | abs_wall_clear_reward=0.0000 | local_nav_reward=0.0000 | abs_local_nav_reward=0.0000 | robot_proximity_reward=-0.1934 | abs_robot_proximity_reward=0.1934 | robot_clearance_reward=0.0133 | context_neighbors_mean=1.57 | context_neighbors_max=4 | last_context_neighbors_mean=0.00 | last_context_neighbors_max=0 | actor_unlocked=0 | expl_noise=0.0771 | replay=10751 | interaction_replay=4781 | samples/sec=10.654
Episode 119 complete | agent_samples=10944 | env_steps=4641 | episode_env_steps=50 | episode_agent_samples=193 | mean_reward=115.167 | success=5/5 | collision=0/5 | mean_final_distance=0.268 | mean_progress=0.0131 | min_laser=0.360 | mean_lin=0.985 | mean_ang=-0.560 | mean_robot_dist=inf | raw_reward=20.000 | adjusted_reward=20.000 | coop_agents=0/5 | mean_coop_neighbors=0.00 | active_neighbor_step_rate=0.834 | mean_active_neighbors_step=2.098 | max_active_neighbors_step=4 | interaction_reward=0.0000 | abs_interaction_reward=0.0000 | anti_stag_reward=0.0000 | abs_anti_stag_reward=0.0000 | wall_clear_reward=0.0000 | abs_wall_clear_reward=0.0000 | local_nav_reward=0.0000 | abs_local_nav_reward=0.0000 | robot_proximity_reward=-0.0601 | abs_robot_proximity_reward=0.0601 | robot_clearance_reward=0.0256 | context_neighbors_mean=2.13 | context_neighbors_max=4 | last_context_neighbors_mean=0.00 | last_context_neighbors_max=0 | actor_unlocked=0 | expl_noise=0.0771 | replay=10944 | interaction_replay=4881 | samples/sec=10.729
Episode 120 complete | agent_samples=10989 | env_steps=4651 | episode_env_steps=10 | episode_agent_samples=45 | mean_reward=14.022 | success=3/5 | collision=2/5 | mean_final_distance=0.481 | mean_progress=0.0188 | min_laser=0.300 | mean_lin=0.736 | mean_ang=0.126 | mean_robot_dist=inf | raw_reward=20.000 | adjusted_reward=20.000 | coop_agents=0/5 | mean_coop_neighbors=0.00 | active_neighbor_step_rate=0.978 | mean_active_neighbors_step=2.756 | max_active_neighbors_step=4 | interaction_reward=0.0000 | abs_interaction_reward=0.0000 | anti_stag_reward=0.0000 | abs_anti_stag_reward=0.0000 | wall_clear_reward=0.0000 | abs_wall_clear_reward=0.0000 | local_nav_reward=0.0000 | abs_local_nav_reward=0.0000 | robot_proximity_reward=-1.0600 | abs_robot_proximity_reward=1.0600 | robot_clearance_reward=0.0000 | context_neighbors_mean=2.78 | context_neighbors_max=4 | last_context_neighbors_mean=0.00 | last_context_neighbors_max=0 | actor_unlocked=0 | expl_noise=0.0771 | replay=10989 | interaction_replay=4925 | samples/sec=10.749
Status | epoch=1 | next_eval_in=9011 agent_samples | checkpoint_every=10 episodes | checkpoint=./checkpoints/interaction_focused_actor_from_5d_s20260725_latest.pt | model=interaction_focused_actor_from_5d_s20260725
Checkpoint saved: ./checkpoints/interaction_focused_actor_from_5d_s20260725_latest.pt
Episode 121 complete | agent_samples=11057 | env_steps=4674 | episode_env_steps=23 | episode_agent_samples=68 | mean_reward=127.636 | success=5/5 | collision=0/5 | mean_final_distance=0.257 | mean_progress=0.0147 | min_laser=0.406 | mean_lin=0.976 | mean_ang=0.504 | mean_robot_dist=inf | raw_reward=20.000 | adjusted_reward=20.000 | coop_agents=0/5 | mean_coop_neighbors=0.00 | active_neighbor_step_rate=0.868 | mean_active_neighbors_step=2.074 | max_active_neighbors_step=4 | interaction_reward=0.0000 | abs_interaction_reward=0.0000 | anti_stag_reward=0.0000 | abs_anti_stag_reward=0.0000 | wall_clear_reward=0.0000 | abs_wall_clear_reward=0.0000 | local_nav_reward=0.0000 | abs_local_nav_reward=0.0000 | robot_proximity_reward=-0.1117 | abs_robot_proximity_reward=0.1117 | robot_clearance_reward=0.0294 | context_neighbors_mean=2.07 | context_neighbors_max=4 | last_context_neighbors_mean=0.00 | last_context_neighbors_max=0 | actor_unlocked=0 | expl_noise=0.0771 | replay=11057 | interaction_replay=4935 | samples/sec=10.758
Episode 122 complete | agent_samples=11164 | env_steps=4730 | episode_env_steps=56 | episode_agent_samples=107 | mean_reward=116.790 | success=5/5 | collision=0/5 | mean_final_distance=0.269 | mean_progress=0.0146 | min_laser=0.415 | mean_lin=0.777 | mean_ang=-0.298 | mean_robot_dist=inf | raw_reward=20.000 | adjusted_reward=20.000 | coop_agents=0/5 | mean_coop_neighbors=0.00 | active_neighbor_step_rate=0.664 | mean_active_neighbors_step=1.682 | max_active_neighbors_step=4 | interaction_reward=0.0000 | abs_interaction_reward=0.0000 | anti_stag_reward=0.0000 | abs_anti_stag_reward=0.0000 | wall_clear_reward=0.0000 | abs_wall_clear_reward=0.0000 | local_nav_reward=0.0000 | abs_local_nav_reward=0.0000 | robot_proximity_reward=-0.1966 | abs_robot_proximity_reward=0.1966 | robot_clearance_reward=0.0187 | context_neighbors_mean=1.69 | context_neighbors_max=4 | last_context_neighbors_mean=0.00 | last_context_neighbors_max=0 | actor_unlocked=0 | expl_noise=0.0770 | replay=11164 | interaction_replay=4947 | samples/sec=10.734
Episode 123 complete | agent_samples=11236 | env_steps=4762 | episode_env_steps=32 | episode_agent_samples=72 | mean_reward=22.399 | success=3/5 | collision=2/5 | mean_final_distance=0.872 | mean_progress=0.0101 | min_laser=0.308 | mean_lin=0.987 | mean_ang=0.521 | mean_robot_dist=inf | raw_reward=20.000 | adjusted_reward=20.000 | coop_agents=0/5 | mean_coop_neighbors=0.00 | active_neighbor_step_rate=0.792 | mean_active_neighbors_step=1.639 | max_active_neighbors_step=4 | interaction_reward=0.0000 | abs_interaction_reward=0.0000 | anti_stag_reward=0.0000 | abs_anti_stag_reward=0.0000 | wall_clear_reward=0.0000 | abs_wall_clear_reward=0.0000 | local_nav_reward=0.0000 | abs_local_nav_reward=0.0000 | robot_proximity_reward=-0.6588 | abs_robot_proximity_reward=0.6588 | robot_clearance_reward=0.0310 | context_neighbors_mean=1.65 | context_neighbors_max=4 | last_context_neighbors_mean=0.00 | last_context_neighbors_max=0 | actor_unlocked=0 | expl_noise=0.0770 | replay=11236 | interaction_replay=4967 | samples/sec=10.730
Episode 124 complete | agent_samples=11290 | env_steps=4775 | episode_env_steps=13 | episode_agent_samples=54 | mean_reward=28.314 | success=3/5 | collision=2/5 | mean_final_distance=0.438 | mean_progress=0.0234 | min_laser=0.318 | mean_lin=0.623 | mean_ang=-0.045 | mean_robot_dist=inf | raw_reward=20.000 | adjusted_reward=20.000 | coop_agents=0/5 | mean_coop_neighbors=0.00 | active_neighbor_step_rate=0.944 | mean_active_neighbors_step=2.426 | max_active_neighbors_step=4 | interaction_reward=0.0000 | abs_interaction_reward=0.0000 | anti_stag_reward=0.0000 | abs_anti_stag_reward=0.0000 | wall_clear_reward=0.0000 | abs_wall_clear_reward=0.0000 | local_nav_reward=0.0000 | abs_local_nav_reward=0.0000 | robot_proximity_reward=-0.7019 | abs_robot_proximity_reward=0.7019 | robot_clearance_reward=0.0454 | context_neighbors_mean=2.46 | context_neighbors_max=4 | last_context_neighbors_mean=0.00 | last_context_neighbors_max=0 | actor_unlocked=0 | expl_noise=0.0770 | replay=11290 | interaction_replay=5017 | samples/sec=10.752
Episode 125 complete | agent_samples=11396 | env_steps=4820 | episode_env_steps=45 | episode_agent_samples=106 | mean_reward=71.249 | success=4/5 | collision=1/5 | mean_final_distance=0.571 | mean_progress=0.0017 | min_laser=0.300 | mean_lin=0.848 | mean_ang=-0.625 | mean_robot_dist=inf | raw_reward=20.000 | adjusted_reward=20.000 | coop_agents=0/5 | mean_coop_neighbors=0.00 | active_neighbor_step_rate=0.472 | mean_active_neighbors_step=0.745 | max_active_neighbors_step=4 | interaction_reward=0.0000 | abs_interaction_reward=0.0000 | anti_stag_reward=0.0000 | abs_anti_stag_reward=0.0000 | wall_clear_reward=0.0000 | abs_wall_clear_reward=0.0000 | local_nav_reward=0.0000 | abs_local_nav_reward=0.0000 | robot_proximity_reward=-0.3113 | abs_robot_proximity_reward=0.3113 | robot_clearance_reward=0.0669 | context_neighbors_mean=0.76 | context_neighbors_max=4 | last_context_neighbors_mean=0.00 | last_context_neighbors_max=0 | actor_unlocked=0 | expl_noise=0.0770 | replay=11396 | interaction_replay=5056 | samples/sec=10.751
Status | epoch=1 | next_eval_in=8604 agent_samples | checkpoint_every=10 episodes | checkpoint=./checkpoints/interaction_focused_actor_from_5d_s20260725_latest.pt | model=interaction_focused_actor_from_5d_s20260725
Episode 126 complete | agent_samples=11510 | env_steps=4861 | episode_env_steps=41 | episode_agent_samples=114 | mean_reward=133.589 | success=5/5 | collision=0/5 | mean_final_distance=0.270 | mean_progress=0.0232 | min_laser=0.382 | mean_lin=0.800 | mean_ang=-0.392 | mean_robot_dist=inf | raw_reward=20.000 | adjusted_reward=20.000 | coop_agents=0/5 | mean_coop_neighbors=0.00 | active_neighbor_step_rate=0.684 | mean_active_neighbors_step=1.693 | max_active_neighbors_step=4 | interaction_reward=0.0000 | abs_interaction_reward=0.0000 | anti_stag_reward=0.0000 | abs_anti_stag_reward=0.0000 | wall_clear_reward=0.0000 | abs_wall_clear_reward=0.0000 | local_nav_reward=0.0000 | abs_local_nav_reward=0.0000 | robot_proximity_reward=-0.1147 | abs_robot_proximity_reward=0.1147 | robot_clearance_reward=0.0231 | context_neighbors_mean=1.72 | context_neighbors_max=4 | last_context_neighbors_mean=0.00 | last_context_neighbors_max=0 | actor_unlocked=0 | expl_noise=0.0770 | replay=11510 | interaction_replay=5100 | samples/sec=10.768
Episode 127 complete | agent_samples=11577 | env_steps=4893 | episode_env_steps=32 | episode_agent_samples=67 | mean_reward=102.647 | success=5/5 | collision=0/5 | mean_final_distance=0.244 | mean_progress=0.0165 | min_laser=0.628 | mean_lin=0.970 | mean_ang=0.022 | mean_robot_dist=inf | raw_reward=20.000 | adjusted_reward=20.000 | coop_agents=0/5 | mean_coop_neighbors=0.00 | active_neighbor_step_rate=0.642 | mean_active_neighbors_step=1.925 | max_active_neighbors_step=4 | interaction_reward=0.0000 | abs_interaction_reward=0.0000 | anti_stag_reward=0.0000 | abs_anti_stag_reward=0.0000 | wall_clear_reward=0.0000 | abs_wall_clear_reward=0.0000 | local_nav_reward=0.0000 | abs_local_nav_reward=0.0000 | robot_proximity_reward=-0.3555 | abs_robot_proximity_reward=0.3555 | robot_clearance_reward=0.0299 | context_neighbors_mean=1.96 | context_neighbors_max=4 | last_context_neighbors_mean=0.00 | last_context_neighbors_max=0 | actor_unlocked=0 | expl_noise=0.0769 | replay=11577 | interaction_replay=5136 | samples/sec=10.759
Episode 128 complete | agent_samples=11725 | env_steps=4955 | episode_env_steps=62 | episode_agent_samples=148 | mean_reward=81.386 | success=4/5 | collision=1/5 | mean_final_distance=0.499 | mean_progress=0.0105 | min_laser=0.339 | mean_lin=0.636 | mean_ang=-0.116 | mean_robot_dist=inf | raw_reward=20.000 | adjusted_reward=20.000 | coop_agents=0/5 | mean_coop_neighbors=0.00 | active_neighbor_step_rate=0.486 | mean_active_neighbors_step=0.912 | max_active_neighbors_step=4 | interaction_reward=0.0000 | abs_interaction_reward=0.0000 | anti_stag_reward=0.0000 | abs_anti_stag_reward=0.0000 | wall_clear_reward=0.0000 | abs_wall_clear_reward=0.0000 | local_nav_reward=0.0000 | abs_local_nav_reward=0.0000 | robot_proximity_reward=-0.1743 | abs_robot_proximity_reward=0.1743 | robot_clearance_reward=0.0403 | context_neighbors_mean=0.97 | context_neighbors_max=4 | last_context_neighbors_mean=0.00 | last_context_neighbors_max=0 | actor_unlocked=0 | expl_noise=0.0769 | replay=11725 | interaction_replay=5149 | samples/sec=10.762
Episode 129 complete | agent_samples=11825 | env_steps=4994 | episode_env_steps=39 | episode_agent_samples=100 | mean_reward=18.367 | success=3/5 | collision=2/5 | mean_final_distance=0.443 | mean_progress=0.0078 | min_laser=0.300 | mean_lin=0.961 | mean_ang=-0.094 | mean_robot_dist=inf | raw_reward=20.000 | adjusted_reward=20.000 | coop_agents=0/5 | mean_coop_neighbors=0.00 | active_neighbor_step_rate=0.630 | mean_active_neighbors_step=1.060 | max_active_neighbors_step=4 | interaction_reward=0.0000 | abs_interaction_reward=0.0000 | anti_stag_reward=0.0000 | abs_anti_stag_reward=0.0000 | wall_clear_reward=0.0000 | abs_wall_clear_reward=0.0000 | local_nav_reward=0.0000 | abs_local_nav_reward=0.0000 | robot_proximity_reward=-0.7643 | abs_robot_proximity_reward=0.7643 | robot_clearance_reward=0.0000 | context_neighbors_mean=1.08 | context_neighbors_max=4 | last_context_neighbors_mean=0.00 | last_context_neighbors_max=0 | actor_unlocked=0 | expl_noise=0.0769 | replay=11825 | interaction_replay=5167 | samples/sec=10.769
Episode 130 complete | agent_samples=11881 | env_steps=5010 | episode_env_steps=16 | episode_agent_samples=56 | mean_reward=81.862 | success=4/5 | collision=1/5 | mean_final_distance=0.276 | mean_progress=0.0192 | min_laser=0.304 | mean_lin=0.782 | mean_ang=-0.285 | mean_robot_dist=inf | raw_reward=20.000 | adjusted_reward=20.000 | coop_agents=0/5 | mean_coop_neighbors=0.00 | active_neighbor_step_rate=0.839 | mean_active_neighbors_step=1.821 | max_active_neighbors_step=4 | interaction_reward=0.0000 | abs_interaction_reward=0.0000 | anti_stag_reward=0.0000 | abs_anti_stag_reward=0.0000 | wall_clear_reward=0.0000 | abs_wall_clear_reward=0.0000 | local_nav_reward=0.0000 | abs_local_nav_reward=0.0000 | robot_proximity_reward=-0.8070 | abs_robot_proximity_reward=0.8070 | robot_clearance_reward=0.0357 | context_neighbors_mean=1.93 | context_neighbors_max=4 | last_context_neighbors_mean=0.00 | last_context_neighbors_max=0 | actor_unlocked=0 | expl_noise=0.0769 | replay=11881 | interaction_replay=5216 | samples/sec=10.785
Status | epoch=1 | next_eval_in=8119 agent_samples | checkpoint_every=10 episodes | checkpoint=./checkpoints/interaction_focused_actor_from_5d_s20260725_latest.pt | model=interaction_focused_actor_from_5d_s20260725
Checkpoint saved: ./checkpoints/interaction_focused_actor_from_5d_s20260725_latest.pt
Episode 131 complete | agent_samples=11961 | env_steps=5039 | episode_env_steps=29 | episode_agent_samples=80 | mean_reward=26.597 | success=3/5 | collision=2/5 | mean_final_distance=0.532 | mean_progress=0.0146 | min_laser=0.316 | mean_lin=0.818 | mean_ang=-0.183 | mean_robot_dist=inf | raw_reward=20.000 | adjusted_reward=20.000 | coop_agents=0/5 | mean_coop_neighbors=0.00 | active_neighbor_step_rate=0.487 | mean_active_neighbors_step=1.438 | max_active_neighbors_step=4 | interaction_reward=0.0000 | abs_interaction_reward=0.0000 | anti_stag_reward=0.0000 | abs_anti_stag_reward=0.0000 | wall_clear_reward=0.0000 | abs_wall_clear_reward=0.0000 | local_nav_reward=0.0000 | abs_local_nav_reward=0.0000 | robot_proximity_reward=-0.8515 | abs_robot_proximity_reward=0.8515 | robot_clearance_reward=0.0470 | context_neighbors_mean=1.51 | context_neighbors_max=4 | last_context_neighbors_mean=0.00 | last_context_neighbors_max=0 | actor_unlocked=0 | expl_noise=0.0769 | replay=11961 | interaction_replay=5254 | samples/sec=10.793
Episode 132 complete | agent_samples=12043 | env_steps=5074 | episode_env_steps=35 | episode_agent_samples=82 | mean_reward=71.935 | success=4/5 | collision=1/5 | mean_final_distance=0.446 | mean_progress=0.0136 | min_laser=0.328 | mean_lin=0.972 | mean_ang=-0.213 | mean_robot_dist=inf | raw_reward=20.000 | adjusted_reward=20.000 | coop_agents=0/5 | mean_coop_neighbors=0.00 | active_neighbor_step_rate=0.573 | mean_active_neighbors_step=1.280 | max_active_neighbors_step=4 | interaction_reward=0.0000 | abs_interaction_reward=0.0000 | anti_stag_reward=0.0000 | abs_anti_stag_reward=0.0000 | wall_clear_reward=0.0000 | abs_wall_clear_reward=0.0000 | local_nav_reward=0.0000 | abs_local_nav_reward=0.0000 | robot_proximity_reward=-0.2908 | abs_robot_proximity_reward=0.2908 | robot_clearance_reward=0.0244 | context_neighbors_mean=1.30 | context_neighbors_max=4 | last_context_neighbors_mean=0.00 | last_context_neighbors_max=0 | actor_unlocked=0 | expl_noise=0.0768 | replay=12043 | interaction_replay=5299 | samples/sec=10.792
Episode 133 complete | agent_samples=12214 | env_steps=5143 | episode_env_steps=69 | episode_agent_samples=171 | mean_reward=18.473 | success=3/5 | collision=2/5 | mean_final_distance=0.346 | mean_progress=0.0133 | min_laser=0.300 | mean_lin=0.762 | mean_ang=-0.246 | mean_robot_dist=inf | raw_reward=20.000 | adjusted_reward=20.000 | coop_agents=0/5 | mean_coop_neighbors=0.00 | active_neighbor_step_rate=0.643 | mean_active_neighbors_step=1.246 | max_active_neighbors_step=4 | interaction_reward=0.0000 | abs_interaction_reward=0.0000 | anti_stag_reward=0.0000 | abs_anti_stag_reward=0.0000 | wall_clear_reward=0.0000 | abs_wall_clear_reward=0.0000 | local_nav_reward=0.0000 | abs_local_nav_reward=0.0000 | robot_proximity_reward=-0.2295 | abs_robot_proximity_reward=0.2295 | robot_clearance_reward=0.0000 | context_neighbors_mean=1.24 | context_neighbors_max=4 | last_context_neighbors_mean=0.00 | last_context_neighbors_max=0 | actor_unlocked=0 | expl_noise=0.0768 | replay=12214 | interaction_replay=5345 | samples/sec=10.799
Episode 134 complete | agent_samples=12277 | env_steps=5164 | episode_env_steps=21 | episode_agent_samples=63 | mean_reward=121.366 | success=5/5 | collision=0/5 | mean_final_distance=0.277 | mean_progress=0.0033 | min_laser=0.411 | mean_lin=0.989 | mean_ang=-0.200 | mean_robot_dist=inf | raw_reward=20.000 | adjusted_reward=20.000 | coop_agents=0/5 | mean_coop_neighbors=0.00 | active_neighbor_step_rate=0.825 | mean_active_neighbors_step=2.159 | max_active_neighbors_step=4 | interaction_reward=0.0000 | abs_interaction_reward=0.0000 | anti_stag_reward=0.0000 | abs_anti_stag_reward=0.0000 | wall_clear_reward=0.0000 | abs_wall_clear_reward=0.0000 | local_nav_reward=0.0000 | abs_local_nav_reward=0.0000 | robot_proximity_reward=-0.6485 | abs_robot_proximity_reward=0.6485 | robot_clearance_reward=0.0635 | context_neighbors_mean=2.19 | context_neighbors_max=4 | last_context_neighbors_mean=0.00 | last_context_neighbors_max=0 | actor_unlocked=0 | expl_noise=0.0768 | replay=12277 | interaction_replay=5393 | samples/sec=10.810
Episode 135 complete | agent_samples=12358 | env_steps=5195 | episode_env_steps=31 | episode_agent_samples=81 | mean_reward=127.436 | success=5/5 | collision=0/5 | mean_final_distance=0.276 | mean_progress=0.0037 | min_laser=0.375 | mean_lin=0.800 | mean_ang=0.562 | mean_robot_dist=inf | raw_reward=20.000 | adjusted_reward=20.000 | coop_agents=0/5 | mean_coop_neighbors=0.00 | active_neighbor_step_rate=0.753 | mean_active_neighbors_step=1.988 | max_active_neighbors_step=4 | interaction_reward=0.0000 | abs_interaction_reward=0.0000 | anti_stag_reward=0.0000 | abs_anti_stag_reward=0.0000 | wall_clear_reward=0.0000 | abs_wall_clear_reward=0.0000 | local_nav_reward=0.0000 | abs_local_nav_reward=0.0000 | robot_proximity_reward=0.0000 | abs_robot_proximity_reward=0.0000 | robot_clearance_reward=0.0000 | context_neighbors_mean=1.99 | context_neighbors_max=4 | last_context_neighbors_mean=0.00 | last_context_neighbors_max=0 | actor_unlocked=0 | expl_noise=0.0768 | replay=12358 | interaction_replay=5413 | samples/sec=10.817
Status | epoch=1 | next_eval_in=7642 agent_samples | checkpoint_every=10 episodes | checkpoint=./checkpoints/interaction_focused_actor_from_5d_s20260725_latest.pt | model=interaction_focused_actor_from_5d_s20260725
Episode 136 complete | agent_samples=12424 | env_steps=5216 | episode_env_steps=21 | episode_agent_samples=66 | mean_reward=29.528 | success=3/5 | collision=2/5 | mean_final_distance=0.353 | mean_progress=0.0158 | min_laser=0.305 | mean_lin=0.775 | mean_ang=-0.022 | mean_robot_dist=inf | raw_reward=20.000 | adjusted_reward=20.000 | coop_agents=0/5 | mean_coop_neighbors=0.00 | active_neighbor_step_rate=0.727 | mean_active_neighbors_step=1.833 | max_active_neighbors_step=4 | interaction_reward=0.0000 | abs_interaction_reward=0.0000 | anti_stag_reward=0.0000 | abs_anti_stag_reward=0.0000 | wall_clear_reward=0.0000 | abs_wall_clear_reward=0.0000 | local_nav_reward=0.0000 | abs_local_nav_reward=0.0000 | robot_proximity_reward=-0.8195 | abs_robot_proximity_reward=0.8195 | robot_clearance_reward=0.0000 | context_neighbors_mean=1.89 | context_neighbors_max=4 | last_context_neighbors_mean=0.00 | last_context_neighbors_max=0 | actor_unlocked=0 | expl_noise=0.0767 | replay=12424 | interaction_replay=5463 | samples/sec=10.831
Episode 137 complete | agent_samples=12585 | env_steps=5285 | episode_env_steps=69 | episode_agent_samples=161 | mean_reward=105.200 | success=5/5 | collision=0/5 | mean_final_distance=0.270 | mean_progress=0.0162 | min_laser=0.448 | mean_lin=0.800 | mean_ang=-0.983 | mean_robot_dist=inf | raw_reward=20.000 | adjusted_reward=20.000 | coop_agents=0/5 | mean_coop_neighbors=0.00 | active_neighbor_step_rate=0.671 | mean_active_neighbors_step=1.609 | max_active_neighbors_step=4 | interaction_reward=0.0000 | abs_interaction_reward=0.0000 | anti_stag_reward=0.0000 | abs_anti_stag_reward=0.0000 | wall_clear_reward=0.0000 | abs_wall_clear_reward=0.0000 | local_nav_reward=0.0000 | abs_local_nav_reward=0.0000 | robot_proximity_reward=-0.5437 | abs_robot_proximity_reward=0.5437 | robot_clearance_reward=0.0606 | context_neighbors_mean=1.65 | context_neighbors_max=4 | last_context_neighbors_mean=0.00 | last_context_neighbors_max=0 | actor_unlocked=0 | expl_noise=0.0767 | replay=12585 | interaction_replay=5543 | samples/sec=10.830
Episode 138 complete | agent_samples=12640 | env_steps=5300 | episode_env_steps=15 | episode_agent_samples=55 | mean_reward=100.437 | success=5/5 | collision=0/5 | mean_final_distance=0.265 | mean_progress=0.0466 | min_laser=0.388 | mean_lin=0.750 | mean_ang=0.648 | mean_robot_dist=inf | raw_reward=40.000 | adjusted_reward=40.000 | coop_agents=1/5 | mean_coop_neighbors=0.20 | active_neighbor_step_rate=0.891 | mean_active_neighbors_step=1.436 | max_active_neighbors_step=4 | interaction_reward=0.0000 | abs_interaction_reward=0.0000 | anti_stag_reward=0.0000 | abs_anti_stag_reward=0.0000 | wall_clear_reward=0.0000 | abs_wall_clear_reward=0.0000 | local_nav_reward=0.0000 | abs_local_nav_reward=0.0000 | robot_proximity_reward=-0.8199 | abs_robot_proximity_reward=0.8199 | robot_clearance_reward=0.0225 | context_neighbors_mean=1.53 | context_neighbors_max=4 | last_context_neighbors_mean=0.00 | last_context_neighbors_max=0 | actor_unlocked=0 | expl_noise=0.0767 | replay=12640 | interaction_replay=5583 | samples/sec=10.846
Episode 139 complete | agent_samples=12746 | env_steps=5334 | episode_env_steps=34 | episode_agent_samples=106 | mean_reward=120.739 | success=5/5 | collision=0/5 | mean_final_distance=0.238 | mean_progress=0.0237 | min_laser=0.408 | mean_lin=1.000 | mean_ang=1.000 | mean_robot_dist=inf | raw_reward=20.000 | adjusted_reward=20.000 | coop_agents=0/5 | mean_coop_neighbors=0.00 | active_neighbor_step_rate=0.849 | mean_active_neighbors_step=1.868 | max_active_neighbors_step=4 | interaction_reward=0.0000 | abs_interaction_reward=0.0000 | anti_stag_reward=0.0000 | abs_anti_stag_reward=0.0000 | wall_clear_reward=0.0000 | abs_wall_clear_reward=0.0000 | local_nav_reward=0.0000 | abs_local_nav_reward=0.0000 | robot_proximity_reward=-0.3214 | abs_robot_proximity_reward=0.3214 | robot_clearance_reward=0.0189 | context_neighbors_mean=1.88 | context_neighbors_max=4 | last_context_neighbors_mean=0.00 | last_context_neighbors_max=0 | actor_unlocked=0 | expl_noise=0.0767 | replay=12746 | interaction_replay=5612 | samples/sec=10.867
Episode 140 complete | agent_samples=12871 | env_steps=5375 | episode_env_steps=41 | episode_agent_samples=125 | mean_reward=108.310 | success=5/5 | collision=0/5 | mean_final_distance=0.240 | mean_progress=0.0255 | min_laser=0.506 | mean_lin=0.938 | mean_ang=-0.479 | mean_robot_dist=inf | raw_reward=20.000 | adjusted_reward=20.000 | coop_agents=0/5 | mean_coop_neighbors=0.00 | active_neighbor_step_rate=0.816 | mean_active_neighbors_step=1.872 | max_active_neighbors_step=4 | interaction_reward=0.0000 | abs_interaction_reward=0.0000 | anti_stag_reward=0.0000 | abs_anti_stag_reward=0.0000 | wall_clear_reward=0.0000 | abs_wall_clear_reward=0.0000 | local_nav_reward=0.0000 | abs_local_nav_reward=0.0000 | robot_proximity_reward=-0.4229 | abs_robot_proximity_reward=0.4229 | robot_clearance_reward=0.0365 | context_neighbors_mean=1.93 | context_neighbors_max=4 | last_context_neighbors_mean=0.00 | last_context_neighbors_max=0 | actor_unlocked=0 | expl_noise=0.0766 | replay=12871 | interaction_replay=5647 | samples/sec=10.890
Status | epoch=1 | next_eval_in=7129 agent_samples | checkpoint_every=10 episodes | checkpoint=./checkpoints/interaction_focused_actor_from_5d_s20260725_latest.pt | model=interaction_focused_actor_from_5d_s20260725
Checkpoint saved: ./checkpoints/interaction_focused_actor_from_5d_s20260725_latest.pt
Episode 141 complete | agent_samples=12954 | env_steps=5404 | episode_env_steps=29 | episode_agent_samples=83 | mean_reward=113.352 | success=5/5 | collision=0/5 | mean_final_distance=0.270 | mean_progress=0.0086 | min_laser=0.455 | mean_lin=1.000 | mean_ang=-0.186 | mean_robot_dist=inf | raw_reward=20.000 | adjusted_reward=20.000 | coop_agents=0/5 | mean_coop_neighbors=0.00 | active_neighbor_step_rate=0.735 | mean_active_neighbors_step=1.614 | max_active_neighbors_step=4 | interaction_reward=0.0000 | abs_interaction_reward=0.0000 | anti_stag_reward=0.0000 | abs_anti_stag_reward=0.0000 | wall_clear_reward=0.0000 | abs_wall_clear_reward=0.0000 | local_nav_reward=0.0000 | abs_local_nav_reward=0.0000 | robot_proximity_reward=-0.2499 | abs_robot_proximity_reward=0.2499 | robot_clearance_reward=0.0000 | context_neighbors_mean=1.61 | context_neighbors_max=3 | last_context_neighbors_mean=0.00 | last_context_neighbors_max=0 | actor_unlocked=0 | expl_noise=0.0766 | replay=12954 | interaction_replay=5669 | samples/sec=10.899
Episode 142 complete | agent_samples=13065 | env_steps=5460 | episode_env_steps=56 | episode_agent_samples=111 | mean_reward=88.912 | success=4/5 | collision=1/5 | mean_final_distance=0.550 | mean_progress=0.0125 | min_laser=0.327 | mean_lin=0.800 | mean_ang=0.574 | mean_robot_dist=inf | raw_reward=20.000 | adjusted_reward=20.000 | coop_agents=0/5 | mean_coop_neighbors=0.00 | active_neighbor_step_rate=0.486 | mean_active_neighbors_step=1.252 | max_active_neighbors_step=4 | interaction_reward=0.0000 | abs_interaction_reward=0.0000 | anti_stag_reward=0.0000 | abs_anti_stag_reward=0.0000 | wall_clear_reward=0.0000 | abs_wall_clear_reward=0.0000 | local_nav_reward=0.0000 | abs_local_nav_reward=0.0000 | robot_proximity_reward=-0.1452 | abs_robot_proximity_reward=0.1452 | robot_clearance_reward=0.0014 | context_neighbors_mean=1.29 | context_neighbors_max=4 | last_context_neighbors_mean=0.00 | last_context_neighbors_max=0 | actor_unlocked=0 | expl_noise=0.0766 | replay=13065 | interaction_replay=5705 | samples/sec=10.880
Episode 143 complete | agent_samples=13152 | env_steps=5489 | episode_env_steps=29 | episode_agent_samples=87 | mean_reward=115.239 | success=5/5 | collision=0/5 | mean_final_distance=0.263 | mean_progress=0.0113 | min_laser=0.406 | mean_lin=0.981 | mean_ang=0.379 | mean_robot_dist=inf | raw_reward=20.000 | adjusted_reward=20.000 | coop_agents=0/5 | mean_coop_neighbors=0.00 | active_neighbor_step_rate=0.655 | mean_active_neighbors_step=1.920 | max_active_neighbors_step=4 | interaction_reward=0.0000 | abs_interaction_reward=0.0000 | anti_stag_reward=0.0000 | abs_anti_stag_reward=0.0000 | wall_clear_reward=0.0000 | abs_wall_clear_reward=0.0000 | local_nav_reward=0.0000 | abs_local_nav_reward=0.0000 | robot_proximity_reward=0.0000 | abs_robot_proximity_reward=0.0000 | robot_clearance_reward=0.0000 | context_neighbors_mean=1.98 | context_neighbors_max=4 | last_context_neighbors_mean=0.00 | last_context_neighbors_max=0 | actor_unlocked=0 | expl_noise=0.0766 | replay=13152 | interaction_replay=5723 | samples/sec=10.895
Episode 144 complete | agent_samples=13250 | env_steps=5520 | episode_env_steps=31 | episode_agent_samples=98 | mean_reward=-12.822 | success=2/5 | collision=3/5 | mean_final_distance=0.767 | mean_progress=0.0260 | min_laser=0.300 | mean_lin=0.436 | mean_ang=-0.971 | mean_robot_dist=3.587 | raw_reward=40.000 | adjusted_reward=40.000 | coop_agents=2/5 | mean_coop_neighbors=0.40 | active_neighbor_step_rate=0.857 | mean_active_neighbors_step=1.847 | max_active_neighbors_step=4 | interaction_reward=0.0000 | abs_interaction_reward=0.0000 | anti_stag_reward=0.0000 | abs_anti_stag_reward=0.0000 | wall_clear_reward=0.0000 | abs_wall_clear_reward=0.0000 | local_nav_reward=0.0000 | abs_local_nav_reward=0.0000 | robot_proximity_reward=-0.6696 | abs_robot_proximity_reward=0.6696 | robot_clearance_reward=0.0204 | context_neighbors_mean=1.87 | context_neighbors_max=4 | last_context_neighbors_mean=0.00 | last_context_neighbors_max=0 | actor_unlocked=0 | expl_noise=0.0765 | replay=13250 | interaction_replay=5753 | samples/sec=10.914
Episode 145 complete | agent_samples=13325 | env_steps=5562 | episode_env_steps=42 | episode_agent_samples=75 | mean_reward=104.687 | success=5/5 | collision=0/5 | mean_final_distance=0.238 | mean_progress=0.0146 | min_laser=0.490 | mean_lin=0.964 | mean_ang=0.163 | mean_robot_dist=inf | raw_reward=20.000 | adjusted_reward=20.000 | coop_agents=0/5 | mean_coop_neighbors=0.00 | active_neighbor_step_rate=0.520 | mean_active_neighbors_step=1.133 | max_active_neighbors_step=4 | interaction_reward=0.0000 | abs_interaction_reward=0.0000 | anti_stag_reward=0.0000 | abs_anti_stag_reward=0.0000 | wall_clear_reward=0.0000 | abs_wall_clear_reward=0.0000 | local_nav_reward=0.0000 | abs_local_nav_reward=0.0000 | robot_proximity_reward=-0.3924 | abs_robot_proximity_reward=0.3924 | robot_clearance_reward=0.0000 | context_neighbors_mean=1.20 | context_neighbors_max=4 | last_context_neighbors_mean=0.00 | last_context_neighbors_max=0 | actor_unlocked=0 | expl_noise=0.0765 | replay=13325 | interaction_replay=5790 | samples/sec=10.893
Status | epoch=1 | next_eval_in=6675 agent_samples | checkpoint_every=10 episodes | checkpoint=./checkpoints/interaction_focused_actor_from_5d_s20260725_latest.pt | model=interaction_focused_actor_from_5d_s20260725
Episode 146 complete | agent_samples=13426 | env_steps=5591 | episode_env_steps=29 | episode_agent_samples=101 | mean_reward=38.435 | success=3/5 | collision=2/5 | mean_final_distance=0.533 | mean_progress=0.0083 | min_laser=0.315 | mean_lin=0.893 | mean_ang=0.116 | mean_robot_dist=inf | raw_reward=20.000 | adjusted_reward=20.000 | coop_agents=0/5 | mean_coop_neighbors=0.00 | active_neighbor_step_rate=0.663 | mean_active_neighbors_step=1.812 | max_active_neighbors_step=4 | interaction_reward=0.0000 | abs_interaction_reward=0.0000 | anti_stag_reward=0.0000 | abs_anti_stag_reward=0.0000 | wall_clear_reward=0.0000 | abs_wall_clear_reward=0.0000 | local_nav_reward=0.0000 | abs_local_nav_reward=0.0000 | robot_proximity_reward=-1.0381 | abs_robot_proximity_reward=1.0381 | robot_clearance_reward=0.0736 | context_neighbors_mean=1.91 | context_neighbors_max=4 | last_context_neighbors_mean=0.00 | last_context_neighbors_max=0 | actor_unlocked=0 | expl_noise=0.0765 | replay=13426 | interaction_replay=5857 | samples/sec=10.918
Episode 147 complete | agent_samples=13500 | env_steps=5625 | episode_env_steps=34 | episode_agent_samples=74 | mean_reward=15.619 | success=3/5 | collision=2/5 | mean_final_distance=0.693 | mean_progress=0.0053 | min_laser=0.300 | mean_lin=0.950 | mean_ang=-0.287 | mean_robot_dist=inf | raw_reward=20.000 | adjusted_reward=20.000 | coop_agents=0/5 | mean_coop_neighbors=0.00 | active_neighbor_step_rate=0.608 | mean_active_neighbors_step=1.608 | max_active_neighbors_step=4 | interaction_reward=0.0000 | abs_interaction_reward=0.0000 | anti_stag_reward=0.0000 | abs_anti_stag_reward=0.0000 | wall_clear_reward=0.0000 | abs_wall_clear_reward=0.0000 | local_nav_reward=0.0000 | abs_local_nav_reward=0.0000 | robot_proximity_reward=-0.6553 | abs_robot_proximity_reward=0.6553 | robot_clearance_reward=0.0000 | context_neighbors_mean=1.62 | context_neighbors_max=4 | last_context_neighbors_mean=0.00 | last_context_neighbors_max=0 | actor_unlocked=0 | expl_noise=0.0765 | replay=13500 | interaction_replay=5871 | samples/sec=10.912
Episode 148 complete | agent_samples=13591 | env_steps=5653 | episode_env_steps=28 | episode_agent_samples=91 | mean_reward=35.833 | success=3/5 | collision=2/5 | mean_final_distance=0.501 | mean_progress=0.0100 | min_laser=0.300 | mean_lin=0.989 | mean_ang=-0.220 | mean_robot_dist=inf | raw_reward=20.000 | adjusted_reward=20.000 | coop_agents=0/5 | mean_coop_neighbors=0.00 | active_neighbor_step_rate=0.714 | mean_active_neighbors_step=2.044 | max_active_neighbors_step=4 | interaction_reward=0.0000 | abs_interaction_reward=0.0000 | anti_stag_reward=0.0000 | abs_anti_stag_reward=0.0000 | wall_clear_reward=0.0000 | abs_wall_clear_reward=0.0000 | local_nav_reward=0.0000 | abs_local_nav_reward=0.0000 | robot_proximity_reward=-0.9357 | abs_robot_proximity_reward=0.9357 | robot_clearance_reward=0.0003 | context_neighbors_mean=2.14 | context_neighbors_max=4 | last_context_neighbors_mean=0.00 | last_context_neighbors_max=0 | actor_unlocked=0 | expl_noise=0.0765 | replay=13591 | interaction_replay=5939 | samples/sec=10.930
Episode 149 complete | agent_samples=13635 | env_steps=5663 | episode_env_steps=10 | episode_agent_samples=44 | mean_reward=78.368 | success=4/5 | collision=1/5 | mean_final_distance=0.461 | mean_progress=0.0412 | min_laser=0.300 | mean_lin=0.983 | mean_ang=0.013 | mean_robot_dist=inf | raw_reward=0.000 | adjusted_reward=8.000 | coop_agents=1/5 | mean_coop_neighbors=0.20 | active_neighbor_step_rate=0.795 | mean_active_neighbors_step=1.955 | max_active_neighbors_step=4 | interaction_reward=0.0000 | abs_interaction_reward=0.0000 | anti_stag_reward=0.0000 | abs_anti_stag_reward=0.0000 | wall_clear_reward=0.0000 | abs_wall_clear_reward=0.0000 | local_nav_reward=0.0000 | abs_local_nav_reward=0.0000 | robot_proximity_reward=-0.2568 | abs_robot_proximity_reward=0.2568 | robot_clearance_reward=0.0455 | context_neighbors_mean=2.09 | context_neighbors_max=4 | last_context_neighbors_mean=0.00 | last_context_neighbors_max=0 | actor_unlocked=0 | expl_noise=0.0765 | replay=13635 | interaction_replay=5972 | samples/sec=10.945
Episode 150 complete | agent_samples=13714 | env_steps=5697 | episode_env_steps=34 | episode_agent_samples=79 | mean_reward=118.726 | success=5/5 | collision=0/5 | mean_final_distance=0.278 | mean_progress=0.0049 | min_laser=0.578 | mean_lin=0.740 | mean_ang=-0.306 | mean_robot_dist=inf | raw_reward=20.000 | adjusted_reward=20.000 | coop_agents=0/5 | mean_coop_neighbors=0.00 | active_neighbor_step_rate=0.443 | mean_active_neighbors_step=0.772 | max_active_neighbors_step=3 | interaction_reward=0.0000 | abs_interaction_reward=0.0000 | anti_stag_reward=0.0000 | abs_anti_stag_reward=0.0000 | wall_clear_reward=0.0000 | abs_wall_clear_reward=0.0000 | local_nav_reward=0.0000 | abs_local_nav_reward=0.0000 | robot_proximity_reward=-0.1918 | abs_robot_proximity_reward=0.1918 | robot_clearance_reward=0.0253 | context_neighbors_mean=0.82 | context_neighbors_max=3 | last_context_neighbors_mean=0.00 | last_context_neighbors_max=0 | actor_unlocked=0 | expl_noise=0.0764 | replay=13714 | interaction_replay=5997 | samples/sec=10.943
Status | epoch=1 | next_eval_in=6286 agent_samples | checkpoint_every=10 episodes | checkpoint=./checkpoints/interaction_focused_actor_from_5d_s20260725_latest.pt | model=interaction_focused_actor_from_5d_s20260725
Checkpoint saved: ./checkpoints/interaction_focused_actor_from_5d_s20260725_latest.pt
Episode 151 complete | agent_samples=13821 | env_steps=5755 | episode_env_steps=58 | episode_agent_samples=107 | mean_reward=61.399 | success=4/5 | collision=1/5 | mean_final_distance=0.493 | mean_progress=0.0019 | min_laser=0.306 | mean_lin=0.785 | mean_ang=0.195 | mean_robot_dist=inf | raw_reward=20.000 | adjusted_reward=20.000 | coop_agents=0/5 | mean_coop_neighbors=0.00 | active_neighbor_step_rate=0.458 | mean_active_neighbors_step=1.028 | max_active_neighbors_step=4 | interaction_reward=0.0000 | abs_interaction_reward=0.0000 | anti_stag_reward=0.0000 | abs_anti_stag_reward=0.0000 | wall_clear_reward=0.0000 | abs_wall_clear_reward=0.0000 | local_nav_reward=0.0000 | abs_local_nav_reward=0.0000 | robot_proximity_reward=-0.3998 | abs_robot_proximity_reward=0.3998 | robot_clearance_reward=0.0187 | context_neighbors_mean=1.04 | context_neighbors_max=4 | last_context_neighbors_mean=0.00 | last_context_neighbors_max=0 | actor_unlocked=0 | expl_noise=0.0764 | replay=13821 | interaction_replay=6033 | samples/sec=10.916
Episode 152 complete | agent_samples=13954 | env_steps=5799 | episode_env_steps=44 | episode_agent_samples=133 | mean_reward=133.398 | success=5/5 | collision=0/5 | mean_final_distance=0.240 | mean_progress=0.0145 | min_laser=0.443 | mean_lin=0.965 | mean_ang=0.205 | mean_robot_dist=inf | raw_reward=20.000 | adjusted_reward=20.000 | coop_agents=0/5 | mean_coop_neighbors=0.00 | active_neighbor_step_rate=0.662 | mean_active_neighbors_step=1.579 | max_active_neighbors_step=4 | interaction_reward=0.0000 | abs_interaction_reward=0.0000 | anti_stag_reward=0.0000 | abs_anti_stag_reward=0.0000 | wall_clear_reward=0.0000 | abs_wall_clear_reward=0.0000 | local_nav_reward=0.0000 | abs_local_nav_reward=0.0000 | robot_proximity_reward=-0.0424 | abs_robot_proximity_reward=0.0424 | robot_clearance_reward=0.0150 | context_neighbors_mean=1.59 | context_neighbors_max=4 | last_context_neighbors_mean=0.00 | last_context_neighbors_max=0 | actor_unlocked=0 | expl_noise=0.0764 | replay=13954 | interaction_replay=6088 | samples/sec=10.937
Episode 153 complete | agent_samples=14050 | env_steps=5830 | episode_env_steps=31 | episode_agent_samples=96 | mean_reward=133.275 | success=5/5 | collision=0/5 | mean_final_distance=0.276 | mean_progress=0.0040 | min_laser=0.636 | mean_lin=1.000 | mean_ang=-0.349 | mean_robot_dist=inf | raw_reward=20.000 | adjusted_reward=20.000 | coop_agents=0/5 | mean_coop_neighbors=0.00 | active_neighbor_step_rate=0.740 | mean_active_neighbors_step=1.698 | max_active_neighbors_step=4 | interaction_reward=0.0000 | abs_interaction_reward=0.0000 | anti_stag_reward=0.0000 | abs_anti_stag_reward=0.0000 | wall_clear_reward=0.0000 | abs_wall_clear_reward=0.0000 | local_nav_reward=0.0000 | abs_local_nav_reward=0.0000 | robot_proximity_reward=-0.1725 | abs_robot_proximity_reward=0.1725 | robot_clearance_reward=0.0575 | context_neighbors_mean=1.76 | context_neighbors_max=4 | last_context_neighbors_mean=0.00 | last_context_neighbors_max=0 | actor_unlocked=0 | expl_noise=0.0764 | replay=14050 | interaction_replay=6134 | samples/sec=10.954
Episode 154 complete | agent_samples=14126 | env_steps=5856 | episode_env_steps=26 | episode_agent_samples=76 | mean_reward=108.449 | success=5/5 | collision=0/5 | mean_final_distance=0.261 | mean_progress=0.0068 | min_laser=0.546 | mean_lin=0.958 | mean_ang=-0.201 | mean_robot_dist=inf | raw_reward=20.000 | adjusted_reward=20.000 | coop_agents=0/5 | mean_coop_neighbors=0.00 | active_neighbor_step_rate=0.684 | mean_active_neighbors_step=1.697 | max_active_neighbors_step=4 | interaction_reward=0.0000 | abs_interaction_reward=0.0000 | anti_stag_reward=0.0000 | abs_anti_stag_reward=0.0000 | wall_clear_reward=0.0000 | abs_wall_clear_reward=0.0000 | local_nav_reward=0.0000 | abs_local_nav_reward=0.0000 | robot_proximity_reward=-0.4536 | abs_robot_proximity_reward=0.4536 | robot_clearance_reward=0.0526 | context_neighbors_mean=1.79 | context_neighbors_max=4 | last_context_neighbors_mean=0.00 | last_context_neighbors_max=0 | actor_unlocked=0 | expl_noise=0.0763 | replay=14126 | interaction_replay=6180 | samples/sec=10.964
Episode 155 complete | agent_samples=14234 | env_steps=5892 | episode_env_steps=36 | episode_agent_samples=108 | mean_reward=82.349 | success=4/5 | collision=1/5 | mean_final_distance=0.461 | mean_progress=0.0018 | min_laser=0.311 | mean_lin=0.959 | mean_ang=0.577 | mean_robot_dist=inf | raw_reward=20.000 | adjusted_reward=20.000 | coop_agents=0/5 | mean_coop_neighbors=0.00 | active_neighbor_step_rate=0.704 | mean_active_neighbors_step=1.991 | max_active_neighbors_step=4 | interaction_reward=0.0000 | abs_interaction_reward=0.0000 | anti_stag_reward=0.0000 | abs_anti_stag_reward=0.0000 | wall_clear_reward=0.0000 | abs_wall_clear_reward=0.0000 | local_nav_reward=0.0000 | abs_local_nav_reward=0.0000 | robot_proximity_reward=-0.0479 | abs_robot_proximity_reward=0.0479 | robot_clearance_reward=0.0185 | context_neighbors_mean=2.00 | context_neighbors_max=4 | last_context_neighbors_mean=0.00 | last_context_neighbors_max=0 | actor_unlocked=0 | expl_noise=0.0763 | replay=14234 | interaction_replay=6214 | samples/sec=10.981
Status | epoch=1 | next_eval_in=5766 agent_samples | checkpoint_every=10 episodes | checkpoint=./checkpoints/interaction_focused_actor_from_5d_s20260725_latest.pt | model=interaction_focused_actor_from_5d_s20260725
Episode 156 complete | agent_samples=14282 | env_steps=5904 | episode_env_steps=12 | episode_agent_samples=48 | mean_reward=37.072 | success=3/5 | collision=2/5 | mean_final_distance=0.450 | mean_progress=0.0238 | min_laser=0.314 | mean_lin=0.756 | mean_ang=0.363 | mean_robot_dist=inf | raw_reward=20.000 | adjusted_reward=20.000 | coop_agents=0/5 | mean_coop_neighbors=0.00 | active_neighbor_step_rate=0.833 | mean_active_neighbors_step=2.354 | max_active_neighbors_step=4 | interaction_reward=0.0000 | abs_interaction_reward=0.0000 | anti_stag_reward=0.0000 | abs_anti_stag_reward=0.0000 | wall_clear_reward=0.0000 | abs_wall_clear_reward=0.0000 | local_nav_reward=0.0000 | abs_local_nav_reward=0.0000 | robot_proximity_reward=-0.8553 | abs_robot_proximity_reward=0.8553 | robot_clearance_reward=0.0475 | context_neighbors_mean=2.42 | context_neighbors_max=4 | last_context_neighbors_mean=0.00 | last_context_neighbors_max=0 | actor_unlocked=0 | expl_noise=0.0763 | replay=14282 | interaction_replay=6254 | samples/sec=10.995
Episode 157 complete | agent_samples=14346 | env_steps=5931 | episode_env_steps=27 | episode_agent_samples=64 | mean_reward=123.745 | success=5/5 | collision=0/5 | mean_final_distance=0.288 | mean_progress=0.0065 | min_laser=0.566 | mean_lin=0.967 | mean_ang=-0.499 | mean_robot_dist=inf | raw_reward=20.000 | adjusted_reward=20.000 | coop_agents=0/5 | mean_coop_neighbors=0.00 | active_neighbor_step_rate=0.703 | mean_active_neighbors_step=1.688 | max_active_neighbors_step=4 | interaction_reward=0.0000 | abs_interaction_reward=0.0000 | anti_stag_reward=0.0000 | abs_anti_stag_reward=0.0000 | wall_clear_reward=0.0000 | abs_wall_clear_reward=0.0000 | local_nav_reward=0.0000 | abs_local_nav_reward=0.0000 | robot_proximity_reward=-0.2827 | abs_robot_proximity_reward=0.2827 | robot_clearance_reward=0.0000 | context_neighbors_mean=1.72 | context_neighbors_max=4 | last_context_neighbors_mean=0.00 | last_context_neighbors_max=0 | actor_unlocked=0 | expl_noise=0.0763 | replay=14346 | interaction_replay=6297 | samples/sec=10.993
Episode 158 complete | agent_samples=14388 | env_steps=5940 | episode_env_steps=9 | episode_agent_samples=42 | mean_reward=22.604 | success=3/5 | collision=2/5 | mean_final_distance=0.763 | mean_progress=0.0662 | min_laser=0.302 | mean_lin=0.795 | mean_ang=0.189 | mean_robot_dist=inf | raw_reward=59.779 | adjusted_reward=59.824 | coop_agents=2/5 | mean_coop_neighbors=0.40 | active_neighbor_step_rate=0.929 | mean_active_neighbors_step=2.167 | max_active_neighbors_step=4 | interaction_reward=0.0000 | abs_interaction_reward=0.0000 | anti_stag_reward=0.0000 | abs_anti_stag_reward=0.0000 | wall_clear_reward=0.0000 | abs_wall_clear_reward=0.0000 | local_nav_reward=0.0000 | abs_local_nav_reward=0.0000 | robot_proximity_reward=-0.8002 | abs_robot_proximity_reward=0.8002 | robot_clearance_reward=0.0234 | context_neighbors_mean=2.24 | context_neighbors_max=4 | last_context_neighbors_mean=0.00 | last_context_neighbors_max=0 | actor_unlocked=0 | expl_noise=0.0763 | replay=14388 | interaction_replay=6337 | samples/sec=11.008
Episode 159 complete | agent_samples=14446 | env_steps=5963 | episode_env_steps=23 | episode_agent_samples=58 | mean_reward=24.798 | success=3/5 | collision=2/5 | mean_final_distance=0.383 | mean_progress=0.0148 | min_laser=0.300 | mean_lin=0.816 | mean_ang=-0.015 | mean_robot_dist=inf | raw_reward=20.000 | adjusted_reward=20.000 | coop_agents=0/5 | mean_coop_neighbors=0.00 | active_neighbor_step_rate=0.741 | mean_active_neighbors_step=2.086 | max_active_neighbors_step=4 | interaction_reward=0.0000 | abs_interaction_reward=0.0000 | anti_stag_reward=0.0000 | abs_anti_stag_reward=0.0000 | wall_clear_reward=0.0000 | abs_wall_clear_reward=0.0000 | local_nav_reward=0.0000 | abs_local_nav_reward=0.0000 | robot_proximity_reward=-0.5831 | abs_robot_proximity_reward=0.5831 | robot_clearance_reward=0.0690 | context_neighbors_mean=2.17 | context_neighbors_max=4 | last_context_neighbors_mean=0.00 | last_context_neighbors_max=0 | actor_unlocked=0 | expl_noise=0.0763 | replay=14446 | interaction_replay=6375 | samples/sec=11.009
Episode 160 complete | agent_samples=14507 | env_steps=5976 | episode_env_steps=13 | episode_agent_samples=61 | mean_reward=117.445 | success=5/5 | collision=0/5 | mean_final_distance=0.259 | mean_progress=0.0362 | min_laser=0.586 | mean_lin=0.792 | mean_ang=-0.201 | mean_robot_dist=inf | raw_reward=60.000 | adjusted_reward=60.000 | coop_agents=2/5 | mean_coop_neighbors=0.40 | active_neighbor_step_rate=0.967 | mean_active_neighbors_step=2.066 | max_active_neighbors_step=3 | interaction_reward=0.0000 | abs_interaction_reward=0.0000 | anti_stag_reward=0.0000 | abs_anti_stag_reward=0.0000 | wall_clear_reward=0.0000 | abs_wall_clear_reward=0.0000 | local_nav_reward=0.0000 | abs_local_nav_reward=0.0000 | robot_proximity_reward=-0.2417 | abs_robot_proximity_reward=0.2417 | robot_clearance_reward=0.1070 | context_neighbors_mean=2.16 | context_neighbors_max=3 | last_context_neighbors_mean=0.00 | last_context_neighbors_max=0 | actor_unlocked=0 | expl_noise=0.0763 | replay=14507 | interaction_replay=6429 | samples/sec=11.031
Status | epoch=1 | next_eval_in=5493 agent_samples | checkpoint_every=10 episodes | checkpoint=./checkpoints/interaction_focused_actor_from_5d_s20260725_latest.pt | model=interaction_focused_actor_from_5d_s20260725
Checkpoint saved: ./checkpoints/interaction_focused_actor_from_5d_s20260725_latest.pt
Episode 161 complete | agent_samples=14587 | env_steps=6008 | episode_env_steps=32 | episode_agent_samples=80 | mean_reward=79.836 | success=4/5 | collision=1/5 | mean_final_distance=0.397 | mean_progress=0.0203 | min_laser=0.343 | mean_lin=0.800 | mean_ang=-0.179 | mean_robot_dist=inf | raw_reward=-20.000 | adjusted_reward=-20.000 | coop_agents=0/5 | mean_coop_neighbors=0.00 | active_neighbor_step_rate=0.688 | mean_active_neighbors_step=1.725 | max_active_neighbors_step=4 | interaction_reward=0.0000 | abs_interaction_reward=0.0000 | anti_stag_reward=0.0000 | abs_anti_stag_reward=0.0000 | wall_clear_reward=0.0000 | abs_wall_clear_reward=0.0000 | local_nav_reward=0.0000 | abs_local_nav_reward=0.0000 | robot_proximity_reward=-0.0372 | abs_robot_proximity_reward=0.0372 | robot_clearance_reward=0.0250 | context_neighbors_mean=1.71 | context_neighbors_max=4 | last_context_neighbors_mean=0.00 | last_context_neighbors_max=0 | actor_unlocked=0 | expl_noise=0.0762 | replay=14587 | interaction_replay=6445 | samples/sec=11.029
Episode 162 complete | agent_samples=14672 | env_steps=6037 | episode_env_steps=29 | episode_agent_samples=85 | mean_reward=103.311 | success=5/5 | collision=0/5 | mean_final_distance=0.262 | mean_progress=0.0058 | min_laser=0.594 | mean_lin=0.941 | mean_ang=-0.200 | mean_robot_dist=inf | raw_reward=20.000 | adjusted_reward=20.000 | coop_agents=0/5 | mean_coop_neighbors=0.00 | active_neighbor_step_rate=0.659 | mean_active_neighbors_step=1.153 | max_active_neighbors_step=4 | interaction_reward=0.0000 | abs_interaction_reward=0.0000 | anti_stag_reward=0.0000 | abs_anti_stag_reward=0.0000 | wall_clear_reward=0.0000 | abs_wall_clear_reward=0.0000 | local_nav_reward=0.0000 | abs_local_nav_reward=0.0000 | robot_proximity_reward=-0.3889 | abs_robot_proximity_reward=0.3889 | robot_clearance_reward=0.0235 | context_neighbors_mean=1.25 | context_neighbors_max=4 | last_context_neighbors_mean=0.00 | last_context_neighbors_max=0 | actor_unlocked=0 | expl_noise=0.0762 | replay=14672 | interaction_replay=6491 | samples/sec=11.041
Episode 163 complete | agent_samples=14768 | env_steps=6064 | episode_env_steps=27 | episode_agent_samples=96 | mean_reward=80.105 | success=4/5 | collision=1/5 | mean_final_distance=0.290 | mean_progress=0.0062 | min_laser=0.349 | mean_lin=0.575 | mean_ang=-0.860 | mean_robot_dist=inf | raw_reward=20.000 | adjusted_reward=20.000 | coop_agents=0/5 | mean_coop_neighbors=0.00 | active_neighbor_step_rate=0.844 | mean_active_neighbors_step=1.969 | max_active_neighbors_step=4 | interaction_reward=0.0000 | abs_interaction_reward=0.0000 | anti_stag_reward=0.0000 | abs_anti_stag_reward=0.0000 | wall_clear_reward=0.0000 | abs_wall_clear_reward=0.0000 | local_nav_reward=0.0000 | abs_local_nav_reward=0.0000 | robot_proximity_reward=-0.4064 | abs_robot_proximity_reward=0.4064 | robot_clearance_reward=0.0208 | context_neighbors_mean=2.02 | context_neighbors_max=4 | last_context_neighbors_mean=0.00 | last_context_neighbors_max=0 | actor_unlocked=0 | expl_noise=0.0762 | replay=14768 | interaction_replay=6564 | samples/sec=11.063
Episode 164 complete | agent_samples=14862 | env_steps=6097 | episode_env_steps=33 | episode_agent_samples=94 | mean_reward=126.835 | success=5/5 | collision=0/5 | mean_final_distance=0.252 | mean_progress=0.0228 | min_laser=0.420 | mean_lin=1.000 | mean_ang=0.599 | mean_robot_dist=inf | raw_reward=20.000 | adjusted_reward=20.000 | coop_agents=0/5 | mean_coop_neighbors=0.00 | active_neighbor_step_rate=0.766 | mean_active_neighbors_step=1.766 | max_active_neighbors_step=4 | interaction_reward=0.0000 | abs_interaction_reward=0.0000 | anti_stag_reward=0.0000 | abs_anti_stag_reward=0.0000 | wall_clear_reward=0.0000 | abs_wall_clear_reward=0.0000 | local_nav_reward=0.0000 | abs_local_nav_reward=0.0000 | robot_proximity_reward=0.0000 | abs_robot_proximity_reward=0.0000 | robot_clearance_reward=0.0000 | context_neighbors_mean=1.78 | context_neighbors_max=4 | last_context_neighbors_mean=0.00 | last_context_neighbors_max=0 | actor_unlocked=0 | expl_noise=0.0762 | replay=14862 | interaction_replay=6578 | samples/sec=11.074
Episode 165 complete | agent_samples=14957 | env_steps=6141 | episode_env_steps=44 | episode_agent_samples=95 | mean_reward=75.002 | success=4/5 | collision=1/5 | mean_final_distance=0.657 | mean_progress=0.0116 | min_laser=0.327 | mean_lin=0.788 | mean_ang=-0.113 | mean_robot_dist=inf | raw_reward=20.000 | adjusted_reward=20.000 | coop_agents=0/5 | mean_coop_neighbors=0.00 | active_neighbor_step_rate=0.579 | mean_active_neighbors_step=1.442 | max_active_neighbors_step=4 | interaction_reward=0.0000 | abs_interaction_reward=0.0000 | anti_stag_reward=0.0000 | abs_anti_stag_reward=0.0000 | wall_clear_reward=0.0000 | abs_wall_clear_reward=0.0000 | local_nav_reward=0.0000 | abs_local_nav_reward=0.0000 | robot_proximity_reward=-0.2159 | abs_robot_proximity_reward=0.2159 | robot_clearance_reward=0.0000 | context_neighbors_mean=1.46 | context_neighbors_max=4 | last_context_neighbors_mean=0.00 | last_context_neighbors_max=0 | actor_unlocked=0 | expl_noise=0.0762 | replay=14957 | interaction_replay=6612 | samples/sec=11.066
Status | epoch=1 | next_eval_in=5043 agent_samples | checkpoint_every=10 episodes | checkpoint=./checkpoints/interaction_focused_actor_from_5d_s20260725_latest.pt | model=interaction_focused_actor_from_5d_s20260725
Episode 166 complete | agent_samples=15021 | env_steps=6167 | episode_env_steps=26 | episode_agent_samples=64 | mean_reward=16.376 | success=3/5 | collision=2/5 | mean_final_distance=0.522 | mean_progress=0.0108 | min_laser=0.311 | mean_lin=0.973 | mean_ang=-0.202 | mean_robot_dist=inf | raw_reward=20.000 | adjusted_reward=20.000 | coop_agents=0/5 | mean_coop_neighbors=0.00 | active_neighbor_step_rate=0.641 | mean_active_neighbors_step=1.453 | max_active_neighbors_step=4 | interaction_reward=0.0000 | abs_interaction_reward=0.0000 | anti_stag_reward=0.0000 | abs_anti_stag_reward=0.0000 | wall_clear_reward=0.0000 | abs_wall_clear_reward=0.0000 | local_nav_reward=0.0000 | abs_local_nav_reward=0.0000 | robot_proximity_reward=-0.9813 | abs_robot_proximity_reward=0.9813 | robot_clearance_reward=0.0000 | context_neighbors_mean=1.56 | context_neighbors_max=4 | last_context_neighbors_mean=0.00 | last_context_neighbors_max=0 | actor_unlocked=0 | expl_noise=0.0761 | replay=15021 | interaction_replay=6650 | samples/sec=11.066
Episode 167 complete | agent_samples=15099 | env_steps=6197 | episode_env_steps=30 | episode_agent_samples=78 | mean_reward=12.729 | success=3/5 | collision=2/5 | mean_final_distance=0.607 | mean_progress=0.0077 | min_laser=0.329 | mean_lin=0.788 | mean_ang=0.314 | mean_robot_dist=inf | raw_reward=20.000 | adjusted_reward=20.000 | coop_agents=0/5 | mean_coop_neighbors=0.00 | active_neighbor_step_rate=0.603 | mean_active_neighbors_step=1.449 | max_active_neighbors_step=4 | interaction_reward=0.0000 | abs_interaction_reward=0.0000 | anti_stag_reward=0.0000 | abs_anti_stag_reward=0.0000 | wall_clear_reward=0.0000 | abs_wall_clear_reward=0.0000 | local_nav_reward=0.0000 | abs_local_nav_reward=0.0000 | robot_proximity_reward=-0.7927 | abs_robot_proximity_reward=0.7927 | robot_clearance_reward=0.0332 | context_neighbors_mean=1.49 | context_neighbors_max=4 | last_context_neighbors_mean=0.00 | last_context_neighbors_max=0 | actor_unlocked=0 | expl_noise=0.0761 | replay=15099 | interaction_replay=6698 | samples/sec=11.070
Episode 168 complete | agent_samples=15245 | env_steps=6301 | episode_env_steps=104 | episode_agent_samples=146 | mean_reward=27.680 | success=3/5 | collision=2/5 | mean_final_distance=0.362 | mean_progress=0.0054 | min_laser=0.309 | mean_lin=0.782 | mean_ang=0.028 | mean_robot_dist=inf | raw_reward=20.000 | adjusted_reward=20.000 | coop_agents=0/5 | mean_coop_neighbors=0.00 | active_neighbor_step_rate=0.390 | mean_active_neighbors_step=0.815 | max_active_neighbors_step=4 | interaction_reward=0.0000 | abs_interaction_reward=0.0000 | anti_stag_reward=0.0000 | abs_anti_stag_reward=0.0000 | wall_clear_reward=0.0000 | abs_wall_clear_reward=0.0000 | local_nav_reward=0.0000 | abs_local_nav_reward=0.0000 | robot_proximity_reward=-0.1887 | abs_robot_proximity_reward=0.1887 | robot_clearance_reward=0.0000 | context_neighbors_mean=0.83 | context_neighbors_max=4 | last_context_neighbors_mean=0.00 | last_context_neighbors_max=0 | actor_unlocked=0 | expl_noise=0.0761 | replay=15245 | interaction_replay=6746 | samples/sec=10.996
Episode 169 complete | agent_samples=15319 | env_steps=6332 | episode_env_steps=31 | episode_agent_samples=74 | mean_reward=80.369 | success=4/5 | collision=1/5 | mean_final_distance=0.617 | mean_progress=0.0066 | min_laser=0.331 | mean_lin=1.000 | mean_ang=0.228 | mean_robot_dist=inf | raw_reward=20.000 | adjusted_reward=20.000 | coop_agents=0/5 | mean_coop_neighbors=0.00 | active_neighbor_step_rate=0.608 | mean_active_neighbors_step=1.027 | max_active_neighbors_step=4 | interaction_reward=0.0000 | abs_interaction_reward=0.0000 | anti_stag_reward=0.0000 | abs_anti_stag_reward=0.0000 | wall_clear_reward=0.0000 | abs_wall_clear_reward=0.0000 | local_nav_reward=0.0000 | abs_local_nav_reward=0.0000 | robot_proximity_reward=-0.6407 | abs_robot_proximity_reward=0.6407 | robot_clearance_reward=0.0270 | context_neighbors_mean=1.03 | context_neighbors_max=4 | last_context_neighbors_mean=0.00 | last_context_neighbors_max=0 | actor_unlocked=0 | expl_noise=0.0760 | replay=15319 | interaction_replay=6759 | samples/sec=10.995
Episode 170 complete | agent_samples=15368 | env_steps=6348 | episode_env_steps=16 | episode_agent_samples=49 | mean_reward=116.730 | success=5/5 | collision=0/5 | mean_final_distance=0.259 | mean_progress=0.0202 | min_laser=0.758 | mean_lin=1.000 | mean_ang=-0.123 | mean_robot_dist=inf | raw_reward=20.000 | adjusted_reward=20.000 | coop_agents=0/5 | mean_coop_neighbors=0.00 | active_neighbor_step_rate=0.837 | mean_active_neighbors_step=2.082 | max_active_neighbors_step=4 | interaction_reward=0.0000 | abs_interaction_reward=0.0000 | anti_stag_reward=0.0000 | abs_anti_stag_reward=0.0000 | wall_clear_reward=0.0000 | abs_wall_clear_reward=0.0000 | local_nav_reward=0.0000 | abs_local_nav_reward=0.0000 | robot_proximity_reward=-0.2811 | abs_robot_proximity_reward=0.2811 | robot_clearance_reward=0.0408 | context_neighbors_mean=2.16 | context_neighbors_max=4 | last_context_neighbors_mean=0.00 | last_context_neighbors_max=0 | actor_unlocked=0 | expl_noise=0.0760 | replay=15368 | interaction_replay=6798 | samples/sec=11.002
Status | epoch=1 | next_eval_in=4632 agent_samples | checkpoint_every=10 episodes | checkpoint=./checkpoints/interaction_focused_actor_from_5d_s20260725_latest.pt | model=interaction_focused_actor_from_5d_s20260725
Checkpoint saved: ./checkpoints/interaction_focused_actor_from_5d_s20260725_latest.pt
Episode 171 complete | agent_samples=15447 | env_steps=6383 | episode_env_steps=35 | episode_agent_samples=79 | mean_reward=-10.866 | success=2/5 | collision=3/5 | mean_final_distance=0.724 | mean_progress=0.0107 | min_laser=0.316 | mean_lin=1.000 | mean_ang=-0.189 | mean_robot_dist=inf | raw_reward=20.000 | adjusted_reward=20.000 | coop_agents=0/5 | mean_coop_neighbors=0.00 | active_neighbor_step_rate=0.734 | mean_active_neighbors_step=2.177 | max_active_neighbors_step=4 | interaction_reward=0.0000 | abs_interaction_reward=0.0000 | anti_stag_reward=0.0000 | abs_anti_stag_reward=0.0000 | wall_clear_reward=0.0000 | abs_wall_clear_reward=0.0000 | local_nav_reward=0.0000 | abs_local_nav_reward=0.0000 | robot_proximity_reward=-0.4069 | abs_robot_proximity_reward=0.4069 | robot_clearance_reward=0.0000 | context_neighbors_mean=2.18 | context_neighbors_max=4 | last_context_neighbors_mean=0.00 | last_context_neighbors_max=0 | actor_unlocked=0 | expl_noise=0.0760 | replay=15447 | interaction_replay=6824 | samples/sec=10.994
Episode 172 complete | agent_samples=15512 | env_steps=6411 | episode_env_steps=28 | episode_agent_samples=65 | mean_reward=25.591 | success=3/5 | collision=2/5 | mean_final_distance=0.431 | mean_progress=0.0076 | min_laser=0.300 | mean_lin=0.683 | mean_ang=-0.166 | mean_robot_dist=inf | raw_reward=20.000 | adjusted_reward=20.000 | coop_agents=0/5 | mean_coop_neighbors=0.00 | active_neighbor_step_rate=0.708 | mean_active_neighbors_step=1.800 | max_active_neighbors_step=4 | interaction_reward=0.0000 | abs_interaction_reward=0.0000 | anti_stag_reward=0.0000 | abs_anti_stag_reward=0.0000 | wall_clear_reward=0.0000 | abs_wall_clear_reward=0.0000 | local_nav_reward=0.0000 | abs_local_nav_reward=0.0000 | robot_proximity_reward=-0.4529 | abs_robot_proximity_reward=0.4529 | robot_clearance_reward=0.0000 | context_neighbors_mean=1.78 | context_neighbors_max=4 | last_context_neighbors_mean=0.00 | last_context_neighbors_max=0 | actor_unlocked=0 | expl_noise=0.0760 | replay=15512 | interaction_replay=6853 | samples/sec=10.992
Episode 173 complete | agent_samples=15590 | env_steps=6447 | episode_env_steps=36 | episode_agent_samples=78 | mean_reward=39.665 | success=3/5 | collision=2/5 | mean_final_distance=0.542 | mean_progress=-0.0001 | min_laser=0.338 | mean_lin=0.868 | mean_ang=0.601 | mean_robot_dist=inf | raw_reward=-20.000 | adjusted_reward=-20.000 | coop_agents=0/5 | mean_coop_neighbors=0.00 | active_neighbor_step_rate=0.641 | mean_active_neighbors_step=1.462 | max_active_neighbors_step=4 | interaction_reward=0.0000 | abs_interaction_reward=0.0000 | anti_stag_reward=0.0000 | abs_anti_stag_reward=0.0000 | wall_clear_reward=0.0000 | abs_wall_clear_reward=0.0000 | local_nav_reward=0.0000 | abs_local_nav_reward=0.0000 | robot_proximity_reward=-0.4186 | abs_robot_proximity_reward=0.4186 | robot_clearance_reward=0.0204 | context_neighbors_mean=1.51 | context_neighbors_max=4 | last_context_neighbors_mean=0.00 | last_context_neighbors_max=0 | actor_unlocked=0 | expl_noise=0.0760 | replay=15590 | interaction_replay=6905 | samples/sec=10.985
Episode 174 complete | agent_samples=15651 | env_steps=6469 | episode_env_steps=22 | episode_agent_samples=61 | mean_reward=104.243 | success=5/5 | collision=0/5 | mean_final_distance=0.262 | mean_progress=0.0185 | min_laser=0.591 | mean_lin=0.942 | mean_ang=0.610 | mean_robot_dist=inf | raw_reward=20.000 | adjusted_reward=20.000 | coop_agents=0/5 | mean_coop_neighbors=0.00 | active_neighbor_step_rate=0.787 | mean_active_neighbors_step=1.738 | max_active_neighbors_step=4 | interaction_reward=0.0000 | abs_interaction_reward=0.0000 | anti_stag_reward=0.0000 | abs_anti_stag_reward=0.0000 | wall_clear_reward=0.0000 | abs_wall_clear_reward=0.0000 | local_nav_reward=0.0000 | abs_local_nav_reward=0.0000 | robot_proximity_reward=-0.4972 | abs_robot_proximity_reward=0.4972 | robot_clearance_reward=0.1468 | context_neighbors_mean=1.87 | context_neighbors_max=4 | last_context_neighbors_mean=0.00 | last_context_neighbors_max=0 | actor_unlocked=0 | expl_noise=0.0760 | replay=15651 | interaction_replay=6943 | samples/sec=10.990
Episode 175 complete | agent_samples=15776 | env_steps=6536 | episode_env_steps=67 | episode_agent_samples=125 | mean_reward=63.323 | success=4/5 | collision=1/5 | mean_final_distance=0.525 | mean_progress=0.0097 | min_laser=0.324 | mean_lin=0.632 | mean_ang=-0.304 | mean_robot_dist=inf | raw_reward=20.000 | adjusted_reward=20.000 | coop_agents=0/5 | mean_coop_neighbors=0.00 | active_neighbor_step_rate=0.544 | mean_active_neighbors_step=1.432 | max_active_neighbors_step=4 | interaction_reward=0.0000 | abs_interaction_reward=0.0000 | anti_stag_reward=0.0000 | abs_anti_stag_reward=0.0000 | wall_clear_reward=0.0000 | abs_wall_clear_reward=0.0000 | local_nav_reward=0.0000 | abs_local_nav_reward=0.0000 | robot_proximity_reward=-0.3314 | abs_robot_proximity_reward=0.3314 | robot_clearance_reward=0.0160 | context_neighbors_mean=1.44 | context_neighbors_max=4 | last_context_neighbors_mean=0.00 | last_context_neighbors_max=0 | actor_unlocked=0 | expl_noise=0.0759 | replay=15776 | interaction_replay=6960 | samples/sec=10.965
Status | epoch=1 | next_eval_in=4224 agent_samples | checkpoint_every=10 episodes | checkpoint=./checkpoints/interaction_focused_actor_from_5d_s20260725_latest.pt | model=interaction_focused_actor_from_5d_s20260725
Episode 176 complete | agent_samples=15840 | env_steps=6561 | episode_env_steps=25 | episode_agent_samples=64 | mean_reward=107.554 | success=5/5 | collision=0/5 | mean_final_distance=0.242 | mean_progress=0.0120 | min_laser=0.446 | mean_lin=0.957 | mean_ang=0.073 | mean_robot_dist=inf | raw_reward=20.000 | adjusted_reward=20.000 | coop_agents=0/5 | mean_coop_neighbors=0.00 | active_neighbor_step_rate=0.594 | mean_active_neighbors_step=1.344 | max_active_neighbors_step=4 | interaction_reward=0.0000 | abs_interaction_reward=0.0000 | anti_stag_reward=0.0000 | abs_anti_stag_reward=0.0000 | wall_clear_reward=0.0000 | abs_wall_clear_reward=0.0000 | local_nav_reward=0.0000 | abs_local_nav_reward=0.0000 | robot_proximity_reward=-0.7020 | abs_robot_proximity_reward=0.7020 | robot_clearance_reward=0.0312 | context_neighbors_mean=1.41 | context_neighbors_max=4 | last_context_neighbors_mean=0.00 | last_context_neighbors_max=0 | actor_unlocked=0 | expl_noise=0.0759 | replay=15840 | interaction_replay=7000 | samples/sec=10.967
Episode 177 complete | agent_samples=15898 | env_steps=6581 | episode_env_steps=20 | episode_agent_samples=58 | mean_reward=62.245 | success=4/5 | collision=1/5 | mean_final_distance=0.356 | mean_progress=0.0078 | min_laser=0.331 | mean_lin=0.993 | mean_ang=-0.188 | mean_robot_dist=inf | raw_reward=20.000 | adjusted_reward=20.000 | coop_agents=0/5 | mean_coop_neighbors=0.00 | active_neighbor_step_rate=0.828 | mean_active_neighbors_step=2.879 | max_active_neighbors_step=4 | interaction_reward=0.0000 | abs_interaction_reward=0.0000 | anti_stag_reward=0.0000 | abs_anti_stag_reward=0.0000 | wall_clear_reward=0.0000 | abs_wall_clear_reward=0.0000 | local_nav_reward=0.0000 | abs_local_nav_reward=0.0000 | robot_proximity_reward=-0.7505 | abs_robot_proximity_reward=0.7505 | robot_clearance_reward=0.0345 | context_neighbors_mean=2.88 | context_neighbors_max=4 | last_context_neighbors_mean=0.00 | last_context_neighbors_max=0 | actor_unlocked=0 | expl_noise=0.0759 | replay=15898 | interaction_replay=7018 | samples/sec=10.973
Episode 178 complete | agent_samples=16055 | env_steps=6639 | episode_env_steps=58 | episode_agent_samples=157 | mean_reward=83.069 | success=4/5 | collision=1/5 | mean_final_distance=0.696 | mean_progress=0.0070 | min_laser=0.344 | mean_lin=0.947 | mean_ang=-0.150 | mean_robot_dist=inf | raw_reward=20.000 | adjusted_reward=20.000 | coop_agents=0/5 | mean_coop_neighbors=0.00 | active_neighbor_step_rate=0.656 | mean_active_neighbors_step=1.662 | max_active_neighbors_step=4 | interaction_reward=0.0000 | abs_interaction_reward=0.0000 | anti_stag_reward=0.0000 | abs_anti_stag_reward=0.0000 | wall_clear_reward=0.0000 | abs_wall_clear_reward=0.0000 | local_nav_reward=0.0000 | abs_local_nav_reward=0.0000 | robot_proximity_reward=-0.0610 | abs_robot_proximity_reward=0.0610 | robot_clearance_reward=0.0255 | context_neighbors_mean=1.70 | context_neighbors_max=4 | last_context_neighbors_mean=0.00 | last_context_neighbors_max=0 | actor_unlocked=0 | expl_noise=0.0759 | replay=16055 | interaction_replay=7068 | samples/sec=10.985
Episode 179 complete | agent_samples=16162 | env_steps=6687 | episode_env_steps=48 | episode_agent_samples=107 | mean_reward=86.403 | success=4/5 | collision=1/5 | mean_final_distance=0.592 | mean_progress=0.0176 | min_laser=0.301 | mean_lin=0.800 | mean_ang=-0.235 | mean_robot_dist=inf | raw_reward=20.000 | adjusted_reward=20.000 | coop_agents=0/5 | mean_coop_neighbors=0.00 | active_neighbor_step_rate=0.458 | mean_active_neighbors_step=0.841 | max_active_neighbors_step=4 | interaction_reward=0.0000 | abs_interaction_reward=0.0000 | anti_stag_reward=0.0000 | abs_anti_stag_reward=0.0000 | wall_clear_reward=0.0000 | abs_wall_clear_reward=0.0000 | local_nav_reward=0.0000 | abs_local_nav_reward=0.0000 | robot_proximity_reward=-0.3691 | abs_robot_proximity_reward=0.3691 | robot_clearance_reward=0.0000 | context_neighbors_mean=0.84 | context_neighbors_max=4 | last_context_neighbors_mean=0.00 | last_context_neighbors_max=0 | actor_unlocked=0 | expl_noise=0.0758 | replay=16162 | interaction_replay=7091 | samples/sec=10.980
Episode 180 complete | agent_samples=16260 | env_steps=6731 | episode_env_steps=44 | episode_agent_samples=98 | mean_reward=63.490 | success=4/5 | collision=1/5 | mean_final_distance=0.542 | mean_progress=0.0227 | min_laser=0.319 | mean_lin=0.804 | mean_ang=-0.545 | mean_robot_dist=inf | raw_reward=20.000 | adjusted_reward=20.000 | coop_agents=0/5 | mean_coop_neighbors=0.00 | active_neighbor_step_rate=0.633 | mean_active_neighbors_step=1.673 | max_active_neighbors_step=4 | interaction_reward=0.0000 | abs_interaction_reward=0.0000 | anti_stag_reward=0.0000 | abs_anti_stag_reward=0.0000 | wall_clear_reward=0.0000 | abs_wall_clear_reward=0.0000 | local_nav_reward=0.0000 | abs_local_nav_reward=0.0000 | robot_proximity_reward=-0.5431 | abs_robot_proximity_reward=0.5431 | robot_clearance_reward=0.0780 | context_neighbors_mean=1.69 | context_neighbors_max=4 | last_context_neighbors_mean=0.00 | last_context_neighbors_max=0 | actor_unlocked=0 | expl_noise=0.0758 | replay=16260 | interaction_replay=7142 | samples/sec=10.974
Status | epoch=1 | next_eval_in=3740 agent_samples | checkpoint_every=10 episodes | checkpoint=./checkpoints/interaction_focused_actor_from_5d_s20260725_latest.pt | model=interaction_focused_actor_from_5d_s20260725
Checkpoint saved: ./checkpoints/interaction_focused_actor_from_5d_s20260725_latest.pt
Episode 181 complete | agent_samples=16336 | env_steps=6769 | episode_env_steps=38 | episode_agent_samples=76 | mean_reward=14.968 | success=3/5 | collision=2/5 | mean_final_distance=0.472 | mean_progress=0.0140 | min_laser=0.300 | mean_lin=0.597 | mean_ang=-0.101 | mean_robot_dist=inf | raw_reward=20.000 | adjusted_reward=20.000 | coop_agents=0/5 | mean_coop_neighbors=0.00 | active_neighbor_step_rate=0.500 | mean_active_neighbors_step=1.447 | max_active_neighbors_step=4 | interaction_reward=0.0000 | abs_interaction_reward=0.0000 | anti_stag_reward=0.0000 | abs_anti_stag_reward=0.0000 | wall_clear_reward=0.0000 | abs_wall_clear_reward=0.0000 | local_nav_reward=0.0000 | abs_local_nav_reward=0.0000 | robot_proximity_reward=-1.1975 | abs_robot_proximity_reward=1.1975 | robot_clearance_reward=0.0000 | context_neighbors_mean=1.45 | context_neighbors_max=4 | last_context_neighbors_mean=0.00 | last_context_neighbors_max=0 | actor_unlocked=0 | expl_noise=0.0758 | replay=16336 | interaction_replay=7170 | samples/sec=10.961
Episode 182 complete | agent_samples=16463 | env_steps=6817 | episode_env_steps=48 | episode_agent_samples=127 | mean_reward=115.342 | success=5/5 | collision=0/5 | mean_final_distance=0.220 | mean_progress=0.0152 | min_laser=0.598 | mean_lin=1.000 | mean_ang=0.804 | mean_robot_dist=inf | raw_reward=20.000 | adjusted_reward=20.000 | coop_agents=0/5 | mean_coop_neighbors=0.00 | active_neighbor_step_rate=0.803 | mean_active_neighbors_step=1.677 | max_active_neighbors_step=4 | interaction_reward=0.0000 | abs_interaction_reward=0.0000 | anti_stag_reward=0.0000 | abs_anti_stag_reward=0.0000 | wall_clear_reward=0.0000 | abs_wall_clear_reward=0.0000 | local_nav_reward=0.0000 | abs_local_nav_reward=0.0000 | robot_proximity_reward=-0.2462 | abs_robot_proximity_reward=0.2462 | robot_clearance_reward=0.0157 | context_neighbors_mean=1.72 | context_neighbors_max=4 | last_context_neighbors_mean=0.00 | last_context_neighbors_max=0 | actor_unlocked=0 | expl_noise=0.0757 | replay=16463 | interaction_replay=7193 | samples/sec=10.969
Episode 183 complete | agent_samples=16578 | env_steps=6874 | episode_env_steps=57 | episode_agent_samples=115 | mean_reward=65.224 | success=4/5 | collision=1/5 | mean_final_distance=0.278 | mean_progress=0.0120 | min_laser=0.336 | mean_lin=0.793 | mean_ang=-0.169 | mean_robot_dist=inf | raw_reward=20.000 | adjusted_reward=20.000 | coop_agents=0/5 | mean_coop_neighbors=0.00 | active_neighbor_step_rate=0.513 | mean_active_neighbors_step=1.122 | max_active_neighbors_step=4 | interaction_reward=0.0000 | abs_interaction_reward=0.0000 | anti_stag_reward=0.0000 | abs_anti_stag_reward=0.0000 | wall_clear_reward=0.0000 | abs_wall_clear_reward=0.0000 | local_nav_reward=0.0000 | abs_local_nav_reward=0.0000 | robot_proximity_reward=-0.3927 | abs_robot_proximity_reward=0.3927 | robot_clearance_reward=0.0174 | context_neighbors_mean=1.13 | context_neighbors_max=4 | last_context_neighbors_mean=0.00 | last_context_neighbors_max=0 | actor_unlocked=0 | expl_noise=0.0757 | replay=16578 | interaction_replay=7235 | samples/sec=10.954
Episode 184 complete | agent_samples=16662 | env_steps=6910 | episode_env_steps=36 | episode_agent_samples=84 | mean_reward=127.688 | success=5/5 | collision=0/5 | mean_final_distance=0.255 | mean_progress=0.0020 | min_laser=0.542 | mean_lin=0.754 | mean_ang=0.598 | mean_robot_dist=inf | raw_reward=20.000 | adjusted_reward=20.000 | coop_agents=0/5 | mean_coop_neighbors=0.00 | active_neighbor_step_rate=0.762 | mean_active_neighbors_step=1.833 | max_active_neighbors_step=4 | interaction_reward=0.0000 | abs_interaction_reward=0.0000 | anti_stag_reward=0.0000 | abs_anti_stag_reward=0.0000 | wall_clear_reward=0.0000 | abs_wall_clear_reward=0.0000 | local_nav_reward=0.0000 | abs_local_nav_reward=0.0000 | robot_proximity_reward=0.0000 | abs_robot_proximity_reward=0.0000 | robot_clearance_reward=0.0000 | context_neighbors_mean=1.83 | context_neighbors_max=4 | last_context_neighbors_mean=0.00 | last_context_neighbors_max=0 | actor_unlocked=0 | expl_noise=0.0757 | replay=16662 | interaction_replay=7241 | samples/sec=10.953
Episode 185 complete | agent_samples=16713 | env_steps=6923 | episode_env_steps=13 | episode_agent_samples=51 | mean_reward=24.855 | success=3/5 | collision=2/5 | mean_final_distance=0.498 | mean_progress=0.0323 | min_laser=0.300 | mean_lin=0.993 | mean_ang=-0.498 | mean_robot_dist=inf | raw_reward=40.000 | adjusted_reward=40.000 | coop_agents=1/5 | mean_coop_neighbors=0.20 | active_neighbor_step_rate=0.804 | mean_active_neighbors_step=1.882 | max_active_neighbors_step=4 | interaction_reward=0.0000 | abs_interaction_reward=0.0000 | anti_stag_reward=0.0000 | abs_anti_stag_reward=0.0000 | wall_clear_reward=0.0000 | abs_wall_clear_reward=0.0000 | local_nav_reward=0.0000 | abs_local_nav_reward=0.0000 | robot_proximity_reward=-0.9284 | abs_robot_proximity_reward=0.9284 | robot_clearance_reward=0.0000 | context_neighbors_mean=1.94 | context_neighbors_max=4 | last_context_neighbors_mean=0.00 | last_context_neighbors_max=0 | actor_unlocked=0 | expl_noise=0.0757 | replay=16713 | interaction_replay=7283 | samples/sec=10.965
Status | epoch=1 | next_eval_in=3287 agent_samples | checkpoint_every=10 episodes | checkpoint=./checkpoints/interaction_focused_actor_from_5d_s20260725_latest.pt | model=interaction_focused_actor_from_5d_s20260725
Episode 186 complete | agent_samples=16844 | env_steps=6965 | episode_env_steps=42 | episode_agent_samples=131 | mean_reward=71.956 | success=4/5 | collision=1/5 | mean_final_distance=0.412 | mean_progress=0.0101 | min_laser=0.326 | mean_lin=0.598 | mean_ang=-0.548 | mean_robot_dist=inf | raw_reward=20.000 | adjusted_reward=20.000 | coop_agents=0/5 | mean_coop_neighbors=0.00 | active_neighbor_step_rate=0.893 | mean_active_neighbors_step=2.198 | max_active_neighbors_step=4 | interaction_reward=0.0000 | abs_interaction_reward=0.0000 | anti_stag_reward=0.0000 | abs_anti_stag_reward=0.0000 | wall_clear_reward=0.0000 | abs_wall_clear_reward=0.0000 | local_nav_reward=0.0000 | abs_local_nav_reward=0.0000 | robot_proximity_reward=-0.3710 | abs_robot_proximity_reward=0.3710 | robot_clearance_reward=0.0153 | context_neighbors_mean=2.20 | context_neighbors_max=4 | last_context_neighbors_mean=0.00 | last_context_neighbors_max=0 | actor_unlocked=0 | expl_noise=0.0756 | replay=16844 | interaction_replay=7308 | samples/sec=10.984
Episode 187 complete | agent_samples=16955 | env_steps=7001 | episode_env_steps=36 | episode_agent_samples=111 | mean_reward=99.623 | success=5/5 | collision=0/5 | mean_final_distance=0.252 | mean_progress=0.0058 | min_laser=0.585 | mean_lin=0.995 | mean_ang=-0.254 | mean_robot_dist=inf | raw_reward=20.000 | adjusted_reward=20.000 | coop_agents=0/5 | mean_coop_neighbors=0.00 | active_neighbor_step_rate=0.613 | mean_active_neighbors_step=1.423 | max_active_neighbors_step=4 | interaction_reward=0.0000 | abs_interaction_reward=0.0000 | anti_stag_reward=0.0000 | abs_anti_stag_reward=0.0000 | wall_clear_reward=0.0000 | abs_wall_clear_reward=0.0000 | local_nav_reward=0.0000 | abs_local_nav_reward=0.0000 | robot_proximity_reward=-0.5687 | abs_robot_proximity_reward=0.5687 | robot_clearance_reward=0.0191 | context_neighbors_mean=1.46 | context_neighbors_max=4 | last_context_neighbors_mean=0.00 | last_context_neighbors_max=0 | actor_unlocked=0 | expl_noise=0.0756 | replay=16955 | interaction_replay=7369 | samples/sec=11.001
Episode 188 complete | agent_samples=17078 | env_steps=7042 | episode_env_steps=41 | episode_agent_samples=123 | mean_reward=128.999 | success=5/5 | collision=0/5 | mean_final_distance=0.252 | mean_progress=0.0225 | min_laser=0.571 | mean_lin=0.999 | mean_ang=-0.518 | mean_robot_dist=inf | raw_reward=20.000 | adjusted_reward=20.000 | coop_agents=0/5 | mean_coop_neighbors=0.00 | active_neighbor_step_rate=0.634 | mean_active_neighbors_step=1.520 | max_active_neighbors_step=4 | interaction_reward=0.0000 | abs_interaction_reward=0.0000 | anti_stag_reward=0.0000 | abs_anti_stag_reward=0.0000 | wall_clear_reward=0.0000 | abs_wall_clear_reward=0.0000 | local_nav_reward=0.0000 | abs_local_nav_reward=0.0000 | robot_proximity_reward=-0.0498 | abs_robot_proximity_reward=0.0498 | robot_clearance_reward=0.0000 | context_neighbors_mean=1.56 | context_neighbors_max=4 | last_context_neighbors_mean=0.00 | last_context_neighbors_max=0 | actor_unlocked=0 | expl_noise=0.0756 | replay=17078 | interaction_replay=7418 | samples/sec=11.016
Episode 189 complete | agent_samples=17139 | env_steps=7056 | episode_env_steps=14 | episode_agent_samples=61 | mean_reward=75.812 | success=4/5 | collision=1/5 | mean_final_distance=0.440 | mean_progress=0.0042 | min_laser=0.349 | mean_lin=0.588 | mean_ang=-0.549 | mean_robot_dist=inf | raw_reward=-20.000 | adjusted_reward=-20.000 | coop_agents=0/5 | mean_coop_neighbors=0.00 | active_neighbor_step_rate=0.984 | mean_active_neighbors_step=2.393 | max_active_neighbors_step=4 | interaction_reward=0.0000 | abs_interaction_reward=0.0000 | anti_stag_reward=0.0000 | abs_anti_stag_reward=0.0000 | wall_clear_reward=0.0000 | abs_wall_clear_reward=0.0000 | local_nav_reward=0.0000 | abs_local_nav_reward=0.0000 | robot_proximity_reward=-0.1139 | abs_robot_proximity_reward=0.1139 | robot_clearance_reward=0.0328 | context_neighbors_mean=2.39 | context_neighbors_max=4 | last_context_neighbors_mean=0.00 | last_context_neighbors_max=0 | actor_unlocked=0 | expl_noise=0.0756 | replay=17139 | interaction_replay=7455 | samples/sec=11.033
Episode 190 complete | agent_samples=17226 | env_steps=7090 | episode_env_steps=34 | episode_agent_samples=87 | mean_reward=118.378 | success=5/5 | collision=0/5 | mean_final_distance=0.258 | mean_progress=0.0116 | min_laser=0.558 | mean_lin=1.000 | mean_ang=0.291 | mean_robot_dist=inf | raw_reward=20.000 | adjusted_reward=20.000 | coop_agents=0/5 | mean_coop_neighbors=0.00 | active_neighbor_step_rate=0.598 | mean_active_neighbors_step=1.540 | max_active_neighbors_step=4 | interaction_reward=0.0000 | abs_interaction_reward=0.0000 | anti_stag_reward=0.0000 | abs_anti_stag_reward=0.0000 | wall_clear_reward=0.0000 | abs_wall_clear_reward=0.0000 | local_nav_reward=0.0000 | abs_local_nav_reward=0.0000 | robot_proximity_reward=-0.1691 | abs_robot_proximity_reward=0.1691 | robot_clearance_reward=0.0340 | context_neighbors_mean=1.54 | context_neighbors_max=4 | last_context_neighbors_mean=0.00 | last_context_neighbors_max=0 | actor_unlocked=0 | expl_noise=0.0756 | replay=17226 | interaction_replay=7484 | samples/sec=11.036
Status | epoch=1 | next_eval_in=2774 agent_samples | checkpoint_every=10 episodes | checkpoint=./checkpoints/interaction_focused_actor_from_5d_s20260725_latest.pt | model=interaction_focused_actor_from_5d_s20260725
Checkpoint saved: ./checkpoints/interaction_focused_actor_from_5d_s20260725_latest.pt
Episode 191 complete | agent_samples=17295 | env_steps=7115 | episode_env_steps=25 | episode_agent_samples=69 | mean_reward=109.205 | success=5/5 | collision=0/5 | mean_final_distance=0.249 | mean_progress=0.0099 | min_laser=0.578 | mean_lin=0.938 | mean_ang=0.372 | mean_robot_dist=inf | raw_reward=20.000 | adjusted_reward=20.000 | coop_agents=0/5 | mean_coop_neighbors=0.00 | active_neighbor_step_rate=0.725 | mean_active_neighbors_step=1.725 | max_active_neighbors_step=4 | interaction_reward=0.0000 | abs_interaction_reward=0.0000 | anti_stag_reward=0.0000 | abs_anti_stag_reward=0.0000 | wall_clear_reward=0.0000 | abs_wall_clear_reward=0.0000 | local_nav_reward=0.0000 | abs_local_nav_reward=0.0000 | robot_proximity_reward=-0.3593 | abs_robot_proximity_reward=0.3593 | robot_clearance_reward=0.0000 | context_neighbors_mean=1.75 | context_neighbors_max=4 | last_context_neighbors_mean=0.00 | last_context_neighbors_max=0 | actor_unlocked=0 | expl_noise=0.0756 | replay=17295 | interaction_replay=7535 | samples/sec=11.038
Episode 192 complete | agent_samples=17340 | env_steps=7128 | episode_env_steps=13 | episode_agent_samples=45 | mean_reward=28.622 | success=3/5 | collision=2/5 | mean_final_distance=0.649 | mean_progress=0.0275 | min_laser=0.301 | mean_lin=0.827 | mean_ang=-0.137 | mean_robot_dist=inf | raw_reward=20.000 | adjusted_reward=20.000 | coop_agents=0/5 | mean_coop_neighbors=0.00 | active_neighbor_step_rate=0.622 | mean_active_neighbors_step=1.667 | max_active_neighbors_step=4 | interaction_reward=0.0000 | abs_interaction_reward=0.0000 | anti_stag_reward=0.0000 | abs_anti_stag_reward=0.0000 | wall_clear_reward=0.0000 | abs_wall_clear_reward=0.0000 | local_nav_reward=0.0000 | abs_local_nav_reward=0.0000 | robot_proximity_reward=-0.9813 | abs_robot_proximity_reward=0.9813 | robot_clearance_reward=0.0657 | context_neighbors_mean=1.73 | context_neighbors_max=4 | last_context_neighbors_mean=0.00 | last_context_neighbors_max=0 | actor_unlocked=0 | expl_noise=0.0755 | replay=17340 | interaction_replay=7561 | samples/sec=11.046
Episode 193 complete | agent_samples=17411 | env_steps=7163 | episode_env_steps=35 | episode_agent_samples=71 | mean_reward=57.489 | success=4/5 | collision=1/5 | mean_final_distance=0.503 | mean_progress=0.0059 | min_laser=0.301 | mean_lin=0.958 | mean_ang=-0.199 | mean_robot_dist=inf | raw_reward=20.000 | adjusted_reward=20.000 | coop_agents=0/5 | mean_coop_neighbors=0.00 | active_neighbor_step_rate=0.620 | mean_active_neighbors_step=1.620 | max_active_neighbors_step=4 | interaction_reward=0.0000 | abs_interaction_reward=0.0000 | anti_stag_reward=0.0000 | abs_anti_stag_reward=0.0000 | wall_clear_reward=0.0000 | abs_wall_clear_reward=0.0000 | local_nav_reward=0.0000 | abs_local_nav_reward=0.0000 | robot_proximity_reward=-0.2924 | abs_robot_proximity_reward=0.2924 | robot_clearance_reward=0.0282 | context_neighbors_mean=1.63 | context_neighbors_max=4 | last_context_neighbors_mean=0.00 | last_context_neighbors_max=0 | actor_unlocked=0 | expl_noise=0.0755 | replay=17411 | interaction_replay=7599 | samples/sec=11.037
Episode 194 complete | agent_samples=17490 | env_steps=7190 | episode_env_steps=27 | episode_agent_samples=79 | mean_reward=35.561 | success=3/5 | collision=2/5 | mean_final_distance=0.434 | mean_progress=0.0160 | min_laser=0.300 | mean_lin=0.733 | mean_ang=-0.572 | mean_robot_dist=inf | raw_reward=20.000 | adjusted_reward=20.000 | coop_agents=0/5 | mean_coop_neighbors=0.00 | active_neighbor_step_rate=0.772 | mean_active_neighbors_step=1.557 | max_active_neighbors_step=4 | interaction_reward=0.0000 | abs_interaction_reward=0.0000 | anti_stag_reward=0.0000 | abs_anti_stag_reward=0.0000 | wall_clear_reward=0.0000 | abs_wall_clear_reward=0.0000 | local_nav_reward=0.0000 | abs_local_nav_reward=0.0000 | robot_proximity_reward=-0.4382 | abs_robot_proximity_reward=0.4382 | robot_clearance_reward=0.0000 | context_neighbors_mean=1.56 | context_neighbors_max=4 | last_context_neighbors_mean=0.00 | last_context_neighbors_max=0 | actor_unlocked=0 | expl_noise=0.0755 | replay=17490 | interaction_replay=7623 | samples/sec=11.045
Episode 195 complete | agent_samples=17557 | env_steps=7210 | episode_env_steps=20 | episode_agent_samples=67 | mean_reward=67.782 | success=4/5 | collision=1/5 | mean_final_distance=0.258 | mean_progress=0.0233 | min_laser=0.340 | mean_lin=0.946 | mean_ang=0.467 | mean_robot_dist=inf | raw_reward=20.000 | adjusted_reward=20.000 | coop_agents=0/5 | mean_coop_neighbors=0.00 | active_neighbor_step_rate=0.791 | mean_active_neighbors_step=1.955 | max_active_neighbors_step=4 | interaction_reward=0.0000 | abs_interaction_reward=0.0000 | anti_stag_reward=0.0000 | abs_anti_stag_reward=0.0000 | wall_clear_reward=0.0000 | abs_wall_clear_reward=0.0000 | local_nav_reward=0.0000 | abs_local_nav_reward=0.0000 | robot_proximity_reward=-1.3436 | abs_robot_proximity_reward=1.3436 | robot_clearance_reward=0.0000 | context_neighbors_mean=2.01 | context_neighbors_max=4 | last_context_neighbors_mean=0.00 | last_context_neighbors_max=0 | actor_unlocked=0 | expl_noise=0.0755 | replay=17557 | interaction_replay=7674 | samples/sec=11.056
Status | epoch=1 | next_eval_in=2443 agent_samples | checkpoint_every=10 episodes | checkpoint=./checkpoints/interaction_focused_actor_from_5d_s20260725_latest.pt | model=interaction_focused_actor_from_5d_s20260725
Episode 196 complete | agent_samples=17610 | env_steps=7221 | episode_env_steps=11 | episode_agent_samples=53 | mean_reward=19.210 | success=3/5 | collision=2/5 | mean_final_distance=0.631 | mean_progress=0.0443 | min_laser=0.300 | mean_lin=0.994 | mean_ang=-0.364 | mean_robot_dist=inf | raw_reward=20.000 | adjusted_reward=23.430 | coop_agents=2/5 | mean_coop_neighbors=0.80 | active_neighbor_step_rate=0.849 | mean_active_neighbors_step=2.774 | max_active_neighbors_step=4 | interaction_reward=0.0000 | abs_interaction_reward=0.0000 | anti_stag_reward=0.0000 | abs_anti_stag_reward=0.0000 | wall_clear_reward=0.0000 | abs_wall_clear_reward=0.0000 | local_nav_reward=0.0000 | abs_local_nav_reward=0.0000 | robot_proximity_reward=-1.2550 | abs_robot_proximity_reward=1.2550 | robot_clearance_reward=0.0000 | context_neighbors_mean=2.79 | context_neighbors_max=4 | last_context_neighbors_mean=0.00 | last_context_neighbors_max=0 | actor_unlocked=0 | expl_noise=0.0755 | replay=17610 | interaction_replay=7706 | samples/sec=11.072
Episode 197 complete | agent_samples=17666 | env_steps=7236 | episode_env_steps=15 | episode_agent_samples=56 | mean_reward=72.114 | success=4/5 | collision=1/5 | mean_final_distance=0.416 | mean_progress=0.0149 | min_laser=0.319 | mean_lin=0.800 | mean_ang=0.006 | mean_robot_dist=inf | raw_reward=20.000 | adjusted_reward=20.000 | coop_agents=0/5 | mean_coop_neighbors=0.00 | active_neighbor_step_rate=0.679 | mean_active_neighbors_step=1.732 | max_active_neighbors_step=4 | interaction_reward=0.0000 | abs_interaction_reward=0.0000 | anti_stag_reward=0.0000 | abs_anti_stag_reward=0.0000 | wall_clear_reward=0.0000 | abs_wall_clear_reward=0.0000 | local_nav_reward=0.0000 | abs_local_nav_reward=0.0000 | robot_proximity_reward=-0.6912 | abs_robot_proximity_reward=0.6912 | robot_clearance_reward=0.0000 | context_neighbors_mean=1.75 | context_neighbors_max=4 | last_context_neighbors_mean=0.00 | last_context_neighbors_max=0 | actor_unlocked=0 | expl_noise=0.0755 | replay=17666 | interaction_replay=7727 | samples/sec=11.083
Episode 198 complete | agent_samples=17762 | env_steps=7265 | episode_env_steps=29 | episode_agent_samples=96 | mean_reward=117.546 | success=5/5 | collision=0/5 | mean_final_distance=0.241 | mean_progress=0.0265 | min_laser=0.462 | mean_lin=1.000 | mean_ang=-0.475 | mean_robot_dist=inf | raw_reward=20.000 | adjusted_reward=20.000 | coop_agents=0/5 | mean_coop_neighbors=0.00 | active_neighbor_step_rate=0.927 | mean_active_neighbors_step=2.135 | max_active_neighbors_step=4 | interaction_reward=0.0000 | abs_interaction_reward=0.0000 | anti_stag_reward=0.0000 | abs_anti_stag_reward=0.0000 | wall_clear_reward=0.0000 | abs_wall_clear_reward=0.0000 | local_nav_reward=0.0000 | abs_local_nav_reward=0.0000 | robot_proximity_reward=-0.1797 | abs_robot_proximity_reward=0.1797 | robot_clearance_reward=0.0061 | context_neighbors_mean=2.18 | context_neighbors_max=4 | last_context_neighbors_mean=0.00 | last_context_neighbors_max=0 | actor_unlocked=0 | expl_noise=0.0755 | replay=17762 | interaction_replay=7755 | samples/sec=11.099
Episode 199 complete | agent_samples=17872 | env_steps=7317 | episode_env_steps=52 | episode_agent_samples=110 | mean_reward=17.631 | success=3/5 | collision=2/5 | mean_final_distance=0.860 | mean_progress=0.0087 | min_laser=0.312 | mean_lin=0.999 | mean_ang=0.395 | mean_robot_dist=inf | raw_reward=20.000 | adjusted_reward=20.000 | coop_agents=0/5 | mean_coop_neighbors=0.00 | active_neighbor_step_rate=0.591 | mean_active_neighbors_step=1.236 | max_active_neighbors_step=4 | interaction_reward=0.0000 | abs_interaction_reward=0.0000 | anti_stag_reward=0.0000 | abs_anti_stag_reward=0.0000 | wall_clear_reward=0.0000 | abs_wall_clear_reward=0.0000 | local_nav_reward=0.0000 | abs_local_nav_reward=0.0000 | robot_proximity_reward=-0.6620 | abs_robot_proximity_reward=0.6620 | robot_clearance_reward=0.0000 | context_neighbors_mean=1.25 | context_neighbors_max=4 | last_context_neighbors_mean=0.00 | last_context_neighbors_max=0 | actor_unlocked=0 | expl_noise=0.0754 | replay=17872 | interaction_replay=7769 | samples/sec=11.090
Episode 200 complete | agent_samples=17946 | env_steps=7336 | episode_env_steps=19 | episode_agent_samples=74 | mean_reward=27.637 | success=3/5 | collision=2/5 | mean_final_distance=0.479 | mean_progress=0.0418 | min_laser=0.300 | mean_lin=0.968 | mean_ang=-0.225 | mean_robot_dist=4.033 | raw_reward=40.000 | adjusted_reward=40.000 | coop_agents=2/5 | mean_coop_neighbors=0.40 | active_neighbor_step_rate=1.000 | mean_active_neighbors_step=2.770 | max_active_neighbors_step=4 | interaction_reward=0.0000 | abs_interaction_reward=0.0000 | anti_stag_reward=0.0000 | abs_anti_stag_reward=0.0000 | wall_clear_reward=0.0000 | abs_wall_clear_reward=0.0000 | local_nav_reward=0.0000 | abs_local_nav_reward=0.0000 | robot_proximity_reward=-0.5715 | abs_robot_proximity_reward=0.5715 | robot_clearance_reward=0.0000 | context_neighbors_mean=2.74 | context_neighbors_max=4 | last_context_neighbors_mean=0.00 | last_context_neighbors_max=0 | actor_unlocked=0 | expl_noise=0.0754 | replay=17946 | interaction_replay=7783 | samples/sec=11.107
Status | epoch=1 | next_eval_in=2054 agent_samples | checkpoint_every=10 episodes | checkpoint=./checkpoints/interaction_focused_actor_from_5d_s20260725_latest.pt | model=interaction_focused_actor_from_5d_s20260725
Checkpoint saved: ./checkpoints/interaction_focused_actor_from_5d_s20260725_latest.pt
Episode 201 complete | agent_samples=18041 | env_steps=7376 | episode_env_steps=40 | episode_agent_samples=95 | mean_reward=131.236 | success=5/5 | collision=0/5 | mean_final_distance=0.272 | mean_progress=0.0073 | min_laser=0.599 | mean_lin=0.800 | mean_ang=-0.200 | mean_robot_dist=inf | raw_reward=20.000 | adjusted_reward=20.000 | coop_agents=0/5 | mean_coop_neighbors=0.00 | active_neighbor_step_rate=0.558 | mean_active_neighbors_step=1.284 | max_active_neighbors_step=4 | interaction_reward=0.0000 | abs_interaction_reward=0.0000 | anti_stag_reward=0.0000 | abs_anti_stag_reward=0.0000 | wall_clear_reward=0.0000 | abs_wall_clear_reward=0.0000 | local_nav_reward=0.0000 | abs_local_nav_reward=0.0000 | robot_proximity_reward=-0.2148 | abs_robot_proximity_reward=0.2148 | robot_clearance_reward=0.0688 | context_neighbors_mean=1.40 | context_neighbors_max=4 | last_context_neighbors_mean=0.00 | last_context_neighbors_max=0 | actor_unlocked=0 | expl_noise=0.0754 | replay=18041 | interaction_replay=7838 | samples/sec=11.102
Episode 202 complete | agent_samples=18133 | env_steps=7417 | episode_env_steps=41 | episode_agent_samples=92 | mean_reward=119.417 | success=5/5 | collision=0/5 | mean_final_distance=0.250 | mean_progress=0.0220 | min_laser=0.460 | mean_lin=0.800 | mean_ang=-0.201 | mean_robot_dist=inf | raw_reward=20.000 | adjusted_reward=20.000 | coop_agents=0/5 | mean_coop_neighbors=0.00 | active_neighbor_step_rate=0.750 | mean_active_neighbors_step=2.120 | max_active_neighbors_step=4 | interaction_reward=0.0000 | abs_interaction_reward=0.0000 | anti_stag_reward=0.0000 | abs_anti_stag_reward=0.0000 | wall_clear_reward=0.0000 | abs_wall_clear_reward=0.0000 | local_nav_reward=0.0000 | abs_local_nav_reward=0.0000 | robot_proximity_reward=0.0000 | abs_robot_proximity_reward=0.0000 | robot_clearance_reward=0.0000 | context_neighbors_mean=2.13 | context_neighbors_max=4 | last_context_neighbors_mean=0.00 | last_context_neighbors_max=0 | actor_unlocked=0 | expl_noise=0.0754 | replay=18133 | interaction_replay=7871 | samples/sec=11.097
Episode 203 complete | agent_samples=18204 | env_steps=7440 | episode_env_steps=23 | episode_agent_samples=71 | mean_reward=67.902 | success=4/5 | collision=1/5 | mean_final_distance=0.460 | mean_progress=0.0181 | min_laser=0.324 | mean_lin=0.999 | mean_ang=0.177 | mean_robot_dist=inf | raw_reward=20.000 | adjusted_reward=20.000 | coop_agents=0/5 | mean_coop_neighbors=0.00 | active_neighbor_step_rate=0.803 | mean_active_neighbors_step=2.028 | max_active_neighbors_step=4 | interaction_reward=0.0000 | abs_interaction_reward=0.0000 | anti_stag_reward=0.0000 | abs_anti_stag_reward=0.0000 | wall_clear_reward=0.0000 | abs_wall_clear_reward=0.0000 | local_nav_reward=0.0000 | abs_local_nav_reward=0.0000 | robot_proximity_reward=-0.5697 | abs_robot_proximity_reward=0.5697 | robot_clearance_reward=0.0090 | context_neighbors_mean=2.08 | context_neighbors_max=4 | last_context_neighbors_mean=0.00 | last_context_neighbors_max=0 | actor_unlocked=0 | expl_noise=0.0753 | replay=18204 | interaction_replay=7928 | samples/sec=11.105
Episode 204 complete | agent_samples=18253 | env_steps=7455 | episode_env_steps=15 | episode_agent_samples=49 | mean_reward=118.533 | success=5/5 | collision=0/5 | mean_final_distance=0.259 | mean_progress=0.0234 | min_laser=0.799 | mean_lin=0.988 | mean_ang=0.955 | mean_robot_dist=inf | raw_reward=20.000 | adjusted_reward=20.000 | coop_agents=0/5 | mean_coop_neighbors=0.00 | active_neighbor_step_rate=0.755 | mean_active_neighbors_step=1.878 | max_active_neighbors_step=4 | interaction_reward=0.0000 | abs_interaction_reward=0.0000 | anti_stag_reward=0.0000 | abs_anti_stag_reward=0.0000 | wall_clear_reward=0.0000 | abs_wall_clear_reward=0.0000 | local_nav_reward=0.0000 | abs_local_nav_reward=0.0000 | robot_proximity_reward=-0.0462 | abs_robot_proximity_reward=0.0462 | robot_clearance_reward=0.0000 | context_neighbors_mean=1.90 | context_neighbors_max=4 | last_context_neighbors_mean=0.00 | last_context_neighbors_max=0 | actor_unlocked=0 | expl_noise=0.0753 | replay=18253 | interaction_replay=7964 | samples/sec=11.112
Episode 205 complete | agent_samples=18302 | env_steps=7467 | episode_env_steps=12 | episode_agent_samples=49 | mean_reward=16.175 | success=3/5 | collision=2/5 | mean_final_distance=0.419 | mean_progress=0.0210 | min_laser=0.300 | mean_lin=0.967 | mean_ang=0.203 | mean_robot_dist=inf | raw_reward=20.000 | adjusted_reward=20.000 | coop_agents=0/5 | mean_coop_neighbors=0.00 | active_neighbor_step_rate=0.837 | mean_active_neighbors_step=1.673 | max_active_neighbors_step=3 | interaction_reward=0.0000 | abs_interaction_reward=0.0000 | anti_stag_reward=0.0000 | abs_anti_stag_reward=0.0000 | wall_clear_reward=0.0000 | abs_wall_clear_reward=0.0000 | local_nav_reward=0.0000 | abs_local_nav_reward=0.0000 | robot_proximity_reward=-1.4469 | abs_robot_proximity_reward=1.4469 | robot_clearance_reward=0.0408 | context_neighbors_mean=1.71 | context_neighbors_max=3 | last_context_neighbors_mean=0.00 | last_context_neighbors_max=0 | actor_unlocked=0 | expl_noise=0.0753 | replay=18302 | interaction_replay=8005 | samples/sec=11.123
Status | epoch=1 | next_eval_in=1698 agent_samples | checkpoint_every=10 episodes | checkpoint=./checkpoints/interaction_focused_actor_from_5d_s20260725_latest.pt | model=interaction_focused_actor_from_5d_s20260725
Episode 206 complete | agent_samples=18376 | env_steps=7491 | episode_env_steps=24 | episode_agent_samples=74 | mean_reward=130.086 | success=5/5 | collision=0/5 | mean_final_distance=0.251 | mean_progress=0.0103 | min_laser=0.568 | mean_lin=0.800 | mean_ang=-0.196 | mean_robot_dist=inf | raw_reward=20.000 | adjusted_reward=20.000 | coop_agents=0/5 | mean_coop_neighbors=0.00 | active_neighbor_step_rate=0.595 | mean_active_neighbors_step=1.324 | max_active_neighbors_step=4 | interaction_reward=0.0000 | abs_interaction_reward=0.0000 | anti_stag_reward=0.0000 | abs_anti_stag_reward=0.0000 | wall_clear_reward=0.0000 | abs_wall_clear_reward=0.0000 | local_nav_reward=0.0000 | abs_local_nav_reward=0.0000 | robot_proximity_reward=-0.0112 | abs_robot_proximity_reward=0.0112 | robot_clearance_reward=0.0252 | context_neighbors_mean=1.35 | context_neighbors_max=4 | last_context_neighbors_mean=0.00 | last_context_neighbors_max=0 | actor_unlocked=0 | expl_noise=0.0753 | replay=18376 | interaction_replay=8033 | samples/sec=11.132
Episode 207 complete | agent_samples=18419 | env_steps=7501 | episode_env_steps=10 | episode_agent_samples=43 | mean_reward=69.842 | success=4/5 | collision=1/5 | mean_final_distance=0.484 | mean_progress=0.0407 | min_laser=0.339 | mean_lin=0.824 | mean_ang=0.261 | mean_robot_dist=inf | raw_reward=40.000 | adjusted_reward=40.000 | coop_agents=1/5 | mean_coop_neighbors=0.20 | active_neighbor_step_rate=0.767 | mean_active_neighbors_step=2.163 | max_active_neighbors_step=4 | interaction_reward=0.0000 | abs_interaction_reward=0.0000 | anti_stag_reward=0.0000 | abs_anti_stag_reward=0.0000 | wall_clear_reward=0.0000 | abs_wall_clear_reward=0.0000 | local_nav_reward=0.0000 | abs_local_nav_reward=0.0000 | robot_proximity_reward=-0.9050 | abs_robot_proximity_reward=0.9050 | robot_clearance_reward=0.0594 | context_neighbors_mean=2.16 | context_neighbors_max=4 | last_context_neighbors_mean=0.00 | last_context_neighbors_max=0 | actor_unlocked=0 | expl_noise=0.0753 | replay=18419 | interaction_replay=8066 | samples/sec=11.142
Episode 208 complete | agent_samples=18497 | env_steps=7524 | episode_env_steps=23 | episode_agent_samples=78 | mean_reward=108.351 | success=5/5 | collision=0/5 | mean_final_distance=0.253 | mean_progress=0.0206 | min_laser=0.421 | mean_lin=0.994 | mean_ang=-0.480 | mean_robot_dist=inf | raw_reward=20.000 | adjusted_reward=20.000 | coop_agents=0/5 | mean_coop_neighbors=0.00 | active_neighbor_step_rate=0.872 | mean_active_neighbors_step=2.731 | max_active_neighbors_step=4 | interaction_reward=0.0000 | abs_interaction_reward=0.0000 | anti_stag_reward=0.0000 | abs_anti_stag_reward=0.0000 | wall_clear_reward=0.0000 | abs_wall_clear_reward=0.0000 | local_nav_reward=0.0000 | abs_local_nav_reward=0.0000 | robot_proximity_reward=-0.8506 | abs_robot_proximity_reward=0.8506 | robot_clearance_reward=0.0361 | context_neighbors_mean=2.81 | context_neighbors_max=4 | last_context_neighbors_mean=0.00 | last_context_neighbors_max=0 | actor_unlocked=0 | expl_noise=0.0753 | replay=18497 | interaction_replay=8097 | samples/sec=11.155
Episode 209 complete | agent_samples=18652 | env_steps=7592 | episode_env_steps=68 | episode_agent_samples=155 | mean_reward=118.792 | success=5/5 | collision=0/5 | mean_final_distance=0.241 | mean_progress=0.0106 | min_laser=0.383 | mean_lin=0.957 | mean_ang=-0.107 | mean_robot_dist=inf | raw_reward=20.000 | adjusted_reward=20.000 | coop_agents=0/5 | mean_coop_neighbors=0.00 | active_neighbor_step_rate=0.742 | mean_active_neighbors_step=1.658 | max_active_neighbors_step=4 | interaction_reward=0.0000 | abs_interaction_reward=0.0000 | anti_stag_reward=0.0000 | abs_anti_stag_reward=0.0000 | wall_clear_reward=0.0000 | abs_wall_clear_reward=0.0000 | local_nav_reward=0.0000 | abs_local_nav_reward=0.0000 | robot_proximity_reward=-0.1558 | abs_robot_proximity_reward=0.1558 | robot_clearance_reward=0.0339 | context_neighbors_mean=1.67 | context_neighbors_max=4 | last_context_neighbors_mean=0.00 | last_context_neighbors_max=0 | actor_unlocked=0 | expl_noise=0.0753 | replay=18652 | interaction_replay=8116 | samples/sec=11.149
Episode 210 complete | agent_samples=18701 | env_steps=7604 | episode_env_steps=12 | episode_agent_samples=49 | mean_reward=22.939 | success=3/5 | collision=2/5 | mean_final_distance=0.584 | mean_progress=0.0240 | min_laser=0.300 | mean_lin=0.951 | mean_ang=0.600 | mean_robot_dist=inf | raw_reward=20.000 | adjusted_reward=20.000 | coop_agents=0/5 | mean_coop_neighbors=0.00 | active_neighbor_step_rate=0.755 | mean_active_neighbors_step=1.408 | max_active_neighbors_step=4 | interaction_reward=0.0000 | abs_interaction_reward=0.0000 | anti_stag_reward=0.0000 | abs_anti_stag_reward=0.0000 | wall_clear_reward=0.0000 | abs_wall_clear_reward=0.0000 | local_nav_reward=0.0000 | abs_local_nav_reward=0.0000 | robot_proximity_reward=-1.2633 | abs_robot_proximity_reward=1.2633 | robot_clearance_reward=0.0000 | context_neighbors_mean=1.49 | context_neighbors_max=4 | last_context_neighbors_mean=0.00 | last_context_neighbors_max=0 | actor_unlocked=0 | expl_noise=0.0752 | replay=18701 | interaction_replay=8152 | samples/sec=11.160
Status | epoch=1 | next_eval_in=1299 agent_samples | checkpoint_every=10 episodes | checkpoint=./checkpoints/interaction_focused_actor_from_5d_s20260725_latest.pt | model=interaction_focused_actor_from_5d_s20260725
Checkpoint saved: ./checkpoints/interaction_focused_actor_from_5d_s20260725_latest.pt
Episode 211 complete | agent_samples=18776 | env_steps=7628 | episode_env_steps=24 | episode_agent_samples=75 | mean_reward=117.573 | success=5/5 | collision=0/5 | mean_final_distance=0.254 | mean_progress=0.0150 | min_laser=0.444 | mean_lin=0.800 | mean_ang=-0.262 | mean_robot_dist=inf | raw_reward=20.000 | adjusted_reward=20.000 | coop_agents=0/5 | mean_coop_neighbors=0.00 | active_neighbor_step_rate=0.547 | mean_active_neighbors_step=0.813 | max_active_neighbors_step=3 | interaction_reward=0.0000 | abs_interaction_reward=0.0000 | anti_stag_reward=0.0000 | abs_anti_stag_reward=0.0000 | wall_clear_reward=0.0000 | abs_wall_clear_reward=0.0000 | local_nav_reward=0.0000 | abs_local_nav_reward=0.0000 | robot_proximity_reward=-0.4328 | abs_robot_proximity_reward=0.4328 | robot_clearance_reward=0.1218 | context_neighbors_mean=0.83 | context_neighbors_max=3 | last_context_neighbors_mean=0.00 | last_context_neighbors_max=0 | actor_unlocked=0 | expl_noise=0.0752 | replay=18776 | interaction_replay=8178 | samples/sec=11.166
Episode 212 complete | agent_samples=18934 | env_steps=7733 | episode_env_steps=105 | episode_agent_samples=158 | mean_reward=-20.796 | success=2/5 | collision=3/5 | mean_final_distance=0.717 | mean_progress=0.0186 | min_laser=0.300 | mean_lin=0.789 | mean_ang=-0.282 | mean_robot_dist=inf | raw_reward=-20.000 | adjusted_reward=-20.000 | coop_agents=0/5 | mean_coop_neighbors=0.00 | active_neighbor_step_rate=0.405 | mean_active_neighbors_step=1.222 | max_active_neighbors_step=4 | interaction_reward=0.0000 | abs_interaction_reward=0.0000 | anti_stag_reward=0.0000 | abs_anti_stag_reward=0.0000 | wall_clear_reward=0.0000 | abs_wall_clear_reward=0.0000 | local_nav_reward=0.0000 | abs_local_nav_reward=0.0000 | robot_proximity_reward=-0.2838 | abs_robot_proximity_reward=0.2838 | robot_clearance_reward=0.0000 | context_neighbors_mean=1.26 | context_neighbors_max=4 | last_context_neighbors_mean=0.00 | last_context_neighbors_max=0 | actor_unlocked=0 | expl_noise=0.0752 | replay=18934 | interaction_replay=8204 | samples/sec=11.110
Episode 213 complete | agent_samples=18999 | env_steps=7749 | episode_env_steps=16 | episode_agent_samples=65 | mean_reward=93.602 | success=4/5 | collision=1/5 | mean_final_distance=0.433 | mean_progress=0.0396 | min_laser=0.332 | mean_lin=0.979 | mean_ang=0.005 | mean_robot_dist=inf | raw_reward=0.000 | adjusted_reward=8.000 | coop_agents=1/5 | mean_coop_neighbors=0.20 | active_neighbor_step_rate=0.923 | mean_active_neighbors_step=2.462 | max_active_neighbors_step=4 | interaction_reward=0.0000 | abs_interaction_reward=0.0000 | anti_stag_reward=0.0000 | abs_anti_stag_reward=0.0000 | wall_clear_reward=0.0000 | abs_wall_clear_reward=0.0000 | local_nav_reward=0.0000 | abs_local_nav_reward=0.0000 | robot_proximity_reward=-0.0548 | abs_robot_proximity_reward=0.0548 | robot_clearance_reward=0.0615 | context_neighbors_mean=2.55 | context_neighbors_max=4 | last_context_neighbors_mean=0.00 | last_context_neighbors_max=0 | actor_unlocked=0 | expl_noise=0.0752 | replay=18999 | interaction_replay=8229 | samples/sec=11.125
Episode 214 complete | agent_samples=19063 | env_steps=7772 | episode_env_steps=23 | episode_agent_samples=64 | mean_reward=28.570 | success=3/5 | collision=2/5 | mean_final_distance=0.568 | mean_progress=0.0046 | min_laser=0.300 | mean_lin=0.758 | mean_ang=-0.200 | mean_robot_dist=inf | raw_reward=20.000 | adjusted_reward=20.000 | coop_agents=0/5 | mean_coop_neighbors=0.00 | active_neighbor_step_rate=0.688 | mean_active_neighbors_step=1.766 | max_active_neighbors_step=4 | interaction_reward=0.0000 | abs_interaction_reward=0.0000 | anti_stag_reward=0.0000 | abs_anti_stag_reward=0.0000 | wall_clear_reward=0.0000 | abs_wall_clear_reward=0.0000 | local_nav_reward=0.0000 | abs_local_nav_reward=0.0000 | robot_proximity_reward=-0.8762 | abs_robot_proximity_reward=0.8762 | robot_clearance_reward=0.0000 | context_neighbors_mean=1.88 | context_neighbors_max=4 | last_context_neighbors_mean=0.00 | last_context_neighbors_max=0 | actor_unlocked=0 | expl_noise=0.0751 | replay=19063 | interaction_replay=8272 | samples/sec=11.129
Episode 215 complete | agent_samples=19155 | env_steps=7795 | episode_env_steps=23 | episode_agent_samples=92 | mean_reward=84.037 | success=4/5 | collision=1/5 | mean_final_distance=0.279 | mean_progress=0.0152 | min_laser=0.319 | mean_lin=0.917 | mean_ang=-0.471 | mean_robot_dist=inf | raw_reward=20.000 | adjusted_reward=20.000 | coop_agents=0/5 | mean_coop_neighbors=0.00 | active_neighbor_step_rate=0.728 | mean_active_neighbors_step=1.870 | max_active_neighbors_step=4 | interaction_reward=0.0000 | abs_interaction_reward=0.0000 | anti_stag_reward=0.0000 | abs_anti_stag_reward=0.0000 | wall_clear_reward=0.0000 | abs_wall_clear_reward=0.0000 | local_nav_reward=0.0000 | abs_local_nav_reward=0.0000 | robot_proximity_reward=-0.4221 | abs_robot_proximity_reward=0.4221 | robot_clearance_reward=0.0395 | context_neighbors_mean=1.91 | context_neighbors_max=4 | last_context_neighbors_mean=0.00 | last_context_neighbors_max=0 | actor_unlocked=0 | expl_noise=0.0751 | replay=19155 | interaction_replay=8316 | samples/sec=11.149
Status | epoch=1 | next_eval_in=845 agent_samples | checkpoint_every=10 episodes | checkpoint=./checkpoints/interaction_focused_actor_from_5d_s20260725_latest.pt | model=interaction_focused_actor_from_5d_s20260725
Episode 216 complete | agent_samples=19193 | env_steps=7804 | episode_env_steps=9 | episode_agent_samples=38 | mean_reward=102.614 | success=5/5 | collision=0/5 | mean_final_distance=0.247 | mean_progress=0.0279 | min_laser=0.729 | mean_lin=0.982 | mean_ang=0.947 | mean_robot_dist=inf | raw_reward=20.000 | adjusted_reward=20.000 | coop_agents=0/5 | mean_coop_neighbors=0.00 | active_neighbor_step_rate=0.974 | mean_active_neighbors_step=2.105 | max_active_neighbors_step=4 | interaction_reward=0.0000 | abs_interaction_reward=0.0000 | anti_stag_reward=0.0000 | abs_anti_stag_reward=0.0000 | wall_clear_reward=0.0000 | abs_wall_clear_reward=0.0000 | local_nav_reward=0.0000 | abs_local_nav_reward=0.0000 | robot_proximity_reward=-0.2514 | abs_robot_proximity_reward=0.2514 | robot_clearance_reward=0.0000 | context_neighbors_mean=2.16 | context_neighbors_max=4 | last_context_neighbors_mean=0.00 | last_context_neighbors_max=0 | actor_unlocked=0 | expl_noise=0.0751 | replay=19193 | interaction_replay=8353 | samples/sec=11.158
Episode 217 complete | agent_samples=19297 | env_steps=7841 | episode_env_steps=37 | episode_agent_samples=104 | mean_reward=105.110 | success=5/5 | collision=0/5 | mean_final_distance=0.266 | mean_progress=0.0212 | min_laser=0.576 | mean_lin=1.000 | mean_ang=0.181 | mean_robot_dist=inf | raw_reward=20.000 | adjusted_reward=20.000 | coop_agents=0/5 | mean_coop_neighbors=0.00 | active_neighbor_step_rate=0.673 | mean_active_neighbors_step=1.423 | max_active_neighbors_step=4 | interaction_reward=0.0000 | abs_interaction_reward=0.0000 | anti_stag_reward=0.0000 | abs_anti_stag_reward=0.0000 | wall_clear_reward=0.0000 | abs_wall_clear_reward=0.0000 | local_nav_reward=0.0000 | abs_local_nav_reward=0.0000 | robot_proximity_reward=-0.8726 | abs_robot_proximity_reward=0.8726 | robot_clearance_reward=0.0325 | context_neighbors_mean=1.49 | context_neighbors_max=4 | last_context_neighbors_mean=0.00 | last_context_neighbors_max=0 | actor_unlocked=0 | expl_noise=0.0751 | replay=19297 | interaction_replay=8425 | samples/sec=11.165
Episode 218 complete | agent_samples=19382 | env_steps=7883 | episode_env_steps=42 | episode_agent_samples=85 | mean_reward=84.101 | success=4/5 | collision=1/5 | mean_final_distance=0.477 | mean_progress=0.0124 | min_laser=0.321 | mean_lin=0.831 | mean_ang=0.538 | mean_robot_dist=inf | raw_reward=20.000 | adjusted_reward=20.000 | coop_agents=0/5 | mean_coop_neighbors=0.00 | active_neighbor_step_rate=0.506 | mean_active_neighbors_step=1.294 | max_active_neighbors_step=4 | interaction_reward=0.0000 | abs_interaction_reward=0.0000 | anti_stag_reward=0.0000 | abs_anti_stag_reward=0.0000 | wall_clear_reward=0.0000 | abs_wall_clear_reward=0.0000 | local_nav_reward=0.0000 | abs_local_nav_reward=0.0000 | robot_proximity_reward=0.0000 | abs_robot_proximity_reward=0.0000 | robot_clearance_reward=0.0000 | context_neighbors_mean=1.31 | context_neighbors_max=4 | last_context_neighbors_mean=0.00 | last_context_neighbors_max=0 | actor_unlocked=0 | expl_noise=0.0751 | replay=19382 | interaction_replay=8440 | samples/sec=11.155
Episode 219 complete | agent_samples=19470 | env_steps=7927 | episode_env_steps=44 | episode_agent_samples=88 | mean_reward=121.345 | success=5/5 | collision=0/5 | mean_final_distance=0.252 | mean_progress=0.0181 | min_laser=0.764 | mean_lin=0.800 | mean_ang=0.099 | mean_robot_dist=inf | raw_reward=20.000 | adjusted_reward=20.000 | coop_agents=0/5 | mean_coop_neighbors=0.00 | active_neighbor_step_rate=0.591 | mean_active_neighbors_step=1.239 | max_active_neighbors_step=4 | interaction_reward=0.0000 | abs_interaction_reward=0.0000 | anti_stag_reward=0.0000 | abs_anti_stag_reward=0.0000 | wall_clear_reward=0.0000 | abs_wall_clear_reward=0.0000 | local_nav_reward=0.0000 | abs_local_nav_reward=0.0000 | robot_proximity_reward=-0.1665 | abs_robot_proximity_reward=0.1665 | robot_clearance_reward=0.0817 | context_neighbors_mean=1.30 | context_neighbors_max=4 | last_context_neighbors_mean=0.00 | last_context_neighbors_max=0 | actor_unlocked=0 | expl_noise=0.0750 | replay=19470 | interaction_replay=8491 | samples/sec=11.143
Episode 220 complete | agent_samples=19510 | env_steps=7937 | episode_env_steps=10 | episode_agent_samples=40 | mean_reward=19.341 | success=3/5 | collision=2/5 | mean_final_distance=0.561 | mean_progress=0.0193 | min_laser=0.331 | mean_lin=0.800 | mean_ang=-0.156 | mean_robot_dist=inf | raw_reward=40.000 | adjusted_reward=40.000 | coop_agents=0/5 | mean_coop_neighbors=0.00 | active_neighbor_step_rate=0.725 | mean_active_neighbors_step=1.875 | max_active_neighbors_step=4 | interaction_reward=0.0000 | abs_interaction_reward=0.0000 | anti_stag_reward=0.0000 | abs_anti_stag_reward=0.0000 | wall_clear_reward=0.0000 | abs_wall_clear_reward=0.0000 | local_nav_reward=0.0000 | abs_local_nav_reward=0.0000 | robot_proximity_reward=-1.0118 | abs_robot_proximity_reward=1.0118 | robot_clearance_reward=0.0000 | context_neighbors_mean=1.98 | context_neighbors_max=4 | last_context_neighbors_mean=0.00 | last_context_neighbors_max=0 | actor_unlocked=0 | expl_noise=0.0750 | replay=19510 | interaction_replay=8521 | samples/sec=11.151
Status | epoch=1 | next_eval_in=490 agent_samples | checkpoint_every=10 episodes | checkpoint=./checkpoints/interaction_focused_actor_from_5d_s20260725_latest.pt | model=interaction_focused_actor_from_5d_s20260725
Checkpoint saved: ./checkpoints/interaction_focused_actor_from_5d_s20260725_latest.pt
Episode 221 complete | agent_samples=19620 | env_steps=7975 | episode_env_steps=38 | episode_agent_samples=110 | mean_reward=130.419 | success=5/5 | collision=0/5 | mean_final_distance=0.251 | mean_progress=0.0066 | min_laser=0.615 | mean_lin=0.867 | mean_ang=-0.389 | mean_robot_dist=inf | raw_reward=20.000 | adjusted_reward=20.000 | coop_agents=0/5 | mean_coop_neighbors=0.00 | active_neighbor_step_rate=0.727 | mean_active_neighbors_step=1.645 | max_active_neighbors_step=4 | interaction_reward=0.0000 | abs_interaction_reward=0.0000 | anti_stag_reward=0.0000 | abs_anti_stag_reward=0.0000 | wall_clear_reward=0.0000 | abs_wall_clear_reward=0.0000 | local_nav_reward=0.0000 | abs_local_nav_reward=0.0000 | robot_proximity_reward=-0.1069 | abs_robot_proximity_reward=0.1069 | robot_clearance_reward=0.0423 | context_neighbors_mean=1.66 | context_neighbors_max=4 | last_context_neighbors_mean=0.00 | last_context_neighbors_max=0 | actor_unlocked=0 | expl_noise=0.0750 | replay=19620 | interaction_replay=8536 | samples/sec=11.158
Episode 222 complete | agent_samples=19788 | env_steps=8072 | episode_env_steps=97 | episode_agent_samples=168 | mean_reward=75.881 | success=4/5 | collision=1/5 | mean_final_distance=0.638 | mean_progress=0.0055 | min_laser=0.340 | mean_lin=0.797 | mean_ang=-0.200 | mean_robot_dist=inf | raw_reward=20.000 | adjusted_reward=20.000 | coop_agents=0/5 | mean_coop_neighbors=0.00 | active_neighbor_step_rate=0.429 | mean_active_neighbors_step=0.952 | max_active_neighbors_step=4 | interaction_reward=0.0000 | abs_interaction_reward=0.0000 | anti_stag_reward=0.0000 | abs_anti_stag_reward=0.0000 | wall_clear_reward=0.0000 | abs_wall_clear_reward=0.0000 | local_nav_reward=0.0000 | abs_local_nav_reward=0.0000 | robot_proximity_reward=-0.2061 | abs_robot_proximity_reward=0.2061 | robot_clearance_reward=0.0021 | context_neighbors_mean=0.96 | context_neighbors_max=4 | last_context_neighbors_mean=0.00 | last_context_neighbors_max=0 | actor_unlocked=0 | expl_noise=0.0750 | replay=19788 | interaction_replay=8573 | samples/sec=11.121
Episode 223 complete | agent_samples=19836 | env_steps=8083 | episode_env_steps=11 | episode_agent_samples=48 | mean_reward=27.473 | success=3/5 | collision=2/5 | mean_final_distance=0.443 | mean_progress=0.0256 | min_laser=0.300 | mean_lin=1.000 | mean_ang=-0.200 | mean_robot_dist=inf | raw_reward=20.000 | adjusted_reward=20.000 | coop_agents=0/5 | mean_coop_neighbors=0.00 | active_neighbor_step_rate=0.812 | mean_active_neighbors_step=2.000 | max_active_neighbors_step=4 | interaction_reward=0.0000 | abs_interaction_reward=0.0000 | anti_stag_reward=0.0000 | abs_anti_stag_reward=0.0000 | wall_clear_reward=0.0000 | abs_wall_clear_reward=0.0000 | local_nav_reward=0.0000 | abs_local_nav_reward=0.0000 | robot_proximity_reward=-1.5045 | abs_robot_proximity_reward=1.5045 | robot_clearance_reward=0.0000 | context_neighbors_mean=2.10 | context_neighbors_max=4 | last_context_neighbors_mean=0.00 | last_context_neighbors_max=0 | actor_unlocked=0 | expl_noise=0.0749 | replay=19836 | interaction_replay=8614 | samples/sec=11.132
Episode 224 complete | agent_samples=19914 | env_steps=8128 | episode_env_steps=45 | episode_agent_samples=78 | mean_reward=113.334 | success=5/5 | collision=0/5 | mean_final_distance=0.245 | mean_progress=0.0179 | min_laser=0.564 | mean_lin=0.800 | mean_ang=0.068 | mean_robot_dist=inf | raw_reward=20.000 | adjusted_reward=20.000 | coop_agents=0/5 | mean_coop_neighbors=0.00 | active_neighbor_step_rate=0.449 | mean_active_neighbors_step=1.103 | max_active_neighbors_step=4 | interaction_reward=0.0000 | abs_interaction_reward=0.0000 | anti_stag_reward=0.0000 | abs_anti_stag_reward=0.0000 | wall_clear_reward=0.0000 | abs_wall_clear_reward=0.0000 | local_nav_reward=0.0000 | abs_local_nav_reward=0.0000 | robot_proximity_reward=-0.2477 | abs_robot_proximity_reward=0.2477 | robot_clearance_reward=0.0000 | context_neighbors_mean=1.10 | context_neighbors_max=4 | last_context_neighbors_mean=0.00 | last_context_neighbors_max=0 | actor_unlocked=0 | expl_noise=0.0749 | replay=19914 | interaction_replay=8649 | samples/sec=11.115
Episode 225 complete | agent_samples=20022 | env_steps=8184 | episode_env_steps=56 | episode_agent_samples=108 | mean_reward=124.076 | success=5/5 | collision=0/5 | mean_final_distance=0.256 | mean_progress=0.0105 | min_laser=0.390 | mean_lin=0.846 | mean_ang=0.073 | mean_robot_dist=inf | raw_reward=20.000 | adjusted_reward=20.000 | coop_agents=0/5 | mean_coop_neighbors=0.00 | active_neighbor_step_rate=0.315 | mean_active_neighbors_step=0.602 | max_active_neighbors_step=4 | interaction_reward=0.0000 | abs_interaction_reward=0.0000 | anti_stag_reward=0.0000 | abs_anti_stag_reward=0.0000 | wall_clear_reward=0.0000 | abs_wall_clear_reward=0.0000 | local_nav_reward=0.0000 | abs_local_nav_reward=0.0000 | robot_proximity_reward=0.0000 | abs_robot_proximity_reward=0.0000 | robot_clearance_reward=0.0000 | context_neighbors_mean=0.60 | context_neighbors_max=4 | last_context_neighbors_mean=0.00 | last_context_neighbors_max=0 | actor_unlocked=0 | expl_noise=0.0749 | replay=20022 | interaction_replay=8656 | samples/sec=11.099
Status | epoch=1 | next_eval_in=-22 agent_samples | checkpoint_every=10 episodes | checkpoint=./checkpoints/interaction_focused_actor_from_5d_s20260725_latest.pt | model=interaction_focused_actor_from_5d_s20260725
Validating multi-agent policy at agent_samples=20022 env_steps=8184
Manifest switched: strong-interaction-curriculum-validation-v1 | scenarios=140 | sampling=cycle | path=/home/jiutian/Local-Critic-Multi-Robot-Navigation-gate/experiments/04_保留专门化/05_论文主线/datasets/fixed_v1/views/strong_interaction_curriculum_v1/validation.json.gz
Validation progress | epoch=1 | episodes=10/140 | success_rate=0.820 | collision_rate=0.160 | full_success_rate=0.600 | timeout_rate=0.100
Validation progress | epoch=1 | episodes=20/140 | success_rate=0.800 | collision_rate=0.190 | full_success_rate=0.450 | timeout_rate=0.050
Validation progress | epoch=1 | episodes=30/140 | success_rate=0.800 | collision_rate=0.193 | full_success_rate=0.433 | timeout_rate=0.033
Validation progress | epoch=1 | episodes=40/140 | success_rate=0.775 | collision_rate=0.220 | full_success_rate=0.375 | timeout_rate=0.025
Validation progress | epoch=1 | episodes=50/140 | success_rate=0.772 | collision_rate=0.224 | full_success_rate=0.360 | timeout_rate=0.020
Validation progress | epoch=1 | episodes=60/140 | success_rate=0.780 | collision_rate=0.217 | full_success_rate=0.383 | timeout_rate=0.017
Validation progress | epoch=1 | episodes=70/140 | success_rate=0.800 | collision_rate=0.197 | full_success_rate=0.443 | timeout_rate=0.014
Validation progress | epoch=1 | episodes=80/140 | success_rate=0.800 | collision_rate=0.195 | full_success_rate=0.438 | timeout_rate=0.025
Validation progress | epoch=1 | episodes=90/140 | success_rate=0.813 | collision_rate=0.182 | full_success_rate=0.467 | timeout_rate=0.022
Validation progress | epoch=1 | episodes=100/140 | success_rate=0.816 | collision_rate=0.180 | full_success_rate=0.470 | timeout_rate=0.020
Validation progress | epoch=1 | episodes=110/140 | success_rate=0.813 | collision_rate=0.184 | full_success_rate=0.464 | timeout_rate=0.018
Validation progress | epoch=1 | episodes=120/140 | success_rate=0.817 | collision_rate=0.180 | full_success_rate=0.458 | timeout_rate=0.017
Validation progress | epoch=1 | episodes=130/140 | success_rate=0.822 | collision_rate=0.175 | full_success_rate=0.469 | timeout_rate=0.015
Validation progress | epoch=1 | episodes=140/140 | success_rate=0.824 | collision_rate=0.173 | full_success_rate=0.471 | timeout_rate=0.014
..............................................
Multi-Agent Eval Epoch 1 | avg_reward=74.811 | success_rate=0.824 | collision_rate=0.173 | unresolved_rate=0.003 | full_success_rate=0.471 | timeout_episode_rate=0.014 | avg_env_steps=36.0 | avg_final_distance=0.311
Eval success_hist 0..N: [0, 0, 2, 45, 27, 66]
Eval collision_hist 0..N: [67, 26, 46, 1, 0, 0]
Eval oracle strong-actor activation rate: 0.4235 (5152/12166 agent steps)
Eval interaction stratum | band=close | episodes=40 | success_rate=0.860 | collision_rate=0.140 | unresolved_rate=0.000 | full_success_rate=0.550 | timeout_rate=0.000 | avg_steps=32.5
Eval interaction stratum | band=deep | episodes=60 | success_rate=0.707 | collision_rate=0.290 | unresolved_rate=0.003 | full_success_rate=0.150 | timeout_rate=0.017 | avg_steps=34.3
Eval interaction stratum | band=margin | episodes=40 | success_rate=0.965 | collision_rate=0.030 | unresolved_rate=0.005 | full_success_rate=0.875 | timeout_rate=0.025 | avg_steps=42.1
..............................................
Manifest switched: strong-interaction-stage2-train-v1 | scenarios=640 | sampling=random | path=/home/jiutian/Local-Critic-Multi-Robot-Navigation-gate/experiments/04_保留专门化/05_论文主线/datasets/fixed_v1/views/strong_interaction_curriculum_v1/stage2_train.json.gz
Epoch model snapshot saved: interaction_focused_actor_from_5d_s20260725_epoch_001
Checkpoint saved: ./checkpoints/interaction_focused_actor_from_5d_s20260725_latest.pt
Best checkpoint updated | epoch=1 | success_rate=0.824 | collision_rate=0.173 | full_success_rate=0.471 | unresolved_rate=0.003 | avg_reward=74.811 | metric=full_success | path=./checkpoints/interaction_focused_actor_from_5d_s20260725_best.pt
Next epoch will start from 2. Resume keeps this counter in ./checkpoints/interaction_focused_actor_from_5d_s20260725_latest.pt
Episode 226 complete | agent_samples=20146 | env_steps=8227 | episode_env_steps=43 | episode_agent_samples=124 | mean_reward=133.857 | success=5/5 | collision=0/5 | mean_final_distance=0.244 | mean_progress=0.0176 | min_laser=0.612 | mean_lin=1.000 | mean_ang=0.134 | mean_robot_dist=inf | raw_reward=20.000 | adjusted_reward=20.000 | coop_agents=0/5 | mean_coop_neighbors=0.00 | active_neighbor_step_rate=0.823 | mean_active_neighbors_step=2.016 | max_active_neighbors_step=4 | interaction_reward=0.0000 | abs_interaction_reward=0.0000 | anti_stag_reward=0.0000 | abs_anti_stag_reward=0.0000 | wall_clear_reward=0.0000 | abs_wall_clear_reward=0.0000 | local_nav_reward=0.0000 | abs_local_nav_reward=0.0000 | robot_proximity_reward=-0.1629 | abs_robot_proximity_reward=0.1629 | robot_clearance_reward=0.0413 | context_neighbors_mean=2.02 | context_neighbors_max=4 | last_context_neighbors_mean=0.00 | last_context_neighbors_max=0 | actor_unlocked=0 | expl_noise=0.0749 | replay=20146 | interaction_replay=8678 | samples/sec=6.917
Episode 227 complete | agent_samples=20195 | env_steps=8239 | episode_env_steps=12 | episode_agent_samples=49 | mean_reward=63.139 | success=4/5 | collision=1/5 | mean_final_distance=0.429 | mean_progress=0.0081 | min_laser=0.312 | mean_lin=0.788 | mean_ang=-0.139 | mean_robot_dist=inf | raw_reward=-20.000 | adjusted_reward=-20.000 | coop_agents=0/5 | mean_coop_neighbors=0.00 | active_neighbor_step_rate=0.918 | mean_active_neighbors_step=1.755 | max_active_neighbors_step=4 | interaction_reward=0.0000 | abs_interaction_reward=0.0000 | anti_stag_reward=0.0000 | abs_anti_stag_reward=0.0000 | wall_clear_reward=0.0000 | abs_wall_clear_reward=0.0000 | local_nav_reward=0.0000 | abs_local_nav_reward=0.0000 | robot_proximity_reward=-1.1302 | abs_robot_proximity_reward=1.1302 | robot_clearance_reward=0.0000 | context_neighbors_mean=1.88 | context_neighbors_max=4 | last_context_neighbors_mean=0.00 | last_context_neighbors_max=0 | actor_unlocked=0 | expl_noise=0.0749 | replay=20195 | interaction_replay=8723 | samples/sec=6.927
Episode 228 complete | agent_samples=20234 | env_steps=8248 | episode_env_steps=9 | episode_agent_samples=39 | mean_reward=25.161 | success=3/5 | collision=2/5 | mean_final_distance=0.488 | mean_progress=0.0239 | min_laser=0.316 | mean_lin=0.796 | mean_ang=0.554 | mean_robot_dist=inf | raw_reward=20.000 | adjusted_reward=20.000 | coop_agents=0/5 | mean_coop_neighbors=0.00 | active_neighbor_step_rate=0.923 | mean_active_neighbors_step=2.256 | max_active_neighbors_step=4 | interaction_reward=0.0000 | abs_interaction_reward=0.0000 | anti_stag_reward=0.0000 | abs_anti_stag_reward=0.0000 | wall_clear_reward=0.0000 | abs_wall_clear_reward=0.0000 | local_nav_reward=0.0000 | abs_local_nav_reward=0.0000 | robot_proximity_reward=-1.0711 | abs_robot_proximity_reward=1.0711 | robot_clearance_reward=0.0000 | context_neighbors_mean=2.33 | context_neighbors_max=4 | last_context_neighbors_mean=0.00 | last_context_neighbors_max=0 | actor_unlocked=0 | expl_noise=0.0748 | replay=20234 | interaction_replay=8759 | samples/sec=6.936
Episode 229 complete | agent_samples=20298 | env_steps=8277 | episode_env_steps=29 | episode_agent_samples=64 | mean_reward=75.579 | success=4/5 | collision=1/5 | mean_final_distance=0.592 | mean_progress=0.0223 | min_laser=0.300 | mean_lin=0.846 | mean_ang=-0.244 | mean_robot_dist=inf | raw_reward=20.000 | adjusted_reward=20.000 | coop_agents=0/5 | mean_coop_neighbors=0.00 | active_neighbor_step_rate=0.562 | mean_active_neighbors_step=1.422 | max_active_neighbors_step=4 | interaction_reward=0.0000 | abs_interaction_reward=0.0000 | anti_stag_reward=0.0000 | abs_anti_stag_reward=0.0000 | wall_clear_reward=0.0000 | abs_wall_clear_reward=0.0000 | local_nav_reward=0.0000 | abs_local_nav_reward=0.0000 | robot_proximity_reward=-0.3902 | abs_robot_proximity_reward=0.3902 | robot_clearance_reward=0.0312 | context_neighbors_mean=1.47 | context_neighbors_max=4 | last_context_neighbors_mean=0.00 | last_context_neighbors_max=0 | actor_unlocked=0 | expl_noise=0.0748 | replay=20298 | interaction_replay=8779 | samples/sec=6.942
Episode 230 complete | agent_samples=20379 | env_steps=8309 | episode_env_steps=32 | episode_agent_samples=81 | mean_reward=125.004 | success=5/5 | collision=0/5 | mean_final_distance=0.262 | mean_progress=0.0188 | min_laser=0.597 | mean_lin=1.000 | mean_ang=0.172 | mean_robot_dist=inf | raw_reward=20.000 | adjusted_reward=20.000 | coop_agents=0/5 | mean_coop_neighbors=0.00 | active_neighbor_step_rate=0.630 | mean_active_neighbors_step=1.741 | max_active_neighbors_step=4 | interaction_reward=0.0000 | abs_interaction_reward=0.0000 | anti_stag_reward=0.0000 | abs_anti_stag_reward=0.0000 | wall_clear_reward=0.0000 | abs_wall_clear_reward=0.0000 | local_nav_reward=0.0000 | abs_local_nav_reward=0.0000 | robot_proximity_reward=0.0000 | abs_robot_proximity_reward=0.0000 | robot_clearance_reward=0.0000 | context_neighbors_mean=1.79 | context_neighbors_max=4 | last_context_neighbors_mean=0.00 | last_context_neighbors_max=0 | actor_unlocked=0 | expl_noise=0.0748 | replay=20379 | interaction_replay=8793 | samples/sec=6.953
Status | epoch=2 | next_eval_in=19621 agent_samples | checkpoint_every=10 episodes | checkpoint=./checkpoints/interaction_focused_actor_from_5d_s20260725_latest.pt | model=interaction_focused_actor_from_5d_s20260725
Checkpoint saved: ./checkpoints/interaction_focused_actor_from_5d_s20260725_latest.pt
Episode 231 complete | agent_samples=20432 | env_steps=8322 | episode_env_steps=13 | episode_agent_samples=53 | mean_reward=-78.536 | success=1/5 | collision=4/5 | mean_final_distance=0.543 | mean_progress=0.0209 | min_laser=0.300 | mean_lin=0.940 | mean_ang=0.463 | mean_robot_dist=0.518 | raw_reward=-43.365 | adjusted_reward=-43.365 | coop_agents=2/5 | mean_coop_neighbors=0.40 | active_neighbor_step_rate=1.000 | mean_active_neighbors_step=2.302 | max_active_neighbors_step=4 | interaction_reward=0.0000 | abs_interaction_reward=0.0000 | anti_stag_reward=0.0000 | abs_anti_stag_reward=0.0000 | wall_clear_reward=0.0000 | abs_wall_clear_reward=0.0000 | local_nav_reward=0.0000 | abs_local_nav_reward=0.0000 | robot_proximity_reward=-2.8731 | abs_robot_proximity_reward=2.8731 | robot_clearance_reward=0.0377 | context_neighbors_mean=2.36 | context_neighbors_max=4 | last_context_neighbors_mean=0.00 | last_context_neighbors_max=0 | actor_unlocked=0 | expl_noise=0.0748 | replay=20432 | interaction_replay=8842 | samples/sec=6.963
Episode 232 complete | agent_samples=20514 | env_steps=8361 | episode_env_steps=39 | episode_agent_samples=82 | mean_reward=111.531 | success=5/5 | collision=0/5 | mean_final_distance=0.278 | mean_progress=0.0052 | min_laser=0.456 | mean_lin=0.630 | mean_ang=-0.560 | mean_robot_dist=inf | raw_reward=20.000 | adjusted_reward=20.000 | coop_agents=0/5 | mean_coop_neighbors=0.00 | active_neighbor_step_rate=0.585 | mean_active_neighbors_step=1.195 | max_active_neighbors_step=4 | interaction_reward=0.0000 | abs_interaction_reward=0.0000 | anti_stag_reward=0.0000 | abs_anti_stag_reward=0.0000 | wall_clear_reward=0.0000 | abs_wall_clear_reward=0.0000 | local_nav_reward=0.0000 | abs_local_nav_reward=0.0000 | robot_proximity_reward=-0.0178 | abs_robot_proximity_reward=0.0178 | robot_clearance_reward=0.0488 | context_neighbors_mean=1.28 | context_neighbors_max=4 | last_context_neighbors_mean=0.00 | last_context_neighbors_max=0 | actor_unlocked=0 | expl_noise=0.0748 | replay=20514 | interaction_replay=8873 | samples/sec=6.971
Episode 233 complete | agent_samples=20560 | env_steps=8371 | episode_env_steps=10 | episode_agent_samples=46 | mean_reward=64.048 | success=4/5 | collision=1/5 | mean_final_distance=0.482 | mean_progress=0.0619 | min_laser=0.300 | mean_lin=0.788 | mean_ang=0.600 | mean_robot_dist=2.244 | raw_reward=20.000 | adjusted_reward=12.000 | coop_agents=3/5 | mean_coop_neighbors=0.80 | active_neighbor_step_rate=0.957 | mean_active_neighbors_step=2.413 | max_active_neighbors_step=4 | interaction_reward=0.0000 | abs_interaction_reward=0.0000 | anti_stag_reward=0.0000 | abs_anti_stag_reward=0.0000 | wall_clear_reward=0.0000 | abs_wall_clear_reward=0.0000 | local_nav_reward=0.0000 | abs_local_nav_reward=0.0000 | robot_proximity_reward=-0.4410 | abs_robot_proximity_reward=0.4410 | robot_clearance_reward=0.0435 | context_neighbors_mean=2.48 | context_neighbors_max=4 | last_context_neighbors_mean=0.00 | last_context_neighbors_max=0 | actor_unlocked=0 | expl_noise=0.0748 | replay=20560 | interaction_replay=8908 | samples/sec=6.981
Episode 234 complete | agent_samples=20637 | env_steps=8392 | episode_env_steps=21 | episode_agent_samples=77 | mean_reward=107.833 | success=5/5 | collision=0/5 | mean_final_distance=0.268 | mean_progress=0.0048 | min_laser=0.497 | mean_lin=0.992 | mean_ang=0.200 | mean_robot_dist=inf | raw_reward=20.000 | adjusted_reward=20.000 | coop_agents=0/5 | mean_coop_neighbors=0.00 | active_neighbor_step_rate=0.779 | mean_active_neighbors_step=1.779 | max_active_neighbors_step=4 | interaction_reward=0.0000 | abs_interaction_reward=0.0000 | anti_stag_reward=0.0000 | abs_anti_stag_reward=0.0000 | wall_clear_reward=0.0000 | abs_wall_clear_reward=0.0000 | local_nav_reward=0.0000 | abs_local_nav_reward=0.0000 | robot_proximity_reward=-0.4688 | abs_robot_proximity_reward=0.4688 | robot_clearance_reward=0.0779 | context_neighbors_mean=1.88 | context_neighbors_max=4 | last_context_neighbors_mean=0.00 | last_context_neighbors_max=0 | actor_unlocked=0 | expl_noise=0.0748 | replay=20637 | interaction_replay=8961 | samples/sec=6.996
Episode 235 complete | agent_samples=20696 | env_steps=8422 | episode_env_steps=30 | episode_agent_samples=59 | mean_reward=66.366 | success=4/5 | collision=1/5 | mean_final_distance=0.593 | mean_progress=0.0135 | min_laser=0.328 | mean_lin=0.959 | mean_ang=0.318 | mean_robot_dist=inf | raw_reward=20.000 | adjusted_reward=20.000 | coop_agents=0/5 | mean_coop_neighbors=0.00 | active_neighbor_step_rate=0.492 | mean_active_neighbors_step=1.373 | max_active_neighbors_step=4 | interaction_reward=0.0000 | abs_interaction_reward=0.0000 | anti_stag_reward=0.0000 | abs_anti_stag_reward=0.0000 | wall_clear_reward=0.0000 | abs_wall_clear_reward=0.0000 | local_nav_reward=0.0000 | abs_local_nav_reward=0.0000 | robot_proximity_reward=-0.8394 | abs_robot_proximity_reward=0.8394 | robot_clearance_reward=0.0339 | context_neighbors_mean=1.39 | context_neighbors_max=4 | last_context_neighbors_mean=0.00 | last_context_neighbors_max=0 | actor_unlocked=0 | expl_noise=0.0747 | replay=20696 | interaction_replay=8984 | samples/sec=7.000
Status | epoch=2 | next_eval_in=19304 agent_samples | checkpoint_every=10 episodes | checkpoint=./checkpoints/interaction_focused_actor_from_5d_s20260725_latest.pt | model=interaction_focused_actor_from_5d_s20260725
Episode 236 complete | agent_samples=20785 | env_steps=8457 | episode_env_steps=35 | episode_agent_samples=89 | mean_reward=117.943 | success=5/5 | collision=0/5 | mean_final_distance=0.270 | mean_progress=0.0164 | min_laser=0.578 | mean_lin=0.941 | mean_ang=0.196 | mean_robot_dist=inf | raw_reward=20.000 | adjusted_reward=20.000 | coop_agents=0/5 | mean_coop_neighbors=0.00 | active_neighbor_step_rate=0.652 | mean_active_neighbors_step=1.247 | max_active_neighbors_step=4 | interaction_reward=0.0000 | abs_interaction_reward=0.0000 | anti_stag_reward=0.0000 | abs_anti_stag_reward=0.0000 | wall_clear_reward=0.0000 | abs_wall_clear_reward=0.0000 | local_nav_reward=0.0000 | abs_local_nav_reward=0.0000 | robot_proximity_reward=-0.3131 | abs_robot_proximity_reward=0.3131 | robot_clearance_reward=0.1050 | context_neighbors_mean=1.31 | context_neighbors_max=4 | last_context_neighbors_mean=0.00 | last_context_neighbors_max=0 | actor_unlocked=0 | expl_noise=0.0747 | replay=20785 | interaction_replay=9038 | samples/sec=7.012
Episode 237 complete | agent_samples=20842 | env_steps=8472 | episode_env_steps=15 | episode_agent_samples=57 | mean_reward=16.263 | success=3/5 | collision=2/5 | mean_final_distance=0.638 | mean_progress=0.0419 | min_laser=0.333 | mean_lin=1.000 | mean_ang=0.181 | mean_robot_dist=inf | raw_reward=0.000 | adjusted_reward=-8.000 | coop_agents=1/5 | mean_coop_neighbors=0.20 | active_neighbor_step_rate=0.754 | mean_active_neighbors_step=1.579 | max_active_neighbors_step=4 | interaction_reward=0.0000 | abs_interaction_reward=0.0000 | anti_stag_reward=0.0000 | abs_anti_stag_reward=0.0000 | wall_clear_reward=0.0000 | abs_wall_clear_reward=0.0000 | local_nav_reward=0.0000 | abs_local_nav_reward=0.0000 | robot_proximity_reward=-0.4365 | abs_robot_proximity_reward=0.4365 | robot_clearance_reward=0.0000 | context_neighbors_mean=1.60 | context_neighbors_max=4 | last_context_neighbors_mean=0.00 | last_context_neighbors_max=0 | actor_unlocked=0 | expl_noise=0.0747 | replay=20842 | interaction_replay=9062 | samples/sec=7.023
Episode 238 complete | agent_samples=20906 | env_steps=8502 | episode_env_steps=30 | episode_agent_samples=64 | mean_reward=34.378 | success=3/5 | collision=2/5 | mean_final_distance=0.496 | mean_progress=0.0061 | min_laser=0.300 | mean_lin=0.973 | mean_ang=-0.160 | mean_robot_dist=inf | raw_reward=20.000 | adjusted_reward=20.000 | coop_agents=0/5 | mean_coop_neighbors=0.00 | active_neighbor_step_rate=0.484 | mean_active_neighbors_step=1.281 | max_active_neighbors_step=4 | interaction_reward=0.0000 | abs_interaction_reward=0.0000 | anti_stag_reward=0.0000 | abs_anti_stag_reward=0.0000 | wall_clear_reward=0.0000 | abs_wall_clear_reward=0.0000 | local_nav_reward=0.0000 | abs_local_nav_reward=0.0000 | robot_proximity_reward=-0.7005 | abs_robot_proximity_reward=0.7005 | robot_clearance_reward=0.0000 | context_neighbors_mean=1.28 | context_neighbors_max=4 | last_context_neighbors_mean=0.00 | last_context_neighbors_max=0 | actor_unlocked=0 | expl_noise=0.0747 | replay=20906 | interaction_replay=9093 | samples/sec=7.029
Episode 239 complete | agent_samples=20968 | env_steps=8520 | episode_env_steps=18 | episode_agent_samples=62 | mean_reward=117.472 | success=5/5 | collision=0/5 | mean_final_distance=0.227 | mean_progress=0.0216 | min_laser=0.458 | mean_lin=0.990 | mean_ang=0.404 | mean_robot_dist=inf | raw_reward=20.000 | adjusted_reward=20.000 | coop_agents=0/5 | mean_coop_neighbors=0.00 | active_neighbor_step_rate=0.790 | mean_active_neighbors_step=1.774 | max_active_neighbors_step=4 | interaction_reward=0.0000 | abs_interaction_reward=0.0000 | anti_stag_reward=0.0000 | abs_anti_stag_reward=0.0000 | wall_clear_reward=0.0000 | abs_wall_clear_reward=0.0000 | local_nav_reward=0.0000 | abs_local_nav_reward=0.0000 | robot_proximity_reward=0.0000 | abs_robot_proximity_reward=0.0000 | robot_clearance_reward=0.0000 | context_neighbors_mean=1.81 | context_neighbors_max=4 | last_context_neighbors_mean=0.00 | last_context_neighbors_max=0 | actor_unlocked=0 | expl_noise=0.0747 | replay=20968 | interaction_replay=9108 | samples/sec=7.040
Actor gradient gate | passed=0 | safety_samples=147 | linear_positive_share=0.483 | angular_one_sided_share=0.973
Episode 240 complete | agent_samples=21155 | env_steps=8609 | episode_env_steps=89 | episode_agent_samples=187 | mean_reward=79.586 | success=4/5 | collision=1/5 | mean_final_distance=0.428 | mean_progress=0.0171 | min_laser=0.304 | mean_lin=1.000 | mean_ang=-0.216 | mean_robot_dist=inf | raw_reward=20.000 | adjusted_reward=20.000 | coop_agents=0/5 | mean_coop_neighbors=0.00 | active_neighbor_step_rate=0.610 | mean_active_neighbors_step=1.439 | max_active_neighbors_step=4 | interaction_reward=0.0000 | abs_interaction_reward=0.0000 | anti_stag_reward=0.0000 | abs_anti_stag_reward=0.0000 | wall_clear_reward=0.0000 | abs_wall_clear_reward=0.0000 | local_nav_reward=0.0000 | abs_local_nav_reward=0.0000 | robot_proximity_reward=-0.2007 | abs_robot_proximity_reward=0.2007 | robot_clearance_reward=0.0276 | context_neighbors_mean=1.47 | context_neighbors_max=4 | last_context_neighbors_mean=0.00 | last_context_neighbors_max=0 | actor_unlocked=0 | expl_noise=0.0746 | replay=21155 | interaction_replay=9145 | samples/sec=7.057
Status | epoch=2 | next_eval_in=18845 agent_samples | checkpoint_every=10 episodes | checkpoint=./checkpoints/interaction_focused_actor_from_5d_s20260725_latest.pt | model=interaction_focused_actor_from_5d_s20260725
Checkpoint saved: ./checkpoints/interaction_focused_actor_from_5d_s20260725_latest.pt
Actor gradient gate | passed=0 | safety_samples=144 | linear_positive_share=0.542 | angular_one_sided_share=0.993
Episode 241 complete | agent_samples=21225 | env_steps=8630 | episode_env_steps=21 | episode_agent_samples=70 | mean_reward=125.502 | success=5/5 | collision=0/5 | mean_final_distance=0.247 | mean_progress=0.0362 | min_laser=0.467 | mean_lin=0.990 | mean_ang=-0.213 | mean_robot_dist=inf | raw_reward=40.000 | adjusted_reward=40.000 | coop_agents=1/5 | mean_coop_neighbors=0.20 | active_neighbor_step_rate=0.643 | mean_active_neighbors_step=1.329 | max_active_neighbors_step=4 | interaction_reward=0.0000 | abs_interaction_reward=0.0000 | anti_stag_reward=0.0000 | abs_anti_stag_reward=0.0000 | wall_clear_reward=0.0000 | abs_wall_clear_reward=0.0000 | local_nav_reward=0.0000 | abs_local_nav_reward=0.0000 | robot_proximity_reward=-0.0349 | abs_robot_proximity_reward=0.0349 | robot_clearance_reward=0.0343 | context_neighbors_mean=1.37 | context_neighbors_max=4 | last_context_neighbors_mean=0.00 | last_context_neighbors_max=0 | actor_unlocked=0 | expl_noise=0.0746 | replay=21225 | interaction_replay=9172 | samples/sec=7.068
Actor gradient gate | passed=0 | safety_samples=165 | linear_positive_share=0.558 | angular_one_sided_share=0.976
Episode 242 complete | agent_samples=21308 | env_steps=8662 | episode_env_steps=32 | episode_agent_samples=83 | mean_reward=77.239 | success=4/5 | collision=1/5 | mean_final_distance=0.559 | mean_progress=0.0084 | min_laser=0.302 | mean_lin=0.532 | mean_ang=-0.200 | mean_robot_dist=inf | raw_reward=20.000 | adjusted_reward=20.000 | coop_agents=0/5 | mean_coop_neighbors=0.00 | active_neighbor_step_rate=0.867 | mean_active_neighbors_step=2.048 | max_active_neighbors_step=4 | interaction_reward=0.0000 | abs_interaction_reward=0.0000 | anti_stag_reward=0.0000 | abs_anti_stag_reward=0.0000 | wall_clear_reward=0.0000 | abs_wall_clear_reward=0.0000 | local_nav_reward=0.0000 | abs_local_nav_reward=0.0000 | robot_proximity_reward=-0.4279 | abs_robot_proximity_reward=0.4279 | robot_clearance_reward=0.0241 | context_neighbors_mean=2.05 | context_neighbors_max=4 | last_context_neighbors_mean=0.00 | last_context_neighbors_max=0 | actor_unlocked=0 | expl_noise=0.0746 | replay=21308 | interaction_replay=9185 | samples/sec=7.079
Actor gradient gate | passed=0 | safety_samples=155 | linear_positive_share=0.594 | angular_one_sided_share=0.974
Episode 243 complete | agent_samples=21370 | env_steps=8681 | episode_env_steps=19 | episode_agent_samples=62 | mean_reward=79.930 | success=4/5 | collision=1/5 | mean_final_distance=0.502 | mean_progress=0.0064 | min_laser=0.306 | mean_lin=0.800 | mean_ang=-0.567 | mean_robot_dist=inf | raw_reward=20.000 | adjusted_reward=20.000 | coop_agents=0/5 | mean_coop_neighbors=0.00 | active_neighbor_step_rate=0.452 | mean_active_neighbors_step=0.919 | max_active_neighbors_step=4 | interaction_reward=0.0000 | abs_interaction_reward=0.0000 | anti_stag_reward=0.0000 | abs_anti_stag_reward=0.0000 | wall_clear_reward=0.0000 | abs_wall_clear_reward=0.0000 | local_nav_reward=0.0000 | abs_local_nav_reward=0.0000 | robot_proximity_reward=-0.5024 | abs_robot_proximity_reward=0.5024 | robot_clearance_reward=0.0323 | context_neighbors_mean=0.98 | context_neighbors_max=4 | last_context_neighbors_mean=0.00 | last_context_neighbors_max=0 | actor_unlocked=0 | expl_noise=0.0746 | replay=21370 | interaction_replay=9196 | samples/sec=7.090
Actor gradient gate | passed=0 | safety_samples=167 | linear_positive_share=0.563 | angular_one_sided_share=0.982
Episode 244 complete | agent_samples=21420 | env_steps=8702 | episode_env_steps=21 | episode_agent_samples=50 | mean_reward=-23.436 | success=2/5 | collision=3/5 | mean_final_distance=0.899 | mean_progress=0.0063 | min_laser=0.300 | mean_lin=0.993 | mean_ang=-0.482 | mean_robot_dist=inf | raw_reward=20.000 | adjusted_reward=20.000 | coop_agents=0/5 | mean_coop_neighbors=0.00 | active_neighbor_step_rate=0.740 | mean_active_neighbors_step=1.580 | max_active_neighbors_step=4 | interaction_reward=0.0000 | abs_interaction_reward=0.0000 | anti_stag_reward=0.0000 | abs_anti_stag_reward=0.0000 | wall_clear_reward=0.0000 | abs_wall_clear_reward=0.0000 | local_nav_reward=0.0000 | abs_local_nav_reward=0.0000 | robot_proximity_reward=-1.2674 | abs_robot_proximity_reward=1.2674 | robot_clearance_reward=0.0000 | context_neighbors_mean=1.56 | context_neighbors_max=4 | last_context_neighbors_mean=0.00 | last_context_neighbors_max=0 | actor_unlocked=0 | expl_noise=0.0746 | replay=21420 | interaction_replay=9233 | samples/sec=7.095
Actor gradient gate | passed=0 | safety_samples=147 | linear_positive_share=0.544 | angular_one_sided_share=0.966
Episode 245 complete | agent_samples=21506 | env_steps=8735 | episode_env_steps=33 | episode_agent_samples=86 | mean_reward=27.209 | success=3/5 | collision=2/5 | mean_final_distance=0.896 | mean_progress=0.0117 | min_laser=0.300 | mean_lin=0.979 | mean_ang=-0.069 | mean_robot_dist=inf | raw_reward=20.000 | adjusted_reward=20.000 | coop_agents=0/5 | mean_coop_neighbors=0.00 | active_neighbor_step_rate=0.837 | mean_active_neighbors_step=1.686 | max_active_neighbors_step=4 | interaction_reward=0.0000 | abs_interaction_reward=0.0000 | anti_stag_reward=0.0000 | abs_anti_stag_reward=0.0000 | wall_clear_reward=0.0000 | abs_wall_clear_reward=0.0000 | local_nav_reward=0.0000 | abs_local_nav_reward=0.0000 | robot_proximity_reward=-0.6380 | abs_robot_proximity_reward=0.6380 | robot_clearance_reward=0.0266 | context_neighbors_mean=1.71 | context_neighbors_max=4 | last_context_neighbors_mean=0.00 | last_context_neighbors_max=0 | actor_unlocked=0 | expl_noise=0.0745 | replay=21506 | interaction_replay=9256 | samples/sec=7.106
Status | epoch=2 | next_eval_in=18494 agent_samples | checkpoint_every=10 episodes | checkpoint=./checkpoints/interaction_focused_actor_from_5d_s20260725_latest.pt | model=interaction_focused_actor_from_5d_s20260725
Actor gradient gate | passed=0 | safety_samples=159 | linear_positive_share=0.497 | angular_one_sided_share=0.962
Episode 246 complete | agent_samples=21601 | env_steps=8781 | episode_env_steps=46 | episode_agent_samples=95 | mean_reward=67.029 | success=4/5 | collision=1/5 | mean_final_distance=0.277 | mean_progress=0.0116 | min_laser=0.300 | mean_lin=0.800 | mean_ang=-0.177 | mean_robot_dist=inf | raw_reward=20.000 | adjusted_reward=20.000 | coop_agents=0/5 | mean_coop_neighbors=0.00 | active_neighbor_step_rate=0.568 | mean_active_neighbors_step=1.463 | max_active_neighbors_step=4 | interaction_reward=0.0000 | abs_interaction_reward=0.0000 | anti_stag_reward=0.0000 | abs_anti_stag_reward=0.0000 | wall_clear_reward=0.0000 | abs_wall_clear_reward=0.0000 | local_nav_reward=0.0000 | abs_local_nav_reward=0.0000 | robot_proximity_reward=-0.5970 | abs_robot_proximity_reward=0.5970 | robot_clearance_reward=0.0211 | context_neighbors_mean=1.51 | context_neighbors_max=4 | last_context_neighbors_mean=0.00 | last_context_neighbors_max=0 | actor_unlocked=0 | expl_noise=0.0745 | replay=21601 | interaction_replay=9310 | samples/sec=7.114
Actor gradient gate | passed=0 | safety_samples=153 | linear_positive_share=0.542 | angular_one_sided_share=0.967
Episode 247 complete | agent_samples=21646 | env_steps=8791 | episode_env_steps=10 | episode_agent_samples=45 | mean_reward=63.742 | success=4/5 | collision=1/5 | mean_final_distance=0.559 | mean_progress=0.0225 | min_laser=0.341 | mean_lin=0.791 | mean_ang=-0.531 | mean_robot_dist=inf | raw_reward=-0.603 | adjusted_reward=7.517 | coop_agents=1/5 | mean_coop_neighbors=0.20 | active_neighbor_step_rate=0.889 | mean_active_neighbors_step=1.956 | max_active_neighbors_step=4 | interaction_reward=0.0000 | abs_interaction_reward=0.0000 | anti_stag_reward=0.0000 | abs_anti_stag_reward=0.0000 | wall_clear_reward=0.0000 | abs_wall_clear_reward=0.0000 | local_nav_reward=0.0000 | abs_local_nav_reward=0.0000 | robot_proximity_reward=-1.4450 | abs_robot_proximity_reward=1.4450 | robot_clearance_reward=0.0000 | context_neighbors_mean=2.09 | context_neighbors_max=4 | last_context_neighbors_mean=0.00 | last_context_neighbors_max=0 | actor_unlocked=0 | expl_noise=0.0745 | replay=21646 | interaction_replay=9348 | samples/sec=7.123
Actor gradient gate | passed=0 | safety_samples=152 | linear_positive_share=0.566 | angular_one_sided_share=0.974
Episode 248 complete | agent_samples=21730 | env_steps=8833 | episode_env_steps=42 | episode_agent_samples=84 | mean_reward=106.031 | success=5/5 | collision=0/5 | mean_final_distance=0.284 | mean_progress=0.0117 | min_laser=0.485 | mean_lin=0.797 | mean_ang=0.171 | mean_robot_dist=inf | raw_reward=20.000 | adjusted_reward=20.000 | coop_agents=0/5 | mean_coop_neighbors=0.00 | active_neighbor_step_rate=0.429 | mean_active_neighbors_step=0.940 | max_active_neighbors_step=4 | interaction_reward=0.0000 | abs_interaction_reward=0.0000 | anti_stag_reward=0.0000 | abs_anti_stag_reward=0.0000 | wall_clear_reward=0.0000 | abs_wall_clear_reward=0.0000 | local_nav_reward=0.0000 | abs_local_nav_reward=0.0000 | robot_proximity_reward=-0.2222 | abs_robot_proximity_reward=0.2222 | robot_clearance_reward=0.0490 | context_neighbors_mean=1.02 | context_neighbors_max=4 | last_context_neighbors_mean=0.00 | last_context_neighbors_max=0 | actor_unlocked=0 | expl_noise=0.0745 | replay=21730 | interaction_replay=9384 | samples/sec=7.129
Actor gradient gate | passed=0 | safety_samples=145 | linear_positive_share=0.538 | angular_one_sided_share=0.979
Episode 249 complete | agent_samples=21890 | env_steps=8926 | episode_env_steps=93 | episode_agent_samples=160 | mean_reward=29.143 | success=3/5 | collision=2/5 | mean_final_distance=0.553 | mean_progress=0.0126 | min_laser=0.334 | mean_lin=0.801 | mean_ang=-0.537 | mean_robot_dist=inf | raw_reward=20.000 | adjusted_reward=20.000 | coop_agents=0/5 | mean_coop_neighbors=0.00 | active_neighbor_step_rate=0.494 | mean_active_neighbors_step=1.425 | max_active_neighbors_step=4 | interaction_reward=0.0000 | abs_interaction_reward=0.0000 | anti_stag_reward=0.0000 | abs_anti_stag_reward=0.0000 | wall_clear_reward=0.0000 | abs_wall_clear_reward=0.0000 | local_nav_reward=0.0000 | abs_local_nav_reward=0.0000 | robot_proximity_reward=-0.2646 | abs_robot_proximity_reward=0.2646 | robot_clearance_reward=0.0017 | context_neighbors_mean=1.44 | context_neighbors_max=4 | last_context_neighbors_mean=0.00 | last_context_neighbors_max=0 | actor_unlocked=0 | expl_noise=0.0744 | replay=21890 | interaction_replay=9415 | samples/sec=7.135
Actor gradient gate | passed=0 | safety_samples=161 | linear_positive_share=0.460 | angular_one_sided_share=0.957
Episode 250 complete | agent_samples=21941 | env_steps=8938 | episode_env_steps=12 | episode_agent_samples=51 | mean_reward=22.896 | success=3/5 | collision=2/5 | mean_final_distance=0.416 | mean_progress=0.0111 | min_laser=0.320 | mean_lin=0.800 | mean_ang=0.558 | mean_robot_dist=inf | raw_reward=-20.000 | adjusted_reward=-20.000 | coop_agents=0/5 | mean_coop_neighbors=0.00 | active_neighbor_step_rate=0.922 | mean_active_neighbors_step=2.059 | max_active_neighbors_step=4 | interaction_reward=0.0000 | abs_interaction_reward=0.0000 | anti_stag_reward=0.0000 | abs_anti_stag_reward=0.0000 | wall_clear_reward=0.0000 | abs_wall_clear_reward=0.0000 | local_nav_reward=0.0000 | abs_local_nav_reward=0.0000 | robot_proximity_reward=-1.1123 | abs_robot_proximity_reward=1.1123 | robot_clearance_reward=0.0392 | context_neighbors_mean=2.14 | context_neighbors_max=4 | last_context_neighbors_mean=0.00 | last_context_neighbors_max=0 | actor_unlocked=0 | expl_noise=0.0744 | replay=21941 | interaction_replay=9463 | samples/sec=7.145
Status | epoch=2 | next_eval_in=18059 agent_samples | checkpoint_every=10 episodes | checkpoint=./checkpoints/interaction_focused_actor_from_5d_s20260725_latest.pt | model=interaction_focused_actor_from_5d_s20260725
Checkpoint saved: ./checkpoints/interaction_focused_actor_from_5d_s20260725_latest.pt
Actor gradient gate | passed=0 | safety_samples=159 | linear_positive_share=0.503 | angular_one_sided_share=0.981
Episode 251 complete | agent_samples=22016 | env_steps=8977 | episode_env_steps=39 | episode_agent_samples=75 | mean_reward=66.679 | success=4/5 | collision=1/5 | mean_final_distance=0.353 | mean_progress=0.0218 | min_laser=0.335 | mean_lin=0.798 | mean_ang=-0.201 | mean_robot_dist=inf | raw_reward=20.000 | adjusted_reward=20.000 | coop_agents=0/5 | mean_coop_neighbors=0.00 | active_neighbor_step_rate=0.520 | mean_active_neighbors_step=1.720 | max_active_neighbors_step=4 | interaction_reward=0.0000 | abs_interaction_reward=0.0000 | anti_stag_reward=0.0000 | abs_anti_stag_reward=0.0000 | wall_clear_reward=0.0000 | abs_wall_clear_reward=0.0000 | local_nav_reward=0.0000 | abs_local_nav_reward=0.0000 | robot_proximity_reward=-0.5444 | abs_robot_proximity_reward=0.5444 | robot_clearance_reward=0.0000 | context_neighbors_mean=1.73 | context_neighbors_max=4 | last_context_neighbors_mean=0.00 | last_context_neighbors_max=0 | actor_unlocked=0 | expl_noise=0.0744 | replay=22016 | interaction_replay=9491 | samples/sec=7.148
Actor gradient gate | passed=0 | safety_samples=169 | linear_positive_share=0.497 | angular_one_sided_share=0.947
Episode 252 complete | agent_samples=22077 | env_steps=8995 | episode_env_steps=18 | episode_agent_samples=61 | mean_reward=111.379 | success=5/5 | collision=0/5 | mean_final_distance=0.257 | mean_progress=0.0162 | min_laser=0.652 | mean_lin=0.995 | mean_ang=0.200 | mean_robot_dist=inf | raw_reward=20.000 | adjusted_reward=20.000 | coop_agents=0/5 | mean_coop_neighbors=0.00 | active_neighbor_step_rate=0.820 | mean_active_neighbors_step=1.934 | max_active_neighbors_step=4 | interaction_reward=0.0000 | abs_interaction_reward=0.0000 | anti_stag_reward=0.0000 | abs_anti_stag_reward=0.0000 | wall_clear_reward=0.0000 | abs_wall_clear_reward=0.0000 | local_nav_reward=0.0000 | abs_local_nav_reward=0.0000 | robot_proximity_reward=-0.4620 | abs_robot_proximity_reward=0.4620 | robot_clearance_reward=0.1156 | context_neighbors_mean=2.05 | context_neighbors_max=4 | last_context_neighbors_mean=0.00 | last_context_neighbors_max=0 | actor_unlocked=0 | expl_noise=0.0744 | replay=22077 | interaction_replay=9530 | samples/sec=7.159
Actor gradient gate | passed=0 | safety_samples=141 | linear_positive_share=0.511 | angular_one_sided_share=0.957
Episode 253 complete | agent_samples=22130 | env_steps=9010 | episode_env_steps=15 | episode_agent_samples=53 | mean_reward=26.993 | success=3/5 | collision=2/5 | mean_final_distance=0.896 | mean_progress=0.0366 | min_laser=0.316 | mean_lin=0.807 | mean_ang=0.181 | mean_robot_dist=4.300 | raw_reward=40.000 | adjusted_reward=40.000 | coop_agents=2/5 | mean_coop_neighbors=0.40 | active_neighbor_step_rate=1.000 | mean_active_neighbors_step=2.396 | max_active_neighbors_step=4 | interaction_reward=0.0000 | abs_interaction_reward=0.0000 | anti_stag_reward=0.0000 | abs_anti_stag_reward=0.0000 | wall_clear_reward=0.0000 | abs_wall_clear_reward=0.0000 | local_nav_reward=0.0000 | abs_local_nav_reward=0.0000 | robot_proximity_reward=-0.7394 | abs_robot_proximity_reward=0.7394 | robot_clearance_reward=0.0000 | context_neighbors_mean=2.40 | context_neighbors_max=4 | last_context_neighbors_mean=0.00 | last_context_neighbors_max=0 | actor_unlocked=0 | expl_noise=0.0744 | replay=22130 | interaction_replay=9544 | samples/sec=7.168
Actor gradient gate | passed=0 | safety_samples=160 | linear_positive_share=0.494 | angular_one_sided_share=0.969
Episode 254 complete | agent_samples=22196 | env_steps=9043 | episode_env_steps=33 | episode_agent_samples=66 | mean_reward=11.248 | success=3/5 | collision=2/5 | mean_final_distance=0.528 | mean_progress=0.0048 | min_laser=0.300 | mean_lin=0.600 | mean_ang=-0.526 | mean_robot_dist=inf | raw_reward=20.000 | adjusted_reward=20.000 | coop_agents=0/5 | mean_coop_neighbors=0.00 | active_neighbor_step_rate=0.576 | mean_active_neighbors_step=1.227 | max_active_neighbors_step=4 | interaction_reward=0.0000 | abs_interaction_reward=0.0000 | anti_stag_reward=0.0000 | abs_anti_stag_reward=0.0000 | wall_clear_reward=0.0000 | abs_wall_clear_reward=0.0000 | local_nav_reward=0.0000 | abs_local_nav_reward=0.0000 | robot_proximity_reward=-0.5733 | abs_robot_proximity_reward=0.5733 | robot_clearance_reward=0.0303 | context_neighbors_mean=1.32 | context_neighbors_max=4 | last_context_neighbors_mean=0.00 | last_context_neighbors_max=0 | actor_unlocked=0 | expl_noise=0.0743 | replay=22196 | interaction_replay=9583 | samples/sec=7.173
Actor gradient gate | passed=0 | safety_samples=182 | linear_positive_share=0.390 | angular_one_sided_share=0.978
Episode 255 complete | agent_samples=22244 | env_steps=9055 | episode_env_steps=12 | episode_agent_samples=48 | mean_reward=109.746 | success=5/5 | collision=0/5 | mean_final_distance=0.235 | mean_progress=0.0251 | min_laser=0.756 | mean_lin=1.000 | mean_ang=0.359 | mean_robot_dist=inf | raw_reward=20.000 | adjusted_reward=20.000 | coop_agents=0/5 | mean_coop_neighbors=0.00 | active_neighbor_step_rate=0.812 | mean_active_neighbors_step=2.354 | max_active_neighbors_step=4 | interaction_reward=0.0000 | abs_interaction_reward=0.0000 | anti_stag_reward=0.0000 | abs_anti_stag_reward=0.0000 | wall_clear_reward=0.0000 | abs_wall_clear_reward=0.0000 | local_nav_reward=0.0000 | abs_local_nav_reward=0.0000 | robot_proximity_reward=-0.2082 | abs_robot_proximity_reward=0.2082 | robot_clearance_reward=0.0417 | context_neighbors_mean=2.46 | context_neighbors_max=4 | last_context_neighbors_mean=0.00 | last_context_neighbors_max=0 | actor_unlocked=0 | expl_noise=0.0743 | replay=22244 | interaction_replay=9620 | samples/sec=7.182
Status | epoch=2 | next_eval_in=17756 agent_samples | checkpoint_every=10 episodes | checkpoint=./checkpoints/interaction_focused_actor_from_5d_s20260725_latest.pt | model=interaction_focused_actor_from_5d_s20260725
Actor gradient gate | passed=0 | safety_samples=151 | linear_positive_share=0.497 | angular_one_sided_share=0.967
Episode 256 complete | agent_samples=22302 | env_steps=9070 | episode_env_steps=15 | episode_agent_samples=58 | mean_reward=62.485 | success=4/5 | collision=1/5 | mean_final_distance=0.555 | mean_progress=0.0173 | min_laser=0.340 | mean_lin=0.800 | mean_ang=-0.016 | mean_robot_dist=inf | raw_reward=20.000 | adjusted_reward=20.000 | coop_agents=0/5 | mean_coop_neighbors=0.00 | active_neighbor_step_rate=0.931 | mean_active_neighbors_step=2.466 | max_active_neighbors_step=4 | interaction_reward=0.0000 | abs_interaction_reward=0.0000 | anti_stag_reward=0.0000 | abs_anti_stag_reward=0.0000 | wall_clear_reward=0.0000 | abs_wall_clear_reward=0.0000 | local_nav_reward=0.0000 | abs_local_nav_reward=0.0000 | robot_proximity_reward=-0.7466 | abs_robot_proximity_reward=0.7466 | robot_clearance_reward=0.0000 | context_neighbors_mean=2.50 | context_neighbors_max=4 | last_context_neighbors_mean=0.00 | last_context_neighbors_max=0 | actor_unlocked=0 | expl_noise=0.0743 | replay=22302 | interaction_replay=9640 | samples/sec=7.193
Actor gradient gate | passed=0 | safety_samples=156 | linear_positive_share=0.590 | angular_one_sided_share=0.955
Episode 257 complete | agent_samples=22357 | env_steps=9089 | episode_env_steps=19 | episode_agent_samples=55 | mean_reward=61.866 | success=4/5 | collision=1/5 | mean_final_distance=0.423 | mean_progress=0.0078 | min_laser=0.300 | mean_lin=0.658 | mean_ang=-0.195 | mean_robot_dist=inf | raw_reward=20.000 | adjusted_reward=20.000 | coop_agents=0/5 | mean_coop_neighbors=0.00 | active_neighbor_step_rate=0.764 | mean_active_neighbors_step=1.745 | max_active_neighbors_step=4 | interaction_reward=0.0000 | abs_interaction_reward=0.0000 | anti_stag_reward=0.0000 | abs_anti_stag_reward=0.0000 | wall_clear_reward=0.0000 | abs_wall_clear_reward=0.0000 | local_nav_reward=0.0000 | abs_local_nav_reward=0.0000 | robot_proximity_reward=-0.5398 | abs_robot_proximity_reward=0.5398 | robot_clearance_reward=0.0889 | context_neighbors_mean=1.85 | context_neighbors_max=4 | last_context_neighbors_mean=0.00 | last_context_neighbors_max=0 | actor_unlocked=0 | expl_noise=0.0743 | replay=22357 | interaction_replay=9674 | samples/sec=7.201
Actor gradient gate | passed=0 | safety_samples=151 | linear_positive_share=0.437 | angular_one_sided_share=0.993
Episode 258 complete | agent_samples=22415 | env_steps=9111 | episode_env_steps=22 | episode_agent_samples=58 | mean_reward=112.941 | success=5/5 | collision=0/5 | mean_final_distance=0.247 | mean_progress=0.0149 | min_laser=0.404 | mean_lin=1.000 | mean_ang=0.198 | mean_robot_dist=inf | raw_reward=20.000 | adjusted_reward=20.000 | coop_agents=0/5 | mean_coop_neighbors=0.00 | active_neighbor_step_rate=0.793 | mean_active_neighbors_step=1.724 | max_active_neighbors_step=4 | interaction_reward=0.0000 | abs_interaction_reward=0.0000 | anti_stag_reward=0.0000 | abs_anti_stag_reward=0.0000 | wall_clear_reward=0.0000 | abs_wall_clear_reward=0.0000 | local_nav_reward=0.0000 | abs_local_nav_reward=0.0000 | robot_proximity_reward=-0.3681 | abs_robot_proximity_reward=0.3681 | robot_clearance_reward=0.0345 | context_neighbors_mean=1.78 | context_neighbors_max=4 | last_context_neighbors_mean=0.00 | last_context_neighbors_max=0 | actor_unlocked=0 | expl_noise=0.0743 | replay=22415 | interaction_replay=9720 | samples/sec=7.208
Actor gradient gate | passed=0 | safety_samples=166 | linear_positive_share=0.524 | angular_one_sided_share=0.970
Episode 259 complete | agent_samples=22469 | env_steps=9127 | episode_env_steps=16 | episode_agent_samples=54 | mean_reward=102.865 | success=5/5 | collision=0/5 | mean_final_distance=0.252 | mean_progress=0.0036 | min_laser=0.613 | mean_lin=0.976 | mean_ang=-0.167 | mean_robot_dist=inf | raw_reward=20.000 | adjusted_reward=20.000 | coop_agents=0/5 | mean_coop_neighbors=0.00 | active_neighbor_step_rate=0.833 | mean_active_neighbors_step=1.926 | max_active_neighbors_step=4 | interaction_reward=0.0000 | abs_interaction_reward=0.0000 | anti_stag_reward=0.0000 | abs_anti_stag_reward=0.0000 | wall_clear_reward=0.0000 | abs_wall_clear_reward=0.0000 | local_nav_reward=0.0000 | abs_local_nav_reward=0.0000 | robot_proximity_reward=-0.5354 | abs_robot_proximity_reward=0.5354 | robot_clearance_reward=0.0370 | context_neighbors_mean=2.04 | context_neighbors_max=4 | last_context_neighbors_mean=0.00 | last_context_neighbors_max=0 | actor_unlocked=0 | expl_noise=0.0743 | replay=22469 | interaction_replay=9766 | samples/sec=7.217
Actor gradient gate | passed=0 | safety_samples=165 | linear_positive_share=0.521 | angular_one_sided_share=0.982
Episode 260 complete | agent_samples=22558 | env_steps=9171 | episode_env_steps=44 | episode_agent_samples=89 | mean_reward=114.989 | success=5/5 | collision=0/5 | mean_final_distance=0.233 | mean_progress=0.0027 | min_laser=0.443 | mean_lin=0.890 | mean_ang=0.563 | mean_robot_dist=inf | raw_reward=20.000 | adjusted_reward=20.000 | coop_agents=0/5 | mean_coop_neighbors=0.00 | active_neighbor_step_rate=0.506 | mean_active_neighbors_step=1.000 | max_active_neighbors_step=4 | interaction_reward=0.0000 | abs_interaction_reward=0.0000 | anti_stag_reward=0.0000 | abs_anti_stag_reward=0.0000 | wall_clear_reward=0.0000 | abs_wall_clear_reward=0.0000 | local_nav_reward=0.0000 | abs_local_nav_reward=0.0000 | robot_proximity_reward=-0.4052 | abs_robot_proximity_reward=0.4052 | robot_clearance_reward=0.0533 | context_neighbors_mean=1.00 | context_neighbors_max=4 | last_context_neighbors_mean=0.00 | last_context_neighbors_max=0 | actor_unlocked=0 | expl_noise=0.0743 | replay=22558 | interaction_replay=9806 | samples/sec=7.223
Status | epoch=2 | next_eval_in=17442 agent_samples | checkpoint_every=10 episodes | checkpoint=./checkpoints/interaction_focused_actor_from_5d_s20260725_latest.pt | model=interaction_focused_actor_from_5d_s20260725
Checkpoint saved: ./checkpoints/interaction_focused_actor_from_5d_s20260725_latest.pt
Actor gradient gate | passed=0 | safety_samples=157 | linear_positive_share=0.516 | angular_one_sided_share=0.968
Episode 261 complete | agent_samples=22622 | env_steps=9192 | episode_env_steps=21 | episode_agent_samples=64 | mean_reward=25.079 | success=3/5 | collision=2/5 | mean_final_distance=0.437 | mean_progress=0.0031 | min_laser=0.300 | mean_lin=0.924 | mean_ang=0.116 | mean_robot_dist=inf | raw_reward=20.000 | adjusted_reward=20.000 | coop_agents=0/5 | mean_coop_neighbors=0.00 | active_neighbor_step_rate=0.797 | mean_active_neighbors_step=1.719 | max_active_neighbors_step=4 | interaction_reward=0.0000 | abs_interaction_reward=0.0000 | anti_stag_reward=0.0000 | abs_anti_stag_reward=0.0000 | wall_clear_reward=0.0000 | abs_wall_clear_reward=0.0000 | local_nav_reward=0.0000 | abs_local_nav_reward=0.0000 | robot_proximity_reward=-0.7962 | abs_robot_proximity_reward=0.7962 | robot_clearance_reward=0.0403 | context_neighbors_mean=1.78 | context_neighbors_max=4 | last_context_neighbors_mean=0.00 | last_context_neighbors_max=0 | actor_unlocked=0 | expl_noise=0.0743 | replay=22622 | interaction_replay=9846 | samples/sec=7.232
Actor gradient gate | passed=0 | safety_samples=155 | linear_positive_share=0.465 | angular_one_sided_share=0.955
Episode 262 complete | agent_samples=22684 | env_steps=9209 | episode_env_steps=17 | episode_agent_samples=62 | mean_reward=105.931 | success=5/5 | collision=0/5 | mean_final_distance=0.264 | mean_progress=0.0036 | min_laser=0.698 | mean_lin=1.000 | mean_ang=-0.225 | mean_robot_dist=inf | raw_reward=20.000 | adjusted_reward=20.000 | coop_agents=0/5 | mean_coop_neighbors=0.00 | active_neighbor_step_rate=0.839 | mean_active_neighbors_step=2.065 | max_active_neighbors_step=4 | interaction_reward=0.0000 | abs_interaction_reward=0.0000 | anti_stag_reward=0.0000 | abs_anti_stag_reward=0.0000 | wall_clear_reward=0.0000 | abs_wall_clear_reward=0.0000 | local_nav_reward=0.0000 | abs_local_nav_reward=0.0000 | robot_proximity_reward=-0.5140 | abs_robot_proximity_reward=0.5140 | robot_clearance_reward=0.0645 | context_neighbors_mean=2.21 | context_neighbors_max=4 | last_context_neighbors_mean=0.00 | last_context_neighbors_max=0 | actor_unlocked=0 | expl_noise=0.0742 | replay=22684 | interaction_replay=9898 | samples/sec=7.243
Actor gradient gate | passed=0 | safety_samples=153 | linear_positive_share=0.471 | angular_one_sided_share=0.928
Episode 263 complete | agent_samples=22772 | env_steps=9240 | episode_env_steps=31 | episode_agent_samples=88 | mean_reward=113.028 | success=5/5 | collision=0/5 | mean_final_distance=0.252 | mean_progress=0.0123 | min_laser=0.512 | mean_lin=0.800 | mean_ang=-0.601 | mean_robot_dist=inf | raw_reward=20.000 | adjusted_reward=20.000 | coop_agents=0/5 | mean_coop_neighbors=0.00 | active_neighbor_step_rate=0.761 | mean_active_neighbors_step=2.364 | max_active_neighbors_step=4 | interaction_reward=0.0000 | abs_interaction_reward=0.0000 | anti_stag_reward=0.0000 | abs_anti_stag_reward=0.0000 | wall_clear_reward=0.0000 | abs_wall_clear_reward=0.0000 | local_nav_reward=0.0000 | abs_local_nav_reward=0.0000 | robot_proximity_reward=-0.3646 | abs_robot_proximity_reward=0.3646 | robot_clearance_reward=0.0858 | context_neighbors_mean=2.41 | context_neighbors_max=4 | last_context_neighbors_mean=0.00 | last_context_neighbors_max=0 | actor_unlocked=0 | expl_noise=0.0742 | replay=22772 | interaction_replay=9926 | samples/sec=7.255
Actor gradient gate | passed=0 | safety_samples=150 | linear_positive_share=0.520 | angular_one_sided_share=0.953
Episode 264 complete | agent_samples=22844 | env_steps=9270 | episode_env_steps=30 | episode_agent_samples=72 | mean_reward=109.583 | success=5/5 | collision=0/5 | mean_final_distance=0.238 | mean_progress=0.0079 | min_laser=0.446 | mean_lin=0.975 | mean_ang=0.161 | mean_robot_dist=inf | raw_reward=20.000 | adjusted_reward=20.000 | coop_agents=0/5 | mean_coop_neighbors=0.00 | active_neighbor_step_rate=0.597 | mean_active_neighbors_step=1.389 | max_active_neighbors_step=4 | interaction_reward=0.0000 | abs_interaction_reward=0.0000 | anti_stag_reward=0.0000 | abs_anti_stag_reward=0.0000 | wall_clear_reward=0.0000 | abs_wall_clear_reward=0.0000 | local_nav_reward=0.0000 | abs_local_nav_reward=0.0000 | robot_proximity_reward=-0.7537 | abs_robot_proximity_reward=0.7537 | robot_clearance_reward=0.0410 | context_neighbors_mean=1.49 | context_neighbors_max=4 | last_context_neighbors_mean=0.00 | last_context_neighbors_max=0 | actor_unlocked=0 | expl_noise=0.0742 | replay=22844 | interaction_replay=9971 | samples/sec=7.262
Actor gradient gate | passed=0 | safety_samples=155 | linear_positive_share=0.555 | angular_one_sided_share=0.987
Episode 265 complete | agent_samples=22937 | env_steps=9305 | episode_env_steps=35 | episode_agent_samples=93 | mean_reward=22.463 | success=3/5 | collision=2/5 | mean_final_distance=0.512 | mean_progress=0.0107 | min_laser=0.305 | mean_lin=1.000 | mean_ang=0.154 | mean_robot_dist=inf | raw_reward=20.000 | adjusted_reward=20.000 | coop_agents=0/5 | mean_coop_neighbors=0.00 | active_neighbor_step_rate=0.763 | mean_active_neighbors_step=1.710 | max_active_neighbors_step=4 | interaction_reward=0.0000 | abs_interaction_reward=0.0000 | anti_stag_reward=0.0000 | abs_anti_stag_reward=0.0000 | wall_clear_reward=0.0000 | abs_wall_clear_reward=0.0000 | local_nav_reward=0.0000 | abs_local_nav_reward=0.0000 | robot_proximity_reward=-0.6513 | abs_robot_proximity_reward=0.6513 | robot_clearance_reward=0.0442 | context_neighbors_mean=1.73 | context_neighbors_max=4 | last_context_neighbors_mean=0.00 | last_context_neighbors_max=0 | actor_unlocked=0 | expl_noise=0.0742 | replay=22937 | interaction_replay=9996 | samples/sec=7.274
Status | epoch=2 | next_eval_in=17063 agent_samples | checkpoint_every=10 episodes | checkpoint=./checkpoints/interaction_focused_actor_from_5d_s20260725_latest.pt | model=interaction_focused_actor_from_5d_s20260725
Actor gradient gate | passed=0 | safety_samples=151 | linear_positive_share=0.550 | angular_one_sided_share=0.940
Episode 266 complete | agent_samples=23049 | env_steps=9380 | episode_env_steps=75 | episode_agent_samples=112 | mean_reward=13.585 | success=3/5 | collision=2/5 | mean_final_distance=0.482 | mean_progress=0.0038 | min_laser=0.313 | mean_lin=0.998 | mean_ang=-0.014 | mean_robot_dist=inf | raw_reward=20.000 | adjusted_reward=20.000 | coop_agents=0/5 | mean_coop_neighbors=0.00 | active_neighbor_step_rate=0.375 | mean_active_neighbors_step=0.777 | max_active_neighbors_step=4 | interaction_reward=0.0000 | abs_interaction_reward=0.0000 | anti_stag_reward=0.0000 | abs_anti_stag_reward=0.0000 | wall_clear_reward=0.0000 | abs_wall_clear_reward=0.0000 | local_nav_reward=0.0000 | abs_local_nav_reward=0.0000 | robot_proximity_reward=-0.6808 | abs_robot_proximity_reward=0.6808 | robot_clearance_reward=0.0000 | context_neighbors_mean=0.81 | context_neighbors_max=4 | last_context_neighbors_mean=0.00 | last_context_neighbors_max=0 | actor_unlocked=0 | expl_noise=0.0741 | replay=23049 | interaction_replay=10038 | samples/sec=7.272
Actor gradient gate | passed=0 | safety_samples=144 | linear_positive_share=0.403 | angular_one_sided_share=0.965
Episode 267 complete | agent_samples=23110 | env_steps=9395 | episode_env_steps=15 | episode_agent_samples=61 | mean_reward=-13.037 | success=2/5 | collision=3/5 | mean_final_distance=0.718 | mean_progress=-0.0053 | min_laser=0.300 | mean_lin=0.600 | mean_ang=-0.205 | mean_robot_dist=inf | raw_reward=-20.000 | adjusted_reward=-20.000 | coop_agents=0/5 | mean_coop_neighbors=0.00 | active_neighbor_step_rate=0.820 | mean_active_neighbors_step=2.262 | max_active_neighbors_step=4 | interaction_reward=0.0000 | abs_interaction_reward=0.0000 | anti_stag_reward=0.0000 | abs_anti_stag_reward=0.0000 | wall_clear_reward=0.0000 | abs_wall_clear_reward=0.0000 | local_nav_reward=0.0000 | abs_local_nav_reward=0.0000 | robot_proximity_reward=-0.8139 | abs_robot_proximity_reward=0.8139 | robot_clearance_reward=0.0000 | context_neighbors_mean=2.26 | context_neighbors_max=4 | last_context_neighbors_mean=0.00 | last_context_neighbors_max=0 | actor_unlocked=0 | expl_noise=0.0741 | replay=23110 | interaction_replay=10064 | samples/sec=7.283
Actor gradient gate | passed=0 | safety_samples=153 | linear_positive_share=0.458 | angular_one_sided_share=0.941
Episode 268 complete | agent_samples=23156 | env_steps=9408 | episode_env_steps=13 | episode_agent_samples=46 | mean_reward=76.155 | success=4/5 | collision=1/5 | mean_final_distance=0.407 | mean_progress=0.0240 | min_laser=0.300 | mean_lin=0.968 | mean_ang=0.977 | mean_robot_dist=inf | raw_reward=20.000 | adjusted_reward=20.000 | coop_agents=0/5 | mean_coop_neighbors=0.00 | active_neighbor_step_rate=0.804 | mean_active_neighbors_step=1.913 | max_active_neighbors_step=4 | interaction_reward=0.0000 | abs_interaction_reward=0.0000 | anti_stag_reward=0.0000 | abs_anti_stag_reward=0.0000 | wall_clear_reward=0.0000 | abs_wall_clear_reward=0.0000 | local_nav_reward=0.0000 | abs_local_nav_reward=0.0000 | robot_proximity_reward=-0.3416 | abs_robot_proximity_reward=0.3416 | robot_clearance_reward=0.0870 | context_neighbors_mean=2.04 | context_neighbors_max=4 | last_context_neighbors_mean=0.00 | last_context_neighbors_max=0 | actor_unlocked=0 | expl_noise=0.0741 | replay=23156 | interaction_replay=10102 | samples/sec=7.291
Actor gradient gate | passed=0 | safety_samples=153 | linear_positive_share=0.510 | angular_one_sided_share=0.961
Episode 269 complete | agent_samples=23201 | env_steps=9419 | episode_env_steps=11 | episode_agent_samples=45 | mean_reward=16.055 | success=3/5 | collision=2/5 | mean_final_distance=0.355 | mean_progress=0.0028 | min_laser=0.300 | mean_lin=0.777 | mean_ang=-0.998 | mean_robot_dist=inf | raw_reward=-20.000 | adjusted_reward=-20.000 | coop_agents=0/5 | mean_coop_neighbors=0.00 | active_neighbor_step_rate=0.889 | mean_active_neighbors_step=2.067 | max_active_neighbors_step=4 | interaction_reward=0.0000 | abs_interaction_reward=0.0000 | anti_stag_reward=0.0000 | abs_anti_stag_reward=0.0000 | wall_clear_reward=0.0000 | abs_wall_clear_reward=0.0000 | local_nav_reward=0.0000 | abs_local_nav_reward=0.0000 | robot_proximity_reward=-1.3181 | abs_robot_proximity_reward=1.3181 | robot_clearance_reward=0.0000 | context_neighbors_mean=2.18 | context_neighbors_max=4 | last_context_neighbors_mean=0.00 | last_context_neighbors_max=0 | actor_unlocked=0 | expl_noise=0.0741 | replay=23201 | interaction_replay=10142 | samples/sec=7.299
Actor gradient gate | passed=0 | safety_samples=140 | linear_positive_share=0.536 | angular_one_sided_share=0.943
Episode 270 complete | agent_samples=23244 | env_steps=9429 | episode_env_steps=10 | episode_agent_samples=43 | mean_reward=23.082 | success=3/5 | collision=2/5 | mean_final_distance=0.391 | mean_progress=0.0195 | min_laser=0.300 | mean_lin=0.982 | mean_ang=0.244 | mean_robot_dist=inf | raw_reward=-20.000 | adjusted_reward=-20.000 | coop_agents=0/5 | mean_coop_neighbors=0.00 | active_neighbor_step_rate=0.953 | mean_active_neighbors_step=2.465 | max_active_neighbors_step=4 | interaction_reward=0.0000 | abs_interaction_reward=0.0000 | anti_stag_reward=0.0000 | abs_anti_stag_reward=0.0000 | wall_clear_reward=0.0000 | abs_wall_clear_reward=0.0000 | local_nav_reward=0.0000 | abs_local_nav_reward=0.0000 | robot_proximity_reward=-0.8777 | abs_robot_proximity_reward=0.8777 | robot_clearance_reward=0.0000 | context_neighbors_mean=2.56 | context_neighbors_max=4 | last_context_neighbors_mean=0.00 | last_context_neighbors_max=0 | actor_unlocked=0 | expl_noise=0.0741 | replay=23244 | interaction_replay=10184 | samples/sec=7.307
Status | epoch=2 | next_eval_in=16756 agent_samples | checkpoint_every=10 episodes | checkpoint=./checkpoints/interaction_focused_actor_from_5d_s20260725_latest.pt | model=interaction_focused_actor_from_5d_s20260725
Checkpoint saved: ./checkpoints/interaction_focused_actor_from_5d_s20260725_latest.pt
Actor gradient gate | passed=0 | safety_samples=150 | linear_positive_share=0.480 | angular_one_sided_share=0.967
Episode 271 complete | agent_samples=23308 | env_steps=9454 | episode_env_steps=25 | episode_agent_samples=64 | mean_reward=70.487 | success=4/5 | collision=1/5 | mean_final_distance=0.559 | mean_progress=0.0191 | min_laser=0.325 | mean_lin=0.802 | mean_ang=-0.585 | mean_robot_dist=inf | raw_reward=20.000 | adjusted_reward=20.000 | coop_agents=0/5 | mean_coop_neighbors=0.00 | active_neighbor_step_rate=0.516 | mean_active_neighbors_step=0.844 | max_active_neighbors_step=4 | interaction_reward=0.0000 | abs_interaction_reward=0.0000 | anti_stag_reward=0.0000 | abs_anti_stag_reward=0.0000 | wall_clear_reward=0.0000 | abs_wall_clear_reward=0.0000 | local_nav_reward=0.0000 | abs_local_nav_reward=0.0000 | robot_proximity_reward=-0.3361 | abs_robot_proximity_reward=0.3361 | robot_clearance_reward=0.1027 | context_neighbors_mean=0.84 | context_neighbors_max=4 | last_context_neighbors_mean=0.00 | last_context_neighbors_max=0 | actor_unlocked=0 | expl_noise=0.0741 | replay=23308 | interaction_replay=10209 | samples/sec=7.313
Actor gradient gate | passed=0 | safety_samples=159 | linear_positive_share=0.522 | angular_one_sided_share=0.969
Episode 272 complete | agent_samples=23359 | env_steps=9469 | episode_env_steps=15 | episode_agent_samples=51 | mean_reward=100.710 | success=5/5 | collision=0/5 | mean_final_distance=0.256 | mean_progress=0.0054 | min_laser=0.618 | mean_lin=0.893 | mean_ang=0.184 | mean_robot_dist=inf | raw_reward=20.000 | adjusted_reward=20.000 | coop_agents=0/5 | mean_coop_neighbors=0.00 | active_neighbor_step_rate=0.667 | mean_active_neighbors_step=1.706 | max_active_neighbors_step=4 | interaction_reward=0.0000 | abs_interaction_reward=0.0000 | anti_stag_reward=0.0000 | abs_anti_stag_reward=0.0000 | wall_clear_reward=0.0000 | abs_wall_clear_reward=0.0000 | local_nav_reward=0.0000 | abs_local_nav_reward=0.0000 | robot_proximity_reward=-0.5838 | abs_robot_proximity_reward=0.5838 | robot_clearance_reward=0.0559 | context_neighbors_mean=1.78 | context_neighbors_max=4 | last_context_neighbors_mean=0.00 | last_context_neighbors_max=0 | actor_unlocked=0 | expl_noise=0.0741 | replay=23359 | interaction_replay=10238 | samples/sec=7.322
Actor gradient gate | passed=0 | safety_samples=171 | linear_positive_share=0.485 | angular_one_sided_share=0.930
Episode 273 complete | agent_samples=23484 | env_steps=9509 | episode_env_steps=40 | episode_agent_samples=125 | mean_reward=123.200 | success=5/5 | collision=0/5 | mean_final_distance=0.252 | mean_progress=0.0275 | min_laser=0.416 | mean_lin=0.971 | mean_ang=-0.614 | mean_robot_dist=inf | raw_reward=20.000 | adjusted_reward=20.000 | coop_agents=0/5 | mean_coop_neighbors=0.00 | active_neighbor_step_rate=0.688 | mean_active_neighbors_step=1.584 | max_active_neighbors_step=4 | interaction_reward=0.0000 | abs_interaction_reward=0.0000 | anti_stag_reward=0.0000 | abs_anti_stag_reward=0.0000 | wall_clear_reward=0.0000 | abs_wall_clear_reward=0.0000 | local_nav_reward=0.0000 | abs_local_nav_reward=0.0000 | robot_proximity_reward=-0.3740 | abs_robot_proximity_reward=0.3740 | robot_clearance_reward=0.0160 | context_neighbors_mean=1.62 | context_neighbors_max=4 | last_context_neighbors_mean=0.00 | last_context_neighbors_max=0 | actor_unlocked=0 | expl_noise=0.0741 | replay=23484 | interaction_replay=10250 | samples/sec=7.340
Actor gradient gate | passed=0 | safety_samples=150 | linear_positive_share=0.527 | angular_one_sided_share=0.933
Episode 274 complete | agent_samples=23544 | env_steps=9528 | episode_env_steps=19 | episode_agent_samples=60 | mean_reward=114.851 | success=5/5 | collision=0/5 | mean_final_distance=0.252 | mean_progress=0.0206 | min_laser=0.740 | mean_lin=0.935 | mean_ang=-0.602 | mean_robot_dist=inf | raw_reward=20.000 | adjusted_reward=20.000 | coop_agents=0/5 | mean_coop_neighbors=0.00 | active_neighbor_step_rate=0.833 | mean_active_neighbors_step=2.017 | max_active_neighbors_step=4 | interaction_reward=0.0000 | abs_interaction_reward=0.0000 | anti_stag_reward=0.0000 | abs_anti_stag_reward=0.0000 | wall_clear_reward=0.0000 | abs_wall_clear_reward=0.0000 | local_nav_reward=0.0000 | abs_local_nav_reward=0.0000 | robot_proximity_reward=0.0000 | abs_robot_proximity_reward=0.0000 | robot_clearance_reward=0.0000 | context_neighbors_mean=2.08 | context_neighbors_max=4 | last_context_neighbors_mean=0.00 | last_context_neighbors_max=0 | actor_unlocked=0 | expl_noise=0.0740 | replay=23544 | interaction_replay=10270 | samples/sec=7.349
Actor gradient gate | passed=0 | safety_samples=143 | linear_positive_share=0.503 | angular_one_sided_share=0.958
Episode 275 complete | agent_samples=23670 | env_steps=9593 | episode_env_steps=65 | episode_agent_samples=126 | mean_reward=107.868 | success=5/5 | collision=0/5 | mean_final_distance=0.268 | mean_progress=0.0145 | min_laser=0.409 | mean_lin=0.997 | mean_ang=0.136 | mean_robot_dist=inf | raw_reward=20.000 | adjusted_reward=20.000 | coop_agents=0/5 | mean_coop_neighbors=0.00 | active_neighbor_step_rate=0.476 | mean_active_neighbors_step=1.127 | max_active_neighbors_step=4 | interaction_reward=0.0000 | abs_interaction_reward=0.0000 | anti_stag_reward=0.0000 | abs_anti_stag_reward=0.0000 | wall_clear_reward=0.0000 | abs_wall_clear_reward=0.0000 | local_nav_reward=0.0000 | abs_local_nav_reward=0.0000 | robot_proximity_reward=-0.3028 | abs_robot_proximity_reward=0.3028 | robot_clearance_reward=0.0099 | context_neighbors_mean=1.17 | context_neighbors_max=4 | last_context_neighbors_mean=0.00 | last_context_neighbors_max=0 | actor_unlocked=0 | expl_noise=0.0740 | replay=23670 | interaction_replay=10310 | samples/sec=7.356
Status | epoch=2 | next_eval_in=16330 agent_samples | checkpoint_every=10 episodes | checkpoint=./checkpoints/interaction_focused_actor_from_5d_s20260725_latest.pt | model=interaction_focused_actor_from_5d_s20260725
Actor gradient gate | passed=0 | safety_samples=157 | linear_positive_share=0.535 | angular_one_sided_share=0.930
Episode 276 complete | agent_samples=23787 | env_steps=9645 | episode_env_steps=52 | episode_agent_samples=117 | mean_reward=-16.347 | success=2/5 | collision=3/5 | mean_final_distance=0.465 | mean_progress=0.0144 | min_laser=0.300 | mean_lin=0.803 | mean_ang=-0.611 | mean_robot_dist=inf | raw_reward=20.000 | adjusted_reward=20.000 | coop_agents=0/5 | mean_coop_neighbors=0.00 | active_neighbor_step_rate=0.427 | mean_active_neighbors_step=1.162 | max_active_neighbors_step=4 | interaction_reward=0.0000 | abs_interaction_reward=0.0000 | anti_stag_reward=0.0000 | abs_anti_stag_reward=0.0000 | wall_clear_reward=0.0000 | abs_wall_clear_reward=0.0000 | local_nav_reward=0.0000 | abs_local_nav_reward=0.0000 | robot_proximity_reward=-0.6826 | abs_robot_proximity_reward=0.6826 | robot_clearance_reward=0.0171 | context_neighbors_mean=1.20 | context_neighbors_max=4 | last_context_neighbors_mean=0.00 | last_context_neighbors_max=0 | actor_unlocked=0 | expl_noise=0.0740 | replay=23787 | interaction_replay=10362 | samples/sec=7.366
Actor gradient gate | passed=0 | safety_samples=169 | linear_positive_share=0.586 | angular_one_sided_share=0.929
Episode 277 complete | agent_samples=23867 | env_steps=9691 | episode_env_steps=46 | episode_agent_samples=80 | mean_reward=20.209 | success=3/5 | collision=2/5 | mean_final_distance=0.687 | mean_progress=0.0118 | min_laser=0.300 | mean_lin=0.600 | mean_ang=-0.985 | mean_robot_dist=inf | raw_reward=20.000 | adjusted_reward=20.000 | coop_agents=0/5 | mean_coop_neighbors=0.00 | active_neighbor_step_rate=0.525 | mean_active_neighbors_step=1.500 | max_active_neighbors_step=4 | interaction_reward=0.0000 | abs_interaction_reward=0.0000 | anti_stag_reward=0.0000 | abs_anti_stag_reward=0.0000 | wall_clear_reward=0.0000 | abs_wall_clear_reward=0.0000 | local_nav_reward=0.0000 | abs_local_nav_reward=0.0000 | robot_proximity_reward=-0.3421 | abs_robot_proximity_reward=0.3421 | robot_clearance_reward=0.0000 | context_neighbors_mean=1.52 | context_neighbors_max=4 | last_context_neighbors_mean=0.00 | last_context_neighbors_max=0 | actor_unlocked=0 | expl_noise=0.0739 | replay=23867 | interaction_replay=10387 | samples/sec=7.368
Actor gradient gate | passed=0 | safety_samples=153 | linear_positive_share=0.484 | angular_one_sided_share=0.948
Episode 278 complete | agent_samples=23974 | env_steps=9732 | episode_env_steps=41 | episode_agent_samples=107 | mean_reward=116.460 | success=5/5 | collision=0/5 | mean_final_distance=0.256 | mean_progress=0.0108 | min_laser=0.429 | mean_lin=0.799 | mean_ang=-0.600 | mean_robot_dist=inf | raw_reward=20.000 | adjusted_reward=20.000 | coop_agents=0/5 | mean_coop_neighbors=0.00 | active_neighbor_step_rate=0.542 | mean_active_neighbors_step=1.411 | max_active_neighbors_step=4 | interaction_reward=0.0000 | abs_interaction_reward=0.0000 | anti_stag_reward=0.0000 | abs_anti_stag_reward=0.0000 | wall_clear_reward=0.0000 | abs_wall_clear_reward=0.0000 | local_nav_reward=0.0000 | abs_local_nav_reward=0.0000 | robot_proximity_reward=-0.4341 | abs_robot_proximity_reward=0.4341 | robot_clearance_reward=0.0187 | context_neighbors_mean=1.45 | context_neighbors_max=4 | last_context_neighbors_mean=0.00 | last_context_neighbors_max=0 | actor_unlocked=0 | expl_noise=0.0739 | replay=23974 | interaction_replay=10399 | samples/sec=7.380
Actor gradient gate | passed=0 | safety_samples=144 | linear_positive_share=0.451 | angular_one_sided_share=0.965
Episode 279 complete | agent_samples=24026 | env_steps=9749 | episode_env_steps=17 | episode_agent_samples=52 | mean_reward=-17.688 | success=2/5 | collision=3/5 | mean_final_distance=0.871 | mean_progress=0.0111 | min_laser=0.300 | mean_lin=0.722 | mean_ang=-0.064 | mean_robot_dist=inf | raw_reward=20.000 | adjusted_reward=20.000 | coop_agents=0/5 | mean_coop_neighbors=0.00 | active_neighbor_step_rate=0.750 | mean_active_neighbors_step=1.808 | max_active_neighbors_step=4 | interaction_reward=0.0000 | abs_interaction_reward=0.0000 | anti_stag_reward=0.0000 | abs_anti_stag_reward=0.0000 | wall_clear_reward=0.0000 | abs_wall_clear_reward=0.0000 | local_nav_reward=0.0000 | abs_local_nav_reward=0.0000 | robot_proximity_reward=-1.1301 | abs_robot_proximity_reward=1.1301 | robot_clearance_reward=0.0000 | context_neighbors_mean=1.87 | context_neighbors_max=4 | last_context_neighbors_mean=0.00 | last_context_neighbors_max=0 | actor_unlocked=0 | expl_noise=0.0739 | replay=24026 | interaction_replay=10439 | samples/sec=7.388
Actor gradient gate | passed=0 | safety_samples=167 | linear_positive_share=0.497 | angular_one_sided_share=0.958
Episode 280 complete | agent_samples=24071 | env_steps=9764 | episode_env_steps=15 | episode_agent_samples=45 | mean_reward=11.327 | success=3/5 | collision=2/5 | mean_final_distance=0.589 | mean_progress=0.0069 | min_laser=0.300 | mean_lin=0.999 | mean_ang=0.543 | mean_robot_dist=inf | raw_reward=20.000 | adjusted_reward=20.000 | coop_agents=0/5 | mean_coop_neighbors=0.00 | active_neighbor_step_rate=0.800 | mean_active_neighbors_step=2.200 | max_active_neighbors_step=4 | interaction_reward=0.0000 | abs_interaction_reward=0.0000 | anti_stag_reward=0.0000 | abs_anti_stag_reward=0.0000 | wall_clear_reward=0.0000 | abs_wall_clear_reward=0.0000 | local_nav_reward=0.0000 | abs_local_nav_reward=0.0000 | robot_proximity_reward=-1.2297 | abs_robot_proximity_reward=1.2297 | robot_clearance_reward=0.0000 | context_neighbors_mean=2.31 | context_neighbors_max=4 | last_context_neighbors_mean=0.00 | last_context_neighbors_max=0 | actor_unlocked=0 | expl_noise=0.0739 | replay=24071 | interaction_replay=10472 | samples/sec=7.394
Status | epoch=2 | next_eval_in=15929 agent_samples | checkpoint_every=10 episodes | checkpoint=./checkpoints/interaction_focused_actor_from_5d_s20260725_latest.pt | model=interaction_focused_actor_from_5d_s20260725
Checkpoint saved: ./checkpoints/interaction_focused_actor_from_5d_s20260725_latest.pt
Actor gradient gate | passed=0 | safety_samples=155 | linear_positive_share=0.400 | angular_one_sided_share=0.942
Episode 281 complete | agent_samples=24176 | env_steps=9814 | episode_env_steps=50 | episode_agent_samples=105 | mean_reward=123.361 | success=5/5 | collision=0/5 | mean_final_distance=0.279 | mean_progress=0.0022 | min_laser=0.417 | mean_lin=0.847 | mean_ang=0.585 | mean_robot_dist=inf | raw_reward=20.000 | adjusted_reward=20.000 | coop_agents=0/5 | mean_coop_neighbors=0.00 | active_neighbor_step_rate=0.505 | mean_active_neighbors_step=1.276 | max_active_neighbors_step=4 | interaction_reward=0.0000 | abs_interaction_reward=0.0000 | anti_stag_reward=0.0000 | abs_anti_stag_reward=0.0000 | wall_clear_reward=0.0000 | abs_wall_clear_reward=0.0000 | local_nav_reward=0.0000 | abs_local_nav_reward=0.0000 | robot_proximity_reward=-0.0158 | abs_robot_proximity_reward=0.0158 | robot_clearance_reward=0.0190 | context_neighbors_mean=1.32 | context_neighbors_max=4 | last_context_neighbors_mean=0.00 | last_context_neighbors_max=0 | actor_unlocked=0 | expl_noise=0.0739 | replay=24176 | interaction_replay=10511 | samples/sec=7.400
Actor gradient gate | passed=0 | safety_samples=150 | linear_positive_share=0.527 | angular_one_sided_share=0.927
Episode 282 complete | agent_samples=24245 | env_steps=9843 | episode_env_steps=29 | episode_agent_samples=69 | mean_reward=22.878 | success=3/5 | collision=2/5 | mean_final_distance=0.347 | mean_progress=0.0135 | min_laser=0.300 | mean_lin=0.803 | mean_ang=-0.600 | mean_robot_dist=inf | raw_reward=20.000 | adjusted_reward=20.000 | coop_agents=0/5 | mean_coop_neighbors=0.00 | active_neighbor_step_rate=0.652 | mean_active_neighbors_step=1.768 | max_active_neighbors_step=4 | interaction_reward=0.0000 | abs_interaction_reward=0.0000 | anti_stag_reward=0.0000 | abs_anti_stag_reward=0.0000 | wall_clear_reward=0.0000 | abs_wall_clear_reward=0.0000 | local_nav_reward=0.0000 | abs_local_nav_reward=0.0000 | robot_proximity_reward=-0.4551 | abs_robot_proximity_reward=0.4551 | robot_clearance_reward=0.0290 | context_neighbors_mean=1.86 | context_neighbors_max=4 | last_context_neighbors_mean=0.00 | last_context_neighbors_max=0 | actor_unlocked=0 | expl_noise=0.0738 | replay=24245 | interaction_replay=10552 | samples/sec=7.407
Actor gradient gate | passed=1 | safety_samples=158 | linear_positive_share=0.437 | angular_one_sided_share=0.899
Episode 283 complete | agent_samples=24337 | env_steps=9886 | episode_env_steps=43 | episode_agent_samples=92 | mean_reward=21.497 | success=3/5 | collision=2/5 | mean_final_distance=0.655 | mean_progress=0.0011 | min_laser=0.309 | mean_lin=0.818 | mean_ang=0.490 | mean_robot_dist=inf | raw_reward=20.000 | adjusted_reward=20.000 | coop_agents=0/5 | mean_coop_neighbors=0.00 | active_neighbor_step_rate=0.554 | mean_active_neighbors_step=1.815 | max_active_neighbors_step=4 | interaction_reward=0.0000 | abs_interaction_reward=0.0000 | anti_stag_reward=0.0000 | abs_anti_stag_reward=0.0000 | wall_clear_reward=0.0000 | abs_wall_clear_reward=0.0000 | local_nav_reward=0.0000 | abs_local_nav_reward=0.0000 | robot_proximity_reward=-1.0752 | abs_robot_proximity_reward=1.0752 | robot_clearance_reward=0.0217 | context_neighbors_mean=1.90 | context_neighbors_max=4 | last_context_neighbors_mean=0.00 | last_context_neighbors_max=0 | actor_unlocked=1 | expl_noise=0.0738 | replay=24337 | interaction_replay=10605 | samples/sec=7.413
Actor gradient gate | passed=1 | safety_samples=156 | linear_positive_share=0.391 | angular_one_sided_share=0.878
Episode 284 complete | agent_samples=24429 | env_steps=9920 | episode_env_steps=34 | episode_agent_samples=92 | mean_reward=110.220 | success=5/5 | collision=0/5 | mean_final_distance=0.248 | mean_progress=0.0191 | min_laser=0.406 | mean_lin=0.989 | mean_ang=-0.399 | mean_robot_dist=inf | raw_reward=20.000 | adjusted_reward=20.000 | coop_agents=0/5 | mean_coop_neighbors=0.00 | active_neighbor_step_rate=0.500 | mean_active_neighbors_step=0.859 | max_active_neighbors_step=4 | interaction_reward=0.0000 | abs_interaction_reward=0.0000 | anti_stag_reward=0.0000 | abs_anti_stag_reward=0.0000 | wall_clear_reward=0.0000 | abs_wall_clear_reward=0.0000 | local_nav_reward=0.0000 | abs_local_nav_reward=0.0000 | robot_proximity_reward=-0.2935 | abs_robot_proximity_reward=0.2935 | robot_clearance_reward=0.0337 | context_neighbors_mean=0.90 | context_neighbors_max=4 | last_context_neighbors_mean=0.00 | last_context_neighbors_max=0 | actor_unlocked=1 | expl_noise=0.0738 | replay=24429 | interaction_replay=10634 | samples/sec=7.425
Actor gradient gate | passed=1 | safety_samples=158 | linear_positive_share=0.380 | angular_one_sided_share=0.867
Episode 285 complete | agent_samples=24530 | env_steps=9960 | episode_env_steps=40 | episode_agent_samples=101 | mean_reward=116.866 | success=5/5 | collision=0/5 | mean_final_distance=0.265 | mean_progress=0.0087 | min_laser=0.416 | mean_lin=0.988 | mean_ang=-0.329 | mean_robot_dist=inf | raw_reward=20.000 | adjusted_reward=20.000 | coop_agents=0/5 | mean_coop_neighbors=0.00 | active_neighbor_step_rate=0.505 | mean_active_neighbors_step=1.297 | max_active_neighbors_step=4 | interaction_reward=0.0000 | abs_interaction_reward=0.0000 | anti_stag_reward=0.0000 | abs_anti_stag_reward=0.0000 | wall_clear_reward=0.0000 | abs_wall_clear_reward=0.0000 | local_nav_reward=0.0000 | abs_local_nav_reward=0.0000 | robot_proximity_reward=-0.4307 | abs_robot_proximity_reward=0.4307 | robot_clearance_reward=0.0517 | context_neighbors_mean=1.38 | context_neighbors_max=4 | last_context_neighbors_mean=0.00 | last_context_neighbors_max=0 | actor_unlocked=1 | expl_noise=0.0738 | replay=24530 | interaction_replay=10668 | samples/sec=7.435
Status | epoch=2 | next_eval_in=15470 agent_samples | checkpoint_every=10 episodes | checkpoint=./checkpoints/interaction_focused_actor_from_5d_s20260725_latest.pt | model=interaction_focused_actor_from_5d_s20260725
Actor gradient gate | passed=0 | safety_samples=153 | linear_positive_share=0.458 | angular_one_sided_share=0.948
Episode 286 complete | agent_samples=24599 | env_steps=9988 | episode_env_steps=28 | episode_agent_samples=69 | mean_reward=63.086 | success=4/5 | collision=1/5 | mean_final_distance=0.514 | mean_progress=0.0148 | min_laser=0.302 | mean_lin=0.995 | mean_ang=-0.480 | mean_robot_dist=inf | raw_reward=20.000 | adjusted_reward=20.000 | coop_agents=0/5 | mean_coop_neighbors=0.00 | active_neighbor_step_rate=0.725 | mean_active_neighbors_step=2.145 | max_active_neighbors_step=4 | interaction_reward=0.0000 | abs_interaction_reward=0.0000 | anti_stag_reward=0.0000 | abs_anti_stag_reward=0.0000 | wall_clear_reward=0.0000 | abs_wall_clear_reward=0.0000 | local_nav_reward=0.0000 | abs_local_nav_reward=0.0000 | robot_proximity_reward=-0.5612 | abs_robot_proximity_reward=0.5612 | robot_clearance_reward=0.0290 | context_neighbors_mean=2.17 | context_neighbors_max=4 | last_context_neighbors_mean=0.00 | last_context_neighbors_max=0 | actor_unlocked=0 | expl_noise=0.0738 | replay=24599 | interaction_replay=10690 | samples/sec=7.442
Actor gradient gate | passed=0 | safety_samples=170 | linear_positive_share=0.506 | angular_one_sided_share=0.929
Episode 287 complete | agent_samples=24731 | env_steps=10030 | episode_env_steps=42 | episode_agent_samples=132 | mean_reward=121.116 | success=5/5 | collision=0/5 | mean_final_distance=0.269 | mean_progress=0.0144 | min_laser=0.414 | mean_lin=0.800 | mean_ang=0.563 | mean_robot_dist=inf | raw_reward=20.000 | adjusted_reward=20.000 | coop_agents=0/5 | mean_coop_neighbors=0.00 | active_neighbor_step_rate=0.720 | mean_active_neighbors_step=1.727 | max_active_neighbors_step=4 | interaction_reward=0.0000 | abs_interaction_reward=0.0000 | anti_stag_reward=0.0000 | abs_anti_stag_reward=0.0000 | wall_clear_reward=0.0000 | abs_wall_clear_reward=0.0000 | local_nav_reward=0.0000 | abs_local_nav_reward=0.0000 | robot_proximity_reward=-0.2076 | abs_robot_proximity_reward=0.2076 | robot_clearance_reward=0.0303 | context_neighbors_mean=1.77 | context_neighbors_max=4 | last_context_neighbors_mean=0.00 | last_context_neighbors_max=0 | actor_unlocked=0 | expl_noise=0.0737 | replay=24731 | interaction_replay=10725 | samples/sec=7.462
Actor gradient gate | passed=0 | safety_samples=143 | linear_positive_share=0.462 | angular_one_sided_share=0.923
Episode 288 complete | agent_samples=24782 | env_steps=10045 | episode_env_steps=15 | episode_agent_samples=51 | mean_reward=30.034 | success=3/5 | collision=2/5 | mean_final_distance=0.579 | mean_progress=0.0072 | min_laser=0.300 | mean_lin=0.767 | mean_ang=-0.167 | mean_robot_dist=inf | raw_reward=20.000 | adjusted_reward=20.000 | coop_agents=0/5 | mean_coop_neighbors=0.00 | active_neighbor_step_rate=0.725 | mean_active_neighbors_step=1.980 | max_active_neighbors_step=4 | interaction_reward=0.0000 | abs_interaction_reward=0.0000 | anti_stag_reward=0.0000 | abs_anti_stag_reward=0.0000 | wall_clear_reward=0.0000 | abs_wall_clear_reward=0.0000 | local_nav_reward=0.0000 | abs_local_nav_reward=0.0000 | robot_proximity_reward=-1.1329 | abs_robot_proximity_reward=1.1329 | robot_clearance_reward=0.0232 | context_neighbors_mean=2.10 | context_neighbors_max=4 | last_context_neighbors_mean=0.00 | last_context_neighbors_max=0 | actor_unlocked=0 | expl_noise=0.0737 | replay=24782 | interaction_replay=10763 | samples/sec=7.469
Actor gradient gate | passed=0 | safety_samples=176 | linear_positive_share=0.432 | angular_one_sided_share=0.903
Episode 289 complete | agent_samples=24836 | env_steps=10063 | episode_env_steps=18 | episode_agent_samples=54 | mean_reward=30.977 | success=3/5 | collision=2/5 | mean_final_distance=0.902 | mean_progress=0.0217 | min_laser=0.301 | mean_lin=0.609 | mean_ang=-0.472 | mean_robot_dist=inf | raw_reward=20.000 | adjusted_reward=20.000 | coop_agents=0/5 | mean_coop_neighbors=0.00 | active_neighbor_step_rate=0.537 | mean_active_neighbors_step=1.296 | max_active_neighbors_step=4 | interaction_reward=0.0000 | abs_interaction_reward=0.0000 | anti_stag_reward=0.0000 | abs_anti_stag_reward=0.0000 | wall_clear_reward=0.0000 | abs_wall_clear_reward=0.0000 | local_nav_reward=0.0000 | abs_local_nav_reward=0.0000 | robot_proximity_reward=-0.6130 | abs_robot_proximity_reward=0.6130 | robot_clearance_reward=0.0000 | context_neighbors_mean=1.31 | context_neighbors_max=4 | last_context_neighbors_mean=0.00 | last_context_neighbors_max=0 | actor_unlocked=0 | expl_noise=0.0737 | replay=24836 | interaction_replay=10784 | samples/sec=7.477
Actor gradient gate | passed=0 | safety_samples=170 | linear_positive_share=0.424 | angular_one_sided_share=0.900
Episode 290 complete | agent_samples=24905 | env_steps=10082 | episode_env_steps=19 | episode_agent_samples=69 | mean_reward=28.304 | success=3/5 | collision=2/5 | mean_final_distance=0.624 | mean_progress=0.0064 | min_laser=0.313 | mean_lin=0.994 | mean_ang=0.135 | mean_robot_dist=inf | raw_reward=20.000 | adjusted_reward=20.000 | coop_agents=0/5 | mean_coop_neighbors=0.00 | active_neighbor_step_rate=0.797 | mean_active_neighbors_step=1.812 | max_active_neighbors_step=4 | interaction_reward=0.0000 | abs_interaction_reward=0.0000 | anti_stag_reward=0.0000 | abs_anti_stag_reward=0.0000 | wall_clear_reward=0.0000 | abs_wall_clear_reward=0.0000 | local_nav_reward=0.0000 | abs_local_nav_reward=0.0000 | robot_proximity_reward=-0.7396 | abs_robot_proximity_reward=0.7396 | robot_clearance_reward=0.0000 | context_neighbors_mean=1.80 | context_neighbors_max=4 | last_context_neighbors_mean=0.00 | last_context_neighbors_max=0 | actor_unlocked=0 | expl_noise=0.0737 | replay=24905 | interaction_replay=10806 | samples/sec=7.488
Status | epoch=2 | next_eval_in=15095 agent_samples | checkpoint_every=10 episodes | checkpoint=./checkpoints/interaction_focused_actor_from_5d_s20260725_latest.pt | model=interaction_focused_actor_from_5d_s20260725
Checkpoint saved: ./checkpoints/interaction_focused_actor_from_5d_s20260725_latest.pt
Actor gradient gate | passed=1 | safety_samples=133 | linear_positive_share=0.429 | angular_one_sided_share=0.865
Episode 291 complete | agent_samples=25071 | env_steps=10211 | episode_env_steps=129 | episode_agent_samples=166 | mean_reward=103.696 | success=5/5 | collision=0/5 | mean_final_distance=0.264 | mean_progress=0.0025 | min_laser=0.623 | mean_lin=1.000 | mean_ang=-0.599 | mean_robot_dist=inf | raw_reward=20.000 | adjusted_reward=20.000 | coop_agents=0/5 | mean_coop_neighbors=0.00 | active_neighbor_step_rate=0.229 | mean_active_neighbors_step=0.554 | max_active_neighbors_step=4 | interaction_reward=0.0000 | abs_interaction_reward=0.0000 | anti_stag_reward=0.0000 | abs_anti_stag_reward=0.0000 | wall_clear_reward=0.0000 | abs_wall_clear_reward=0.0000 | local_nav_reward=0.0000 | abs_local_nav_reward=0.0000 | robot_proximity_reward=-0.1398 | abs_robot_proximity_reward=0.1398 | robot_clearance_reward=0.0120 | context_neighbors_mean=0.58 | context_neighbors_max=4 | last_context_neighbors_mean=0.00 | last_context_neighbors_max=0 | actor_unlocked=1 | expl_noise=0.0736 | replay=25071 | interaction_replay=10827 | samples/sec=7.474
Actor gradient gate | passed=1 | safety_samples=167 | linear_positive_share=0.443 | angular_one_sided_share=0.898
Episode 292 complete | agent_samples=25129 | env_steps=10230 | episode_env_steps=19 | episode_agent_samples=58 | mean_reward=72.614 | success=4/5 | collision=1/5 | mean_final_distance=0.478 | mean_progress=0.0182 | min_laser=0.328 | mean_lin=0.795 | mean_ang=0.193 | mean_robot_dist=inf | raw_reward=20.000 | adjusted_reward=20.000 | coop_agents=0/5 | mean_coop_neighbors=0.00 | active_neighbor_step_rate=0.810 | mean_active_neighbors_step=2.052 | max_active_neighbors_step=4 | interaction_reward=0.0000 | abs_interaction_reward=0.0000 | anti_stag_reward=0.0000 | abs_anti_stag_reward=0.0000 | wall_clear_reward=0.0000 | abs_wall_clear_reward=0.0000 | local_nav_reward=0.0000 | abs_local_nav_reward=0.0000 | robot_proximity_reward=-0.7085 | abs_robot_proximity_reward=0.7085 | robot_clearance_reward=0.0690 | context_neighbors_mean=2.09 | context_neighbors_max=4 | last_context_neighbors_mean=0.00 | last_context_neighbors_max=0 | actor_unlocked=1 | expl_noise=0.0736 | replay=25129 | interaction_replay=10874 | samples/sec=7.481
Actor gradient gate | passed=1 | safety_samples=161 | linear_positive_share=0.516 | angular_one_sided_share=0.839
Episode 293 complete | agent_samples=25202 | env_steps=10267 | episode_env_steps=37 | episode_agent_samples=73 | mean_reward=20.833 | success=3/5 | collision=2/5 | mean_final_distance=0.429 | mean_progress=0.0112 | min_laser=0.300 | mean_lin=0.615 | mean_ang=0.207 | mean_robot_dist=inf | raw_reward=20.000 | adjusted_reward=20.000 | coop_agents=0/5 | mean_coop_neighbors=0.00 | active_neighbor_step_rate=0.644 | mean_active_neighbors_step=1.425 | max_active_neighbors_step=4 | interaction_reward=0.0000 | abs_interaction_reward=0.0000 | anti_stag_reward=0.0000 | abs_anti_stag_reward=0.0000 | wall_clear_reward=0.0000 | abs_wall_clear_reward=0.0000 | local_nav_reward=0.0000 | abs_local_nav_reward=0.0000 | robot_proximity_reward=-0.3378 | abs_robot_proximity_reward=0.3378 | robot_clearance_reward=0.0000 | context_neighbors_mean=1.44 | context_neighbors_max=4 | last_context_neighbors_mean=0.00 | last_context_neighbors_max=0 | actor_unlocked=1 | expl_noise=0.0736 | replay=25202 | interaction_replay=10899 | samples/sec=7.485
Actor gradient gate | passed=1 | safety_samples=161 | linear_positive_share=0.503 | angular_one_sided_share=0.894
Episode 294 complete | agent_samples=25311 | env_steps=10326 | episode_env_steps=59 | episode_agent_samples=109 | mean_reward=123.347 | success=5/5 | collision=0/5 | mean_final_distance=0.280 | mean_progress=0.0094 | min_laser=0.364 | mean_lin=1.000 | mean_ang=-0.160 | mean_robot_dist=inf | raw_reward=20.000 | adjusted_reward=20.000 | coop_agents=0/5 | mean_coop_neighbors=0.00 | active_neighbor_step_rate=0.312 | mean_active_neighbors_step=0.596 | max_active_neighbors_step=4 | interaction_reward=0.0000 | abs_interaction_reward=0.0000 | anti_stag_reward=0.0000 | abs_anti_stag_reward=0.0000 | wall_clear_reward=0.0000 | abs_wall_clear_reward=0.0000 | local_nav_reward=0.0000 | abs_local_nav_reward=0.0000 | robot_proximity_reward=0.0000 | abs_robot_proximity_reward=0.0000 | robot_clearance_reward=0.0000 | context_neighbors_mean=0.60 | context_neighbors_max=4 | last_context_neighbors_mean=0.00 | last_context_neighbors_max=0 | actor_unlocked=1 | expl_noise=0.0735 | replay=25311 | interaction_replay=10906 | samples/sec=7.489
Actor gradient gate | passed=1 | safety_samples=177 | linear_positive_share=0.435 | angular_one_sided_share=0.870
Episode 295 complete | agent_samples=25375 | env_steps=10344 | episode_env_steps=18 | episode_agent_samples=64 | mean_reward=118.581 | success=5/5 | collision=0/5 | mean_final_distance=0.241 | mean_progress=0.0449 | min_laser=0.447 | mean_lin=0.997 | mean_ang=0.426 | mean_robot_dist=inf | raw_reward=40.000 | adjusted_reward=40.000 | coop_agents=0/5 | mean_coop_neighbors=0.00 | active_neighbor_step_rate=0.750 | mean_active_neighbors_step=1.750 | max_active_neighbors_step=4 | interaction_reward=0.0000 | abs_interaction_reward=0.0000 | anti_stag_reward=0.0000 | abs_anti_stag_reward=0.0000 | wall_clear_reward=0.0000 | abs_wall_clear_reward=0.0000 | local_nav_reward=0.0000 | abs_local_nav_reward=0.0000 | robot_proximity_reward=-0.4351 | abs_robot_proximity_reward=0.4351 | robot_clearance_reward=0.0312 | context_neighbors_mean=1.80 | context_neighbors_max=4 | last_context_neighbors_mean=0.00 | last_context_neighbors_max=0 | actor_unlocked=1 | expl_noise=0.0735 | replay=25375 | interaction_replay=10951 | samples/sec=7.499
Status | epoch=2 | next_eval_in=14625 agent_samples | checkpoint_every=10 episodes | checkpoint=./checkpoints/interaction_focused_actor_from_5d_s20260725_latest.pt | model=interaction_focused_actor_from_5d_s20260725
Actor gradient gate | passed=1 | safety_samples=147 | linear_positive_share=0.531 | angular_one_sided_share=0.898
Episode 296 complete | agent_samples=25463 | env_steps=10379 | episode_env_steps=35 | episode_agent_samples=88 | mean_reward=23.976 | success=3/5 | collision=2/5 | mean_final_distance=0.430 | mean_progress=0.0022 | min_laser=0.305 | mean_lin=0.614 | mean_ang=-0.332 | mean_robot_dist=inf | raw_reward=20.000 | adjusted_reward=20.000 | coop_agents=0/5 | mean_coop_neighbors=0.00 | active_neighbor_step_rate=0.602 | mean_active_neighbors_step=1.841 | max_active_neighbors_step=4 | interaction_reward=0.0000 | abs_interaction_reward=0.0000 | anti_stag_reward=0.0000 | abs_anti_stag_reward=0.0000 | wall_clear_reward=0.0000 | abs_wall_clear_reward=0.0000 | local_nav_reward=0.0000 | abs_local_nav_reward=0.0000 | robot_proximity_reward=-0.7207 | abs_robot_proximity_reward=0.7207 | robot_clearance_reward=0.0000 | context_neighbors_mean=1.85 | context_neighbors_max=4 | last_context_neighbors_mean=0.00 | last_context_neighbors_max=0 | actor_unlocked=1 | expl_noise=0.0735 | replay=25463 | interaction_replay=10978 | samples/sec=7.508
Actor gradient gate | passed=1 | safety_samples=165 | linear_positive_share=0.479 | angular_one_sided_share=0.873
Episode 297 complete | agent_samples=25521 | env_steps=10405 | episode_env_steps=26 | episode_agent_samples=58 | mean_reward=52.502 | success=4/5 | collision=1/5 | mean_final_distance=0.566 | mean_progress=0.0133 | min_laser=0.313 | mean_lin=0.797 | mean_ang=0.200 | mean_robot_dist=inf | raw_reward=20.000 | adjusted_reward=20.000 | coop_agents=0/5 | mean_coop_neighbors=0.00 | active_neighbor_step_rate=0.603 | mean_active_neighbors_step=1.155 | max_active_neighbors_step=4 | interaction_reward=0.0000 | abs_interaction_reward=0.0000 | anti_stag_reward=0.0000 | abs_anti_stag_reward=0.0000 | wall_clear_reward=0.0000 | abs_wall_clear_reward=0.0000 | local_nav_reward=0.0000 | abs_local_nav_reward=0.0000 | robot_proximity_reward=-0.6589 | abs_robot_proximity_reward=0.6589 | robot_clearance_reward=0.0000 | context_neighbors_mean=1.22 | context_neighbors_max=4 | last_context_neighbors_mean=0.00 | last_context_neighbors_max=0 | actor_unlocked=1 | expl_noise=0.0735 | replay=25521 | interaction_replay=11011 | samples/sec=7.512
Actor gradient gate | passed=1 | safety_samples=164 | linear_positive_share=0.421 | angular_one_sided_share=0.799
Episode 298 complete | agent_samples=25566 | env_steps=10416 | episode_env_steps=11 | episode_agent_samples=45 | mean_reward=20.599 | success=3/5 | collision=2/5 | mean_final_distance=0.622 | mean_progress=0.0051 | min_laser=0.303 | mean_lin=0.797 | mean_ang=0.587 | mean_robot_dist=inf | raw_reward=-20.000 | adjusted_reward=-20.000 | coop_agents=0/5 | mean_coop_neighbors=0.00 | active_neighbor_step_rate=0.822 | mean_active_neighbors_step=2.111 | max_active_neighbors_step=4 | interaction_reward=0.0000 | abs_interaction_reward=0.0000 | anti_stag_reward=0.0000 | abs_anti_stag_reward=0.0000 | wall_clear_reward=0.0000 | abs_wall_clear_reward=0.0000 | local_nav_reward=0.0000 | abs_local_nav_reward=0.0000 | robot_proximity_reward=-0.5546 | abs_robot_proximity_reward=0.5546 | robot_clearance_reward=0.0000 | context_neighbors_mean=2.16 | context_neighbors_max=4 | last_context_neighbors_mean=0.00 | last_context_neighbors_max=0 | actor_unlocked=1 | expl_noise=0.0735 | replay=25566 | interaction_replay=11023 | samples/sec=7.520
Actor gradient gate | passed=1 | safety_samples=182 | linear_positive_share=0.505 | angular_one_sided_share=0.830
Episode 299 complete | agent_samples=25646 | env_steps=10440 | episode_env_steps=24 | episode_agent_samples=80 | mean_reward=127.227 | success=5/5 | collision=0/5 | mean_final_distance=0.247 | mean_progress=0.0234 | min_laser=0.435 | mean_lin=1.000 | mean_ang=0.011 | mean_robot_dist=inf | raw_reward=20.000 | adjusted_reward=20.000 | coop_agents=0/5 | mean_coop_neighbors=0.00 | active_neighbor_step_rate=0.588 | mean_active_neighbors_step=1.250 | max_active_neighbors_step=4 | interaction_reward=0.0000 | abs_interaction_reward=0.0000 | anti_stag_reward=0.0000 | abs_anti_stag_reward=0.0000 | wall_clear_reward=0.0000 | abs_wall_clear_reward=0.0000 | local_nav_reward=0.0000 | abs_local_nav_reward=0.0000 | robot_proximity_reward=-0.8546 | abs_robot_proximity_reward=0.8546 | robot_clearance_reward=0.1225 | context_neighbors_mean=1.29 | context_neighbors_max=4 | last_context_neighbors_mean=0.00 | last_context_neighbors_max=0 | actor_unlocked=1 | expl_noise=0.0735 | replay=25646 | interaction_replay=11055 | samples/sec=7.531
Actor gradient gate | passed=1 | safety_samples=154 | linear_positive_share=0.500 | angular_one_sided_share=0.844
Episode 300 complete | agent_samples=25731 | env_steps=10478 | episode_env_steps=38 | episode_agent_samples=85 | mean_reward=33.130 | success=3/5 | collision=2/5 | mean_final_distance=0.534 | mean_progress=0.0141 | min_laser=0.300 | mean_lin=0.800 | mean_ang=-0.202 | mean_robot_dist=inf | raw_reward=20.000 | adjusted_reward=20.000 | coop_agents=0/5 | mean_coop_neighbors=0.00 | active_neighbor_step_rate=0.635 | mean_active_neighbors_step=1.553 | max_active_neighbors_step=4 | interaction_reward=0.0000 | abs_interaction_reward=0.0000 | anti_stag_reward=0.0000 | abs_anti_stag_reward=0.0000 | wall_clear_reward=0.0000 | abs_wall_clear_reward=0.0000 | local_nav_reward=0.0000 | abs_local_nav_reward=0.0000 | robot_proximity_reward=-0.4822 | abs_robot_proximity_reward=0.4822 | robot_clearance_reward=0.0000 | context_neighbors_mean=1.60 | context_neighbors_max=4 | last_context_neighbors_mean=0.00 | last_context_neighbors_max=0 | actor_unlocked=1 | expl_noise=0.0735 | replay=25731 | interaction_replay=11069 | samples/sec=7.538
Status | epoch=2 | next_eval_in=14269 agent_samples | checkpoint_every=10 episodes | checkpoint=./checkpoints/interaction_focused_actor_from_5d_s20260725_latest.pt | model=interaction_focused_actor_from_5d_s20260725
Checkpoint saved: ./checkpoints/interaction_focused_actor_from_5d_s20260725_latest.pt
Actor gradient gate | passed=1 | safety_samples=160 | linear_positive_share=0.469 | angular_one_sided_share=0.863
Episode 301 complete | agent_samples=25808 | env_steps=10516 | episode_env_steps=38 | episode_agent_samples=77 | mean_reward=120.387 | success=5/5 | collision=0/5 | mean_final_distance=0.236 | mean_progress=0.0164 | min_laser=0.542 | mean_lin=0.991 | mean_ang=0.003 | mean_robot_dist=inf | raw_reward=20.000 | adjusted_reward=20.000 | coop_agents=0/5 | mean_coop_neighbors=0.00 | active_neighbor_step_rate=0.584 | mean_active_neighbors_step=1.416 | max_active_neighbors_step=4 | interaction_reward=0.0000 | abs_interaction_reward=0.0000 | anti_stag_reward=0.0000 | abs_anti_stag_reward=0.0000 | wall_clear_reward=0.0000 | abs_wall_clear_reward=0.0000 | local_nav_reward=0.0000 | abs_local_nav_reward=0.0000 | robot_proximity_reward=-0.3313 | abs_robot_proximity_reward=0.3313 | robot_clearance_reward=0.0000 | context_neighbors_mean=1.49 | context_neighbors_max=4 | last_context_neighbors_mean=0.00 | last_context_neighbors_max=0 | actor_unlocked=1 | expl_noise=0.0734 | replay=25808 | interaction_replay=11116 | samples/sec=7.540
Actor gradient gate | passed=1 | safety_samples=163 | linear_positive_share=0.460 | angular_one_sided_share=0.810
Episode 302 complete | agent_samples=25854 | env_steps=10528 | episode_env_steps=12 | episode_agent_samples=46 | mean_reward=27.807 | success=3/5 | collision=2/5 | mean_final_distance=0.463 | mean_progress=0.0163 | min_laser=0.301 | mean_lin=0.879 | mean_ang=0.051 | mean_robot_dist=inf | raw_reward=20.000 | adjusted_reward=20.000 | coop_agents=0/5 | mean_coop_neighbors=0.00 | active_neighbor_step_rate=0.870 | mean_active_neighbors_step=2.261 | max_active_neighbors_step=4 | interaction_reward=0.0000 | abs_interaction_reward=0.0000 | anti_stag_reward=0.0000 | abs_anti_stag_reward=0.0000 | wall_clear_reward=0.0000 | abs_wall_clear_reward=0.0000 | local_nav_reward=0.0000 | abs_local_nav_reward=0.0000 | robot_proximity_reward=-0.7199 | abs_robot_proximity_reward=0.7199 | robot_clearance_reward=0.0000 | context_neighbors_mean=2.33 | context_neighbors_max=4 | last_context_neighbors_mean=0.00 | last_context_neighbors_max=0 | actor_unlocked=1 | expl_noise=0.0734 | replay=25854 | interaction_replay=11157 | samples/sec=7.547
Actor gradient gate | passed=1 | safety_samples=158 | linear_positive_share=0.513 | angular_one_sided_share=0.816
Episode 303 complete | agent_samples=25947 | env_steps=10569 | episode_env_steps=41 | episode_agent_samples=93 | mean_reward=67.274 | success=4/5 | collision=1/5 | mean_final_distance=0.361 | mean_progress=0.0110 | min_laser=0.300 | mean_lin=0.787 | mean_ang=-0.480 | mean_robot_dist=inf | raw_reward=20.000 | adjusted_reward=20.000 | coop_agents=0/5 | mean_coop_neighbors=0.00 | active_neighbor_step_rate=0.645 | mean_active_neighbors_step=1.602 | max_active_neighbors_step=4 | interaction_reward=0.0000 | abs_interaction_reward=0.0000 | anti_stag_reward=0.0000 | abs_anti_stag_reward=0.0000 | wall_clear_reward=0.0000 | abs_wall_clear_reward=0.0000 | local_nav_reward=0.0000 | abs_local_nav_reward=0.0000 | robot_proximity_reward=-0.7956 | abs_robot_proximity_reward=0.7956 | robot_clearance_reward=0.0670 | context_neighbors_mean=1.68 | context_neighbors_max=4 | last_context_neighbors_mean=0.00 | last_context_neighbors_max=0 | actor_unlocked=1 | expl_noise=0.0734 | replay=25947 | interaction_replay=11213 | samples/sec=7.555
Actor gradient gate | passed=1 | safety_samples=167 | linear_positive_share=0.509 | angular_one_sided_share=0.862
Episode 304 complete | agent_samples=25994 | env_steps=10580 | episode_env_steps=11 | episode_agent_samples=47 | mean_reward=65.941 | success=4/5 | collision=1/5 | mean_final_distance=0.368 | mean_progress=0.0259 | min_laser=0.316 | mean_lin=0.996 | mean_ang=0.273 | mean_robot_dist=inf | raw_reward=20.000 | adjusted_reward=20.000 | coop_agents=0/5 | mean_coop_neighbors=0.00 | active_neighbor_step_rate=0.957 | mean_active_neighbors_step=1.830 | max_active_neighbors_step=3 | interaction_reward=0.0000 | abs_interaction_reward=0.0000 | anti_stag_reward=0.0000 | abs_anti_stag_reward=0.0000 | wall_clear_reward=0.0000 | abs_wall_clear_reward=0.0000 | local_nav_reward=0.0000 | abs_local_nav_reward=0.0000 | robot_proximity_reward=-1.1107 | abs_robot_proximity_reward=1.1107 | robot_clearance_reward=0.0426 | context_neighbors_mean=1.85 | context_neighbors_max=3 | last_context_neighbors_mean=0.00 | last_context_neighbors_max=0 | actor_unlocked=1 | expl_noise=0.0734 | replay=25994 | interaction_replay=11256 | samples/sec=7.563
Actor gradient gate | passed=1 | safety_samples=154 | linear_positive_share=0.435 | angular_one_sided_share=0.825
Episode 305 complete | agent_samples=26058 | env_steps=10605 | episode_env_steps=25 | episode_agent_samples=64 | mean_reward=21.363 | success=3/5 | collision=2/5 | mean_final_distance=0.525 | mean_progress=0.0162 | min_laser=0.300 | mean_lin=0.600 | mean_ang=-0.958 | mean_robot_dist=inf | raw_reward=20.000 | adjusted_reward=20.000 | coop_agents=0/5 | mean_coop_neighbors=0.00 | active_neighbor_step_rate=0.797 | mean_active_neighbors_step=1.984 | max_active_neighbors_step=4 | interaction_reward=0.0000 | abs_interaction_reward=0.0000 | anti_stag_reward=0.0000 | abs_anti_stag_reward=0.0000 | wall_clear_reward=0.0000 | abs_wall_clear_reward=0.0000 | local_nav_reward=0.0000 | abs_local_nav_reward=0.0000 | robot_proximity_reward=-0.5385 | abs_robot_proximity_reward=0.5385 | robot_clearance_reward=0.0000 | context_neighbors_mean=2.02 | context_neighbors_max=4 | last_context_neighbors_mean=0.00 | last_context_neighbors_max=0 | actor_unlocked=1 | expl_noise=0.0734 | replay=26058 | interaction_replay=11279 | samples/sec=7.569
Status | epoch=2 | next_eval_in=13942 agent_samples | checkpoint_every=10 episodes | checkpoint=./checkpoints/interaction_focused_actor_from_5d_s20260725_latest.pt | model=interaction_focused_actor_from_5d_s20260725
Actor gradient gate | passed=0 | safety_samples=153 | linear_positive_share=0.529 | angular_one_sided_share=0.915
Episode 306 complete | agent_samples=26152 | env_steps=10647 | episode_env_steps=42 | episode_agent_samples=94 | mean_reward=118.729 | success=5/5 | collision=0/5 | mean_final_distance=0.276 | mean_progress=0.0038 | min_laser=0.706 | mean_lin=0.439 | mean_ang=-0.093 | mean_robot_dist=inf | raw_reward=20.000 | adjusted_reward=20.000 | coop_agents=0/5 | mean_coop_neighbors=0.00 | active_neighbor_step_rate=0.447 | mean_active_neighbors_step=1.202 | max_active_neighbors_step=4 | interaction_reward=0.0000 | abs_interaction_reward=0.0000 | anti_stag_reward=0.0000 | abs_anti_stag_reward=0.0000 | wall_clear_reward=0.0000 | abs_wall_clear_reward=0.0000 | local_nav_reward=0.0000 | abs_local_nav_reward=0.0000 | robot_proximity_reward=-0.0173 | abs_robot_proximity_reward=0.0173 | robot_clearance_reward=0.0149 | context_neighbors_mean=1.21 | context_neighbors_max=4 | last_context_neighbors_mean=0.00 | last_context_neighbors_max=0 | actor_unlocked=0 | expl_noise=0.0733 | replay=26152 | interaction_replay=11304 | samples/sec=7.577
Actor gradient gate | passed=1 | safety_samples=167 | linear_positive_share=0.527 | angular_one_sided_share=0.772
Episode 307 complete | agent_samples=26243 | env_steps=10677 | episode_env_steps=30 | episode_agent_samples=91 | mean_reward=21.444 | success=3/5 | collision=2/5 | mean_final_distance=0.468 | mean_progress=0.0253 | min_laser=0.315 | mean_lin=0.609 | mean_ang=-0.574 | mean_robot_dist=inf | raw_reward=20.000 | adjusted_reward=20.000 | coop_agents=0/5 | mean_coop_neighbors=0.00 | active_neighbor_step_rate=0.802 | mean_active_neighbors_step=2.011 | max_active_neighbors_step=4 | interaction_reward=0.0000 | abs_interaction_reward=0.0000 | anti_stag_reward=0.0000 | abs_anti_stag_reward=0.0000 | wall_clear_reward=0.0000 | abs_wall_clear_reward=0.0000 | local_nav_reward=0.0000 | abs_local_nav_reward=0.0000 | robot_proximity_reward=-0.9178 | abs_robot_proximity_reward=0.9178 | robot_clearance_reward=0.0121 | context_neighbors_mean=2.04 | context_neighbors_max=4 | last_context_neighbors_mean=0.00 | last_context_neighbors_max=0 | actor_unlocked=1 | expl_noise=0.0733 | replay=26243 | interaction_replay=11334 | samples/sec=7.588
Actor gradient gate | passed=1 | safety_samples=138 | linear_positive_share=0.471 | angular_one_sided_share=0.812
Episode 308 complete | agent_samples=26371 | env_steps=10763 | episode_env_steps=86 | episode_agent_samples=128 | mean_reward=95.359 | success=5/5 | collision=0/5 | mean_final_distance=0.254 | mean_progress=0.0113 | min_laser=0.406 | mean_lin=0.987 | mean_ang=-0.183 | mean_robot_dist=inf | raw_reward=20.000 | adjusted_reward=20.000 | coop_agents=0/5 | mean_coop_neighbors=0.00 | active_neighbor_step_rate=0.344 | mean_active_neighbors_step=0.977 | max_active_neighbors_step=4 | interaction_reward=0.0000 | abs_interaction_reward=0.0000 | anti_stag_reward=0.0000 | abs_anti_stag_reward=0.0000 | wall_clear_reward=0.0000 | abs_wall_clear_reward=0.0000 | local_nav_reward=0.0000 | abs_local_nav_reward=0.0000 | robot_proximity_reward=-0.4280 | abs_robot_proximity_reward=0.4280 | robot_clearance_reward=0.0156 | context_neighbors_mean=1.02 | context_neighbors_max=4 | last_context_neighbors_mean=0.00 | last_context_neighbors_max=0 | actor_unlocked=1 | expl_noise=0.0733 | replay=26371 | interaction_replay=11379 | samples/sec=7.585
Actor gradient gate | passed=1 | safety_samples=165 | linear_positive_share=0.424 | angular_one_sided_share=0.782
Episode 309 complete | agent_samples=26429 | env_steps=10782 | episode_env_steps=19 | episode_agent_samples=58 | mean_reward=118.512 | success=5/5 | collision=0/5 | mean_final_distance=0.236 | mean_progress=0.0176 | min_laser=0.354 | mean_lin=1.000 | mean_ang=0.570 | mean_robot_dist=inf | raw_reward=20.000 | adjusted_reward=20.000 | coop_agents=0/5 | mean_coop_neighbors=0.00 | active_neighbor_step_rate=0.828 | mean_active_neighbors_step=2.069 | max_active_neighbors_step=4 | interaction_reward=0.0000 | abs_interaction_reward=0.0000 | anti_stag_reward=0.0000 | abs_anti_stag_reward=0.0000 | wall_clear_reward=0.0000 | abs_wall_clear_reward=0.0000 | local_nav_reward=0.0000 | abs_local_nav_reward=0.0000 | robot_proximity_reward=-1.0514 | abs_robot_proximity_reward=1.0514 | robot_clearance_reward=0.1724 | context_neighbors_mean=2.16 | context_neighbors_max=4 | last_context_neighbors_mean=0.00 | last_context_neighbors_max=0 | actor_unlocked=1 | expl_noise=0.0733 | replay=26429 | interaction_replay=11421 | samples/sec=7.592
Actor gradient gate | passed=1 | safety_samples=166 | linear_positive_share=0.506 | angular_one_sided_share=0.753
Episode 310 complete | agent_samples=26497 | env_steps=10809 | episode_env_steps=27 | episode_agent_samples=68 | mean_reward=72.636 | success=4/5 | collision=1/5 | mean_final_distance=0.493 | mean_progress=0.0068 | min_laser=0.345 | mean_lin=1.000 | mean_ang=-0.554 | mean_robot_dist=inf | raw_reward=20.000 | adjusted_reward=20.000 | coop_agents=0/5 | mean_coop_neighbors=0.00 | active_neighbor_step_rate=0.676 | mean_active_neighbors_step=1.603 | max_active_neighbors_step=4 | interaction_reward=0.0000 | abs_interaction_reward=0.0000 | anti_stag_reward=0.0000 | abs_anti_stag_reward=0.0000 | wall_clear_reward=0.0000 | abs_wall_clear_reward=0.0000 | local_nav_reward=0.0000 | abs_local_nav_reward=0.0000 | robot_proximity_reward=0.0000 | abs_robot_proximity_reward=0.0000 | robot_clearance_reward=0.0000 | context_neighbors_mean=1.62 | context_neighbors_max=3 | last_context_neighbors_mean=0.00 | last_context_neighbors_max=0 | actor_unlocked=1 | expl_noise=0.0732 | replay=26497 | interaction_replay=11425 | samples/sec=7.599
Status | epoch=2 | next_eval_in=13503 agent_samples | checkpoint_every=10 episodes | checkpoint=./checkpoints/interaction_focused_actor_from_5d_s20260725_latest.pt | model=interaction_focused_actor_from_5d_s20260725
Checkpoint saved: ./checkpoints/interaction_focused_actor_from_5d_s20260725_latest.pt
Actor gradient gate | passed=1 | safety_samples=167 | linear_positive_share=0.491 | angular_one_sided_share=0.856
Episode 311 complete | agent_samples=26865 | env_steps=11109 | episode_env_steps=300 | episode_agent_samples=368 | mean_reward=77.708 | success=4/5 | collision=0/5 | mean_final_distance=0.618 | mean_progress=-0.0001 | min_laser=0.753 | mean_lin=0.800 | mean_ang=-0.102 | mean_robot_dist=inf | raw_reward=-0.040 | adjusted_reward=-0.040 | coop_agents=0/5 | mean_coop_neighbors=0.00 | active_neighbor_step_rate=0.158 | mean_active_neighbors_step=0.345 | max_active_neighbors_step=4 | interaction_reward=0.0000 | abs_interaction_reward=0.0000 | anti_stag_reward=0.0000 | abs_anti_stag_reward=0.0000 | wall_clear_reward=0.0000 | abs_wall_clear_reward=0.0000 | local_nav_reward=0.0000 | abs_local_nav_reward=0.0000 | robot_proximity_reward=0.0000 | abs_robot_proximity_reward=0.0000 | robot_clearance_reward=0.0000 | context_neighbors_mean=0.36 | context_neighbors_max=4 | last_context_neighbors_mean=0.00 | last_context_neighbors_max=0 | actor_unlocked=1 | expl_noise=0.0731 | replay=26865 | interaction_replay=11431 | samples/sec=7.563
Actor gradient gate | passed=1 | safety_samples=158 | linear_positive_share=0.443 | angular_one_sided_share=0.829
Episode 312 complete | agent_samples=27022 | env_steps=11200 | episode_env_steps=91 | episode_agent_samples=157 | mean_reward=59.185 | success=4/5 | collision=1/5 | mean_final_distance=0.295 | mean_progress=0.0113 | min_laser=0.312 | mean_lin=0.592 | mean_ang=0.197 | mean_robot_dist=inf | raw_reward=20.000 | adjusted_reward=20.000 | coop_agents=0/5 | mean_coop_neighbors=0.00 | active_neighbor_step_rate=0.465 | mean_active_neighbors_step=1.115 | max_active_neighbors_step=4 | interaction_reward=0.0000 | abs_interaction_reward=0.0000 | anti_stag_reward=0.0000 | abs_anti_stag_reward=0.0000 | wall_clear_reward=0.0000 | abs_wall_clear_reward=0.0000 | local_nav_reward=0.0000 | abs_local_nav_reward=0.0000 | robot_proximity_reward=-0.6678 | abs_robot_proximity_reward=0.6678 | robot_clearance_reward=0.0255 | context_neighbors_mean=1.16 | context_neighbors_max=4 | last_context_neighbors_mean=0.00 | last_context_neighbors_max=0 | actor_unlocked=1 | expl_noise=0.0730 | replay=27022 | interaction_replay=11505 | samples/sec=7.565
Actor gradient gate | passed=1 | safety_samples=159 | linear_positive_share=0.535 | angular_one_sided_share=0.774
Episode 313 complete | agent_samples=27119 | env_steps=11244 | episode_env_steps=44 | episode_agent_samples=97 | mean_reward=107.961 | success=5/5 | collision=0/5 | mean_final_distance=0.256 | mean_progress=0.0048 | min_laser=0.395 | mean_lin=0.994 | mean_ang=-0.600 | mean_robot_dist=inf | raw_reward=20.000 | adjusted_reward=20.000 | coop_agents=0/5 | mean_coop_neighbors=0.00 | active_neighbor_step_rate=0.670 | mean_active_neighbors_step=1.557 | max_active_neighbors_step=4 | interaction_reward=0.0000 | abs_interaction_reward=0.0000 | anti_stag_reward=0.0000 | abs_anti_stag_reward=0.0000 | wall_clear_reward=0.0000 | abs_wall_clear_reward=0.0000 | local_nav_reward=0.0000 | abs_local_nav_reward=0.0000 | robot_proximity_reward=-0.2884 | abs_robot_proximity_reward=0.2884 | robot_clearance_reward=0.0000 | context_neighbors_mean=1.54 | context_neighbors_max=4 | last_context_neighbors_mean=0.00 | last_context_neighbors_max=0 | actor_unlocked=1 | expl_noise=0.0730 | replay=27119 | interaction_replay=11529 | samples/sec=7.571
Actor gradient gate | passed=1 | safety_samples=156 | linear_positive_share=0.583 | angular_one_sided_share=0.885
Episode 314 complete | agent_samples=27204 | env_steps=11267 | episode_env_steps=23 | episode_agent_samples=85 | mean_reward=122.031 | success=5/5 | collision=0/5 | mean_final_distance=0.263 | mean_progress=0.0138 | min_laser=0.595 | mean_lin=0.748 | mean_ang=-0.599 | mean_robot_dist=inf | raw_reward=20.000 | adjusted_reward=20.000 | coop_agents=0/5 | mean_coop_neighbors=0.00 | active_neighbor_step_rate=0.788 | mean_active_neighbors_step=1.424 | max_active_neighbors_step=4 | interaction_reward=0.0000 | abs_interaction_reward=0.0000 | anti_stag_reward=0.0000 | abs_anti_stag_reward=0.0000 | wall_clear_reward=0.0000 | abs_wall_clear_reward=0.0000 | local_nav_reward=0.0000 | abs_local_nav_reward=0.0000 | robot_proximity_reward=-0.3701 | abs_robot_proximity_reward=0.3701 | robot_clearance_reward=0.0471 | context_neighbors_mean=1.46 | context_neighbors_max=4 | last_context_neighbors_mean=0.00 | last_context_neighbors_max=0 | actor_unlocked=1 | expl_noise=0.0730 | replay=27204 | interaction_replay=11549 | samples/sec=7.584
Actor gradient gate | passed=1 | safety_samples=162 | linear_positive_share=0.525 | angular_one_sided_share=0.772
Episode 315 complete | agent_samples=27272 | env_steps=11298 | episode_env_steps=31 | episode_agent_samples=68 | mean_reward=72.274 | success=4/5 | collision=1/5 | mean_final_distance=0.318 | mean_progress=0.0210 | min_laser=0.322 | mean_lin=0.992 | mean_ang=-0.019 | mean_robot_dist=inf | raw_reward=-20.000 | adjusted_reward=-20.000 | coop_agents=0/5 | mean_coop_neighbors=0.00 | active_neighbor_step_rate=0.691 | mean_active_neighbors_step=2.088 | max_active_neighbors_step=4 | interaction_reward=0.0000 | abs_interaction_reward=0.0000 | anti_stag_reward=0.0000 | abs_anti_stag_reward=0.0000 | wall_clear_reward=0.0000 | abs_wall_clear_reward=0.0000 | local_nav_reward=0.0000 | abs_local_nav_reward=0.0000 | robot_proximity_reward=-0.0413 | abs_robot_proximity_reward=0.0413 | robot_clearance_reward=0.0294 | context_neighbors_mean=2.10 | context_neighbors_max=4 | last_context_neighbors_mean=0.00 | last_context_neighbors_max=0 | actor_unlocked=1 | expl_noise=0.0729 | replay=27272 | interaction_replay=11591 | samples/sec=7.589
Status | epoch=2 | next_eval_in=12728 agent_samples | checkpoint_every=10 episodes | checkpoint=./checkpoints/interaction_focused_actor_from_5d_s20260725_latest.pt | model=interaction_focused_actor_from_5d_s20260725
Actor gradient gate | passed=1 | safety_samples=153 | linear_positive_share=0.601 | angular_one_sided_share=0.810
Episode 316 complete | agent_samples=27357 | env_steps=11331 | episode_env_steps=33 | episode_agent_samples=85 | mean_reward=25.644 | success=3/5 | collision=2/5 | mean_final_distance=0.534 | mean_progress=0.0201 | min_laser=0.321 | mean_lin=0.967 | mean_ang=0.179 | mean_robot_dist=inf | raw_reward=20.000 | adjusted_reward=20.000 | coop_agents=0/5 | mean_coop_neighbors=0.00 | active_neighbor_step_rate=0.576 | mean_active_neighbors_step=1.318 | max_active_neighbors_step=4 | interaction_reward=0.0000 | abs_interaction_reward=0.0000 | anti_stag_reward=0.0000 | abs_anti_stag_reward=0.0000 | wall_clear_reward=0.0000 | abs_wall_clear_reward=0.0000 | local_nav_reward=0.0000 | abs_local_nav_reward=0.0000 | robot_proximity_reward=-0.6963 | abs_robot_proximity_reward=0.6963 | robot_clearance_reward=0.0493 | context_neighbors_mean=1.38 | context_neighbors_max=4 | last_context_neighbors_mean=0.00 | last_context_neighbors_max=0 | actor_unlocked=1 | expl_noise=0.0729 | replay=27357 | interaction_replay=11634 | samples/sec=7.597
Actor gradient gate | passed=1 | safety_samples=164 | linear_positive_share=0.537 | angular_one_sided_share=0.756
Episode 317 complete | agent_samples=27448 | env_steps=11388 | episode_env_steps=57 | episode_agent_samples=91 | mean_reward=22.632 | success=3/5 | collision=2/5 | mean_final_distance=0.572 | mean_progress=0.0129 | min_laser=0.301 | mean_lin=1.000 | mean_ang=-0.646 | mean_robot_dist=inf | raw_reward=20.000 | adjusted_reward=20.000 | coop_agents=0/5 | mean_coop_neighbors=0.00 | active_neighbor_step_rate=0.418 | mean_active_neighbors_step=0.989 | max_active_neighbors_step=4 | interaction_reward=0.0000 | abs_interaction_reward=0.0000 | anti_stag_reward=0.0000 | abs_anti_stag_reward=0.0000 | wall_clear_reward=0.0000 | abs_wall_clear_reward=0.0000 | local_nav_reward=0.0000 | abs_local_nav_reward=0.0000 | robot_proximity_reward=-0.4607 | abs_robot_proximity_reward=0.4607 | robot_clearance_reward=0.0079 | context_neighbors_mean=1.02 | context_neighbors_max=4 | last_context_neighbors_mean=0.00 | last_context_neighbors_max=0 | actor_unlocked=1 | expl_noise=0.0729 | replay=27448 | interaction_replay=11673 | samples/sec=7.596
Actor gradient gate | passed=1 | safety_samples=170 | linear_positive_share=0.618 | angular_one_sided_share=0.824
Episode 318 complete | agent_samples=27518 | env_steps=11412 | episode_env_steps=24 | episode_agent_samples=70 | mean_reward=87.701 | success=4/5 | collision=1/5 | mean_final_distance=0.473 | mean_progress=0.0232 | min_laser=0.321 | mean_lin=1.000 | mean_ang=0.529 | mean_robot_dist=inf | raw_reward=20.000 | adjusted_reward=20.000 | coop_agents=0/5 | mean_coop_neighbors=0.00 | active_neighbor_step_rate=0.500 | mean_active_neighbors_step=1.114 | max_active_neighbors_step=4 | interaction_reward=0.0000 | abs_interaction_reward=0.0000 | anti_stag_reward=0.0000 | abs_anti_stag_reward=0.0000 | wall_clear_reward=0.0000 | abs_wall_clear_reward=0.0000 | local_nav_reward=0.0000 | abs_local_nav_reward=0.0000 | robot_proximity_reward=-0.0802 | abs_robot_proximity_reward=0.0802 | robot_clearance_reward=0.0571 | context_neighbors_mean=1.11 | context_neighbors_max=4 | last_context_neighbors_mean=0.00 | last_context_neighbors_max=0 | actor_unlocked=1 | expl_noise=0.0729 | replay=27518 | interaction_replay=11695 | samples/sec=7.604
Actor gradient gate | passed=1 | safety_samples=165 | linear_positive_share=0.612 | angular_one_sided_share=0.812
Episode 319 complete | agent_samples=27610 | env_steps=11450 | episode_env_steps=38 | episode_agent_samples=92 | mean_reward=122.803 | success=5/5 | collision=0/5 | mean_final_distance=0.277 | mean_progress=0.0020 | min_laser=0.492 | mean_lin=0.800 | mean_ang=-0.169 | mean_robot_dist=inf | raw_reward=20.000 | adjusted_reward=20.000 | coop_agents=0/5 | mean_coop_neighbors=0.00 | active_neighbor_step_rate=0.435 | mean_active_neighbors_step=0.804 | max_active_neighbors_step=3 | interaction_reward=0.0000 | abs_interaction_reward=0.0000 | anti_stag_reward=0.0000 | abs_anti_stag_reward=0.0000 | wall_clear_reward=0.0000 | abs_wall_clear_reward=0.0000 | local_nav_reward=0.0000 | abs_local_nav_reward=0.0000 | robot_proximity_reward=-0.2380 | abs_robot_proximity_reward=0.2380 | robot_clearance_reward=0.0719 | context_neighbors_mean=0.84 | context_neighbors_max=3 | last_context_neighbors_mean=0.00 | last_context_neighbors_max=0 | actor_unlocked=1 | expl_noise=0.0728 | replay=27610 | interaction_replay=11708 | samples/sec=7.612
Actor gradient gate | passed=1 | safety_samples=147 | linear_positive_share=0.612 | angular_one_sided_share=0.782
Episode 320 complete | agent_samples=27705 | env_steps=11485 | episode_env_steps=35 | episode_agent_samples=95 | mean_reward=30.408 | success=3/5 | collision=2/5 | mean_final_distance=0.524 | mean_progress=0.0160 | min_laser=0.303 | mean_lin=0.971 | mean_ang=0.207 | mean_robot_dist=inf | raw_reward=20.000 | adjusted_reward=20.000 | coop_agents=0/5 | mean_coop_neighbors=0.00 | active_neighbor_step_rate=0.758 | mean_active_neighbors_step=1.800 | max_active_neighbors_step=4 | interaction_reward=0.0000 | abs_interaction_reward=0.0000 | anti_stag_reward=0.0000 | abs_anti_stag_reward=0.0000 | wall_clear_reward=0.0000 | abs_wall_clear_reward=0.0000 | local_nav_reward=0.0000 | abs_local_nav_reward=0.0000 | robot_proximity_reward=-0.4308 | abs_robot_proximity_reward=0.4308 | robot_clearance_reward=0.0000 | context_neighbors_mean=1.82 | context_neighbors_max=4 | last_context_neighbors_mean=0.00 | last_context_neighbors_max=0 | actor_unlocked=1 | expl_noise=0.0728 | replay=27705 | interaction_replay=11759 | samples/sec=7.622
Status | epoch=2 | next_eval_in=12295 agent_samples | checkpoint_every=10 episodes | checkpoint=./checkpoints/interaction_focused_actor_from_5d_s20260725_latest.pt | model=interaction_focused_actor_from_5d_s20260725
Checkpoint saved: ./checkpoints/interaction_focused_actor_from_5d_s20260725_latest.pt
Actor gradient gate | passed=1 | safety_samples=148 | linear_positive_share=0.574 | angular_one_sided_share=0.750
Episode 321 complete | agent_samples=27764 | env_steps=11514 | episode_env_steps=29 | episode_agent_samples=59 | mean_reward=22.753 | success=3/5 | collision=2/5 | mean_final_distance=0.676 | mean_progress=0.0031 | min_laser=0.300 | mean_lin=0.626 | mean_ang=-0.607 | mean_robot_dist=inf | raw_reward=20.000 | adjusted_reward=20.000 | coop_agents=0/5 | mean_coop_neighbors=0.00 | active_neighbor_step_rate=0.610 | mean_active_neighbors_step=1.458 | max_active_neighbors_step=4 | interaction_reward=0.0000 | abs_interaction_reward=0.0000 | anti_stag_reward=0.0000 | abs_anti_stag_reward=0.0000 | wall_clear_reward=0.0000 | abs_wall_clear_reward=0.0000 | local_nav_reward=0.0000 | abs_local_nav_reward=0.0000 | robot_proximity_reward=-0.6841 | abs_robot_proximity_reward=0.6841 | robot_clearance_reward=0.0000 | context_neighbors_mean=1.49 | context_neighbors_max=4 | last_context_neighbors_mean=0.00 | last_context_neighbors_max=0 | actor_unlocked=1 | expl_noise=0.0728 | replay=27764 | interaction_replay=11791 | samples/sec=7.623
Actor gradient gate | passed=1 | safety_samples=163 | linear_positive_share=0.497 | angular_one_sided_share=0.706
Episode 322 complete | agent_samples=27823 | env_steps=11531 | episode_env_steps=17 | episode_agent_samples=59 | mean_reward=28.032 | success=3/5 | collision=2/5 | mean_final_distance=0.350 | mean_progress=0.0154 | min_laser=0.300 | mean_lin=0.964 | mean_ang=0.613 | mean_robot_dist=inf | raw_reward=20.000 | adjusted_reward=20.000 | coop_agents=0/5 | mean_coop_neighbors=0.00 | active_neighbor_step_rate=0.966 | mean_active_neighbors_step=2.017 | max_active_neighbors_step=4 | interaction_reward=0.0000 | abs_interaction_reward=0.0000 | anti_stag_reward=0.0000 | abs_anti_stag_reward=0.0000 | wall_clear_reward=0.0000 | abs_wall_clear_reward=0.0000 | local_nav_reward=0.0000 | abs_local_nav_reward=0.0000 | robot_proximity_reward=-0.8810 | abs_robot_proximity_reward=0.8810 | robot_clearance_reward=0.0339 | context_neighbors_mean=2.07 | context_neighbors_max=4 | last_context_neighbors_mean=0.00 | last_context_neighbors_max=0 | actor_unlocked=1 | expl_noise=0.0728 | replay=27823 | interaction_replay=11839 | samples/sec=7.631
Actor gradient gate | passed=1 | safety_samples=178 | linear_positive_share=0.433 | angular_one_sided_share=0.770
Episode 323 complete | agent_samples=27944 | env_steps=11577 | episode_env_steps=46 | episode_agent_samples=121 | mean_reward=29.041 | success=3/5 | collision=2/5 | mean_final_distance=0.493 | mean_progress=0.0075 | min_laser=0.300 | mean_lin=0.980 | mean_ang=-0.165 | mean_robot_dist=inf | raw_reward=20.000 | adjusted_reward=20.000 | coop_agents=0/5 | mean_coop_neighbors=0.00 | active_neighbor_step_rate=0.529 | mean_active_neighbors_step=1.405 | max_active_neighbors_step=4 | interaction_reward=0.0000 | abs_interaction_reward=0.0000 | anti_stag_reward=0.0000 | abs_anti_stag_reward=0.0000 | wall_clear_reward=0.0000 | abs_wall_clear_reward=0.0000 | local_nav_reward=0.0000 | abs_local_nav_reward=0.0000 | robot_proximity_reward=-0.5825 | abs_robot_proximity_reward=0.5825 | robot_clearance_reward=0.0273 | context_neighbors_mean=1.45 | context_neighbors_max=4 | last_context_neighbors_mean=0.00 | last_context_neighbors_max=0 | actor_unlocked=1 | expl_noise=0.0728 | replay=27944 | interaction_replay=11888 | samples/sec=7.643
Actor gradient gate | passed=1 | safety_samples=158 | linear_positive_share=0.399 | angular_one_sided_share=0.722
Episode 324 complete | agent_samples=27991 | env_steps=11587 | episode_env_steps=10 | episode_agent_samples=47 | mean_reward=56.576 | success=4/5 | collision=1/5 | mean_final_distance=0.488 | mean_progress=0.0364 | min_laser=0.321 | mean_lin=0.794 | mean_ang=0.493 | mean_robot_dist=inf | raw_reward=40.000 | adjusted_reward=40.000 | coop_agents=1/5 | mean_coop_neighbors=0.20 | active_neighbor_step_rate=0.936 | mean_active_neighbors_step=2.277 | max_active_neighbors_step=4 | interaction_reward=0.0000 | abs_interaction_reward=0.0000 | anti_stag_reward=0.0000 | abs_anti_stag_reward=0.0000 | wall_clear_reward=0.0000 | abs_wall_clear_reward=0.0000 | local_nav_reward=0.0000 | abs_local_nav_reward=0.0000 | robot_proximity_reward=-1.2378 | abs_robot_proximity_reward=1.2378 | robot_clearance_reward=0.0000 | context_neighbors_mean=2.36 | context_neighbors_max=4 | last_context_neighbors_mean=0.00 | last_context_neighbors_max=0 | actor_unlocked=1 | expl_noise=0.0728 | replay=27991 | interaction_replay=11932 | samples/sec=7.651
Actor gradient gate | passed=1 | safety_samples=173 | linear_positive_share=0.410 | angular_one_sided_share=0.734
Episode 325 complete | agent_samples=28050 | env_steps=11607 | episode_env_steps=20 | episode_agent_samples=59 | mean_reward=27.381 | success=3/5 | collision=2/5 | mean_final_distance=0.544 | mean_progress=0.0448 | min_laser=0.300 | mean_lin=1.000 | mean_ang=0.999 | mean_robot_dist=inf | raw_reward=40.000 | adjusted_reward=40.000 | coop_agents=1/5 | mean_coop_neighbors=0.20 | active_neighbor_step_rate=0.644 | mean_active_neighbors_step=1.051 | max_active_neighbors_step=4 | interaction_reward=0.0000 | abs_interaction_reward=0.0000 | anti_stag_reward=0.0000 | abs_anti_stag_reward=0.0000 | wall_clear_reward=0.0000 | abs_wall_clear_reward=0.0000 | local_nav_reward=0.0000 | abs_local_nav_reward=0.0000 | robot_proximity_reward=-1.1964 | abs_robot_proximity_reward=1.1964 | robot_clearance_reward=0.0864 | context_neighbors_mean=1.08 | context_neighbors_max=4 | last_context_neighbors_mean=0.00 | last_context_neighbors_max=0 | actor_unlocked=1 | expl_noise=0.0727 | replay=28050 | interaction_replay=11950 | samples/sec=7.658
Status | epoch=2 | next_eval_in=11950 agent_samples | checkpoint_every=10 episodes | checkpoint=./checkpoints/interaction_focused_actor_from_5d_s20260725_latest.pt | model=interaction_focused_actor_from_5d_s20260725
Actor gradient gate | passed=1 | safety_samples=158 | linear_positive_share=0.411 | angular_one_sided_share=0.741
Episode 326 complete | agent_samples=28164 | env_steps=11668 | episode_env_steps=61 | episode_agent_samples=114 | mean_reward=129.126 | success=5/5 | collision=0/5 | mean_final_distance=0.243 | mean_progress=0.0137 | min_laser=0.499 | mean_lin=1.000 | mean_ang=-0.201 | mean_robot_dist=inf | raw_reward=20.000 | adjusted_reward=20.000 | coop_agents=0/5 | mean_coop_neighbors=0.00 | active_neighbor_step_rate=0.430 | mean_active_neighbors_step=0.912 | max_active_neighbors_step=4 | interaction_reward=0.0000 | abs_interaction_reward=0.0000 | anti_stag_reward=0.0000 | abs_anti_stag_reward=0.0000 | wall_clear_reward=0.0000 | abs_wall_clear_reward=0.0000 | local_nav_reward=0.0000 | abs_local_nav_reward=0.0000 | robot_proximity_reward=-0.3338 | abs_robot_proximity_reward=0.3338 | robot_clearance_reward=0.0052 | context_neighbors_mean=1.01 | context_neighbors_max=4 | last_context_neighbors_mean=0.00 | last_context_neighbors_max=0 | actor_unlocked=1 | expl_noise=0.0727 | replay=28164 | interaction_replay=12001 | samples/sec=7.661
Actor gradient gate | passed=1 | safety_samples=170 | linear_positive_share=0.453 | angular_one_sided_share=0.729
Episode 327 complete | agent_samples=28234 | env_steps=11692 | episode_env_steps=24 | episode_agent_samples=70 | mean_reward=41.459 | success=3/5 | collision=2/5 | mean_final_distance=0.587 | mean_progress=0.0193 | min_laser=0.300 | mean_lin=0.614 | mean_ang=-0.180 | mean_robot_dist=inf | raw_reward=20.000 | adjusted_reward=20.000 | coop_agents=0/5 | mean_coop_neighbors=0.00 | active_neighbor_step_rate=0.657 | mean_active_neighbors_step=1.286 | max_active_neighbors_step=4 | interaction_reward=0.0000 | abs_interaction_reward=0.0000 | anti_stag_reward=0.0000 | abs_anti_stag_reward=0.0000 | wall_clear_reward=0.0000 | abs_wall_clear_reward=0.0000 | local_nav_reward=0.0000 | abs_local_nav_reward=0.0000 | robot_proximity_reward=-0.4627 | abs_robot_proximity_reward=0.4627 | robot_clearance_reward=0.0000 | context_neighbors_mean=1.33 | context_neighbors_max=4 | last_context_neighbors_mean=0.00 | last_context_neighbors_max=0 | actor_unlocked=1 | expl_noise=0.0727 | replay=28234 | interaction_replay=12020 | samples/sec=7.669
Actor gradient gate | passed=1 | safety_samples=162 | linear_positive_share=0.444 | angular_one_sided_share=0.698
Episode 328 complete | agent_samples=28315 | env_steps=11729 | episode_env_steps=37 | episode_agent_samples=81 | mean_reward=93.669 | success=5/5 | collision=0/5 | mean_final_distance=0.240 | mean_progress=0.0102 | min_laser=0.414 | mean_lin=0.972 | mean_ang=0.200 | mean_robot_dist=inf | raw_reward=20.000 | adjusted_reward=20.000 | coop_agents=0/5 | mean_coop_neighbors=0.00 | active_neighbor_step_rate=0.630 | mean_active_neighbors_step=1.432 | max_active_neighbors_step=4 | interaction_reward=0.0000 | abs_interaction_reward=0.0000 | anti_stag_reward=0.0000 | abs_anti_stag_reward=0.0000 | wall_clear_reward=0.0000 | abs_wall_clear_reward=0.0000 | local_nav_reward=0.0000 | abs_local_nav_reward=0.0000 | robot_proximity_reward=-1.1644 | abs_robot_proximity_reward=1.1644 | robot_clearance_reward=0.0494 | context_neighbors_mean=1.49 | context_neighbors_max=4 | last_context_neighbors_mean=0.00 | last_context_neighbors_max=0 | actor_unlocked=1 | expl_noise=0.0727 | replay=28315 | interaction_replay=12069 | samples/sec=7.674
Actor gradient gate | passed=1 | safety_samples=142 | linear_positive_share=0.415 | angular_one_sided_share=0.697
Episode 329 complete | agent_samples=28392 | env_steps=11754 | episode_env_steps=25 | episode_agent_samples=77 | mean_reward=79.221 | success=4/5 | collision=1/5 | mean_final_distance=0.453 | mean_progress=0.0068 | min_laser=0.328 | mean_lin=1.000 | mean_ang=-0.371 | mean_robot_dist=inf | raw_reward=20.000 | adjusted_reward=20.000 | coop_agents=0/5 | mean_coop_neighbors=0.00 | active_neighbor_step_rate=0.818 | mean_active_neighbors_step=2.208 | max_active_neighbors_step=4 | interaction_reward=0.0000 | abs_interaction_reward=0.0000 | anti_stag_reward=0.0000 | abs_anti_stag_reward=0.0000 | wall_clear_reward=0.0000 | abs_wall_clear_reward=0.0000 | local_nav_reward=0.0000 | abs_local_nav_reward=0.0000 | robot_proximity_reward=-0.2566 | abs_robot_proximity_reward=0.2566 | robot_clearance_reward=0.0519 | context_neighbors_mean=2.25 | context_neighbors_max=4 | last_context_neighbors_mean=0.00 | last_context_neighbors_max=0 | actor_unlocked=1 | expl_noise=0.0727 | replay=28392 | interaction_replay=12095 | samples/sec=7.683
Actor gradient gate | passed=1 | safety_samples=155 | linear_positive_share=0.439 | angular_one_sided_share=0.735
Episode 330 complete | agent_samples=28440 | env_steps=11765 | episode_env_steps=11 | episode_agent_samples=48 | mean_reward=24.828 | success=3/5 | collision=2/5 | mean_final_distance=0.399 | mean_progress=0.0387 | min_laser=0.300 | mean_lin=0.607 | mean_ang=-0.016 | mean_robot_dist=0.421 | raw_reward=-41.631 | adjusted_reward=-41.631 | coop_agents=2/5 | mean_coop_neighbors=0.40 | active_neighbor_step_rate=0.958 | mean_active_neighbors_step=2.208 | max_active_neighbors_step=4 | interaction_reward=0.0000 | abs_interaction_reward=0.0000 | anti_stag_reward=0.0000 | abs_anti_stag_reward=0.0000 | wall_clear_reward=0.0000 | abs_wall_clear_reward=0.0000 | local_nav_reward=0.0000 | abs_local_nav_reward=0.0000 | robot_proximity_reward=-0.6992 | abs_robot_proximity_reward=0.6992 | robot_clearance_reward=0.0000 | context_neighbors_mean=2.27 | context_neighbors_max=4 | last_context_neighbors_mean=0.00 | last_context_neighbors_max=0 | actor_unlocked=1 | expl_noise=0.0726 | replay=28440 | interaction_replay=12134 | samples/sec=7.691
Status | epoch=2 | next_eval_in=11560 agent_samples | checkpoint_every=10 episodes | checkpoint=./checkpoints/interaction_focused_actor_from_5d_s20260725_latest.pt | model=interaction_focused_actor_from_5d_s20260725
Checkpoint saved: ./checkpoints/interaction_focused_actor_from_5d_s20260725_latest.pt
Actor gradient gate | passed=1 | safety_samples=174 | linear_positive_share=0.489 | angular_one_sided_share=0.667
Episode 331 complete | agent_samples=28486 | env_steps=11778 | episode_env_steps=13 | episode_agent_samples=46 | mean_reward=83.925 | success=4/5 | collision=1/5 | mean_final_distance=0.453 | mean_progress=0.0256 | min_laser=0.340 | mean_lin=0.820 | mean_ang=0.215 | mean_robot_dist=inf | raw_reward=20.000 | adjusted_reward=20.000 | coop_agents=0/5 | mean_coop_neighbors=0.00 | active_neighbor_step_rate=0.870 | mean_active_neighbors_step=2.065 | max_active_neighbors_step=4 | interaction_reward=0.0000 | abs_interaction_reward=0.0000 | anti_stag_reward=0.0000 | abs_anti_stag_reward=0.0000 | wall_clear_reward=0.0000 | abs_wall_clear_reward=0.0000 | local_nav_reward=0.0000 | abs_local_nav_reward=0.0000 | robot_proximity_reward=-0.6642 | abs_robot_proximity_reward=0.6642 | robot_clearance_reward=0.0861 | context_neighbors_mean=2.24 | context_neighbors_max=4 | last_context_neighbors_mean=0.00 | last_context_neighbors_max=0 | actor_unlocked=1 | expl_noise=0.0726 | replay=28486 | interaction_replay=12173 | samples/sec=7.696
Actor gradient gate | passed=1 | safety_samples=169 | linear_positive_share=0.467 | angular_one_sided_share=0.704
Episode 332 complete | agent_samples=28533 | env_steps=11792 | episode_env_steps=14 | episode_agent_samples=47 | mean_reward=72.411 | success=4/5 | collision=1/5 | mean_final_distance=0.524 | mean_progress=0.0180 | min_laser=0.338 | mean_lin=0.615 | mean_ang=0.097 | mean_robot_dist=inf | raw_reward=20.000 | adjusted_reward=20.000 | coop_agents=0/5 | mean_coop_neighbors=0.00 | active_neighbor_step_rate=0.809 | mean_active_neighbors_step=2.255 | max_active_neighbors_step=4 | interaction_reward=0.0000 | abs_interaction_reward=0.0000 | anti_stag_reward=0.0000 | abs_anti_stag_reward=0.0000 | wall_clear_reward=0.0000 | abs_wall_clear_reward=0.0000 | local_nav_reward=0.0000 | abs_local_nav_reward=0.0000 | robot_proximity_reward=-0.7248 | abs_robot_proximity_reward=0.7248 | robot_clearance_reward=0.0426 | context_neighbors_mean=2.34 | context_neighbors_max=4 | last_context_neighbors_mean=0.00 | last_context_neighbors_max=0 | actor_unlocked=1 | expl_noise=0.0726 | replay=28533 | interaction_replay=12213 | samples/sec=7.702
Actor gradient gate | passed=1 | safety_samples=152 | linear_positive_share=0.513 | angular_one_sided_share=0.684
Episode 333 complete | agent_samples=28583 | env_steps=11809 | episode_env_steps=17 | episode_agent_samples=50 | mean_reward=27.905 | success=3/5 | collision=2/5 | mean_final_distance=0.496 | mean_progress=0.0148 | min_laser=0.330 | mean_lin=0.811 | mean_ang=-0.151 | mean_robot_dist=inf | raw_reward=20.000 | adjusted_reward=20.000 | coop_agents=0/5 | mean_coop_neighbors=0.00 | active_neighbor_step_rate=0.780 | mean_active_neighbors_step=1.620 | max_active_neighbors_step=4 | interaction_reward=0.0000 | abs_interaction_reward=0.0000 | anti_stag_reward=0.0000 | abs_anti_stag_reward=0.0000 | wall_clear_reward=0.0000 | abs_wall_clear_reward=0.0000 | local_nav_reward=0.0000 | abs_local_nav_reward=0.0000 | robot_proximity_reward=-0.9009 | abs_robot_proximity_reward=0.9009 | robot_clearance_reward=0.0400 | context_neighbors_mean=1.68 | context_neighbors_max=4 | last_context_neighbors_mean=0.00 | last_context_neighbors_max=0 | actor_unlocked=1 | expl_noise=0.0726 | replay=28583 | interaction_replay=12250 | samples/sec=7.707
Actor gradient gate | passed=1 | safety_samples=158 | linear_positive_share=0.443 | angular_one_sided_share=0.677
Episode 334 complete | agent_samples=28654 | env_steps=11843 | episode_env_steps=34 | episode_agent_samples=71 | mean_reward=18.217 | success=3/5 | collision=2/5 | mean_final_distance=0.510 | mean_progress=0.0054 | min_laser=0.300 | mean_lin=0.649 | mean_ang=-0.544 | mean_robot_dist=inf | raw_reward=20.000 | adjusted_reward=20.000 | coop_agents=0/5 | mean_coop_neighbors=0.00 | active_neighbor_step_rate=0.394 | mean_active_neighbors_step=0.958 | max_active_neighbors_step=3 | interaction_reward=0.0000 | abs_interaction_reward=0.0000 | anti_stag_reward=0.0000 | abs_anti_stag_reward=0.0000 | wall_clear_reward=0.0000 | abs_wall_clear_reward=0.0000 | local_nav_reward=0.0000 | abs_local_nav_reward=0.0000 | robot_proximity_reward=-0.7909 | abs_robot_proximity_reward=0.7909 | robot_clearance_reward=0.0000 | context_neighbors_mean=0.94 | context_neighbors_max=3 | last_context_neighbors_mean=0.00 | last_context_neighbors_max=0 | actor_unlocked=1 | expl_noise=0.0726 | replay=28654 | interaction_replay=12266 | samples/sec=7.711
Actor gradient gate | passed=1 | safety_samples=154 | linear_positive_share=0.403 | angular_one_sided_share=0.597
Episode 335 complete | agent_samples=28721 | env_steps=11862 | episode_env_steps=19 | episode_agent_samples=67 | mean_reward=74.872 | success=4/5 | collision=1/5 | mean_final_distance=0.502 | mean_progress=0.0449 | min_laser=0.347 | mean_lin=0.989 | mean_ang=0.197 | mean_robot_dist=inf | raw_reward=40.000 | adjusted_reward=40.000 | coop_agents=0/5 | mean_coop_neighbors=0.00 | active_neighbor_step_rate=0.896 | mean_active_neighbors_step=1.955 | max_active_neighbors_step=4 | interaction_reward=0.0000 | abs_interaction_reward=0.0000 | anti_stag_reward=0.0000 | abs_anti_stag_reward=0.0000 | wall_clear_reward=0.0000 | abs_wall_clear_reward=0.0000 | local_nav_reward=0.0000 | abs_local_nav_reward=0.0000 | robot_proximity_reward=-0.2820 | abs_robot_proximity_reward=0.2820 | robot_clearance_reward=0.0000 | context_neighbors_mean=1.99 | context_neighbors_max=4 | last_context_neighbors_mean=0.00 | last_context_neighbors_max=0 | actor_unlocked=1 | expl_noise=0.0726 | replay=28721 | interaction_replay=12287 | samples/sec=7.720
Status | epoch=2 | next_eval_in=11279 agent_samples | checkpoint_every=10 episodes | checkpoint=./checkpoints/interaction_focused_actor_from_5d_s20260725_latest.pt | model=interaction_focused_actor_from_5d_s20260725
Actor gradient gate | passed=1 | safety_samples=155 | linear_positive_share=0.477 | angular_one_sided_share=0.561
Episode 336 complete | agent_samples=28799 | env_steps=11886 | episode_env_steps=24 | episode_agent_samples=78 | mean_reward=-5.930 | success=2/5 | collision=3/5 | mean_final_distance=0.665 | mean_progress=0.0235 | min_laser=0.316 | mean_lin=0.413 | mean_ang=-0.391 | mean_robot_dist=inf | raw_reward=20.000 | adjusted_reward=20.000 | coop_agents=0/5 | mean_coop_neighbors=0.00 | active_neighbor_step_rate=0.667 | mean_active_neighbors_step=1.795 | max_active_neighbors_step=4 | interaction_reward=0.0000 | abs_interaction_reward=0.0000 | anti_stag_reward=0.0000 | abs_anti_stag_reward=0.0000 | wall_clear_reward=0.0000 | abs_wall_clear_reward=0.0000 | local_nav_reward=0.0000 | abs_local_nav_reward=0.0000 | robot_proximity_reward=-0.6212 | abs_robot_proximity_reward=0.6212 | robot_clearance_reward=0.0000 | context_neighbors_mean=1.86 | context_neighbors_max=4 | last_context_neighbors_mean=0.00 | last_context_neighbors_max=0 | actor_unlocked=1 | expl_noise=0.0726 | replay=28799 | interaction_replay=12339 | samples/sec=7.730
Actor gradient gate | passed=1 | safety_samples=146 | linear_positive_share=0.425 | angular_one_sided_share=0.568
Episode 337 complete | agent_samples=28842 | env_steps=11896 | episode_env_steps=10 | episode_agent_samples=43 | mean_reward=21.018 | success=3/5 | collision=2/5 | mean_final_distance=0.274 | mean_progress=0.0200 | min_laser=0.312 | mean_lin=0.801 | mean_ang=-0.182 | mean_robot_dist=inf | raw_reward=20.000 | adjusted_reward=20.000 | coop_agents=0/5 | mean_coop_neighbors=0.00 | active_neighbor_step_rate=0.884 | mean_active_neighbors_step=2.116 | max_active_neighbors_step=4 | interaction_reward=0.0000 | abs_interaction_reward=0.0000 | anti_stag_reward=0.0000 | abs_anti_stag_reward=0.0000 | wall_clear_reward=0.0000 | abs_wall_clear_reward=0.0000 | local_nav_reward=0.0000 | abs_local_nav_reward=0.0000 | robot_proximity_reward=-0.8609 | abs_robot_proximity_reward=0.8609 | robot_clearance_reward=0.0000 | context_neighbors_mean=2.19 | context_neighbors_max=4 | last_context_neighbors_mean=0.00 | last_context_neighbors_max=0 | actor_unlocked=1 | expl_noise=0.0726 | replay=28842 | interaction_replay=12377 | samples/sec=7.737
Actor gradient gate | passed=1 | safety_samples=160 | linear_positive_share=0.450 | angular_one_sided_share=0.606
Episode 338 complete | agent_samples=29200 | env_steps=12196 | episode_env_steps=300 | episode_agent_samples=358 | mean_reward=79.705 | success=4/5 | collision=0/5 | mean_final_distance=0.595 | mean_progress=-0.0001 | min_laser=0.776 | mean_lin=0.788 | mean_ang=0.215 | mean_robot_dist=inf | raw_reward=-0.043 | adjusted_reward=-0.043 | coop_agents=0/5 | mean_coop_neighbors=0.00 | active_neighbor_step_rate=0.159 | mean_active_neighbors_step=0.369 | max_active_neighbors_step=4 | interaction_reward=0.0000 | abs_interaction_reward=0.0000 | anti_stag_reward=0.0000 | abs_anti_stag_reward=0.0000 | wall_clear_reward=0.0000 | abs_wall_clear_reward=0.0000 | local_nav_reward=0.0000 | abs_local_nav_reward=0.0000 | robot_proximity_reward=0.0000 | abs_robot_proximity_reward=0.0000 | robot_clearance_reward=0.0000 | context_neighbors_mean=0.39 | context_neighbors_max=4 | last_context_neighbors_mean=0.00 | last_context_neighbors_max=0 | actor_unlocked=1 | expl_noise=0.0724 | replay=29200 | interaction_replay=12385 | samples/sec=7.699
Actor gradient gate | passed=1 | safety_samples=163 | linear_positive_share=0.472 | angular_one_sided_share=0.583
Episode 339 complete | agent_samples=29261 | env_steps=12212 | episode_env_steps=16 | episode_agent_samples=61 | mean_reward=103.452 | success=5/5 | collision=0/5 | mean_final_distance=0.239 | mean_progress=0.0049 | min_laser=0.395 | mean_lin=0.994 | mean_ang=0.186 | mean_robot_dist=inf | raw_reward=20.000 | adjusted_reward=20.000 | coop_agents=0/5 | mean_coop_neighbors=0.00 | active_neighbor_step_rate=0.852 | mean_active_neighbors_step=2.082 | max_active_neighbors_step=4 | interaction_reward=0.0000 | abs_interaction_reward=0.0000 | anti_stag_reward=0.0000 | abs_anti_stag_reward=0.0000 | wall_clear_reward=0.0000 | abs_wall_clear_reward=0.0000 | local_nav_reward=0.0000 | abs_local_nav_reward=0.0000 | robot_proximity_reward=-0.7513 | abs_robot_proximity_reward=0.7513 | robot_clearance_reward=0.0789 | context_neighbors_mean=2.23 | context_neighbors_max=4 | last_context_neighbors_mean=0.00 | last_context_neighbors_max=0 | actor_unlocked=1 | expl_noise=0.0724 | replay=29261 | interaction_replay=12438 | samples/sec=7.708
Actor gradient gate | passed=1 | safety_samples=153 | linear_positive_share=0.444 | angular_one_sided_share=0.510
Episode 340 complete | agent_samples=29339 | env_steps=12238 | episode_env_steps=26 | episode_agent_samples=78 | mean_reward=4.200 | success=3/5 | collision=2/5 | mean_final_distance=0.527 | mean_progress=0.0267 | min_laser=0.300 | mean_lin=0.998 | mean_ang=0.122 | mean_robot_dist=inf | raw_reward=38.576 | adjusted_reward=38.860 | coop_agents=1/5 | mean_coop_neighbors=0.20 | active_neighbor_step_rate=0.897 | mean_active_neighbors_step=1.833 | max_active_neighbors_step=4 | interaction_reward=0.0000 | abs_interaction_reward=0.0000 | anti_stag_reward=0.0000 | abs_anti_stag_reward=0.0000 | wall_clear_reward=0.0000 | abs_wall_clear_reward=0.0000 | local_nav_reward=0.0000 | abs_local_nav_reward=0.0000 | robot_proximity_reward=-1.7251 | abs_robot_proximity_reward=1.7251 | robot_clearance_reward=0.0696 | context_neighbors_mean=1.87 | context_neighbors_max=4 | last_context_neighbors_mean=0.00 | last_context_neighbors_max=0 | actor_unlocked=1 | expl_noise=0.0724 | replay=29339 | interaction_replay=12509 | samples/sec=7.717
Status | epoch=2 | next_eval_in=10661 agent_samples | checkpoint_every=10 episodes | checkpoint=./checkpoints/interaction_focused_actor_from_5d_s20260725_latest.pt | model=interaction_focused_actor_from_5d_s20260725
Checkpoint saved: ./checkpoints/interaction_focused_actor_from_5d_s20260725_latest.pt
Actor gradient gate | passed=1 | safety_samples=163 | linear_positive_share=0.429 | angular_one_sided_share=0.534
Episode 341 complete | agent_samples=29510 | env_steps=12322 | episode_env_steps=84 | episode_agent_samples=171 | mean_reward=100.868 | success=5/5 | collision=0/5 | mean_final_distance=0.289 | mean_progress=0.0020 | min_laser=0.644 | mean_lin=0.726 | mean_ang=-0.213 | mean_robot_dist=inf | raw_reward=20.000 | adjusted_reward=20.000 | coop_agents=0/5 | mean_coop_neighbors=0.00 | active_neighbor_step_rate=0.462 | mean_active_neighbors_step=1.023 | max_active_neighbors_step=4 | interaction_reward=0.0000 | abs_interaction_reward=0.0000 | anti_stag_reward=0.0000 | abs_anti_stag_reward=0.0000 | wall_clear_reward=0.0000 | abs_wall_clear_reward=0.0000 | local_nav_reward=0.0000 | abs_local_nav_reward=0.0000 | robot_proximity_reward=-0.1774 | abs_robot_proximity_reward=0.1774 | robot_clearance_reward=0.0234 | context_neighbors_mean=1.06 | context_neighbors_max=4 | last_context_neighbors_mean=0.00 | last_context_neighbors_max=0 | actor_unlocked=1 | expl_noise=0.0723 | replay=29510 | interaction_replay=12559 | samples/sec=7.723
Actor gradient gate | passed=1 | safety_samples=164 | linear_positive_share=0.445 | angular_one_sided_share=0.579
Episode 342 complete | agent_samples=29601 | env_steps=12351 | episode_env_steps=29 | episode_agent_samples=91 | mean_reward=123.613 | success=5/5 | collision=0/5 | mean_final_distance=0.244 | mean_progress=0.0149 | min_laser=0.476 | mean_lin=0.998 | mean_ang=-0.364 | mean_robot_dist=inf | raw_reward=20.000 | adjusted_reward=20.000 | coop_agents=0/5 | mean_coop_neighbors=0.00 | active_neighbor_step_rate=0.670 | mean_active_neighbors_step=1.549 | max_active_neighbors_step=4 | interaction_reward=0.0000 | abs_interaction_reward=0.0000 | anti_stag_reward=0.0000 | abs_anti_stag_reward=0.0000 | wall_clear_reward=0.0000 | abs_wall_clear_reward=0.0000 | local_nav_reward=0.0000 | abs_local_nav_reward=0.0000 | robot_proximity_reward=0.0000 | abs_robot_proximity_reward=0.0000 | robot_clearance_reward=0.0000 | context_neighbors_mean=1.59 | context_neighbors_max=4 | last_context_neighbors_mean=0.00 | last_context_neighbors_max=0 | actor_unlocked=1 | expl_noise=0.0723 | replay=29601 | interaction_replay=12586 | samples/sec=7.734
Actor gradient gate | passed=1 | safety_samples=152 | linear_positive_share=0.395 | angular_one_sided_share=0.546
Episode 343 complete | agent_samples=29650 | env_steps=12374 | episode_env_steps=23 | episode_agent_samples=49 | mean_reward=26.170 | success=3/5 | collision=2/5 | mean_final_distance=0.824 | mean_progress=0.0036 | min_laser=0.300 | mean_lin=0.583 | mean_ang=-0.616 | mean_robot_dist=inf | raw_reward=20.000 | adjusted_reward=20.000 | coop_agents=0/5 | mean_coop_neighbors=0.00 | active_neighbor_step_rate=0.612 | mean_active_neighbors_step=1.469 | max_active_neighbors_step=4 | interaction_reward=0.0000 | abs_interaction_reward=0.0000 | anti_stag_reward=0.0000 | abs_anti_stag_reward=0.0000 | wall_clear_reward=0.0000 | abs_wall_clear_reward=0.0000 | local_nav_reward=0.0000 | abs_local_nav_reward=0.0000 | robot_proximity_reward=-0.7374 | abs_robot_proximity_reward=0.7374 | robot_clearance_reward=0.0000 | context_neighbors_mean=1.53 | context_neighbors_max=4 | last_context_neighbors_mean=0.00 | last_context_neighbors_max=0 | actor_unlocked=1 | expl_noise=0.0723 | replay=29650 | interaction_replay=12613 | samples/sec=7.736
Actor gradient gate | passed=1 | safety_samples=161 | linear_positive_share=0.441 | angular_one_sided_share=0.596
Episode 344 complete | agent_samples=29726 | env_steps=12401 | episode_env_steps=27 | episode_agent_samples=76 | mean_reward=116.978 | success=5/5 | collision=0/5 | mean_final_distance=0.260 | mean_progress=0.0145 | min_laser=0.472 | mean_lin=1.000 | mean_ang=0.389 | mean_robot_dist=inf | raw_reward=20.000 | adjusted_reward=20.000 | coop_agents=0/5 | mean_coop_neighbors=0.00 | active_neighbor_step_rate=0.763 | mean_active_neighbors_step=2.053 | max_active_neighbors_step=4 | interaction_reward=0.0000 | abs_interaction_reward=0.0000 | anti_stag_reward=0.0000 | abs_anti_stag_reward=0.0000 | wall_clear_reward=0.0000 | abs_wall_clear_reward=0.0000 | local_nav_reward=0.0000 | abs_local_nav_reward=0.0000 | robot_proximity_reward=-0.3534 | abs_robot_proximity_reward=0.3534 | robot_clearance_reward=0.0675 | context_neighbors_mean=2.08 | context_neighbors_max=4 | last_context_neighbors_mean=0.00 | last_context_neighbors_max=0 | actor_unlocked=1 | expl_noise=0.0722 | replay=29726 | interaction_replay=12626 | samples/sec=7.744
Actor gradient gate | passed=1 | safety_samples=154 | linear_positive_share=0.416 | angular_one_sided_share=0.597
Episode 345 complete | agent_samples=29836 | env_steps=12439 | episode_env_steps=38 | episode_agent_samples=110 | mean_reward=127.986 | success=5/5 | collision=0/5 | mean_final_distance=0.263 | mean_progress=0.0196 | min_laser=0.430 | mean_lin=0.800 | mean_ang=-0.974 | mean_robot_dist=inf | raw_reward=20.000 | adjusted_reward=20.000 | coop_agents=0/5 | mean_coop_neighbors=0.00 | active_neighbor_step_rate=0.755 | mean_active_neighbors_step=2.036 | max_active_neighbors_step=4 | interaction_reward=0.0000 | abs_interaction_reward=0.0000 | anti_stag_reward=0.0000 | abs_anti_stag_reward=0.0000 | wall_clear_reward=0.0000 | abs_wall_clear_reward=0.0000 | local_nav_reward=0.0000 | abs_local_nav_reward=0.0000 | robot_proximity_reward=0.0000 | abs_robot_proximity_reward=0.0000 | robot_clearance_reward=0.0000 | context_neighbors_mean=2.09 | context_neighbors_max=4 | last_context_neighbors_mean=0.00 | last_context_neighbors_max=0 | actor_unlocked=1 | expl_noise=0.0722 | replay=29836 | interaction_replay=12660 | samples/sec=7.756
Status | epoch=2 | next_eval_in=10164 agent_samples | checkpoint_every=10 episodes | checkpoint=./checkpoints/interaction_focused_actor_from_5d_s20260725_latest.pt | model=interaction_focused_actor_from_5d_s20260725
Actor gradient gate | passed=1 | safety_samples=169 | linear_positive_share=0.396 | angular_one_sided_share=0.598
Episode 346 complete | agent_samples=29948 | env_steps=12483 | episode_env_steps=44 | episode_agent_samples=112 | mean_reward=90.148 | success=4/5 | collision=1/5 | mean_final_distance=0.590 | mean_progress=0.0103 | min_laser=0.344 | mean_lin=1.000 | mean_ang=-0.214 | mean_robot_dist=inf | raw_reward=20.000 | adjusted_reward=20.000 | coop_agents=0/5 | mean_coop_neighbors=0.00 | active_neighbor_step_rate=0.580 | mean_active_neighbors_step=1.402 | max_active_neighbors_step=4 | interaction_reward=0.0000 | abs_interaction_reward=0.0000 | anti_stag_reward=0.0000 | abs_anti_stag_reward=0.0000 | wall_clear_reward=0.0000 | abs_wall_clear_reward=0.0000 | local_nav_reward=0.0000 | abs_local_nav_reward=0.0000 | robot_proximity_reward=-0.0582 | abs_robot_proximity_reward=0.0582 | robot_clearance_reward=0.0179 | context_neighbors_mean=1.40 | context_neighbors_max=4 | last_context_neighbors_mean=0.00 | last_context_neighbors_max=0 | actor_unlocked=1 | expl_noise=0.0722 | replay=29948 | interaction_replay=12697 | samples/sec=7.765
Actor gradient gate | passed=1 | safety_samples=153 | linear_positive_share=0.497 | angular_one_sided_share=0.582
Episode 347 complete | agent_samples=29996 | env_steps=12496 | episode_env_steps=13 | episode_agent_samples=48 | mean_reward=30.256 | success=3/5 | collision=2/5 | mean_final_distance=0.553 | mean_progress=0.0065 | min_laser=0.300 | mean_lin=0.801 | mean_ang=-0.059 | mean_robot_dist=inf | raw_reward=20.000 | adjusted_reward=20.000 | coop_agents=0/5 | mean_coop_neighbors=0.00 | active_neighbor_step_rate=0.667 | mean_active_neighbors_step=1.792 | max_active_neighbors_step=4 | interaction_reward=0.0000 | abs_interaction_reward=0.0000 | anti_stag_reward=0.0000 | abs_anti_stag_reward=0.0000 | wall_clear_reward=0.0000 | abs_wall_clear_reward=0.0000 | local_nav_reward=0.0000 | abs_local_nav_reward=0.0000 | robot_proximity_reward=-0.9703 | abs_robot_proximity_reward=0.9703 | robot_clearance_reward=0.0423 | context_neighbors_mean=1.81 | context_neighbors_max=4 | last_context_neighbors_mean=0.00 | last_context_neighbors_max=0 | actor_unlocked=1 | expl_noise=0.0722 | replay=29996 | interaction_replay=12729 | samples/sec=7.772
Actor gradient gate | passed=1 | safety_samples=142 | linear_positive_share=0.415 | angular_one_sided_share=0.620
Episode 348 complete | agent_samples=30062 | env_steps=12520 | episode_env_steps=24 | episode_agent_samples=66 | mean_reward=76.148 | success=4/5 | collision=1/5 | mean_final_distance=0.526 | mean_progress=0.0226 | min_laser=0.331 | mean_lin=0.736 | mean_ang=0.081 | mean_robot_dist=inf | raw_reward=20.000 | adjusted_reward=20.000 | coop_agents=0/5 | mean_coop_neighbors=0.00 | active_neighbor_step_rate=0.621 | mean_active_neighbors_step=1.636 | max_active_neighbors_step=4 | interaction_reward=0.0000 | abs_interaction_reward=0.0000 | anti_stag_reward=0.0000 | abs_anti_stag_reward=0.0000 | wall_clear_reward=0.0000 | abs_wall_clear_reward=0.0000 | local_nav_reward=0.0000 | abs_local_nav_reward=0.0000 | robot_proximity_reward=-0.5135 | abs_robot_proximity_reward=0.5135 | robot_clearance_reward=0.0303 | context_neighbors_mean=1.67 | context_neighbors_max=4 | last_context_neighbors_mean=0.00 | last_context_neighbors_max=0 | actor_unlocked=1 | expl_noise=0.0722 | replay=30062 | interaction_replay=12756 | samples/sec=7.778
Actor gradient gate | passed=1 | safety_samples=145 | linear_positive_share=0.372 | angular_one_sided_share=0.552
Episode 349 complete | agent_samples=30134 | env_steps=12548 | episode_env_steps=28 | episode_agent_samples=72 | mean_reward=114.148 | success=5/5 | collision=0/5 | mean_final_distance=0.260 | mean_progress=0.0083 | min_laser=0.407 | mean_lin=0.999 | mean_ang=0.190 | mean_robot_dist=inf | raw_reward=20.000 | adjusted_reward=20.000 | coop_agents=0/5 | mean_coop_neighbors=0.00 | active_neighbor_step_rate=0.806 | mean_active_neighbors_step=1.625 | max_active_neighbors_step=4 | interaction_reward=0.0000 | abs_interaction_reward=0.0000 | anti_stag_reward=0.0000 | abs_anti_stag_reward=0.0000 | wall_clear_reward=0.0000 | abs_wall_clear_reward=0.0000 | local_nav_reward=0.0000 | abs_local_nav_reward=0.0000 | robot_proximity_reward=-0.7306 | abs_robot_proximity_reward=0.7306 | robot_clearance_reward=0.0556 | context_neighbors_mean=1.71 | context_neighbors_max=4 | last_context_neighbors_mean=0.00 | last_context_neighbors_max=0 | actor_unlocked=1 | expl_noise=0.0722 | replay=30134 | interaction_replay=12812 | samples/sec=7.785
Actor gradient gate | passed=1 | safety_samples=165 | linear_positive_share=0.418 | angular_one_sided_share=0.612
Episode 350 complete | agent_samples=30220 | env_steps=12600 | episode_env_steps=52 | episode_agent_samples=86 | mean_reward=28.883 | success=3/5 | collision=2/5 | mean_final_distance=0.537 | mean_progress=0.0034 | min_laser=0.300 | mean_lin=0.405 | mean_ang=-0.790 | mean_robot_dist=inf | raw_reward=20.000 | adjusted_reward=20.000 | coop_agents=0/5 | mean_coop_neighbors=0.00 | active_neighbor_step_rate=0.500 | mean_active_neighbors_step=1.081 | max_active_neighbors_step=4 | interaction_reward=0.0000 | abs_interaction_reward=0.0000 | anti_stag_reward=0.0000 | abs_anti_stag_reward=0.0000 | wall_clear_reward=0.0000 | abs_wall_clear_reward=0.0000 | local_nav_reward=0.0000 | abs_local_nav_reward=0.0000 | robot_proximity_reward=-0.4535 | abs_robot_proximity_reward=0.4535 | robot_clearance_reward=0.0233 | context_neighbors_mean=1.12 | context_neighbors_max=4 | last_context_neighbors_mean=0.00 | last_context_neighbors_max=0 | actor_unlocked=1 | expl_noise=0.0721 | replay=30220 | interaction_replay=12849 | samples/sec=7.784
Status | epoch=2 | next_eval_in=9780 agent_samples | checkpoint_every=10 episodes | checkpoint=./checkpoints/interaction_focused_actor_from_5d_s20260725_latest.pt | model=interaction_focused_actor_from_5d_s20260725
Checkpoint saved: ./checkpoints/interaction_focused_actor_from_5d_s20260725_latest.pt
Actor gradient gate | passed=1 | safety_samples=174 | linear_positive_share=0.454 | angular_one_sided_share=0.632
Episode 351 complete | agent_samples=30270 | env_steps=12613 | episode_env_steps=13 | episode_agent_samples=50 | mean_reward=64.457 | success=4/5 | collision=1/5 | mean_final_distance=0.478 | mean_progress=0.0198 | min_laser=0.333 | mean_lin=0.999 | mean_ang=0.667 | mean_robot_dist=inf | raw_reward=20.000 | adjusted_reward=20.000 | coop_agents=0/5 | mean_coop_neighbors=0.00 | active_neighbor_step_rate=0.860 | mean_active_neighbors_step=2.300 | max_active_neighbors_step=4 | interaction_reward=0.0000 | abs_interaction_reward=0.0000 | anti_stag_reward=0.0000 | abs_anti_stag_reward=0.0000 | wall_clear_reward=0.0000 | abs_wall_clear_reward=0.0000 | local_nav_reward=0.0000 | abs_local_nav_reward=0.0000 | robot_proximity_reward=-1.2394 | abs_robot_proximity_reward=1.2394 | robot_clearance_reward=0.1200 | context_neighbors_mean=2.42 | context_neighbors_max=4 | last_context_neighbors_mean=0.00 | last_context_neighbors_max=0 | actor_unlocked=1 | expl_noise=0.0721 | replay=30270 | interaction_replay=12891 | samples/sec=7.789
Actor gradient gate | passed=1 | safety_samples=134 | linear_positive_share=0.448 | angular_one_sided_share=0.582
Episode 352 complete | agent_samples=30361 | env_steps=12656 | episode_env_steps=43 | episode_agent_samples=91 | mean_reward=82.848 | success=4/5 | collision=1/5 | mean_final_distance=0.486 | mean_progress=0.0109 | min_laser=0.345 | mean_lin=0.991 | mean_ang=-0.989 | mean_robot_dist=inf | raw_reward=20.000 | adjusted_reward=20.000 | coop_agents=0/5 | mean_coop_neighbors=0.00 | active_neighbor_step_rate=0.637 | mean_active_neighbors_step=1.440 | max_active_neighbors_step=4 | interaction_reward=0.0000 | abs_interaction_reward=0.0000 | anti_stag_reward=0.0000 | abs_anti_stag_reward=0.0000 | wall_clear_reward=0.0000 | abs_wall_clear_reward=0.0000 | local_nav_reward=0.0000 | abs_local_nav_reward=0.0000 | robot_proximity_reward=0.0000 | abs_robot_proximity_reward=0.0000 | robot_clearance_reward=0.0000 | context_neighbors_mean=1.46 | context_neighbors_max=4 | last_context_neighbors_mean=0.00 | last_context_neighbors_max=0 | actor_unlocked=1 | expl_noise=0.0721 | replay=30361 | interaction_replay=12911 | samples/sec=7.794
Actor gradient gate | passed=1 | safety_samples=158 | linear_positive_share=0.392 | angular_one_sided_share=0.506
Episode 353 complete | agent_samples=30453 | env_steps=12678 | episode_env_steps=22 | episode_agent_samples=92 | mean_reward=124.010 | success=5/5 | collision=0/5 | mean_final_distance=0.246 | mean_progress=0.0422 | min_laser=0.586 | mean_lin=1.000 | mean_ang=0.148 | mean_robot_dist=inf | raw_reward=40.000 | adjusted_reward=40.000 | coop_agents=0/5 | mean_coop_neighbors=0.00 | active_neighbor_step_rate=0.793 | mean_active_neighbors_step=2.043 | max_active_neighbors_step=4 | interaction_reward=0.0000 | abs_interaction_reward=0.0000 | anti_stag_reward=0.0000 | abs_anti_stag_reward=0.0000 | wall_clear_reward=0.0000 | abs_wall_clear_reward=0.0000 | local_nav_reward=0.0000 | abs_local_nav_reward=0.0000 | robot_proximity_reward=-0.5623 | abs_robot_proximity_reward=0.5623 | robot_clearance_reward=0.1210 | context_neighbors_mean=2.11 | context_neighbors_max=4 | last_context_neighbors_mean=0.00 | last_context_neighbors_max=0 | actor_unlocked=1 | expl_noise=0.0721 | replay=30453 | interaction_replay=12968 | samples/sec=7.808
Actor gradient gate | passed=1 | safety_samples=161 | linear_positive_share=0.416 | angular_one_sided_share=0.528
Episode 354 complete | agent_samples=30522 | env_steps=12699 | episode_env_steps=21 | episode_agent_samples=69 | mean_reward=29.508 | success=3/5 | collision=2/5 | mean_final_distance=0.747 | mean_progress=0.0050 | min_laser=0.300 | mean_lin=0.400 | mean_ang=-0.622 | mean_robot_dist=inf | raw_reward=20.000 | adjusted_reward=20.000 | coop_agents=0/5 | mean_coop_neighbors=0.00 | active_neighbor_step_rate=0.696 | mean_active_neighbors_step=1.594 | max_active_neighbors_step=4 | interaction_reward=0.0000 | abs_interaction_reward=0.0000 | anti_stag_reward=0.0000 | abs_anti_stag_reward=0.0000 | wall_clear_reward=0.0000 | abs_wall_clear_reward=0.0000 | local_nav_reward=0.0000 | abs_local_nav_reward=0.0000 | robot_proximity_reward=-0.7669 | abs_robot_proximity_reward=0.7669 | robot_clearance_reward=0.0086 | context_neighbors_mean=1.68 | context_neighbors_max=4 | last_context_neighbors_mean=0.00 | last_context_neighbors_max=0 | actor_unlocked=1 | expl_noise=0.0721 | replay=30522 | interaction_replay=13017 | samples/sec=7.816
Actor gradient gate | passed=1 | safety_samples=149 | linear_positive_share=0.443 | angular_one_sided_share=0.510
Episode 355 complete | agent_samples=30600 | env_steps=12725 | episode_env_steps=26 | episode_agent_samples=78 | mean_reward=113.804 | success=5/5 | collision=0/5 | mean_final_distance=0.260 | mean_progress=0.0228 | min_laser=0.428 | mean_lin=0.800 | mean_ang=0.562 | mean_robot_dist=inf | raw_reward=20.000 | adjusted_reward=20.000 | coop_agents=0/5 | mean_coop_neighbors=0.00 | active_neighbor_step_rate=0.564 | mean_active_neighbors_step=1.090 | max_active_neighbors_step=4 | interaction_reward=0.0000 | abs_interaction_reward=0.0000 | anti_stag_reward=0.0000 | abs_anti_stag_reward=0.0000 | wall_clear_reward=0.0000 | abs_wall_clear_reward=0.0000 | local_nav_reward=0.0000 | abs_local_nav_reward=0.0000 | robot_proximity_reward=-0.5157 | abs_robot_proximity_reward=0.5157 | robot_clearance_reward=0.0278 | context_neighbors_mean=1.14 | context_neighbors_max=4 | last_context_neighbors_mean=0.00 | last_context_neighbors_max=0 | actor_unlocked=1 | expl_noise=0.0720 | replay=30600 | interaction_replay=13040 | samples/sec=7.824
Status | epoch=2 | next_eval_in=9400 agent_samples | checkpoint_every=10 episodes | checkpoint=./checkpoints/interaction_focused_actor_from_5d_s20260725_latest.pt | model=interaction_focused_actor_from_5d_s20260725
Actor gradient gate | passed=1 | safety_samples=147 | linear_positive_share=0.517 | angular_one_sided_share=0.524
Episode 356 complete | agent_samples=30690 | env_steps=12772 | episode_env_steps=47 | episode_agent_samples=90 | mean_reward=63.336 | success=4/5 | collision=1/5 | mean_final_distance=0.471 | mean_progress=0.0116 | min_laser=0.300 | mean_lin=0.595 | mean_ang=-0.413 | mean_robot_dist=inf | raw_reward=20.000 | adjusted_reward=20.000 | coop_agents=0/5 | mean_coop_neighbors=0.00 | active_neighbor_step_rate=0.489 | mean_active_neighbors_step=1.122 | max_active_neighbors_step=4 | interaction_reward=0.0000 | abs_interaction_reward=0.0000 | anti_stag_reward=0.0000 | abs_anti_stag_reward=0.0000 | wall_clear_reward=0.0000 | abs_wall_clear_reward=0.0000 | local_nav_reward=0.0000 | abs_local_nav_reward=0.0000 | robot_proximity_reward=-0.4935 | abs_robot_proximity_reward=0.4935 | robot_clearance_reward=0.0399 | context_neighbors_mean=1.18 | context_neighbors_max=4 | last_context_neighbors_mean=0.00 | last_context_neighbors_max=0 | actor_unlocked=1 | expl_noise=0.0720 | replay=30690 | interaction_replay=13073 | samples/sec=7.827
Actor gradient gate | passed=1 | safety_samples=163 | linear_positive_share=0.350 | angular_one_sided_share=0.515
Episode 357 complete | agent_samples=30762 | env_steps=12794 | episode_env_steps=22 | episode_agent_samples=72 | mean_reward=22.508 | success=3/5 | collision=2/5 | mean_final_distance=0.401 | mean_progress=0.0278 | min_laser=0.300 | mean_lin=0.616 | mean_ang=-0.737 | mean_robot_dist=inf | raw_reward=20.000 | adjusted_reward=20.000 | coop_agents=0/5 | mean_coop_neighbors=0.00 | active_neighbor_step_rate=0.694 | mean_active_neighbors_step=1.681 | max_active_neighbors_step=4 | interaction_reward=0.0000 | abs_interaction_reward=0.0000 | anti_stag_reward=0.0000 | abs_anti_stag_reward=0.0000 | wall_clear_reward=0.0000 | abs_wall_clear_reward=0.0000 | local_nav_reward=0.0000 | abs_local_nav_reward=0.0000 | robot_proximity_reward=-0.5205 | abs_robot_proximity_reward=0.5205 | robot_clearance_reward=0.0283 | context_neighbors_mean=1.72 | context_neighbors_max=4 | last_context_neighbors_mean=0.00 | last_context_neighbors_max=0 | actor_unlocked=1 | expl_noise=0.0720 | replay=30762 | interaction_replay=13090 | samples/sec=7.835
Actor gradient gate | passed=1 | safety_samples=148 | linear_positive_share=0.378 | angular_one_sided_share=0.507
Episode 358 complete | agent_samples=30855 | env_steps=12818 | episode_env_steps=24 | episode_agent_samples=93 | mean_reward=120.675 | success=5/5 | collision=0/5 | mean_final_distance=0.272 | mean_progress=0.0072 | min_laser=0.379 | mean_lin=0.723 | mean_ang=-0.600 | mean_robot_dist=inf | raw_reward=20.000 | adjusted_reward=20.000 | coop_agents=0/5 | mean_coop_neighbors=0.00 | active_neighbor_step_rate=0.871 | mean_active_neighbors_step=1.796 | max_active_neighbors_step=4 | interaction_reward=0.0000 | abs_interaction_reward=0.0000 | anti_stag_reward=0.0000 | abs_anti_stag_reward=0.0000 | wall_clear_reward=0.0000 | abs_wall_clear_reward=0.0000 | local_nav_reward=0.0000 | abs_local_nav_reward=0.0000 | robot_proximity_reward=-0.0591 | abs_robot_proximity_reward=0.0591 | robot_clearance_reward=0.0430 | context_neighbors_mean=1.86 | context_neighbors_max=4 | last_context_neighbors_mean=0.00 | last_context_neighbors_max=0 | actor_unlocked=1 | expl_noise=0.0720 | replay=30855 | interaction_replay=13136 | samples/sec=7.848
Actor gradient gate | passed=1 | safety_samples=167 | linear_positive_share=0.371 | angular_one_sided_share=0.563
Episode 359 complete | agent_samples=30953 | env_steps=12851 | episode_env_steps=33 | episode_agent_samples=98 | mean_reward=84.351 | success=4/5 | collision=1/5 | mean_final_distance=0.474 | mean_progress=0.0246 | min_laser=0.301 | mean_lin=0.623 | mean_ang=-0.122 | mean_robot_dist=inf | raw_reward=20.000 | adjusted_reward=20.000 | coop_agents=0/5 | mean_coop_neighbors=0.00 | active_neighbor_step_rate=0.633 | mean_active_neighbors_step=1.531 | max_active_neighbors_step=4 | interaction_reward=0.0000 | abs_interaction_reward=0.0000 | anti_stag_reward=0.0000 | abs_anti_stag_reward=0.0000 | wall_clear_reward=0.0000 | abs_wall_clear_reward=0.0000 | local_nav_reward=0.0000 | abs_local_nav_reward=0.0000 | robot_proximity_reward=-0.3869 | abs_robot_proximity_reward=0.3869 | robot_clearance_reward=0.0000 | context_neighbors_mean=1.58 | context_neighbors_max=4 | last_context_neighbors_mean=0.00 | last_context_neighbors_max=0 | actor_unlocked=1 | expl_noise=0.0720 | replay=30953 | interaction_replay=13159 | samples/sec=7.859
Actor gradient gate | passed=1 | safety_samples=157 | linear_positive_share=0.427 | angular_one_sided_share=0.516
Episode 360 complete | agent_samples=31055 | env_steps=12892 | episode_env_steps=41 | episode_agent_samples=102 | mean_reward=80.516 | success=4/5 | collision=1/5 | mean_final_distance=0.502 | mean_progress=0.0141 | min_laser=0.321 | mean_lin=0.396 | mean_ang=-0.669 | mean_robot_dist=inf | raw_reward=20.000 | adjusted_reward=20.000 | coop_agents=0/5 | mean_coop_neighbors=0.00 | active_neighbor_step_rate=0.784 | mean_active_neighbors_step=1.716 | max_active_neighbors_step=4 | interaction_reward=0.0000 | abs_interaction_reward=0.0000 | anti_stag_reward=0.0000 | abs_anti_stag_reward=0.0000 | wall_clear_reward=0.0000 | abs_wall_clear_reward=0.0000 | local_nav_reward=0.0000 | abs_local_nav_reward=0.0000 | robot_proximity_reward=-0.2784 | abs_robot_proximity_reward=0.2784 | robot_clearance_reward=0.0406 | context_neighbors_mean=1.75 | context_neighbors_max=4 | last_context_neighbors_mean=0.00 | last_context_neighbors_max=0 | actor_unlocked=1 | expl_noise=0.0719 | replay=31055 | interaction_replay=13206 | samples/sec=7.867
Status | epoch=2 | next_eval_in=8945 agent_samples | checkpoint_every=10 episodes | checkpoint=./checkpoints/interaction_focused_actor_from_5d_s20260725_latest.pt | model=interaction_focused_actor_from_5d_s20260725
Checkpoint saved: ./checkpoints/interaction_focused_actor_from_5d_s20260725_latest.pt
Actor gradient gate | passed=1 | safety_samples=177 | linear_positive_share=0.395 | angular_one_sided_share=0.520
Episode 361 complete | agent_samples=31149 | env_steps=12925 | episode_env_steps=33 | episode_agent_samples=94 | mean_reward=41.417 | success=3/5 | collision=2/5 | mean_final_distance=0.421 | mean_progress=0.0240 | min_laser=0.325 | mean_lin=0.998 | mean_ang=-0.273 | mean_robot_dist=inf | raw_reward=20.000 | adjusted_reward=20.000 | coop_agents=0/5 | mean_coop_neighbors=0.00 | active_neighbor_step_rate=0.851 | mean_active_neighbors_step=1.809 | max_active_neighbors_step=4 | interaction_reward=0.0000 | abs_interaction_reward=0.0000 | anti_stag_reward=0.0000 | abs_anti_stag_reward=0.0000 | wall_clear_reward=0.0000 | abs_wall_clear_reward=0.0000 | local_nav_reward=0.0000 | abs_local_nav_reward=0.0000 | robot_proximity_reward=-0.4497 | abs_robot_proximity_reward=0.4497 | robot_clearance_reward=0.0000 | context_neighbors_mean=1.82 | context_neighbors_max=4 | last_context_neighbors_mean=0.00 | last_context_neighbors_max=0 | actor_unlocked=1 | expl_noise=0.0719 | replay=31149 | interaction_replay=13234 | samples/sec=7.874
Actor gradient gate | passed=1 | safety_samples=150 | linear_positive_share=0.427 | angular_one_sided_share=0.553
Episode 362 complete | agent_samples=31193 | env_steps=12936 | episode_env_steps=11 | episode_agent_samples=44 | mean_reward=22.703 | success=3/5 | collision=2/5 | mean_final_distance=0.491 | mean_progress=0.0189 | min_laser=0.300 | mean_lin=0.789 | mean_ang=-0.194 | mean_robot_dist=inf | raw_reward=20.000 | adjusted_reward=20.000 | coop_agents=0/5 | mean_coop_neighbors=0.00 | active_neighbor_step_rate=0.932 | mean_active_neighbors_step=2.591 | max_active_neighbors_step=4 | interaction_reward=0.0000 | abs_interaction_reward=0.0000 | anti_stag_reward=0.0000 | abs_anti_stag_reward=0.0000 | wall_clear_reward=0.0000 | abs_wall_clear_reward=0.0000 | local_nav_reward=0.0000 | abs_local_nav_reward=0.0000 | robot_proximity_reward=-0.7305 | abs_robot_proximity_reward=0.7305 | robot_clearance_reward=0.0000 | context_neighbors_mean=2.61 | context_neighbors_max=4 | last_context_neighbors_mean=0.00 | last_context_neighbors_max=0 | actor_unlocked=1 | expl_noise=0.0719 | replay=31193 | interaction_replay=13275 | samples/sec=7.880
Actor gradient gate | passed=1 | safety_samples=159 | linear_positive_share=0.384 | angular_one_sided_share=0.535
Episode 363 complete | agent_samples=31253 | env_steps=12952 | episode_env_steps=16 | episode_agent_samples=60 | mean_reward=-9.314 | success=2/5 | collision=3/5 | mean_final_distance=0.676 | mean_progress=0.0153 | min_laser=0.324 | mean_lin=0.997 | mean_ang=0.174 | mean_robot_dist=inf | raw_reward=20.000 | adjusted_reward=20.000 | coop_agents=0/5 | mean_coop_neighbors=0.00 | active_neighbor_step_rate=0.950 | mean_active_neighbors_step=2.750 | max_active_neighbors_step=4 | interaction_reward=0.0000 | abs_interaction_reward=0.0000 | anti_stag_reward=0.0000 | abs_anti_stag_reward=0.0000 | wall_clear_reward=0.0000 | abs_wall_clear_reward=0.0000 | local_nav_reward=0.0000 | abs_local_nav_reward=0.0000 | robot_proximity_reward=-0.7067 | abs_robot_proximity_reward=0.7067 | robot_clearance_reward=0.0000 | context_neighbors_mean=2.78 | context_neighbors_max=4 | last_context_neighbors_mean=0.00 | last_context_neighbors_max=0 | actor_unlocked=1 | expl_noise=0.0719 | replay=31253 | interaction_replay=13299 | samples/sec=7.888
Actor gradient gate | passed=1 | safety_samples=161 | linear_positive_share=0.528 | angular_one_sided_share=0.534
Episode 364 complete | agent_samples=31316 | env_steps=12973 | episode_env_steps=21 | episode_agent_samples=63 | mean_reward=75.477 | success=4/5 | collision=1/5 | mean_final_distance=0.491 | mean_progress=0.0142 | min_laser=0.301 | mean_lin=0.806 | mean_ang=-0.329 | mean_robot_dist=inf | raw_reward=20.000 | adjusted_reward=20.000 | coop_agents=0/5 | mean_coop_neighbors=0.00 | active_neighbor_step_rate=0.587 | mean_active_neighbors_step=1.365 | max_active_neighbors_step=4 | interaction_reward=0.0000 | abs_interaction_reward=0.0000 | anti_stag_reward=0.0000 | abs_anti_stag_reward=0.0000 | wall_clear_reward=0.0000 | abs_wall_clear_reward=0.0000 | local_nav_reward=0.0000 | abs_local_nav_reward=0.0000 | robot_proximity_reward=-0.6348 | abs_robot_proximity_reward=0.6348 | robot_clearance_reward=0.0355 | context_neighbors_mean=1.40 | context_neighbors_max=4 | last_context_neighbors_mean=0.00 | last_context_neighbors_max=0 | actor_unlocked=1 | expl_noise=0.0719 | replay=31316 | interaction_replay=13322 | samples/sec=7.895
Actor gradient gate | passed=1 | safety_samples=156 | linear_positive_share=0.455 | angular_one_sided_share=0.506
Episode 365 complete | agent_samples=31397 | env_steps=13020 | episode_env_steps=47 | episode_agent_samples=81 | mean_reward=105.696 | success=5/5 | collision=0/5 | mean_final_distance=0.241 | mean_progress=0.0111 | min_laser=0.367 | mean_lin=1.000 | mean_ang=0.201 | mean_robot_dist=inf | raw_reward=20.000 | adjusted_reward=20.000 | coop_agents=0/5 | mean_coop_neighbors=0.00 | active_neighbor_step_rate=0.383 | mean_active_neighbors_step=0.963 | max_active_neighbors_step=4 | interaction_reward=0.0000 | abs_interaction_reward=0.0000 | anti_stag_reward=0.0000 | abs_anti_stag_reward=0.0000 | wall_clear_reward=0.0000 | abs_wall_clear_reward=0.0000 | local_nav_reward=0.0000 | abs_local_nav_reward=0.0000 | robot_proximity_reward=-0.4948 | abs_robot_proximity_reward=0.4948 | robot_clearance_reward=0.0247 | context_neighbors_mean=1.05 | context_neighbors_max=4 | last_context_neighbors_mean=0.00 | last_context_neighbors_max=0 | actor_unlocked=1 | expl_noise=0.0719 | replay=31397 | interaction_replay=13354 | samples/sec=7.895
Status | epoch=2 | next_eval_in=8603 agent_samples | checkpoint_every=10 episodes | checkpoint=./checkpoints/interaction_focused_actor_from_5d_s20260725_latest.pt | model=interaction_focused_actor_from_5d_s20260725
Actor gradient gate | passed=1 | safety_samples=161 | linear_positive_share=0.484 | angular_one_sided_share=0.559
Episode 366 complete | agent_samples=31514 | env_steps=13095 | episode_env_steps=75 | episode_agent_samples=117 | mean_reward=64.228 | success=4/5 | collision=1/5 | mean_final_distance=0.572 | mean_progress=0.0094 | min_laser=0.318 | mean_lin=0.807 | mean_ang=-0.184 | mean_robot_dist=inf | raw_reward=20.000 | adjusted_reward=20.000 | coop_agents=0/5 | mean_coop_neighbors=0.00 | active_neighbor_step_rate=0.385 | mean_active_neighbors_step=0.778 | max_active_neighbors_step=4 | interaction_reward=0.0000 | abs_interaction_reward=0.0000 | anti_stag_reward=0.0000 | abs_anti_stag_reward=0.0000 | wall_clear_reward=0.0000 | abs_wall_clear_reward=0.0000 | local_nav_reward=0.0000 | abs_local_nav_reward=0.0000 | robot_proximity_reward=-0.1204 | abs_robot_proximity_reward=0.1204 | robot_clearance_reward=0.0217 | context_neighbors_mean=0.79 | context_neighbors_max=4 | last_context_neighbors_mean=0.00 | last_context_neighbors_max=0 | actor_unlocked=1 | expl_noise=0.0718 | replay=31514 | interaction_replay=13389 | samples/sec=7.892
Actor gradient gate | passed=1 | safety_samples=165 | linear_positive_share=0.400 | angular_one_sided_share=0.515
Episode 367 complete | agent_samples=31576 | env_steps=13113 | episode_env_steps=18 | episode_agent_samples=62 | mean_reward=33.424 | success=3/5 | collision=2/5 | mean_final_distance=0.379 | mean_progress=0.0128 | min_laser=0.317 | mean_lin=0.805 | mean_ang=0.731 | mean_robot_dist=inf | raw_reward=20.000 | adjusted_reward=20.000 | coop_agents=0/5 | mean_coop_neighbors=0.00 | active_neighbor_step_rate=0.790 | mean_active_neighbors_step=1.823 | max_active_neighbors_step=4 | interaction_reward=0.0000 | abs_interaction_reward=0.0000 | anti_stag_reward=0.0000 | abs_anti_stag_reward=0.0000 | wall_clear_reward=0.0000 | abs_wall_clear_reward=0.0000 | local_nav_reward=0.0000 | abs_local_nav_reward=0.0000 | robot_proximity_reward=-0.7074 | abs_robot_proximity_reward=0.7074 | robot_clearance_reward=0.0323 | context_neighbors_mean=1.87 | context_neighbors_max=4 | last_context_neighbors_mean=0.00 | last_context_neighbors_max=0 | actor_unlocked=1 | expl_noise=0.0718 | replay=31576 | interaction_replay=13439 | samples/sec=7.899
Actor gradient gate | passed=1 | safety_samples=149 | linear_positive_share=0.389 | angular_one_sided_share=0.570
Episode 368 complete | agent_samples=31664 | env_steps=13141 | episode_env_steps=28 | episode_agent_samples=88 | mean_reward=124.615 | success=5/5 | collision=0/5 | mean_final_distance=0.237 | mean_progress=0.0125 | min_laser=0.721 | mean_lin=0.994 | mean_ang=-0.200 | mean_robot_dist=inf | raw_reward=20.000 | adjusted_reward=20.000 | coop_agents=0/5 | mean_coop_neighbors=0.00 | active_neighbor_step_rate=0.580 | mean_active_neighbors_step=1.364 | max_active_neighbors_step=4 | interaction_reward=0.0000 | abs_interaction_reward=0.0000 | anti_stag_reward=0.0000 | abs_anti_stag_reward=0.0000 | wall_clear_reward=0.0000 | abs_wall_clear_reward=0.0000 | local_nav_reward=0.0000 | abs_local_nav_reward=0.0000 | robot_proximity_reward=-0.2555 | abs_robot_proximity_reward=0.2555 | robot_clearance_reward=0.0240 | context_neighbors_mean=1.45 | context_neighbors_max=4 | last_context_neighbors_mean=0.00 | last_context_neighbors_max=0 | actor_unlocked=1 | expl_noise=0.0718 | replay=31664 | interaction_replay=13486 | samples/sec=7.909
Actor gradient gate | passed=1 | safety_samples=163 | linear_positive_share=0.393 | angular_one_sided_share=0.552
Episode 369 complete | agent_samples=31714 | env_steps=13155 | episode_env_steps=14 | episode_agent_samples=50 | mean_reward=77.063 | success=4/5 | collision=1/5 | mean_final_distance=0.491 | mean_progress=0.0215 | min_laser=0.335 | mean_lin=0.800 | mean_ang=-0.248 | mean_robot_dist=inf | raw_reward=20.000 | adjusted_reward=20.000 | coop_agents=0/5 | mean_coop_neighbors=0.00 | active_neighbor_step_rate=0.560 | mean_active_neighbors_step=1.400 | max_active_neighbors_step=4 | interaction_reward=0.0000 | abs_interaction_reward=0.0000 | anti_stag_reward=0.0000 | abs_anti_stag_reward=0.0000 | wall_clear_reward=0.0000 | abs_wall_clear_reward=0.0000 | local_nav_reward=0.0000 | abs_local_nav_reward=0.0000 | robot_proximity_reward=-0.6608 | abs_robot_proximity_reward=0.6608 | robot_clearance_reward=0.0530 | context_neighbors_mean=1.50 | context_neighbors_max=4 | last_context_neighbors_mean=0.00 | last_context_neighbors_max=0 | actor_unlocked=1 | expl_noise=0.0718 | replay=31714 | interaction_replay=13515 | samples/sec=7.915
Actor gradient gate | passed=1 | safety_samples=147 | linear_positive_share=0.381 | angular_one_sided_share=0.510
Episode 370 complete | agent_samples=31763 | env_steps=13167 | episode_env_steps=12 | episode_agent_samples=49 | mean_reward=67.511 | success=4/5 | collision=1/5 | mean_final_distance=0.475 | mean_progress=0.0472 | min_laser=0.342 | mean_lin=0.925 | mean_ang=-0.162 | mean_robot_dist=inf | raw_reward=40.000 | adjusted_reward=40.000 | coop_agents=1/5 | mean_coop_neighbors=0.20 | active_neighbor_step_rate=0.878 | mean_active_neighbors_step=2.286 | max_active_neighbors_step=4 | interaction_reward=0.0000 | abs_interaction_reward=0.0000 | anti_stag_reward=0.0000 | abs_anti_stag_reward=0.0000 | wall_clear_reward=0.0000 | abs_wall_clear_reward=0.0000 | local_nav_reward=0.0000 | abs_local_nav_reward=0.0000 | robot_proximity_reward=-1.0960 | abs_robot_proximity_reward=1.0960 | robot_clearance_reward=0.1224 | context_neighbors_mean=2.43 | context_neighbors_max=4 | last_context_neighbors_mean=0.00 | last_context_neighbors_max=0 | actor_unlocked=1 | expl_noise=0.0718 | replay=31763 | interaction_replay=13557 | samples/sec=7.922
Status | epoch=2 | next_eval_in=8237 agent_samples | checkpoint_every=10 episodes | checkpoint=./checkpoints/interaction_focused_actor_from_5d_s20260725_latest.pt | model=interaction_focused_actor_from_5d_s20260725
Checkpoint saved: ./checkpoints/interaction_focused_actor_from_5d_s20260725_latest.pt
Actor gradient gate | passed=1 | safety_samples=165 | linear_positive_share=0.424 | angular_one_sided_share=0.552
Episode 371 complete | agent_samples=31849 | env_steps=13203 | episode_env_steps=36 | episode_agent_samples=86 | mean_reward=81.977 | success=4/5 | collision=1/5 | mean_final_distance=0.466 | mean_progress=0.0110 | min_laser=0.324 | mean_lin=0.992 | mean_ang=-0.538 | mean_robot_dist=inf | raw_reward=20.000 | adjusted_reward=20.000 | coop_agents=0/5 | mean_coop_neighbors=0.00 | active_neighbor_step_rate=0.663 | mean_active_neighbors_step=1.477 | max_active_neighbors_step=4 | interaction_reward=0.0000 | abs_interaction_reward=0.0000 | anti_stag_reward=0.0000 | abs_anti_stag_reward=0.0000 | wall_clear_reward=0.0000 | abs_wall_clear_reward=0.0000 | local_nav_reward=0.0000 | abs_local_nav_reward=0.0000 | robot_proximity_reward=0.0000 | abs_robot_proximity_reward=0.0000 | robot_clearance_reward=0.0000 | context_neighbors_mean=1.52 | context_neighbors_max=4 | last_context_neighbors_mean=0.00 | last_context_neighbors_max=0 | actor_unlocked=1 | expl_noise=0.0717 | replay=31849 | interaction_replay=13576 | samples/sec=7.926
Actor gradient gate | passed=1 | safety_samples=153 | linear_positive_share=0.327 | angular_one_sided_share=0.523
Episode 372 complete | agent_samples=31904 | env_steps=13221 | episode_env_steps=18 | episode_agent_samples=55 | mean_reward=23.044 | success=3/5 | collision=2/5 | mean_final_distance=0.397 | mean_progress=0.0232 | min_laser=0.300 | mean_lin=0.799 | mean_ang=0.155 | mean_robot_dist=inf | raw_reward=20.000 | adjusted_reward=20.000 | coop_agents=0/5 | mean_coop_neighbors=0.00 | active_neighbor_step_rate=0.836 | mean_active_neighbors_step=2.582 | max_active_neighbors_step=4 | interaction_reward=0.0000 | abs_interaction_reward=0.0000 | anti_stag_reward=0.0000 | abs_anti_stag_reward=0.0000 | wall_clear_reward=0.0000 | abs_wall_clear_reward=0.0000 | local_nav_reward=0.0000 | abs_local_nav_reward=0.0000 | robot_proximity_reward=-0.9010 | abs_robot_proximity_reward=0.9010 | robot_clearance_reward=0.0000 | context_neighbors_mean=2.62 | context_neighbors_max=4 | last_context_neighbors_mean=0.00 | last_context_neighbors_max=0 | actor_unlocked=1 | expl_noise=0.0717 | replay=31904 | interaction_replay=13619 | samples/sec=7.932
Actor gradient gate | passed=1 | safety_samples=150 | linear_positive_share=0.400 | angular_one_sided_share=0.500
Episode 373 complete | agent_samples=32045 | env_steps=13306 | episode_env_steps=85 | episode_agent_samples=141 | mean_reward=-17.955 | success=2/5 | collision=3/5 | mean_final_distance=0.548 | mean_progress=0.0081 | min_laser=0.300 | mean_lin=0.747 | mean_ang=-0.186 | mean_robot_dist=inf | raw_reward=20.000 | adjusted_reward=20.000 | coop_agents=0/5 | mean_coop_neighbors=0.00 | active_neighbor_step_rate=0.454 | mean_active_neighbors_step=1.255 | max_active_neighbors_step=4 | interaction_reward=0.0000 | abs_interaction_reward=0.0000 | anti_stag_reward=0.0000 | abs_anti_stag_reward=0.0000 | wall_clear_reward=0.0000 | abs_wall_clear_reward=0.0000 | local_nav_reward=0.0000 | abs_local_nav_reward=0.0000 | robot_proximity_reward=-0.6431 | abs_robot_proximity_reward=0.6431 | robot_clearance_reward=0.0209 | context_neighbors_mean=1.28 | context_neighbors_max=4 | last_context_neighbors_mean=0.00 | last_context_neighbors_max=0 | actor_unlocked=1 | expl_noise=0.0717 | replay=32045 | interaction_replay=13685 | samples/sec=7.930
Actor gradient gate | passed=1 | safety_samples=161 | linear_positive_share=0.398 | angular_one_sided_share=0.547
Episode 374 complete | agent_samples=32116 | env_steps=13331 | episode_env_steps=25 | episode_agent_samples=71 | mean_reward=120.664 | success=5/5 | collision=0/5 | mean_final_distance=0.233 | mean_progress=0.0162 | min_laser=0.425 | mean_lin=0.992 | mean_ang=-0.051 | mean_robot_dist=inf | raw_reward=20.000 | adjusted_reward=20.000 | coop_agents=0/5 | mean_coop_neighbors=0.00 | active_neighbor_step_rate=0.465 | mean_active_neighbors_step=1.197 | max_active_neighbors_step=3 | interaction_reward=0.0000 | abs_interaction_reward=0.0000 | anti_stag_reward=0.0000 | abs_anti_stag_reward=0.0000 | wall_clear_reward=0.0000 | abs_wall_clear_reward=0.0000 | local_nav_reward=0.0000 | abs_local_nav_reward=0.0000 | robot_proximity_reward=-0.5663 | abs_robot_proximity_reward=0.5663 | robot_clearance_reward=0.0563 | context_neighbors_mean=1.27 | context_neighbors_max=3 | last_context_neighbors_mean=0.00 | last_context_neighbors_max=0 | actor_unlocked=1 | expl_noise=0.0717 | replay=32116 | interaction_replay=13706 | samples/sec=7.937
Actor gradient gate | passed=1 | safety_samples=161 | linear_positive_share=0.391 | angular_one_sided_share=0.596
Episode 375 complete | agent_samples=32211 | env_steps=13371 | episode_env_steps=40 | episode_agent_samples=95 | mean_reward=10.514 | success=3/5 | collision=2/5 | mean_final_distance=0.791 | mean_progress=0.0068 | min_laser=0.302 | mean_lin=1.000 | mean_ang=0.078 | mean_robot_dist=inf | raw_reward=20.000 | adjusted_reward=20.000 | coop_agents=0/5 | mean_coop_neighbors=0.00 | active_neighbor_step_rate=0.789 | mean_active_neighbors_step=1.547 | max_active_neighbors_step=4 | interaction_reward=0.0000 | abs_interaction_reward=0.0000 | anti_stag_reward=0.0000 | abs_anti_stag_reward=0.0000 | wall_clear_reward=0.0000 | abs_wall_clear_reward=0.0000 | local_nav_reward=0.0000 | abs_local_nav_reward=0.0000 | robot_proximity_reward=-0.6206 | abs_robot_proximity_reward=0.6206 | robot_clearance_reward=0.0211 | context_neighbors_mean=1.55 | context_neighbors_max=4 | last_context_neighbors_mean=0.00 | last_context_neighbors_max=0 | actor_unlocked=1 | expl_noise=0.0716 | replay=32211 | interaction_replay=13727 | samples/sec=7.943
Status | epoch=2 | next_eval_in=7789 agent_samples | checkpoint_every=10 episodes | checkpoint=./checkpoints/interaction_focused_actor_from_5d_s20260725_latest.pt | model=interaction_focused_actor_from_5d_s20260725
Actor gradient gate | passed=1 | safety_samples=164 | linear_positive_share=0.421 | angular_one_sided_share=0.549
Episode 376 complete | agent_samples=32252 | env_steps=13384 | episode_env_steps=13 | episode_agent_samples=41 | mean_reward=-18.658 | success=2/5 | collision=3/5 | mean_final_distance=1.083 | mean_progress=0.0056 | min_laser=0.300 | mean_lin=0.398 | mean_ang=-0.915 | mean_robot_dist=inf | raw_reward=20.000 | adjusted_reward=20.000 | coop_agents=0/5 | mean_coop_neighbors=0.00 | active_neighbor_step_rate=0.366 | mean_active_neighbors_step=0.756 | max_active_neighbors_step=3 | interaction_reward=0.0000 | abs_interaction_reward=0.0000 | anti_stag_reward=0.0000 | abs_anti_stag_reward=0.0000 | wall_clear_reward=0.0000 | abs_wall_clear_reward=0.0000 | local_nav_reward=0.0000 | abs_local_nav_reward=0.0000 | robot_proximity_reward=-0.8801 | abs_robot_proximity_reward=0.8801 | robot_clearance_reward=0.0000 | context_neighbors_mean=0.76 | context_neighbors_max=3 | last_context_neighbors_mean=0.00 | last_context_neighbors_max=0 | actor_unlocked=1 | expl_noise=0.0716 | replay=32252 | interaction_replay=13735 | samples/sec=7.947
Actor gradient gate | passed=1 | safety_samples=150 | linear_positive_share=0.400 | angular_one_sided_share=0.640
Episode 377 complete | agent_samples=32299 | env_steps=13395 | episode_env_steps=11 | episode_agent_samples=47 | mean_reward=59.783 | success=4/5 | collision=1/5 | mean_final_distance=0.483 | mean_progress=0.0181 | min_laser=0.300 | mean_lin=0.992 | mean_ang=0.554 | mean_robot_dist=inf | raw_reward=20.000 | adjusted_reward=20.000 | coop_agents=0/5 | mean_coop_neighbors=0.00 | active_neighbor_step_rate=0.957 | mean_active_neighbors_step=2.426 | max_active_neighbors_step=4 | interaction_reward=0.0000 | abs_interaction_reward=0.0000 | anti_stag_reward=0.0000 | abs_anti_stag_reward=0.0000 | wall_clear_reward=0.0000 | abs_wall_clear_reward=0.0000 | local_nav_reward=0.0000 | abs_local_nav_reward=0.0000 | robot_proximity_reward=-0.9527 | abs_robot_proximity_reward=0.9527 | robot_clearance_reward=0.0000 | context_neighbors_mean=2.45 | context_neighbors_max=4 | last_context_neighbors_mean=0.00 | last_context_neighbors_max=0 | actor_unlocked=1 | expl_noise=0.0716 | replay=32299 | interaction_replay=13780 | samples/sec=7.954
Actor gradient gate | passed=1 | safety_samples=148 | linear_positive_share=0.324 | angular_one_sided_share=0.622
Episode 378 complete | agent_samples=32372 | env_steps=13422 | episode_env_steps=27 | episode_agent_samples=73 | mean_reward=17.988 | success=3/5 | collision=2/5 | mean_final_distance=0.565 | mean_progress=0.0167 | min_laser=0.300 | mean_lin=0.799 | mean_ang=-0.203 | mean_robot_dist=inf | raw_reward=20.000 | adjusted_reward=20.000 | coop_agents=0/5 | mean_coop_neighbors=0.00 | active_neighbor_step_rate=0.767 | mean_active_neighbors_step=1.397 | max_active_neighbors_step=4 | interaction_reward=0.0000 | abs_interaction_reward=0.0000 | anti_stag_reward=0.0000 | abs_anti_stag_reward=0.0000 | wall_clear_reward=0.0000 | abs_wall_clear_reward=0.0000 | local_nav_reward=0.0000 | abs_local_nav_reward=0.0000 | robot_proximity_reward=-0.6012 | abs_robot_proximity_reward=0.6012 | robot_clearance_reward=0.0000 | context_neighbors_mean=1.47 | context_neighbors_max=4 | last_context_neighbors_mean=0.00 | last_context_neighbors_max=0 | actor_unlocked=1 | expl_noise=0.0716 | replay=32372 | interaction_replay=13810 | samples/sec=7.960
Actor gradient gate | passed=1 | safety_samples=156 | linear_positive_share=0.378 | angular_one_sided_share=0.500
Episode 379 complete | agent_samples=32417 | env_steps=13432 | episode_env_steps=10 | episode_agent_samples=45 | mean_reward=34.881 | success=3/5 | collision=2/5 | mean_final_distance=0.508 | mean_progress=0.0400 | min_laser=0.323 | mean_lin=0.797 | mean_ang=-0.118 | mean_robot_dist=inf | raw_reward=40.000 | adjusted_reward=40.000 | coop_agents=0/5 | mean_coop_neighbors=0.00 | active_neighbor_step_rate=0.844 | mean_active_neighbors_step=2.067 | max_active_neighbors_step=4 | interaction_reward=0.0000 | abs_interaction_reward=0.0000 | anti_stag_reward=0.0000 | abs_anti_stag_reward=0.0000 | wall_clear_reward=0.0000 | abs_wall_clear_reward=0.0000 | local_nav_reward=0.0000 | abs_local_nav_reward=0.0000 | robot_proximity_reward=-0.6750 | abs_robot_proximity_reward=0.6750 | robot_clearance_reward=0.0000 | context_neighbors_mean=2.16 | context_neighbors_max=4 | last_context_neighbors_mean=0.00 | last_context_neighbors_max=0 | actor_unlocked=1 | expl_noise=0.0716 | replay=32417 | interaction_replay=13849 | samples/sec=7.967
Actor gradient gate | passed=1 | safety_samples=155 | linear_positive_share=0.361 | angular_one_sided_share=0.594
Episode 380 complete | agent_samples=32484 | env_steps=13458 | episode_env_steps=26 | episode_agent_samples=67 | mean_reward=124.064 | success=5/5 | collision=0/5 | mean_final_distance=0.267 | mean_progress=0.0178 | min_laser=0.463 | mean_lin=1.000 | mean_ang=0.222 | mean_robot_dist=inf | raw_reward=20.000 | adjusted_reward=20.000 | coop_agents=0/5 | mean_coop_neighbors=0.00 | active_neighbor_step_rate=0.731 | mean_active_neighbors_step=1.881 | max_active_neighbors_step=4 | interaction_reward=0.0000 | abs_interaction_reward=0.0000 | anti_stag_reward=0.0000 | abs_anti_stag_reward=0.0000 | wall_clear_reward=0.0000 | abs_wall_clear_reward=0.0000 | local_nav_reward=0.0000 | abs_local_nav_reward=0.0000 | robot_proximity_reward=-0.0262 | abs_robot_proximity_reward=0.0262 | robot_clearance_reward=0.0000 | context_neighbors_mean=1.93 | context_neighbors_max=4 | last_context_neighbors_mean=0.00 | last_context_neighbors_max=0 | actor_unlocked=1 | expl_noise=0.0716 | replay=32484 | interaction_replay=13867 | samples/sec=7.972
Status | epoch=2 | next_eval_in=7516 agent_samples | checkpoint_every=10 episodes | checkpoint=./checkpoints/interaction_focused_actor_from_5d_s20260725_latest.pt | model=interaction_focused_actor_from_5d_s20260725
Checkpoint saved: ./checkpoints/interaction_focused_actor_from_5d_s20260725_latest.pt
Actor gradient gate | passed=1 | safety_samples=151 | linear_positive_share=0.358 | angular_one_sided_share=0.556
Episode 381 complete | agent_samples=32573 | env_steps=13515 | episode_env_steps=57 | episode_agent_samples=89 | mean_reward=22.450 | success=3/5 | collision=2/5 | mean_final_distance=0.614 | mean_progress=0.0096 | min_laser=0.301 | mean_lin=0.994 | mean_ang=0.112 | mean_robot_dist=inf | raw_reward=20.000 | adjusted_reward=20.000 | coop_agents=0/5 | mean_coop_neighbors=0.00 | active_neighbor_step_rate=0.438 | mean_active_neighbors_step=0.910 | max_active_neighbors_step=4 | interaction_reward=0.0000 | abs_interaction_reward=0.0000 | anti_stag_reward=0.0000 | abs_anti_stag_reward=0.0000 | wall_clear_reward=0.0000 | abs_wall_clear_reward=0.0000 | local_nav_reward=0.0000 | abs_local_nav_reward=0.0000 | robot_proximity_reward=-0.7984 | abs_robot_proximity_reward=0.7984 | robot_clearance_reward=0.0327 | context_neighbors_mean=0.96 | context_neighbors_max=4 | last_context_neighbors_mean=0.00 | last_context_neighbors_max=0 | actor_unlocked=1 | expl_noise=0.0716 | replay=32573 | interaction_replay=13907 | samples/sec=7.968
Actor gradient gate | passed=1 | safety_samples=158 | linear_positive_share=0.449 | angular_one_sided_share=0.532
Episode 382 complete | agent_samples=32670 | env_steps=13577 | episode_env_steps=62 | episode_agent_samples=97 | mean_reward=53.793 | success=4/5 | collision=1/5 | mean_final_distance=0.448 | mean_progress=0.0154 | min_laser=0.330 | mean_lin=0.747 | mean_ang=0.186 | mean_robot_dist=inf | raw_reward=20.000 | adjusted_reward=20.000 | coop_agents=0/5 | mean_coop_neighbors=0.00 | active_neighbor_step_rate=0.412 | mean_active_neighbors_step=1.134 | max_active_neighbors_step=4 | interaction_reward=0.0000 | abs_interaction_reward=0.0000 | anti_stag_reward=0.0000 | abs_anti_stag_reward=0.0000 | wall_clear_reward=0.0000 | abs_wall_clear_reward=0.0000 | local_nav_reward=0.0000 | abs_local_nav_reward=0.0000 | robot_proximity_reward=-0.2799 | abs_robot_proximity_reward=0.2799 | robot_clearance_reward=0.0000 | context_neighbors_mean=1.16 | context_neighbors_max=4 | last_context_neighbors_mean=0.00 | last_context_neighbors_max=0 | actor_unlocked=1 | expl_noise=0.0715 | replay=32670 | interaction_replay=13948 | samples/sec=7.965
Actor gradient gate | passed=1 | safety_samples=198 | linear_positive_share=0.333 | angular_one_sided_share=0.556
Episode 383 complete | agent_samples=32807 | env_steps=13634 | episode_env_steps=57 | episode_agent_samples=137 | mean_reward=104.310 | success=5/5 | collision=0/5 | mean_final_distance=0.267 | mean_progress=0.0178 | min_laser=0.369 | mean_lin=0.800 | mean_ang=-0.190 | mean_robot_dist=inf | raw_reward=20.000 | adjusted_reward=20.000 | coop_agents=0/5 | mean_coop_neighbors=0.00 | active_neighbor_step_rate=0.693 | mean_active_neighbors_step=1.657 | max_active_neighbors_step=4 | interaction_reward=0.0000 | abs_interaction_reward=0.0000 | anti_stag_reward=0.0000 | abs_anti_stag_reward=0.0000 | wall_clear_reward=0.0000 | abs_wall_clear_reward=0.0000 | local_nav_reward=0.0000 | abs_local_nav_reward=0.0000 | robot_proximity_reward=-0.4854 | abs_robot_proximity_reward=0.4854 | robot_clearance_reward=0.0493 | context_neighbors_mean=1.66 | context_neighbors_max=4 | last_context_neighbors_mean=0.00 | last_context_neighbors_max=0 | actor_unlocked=1 | expl_noise=0.0715 | replay=32807 | interaction_replay=13985 | samples/sec=7.974
Actor gradient gate | passed=1 | safety_samples=158 | linear_positive_share=0.449 | angular_one_sided_share=0.513
Episode 384 complete | agent_samples=32937 | env_steps=13699 | episode_env_steps=65 | episode_agent_samples=130 | mean_reward=140.420 | success=5/5 | collision=0/5 | mean_final_distance=0.240 | mean_progress=0.0027 | min_laser=0.568 | mean_lin=1.000 | mean_ang=0.501 | mean_robot_dist=inf | raw_reward=20.000 | adjusted_reward=20.000 | coop_agents=0/5 | mean_coop_neighbors=0.00 | active_neighbor_step_rate=0.454 | mean_active_neighbors_step=0.885 | max_active_neighbors_step=4 | interaction_reward=0.0000 | abs_interaction_reward=0.0000 | anti_stag_reward=0.0000 | abs_anti_stag_reward=0.0000 | wall_clear_reward=0.0000 | abs_wall_clear_reward=0.0000 | local_nav_reward=0.0000 | abs_local_nav_reward=0.0000 | robot_proximity_reward=-0.0057 | abs_robot_proximity_reward=0.0057 | robot_clearance_reward=0.0000 | context_neighbors_mean=0.93 | context_neighbors_max=4 | last_context_neighbors_mean=0.00 | last_context_neighbors_max=0 | actor_unlocked=1 | expl_noise=0.0714 | replay=32937 | interaction_replay=14013 | samples/sec=7.978
Actor gradient gate | passed=1 | safety_samples=160 | linear_positive_share=0.419 | angular_one_sided_share=0.519
Episode 385 complete | agent_samples=33040 | env_steps=13745 | episode_env_steps=46 | episode_agent_samples=103 | mean_reward=119.261 | success=5/5 | collision=0/5 | mean_final_distance=0.289 | mean_progress=0.0052 | min_laser=0.419 | mean_lin=0.982 | mean_ang=-0.270 | mean_robot_dist=inf | raw_reward=20.000 | adjusted_reward=20.000 | coop_agents=0/5 | mean_coop_neighbors=0.00 | active_neighbor_step_rate=0.447 | mean_active_neighbors_step=1.039 | max_active_neighbors_step=4 | interaction_reward=0.0000 | abs_interaction_reward=0.0000 | anti_stag_reward=0.0000 | abs_anti_stag_reward=0.0000 | wall_clear_reward=0.0000 | abs_wall_clear_reward=0.0000 | local_nav_reward=0.0000 | abs_local_nav_reward=0.0000 | robot_proximity_reward=-0.3811 | abs_robot_proximity_reward=0.3811 | robot_clearance_reward=0.0508 | context_neighbors_mean=1.06 | context_neighbors_max=4 | last_context_neighbors_mean=0.00 | last_context_neighbors_max=0 | actor_unlocked=1 | expl_noise=0.0714 | replay=33040 | interaction_replay=14051 | samples/sec=7.983
Status | epoch=2 | next_eval_in=6960 agent_samples | checkpoint_every=10 episodes | checkpoint=./checkpoints/interaction_focused_actor_from_5d_s20260725_latest.pt | model=interaction_focused_actor_from_5d_s20260725
Actor gradient gate | passed=1 | safety_samples=160 | linear_positive_share=0.388 | angular_one_sided_share=0.562
Episode 386 complete | agent_samples=33396 | env_steps=14045 | episode_env_steps=300 | episode_agent_samples=356 | mean_reward=36.212 | success=3/5 | collision=1/5 | mean_final_distance=0.870 | mean_progress=-0.0002 | min_laser=0.339 | mean_lin=0.800 | mean_ang=-0.577 | mean_robot_dist=inf | raw_reward=-0.083 | adjusted_reward=-0.083 | coop_agents=0/5 | mean_coop_neighbors=0.00 | active_neighbor_step_rate=0.208 | mean_active_neighbors_step=0.537 | max_active_neighbors_step=4 | interaction_reward=0.0000 | abs_interaction_reward=0.0000 | anti_stag_reward=0.0000 | abs_anti_stag_reward=0.0000 | wall_clear_reward=0.0000 | abs_wall_clear_reward=0.0000 | local_nav_reward=0.0000 | abs_local_nav_reward=0.0000 | robot_proximity_reward=0.0000 | abs_robot_proximity_reward=0.0000 | robot_clearance_reward=0.0000 | context_neighbors_mean=0.54 | context_neighbors_max=4 | last_context_neighbors_mean=0.00 | last_context_neighbors_max=0 | actor_unlocked=1 | expl_noise=0.0712 | replay=33396 | interaction_replay=14075 | samples/sec=7.944
Actor gradient gate | passed=1 | safety_samples=165 | linear_positive_share=0.448 | angular_one_sided_share=0.600
Episode 387 complete | agent_samples=33443 | env_steps=14056 | episode_env_steps=11 | episode_agent_samples=47 | mean_reward=59.078 | success=4/5 | collision=1/5 | mean_final_distance=0.389 | mean_progress=0.0101 | min_laser=0.334 | mean_lin=0.845 | mean_ang=0.193 | mean_robot_dist=inf | raw_reward=20.000 | adjusted_reward=20.000 | coop_agents=0/5 | mean_coop_neighbors=0.00 | active_neighbor_step_rate=0.957 | mean_active_neighbors_step=2.638 | max_active_neighbors_step=4 | interaction_reward=0.0000 | abs_interaction_reward=0.0000 | anti_stag_reward=0.0000 | abs_anti_stag_reward=0.0000 | wall_clear_reward=0.0000 | abs_wall_clear_reward=0.0000 | local_nav_reward=0.0000 | abs_local_nav_reward=0.0000 | robot_proximity_reward=-0.9368 | abs_robot_proximity_reward=0.9368 | robot_clearance_reward=0.0437 | context_neighbors_mean=2.70 | context_neighbors_max=4 | last_context_neighbors_mean=0.00 | last_context_neighbors_max=0 | actor_unlocked=1 | expl_noise=0.0712 | replay=33443 | interaction_replay=14118 | samples/sec=7.951
Actor gradient gate | passed=1 | safety_samples=159 | linear_positive_share=0.428 | angular_one_sided_share=0.698
Episode 388 complete | agent_samples=33552 | env_steps=14104 | episode_env_steps=48 | episode_agent_samples=109 | mean_reward=40.206 | success=3/5 | collision=2/5 | mean_final_distance=0.410 | mean_progress=0.0213 | min_laser=0.329 | mean_lin=0.956 | mean_ang=0.068 | mean_robot_dist=inf | raw_reward=-20.000 | adjusted_reward=-20.000 | coop_agents=0/5 | mean_coop_neighbors=0.00 | active_neighbor_step_rate=0.716 | mean_active_neighbors_step=1.578 | max_active_neighbors_step=4 | interaction_reward=0.0000 | abs_interaction_reward=0.0000 | anti_stag_reward=0.0000 | abs_anti_stag_reward=0.0000 | wall_clear_reward=0.0000 | abs_wall_clear_reward=0.0000 | local_nav_reward=0.0000 | abs_local_nav_reward=0.0000 | robot_proximity_reward=-0.1246 | abs_robot_proximity_reward=0.1246 | robot_clearance_reward=0.0329 | context_neighbors_mean=1.63 | context_neighbors_max=4 | last_context_neighbors_mean=0.00 | last_context_neighbors_max=0 | actor_unlocked=1 | expl_noise=0.0712 | replay=33552 | interaction_replay=14134 | samples/sec=7.957
Actor gradient gate | passed=1 | safety_samples=154 | linear_positive_share=0.409 | angular_one_sided_share=0.649
Episode 389 complete | agent_samples=33595 | env_steps=14114 | episode_env_steps=10 | episode_agent_samples=43 | mean_reward=18.232 | success=3/5 | collision=2/5 | mean_final_distance=0.782 | mean_progress=0.0461 | min_laser=0.300 | mean_lin=0.800 | mean_ang=0.022 | mean_robot_dist=1.427 | raw_reward=40.000 | adjusted_reward=40.000 | coop_agents=2/5 | mean_coop_neighbors=0.40 | active_neighbor_step_rate=1.000 | mean_active_neighbors_step=2.721 | max_active_neighbors_step=4 | interaction_reward=0.0000 | abs_interaction_reward=0.0000 | anti_stag_reward=0.0000 | abs_anti_stag_reward=0.0000 | wall_clear_reward=0.0000 | abs_wall_clear_reward=0.0000 | local_nav_reward=0.0000 | abs_local_nav_reward=0.0000 | robot_proximity_reward=-1.3375 | abs_robot_proximity_reward=1.3375 | robot_clearance_reward=0.0930 | context_neighbors_mean=2.74 | context_neighbors_max=4 | last_context_neighbors_mean=0.00 | last_context_neighbors_max=0 | actor_unlocked=1 | expl_noise=0.0712 | replay=33595 | interaction_replay=14176 | samples/sec=7.963
Actor gradient gate | passed=1 | safety_samples=155 | linear_positive_share=0.335 | angular_one_sided_share=0.755
Episode 390 complete | agent_samples=33646 | env_steps=14129 | episode_env_steps=15 | episode_agent_samples=51 | mean_reward=114.170 | success=5/5 | collision=0/5 | mean_final_distance=0.243 | mean_progress=0.0172 | min_laser=0.582 | mean_lin=1.000 | mean_ang=0.273 | mean_robot_dist=inf | raw_reward=20.000 | adjusted_reward=20.000 | coop_agents=0/5 | mean_coop_neighbors=0.00 | active_neighbor_step_rate=0.804 | mean_active_neighbors_step=1.765 | max_active_neighbors_step=4 | interaction_reward=0.0000 | abs_interaction_reward=0.0000 | anti_stag_reward=0.0000 | abs_anti_stag_reward=0.0000 | wall_clear_reward=0.0000 | abs_wall_clear_reward=0.0000 | local_nav_reward=0.0000 | abs_local_nav_reward=0.0000 | robot_proximity_reward=-1.0413 | abs_robot_proximity_reward=1.0413 | robot_clearance_reward=0.1082 | context_neighbors_mean=1.86 | context_neighbors_max=4 | last_context_neighbors_mean=0.00 | last_context_neighbors_max=0 | actor_unlocked=1 | expl_noise=0.0712 | replay=33646 | interaction_replay=14214 | samples/sec=7.968
Status | epoch=2 | next_eval_in=6354 agent_samples | checkpoint_every=10 episodes | checkpoint=./checkpoints/interaction_focused_actor_from_5d_s20260725_latest.pt | model=interaction_focused_actor_from_5d_s20260725
Checkpoint saved: ./checkpoints/interaction_focused_actor_from_5d_s20260725_latest.pt
Actor gradient gate | passed=1 | safety_samples=171 | linear_positive_share=0.316 | angular_one_sided_share=0.795
Episode 391 complete | agent_samples=33685 | env_steps=14140 | episode_env_steps=11 | episode_agent_samples=39 | mean_reward=19.203 | success=3/5 | collision=2/5 | mean_final_distance=0.760 | mean_progress=0.0070 | min_laser=0.302 | mean_lin=0.861 | mean_ang=0.010 | mean_robot_dist=inf | raw_reward=20.000 | adjusted_reward=20.000 | coop_agents=0/5 | mean_coop_neighbors=0.00 | active_neighbor_step_rate=0.821 | mean_active_neighbors_step=1.974 | max_active_neighbors_step=4 | interaction_reward=0.0000 | abs_interaction_reward=0.0000 | anti_stag_reward=0.0000 | abs_anti_stag_reward=0.0000 | wall_clear_reward=0.0000 | abs_wall_clear_reward=0.0000 | local_nav_reward=0.0000 | abs_local_nav_reward=0.0000 | robot_proximity_reward=-0.9607 | abs_robot_proximity_reward=0.9607 | robot_clearance_reward=0.0529 | context_neighbors_mean=2.03 | context_neighbors_max=4 | last_context_neighbors_mean=0.00 | last_context_neighbors_max=0 | actor_unlocked=1 | expl_noise=0.0712 | replay=33685 | interaction_replay=14247 | samples/sec=7.971
Actor gradient gate | passed=1 | safety_samples=172 | linear_positive_share=0.331 | angular_one_sided_share=0.762
Episode 392 complete | agent_samples=33766 | env_steps=14174 | episode_env_steps=34 | episode_agent_samples=81 | mean_reward=25.821 | success=3/5 | collision=2/5 | mean_final_distance=0.584 | mean_progress=0.0124 | min_laser=0.300 | mean_lin=0.673 | mean_ang=-0.567 | mean_robot_dist=inf | raw_reward=20.000 | adjusted_reward=20.000 | coop_agents=0/5 | mean_coop_neighbors=0.00 | active_neighbor_step_rate=0.519 | mean_active_neighbors_step=1.148 | max_active_neighbors_step=4 | interaction_reward=0.0000 | abs_interaction_reward=0.0000 | anti_stag_reward=0.0000 | abs_anti_stag_reward=0.0000 | wall_clear_reward=0.0000 | abs_wall_clear_reward=0.0000 | local_nav_reward=0.0000 | abs_local_nav_reward=0.0000 | robot_proximity_reward=-0.4133 | abs_robot_proximity_reward=0.4133 | robot_clearance_reward=0.0247 | context_neighbors_mean=1.20 | context_neighbors_max=4 | last_context_neighbors_mean=0.00 | last_context_neighbors_max=0 | actor_unlocked=1 | expl_noise=0.0711 | replay=33766 | interaction_replay=14290 | samples/sec=7.976
Actor gradient gate | passed=1 | safety_samples=158 | linear_positive_share=0.392 | angular_one_sided_share=0.747
Episode 393 complete | agent_samples=33822 | env_steps=14194 | episode_env_steps=20 | episode_agent_samples=56 | mean_reward=80.016 | success=4/5 | collision=1/5 | mean_final_distance=0.453 | mean_progress=0.0093 | min_laser=0.336 | mean_lin=0.955 | mean_ang=0.115 | mean_robot_dist=inf | raw_reward=-20.000 | adjusted_reward=-20.000 | coop_agents=0/5 | mean_coop_neighbors=0.00 | active_neighbor_step_rate=0.643 | mean_active_neighbors_step=1.589 | max_active_neighbors_step=4 | interaction_reward=0.0000 | abs_interaction_reward=0.0000 | anti_stag_reward=0.0000 | abs_anti_stag_reward=0.0000 | wall_clear_reward=0.0000 | abs_wall_clear_reward=0.0000 | local_nav_reward=0.0000 | abs_local_nav_reward=0.0000 | robot_proximity_reward=-0.0746 | abs_robot_proximity_reward=0.0746 | robot_clearance_reward=0.0714 | context_neighbors_mean=1.62 | context_neighbors_max=4 | last_context_neighbors_mean=0.00 | last_context_neighbors_max=0 | actor_unlocked=1 | expl_noise=0.0711 | replay=33822 | interaction_replay=14323 | samples/sec=7.981
Actor gradient gate | passed=1 | safety_samples=173 | linear_positive_share=0.358 | angular_one_sided_share=0.723
Episode 394 complete | agent_samples=33993 | env_steps=14302 | episode_env_steps=108 | episode_agent_samples=171 | mean_reward=113.932 | success=5/5 | collision=0/5 | mean_final_distance=0.279 | mean_progress=0.0033 | min_laser=0.533 | mean_lin=0.996 | mean_ang=0.193 | mean_robot_dist=inf | raw_reward=20.000 | adjusted_reward=20.000 | coop_agents=0/5 | mean_coop_neighbors=0.00 | active_neighbor_step_rate=0.327 | mean_active_neighbors_step=0.702 | max_active_neighbors_step=4 | interaction_reward=0.0000 | abs_interaction_reward=0.0000 | anti_stag_reward=0.0000 | abs_anti_stag_reward=0.0000 | wall_clear_reward=0.0000 | abs_wall_clear_reward=0.0000 | local_nav_reward=0.0000 | abs_local_nav_reward=0.0000 | robot_proximity_reward=-0.1699 | abs_robot_proximity_reward=0.1699 | robot_clearance_reward=0.0648 | context_neighbors_mean=0.74 | context_neighbors_max=4 | last_context_neighbors_mean=0.00 | last_context_neighbors_max=0 | actor_unlocked=1 | expl_noise=0.0711 | replay=33993 | interaction_replay=14377 | samples/sec=7.977
Actor gradient gate | passed=1 | safety_samples=156 | linear_positive_share=0.365 | angular_one_sided_share=0.705
Episode 395 complete | agent_samples=34094 | env_steps=14339 | episode_env_steps=37 | episode_agent_samples=101 | mean_reward=128.302 | success=5/5 | collision=0/5 | mean_final_distance=0.276 | mean_progress=0.0057 | min_laser=0.653 | mean_lin=0.798 | mean_ang=-0.623 | mean_robot_dist=inf | raw_reward=20.000 | adjusted_reward=20.000 | coop_agents=0/5 | mean_coop_neighbors=0.00 | active_neighbor_step_rate=0.634 | mean_active_neighbors_step=1.356 | max_active_neighbors_step=4 | interaction_reward=0.0000 | abs_interaction_reward=0.0000 | anti_stag_reward=0.0000 | abs_anti_stag_reward=0.0000 | wall_clear_reward=0.0000 | abs_wall_clear_reward=0.0000 | local_nav_reward=0.0000 | abs_local_nav_reward=0.0000 | robot_proximity_reward=-0.0930 | abs_robot_proximity_reward=0.0930 | robot_clearance_reward=0.0184 | context_neighbors_mean=1.37 | context_neighbors_max=4 | last_context_neighbors_mean=0.00 | last_context_neighbors_max=0 | actor_unlocked=1 | expl_noise=0.0710 | replay=34094 | interaction_replay=14413 | samples/sec=7.986
Status | epoch=2 | next_eval_in=5906 agent_samples | checkpoint_every=10 episodes | checkpoint=./checkpoints/interaction_focused_actor_from_5d_s20260725_latest.pt | model=interaction_focused_actor_from_5d_s20260725
Actor gradient gate | passed=1 | safety_samples=145 | linear_positive_share=0.421 | angular_one_sided_share=0.655
Episode 396 complete | agent_samples=34169 | env_steps=14362 | episode_env_steps=23 | episode_agent_samples=75 | mean_reward=81.860 | success=4/5 | collision=1/5 | mean_final_distance=0.447 | mean_progress=0.0241 | min_laser=0.302 | mean_lin=0.968 | mean_ang=0.265 | mean_robot_dist=inf | raw_reward=20.000 | adjusted_reward=20.000 | coop_agents=0/5 | mean_coop_neighbors=0.00 | active_neighbor_step_rate=0.533 | mean_active_neighbors_step=1.267 | max_active_neighbors_step=4 | interaction_reward=0.0000 | abs_interaction_reward=0.0000 | anti_stag_reward=0.0000 | abs_anti_stag_reward=0.0000 | wall_clear_reward=0.0000 | abs_wall_clear_reward=0.0000 | local_nav_reward=0.0000 | abs_local_nav_reward=0.0000 | robot_proximity_reward=-0.2277 | abs_robot_proximity_reward=0.2277 | robot_clearance_reward=0.0572 | context_neighbors_mean=1.29 | context_neighbors_max=4 | last_context_neighbors_mean=0.00 | last_context_neighbors_max=0 | actor_unlocked=1 | expl_noise=0.0710 | replay=34169 | interaction_replay=14444 | samples/sec=7.994
Actor gradient gate | passed=1 | safety_samples=145 | linear_positive_share=0.331 | angular_one_sided_share=0.745
Episode 397 complete | agent_samples=34254 | env_steps=14386 | episode_env_steps=24 | episode_agent_samples=85 | mean_reward=112.004 | success=5/5 | collision=0/5 | mean_final_distance=0.247 | mean_progress=0.0233 | min_laser=0.411 | mean_lin=0.800 | mean_ang=-1.000 | mean_robot_dist=inf | raw_reward=20.000 | adjusted_reward=20.000 | coop_agents=0/5 | mean_coop_neighbors=0.00 | active_neighbor_step_rate=0.741 | mean_active_neighbors_step=1.553 | max_active_neighbors_step=4 | interaction_reward=0.0000 | abs_interaction_reward=0.0000 | anti_stag_reward=0.0000 | abs_anti_stag_reward=0.0000 | wall_clear_reward=0.0000 | abs_wall_clear_reward=0.0000 | local_nav_reward=0.0000 | abs_local_nav_reward=0.0000 | robot_proximity_reward=-0.5608 | abs_robot_proximity_reward=0.5608 | robot_clearance_reward=0.0235 | context_neighbors_mean=1.60 | context_neighbors_max=4 | last_context_neighbors_mean=0.00 | last_context_neighbors_max=0 | actor_unlocked=1 | expl_noise=0.0710 | replay=34254 | interaction_replay=14471 | samples/sec=8.004
Actor gradient gate | passed=1 | safety_samples=158 | linear_positive_share=0.405 | angular_one_sided_share=0.627
Episode 398 complete | agent_samples=34299 | env_steps=14396 | episode_env_steps=10 | episode_agent_samples=45 | mean_reward=65.818 | success=4/5 | collision=1/5 | mean_final_distance=0.478 | mean_progress=0.0298 | min_laser=0.340 | mean_lin=0.564 | mean_ang=-0.715 | mean_robot_dist=inf | raw_reward=40.000 | adjusted_reward=40.000 | coop_agents=1/5 | mean_coop_neighbors=0.20 | active_neighbor_step_rate=0.889 | mean_active_neighbors_step=2.511 | max_active_neighbors_step=4 | interaction_reward=0.0000 | abs_interaction_reward=0.0000 | anti_stag_reward=0.0000 | abs_anti_stag_reward=0.0000 | wall_clear_reward=0.0000 | abs_wall_clear_reward=0.0000 | local_nav_reward=0.0000 | abs_local_nav_reward=0.0000 | robot_proximity_reward=-0.8358 | abs_robot_proximity_reward=0.8358 | robot_clearance_reward=0.0000 | context_neighbors_mean=2.60 | context_neighbors_max=4 | last_context_neighbors_mean=0.00 | last_context_neighbors_max=0 | actor_unlocked=1 | expl_noise=0.0710 | replay=34299 | interaction_replay=14513 | samples/sec=8.010
Actor gradient gate | passed=1 | safety_samples=151 | linear_positive_share=0.411 | angular_one_sided_share=0.623
Episode 399 complete | agent_samples=34442 | env_steps=14488 | episode_env_steps=92 | episode_agent_samples=143 | mean_reward=112.028 | success=5/5 | collision=0/5 | mean_final_distance=0.267 | mean_progress=0.0013 | min_laser=0.480 | mean_lin=0.800 | mean_ang=-0.200 | mean_robot_dist=inf | raw_reward=20.000 | adjusted_reward=20.000 | coop_agents=0/5 | mean_coop_neighbors=0.00 | active_neighbor_step_rate=0.308 | mean_active_neighbors_step=0.678 | max_active_neighbors_step=4 | interaction_reward=0.0000 | abs_interaction_reward=0.0000 | anti_stag_reward=0.0000 | abs_anti_stag_reward=0.0000 | wall_clear_reward=0.0000 | abs_wall_clear_reward=0.0000 | local_nav_reward=0.0000 | abs_local_nav_reward=0.0000 | robot_proximity_reward=-0.1378 | abs_robot_proximity_reward=0.1378 | robot_clearance_reward=0.0182 | context_neighbors_mean=0.76 | context_neighbors_max=4 | last_context_neighbors_mean=0.00 | last_context_neighbors_max=0 | actor_unlocked=1 | expl_noise=0.0709 | replay=34442 | interaction_replay=14560 | samples/sec=8.006
Actor gradient gate | passed=1 | safety_samples=150 | linear_positive_share=0.307 | angular_one_sided_share=0.653
Episode 400 complete | agent_samples=34495 | env_steps=14508 | episode_env_steps=20 | episode_agent_samples=53 | mean_reward=25.807 | success=3/5 | collision=2/5 | mean_final_distance=0.827 | mean_progress=0.0240 | min_laser=0.300 | mean_lin=0.996 | mean_ang=-0.235 | mean_robot_dist=inf | raw_reward=20.000 | adjusted_reward=20.000 | coop_agents=0/5 | mean_coop_neighbors=0.00 | active_neighbor_step_rate=0.642 | mean_active_neighbors_step=1.340 | max_active_neighbors_step=4 | interaction_reward=0.0000 | abs_interaction_reward=0.0000 | anti_stag_reward=0.0000 | abs_anti_stag_reward=0.0000 | wall_clear_reward=0.0000 | abs_wall_clear_reward=0.0000 | local_nav_reward=0.0000 | abs_local_nav_reward=0.0000 | robot_proximity_reward=-0.8743 | abs_robot_proximity_reward=0.8743 | robot_clearance_reward=0.0000 | context_neighbors_mean=1.38 | context_neighbors_max=4 | last_context_neighbors_mean=0.00 | last_context_neighbors_max=0 | actor_unlocked=1 | expl_noise=0.0709 | replay=34495 | interaction_replay=14568 | samples/sec=8.010
Status | epoch=2 | next_eval_in=5505 agent_samples | checkpoint_every=10 episodes | checkpoint=./checkpoints/interaction_focused_actor_from_5d_s20260725_latest.pt | model=interaction_focused_actor_from_5d_s20260725
Checkpoint saved: ./checkpoints/interaction_focused_actor_from_5d_s20260725_latest.pt
Actor gradient gate | passed=1 | safety_samples=163 | linear_positive_share=0.393 | angular_one_sided_share=0.669
Episode 401 complete | agent_samples=34543 | env_steps=14520 | episode_env_steps=12 | episode_agent_samples=48 | mean_reward=18.972 | success=3/5 | collision=2/5 | mean_final_distance=0.500 | mean_progress=0.0229 | min_laser=0.300 | mean_lin=0.797 | mean_ang=0.240 | mean_robot_dist=inf | raw_reward=20.000 | adjusted_reward=20.000 | coop_agents=0/5 | mean_coop_neighbors=0.00 | active_neighbor_step_rate=0.958 | mean_active_neighbors_step=2.333 | max_active_neighbors_step=4 | interaction_reward=0.0000 | abs_interaction_reward=0.0000 | anti_stag_reward=0.0000 | abs_anti_stag_reward=0.0000 | wall_clear_reward=0.0000 | abs_wall_clear_reward=0.0000 | local_nav_reward=0.0000 | abs_local_nav_reward=0.0000 | robot_proximity_reward=-0.9561 | abs_robot_proximity_reward=0.9561 | robot_clearance_reward=0.0000 | context_neighbors_mean=2.35 | context_neighbors_max=4 | last_context_neighbors_mean=0.00 | last_context_neighbors_max=0 | actor_unlocked=1 | expl_noise=0.0709 | replay=34543 | interaction_replay=14605 | samples/sec=8.014
Actor gradient gate | passed=1 | safety_samples=154 | linear_positive_share=0.403 | angular_one_sided_share=0.708
Episode 402 complete | agent_samples=34627 | env_steps=14559 | episode_env_steps=39 | episode_agent_samples=84 | mean_reward=114.938 | success=5/5 | collision=0/5 | mean_final_distance=0.254 | mean_progress=0.0140 | min_laser=0.736 | mean_lin=0.798 | mean_ang=0.047 | mean_robot_dist=inf | raw_reward=20.000 | adjusted_reward=20.000 | coop_agents=0/5 | mean_coop_neighbors=0.00 | active_neighbor_step_rate=0.738 | mean_active_neighbors_step=1.702 | max_active_neighbors_step=4 | interaction_reward=0.0000 | abs_interaction_reward=0.0000 | anti_stag_reward=0.0000 | abs_anti_stag_reward=0.0000 | wall_clear_reward=0.0000 | abs_wall_clear_reward=0.0000 | local_nav_reward=0.0000 | abs_local_nav_reward=0.0000 | robot_proximity_reward=-0.0948 | abs_robot_proximity_reward=0.0948 | robot_clearance_reward=0.0238 | context_neighbors_mean=1.74 | context_neighbors_max=4 | last_context_neighbors_mean=0.00 | last_context_neighbors_max=0 | actor_unlocked=1 | expl_noise=0.0709 | replay=34627 | interaction_replay=14630 | samples/sec=8.018
Actor gradient gate | passed=1 | safety_samples=152 | linear_positive_share=0.349 | angular_one_sided_share=0.750
Episode 403 complete | agent_samples=34702 | env_steps=14590 | episode_env_steps=31 | episode_agent_samples=75 | mean_reward=16.521 | success=3/5 | collision=2/5 | mean_final_distance=0.882 | mean_progress=0.0076 | min_laser=0.301 | mean_lin=0.787 | mean_ang=0.168 | mean_robot_dist=inf | raw_reward=20.000 | adjusted_reward=20.000 | coop_agents=0/5 | mean_coop_neighbors=0.00 | active_neighbor_step_rate=0.867 | mean_active_neighbors_step=1.893 | max_active_neighbors_step=4 | interaction_reward=0.0000 | abs_interaction_reward=0.0000 | anti_stag_reward=0.0000 | abs_anti_stag_reward=0.0000 | wall_clear_reward=0.0000 | abs_wall_clear_reward=0.0000 | local_nav_reward=0.0000 | abs_local_nav_reward=0.0000 | robot_proximity_reward=-0.5179 | abs_robot_proximity_reward=0.5179 | robot_clearance_reward=0.0267 | context_neighbors_mean=1.89 | context_neighbors_max=4 | last_context_neighbors_mean=0.00 | last_context_neighbors_max=0 | actor_unlocked=1 | expl_noise=0.0709 | replay=34702 | interaction_replay=14652 | samples/sec=8.022
Actor gradient gate | passed=1 | safety_samples=178 | linear_positive_share=0.421 | angular_one_sided_share=0.674
Episode 404 complete | agent_samples=34757 | env_steps=14603 | episode_env_steps=13 | episode_agent_samples=55 | mean_reward=36.590 | success=3/5 | collision=2/5 | mean_final_distance=0.459 | mean_progress=0.0129 | min_laser=0.300 | mean_lin=0.594 | mean_ang=-0.882 | mean_robot_dist=inf | raw_reward=-20.000 | adjusted_reward=-20.000 | coop_agents=0/5 | mean_coop_neighbors=0.00 | active_neighbor_step_rate=0.745 | mean_active_neighbors_step=2.018 | max_active_neighbors_step=4 | interaction_reward=0.0000 | abs_interaction_reward=0.0000 | anti_stag_reward=0.0000 | abs_anti_stag_reward=0.0000 | wall_clear_reward=0.0000 | abs_wall_clear_reward=0.0000 | local_nav_reward=0.0000 | abs_local_nav_reward=0.0000 | robot_proximity_reward=-0.6994 | abs_robot_proximity_reward=0.6994 | robot_clearance_reward=0.0727 | context_neighbors_mean=2.13 | context_neighbors_max=4 | last_context_neighbors_mean=0.00 | last_context_neighbors_max=0 | actor_unlocked=1 | expl_noise=0.0709 | replay=34757 | interaction_replay=14693 | samples/sec=8.029
Actor gradient gate | passed=1 | safety_samples=155 | linear_positive_share=0.335 | angular_one_sided_share=0.671
Episode 405 complete | agent_samples=34884 | env_steps=14684 | episode_env_steps=81 | episode_agent_samples=127 | mean_reward=115.750 | success=5/5 | collision=0/5 | mean_final_distance=0.259 | mean_progress=0.0076 | min_laser=0.495 | mean_lin=0.951 | mean_ang=0.506 | mean_robot_dist=inf | raw_reward=20.000 | adjusted_reward=20.000 | coop_agents=0/5 | mean_coop_neighbors=0.00 | active_neighbor_step_rate=0.378 | mean_active_neighbors_step=0.937 | max_active_neighbors_step=4 | interaction_reward=0.0000 | abs_interaction_reward=0.0000 | anti_stag_reward=0.0000 | abs_anti_stag_reward=0.0000 | wall_clear_reward=0.0000 | abs_wall_clear_reward=0.0000 | local_nav_reward=0.0000 | abs_local_nav_reward=0.0000 | robot_proximity_reward=-0.3183 | abs_robot_proximity_reward=0.3183 | robot_clearance_reward=0.0822 | context_neighbors_mean=0.99 | context_neighbors_max=4 | last_context_neighbors_mean=0.00 | last_context_neighbors_max=0 | actor_unlocked=1 | expl_noise=0.0708 | replay=34884 | interaction_replay=14744 | samples/sec=8.026
Status | epoch=2 | next_eval_in=5116 agent_samples | checkpoint_every=10 episodes | checkpoint=./checkpoints/interaction_focused_actor_from_5d_s20260725_latest.pt | model=interaction_focused_actor_from_5d_s20260725
Actor gradient gate | passed=1 | safety_samples=158 | linear_positive_share=0.380 | angular_one_sided_share=0.703
Episode 406 complete | agent_samples=34965 | env_steps=14713 | episode_env_steps=29 | episode_agent_samples=81 | mean_reward=109.988 | success=5/5 | collision=0/5 | mean_final_distance=0.247 | mean_progress=0.0060 | min_laser=0.607 | mean_lin=0.791 | mean_ang=0.195 | mean_robot_dist=inf | raw_reward=20.000 | adjusted_reward=20.000 | coop_agents=0/5 | mean_coop_neighbors=0.00 | active_neighbor_step_rate=0.642 | mean_active_neighbors_step=1.494 | max_active_neighbors_step=4 | interaction_reward=0.0000 | abs_interaction_reward=0.0000 | anti_stag_reward=0.0000 | abs_anti_stag_reward=0.0000 | wall_clear_reward=0.0000 | abs_wall_clear_reward=0.0000 | local_nav_reward=0.0000 | abs_local_nav_reward=0.0000 | robot_proximity_reward=-0.5944 | abs_robot_proximity_reward=0.5944 | robot_clearance_reward=0.0347 | context_neighbors_mean=1.51 | context_neighbors_max=4 | last_context_neighbors_mean=0.00 | last_context_neighbors_max=0 | actor_unlocked=1 | expl_noise=0.0708 | replay=34965 | interaction_replay=14772 | samples/sec=8.033
Actor gradient gate | passed=1 | safety_samples=161 | linear_positive_share=0.360 | angular_one_sided_share=0.702
Episode 407 complete | agent_samples=35041 | env_steps=14751 | episode_env_steps=38 | episode_agent_samples=76 | mean_reward=109.590 | success=5/5 | collision=0/5 | mean_final_distance=0.258 | mean_progress=0.0214 | min_laser=0.620 | mean_lin=0.782 | mean_ang=0.584 | mean_robot_dist=inf | raw_reward=20.000 | adjusted_reward=20.000 | coop_agents=0/5 | mean_coop_neighbors=0.00 | active_neighbor_step_rate=0.618 | mean_active_neighbors_step=1.500 | max_active_neighbors_step=4 | interaction_reward=0.0000 | abs_interaction_reward=0.0000 | anti_stag_reward=0.0000 | abs_anti_stag_reward=0.0000 | wall_clear_reward=0.0000 | abs_wall_clear_reward=0.0000 | local_nav_reward=0.0000 | abs_local_nav_reward=0.0000 | robot_proximity_reward=-0.3423 | abs_robot_proximity_reward=0.3423 | robot_clearance_reward=0.1408 | context_neighbors_mean=1.57 | context_neighbors_max=4 | last_context_neighbors_mean=0.00 | last_context_neighbors_max=0 | actor_unlocked=1 | expl_noise=0.0708 | replay=35041 | interaction_replay=14818 | samples/sec=8.035
Actor gradient gate | passed=1 | safety_samples=165 | linear_positive_share=0.388 | angular_one_sided_share=0.721
Episode 408 complete | agent_samples=35132 | env_steps=14781 | episode_env_steps=30 | episode_agent_samples=91 | mean_reward=33.138 | success=3/5 | collision=2/5 | mean_final_distance=0.826 | mean_progress=0.0210 | min_laser=0.300 | mean_lin=0.995 | mean_ang=0.570 | mean_robot_dist=inf | raw_reward=20.000 | adjusted_reward=20.000 | coop_agents=0/5 | mean_coop_neighbors=0.00 | active_neighbor_step_rate=0.505 | mean_active_neighbors_step=1.308 | max_active_neighbors_step=4 | interaction_reward=0.0000 | abs_interaction_reward=0.0000 | anti_stag_reward=0.0000 | abs_anti_stag_reward=0.0000 | wall_clear_reward=0.0000 | abs_wall_clear_reward=0.0000 | local_nav_reward=0.0000 | abs_local_nav_reward=0.0000 | robot_proximity_reward=-0.5448 | abs_robot_proximity_reward=0.5448 | robot_clearance_reward=0.0000 | context_neighbors_mean=1.35 | context_neighbors_max=4 | last_context_neighbors_mean=0.00 | last_context_neighbors_max=0 | actor_unlocked=1 | expl_noise=0.0708 | replay=35132 | interaction_replay=14844 | samples/sec=8.043
Actor gradient gate | passed=1 | safety_samples=153 | linear_positive_share=0.412 | angular_one_sided_share=0.752
Episode 409 complete | agent_samples=35188 | env_steps=14799 | episode_env_steps=18 | episode_agent_samples=56 | mean_reward=117.679 | success=5/5 | collision=0/5 | mean_final_distance=0.262 | mean_progress=0.0103 | min_laser=0.395 | mean_lin=0.800 | mean_ang=-0.086 | mean_robot_dist=inf | raw_reward=20.000 | adjusted_reward=20.000 | coop_agents=0/5 | mean_coop_neighbors=0.00 | active_neighbor_step_rate=0.821 | mean_active_neighbors_step=1.429 | max_active_neighbors_step=4 | interaction_reward=0.0000 | abs_interaction_reward=0.0000 | anti_stag_reward=0.0000 | abs_anti_stag_reward=0.0000 | wall_clear_reward=0.0000 | abs_wall_clear_reward=0.0000 | local_nav_reward=0.0000 | abs_local_nav_reward=0.0000 | robot_proximity_reward=-0.4802 | abs_robot_proximity_reward=0.4802 | robot_clearance_reward=0.0357 | context_neighbors_mean=1.52 | context_neighbors_max=4 | last_context_neighbors_mean=0.00 | last_context_neighbors_max=0 | actor_unlocked=1 | expl_noise=0.0708 | replay=35188 | interaction_replay=14888 | samples/sec=8.049
Actor gradient gate | passed=1 | safety_samples=165 | linear_positive_share=0.394 | angular_one_sided_share=0.691
Episode 410 complete | agent_samples=35245 | env_steps=14812 | episode_env_steps=13 | episode_agent_samples=57 | mean_reward=19.881 | success=3/5 | collision=2/5 | mean_final_distance=0.523 | mean_progress=0.0290 | min_laser=0.300 | mean_lin=0.600 | mean_ang=-0.162 | mean_robot_dist=inf | raw_reward=40.000 | adjusted_reward=40.000 | coop_agents=0/5 | mean_coop_neighbors=0.00 | active_neighbor_step_rate=0.807 | mean_active_neighbors_step=2.263 | max_active_neighbors_step=4 | interaction_reward=0.0000 | abs_interaction_reward=0.0000 | anti_stag_reward=0.0000 | abs_anti_stag_reward=0.0000 | wall_clear_reward=0.0000 | abs_wall_clear_reward=0.0000 | local_nav_reward=0.0000 | abs_local_nav_reward=0.0000 | robot_proximity_reward=-0.9514 | abs_robot_proximity_reward=0.9514 | robot_clearance_reward=0.0759 | context_neighbors_mean=2.37 | context_neighbors_max=4 | last_context_neighbors_mean=0.00 | last_context_neighbors_max=0 | actor_unlocked=1 | expl_noise=0.0707 | replay=35245 | interaction_replay=14935 | samples/sec=8.056
Status | epoch=2 | next_eval_in=4755 agent_samples | checkpoint_every=10 episodes | checkpoint=./checkpoints/interaction_focused_actor_from_5d_s20260725_latest.pt | model=interaction_focused_actor_from_5d_s20260725
Checkpoint saved: ./checkpoints/interaction_focused_actor_from_5d_s20260725_latest.pt
Actor gradient gate | passed=1 | safety_samples=164 | linear_positive_share=0.329 | angular_one_sided_share=0.744
Episode 411 complete | agent_samples=35306 | env_steps=14829 | episode_env_steps=17 | episode_agent_samples=61 | mean_reward=-19.964 | success=2/5 | collision=3/5 | mean_final_distance=0.611 | mean_progress=0.0096 | min_laser=0.300 | mean_lin=0.837 | mean_ang=0.200 | mean_robot_dist=inf | raw_reward=-20.000 | adjusted_reward=-20.000 | coop_agents=0/5 | mean_coop_neighbors=0.00 | active_neighbor_step_rate=0.934 | mean_active_neighbors_step=2.639 | max_active_neighbors_step=4 | interaction_reward=0.0000 | abs_interaction_reward=0.0000 | anti_stag_reward=0.0000 | abs_anti_stag_reward=0.0000 | wall_clear_reward=0.0000 | abs_wall_clear_reward=0.0000 | local_nav_reward=0.0000 | abs_local_nav_reward=0.0000 | robot_proximity_reward=-0.8177 | abs_robot_proximity_reward=0.8177 | robot_clearance_reward=0.0328 | context_neighbors_mean=2.64 | context_neighbors_max=4 | last_context_neighbors_mean=0.00 | last_context_neighbors_max=0 | actor_unlocked=1 | expl_noise=0.0707 | replay=35306 | interaction_replay=14973 | samples/sec=8.062
Actor gradient gate | passed=1 | safety_samples=150 | linear_positive_share=0.373 | angular_one_sided_share=0.733
Episode 412 complete | agent_samples=35364 | env_steps=14848 | episode_env_steps=19 | episode_agent_samples=58 | mean_reward=65.056 | success=4/5 | collision=1/5 | mean_final_distance=0.348 | mean_progress=0.0116 | min_laser=0.302 | mean_lin=0.803 | mean_ang=-0.241 | mean_robot_dist=inf | raw_reward=20.000 | adjusted_reward=20.000 | coop_agents=0/5 | mean_coop_neighbors=0.00 | active_neighbor_step_rate=0.862 | mean_active_neighbors_step=2.897 | max_active_neighbors_step=4 | interaction_reward=0.0000 | abs_interaction_reward=0.0000 | anti_stag_reward=0.0000 | abs_anti_stag_reward=0.0000 | wall_clear_reward=0.0000 | abs_wall_clear_reward=0.0000 | local_nav_reward=0.0000 | abs_local_nav_reward=0.0000 | robot_proximity_reward=-0.8080 | abs_robot_proximity_reward=0.8080 | robot_clearance_reward=0.0345 | context_neighbors_mean=2.90 | context_neighbors_max=4 | last_context_neighbors_mean=0.00 | last_context_neighbors_max=0 | actor_unlocked=1 | expl_noise=0.0707 | replay=35364 | interaction_replay=14991 | samples/sec=8.067
Actor gradient gate | passed=1 | safety_samples=170 | linear_positive_share=0.382 | angular_one_sided_share=0.671
Episode 413 complete | agent_samples=35432 | env_steps=14868 | episode_env_steps=20 | episode_agent_samples=68 | mean_reward=24.973 | success=3/5 | collision=2/5 | mean_final_distance=0.453 | mean_progress=0.0191 | min_laser=0.300 | mean_lin=0.755 | mean_ang=0.405 | mean_robot_dist=inf | raw_reward=20.000 | adjusted_reward=20.000 | coop_agents=0/5 | mean_coop_neighbors=0.00 | active_neighbor_step_rate=0.824 | mean_active_neighbors_step=2.250 | max_active_neighbors_step=4 | interaction_reward=0.0000 | abs_interaction_reward=0.0000 | anti_stag_reward=0.0000 | abs_anti_stag_reward=0.0000 | wall_clear_reward=0.0000 | abs_wall_clear_reward=0.0000 | local_nav_reward=0.0000 | abs_local_nav_reward=0.0000 | robot_proximity_reward=-0.6505 | abs_robot_proximity_reward=0.6505 | robot_clearance_reward=0.0567 | context_neighbors_mean=2.28 | context_neighbors_max=4 | last_context_neighbors_mean=0.00 | last_context_neighbors_max=0 | actor_unlocked=1 | expl_noise=0.0707 | replay=35432 | interaction_replay=15015 | samples/sec=8.074
Actor gradient gate | passed=1 | safety_samples=154 | linear_positive_share=0.325 | angular_one_sided_share=0.766
Episode 414 complete | agent_samples=35510 | env_steps=14894 | episode_env_steps=26 | episode_agent_samples=78 | mean_reward=105.836 | success=5/5 | collision=0/5 | mean_final_distance=0.281 | mean_progress=0.0104 | min_laser=0.425 | mean_lin=0.800 | mean_ang=0.488 | mean_robot_dist=inf | raw_reward=20.000 | adjusted_reward=20.000 | coop_agents=0/5 | mean_coop_neighbors=0.00 | active_neighbor_step_rate=0.744 | mean_active_neighbors_step=1.885 | max_active_neighbors_step=4 | interaction_reward=0.0000 | abs_interaction_reward=0.0000 | anti_stag_reward=0.0000 | abs_anti_stag_reward=0.0000 | wall_clear_reward=0.0000 | abs_wall_clear_reward=0.0000 | local_nav_reward=0.0000 | abs_local_nav_reward=0.0000 | robot_proximity_reward=-0.8720 | abs_robot_proximity_reward=0.8720 | robot_clearance_reward=0.0903 | context_neighbors_mean=2.01 | context_neighbors_max=4 | last_context_neighbors_mean=0.00 | last_context_neighbors_max=0 | actor_unlocked=1 | expl_noise=0.0707 | replay=35510 | interaction_replay=15077 | samples/sec=8.082
Actor gradient gate | passed=1 | safety_samples=158 | linear_positive_share=0.354 | angular_one_sided_share=0.791
Episode 415 complete | agent_samples=35591 | env_steps=14913 | episode_env_steps=19 | episode_agent_samples=81 | mean_reward=120.831 | success=5/5 | collision=0/5 | mean_final_distance=0.256 | mean_progress=0.0515 | min_laser=0.400 | mean_lin=0.798 | mean_ang=0.439 | mean_robot_dist=inf | raw_reward=60.000 | adjusted_reward=60.000 | coop_agents=2/5 | mean_coop_neighbors=0.60 | active_neighbor_step_rate=0.815 | mean_active_neighbors_step=2.420 | max_active_neighbors_step=4 | interaction_reward=0.0000 | abs_interaction_reward=0.0000 | anti_stag_reward=0.0000 | abs_anti_stag_reward=0.0000 | wall_clear_reward=0.0000 | abs_wall_clear_reward=0.0000 | local_nav_reward=0.0000 | abs_local_nav_reward=0.0000 | robot_proximity_reward=-0.5084 | abs_robot_proximity_reward=0.5084 | robot_clearance_reward=0.0247 | context_neighbors_mean=2.44 | context_neighbors_max=4 | last_context_neighbors_mean=0.00 | last_context_neighbors_max=0 | actor_unlocked=1 | expl_noise=0.0707 | replay=35591 | interaction_replay=15097 | samples/sec=8.092
Status | epoch=2 | next_eval_in=4409 agent_samples | checkpoint_every=10 episodes | checkpoint=./checkpoints/interaction_focused_actor_from_5d_s20260725_latest.pt | model=interaction_focused_actor_from_5d_s20260725
Actor gradient gate | passed=1 | safety_samples=171 | linear_positive_share=0.409 | angular_one_sided_share=0.655
Episode 416 complete | agent_samples=35656 | env_steps=14937 | episode_env_steps=24 | episode_agent_samples=65 | mean_reward=37.199 | success=3/5 | collision=2/5 | mean_final_distance=0.637 | mean_progress=0.0147 | min_laser=0.300 | mean_lin=0.990 | mean_ang=-0.557 | mean_robot_dist=inf | raw_reward=20.000 | adjusted_reward=20.000 | coop_agents=0/5 | mean_coop_neighbors=0.00 | active_neighbor_step_rate=0.631 | mean_active_neighbors_step=1.677 | max_active_neighbors_step=4 | interaction_reward=0.0000 | abs_interaction_reward=0.0000 | anti_stag_reward=0.0000 | abs_anti_stag_reward=0.0000 | wall_clear_reward=0.0000 | abs_wall_clear_reward=0.0000 | local_nav_reward=0.0000 | abs_local_nav_reward=0.0000 | robot_proximity_reward=-0.5635 | abs_robot_proximity_reward=0.5635 | robot_clearance_reward=0.0000 | context_neighbors_mean=1.72 | context_neighbors_max=4 | last_context_neighbors_mean=0.00 | last_context_neighbors_max=0 | actor_unlocked=1 | expl_noise=0.0707 | replay=35656 | interaction_replay=15135 | samples/sec=8.097
Actor gradient gate | passed=1 | safety_samples=170 | linear_positive_share=0.459 | angular_one_sided_share=0.659
Episode 417 complete | agent_samples=35735 | env_steps=14968 | episode_env_steps=31 | episode_agent_samples=79 | mean_reward=105.545 | success=5/5 | collision=0/5 | mean_final_distance=0.270 | mean_progress=0.0079 | min_laser=0.515 | mean_lin=0.990 | mean_ang=0.208 | mean_robot_dist=inf | raw_reward=20.000 | adjusted_reward=20.000 | coop_agents=0/5 | mean_coop_neighbors=0.00 | active_neighbor_step_rate=0.696 | mean_active_neighbors_step=1.253 | max_active_neighbors_step=4 | interaction_reward=0.0000 | abs_interaction_reward=0.0000 | anti_stag_reward=0.0000 | abs_anti_stag_reward=0.0000 | wall_clear_reward=0.0000 | abs_wall_clear_reward=0.0000 | local_nav_reward=0.0000 | abs_local_nav_reward=0.0000 | robot_proximity_reward=-0.4646 | abs_robot_proximity_reward=0.4646 | robot_clearance_reward=0.0506 | context_neighbors_mean=1.29 | context_neighbors_max=4 | last_context_neighbors_mean=0.00 | last_context_neighbors_max=0 | actor_unlocked=1 | expl_noise=0.0706 | replay=35735 | interaction_replay=15173 | samples/sec=8.102
Actor gradient gate | passed=1 | safety_samples=162 | linear_positive_share=0.432 | angular_one_sided_share=0.636
Episode 418 complete | agent_samples=35788 | env_steps=14984 | episode_env_steps=16 | episode_agent_samples=53 | mean_reward=112.131 | success=5/5 | collision=0/5 | mean_final_distance=0.248 | mean_progress=0.0131 | min_laser=0.587 | mean_lin=0.994 | mean_ang=-0.212 | mean_robot_dist=inf | raw_reward=20.000 | adjusted_reward=20.000 | coop_agents=0/5 | mean_coop_neighbors=0.00 | active_neighbor_step_rate=0.792 | mean_active_neighbors_step=2.509 | max_active_neighbors_step=4 | interaction_reward=0.0000 | abs_interaction_reward=0.0000 | anti_stag_reward=0.0000 | abs_anti_stag_reward=0.0000 | wall_clear_reward=0.0000 | abs_wall_clear_reward=0.0000 | local_nav_reward=0.0000 | abs_local_nav_reward=0.0000 | robot_proximity_reward=-0.6456 | abs_robot_proximity_reward=0.6456 | robot_clearance_reward=0.0755 | context_neighbors_mean=2.62 | context_neighbors_max=4 | last_context_neighbors_mean=0.00 | last_context_neighbors_max=0 | actor_unlocked=1 | expl_noise=0.0706 | replay=35788 | interaction_replay=15214 | samples/sec=8.108
Actor gradient gate | passed=1 | safety_samples=162 | linear_positive_share=0.401 | angular_one_sided_share=0.667
Episode 419 complete | agent_samples=35887 | env_steps=15047 | episode_env_steps=63 | episode_agent_samples=99 | mean_reward=16.825 | success=3/5 | collision=2/5 | mean_final_distance=0.304 | mean_progress=0.0101 | min_laser=0.300 | mean_lin=0.915 | mean_ang=-0.199 | mean_robot_dist=inf | raw_reward=20.000 | adjusted_reward=20.000 | coop_agents=0/5 | mean_coop_neighbors=0.00 | active_neighbor_step_rate=0.424 | mean_active_neighbors_step=0.828 | max_active_neighbors_step=3 | interaction_reward=0.0000 | abs_interaction_reward=0.0000 | anti_stag_reward=0.0000 | abs_anti_stag_reward=0.0000 | wall_clear_reward=0.0000 | abs_wall_clear_reward=0.0000 | local_nav_reward=0.0000 | abs_local_nav_reward=0.0000 | robot_proximity_reward=-0.4848 | abs_robot_proximity_reward=0.4848 | robot_clearance_reward=0.0000 | context_neighbors_mean=0.86 | context_neighbors_max=3 | last_context_neighbors_mean=0.00 | last_context_neighbors_max=0 | actor_unlocked=1 | expl_noise=0.0706 | replay=35887 | interaction_replay=15257 | samples/sec=8.105
Actor gradient gate | passed=1 | safety_samples=154 | linear_positive_share=0.455 | angular_one_sided_share=0.740
Episode 420 complete | agent_samples=35937 | env_steps=15061 | episode_env_steps=14 | episode_agent_samples=50 | mean_reward=67.653 | success=4/5 | collision=1/5 | mean_final_distance=0.482 | mean_progress=0.0121 | min_laser=0.327 | mean_lin=0.961 | mean_ang=-0.209 | mean_robot_dist=inf | raw_reward=20.000 | adjusted_reward=20.000 | coop_agents=0/5 | mean_coop_neighbors=0.00 | active_neighbor_step_rate=0.700 | mean_active_neighbors_step=2.280 | max_active_neighbors_step=4 | interaction_reward=0.0000 | abs_interaction_reward=0.0000 | anti_stag_reward=0.0000 | abs_anti_stag_reward=0.0000 | wall_clear_reward=0.0000 | abs_wall_clear_reward=0.0000 | local_nav_reward=0.0000 | abs_local_nav_reward=0.0000 | robot_proximity_reward=-1.0190 | abs_robot_proximity_reward=1.0190 | robot_clearance_reward=0.0000 | context_neighbors_mean=2.38 | context_neighbors_max=4 | last_context_neighbors_mean=0.00 | last_context_neighbors_max=0 | actor_unlocked=1 | expl_noise=0.0706 | replay=35937 | interaction_replay=15293 | samples/sec=8.111
Status | epoch=2 | next_eval_in=4063 agent_samples | checkpoint_every=10 episodes | checkpoint=./checkpoints/interaction_focused_actor_from_5d_s20260725_latest.pt | model=interaction_focused_actor_from_5d_s20260725
Checkpoint saved: ./checkpoints/interaction_focused_actor_from_5d_s20260725_latest.pt
Actor gradient gate | passed=1 | safety_samples=177 | linear_positive_share=0.379 | angular_one_sided_share=0.774
Episode 421 complete | agent_samples=36008 | env_steps=15093 | episode_env_steps=32 | episode_agent_samples=71 | mean_reward=29.160 | success=3/5 | collision=2/5 | mean_final_distance=0.909 | mean_progress=0.0159 | min_laser=0.304 | mean_lin=0.800 | mean_ang=-0.191 | mean_robot_dist=inf | raw_reward=20.000 | adjusted_reward=20.000 | coop_agents=0/5 | mean_coop_neighbors=0.00 | active_neighbor_step_rate=0.746 | mean_active_neighbors_step=1.761 | max_active_neighbors_step=4 | interaction_reward=0.0000 | abs_interaction_reward=0.0000 | anti_stag_reward=0.0000 | abs_anti_stag_reward=0.0000 | wall_clear_reward=0.0000 | abs_wall_clear_reward=0.0000 | local_nav_reward=0.0000 | abs_local_nav_reward=0.0000 | robot_proximity_reward=-0.5565 | abs_robot_proximity_reward=0.5565 | robot_clearance_reward=0.0000 | context_neighbors_mean=1.77 | context_neighbors_max=4 | last_context_neighbors_mean=0.00 | last_context_neighbors_max=0 | actor_unlocked=1 | expl_noise=0.0706 | replay=36008 | interaction_replay=15305 | samples/sec=8.112
Actor gradient gate | passed=1 | safety_samples=159 | linear_positive_share=0.358 | angular_one_sided_share=0.830
Episode 422 complete | agent_samples=36061 | env_steps=15107 | episode_env_steps=14 | episode_agent_samples=53 | mean_reward=61.942 | success=4/5 | collision=1/5 | mean_final_distance=0.338 | mean_progress=0.0204 | min_laser=0.302 | mean_lin=0.807 | mean_ang=0.588 | mean_robot_dist=inf | raw_reward=20.000 | adjusted_reward=20.000 | coop_agents=0/5 | mean_coop_neighbors=0.00 | active_neighbor_step_rate=0.849 | mean_active_neighbors_step=2.000 | max_active_neighbors_step=4 | interaction_reward=0.0000 | abs_interaction_reward=0.0000 | anti_stag_reward=0.0000 | abs_anti_stag_reward=0.0000 | wall_clear_reward=0.0000 | abs_wall_clear_reward=0.0000 | local_nav_reward=0.0000 | abs_local_nav_reward=0.0000 | robot_proximity_reward=-0.9213 | abs_robot_proximity_reward=0.9213 | robot_clearance_reward=0.0377 | context_neighbors_mean=2.09 | context_neighbors_max=4 | last_context_neighbors_mean=0.00 | last_context_neighbors_max=0 | actor_unlocked=1 | expl_noise=0.0706 | replay=36061 | interaction_replay=15346 | samples/sec=8.118
Actor gradient gate | passed=1 | safety_samples=150 | linear_positive_share=0.393 | angular_one_sided_share=0.760
Episode 423 complete | agent_samples=36198 | env_steps=15156 | episode_env_steps=49 | episode_agent_samples=137 | mean_reward=64.501 | success=4/5 | collision=1/5 | mean_final_distance=0.416 | mean_progress=0.0113 | min_laser=0.333 | mean_lin=0.809 | mean_ang=-0.600 | mean_robot_dist=inf | raw_reward=20.000 | adjusted_reward=20.000 | coop_agents=0/5 | mean_coop_neighbors=0.00 | active_neighbor_step_rate=0.628 | mean_active_neighbors_step=1.613 | max_active_neighbors_step=4 | interaction_reward=0.0000 | abs_interaction_reward=0.0000 | anti_stag_reward=0.0000 | abs_anti_stag_reward=0.0000 | wall_clear_reward=0.0000 | abs_wall_clear_reward=0.0000 | local_nav_reward=0.0000 | abs_local_nav_reward=0.0000 | robot_proximity_reward=-0.2785 | abs_robot_proximity_reward=0.2785 | robot_clearance_reward=0.0146 | context_neighbors_mean=1.63 | context_neighbors_max=4 | last_context_neighbors_mean=0.00 | last_context_neighbors_max=0 | actor_unlocked=1 | expl_noise=0.0705 | replay=36198 | interaction_replay=15381 | samples/sec=8.129
Actor gradient gate | passed=1 | safety_samples=155 | linear_positive_share=0.355 | angular_one_sided_share=0.781
Episode 424 complete | agent_samples=36289 | env_steps=15191 | episode_env_steps=35 | episode_agent_samples=91 | mean_reward=122.743 | success=5/5 | collision=0/5 | mean_final_distance=0.240 | mean_progress=0.0196 | min_laser=0.416 | mean_lin=1.000 | mean_ang=0.233 | mean_robot_dist=inf | raw_reward=20.000 | adjusted_reward=20.000 | coop_agents=0/5 | mean_coop_neighbors=0.00 | active_neighbor_step_rate=0.648 | mean_active_neighbors_step=1.374 | max_active_neighbors_step=4 | interaction_reward=0.0000 | abs_interaction_reward=0.0000 | anti_stag_reward=0.0000 | abs_anti_stag_reward=0.0000 | wall_clear_reward=0.0000 | abs_wall_clear_reward=0.0000 | local_nav_reward=0.0000 | abs_local_nav_reward=0.0000 | robot_proximity_reward=0.0000 | abs_robot_proximity_reward=0.0000 | robot_clearance_reward=0.0000 | context_neighbors_mean=1.36 | context_neighbors_max=4 | last_context_neighbors_mean=0.00 | last_context_neighbors_max=0 | actor_unlocked=1 | expl_noise=0.0705 | replay=36289 | interaction_replay=15413 | samples/sec=8.136
Actor gradient gate | passed=1 | safety_samples=167 | linear_positive_share=0.401 | angular_one_sided_share=0.772
Episode 425 complete | agent_samples=36347 | env_steps=15216 | episode_env_steps=25 | episode_agent_samples=58 | mean_reward=24.270 | success=3/5 | collision=2/5 | mean_final_distance=0.999 | mean_progress=0.0042 | min_laser=0.304 | mean_lin=0.800 | mean_ang=-0.174 | mean_robot_dist=inf | raw_reward=20.000 | adjusted_reward=20.000 | coop_agents=0/5 | mean_coop_neighbors=0.00 | active_neighbor_step_rate=0.690 | mean_active_neighbors_step=1.534 | max_active_neighbors_step=4 | interaction_reward=0.0000 | abs_interaction_reward=0.0000 | anti_stag_reward=0.0000 | abs_anti_stag_reward=0.0000 | wall_clear_reward=0.0000 | abs_wall_clear_reward=0.0000 | local_nav_reward=0.0000 | abs_local_nav_reward=0.0000 | robot_proximity_reward=-0.7155 | abs_robot_proximity_reward=0.7155 | robot_clearance_reward=0.0000 | context_neighbors_mean=1.55 | context_neighbors_max=4 | last_context_neighbors_mean=0.00 | last_context_neighbors_max=0 | actor_unlocked=1 | expl_noise=0.0705 | replay=36347 | interaction_replay=15429 | samples/sec=8.138
Status | epoch=2 | next_eval_in=3653 agent_samples | checkpoint_every=10 episodes | checkpoint=./checkpoints/interaction_focused_actor_from_5d_s20260725_latest.pt | model=interaction_focused_actor_from_5d_s20260725
Actor gradient gate | passed=1 | safety_samples=160 | linear_positive_share=0.412 | angular_one_sided_share=0.781
Episode 426 complete | agent_samples=36387 | env_steps=15226 | episode_env_steps=10 | episode_agent_samples=40 | mean_reward=19.328 | success=3/5 | collision=2/5 | mean_final_distance=0.580 | mean_progress=0.0187 | min_laser=0.301 | mean_lin=0.838 | mean_ang=-0.596 | mean_robot_dist=inf | raw_reward=20.000 | adjusted_reward=20.000 | coop_agents=0/5 | mean_coop_neighbors=0.00 | active_neighbor_step_rate=0.850 | mean_active_neighbors_step=2.100 | max_active_neighbors_step=4 | interaction_reward=0.0000 | abs_interaction_reward=0.0000 | anti_stag_reward=0.0000 | abs_anti_stag_reward=0.0000 | wall_clear_reward=0.0000 | abs_wall_clear_reward=0.0000 | local_nav_reward=0.0000 | abs_local_nav_reward=0.0000 | robot_proximity_reward=-0.9743 | abs_robot_proximity_reward=0.9743 | robot_clearance_reward=0.0000 | context_neighbors_mean=2.25 | context_neighbors_max=4 | last_context_neighbors_mean=0.00 | last_context_neighbors_max=0 | actor_unlocked=1 | expl_noise=0.0705 | replay=36387 | interaction_replay=15465 | samples/sec=8.143
Actor gradient gate | passed=1 | safety_samples=166 | linear_positive_share=0.440 | angular_one_sided_share=0.759
Episode 427 complete | agent_samples=36456 | env_steps=15247 | episode_env_steps=21 | episode_agent_samples=69 | mean_reward=44.862 | success=3/5 | collision=2/5 | mean_final_distance=0.622 | mean_progress=0.0168 | min_laser=0.301 | mean_lin=0.797 | mean_ang=0.009 | mean_robot_dist=inf | raw_reward=20.000 | adjusted_reward=20.000 | coop_agents=0/5 | mean_coop_neighbors=0.00 | active_neighbor_step_rate=0.710 | mean_active_neighbors_step=1.348 | max_active_neighbors_step=4 | interaction_reward=0.0000 | abs_interaction_reward=0.0000 | anti_stag_reward=0.0000 | abs_anti_stag_reward=0.0000 | wall_clear_reward=0.0000 | abs_wall_clear_reward=0.0000 | local_nav_reward=0.0000 | abs_local_nav_reward=0.0000 | robot_proximity_reward=-0.4783 | abs_robot_proximity_reward=0.4783 | robot_clearance_reward=0.0000 | context_neighbors_mean=1.38 | context_neighbors_max=4 | last_context_neighbors_mean=0.00 | last_context_neighbors_max=0 | actor_unlocked=1 | expl_noise=0.0705 | replay=36456 | interaction_replay=15489 | samples/sec=8.150
Actor gradient gate | passed=1 | safety_samples=156 | linear_positive_share=0.397 | angular_one_sided_share=0.763
Episode 428 complete | agent_samples=36502 | env_steps=15261 | episode_env_steps=14 | episode_agent_samples=46 | mean_reward=24.245 | success=3/5 | collision=2/5 | mean_final_distance=0.594 | mean_progress=0.0141 | min_laser=0.300 | mean_lin=0.811 | mean_ang=0.203 | mean_robot_dist=inf | raw_reward=20.000 | adjusted_reward=20.000 | coop_agents=0/5 | mean_coop_neighbors=0.00 | active_neighbor_step_rate=0.804 | mean_active_neighbors_step=1.739 | max_active_neighbors_step=4 | interaction_reward=0.0000 | abs_interaction_reward=0.0000 | anti_stag_reward=0.0000 | abs_anti_stag_reward=0.0000 | wall_clear_reward=0.0000 | abs_wall_clear_reward=0.0000 | local_nav_reward=0.0000 | abs_local_nav_reward=0.0000 | robot_proximity_reward=-0.7409 | abs_robot_proximity_reward=0.7409 | robot_clearance_reward=0.0084 | context_neighbors_mean=1.76 | context_neighbors_max=4 | last_context_neighbors_mean=0.00 | last_context_neighbors_max=0 | actor_unlocked=1 | expl_noise=0.0705 | replay=36502 | interaction_replay=15525 | samples/sec=8.155
Actor gradient gate | passed=1 | safety_samples=161 | linear_positive_share=0.416 | angular_one_sided_share=0.733
Episode 429 complete | agent_samples=36551 | env_steps=15272 | episode_env_steps=11 | episode_agent_samples=49 | mean_reward=18.476 | success=3/5 | collision=2/5 | mean_final_distance=0.659 | mean_progress=0.0262 | min_laser=0.300 | mean_lin=0.997 | mean_ang=-0.415 | mean_robot_dist=inf | raw_reward=-20.000 | adjusted_reward=-20.000 | coop_agents=0/5 | mean_coop_neighbors=0.00 | active_neighbor_step_rate=0.857 | mean_active_neighbors_step=2.776 | max_active_neighbors_step=4 | interaction_reward=0.0000 | abs_interaction_reward=0.0000 | anti_stag_reward=0.0000 | abs_anti_stag_reward=0.0000 | wall_clear_reward=0.0000 | abs_wall_clear_reward=0.0000 | local_nav_reward=0.0000 | abs_local_nav_reward=0.0000 | robot_proximity_reward=-1.1920 | abs_robot_proximity_reward=1.1920 | robot_clearance_reward=0.0000 | context_neighbors_mean=2.80 | context_neighbors_max=4 | last_context_neighbors_mean=0.00 | last_context_neighbors_max=0 | actor_unlocked=1 | expl_noise=0.0705 | replay=36551 | interaction_replay=15555 | samples/sec=8.161
Actor gradient gate | passed=1 | safety_samples=161 | linear_positive_share=0.441 | angular_one_sided_share=0.783
Episode 430 complete | agent_samples=36608 | env_steps=15295 | episode_env_steps=23 | episode_agent_samples=57 | mean_reward=112.042 | success=5/5 | collision=0/5 | mean_final_distance=0.270 | mean_progress=0.0200 | min_laser=0.726 | mean_lin=0.995 | mean_ang=0.576 | mean_robot_dist=inf | raw_reward=20.000 | adjusted_reward=20.000 | coop_agents=0/5 | mean_coop_neighbors=0.00 | active_neighbor_step_rate=0.719 | mean_active_neighbors_step=2.018 | max_active_neighbors_step=4 | interaction_reward=0.0000 | abs_interaction_reward=0.0000 | anti_stag_reward=0.0000 | abs_anti_stag_reward=0.0000 | wall_clear_reward=0.0000 | abs_wall_clear_reward=0.0000 | local_nav_reward=0.0000 | abs_local_nav_reward=0.0000 | robot_proximity_reward=-0.4703 | abs_robot_proximity_reward=0.4703 | robot_clearance_reward=0.1053 | context_neighbors_mean=2.05 | context_neighbors_max=4 | last_context_neighbors_mean=0.00 | last_context_neighbors_max=0 | actor_unlocked=1 | expl_noise=0.0704 | replay=36608 | interaction_replay=15592 | samples/sec=8.164
Status | epoch=2 | next_eval_in=3392 agent_samples | checkpoint_every=10 episodes | checkpoint=./checkpoints/interaction_focused_actor_from_5d_s20260725_latest.pt | model=interaction_focused_actor_from_5d_s20260725
Checkpoint saved: ./checkpoints/interaction_focused_actor_from_5d_s20260725_latest.pt
Actor gradient gate | passed=1 | safety_samples=164 | linear_positive_share=0.396 | angular_one_sided_share=0.713
Episode 431 complete | agent_samples=36732 | env_steps=15372 | episode_env_steps=77 | episode_agent_samples=124 | mean_reward=27.742 | success=3/5 | collision=2/5 | mean_final_distance=0.496 | mean_progress=0.0057 | min_laser=0.300 | mean_lin=0.590 | mean_ang=-1.000 | mean_robot_dist=inf | raw_reward=20.000 | adjusted_reward=20.000 | coop_agents=0/5 | mean_coop_neighbors=0.00 | active_neighbor_step_rate=0.427 | mean_active_neighbors_step=1.177 | max_active_neighbors_step=4 | interaction_reward=0.0000 | abs_interaction_reward=0.0000 | anti_stag_reward=0.0000 | abs_anti_stag_reward=0.0000 | wall_clear_reward=0.0000 | abs_wall_clear_reward=0.0000 | local_nav_reward=0.0000 | abs_local_nav_reward=0.0000 | robot_proximity_reward=-0.2045 | abs_robot_proximity_reward=0.2045 | robot_clearance_reward=0.0000 | context_neighbors_mean=1.19 | context_neighbors_max=4 | last_context_neighbors_mean=0.00 | last_context_neighbors_max=0 | actor_unlocked=1 | expl_noise=0.0704 | replay=36732 | interaction_replay=15614 | samples/sec=8.160
Actor gradient gate | passed=1 | safety_samples=159 | linear_positive_share=0.440 | angular_one_sided_share=0.742
Episode 432 complete | agent_samples=36788 | env_steps=15386 | episode_env_steps=14 | episode_agent_samples=56 | mean_reward=102.047 | success=5/5 | collision=0/5 | mean_final_distance=0.240 | mean_progress=0.0304 | min_laser=0.400 | mean_lin=0.780 | mean_ang=0.587 | mean_robot_dist=inf | raw_reward=39.634 | adjusted_reward=39.707 | coop_agents=1/5 | mean_coop_neighbors=0.20 | active_neighbor_step_rate=0.893 | mean_active_neighbors_step=2.214 | max_active_neighbors_step=4 | interaction_reward=0.0000 | abs_interaction_reward=0.0000 | anti_stag_reward=0.0000 | abs_anti_stag_reward=0.0000 | wall_clear_reward=0.0000 | abs_wall_clear_reward=0.0000 | local_nav_reward=0.0000 | abs_local_nav_reward=0.0000 | robot_proximity_reward=-1.2285 | abs_robot_proximity_reward=1.2285 | robot_clearance_reward=0.0502 | context_neighbors_mean=2.30 | context_neighbors_max=4 | last_context_neighbors_mean=0.00 | last_context_neighbors_max=0 | actor_unlocked=1 | expl_noise=0.0704 | replay=36788 | interaction_replay=15666 | samples/sec=8.167
Actor gradient gate | passed=1 | safety_samples=155 | linear_positive_share=0.387 | angular_one_sided_share=0.671
Episode 433 complete | agent_samples=36837 | env_steps=15399 | episode_env_steps=13 | episode_agent_samples=49 | mean_reward=107.310 | success=5/5 | collision=0/5 | mean_final_distance=0.284 | mean_progress=0.0153 | min_laser=0.711 | mean_lin=0.989 | mean_ang=-0.464 | mean_robot_dist=inf | raw_reward=20.000 | adjusted_reward=20.000 | coop_agents=0/5 | mean_coop_neighbors=0.00 | active_neighbor_step_rate=0.816 | mean_active_neighbors_step=2.041 | max_active_neighbors_step=4 | interaction_reward=0.0000 | abs_interaction_reward=0.0000 | anti_stag_reward=0.0000 | abs_anti_stag_reward=0.0000 | wall_clear_reward=0.0000 | abs_wall_clear_reward=0.0000 | local_nav_reward=0.0000 | abs_local_nav_reward=0.0000 | robot_proximity_reward=-0.0190 | abs_robot_proximity_reward=0.0190 | robot_clearance_reward=0.0000 | context_neighbors_mean=2.12 | context_neighbors_max=4 | last_context_neighbors_mean=0.00 | last_context_neighbors_max=0 | actor_unlocked=1 | expl_noise=0.0704 | replay=36837 | interaction_replay=15704 | samples/sec=8.172
Actor gradient gate | passed=1 | safety_samples=157 | linear_positive_share=0.382 | angular_one_sided_share=0.713
Episode 434 complete | agent_samples=36926 | env_steps=15429 | episode_env_steps=30 | episode_agent_samples=89 | mean_reward=63.182 | success=4/5 | collision=1/5 | mean_final_distance=0.384 | mean_progress=0.0122 | min_laser=0.325 | mean_lin=0.815 | mean_ang=-0.726 | mean_robot_dist=inf | raw_reward=20.000 | adjusted_reward=20.000 | coop_agents=0/5 | mean_coop_neighbors=0.00 | active_neighbor_step_rate=0.663 | mean_active_neighbors_step=1.517 | max_active_neighbors_step=4 | interaction_reward=0.0000 | abs_interaction_reward=0.0000 | anti_stag_reward=0.0000 | abs_anti_stag_reward=0.0000 | wall_clear_reward=0.0000 | abs_wall_clear_reward=0.0000 | local_nav_reward=0.0000 | abs_local_nav_reward=0.0000 | robot_proximity_reward=-0.8539 | abs_robot_proximity_reward=0.8539 | robot_clearance_reward=0.0905 | context_neighbors_mean=1.63 | context_neighbors_max=4 | last_context_neighbors_mean=0.00 | last_context_neighbors_max=0 | actor_unlocked=1 | expl_noise=0.0704 | replay=36926 | interaction_replay=15755 | samples/sec=8.180
Actor gradient gate | passed=1 | safety_samples=153 | linear_positive_share=0.359 | angular_one_sided_share=0.647
Episode 435 complete | agent_samples=36965 | env_steps=15438 | episode_env_steps=9 | episode_agent_samples=39 | mean_reward=109.053 | success=5/5 | collision=0/5 | mean_final_distance=0.242 | mean_progress=0.0230 | min_laser=0.854 | mean_lin=0.995 | mean_ang=0.384 | mean_robot_dist=inf | raw_reward=20.000 | adjusted_reward=20.000 | coop_agents=0/5 | mean_coop_neighbors=0.00 | active_neighbor_step_rate=0.821 | mean_active_neighbors_step=2.256 | max_active_neighbors_step=4 | interaction_reward=0.0000 | abs_interaction_reward=0.0000 | anti_stag_reward=0.0000 | abs_anti_stag_reward=0.0000 | wall_clear_reward=0.0000 | abs_wall_clear_reward=0.0000 | local_nav_reward=0.0000 | abs_local_nav_reward=0.0000 | robot_proximity_reward=-0.3734 | abs_robot_proximity_reward=0.3734 | robot_clearance_reward=0.0513 | context_neighbors_mean=2.46 | context_neighbors_max=4 | last_context_neighbors_mean=0.00 | last_context_neighbors_max=0 | actor_unlocked=1 | expl_noise=0.0704 | replay=36965 | interaction_replay=15789 | samples/sec=8.185
Status | epoch=2 | next_eval_in=3035 agent_samples | checkpoint_every=10 episodes | checkpoint=./checkpoints/interaction_focused_actor_from_5d_s20260725_latest.pt | model=interaction_focused_actor_from_5d_s20260725
Actor gradient gate | passed=1 | safety_samples=163 | linear_positive_share=0.491 | angular_one_sided_share=0.620
Episode 436 complete | agent_samples=37100 | env_steps=15527 | episode_env_steps=89 | episode_agent_samples=135 | mean_reward=106.891 | success=5/5 | collision=0/5 | mean_final_distance=0.260 | mean_progress=0.0106 | min_laser=0.388 | mean_lin=0.986 | mean_ang=-0.557 | mean_robot_dist=inf | raw_reward=20.000 | adjusted_reward=20.000 | coop_agents=0/5 | mean_coop_neighbors=0.00 | active_neighbor_step_rate=0.400 | mean_active_neighbors_step=0.778 | max_active_neighbors_step=4 | interaction_reward=0.0000 | abs_interaction_reward=0.0000 | anti_stag_reward=0.0000 | abs_anti_stag_reward=0.0000 | wall_clear_reward=0.0000 | abs_wall_clear_reward=0.0000 | local_nav_reward=0.0000 | abs_local_nav_reward=0.0000 | robot_proximity_reward=-0.0784 | abs_robot_proximity_reward=0.0784 | robot_clearance_reward=0.0148 | context_neighbors_mean=0.82 | context_neighbors_max=4 | last_context_neighbors_mean=0.00 | last_context_neighbors_max=0 | actor_unlocked=1 | expl_noise=0.0703 | replay=37100 | interaction_replay=15821 | samples/sec=8.179
Actor gradient gate | passed=1 | safety_samples=175 | linear_positive_share=0.474 | angular_one_sided_share=0.731
Episode 437 complete | agent_samples=37174 | env_steps=15550 | episode_env_steps=23 | episode_agent_samples=74 | mean_reward=17.942 | success=3/5 | collision=2/5 | mean_final_distance=0.510 | mean_progress=0.0111 | min_laser=0.300 | mean_lin=1.000 | mean_ang=0.164 | mean_robot_dist=inf | raw_reward=40.000 | adjusted_reward=40.000 | coop_agents=0/5 | mean_coop_neighbors=0.00 | active_neighbor_step_rate=0.554 | mean_active_neighbors_step=1.459 | max_active_neighbors_step=4 | interaction_reward=0.0000 | abs_interaction_reward=0.0000 | anti_stag_reward=0.0000 | abs_anti_stag_reward=0.0000 | wall_clear_reward=0.0000 | abs_wall_clear_reward=0.0000 | local_nav_reward=0.0000 | abs_local_nav_reward=0.0000 | robot_proximity_reward=-0.8430 | abs_robot_proximity_reward=0.8430 | robot_clearance_reward=0.0059 | context_neighbors_mean=1.51 | context_neighbors_max=4 | last_context_neighbors_mean=0.00 | last_context_neighbors_max=0 | actor_unlocked=1 | expl_noise=0.0703 | replay=37174 | interaction_replay=15858 | samples/sec=8.186
Actor gradient gate | passed=1 | safety_samples=169 | linear_positive_share=0.367 | angular_one_sided_share=0.710
Episode 438 complete | agent_samples=37249 | env_steps=15590 | episode_env_steps=40 | episode_agent_samples=75 | mean_reward=13.326 | success=3/5 | collision=2/5 | mean_final_distance=0.502 | mean_progress=0.0042 | min_laser=0.301 | mean_lin=0.755 | mean_ang=0.523 | mean_robot_dist=inf | raw_reward=20.000 | adjusted_reward=20.000 | coop_agents=0/5 | mean_coop_neighbors=0.00 | active_neighbor_step_rate=0.587 | mean_active_neighbors_step=1.587 | max_active_neighbors_step=4 | interaction_reward=0.0000 | abs_interaction_reward=0.0000 | anti_stag_reward=0.0000 | abs_anti_stag_reward=0.0000 | wall_clear_reward=0.0000 | abs_wall_clear_reward=0.0000 | local_nav_reward=0.0000 | abs_local_nav_reward=0.0000 | robot_proximity_reward=-0.4438 | abs_robot_proximity_reward=0.4438 | robot_clearance_reward=0.0000 | context_neighbors_mean=1.61 | context_neighbors_max=4 | last_context_neighbors_mean=0.00 | last_context_neighbors_max=0 | actor_unlocked=1 | expl_noise=0.0703 | replay=37249 | interaction_replay=15902 | samples/sec=8.187
Actor gradient gate | passed=1 | safety_samples=154 | linear_positive_share=0.403 | angular_one_sided_share=0.760
Episode 439 complete | agent_samples=37352 | env_steps=15644 | episode_env_steps=54 | episode_agent_samples=103 | mean_reward=18.149 | success=3/5 | collision=2/5 | mean_final_distance=0.496 | mean_progress=0.0024 | min_laser=0.304 | mean_lin=0.800 | mean_ang=0.589 | mean_robot_dist=inf | raw_reward=20.000 | adjusted_reward=20.000 | coop_agents=0/5 | mean_coop_neighbors=0.00 | active_neighbor_step_rate=0.456 | mean_active_neighbors_step=1.476 | max_active_neighbors_step=4 | interaction_reward=0.0000 | abs_interaction_reward=0.0000 | anti_stag_reward=0.0000 | abs_anti_stag_reward=0.0000 | wall_clear_reward=0.0000 | abs_wall_clear_reward=0.0000 | local_nav_reward=0.0000 | abs_local_nav_reward=0.0000 | robot_proximity_reward=-0.7000 | abs_robot_proximity_reward=0.7000 | robot_clearance_reward=0.0000 | context_neighbors_mean=1.50 | context_neighbors_max=4 | last_context_neighbors_mean=0.00 | last_context_neighbors_max=0 | actor_unlocked=1 | expl_noise=0.0702 | replay=37352 | interaction_replay=15926 | samples/sec=8.188
Actor gradient gate | passed=1 | safety_samples=150 | linear_positive_share=0.413 | angular_one_sided_share=0.700
Episode 440 complete | agent_samples=37433 | env_steps=15679 | episode_env_steps=35 | episode_agent_samples=81 | mean_reward=115.084 | success=5/5 | collision=0/5 | mean_final_distance=0.265 | mean_progress=0.0058 | min_laser=0.432 | mean_lin=0.844 | mean_ang=-0.594 | mean_robot_dist=inf | raw_reward=20.000 | adjusted_reward=20.000 | coop_agents=0/5 | mean_coop_neighbors=0.00 | active_neighbor_step_rate=0.704 | mean_active_neighbors_step=1.790 | max_active_neighbors_step=4 | interaction_reward=0.0000 | abs_interaction_reward=0.0000 | anti_stag_reward=0.0000 | abs_anti_stag_reward=0.0000 | wall_clear_reward=0.0000 | abs_wall_clear_reward=0.0000 | local_nav_reward=0.0000 | abs_local_nav_reward=0.0000 | robot_proximity_reward=-0.2541 | abs_robot_proximity_reward=0.2541 | robot_clearance_reward=0.0247 | context_neighbors_mean=1.81 | context_neighbors_max=4 | last_context_neighbors_mean=0.00 | last_context_neighbors_max=0 | actor_unlocked=1 | expl_noise=0.0702 | replay=37433 | interaction_replay=15949 | samples/sec=8.192
Status | epoch=2 | next_eval_in=2567 agent_samples | checkpoint_every=10 episodes | checkpoint=./checkpoints/interaction_focused_actor_from_5d_s20260725_latest.pt | model=interaction_focused_actor_from_5d_s20260725
Checkpoint saved: ./checkpoints/interaction_focused_actor_from_5d_s20260725_latest.pt
Actor gradient gate | passed=1 | safety_samples=159 | linear_positive_share=0.447 | angular_one_sided_share=0.698
Episode 441 complete | agent_samples=37510 | env_steps=15717 | episode_env_steps=38 | episode_agent_samples=77 | mean_reward=115.177 | success=5/5 | collision=0/5 | mean_final_distance=0.232 | mean_progress=0.0134 | min_laser=0.579 | mean_lin=0.995 | mean_ang=-0.184 | mean_robot_dist=inf | raw_reward=20.000 | adjusted_reward=20.000 | coop_agents=0/5 | mean_coop_neighbors=0.00 | active_neighbor_step_rate=0.636 | mean_active_neighbors_step=1.468 | max_active_neighbors_step=4 | interaction_reward=0.0000 | abs_interaction_reward=0.0000 | anti_stag_reward=0.0000 | abs_anti_stag_reward=0.0000 | wall_clear_reward=0.0000 | abs_wall_clear_reward=0.0000 | local_nav_reward=0.0000 | abs_local_nav_reward=0.0000 | robot_proximity_reward=-0.4395 | abs_robot_proximity_reward=0.4395 | robot_clearance_reward=0.0519 | context_neighbors_mean=1.51 | context_neighbors_max=4 | last_context_neighbors_mean=0.00 | last_context_neighbors_max=0 | actor_unlocked=1 | expl_noise=0.0702 | replay=37510 | interaction_replay=15989 | samples/sec=8.193
Actor gradient gate | passed=1 | safety_samples=153 | linear_positive_share=0.373 | angular_one_sided_share=0.732
Episode 442 complete | agent_samples=37555 | env_steps=15727 | episode_env_steps=10 | episode_agent_samples=45 | mean_reward=100.307 | success=5/5 | collision=0/5 | mean_final_distance=0.270 | mean_progress=0.0238 | min_laser=0.567 | mean_lin=0.994 | mean_ang=-0.191 | mean_robot_dist=inf | raw_reward=40.000 | adjusted_reward=40.000 | coop_agents=1/5 | mean_coop_neighbors=0.20 | active_neighbor_step_rate=0.867 | mean_active_neighbors_step=2.622 | max_active_neighbors_step=4 | interaction_reward=0.0000 | abs_interaction_reward=0.0000 | anti_stag_reward=0.0000 | abs_anti_stag_reward=0.0000 | wall_clear_reward=0.0000 | abs_wall_clear_reward=0.0000 | local_nav_reward=0.0000 | abs_local_nav_reward=0.0000 | robot_proximity_reward=-0.4816 | abs_robot_proximity_reward=0.4816 | robot_clearance_reward=0.0879 | context_neighbors_mean=2.73 | context_neighbors_max=4 | last_context_neighbors_mean=0.00 | last_context_neighbors_max=0 | actor_unlocked=1 | expl_noise=0.0702 | replay=37555 | interaction_replay=16027 | samples/sec=8.199
Actor gradient gate | passed=1 | safety_samples=152 | linear_positive_share=0.454 | angular_one_sided_share=0.737
Episode 443 complete | agent_samples=37595 | env_steps=15736 | episode_env_steps=9 | episode_agent_samples=40 | mean_reward=68.689 | success=4/5 | collision=1/5 | mean_final_distance=0.466 | mean_progress=0.0336 | min_laser=0.342 | mean_lin=0.993 | mean_ang=-0.602 | mean_robot_dist=0.590 | raw_reward=-3.213 | adjusted_reward=-3.213 | coop_agents=2/5 | mean_coop_neighbors=0.40 | active_neighbor_step_rate=0.850 | mean_active_neighbors_step=2.200 | max_active_neighbors_step=4 | interaction_reward=0.0000 | abs_interaction_reward=0.0000 | anti_stag_reward=0.0000 | abs_anti_stag_reward=0.0000 | wall_clear_reward=0.0000 | abs_wall_clear_reward=0.0000 | local_nav_reward=0.0000 | abs_local_nav_reward=0.0000 | robot_proximity_reward=-1.1831 | abs_robot_proximity_reward=1.1831 | robot_clearance_reward=0.0308 | context_neighbors_mean=2.30 | context_neighbors_max=4 | last_context_neighbors_mean=0.00 | last_context_neighbors_max=0 | actor_unlocked=1 | expl_noise=0.0702 | replay=37595 | interaction_replay=16062 | samples/sec=8.204
Actor gradient gate | passed=1 | safety_samples=160 | linear_positive_share=0.381 | angular_one_sided_share=0.806
Episode 444 complete | agent_samples=37651 | env_steps=15753 | episode_env_steps=17 | episode_agent_samples=56 | mean_reward=107.698 | success=5/5 | collision=0/5 | mean_final_distance=0.277 | mean_progress=0.0119 | min_laser=0.424 | mean_lin=0.992 | mean_ang=0.183 | mean_robot_dist=inf | raw_reward=20.000 | adjusted_reward=20.000 | coop_agents=0/5 | mean_coop_neighbors=0.00 | active_neighbor_step_rate=0.821 | mean_active_neighbors_step=2.161 | max_active_neighbors_step=4 | interaction_reward=0.0000 | abs_interaction_reward=0.0000 | anti_stag_reward=0.0000 | abs_anti_stag_reward=0.0000 | wall_clear_reward=0.0000 | abs_wall_clear_reward=0.0000 | local_nav_reward=0.0000 | abs_local_nav_reward=0.0000 | robot_proximity_reward=-0.6411 | abs_robot_proximity_reward=0.6411 | robot_clearance_reward=0.0357 | context_neighbors_mean=2.21 | context_neighbors_max=4 | last_context_neighbors_mean=0.00 | last_context_neighbors_max=0 | actor_unlocked=1 | expl_noise=0.0702 | replay=37651 | interaction_replay=16107 | samples/sec=8.209
Actor gradient gate | passed=1 | safety_samples=167 | linear_positive_share=0.425 | angular_one_sided_share=0.725
Episode 445 complete | agent_samples=37828 | env_steps=15854 | episode_env_steps=101 | episode_agent_samples=177 | mean_reward=120.080 | success=5/5 | collision=0/5 | mean_final_distance=0.247 | mean_progress=0.0185 | min_laser=0.451 | mean_lin=1.000 | mean_ang=-0.534 | mean_robot_dist=inf | raw_reward=20.000 | adjusted_reward=20.000 | coop_agents=0/5 | mean_coop_neighbors=0.00 | active_neighbor_step_rate=0.305 | mean_active_neighbors_step=0.684 | max_active_neighbors_step=3 | interaction_reward=0.0000 | abs_interaction_reward=0.0000 | anti_stag_reward=0.0000 | abs_anti_stag_reward=0.0000 | wall_clear_reward=0.0000 | abs_wall_clear_reward=0.0000 | local_nav_reward=0.0000 | abs_local_nav_reward=0.0000 | robot_proximity_reward=-0.1171 | abs_robot_proximity_reward=0.1171 | robot_clearance_reward=0.0226 | context_neighbors_mean=0.69 | context_neighbors_max=3 | last_context_neighbors_mean=0.00 | last_context_neighbors_max=0 | actor_unlocked=1 | expl_noise=0.0701 | replay=37828 | interaction_replay=16123 | samples/sec=8.208
Status | epoch=2 | next_eval_in=2172 agent_samples | checkpoint_every=10 episodes | checkpoint=./checkpoints/interaction_focused_actor_from_5d_s20260725_latest.pt | model=interaction_focused_actor_from_5d_s20260725
Actor gradient gate | passed=1 | safety_samples=151 | linear_positive_share=0.411 | angular_one_sided_share=0.781
Episode 446 complete | agent_samples=37902 | env_steps=15877 | episode_env_steps=23 | episode_agent_samples=74 | mean_reward=71.496 | success=4/5 | collision=1/5 | mean_final_distance=0.619 | mean_progress=0.0184 | min_laser=0.321 | mean_lin=0.799 | mean_ang=-0.009 | mean_robot_dist=inf | raw_reward=20.000 | adjusted_reward=20.000 | coop_agents=0/5 | mean_coop_neighbors=0.00 | active_neighbor_step_rate=0.838 | mean_active_neighbors_step=1.905 | max_active_neighbors_step=4 | interaction_reward=0.0000 | abs_interaction_reward=0.0000 | anti_stag_reward=0.0000 | abs_anti_stag_reward=0.0000 | wall_clear_reward=0.0000 | abs_wall_clear_reward=0.0000 | local_nav_reward=0.0000 | abs_local_nav_reward=0.0000 | robot_proximity_reward=-0.9209 | abs_robot_proximity_reward=0.9209 | robot_clearance_reward=0.1621 | context_neighbors_mean=1.92 | context_neighbors_max=4 | last_context_neighbors_mean=0.00 | last_context_neighbors_max=0 | actor_unlocked=1 | expl_noise=0.0701 | replay=37902 | interaction_replay=16157 | samples/sec=8.215
Actor gradient gate | passed=1 | safety_samples=172 | linear_positive_share=0.407 | angular_one_sided_share=0.762
Episode 447 complete | agent_samples=38034 | env_steps=15925 | episode_env_steps=48 | episode_agent_samples=132 | mean_reward=112.248 | success=5/5 | collision=0/5 | mean_final_distance=0.237 | mean_progress=0.0124 | min_laser=0.532 | mean_lin=1.000 | mean_ang=0.006 | mean_robot_dist=inf | raw_reward=20.000 | adjusted_reward=20.000 | coop_agents=0/5 | mean_coop_neighbors=0.00 | active_neighbor_step_rate=0.500 | mean_active_neighbors_step=0.947 | max_active_neighbors_step=4 | interaction_reward=0.0000 | abs_interaction_reward=0.0000 | anti_stag_reward=0.0000 | abs_anti_stag_reward=0.0000 | wall_clear_reward=0.0000 | abs_wall_clear_reward=0.0000 | local_nav_reward=0.0000 | abs_local_nav_reward=0.0000 | robot_proximity_reward=-0.4085 | abs_robot_proximity_reward=0.4085 | robot_clearance_reward=0.0437 | context_neighbors_mean=0.98 | context_neighbors_max=4 | last_context_neighbors_mean=0.00 | last_context_neighbors_max=0 | actor_unlocked=1 | expl_noise=0.0700 | replay=38034 | interaction_replay=16196 | samples/sec=8.225
Actor gradient gate | passed=1 | safety_samples=166 | linear_positive_share=0.380 | angular_one_sided_share=0.783
Episode 448 complete | agent_samples=38131 | env_steps=15974 | episode_env_steps=49 | episode_agent_samples=97 | mean_reward=70.712 | success=4/5 | collision=1/5 | mean_final_distance=0.522 | mean_progress=0.0111 | min_laser=0.300 | mean_lin=0.988 | mean_ang=-0.152 | mean_robot_dist=inf | raw_reward=20.000 | adjusted_reward=20.000 | coop_agents=0/5 | mean_coop_neighbors=0.00 | active_neighbor_step_rate=0.577 | mean_active_neighbors_step=1.258 | max_active_neighbors_step=4 | interaction_reward=0.0000 | abs_interaction_reward=0.0000 | anti_stag_reward=0.0000 | abs_anti_stag_reward=0.0000 | wall_clear_reward=0.0000 | abs_wall_clear_reward=0.0000 | local_nav_reward=0.0000 | abs_local_nav_reward=0.0000 | robot_proximity_reward=0.0000 | abs_robot_proximity_reward=0.0000 | robot_clearance_reward=0.0000 | context_neighbors_mean=1.31 | context_neighbors_max=4 | last_context_neighbors_mean=0.00 | last_context_neighbors_max=0 | actor_unlocked=1 | expl_noise=0.0700 | replay=38131 | interaction_replay=16215 | samples/sec=8.227
Actor gradient gate | passed=1 | safety_samples=187 | linear_positive_share=0.337 | angular_one_sided_share=0.829
Episode 449 complete | agent_samples=38192 | env_steps=15995 | episode_env_steps=21 | episode_agent_samples=61 | mean_reward=25.248 | success=3/5 | collision=2/5 | mean_final_distance=0.831 | mean_progress=0.0020 | min_laser=0.300 | mean_lin=0.633 | mean_ang=-0.345 | mean_robot_dist=inf | raw_reward=20.000 | adjusted_reward=20.000 | coop_agents=0/5 | mean_coop_neighbors=0.00 | active_neighbor_step_rate=0.689 | mean_active_neighbors_step=1.033 | max_active_neighbors_step=3 | interaction_reward=0.0000 | abs_interaction_reward=0.0000 | anti_stag_reward=0.0000 | abs_anti_stag_reward=0.0000 | wall_clear_reward=0.0000 | abs_wall_clear_reward=0.0000 | local_nav_reward=0.0000 | abs_local_nav_reward=0.0000 | robot_proximity_reward=-0.6574 | abs_robot_proximity_reward=0.6574 | robot_clearance_reward=0.0000 | context_neighbors_mean=1.05 | context_neighbors_max=3 | last_context_neighbors_mean=0.00 | last_context_neighbors_max=0 | actor_unlocked=1 | expl_noise=0.0700 | replay=38192 | interaction_replay=16229 | samples/sec=8.231
Actor gradient gate | passed=1 | safety_samples=150 | linear_positive_share=0.367 | angular_one_sided_share=0.800
Episode 450 complete | agent_samples=38254 | env_steps=16018 | episode_env_steps=23 | episode_agent_samples=62 | mean_reward=109.384 | success=5/5 | collision=0/5 | mean_final_distance=0.232 | mean_progress=0.0079 | min_laser=0.532 | mean_lin=0.864 | mean_ang=0.030 | mean_robot_dist=inf | raw_reward=20.000 | adjusted_reward=20.000 | coop_agents=0/5 | mean_coop_neighbors=0.00 | active_neighbor_step_rate=0.694 | mean_active_neighbors_step=1.952 | max_active_neighbors_step=4 | interaction_reward=0.0000 | abs_interaction_reward=0.0000 | anti_stag_reward=0.0000 | abs_anti_stag_reward=0.0000 | wall_clear_reward=0.0000 | abs_wall_clear_reward=0.0000 | local_nav_reward=0.0000 | abs_local_nav_reward=0.0000 | robot_proximity_reward=-0.6027 | abs_robot_proximity_reward=0.6027 | robot_clearance_reward=0.0000 | context_neighbors_mean=2.00 | context_neighbors_max=4 | last_context_neighbors_mean=0.00 | last_context_neighbors_max=0 | actor_unlocked=1 | expl_noise=0.0700 | replay=38254 | interaction_replay=16249 | samples/sec=8.236
Status | epoch=2 | next_eval_in=1746 agent_samples | checkpoint_every=10 episodes | checkpoint=./checkpoints/interaction_focused_actor_from_5d_s20260725_latest.pt | model=interaction_focused_actor_from_5d_s20260725
Checkpoint saved: ./checkpoints/interaction_focused_actor_from_5d_s20260725_latest.pt
Actor gradient gate | passed=1 | safety_samples=149 | linear_positive_share=0.342 | angular_one_sided_share=0.805
Episode 451 complete | agent_samples=38315 | env_steps=16047 | episode_env_steps=29 | episode_agent_samples=61 | mean_reward=15.870 | success=3/5 | collision=2/5 | mean_final_distance=0.482 | mean_progress=0.0074 | min_laser=0.320 | mean_lin=0.994 | mean_ang=0.012 | mean_robot_dist=inf | raw_reward=20.000 | adjusted_reward=20.000 | coop_agents=0/5 | mean_coop_neighbors=0.00 | active_neighbor_step_rate=0.639 | mean_active_neighbors_step=1.377 | max_active_neighbors_step=4 | interaction_reward=0.0000 | abs_interaction_reward=0.0000 | anti_stag_reward=0.0000 | abs_anti_stag_reward=0.0000 | wall_clear_reward=0.0000 | abs_wall_clear_reward=0.0000 | local_nav_reward=0.0000 | abs_local_nav_reward=0.0000 | robot_proximity_reward=-0.8662 | abs_robot_proximity_reward=0.8662 | robot_clearance_reward=0.0000 | context_neighbors_mean=1.49 | context_neighbors_max=4 | last_context_neighbors_mean=0.00 | last_context_neighbors_max=0 | actor_unlocked=1 | expl_noise=0.0700 | replay=38315 | interaction_replay=16288 | samples/sec=8.236
Actor gradient gate | passed=1 | safety_samples=156 | linear_positive_share=0.404 | angular_one_sided_share=0.795
Episode 452 complete | agent_samples=38393 | env_steps=16075 | episode_env_steps=28 | episode_agent_samples=78 | mean_reward=55.494 | success=4/5 | collision=1/5 | mean_final_distance=0.525 | mean_progress=0.0013 | min_laser=0.331 | mean_lin=0.844 | mean_ang=-0.199 | mean_robot_dist=inf | raw_reward=20.000 | adjusted_reward=20.000 | coop_agents=0/5 | mean_coop_neighbors=0.00 | active_neighbor_step_rate=0.538 | mean_active_neighbors_step=0.974 | max_active_neighbors_step=4 | interaction_reward=0.0000 | abs_interaction_reward=0.0000 | anti_stag_reward=0.0000 | abs_anti_stag_reward=0.0000 | wall_clear_reward=0.0000 | abs_wall_clear_reward=0.0000 | local_nav_reward=0.0000 | abs_local_nav_reward=0.0000 | robot_proximity_reward=-1.7090 | abs_robot_proximity_reward=1.7090 | robot_clearance_reward=0.1451 | context_neighbors_mean=0.97 | context_neighbors_max=4 | last_context_neighbors_mean=0.00 | last_context_neighbors_max=0 | actor_unlocked=1 | expl_noise=0.0700 | replay=38393 | interaction_replay=16326 | samples/sec=8.242
Actor gradient gate | passed=1 | safety_samples=159 | linear_positive_share=0.346 | angular_one_sided_share=0.755
Episode 453 complete | agent_samples=38470 | env_steps=16109 | episode_env_steps=34 | episode_agent_samples=77 | mean_reward=104.211 | success=5/5 | collision=0/5 | mean_final_distance=0.269 | mean_progress=0.0017 | min_laser=0.630 | mean_lin=0.870 | mean_ang=0.200 | mean_robot_dist=inf | raw_reward=20.000 | adjusted_reward=20.000 | coop_agents=0/5 | mean_coop_neighbors=0.00 | active_neighbor_step_rate=0.623 | mean_active_neighbors_step=1.273 | max_active_neighbors_step=3 | interaction_reward=0.0000 | abs_interaction_reward=0.0000 | anti_stag_reward=0.0000 | abs_anti_stag_reward=0.0000 | wall_clear_reward=0.0000 | abs_wall_clear_reward=0.0000 | local_nav_reward=0.0000 | abs_local_nav_reward=0.0000 | robot_proximity_reward=-0.3348 | abs_robot_proximity_reward=0.3348 | robot_clearance_reward=0.1086 | context_neighbors_mean=1.36 | context_neighbors_max=3 | last_context_neighbors_mean=0.00 | last_context_neighbors_max=0 | actor_unlocked=1 | expl_noise=0.0699 | replay=38470 | interaction_replay=16367 | samples/sec=8.245
Actor gradient gate | passed=1 | safety_samples=167 | linear_positive_share=0.365 | angular_one_sided_share=0.772
Episode 454 complete | agent_samples=38548 | env_steps=16147 | episode_env_steps=38 | episode_agent_samples=78 | mean_reward=109.025 | success=5/5 | collision=0/5 | mean_final_distance=0.240 | mean_progress=0.0205 | min_laser=0.513 | mean_lin=0.993 | mean_ang=0.629 | mean_robot_dist=inf | raw_reward=20.000 | adjusted_reward=20.000 | coop_agents=0/5 | mean_coop_neighbors=0.00 | active_neighbor_step_rate=0.615 | mean_active_neighbors_step=1.244 | max_active_neighbors_step=4 | interaction_reward=0.0000 | abs_interaction_reward=0.0000 | anti_stag_reward=0.0000 | abs_anti_stag_reward=0.0000 | wall_clear_reward=0.0000 | abs_wall_clear_reward=0.0000 | local_nav_reward=0.0000 | abs_local_nav_reward=0.0000 | robot_proximity_reward=0.0000 | abs_robot_proximity_reward=0.0000 | robot_clearance_reward=0.0000 | context_neighbors_mean=1.23 | context_neighbors_max=4 | last_context_neighbors_mean=0.00 | last_context_neighbors_max=0 | actor_unlocked=1 | expl_noise=0.0699 | replay=38548 | interaction_replay=16386 | samples/sec=8.247
Actor gradient gate | passed=1 | safety_samples=145 | linear_positive_share=0.421 | angular_one_sided_share=0.779
Episode 455 complete | agent_samples=38614 | env_steps=16172 | episode_env_steps=25 | episode_agent_samples=66 | mean_reward=106.628 | success=5/5 | collision=0/5 | mean_final_distance=0.262 | mean_progress=0.0037 | min_laser=0.634 | mean_lin=0.970 | mean_ang=-0.406 | mean_robot_dist=inf | raw_reward=20.000 | adjusted_reward=20.000 | coop_agents=0/5 | mean_coop_neighbors=0.00 | active_neighbor_step_rate=0.712 | mean_active_neighbors_step=1.515 | max_active_neighbors_step=3 | interaction_reward=0.0000 | abs_interaction_reward=0.0000 | anti_stag_reward=0.0000 | abs_anti_stag_reward=0.0000 | wall_clear_reward=0.0000 | abs_wall_clear_reward=0.0000 | local_nav_reward=0.0000 | abs_local_nav_reward=0.0000 | robot_proximity_reward=-0.3491 | abs_robot_proximity_reward=0.3491 | robot_clearance_reward=0.0606 | context_neighbors_mean=1.61 | context_neighbors_max=3 | last_context_neighbors_mean=0.00 | last_context_neighbors_max=0 | actor_unlocked=1 | expl_noise=0.0699 | replay=38614 | interaction_replay=16427 | samples/sec=8.251
Status | epoch=2 | next_eval_in=1386 agent_samples | checkpoint_every=10 episodes | checkpoint=./checkpoints/interaction_focused_actor_from_5d_s20260725_latest.pt | model=interaction_focused_actor_from_5d_s20260725
Actor gradient gate | passed=1 | safety_samples=141 | linear_positive_share=0.369 | angular_one_sided_share=0.766
Episode 456 complete | agent_samples=38691 | env_steps=16200 | episode_env_steps=28 | episode_agent_samples=77 | mean_reward=121.576 | success=5/5 | collision=0/5 | mean_final_distance=0.243 | mean_progress=0.0169 | min_laser=0.666 | mean_lin=1.000 | mean_ang=0.138 | mean_robot_dist=inf | raw_reward=20.000 | adjusted_reward=20.000 | coop_agents=0/5 | mean_coop_neighbors=0.00 | active_neighbor_step_rate=0.545 | mean_active_neighbors_step=1.325 | max_active_neighbors_step=3 | interaction_reward=0.0000 | abs_interaction_reward=0.0000 | anti_stag_reward=0.0000 | abs_anti_stag_reward=0.0000 | wall_clear_reward=0.0000 | abs_wall_clear_reward=0.0000 | local_nav_reward=0.0000 | abs_local_nav_reward=0.0000 | robot_proximity_reward=-0.2878 | abs_robot_proximity_reward=0.2878 | robot_clearance_reward=0.0260 | context_neighbors_mean=1.38 | context_neighbors_max=3 | last_context_neighbors_mean=0.00 | last_context_neighbors_max=0 | actor_unlocked=1 | expl_noise=0.0699 | replay=38691 | interaction_replay=16451 | samples/sec=8.257
Actor gradient gate | passed=1 | safety_samples=157 | linear_positive_share=0.420 | angular_one_sided_share=0.809
Episode 457 complete | agent_samples=38784 | env_steps=16242 | episode_env_steps=42 | episode_agent_samples=93 | mean_reward=119.934 | success=5/5 | collision=0/5 | mean_final_distance=0.248 | mean_progress=0.0204 | min_laser=0.544 | mean_lin=0.995 | mean_ang=-0.363 | mean_robot_dist=inf | raw_reward=20.000 | adjusted_reward=20.000 | coop_agents=0/5 | mean_coop_neighbors=0.00 | active_neighbor_step_rate=0.602 | mean_active_neighbors_step=1.495 | max_active_neighbors_step=4 | interaction_reward=0.0000 | abs_interaction_reward=0.0000 | anti_stag_reward=0.0000 | abs_anti_stag_reward=0.0000 | wall_clear_reward=0.0000 | abs_wall_clear_reward=0.0000 | local_nav_reward=0.0000 | abs_local_nav_reward=0.0000 | robot_proximity_reward=-0.0720 | abs_robot_proximity_reward=0.0720 | robot_clearance_reward=0.0241 | context_neighbors_mean=1.55 | context_neighbors_max=4 | last_context_neighbors_mean=0.00 | last_context_neighbors_max=0 | actor_unlocked=1 | expl_noise=0.0698 | replay=38784 | interaction_replay=16472 | samples/sec=8.260
Actor gradient gate | passed=1 | safety_samples=168 | linear_positive_share=0.440 | angular_one_sided_share=0.762
Episode 458 complete | agent_samples=38838 | env_steps=16262 | episode_env_steps=20 | episode_agent_samples=54 | mean_reward=17.538 | success=3/5 | collision=2/5 | mean_final_distance=0.415 | mean_progress=0.0089 | min_laser=0.332 | mean_lin=0.995 | mean_ang=0.593 | mean_robot_dist=inf | raw_reward=20.000 | adjusted_reward=20.000 | coop_agents=0/5 | mean_coop_neighbors=0.00 | active_neighbor_step_rate=0.630 | mean_active_neighbors_step=1.519 | max_active_neighbors_step=4 | interaction_reward=0.0000 | abs_interaction_reward=0.0000 | anti_stag_reward=0.0000 | abs_anti_stag_reward=0.0000 | wall_clear_reward=0.0000 | abs_wall_clear_reward=0.0000 | local_nav_reward=0.0000 | abs_local_nav_reward=0.0000 | robot_proximity_reward=-0.8603 | abs_robot_proximity_reward=0.8603 | robot_clearance_reward=0.0049 | context_neighbors_mean=1.57 | context_neighbors_max=4 | last_context_neighbors_mean=0.00 | last_context_neighbors_max=0 | actor_unlocked=1 | expl_noise=0.0698 | replay=38838 | interaction_replay=16507 | samples/sec=8.264
Actor gradient gate | passed=1 | safety_samples=157 | linear_positive_share=0.427 | angular_one_sided_share=0.726
Episode 459 complete | agent_samples=38941 | env_steps=16309 | episode_env_steps=47 | episode_agent_samples=103 | mean_reward=17.402 | success=3/5 | collision=2/5 | mean_final_distance=0.457 | mean_progress=0.0101 | min_laser=0.300 | mean_lin=1.000 | mean_ang=-0.694 | mean_robot_dist=inf | raw_reward=20.000 | adjusted_reward=20.000 | coop_agents=0/5 | mean_coop_neighbors=0.00 | active_neighbor_step_rate=0.621 | mean_active_neighbors_step=1.146 | max_active_neighbors_step=4 | interaction_reward=0.0000 | abs_interaction_reward=0.0000 | anti_stag_reward=0.0000 | abs_anti_stag_reward=0.0000 | wall_clear_reward=0.0000 | abs_wall_clear_reward=0.0000 | local_nav_reward=0.0000 | abs_local_nav_reward=0.0000 | robot_proximity_reward=-0.5417 | abs_robot_proximity_reward=0.5417 | robot_clearance_reward=0.0243 | context_neighbors_mean=1.18 | context_neighbors_max=4 | last_context_neighbors_mean=0.00 | last_context_neighbors_max=0 | actor_unlocked=1 | expl_noise=0.0698 | replay=38941 | interaction_replay=16546 | samples/sec=8.268
Actor gradient gate | passed=1 | safety_samples=165 | linear_positive_share=0.370 | angular_one_sided_share=0.806
Episode 460 complete | agent_samples=39010 | env_steps=16338 | episode_env_steps=29 | episode_agent_samples=69 | mean_reward=78.042 | success=4/5 | collision=1/5 | mean_final_distance=0.535 | mean_progress=0.0196 | min_laser=0.311 | mean_lin=0.780 | mean_ang=-0.337 | mean_robot_dist=inf | raw_reward=20.000 | adjusted_reward=20.000 | coop_agents=0/5 | mean_coop_neighbors=0.00 | active_neighbor_step_rate=0.681 | mean_active_neighbors_step=1.826 | max_active_neighbors_step=4 | interaction_reward=0.0000 | abs_interaction_reward=0.0000 | anti_stag_reward=0.0000 | abs_anti_stag_reward=0.0000 | wall_clear_reward=0.0000 | abs_wall_clear_reward=0.0000 | local_nav_reward=0.0000 | abs_local_nav_reward=0.0000 | robot_proximity_reward=-0.0235 | abs_robot_proximity_reward=0.0235 | robot_clearance_reward=0.0290 | context_neighbors_mean=1.83 | context_neighbors_max=4 | last_context_neighbors_mean=0.00 | last_context_neighbors_max=0 | actor_unlocked=1 | expl_noise=0.0698 | replay=39010 | interaction_replay=16568 | samples/sec=8.271
Status | epoch=2 | next_eval_in=990 agent_samples | checkpoint_every=10 episodes | checkpoint=./checkpoints/interaction_focused_actor_from_5d_s20260725_latest.pt | model=interaction_focused_actor_from_5d_s20260725
Checkpoint saved: ./checkpoints/interaction_focused_actor_from_5d_s20260725_latest.pt
Actor gradient gate | passed=1 | safety_samples=157 | linear_positive_share=0.376 | angular_one_sided_share=0.783
Episode 461 complete | agent_samples=39064 | env_steps=16354 | episode_env_steps=16 | episode_agent_samples=54 | mean_reward=78.089 | success=4/5 | collision=1/5 | mean_final_distance=0.512 | mean_progress=0.0156 | min_laser=0.348 | mean_lin=0.800 | mean_ang=-0.143 | mean_robot_dist=inf | raw_reward=20.000 | adjusted_reward=20.000 | coop_agents=0/5 | mean_coop_neighbors=0.00 | active_neighbor_step_rate=0.759 | mean_active_neighbors_step=1.815 | max_active_neighbors_step=4 | interaction_reward=0.0000 | abs_interaction_reward=0.0000 | anti_stag_reward=0.0000 | abs_anti_stag_reward=0.0000 | wall_clear_reward=0.0000 | abs_wall_clear_reward=0.0000 | local_nav_reward=0.0000 | abs_local_nav_reward=0.0000 | robot_proximity_reward=-0.5376 | abs_robot_proximity_reward=0.5376 | robot_clearance_reward=0.0606 | context_neighbors_mean=1.89 | context_neighbors_max=4 | last_context_neighbors_mean=0.00 | last_context_neighbors_max=0 | actor_unlocked=1 | expl_noise=0.0698 | replay=39064 | interaction_replay=16611 | samples/sec=8.275
Actor gradient gate | passed=1 | safety_samples=156 | linear_positive_share=0.385 | angular_one_sided_share=0.827
Episode 462 complete | agent_samples=39206 | env_steps=16425 | episode_env_steps=71 | episode_agent_samples=142 | mean_reward=15.291 | success=3/5 | collision=2/5 | mean_final_distance=0.487 | mean_progress=0.0015 | min_laser=0.300 | mean_lin=0.795 | mean_ang=-0.572 | mean_robot_dist=inf | raw_reward=20.000 | adjusted_reward=20.000 | coop_agents=0/5 | mean_coop_neighbors=0.00 | active_neighbor_step_rate=0.592 | mean_active_neighbors_step=0.796 | max_active_neighbors_step=3 | interaction_reward=0.0000 | abs_interaction_reward=0.0000 | anti_stag_reward=0.0000 | abs_anti_stag_reward=0.0000 | wall_clear_reward=0.0000 | abs_wall_clear_reward=0.0000 | local_nav_reward=0.0000 | abs_local_nav_reward=0.0000 | robot_proximity_reward=-0.4254 | abs_robot_proximity_reward=0.4254 | robot_clearance_reward=0.0000 | context_neighbors_mean=0.82 | context_neighbors_max=3 | last_context_neighbors_mean=0.00 | last_context_neighbors_max=0 | actor_unlocked=1 | expl_noise=0.0697 | replay=39206 | interaction_replay=16645 | samples/sec=8.278
Actor gradient gate | passed=1 | safety_samples=168 | linear_positive_share=0.315 | angular_one_sided_share=0.863
Episode 463 complete | agent_samples=39292 | env_steps=16447 | episode_env_steps=22 | episode_agent_samples=86 | mean_reward=130.342 | success=5/5 | collision=0/5 | mean_final_distance=0.278 | mean_progress=0.0163 | min_laser=0.525 | mean_lin=0.964 | mean_ang=-0.793 | mean_robot_dist=inf | raw_reward=20.000 | adjusted_reward=20.000 | coop_agents=0/5 | mean_coop_neighbors=0.00 | active_neighbor_step_rate=0.744 | mean_active_neighbors_step=1.756 | max_active_neighbors_step=4 | interaction_reward=0.0000 | abs_interaction_reward=0.0000 | anti_stag_reward=0.0000 | abs_anti_stag_reward=0.0000 | wall_clear_reward=0.0000 | abs_wall_clear_reward=0.0000 | local_nav_reward=0.0000 | abs_local_nav_reward=0.0000 | robot_proximity_reward=-0.0168 | abs_robot_proximity_reward=0.0168 | robot_clearance_reward=0.0233 | context_neighbors_mean=1.80 | context_neighbors_max=4 | last_context_neighbors_mean=0.00 | last_context_neighbors_max=0 | actor_unlocked=1 | expl_noise=0.0697 | replay=39292 | interaction_replay=16685 | samples/sec=8.287
Actor gradient gate | passed=1 | safety_samples=177 | linear_positive_share=0.316 | angular_one_sided_share=0.819
Episode 464 complete | agent_samples=39390 | env_steps=16488 | episode_env_steps=41 | episode_agent_samples=98 | mean_reward=43.172 | success=3/5 | collision=2/5 | mean_final_distance=0.507 | mean_progress=0.0160 | min_laser=0.300 | mean_lin=0.600 | mean_ang=-0.142 | mean_robot_dist=inf | raw_reward=20.000 | adjusted_reward=20.000 | coop_agents=0/5 | mean_coop_neighbors=0.00 | active_neighbor_step_rate=0.704 | mean_active_neighbors_step=2.010 | max_active_neighbors_step=4 | interaction_reward=0.0000 | abs_interaction_reward=0.0000 | anti_stag_reward=0.0000 | abs_anti_stag_reward=0.0000 | wall_clear_reward=0.0000 | abs_wall_clear_reward=0.0000 | local_nav_reward=0.0000 | abs_local_nav_reward=0.0000 | robot_proximity_reward=-0.3390 | abs_robot_proximity_reward=0.3390 | robot_clearance_reward=0.0031 | context_neighbors_mean=2.03 | context_neighbors_max=4 | last_context_neighbors_mean=0.00 | last_context_neighbors_max=0 | actor_unlocked=1 | expl_noise=0.0697 | replay=39390 | interaction_replay=16720 | samples/sec=8.292
Actor gradient gate | passed=1 | safety_samples=165 | linear_positive_share=0.382 | angular_one_sided_share=0.776
Episode 465 complete | agent_samples=39475 | env_steps=16518 | episode_env_steps=30 | episode_agent_samples=85 | mean_reward=122.440 | success=5/5 | collision=0/5 | mean_final_distance=0.234 | mean_progress=0.0230 | min_laser=0.623 | mean_lin=1.000 | mean_ang=-0.154 | mean_robot_dist=inf | raw_reward=20.000 | adjusted_reward=20.000 | coop_agents=0/5 | mean_coop_neighbors=0.00 | active_neighbor_step_rate=0.694 | mean_active_neighbors_step=1.376 | max_active_neighbors_step=4 | interaction_reward=0.0000 | abs_interaction_reward=0.0000 | anti_stag_reward=0.0000 | abs_anti_stag_reward=0.0000 | wall_clear_reward=0.0000 | abs_wall_clear_reward=0.0000 | local_nav_reward=0.0000 | abs_local_nav_reward=0.0000 | robot_proximity_reward=-0.1624 | abs_robot_proximity_reward=0.1624 | robot_clearance_reward=0.0235 | context_neighbors_mean=1.40 | context_neighbors_max=4 | last_context_neighbors_mean=0.00 | last_context_neighbors_max=0 | actor_unlocked=1 | expl_noise=0.0697 | replay=39475 | interaction_replay=16749 | samples/sec=8.298
Status | epoch=2 | next_eval_in=525 agent_samples | checkpoint_every=10 episodes | checkpoint=./checkpoints/interaction_focused_actor_from_5d_s20260725_latest.pt | model=interaction_focused_actor_from_5d_s20260725
Actor gradient gate | passed=1 | safety_samples=163 | linear_positive_share=0.344 | angular_one_sided_share=0.847
Episode 466 complete | agent_samples=39554 | env_steps=16546 | episode_env_steps=28 | episode_agent_samples=79 | mean_reward=119.970 | success=5/5 | collision=0/5 | mean_final_distance=0.233 | mean_progress=0.0126 | min_laser=0.633 | mean_lin=0.800 | mean_ang=-0.236 | mean_robot_dist=inf | raw_reward=20.000 | adjusted_reward=20.000 | coop_agents=0/5 | mean_coop_neighbors=0.00 | active_neighbor_step_rate=0.696 | mean_active_neighbors_step=1.519 | max_active_neighbors_step=4 | interaction_reward=0.0000 | abs_interaction_reward=0.0000 | anti_stag_reward=0.0000 | abs_anti_stag_reward=0.0000 | wall_clear_reward=0.0000 | abs_wall_clear_reward=0.0000 | local_nav_reward=0.0000 | abs_local_nav_reward=0.0000 | robot_proximity_reward=-0.3536 | abs_robot_proximity_reward=0.3536 | robot_clearance_reward=0.0759 | context_neighbors_mean=1.63 | context_neighbors_max=4 | last_context_neighbors_mean=0.00 | last_context_neighbors_max=0 | actor_unlocked=1 | expl_noise=0.0697 | replay=39554 | interaction_replay=16799 | samples/sec=8.304
Actor gradient gate | passed=1 | safety_samples=139 | linear_positive_share=0.309 | angular_one_sided_share=0.827
Episode 467 complete | agent_samples=39665 | env_steps=16588 | episode_env_steps=42 | episode_agent_samples=111 | mean_reward=78.466 | success=4/5 | collision=1/5 | mean_final_distance=0.488 | mean_progress=0.0199 | min_laser=0.340 | mean_lin=0.813 | mean_ang=-0.515 | mean_robot_dist=inf | raw_reward=20.000 | adjusted_reward=20.000 | coop_agents=0/5 | mean_coop_neighbors=0.00 | active_neighbor_step_rate=0.748 | mean_active_neighbors_step=1.964 | max_active_neighbors_step=4 | interaction_reward=0.0000 | abs_interaction_reward=0.0000 | anti_stag_reward=0.0000 | abs_anti_stag_reward=0.0000 | wall_clear_reward=0.0000 | abs_wall_clear_reward=0.0000 | local_nav_reward=0.0000 | abs_local_nav_reward=0.0000 | robot_proximity_reward=-0.3090 | abs_robot_proximity_reward=0.3090 | robot_clearance_reward=0.0180 | context_neighbors_mean=1.96 | context_neighbors_max=4 | last_context_neighbors_mean=0.00 | last_context_neighbors_max=0 | actor_unlocked=1 | expl_noise=0.0696 | replay=39665 | interaction_replay=16820 | samples/sec=8.311
Actor gradient gate | passed=1 | safety_samples=162 | linear_positive_share=0.309 | angular_one_sided_share=0.827
Episode 468 complete | agent_samples=39713 | env_steps=16605 | episode_env_steps=17 | episode_agent_samples=48 | mean_reward=26.209 | success=3/5 | collision=2/5 | mean_final_distance=0.612 | mean_progress=0.0151 | min_laser=0.321 | mean_lin=0.830 | mean_ang=-0.138 | mean_robot_dist=inf | raw_reward=20.000 | adjusted_reward=20.000 | coop_agents=0/5 | mean_coop_neighbors=0.00 | active_neighbor_step_rate=0.521 | mean_active_neighbors_step=1.208 | max_active_neighbors_step=4 | interaction_reward=0.0000 | abs_interaction_reward=0.0000 | anti_stag_reward=0.0000 | abs_anti_stag_reward=0.0000 | wall_clear_reward=0.0000 | abs_wall_clear_reward=0.0000 | local_nav_reward=0.0000 | abs_local_nav_reward=0.0000 | robot_proximity_reward=-1.1004 | abs_robot_proximity_reward=1.1004 | robot_clearance_reward=0.0000 | context_neighbors_mean=1.17 | context_neighbors_max=4 | last_context_neighbors_mean=0.00 | last_context_neighbors_max=0 | actor_unlocked=1 | expl_noise=0.0696 | replay=39713 | interaction_replay=16833 | samples/sec=8.315
Actor gradient gate | passed=1 | safety_samples=152 | linear_positive_share=0.289 | angular_one_sided_share=0.868
Episode 469 complete | agent_samples=39818 | env_steps=16641 | episode_env_steps=36 | episode_agent_samples=105 | mean_reward=113.484 | success=5/5 | collision=0/5 | mean_final_distance=0.276 | mean_progress=0.0227 | min_laser=0.409 | mean_lin=0.800 | mean_ang=0.278 | mean_robot_dist=inf | raw_reward=20.000 | adjusted_reward=20.000 | coop_agents=0/5 | mean_coop_neighbors=0.00 | active_neighbor_step_rate=0.781 | mean_active_neighbors_step=1.952 | max_active_neighbors_step=4 | interaction_reward=0.0000 | abs_interaction_reward=0.0000 | anti_stag_reward=0.0000 | abs_anti_stag_reward=0.0000 | wall_clear_reward=0.0000 | abs_wall_clear_reward=0.0000 | local_nav_reward=0.0000 | abs_local_nav_reward=0.0000 | robot_proximity_reward=-0.1866 | abs_robot_proximity_reward=0.1866 | robot_clearance_reward=0.0927 | context_neighbors_mean=1.95 | context_neighbors_max=4 | last_context_neighbors_mean=0.00 | last_context_neighbors_max=0 | actor_unlocked=1 | expl_noise=0.0696 | replay=39818 | interaction_replay=16865 | samples/sec=8.323
Actor gradient gate | passed=1 | safety_samples=149 | linear_positive_share=0.282 | angular_one_sided_share=0.859
Episode 470 complete | agent_samples=39912 | env_steps=16691 | episode_env_steps=50 | episode_agent_samples=94 | mean_reward=28.736 | success=3/5 | collision=2/5 | mean_final_distance=0.481 | mean_progress=-0.0020 | min_laser=0.304 | mean_lin=0.599 | mean_ang=0.549 | mean_robot_dist=inf | raw_reward=-20.000 | adjusted_reward=-20.000 | coop_agents=0/5 | mean_coop_neighbors=0.00 | active_neighbor_step_rate=0.404 | mean_active_neighbors_step=1.160 | max_active_neighbors_step=4 | interaction_reward=0.0000 | abs_interaction_reward=0.0000 | anti_stag_reward=0.0000 | abs_anti_stag_reward=0.0000 | wall_clear_reward=0.0000 | abs_wall_clear_reward=0.0000 | local_nav_reward=0.0000 | abs_local_nav_reward=0.0000 | robot_proximity_reward=-0.2950 | abs_robot_proximity_reward=0.2950 | robot_clearance_reward=0.0000 | context_neighbors_mean=1.18 | context_neighbors_max=4 | last_context_neighbors_mean=0.00 | last_context_neighbors_max=0 | actor_unlocked=1 | expl_noise=0.0696 | replay=39912 | interaction_replay=16893 | samples/sec=8.323
Status | epoch=2 | next_eval_in=88 agent_samples | checkpoint_every=10 episodes | checkpoint=./checkpoints/interaction_focused_actor_from_5d_s20260725_latest.pt | model=interaction_focused_actor_from_5d_s20260725
Checkpoint saved: ./checkpoints/interaction_focused_actor_from_5d_s20260725_latest.pt
Actor gradient gate | passed=1 | safety_samples=160 | linear_positive_share=0.381 | angular_one_sided_share=0.869
Episode 471 complete | agent_samples=39973 | env_steps=16710 | episode_env_steps=19 | episode_agent_samples=61 | mean_reward=114.770 | success=5/5 | collision=0/5 | mean_final_distance=0.246 | mean_progress=0.0278 | min_laser=0.627 | mean_lin=0.986 | mean_ang=0.884 | mean_robot_dist=inf | raw_reward=20.000 | adjusted_reward=20.000 | coop_agents=0/5 | mean_coop_neighbors=0.00 | active_neighbor_step_rate=0.869 | mean_active_neighbors_step=1.902 | max_active_neighbors_step=4 | interaction_reward=0.0000 | abs_interaction_reward=0.0000 | anti_stag_reward=0.0000 | abs_anti_stag_reward=0.0000 | wall_clear_reward=0.0000 | abs_wall_clear_reward=0.0000 | local_nav_reward=0.0000 | abs_local_nav_reward=0.0000 | robot_proximity_reward=-0.4450 | abs_robot_proximity_reward=0.4450 | robot_clearance_reward=0.0692 | context_neighbors_mean=1.93 | context_neighbors_max=4 | last_context_neighbors_mean=0.00 | last_context_neighbors_max=0 | actor_unlocked=1 | expl_noise=0.0696 | replay=39973 | interaction_replay=16945 | samples/sec=8.327
Actor gradient gate | passed=1 | safety_samples=157 | linear_positive_share=0.338 | angular_one_sided_share=0.822
Episode 472 complete | agent_samples=40031 | env_steps=16737 | episode_env_steps=27 | episode_agent_samples=58 | mean_reward=-16.507 | success=2/5 | collision=3/5 | mean_final_distance=1.013 | mean_progress=0.0133 | min_laser=0.300 | mean_lin=0.800 | mean_ang=-0.557 | mean_robot_dist=inf | raw_reward=20.000 | adjusted_reward=20.000 | coop_agents=0/5 | mean_coop_neighbors=0.00 | active_neighbor_step_rate=0.655 | mean_active_neighbors_step=1.776 | max_active_neighbors_step=4 | interaction_reward=0.0000 | abs_interaction_reward=0.0000 | anti_stag_reward=0.0000 | abs_anti_stag_reward=0.0000 | wall_clear_reward=0.0000 | abs_wall_clear_reward=0.0000 | local_nav_reward=0.0000 | abs_local_nav_reward=0.0000 | robot_proximity_reward=-0.9980 | abs_robot_proximity_reward=0.9980 | robot_clearance_reward=0.0000 | context_neighbors_mean=1.79 | context_neighbors_max=4 | last_context_neighbors_mean=0.00 | last_context_neighbors_max=0 | actor_unlocked=1 | expl_noise=0.0695 | replay=40031 | interaction_replay=16961 | samples/sec=8.329
Validating multi-agent policy at agent_samples=40031 env_steps=16737
Manifest switched: strong-interaction-curriculum-validation-v1 | scenarios=140 | sampling=cycle | path=/home/jiutian/Local-Critic-Multi-Robot-Navigation-gate/experiments/04_保留专门化/05_论文主线/datasets/fixed_v1/views/strong_interaction_curriculum_v1/validation.json.gz
Validation progress | epoch=2 | episodes=10/140 | success_rate=0.880 | collision_rate=0.120 | full_success_rate=0.600 | timeout_rate=0.000
Validation progress | epoch=2 | episodes=20/140 | success_rate=0.830 | collision_rate=0.170 | full_success_rate=0.450 | timeout_rate=0.000
Validation progress | epoch=2 | episodes=30/140 | success_rate=0.840 | collision_rate=0.160 | full_success_rate=0.467 | timeout_rate=0.000
Validation progress | epoch=2 | episodes=40/140 | success_rate=0.810 | collision_rate=0.190 | full_success_rate=0.400 | timeout_rate=0.000
Validation progress | epoch=2 | episodes=50/140 | success_rate=0.812 | collision_rate=0.188 | full_success_rate=0.400 | timeout_rate=0.000
Validation progress | epoch=2 | episodes=60/140 | success_rate=0.813 | collision_rate=0.187 | full_success_rate=0.417 | timeout_rate=0.000
Validation progress | epoch=2 | episodes=70/140 | success_rate=0.829 | collision_rate=0.171 | full_success_rate=0.457 | timeout_rate=0.000
Validation progress | epoch=2 | episodes=80/140 | success_rate=0.828 | collision_rate=0.170 | full_success_rate=0.438 | timeout_rate=0.013
Validation progress | epoch=2 | episodes=90/140 | success_rate=0.836 | collision_rate=0.162 | full_success_rate=0.467 | timeout_rate=0.011
Validation progress | epoch=2 | episodes=100/140 | success_rate=0.830 | collision_rate=0.168 | full_success_rate=0.460 | timeout_rate=0.010
Validation progress | epoch=2 | episodes=110/140 | success_rate=0.822 | collision_rate=0.176 | full_success_rate=0.455 | timeout_rate=0.009
Validation progress | epoch=2 | episodes=120/140 | success_rate=0.825 | collision_rate=0.173 | full_success_rate=0.458 | timeout_rate=0.008
Validation progress | epoch=2 | episodes=130/140 | success_rate=0.831 | collision_rate=0.168 | full_success_rate=0.477 | timeout_rate=0.008
Validation progress | epoch=2 | episodes=140/140 | success_rate=0.830 | collision_rate=0.169 | full_success_rate=0.479 | timeout_rate=0.007
..............................................
Multi-Agent Eval Epoch 2 | avg_reward=75.719 | success_rate=0.830 | collision_rate=0.169 | unresolved_rate=0.001 | full_success_rate=0.479 | timeout_episode_rate=0.007 | avg_env_steps=35.1 | avg_final_distance=0.298
Eval success_hist 0..N: [0, 1, 0, 43, 29, 67]
Eval collision_hist 0..N: [68, 28, 43, 0, 1, 0]
Eval oracle strong-actor activation rate: 0.4293 (5172/12047 agent steps)
Eval interaction stratum | band=close | episodes=40 | success_rate=0.880 | collision_rate=0.120 | unresolved_rate=0.000 | full_success_rate=0.600 | timeout_rate=0.000 | avg_steps=31.5
Eval interaction stratum | band=deep | episodes=60 | success_rate=0.717 | collision_rate=0.283 | unresolved_rate=0.000 | full_success_rate=0.183 | timeout_rate=0.000 | avg_steps=34.7
Eval interaction stratum | band=margin | episodes=40 | success_rate=0.950 | collision_rate=0.045 | unresolved_rate=0.005 | full_success_rate=0.800 | timeout_rate=0.025 | avg_steps=39.1
..............................................
Manifest switched: strong-interaction-stage2-train-v1 | scenarios=640 | sampling=random | path=/home/jiutian/Local-Critic-Multi-Robot-Navigation-gate/experiments/04_保留专门化/05_论文主线/datasets/fixed_v1/views/strong_interaction_curriculum_v1/stage2_train.json.gz
Epoch model snapshot saved: interaction_focused_actor_from_5d_s20260725_epoch_002
Checkpoint saved: ./checkpoints/interaction_focused_actor_from_5d_s20260725_latest.pt
Best checkpoint updated | epoch=2 | success_rate=0.830 | collision_rate=0.169 | full_success_rate=0.479 | unresolved_rate=0.001 | avg_reward=75.719 | metric=full_success | path=./checkpoints/interaction_focused_actor_from_5d_s20260725_best.pt
Next epoch will start from 3. Resume keeps this counter in ./checkpoints/interaction_focused_actor_from_5d_s20260725_latest.pt
已终止
 cmd_vel
[INFO] [1784990502.144344590, 0.880000000]: DiffDrive(ns = /r4/): Subscribe to cmd_vel
[INFO] [1784990502.144496694, 0.880000000]: DiffDrive(ns = /r4/): Advertise odom on odom 
[INFO] [1784990502.144595923, 0.880000000]: GazeboRosJointStatePublisher is going to publish joint: chassis_swivel_joint
[INFO] [1784990502.144606016, 0.880000000]: GazeboRosJointStatePublisher is going to publish joint: swivel_wheel_joint
[INFO] [1784990502.144614770, 0.880000000]: GazeboRosJointStatePublisher is going to publish joint: left_hub_joint
[INFO] [1784990502.144622799, 0.880000000]: GazeboRosJointStatePublisher is going to publish joint: right_hub_joint
[INFO] [1784990502.144630763, 0.880000000]: Starting GazeboRosJointStatePublisher Plugin (ns = /r4/)!, parent name: r4
[INFO] [1784990502.426708142, 1.016000000]: Laser Plugin: The 'robotNamespace' param was empty
[INFO] [1784990502.426724912, 1.016000000]: Starting Laser Plugin (ns = r2)
[INFO] [1784990502.427107682, 1.016000000]: Laser Plugin (ns = r2)  <tf_prefix_>, set to ""
[INFO] [1784990503.034970324, 1.016000000]: Velodyne laser plugin missing <min_intensity>, defaults to no clipping
[INFO] [1784990503.035483748, 1.016000000]: Velodyne laser plugin ready, 16 lasers
[INFO] [1784990503.037071354, 1.016000000]: Starting plugin DiffDrive(ns = /r2/)
[DEBUG] [1784990503.037081493, 1.016000000]: DiffDrive(ns = /r2/): <rosDebugLevel> = Debug
[INFO] [1784990503.037091561, 1.016000000]: DiffDrive(ns = /r2/): <rosDebugLevel> = Debug
[INFO] [1784990503.037311610, 1.016000000]: DiffDrive(ns = /r2/): <tf_prefix> = 
[DEBUG] [1784990503.037317110, 1.016000000]: DiffDrive(ns = /r2/): <commandTopic> = cmd_vel
[DEBUG] [1784990503.037322515, 1.016000000]: DiffDrive(ns = /r2/): <odometryTopic> = odom
[DEBUG] [1784990503.037328001, 1.016000000]: DiffDrive(ns = /r2/): <odometryFrame> = odom
[DEBUG] [1784990503.037333116, 1.016000000]: DiffDrive(ns = /r2/): <robotBaseFrame> = base_link
[DEBUG] [1784990503.037337515, 1.016000000]: DiffDrive(ns = /r2/): <publishWheelTF> = false
[DEBUG] [1784990503.037342410, 1.016000000]: DiffDrive(ns = /r2/): <publishOdomTF> = false
[DEBUG] [1784990503.037348142, 1.016000000]: DiffDrive(ns = /r2/): <publishWheelJointState> = false
[DEBUG] [1784990503.037355248, 1.016000000]: DiffDrive(ns = /r2/): <wheelSeparation> = 0.29999999999999999
[DEBUG] [1784990503.037360856, 1.016000000]: DiffDrive(ns = /r2/): <wheelDiameter> = 0.17999999999999999
[DEBUG] [1784990503.037365913, 1.016000000]: DiffDrive(ns = /r2/): <wheelAcceleration> = 1.8
[DEBUG] [1784990503.037370722, 1.016000000]: DiffDrive(ns = /r2/): <wheelTorque> = 20
[DEBUG] [1784990503.037375937, 1.016000000]: DiffDrive(ns = /r2/): <updateRate> = 50
[DEBUG] [1784990503.037382408, 1.016000000]: DiffDrive(ns = /r2/): <odometrySource> = world := 1
[DEBUG] [1784990503.037386931, 1.016000000]: DiffDrive(ns = /r2/): <leftJoint> = left_hub_joint
[DEBUG] [1784990503.037392935, 1.016000000]: DiffDrive(ns = /r2/): <rightJoint> = right_hub_joint
[INFO] [1784990503.037418402, 1.016000000]: DiffDrive(ns = /r2/): Try to subscribe to cmd_vel
[INFO] [1784990503.038982080, 1.016000000]: DiffDrive(ns = /r2/): Subscribe to cmd_vel
[INFO] [1784990503.039245002, 1.016000000]: DiffDrive(ns = /r2/): Advertise odom on odom 
[INFO] [1784990503.039304800, 1.016000000]: GazeboRosJointStatePublisher is going to publish joint: chassis_swivel_joint
[INFO] [1784990503.039309286, 1.016000000]: GazeboRosJointStatePublisher is going to publish joint: swivel_wheel_joint
[INFO] [1784990503.039314300, 1.016000000]: GazeboRosJointStatePublisher is going to publish joint: left_hub_joint
[INFO] [1784990503.039318563, 1.016000000]: GazeboRosJointStatePublisher is going to publish joint: right_hub_joint
[INFO] [1784990503.039323792, 1.016000000]: Starting GazeboRosJointStatePublisher Plugin (ns = /r2/)!, parent name: r2
Error in XmlRpcClient::writeRequest: write error (Connection refused).
Error in XmlRpcDispatch::work: couldn't find source iterator
Error in XmlRpcClient::writeRequest: write error (Connection refused).
Error in XmlRpcDispatch::work: couldn't find source iterator
Error in XmlRpcClient::writeRequest: write error (Connection refused).
Error in XmlRpcDispatch::work: couldn't find source iterator
Error in XmlRpcClient::writeRequest: write error (Connection refused).
Error in XmlRpcDispatch::work: couldn't find source iterator
Error in XmlRpcClient::writeRequest: write error (Connection refused).
Error in XmlRpcDispatch::work: couldn't find source iterator
... logging to /home/jiutian/.ros/log/f06f1362-8836-11f1-a71a-79b7e70ca52d/roslaunch-JiuTian-AI4090-342978.log
Checking log directory for disk usage. This may take a while.
Press Ctrl-C to interrupt
Done checking log file disk usage. Usage is <1GB.
]2;roscore
[1mstarted roslaunch server http://localhost:42271/[0m
ros_comm version 1.17.4


SUMMARY
========

PARAMETERS
 * /rosdistro: noetic
 * /rosversion: 1.17.4

NODES

auto-starting new master
[1mprocess[master]: started with pid [342988][0m
[1mROS_MASTER_URI=http://localhost:13003/[0m
]2;roscore http://localhost:13003/
[1msetting /run_id to f06f1362-8836-11f1-a71a-79b7e70ca52d[0m
[1mprocess[rosout-1]: started with pid [343002][0m
started core service [/rosout]
[rosout-1] killing on exit
[master] killing on exit
shutting down processing monitor...
... shutting down processing monitor complete
[1mdone[0m
... logging to /home/jiutian/.ros/log/f06f1362-8836-11f1-a71a-79b7e70ca52d/roslaunch-JiuTian-AI4090-343011.log
Checking log directory for disk usage. This may take a while.
Press Ctrl-C to interrupt
Done checking log file disk usage. Usage is <1GB.
]2;/home/jiutian/Local-Critic-Multi-Robot-Navigation-gate/TD3/assets/multi_robot_scenario_strong_interaction_pilot_5.launch
[1mstarted roslaunch server http://localhost:44047/[0m

SUMMARY
========

PARAMETERS
 * /robot_description_r1: <?xml version="1....
 * /robot_description_r2: <?xml version="1....
 * /robot_description_r3: <?xml version="1....
 * /robot_description_r4: <?xml version="1....
 * /robot_description_r5: <?xml version="1....
 * /rosdistro: noetic
 * /rosversion: 1.17.4
 * /use_sim_time: True

NODES
  /
    gazebo (gazebo_ros/gzserver)
    urdf_spawner_r1 (gazebo_ros/spawn_model)
    urdf_spawner_r2 (gazebo_ros/spawn_model)
    urdf_spawner_r3 (gazebo_ros/spawn_model)
    urdf_spawner_r4 (gazebo_ros/spawn_model)
    urdf_spawner_r5 (gazebo_ros/spawn_model)

[1mROS_MASTER_URI=http://localhost:13003/[0m
]2;/home/jiutian/Local-Critic-Multi-Robot-Navigation-gate/TD3/assets/multi_robot_scenario_strong_interaction_pilot_5.launch http://localhost:13003/
[1mprocess[gazebo-1]: started with pid [343193][0m
[1mprocess[urdf_spawner_r1-2]: started with pid [343197][0m
[1mprocess[urdf_spawner_r2-3]: started with pid [343199][0m
[1mprocess[urdf_spawner_r3-4]: started with pid [343200][0m
[1mprocess[urdf_spawner_r4-5]: started with pid [343201][0m
[1mprocess[urdf_spawner_r5-6]: started with pid [343202][0m
[1m[urdf_spawner_r3-4] process has finished cleanly
log file: /home/jiutian/.ros/log/f06f1362-8836-11f1-a71a-79b7e70ca52d/urdf_spawner_r3-4*.log[0m
[1m[urdf_spawner_r1-2] process has finished cleanly
log file: /home/jiutian/.ros/log/f06f1362-8836-11f1-a71a-79b7e70ca52d/urdf_spawner_r1-2*.log[0m
[1m[urdf_spawner_r5-6] process has finished cleanly
log file: /home/jiutian/.ros/log/f06f1362-8836-11f1-a71a-79b7e70ca52d/urdf_spawner_r5-6*.log[0m
[1m[urdf_spawner_r4-5] process has finished cleanly
log file: /home/jiutian/.ros/log/f06f1362-8836-11f1-a71a-79b7e70ca52d/urdf_spawner_r4-5*.log[0m
[1m[urdf_spawner_r2-3] process has finished cleanly
log file: /home/jiutian/.ros/log/f06f1362-8836-11f1-a71a-79b7e70ca52d/urdf_spawner_r2-3*.log[0m
[gazebo-1] killing on exit
shutting down processing monitor...
... shutting down processing monitor complete
[1mdone[0m
Traceback (most recent call last):
  File "train_velodyne_td3_multi.py", line 2206, in <module>
    next_states, rewards, dones, targets, collisions = env.step(
  File "/home/jiutian/Local-Critic-Multi-Robot-Navigation-gate/TD3/multi_agent_velodyne_env.py", line 1281, in step
    rospy.wait_for_service("/gazebo/pause_physics")
  File "/opt/ros/noetic/lib/python3/dist-packages/rospy/impl/tcpros_service.py", line 166, in wait_for_service
    raise ROSInterruptException("rospy shutdown")
rospy.exceptions.ROSInterruptException: rospy shutdown
