Activated DRL robot navigation Python environment.
Python: Python 3.8.10
Venv: /home/jiutian/venvs/drl-robot-nav
Fixed manifest enabled: 640 scenarios loaded
Roscore launched!
Unable to register with master node [http://localhost:13003]: master may not be running yet. Will keep trying.
Gazebo launched!
INFO: cannot create a symlink to latest log directory: [Errno 2] No such file or directory: '/home/jiutian/.ros/log/latest'
[INFO] [1784983802.452809, 0.000000]: Loading model XML from ros parameter robot_description_r3
[INFO] [1784983802.456009, 0.000000]: Waiting for service /gazebo/spawn_urdf_model
[INFO] [1784983802.757695, 0.271000]: Calling service /gazebo/spawn_urdf_model
[INFO] [1784983803.573778, 0.374000]: Spawn status: SpawnModel: Successfully spawned entity
[WARN] [1784983803.683802039, 0.374000000]: GazeboRosDiffDrive Plugin (ns = ) missing <publishTf>, defaults to 1
[INFO] [1784983802.566540710]: Finished loading Gazebo ROS API Plugin.
[INFO] [1784983802.567285420]: waitForService: Service [/gazebo/set_physics_properties] has not been advertised, waiting...
[INFO] [1784983802.689270981, 0.205000000]: waitForService: Service [/gazebo/set_physics_properties] is now available.
[INFO] [1784983802.694183816, 0.210000000]: Physics dynamic reconfigure ready.
[INFO] [1784983802.963126874, 0.374000000]: Laser Plugin: The 'robotNamespace' param was empty
[INFO] [1784983802.963145693, 0.374000000]: Starting Laser Plugin (ns = r3)
[INFO] [1784983802.963546787, 0.374000000]: Laser Plugin (ns = r3)  <tf_prefix_>, set to ""
[INFO] [1784983803.574157890, 0.374000000]: Velodyne laser plugin missing <min_intensity>, defaults to no clipping
[INFO] [1784983803.575362735, 0.374000000]: Velodyne laser plugin ready, 16 lasers
[INFO] [1784983803.683262740, 0.374000000]: Starting plugin DiffDrive(ns = /r3/)
[INFO] [1784983803.683299041, 0.374000000]: DiffDrive(ns = /r3/): <rosDebugLevel> = Debug
[INFO] [1784983803.683650266, 0.374000000]: DiffDrive(ns = /r3/): <tf_prefix> = 
[DEBUG] [1784983803.683677498, 0.374000000]: DiffDrive(ns = /r3/): <commandTopic> = cmd_vel
[DEBUG] [1784983803.683682274, 0.374000000]: DiffDrive(ns = /r3/): <odometryTopic> = odom
[DEBUG] [1784983803.683686573, 0.374000000]: DiffDrive(ns = /r3/): <odometryFrame> = odom
[DEBUG] [1784983803.683690960, 0.374000000]: DiffDrive(ns = /r3/): <robotBaseFrame> = base_link
[DEBUG] [1784983803.683706542, 0.374000000]: DiffDrive(ns = /r3/): <publishWheelTF> = false
[DEBUG] [1784983803.683710386, 0.374000000]: DiffDrive(ns = /r3/): <publishOdomTF> = false
[DEBUG] [1784983803.683713889, 0.374000000]: DiffDrive(ns = /r3/): <publishWheelJointState> = false
[DEBUG] [1784983803.683736971, 0.374000000]: DiffDrive(ns = /r3/): <wheelSeparation> = 0.29999999999999999
[DEBUG] [1784983803.683741939, 0.374000000]: DiffDrive(ns = /r3/): <wheelDiameter> = 0.17999999999999999
[DEBUG] [1784983803.683746959, 0.374000000]: DiffDrive(ns = /r3/): <wheelAcceleration> = 1.8
[DEBUG] [1784983803.683751692, 0.374000000]: DiffDrive(ns = /r3/): <wheelTorque> = 20
[DEBUG] [1784983803.683760501, 0.374000000]: DiffDrive(ns = /r3/): <updateRate> = 50
[DEBUG] [1784983803.683779886, 0.374000000]: DiffDrive(ns = /r3/): <odometrySource> = world := 1
[DEBUG] [1784983803.683789020, 0.374000000]: DiffDrive(ns = /r3/): <leftJoint> = left_hub_joint
[DEBUG] [1784983803.683794261, 0.374000000]: DiffDrive(ns = /r3/): <rightJoint> = right_hub_joint
[INFO] [1784983803.683993195, 0.374000000]: DiffDrive(ns = /r3/): Try to subscribe to cmd_vel
[INFO] [1784983803.684490775, 0.374000000]: DiffDrive(ns = /r3/): Subscribe to cmd_vel
[INFO] [1784983803.684604698, 0.374000000]: DiffDrive(ns = /r3/): Advertise odom on odom 
[INFO] [1784983803.689336634, 0.374000000]: GazeboRosJointStatePublisher is going to publish joint: chassis_swivel_joint
[INFO] [1784983803.689351542, 0.374000000]: GazeboRosJointStatePublisher is going to publish joint: swivel_wheel_joint
[INFO] [1784983803.689360369, 0.374000000]: GazeboRosJointStatePublisher is going to publish joint: left_hub_joint
[INFO] [1784983803.689369405, 0.374000000]: GazeboRosJointStatePublisher is going to publish joint: right_hub_joint
[INFO] [1784983803.689380739, 0.374000000]: Starting GazeboRosJointStatePublisher Plugin (ns = /r3/)!, parent name: r3
[DEBUG] [1784983803.721156301, 0.395000000]: Trying to publish message of type [nav_msgs/Odometry/cd5e73d190d741a2f92e81eda573aca7] on a publisher with type [nav_msgs/Odometry/cd5e73d190d741a2f92e81eda573aca7]
[DEBUG] [1784983803.721205121, 0.395000000]: Trying to publish message of type [sensor_msgs/JointState/3066dcd76a6cfaef579bd0f34173e9fd] on a publisher with type [sensor_msgs/JointState/3066dcd76a6cfaef579bd0f34173e9fd]
[INFO] [1784983803.969790310, 0.558000000]: Laser Plugin: The 'robotNamespace' param was empty
[INFO] [1784983803.969807959, 0.558000000]: Starting Laser Plugin (ns = r1)
[INFO] [1784983803.970325488, 0.558000000]: Laser Plugin (ns = r1)  <tf_prefix_>, set to ""
[INFO] [1784983804[WARN] [1784983804.580199065, 0.558000000]: GazeboRosDiffDrive Plugin (ns = ) missing <publishTf>, defaults to 1
[INFO] [1784983802.455930, 0.000000]: Loading model XML from ros parameter robot_description_r1
[INFO] [1784983802.458765, 0.000000]: Waiting for service /gazebo/spawn_urdf_model
[INFO] [1784983802.760240, 0.273000]: Calling service /gazebo/spawn_urdf_model
[INFO] [1784983804.579641, 0.558000]: Spawn status: SpawnModel: Successfully spawned entity
.578273274, 0.558000000]: Velodyne laser plugin missing <min_intensity>, defaults to no clipping
[INFO] [1784983804.579014241, 0.558000000]: Velodyne laser plugin ready, 16 lasers
[INFO] [1784983804.579650311, 0.558000000]: Starting plugin DiffDrive(ns = /r1/)
[DEBUG] [1784983804.579659685, 0.558000000]: DiffDrive(ns = /r1/): <rosDebugLevel> = Debug
[INFO] [1784983804.579669800, 0.558000000]: DiffDrive(ns = /r1/): <rosDebugLevel> = Debug
[INFO] [1784983804.580109710, 0.558000000]: DiffDrive(ns = /r1/): <tf_prefix> = 
[DEBUG] [1784983804.580120592, 0.558000000]: DiffDrive(ns = /r1/): <commandTopic> = cmd_vel
[DEBUG] [1784983804.580125114, 0.558000000]: DiffDrive(ns = /r1/): <odometryTopic> = odom
[DEBUG] [1784983804.580129886, 0.558000000]: DiffDrive(ns = /r1/): <odometryFrame> = odom
[DEBUG] [1784983804.580133662, 0.558000000]: DiffDrive(ns = /r1/): <robotBaseFrame> = base_link
[DEBUG] [1784983804.580139527, 0.558000000]: DiffDrive(ns = /r1/): <publishWheelTF> = false
[DEBUG] [1784983804.580143995, 0.558000000]: DiffDrive(ns = /r1/): <publishOdomTF> = false
[DEBUG] [1784983804.580148464, 0.558000000]: DiffDrive(ns = /r1/): <publishWheelJointState> = false
[DEBUG] [1784983804.580157066, 0.558000000]: DiffDrive(ns = /r1/): <wheelSeparation> = 0.29999999999999999
[DEBUG] [1784983804.580161995, 0.558000000]: DiffDrive(ns = /r1/): <wheelDiameter> = 0.17999999999999999
[DEBUG] [1784983804.580167610, 0.558000000]: DiffDrive(ns = /r1/): <wheelAcceleration> = 1.8
[DEBUG] [1784983804.580172741, 0.558000000]: DiffDrive(ns = /r1/): <wheelTorque> = 20
[DEBUG] [1784983804.580177434, 0.558000000]: DiffDrive(ns = /r1/): <updateRate> = 50
[DEBUG] [1784983804.580183675, 0.558000000]: DiffDrive(ns = /r1/): <odometrySource> = world := 1
[DEBUG] [1784983804.580188289, 0.558000000]: DiffDrive(ns = /r1/): <leftJoint> = left_hub_joint
[DEBUG] [1784983804.580193175, 0.558000000]: DiffDrive(ns = /r1/): <rightJoint> = right_hub_joint
[INFO] [1784983804.580231353, 0.558000000]: DiffDrive(ns = /r1/): Try to subscribe to cmd_vel
[INFO] [1784983804.581326226, 0.558000000]: DiffDrive(ns = /r1/): Subscribe to cmd_vel
[INFO] [1784983804.581438918, 0.558000000]: DiffDrive(ns = /r1/): Advertise odom on odom 
[INFO] [1784983804.581496835, 0.558000000]: GazeboRosJointStatePublisher is going to publish joint: chassis_swivel_joint
[INFO] [1784983804.581501043, 0.558000000]: GazeboRosJointStatePublisher is going to publish joint: swivel_wheel_joint
[INFO] [1784983804.581505686, 0.558000000]: GazeboRosJointStatePublisher is going to publish joint: left_hub_joint
[INFO] [1784983804.581509551, 0.558000000]: GazeboRosJointStatePublisher is going to publish joint: right_hub_joint
[INFO] [1784983804.581513477, 0.558000000]: Starting GazeboRosJointStatePublisher Plugin (ns = /r1/)!, parent name: r1
[INFO] [1784983804.861879692, 0.713000000]: Laser Plugin: The 'robotNamespace' param was empty
[INFO] [1784983804.861895035, 0.713000000]: Starting Laser Plugin (ns = r2)
[INFO] [1784983804.862335286, 0.713000000]: Laser Plugin (ns = r2)  <tf_prefix_>, set to ""
[INFO] [1784983805.472883038, 0.713000000]: Velodyne laser plugin missing <min_intensity>, defaults to no clipping
[INFO] [1784983805.473592189, 0.713000000]: Velodyne laser plugin ready, 16 lasers
[INFO] [1784983805.474543350, 0.713000000]: Starting plugin DiffDrive(ns = /r2/)
[DEBUG] [1784983805.474551965, 0.713000000]: DiffDrive(ns = /r2/): <rosDebugLevel> = Debug
[INFO] [1784983805.474560631, 0.713000000]: DiffDrive(ns = /r2/): <rosDebugLevel> = Debug
[INFO] [1784983805.474810267, 0.713000000]: DiffDrive(ns = /r2/): <tf_prefix> = 
[DEBUG] [1784983805.474820798, 0.713000000]: DiffDrive(ns = /r2/): <commandTopic> = cmd_vel
[DEBUG] [1784983805.474824679, 0.713000000]: DiffDrive(ns = /r2/): <odometryTopic> = odom
[DEBUG] [1784983805.474827991, 0.713000000]: DiffDrive(ns = /r2/): <odometryFrame> = odom
[DEBUG] [1784983805.474831434, 0.713000000]: DiffDrive(ns = /r2/): <robotBaseFrame> = base_link
[DEBUG] [1784983805.474836521, 0.713000000]: DiffDrive(ns = /r2/): <publishWheelTF> = false
[DEBUG] [1784983805.474839640,[WARN] [1784983805.474895814, 0.713000000]: GazeboRosDiffDrive Plugin (ns = ) missing <publishTf>, defaults to 1
[INFO] [1784983802.553238, 0.000000]: Loading model XML from ros parameter robot_description_r2
[INFO] [1784983802.555776, 0.000000]: Waiting for service /gazebo/spawn_urdf_model
[INFO] [1784983802.859072, 0.370000]: Calling service /gazebo/spawn_urdf_model
[INFO] [1784983805.474487, 0.713000]: Spawn status: SpawnModel: Successfully spawned entity
[WARN] [1784983806.381720412, 0.857000000]: GazeboRosDiffDrive Plugin (ns = ) missing <publishTf>, defaults to 1
 0.713000000]: DiffDrive(ns = /r2/): <publishOdomTF> = false
[DEBUG] [1784983805.474854928, 0.713000000]: DiffDrive(ns = /r2/): <publishWheelJointState> = false
[DEBUG] [1784983805.474862633, 0.713000000]: DiffDrive(ns = /r2/): <wheelSeparation> = 0.29999999999999999
[DEBUG] [1784983805.474866760, 0.713000000]: DiffDrive(ns = /r2/): <wheelDiameter> = 0.17999999999999999
[DEBUG] [1784983805.474871102, 0.713000000]: DiffDrive(ns = /r2/): <wheelAcceleration> = 1.8
[DEBUG] [1784983805.474875162, 0.713000000]: DiffDrive(ns = /r2/): <wheelTorque> = 20
[DEBUG] [1784983805.474878658, 0.713000000]: DiffDrive(ns = /r2/): <updateRate> = 50
[DEBUG] [1784983805.474883917, 0.713000000]: DiffDrive(ns = /r2/): <odometrySource> = world := 1
[DEBUG] [1784983805.474887268, 0.713000000]: DiffDrive(ns = /r2/): <leftJoint> = left_hub_joint
[DEBUG] [1784983805.474890727, 0.713000000]: DiffDrive(ns = /r2/): <rightJoint> = right_hub_joint
[INFO] [1784983805.474909094, 0.713000000]: DiffDrive(ns = /r2/): Try to subscribe to cmd_vel
[INFO] [1784983805.476340064, 0.713000000]: DiffDrive(ns = /r2/): Subscribe to cmd_vel
[INFO] [1784983805.476502933, 0.713000000]: DiffDrive(ns = /r2/): Advertise odom on odom 
[INFO] [1784983805.476573658, 0.713000000]: GazeboRosJointStatePublisher is going to publish joint: chassis_swivel_joint
[INFO] [1784983805.476578543, 0.713000000]: GazeboRosJointStatePublisher is going to publish joint: swivel_wheel_joint
[INFO] [1784983805.476582717, 0.713000000]: GazeboRosJointStatePublisher is going to publish joint: left_hub_joint
[INFO] [1784983805.476586676, 0.713000000]: GazeboRosJointStatePublisher is going to publish joint: right_hub_joint
[INFO] [1784983805.476590849, 0.713000000]: Starting GazeboRosJointStatePublisher Plugin (ns = /r2/)!, parent name: r2
[INFO] [1784983805.773188552, 0.857000000]: Laser Plugin: The 'robotNamespace' param was empty
[INFO] [1784983805.773210727, 0.857000000]: Starting Laser Plugin (ns = r4)
[INFO] [1784983805.773569865, 0.857000000]: Laser Plugin (ns = r4)  <tf_prefix_>, set to ""
[INFO] [1784983806.379517373, 0.857000000]: Velodyne laser plugin missing <min_intensity>, defaults to no clipping
[INFO] [1784983806.380015863, 0.857000000]: Velodyne laser plugin ready, 16 lasers
[INFO] [1784983806.381426975, 0.857000000]: Starting plugin DiffDrive(ns = /r4/)
[DEBUG] [1784983806.381436397, 0.857000000]: DiffDrive(ns = /r4/): <rosDebugLevel> = Debug
[INFO] [1784983806.381446575, 0.857000000]: DiffDrive(ns = /r4/): <rosDebugLevel> = Debug
[INFO] [1784983806.381641092, 0.857000000]: DiffDrive(ns = /r4/): <tf_prefix> = 
[DEBUG] [1784983806.381645226, 0.857000000]: DiffDrive(ns = /r4/): <commandTopic> = cmd_vel
[DEBUG] [1784983806.381649445, 0.857000000]: DiffDrive(ns = /r4/): <odometryTopic> = odom
[DEBUG] [1784983806.381653938, 0.857000000]: DiffDrive(ns = /r4/): <odometryFrame> = odom
[DEBUG] [1784983806.381658035, 0.857000000]: DiffDrive(ns = /r4/): <robotBaseFrame> = base_link
[DEBUG] [1784983806.381663342, 0.857000000]: DiffDrive(ns = /r4/): <publishWheelTF> = false
[DEBUG] [1784983806.381667189, 0.857000000]: DiffDrive(ns = /r4/): <publishOdomTF> = false
[DEBUG] [1784983806.381671544, 0.857000000]: DiffDrive(ns = /r4/): <publishWheelJointState> = false
[DEBUG] [1784983806.381680646, 0.857000000]: DiffDrive(ns = /r4/): <wheelSeparation> = 0.29999999999999999
[DEBUG] [1784983806.381685749, 0.857000000]: DiffDrive(ns = /r4/): <wheelDiameter> = 0.17999999999999999
[DEBUG] [1784983806.381690646, 0.857000000]: DiffDrive(ns = /r4/): <wheelAcceleration> = 1.8
[DEBUG] [1784983806.381695501, 0.857000000]: DiffDrive(ns = /r4/): <wheelTorque> = 20
[DEBUG] [1784983806.381700206, 0.857000000]: DiffDrive(ns = /r4/): <updateRate> = 50
[DEBUG] [1784983806.381706157, 0.857000000]: DiffDrive(ns = /r4/): <odometrySource> = world := 1
[DEBUG] [1784983806.381710303, 0.857000000]: DiffDrive(ns = /r4/): <leftJoint> = left_hub_joint
[DEBUG] [1784983806.381714734, 0.857000000]: DiffDrive(ns = /r4/): <rightJoint> = right_hub_joint
[INFO] [1784983806.381743655, 0.857000000]: DiffDrive(ns = /r4/): Try to subscribe to[INFO] [1784983802.566592, 0.000000]: Loading model XML from ros parameter robot_description_r4
[INFO] [1784983802.569397, 0.000000]: Waiting for service /gazebo/spawn_urdf_model
[INFO] [1784983802.872026, 0.374000]: Calling service /gazebo/spawn_urdf_model
[INFO] [1784983806.381351, 0.857000]: Spawn status: SpawnModel: Successfully spawned entity
train_velodyne_td3_multi.py:882: FutureWarning: You are using `torch.load` with `weights_only=False` (the current default value), which uses the default pickle module implicitly. It is possible to construct malicious pickle data which will execute arbitrary code during unpickling (See https://github.com/pytorch/pytorch/blob/main/SECURITY.md#untrusted-models for more details). In a future release, the default value for `weights_only` will be flipped to `True`. This limits the functions that could be executed during unpickling. Arbitrary objects will no longer be allowed to be loaded via this mode unless they are explicitly allowlisted by the user via `torch.serialization.add_safe_globals`. We recommend you start setting `weights_only=True` for any use case where you don't have full control of the loaded file. Please open an issue on GitHub for any issues related to this experimental feature.
  actor_state = torch.load(
Loaded initial actor parameters from: TD3_velodyne_multi_v4_curriculum_stage2_to_5a_shared_from_3d2_guarded_best
Critic is newly initialized because actor-only warm start was requested.
Loaded frozen oracle weak Actor from: ./pytorch_models/TD3_velodyne_multi_v4_curriculum_stage2_to_5a_shared_from_3d2_guarded_best_actor.pth
==============================================
Training version: interaction-oracle-specialist-pilot-v6-focused-actor
Training process PID: 158498
Launchfile: multi_robot_scenario_strong_interaction_pilot_5.launch
Scenario mode: manifest
Manifest path: /home/jiutian/Local-Critic-Multi-Robot-Navigation-gate/experiments/04_保留专门化/05_论文主线/datasets/fixed_v1/views/strong_interaction_curriculum_v1/stage2_train.json.gz
Manifest sampling: random
Eval manifest path: /home/jiutian/Local-Critic-Multi-Robot-Navigation-gate/experiments/04_保留专门化/05_论文主线/datasets/fixed_v1/views/strong_interaction_curriculum_v1/validation.json.gz
Seed: 20260724
Device: cuda
GPU: NVIDIA GeForce RTX 4090
Agent names: r1, r2, r3, r4, r5
Cooperative reward: True
Cooperative reward mode: average
Cooperative reward self weight: 0.8
Distance-weighted reward: True
Distance reward sigma: 2.0
Interaction safe distance: 1.2
Interaction close penalty: 0.5
Interaction stagnation penalty: 0.05
Anti-stagnation reward: False
Anti-stagnation penalty: 0.2
Anti-stagnation linear threshold: 0.05
Anti-stagnation progress threshold: 0.005
Anti-stagnation min laser: 0.35
Forward reward weight: 0.0
Base stagnation penalty weight: 0.0
Wall-clearance reward: False
Wall-clearance safe distance: 0.75
Wall-clearance penalty: 1.5
Wall-clearance speed weight: 0.8
Wall-clearance turn weight: 0.4
Robot safe distance: 1.2
Robot proximity penalty weight: 5.0
Robot proximity speed penalty weight: 10.0
Robot clearance reward weight: 20.0
Robot clearance reward max gain: 0.1
Local-navigation reward: False
Local-navigation heading weight: 0.4
Local-navigation wrong-way penalty: 0.25
Local-navigation turn weight: 0.25
Local-navigation near-goal distance: 0.9
Local-navigation heading error: 0.5
Local critic enabled: True
Local critic geometry only: False
Local critic context mode: ego_motion
Active neighbors only: True
Actor state dim: 24
Critic state dim: 87
Local critic max neighbors: 9
Local critic context dim: 63
Best metric: full_success
Eval episodes: 140
Eval frequency agent samples: 20000
Eval protocol ID: eval-v1|scenario=manifest|episodes=140|max_steps=300|manifest_sha256=3b2646a842b777f8c60dca4c452cb78eb3a223ffe59139b8501797aa1d23d583|sampling=cycle|oracle_interaction_distance=2.000
Max epochs: 2
Actor learning rate: 1e-06
Actor train mode: full
Oracle interaction rollout: True
Oracle weak Actor: TD3_velodyne_multi_v4_curriculum_stage2_to_5a_shared_from_3d2_guarded_best
Oracle interaction distance: 2.0
Actor interaction-only updates: True
Critic interaction fraction: 0.75
Actor gradient gate: True
Actor gradient safety distance: 1.2
Actor gradient gate batch size: 512
Actor gradient gate min samples: 32
Critic safety ranking weight: 5.0
Critic safety ranking distance: 1.0
Critic safety ranking min closing speed: 0.1
Critic safety ranking linear delta: 0.4
Critic safety ranking margin: 0.1
Safety-focused Actor updates: True
Actor safety candidate batch size: 256
Actor safety min samples: 16
Actor safety distance: 1.0
Actor safety min closing speed: 0.1
Actor angular anchor weight: 2.0
Actor trainable parameters: 501802/501802
Critic learning rate: 8e-05
Actor update delay steps: 21000
Policy freq: 2
Actor anchor weight: 0.0
Actor Q normalization alpha: 0.0
Exploration noise: 0.08
Critic warmup exploration noise: 0.3
Exploration min: 0.03
Exploration decay steps: 80000
Exploration decay unit: environment steps
TensorBoard log dir: runs/multi_coop_Jul25_20-50-06_JiuTian-AI4090
Checkpoint path: ./checkpoints/interaction_focused_actor_from_5a_s20260725_latest.pt
Best checkpoint path: ./checkpoints/interaction_focused_actor_from_5a_s20260725_best.pt
Model prefix: interaction_focused_actor_from_5a_s20260725
Checkpoint interval episodes: 10
Resume mode: False
Starting agent samples: 0
Starting env steps: 0
Starting epoch: 1
==============================================
[WARN] [1784983807.280032918, 1.001000000]: GazeboRosDiffDrive Plugin (ns = ) missing <publishTf>, defaults to 1
[INFO] [1784983802.568265, 0.000000]: Loading model XML from ros parameter robot_description_r5
[INFO] [1784983802.570651, 0.000000]: Waiting for service /gazebo/spawn_urdf_model
[INFO] [1784983802.873144, 0.374000]: Calling service /gazebo/spawn_urdf_model
[INFO] [1784983807.279544, 1.001000]: Spawn status: SpawnModel: Successfully spawned entity
Episode 1 complete | agent_samples=84 | env_steps=34 | episode_env_steps=34 | episode_agent_samples=84 | mean_reward=100.348 | success=5/5 | collision=0/5 | mean_final_distance=0.261 | mean_progress=0.0168 | min_laser=0.398 | mean_lin=0.750 | mean_ang=0.006 | mean_robot_dist=inf | raw_reward=20.000 | adjusted_reward=20.000 | coop_agents=0/5 | mean_coop_neighbors=0.00 | active_neighbor_step_rate=0.738 | mean_active_neighbors_step=1.738 | max_active_neighbors_step=4 | interaction_reward=0.0000 | abs_interaction_reward=0.0000 | anti_stag_reward=0.0000 | abs_anti_stag_reward=0.0000 | wall_clear_reward=0.0000 | abs_wall_clear_reward=0.0000 | local_nav_reward=0.0000 | abs_local_nav_reward=0.0000 | robot_proximity_reward=-1.0536 | abs_robot_proximity_reward=1.0536 | robot_clearance_reward=0.0476 | context_neighbors_mean=1.79 | context_neighbors_max=4 | last_context_neighbors_mean=0.00 | last_context_neighbors_max=0 | actor_unlocked=0 | expl_noise=0.0800 | replay=84 | interaction_replay=57 | samples/sec=10.223
Episode 2 complete | agent_samples=212 | env_steps=77 | episode_env_steps=43 | episode_agent_samples=128 | mean_reward=100.587 | success=5/5 | collision=0/5 | mean_final_distance=0.253 | mean_progress=0.0234 | min_laser=0.442 | mean_lin=0.998 | mean_ang=-0.174 | mean_robot_dist=inf | raw_reward=20.000 | adjusted_reward=20.000 | coop_agents=0/5 | mean_coop_neighbors=0.00 | active_neighbor_step_rate=0.812 | mean_active_neighbors_step=1.922 | max_active_neighbors_step=4 | interaction_reward=0.0000 | abs_interaction_reward=0.0000 | anti_stag_reward=0.0000 | abs_anti_stag_reward=0.0000 | wall_clear_reward=0.0000 | abs_wall_clear_reward=0.0000 | local_nav_reward=0.0000 | abs_local_nav_reward=0.0000 | robot_proximity_reward=-0.7318 | abs_robot_proximity_reward=0.7318 | robot_clearance_reward=0.0402 | context_neighbors_mean=1.97 | context_neighbors_max=4 | last_context_neighbors_mean=0.00 | last_context_neighbors_max=0 | actor_unlocked=0 | expl_noise=0.0800 | replay=212 | interaction_replay=97 | samples/sec=12.087
Episode 3 complete | agent_samples=272 | env_steps=91 | episode_env_steps=14 | episode_agent_samples=60 | mean_reward=27.441 | success=3/5 | collision=2/5 | mean_final_distance=0.514 | mean_progress=0.0082 | min_laser=0.300 | mean_lin=0.784 | mean_ang=-0.147 | mean_robot_dist=inf | raw_reward=-20.000 | adjusted_reward=-20.000 | coop_agents=0/5 | mean_coop_neighbors=0.00 | active_neighbor_step_rate=0.900 | mean_active_neighbors_step=2.433 | max_active_neighbors_step=4 | interaction_reward=0.0000 | abs_interaction_reward=0.0000 | anti_stag_reward=0.0000 | abs_anti_stag_reward=0.0000 | wall_clear_reward=0.0000 | abs_wall_clear_reward=0.0000 | local_nav_reward=0.0000 | abs_local_nav_reward=0.0000 | robot_proximity_reward=-0.6900 | abs_robot_proximity_reward=0.6900 | robot_clearance_reward=0.0097 | context_neighbors_mean=2.50 | context_neighbors_max=4 | last_context_neighbors_mean=0.00 | last_context_neighbors_max=0 | actor_unlocked=0 | expl_noise=0.0799 | replay=272 | interaction_replay=134 | samples/sec=13.131
Episode 4 complete | agent_samples=314 | env_steps=100 | episode_env_steps=9 | episode_agent_samples=42 | mean_reward=118.287 | success=5/5 | collision=0/5 | mean_final_distance=0.251 | mean_progress=0.0642 | min_laser=0.738 | mean_lin=1.000 | mean_ang=0.205 | mean_robot_dist=inf | raw_reward=60.000 | adjusted_reward=60.000 | coop_agents=1/5 | mean_coop_neighbors=0.20 | active_neighbor_step_rate=0.690 | mean_active_neighbors_step=1.548 | max_active_neighbors_step=4 | interaction_reward=0.0000 | abs_interaction_reward=0.0000 | anti_stag_reward=0.0000 | abs_anti_stag_reward=0.0000 | wall_clear_reward=0.0000 | abs_wall_clear_reward=0.0000 | local_nav_reward=0.0000 | abs_local_nav_reward=0.0000 | robot_proximity_reward=-0.3722 | abs_robot_proximity_reward=0.3722 | robot_clearance_reward=0.0594 | context_neighbors_mean=1.62 | context_neighbors_max=4 | last_context_neighbors_mean=0.00 | last_context_neighbors_max=0 | actor_unlocked=0 | expl_noise=0.0799 | replay=314 | interaction_replay=161 | samples/sec=13.762
Episode 5 complete | agent_samples=357 | env_steps=111 | episode_env_steps=11 | episode_agent_samples=43 | mean_reward=65.518 | success=4/5 | collision=1/5 | mean_final_distance=0.456 | mean_progress=0.0143 | min_laser=0.321 | mean_lin=0.756 | mean_ang=0.277 | mean_robot_dist=inf | raw_reward=20.000 | adjusted_reward=20.000 | coop_agents=0/5 | mean_coop_neighbors=0.00 | active_neighbor_step_rate=0.860 | mean_active_neighbors_step=2.140 | max_active_neighbors_step=4 | interaction_reward=0.0000 | abs_interaction_reward=0.0000 | anti_stag_reward=0.0000 | abs_anti_stag_reward=0.0000 | wall_clear_reward=0.0000 | abs_wall_clear_reward=0.0000 | local_nav_reward=0.0000 | abs_local_nav_reward=0.0000 | robot_proximity_reward=-1.1510 | abs_robot_proximity_reward=1.1510 | robot_clearance_reward=0.0548 | context_neighbors_mean=2.21 | context_neighbors_max=4 | last_context_neighbors_mean=0.00 | last_context_neighbors_max=0 | actor_unlocked=0 | expl_noise=0.0799 | replay=357 | interaction_replay=199 | samples/sec=14.130
Status | epoch=1 | next_eval_in=19643 agent_samples | checkpoint_every=10 episodes | checkpoint=./checkpoints/interaction_focused_actor_from_5a_s20260725_latest.pt | model=interaction_focused_actor_from_5a_s20260725
Episode 6 complete | agent_samples=448 | env_steps=137 | episode_env_steps=26 | episode_agent_samples=91 | mean_reward=115.354 | success=5/5 | collision=0/5 | mean_final_distance=0.260 | mean_progress=0.0239 | min_laser=0.471 | mean_lin=0.743 | mean_ang=-0.205 | mean_robot_dist=2.377 | raw_reward=40.000 | adjusted_reward=40.000 | coop_agents=2/5 | mean_coop_neighbors=0.40 | active_neighbor_step_rate=0.714 | mean_active_neighbors_step=1.615 | max_active_neighbors_step=4 | interaction_reward=0.0000 | abs_interaction_reward=0.0000 | anti_stag_reward=0.0000 | abs_anti_stag_reward=0.0000 | wall_clear_reward=0.0000 | abs_wall_clear_reward=0.0000 | local_nav_reward=0.0000 | abs_local_nav_reward=0.0000 | robot_proximity_reward=0.0000 | abs_robot_proximity_reward=0.0000 | robot_clearance_reward=0.0000 | context_neighbors_mean=1.62 | context_neighbors_max=4 | last_context_neighbors_mean=0.00 | last_context_neighbors_max=0 | actor_unlocked=0 | expl_noise=0.0799 | replay=448 | interaction_replay=211 | samples/sec=14.468
Episode 7 complete | agent_samples=564 | env_steps=170 | episode_env_steps=33 | episode_agent_samples=116 | mean_reward=31.292 | success=3/5 | collision=2/5 | mean_final_distance=0.490 | mean_progress=0.0216 | min_laser=0.320 | mean_lin=0.694 | mean_ang=-0.272 | mean_robot_dist=inf | raw_reward=20.000 | adjusted_reward=20.000 | coop_agents=0/5 | mean_coop_neighbors=0.00 | active_neighbor_step_rate=0.966 | mean_active_neighbors_step=2.241 | max_active_neighbors_step=4 | interaction_reward=0.0000 | abs_interaction_reward=0.0000 | anti_stag_reward=0.0000 | abs_anti_stag_reward=0.0000 | wall_clear_reward=0.0000 | abs_wall_clear_reward=0.0000 | local_nav_reward=0.0000 | abs_local_nav_reward=0.0000 | robot_proximity_reward=-0.3554 | abs_robot_proximity_reward=0.3554 | robot_clearance_reward=0.0172 | context_neighbors_mean=2.27 | context_neighbors_max=4 | last_context_neighbors_mean=0.00 | last_context_neighbors_max=0 | actor_unlocked=0 | expl_noise=0.0799 | replay=564 | interaction_replay=263 | samples/sec=14.770
Episode 8 complete | agent_samples=623 | env_steps=196 | episode_env_steps=26 | episode_agent_samples=59 | mean_reward=9.071 | success=3/5 | collision=2/5 | mean_final_distance=0.596 | mean_progress=0.0097 | min_laser=0.301 | mean_lin=0.891 | mean_ang=-0.605 | mean_robot_dist=inf | raw_reward=20.000 | adjusted_reward=20.000 | coop_agents=0/5 | mean_coop_neighbors=0.00 | active_neighbor_step_rate=0.661 | mean_active_neighbors_step=1.695 | max_active_neighbors_step=4 | interaction_reward=0.0000 | abs_interaction_reward=0.0000 | anti_stag_reward=0.0000 | abs_anti_stag_reward=0.0000 | wall_clear_reward=0.0000 | abs_wall_clear_reward=0.0000 | local_nav_reward=0.0000 | abs_local_nav_reward=0.0000 | robot_proximity_reward=-1.0586 | abs_robot_proximity_reward=1.0586 | robot_clearance_reward=0.0339 | context_neighbors_mean=1.75 | context_neighbors_max=4 | last_context_neighbors_mean=0.00 | last_context_neighbors_max=0 | actor_unlocked=0 | expl_noise=0.0799 | replay=623 | interaction_replay=300 | samples/sec=14.193
Episode 9 complete | agent_samples=683 | env_steps=219 | episode_env_steps=23 | episode_agent_samples=60 | mean_reward=101.735 | success=5/5 | collision=0/5 | mean_final_distance=0.257 | mean_progress=0.0021 | min_laser=0.412 | mean_lin=0.790 | mean_ang=0.289 | mean_robot_dist=inf | raw_reward=20.000 | adjusted_reward=20.000 | coop_agents=0/5 | mean_coop_neighbors=0.00 | active_neighbor_step_rate=0.733 | mean_active_neighbors_step=1.800 | max_active_neighbors_step=4 | interaction_reward=0.0000 | abs_interaction_reward=0.0000 | anti_stag_reward=0.0000 | abs_anti_stag_reward=0.0000 | wall_clear_reward=0.0000 | abs_wall_clear_reward=0.0000 | local_nav_reward=0.0000 | abs_local_nav_reward=0.0000 | robot_proximity_reward=-0.9317 | abs_robot_proximity_reward=0.9317 | robot_clearance_reward=0.0000 | context_neighbors_mean=1.83 | context_neighbors_max=4 | last_context_neighbors_mean=0.00 | last_context_neighbors_max=0 | actor_unlocked=0 | expl_noise=0.0799 | replay=683 | interaction_replay=320 | samples/sec=13.936
Episode 10 complete | agent_samples=896 | env_steps=332 | episode_env_steps=113 | episode_agent_samples=213 | mean_reward=65.009 | success=4/5 | collision=1/5 | mean_final_distance=0.568 | mean_progress=0.0081 | min_laser=0.345 | mean_lin=0.602 | mean_ang=-0.198 | mean_robot_dist=inf | raw_reward=20.000 | adjusted_reward=20.000 | coop_agents=0/5 | mean_coop_neighbors=0.00 | active_neighbor_step_rate=0.563 | mean_active_neighbors_step=0.958 | max_active_neighbors_step=4 | interaction_reward=0.0000 | abs_interaction_reward=0.0000 | anti_stag_reward=0.0000 | abs_anti_stag_reward=0.0000 | wall_clear_reward=0.0000 | abs_wall_clear_reward=0.0000 | local_nav_reward=0.0000 | abs_local_nav_reward=0.0000 | robot_proximity_reward=-0.1439 | abs_robot_proximity_reward=0.1439 | robot_clearance_reward=0.0006 | context_neighbors_mean=0.97 | context_neighbors_max=4 | last_context_neighbors_mean=0.00 | last_context_neighbors_max=0 | actor_unlocked=0 | expl_noise=0.0798 | replay=896 | interaction_replay=335 | samples/sec=12.201
Status | epoch=1 | next_eval_in=19104 agent_samples | checkpoint_every=10 episodes | checkpoint=./checkpoints/interaction_focused_actor_from_5a_s20260725_latest.pt | model=interaction_focused_actor_from_5a_s20260725
Checkpoint saved: ./checkpoints/interaction_focused_actor_from_5a_s20260725_latest.pt
Episode 11 complete | agent_samples=955 | env_steps=352 | episode_env_steps=20 | episode_agent_samples=59 | mean_reward=109.428 | success=5/5 | collision=0/5 | mean_final_distance=0.253 | mean_progress=0.0016 | min_laser=0.628 | mean_lin=0.791 | mean_ang=0.023 | mean_robot_dist=inf | raw_reward=20.000 | adjusted_reward=20.000 | coop_agents=0/5 | mean_coop_neighbors=0.00 | active_neighbor_step_rate=0.729 | mean_active_neighbors_step=1.712 | max_active_neighbors_step=4 | interaction_reward=0.0000 | abs_interaction_reward=0.0000 | anti_stag_reward=0.0000 | abs_anti_stag_reward=0.0000 | wall_clear_reward=0.0000 | abs_wall_clear_reward=0.0000 | local_nav_reward=0.0000 | abs_local_nav_reward=0.0000 | robot_proximity_reward=-0.2601 | abs_robot_proximity_reward=0.2601 | robot_clearance_reward=0.0339 | context_neighbors_mean=1.83 | context_neighbors_max=4 | last_context_neighbors_mean=0.00 | last_context_neighbors_max=0 | actor_unlocked=0 | expl_noise=0.0798 | replay=955 | interaction_replay=374 | samples/sec=12.261
Episode 12 complete | agent_samples=1055 | env_steps=401 | episode_env_steps=49 | episode_agent_samples=100 | mean_reward=65.369 | success=4/5 | collision=1/5 | mean_final_distance=0.317 | mean_progress=0.0144 | min_laser=0.337 | mean_lin=0.721 | mean_ang=0.061 | mean_robot_dist=inf | raw_reward=20.000 | adjusted_reward=20.000 | coop_agents=0/5 | mean_coop_neighbors=0.00 | active_neighbor_step_rate=0.570 | mean_active_neighbors_step=1.070 | max_active_neighbors_step=4 | interaction_reward=0.0000 | abs_interaction_reward=0.0000 | anti_stag_reward=0.0000 | abs_anti_stag_reward=0.0000 | wall_clear_reward=0.0000 | abs_wall_clear_reward=0.0000 | local_nav_reward=0.0000 | abs_local_nav_reward=0.0000 | robot_proximity_reward=0.0000 | abs_robot_proximity_reward=0.0000 | robot_clearance_reward=0.0000 | context_neighbors_mean=1.12 | context_neighbors_max=4 | last_context_neighbors_mean=0.00 | last_context_neighbors_max=0 | actor_unlocked=0 | expl_noise=0.0797 | replay=1055 | interaction_replay=433 | samples/sec=11.912
Episode 13 complete | agent_samples=1124 | env_steps=420 | episode_env_steps=19 | episode_agent_samples=69 | mean_reward=-46.992 | success=1/5 | collision=4/5 | mean_final_distance=1.239 | mean_progress=0.0135 | min_laser=0.300 | mean_lin=0.443 | mean_ang=-0.255 | mean_robot_dist=inf | raw_reward=20.000 | adjusted_reward=20.000 | coop_agents=0/5 | mean_coop_neighbors=0.00 | active_neighbor_step_rate=0.884 | mean_active_neighbors_step=2.478 | max_active_neighbors_step=4 | interaction_reward=0.0000 | abs_interaction_reward=0.0000 | anti_stag_reward=0.0000 | abs_anti_stag_reward=0.0000 | wall_clear_reward=0.0000 | abs_wall_clear_reward=0.0000 | local_nav_reward=0.0000 | abs_local_nav_reward=0.0000 | robot_proximity_reward=-0.5655 | abs_robot_proximity_reward=0.5655 | robot_clearance_reward=0.0000 | context_neighbors_mean=2.49 | context_neighbors_max=4 | last_context_neighbors_mean=0.00 | last_context_neighbors_max=0 | actor_unlocked=0 | expl_noise=0.0797 | replay=1124 | interaction_replay=471 | samples/sec=12.115
Episode 14 complete | agent_samples=1181 | env_steps=434 | episode_env_steps=14 | episode_agent_samples=57 | mean_reward=90.550 | success=4/5 | collision=1/5 | mean_final_distance=0.515 | mean_progress=0.0055 | min_laser=0.349 | mean_lin=1.000 | mean_ang=0.183 | mean_robot_dist=inf | raw_reward=20.000 | adjusted_reward=20.000 | coop_agents=0/5 | mean_coop_neighbors=0.00 | active_neighbor_step_rate=0.807 | mean_active_neighbors_step=1.947 | max_active_neighbors_step=4 | interaction_reward=0.0000 | abs_interaction_reward=0.0000 | anti_stag_reward=0.0000 | abs_anti_stag_reward=0.0000 | wall_clear_reward=0.0000 | abs_wall_clear_reward=0.0000 | local_nav_reward=0.0000 | abs_local_nav_reward=0.0000 | robot_proximity_reward=0.0000 | abs_robot_proximity_reward=0.0000 | robot_clearance_reward=0.0000 | context_neighbors_mean=1.96 | context_neighbors_max=4 | last_context_neighbors_mean=0.00 | last_context_neighbors_max=0 | actor_unlocked=0 | expl_noise=0.0797 | replay=1181 | interaction_replay=473 | samples/sec=12.317
Episode 15 complete | agent_samples=1244 | env_steps=449 | episode_env_steps=15 | episode_agent_samples=63 | mean_reward=117.971 | success=5/5 | collision=0/5 | mean_final_distance=0.257 | mean_progress=0.0253 | min_laser=0.404 | mean_lin=0.984 | mean_ang=0.235 | mean_robot_dist=inf | raw_reward=40.000 | adjusted_reward=40.000 | coop_agents=1/5 | mean_coop_neighbors=0.20 | active_neighbor_step_rate=0.619 | mean_active_neighbors_step=1.317 | max_active_neighbors_step=4 | interaction_reward=0.0000 | abs_interaction_reward=0.0000 | anti_stag_reward=0.0000 | abs_anti_stag_reward=0.0000 | wall_clear_reward=0.0000 | abs_wall_clear_reward=0.0000 | local_nav_reward=0.0000 | abs_local_nav_reward=0.0000 | robot_proximity_reward=-0.8300 | abs_robot_proximity_reward=0.8300 | robot_clearance_reward=0.0317 | context_neighbors_mean=1.40 | context_neighbors_max=4 | last_context_neighbors_mean=0.00 | last_context_neighbors_max=0 | actor_unlocked=0 | expl_noise=0.0797 | replay=1244 | interaction_replay=494 | samples/sec=12.527
Status | epoch=1 | next_eval_in=18756 agent_samples | checkpoint_every=10 episodes | checkpoint=./checkpoints/interaction_focused_actor_from_5a_s20260725_latest.pt | model=interaction_focused_actor_from_5a_s20260725
Episode 16 complete | agent_samples=1300 | env_steps=468 | episode_env_steps=19 | episode_agent_samples=56 | mean_reward=106.289 | success=5/5 | collision=0/5 | mean_final_distance=0.253 | mean_progress=0.0219 | min_laser=0.363 | mean_lin=0.962 | mean_ang=0.435 | mean_robot_dist=inf | raw_reward=20.000 | adjusted_reward=20.000 | coop_agents=0/5 | mean_coop_neighbors=0.00 | active_neighbor_step_rate=0.839 | mean_active_neighbors_step=1.911 | max_active_neighbors_step=4 | interaction_reward=0.0000 | abs_interaction_reward=0.0000 | anti_stag_reward=0.0000 | abs_anti_stag_reward=0.0000 | wall_clear_reward=0.0000 | abs_wall_clear_reward=0.0000 | local_nav_reward=0.0000 | abs_local_nav_reward=0.0000 | robot_proximity_reward=-1.1339 | abs_robot_proximity_reward=1.1339 | robot_clearance_reward=0.0097 | context_neighbors_mean=1.93 | context_neighbors_max=4 | last_context_neighbors_mean=0.00 | last_context_neighbors_max=0 | actor_unlocked=0 | expl_noise=0.0797 | replay=1300 | interaction_replay=542 | samples/sec=12.552
Episode 17 complete | agent_samples=1405 | env_steps=514 | episode_env_steps=46 | episode_agent_samples=105 | mean_reward=20.803 | success=3/5 | collision=2/5 | mean_final_distance=0.748 | mean_progress=0.0120 | min_laser=0.316 | mean_lin=0.800 | mean_ang=-0.346 | mean_robot_dist=inf | raw_reward=-20.000 | adjusted_reward=-20.000 | coop_agents=0/5 | mean_coop_neighbors=0.00 | active_neighbor_step_rate=0.667 | mean_active_neighbors_step=1.590 | max_active_neighbors_step=4 | interaction_reward=0.0000 | abs_interaction_reward=0.0000 | anti_stag_reward=0.0000 | abs_anti_stag_reward=0.0000 | wall_clear_reward=0.0000 | abs_wall_clear_reward=0.0000 | local_nav_reward=0.0000 | abs_local_nav_reward=0.0000 | robot_proximity_reward=-0.8131 | abs_robot_proximity_reward=0.8131 | robot_clearance_reward=0.0571 | context_neighbors_mean=1.61 | context_neighbors_max=4 | last_context_neighbors_mean=0.00 | last_context_neighbors_max=0 | actor_unlocked=0 | expl_noise=0.0797 | replay=1405 | interaction_replay=574 | samples/sec=12.375
Episode 18 complete | agent_samples=1464 | env_steps=531 | episode_env_steps=17 | episode_agent_samples=59 | mean_reward=116.357 | success=5/5 | collision=0/5 | mean_final_distance=0.259 | mean_progress=0.0163 | min_laser=0.671 | mean_lin=0.917 | mean_ang=-0.503 | mean_robot_dist=inf | raw_reward=20.000 | adjusted_reward=20.000 | coop_agents=0/5 | mean_coop_neighbors=0.00 | active_neighbor_step_rate=0.881 | mean_active_neighbors_step=2.034 | max_active_neighbors_step=4 | interaction_reward=0.0000 | abs_interaction_reward=0.0000 | anti_stag_reward=0.0000 | abs_anti_stag_reward=0.0000 | wall_clear_reward=0.0000 | abs_wall_clear_reward=0.0000 | local_nav_reward=0.0000 | abs_local_nav_reward=0.0000 | robot_proximity_reward=0.0000 | abs_robot_proximity_reward=0.0000 | robot_clearance_reward=0.0000 | context_neighbors_mean=2.10 | context_neighbors_max=4 | last_context_neighbors_mean=0.00 | last_context_neighbors_max=0 | actor_unlocked=0 | expl_noise=0.0797 | replay=1464 | interaction_replay=592 | samples/sec=12.477
Episode 19 complete | agent_samples=1576 | env_steps=567 | episode_env_steps=36 | episode_agent_samples=112 | mean_reward=114.900 | success=5/5 | collision=0/5 | mean_final_distance=0.262 | mean_progress=0.0200 | min_laser=0.405 | mean_lin=0.920 | mean_ang=-0.245 | mean_robot_dist=inf | raw_reward=20.000 | adjusted_reward=20.000 | coop_agents=0/5 | mean_coop_neighbors=0.00 | active_neighbor_step_rate=0.777 | mean_active_neighbors_step=1.830 | max_active_neighbors_step=4 | interaction_reward=0.0000 | abs_interaction_reward=0.0000 | anti_stag_reward=0.0000 | abs_anti_stag_reward=0.0000 | wall_clear_reward=0.0000 | abs_wall_clear_reward=0.0000 | local_nav_reward=0.0000 | abs_local_nav_reward=0.0000 | robot_proximity_reward=-0.5052 | abs_robot_proximity_reward=0.5052 | robot_clearance_reward=0.0603 | context_neighbors_mean=1.88 | context_neighbors_max=4 | last_context_neighbors_mean=0.00 | last_context_neighbors_max=0 | actor_unlocked=0 | expl_noise=0.0796 | replay=1576 | interaction_replay=663 | samples/sec=12.588
Episode 20 complete | agent_samples=1723 | env_steps=620 | episode_env_steps=53 | episode_agent_samples=147 | mean_reward=70.959 | success=4/5 | collision=1/5 | mean_final_distance=0.301 | mean_progress=0.0116 | min_laser=0.340 | mean_lin=0.562 | mean_ang=-0.600 | mean_robot_dist=inf | raw_reward=20.000 | adjusted_reward=20.000 | coop_agents=0/5 | mean_coop_neighbors=0.00 | active_neighbor_step_rate=0.850 | mean_active_neighbors_step=1.871 | max_active_neighbors_step=4 | interaction_reward=0.0000 | abs_interaction_reward=0.0000 | anti_stag_reward=0.0000 | abs_anti_stag_reward=0.0000 | wall_clear_reward=0.0000 | abs_wall_clear_reward=0.0000 | local_nav_reward=0.0000 | abs_local_nav_reward=0.0000 | robot_proximity_reward=-0.3480 | abs_robot_proximity_reward=0.3480 | robot_clearance_reward=0.0383 | context_neighbors_mean=1.86 | context_neighbors_max=4 | last_context_neighbors_mean=0.00 | last_context_neighbors_max=0 | actor_unlocked=0 | expl_noise=0.0796 | replay=1723 | interaction_replay=745 | samples/sec=12.613
Status | epoch=1 | next_eval_in=18277 agent_samples | checkpoint_every=10 episodes | checkpoint=./checkpoints/interaction_focused_actor_from_5a_s20260725_latest.pt | model=interaction_focused_actor_from_5a_s20260725
Checkpoint saved: ./checkpoints/interaction_focused_actor_from_5a_s20260725_latest.pt
Episode 21 complete | agent_samples=1864 | env_steps=722 | episode_env_steps=102 | episode_agent_samples=141 | mean_reward=106.146 | success=5/5 | collision=0/5 | mean_final_distance=0.249 | mean_progress=0.0098 | min_laser=0.553 | mean_lin=0.975 | mean_ang=0.533 | mean_robot_dist=inf | raw_reward=20.000 | adjusted_reward=20.000 | coop_agents=0/5 | mean_coop_neighbors=0.00 | active_neighbor_step_rate=0.319 | mean_active_neighbors_step=0.816 | max_active_neighbors_step=4 | interaction_reward=0.0000 | abs_interaction_reward=0.0000 | anti_stag_reward=0.0000 | abs_anti_stag_reward=0.0000 | wall_clear_reward=0.0000 | abs_wall_clear_reward=0.0000 | local_nav_reward=0.0000 | abs_local_nav_reward=0.0000 | robot_proximity_reward=-0.0870 | abs_robot_proximity_reward=0.0870 | robot_clearance_reward=0.0142 | context_neighbors_mean=0.83 | context_neighbors_max=4 | last_context_neighbors_mean=0.00 | last_context_neighbors_max=0 | actor_unlocked=0 | expl_noise=0.0795 | replay=1864 | interaction_replay=788 | samples/sec=11.756
Episode 22 complete | agent_samples=1909 | env_steps=732 | episode_env_steps=10 | episode_agent_samples=45 | mean_reward=23.880 | success=3/5 | collision=2/5 | mean_final_distance=0.377 | mean_progress=0.0396 | min_laser=0.300 | mean_lin=0.790 | mean_ang=-0.106 | mean_robot_dist=2.053 | raw_reward=40.000 | adjusted_reward=40.000 | coop_agents=2/5 | mean_coop_neighbors=0.40 | active_neighbor_step_rate=1.000 | mean_active_neighbors_step=2.422 | max_active_neighbors_step=4 | interaction_reward=0.0000 | abs_interaction_reward=0.0000 | anti_stag_reward=0.0000 | abs_anti_stag_reward=0.0000 | wall_clear_reward=0.0000 | abs_wall_clear_reward=0.0000 | local_nav_reward=0.0000 | abs_local_nav_reward=0.0000 | robot_proximity_reward=-0.9339 | abs_robot_proximity_reward=0.9339 | robot_clearance_reward=0.0987 | context_neighbors_mean=2.51 | context_neighbors_max=4 | last_context_neighbors_mean=0.00 | last_context_neighbors_max=0 | actor_unlocked=0 | expl_noise=0.0795 | replay=1909 | interaction_replay=827 | samples/sec=11.869
Episode 23 complete | agent_samples=2026 | env_steps=801 | episode_env_steps=69 | episode_agent_samples=117 | mean_reward=77.365 | success=4/5 | collision=1/5 | mean_final_distance=0.371 | mean_progress=0.0102 | min_laser=0.302 | mean_lin=0.780 | mean_ang=-0.200 | mean_robot_dist=inf | raw_reward=20.000 | adjusted_reward=20.000 | coop_agents=0/5 | mean_coop_neighbors=0.00 | active_neighbor_step_rate=0.436 | mean_active_neighbors_step=0.829 | max_active_neighbors_step=4 | interaction_reward=0.0000 | abs_interaction_reward=0.0000 | anti_stag_reward=0.0000 | abs_anti_stag_reward=0.0000 | wall_clear_reward=0.0000 | abs_wall_clear_reward=0.0000 | local_nav_reward=0.0000 | abs_local_nav_reward=0.0000 | robot_proximity_reward=-0.2386 | abs_robot_proximity_reward=0.2386 | robot_clearance_reward=0.0171 | context_neighbors_mean=0.84 | context_neighbors_max=4 | last_context_neighbors_mean=0.00 | last_context_neighbors_max=0 | actor_unlocked=0 | expl_noise=0.0795 | replay=2026 | interaction_replay=853 | samples/sec=11.535
Episode 24 complete | agent_samples=2075 | env_steps=813 | episode_env_steps=12 | episode_agent_samples=49 | mean_reward=10.184 | success=3/5 | collision=2/5 | mean_final_distance=0.449 | mean_progress=0.0262 | min_laser=0.300 | mean_lin=0.968 | mean_ang=0.731 | mean_robot_dist=inf | raw_reward=20.000 | adjusted_reward=20.000 | coop_agents=0/5 | mean_coop_neighbors=0.00 | active_neighbor_step_rate=0.939 | mean_active_neighbors_step=2.408 | max_active_neighbors_step=4 | interaction_reward=0.0000 | abs_interaction_reward=0.0000 | anti_stag_reward=0.0000 | abs_anti_stag_reward=0.0000 | wall_clear_reward=0.0000 | abs_wall_clear_reward=0.0000 | local_nav_reward=0.0000 | abs_local_nav_reward=0.0000 | robot_proximity_reward=-1.7245 | abs_robot_proximity_reward=1.7245 | robot_clearance_reward=0.0000 | context_neighbors_mean=2.49 | context_neighbors_max=4 | last_context_neighbors_mean=0.00 | last_context_neighbors_max=0 | actor_unlocked=0 | expl_noise=0.0795 | replay=2075 | interaction_replay=897 | samples/sec=11.633
Episode 25 complete | agent_samples=2167 | env_steps=851 | episode_env_steps=38 | episode_agent_samples=92 | mean_reward=66.140 | success=4/5 | collision=1/5 | mean_final_distance=0.386 | mean_progress=0.0174 | min_laser=0.346 | mean_lin=0.995 | mean_ang=-0.590 | mean_robot_dist=inf | raw_reward=20.000 | adjusted_reward=20.000 | coop_agents=0/5 | mean_coop_neighbors=0.00 | active_neighbor_step_rate=0.554 | mean_active_neighbors_step=1.478 | max_active_neighbors_step=4 | interaction_reward=0.0000 | abs_interaction_reward=0.0000 | anti_stag_reward=0.0000 | abs_anti_stag_reward=0.0000 | wall_clear_reward=0.0000 | abs_wall_clear_reward=0.0000 | local_nav_reward=0.0000 | abs_local_nav_reward=0.0000 | robot_proximity_reward=-0.7613 | abs_robot_proximity_reward=0.7613 | robot_clearance_reward=0.0800 | context_neighbors_mean=1.55 | context_neighbors_max=4 | last_context_neighbors_mean=0.00 | last_context_neighbors_max=0 | actor_unlocked=0 | expl_noise=0.0795 | replay=2167 | interaction_replay=941 | samples/sec=11.606
Status | epoch=1 | next_eval_in=17833 agent_samples | checkpoint_every=10 episodes | checkpoint=./checkpoints/interaction_focused_actor_from_5a_s20260725_latest.pt | model=interaction_focused_actor_from_5a_s20260725
Episode 26 complete | agent_samples=2214 | env_steps=866 | episode_env_steps=15 | episode_agent_samples=47 | mean_reward=27.627 | success=3/5 | collision=2/5 | mean_final_distance=0.583 | mean_progress=0.0018 | min_laser=0.300 | mean_lin=0.800 | mean_ang=0.093 | mean_robot_dist=inf | raw_reward=20.000 | adjusted_reward=20.000 | coop_agents=0/5 | mean_coop_neighbors=0.00 | active_neighbor_step_rate=0.745 | mean_active_neighbors_step=1.745 | max_active_neighbors_step=4 | interaction_reward=0.0000 | abs_interaction_reward=0.0000 | anti_stag_reward=0.0000 | abs_anti_stag_reward=0.0000 | wall_clear_reward=0.0000 | abs_wall_clear_reward=0.0000 | local_nav_reward=0.0000 | abs_local_nav_reward=0.0000 | robot_proximity_reward=-0.8033 | abs_robot_proximity_reward=0.8033 | robot_clearance_reward=0.0000 | context_neighbors_mean=1.79 | context_neighbors_max=4 | last_context_neighbors_mean=0.00 | last_context_neighbors_max=0 | actor_unlocked=0 | expl_noise=0.0795 | replay=2214 | interaction_replay=977 | samples/sec=11.644
Episode 27 complete | agent_samples=2258 | env_steps=877 | episode_env_steps=11 | episode_agent_samples=44 | mean_reward=13.760 | success=3/5 | collision=2/5 | mean_final_distance=0.581 | mean_progress=0.0448 | min_laser=0.325 | mean_lin=0.969 | mean_ang=-0.613 | mean_robot_dist=inf | raw_reward=40.000 | adjusted_reward=40.000 | coop_agents=1/5 | mean_coop_neighbors=0.20 | active_neighbor_step_rate=0.977 | mean_active_neighbors_step=2.818 | max_active_neighbors_step=4 | interaction_reward=0.0000 | abs_interaction_reward=0.0000 | anti_stag_reward=0.0000 | abs_anti_stag_reward=0.0000 | wall_clear_reward=0.0000 | abs_wall_clear_reward=0.0000 | local_nav_reward=0.0000 | abs_local_nav_reward=0.0000 | robot_proximity_reward=-1.3602 | abs_robot_proximity_reward=1.3602 | robot_clearance_reward=0.0861 | context_neighbors_mean=2.93 | context_neighbors_max=4 | last_context_neighbors_mean=0.00 | last_context_neighbors_max=0 | actor_unlocked=0 | expl_noise=0.0795 | replay=2258 | interaction_replay=1013 | samples/sec=11.719
Episode 28 complete | agent_samples=2325 | env_steps=896 | episode_env_steps=19 | episode_agent_samples=67 | mean_reward=33.326 | success=3/5 | collision=2/5 | mean_final_distance=0.626 | mean_progress=0.0156 | min_laser=0.300 | mean_lin=1.000 | mean_ang=0.116 | mean_robot_dist=inf | raw_reward=20.000 | adjusted_reward=20.000 | coop_agents=0/5 | mean_coop_neighbors=0.00 | active_neighbor_step_rate=0.821 | mean_active_neighbors_step=2.090 | max_active_neighbors_step=4 | interaction_reward=0.0000 | abs_interaction_reward=0.0000 | anti_stag_reward=0.0000 | abs_anti_stag_reward=0.0000 | wall_clear_reward=0.0000 | abs_wall_clear_reward=0.0000 | local_nav_reward=0.0000 | abs_local_nav_reward=0.0000 | robot_proximity_reward=-0.4377 | abs_robot_proximity_reward=0.4377 | robot_clearance_reward=0.0059 | context_neighbors_mean=2.15 | context_neighbors_max=4 | last_context_neighbors_mean=0.00 | last_context_neighbors_max=0 | actor_unlocked=0 | expl_noise=0.0794 | replay=2325 | interaction_replay=1043 | samples/sec=11.811
Episode 29 complete | agent_samples=2371 | env_steps=910 | episode_env_steps=14 | episode_agent_samples=46 | mean_reward=112.535 | success=5/5 | collision=0/5 | mean_final_distance=0.237 | mean_progress=0.0173 | min_laser=0.791 | mean_lin=0.978 | mean_ang=0.446 | mean_robot_dist=inf | raw_reward=20.000 | adjusted_reward=20.000 | coop_agents=0/5 | mean_coop_neighbors=0.00 | active_neighbor_step_rate=0.870 | mean_active_neighbors_step=2.109 | max_active_neighbors_step=4 | interaction_reward=0.0000 | abs_interaction_reward=0.0000 | anti_stag_reward=0.0000 | abs_anti_stag_reward=0.0000 | wall_clear_reward=0.0000 | abs_wall_clear_reward=0.0000 | local_nav_reward=0.0000 | abs_local_nav_reward=0.0000 | robot_proximity_reward=-0.4838 | abs_robot_proximity_reward=0.4838 | robot_clearance_reward=0.0877 | context_neighbors_mean=2.24 | context_neighbors_max=4 | last_context_neighbors_mean=0.00 | last_context_neighbors_max=0 | actor_unlocked=0 | expl_noise=0.0794 | replay=2371 | interaction_replay=1083 | samples/sec=11.857
Episode 30 complete | agent_samples=2421 | env_steps=923 | episode_env_steps=13 | episode_agent_samples=50 | mean_reward=51.997 | success=4/5 | collision=1/5 | mean_final_distance=0.532 | mean_progress=0.0076 | min_laser=0.318 | mean_lin=0.789 | mean_ang=-0.482 | mean_robot_dist=inf | raw_reward=20.000 | adjusted_reward=20.000 | coop_agents=0/5 | mean_coop_neighbors=0.00 | active_neighbor_step_rate=0.880 | mean_active_neighbors_step=2.120 | max_active_neighbors_step=4 | interaction_reward=0.0000 | abs_interaction_reward=0.0000 | anti_stag_reward=0.0000 | abs_anti_stag_reward=0.0000 | wall_clear_reward=0.0000 | abs_wall_clear_reward=0.0000 | local_nav_reward=0.0000 | abs_local_nav_reward=0.0000 | robot_proximity_reward=-1.3926 | abs_robot_proximity_reward=1.3926 | robot_clearance_reward=0.0800 | context_neighbors_mean=2.18 | context_neighbors_max=4 | last_context_neighbors_mean=0.00 | last_context_neighbors_max=0 | actor_unlocked=0 | expl_noise=0.0794 | replay=2421 | interaction_replay=1127 | samples/sec=11.931
Status | epoch=1 | next_eval_in=17579 agent_samples | checkpoint_every=10 episodes | checkpoint=./checkpoints/interaction_focused_actor_from_5a_s20260725_latest.pt | model=interaction_focused_actor_from_5a_s20260725
Checkpoint saved: ./checkpoints/interaction_focused_actor_from_5a_s20260725_latest.pt
Episode 31 complete | agent_samples=2501 | env_steps=957 | episode_env_steps=34 | episode_agent_samples=80 | mean_reward=26.966 | success=3/5 | collision=2/5 | mean_final_distance=0.662 | mean_progress=0.0262 | min_laser=0.325 | mean_lin=0.974 | mean_ang=0.481 | mean_robot_dist=inf | raw_reward=20.000 | adjusted_reward=20.000 | coop_agents=0/5 | mean_coop_neighbors=0.00 | active_neighbor_step_rate=0.762 | mean_active_neighbors_step=2.288 | max_active_neighbors_step=4 | interaction_reward=0.0000 | abs_interaction_reward=0.0000 | anti_stag_reward=0.0000 | abs_anti_stag_reward=0.0000 | wall_clear_reward=0.0000 | abs_wall_clear_reward=0.0000 | local_nav_reward=0.0000 | abs_local_nav_reward=0.0000 | robot_proximity_reward=-0.7391 | abs_robot_proximity_reward=0.7391 | robot_clearance_reward=0.0000 | context_neighbors_mean=2.31 | context_neighbors_max=4 | last_context_neighbors_mean=0.00 | last_context_neighbors_max=0 | actor_unlocked=0 | expl_noise=0.0794 | replay=2501 | interaction_replay=1149 | samples/sec=11.889
Episode 32 complete | agent_samples=2571 | env_steps=981 | episode_env_steps=24 | episode_agent_samples=70 | mean_reward=81.895 | success=4/5 | collision=1/5 | mean_final_distance=0.666 | mean_progress=0.0214 | min_laser=0.301 | mean_lin=0.800 | mean_ang=-0.902 | mean_robot_dist=inf | raw_reward=20.000 | adjusted_reward=20.000 | coop_agents=0/5 | mean_coop_neighbors=0.00 | active_neighbor_step_rate=0.671 | mean_active_neighbors_step=1.314 | max_active_neighbors_step=4 | interaction_reward=0.0000 | abs_interaction_reward=0.0000 | anti_stag_reward=0.0000 | abs_anti_stag_reward=0.0000 | wall_clear_reward=0.0000 | abs_wall_clear_reward=0.0000 | local_nav_reward=0.0000 | abs_local_nav_reward=0.0000 | robot_proximity_reward=-0.2705 | abs_robot_proximity_reward=0.2705 | robot_clearance_reward=0.0000 | context_neighbors_mean=1.34 | context_neighbors_max=4 | last_context_neighbors_mean=0.00 | last_context_neighbors_max=0 | actor_unlocked=0 | expl_noise=0.0794 | replay=2571 | interaction_replay=1166 | samples/sec=11.920
Episode 33 complete | agent_samples=2648 | env_steps=1005 | episode_env_steps=24 | episode_agent_samples=77 | mean_reward=133.210 | success=5/5 | collision=0/5 | mean_final_distance=0.257 | mean_progress=0.0406 | min_laser=0.536 | mean_lin=0.851 | mean_ang=0.322 | mean_robot_dist=inf | raw_reward=40.000 | adjusted_reward=40.000 | coop_agents=1/5 | mean_coop_neighbors=0.20 | active_neighbor_step_rate=0.701 | mean_active_neighbors_step=1.468 | max_active_neighbors_step=4 | interaction_reward=0.0000 | abs_interaction_reward=0.0000 | anti_stag_reward=0.0000 | abs_anti_stag_reward=0.0000 | wall_clear_reward=0.0000 | abs_wall_clear_reward=0.0000 | local_nav_reward=0.0000 | abs_local_nav_reward=0.0000 | robot_proximity_reward=-0.1469 | abs_robot_proximity_reward=0.1469 | robot_clearance_reward=0.0494 | context_neighbors_mean=1.47 | context_neighbors_max=4 | last_context_neighbors_mean=0.00 | last_context_neighbors_max=0 | actor_unlocked=0 | expl_noise=0.0794 | replay=2648 | interaction_replay=1208 | samples/sec=11.981
Episode 34 complete | agent_samples=2749 | env_steps=1039 | episode_env_steps=34 | episode_agent_samples=101 | mean_reward=119.966 | success=5/5 | collision=0/5 | mean_final_distance=0.269 | mean_progress=0.0403 | min_laser=0.517 | mean_lin=0.998 | mean_ang=0.089 | mean_robot_dist=inf | raw_reward=40.000 | adjusted_reward=40.000 | coop_agents=1/5 | mean_coop_neighbors=0.20 | active_neighbor_step_rate=0.604 | mean_active_neighbors_step=1.059 | max_active_neighbors_step=4 | interaction_reward=0.0000 | abs_interaction_reward=0.0000 | anti_stag_reward=0.0000 | abs_anti_stag_reward=0.0000 | wall_clear_reward=0.0000 | abs_wall_clear_reward=0.0000 | local_nav_reward=0.0000 | abs_local_nav_reward=0.0000 | robot_proximity_reward=-0.2841 | abs_robot_proximity_reward=0.2841 | robot_clearance_reward=0.0789 | context_neighbors_mean=1.09 | context_neighbors_max=4 | last_context_neighbors_mean=0.00 | last_context_neighbors_max=0 | actor_unlocked=0 | expl_noise=0.0794 | replay=2749 | interaction_replay=1229 | samples/sec=12.028
Episode 35 complete | agent_samples=2821 | env_steps=1070 | episode_env_steps=31 | episode_agent_samples=72 | mean_reward=22.664 | success=3/5 | collision=2/5 | mean_final_distance=0.355 | mean_progress=0.0111 | min_laser=0.311 | mean_lin=0.800 | mean_ang=-0.456 | mean_robot_dist=inf | raw_reward=20.000 | adjusted_reward=20.000 | coop_agents=0/5 | mean_coop_neighbors=0.00 | active_neighbor_step_rate=0.667 | mean_active_neighbors_step=1.431 | max_active_neighbors_step=4 | interaction_reward=0.0000 | abs_interaction_reward=0.0000 | anti_stag_reward=0.0000 | abs_anti_stag_reward=0.0000 | wall_clear_reward=0.0000 | abs_wall_clear_reward=0.0000 | local_nav_reward=0.0000 | abs_local_nav_reward=0.0000 | robot_proximity_reward=-0.9518 | abs_robot_proximity_reward=0.9518 | robot_clearance_reward=0.0000 | context_neighbors_mean=1.57 | context_neighbors_max=4 | last_context_neighbors_mean=0.00 | last_context_neighbors_max=0 | actor_unlocked=0 | expl_noise=0.0793 | replay=2821 | interaction_replay=1278 | samples/sec=11.986
Status | epoch=1 | next_eval_in=17179 agent_samples | checkpoint_every=10 episodes | checkpoint=./checkpoints/interaction_focused_actor_from_5a_s20260725_latest.pt | model=interaction_focused_actor_from_5a_s20260725
Episode 36 complete | agent_samples=2916 | env_steps=1093 | episode_env_steps=23 | episode_agent_samples=95 | mean_reward=130.044 | success=5/5 | collision=0/5 | mean_final_distance=0.236 | mean_progress=0.0240 | min_laser=0.443 | mean_lin=1.000 | mean_ang=0.349 | mean_robot_dist=inf | raw_reward=20.000 | adjusted_reward=20.000 | coop_agents=0/5 | mean_coop_neighbors=0.00 | active_neighbor_step_rate=0.800 | mean_active_neighbors_step=2.084 | max_active_neighbors_step=4 | interaction_reward=0.0000 | abs_interaction_reward=0.0000 | anti_stag_reward=0.0000 | abs_anti_stag_reward=0.0000 | wall_clear_reward=0.0000 | abs_wall_clear_reward=0.0000 | local_nav_reward=0.0000 | abs_local_nav_reward=0.0000 | robot_proximity_reward=-0.3847 | abs_robot_proximity_reward=0.3847 | robot_clearance_reward=0.1128 | context_neighbors_mean=2.15 | context_neighbors_max=4 | last_context_neighbors_mean=0.00 | last_context_neighbors_max=0 | actor_unlocked=0 | expl_noise=0.0793 | replay=2916 | interaction_replay=1335 | samples/sec=12.130
Episode 37 complete | agent_samples=3021 | env_steps=1125 | episode_env_steps=32 | episode_agent_samples=105 | mean_reward=128.472 | success=5/5 | collision=0/5 | mean_final_distance=0.223 | mean_progress=0.0150 | min_laser=0.409 | mean_lin=0.987 | mean_ang=0.212 | mean_robot_dist=inf | raw_reward=20.000 | adjusted_reward=20.000 | coop_agents=0/5 | mean_coop_neighbors=0.00 | active_neighbor_step_rate=0.762 | mean_active_neighbors_step=1.876 | max_active_neighbors_step=4 | interaction_reward=0.0000 | abs_interaction_reward=0.0000 | anti_stag_reward=0.0000 | abs_anti_stag_reward=0.0000 | wall_clear_reward=0.0000 | abs_wall_clear_reward=0.0000 | local_nav_reward=0.0000 | abs_local_nav_reward=0.0000 | robot_proximity_reward=0.0000 | abs_robot_proximity_reward=0.0000 | robot_clearance_reward=0.0000 | context_neighbors_mean=1.90 | context_neighbors_max=4 | last_context_neighbors_mean=0.00 | last_context_neighbors_max=0 | actor_unlocked=0 | expl_noise=0.0793 | replay=3021 | interaction_replay=1347 | samples/sec=12.207
Episode 38 complete | agent_samples=3060 | env_steps=1135 | episode_env_steps=10 | episode_agent_samples=39 | mean_reward=17.543 | success=3/5 | collision=2/5 | mean_final_distance=0.526 | mean_progress=0.0347 | min_laser=0.300 | mean_lin=0.800 | mean_ang=-0.217 | mean_robot_dist=inf | raw_reward=40.000 | adjusted_reward=40.000 | coop_agents=1/5 | mean_coop_neighbors=0.20 | active_neighbor_step_rate=0.846 | mean_active_neighbors_step=1.897 | max_active_neighbors_step=4 | interaction_reward=0.0000 | abs_interaction_reward=0.0000 | anti_stag_reward=0.0000 | abs_anti_stag_reward=0.0000 | wall_clear_reward=0.0000 | abs_wall_clear_reward=0.0000 | local_nav_reward=0.0000 | abs_local_nav_reward=0.0000 | robot_proximity_reward=-0.7420 | abs_robot_proximity_reward=0.7420 | robot_clearance_reward=0.0000 | context_neighbors_mean=1.92 | context_neighbors_max=4 | last_context_neighbors_mean=0.00 | last_context_neighbors_max=0 | actor_unlocked=0 | expl_noise=0.0793 | replay=3060 | interaction_replay=1380 | samples/sec=12.251
Episode 39 complete | agent_samples=3191 | env_steps=1180 | episode_env_steps=45 | episode_agent_samples=131 | mean_reward=72.388 | success=4/5 | collision=1/5 | mean_final_distance=0.316 | mean_progress=0.0240 | min_laser=0.300 | mean_lin=0.787 | mean_ang=-0.550 | mean_robot_dist=inf | raw_reward=20.000 | adjusted_reward=20.000 | coop_agents=0/5 | mean_coop_neighbors=0.00 | active_neighbor_step_rate=0.779 | mean_active_neighbors_step=1.664 | max_active_neighbors_step=4 | interaction_reward=0.0000 | abs_interaction_reward=0.0000 | anti_stag_reward=0.0000 | abs_anti_stag_reward=0.0000 | wall_clear_reward=0.0000 | abs_wall_clear_reward=0.0000 | local_nav_reward=0.0000 | abs_local_nav_reward=0.0000 | robot_proximity_reward=-0.4255 | abs_robot_proximity_reward=0.4255 | robot_clearance_reward=0.0000 | context_neighbors_mean=1.67 | context_neighbors_max=4 | last_context_neighbors_mean=0.00 | last_context_neighbors_max=0 | actor_unlocked=0 | expl_noise=0.0793 | replay=3191 | interaction_replay=1455 | samples/sec=12.287
Episode 40 complete | agent_samples=3237 | env_steps=1192 | episode_env_steps=12 | episode_agent_samples=46 | mean_reward=-25.534 | success=2/5 | collision=3/5 | mean_final_distance=0.606 | mean_progress=0.0129 | min_laser=0.320 | mean_lin=0.751 | mean_ang=0.342 | mean_robot_dist=inf | raw_reward=20.000 | adjusted_reward=20.000 | coop_agents=0/5 | mean_coop_neighbors=0.00 | active_neighbor_step_rate=0.935 | mean_active_neighbors_step=2.674 | max_active_neighbors_step=4 | interaction_reward=0.0000 | abs_interaction_reward=0.0000 | anti_stag_reward=0.0000 | abs_anti_stag_reward=0.0000 | wall_clear_reward=0.0000 | abs_wall_clear_reward=0.0000 | local_nav_reward=0.0000 | abs_local_nav_reward=0.0000 | robot_proximity_reward=-2.3320 | abs_robot_proximity_reward=2.3320 | robot_clearance_reward=0.0435 | context_neighbors_mean=2.74 | context_neighbors_max=4 | last_context_neighbors_mean=0.00 | last_context_neighbors_max=0 | actor_unlocked=0 | expl_noise=0.0793 | replay=3237 | interaction_replay=1497 | samples/sec=12.338
Status | epoch=1 | next_eval_in=16763 agent_samples | checkpoint_every=10 episodes | checkpoint=./checkpoints/interaction_focused_actor_from_5a_s20260725_latest.pt | model=interaction_focused_actor_from_5a_s20260725
Checkpoint saved: ./checkpoints/interaction_focused_actor_from_5a_s20260725_latest.pt
Episode 41 complete | agent_samples=3336 | env_steps=1249 | episode_env_steps=57 | episode_agent_samples=99 | mean_reward=31.944 | success=3/5 | collision=2/5 | mean_final_distance=0.716 | mean_progress=0.0070 | min_laser=0.304 | mean_lin=0.921 | mean_ang=-0.734 | mean_robot_dist=inf | raw_reward=20.000 | adjusted_reward=20.000 | coop_agents=0/5 | mean_coop_neighbors=0.00 | active_neighbor_step_rate=0.424 | mean_active_neighbors_step=1.283 | max_active_neighbors_step=4 | interaction_reward=0.0000 | abs_interaction_reward=0.0000 | anti_stag_reward=0.0000 | abs_anti_stag_reward=0.0000 | wall_clear_reward=0.0000 | abs_wall_clear_reward=0.0000 | local_nav_reward=0.0000 | abs_local_nav_reward=0.0000 | robot_proximity_reward=-0.4867 | abs_robot_proximity_reward=0.4867 | robot_clearance_reward=0.0404 | context_neighbors_mean=1.27 | context_neighbors_max=4 | last_context_neighbors_mean=0.00 | last_context_neighbors_max=0 | actor_unlocked=0 | expl_noise=0.0792 | replay=3336 | interaction_replay=1529 | samples/sec=12.139
Episode 42 complete | agent_samples=3402 | env_steps=1265 | episode_env_steps=16 | episode_agent_samples=66 | mean_reward=-9.485 | success=2/5 | collision=3/5 | mean_final_distance=0.734 | mean_progress=0.0110 | min_laser=0.300 | mean_lin=0.600 | mean_ang=0.105 | mean_robot_dist=inf | raw_reward=-20.000 | adjusted_reward=-20.000 | coop_agents=0/5 | mean_coop_neighbors=0.00 | active_neighbor_step_rate=0.924 | mean_active_neighbors_step=1.924 | max_active_neighbors_step=4 | interaction_reward=0.0000 | abs_interaction_reward=0.0000 | anti_stag_reward=0.0000 | abs_anti_stag_reward=0.0000 | wall_clear_reward=0.0000 | abs_wall_clear_reward=0.0000 | local_nav_reward=0.0000 | abs_local_nav_reward=0.0000 | robot_proximity_reward=-0.4099 | abs_robot_proximity_reward=0.4099 | robot_clearance_reward=0.0000 | context_neighbors_mean=1.94 | context_neighbors_max=4 | last_context_neighbors_mean=0.00 | last_context_neighbors_max=0 | actor_unlocked=0 | expl_noise=0.0792 | replay=3402 | interaction_replay=1557 | samples/sec=12.221
Episode 43 complete | agent_samples=3490 | env_steps=1303 | episode_env_steps=38 | episode_agent_samples=88 | mean_reward=27.694 | success=3/5 | collision=2/5 | mean_final_distance=0.348 | mean_progress=0.0216 | min_laser=0.323 | mean_lin=0.600 | mean_ang=-0.253 | mean_robot_dist=inf | raw_reward=20.000 | adjusted_reward=20.000 | coop_agents=0/5 | mean_coop_neighbors=0.00 | active_neighbor_step_rate=0.693 | mean_active_neighbors_step=2.045 | max_active_neighbors_step=4 | interaction_reward=0.0000 | abs_interaction_reward=0.0000 | anti_stag_reward=0.0000 | abs_anti_stag_reward=0.0000 | wall_clear_reward=0.0000 | abs_wall_clear_reward=0.0000 | local_nav_reward=0.0000 | abs_local_nav_reward=0.0000 | robot_proximity_reward=-1.1055 | abs_robot_proximity_reward=1.1055 | robot_clearance_reward=0.0611 | context_neighbors_mean=2.11 | context_neighbors_max=4 | last_context_neighbors_mean=0.00 | last_context_neighbors_max=0 | actor_unlocked=0 | expl_noise=0.0792 | replay=3490 | interaction_replay=1619 | samples/sec=12.178
Episode 44 complete | agent_samples=3563 | env_steps=1339 | episode_env_steps=36 | episode_agent_samples=73 | mean_reward=113.365 | success=5/5 | collision=0/5 | mean_final_distance=0.252 | mean_progress=0.0127 | min_laser=0.736 | mean_lin=0.750 | mean_ang=-0.454 | mean_robot_dist=inf | raw_reward=20.000 | adjusted_reward=20.000 | coop_agents=0/5 | mean_coop_neighbors=0.00 | active_neighbor_step_rate=0.548 | mean_active_neighbors_step=1.397 | max_active_neighbors_step=4 | interaction_reward=0.0000 | abs_interaction_reward=0.0000 | anti_stag_reward=0.0000 | abs_anti_stag_reward=0.0000 | wall_clear_reward=0.0000 | abs_wall_clear_reward=0.0000 | local_nav_reward=0.0000 | abs_local_nav_reward=0.0000 | robot_proximity_reward=-0.0683 | abs_robot_proximity_reward=0.0683 | robot_clearance_reward=0.0000 | context_neighbors_mean=1.42 | context_neighbors_max=4 | last_context_neighbors_mean=0.00 | last_context_neighbors_max=0 | actor_unlocked=0 | expl_noise=0.0792 | replay=3563 | interaction_replay=1656 | samples/sec=12.102
Episode 45 complete | agent_samples=3663 | env_steps=1385 | episode_env_steps=46 | episode_agent_samples=100 | mean_reward=119.206 | success=5/5 | collision=0/5 | mean_final_distance=0.253 | mean_progress=0.0107 | min_laser=0.373 | mean_lin=0.842 | mean_ang=-0.251 | mean_robot_dist=inf | raw_reward=20.000 | adjusted_reward=20.000 | coop_agents=0/5 | mean_coop_neighbors=0.00 | active_neighbor_step_rate=0.610 | mean_active_neighbors_step=1.750 | max_active_neighbors_step=4 | interaction_reward=0.0000 | abs_interaction_reward=0.0000 | anti_stag_reward=0.0000 | abs_anti_stag_reward=0.0000 | wall_clear_reward=0.0000 | abs_wall_clear_reward=0.0000 | local_nav_reward=0.0000 | abs_local_nav_reward=0.0000 | robot_proximity_reward=-0.0239 | abs_robot_proximity_reward=0.0239 | robot_clearance_reward=0.0000 | context_neighbors_mean=1.78 | context_neighbors_max=4 | last_context_neighbors_mean=0.00 | last_context_neighbors_max=0 | actor_unlocked=0 | expl_noise=0.0791 | replay=3663 | interaction_replay=1680 | samples/sec=12.034
Status | epoch=1 | next_eval_in=16337 agent_samples | checkpoint_every=10 episodes | checkpoint=./checkpoints/interaction_focused_actor_from_5a_s20260725_latest.pt | model=interaction_focused_actor_from_5a_s20260725
Episode 46 complete | agent_samples=3724 | env_steps=1406 | episode_env_steps=21 | episode_agent_samples=61 | mean_reward=75.066 | success=4/5 | collision=1/5 | mean_final_distance=0.559 | mean_progress=0.0036 | min_laser=0.342 | mean_lin=0.797 | mean_ang=0.342 | mean_robot_dist=inf | raw_reward=20.000 | adjusted_reward=20.000 | coop_agents=0/5 | mean_coop_neighbors=0.00 | active_neighbor_step_rate=0.590 | mean_active_neighbors_step=1.443 | max_active_neighbors_step=4 | interaction_reward=0.0000 | abs_interaction_reward=0.0000 | anti_stag_reward=0.0000 | abs_anti_stag_reward=0.0000 | wall_clear_reward=0.0000 | abs_wall_clear_reward=0.0000 | local_nav_reward=0.0000 | abs_local_nav_reward=0.0000 | robot_proximity_reward=-0.2921 | abs_robot_proximity_reward=0.2921 | robot_clearance_reward=0.0000 | context_neighbors_mean=1.48 | context_neighbors_max=4 | last_context_neighbors_mean=0.00 | last_context_neighbors_max=0 | actor_unlocked=0 | expl_noise=0.0791 | replay=3724 | interaction_replay=1696 | samples/sec=12.048
Episode 47 complete | agent_samples=3812 | env_steps=1444 | episode_env_steps=38 | episode_agent_samples=88 | mean_reward=120.321 | success=5/5 | collision=0/5 | mean_final_distance=0.214 | mean_progress=0.0208 | min_laser=0.449 | mean_lin=0.988 | mean_ang=0.719 | mean_robot_dist=inf | raw_reward=20.000 | adjusted_reward=20.000 | coop_agents=0/5 | mean_coop_neighbors=0.00 | active_neighbor_step_rate=0.750 | mean_active_neighbors_step=2.182 | max_active_neighbors_step=4 | interaction_reward=0.0000 | abs_interaction_reward=0.0000 | anti_stag_reward=0.0000 | abs_anti_stag_reward=0.0000 | wall_clear_reward=0.0000 | abs_wall_clear_reward=0.0000 | local_nav_reward=0.0000 | abs_local_nav_reward=0.0000 | robot_proximity_reward=-0.0197 | abs_robot_proximity_reward=0.0197 | robot_clearance_reward=0.0227 | context_neighbors_mean=2.20 | context_neighbors_max=4 | last_context_neighbors_mean=0.00 | last_context_neighbors_max=0 | actor_unlocked=0 | expl_noise=0.0791 | replay=3812 | interaction_replay=1728 | samples/sec=12.010
Episode 48 complete | agent_samples=3878 | env_steps=1462 | episode_env_steps=18 | episode_agent_samples=66 | mean_reward=35.616 | success=3/5 | collision=2/5 | mean_final_distance=0.589 | mean_progress=0.0305 | min_laser=0.301 | mean_lin=0.407 | mean_ang=-0.869 | mean_robot_dist=inf | raw_reward=40.000 | adjusted_reward=40.000 | coop_agents=0/5 | mean_coop_neighbors=0.00 | active_neighbor_step_rate=0.803 | mean_active_neighbors_step=1.924 | max_active_neighbors_step=4 | interaction_reward=0.0000 | abs_interaction_reward=0.0000 | anti_stag_reward=0.0000 | abs_anti_stag_reward=0.0000 | wall_clear_reward=0.0000 | abs_wall_clear_reward=0.0000 | local_nav_reward=0.0000 | abs_local_nav_reward=0.0000 | robot_proximity_reward=-0.3473 | abs_robot_proximity_reward=0.3473 | robot_clearance_reward=0.0000 | context_neighbors_mean=1.97 | context_neighbors_max=4 | last_context_neighbors_mean=0.00 | last_context_neighbors_max=0 | actor_unlocked=0 | expl_noise=0.0791 | replay=3878 | interaction_replay=1753 | samples/sec=12.064
Episode 49 complete | agent_samples=3954 | env_steps=1492 | episode_env_steps=30 | episode_agent_samples=76 | mean_reward=110.487 | success=5/5 | collision=0/5 | mean_final_distance=0.267 | mean_progress=0.0145 | min_laser=0.445 | mean_lin=0.868 | mean_ang=0.436 | mean_robot_dist=inf | raw_reward=20.000 | adjusted_reward=20.000 | coop_agents=0/5 | mean_coop_neighbors=0.00 | active_neighbor_step_rate=0.803 | mean_active_neighbors_step=1.816 | max_active_neighbors_step=4 | interaction_reward=0.0000 | abs_interaction_reward=0.0000 | anti_stag_reward=0.0000 | abs_anti_stag_reward=0.0000 | wall_clear_reward=0.0000 | abs_wall_clear_reward=0.0000 | local_nav_reward=0.0000 | abs_local_nav_reward=0.0000 | robot_proximity_reward=-0.1722 | abs_robot_proximity_reward=0.1722 | robot_clearance_reward=0.0615 | context_neighbors_mean=1.92 | context_neighbors_max=4 | last_context_neighbors_mean=0.00 | last_context_neighbors_max=0 | actor_unlocked=0 | expl_noise=0.0791 | replay=3954 | interaction_replay=1801 | samples/sec=12.056
Episode 50 complete | agent_samples=4065 | env_steps=1532 | episode_env_steps=40 | episode_agent_samples=111 | mean_reward=142.710 | success=5/5 | collision=0/5 | mean_final_distance=0.272 | mean_progress=0.0080 | min_laser=0.417 | mean_lin=0.818 | mean_ang=-0.525 | mean_robot_dist=inf | raw_reward=20.000 | adjusted_reward=20.000 | coop_agents=0/5 | mean_coop_neighbors=0.00 | active_neighbor_step_rate=0.793 | mean_active_neighbors_step=2.441 | max_active_neighbors_step=4 | interaction_reward=0.0000 | abs_interaction_reward=0.0000 | anti_stag_reward=0.0000 | abs_anti_stag_reward=0.0000 | wall_clear_reward=0.0000 | abs_wall_clear_reward=0.0000 | local_nav_reward=0.0000 | abs_local_nav_reward=0.0000 | robot_proximity_reward=-0.0635 | abs_robot_proximity_reward=0.0635 | robot_clearance_reward=0.0360 | context_neighbors_mean=2.46 | context_neighbors_max=4 | last_context_neighbors_mean=0.00 | last_context_neighbors_max=0 | actor_unlocked=0 | expl_noise=0.0790 | replay=4065 | interaction_replay=1847 | samples/sec=12.075
Status | epoch=1 | next_eval_in=15935 agent_samples | checkpoint_every=10 episodes | checkpoint=./checkpoints/interaction_focused_actor_from_5a_s20260725_latest.pt | model=interaction_focused_actor_from_5a_s20260725
Checkpoint saved: ./checkpoints/interaction_focused_actor_from_5a_s20260725_latest.pt
Episode 51 complete | agent_samples=4210 | env_steps=1599 | episode_env_steps=67 | episode_agent_samples=145 | mean_reward=34.994 | success=3/5 | collision=2/5 | mean_final_distance=0.433 | mean_progress=0.0035 | min_laser=0.300 | mean_lin=0.643 | mean_ang=-0.506 | mean_robot_dist=inf | raw_reward=20.000 | adjusted_reward=20.000 | coop_agents=0/5 | mean_coop_neighbors=0.00 | active_neighbor_step_rate=0.531 | mean_active_neighbors_step=1.034 | max_active_neighbors_step=4 | interaction_reward=0.0000 | abs_interaction_reward=0.0000 | anti_stag_reward=0.0000 | abs_anti_stag_reward=0.0000 | wall_clear_reward=0.0000 | abs_wall_clear_reward=0.0000 | local_nav_reward=0.0000 | abs_local_nav_reward=0.0000 | robot_proximity_reward=-0.2047 | abs_robot_proximity_reward=0.2047 | robot_clearance_reward=0.0213 | context_neighbors_mean=1.04 | context_neighbors_max=4 | last_context_neighbors_mean=0.00 | last_context_neighbors_max=0 | actor_unlocked=0 | expl_noise=0.0790 | replay=4210 | interaction_replay=1864 | samples/sec=11.986
Episode 52 complete | agent_samples=4270 | env_steps=1619 | episode_env_steps=20 | episode_agent_samples=60 | mean_reward=103.213 | success=5/5 | collision=0/5 | mean_final_distance=0.273 | mean_progress=0.0073 | min_laser=0.627 | mean_lin=1.000 | mean_ang=0.935 | mean_robot_dist=inf | raw_reward=20.000 | adjusted_reward=20.000 | coop_agents=0/5 | mean_coop_neighbors=0.00 | active_neighbor_step_rate=0.883 | mean_active_neighbors_step=2.183 | max_active_neighbors_step=4 | interaction_reward=0.0000 | abs_interaction_reward=0.0000 | anti_stag_reward=0.0000 | abs_anti_stag_reward=0.0000 | wall_clear_reward=0.0000 | abs_wall_clear_reward=0.0000 | local_nav_reward=0.0000 | abs_local_nav_reward=0.0000 | robot_proximity_reward=-0.6519 | abs_robot_proximity_reward=0.6519 | robot_clearance_reward=0.0878 | context_neighbors_mean=2.27 | context_neighbors_max=4 | last_context_neighbors_mean=0.00 | last_context_neighbors_max=0 | actor_unlocked=0 | expl_noise=0.0790 | replay=4270 | interaction_replay=1917 | samples/sec=12.005
Episode 53 complete | agent_samples=4407 | env_steps=1677 | episode_env_steps=58 | episode_agent_samples=137 | mean_reward=75.920 | success=4/5 | collision=1/5 | mean_final_distance=0.517 | mean_progress=0.0129 | min_laser=0.336 | mean_lin=1.000 | mean_ang=0.200 | mean_robot_dist=inf | raw_reward=20.000 | adjusted_reward=20.000 | coop_agents=0/5 | mean_coop_neighbors=0.00 | active_neighbor_step_rate=0.759 | mean_active_neighbors_step=1.518 | max_active_neighbors_step=4 | interaction_reward=0.0000 | abs_interaction_reward=0.0000 | anti_stag_reward=0.0000 | abs_anti_stag_reward=0.0000 | wall_clear_reward=0.0000 | abs_wall_clear_reward=0.0000 | local_nav_reward=0.0000 | abs_local_nav_reward=0.0000 | robot_proximity_reward=0.0000 | abs_robot_proximity_reward=0.0000 | robot_clearance_reward=0.0000 | context_neighbors_mean=1.53 | context_neighbors_max=4 | last_context_neighbors_mean=0.00 | last_context_neighbors_max=0 | actor_unlocked=0 | expl_noise=0.0790 | replay=4407 | interaction_replay=1950 | samples/sec=11.970
Episode 54 complete | agent_samples=4476 | env_steps=1703 | episode_env_steps=26 | episode_agent_samples=69 | mean_reward=19.162 | success=3/5 | collision=2/5 | mean_final_distance=0.508 | mean_progress=0.0009 | min_laser=0.338 | mean_lin=0.662 | mean_ang=0.140 | mean_robot_dist=inf | raw_reward=20.000 | adjusted_reward=20.000 | coop_agents=0/5 | mean_coop_neighbors=0.00 | active_neighbor_step_rate=0.652 | mean_active_neighbors_step=1.565 | max_active_neighbors_step=4 | interaction_reward=0.0000 | abs_interaction_reward=0.0000 | anti_stag_reward=0.0000 | abs_anti_stag_reward=0.0000 | wall_clear_reward=0.0000 | abs_wall_clear_reward=0.0000 | local_nav_reward=0.0000 | abs_local_nav_reward=0.0000 | robot_proximity_reward=-0.9863 | abs_robot_proximity_reward=0.9863 | robot_clearance_reward=0.0580 | context_neighbors_mean=1.64 | context_neighbors_max=4 | last_context_neighbors_mean=0.00 | last_context_neighbors_max=0 | actor_unlocked=0 | expl_noise=0.0789 | replay=4476 | interaction_replay=1994 | samples/sec=11.971
Episode 55 complete | agent_samples=4534 | env_steps=1729 | episode_env_steps=26 | episode_agent_samples=58 | mean_reward=51.696 | success=4/5 | collision=1/5 | mean_final_distance=0.559 | mean_progress=0.0159 | min_laser=0.300 | mean_lin=0.800 | mean_ang=0.569 | mean_robot_dist=inf | raw_reward=20.000 | adjusted_reward=20.000 | coop_agents=0/5 | mean_coop_neighbors=0.00 | active_neighbor_step_rate=0.655 | mean_active_neighbors_step=1.500 | max_active_neighbors_step=4 | interaction_reward=0.0000 | abs_interaction_reward=0.0000 | anti_stag_reward=0.0000 | abs_anti_stag_reward=0.0000 | wall_clear_reward=0.0000 | abs_wall_clear_reward=0.0000 | local_nav_reward=0.0000 | abs_local_nav_reward=0.0000 | robot_proximity_reward=-1.0033 | abs_robot_proximity_reward=1.0033 | robot_clearance_reward=0.0345 | context_neighbors_mean=1.55 | context_neighbors_max=4 | last_context_neighbors_mean=0.00 | last_context_neighbors_max=0 | actor_unlocked=0 | expl_noise=0.0789 | replay=4534 | interaction_replay=2033 | samples/sec=11.944
Status | epoch=1 | next_eval_in=15466 agent_samples | checkpoint_every=10 episodes | checkpoint=./checkpoints/interaction_focused_actor_from_5a_s20260725_latest.pt | model=interaction_focused_actor_from_5a_s20260725
Episode 56 complete | agent_samples=4640 | env_steps=1789 | episode_env_steps=60 | episode_agent_samples=106 | mean_reward=77.747 | success=4/5 | collision=1/5 | mean_final_distance=0.572 | mean_progress=0.0125 | min_laser=0.331 | mean_lin=0.802 | mean_ang=-0.108 | mean_robot_dist=inf | raw_reward=20.000 | adjusted_reward=20.000 | coop_agents=0/5 | mean_coop_neighbors=0.00 | active_neighbor_step_rate=0.321 | mean_active_neighbors_step=0.613 | max_active_neighbors_step=4 | interaction_reward=0.0000 | abs_interaction_reward=0.0000 | anti_stag_reward=0.0000 | abs_anti_stag_reward=0.0000 | wall_clear_reward=0.0000 | abs_wall_clear_reward=0.0000 | local_nav_reward=0.0000 | abs_local_nav_reward=0.0000 | robot_proximity_reward=0.0000 | abs_robot_proximity_reward=0.0000 | robot_clearance_reward=0.0000 | context_neighbors_mean=0.61 | context_neighbors_max=4 | last_context_neighbors_mean=0.00 | last_context_neighbors_max=0 | actor_unlocked=0 | expl_noise=0.0789 | replay=4640 | interaction_replay=2040 | samples/sec=11.821
Episode 57 complete | agent_samples=4682 | env_steps=1800 | episode_env_steps=11 | episode_agent_samples=42 | mean_reward=13.714 | success=3/5 | collision=2/5 | mean_final_distance=0.612 | mean_progress=0.0172 | min_laser=0.300 | mean_lin=0.656 | mean_ang=0.567 | mean_robot_dist=inf | raw_reward=20.000 | adjusted_reward=20.000 | coop_agents=0/5 | mean_coop_neighbors=0.00 | active_neighbor_step_rate=0.952 | mean_active_neighbors_step=2.024 | max_active_neighbors_step=4 | interaction_reward=0.0000 | abs_interaction_reward=0.0000 | anti_stag_reward=0.0000 | abs_anti_stag_reward=0.0000 | wall_clear_reward=0.0000 | abs_wall_clear_reward=0.0000 | local_nav_reward=0.0000 | abs_local_nav_reward=0.0000 | robot_proximity_reward=-1.2706 | abs_robot_proximity_reward=1.2706 | robot_clearance_reward=0.0772 | context_neighbors_mean=2.12 | context_neighbors_max=4 | last_context_neighbors_mean=0.00 | last_context_neighbors_max=0 | actor_unlocked=0 | expl_noise=0.0789 | replay=4682 | interaction_replay=2079 | samples/sec=11.853
Episode 58 complete | agent_samples=4748 | env_steps=1824 | episode_env_steps=24 | episode_agent_samples=66 | mean_reward=63.747 | success=4/5 | collision=1/5 | mean_final_distance=0.302 | mean_progress=0.0152 | min_laser=0.340 | mean_lin=0.721 | mean_ang=-0.591 | mean_robot_dist=inf | raw_reward=20.000 | adjusted_reward=20.000 | coop_agents=0/5 | mean_coop_neighbors=0.00 | active_neighbor_step_rate=0.742 | mean_active_neighbors_step=1.773 | max_active_neighbors_step=4 | interaction_reward=0.0000 | abs_interaction_reward=0.0000 | anti_stag_reward=0.0000 | abs_anti_stag_reward=0.0000 | wall_clear_reward=0.0000 | abs_wall_clear_reward=0.0000 | local_nav_reward=0.0000 | abs_local_nav_reward=0.0000 | robot_proximity_reward=-0.4767 | abs_robot_proximity_reward=0.4767 | robot_clearance_reward=0.0096 | context_neighbors_mean=1.82 | context_neighbors_max=4 | last_context_neighbors_mean=0.00 | last_context_neighbors_max=0 | actor_unlocked=0 | expl_noise=0.0789 | replay=4748 | interaction_replay=2122 | samples/sec=11.860
Episode 59 complete | agent_samples=4837 | env_steps=1862 | episode_env_steps=38 | episode_agent_samples=89 | mean_reward=-11.142 | success=2/5 | collision=3/5 | mean_final_distance=0.899 | mean_progress=-0.0012 | min_laser=0.300 | mean_lin=0.795 | mean_ang=0.627 | mean_robot_dist=inf | raw_reward=-20.000 | adjusted_reward=-20.000 | coop_agents=0/5 | mean_coop_neighbors=0.00 | active_neighbor_step_rate=0.517 | mean_active_neighbors_step=1.337 | max_active_neighbors_step=4 | interaction_reward=0.0000 | abs_interaction_reward=0.0000 | anti_stag_reward=0.0000 | abs_anti_stag_reward=0.0000 | wall_clear_reward=0.0000 | abs_wall_clear_reward=0.0000 | local_nav_reward=0.0000 | abs_local_nav_reward=0.0000 | robot_proximity_reward=-0.6189 | abs_robot_proximity_reward=0.6189 | robot_clearance_reward=0.0000 | context_neighbors_mean=1.37 | context_neighbors_max=4 | last_context_neighbors_mean=0.00 | last_context_neighbors_max=0 | actor_unlocked=0 | expl_noise=0.0788 | replay=4837 | interaction_replay=2138 | samples/sec=11.837
Episode 60 complete | agent_samples=4888 | env_steps=1879 | episode_env_steps=17 | episode_agent_samples=51 | mean_reward=19.771 | success=3/5 | collision=2/5 | mean_final_distance=0.990 | mean_progress=0.0042 | min_laser=0.318 | mean_lin=0.640 | mean_ang=-0.459 | mean_robot_dist=inf | raw_reward=20.000 | adjusted_reward=20.000 | coop_agents=0/5 | mean_coop_neighbors=0.00 | active_neighbor_step_rate=0.824 | mean_active_neighbors_step=1.843 | max_active_neighbors_step=4 | interaction_reward=0.0000 | abs_interaction_reward=0.0000 | anti_stag_reward=0.0000 | abs_anti_stag_reward=0.0000 | wall_clear_reward=0.0000 | abs_wall_clear_reward=0.0000 | local_nav_reward=0.0000 | abs_local_nav_reward=0.0000 | robot_proximity_reward=-0.8716 | abs_robot_proximity_reward=0.8716 | robot_clearance_reward=0.0000 | context_neighbors_mean=1.86 | context_neighbors_max=4 | last_context_neighbors_mean=0.00 | last_context_neighbors_max=0 | actor_unlocked=0 | expl_noise=0.0788 | replay=4888 | interaction_replay=2153 | samples/sec=11.851
Status | epoch=1 | next_eval_in=15112 agent_samples | checkpoint_every=10 episodes | checkpoint=./checkpoints/interaction_focused_actor_from_5a_s20260725_latest.pt | model=interaction_focused_actor_from_5a_s20260725
Checkpoint saved: ./checkpoints/interaction_focused_actor_from_5a_s20260725_latest.pt
Episode 61 complete | agent_samples=5000 | env_steps=1918 | episode_env_steps=39 | episode_agent_samples=112 | mean_reward=118.085 | success=5/5 | collision=0/5 | mean_final_distance=0.260 | mean_progress=0.0215 | min_laser=0.385 | mean_lin=0.995 | mean_ang=-0.639 | mean_robot_dist=inf | raw_reward=20.000 | adjusted_reward=20.000 | coop_agents=0/5 | mean_coop_neighbors=0.00 | active_neighbor_step_rate=0.688 | mean_active_neighbors_step=1.643 | max_active_neighbors_step=4 | interaction_reward=0.0000 | abs_interaction_reward=0.0000 | anti_stag_reward=0.0000 | abs_anti_stag_reward=0.0000 | wall_clear_reward=0.0000 | abs_wall_clear_reward=0.0000 | local_nav_reward=0.0000 | abs_local_nav_reward=0.0000 | robot_proximity_reward=-0.3434 | abs_robot_proximity_reward=0.3434 | robot_clearance_reward=0.0515 | context_neighbors_mean=1.68 | context_neighbors_max=4 | last_context_neighbors_mean=0.00 | last_context_neighbors_max=0 | actor_unlocked=0 | expl_noise=0.0788 | replay=5000 | interaction_replay=2201 | samples/sec=11.876
Episode 62 complete | agent_samples=5054 | env_steps=1931 | episode_env_steps=13 | episode_agent_samples=54 | mean_reward=107.678 | success=5/5 | collision=0/5 | mean_final_distance=0.260 | mean_progress=0.0048 | min_laser=0.584 | mean_lin=0.880 | mean_ang=-0.139 | mean_robot_dist=inf | raw_reward=20.000 | adjusted_reward=20.000 | coop_agents=0/5 | mean_coop_neighbors=0.00 | active_neighbor_step_rate=0.704 | mean_active_neighbors_step=1.574 | max_active_neighbors_step=4 | interaction_reward=0.0000 | abs_interaction_reward=0.0000 | anti_stag_reward=0.0000 | abs_anti_stag_reward=0.0000 | wall_clear_reward=0.0000 | abs_wall_clear_reward=0.0000 | local_nav_reward=0.0000 | abs_local_nav_reward=0.0000 | robot_proximity_reward=-0.1884 | abs_robot_proximity_reward=0.1884 | robot_clearance_reward=0.0458 | context_neighbors_mean=1.61 | context_neighbors_max=4 | last_context_neighbors_mean=0.00 | last_context_neighbors_max=0 | actor_unlocked=0 | expl_noise=0.0788 | replay=5054 | interaction_replay=2239 | samples/sec=11.920
Episode 63 complete | agent_samples=5149 | env_steps=1958 | episode_env_steps=27 | episode_agent_samples=95 | mean_reward=84.476 | success=4/5 | collision=1/5 | mean_final_distance=0.432 | mean_progress=0.0105 | min_laser=0.320 | mean_lin=0.987 | mean_ang=-0.021 | mean_robot_dist=inf | raw_reward=20.000 | adjusted_reward=20.000 | coop_agents=0/5 | mean_coop_neighbors=0.00 | active_neighbor_step_rate=0.800 | mean_active_neighbors_step=2.074 | max_active_neighbors_step=4 | interaction_reward=0.0000 | abs_interaction_reward=0.0000 | anti_stag_reward=0.0000 | abs_anti_stag_reward=0.0000 | wall_clear_reward=0.0000 | abs_wall_clear_reward=0.0000 | local_nav_reward=0.0000 | abs_local_nav_reward=0.0000 | robot_proximity_reward=-0.5555 | abs_robot_proximity_reward=0.5555 | robot_clearance_reward=0.0000 | context_neighbors_mean=2.11 | context_neighbors_max=4 | last_context_neighbors_mean=0.00 | last_context_neighbors_max=0 | actor_unlocked=0 | expl_noise=0.0788 | replay=5149 | interaction_replay=2254 | samples/sec=11.976
Episode 64 complete | agent_samples=5204 | env_steps=1976 | episode_env_steps=18 | episode_agent_samples=55 | mean_reward=28.038 | success=3/5 | collision=2/5 | mean_final_distance=0.710 | mean_progress=0.0221 | min_laser=0.301 | mean_lin=0.751 | mean_ang=-0.007 | mean_robot_dist=inf | raw_reward=20.000 | adjusted_reward=20.000 | coop_agents=0/5 | mean_coop_neighbors=0.00 | active_neighbor_step_rate=0.891 | mean_active_neighbors_step=1.873 | max_active_neighbors_step=4 | interaction_reward=0.0000 | abs_interaction_reward=0.0000 | anti_stag_reward=0.0000 | abs_anti_stag_reward=0.0000 | wall_clear_reward=0.0000 | abs_wall_clear_reward=0.0000 | local_nav_reward=0.0000 | abs_local_nav_reward=0.0000 | robot_proximity_reward=-0.7414 | abs_robot_proximity_reward=0.7414 | robot_clearance_reward=0.0000 | context_neighbors_mean=1.95 | context_neighbors_max=4 | last_context_neighbors_mean=0.00 | last_context_neighbors_max=0 | actor_unlocked=0 | expl_noise=0.0788 | replay=5204 | interaction_replay=2288 | samples/sec=11.993
Episode 65 complete | agent_samples=5289 | env_steps=2014 | episode_env_steps=38 | episode_agent_samples=85 | mean_reward=-16.280 | success=2/5 | collision=3/5 | mean_final_distance=0.552 | mean_progress=0.0138 | min_laser=0.300 | mean_lin=0.735 | mean_ang=-0.600 | mean_robot_dist=inf | raw_reward=20.000 | adjusted_reward=20.000 | coop_agents=0/5 | mean_coop_neighbors=0.00 | active_neighbor_step_rate=0.682 | mean_active_neighbors_step=1.459 | max_active_neighbors_step=4 | interaction_reward=0.0000 | abs_interaction_reward=0.0000 | anti_stag_reward=0.0000 | abs_anti_stag_reward=0.0000 | wall_clear_reward=0.0000 | abs_wall_clear_reward=0.0000 | local_nav_reward=0.0000 | abs_local_nav_reward=0.0000 | robot_proximity_reward=-0.5590 | abs_robot_proximity_reward=0.5590 | robot_clearance_reward=0.0220 | context_neighbors_mean=1.49 | context_neighbors_max=4 | last_context_neighbors_mean=0.00 | last_context_neighbors_max=0 | actor_unlocked=0 | expl_noise=0.0787 | replay=5289 | interaction_replay=2329 | samples/sec=11.963
Status | epoch=1 | next_eval_in=14711 agent_samples | checkpoint_every=10 episodes | checkpoint=./checkpoints/interaction_focused_actor_from_5a_s20260725_latest.pt | model=interaction_focused_actor_from_5a_s20260725
Episode 66 complete | agent_samples=5355 | env_steps=2044 | episode_env_steps=30 | episode_agent_samples=66 | mean_reward=13.396 | success=3/5 | collision=2/5 | mean_final_distance=0.530 | mean_progress=0.0088 | min_laser=0.322 | mean_lin=0.980 | mean_ang=-0.228 | mean_robot_dist=inf | raw_reward=20.000 | adjusted_reward=20.000 | coop_agents=0/5 | mean_coop_neighbors=0.00 | active_neighbor_step_rate=0.697 | mean_active_neighbors_step=1.909 | max_active_neighbors_step=4 | interaction_reward=0.0000 | abs_interaction_reward=0.0000 | anti_stag_reward=0.0000 | abs_anti_stag_reward=0.0000 | wall_clear_reward=0.0000 | abs_wall_clear_reward=0.0000 | local_nav_reward=0.0000 | abs_local_nav_reward=0.0000 | robot_proximity_reward=-1.0179 | abs_robot_proximity_reward=1.0179 | robot_clearance_reward=0.0303 | context_neighbors_mean=1.97 | context_neighbors_max=4 | last_context_neighbors_mean=0.00 | last_context_neighbors_max=0 | actor_unlocked=0 | expl_noise=0.0787 | replay=5355 | interaction_replay=2373 | samples/sec=11.935
Episode 67 complete | agent_samples=5399 | env_steps=2054 | episode_env_steps=10 | episode_agent_samples=44 | mean_reward=21.198 | success=3/5 | collision=2/5 | mean_final_distance=0.636 | mean_progress=0.0277 | min_laser=0.300 | mean_lin=0.800 | mean_ang=-0.057 | mean_robot_dist=0.552 | raw_reward=-42.377 | adjusted_reward=-42.377 | coop_agents=2/5 | mean_coop_neighbors=0.40 | active_neighbor_step_rate=0.864 | mean_active_neighbors_step=2.227 | max_active_neighbors_step=4 | interaction_reward=0.0000 | abs_interaction_reward=0.0000 | anti_stag_reward=0.0000 | abs_anti_stag_reward=0.0000 | wall_clear_reward=0.0000 | abs_wall_clear_reward=0.0000 | local_nav_reward=0.0000 | abs_local_nav_reward=0.0000 | robot_proximity_reward=-0.7425 | abs_robot_proximity_reward=0.7425 | robot_clearance_reward=0.0000 | context_neighbors_mean=2.27 | context_neighbors_max=4 | last_context_neighbors_mean=0.00 | last_context_neighbors_max=0 | actor_unlocked=0 | expl_noise=0.0787 | replay=5399 | interaction_replay=2385 | samples/sec=11.972
Episode 68 complete | agent_samples=5468 | env_steps=2078 | episode_env_steps=24 | episode_agent_samples=69 | mean_reward=76.514 | success=4/5 | collision=1/5 | mean_final_distance=0.297 | mean_progress=0.0210 | min_laser=0.336 | mean_lin=0.800 | mean_ang=-0.290 | mean_robot_dist=inf | raw_reward=-20.000 | adjusted_reward=-20.000 | coop_agents=0/5 | mean_coop_neighbors=0.00 | active_neighbor_step_rate=0.406 | mean_active_neighbors_step=0.899 | max_active_neighbors_step=4 | interaction_reward=0.0000 | abs_interaction_reward=0.0000 | anti_stag_reward=0.0000 | abs_anti_stag_reward=0.0000 | wall_clear_reward=0.0000 | abs_wall_clear_reward=0.0000 | local_nav_reward=0.0000 | abs_local_nav_reward=0.0000 | robot_proximity_reward=-0.3856 | abs_robot_proximity_reward=0.3856 | robot_clearance_reward=0.0098 | context_neighbors_mean=0.91 | context_neighbors_max=4 | last_context_neighbors_mean=0.00 | last_context_neighbors_max=0 | actor_unlocked=0 | expl_noise=0.0787 | replay=5468 | interaction_replay=2398 | samples/sec=11.985
Episode 69 complete | agent_samples=5597 | env_steps=2124 | episode_env_steps=46 | episode_agent_samples=129 | mean_reward=126.772 | success=5/5 | collision=0/5 | mean_final_distance=0.235 | mean_progress=0.0120 | min_laser=0.422 | mean_lin=1.000 | mean_ang=-0.072 | mean_robot_dist=inf | raw_reward=20.000 | adjusted_reward=20.000 | coop_agents=0/5 | mean_coop_neighbors=0.00 | active_neighbor_step_rate=0.713 | mean_active_neighbors_step=1.760 | max_active_neighbors_step=4 | interaction_reward=0.0000 | abs_interaction_reward=0.0000 | anti_stag_reward=0.0000 | abs_anti_stag_reward=0.0000 | wall_clear_reward=0.0000 | abs_wall_clear_reward=0.0000 | local_nav_reward=0.0000 | abs_local_nav_reward=0.0000 | robot_proximity_reward=-0.2040 | abs_robot_proximity_reward=0.2040 | robot_clearance_reward=0.0482 | context_neighbors_mean=1.77 | context_neighbors_max=4 | last_context_neighbors_mean=0.00 | last_context_neighbors_max=0 | actor_unlocked=0 | expl_noise=0.0787 | replay=5597 | interaction_replay=2415 | samples/sec=12.006
Episode 70 complete | agent_samples=5727 | env_steps=2174 | episode_env_steps=50 | episode_agent_samples=130 | mean_reward=108.450 | success=5/5 | collision=0/5 | mean_final_distance=0.274 | mean_progress=0.0088 | min_laser=0.537 | mean_lin=0.958 | mean_ang=-0.739 | mean_robot_dist=inf | raw_reward=20.000 | adjusted_reward=20.000 | coop_agents=0/5 | mean_coop_neighbors=0.00 | active_neighbor_step_rate=0.477 | mean_active_neighbors_step=0.623 | max_active_neighbors_step=2 | interaction_reward=0.0000 | abs_interaction_reward=0.0000 | anti_stag_reward=0.0000 | abs_anti_stag_reward=0.0000 | wall_clear_reward=0.0000 | abs_wall_clear_reward=0.0000 | local_nav_reward=0.0000 | abs_local_nav_reward=0.0000 | robot_proximity_reward=-0.1174 | abs_robot_proximity_reward=0.1174 | robot_clearance_reward=0.0203 | context_neighbors_mean=0.64 | context_neighbors_max=2 | last_context_neighbors_mean=0.00 | last_context_neighbors_max=0 | actor_unlocked=0 | expl_noise=0.0786 | replay=5727 | interaction_replay=2454 | samples/sec=12.007
Status | epoch=1 | next_eval_in=14273 agent_samples | checkpoint_every=10 episodes | checkpoint=./checkpoints/interaction_focused_actor_from_5a_s20260725_latest.pt | model=interaction_focused_actor_from_5a_s20260725
Checkpoint saved: ./checkpoints/interaction_focused_actor_from_5a_s20260725_latest.pt
Episode 71 complete | agent_samples=5778 | env_steps=2186 | episode_env_steps=12 | episode_agent_samples=51 | mean_reward=14.550 | success=3/5 | collision=2/5 | mean_final_distance=0.416 | mean_progress=0.0240 | min_laser=0.300 | mean_lin=0.977 | mean_ang=0.052 | mean_robot_dist=inf | raw_reward=40.000 | adjusted_reward=40.000 | coop_agents=0/5 | mean_coop_neighbors=0.00 | active_neighbor_step_rate=0.922 | mean_active_neighbors_step=2.294 | max_active_neighbors_step=4 | interaction_reward=0.0000 | abs_interaction_reward=0.0000 | anti_stag_reward=0.0000 | abs_anti_stag_reward=0.0000 | wall_clear_reward=0.0000 | abs_wall_clear_reward=0.0000 | local_nav_reward=0.0000 | abs_local_nav_reward=0.0000 | robot_proximity_reward=-1.4501 | abs_robot_proximity_reward=1.4501 | robot_clearance_reward=0.0445 | context_neighbors_mean=2.39 | context_neighbors_max=4 | last_context_neighbors_mean=0.00 | last_context_neighbors_max=0 | actor_unlocked=0 | expl_noise=0.0786 | replay=5778 | interaction_replay=2498 | samples/sec=12.042
Episode 72 complete | agent_samples=5860 | env_steps=2222 | episode_env_steps=36 | episode_agent_samples=82 | mean_reward=70.332 | success=4/5 | collision=1/5 | mean_final_distance=0.403 | mean_progress=0.0045 | min_laser=0.300 | mean_lin=0.806 | mean_ang=0.375 | mean_robot_dist=inf | raw_reward=20.000 | adjusted_reward=20.000 | coop_agents=0/5 | mean_coop_neighbors=0.00 | active_neighbor_step_rate=0.549 | mean_active_neighbors_step=1.183 | max_active_neighbors_step=4 | interaction_reward=0.0000 | abs_interaction_reward=0.0000 | anti_stag_reward=0.0000 | abs_anti_stag_reward=0.0000 | wall_clear_reward=0.0000 | abs_wall_clear_reward=0.0000 | local_nav_reward=0.0000 | abs_local_nav_reward=0.0000 | robot_proximity_reward=-0.5715 | abs_robot_proximity_reward=0.5715 | robot_clearance_reward=0.0385 | context_neighbors_mean=1.21 | context_neighbors_max=4 | last_context_neighbors_mean=0.00 | last_context_neighbors_max=0 | actor_unlocked=0 | expl_noise=0.0786 | replay=5860 | interaction_replay=2525 | samples/sec=12.015
Episode 73 complete | agent_samples=5905 | env_steps=2233 | episode_env_steps=11 | episode_agent_samples=45 | mean_reward=36.773 | success=3/5 | collision=2/5 | mean_final_distance=0.399 | mean_progress=0.0111 | min_laser=0.300 | mean_lin=0.995 | mean_ang=-0.173 | mean_robot_dist=inf | raw_reward=20.000 | adjusted_reward=20.000 | coop_agents=0/5 | mean_coop_neighbors=0.00 | active_neighbor_step_rate=0.822 | mean_active_neighbors_step=2.022 | max_active_neighbors_step=4 | interaction_reward=0.0000 | abs_interaction_reward=0.0000 | anti_stag_reward=0.0000 | abs_anti_stag_reward=0.0000 | wall_clear_reward=0.0000 | abs_wall_clear_reward=0.0000 | local_nav_reward=0.0000 | abs_local_nav_reward=0.0000 | robot_proximity_reward=-0.9230 | abs_robot_proximity_reward=0.9230 | robot_clearance_reward=0.0000 | context_neighbors_mean=2.16 | context_neighbors_max=4 | last_context_neighbors_mean=0.00 | last_context_neighbors_max=0 | actor_unlocked=0 | expl_noise=0.0786 | replay=5905 | interaction_replay=2561 | samples/sec=12.047
Episode 74 complete | agent_samples=5988 | env_steps=2270 | episode_env_steps=37 | episode_agent_samples=83 | mean_reward=114.941 | success=5/5 | collision=0/5 | mean_final_distance=0.251 | mean_progress=0.0184 | min_laser=0.752 | mean_lin=1.000 | mean_ang=-0.249 | mean_robot_dist=inf | raw_reward=20.000 | adjusted_reward=20.000 | coop_agents=0/5 | mean_coop_neighbors=0.00 | active_neighbor_step_rate=0.530 | mean_active_neighbors_step=1.373 | max_active_neighbors_step=4 | interaction_reward=0.0000 | abs_interaction_reward=0.0000 | anti_stag_reward=0.0000 | abs_anti_stag_reward=0.0000 | wall_clear_reward=0.0000 | abs_wall_clear_reward=0.0000 | local_nav_reward=0.0000 | abs_local_nav_reward=0.0000 | robot_proximity_reward=-0.0557 | abs_robot_proximity_reward=0.0557 | robot_clearance_reward=0.0317 | context_neighbors_mean=1.42 | context_neighbors_max=4 | last_context_neighbors_mean=0.00 | last_context_neighbors_max=0 | actor_unlocked=0 | expl_noise=0.0786 | replay=5988 | interaction_replay=2596 | samples/sec=12.020
Episode 75 complete | agent_samples=6158 | env_steps=2348 | episode_env_steps=78 | episode_agent_samples=170 | mean_reward=116.391 | success=5/5 | collision=0/5 | mean_final_distance=0.249 | mean_progress=0.0131 | min_laser=0.431 | mean_lin=0.996 | mean_ang=-0.893 | mean_robot_dist=inf | raw_reward=20.000 | adjusted_reward=20.000 | coop_agents=0/5 | mean_coop_neighbors=0.00 | active_neighbor_step_rate=0.600 | mean_active_neighbors_step=1.371 | max_active_neighbors_step=4 | interaction_reward=0.0000 | abs_interaction_reward=0.0000 | anti_stag_reward=0.0000 | abs_anti_stag_reward=0.0000 | wall_clear_reward=0.0000 | abs_wall_clear_reward=0.0000 | local_nav_reward=0.0000 | abs_local_nav_reward=0.0000 | robot_proximity_reward=-0.0656 | abs_robot_proximity_reward=0.0656 | robot_clearance_reward=0.0260 | context_neighbors_mean=1.39 | context_neighbors_max=4 | last_context_neighbors_mean=0.00 | last_context_neighbors_max=0 | actor_unlocked=0 | expl_noise=0.0785 | replay=6158 | interaction_replay=2654 | samples/sec=11.957
Status | epoch=1 | next_eval_in=13842 agent_samples | checkpoint_every=10 episodes | checkpoint=./checkpoints/interaction_focused_actor_from_5a_s20260725_latest.pt | model=interaction_focused_actor_from_5a_s20260725
Episode 76 complete | agent_samples=6194 | env_steps=2357 | episode_env_steps=9 | episode_agent_samples=36 | mean_reward=27.641 | success=3/5 | collision=2/5 | mean_final_distance=0.787 | mean_progress=0.0445 | min_laser=0.300 | mean_lin=0.778 | mean_ang=-0.063 | mean_robot_dist=2.244 | raw_reward=40.000 | adjusted_reward=40.000 | coop_agents=2/5 | mean_coop_neighbors=0.40 | active_neighbor_step_rate=0.833 | mean_active_neighbors_step=1.972 | max_active_neighbors_step=4 | interaction_reward=0.0000 | abs_interaction_reward=0.0000 | anti_stag_reward=0.0000 | abs_anti_stag_reward=0.0000 | wall_clear_reward=0.0000 | abs_wall_clear_reward=0.0000 | local_nav_reward=0.0000 | abs_local_nav_reward=0.0000 | robot_proximity_reward=-1.0033 | abs_robot_proximity_reward=1.0033 | robot_clearance_reward=0.0000 | context_neighbors_mean=2.06 | context_neighbors_max=4 | last_context_neighbors_mean=0.00 | last_context_neighbors_max=0 | actor_unlocked=0 | expl_noise=0.0785 | replay=6194 | interaction_replay=2683 | samples/sec=11.979
Episode 77 complete | agent_samples=6253 | env_steps=2380 | episode_env_steps=23 | episode_agent_samples=59 | mean_reward=109.372 | success=5/5 | collision=0/5 | mean_final_distance=0.240 | mean_progress=0.0279 | min_laser=0.512 | mean_lin=1.000 | mean_ang=1.000 | mean_robot_dist=inf | raw_reward=20.000 | adjusted_reward=20.000 | coop_agents=0/5 | mean_coop_neighbors=0.00 | active_neighbor_step_rate=0.746 | mean_active_neighbors_step=1.746 | max_active_neighbors_step=4 | interaction_reward=0.0000 | abs_interaction_reward=0.0000 | anti_stag_reward=0.0000 | abs_anti_stag_reward=0.0000 | wall_clear_reward=0.0000 | abs_wall_clear_reward=0.0000 | local_nav_reward=0.0000 | abs_local_nav_reward=0.0000 | robot_proximity_reward=-0.9603 | abs_robot_proximity_reward=0.9603 | robot_clearance_reward=0.0343 | context_neighbors_mean=1.80 | context_neighbors_max=4 | last_context_neighbors_mean=0.00 | last_context_neighbors_max=0 | actor_unlocked=0 | expl_noise=0.0785 | replay=6253 | interaction_replay=2723 | samples/sec=11.976
Episode 78 complete | agent_samples=6372 | env_steps=2430 | episode_env_steps=50 | episode_agent_samples=119 | mean_reward=80.161 | success=4/5 | collision=1/5 | mean_final_distance=0.610 | mean_progress=0.0123 | min_laser=0.327 | mean_lin=0.810 | mean_ang=-0.402 | mean_robot_dist=inf | raw_reward=20.000 | adjusted_reward=20.000 | coop_agents=0/5 | mean_coop_neighbors=0.00 | active_neighbor_step_rate=0.588 | mean_active_neighbors_step=0.916 | max_active_neighbors_step=4 | interaction_reward=0.0000 | abs_interaction_reward=0.0000 | anti_stag_reward=0.0000 | abs_anti_stag_reward=0.0000 | wall_clear_reward=0.0000 | abs_wall_clear_reward=0.0000 | local_nav_reward=0.0000 | abs_local_nav_reward=0.0000 | robot_proximity_reward=-0.4067 | abs_robot_proximity_reward=0.4067 | robot_clearance_reward=0.0000 | context_neighbors_mean=0.91 | context_neighbors_max=4 | last_context_neighbors_mean=0.00 | last_context_neighbors_max=0 | actor_unlocked=0 | expl_noise=0.0785 | replay=6372 | interaction_replay=2744 | samples/sec=11.956
Episode 79 complete | agent_samples=6413 | env_steps=2441 | episode_env_steps=11 | episode_agent_samples=41 | mean_reward=17.402 | success=3/5 | collision=2/5 | mean_final_distance=0.556 | mean_progress=0.0236 | min_laser=0.300 | mean_lin=0.994 | mean_ang=0.015 | mean_robot_dist=inf | raw_reward=20.000 | adjusted_reward=20.000 | coop_agents=0/5 | mean_coop_neighbors=0.00 | active_neighbor_step_rate=0.878 | mean_active_neighbors_step=1.707 | max_active_neighbors_step=4 | interaction_reward=0.0000 | abs_interaction_reward=0.0000 | anti_stag_reward=0.0000 | abs_anti_stag_reward=0.0000 | wall_clear_reward=0.0000 | abs_wall_clear_reward=0.0000 | local_nav_reward=0.0000 | abs_local_nav_reward=0.0000 | robot_proximity_reward=-0.9899 | abs_robot_proximity_reward=0.9899 | robot_clearance_reward=0.0000 | context_neighbors_mean=1.76 | context_neighbors_max=4 | last_context_neighbors_mean=0.00 | last_context_neighbors_max=0 | actor_unlocked=0 | expl_noise=0.0785 | replay=6413 | interaction_replay=2778 | samples/sec=11.977
Episode 80 complete | agent_samples=6462 | env_steps=2455 | episode_env_steps=14 | episode_agent_samples=49 | mean_reward=110.645 | success=5/5 | collision=0/5 | mean_final_distance=0.280 | mean_progress=0.0053 | min_laser=0.486 | mean_lin=0.740 | mean_ang=0.136 | mean_robot_dist=inf | raw_reward=20.000 | adjusted_reward=20.000 | coop_agents=0/5 | mean_coop_neighbors=0.00 | active_neighbor_step_rate=0.673 | mean_active_neighbors_step=1.490 | max_active_neighbors_step=4 | interaction_reward=0.0000 | abs_interaction_reward=0.0000 | anti_stag_reward=0.0000 | abs_anti_stag_reward=0.0000 | wall_clear_reward=0.0000 | abs_wall_clear_reward=0.0000 | local_nav_reward=0.0000 | abs_local_nav_reward=0.0000 | robot_proximity_reward=-0.1983 | abs_robot_proximity_reward=0.1983 | robot_clearance_reward=0.0694 | context_neighbors_mean=1.55 | context_neighbors_max=4 | last_context_neighbors_mean=0.00 | last_context_neighbors_max=0 | actor_unlocked=0 | expl_noise=0.0785 | replay=6462 | interaction_replay=2812 | samples/sec=11.997
Status | epoch=1 | next_eval_in=13538 agent_samples | checkpoint_every=10 episodes | checkpoint=./checkpoints/interaction_focused_actor_from_5a_s20260725_latest.pt | model=interaction_focused_actor_from_5a_s20260725
Checkpoint saved: ./checkpoints/interaction_focused_actor_from_5a_s20260725_latest.pt
Episode 81 complete | agent_samples=6567 | env_steps=2527 | episode_env_steps=72 | episode_agent_samples=105 | mean_reward=28.562 | success=3/5 | collision=2/5 | mean_final_distance=0.637 | mean_progress=0.0083 | min_laser=0.325 | mean_lin=0.796 | mean_ang=-0.573 | mean_robot_dist=inf | raw_reward=20.000 | adjusted_reward=20.000 | coop_agents=0/5 | mean_coop_neighbors=0.00 | active_neighbor_step_rate=0.400 | mean_active_neighbors_step=0.876 | max_active_neighbors_step=4 | interaction_reward=0.0000 | abs_interaction_reward=0.0000 | anti_stag_reward=0.0000 | abs_anti_stag_reward=0.0000 | wall_clear_reward=0.0000 | abs_wall_clear_reward=0.0000 | local_nav_reward=0.0000 | abs_local_nav_reward=0.0000 | robot_proximity_reward=-0.3738 | abs_robot_proximity_reward=0.3738 | robot_clearance_reward=0.0190 | context_neighbors_mean=0.91 | context_neighbors_max=4 | last_context_neighbors_mean=0.00 | last_context_neighbors_max=0 | actor_unlocked=0 | expl_noise=0.0784 | replay=6567 | interaction_replay=2848 | samples/sec=11.848
Episode 82 complete | agent_samples=6658 | env_steps=2567 | episode_env_steps=40 | episode_agent_samples=91 | mean_reward=15.518 | success=3/5 | collision=2/5 | mean_final_distance=0.692 | mean_progress=0.0074 | min_laser=0.300 | mean_lin=0.976 | mean_ang=-0.345 | mean_robot_dist=inf | raw_reward=20.000 | adjusted_reward=20.000 | coop_agents=0/5 | mean_coop_neighbors=0.00 | active_neighbor_step_rate=0.418 | mean_active_neighbors_step=1.088 | max_active_neighbors_step=4 | interaction_reward=0.0000 | abs_interaction_reward=0.0000 | anti_stag_reward=0.0000 | abs_anti_stag_reward=0.0000 | wall_clear_reward=0.0000 | abs_wall_clear_reward=0.0000 | local_nav_reward=0.0000 | abs_local_nav_reward=0.0000 | robot_proximity_reward=-0.9167 | abs_robot_proximity_reward=0.9167 | robot_clearance_reward=0.0371 | context_neighbors_mean=1.11 | context_neighbors_max=4 | last_context_neighbors_mean=0.00 | last_context_neighbors_max=0 | actor_unlocked=0 | expl_noise=0.0784 | replay=6658 | interaction_replay=2885 | samples/sec=11.827
Episode 83 complete | agent_samples=6747 | env_steps=2595 | episode_env_steps=28 | episode_agent_samples=89 | mean_reward=121.996 | success=5/5 | collision=0/5 | mean_final_distance=0.276 | mean_progress=0.0030 | min_laser=0.359 | mean_lin=0.800 | mean_ang=-0.179 | mean_robot_dist=inf | raw_reward=20.000 | adjusted_reward=20.000 | coop_agents=0/5 | mean_coop_neighbors=0.00 | active_neighbor_step_rate=0.483 | mean_active_neighbors_step=1.045 | max_active_neighbors_step=4 | interaction_reward=0.0000 | abs_interaction_reward=0.0000 | anti_stag_reward=0.0000 | abs_anti_stag_reward=0.0000 | wall_clear_reward=0.0000 | abs_wall_clear_reward=0.0000 | local_nav_reward=0.0000 | abs_local_nav_reward=0.0000 | robot_proximity_reward=-0.3212 | abs_robot_proximity_reward=0.3212 | robot_clearance_reward=0.0000 | context_neighbors_mean=1.11 | context_neighbors_max=4 | last_context_neighbors_mean=0.00 | last_context_neighbors_max=0 | actor_unlocked=0 | expl_noise=0.0784 | replay=6747 | interaction_replay=2907 | samples/sec=11.855
Episode 84 complete | agent_samples=6855 | env_steps=2634 | episode_env_steps=39 | episode_agent_samples=108 | mean_reward=115.881 | success=5/5 | collision=0/5 | mean_final_distance=0.266 | mean_progress=0.0087 | min_laser=0.779 | mean_lin=0.997 | mean_ang=-0.880 | mean_robot_dist=inf | raw_reward=20.000 | adjusted_reward=20.000 | coop_agents=0/5 | mean_coop_neighbors=0.00 | active_neighbor_step_rate=0.731 | mean_active_neighbors_step=1.704 | max_active_neighbors_step=4 | interaction_reward=0.0000 | abs_interaction_reward=0.0000 | anti_stag_reward=0.0000 | abs_anti_stag_reward=0.0000 | wall_clear_reward=0.0000 | abs_wall_clear_reward=0.0000 | local_nav_reward=0.0000 | abs_local_nav_reward=0.0000 | robot_proximity_reward=-0.0788 | abs_robot_proximity_reward=0.0788 | robot_clearance_reward=0.0185 | context_neighbors_mean=1.74 | context_neighbors_max=4 | last_context_neighbors_mean=0.00 | last_context_neighbors_max=0 | actor_unlocked=0 | expl_noise=0.0784 | replay=6855 | interaction_replay=2930 | samples/sec=11.867
Episode 85 complete | agent_samples=6930 | env_steps=2657 | episode_env_steps=23 | episode_agent_samples=75 | mean_reward=115.840 | success=5/5 | collision=0/5 | mean_final_distance=0.242 | mean_progress=0.0103 | min_laser=0.656 | mean_lin=0.990 | mean_ang=0.579 | mean_robot_dist=inf | raw_reward=20.000 | adjusted_reward=20.000 | coop_agents=0/5 | mean_coop_neighbors=0.00 | active_neighbor_step_rate=0.693 | mean_active_neighbors_step=1.827 | max_active_neighbors_step=4 | interaction_reward=0.0000 | abs_interaction_reward=0.0000 | anti_stag_reward=0.0000 | abs_anti_stag_reward=0.0000 | wall_clear_reward=0.0000 | abs_wall_clear_reward=0.0000 | local_nav_reward=0.0000 | abs_local_nav_reward=0.0000 | robot_proximity_reward=-0.5479 | abs_robot_proximity_reward=0.5479 | robot_clearance_reward=0.0800 | context_neighbors_mean=1.95 | context_neighbors_max=4 | last_context_neighbors_mean=0.00 | last_context_neighbors_max=0 | actor_unlocked=0 | expl_noise=0.0783 | replay=6930 | interaction_replay=2982 | samples/sec=11.891
Status | epoch=1 | next_eval_in=13070 agent_samples | checkpoint_every=10 episodes | checkpoint=./checkpoints/interaction_focused_actor_from_5a_s20260725_latest.pt | model=interaction_focused_actor_from_5a_s20260725
Episode 86 complete | agent_samples=7042 | env_steps=2712 | episode_env_steps=55 | episode_agent_samples=112 | mean_reward=61.951 | success=4/5 | collision=1/5 | mean_final_distance=0.435 | mean_progress=0.0142 | min_laser=0.300 | mean_lin=0.601 | mean_ang=-0.297 | mean_robot_dist=inf | raw_reward=20.000 | adjusted_reward=20.000 | coop_agents=0/5 | mean_coop_neighbors=0.00 | active_neighbor_step_rate=0.589 | mean_active_neighbors_step=1.107 | max_active_neighbors_step=4 | interaction_reward=0.0000 | abs_interaction_reward=0.0000 | anti_stag_reward=0.0000 | abs_anti_stag_reward=0.0000 | wall_clear_reward=0.0000 | abs_wall_clear_reward=0.0000 | local_nav_reward=0.0000 | abs_local_nav_reward=0.0000 | robot_proximity_reward=-0.2904 | abs_robot_proximity_reward=0.2904 | robot_clearance_reward=0.0179 | context_neighbors_mean=1.16 | context_neighbors_max=4 | last_context_neighbors_mean=0.00 | last_context_neighbors_max=0 | actor_unlocked=0 | expl_noise=0.0783 | replay=7042 | interaction_replay=3045 | samples/sec=11.842
Episode 87 complete | agent_samples=7116 | env_steps=2740 | episode_env_steps=28 | episode_agent_samples=74 | mean_reward=122.534 | success=5/5 | collision=0/5 | mean_final_distance=0.253 | mean_progress=0.0138 | min_laser=0.768 | mean_lin=1.000 | mean_ang=0.108 | mean_robot_dist=inf | raw_reward=20.000 | adjusted_reward=20.000 | coop_agents=0/5 | mean_coop_neighbors=0.00 | active_neighbor_step_rate=0.797 | mean_active_neighbors_step=2.162 | max_active_neighbors_step=4 | interaction_reward=0.0000 | abs_interaction_reward=0.0000 | anti_stag_reward=0.0000 | abs_anti_stag_reward=0.0000 | wall_clear_reward=0.0000 | abs_wall_clear_reward=0.0000 | local_nav_reward=0.0000 | abs_local_nav_reward=0.0000 | robot_proximity_reward=-0.0236 | abs_robot_proximity_reward=0.0236 | robot_clearance_reward=0.0350 | context_neighbors_mean=2.18 | context_neighbors_max=4 | last_context_neighbors_mean=0.00 | last_context_neighbors_max=0 | actor_unlocked=0 | expl_noise=0.0783 | replay=7116 | interaction_replay=3058 | samples/sec=11.844
Episode 88 complete | agent_samples=7165 | env_steps=2757 | episode_env_steps=17 | episode_agent_samples=49 | mean_reward=27.964 | success=3/5 | collision=2/5 | mean_final_distance=0.533 | mean_progress=0.0243 | min_laser=0.300 | mean_lin=0.600 | mean_ang=-0.203 | mean_robot_dist=inf | raw_reward=20.000 | adjusted_reward=20.000 | coop_agents=0/5 | mean_coop_neighbors=0.00 | active_neighbor_step_rate=0.653 | mean_active_neighbors_step=1.878 | max_active_neighbors_step=4 | interaction_reward=0.0000 | abs_interaction_reward=0.0000 | anti_stag_reward=0.0000 | abs_anti_stag_reward=0.0000 | wall_clear_reward=0.0000 | abs_wall_clear_reward=0.0000 | local_nav_reward=0.0000 | abs_local_nav_reward=0.0000 | robot_proximity_reward=-0.4691 | abs_robot_proximity_reward=0.4691 | robot_clearance_reward=0.0000 | context_neighbors_mean=1.88 | context_neighbors_max=4 | last_context_neighbors_mean=0.00 | last_context_neighbors_max=0 | actor_unlocked=0 | expl_noise=0.0783 | replay=7165 | interaction_replay=3090 | samples/sec=11.851
Episode 89 complete | agent_samples=7207 | env_steps=2766 | episode_env_steps=9 | episode_agent_samples=42 | mean_reward=25.304 | success=3/5 | collision=2/5 | mean_final_distance=0.655 | mean_progress=0.0411 | min_laser=0.302 | mean_lin=0.600 | mean_ang=-0.201 | mean_robot_dist=inf | raw_reward=40.000 | adjusted_reward=40.000 | coop_agents=0/5 | mean_coop_neighbors=0.00 | active_neighbor_step_rate=0.929 | mean_active_neighbors_step=2.619 | max_active_neighbors_step=4 | interaction_reward=0.0000 | abs_interaction_reward=0.0000 | anti_stag_reward=0.0000 | abs_anti_stag_reward=0.0000 | wall_clear_reward=0.0000 | abs_wall_clear_reward=0.0000 | local_nav_reward=0.0000 | abs_local_nav_reward=0.0000 | robot_proximity_reward=-0.8364 | abs_robot_proximity_reward=0.8364 | robot_clearance_reward=0.0476 | context_neighbors_mean=2.74 | context_neighbors_max=4 | last_context_neighbors_mean=0.00 | last_context_neighbors_max=0 | actor_unlocked=0 | expl_noise=0.0783 | replay=7207 | interaction_replay=3130 | samples/sec=11.880
Episode 90 complete | agent_samples=7253 | env_steps=2777 | episode_env_steps=11 | episode_agent_samples=46 | mean_reward=64.561 | success=4/5 | collision=1/5 | mean_final_distance=0.517 | mean_progress=0.0217 | min_laser=0.338 | mean_lin=0.903 | mean_ang=0.361 | mean_robot_dist=inf | raw_reward=20.000 | adjusted_reward=20.000 | coop_agents=0/5 | mean_coop_neighbors=0.00 | active_neighbor_step_rate=0.935 | mean_active_neighbors_step=2.370 | max_active_neighbors_step=4 | interaction_reward=0.0000 | abs_interaction_reward=0.0000 | anti_stag_reward=0.0000 | abs_anti_stag_reward=0.0000 | wall_clear_reward=0.0000 | abs_wall_clear_reward=0.0000 | local_nav_reward=0.0000 | abs_local_nav_reward=0.0000 | robot_proximity_reward=-0.9288 | abs_robot_proximity_reward=0.9288 | robot_clearance_reward=0.0435 | context_neighbors_mean=2.39 | context_neighbors_max=4 | last_context_neighbors_mean=0.00 | last_context_neighbors_max=0 | actor_unlocked=0 | expl_noise=0.0783 | replay=7253 | interaction_replay=3174 | samples/sec=11.907
Status | epoch=1 | next_eval_in=12747 agent_samples | checkpoint_every=10 episodes | checkpoint=./checkpoints/interaction_focused_actor_from_5a_s20260725_latest.pt | model=interaction_focused_actor_from_5a_s20260725
Checkpoint saved: ./checkpoints/interaction_focused_actor_from_5a_s20260725_latest.pt
Episode 91 complete | agent_samples=7304 | env_steps=2795 | episode_env_steps=18 | episode_agent_samples=51 | mean_reward=71.014 | success=4/5 | collision=1/5 | mean_final_distance=0.540 | mean_progress=0.0240 | min_laser=0.326 | mean_lin=0.685 | mean_ang=-0.594 | mean_robot_dist=inf | raw_reward=20.000 | adjusted_reward=20.000 | coop_agents=0/5 | mean_coop_neighbors=0.00 | active_neighbor_step_rate=0.667 | mean_active_neighbors_step=1.588 | max_active_neighbors_step=4 | interaction_reward=0.0000 | abs_interaction_reward=0.0000 | anti_stag_reward=0.0000 | abs_anti_stag_reward=0.0000 | wall_clear_reward=0.0000 | abs_wall_clear_reward=0.0000 | local_nav_reward=0.0000 | abs_local_nav_reward=0.0000 | robot_proximity_reward=-0.8981 | abs_robot_proximity_reward=0.8981 | robot_clearance_reward=0.0856 | context_neighbors_mean=1.67 | context_neighbors_max=4 | last_context_neighbors_mean=0.00 | last_context_neighbors_max=0 | actor_unlocked=0 | expl_noise=0.0783 | replay=7304 | interaction_replay=3209 | samples/sec=11.910
Episode 92 complete | agent_samples=7374 | env_steps=2815 | episode_env_steps=20 | episode_agent_samples=70 | mean_reward=33.182 | success=3/5 | collision=2/5 | mean_final_distance=0.545 | mean_progress=0.0431 | min_laser=0.300 | mean_lin=0.838 | mean_ang=-0.299 | mean_robot_dist=inf | raw_reward=40.000 | adjusted_reward=40.000 | coop_agents=1/5 | mean_coop_neighbors=0.20 | active_neighbor_step_rate=0.814 | mean_active_neighbors_step=2.257 | max_active_neighbors_step=4 | interaction_reward=0.0000 | abs_interaction_reward=0.0000 | anti_stag_reward=0.0000 | abs_anti_stag_reward=0.0000 | wall_clear_reward=0.0000 | abs_wall_clear_reward=0.0000 | local_nav_reward=0.0000 | abs_local_nav_reward=0.0000 | robot_proximity_reward=-0.4572 | abs_robot_proximity_reward=0.4572 | robot_clearance_reward=0.0000 | context_neighbors_mean=2.29 | context_neighbors_max=4 | last_context_neighbors_mean=0.00 | last_context_neighbors_max=0 | actor_unlocked=0 | expl_noise=0.0782 | replay=7374 | interaction_replay=3235 | samples/sec=11.937
Episode 93 complete | agent_samples=7474 | env_steps=2857 | episode_env_steps=42 | episode_agent_samples=100 | mean_reward=70.544 | success=4/5 | collision=1/5 | mean_final_distance=0.475 | mean_progress=0.0046 | min_laser=0.337 | mean_lin=0.601 | mean_ang=-0.595 | mean_robot_dist=inf | raw_reward=20.000 | adjusted_reward=20.000 | coop_agents=0/5 | mean_coop_neighbors=0.00 | active_neighbor_step_rate=0.690 | mean_active_neighbors_step=1.660 | max_active_neighbors_step=4 | interaction_reward=0.0000 | abs_interaction_reward=0.0000 | anti_stag_reward=0.0000 | abs_anti_stag_reward=0.0000 | wall_clear_reward=0.0000 | abs_wall_clear_reward=0.0000 | local_nav_reward=0.0000 | abs_local_nav_reward=0.0000 | robot_proximity_reward=-0.6021 | abs_robot_proximity_reward=0.6021 | robot_clearance_reward=0.0400 | context_neighbors_mean=1.71 | context_neighbors_max=4 | last_context_neighbors_mean=0.00 | last_context_neighbors_max=0 | actor_unlocked=0 | expl_noise=0.0782 | replay=7474 | interaction_replay=3274 | samples/sec=11.924
Episode 94 complete | agent_samples=7541 | env_steps=2885 | episode_env_steps=28 | episode_agent_samples=67 | mean_reward=59.307 | success=4/5 | collision=1/5 | mean_final_distance=0.542 | mean_progress=0.0130 | min_laser=0.329 | mean_lin=0.835 | mean_ang=0.264 | mean_robot_dist=inf | raw_reward=20.000 | adjusted_reward=20.000 | coop_agents=0/5 | mean_coop_neighbors=0.00 | active_neighbor_step_rate=0.627 | mean_active_neighbors_step=1.373 | max_active_neighbors_step=4 | interaction_reward=0.0000 | abs_interaction_reward=0.0000 | anti_stag_reward=0.0000 | abs_anti_stag_reward=0.0000 | wall_clear_reward=0.0000 | abs_wall_clear_reward=0.0000 | local_nav_reward=0.0000 | abs_local_nav_reward=0.0000 | robot_proximity_reward=-0.6354 | abs_robot_proximity_reward=0.6354 | robot_clearance_reward=0.0299 | context_neighbors_mean=1.43 | context_neighbors_max=4 | last_context_neighbors_mean=0.00 | last_context_neighbors_max=0 | actor_unlocked=0 | expl_noise=0.0782 | replay=7541 | interaction_replay=3317 | samples/sec=11.914
Episode 95 complete | agent_samples=7595 | env_steps=2903 | episode_env_steps=18 | episode_agent_samples=54 | mean_reward=60.242 | success=4/5 | collision=1/5 | mean_final_distance=0.448 | mean_progress=0.0005 | min_laser=0.313 | mean_lin=0.776 | mean_ang=0.576 | mean_robot_dist=inf | raw_reward=20.000 | adjusted_reward=20.000 | coop_agents=0/5 | mean_coop_neighbors=0.00 | active_neighbor_step_rate=0.815 | mean_active_neighbors_step=1.926 | max_active_neighbors_step=4 | interaction_reward=0.0000 | abs_interaction_reward=0.0000 | anti_stag_reward=0.0000 | abs_anti_stag_reward=0.0000 | wall_clear_reward=0.0000 | abs_wall_clear_reward=0.0000 | local_nav_reward=0.0000 | abs_local_nav_reward=0.0000 | robot_proximity_reward=-1.2516 | abs_robot_proximity_reward=1.2516 | robot_clearance_reward=0.0000 | context_neighbors_mean=1.98 | context_neighbors_max=4 | last_context_neighbors_mean=0.00 | last_context_neighbors_max=0 | actor_unlocked=0 | expl_noise=0.0782 | replay=7595 | interaction_replay=3361 | samples/sec=11.923
Status | epoch=1 | next_eval_in=12405 agent_samples | checkpoint_every=10 episodes | checkpoint=./checkpoints/interaction_focused_actor_from_5a_s20260725_latest.pt | model=interaction_focused_actor_from_5a_s20260725
Episode 96 complete | agent_samples=7674 | env_steps=2946 | episode_env_steps=43 | episode_agent_samples=79 | mean_reward=24.422 | success=3/5 | collision=2/5 | mean_final_distance=0.792 | mean_progress=0.0172 | min_laser=0.301 | mean_lin=0.917 | mean_ang=0.673 | mean_robot_dist=inf | raw_reward=20.000 | adjusted_reward=20.000 | coop_agents=0/5 | mean_coop_neighbors=0.00 | active_neighbor_step_rate=0.544 | mean_active_neighbors_step=1.481 | max_active_neighbors_step=4 | interaction_reward=0.0000 | abs_interaction_reward=0.0000 | anti_stag_reward=0.0000 | abs_anti_stag_reward=0.0000 | wall_clear_reward=0.0000 | abs_wall_clear_reward=0.0000 | local_nav_reward=0.0000 | abs_local_nav_reward=0.0000 | robot_proximity_reward=-0.5362 | abs_robot_proximity_reward=0.5362 | robot_clearance_reward=0.0000 | context_neighbors_mean=1.48 | context_neighbors_max=4 | last_context_neighbors_mean=0.00 | last_context_neighbors_max=0 | actor_unlocked=0 | expl_noise=0.0782 | replay=7674 | interaction_replay=3377 | samples/sec=11.874
Episode 97 complete | agent_samples=7761 | env_steps=2970 | episode_env_steps=24 | episode_agent_samples=87 | mean_reward=116.532 | success=5/5 | collision=0/5 | mean_final_distance=0.258 | mean_progress=0.0036 | min_laser=0.439 | mean_lin=0.989 | mean_ang=-0.193 | mean_robot_dist=inf | raw_reward=20.000 | adjusted_reward=20.000 | coop_agents=0/5 | mean_coop_neighbors=0.00 | active_neighbor_step_rate=0.759 | mean_active_neighbors_step=1.724 | max_active_neighbors_step=4 | interaction_reward=0.0000 | abs_interaction_reward=0.0000 | anti_stag_reward=0.0000 | abs_anti_stag_reward=0.0000 | wall_clear_reward=0.0000 | abs_wall_clear_reward=0.0000 | local_nav_reward=0.0000 | abs_local_nav_reward=0.0000 | robot_proximity_reward=-0.3396 | abs_robot_proximity_reward=0.3396 | robot_clearance_reward=0.0700 | context_neighbors_mean=1.72 | context_neighbors_max=4 | last_context_neighbors_mean=0.00 | last_context_neighbors_max=0 | actor_unlocked=0 | expl_noise=0.0781 | replay=7761 | interaction_replay=3414 | samples/sec=11.911
Episode 98 complete | agent_samples=7832 | env_steps=2999 | episode_env_steps=29 | episode_agent_samples=71 | mean_reward=18.863 | success=3/5 | collision=2/5 | mean_final_distance=0.375 | mean_progress=0.0201 | min_laser=0.308 | mean_lin=0.672 | mean_ang=-0.199 | mean_robot_dist=inf | raw_reward=20.000 | adjusted_reward=20.000 | coop_agents=0/5 | mean_coop_neighbors=0.00 | active_neighbor_step_rate=0.676 | mean_active_neighbors_step=1.746 | max_active_neighbors_step=4 | interaction_reward=0.0000 | abs_interaction_reward=0.0000 | anti_stag_reward=0.0000 | abs_anti_stag_reward=0.0000 | wall_clear_reward=0.0000 | abs_wall_clear_reward=0.0000 | local_nav_reward=0.0000 | abs_local_nav_reward=0.0000 | robot_proximity_reward=-0.7201 | abs_robot_proximity_reward=0.7201 | robot_clearance_reward=0.0568 | context_neighbors_mean=1.83 | context_neighbors_max=4 | last_context_neighbors_mean=0.00 | last_context_neighbors_max=0 | actor_unlocked=0 | expl_noise=0.0781 | replay=7832 | interaction_replay=3463 | samples/sec=11.905
Episode 99 complete | agent_samples=7927 | env_steps=3046 | episode_env_steps=47 | episode_agent_samples=95 | mean_reward=115.109 | success=5/5 | collision=0/5 | mean_final_distance=0.254 | mean_progress=0.0046 | min_laser=0.630 | mean_lin=0.984 | mean_ang=-0.024 | mean_robot_dist=inf | raw_reward=20.000 | adjusted_reward=20.000 | coop_agents=0/5 | mean_coop_neighbors=0.00 | active_neighbor_step_rate=0.674 | mean_active_neighbors_step=1.600 | max_active_neighbors_step=4 | interaction_reward=0.0000 | abs_interaction_reward=0.0000 | anti_stag_reward=0.0000 | abs_anti_stag_reward=0.0000 | wall_clear_reward=0.0000 | abs_wall_clear_reward=0.0000 | local_nav_reward=0.0000 | abs_local_nav_reward=0.0000 | robot_proximity_reward=-0.1252 | abs_robot_proximity_reward=0.1252 | robot_clearance_reward=0.0211 | context_neighbors_mean=1.64 | context_neighbors_max=4 | last_context_neighbors_mean=0.00 | last_context_neighbors_max=0 | actor_unlocked=0 | expl_noise=0.0781 | replay=7927 | interaction_replay=3492 | samples/sec=11.866
Episode 100 complete | agent_samples=8003 | env_steps=3077 | episode_env_steps=31 | episode_agent_samples=76 | mean_reward=110.696 | success=5/5 | collision=0/5 | mean_final_distance=0.230 | mean_progress=0.0143 | min_laser=0.438 | mean_lin=0.996 | mean_ang=-0.549 | mean_robot_dist=inf | raw_reward=20.000 | adjusted_reward=20.000 | coop_agents=0/5 | mean_coop_neighbors=0.00 | active_neighbor_step_rate=0.750 | mean_active_neighbors_step=1.908 | max_active_neighbors_step=4 | interaction_reward=0.0000 | abs_interaction_reward=0.0000 | anti_stag_reward=0.0000 | abs_anti_stag_reward=0.0000 | wall_clear_reward=0.0000 | abs_wall_clear_reward=0.0000 | local_nav_reward=0.0000 | abs_local_nav_reward=0.0000 | robot_proximity_reward=-0.4249 | abs_robot_proximity_reward=0.4249 | robot_clearance_reward=0.0263 | context_neighbors_mean=1.93 | context_neighbors_max=4 | last_context_neighbors_mean=0.00 | last_context_neighbors_max=0 | actor_unlocked=0 | expl_noise=0.0781 | replay=8003 | interaction_replay=3517 | samples/sec=11.859
Status | epoch=1 | next_eval_in=11997 agent_samples | checkpoint_every=10 episodes | checkpoint=./checkpoints/interaction_focused_actor_from_5a_s20260725_latest.pt | model=interaction_focused_actor_from_5a_s20260725
Checkpoint saved: ./checkpoints/interaction_focused_actor_from_5a_s20260725_latest.pt
Episode 101 complete | agent_samples=8062 | env_steps=3100 | episode_env_steps=23 | episode_agent_samples=59 | mean_reward=36.217 | success=3/5 | collision=2/5 | mean_final_distance=0.554 | mean_progress=0.0082 | min_laser=0.300 | mean_lin=0.635 | mean_ang=-0.091 | mean_robot_dist=inf | raw_reward=20.000 | adjusted_reward=20.000 | coop_agents=0/5 | mean_coop_neighbors=0.00 | active_neighbor_step_rate=0.610 | mean_active_neighbors_step=1.525 | max_active_neighbors_step=4 | interaction_reward=0.0000 | abs_interaction_reward=0.0000 | anti_stag_reward=0.0000 | abs_anti_stag_reward=0.0000 | wall_clear_reward=0.0000 | abs_wall_clear_reward=0.0000 | local_nav_reward=0.0000 | abs_local_nav_reward=0.0000 | robot_proximity_reward=-0.6845 | abs_robot_proximity_reward=0.6845 | robot_clearance_reward=0.0678 | context_neighbors_mean=1.54 | context_neighbors_max=4 | last_context_neighbors_mean=0.00 | last_context_neighbors_max=0 | actor_unlocked=0 | expl_noise=0.0781 | replay=8062 | interaction_replay=3542 | samples/sec=11.854
Episode 102 complete | agent_samples=8109 | env_steps=3111 | episode_env_steps=11 | episode_agent_samples=47 | mean_reward=28.246 | success=3/5 | collision=2/5 | mean_final_distance=0.511 | mean_progress=0.0204 | min_laser=0.301 | mean_lin=0.953 | mean_ang=0.173 | mean_robot_dist=inf | raw_reward=20.000 | adjusted_reward=20.000 | coop_agents=0/5 | mean_coop_neighbors=0.00 | active_neighbor_step_rate=0.979 | mean_active_neighbors_step=2.404 | max_active_neighbors_step=4 | interaction_reward=0.0000 | abs_interaction_reward=0.0000 | anti_stag_reward=0.0000 | abs_anti_stag_reward=0.0000 | wall_clear_reward=0.0000 | abs_wall_clear_reward=0.0000 | local_nav_reward=0.0000 | abs_local_nav_reward=0.0000 | robot_proximity_reward=-0.7551 | abs_robot_proximity_reward=0.7551 | robot_clearance_reward=0.0000 | context_neighbors_mean=2.45 | context_neighbors_max=4 | last_context_neighbors_mean=0.00 | last_context_neighbors_max=0 | actor_unlocked=0 | expl_noise=0.0781 | replay=8109 | interaction_replay=3580 | samples/sec=11.881
Episode 103 complete | agent_samples=8160 | env_steps=3123 | episode_env_steps=12 | episode_agent_samples=51 | mean_reward=75.200 | success=4/5 | collision=1/5 | mean_final_distance=0.515 | mean_progress=0.0072 | min_laser=0.335 | mean_lin=0.780 | mean_ang=-0.200 | mean_robot_dist=inf | raw_reward=20.000 | adjusted_reward=20.000 | coop_agents=0/5 | mean_coop_neighbors=0.00 | active_neighbor_step_rate=0.725 | mean_active_neighbors_step=2.078 | max_active_neighbors_step=4 | interaction_reward=0.0000 | abs_interaction_reward=0.0000 | anti_stag_reward=0.0000 | abs_anti_stag_reward=0.0000 | wall_clear_reward=0.0000 | abs_wall_clear_reward=0.0000 | local_nav_reward=0.0000 | abs_local_nav_reward=0.0000 | robot_proximity_reward=-0.7493 | abs_robot_proximity_reward=0.7493 | robot_clearance_reward=0.0392 | context_neighbors_mean=2.12 | context_neighbors_max=4 | last_context_neighbors_mean=0.00 | last_context_neighbors_max=0 | actor_unlocked=0 | expl_noise=0.0780 | replay=8160 | interaction_replay=3611 | samples/sec=11.908
Episode 104 complete | agent_samples=8281 | env_steps=3191 | episode_env_steps=68 | episode_agent_samples=121 | mean_reward=78.010 | success=4/5 | collision=1/5 | mean_final_distance=0.597 | mean_progress=0.0119 | min_laser=0.335 | mean_lin=0.980 | mean_ang=-0.692 | mean_robot_dist=inf | raw_reward=20.000 | adjusted_reward=20.000 | coop_agents=0/5 | mean_coop_neighbors=0.00 | active_neighbor_step_rate=0.479 | mean_active_neighbors_step=1.273 | max_active_neighbors_step=4 | interaction_reward=0.0000 | abs_interaction_reward=0.0000 | anti_stag_reward=0.0000 | abs_anti_stag_reward=0.0000 | wall_clear_reward=0.0000 | abs_wall_clear_reward=0.0000 | local_nav_reward=0.0000 | abs_local_nav_reward=0.0000 | robot_proximity_reward=-0.0104 | abs_robot_proximity_reward=0.0104 | robot_clearance_reward=0.0000 | context_neighbors_mean=1.28 | context_neighbors_max=4 | last_context_neighbors_mean=0.00 | last_context_neighbors_max=0 | actor_unlocked=0 | expl_noise=0.0780 | replay=8281 | interaction_replay=3650 | samples/sec=11.831
Episode 105 complete | agent_samples=8344 | env_steps=3211 | episode_env_steps=20 | episode_agent_samples=63 | mean_reward=28.777 | success=3/5 | collision=2/5 | mean_final_distance=0.799 | mean_progress=0.0361 | min_laser=0.300 | mean_lin=0.744 | mean_ang=-0.374 | mean_robot_dist=inf | raw_reward=40.000 | adjusted_reward=40.000 | coop_agents=0/5 | mean_coop_neighbors=0.00 | active_neighbor_step_rate=0.714 | mean_active_neighbors_step=1.159 | max_active_neighbors_step=4 | interaction_reward=0.0000 | abs_interaction_reward=0.0000 | anti_stag_reward=0.0000 | abs_anti_stag_reward=0.0000 | wall_clear_reward=0.0000 | abs_wall_clear_reward=0.0000 | local_nav_reward=0.0000 | abs_local_nav_reward=0.0000 | robot_proximity_reward=-0.4521 | abs_robot_proximity_reward=0.4521 | robot_clearance_reward=0.0000 | context_neighbors_mean=1.14 | context_neighbors_max=3 | last_context_neighbors_mean=0.00 | last_context_neighbors_max=0 | actor_unlocked=0 | expl_noise=0.0780 | replay=8344 | interaction_replay=3662 | samples/sec=11.846
Status | epoch=1 | next_eval_in=11656 agent_samples | checkpoint_every=10 episodes | checkpoint=./checkpoints/interaction_focused_actor_from_5a_s20260725_latest.pt | model=interaction_focused_actor_from_5a_s20260725
Episode 106 complete | agent_samples=8426 | env_steps=3242 | episode_env_steps=31 | episode_agent_samples=82 | mean_reward=111.053 | success=5/5 | collision=0/5 | mean_final_distance=0.235 | mean_progress=0.0062 | min_laser=0.533 | mean_lin=1.000 | mean_ang=0.152 | mean_robot_dist=inf | raw_reward=20.000 | adjusted_reward=20.000 | coop_agents=0/5 | mean_coop_neighbors=0.00 | active_neighbor_step_rate=0.659 | mean_active_neighbors_step=1.512 | max_active_neighbors_step=4 | interaction_reward=0.0000 | abs_interaction_reward=0.0000 | anti_stag_reward=0.0000 | abs_anti_stag_reward=0.0000 | wall_clear_reward=0.0000 | abs_wall_clear_reward=0.0000 | local_nav_reward=0.0000 | abs_local_nav_reward=0.0000 | robot_proximity_reward=-0.4794 | abs_robot_proximity_reward=0.4794 | robot_clearance_reward=0.0000 | context_neighbors_mean=1.63 | context_neighbors_max=4 | last_context_neighbors_mean=0.00 | last_context_neighbors_max=0 | actor_unlocked=0 | expl_noise=0.0780 | replay=8426 | interaction_replay=3714 | samples/sec=11.849
Episode 107 complete | agent_samples=8464 | env_steps=3251 | episode_env_steps=9 | episode_agent_samples=38 | mean_reward=21.141 | success=3/5 | collision=2/5 | mean_final_distance=0.581 | mean_progress=0.0422 | min_laser=0.300 | mean_lin=0.909 | mean_ang=-0.082 | mean_robot_dist=inf | raw_reward=40.000 | adjusted_reward=40.000 | coop_agents=1/5 | mean_coop_neighbors=0.20 | active_neighbor_step_rate=0.921 | mean_active_neighbors_step=2.105 | max_active_neighbors_step=4 | interaction_reward=0.0000 | abs_interaction_reward=0.0000 | anti_stag_reward=0.0000 | abs_anti_stag_reward=0.0000 | wall_clear_reward=0.0000 | abs_wall_clear_reward=0.0000 | local_nav_reward=0.0000 | abs_local_nav_reward=0.0000 | robot_proximity_reward=-1.4418 | abs_robot_proximity_reward=1.4418 | robot_clearance_reward=0.0000 | context_neighbors_mean=2.26 | context_neighbors_max=4 | last_context_neighbors_mean=0.00 | last_context_neighbors_max=0 | actor_unlocked=0 | expl_noise=0.0780 | replay=8464 | interaction_replay=3749 | samples/sec=11.868
Episode 108 complete | agent_samples=8563 | env_steps=3313 | episode_env_steps=62 | episode_agent_samples=99 | mean_reward=98.769 | success=5/5 | collision=0/5 | mean_final_distance=0.254 | mean_progress=0.0224 | min_laser=0.363 | mean_lin=0.989 | mean_ang=-0.459 | mean_robot_dist=inf | raw_reward=20.000 | adjusted_reward=20.000 | coop_agents=0/5 | mean_coop_neighbors=0.00 | active_neighbor_step_rate=0.455 | mean_active_neighbors_step=1.434 | max_active_neighbors_step=4 | interaction_reward=0.0000 | abs_interaction_reward=0.0000 | anti_stag_reward=0.0000 | abs_anti_stag_reward=0.0000 | wall_clear_reward=0.0000 | abs_wall_clear_reward=0.0000 | local_nav_reward=0.0000 | abs_local_nav_reward=0.0000 | robot_proximity_reward=-0.5435 | abs_robot_proximity_reward=0.5435 | robot_clearance_reward=0.0000 | context_neighbors_mean=1.45 | context_neighbors_max=4 | last_context_neighbors_mean=0.00 | last_context_neighbors_max=0 | actor_unlocked=0 | expl_noise=0.0779 | replay=8563 | interaction_replay=3796 | samples/sec=11.785
Episode 109 complete | agent_samples=8686 | env_steps=3364 | episode_env_steps=51 | episode_agent_samples=123 | mean_reward=109.575 | success=5/5 | collision=0/5 | mean_final_distance=0.267 | mean_progress=0.0055 | min_laser=0.501 | mean_lin=0.958 | mean_ang=-0.207 | mean_robot_dist=inf | raw_reward=20.000 | adjusted_reward=20.000 | coop_agents=0/5 | mean_coop_neighbors=0.00 | active_neighbor_step_rate=0.561 | mean_active_neighbors_step=1.333 | max_active_neighbors_step=4 | interaction_reward=0.0000 | abs_interaction_reward=0.0000 | anti_stag_reward=0.0000 | abs_anti_stag_reward=0.0000 | wall_clear_reward=0.0000 | abs_wall_clear_reward=0.0000 | local_nav_reward=0.0000 | abs_local_nav_reward=0.0000 | robot_proximity_reward=-0.0150 | abs_robot_proximity_reward=0.0150 | robot_clearance_reward=0.0169 | context_neighbors_mean=1.35 | context_neighbors_max=4 | last_context_neighbors_mean=0.00 | last_context_neighbors_max=0 | actor_unlocked=0 | expl_noise=0.0779 | replay=8686 | interaction_replay=3828 | samples/sec=11.776
Episode 110 complete | agent_samples=8742 | env_steps=3383 | episode_env_steps=19 | episode_agent_samples=56 | mean_reward=23.831 | success=3/5 | collision=2/5 | mean_final_distance=0.427 | mean_progress=0.0210 | min_laser=0.323 | mean_lin=0.800 | mean_ang=0.196 | mean_robot_dist=inf | raw_reward=20.000 | adjusted_reward=20.000 | coop_agents=0/5 | mean_coop_neighbors=0.00 | active_neighbor_step_rate=0.821 | mean_active_neighbors_step=2.214 | max_active_neighbors_step=4 | interaction_reward=0.0000 | abs_interaction_reward=0.0000 | anti_stag_reward=0.0000 | abs_anti_stag_reward=0.0000 | wall_clear_reward=0.0000 | abs_wall_clear_reward=0.0000 | local_nav_reward=0.0000 | abs_local_nav_reward=0.0000 | robot_proximity_reward=-0.6500 | abs_robot_proximity_reward=0.6500 | robot_clearance_reward=0.0000 | context_neighbors_mean=2.29 | context_neighbors_max=4 | last_context_neighbors_mean=0.00 | last_context_neighbors_max=0 | actor_unlocked=0 | expl_noise=0.0779 | replay=8742 | interaction_replay=3868 | samples/sec=11.784
Status | epoch=1 | next_eval_in=11258 agent_samples | checkpoint_every=10 episodes | checkpoint=./checkpoints/interaction_focused_actor_from_5a_s20260725_latest.pt | model=interaction_focused_actor_from_5a_s20260725
Checkpoint saved: ./checkpoints/interaction_focused_actor_from_5a_s20260725_latest.pt
Episode 111 complete | agent_samples=8810 | env_steps=3404 | episode_env_steps=21 | episode_agent_samples=68 | mean_reward=65.979 | success=4/5 | collision=1/5 | mean_final_distance=0.510 | mean_progress=0.0502 | min_laser=0.328 | mean_lin=0.812 | mean_ang=0.555 | mean_robot_dist=inf | raw_reward=40.000 | adjusted_reward=40.000 | coop_agents=1/5 | mean_coop_neighbors=0.20 | active_neighbor_step_rate=0.809 | mean_active_neighbors_step=1.809 | max_active_neighbors_step=4 | interaction_reward=0.0000 | abs_interaction_reward=0.0000 | anti_stag_reward=0.0000 | abs_anti_stag_reward=0.0000 | wall_clear_reward=0.0000 | abs_wall_clear_reward=0.0000 | local_nav_reward=0.0000 | abs_local_nav_reward=0.0000 | robot_proximity_reward=-0.6772 | abs_robot_proximity_reward=0.6772 | robot_clearance_reward=0.0691 | context_neighbors_mean=1.87 | context_neighbors_max=4 | last_context_neighbors_mean=0.00 | last_context_neighbors_max=0 | actor_unlocked=0 | expl_noise=0.0779 | replay=8810 | interaction_replay=3924 | samples/sec=11.799
Episode 112 complete | agent_samples=8894 | env_steps=3446 | episode_env_steps=42 | episode_agent_samples=84 | mean_reward=111.605 | success=5/5 | collision=0/5 | mean_final_distance=0.255 | mean_progress=0.0224 | min_laser=0.435 | mean_lin=0.990 | mean_ang=0.163 | mean_robot_dist=inf | raw_reward=20.000 | adjusted_reward=20.000 | coop_agents=0/5 | mean_coop_neighbors=0.00 | active_neighbor_step_rate=0.607 | mean_active_neighbors_step=1.071 | max_active_neighbors_step=4 | interaction_reward=0.0000 | abs_interaction_reward=0.0000 | anti_stag_reward=0.0000 | abs_anti_stag_reward=0.0000 | wall_clear_reward=0.0000 | abs_wall_clear_reward=0.0000 | local_nav_reward=0.0000 | abs_local_nav_reward=0.0000 | robot_proximity_reward=0.0000 | abs_robot_proximity_reward=0.0000 | robot_clearance_reward=0.0000 | context_neighbors_mean=1.08 | context_neighbors_max=4 | last_context_neighbors_mean=0.00 | last_context_neighbors_max=0 | actor_unlocked=0 | expl_noise=0.0778 | replay=8894 | interaction_replay=3946 | samples/sec=11.768
Episode 113 complete | agent_samples=8945 | env_steps=3459 | episode_env_steps=13 | episode_agent_samples=51 | mean_reward=74.848 | success=4/5 | collision=1/5 | mean_final_distance=0.348 | mean_progress=0.0369 | min_laser=0.301 | mean_lin=0.858 | mean_ang=-0.055 | mean_robot_dist=inf | raw_reward=40.000 | adjusted_reward=40.000 | coop_agents=1/5 | mean_coop_neighbors=0.20 | active_neighbor_step_rate=0.745 | mean_active_neighbors_step=1.863 | max_active_neighbors_step=4 | interaction_reward=0.0000 | abs_interaction_reward=0.0000 | anti_stag_reward=0.0000 | abs_anti_stag_reward=0.0000 | wall_clear_reward=0.0000 | abs_wall_clear_reward=0.0000 | local_nav_reward=0.0000 | abs_local_nav_reward=0.0000 | robot_proximity_reward=-0.8693 | abs_robot_proximity_reward=0.8693 | robot_clearance_reward=0.0392 | context_neighbors_mean=1.86 | context_neighbors_max=4 | last_context_neighbors_mean=0.00 | last_context_neighbors_max=0 | actor_unlocked=0 | expl_noise=0.0778 | replay=8945 | interaction_replay=3984 | samples/sec=11.789
Episode 114 complete | agent_samples=8986 | env_steps=3469 | episode_env_steps=10 | episode_agent_samples=41 | mean_reward=57.047 | success=4/5 | collision=1/5 | mean_final_distance=0.396 | mean_progress=0.0216 | min_laser=0.314 | mean_lin=0.998 | mean_ang=0.575 | mean_robot_dist=inf | raw_reward=20.000 | adjusted_reward=20.000 | coop_agents=0/5 | mean_coop_neighbors=0.00 | active_neighbor_step_rate=0.951 | mean_active_neighbors_step=1.829 | max_active_neighbors_step=3 | interaction_reward=0.0000 | abs_interaction_reward=0.0000 | anti_stag_reward=0.0000 | abs_anti_stag_reward=0.0000 | wall_clear_reward=0.0000 | abs_wall_clear_reward=0.0000 | local_nav_reward=0.0000 | abs_local_nav_reward=0.0000 | robot_proximity_reward=-1.3527 | abs_robot_proximity_reward=1.3527 | robot_clearance_reward=0.0000 | context_neighbors_mean=1.85 | context_neighbors_max=3 | last_context_neighbors_mean=0.00 | last_context_neighbors_max=0 | actor_unlocked=0 | expl_noise=0.0778 | replay=8986 | interaction_replay=4023 | samples/sec=11.808
Episode 115 complete | agent_samples=9070 | env_steps=3500 | episode_env_steps=31 | episode_agent_samples=84 | mean_reward=14.529 | success=3/5 | collision=2/5 | mean_final_distance=0.443 | mean_progress=0.0130 | min_laser=0.322 | mean_lin=0.786 | mean_ang=-0.177 | mean_robot_dist=inf | raw_reward=20.000 | adjusted_reward=20.000 | coop_agents=0/5 | mean_coop_neighbors=0.00 | active_neighbor_step_rate=0.667 | mean_active_neighbors_step=1.286 | max_active_neighbors_step=4 | interaction_reward=0.0000 | abs_interaction_reward=0.0000 | anti_stag_reward=0.0000 | abs_anti_stag_reward=0.0000 | wall_clear_reward=0.0000 | abs_wall_clear_reward=0.0000 | local_nav_reward=0.0000 | abs_local_nav_reward=0.0000 | robot_proximity_reward=-0.8238 | abs_robot_proximity_reward=0.8238 | robot_clearance_reward=0.0238 | context_neighbors_mean=1.36 | context_neighbors_max=4 | last_context_neighbors_mean=0.00 | last_context_neighbors_max=0 | actor_unlocked=0 | expl_noise=0.0778 | replay=9070 | interaction_replay=4079 | samples/sec=11.813
Status | epoch=1 | next_eval_in=10930 agent_samples | checkpoint_every=10 episodes | checkpoint=./checkpoints/interaction_focused_actor_from_5a_s20260725_latest.pt | model=interaction_focused_actor_from_5a_s20260725
Episode 116 complete | agent_samples=9143 | env_steps=3527 | episode_env_steps=27 | episode_agent_samples=73 | mean_reward=109.186 | success=5/5 | collision=0/5 | mean_final_distance=0.253 | mean_progress=0.0062 | min_laser=0.427 | mean_lin=0.728 | mean_ang=-0.186 | mean_robot_dist=inf | raw_reward=20.000 | adjusted_reward=20.000 | coop_agents=0/5 | mean_coop_neighbors=0.00 | active_neighbor_step_rate=0.712 | mean_active_neighbors_step=1.836 | max_active_neighbors_step=4 | interaction_reward=0.0000 | abs_interaction_reward=0.0000 | anti_stag_reward=0.0000 | abs_anti_stag_reward=0.0000 | wall_clear_reward=0.0000 | abs_wall_clear_reward=0.0000 | local_nav_reward=0.0000 | abs_local_nav_reward=0.0000 | robot_proximity_reward=-0.3463 | abs_robot_proximity_reward=0.3463 | robot_clearance_reward=0.0295 | context_neighbors_mean=1.88 | context_neighbors_max=4 | last_context_neighbors_mean=0.00 | last_context_neighbors_max=0 | actor_unlocked=0 | expl_noise=0.0778 | replay=9143 | interaction_replay=4101 | samples/sec=11.816
Episode 117 complete | agent_samples=9232 | env_steps=3569 | episode_env_steps=42 | episode_agent_samples=89 | mean_reward=115.228 | success=5/5 | collision=0/5 | mean_final_distance=0.273 | mean_progress=0.0059 | min_laser=0.901 | mean_lin=0.779 | mean_ang=-0.204 | mean_robot_dist=inf | raw_reward=20.000 | adjusted_reward=20.000 | coop_agents=0/5 | mean_coop_neighbors=0.00 | active_neighbor_step_rate=0.719 | mean_active_neighbors_step=1.596 | max_active_neighbors_step=4 | interaction_reward=0.0000 | abs_interaction_reward=0.0000 | anti_stag_reward=0.0000 | abs_anti_stag_reward=0.0000 | wall_clear_reward=0.0000 | abs_wall_clear_reward=0.0000 | local_nav_reward=0.0000 | abs_local_nav_reward=0.0000 | robot_proximity_reward=-0.0097 | abs_robot_proximity_reward=0.0097 | robot_clearance_reward=0.0000 | context_neighbors_mean=1.63 | context_neighbors_max=4 | last_context_neighbors_mean=0.00 | last_context_neighbors_max=0 | actor_unlocked=0 | expl_noise=0.0778 | replay=9232 | interaction_replay=4127 | samples/sec=11.791
Episode 118 complete | agent_samples=9307 | env_steps=3592 | episode_env_steps=23 | episode_agent_samples=75 | mean_reward=109.974 | success=5/5 | collision=0/5 | mean_final_distance=0.233 | mean_progress=0.0089 | min_laser=0.399 | mean_lin=0.987 | mean_ang=-0.013 | mean_robot_dist=inf | raw_reward=20.000 | adjusted_reward=20.000 | coop_agents=0/5 | mean_coop_neighbors=0.00 | active_neighbor_step_rate=0.733 | mean_active_neighbors_step=1.653 | max_active_neighbors_step=4 | interaction_reward=0.0000 | abs_interaction_reward=0.0000 | anti_stag_reward=0.0000 | abs_anti_stag_reward=0.0000 | wall_clear_reward=0.0000 | abs_wall_clear_reward=0.0000 | local_nav_reward=0.0000 | abs_local_nav_reward=0.0000 | robot_proximity_reward=-0.8538 | abs_robot_proximity_reward=0.8538 | robot_clearance_reward=0.1299 | context_neighbors_mean=1.72 | context_neighbors_max=4 | last_context_neighbors_mean=0.00 | last_context_neighbors_max=0 | actor_unlocked=0 | expl_noise=0.0778 | replay=9307 | interaction_replay=4164 | samples/sec=11.811
Episode 119 complete | agent_samples=9635 | env_steps=3892 | episode_env_steps=300 | episode_agent_samples=328 | mean_reward=-34.678 | success=2/5 | collision=2/5 | mean_final_distance=0.764 | mean_progress=0.0002 | min_laser=0.300 | mean_lin=0.772 | mean_ang=0.254 | mean_robot_dist=inf | raw_reward=-0.091 | adjusted_reward=-0.091 | coop_agents=0/5 | mean_coop_neighbors=0.00 | active_neighbor_step_rate=0.107 | mean_active_neighbors_step=0.274 | max_active_neighbors_step=4 | interaction_reward=0.0000 | abs_interaction_reward=0.0000 | anti_stag_reward=0.0000 | abs_anti_stag_reward=0.0000 | wall_clear_reward=0.0000 | abs_wall_clear_reward=0.0000 | local_nav_reward=0.0000 | abs_local_nav_reward=0.0000 | robot_proximity_reward=-0.1465 | abs_robot_proximity_reward=0.1465 | robot_clearance_reward=0.0061 | context_neighbors_mean=0.28 | context_neighbors_max=4 | last_context_neighbors_mean=0.00 | last_context_neighbors_max=0 | actor_unlocked=0 | expl_noise=0.0776 | replay=9635 | interaction_replay=4197 | samples/sec=11.303
Episode 120 complete | agent_samples=9761 | env_steps=3935 | episode_env_steps=43 | episode_agent_samples=126 | mean_reward=130.363 | success=5/5 | collision=0/5 | mean_final_distance=0.232 | mean_progress=0.0219 | min_laser=0.447 | mean_lin=1.000 | mean_ang=0.202 | mean_robot_dist=inf | raw_reward=20.000 | adjusted_reward=20.000 | coop_agents=0/5 | mean_coop_neighbors=0.00 | active_neighbor_step_rate=0.778 | mean_active_neighbors_step=1.841 | max_active_neighbors_step=4 | interaction_reward=0.0000 | abs_interaction_reward=0.0000 | anti_stag_reward=0.0000 | abs_anti_stag_reward=0.0000 | wall_clear_reward=0.0000 | abs_wall_clear_reward=0.0000 | local_nav_reward=0.0000 | abs_local_nav_reward=0.0000 | robot_proximity_reward=-0.1614 | abs_robot_proximity_reward=0.1614 | robot_clearance_reward=0.0317 | context_neighbors_mean=1.86 | context_neighbors_max=4 | last_context_neighbors_mean=0.00 | last_context_neighbors_max=0 | actor_unlocked=0 | expl_noise=0.0775 | replay=9761 | interaction_replay=4239 | samples/sec=11.327
Status | epoch=1 | next_eval_in=10239 agent_samples | checkpoint_every=10 episodes | checkpoint=./checkpoints/interaction_focused_actor_from_5a_s20260725_latest.pt | model=interaction_focused_actor_from_5a_s20260725
Checkpoint saved: ./checkpoints/interaction_focused_actor_from_5a_s20260725_latest.pt
Episode 121 complete | agent_samples=9847 | env_steps=3960 | episode_env_steps=25 | episode_agent_samples=86 | mean_reward=111.349 | success=5/5 | collision=0/5 | mean_final_distance=0.259 | mean_progress=0.0056 | min_laser=0.407 | mean_lin=0.765 | mean_ang=0.549 | mean_robot_dist=inf | raw_reward=20.000 | adjusted_reward=20.000 | coop_agents=0/5 | mean_coop_neighbors=0.00 | active_neighbor_step_rate=0.674 | mean_active_neighbors_step=1.779 | max_active_neighbors_step=4 | interaction_reward=0.0000 | abs_interaction_reward=0.0000 | anti_stag_reward=0.0000 | abs_anti_stag_reward=0.0000 | wall_clear_reward=0.0000 | abs_wall_clear_reward=0.0000 | local_nav_reward=0.0000 | abs_local_nav_reward=0.0000 | robot_proximity_reward=-0.7531 | abs_robot_proximity_reward=0.7531 | robot_clearance_reward=0.1062 | context_neighbors_mean=1.85 | context_neighbors_max=4 | last_context_neighbors_mean=0.00 | last_context_neighbors_max=0 | actor_unlocked=0 | expl_noise=0.0775 | replay=9847 | interaction_replay=4269 | samples/sec=11.351
Episode 122 complete | agent_samples=9913 | env_steps=3983 | episode_env_steps=23 | episode_agent_samples=66 | mean_reward=26.115 | success=3/5 | collision=2/5 | mean_final_distance=0.422 | mean_progress=0.0209 | min_laser=0.300 | mean_lin=0.585 | mean_ang=-0.221 | mean_robot_dist=inf | raw_reward=20.000 | adjusted_reward=20.000 | coop_agents=0/5 | mean_coop_neighbors=0.00 | active_neighbor_step_rate=0.788 | mean_active_neighbors_step=1.667 | max_active_neighbors_step=4 | interaction_reward=0.0000 | abs_interaction_reward=0.0000 | anti_stag_reward=0.0000 | abs_anti_stag_reward=0.0000 | wall_clear_reward=0.0000 | abs_wall_clear_reward=0.0000 | local_nav_reward=0.0000 | abs_local_nav_reward=0.0000 | robot_proximity_reward=-0.5863 | abs_robot_proximity_reward=0.5863 | robot_clearance_reward=0.0000 | context_neighbors_mean=1.67 | context_neighbors_max=4 | last_context_neighbors_mean=0.00 | last_context_neighbors_max=0 | actor_unlocked=0 | expl_noise=0.0775 | replay=9913 | interaction_replay=4291 | samples/sec=11.361
Episode 123 complete | agent_samples=10026 | env_steps=4055 | episode_env_steps=72 | episode_agent_samples=113 | mean_reward=109.123 | success=5/5 | collision=0/5 | mean_final_distance=0.259 | mean_progress=0.0082 | min_laser=0.512 | mean_lin=0.793 | mean_ang=-0.234 | mean_robot_dist=inf | raw_reward=20.000 | adjusted_reward=20.000 | coop_agents=0/5 | mean_coop_neighbors=0.00 | active_neighbor_step_rate=0.372 | mean_active_neighbors_step=0.850 | max_active_neighbors_step=4 | interaction_reward=0.0000 | abs_interaction_reward=0.0000 | anti_stag_reward=0.0000 | abs_anti_stag_reward=0.0000 | wall_clear_reward=0.0000 | abs_wall_clear_reward=0.0000 | local_nav_reward=0.0000 | abs_local_nav_reward=0.0000 | robot_proximity_reward=-0.4564 | abs_robot_proximity_reward=0.4564 | robot_clearance_reward=0.0354 | context_neighbors_mean=0.91 | context_neighbors_max=4 | last_context_neighbors_mean=0.00 | last_context_neighbors_max=0 | actor_unlocked=0 | expl_noise=0.0775 | replay=10026 | interaction_replay=4330 | samples/sec=11.289
Episode 124 complete | agent_samples=10083 | env_steps=4073 | episode_env_steps=18 | episode_agent_samples=57 | mean_reward=60.986 | success=4/5 | collision=1/5 | mean_final_distance=0.480 | mean_progress=0.0080 | min_laser=0.305 | mean_lin=0.627 | mean_ang=-0.615 | mean_robot_dist=inf | raw_reward=20.000 | adjusted_reward=20.000 | coop_agents=0/5 | mean_coop_neighbors=0.00 | active_neighbor_step_rate=0.842 | mean_active_neighbors_step=2.088 | max_active_neighbors_step=4 | interaction_reward=0.0000 | abs_interaction_reward=0.0000 | anti_stag_reward=0.0000 | abs_anti_stag_reward=0.0000 | wall_clear_reward=0.0000 | abs_wall_clear_reward=0.0000 | local_nav_reward=0.0000 | abs_local_nav_reward=0.0000 | robot_proximity_reward=-0.7845 | abs_robot_proximity_reward=0.7845 | robot_clearance_reward=0.0000 | context_neighbors_mean=2.14 | context_neighbors_max=4 | last_context_neighbors_mean=0.00 | last_context_neighbors_max=0 | actor_unlocked=0 | expl_noise=0.0775 | replay=10083 | interaction_replay=4376 | samples/sec=11.303
Episode 125 complete | agent_samples=10133 | env_steps=4088 | episode_env_steps=15 | episode_agent_samples=50 | mean_reward=-14.489 | success=2/5 | collision=3/5 | mean_final_distance=1.118 | mean_progress=0.0232 | min_laser=0.300 | mean_lin=0.800 | mean_ang=-0.559 | mean_robot_dist=inf | raw_reward=20.000 | adjusted_reward=20.000 | coop_agents=0/5 | mean_coop_neighbors=0.00 | active_neighbor_step_rate=0.560 | mean_active_neighbors_step=1.580 | max_active_neighbors_step=4 | interaction_reward=0.0000 | abs_interaction_reward=0.0000 | anti_stag_reward=0.0000 | abs_anti_stag_reward=0.0000 | wall_clear_reward=0.0000 | abs_wall_clear_reward=0.0000 | local_nav_reward=0.0000 | abs_local_nav_reward=0.0000 | robot_proximity_reward=-0.7928 | abs_robot_proximity_reward=0.7928 | robot_clearance_reward=0.0000 | context_neighbors_mean=1.60 | context_neighbors_max=4 | last_context_neighbors_mean=0.00 | last_context_neighbors_max=0 | actor_unlocked=0 | expl_noise=0.0774 | replay=10133 | interaction_replay=4400 | samples/sec=11.317
Status | epoch=1 | next_eval_in=9867 agent_samples | checkpoint_every=10 episodes | checkpoint=./checkpoints/interaction_focused_actor_from_5a_s20260725_latest.pt | model=interaction_focused_actor_from_5a_s20260725
Episode 126 complete | agent_samples=10183 | env_steps=4107 | episode_env_steps=19 | episode_agent_samples=50 | mean_reward=24.879 | success=3/5 | collision=2/5 | mean_final_distance=0.849 | mean_progress=0.0193 | min_laser=0.300 | mean_lin=0.621 | mean_ang=-0.378 | mean_robot_dist=inf | raw_reward=20.000 | adjusted_reward=20.000 | coop_agents=0/5 | mean_coop_neighbors=0.00 | active_neighbor_step_rate=0.660 | mean_active_neighbors_step=1.260 | max_active_neighbors_step=4 | interaction_reward=0.0000 | abs_interaction_reward=0.0000 | anti_stag_reward=0.0000 | abs_anti_stag_reward=0.0000 | wall_clear_reward=0.0000 | abs_wall_clear_reward=0.0000 | local_nav_reward=0.0000 | abs_local_nav_reward=0.0000 | robot_proximity_reward=-0.6200 | abs_robot_proximity_reward=0.6200 | robot_clearance_reward=0.0000 | context_neighbors_mean=1.30 | context_neighbors_max=4 | last_context_neighbors_mean=0.00 | last_context_neighbors_max=0 | actor_unlocked=0 | expl_noise=0.0774 | replay=10183 | interaction_replay=4406 | samples/sec=11.321
Episode 127 complete | agent_samples=10282 | env_steps=4170 | episode_env_steps=63 | episode_agent_samples=99 | mean_reward=27.284 | success=3/5 | collision=2/5 | mean_final_distance=0.597 | mean_progress=0.0116 | min_laser=0.300 | mean_lin=0.795 | mean_ang=-0.049 | mean_robot_dist=inf | raw_reward=20.000 | adjusted_reward=20.000 | coop_agents=0/5 | mean_coop_neighbors=0.00 | active_neighbor_step_rate=0.424 | mean_active_neighbors_step=1.081 | max_active_neighbors_step=4 | interaction_reward=0.0000 | abs_interaction_reward=0.0000 | anti_stag_reward=0.0000 | abs_anti_stag_reward=0.0000 | wall_clear_reward=0.0000 | abs_wall_clear_reward=0.0000 | local_nav_reward=0.0000 | abs_local_nav_reward=0.0000 | robot_proximity_reward=-0.4844 | abs_robot_proximity_reward=0.4844 | robot_clearance_reward=0.0202 | context_neighbors_mean=1.12 | context_neighbors_max=4 | last_context_neighbors_mean=0.00 | last_context_neighbors_max=0 | actor_unlocked=0 | expl_noise=0.0774 | replay=10282 | interaction_replay=4445 | samples/sec=11.260
Episode 128 complete | agent_samples=10388 | env_steps=4212 | episode_env_steps=42 | episode_agent_samples=106 | mean_reward=26.235 | success=3/5 | collision=2/5 | mean_final_distance=0.322 | mean_progress=0.0190 | min_laser=0.300 | mean_lin=0.729 | mean_ang=-0.984 | mean_robot_dist=inf | raw_reward=20.000 | adjusted_reward=20.000 | coop_agents=0/5 | mean_coop_neighbors=0.00 | active_neighbor_step_rate=0.783 | mean_active_neighbors_step=2.179 | max_active_neighbors_step=4 | interaction_reward=0.0000 | abs_interaction_reward=0.0000 | anti_stag_reward=0.0000 | abs_anti_stag_reward=0.0000 | wall_clear_reward=0.0000 | abs_wall_clear_reward=0.0000 | local_nav_reward=0.0000 | abs_local_nav_reward=0.0000 | robot_proximity_reward=-0.3408 | abs_robot_proximity_reward=0.3408 | robot_clearance_reward=0.0000 | context_neighbors_mean=2.20 | context_neighbors_max=4 | last_context_neighbors_mean=0.00 | last_context_neighbors_max=0 | actor_unlocked=0 | expl_noise=0.0774 | replay=10388 | interaction_replay=4492 | samples/sec=11.264
Episode 129 complete | agent_samples=10449 | env_steps=4230 | episode_env_steps=18 | episode_agent_samples=61 | mean_reward=119.963 | success=5/5 | collision=0/5 | mean_final_distance=0.220 | mean_progress=0.0236 | min_laser=0.403 | mean_lin=0.903 | mean_ang=1.000 | mean_robot_dist=inf | raw_reward=20.000 | adjusted_reward=20.000 | coop_agents=0/5 | mean_coop_neighbors=0.00 | active_neighbor_step_rate=0.787 | mean_active_neighbors_step=1.787 | max_active_neighbors_step=4 | interaction_reward=0.0000 | abs_interaction_reward=0.0000 | anti_stag_reward=0.0000 | abs_anti_stag_reward=0.0000 | wall_clear_reward=0.0000 | abs_wall_clear_reward=0.0000 | local_nav_reward=0.0000 | abs_local_nav_reward=0.0000 | robot_proximity_reward=-0.4121 | abs_robot_proximity_reward=0.4121 | robot_clearance_reward=0.0968 | context_neighbors_mean=1.84 | context_neighbors_max=4 | last_context_neighbors_mean=0.00 | last_context_neighbors_max=0 | actor_unlocked=0 | expl_noise=0.0774 | replay=10449 | interaction_replay=4539 | samples/sec=11.282
Episode 130 complete | agent_samples=10528 | env_steps=4259 | episode_env_steps=29 | episode_agent_samples=79 | mean_reward=104.025 | success=5/5 | collision=0/5 | mean_final_distance=0.270 | mean_progress=0.0172 | min_laser=0.593 | mean_lin=0.958 | mean_ang=0.561 | mean_robot_dist=inf | raw_reward=20.000 | adjusted_reward=20.000 | coop_agents=0/5 | mean_coop_neighbors=0.00 | active_neighbor_step_rate=0.772 | mean_active_neighbors_step=1.367 | max_active_neighbors_step=4 | interaction_reward=0.0000 | abs_interaction_reward=0.0000 | anti_stag_reward=0.0000 | abs_anti_stag_reward=0.0000 | wall_clear_reward=0.0000 | abs_wall_clear_reward=0.0000 | local_nav_reward=0.0000 | abs_local_nav_reward=0.0000 | robot_proximity_reward=-0.4818 | abs_robot_proximity_reward=0.4818 | robot_clearance_reward=0.0506 | context_neighbors_mean=1.41 | context_neighbors_max=4 | last_context_neighbors_mean=0.00 | last_context_neighbors_max=0 | actor_unlocked=0 | expl_noise=0.0773 | replay=10528 | interaction_replay=4576 | samples/sec=11.291
Status | epoch=1 | next_eval_in=9472 agent_samples | checkpoint_every=10 episodes | checkpoint=./checkpoints/interaction_focused_actor_from_5a_s20260725_latest.pt | model=interaction_focused_actor_from_5a_s20260725
Checkpoint saved: ./checkpoints/interaction_focused_actor_from_5a_s20260725_latest.pt
Episode 131 complete | agent_samples=10677 | env_steps=4327 | episode_env_steps=68 | episode_agent_samples=149 | mean_reward=77.723 | success=4/5 | collision=1/5 | mean_final_distance=0.320 | mean_progress=0.0036 | min_laser=0.347 | mean_lin=0.790 | mean_ang=-0.631 | mean_robot_dist=inf | raw_reward=20.000 | adjusted_reward=20.000 | coop_agents=0/5 | mean_coop_neighbors=0.00 | active_neighbor_step_rate=0.517 | mean_active_neighbors_step=1.074 | max_active_neighbors_step=4 | interaction_reward=0.0000 | abs_interaction_reward=0.0000 | anti_stag_reward=0.0000 | abs_anti_stag_reward=0.0000 | wall_clear_reward=0.0000 | abs_wall_clear_reward=0.0000 | local_nav_reward=0.0000 | abs_local_nav_reward=0.0000 | robot_proximity_reward=-0.4829 | abs_robot_proximity_reward=0.4829 | robot_clearance_reward=0.0286 | context_neighbors_mean=1.10 | context_neighbors_max=4 | last_context_neighbors_mean=0.00 | last_context_neighbors_max=0 | actor_unlocked=0 | expl_noise=0.0773 | replay=10677 | interaction_replay=4619 | samples/sec=11.269
Episode 132 complete | agent_samples=10739 | env_steps=4354 | episode_env_steps=27 | episode_agent_samples=62 | mean_reward=27.415 | success=3/5 | collision=2/5 | mean_final_distance=0.720 | mean_progress=0.0262 | min_laser=0.338 | mean_lin=0.925 | mean_ang=0.254 | mean_robot_dist=inf | raw_reward=20.000 | adjusted_reward=20.000 | coop_agents=0/5 | mean_coop_neighbors=0.00 | active_neighbor_step_rate=0.565 | mean_active_neighbors_step=1.548 | max_active_neighbors_step=4 | interaction_reward=0.0000 | abs_interaction_reward=0.0000 | anti_stag_reward=0.0000 | abs_anti_stag_reward=0.0000 | wall_clear_reward=0.0000 | abs_wall_clear_reward=0.0000 | local_nav_reward=0.0000 | abs_local_nav_reward=0.0000 | robot_proximity_reward=-1.2167 | abs_robot_proximity_reward=1.2167 | robot_clearance_reward=0.0323 | context_neighbors_mean=1.53 | context_neighbors_max=4 | last_context_neighbors_mean=0.00 | last_context_neighbors_max=0 | actor_unlocked=0 | expl_noise=0.0773 | replay=10739 | interaction_replay=4648 | samples/sec=11.264
Episode 133 complete | agent_samples=10789 | env_steps=4365 | episode_env_steps=11 | episode_agent_samples=50 | mean_reward=26.359 | success=3/5 | collision=2/5 | mean_final_distance=0.440 | mean_progress=0.0145 | min_laser=0.321 | mean_lin=0.967 | mean_ang=0.422 | mean_robot_dist=inf | raw_reward=20.000 | adjusted_reward=20.000 | coop_agents=0/5 | mean_coop_neighbors=0.00 | active_neighbor_step_rate=0.780 | mean_active_neighbors_step=2.000 | max_active_neighbors_step=4 | interaction_reward=0.0000 | abs_interaction_reward=0.0000 | anti_stag_reward=0.0000 | abs_anti_stag_reward=0.0000 | wall_clear_reward=0.0000 | abs_wall_clear_reward=0.0000 | local_nav_reward=0.0000 | abs_local_nav_reward=0.0000 | robot_proximity_reward=-1.1196 | abs_robot_proximity_reward=1.1196 | robot_clearance_reward=0.0292 | context_neighbors_mean=2.12 | context_neighbors_max=4 | last_context_neighbors_mean=0.00 | last_context_neighbors_max=0 | actor_unlocked=0 | expl_noise=0.0773 | replay=10789 | interaction_replay=4689 | samples/sec=11.286
Episode 134 complete | agent_samples=10846 | env_steps=4378 | episode_env_steps=13 | episode_agent_samples=57 | mean_reward=118.267 | success=5/5 | collision=0/5 | mean_final_distance=0.271 | mean_progress=0.0268 | min_laser=0.542 | mean_lin=0.600 | mean_ang=-0.208 | mean_robot_dist=inf | raw_reward=60.000 | adjusted_reward=60.000 | coop_agents=2/5 | mean_coop_neighbors=0.40 | active_neighbor_step_rate=0.930 | mean_active_neighbors_step=1.895 | max_active_neighbors_step=3 | interaction_reward=0.0000 | abs_interaction_reward=0.0000 | anti_stag_reward=0.0000 | abs_anti_stag_reward=0.0000 | wall_clear_reward=0.0000 | abs_wall_clear_reward=0.0000 | local_nav_reward=0.0000 | abs_local_nav_reward=0.0000 | robot_proximity_reward=-0.1255 | abs_robot_proximity_reward=0.1255 | robot_clearance_reward=0.0854 | context_neighbors_mean=2.00 | context_neighbors_max=3 | last_context_neighbors_mean=0.00 | last_context_neighbors_max=0 | actor_unlocked=0 | expl_noise=0.0773 | replay=10846 | interaction_replay=4734 | samples/sec=11.311
Episode 135 complete | agent_samples=10924 | env_steps=4411 | episode_env_steps=33 | episode_agent_samples=78 | mean_reward=70.562 | success=4/5 | collision=1/5 | mean_final_distance=0.602 | mean_progress=0.0138 | min_laser=0.300 | mean_lin=0.995 | mean_ang=0.230 | mean_robot_dist=inf | raw_reward=20.000 | adjusted_reward=20.000 | coop_agents=0/5 | mean_coop_neighbors=0.00 | active_neighbor_step_rate=0.641 | mean_active_neighbors_step=1.397 | max_active_neighbors_step=4 | interaction_reward=0.0000 | abs_interaction_reward=0.0000 | anti_stag_reward=0.0000 | abs_anti_stag_reward=0.0000 | wall_clear_reward=0.0000 | abs_wall_clear_reward=0.0000 | local_nav_reward=0.0000 | abs_local_nav_reward=0.0000 | robot_proximity_reward=-0.3415 | abs_robot_proximity_reward=0.3415 | robot_clearance_reward=0.0256 | context_neighbors_mean=1.44 | context_neighbors_max=4 | last_context_neighbors_mean=0.00 | last_context_neighbors_max=0 | actor_unlocked=0 | expl_noise=0.0772 | replay=10924 | interaction_replay=4757 | samples/sec=11.307
Status | epoch=1 | next_eval_in=9076 agent_samples | checkpoint_every=10 episodes | checkpoint=./checkpoints/interaction_focused_actor_from_5a_s20260725_latest.pt | model=interaction_focused_actor_from_5a_s20260725
Episode 136 complete | agent_samples=11005 | env_steps=4442 | episode_env_steps=31 | episode_agent_samples=81 | mean_reward=71.355 | success=4/5 | collision=1/5 | mean_final_distance=0.266 | mean_progress=0.0176 | min_laser=0.322 | mean_lin=0.800 | mean_ang=-0.504 | mean_robot_dist=inf | raw_reward=20.000 | adjusted_reward=20.000 | coop_agents=0/5 | mean_coop_neighbors=0.00 | active_neighbor_step_rate=0.790 | mean_active_neighbors_step=1.840 | max_active_neighbors_step=4 | interaction_reward=0.0000 | abs_interaction_reward=0.0000 | anti_stag_reward=0.0000 | abs_anti_stag_reward=0.0000 | wall_clear_reward=0.0000 | abs_wall_clear_reward=0.0000 | local_nav_reward=0.0000 | abs_local_nav_reward=0.0000 | robot_proximity_reward=-0.5130 | abs_robot_proximity_reward=0.5130 | robot_clearance_reward=0.0000 | context_neighbors_mean=1.91 | context_neighbors_max=4 | last_context_neighbors_mean=0.00 | last_context_neighbors_max=0 | actor_unlocked=0 | expl_noise=0.0772 | replay=11005 | interaction_replay=4786 | samples/sec=11.313
Episode 137 complete | agent_samples=11069 | env_steps=4464 | episode_env_steps=22 | episode_agent_samples=64 | mean_reward=106.543 | success=5/5 | collision=0/5 | mean_final_distance=0.267 | mean_progress=0.0069 | min_laser=0.590 | mean_lin=0.936 | mean_ang=-0.216 | mean_robot_dist=inf | raw_reward=20.000 | adjusted_reward=20.000 | coop_agents=0/5 | mean_coop_neighbors=0.00 | active_neighbor_step_rate=0.734 | mean_active_neighbors_step=1.594 | max_active_neighbors_step=4 | interaction_reward=0.0000 | abs_interaction_reward=0.0000 | anti_stag_reward=0.0000 | abs_anti_stag_reward=0.0000 | wall_clear_reward=0.0000 | abs_wall_clear_reward=0.0000 | local_nav_reward=0.0000 | abs_local_nav_reward=0.0000 | robot_proximity_reward=-0.6465 | abs_robot_proximity_reward=0.6465 | robot_clearance_reward=0.0000 | context_neighbors_mean=1.69 | context_neighbors_max=4 | last_context_neighbors_mean=0.00 | last_context_neighbors_max=0 | actor_unlocked=0 | expl_noise=0.0772 | replay=11069 | interaction_replay=4833 | samples/sec=11.322
Episode 138 complete | agent_samples=11216 | env_steps=4515 | episode_env_steps=51 | episode_agent_samples=147 | mean_reward=106.561 | success=5/5 | collision=0/5 | mean_final_distance=0.267 | mean_progress=0.0107 | min_laser=0.582 | mean_lin=0.747 | mean_ang=-0.515 | mean_robot_dist=inf | raw_reward=20.000 | adjusted_reward=20.000 | coop_agents=0/5 | mean_coop_neighbors=0.00 | active_neighbor_step_rate=0.741 | mean_active_neighbors_step=1.333 | max_active_neighbors_step=4 | interaction_reward=0.0000 | abs_interaction_reward=0.0000 | anti_stag_reward=0.0000 | abs_anti_stag_reward=0.0000 | wall_clear_reward=0.0000 | abs_wall_clear_reward=0.0000 | local_nav_reward=0.0000 | abs_local_nav_reward=0.0000 | robot_proximity_reward=-0.2129 | abs_robot_proximity_reward=0.2129 | robot_clearance_reward=0.0227 | context_neighbors_mean=1.35 | context_neighbors_max=4 | last_context_neighbors_mean=0.00 | last_context_neighbors_max=0 | actor_unlocked=0 | expl_noise=0.0772 | replay=11216 | interaction_replay=4908 | samples/sec=11.342
Episode 139 complete | agent_samples=11309 | env_steps=4542 | episode_env_steps=27 | episode_agent_samples=93 | mean_reward=81.245 | success=4/5 | collision=1/5 | mean_final_distance=0.615 | mean_progress=0.0278 | min_laser=0.324 | mean_lin=1.000 | mean_ang=-0.042 | mean_robot_dist=inf | raw_reward=20.000 | adjusted_reward=20.000 | coop_agents=0/5 | mean_coop_neighbors=0.00 | active_neighbor_step_rate=0.527 | mean_active_neighbors_step=1.183 | max_active_neighbors_step=4 | interaction_reward=0.0000 | abs_interaction_reward=0.0000 | anti_stag_reward=0.0000 | abs_anti_stag_reward=0.0000 | wall_clear_reward=0.0000 | abs_wall_clear_reward=0.0000 | local_nav_reward=0.0000 | abs_local_nav_reward=0.0000 | robot_proximity_reward=-0.3963 | abs_robot_proximity_reward=0.3963 | robot_clearance_reward=0.0215 | context_neighbors_mean=1.26 | context_neighbors_max=4 | last_context_neighbors_mean=0.00 | last_context_neighbors_max=0 | actor_unlocked=0 | expl_noise=0.0772 | replay=11309 | interaction_replay=4956 | samples/sec=11.368
Episode 140 complete | agent_samples=11404 | env_steps=4591 | episode_env_steps=49 | episode_agent_samples=95 | mean_reward=109.308 | success=5/5 | collision=0/5 | mean_final_distance=0.257 | mean_progress=0.0129 | min_laser=0.617 | mean_lin=0.902 | mean_ang=0.114 | mean_robot_dist=inf | raw_reward=20.000 | adjusted_reward=20.000 | coop_agents=0/5 | mean_coop_neighbors=0.00 | active_neighbor_step_rate=0.463 | mean_active_neighbors_step=1.116 | max_active_neighbors_step=4 | interaction_reward=0.0000 | abs_interaction_reward=0.0000 | anti_stag_reward=0.0000 | abs_anti_stag_reward=0.0000 | wall_clear_reward=0.0000 | abs_wall_clear_reward=0.0000 | local_nav_reward=0.0000 | abs_local_nav_reward=0.0000 | robot_proximity_reward=-0.2184 | abs_robot_proximity_reward=0.2184 | robot_clearance_reward=0.0211 | context_neighbors_mean=1.17 | context_neighbors_max=4 | last_context_neighbors_mean=0.00 | last_context_neighbors_max=0 | actor_unlocked=0 | expl_noise=0.0771 | replay=11404 | interaction_replay=4995 | samples/sec=11.342
Status | epoch=1 | next_eval_in=8596 agent_samples | checkpoint_every=10 episodes | checkpoint=./checkpoints/interaction_focused_actor_from_5a_s20260725_latest.pt | model=interaction_focused_actor_from_5a_s20260725
Checkpoint saved: ./checkpoints/interaction_focused_actor_from_5a_s20260725_latest.pt
Episode 141 complete | agent_samples=11499 | env_steps=4631 | episode_env_steps=40 | episode_agent_samples=95 | mean_reward=28.191 | success=3/5 | collision=2/5 | mean_final_distance=0.320 | mean_progress=0.0068 | min_laser=0.313 | mean_lin=0.827 | mean_ang=-0.910 | mean_robot_dist=inf | raw_reward=20.000 | adjusted_reward=20.000 | coop_agents=0/5 | mean_coop_neighbors=0.00 | active_neighbor_step_rate=0.684 | mean_active_neighbors_step=1.474 | max_active_neighbors_step=4 | interaction_reward=0.0000 | abs_interaction_reward=0.0000 | anti_stag_reward=0.0000 | abs_anti_stag_reward=0.0000 | wall_clear_reward=0.0000 | abs_wall_clear_reward=0.0000 | local_nav_reward=0.0000 | abs_local_nav_reward=0.0000 | robot_proximity_reward=-0.4309 | abs_robot_proximity_reward=0.4309 | robot_clearance_reward=0.0455 | context_neighbors_mean=1.49 | context_neighbors_max=4 | last_context_neighbors_mean=0.00 | last_context_neighbors_max=0 | actor_unlocked=0 | expl_noise=0.0771 | replay=11499 | interaction_replay=5027 | samples/sec=11.336
Episode 142 complete | agent_samples=11572 | env_steps=4654 | episode_env_steps=23 | episode_agent_samples=73 | mean_reward=76.282 | success=4/5 | collision=1/5 | mean_final_distance=0.414 | mean_progress=0.0149 | min_laser=0.334 | mean_lin=0.800 | mean_ang=0.545 | mean_robot_dist=inf | raw_reward=20.000 | adjusted_reward=20.000 | coop_agents=0/5 | mean_coop_neighbors=0.00 | active_neighbor_step_rate=0.534 | mean_active_neighbors_step=0.986 | max_active_neighbors_step=4 | interaction_reward=0.0000 | abs_interaction_reward=0.0000 | anti_stag_reward=0.0000 | abs_anti_stag_reward=0.0000 | wall_clear_reward=0.0000 | abs_wall_clear_reward=0.0000 | local_nav_reward=0.0000 | abs_local_nav_reward=0.0000 | robot_proximity_reward=-0.4328 | abs_robot_proximity_reward=0.4328 | robot_clearance_reward=0.0000 | context_neighbors_mean=1.00 | context_neighbors_max=4 | last_context_neighbors_mean=0.00 | last_context_neighbors_max=0 | actor_unlocked=0 | expl_noise=0.0771 | replay=11572 | interaction_replay=5041 | samples/sec=11.352
Episode 143 complete | agent_samples=11941 | env_steps=4954 | episode_env_steps=300 | episode_agent_samples=369 | mean_reward=81.245 | success=4/5 | collision=0/5 | mean_final_distance=0.620 | mean_progress=-0.0002 | min_laser=0.772 | mean_lin=0.771 | mean_ang=-0.041 | mean_robot_dist=inf | raw_reward=-0.056 | adjusted_reward=-0.056 | coop_agents=0/5 | mean_coop_neighbors=0.00 | active_neighbor_step_rate=0.206 | mean_active_neighbors_step=0.436 | max_active_neighbors_step=4 | interaction_reward=0.0000 | abs_interaction_reward=0.0000 | anti_stag_reward=0.0000 | abs_anti_stag_reward=0.0000 | wall_clear_reward=0.0000 | abs_wall_clear_reward=0.0000 | local_nav_reward=0.0000 | abs_local_nav_reward=0.0000 | robot_proximity_reward=0.0000 | abs_robot_proximity_reward=0.0000 | robot_clearance_reward=0.0000 | context_neighbors_mean=0.45 | context_neighbors_max=4 | last_context_neighbors_mean=0.00 | last_context_neighbors_max=0 | actor_unlocked=0 | expl_noise=0.0769 | replay=11941 | interaction_replay=5051 | samples/sec=11.020
Episode 144 complete | agent_samples=12030 | env_steps=4994 | episode_env_steps=40 | episode_agent_samples=89 | mean_reward=106.903 | success=5/5 | collision=0/5 | mean_final_distance=0.274 | mean_progress=0.0050 | min_laser=0.622 | mean_lin=0.800 | mean_ang=-0.314 | mean_robot_dist=inf | raw_reward=20.000 | adjusted_reward=20.000 | coop_agents=0/5 | mean_coop_neighbors=0.00 | active_neighbor_step_rate=0.629 | mean_active_neighbors_step=1.528 | max_active_neighbors_step=4 | interaction_reward=0.0000 | abs_interaction_reward=0.0000 | anti_stag_reward=0.0000 | abs_anti_stag_reward=0.0000 | wall_clear_reward=0.0000 | abs_wall_clear_reward=0.0000 | local_nav_reward=0.0000 | abs_local_nav_reward=0.0000 | robot_proximity_reward=-0.3630 | abs_robot_proximity_reward=0.3630 | robot_clearance_reward=0.0449 | context_neighbors_mean=1.62 | context_neighbors_max=4 | last_context_neighbors_mean=0.00 | last_context_neighbors_max=0 | actor_unlocked=0 | expl_noise=0.0769 | replay=12030 | interaction_replay=5108 | samples/sec=11.014
Episode 145 complete | agent_samples=12150 | env_steps=5049 | episode_env_steps=55 | episode_agent_samples=120 | mean_reward=71.236 | success=4/5 | collision=1/5 | mean_final_distance=0.359 | mean_progress=0.0215 | min_laser=0.342 | mean_lin=0.764 | mean_ang=0.278 | mean_robot_dist=inf | raw_reward=-20.000 | adjusted_reward=-20.000 | coop_agents=0/5 | mean_coop_neighbors=0.00 | active_neighbor_step_rate=0.633 | mean_active_neighbors_step=1.467 | max_active_neighbors_step=4 | interaction_reward=0.0000 | abs_interaction_reward=0.0000 | anti_stag_reward=0.0000 | abs_anti_stag_reward=0.0000 | wall_clear_reward=0.0000 | abs_wall_clear_reward=0.0000 | local_nav_reward=0.0000 | abs_local_nav_reward=0.0000 | robot_proximity_reward=-0.0040 | abs_robot_proximity_reward=0.0040 | robot_clearance_reward=0.0000 | context_neighbors_mean=1.50 | context_neighbors_max=4 | last_context_neighbors_mean=0.00 | last_context_neighbors_max=0 | actor_unlocked=0 | expl_noise=0.0768 | replay=12150 | interaction_replay=5181 | samples/sec=11.003
Status | epoch=1 | next_eval_in=7850 agent_samples | checkpoint_every=10 episodes | checkpoint=./checkpoints/interaction_focused_actor_from_5a_s20260725_latest.pt | model=interaction_focused_actor_from_5a_s20260725
Episode 146 complete | agent_samples=12207 | env_steps=5066 | episode_env_steps=17 | episode_agent_samples=57 | mean_reward=121.901 | success=5/5 | collision=0/5 | mean_final_distance=0.255 | mean_progress=0.0273 | min_laser=0.683 | mean_lin=1.000 | mean_ang=-0.073 | mean_robot_dist=inf | raw_reward=20.000 | adjusted_reward=20.000 | coop_agents=0/5 | mean_coop_neighbors=0.00 | active_neighbor_step_rate=0.579 | mean_active_neighbors_step=1.263 | max_active_neighbors_step=4 | interaction_reward=0.0000 | abs_interaction_reward=0.0000 | anti_stag_reward=0.0000 | abs_anti_stag_reward=0.0000 | wall_clear_reward=0.0000 | abs_wall_clear_reward=0.0000 | local_nav_reward=0.0000 | abs_local_nav_reward=0.0000 | robot_proximity_reward=-0.4428 | abs_robot_proximity_reward=0.4428 | robot_clearance_reward=0.0702 | context_neighbors_mean=1.32 | context_neighbors_max=4 | last_context_neighbors_mean=0.00 | last_context_neighbors_max=0 | actor_unlocked=0 | expl_noise=0.0768 | replay=12207 | interaction_replay=5190 | samples/sec=11.017
Episode 147 complete | agent_samples=12262 | env_steps=5079 | episode_env_steps=13 | episode_agent_samples=55 | mean_reward=111.638 | success=5/5 | collision=0/5 | mean_final_distance=0.276 | mean_progress=0.0389 | min_laser=0.533 | mean_lin=0.799 | mean_ang=0.084 | mean_robot_dist=inf | raw_reward=40.000 | adjusted_reward=40.000 | coop_agents=1/5 | mean_coop_neighbors=0.20 | active_neighbor_step_rate=0.873 | mean_active_neighbors_step=2.182 | max_active_neighbors_step=4 | interaction_reward=0.0000 | abs_interaction_reward=0.0000 | anti_stag_reward=0.0000 | abs_anti_stag_reward=0.0000 | wall_clear_reward=0.0000 | abs_wall_clear_reward=0.0000 | local_nav_reward=0.0000 | abs_local_nav_reward=0.0000 | robot_proximity_reward=-0.4714 | abs_robot_proximity_reward=0.4714 | robot_clearance_reward=0.0727 | context_neighbors_mean=2.27 | context_neighbors_max=4 | last_context_neighbors_mean=0.00 | last_context_neighbors_max=0 | actor_unlocked=0 | expl_noise=0.0768 | replay=12262 | interaction_replay=5239 | samples/sec=11.037
Episode 148 complete | agent_samples=12326 | env_steps=5101 | episode_env_steps=22 | episode_agent_samples=64 | mean_reward=107.950 | success=5/5 | collision=0/5 | mean_final_distance=0.259 | mean_progress=0.0129 | min_laser=0.730 | mean_lin=0.788 | mean_ang=0.268 | mean_robot_dist=inf | raw_reward=20.000 | adjusted_reward=20.000 | coop_agents=0/5 | mean_coop_neighbors=0.00 | active_neighbor_step_rate=0.797 | mean_active_neighbors_step=1.609 | max_active_neighbors_step=3 | interaction_reward=0.0000 | abs_interaction_reward=0.0000 | anti_stag_reward=0.0000 | abs_anti_stag_reward=0.0000 | wall_clear_reward=0.0000 | abs_wall_clear_reward=0.0000 | local_nav_reward=0.0000 | abs_local_nav_reward=0.0000 | robot_proximity_reward=-0.3720 | abs_robot_proximity_reward=0.3720 | robot_clearance_reward=0.1112 | context_neighbors_mean=1.72 | context_neighbors_max=3 | last_context_neighbors_mean=0.00 | last_context_neighbors_max=0 | actor_unlocked=0 | expl_noise=0.0768 | replay=12326 | interaction_replay=5279 | samples/sec=11.047
Episode 149 complete | agent_samples=12398 | env_steps=5126 | episode_env_steps=25 | episode_agent_samples=72 | mean_reward=119.257 | success=5/5 | collision=0/5 | mean_final_distance=0.222 | mean_progress=0.0115 | min_laser=0.636 | mean_lin=1.000 | mean_ang=-0.250 | mean_robot_dist=inf | raw_reward=20.000 | adjusted_reward=20.000 | coop_agents=0/5 | mean_coop_neighbors=0.00 | active_neighbor_step_rate=0.819 | mean_active_neighbors_step=2.069 | max_active_neighbors_step=4 | interaction_reward=0.0000 | abs_interaction_reward=0.0000 | anti_stag_reward=0.0000 | abs_anti_stag_reward=0.0000 | wall_clear_reward=0.0000 | abs_wall_clear_reward=0.0000 | local_nav_reward=0.0000 | abs_local_nav_reward=0.0000 | robot_proximity_reward=-0.2749 | abs_robot_proximity_reward=0.2749 | robot_clearance_reward=0.0363 | context_neighbors_mean=2.08 | context_neighbors_max=4 | last_context_neighbors_mean=0.00 | last_context_neighbors_max=0 | actor_unlocked=0 | expl_noise=0.0768 | replay=12398 | interaction_replay=5292 | samples/sec=11.057
Episode 150 complete | agent_samples=12462 | env_steps=5142 | episode_env_steps=16 | episode_agent_samples=64 | mean_reward=22.836 | success=3/5 | collision=2/5 | mean_final_distance=0.616 | mean_progress=0.0101 | min_laser=0.300 | mean_lin=1.000 | mean_ang=-0.201 | mean_robot_dist=inf | raw_reward=20.000 | adjusted_reward=20.000 | coop_agents=0/5 | mean_coop_neighbors=0.00 | active_neighbor_step_rate=0.859 | mean_active_neighbors_step=1.953 | max_active_neighbors_step=4 | interaction_reward=0.0000 | abs_interaction_reward=0.0000 | anti_stag_reward=0.0000 | abs_anti_stag_reward=0.0000 | wall_clear_reward=0.0000 | abs_wall_clear_reward=0.0000 | local_nav_reward=0.0000 | abs_local_nav_reward=0.0000 | robot_proximity_reward=-0.9423 | abs_robot_proximity_reward=0.9423 | robot_clearance_reward=0.0000 | context_neighbors_mean=1.95 | context_neighbors_max=4 | last_context_neighbors_mean=0.00 | last_context_neighbors_max=0 | actor_unlocked=0 | expl_noise=0.0768 | replay=12462 | interaction_replay=5315 | samples/sec=11.078
Status | epoch=1 | next_eval_in=7538 agent_samples | checkpoint_every=10 episodes | checkpoint=./checkpoints/interaction_focused_actor_from_5a_s20260725_latest.pt | model=interaction_focused_actor_from_5a_s20260725
Checkpoint saved: ./checkpoints/interaction_focused_actor_from_5a_s20260725_latest.pt
Episode 151 complete | agent_samples=12508 | env_steps=5153 | episode_env_steps=11 | episode_agent_samples=46 | mean_reward=34.635 | success=3/5 | collision=2/5 | mean_final_distance=0.467 | mean_progress=0.0177 | min_laser=0.300 | mean_lin=0.771 | mean_ang=0.203 | mean_robot_dist=inf | raw_reward=-20.000 | adjusted_reward=-20.000 | coop_agents=0/5 | mean_coop_neighbors=0.00 | active_neighbor_step_rate=0.826 | mean_active_neighbors_step=1.935 | max_active_neighbors_step=4 | interaction_reward=0.0000 | abs_interaction_reward=0.0000 | anti_stag_reward=0.0000 | abs_anti_stag_reward=0.0000 | wall_clear_reward=0.0000 | abs_wall_clear_reward=0.0000 | local_nav_reward=0.0000 | abs_local_nav_reward=0.0000 | robot_proximity_reward=-0.8040 | abs_robot_proximity_reward=0.8040 | robot_clearance_reward=0.0435 | context_neighbors_mean=2.07 | context_neighbors_max=4 | last_context_neighbors_mean=0.00 | last_context_neighbors_max=0 | actor_unlocked=0 | expl_noise=0.0768 | replay=12508 | interaction_replay=5353 | samples/sec=11.092
Episode 152 complete | agent_samples=12625 | env_steps=5221 | episode_env_steps=68 | episode_agent_samples=117 | mean_reward=-48.458 | success=1/5 | collision=4/5 | mean_final_distance=1.255 | mean_progress=0.0133 | min_laser=0.300 | mean_lin=0.510 | mean_ang=-0.334 | mean_robot_dist=inf | raw_reward=20.000 | adjusted_reward=20.000 | coop_agents=0/5 | mean_coop_neighbors=0.00 | active_neighbor_step_rate=0.513 | mean_active_neighbors_step=1.291 | max_active_neighbors_step=4 | interaction_reward=0.0000 | abs_interaction_reward=0.0000 | anti_stag_reward=0.0000 | abs_anti_stag_reward=0.0000 | wall_clear_reward=0.0000 | abs_wall_clear_reward=0.0000 | local_nav_reward=0.0000 | abs_local_nav_reward=0.0000 | robot_proximity_reward=-0.3181 | abs_robot_proximity_reward=0.3181 | robot_clearance_reward=0.0000 | context_neighbors_mean=1.32 | context_neighbors_max=4 | last_context_neighbors_mean=0.00 | last_context_neighbors_max=0 | actor_unlocked=0 | expl_noise=0.0767 | replay=12625 | interaction_replay=5388 | samples/sec=11.052
Episode 153 complete | agent_samples=12719 | env_steps=5266 | episode_env_steps=45 | episode_agent_samples=94 | mean_reward=124.286 | success=5/5 | collision=0/5 | mean_final_distance=0.273 | mean_progress=0.0086 | min_laser=0.404 | mean_lin=1.000 | mean_ang=0.200 | mean_robot_dist=inf | raw_reward=20.000 | adjusted_reward=20.000 | coop_agents=0/5 | mean_coop_neighbors=0.00 | active_neighbor_step_rate=0.638 | mean_active_neighbors_step=1.681 | max_active_neighbors_step=4 | interaction_reward=0.0000 | abs_interaction_reward=0.0000 | anti_stag_reward=0.0000 | abs_anti_stag_reward=0.0000 | wall_clear_reward=0.0000 | abs_wall_clear_reward=0.0000 | local_nav_reward=0.0000 | abs_local_nav_reward=0.0000 | robot_proximity_reward=0.0000 | abs_robot_proximity_reward=0.0000 | robot_clearance_reward=0.0000 | context_neighbors_mean=1.69 | context_neighbors_max=4 | last_context_neighbors_mean=0.00 | last_context_neighbors_max=0 | actor_unlocked=0 | expl_noise=0.0767 | replay=12719 | interaction_replay=5405 | samples/sec=11.040
Episode 154 complete | agent_samples=12840 | env_steps=5323 | episode_env_steps=57 | episode_agent_samples=121 | mean_reward=92.008 | success=4/5 | collision=1/5 | mean_final_distance=0.451 | mean_progress=0.0108 | min_laser=0.300 | mean_lin=0.729 | mean_ang=-0.564 | mean_robot_dist=inf | raw_reward=20.000 | adjusted_reward=20.000 | coop_agents=0/5 | mean_coop_neighbors=0.00 | active_neighbor_step_rate=0.512 | mean_active_neighbors_step=1.017 | max_active_neighbors_step=4 | interaction_reward=0.0000 | abs_interaction_reward=0.0000 | anti_stag_reward=0.0000 | abs_anti_stag_reward=0.0000 | wall_clear_reward=0.0000 | abs_wall_clear_reward=0.0000 | local_nav_reward=0.0000 | abs_local_nav_reward=0.0000 | robot_proximity_reward=-0.1635 | abs_robot_proximity_reward=0.1635 | robot_clearance_reward=0.0197 | context_neighbors_mean=1.07 | context_neighbors_max=4 | last_context_neighbors_mean=0.00 | last_context_neighbors_max=0 | actor_unlocked=0 | expl_noise=0.0767 | replay=12840 | interaction_replay=5421 | samples/sec=11.026
Episode 155 complete | agent_samples=12921 | env_steps=5351 | episode_env_steps=28 | episode_agent_samples=81 | mean_reward=26.947 | success=3/5 | collision=2/5 | mean_final_distance=0.472 | mean_progress=0.0204 | min_laser=0.300 | mean_lin=0.778 | mean_ang=0.068 | mean_robot_dist=inf | raw_reward=20.000 | adjusted_reward=20.000 | coop_agents=0/5 | mean_coop_neighbors=0.00 | active_neighbor_step_rate=0.864 | mean_active_neighbors_step=2.481 | max_active_neighbors_step=4 | interaction_reward=0.0000 | abs_interaction_reward=0.0000 | anti_stag_reward=0.0000 | abs_anti_stag_reward=0.0000 | wall_clear_reward=0.0000 | abs_wall_clear_reward=0.0000 | local_nav_reward=0.0000 | abs_local_nav_reward=0.0000 | robot_proximity_reward=-0.5422 | abs_robot_proximity_reward=0.5422 | robot_clearance_reward=0.0000 | context_neighbors_mean=2.44 | context_neighbors_max=4 | last_context_neighbors_mean=0.00 | last_context_neighbors_max=0 | actor_unlocked=0 | expl_noise=0.0767 | replay=12921 | interaction_replay=5435 | samples/sec=11.037
Status | epoch=1 | next_eval_in=7079 agent_samples | checkpoint_every=10 episodes | checkpoint=./checkpoints/interaction_focused_actor_from_5a_s20260725_latest.pt | model=interaction_focused_actor_from_5a_s20260725
Episode 156 complete | agent_samples=12972 | env_steps=5369 | episode_env_steps=18 | episode_agent_samples=51 | mean_reward=12.311 | success=3/5 | collision=2/5 | mean_final_distance=0.796 | mean_progress=0.0224 | min_laser=0.308 | mean_lin=0.754 | mean_ang=-0.294 | mean_robot_dist=inf | raw_reward=20.000 | adjusted_reward=20.000 | coop_agents=0/5 | mean_coop_neighbors=0.00 | active_neighbor_step_rate=0.882 | mean_active_neighbors_step=2.196 | max_active_neighbors_step=4 | interaction_reward=0.0000 | abs_interaction_reward=0.0000 | anti_stag_reward=0.0000 | abs_anti_stag_reward=0.0000 | wall_clear_reward=0.0000 | abs_wall_clear_reward=0.0000 | local_nav_reward=0.0000 | abs_local_nav_reward=0.0000 | robot_proximity_reward=-1.0452 | abs_robot_proximity_reward=1.0452 | robot_clearance_reward=0.0000 | context_neighbors_mean=2.14 | context_neighbors_max=4 | last_context_neighbors_mean=0.00 | last_context_neighbors_max=0 | actor_unlocked=0 | expl_noise=0.0766 | replay=12972 | interaction_replay=5449 | samples/sec=11.043
Episode 157 complete | agent_samples=13021 | env_steps=5381 | episode_env_steps=12 | episode_agent_samples=49 | mean_reward=15.841 | success=3/5 | collision=2/5 | mean_final_distance=0.408 | mean_progress=0.0373 | min_laser=0.300 | mean_lin=0.778 | mean_ang=-0.175 | mean_robot_dist=0.454 | raw_reward=-42.721 | adjusted_reward=-42.721 | coop_agents=2/5 | mean_coop_neighbors=0.40 | active_neighbor_step_rate=1.000 | mean_active_neighbors_step=2.531 | max_active_neighbors_step=4 | interaction_reward=0.0000 | abs_interaction_reward=0.0000 | anti_stag_reward=0.0000 | abs_anti_stag_reward=0.0000 | wall_clear_reward=0.0000 | abs_wall_clear_reward=0.0000 | local_nav_reward=0.0000 | abs_local_nav_reward=0.0000 | robot_proximity_reward=-1.1313 | abs_robot_proximity_reward=1.1313 | robot_clearance_reward=0.0000 | context_neighbors_mean=2.55 | context_neighbors_max=4 | last_context_neighbors_mean=0.00 | last_context_neighbors_max=0 | actor_unlocked=0 | expl_noise=0.0766 | replay=13021 | interaction_replay=5498 | samples/sec=11.059
Episode 158 complete | agent_samples=13111 | env_steps=5418 | episode_env_steps=37 | episode_agent_samples=90 | mean_reward=19.092 | success=3/5 | collision=2/5 | mean_final_distance=0.709 | mean_progress=0.0089 | min_laser=0.311 | mean_lin=0.975 | mean_ang=-0.224 | mean_robot_dist=inf | raw_reward=20.000 | adjusted_reward=20.000 | coop_agents=0/5 | mean_coop_neighbors=0.00 | active_neighbor_step_rate=0.689 | mean_active_neighbors_step=1.744 | max_active_neighbors_step=4 | interaction_reward=0.0000 | abs_interaction_reward=0.0000 | anti_stag_reward=0.0000 | abs_anti_stag_reward=0.0000 | wall_clear_reward=0.0000 | abs_wall_clear_reward=0.0000 | local_nav_reward=0.0000 | abs_local_nav_reward=0.0000 | robot_proximity_reward=-0.9197 | abs_robot_proximity_reward=0.9197 | robot_clearance_reward=0.0230 | context_neighbors_mean=1.76 | context_neighbors_max=4 | last_context_neighbors_mean=0.00 | last_context_neighbors_max=0 | actor_unlocked=0 | expl_noise=0.0766 | replay=13111 | interaction_replay=5530 | samples/sec=11.060
Episode 159 complete | agent_samples=13238 | env_steps=5488 | episode_env_steps=70 | episode_agent_samples=127 | mean_reward=36.268 | success=3/5 | collision=2/5 | mean_final_distance=0.443 | mean_progress=0.0109 | min_laser=0.300 | mean_lin=0.800 | mean_ang=-0.357 | mean_robot_dist=inf | raw_reward=20.000 | adjusted_reward=20.000 | coop_agents=0/5 | mean_coop_neighbors=0.00 | active_neighbor_step_rate=0.449 | mean_active_neighbors_step=1.339 | max_active_neighbors_step=4 | interaction_reward=0.0000 | abs_interaction_reward=0.0000 | anti_stag_reward=0.0000 | abs_anti_stag_reward=0.0000 | wall_clear_reward=0.0000 | abs_wall_clear_reward=0.0000 | local_nav_reward=0.0000 | abs_local_nav_reward=0.0000 | robot_proximity_reward=-0.3958 | abs_robot_proximity_reward=0.3958 | robot_clearance_reward=0.0157 | context_neighbors_mean=1.36 | context_neighbors_max=4 | last_context_neighbors_mean=0.00 | last_context_neighbors_max=0 | actor_unlocked=0 | expl_noise=0.0766 | replay=13238 | interaction_replay=5559 | samples/sec=11.027
Episode 160 complete | agent_samples=13289 | env_steps=5502 | episode_env_steps=14 | episode_agent_samples=51 | mean_reward=115.176 | success=5/5 | collision=0/5 | mean_final_distance=0.265 | mean_progress=0.0072 | min_laser=0.743 | mean_lin=0.800 | mean_ang=0.230 | mean_robot_dist=inf | raw_reward=20.000 | adjusted_reward=20.000 | coop_agents=0/5 | mean_coop_neighbors=0.00 | active_neighbor_step_rate=0.902 | mean_active_neighbors_step=1.824 | max_active_neighbors_step=3 | interaction_reward=0.0000 | abs_interaction_reward=0.0000 | anti_stag_reward=0.0000 | abs_anti_stag_reward=0.0000 | wall_clear_reward=0.0000 | abs_wall_clear_reward=0.0000 | local_nav_reward=0.0000 | abs_local_nav_reward=0.0000 | robot_proximity_reward=-0.3196 | abs_robot_proximity_reward=0.3196 | robot_clearance_reward=0.0841 | context_neighbors_mean=1.88 | context_neighbors_max=3 | last_context_neighbors_mean=0.00 | last_context_neighbors_max=0 | actor_unlocked=0 | expl_noise=0.0766 | replay=13289 | interaction_replay=5592 | samples/sec=11.041
Status | epoch=1 | next_eval_in=6711 agent_samples | checkpoint_every=10 episodes | checkpoint=./checkpoints/interaction_focused_actor_from_5a_s20260725_latest.pt | model=interaction_focused_actor_from_5a_s20260725
Checkpoint saved: ./checkpoints/interaction_focused_actor_from_5a_s20260725_latest.pt
Episode 161 complete | agent_samples=13343 | env_steps=5519 | episode_env_steps=17 | episode_agent_samples=54 | mean_reward=63.382 | success=4/5 | collision=1/5 | mean_final_distance=0.606 | mean_progress=0.0186 | min_laser=0.327 | mean_lin=0.775 | mean_ang=-0.043 | mean_robot_dist=inf | raw_reward=20.000 | adjusted_reward=20.000 | coop_agents=0/5 | mean_coop_neighbors=0.00 | active_neighbor_step_rate=0.852 | mean_active_neighbors_step=2.370 | max_active_neighbors_step=4 | interaction_reward=0.0000 | abs_interaction_reward=0.0000 | anti_stag_reward=0.0000 | abs_anti_stag_reward=0.0000 | wall_clear_reward=0.0000 | abs_wall_clear_reward=0.0000 | local_nav_reward=0.0000 | abs_local_nav_reward=0.0000 | robot_proximity_reward=-1.2072 | abs_robot_proximity_reward=1.2072 | robot_clearance_reward=0.0741 | context_neighbors_mean=2.39 | context_neighbors_max=4 | last_context_neighbors_mean=0.00 | last_context_neighbors_max=0 | actor_unlocked=0 | expl_noise=0.0766 | replay=13343 | interaction_replay=5638 | samples/sec=11.048
Episode 162 complete | agent_samples=13454 | env_steps=5552 | episode_env_steps=33 | episode_agent_samples=111 | mean_reward=108.407 | success=5/5 | collision=0/5 | mean_final_distance=0.253 | mean_progress=0.0183 | min_laser=0.598 | mean_lin=1.000 | mean_ang=0.164 | mean_robot_dist=inf | raw_reward=20.000 | adjusted_reward=20.000 | coop_agents=0/5 | mean_coop_neighbors=0.00 | active_neighbor_step_rate=0.640 | mean_active_neighbors_step=1.288 | max_active_neighbors_step=4 | interaction_reward=0.0000 | abs_interaction_reward=0.0000 | anti_stag_reward=0.0000 | abs_anti_stag_reward=0.0000 | wall_clear_reward=0.0000 | abs_wall_clear_reward=0.0000 | local_nav_reward=0.0000 | abs_local_nav_reward=0.0000 | robot_proximity_reward=-0.5181 | abs_robot_proximity_reward=0.5181 | robot_clearance_reward=0.0612 | context_neighbors_mean=1.33 | context_neighbors_max=4 | last_context_neighbors_mean=0.00 | last_context_neighbors_max=0 | actor_unlocked=0 | expl_noise=0.0765 | replay=13454 | interaction_replay=5700 | samples/sec=11.074
Episode 163 complete | agent_samples=13550 | env_steps=5582 | episode_env_steps=30 | episode_agent_samples=96 | mean_reward=122.323 | success=5/5 | collision=0/5 | mean_final_distance=0.283 | mean_progress=0.0013 | min_laser=0.505 | mean_lin=0.645 | mean_ang=-0.215 | mean_robot_dist=inf | raw_reward=20.000 | adjusted_reward=20.000 | coop_agents=0/5 | mean_coop_neighbors=0.00 | active_neighbor_step_rate=0.510 | mean_active_neighbors_step=1.240 | max_active_neighbors_step=4 | interaction_reward=0.0000 | abs_interaction_reward=0.0000 | anti_stag_reward=0.0000 | abs_anti_stag_reward=0.0000 | wall_clear_reward=0.0000 | abs_wall_clear_reward=0.0000 | local_nav_reward=0.0000 | abs_local_nav_reward=0.0000 | robot_proximity_reward=-0.3973 | abs_robot_proximity_reward=0.3973 | robot_clearance_reward=0.0417 | context_neighbors_mean=1.26 | context_neighbors_max=4 | last_context_neighbors_mean=0.00 | last_context_neighbors_max=0 | actor_unlocked=0 | expl_noise=0.0765 | replay=13550 | interaction_replay=5729 | samples/sec=11.093
Episode 164 complete | agent_samples=13598 | env_steps=5593 | episode_env_steps=11 | episode_agent_samples=48 | mean_reward=16.316 | success=3/5 | collision=2/5 | mean_final_distance=0.470 | mean_progress=0.0499 | min_laser=0.300 | mean_lin=0.822 | mean_ang=0.154 | mean_robot_dist=inf | raw_reward=40.000 | adjusted_reward=40.000 | coop_agents=1/5 | mean_coop_neighbors=0.20 | active_neighbor_step_rate=0.938 | mean_active_neighbors_step=2.104 | max_active_neighbors_step=4 | interaction_reward=0.0000 | abs_interaction_reward=0.0000 | anti_stag_reward=0.0000 | abs_anti_stag_reward=0.0000 | wall_clear_reward=0.0000 | abs_wall_clear_reward=0.0000 | local_nav_reward=0.0000 | abs_local_nav_reward=0.0000 | robot_proximity_reward=-1.1350 | abs_robot_proximity_reward=1.1350 | robot_clearance_reward=0.0417 | context_neighbors_mean=2.19 | context_neighbors_max=4 | last_context_neighbors_mean=0.00 | last_context_neighbors_max=0 | actor_unlocked=0 | expl_noise=0.0765 | replay=13598 | interaction_replay=5773 | samples/sec=11.109
Episode 165 complete | agent_samples=13689 | env_steps=5621 | episode_env_steps=28 | episode_agent_samples=91 | mean_reward=43.563 | success=3/5 | collision=2/5 | mean_final_distance=0.529 | mean_progress=0.0212 | min_laser=0.300 | mean_lin=0.988 | mean_ang=-0.157 | mean_robot_dist=inf | raw_reward=20.000 | adjusted_reward=20.000 | coop_agents=0/5 | mean_coop_neighbors=0.00 | active_neighbor_step_rate=0.802 | mean_active_neighbors_step=2.209 | max_active_neighbors_step=4 | interaction_reward=0.0000 | abs_interaction_reward=0.0000 | anti_stag_reward=0.0000 | abs_anti_stag_reward=0.0000 | wall_clear_reward=0.0000 | abs_wall_clear_reward=0.0000 | local_nav_reward=0.0000 | abs_local_nav_reward=0.0000 | robot_proximity_reward=-0.3962 | abs_robot_proximity_reward=0.3962 | robot_clearance_reward=0.0000 | context_neighbors_mean=2.23 | context_neighbors_max=4 | last_context_neighbors_mean=0.00 | last_context_neighbors_max=0 | actor_unlocked=0 | expl_noise=0.0765 | replay=13689 | interaction_replay=5791 | samples/sec=11.127
Status | epoch=1 | next_eval_in=6311 agent_samples | checkpoint_every=10 episodes | checkpoint=./checkpoints/interaction_focused_actor_from_5a_s20260725_latest.pt | model=interaction_focused_actor_from_5a_s20260725
Episode 166 complete | agent_samples=13738 | env_steps=5634 | episode_env_steps=13 | episode_agent_samples=49 | mean_reward=56.368 | success=4/5 | collision=1/5 | mean_final_distance=0.458 | mean_progress=0.0074 | min_laser=0.305 | mean_lin=0.794 | mean_ang=0.473 | mean_robot_dist=inf | raw_reward=20.000 | adjusted_reward=20.000 | coop_agents=0/5 | mean_coop_neighbors=0.00 | active_neighbor_step_rate=0.878 | mean_active_neighbors_step=2.061 | max_active_neighbors_step=4 | interaction_reward=0.0000 | abs_interaction_reward=0.0000 | anti_stag_reward=0.0000 | abs_anti_stag_reward=0.0000 | wall_clear_reward=0.0000 | abs_wall_clear_reward=0.0000 | local_nav_reward=0.0000 | abs_local_nav_reward=0.0000 | robot_proximity_reward=-1.1469 | abs_robot_proximity_reward=1.1469 | robot_clearance_reward=0.0000 | context_neighbors_mean=2.10 | context_neighbors_max=4 | last_context_neighbors_mean=0.00 | last_context_neighbors_max=0 | actor_unlocked=0 | expl_noise=0.0765 | replay=13738 | interaction_replay=5834 | samples/sec=11.140
Episode 167 complete | agent_samples=13850 | env_steps=5695 | episode_env_steps=61 | episode_agent_samples=112 | mean_reward=68.513 | success=4/5 | collision=1/5 | mean_final_distance=0.374 | mean_progress=0.0047 | min_laser=0.301 | mean_lin=0.969 | mean_ang=0.212 | mean_robot_dist=inf | raw_reward=20.000 | adjusted_reward=20.000 | coop_agents=0/5 | mean_coop_neighbors=0.00 | active_neighbor_step_rate=0.464 | mean_active_neighbors_step=0.982 | max_active_neighbors_step=4 | interaction_reward=0.0000 | abs_interaction_reward=0.0000 | anti_stag_reward=0.0000 | abs_anti_stag_reward=0.0000 | wall_clear_reward=0.0000 | abs_wall_clear_reward=0.0000 | local_nav_reward=0.0000 | abs_local_nav_reward=0.0000 | robot_proximity_reward=-0.3696 | abs_robot_proximity_reward=0.3696 | robot_clearance_reward=0.0179 | context_neighbors_mean=1.03 | context_neighbors_max=4 | last_context_neighbors_mean=0.00 | last_context_neighbors_max=0 | actor_unlocked=0 | expl_noise=0.0764 | replay=13850 | interaction_replay=5878 | samples/sec=11.113
Episode 168 complete | agent_samples=13919 | env_steps=5718 | episode_env_steps=23 | episode_agent_samples=69 | mean_reward=72.798 | success=4/5 | collision=1/5 | mean_final_distance=0.498 | mean_progress=0.0209 | min_laser=0.327 | mean_lin=0.777 | mean_ang=-0.344 | mean_robot_dist=inf | raw_reward=20.000 | adjusted_reward=20.000 | coop_agents=0/5 | mean_coop_neighbors=0.00 | active_neighbor_step_rate=0.652 | mean_active_neighbors_step=1.797 | max_active_neighbors_step=4 | interaction_reward=0.0000 | abs_interaction_reward=0.0000 | anti_stag_reward=0.0000 | abs_anti_stag_reward=0.0000 | wall_clear_reward=0.0000 | abs_wall_clear_reward=0.0000 | local_nav_reward=0.0000 | abs_local_nav_reward=0.0000 | robot_proximity_reward=-0.6042 | abs_robot_proximity_reward=0.6042 | robot_clearance_reward=0.0290 | context_neighbors_mean=1.86 | context_neighbors_max=4 | last_context_neighbors_mean=0.00 | last_context_neighbors_max=0 | actor_unlocked=0 | expl_noise=0.0764 | replay=13919 | interaction_replay=5910 | samples/sec=11.122
Episode 169 complete | agent_samples=14022 | env_steps=5757 | episode_env_steps=39 | episode_agent_samples=103 | mean_reward=112.982 | success=5/5 | collision=0/5 | mean_final_distance=0.278 | mean_progress=0.0088 | min_laser=0.356 | mean_lin=0.863 | mean_ang=-0.553 | mean_robot_dist=inf | raw_reward=20.000 | adjusted_reward=20.000 | coop_agents=0/5 | mean_coop_neighbors=0.00 | active_neighbor_step_rate=0.592 | mean_active_neighbors_step=1.272 | max_active_neighbors_step=4 | interaction_reward=0.0000 | abs_interaction_reward=0.0000 | anti_stag_reward=0.0000 | abs_anti_stag_reward=0.0000 | wall_clear_reward=0.0000 | abs_wall_clear_reward=0.0000 | local_nav_reward=0.0000 | abs_local_nav_reward=0.0000 | robot_proximity_reward=-0.4187 | abs_robot_proximity_reward=0.4187 | robot_clearance_reward=0.0194 | context_neighbors_mean=1.35 | context_neighbors_max=4 | last_context_neighbors_mean=0.00 | last_context_neighbors_max=0 | actor_unlocked=0 | expl_noise=0.0764 | replay=14022 | interaction_replay=5952 | samples/sec=11.129
Episode 170 complete | agent_samples=14118 | env_steps=5803 | episode_env_steps=46 | episode_agent_samples=96 | mean_reward=105.900 | success=5/5 | collision=0/5 | mean_final_distance=0.251 | mean_progress=0.0120 | min_laser=0.519 | mean_lin=0.961 | mean_ang=-0.349 | mean_robot_dist=inf | raw_reward=20.000 | adjusted_reward=20.000 | coop_agents=0/5 | mean_coop_neighbors=0.00 | active_neighbor_step_rate=0.594 | mean_active_neighbors_step=1.531 | max_active_neighbors_step=4 | interaction_reward=0.0000 | abs_interaction_reward=0.0000 | anti_stag_reward=0.0000 | abs_anti_stag_reward=0.0000 | wall_clear_reward=0.0000 | abs_wall_clear_reward=0.0000 | local_nav_reward=0.0000 | abs_local_nav_reward=0.0000 | robot_proximity_reward=-0.5166 | abs_robot_proximity_reward=0.5166 | robot_clearance_reward=0.0417 | context_neighbors_mean=1.56 | context_neighbors_max=4 | last_context_neighbors_mean=0.00 | last_context_neighbors_max=0 | actor_unlocked=0 | expl_noise=0.0764 | replay=14118 | interaction_replay=6008 | samples/sec=11.117
Status | epoch=1 | next_eval_in=5882 agent_samples | checkpoint_every=10 episodes | checkpoint=./checkpoints/interaction_focused_actor_from_5a_s20260725_latest.pt | model=interaction_focused_actor_from_5a_s20260725
Checkpoint saved: ./checkpoints/interaction_focused_actor_from_5a_s20260725_latest.pt
Episode 171 complete | agent_samples=14162 | env_steps=5813 | episode_env_steps=10 | episode_agent_samples=44 | mean_reward=28.857 | success=3/5 | collision=2/5 | mean_final_distance=0.431 | mean_progress=0.0450 | min_laser=0.313 | mean_lin=0.965 | mean_ang=-0.498 | mean_robot_dist=0.577 | raw_reward=-43.320 | adjusted_reward=-43.320 | coop_agents=2/5 | mean_coop_neighbors=0.40 | active_neighbor_step_rate=0.977 | mean_active_neighbors_step=2.364 | max_active_neighbors_step=4 | interaction_reward=0.0000 | abs_interaction_reward=0.0000 | anti_stag_reward=0.0000 | abs_anti_stag_reward=0.0000 | wall_clear_reward=0.0000 | abs_wall_clear_reward=0.0000 | local_nav_reward=0.0000 | abs_local_nav_reward=0.0000 | robot_proximity_reward=-0.8306 | abs_robot_proximity_reward=0.8306 | robot_clearance_reward=0.0371 | context_neighbors_mean=2.43 | context_neighbors_max=4 | last_context_neighbors_mean=0.00 | last_context_neighbors_max=0 | actor_unlocked=0 | expl_noise=0.0764 | replay=14162 | interaction_replay=6052 | samples/sec=11.129
Episode 172 complete | agent_samples=14213 | env_steps=5834 | episode_env_steps=21 | episode_agent_samples=51 | mean_reward=24.292 | success=3/5 | collision=2/5 | mean_final_distance=0.498 | mean_progress=0.0071 | min_laser=0.300 | mean_lin=0.966 | mean_ang=-0.031 | mean_robot_dist=inf | raw_reward=20.000 | adjusted_reward=20.000 | coop_agents=0/5 | mean_coop_neighbors=0.00 | active_neighbor_step_rate=0.784 | mean_active_neighbors_step=1.627 | max_active_neighbors_step=4 | interaction_reward=0.0000 | abs_interaction_reward=0.0000 | anti_stag_reward=0.0000 | abs_anti_stag_reward=0.0000 | wall_clear_reward=0.0000 | abs_wall_clear_reward=0.0000 | local_nav_reward=0.0000 | abs_local_nav_reward=0.0000 | robot_proximity_reward=-0.8389 | abs_robot_proximity_reward=0.8389 | robot_clearance_reward=0.0392 | context_neighbors_mean=1.71 | context_neighbors_max=4 | last_context_neighbors_mean=0.00 | last_context_neighbors_max=0 | actor_unlocked=0 | expl_noise=0.0764 | replay=14213 | interaction_replay=6085 | samples/sec=11.128
Episode 173 complete | agent_samples=14318 | env_steps=5904 | episode_env_steps=70 | episode_agent_samples=105 | mean_reward=27.402 | success=3/5 | collision=2/5 | mean_final_distance=0.476 | mean_progress=0.0118 | min_laser=0.300 | mean_lin=0.759 | mean_ang=-0.094 | mean_robot_dist=inf | raw_reward=20.000 | adjusted_reward=20.000 | coop_agents=0/5 | mean_coop_neighbors=0.00 | active_neighbor_step_rate=0.400 | mean_active_neighbors_step=1.000 | max_active_neighbors_step=4 | interaction_reward=0.0000 | abs_interaction_reward=0.0000 | anti_stag_reward=0.0000 | abs_anti_stag_reward=0.0000 | wall_clear_reward=0.0000 | abs_wall_clear_reward=0.0000 | local_nav_reward=0.0000 | abs_local_nav_reward=0.0000 | robot_proximity_reward=-0.4615 | abs_robot_proximity_reward=0.4615 | robot_clearance_reward=0.0016 | context_neighbors_mean=1.05 | context_neighbors_max=4 | last_context_neighbors_mean=0.00 | last_context_neighbors_max=0 | actor_unlocked=0 | expl_noise=0.0763 | replay=14318 | interaction_replay=6125 | samples/sec=11.079
Episode 174 complete | agent_samples=14382 | env_steps=5922 | episode_env_steps=18 | episode_agent_samples=64 | mean_reward=76.669 | success=4/5 | collision=1/5 | mean_final_distance=0.549 | mean_progress=0.0166 | min_laser=0.301 | mean_lin=0.594 | mean_ang=-0.515 | mean_robot_dist=inf | raw_reward=20.000 | adjusted_reward=20.000 | coop_agents=0/5 | mean_coop_neighbors=0.00 | active_neighbor_step_rate=0.828 | mean_active_neighbors_step=1.844 | max_active_neighbors_step=4 | interaction_reward=0.0000 | abs_interaction_reward=0.0000 | anti_stag_reward=0.0000 | abs_anti_stag_reward=0.0000 | wall_clear_reward=0.0000 | abs_wall_clear_reward=0.0000 | local_nav_reward=0.0000 | abs_local_nav_reward=0.0000 | robot_proximity_reward=-0.3809 | abs_robot_proximity_reward=0.3809 | robot_clearance_reward=0.0000 | context_neighbors_mean=1.86 | context_neighbors_max=4 | last_context_neighbors_mean=0.00 | last_context_neighbors_max=0 | actor_unlocked=0 | expl_noise=0.0763 | replay=14382 | interaction_replay=6147 | samples/sec=11.095
Episode 175 complete | agent_samples=14509 | env_steps=5965 | episode_env_steps=43 | episode_agent_samples=127 | mean_reward=121.741 | success=5/5 | collision=0/5 | mean_final_distance=0.240 | mean_progress=0.0031 | min_laser=0.376 | mean_lin=0.991 | mean_ang=-0.922 | mean_robot_dist=inf | raw_reward=20.000 | adjusted_reward=20.000 | coop_agents=0/5 | mean_coop_neighbors=0.00 | active_neighbor_step_rate=0.717 | mean_active_neighbors_step=1.669 | max_active_neighbors_step=4 | interaction_reward=0.0000 | abs_interaction_reward=0.0000 | anti_stag_reward=0.0000 | abs_anti_stag_reward=0.0000 | wall_clear_reward=0.0000 | abs_wall_clear_reward=0.0000 | local_nav_reward=0.0000 | abs_local_nav_reward=0.0000 | robot_proximity_reward=-0.2244 | abs_robot_proximity_reward=0.2244 | robot_clearance_reward=0.0315 | context_neighbors_mean=1.72 | context_neighbors_max=4 | last_context_neighbors_mean=0.00 | last_context_neighbors_max=0 | actor_unlocked=0 | expl_noise=0.0763 | replay=14509 | interaction_replay=6173 | samples/sec=11.112
Status | epoch=1 | next_eval_in=5491 agent_samples | checkpoint_every=10 episodes | checkpoint=./checkpoints/interaction_focused_actor_from_5a_s20260725_latest.pt | model=interaction_focused_actor_from_5a_s20260725
Episode 176 complete | agent_samples=14575 | env_steps=5999 | episode_env_steps=34 | episode_agent_samples=66 | mean_reward=11.271 | success=3/5 | collision=2/5 | mean_final_distance=0.646 | mean_progress=0.0021 | min_laser=0.301 | mean_lin=0.887 | mean_ang=0.411 | mean_robot_dist=inf | raw_reward=20.000 | adjusted_reward=20.000 | coop_agents=0/5 | mean_coop_neighbors=0.00 | active_neighbor_step_rate=0.545 | mean_active_neighbors_step=1.121 | max_active_neighbors_step=4 | interaction_reward=0.0000 | abs_interaction_reward=0.0000 | anti_stag_reward=0.0000 | abs_anti_stag_reward=0.0000 | wall_clear_reward=0.0000 | abs_wall_clear_reward=0.0000 | local_nav_reward=0.0000 | abs_local_nav_reward=0.0000 | robot_proximity_reward=-0.7406 | abs_robot_proximity_reward=0.7406 | robot_clearance_reward=0.0000 | context_neighbors_mean=1.14 | context_neighbors_max=4 | last_context_neighbors_mean=0.00 | last_context_neighbors_max=0 | actor_unlocked=0 | expl_noise=0.0763 | replay=14575 | interaction_replay=6181 | samples/sec=11.100
Episode 177 complete | agent_samples=14634 | env_steps=6014 | episode_env_steps=15 | episode_agent_samples=59 | mean_reward=-13.928 | success=2/5 | collision=3/5 | mean_final_distance=0.750 | mean_progress=0.0227 | min_laser=0.300 | mean_lin=0.601 | mean_ang=-0.175 | mean_robot_dist=inf | raw_reward=20.000 | adjusted_reward=20.000 | coop_agents=0/5 | mean_coop_neighbors=0.00 | active_neighbor_step_rate=0.983 | mean_active_neighbors_step=2.864 | max_active_neighbors_step=4 | interaction_reward=0.0000 | abs_interaction_reward=0.0000 | anti_stag_reward=0.0000 | abs_anti_stag_reward=0.0000 | wall_clear_reward=0.0000 | abs_wall_clear_reward=0.0000 | local_nav_reward=0.0000 | abs_local_nav_reward=0.0000 | robot_proximity_reward=-0.6680 | abs_robot_proximity_reward=0.6680 | robot_clearance_reward=0.0000 | context_neighbors_mean=2.88 | context_neighbors_max=4 | last_context_neighbors_mean=0.00 | last_context_neighbors_max=0 | actor_unlocked=0 | expl_noise=0.0762 | replay=14634 | interaction_replay=6208 | samples/sec=11.117
Episode 178 complete | agent_samples=14699 | env_steps=6038 | episode_env_steps=24 | episode_agent_samples=65 | mean_reward=112.008 | success=5/5 | collision=0/5 | mean_final_distance=0.230 | mean_progress=0.0237 | min_laser=0.517 | mean_lin=0.925 | mean_ang=0.472 | mean_robot_dist=inf | raw_reward=20.000 | adjusted_reward=20.000 | coop_agents=0/5 | mean_coop_neighbors=0.00 | active_neighbor_step_rate=0.769 | mean_active_neighbors_step=1.738 | max_active_neighbors_step=4 | interaction_reward=0.0000 | abs_interaction_reward=0.0000 | anti_stag_reward=0.0000 | abs_anti_stag_reward=0.0000 | wall_clear_reward=0.0000 | abs_wall_clear_reward=0.0000 | local_nav_reward=0.0000 | abs_local_nav_reward=0.0000 | robot_proximity_reward=-0.0960 | abs_robot_proximity_reward=0.0960 | robot_clearance_reward=0.0002 | context_neighbors_mean=1.77 | context_neighbors_max=4 | last_context_neighbors_mean=0.00 | last_context_neighbors_max=0 | actor_unlocked=0 | expl_noise=0.0762 | replay=14699 | interaction_replay=6232 | samples/sec=11.122
Episode 179 complete | agent_samples=14777 | env_steps=6061 | episode_env_steps=23 | episode_agent_samples=78 | mean_reward=42.218 | success=3/5 | collision=2/5 | mean_final_distance=0.589 | mean_progress=0.0172 | min_laser=0.322 | mean_lin=0.963 | mean_ang=-0.595 | mean_robot_dist=inf | raw_reward=20.000 | adjusted_reward=20.000 | coop_agents=0/5 | mean_coop_neighbors=0.00 | active_neighbor_step_rate=0.756 | mean_active_neighbors_step=1.949 | max_active_neighbors_step=4 | interaction_reward=0.0000 | abs_interaction_reward=0.0000 | anti_stag_reward=0.0000 | abs_anti_stag_reward=0.0000 | wall_clear_reward=0.0000 | abs_wall_clear_reward=0.0000 | local_nav_reward=0.0000 | abs_local_nav_reward=0.0000 | robot_proximity_reward=0.0000 | abs_robot_proximity_reward=0.0000 | robot_clearance_reward=0.0000 | context_neighbors_mean=1.95 | context_neighbors_max=4 | last_context_neighbors_mean=0.00 | last_context_neighbors_max=0 | actor_unlocked=0 | expl_noise=0.0762 | replay=14777 | interaction_replay=6252 | samples/sec=11.138
Episode 180 complete | agent_samples=14825 | env_steps=6072 | episode_env_steps=11 | episode_agent_samples=48 | mean_reward=16.428 | success=3/5 | collision=2/5 | mean_final_distance=0.716 | mean_progress=0.0425 | min_laser=0.300 | mean_lin=0.779 | mean_ang=0.130 | mean_robot_dist=0.488 | raw_reward=-43.800 | adjusted_reward=-43.800 | coop_agents=2/5 | mean_coop_neighbors=0.40 | active_neighbor_step_rate=0.896 | mean_active_neighbors_step=2.792 | max_active_neighbors_step=4 | interaction_reward=0.0000 | abs_interaction_reward=0.0000 | anti_stag_reward=0.0000 | abs_anti_stag_reward=0.0000 | wall_clear_reward=0.0000 | abs_wall_clear_reward=0.0000 | local_nav_reward=0.0000 | abs_local_nav_reward=0.0000 | robot_proximity_reward=-1.3172 | abs_robot_proximity_reward=1.3172 | robot_clearance_reward=0.0000 | context_neighbors_mean=2.81 | context_neighbors_max=4 | last_context_neighbors_mean=0.00 | last_context_neighbors_max=0 | actor_unlocked=0 | expl_noise=0.0762 | replay=14825 | interaction_replay=6284 | samples/sec=11.152
Status | epoch=1 | next_eval_in=5175 agent_samples | checkpoint_every=10 episodes | checkpoint=./checkpoints/interaction_focused_actor_from_5a_s20260725_latest.pt | model=interaction_focused_actor_from_5a_s20260725
Checkpoint saved: ./checkpoints/interaction_focused_actor_from_5a_s20260725_latest.pt
Episode 181 complete | agent_samples=14891 | env_steps=6090 | episode_env_steps=18 | episode_agent_samples=66 | mean_reward=-38.377 | success=1/5 | collision=4/5 | mean_final_distance=1.196 | mean_progress=0.0261 | min_laser=0.300 | mean_lin=0.600 | mean_ang=-0.200 | mean_robot_dist=inf | raw_reward=20.000 | adjusted_reward=20.000 | coop_agents=0/5 | mean_coop_neighbors=0.00 | active_neighbor_step_rate=0.894 | mean_active_neighbors_step=2.303 | max_active_neighbors_step=4 | interaction_reward=0.0000 | abs_interaction_reward=0.0000 | anti_stag_reward=0.0000 | abs_anti_stag_reward=0.0000 | wall_clear_reward=0.0000 | abs_wall_clear_reward=0.0000 | local_nav_reward=0.0000 | abs_local_nav_reward=0.0000 | robot_proximity_reward=-0.4148 | abs_robot_proximity_reward=0.4148 | robot_clearance_reward=0.0000 | context_neighbors_mean=2.35 | context_neighbors_max=4 | last_context_neighbors_mean=0.00 | last_context_neighbors_max=0 | actor_unlocked=0 | expl_noise=0.0762 | replay=14891 | interaction_replay=6315 | samples/sec=11.165
Episode 182 complete | agent_samples=15041 | env_steps=6153 | episode_env_steps=63 | episode_agent_samples=150 | mean_reward=21.418 | success=3/5 | collision=2/5 | mean_final_distance=0.916 | mean_progress=0.0103 | min_laser=0.300 | mean_lin=0.613 | mean_ang=0.068 | mean_robot_dist=inf | raw_reward=-20.000 | adjusted_reward=-20.000 | coop_agents=0/5 | mean_coop_neighbors=0.00 | active_neighbor_step_rate=0.680 | mean_active_neighbors_step=1.393 | max_active_neighbors_step=4 | interaction_reward=0.0000 | abs_interaction_reward=0.0000 | anti_stag_reward=0.0000 | abs_anti_stag_reward=0.0000 | wall_clear_reward=0.0000 | abs_wall_clear_reward=0.0000 | local_nav_reward=0.0000 | abs_local_nav_reward=0.0000 | robot_proximity_reward=-0.5906 | abs_robot_proximity_reward=0.5906 | robot_clearance_reward=0.0619 | context_neighbors_mean=1.39 | context_neighbors_max=4 | last_context_neighbors_mean=0.00 | last_context_neighbors_max=0 | actor_unlocked=0 | expl_noise=0.0762 | replay=15041 | interaction_replay=6352 | samples/sec=11.163
Episode 183 complete | agent_samples=15103 | env_steps=6177 | episode_env_steps=24 | episode_agent_samples=62 | mean_reward=110.965 | success=5/5 | collision=0/5 | mean_final_distance=0.242 | mean_progress=0.0091 | min_laser=0.411 | mean_lin=0.801 | mean_ang=-0.254 | mean_robot_dist=inf | raw_reward=20.000 | adjusted_reward=20.000 | coop_agents=0/5 | mean_coop_neighbors=0.00 | active_neighbor_step_rate=0.758 | mean_active_neighbors_step=1.532 | max_active_neighbors_step=4 | interaction_reward=0.0000 | abs_interaction_reward=0.0000 | anti_stag_reward=0.0000 | abs_anti_stag_reward=0.0000 | wall_clear_reward=0.0000 | abs_wall_clear_reward=0.0000 | local_nav_reward=0.0000 | abs_local_nav_reward=0.0000 | robot_proximity_reward=-0.4559 | abs_robot_proximity_reward=0.4559 | robot_clearance_reward=0.0784 | context_neighbors_mean=1.55 | context_neighbors_max=4 | last_context_neighbors_mean=0.00 | last_context_neighbors_max=0 | actor_unlocked=0 | expl_noise=0.0761 | replay=15103 | interaction_replay=6399 | samples/sec=11.166
Episode 184 complete | agent_samples=15144 | env_steps=6188 | episode_env_steps=11 | episode_agent_samples=41 | mean_reward=23.271 | success=3/5 | collision=2/5 | mean_final_distance=0.504 | mean_progress=0.0280 | min_laser=0.308 | mean_lin=0.946 | mean_ang=-0.088 | mean_robot_dist=inf | raw_reward=20.000 | adjusted_reward=20.000 | coop_agents=0/5 | mean_coop_neighbors=0.00 | active_neighbor_step_rate=0.878 | mean_active_neighbors_step=2.341 | max_active_neighbors_step=4 | interaction_reward=0.0000 | abs_interaction_reward=0.0000 | anti_stag_reward=0.0000 | abs_anti_stag_reward=0.0000 | wall_clear_reward=0.0000 | abs_wall_clear_reward=0.0000 | local_nav_reward=0.0000 | abs_local_nav_reward=0.0000 | robot_proximity_reward=-1.2309 | abs_robot_proximity_reward=1.2309 | robot_clearance_reward=0.0070 | context_neighbors_mean=2.49 | context_neighbors_max=4 | last_context_neighbors_mean=0.00 | last_context_neighbors_max=0 | actor_unlocked=0 | expl_noise=0.0761 | replay=15144 | interaction_replay=6434 | samples/sec=11.175
Episode 185 complete | agent_samples=15226 | env_steps=6217 | episode_env_steps=29 | episode_agent_samples=82 | mean_reward=120.307 | success=5/5 | collision=0/5 | mean_final_distance=0.262 | mean_progress=0.0157 | min_laser=0.861 | mean_lin=0.941 | mean_ang=-0.202 | mean_robot_dist=inf | raw_reward=20.000 | adjusted_reward=20.000 | coop_agents=0/5 | mean_coop_neighbors=0.00 | active_neighbor_step_rate=0.683 | mean_active_neighbors_step=1.524 | max_active_neighbors_step=4 | interaction_reward=0.0000 | abs_interaction_reward=0.0000 | anti_stag_reward=0.0000 | abs_anti_stag_reward=0.0000 | wall_clear_reward=0.0000 | abs_wall_clear_reward=0.0000 | local_nav_reward=0.0000 | abs_local_nav_reward=0.0000 | robot_proximity_reward=-0.0117 | abs_robot_proximity_reward=0.0117 | robot_clearance_reward=0.0057 | context_neighbors_mean=1.61 | context_neighbors_max=4 | last_context_neighbors_mean=0.00 | last_context_neighbors_max=0 | actor_unlocked=0 | expl_noise=0.0761 | replay=15226 | interaction_replay=6490 | samples/sec=11.183
Status | epoch=1 | next_eval_in=4774 agent_samples | checkpoint_every=10 episodes | checkpoint=./checkpoints/interaction_focused_actor_from_5a_s20260725_latest.pt | model=interaction_focused_actor_from_5a_s20260725
Episode 186 complete | agent_samples=15272 | env_steps=6229 | episode_env_steps=12 | episode_agent_samples=46 | mean_reward=14.005 | success=3/5 | collision=2/5 | mean_final_distance=0.500 | mean_progress=0.0070 | min_laser=0.300 | mean_lin=0.700 | mean_ang=0.302 | mean_robot_dist=inf | raw_reward=20.000 | adjusted_reward=20.000 | coop_agents=0/5 | mean_coop_neighbors=0.00 | active_neighbor_step_rate=0.891 | mean_active_neighbors_step=2.174 | max_active_neighbors_step=4 | interaction_reward=0.0000 | abs_interaction_reward=0.0000 | anti_stag_reward=0.0000 | abs_anti_stag_reward=0.0000 | wall_clear_reward=0.0000 | abs_wall_clear_reward=0.0000 | local_nav_reward=0.0000 | abs_local_nav_reward=0.0000 | robot_proximity_reward=-0.9597 | abs_robot_proximity_reward=0.9597 | robot_clearance_reward=0.0102 | context_neighbors_mean=2.24 | context_neighbors_max=4 | last_context_neighbors_mean=0.00 | last_context_neighbors_max=0 | actor_unlocked=0 | expl_noise=0.0761 | replay=15272 | interaction_replay=6531 | samples/sec=11.194
Episode 187 complete | agent_samples=15367 | env_steps=6262 | episode_env_steps=33 | episode_agent_samples=95 | mean_reward=115.754 | success=5/5 | collision=0/5 | mean_final_distance=0.241 | mean_progress=0.0104 | min_laser=0.604 | mean_lin=0.951 | mean_ang=-0.200 | mean_robot_dist=inf | raw_reward=20.000 | adjusted_reward=20.000 | coop_agents=0/5 | mean_coop_neighbors=0.00 | active_neighbor_step_rate=0.653 | mean_active_neighbors_step=1.463 | max_active_neighbors_step=4 | interaction_reward=0.0000 | abs_interaction_reward=0.0000 | anti_stag_reward=0.0000 | abs_anti_stag_reward=0.0000 | wall_clear_reward=0.0000 | abs_wall_clear_reward=0.0000 | local_nav_reward=0.0000 | abs_local_nav_reward=0.0000 | robot_proximity_reward=-0.3127 | abs_robot_proximity_reward=0.3127 | robot_clearance_reward=0.0736 | context_neighbors_mean=1.47 | context_neighbors_max=4 | last_context_neighbors_mean=0.00 | last_context_neighbors_max=0 | actor_unlocked=0 | expl_noise=0.0761 | replay=15367 | interaction_replay=6557 | samples/sec=11.205
Episode 188 complete | agent_samples=15414 | env_steps=6273 | episode_env_steps=11 | episode_agent_samples=47 | mean_reward=117.487 | success=5/5 | collision=0/5 | mean_final_distance=0.256 | mean_progress=0.0343 | min_laser=0.939 | mean_lin=0.974 | mean_ang=0.946 | mean_robot_dist=inf | raw_reward=40.000 | adjusted_reward=40.000 | coop_agents=0/5 | mean_coop_neighbors=0.00 | active_neighbor_step_rate=0.872 | mean_active_neighbors_step=1.872 | max_active_neighbors_step=4 | interaction_reward=0.0000 | abs_interaction_reward=0.0000 | anti_stag_reward=0.0000 | abs_anti_stag_reward=0.0000 | wall_clear_reward=0.0000 | abs_wall_clear_reward=0.0000 | local_nav_reward=0.0000 | abs_local_nav_reward=0.0000 | robot_proximity_reward=-0.0154 | abs_robot_proximity_reward=0.0154 | robot_clearance_reward=0.0024 | context_neighbors_mean=2.02 | context_neighbors_max=4 | last_context_neighbors_mean=0.00 | last_context_neighbors_max=0 | actor_unlocked=0 | expl_noise=0.0761 | replay=15414 | interaction_replay=6595 | samples/sec=11.218
Episode 189 complete | agent_samples=15489 | env_steps=6304 | episode_env_steps=31 | episode_agent_samples=75 | mean_reward=123.629 | success=5/5 | collision=0/5 | mean_final_distance=0.248 | mean_progress=0.0215 | min_laser=0.643 | mean_lin=0.968 | mean_ang=0.136 | mean_robot_dist=inf | raw_reward=20.000 | adjusted_reward=20.000 | coop_agents=0/5 | mean_coop_neighbors=0.00 | active_neighbor_step_rate=0.440 | mean_active_neighbors_step=1.173 | max_active_neighbors_step=3 | interaction_reward=0.0000 | abs_interaction_reward=0.0000 | anti_stag_reward=0.0000 | abs_anti_stag_reward=0.0000 | wall_clear_reward=0.0000 | abs_wall_clear_reward=0.0000 | local_nav_reward=0.0000 | abs_local_nav_reward=0.0000 | robot_proximity_reward=-0.1469 | abs_robot_proximity_reward=0.1469 | robot_clearance_reward=0.0533 | context_neighbors_mean=1.24 | context_neighbors_max=3 | last_context_neighbors_mean=0.00 | last_context_neighbors_max=0 | actor_unlocked=0 | expl_noise=0.0761 | replay=15489 | interaction_replay=6615 | samples/sec=11.217
Episode 190 complete | agent_samples=15581 | env_steps=6331 | episode_env_steps=27 | episode_agent_samples=92 | mean_reward=36.837 | success=3/5 | collision=2/5 | mean_final_distance=0.435 | mean_progress=0.0235 | min_laser=0.300 | mean_lin=0.772 | mean_ang=-0.487 | mean_robot_dist=inf | raw_reward=20.000 | adjusted_reward=20.000 | coop_agents=0/5 | mean_coop_neighbors=0.00 | active_neighbor_step_rate=0.707 | mean_active_neighbors_step=1.902 | max_active_neighbors_step=4 | interaction_reward=0.0000 | abs_interaction_reward=0.0000 | anti_stag_reward=0.0000 | abs_anti_stag_reward=0.0000 | wall_clear_reward=0.0000 | abs_wall_clear_reward=0.0000 | local_nav_reward=0.0000 | abs_local_nav_reward=0.0000 | robot_proximity_reward=-0.4711 | abs_robot_proximity_reward=0.4711 | robot_clearance_reward=0.0565 | context_neighbors_mean=1.91 | context_neighbors_max=4 | last_context_neighbors_mean=0.00 | last_context_neighbors_max=0 | actor_unlocked=0 | expl_noise=0.0760 | replay=15581 | interaction_replay=6656 | samples/sec=11.236
Status | epoch=1 | next_eval_in=4419 agent_samples | checkpoint_every=10 episodes | checkpoint=./checkpoints/interaction_focused_actor_from_5a_s20260725_latest.pt | model=interaction_focused_actor_from_5a_s20260725
Checkpoint saved: ./checkpoints/interaction_focused_actor_from_5a_s20260725_latest.pt
Episode 191 complete | agent_samples=15690 | env_steps=6370 | episode_env_steps=39 | episode_agent_samples=109 | mean_reward=83.838 | success=4/5 | collision=1/5 | mean_final_distance=0.505 | mean_progress=0.0040 | min_laser=0.326 | mean_lin=0.675 | mean_ang=-0.265 | mean_robot_dist=inf | raw_reward=20.000 | adjusted_reward=20.000 | coop_agents=0/5 | mean_coop_neighbors=0.00 | active_neighbor_step_rate=0.706 | mean_active_neighbors_step=1.523 | max_active_neighbors_step=4 | interaction_reward=0.0000 | abs_interaction_reward=0.0000 | anti_stag_reward=0.0000 | abs_anti_stag_reward=0.0000 | wall_clear_reward=0.0000 | abs_wall_clear_reward=0.0000 | local_nav_reward=0.0000 | abs_local_nav_reward=0.0000 | robot_proximity_reward=0.0000 | abs_robot_proximity_reward=0.0000 | robot_clearance_reward=0.0000 | context_neighbors_mean=1.55 | context_neighbors_max=4 | last_context_neighbors_mean=0.00 | last_context_neighbors_max=0 | actor_unlocked=0 | expl_noise=0.0760 | replay=15690 | interaction_replay=6664 | samples/sec=11.242
Episode 192 complete | agent_samples=15772 | env_steps=6415 | episode_env_steps=45 | episode_agent_samples=82 | mean_reward=14.260 | success=3/5 | collision=2/5 | mean_final_distance=0.495 | mean_progress=0.0082 | min_laser=0.300 | mean_lin=1.000 | mean_ang=-0.116 | mean_robot_dist=inf | raw_reward=20.000 | adjusted_reward=20.000 | coop_agents=0/5 | mean_coop_neighbors=0.00 | active_neighbor_step_rate=0.549 | mean_active_neighbors_step=1.488 | max_active_neighbors_step=4 | interaction_reward=0.0000 | abs_interaction_reward=0.0000 | anti_stag_reward=0.0000 | abs_anti_stag_reward=0.0000 | wall_clear_reward=0.0000 | abs_wall_clear_reward=0.0000 | local_nav_reward=0.0000 | abs_local_nav_reward=0.0000 | robot_proximity_reward=-0.9173 | abs_robot_proximity_reward=0.9173 | robot_clearance_reward=0.0244 | context_neighbors_mean=1.51 | context_neighbors_max=4 | last_context_neighbors_mean=0.00 | last_context_neighbors_max=0 | actor_unlocked=0 | expl_noise=0.0760 | replay=15772 | interaction_replay=6709 | samples/sec=11.223
Episode 193 complete | agent_samples=16125 | env_steps=6715 | episode_env_steps=300 | episode_agent_samples=353 | mean_reward=96.387 | success=4/5 | collision=0/5 | mean_final_distance=0.612 | mean_progress=0.0000 | min_laser=0.698 | mean_lin=0.800 | mean_ang=-0.091 | mean_robot_dist=inf | raw_reward=-0.037 | adjusted_reward=-0.037 | coop_agents=0/5 | mean_coop_neighbors=0.00 | active_neighbor_step_rate=0.170 | mean_active_neighbors_step=0.411 | max_active_neighbors_step=4 | interaction_reward=0.0000 | abs_interaction_reward=0.0000 | anti_stag_reward=0.0000 | abs_anti_stag_reward=0.0000 | wall_clear_reward=0.0000 | abs_wall_clear_reward=0.0000 | local_nav_reward=0.0000 | abs_local_nav_reward=0.0000 | robot_proximity_reward=0.0000 | abs_robot_proximity_reward=0.0000 | robot_clearance_reward=0.0000 | context_neighbors_mean=0.42 | context_neighbors_max=4 | last_context_neighbors_mean=0.00 | last_context_neighbors_max=0 | actor_unlocked=0 | expl_noise=0.0758 | replay=16125 | interaction_replay=6737 | samples/sec=10.972
Episode 194 complete | agent_samples=16184 | env_steps=6735 | episode_env_steps=20 | episode_agent_samples=59 | mean_reward=100.848 | success=5/5 | collision=0/5 | mean_final_distance=0.217 | mean_progress=0.0277 | min_laser=0.470 | mean_lin=0.977 | mean_ang=0.587 | mean_robot_dist=inf | raw_reward=20.000 | adjusted_reward=20.000 | coop_agents=0/5 | mean_coop_neighbors=0.00 | active_neighbor_step_rate=0.847 | mean_active_neighbors_step=2.305 | max_active_neighbors_step=4 | interaction_reward=0.0000 | abs_interaction_reward=0.0000 | anti_stag_reward=0.0000 | abs_anti_stag_reward=0.0000 | wall_clear_reward=0.0000 | abs_wall_clear_reward=0.0000 | local_nav_reward=0.0000 | abs_local_nav_reward=0.0000 | robot_proximity_reward=-0.8528 | abs_robot_proximity_reward=0.8528 | robot_clearance_reward=0.0678 | context_neighbors_mean=2.32 | context_neighbors_max=4 | last_context_neighbors_mean=0.00 | last_context_neighbors_max=0 | actor_unlocked=0 | expl_noise=0.0758 | replay=16184 | interaction_replay=6785 | samples/sec=10.979
Episode 195 complete | agent_samples=16254 | env_steps=6756 | episode_env_steps=21 | episode_agent_samples=70 | mean_reward=72.189 | success=4/5 | collision=1/5 | mean_final_distance=0.523 | mean_progress=0.0088 | min_laser=0.337 | mean_lin=0.990 | mean_ang=-0.199 | mean_robot_dist=inf | raw_reward=20.000 | adjusted_reward=20.000 | coop_agents=0/5 | mean_coop_neighbors=0.00 | active_neighbor_step_rate=0.714 | mean_active_neighbors_step=2.043 | max_active_neighbors_step=4 | interaction_reward=0.0000 | abs_interaction_reward=0.0000 | anti_stag_reward=0.0000 | abs_anti_stag_reward=0.0000 | wall_clear_reward=0.0000 | abs_wall_clear_reward=0.0000 | local_nav_reward=0.0000 | abs_local_nav_reward=0.0000 | robot_proximity_reward=0.0000 | abs_robot_proximity_reward=0.0000 | robot_clearance_reward=0.0000 | context_neighbors_mean=2.10 | context_neighbors_max=4 | last_context_neighbors_mean=0.00 | last_context_neighbors_max=0 | actor_unlocked=0 | expl_noise=0.0758 | replay=16254 | interaction_replay=6802 | samples/sec=10.992
Status | epoch=1 | next_eval_in=3746 agent_samples | checkpoint_every=10 episodes | checkpoint=./checkpoints/interaction_focused_actor_from_5a_s20260725_latest.pt | model=interaction_focused_actor_from_5a_s20260725
Episode 196 complete | agent_samples=16367 | env_steps=6828 | episode_env_steps=72 | episode_agent_samples=113 | mean_reward=19.227 | success=3/5 | collision=2/5 | mean_final_distance=0.494 | mean_progress=0.0079 | min_laser=0.300 | mean_lin=0.588 | mean_ang=-0.609 | mean_robot_dist=inf | raw_reward=20.000 | adjusted_reward=20.000 | coop_agents=0/5 | mean_coop_neighbors=0.00 | active_neighbor_step_rate=0.478 | mean_active_neighbors_step=1.389 | max_active_neighbors_step=4 | interaction_reward=0.0000 | abs_interaction_reward=0.0000 | anti_stag_reward=0.0000 | abs_anti_stag_reward=0.0000 | wall_clear_reward=0.0000 | abs_wall_clear_reward=0.0000 | local_nav_reward=0.0000 | abs_local_nav_reward=0.0000 | robot_proximity_reward=-0.2601 | abs_robot_proximity_reward=0.2601 | robot_clearance_reward=0.0000 | context_neighbors_mean=1.41 | context_neighbors_max=4 | last_context_neighbors_mean=0.00 | last_context_neighbors_max=0 | actor_unlocked=0 | expl_noise=0.0757 | replay=16367 | interaction_replay=6828 | samples/sec=10.953
Episode 197 complete | agent_samples=16477 | env_steps=6880 | episode_env_steps=52 | episode_agent_samples=110 | mean_reward=67.648 | success=4/5 | collision=1/5 | mean_final_distance=0.478 | mean_progress=0.0175 | min_laser=0.338 | mean_lin=0.749 | mean_ang=-0.126 | mean_robot_dist=inf | raw_reward=20.000 | adjusted_reward=20.000 | coop_agents=0/5 | mean_coop_neighbors=0.00 | active_neighbor_step_rate=0.464 | mean_active_neighbors_step=1.109 | max_active_neighbors_step=4 | interaction_reward=0.0000 | abs_interaction_reward=0.0000 | anti_stag_reward=0.0000 | abs_anti_stag_reward=0.0000 | wall_clear_reward=0.0000 | abs_wall_clear_reward=0.0000 | local_nav_reward=0.0000 | abs_local_nav_reward=0.0000 | robot_proximity_reward=-0.3100 | abs_robot_proximity_reward=0.3100 | robot_clearance_reward=0.0473 | context_neighbors_mean=1.15 | context_neighbors_max=4 | last_context_neighbors_mean=0.00 | last_context_neighbors_max=0 | actor_unlocked=0 | expl_noise=0.0757 | replay=16477 | interaction_replay=6876 | samples/sec=10.944
Episode 198 complete | agent_samples=16524 | env_steps=6897 | episode_env_steps=17 | episode_agent_samples=47 | mean_reward=20.718 | success=3/5 | collision=2/5 | mean_final_distance=0.585 | mean_progress=0.0198 | min_laser=0.317 | mean_lin=1.000 | mean_ang=-0.890 | mean_robot_dist=inf | raw_reward=20.000 | adjusted_reward=20.000 | coop_agents=0/5 | mean_coop_neighbors=0.00 | active_neighbor_step_rate=0.766 | mean_active_neighbors_step=1.787 | max_active_neighbors_step=4 | interaction_reward=0.0000 | abs_interaction_reward=0.0000 | anti_stag_reward=0.0000 | abs_anti_stag_reward=0.0000 | wall_clear_reward=0.0000 | abs_wall_clear_reward=0.0000 | local_nav_reward=0.0000 | abs_local_nav_reward=0.0000 | robot_proximity_reward=-1.4775 | abs_robot_proximity_reward=1.4775 | robot_clearance_reward=0.0557 | context_neighbors_mean=1.87 | context_neighbors_max=4 | last_context_neighbors_mean=0.00 | last_context_neighbors_max=0 | actor_unlocked=0 | expl_noise=0.0757 | replay=16524 | interaction_replay=6913 | samples/sec=10.947
Episode 199 complete | agent_samples=16594 | env_steps=6918 | episode_env_steps=21 | episode_agent_samples=70 | mean_reward=102.699 | success=5/5 | collision=0/5 | mean_final_distance=0.261 | mean_progress=0.0096 | min_laser=0.416 | mean_lin=0.806 | mean_ang=0.165 | mean_robot_dist=inf | raw_reward=20.000 | adjusted_reward=20.000 | coop_agents=0/5 | mean_coop_neighbors=0.00 | active_neighbor_step_rate=0.886 | mean_active_neighbors_step=1.529 | max_active_neighbors_step=4 | interaction_reward=0.0000 | abs_interaction_reward=0.0000 | anti_stag_reward=0.0000 | abs_anti_stag_reward=0.0000 | wall_clear_reward=0.0000 | abs_wall_clear_reward=0.0000 | local_nav_reward=0.0000 | abs_local_nav_reward=0.0000 | robot_proximity_reward=-0.5175 | abs_robot_proximity_reward=0.5175 | robot_clearance_reward=0.0571 | context_neighbors_mean=1.56 | context_neighbors_max=4 | last_context_neighbors_mean=0.00 | last_context_neighbors_max=0 | actor_unlocked=0 | expl_noise=0.0757 | replay=16594 | interaction_replay=6954 | samples/sec=10.960
Episode 200 complete | agent_samples=16641 | env_steps=6930 | episode_env_steps=12 | episode_agent_samples=47 | mean_reward=9.361 | success=3/5 | collision=2/5 | mean_final_distance=0.494 | mean_progress=0.0208 | min_laser=0.300 | mean_lin=0.799 | mean_ang=-0.073 | mean_robot_dist=inf | raw_reward=20.000 | adjusted_reward=20.000 | coop_agents=0/5 | mean_coop_neighbors=0.00 | active_neighbor_step_rate=0.915 | mean_active_neighbors_step=2.255 | max_active_neighbors_step=4 | interaction_reward=0.0000 | abs_interaction_reward=0.0000 | anti_stag_reward=0.0000 | abs_anti_stag_reward=0.0000 | wall_clear_reward=0.0000 | abs_wall_clear_reward=0.0000 | local_nav_reward=0.0000 | abs_local_nav_reward=0.0000 | robot_proximity_reward=-0.8760 | abs_robot_proximity_reward=0.8760 | robot_clearance_reward=0.1277 | context_neighbors_mean=2.34 | context_neighbors_max=4 | last_context_neighbors_mean=0.00 | last_context_neighbors_max=0 | actor_unlocked=0 | expl_noise=0.0757 | replay=16641 | interaction_replay=6995 | samples/sec=10.971
Status | epoch=1 | next_eval_in=3359 agent_samples | checkpoint_every=10 episodes | checkpoint=./checkpoints/interaction_focused_actor_from_5a_s20260725_latest.pt | model=interaction_focused_actor_from_5a_s20260725
Checkpoint saved: ./checkpoints/interaction_focused_actor_from_5a_s20260725_latest.pt
Episode 201 complete | agent_samples=16738 | env_steps=6973 | episode_env_steps=43 | episode_agent_samples=97 | mean_reward=23.453 | success=3/5 | collision=2/5 | mean_final_distance=0.679 | mean_progress=0.0153 | min_laser=0.301 | mean_lin=1.000 | mean_ang=-0.183 | mean_robot_dist=inf | raw_reward=20.000 | adjusted_reward=20.000 | coop_agents=0/5 | mean_coop_neighbors=0.00 | active_neighbor_step_rate=0.742 | mean_active_neighbors_step=1.856 | max_active_neighbors_step=4 | interaction_reward=0.0000 | abs_interaction_reward=0.0000 | anti_stag_reward=0.0000 | abs_anti_stag_reward=0.0000 | wall_clear_reward=0.0000 | abs_wall_clear_reward=0.0000 | local_nav_reward=0.0000 | abs_local_nav_reward=0.0000 | robot_proximity_reward=-0.4759 | abs_robot_proximity_reward=0.4759 | robot_clearance_reward=0.0000 | context_neighbors_mean=1.85 | context_neighbors_max=4 | last_context_neighbors_mean=0.00 | last_context_neighbors_max=0 | actor_unlocked=0 | expl_noise=0.0756 | replay=16738 | interaction_replay=7013 | samples/sec=10.965
Episode 202 complete | agent_samples=16798 | env_steps=7000 | episode_env_steps=27 | episode_agent_samples=60 | mean_reward=54.993 | success=4/5 | collision=1/5 | mean_final_distance=0.559 | mean_progress=0.0138 | min_laser=0.328 | mean_lin=0.943 | mean_ang=0.153 | mean_robot_dist=inf | raw_reward=20.000 | adjusted_reward=20.000 | coop_agents=0/5 | mean_coop_neighbors=0.00 | active_neighbor_step_rate=0.617 | mean_active_neighbors_step=1.333 | max_active_neighbors_step=4 | interaction_reward=0.0000 | abs_interaction_reward=0.0000 | anti_stag_reward=0.0000 | abs_anti_stag_reward=0.0000 | wall_clear_reward=0.0000 | abs_wall_clear_reward=0.0000 | local_nav_reward=0.0000 | abs_local_nav_reward=0.0000 | robot_proximity_reward=-0.6468 | abs_robot_proximity_reward=0.6468 | robot_clearance_reward=0.0000 | context_neighbors_mean=1.40 | context_neighbors_max=4 | last_context_neighbors_mean=0.00 | last_context_neighbors_max=0 | actor_unlocked=0 | expl_noise=0.0756 | replay=16798 | interaction_replay=7050 | samples/sec=10.962
Episode 203 complete | agent_samples=16859 | env_steps=7024 | episode_env_steps=24 | episode_agent_samples=61 | mean_reward=107.331 | success=5/5 | collision=0/5 | mean_final_distance=0.279 | mean_progress=0.0198 | min_laser=0.419 | mean_lin=0.757 | mean_ang=0.195 | mean_robot_dist=inf | raw_reward=20.000 | adjusted_reward=20.000 | coop_agents=0/5 | mean_coop_neighbors=0.00 | active_neighbor_step_rate=0.607 | mean_active_neighbors_step=1.721 | max_active_neighbors_step=4 | interaction_reward=0.0000 | abs_interaction_reward=0.0000 | anti_stag_reward=0.0000 | abs_anti_stag_reward=0.0000 | wall_clear_reward=0.0000 | abs_wall_clear_reward=0.0000 | local_nav_reward=0.0000 | abs_local_nav_reward=0.0000 | robot_proximity_reward=-0.6618 | abs_robot_proximity_reward=0.6618 | robot_clearance_reward=0.0328 | context_neighbors_mean=1.72 | context_neighbors_max=4 | last_context_neighbors_mean=0.00 | last_context_neighbors_max=0 | actor_unlocked=0 | expl_noise=0.0756 | replay=16859 | interaction_replay=7086 | samples/sec=10.964
Episode 204 complete | agent_samples=16922 | env_steps=7042 | episode_env_steps=18 | episode_agent_samples=63 | mean_reward=35.960 | success=3/5 | collision=2/5 | mean_final_distance=0.684 | mean_progress=0.0224 | min_laser=0.301 | mean_lin=1.000 | mean_ang=-0.141 | mean_robot_dist=inf | raw_reward=20.000 | adjusted_reward=20.000 | coop_agents=0/5 | mean_coop_neighbors=0.00 | active_neighbor_step_rate=0.714 | mean_active_neighbors_step=2.159 | max_active_neighbors_step=4 | interaction_reward=0.0000 | abs_interaction_reward=0.0000 | anti_stag_reward=0.0000 | abs_anti_stag_reward=0.0000 | wall_clear_reward=0.0000 | abs_wall_clear_reward=0.0000 | local_nav_reward=0.0000 | abs_local_nav_reward=0.0000 | robot_proximity_reward=-0.8848 | abs_robot_proximity_reward=0.8848 | robot_clearance_reward=0.0000 | context_neighbors_mean=2.25 | context_neighbors_max=4 | last_context_neighbors_mean=0.00 | last_context_neighbors_max=0 | actor_unlocked=0 | expl_noise=0.0756 | replay=16922 | interaction_replay=7131 | samples/sec=10.977
Episode 205 complete | agent_samples=17279 | env_steps=7342 | episode_env_steps=300 | episode_agent_samples=357 | mean_reward=94.752 | success=4/5 | collision=0/5 | mean_final_distance=0.648 | mean_progress=-0.0001 | min_laser=0.777 | mean_lin=0.800 | mean_ang=0.587 | mean_robot_dist=inf | raw_reward=-0.041 | adjusted_reward=-0.041 | coop_agents=0/5 | mean_coop_neighbors=0.00 | active_neighbor_step_rate=0.168 | mean_active_neighbors_step=0.415 | max_active_neighbors_step=4 | interaction_reward=0.0000 | abs_interaction_reward=0.0000 | anti_stag_reward=0.0000 | abs_anti_stag_reward=0.0000 | wall_clear_reward=0.0000 | abs_wall_clear_reward=0.0000 | local_nav_reward=0.0000 | abs_local_nav_reward=0.0000 | robot_proximity_reward=0.0000 | abs_robot_proximity_reward=0.0000 | robot_clearance_reward=0.0000 | context_neighbors_mean=0.42 | context_neighbors_max=4 | last_context_neighbors_mean=0.00 | last_context_neighbors_max=0 | actor_unlocked=0 | expl_noise=0.0754 | replay=17279 | interaction_replay=7166 | samples/sec=10.759
Status | epoch=1 | next_eval_in=2721 agent_samples | checkpoint_every=10 episodes | checkpoint=./checkpoints/interaction_focused_actor_from_5a_s20260725_latest.pt | model=interaction_focused_actor_from_5a_s20260725
Episode 206 complete | agent_samples=17389 | env_steps=7387 | episode_env_steps=45 | episode_agent_samples=110 | mean_reward=113.109 | success=5/5 | collision=0/5 | mean_final_distance=0.256 | mean_progress=0.0261 | min_laser=0.485 | mean_lin=1.000 | mean_ang=-0.633 | mean_robot_dist=inf | raw_reward=20.000 | adjusted_reward=20.000 | coop_agents=0/5 | mean_coop_neighbors=0.00 | active_neighbor_step_rate=0.682 | mean_active_neighbors_step=1.655 | max_active_neighbors_step=4 | interaction_reward=0.0000 | abs_interaction_reward=0.0000 | anti_stag_reward=0.0000 | abs_anti_stag_reward=0.0000 | wall_clear_reward=0.0000 | abs_wall_clear_reward=0.0000 | local_nav_reward=0.0000 | abs_local_nav_reward=0.0000 | robot_proximity_reward=-0.1375 | abs_robot_proximity_reward=0.1375 | robot_clearance_reward=0.0078 | context_neighbors_mean=1.65 | context_neighbors_max=4 | last_context_neighbors_mean=0.00 | last_context_neighbors_max=0 | actor_unlocked=0 | expl_noise=0.0754 | replay=17389 | interaction_replay=7190 | samples/sec=10.762
Episode 207 complete | agent_samples=17441 | env_steps=7400 | episode_env_steps=13 | episode_agent_samples=52 | mean_reward=106.021 | success=5/5 | collision=0/5 | mean_final_distance=0.235 | mean_progress=0.0375 | min_laser=0.618 | mean_lin=0.800 | mean_ang=0.522 | mean_robot_dist=inf | raw_reward=40.000 | adjusted_reward=40.000 | coop_agents=0/5 | mean_coop_neighbors=0.00 | active_neighbor_step_rate=0.865 | mean_active_neighbors_step=2.462 | max_active_neighbors_step=4 | interaction_reward=0.0000 | abs_interaction_reward=0.0000 | anti_stag_reward=0.0000 | abs_anti_stag_reward=0.0000 | wall_clear_reward=0.0000 | abs_wall_clear_reward=0.0000 | local_nav_reward=0.0000 | abs_local_nav_reward=0.0000 | robot_proximity_reward=-0.5534 | abs_robot_proximity_reward=0.5534 | robot_clearance_reward=0.0385 | context_neighbors_mean=2.52 | context_neighbors_max=4 | last_context_neighbors_mean=0.00 | last_context_neighbors_max=0 | actor_unlocked=0 | expl_noise=0.0754 | replay=17441 | interaction_replay=7230 | samples/sec=10.775
Episode 208 complete | agent_samples=17539 | env_steps=7445 | episode_env_steps=45 | episode_agent_samples=98 | mean_reward=118.618 | success=5/5 | collision=0/5 | mean_final_distance=0.240 | mean_progress=0.0132 | min_laser=0.406 | mean_lin=0.760 | mean_ang=-0.600 | mean_robot_dist=inf | raw_reward=20.000 | adjusted_reward=20.000 | coop_agents=0/5 | mean_coop_neighbors=0.00 | active_neighbor_step_rate=0.561 | mean_active_neighbors_step=1.582 | max_active_neighbors_step=4 | interaction_reward=0.0000 | abs_interaction_reward=0.0000 | anti_stag_reward=0.0000 | abs_anti_stag_reward=0.0000 | wall_clear_reward=0.0000 | abs_wall_clear_reward=0.0000 | local_nav_reward=0.0000 | abs_local_nav_reward=0.0000 | robot_proximity_reward=0.0000 | abs_robot_proximity_reward=0.0000 | robot_clearance_reward=0.0000 | context_neighbors_mean=1.58 | context_neighbors_max=4 | last_context_neighbors_mean=0.00 | last_context_neighbors_max=0 | actor_unlocked=0 | expl_noise=0.0753 | replay=17539 | interaction_replay=7240 | samples/sec=10.770
Episode 209 complete | agent_samples=17597 | env_steps=7469 | episode_env_steps=24 | episode_agent_samples=58 | mean_reward=13.334 | success=3/5 | collision=2/5 | mean_final_distance=0.551 | mean_progress=0.0231 | min_laser=0.300 | mean_lin=1.000 | mean_ang=0.138 | mean_robot_dist=inf | raw_reward=20.000 | adjusted_reward=20.000 | coop_agents=0/5 | mean_coop_neighbors=0.00 | active_neighbor_step_rate=0.655 | mean_active_neighbors_step=1.483 | max_active_neighbors_step=4 | interaction_reward=0.0000 | abs_interaction_reward=0.0000 | anti_stag_reward=0.0000 | abs_anti_stag_reward=0.0000 | wall_clear_reward=0.0000 | abs_wall_clear_reward=0.0000 | local_nav_reward=0.0000 | abs_local_nav_reward=0.0000 | robot_proximity_reward=-1.0424 | abs_robot_proximity_reward=1.0424 | robot_clearance_reward=0.0076 | context_neighbors_mean=1.55 | context_neighbors_max=4 | last_context_neighbors_mean=0.00 | last_context_neighbors_max=0 | actor_unlocked=0 | expl_noise=0.0753 | replay=17597 | interaction_replay=7280 | samples/sec=10.771
Episode 210 complete | agent_samples=17665 | env_steps=7493 | episode_env_steps=24 | episode_agent_samples=68 | mean_reward=38.499 | success=3/5 | collision=2/5 | mean_final_distance=0.389 | mean_progress=0.0021 | min_laser=0.300 | mean_lin=0.822 | mean_ang=-0.200 | mean_robot_dist=inf | raw_reward=20.000 | adjusted_reward=20.000 | coop_agents=0/5 | mean_coop_neighbors=0.00 | active_neighbor_step_rate=0.647 | mean_active_neighbors_step=1.471 | max_active_neighbors_step=4 | interaction_reward=0.0000 | abs_interaction_reward=0.0000 | anti_stag_reward=0.0000 | abs_anti_stag_reward=0.0000 | wall_clear_reward=0.0000 | abs_wall_clear_reward=0.0000 | local_nav_reward=0.0000 | abs_local_nav_reward=0.0000 | robot_proximity_reward=-0.5190 | abs_robot_proximity_reward=0.5190 | robot_clearance_reward=0.0000 | context_neighbors_mean=1.51 | context_neighbors_max=4 | last_context_neighbors_mean=0.00 | last_context_neighbors_max=0 | actor_unlocked=0 | expl_noise=0.0753 | replay=17665 | interaction_replay=7323 | samples/sec=10.778
Status | epoch=1 | next_eval_in=2335 agent_samples | checkpoint_every=10 episodes | checkpoint=./checkpoints/interaction_focused_actor_from_5a_s20260725_latest.pt | model=interaction_focused_actor_from_5a_s20260725
Checkpoint saved: ./checkpoints/interaction_focused_actor_from_5a_s20260725_latest.pt
Episode 211 complete | agent_samples=17775 | env_steps=7551 | episode_env_steps=58 | episode_agent_samples=110 | mean_reward=115.802 | success=5/5 | collision=0/5 | mean_final_distance=0.260 | mean_progress=0.0078 | min_laser=0.422 | mean_lin=1.000 | mean_ang=0.362 | mean_robot_dist=inf | raw_reward=20.000 | adjusted_reward=20.000 | coop_agents=0/5 | mean_coop_neighbors=0.00 | active_neighbor_step_rate=0.591 | mean_active_neighbors_step=1.636 | max_active_neighbors_step=4 | interaction_reward=0.0000 | abs_interaction_reward=0.0000 | anti_stag_reward=0.0000 | abs_anti_stag_reward=0.0000 | wall_clear_reward=0.0000 | abs_wall_clear_reward=0.0000 | local_nav_reward=0.0000 | abs_local_nav_reward=0.0000 | robot_proximity_reward=-0.2514 | abs_robot_proximity_reward=0.2514 | robot_clearance_reward=0.0545 | context_neighbors_mean=1.66 | context_neighbors_max=4 | last_context_neighbors_mean=0.00 | last_context_neighbors_max=0 | actor_unlocked=0 | expl_noise=0.0753 | replay=17775 | interaction_replay=7357 | samples/sec=10.759
Episode 212 complete | agent_samples=17880 | env_steps=7580 | episode_env_steps=29 | episode_agent_samples=105 | mean_reward=101.638 | success=5/5 | collision=0/5 | mean_final_distance=0.261 | mean_progress=0.0122 | min_laser=0.437 | mean_lin=0.800 | mean_ang=-0.260 | mean_robot_dist=inf | raw_reward=20.000 | adjusted_reward=20.000 | coop_agents=0/5 | mean_coop_neighbors=0.00 | active_neighbor_step_rate=0.838 | mean_active_neighbors_step=2.076 | max_active_neighbors_step=4 | interaction_reward=0.0000 | abs_interaction_reward=0.0000 | anti_stag_reward=0.0000 | abs_anti_stag_reward=0.0000 | wall_clear_reward=0.0000 | abs_wall_clear_reward=0.0000 | local_nav_reward=0.0000 | abs_local_nav_reward=0.0000 | robot_proximity_reward=-0.8506 | abs_robot_proximity_reward=0.8506 | robot_clearance_reward=0.1174 | context_neighbors_mean=2.17 | context_neighbors_max=4 | last_context_neighbors_mean=0.00 | last_context_neighbors_max=0 | actor_unlocked=0 | expl_noise=0.0753 | replay=17880 | interaction_replay=7447 | samples/sec=10.781
Episode 213 complete | agent_samples=17941 | env_steps=7604 | episode_env_steps=24 | episode_agent_samples=61 | mean_reward=16.457 | success=3/5 | collision=2/5 | mean_final_distance=0.378 | mean_progress=0.0060 | min_laser=0.300 | mean_lin=0.765 | mean_ang=-0.604 | mean_robot_dist=inf | raw_reward=20.000 | adjusted_reward=20.000 | coop_agents=0/5 | mean_coop_neighbors=0.00 | active_neighbor_step_rate=0.738 | mean_active_neighbors_step=2.082 | max_active_neighbors_step=4 | interaction_reward=0.0000 | abs_interaction_reward=0.0000 | anti_stag_reward=0.0000 | abs_anti_stag_reward=0.0000 | wall_clear_reward=0.0000 | abs_wall_clear_reward=0.0000 | local_nav_reward=0.0000 | abs_local_nav_reward=0.0000 | robot_proximity_reward=-1.0669 | abs_robot_proximity_reward=1.0669 | robot_clearance_reward=0.0013 | context_neighbors_mean=2.16 | context_neighbors_max=4 | last_context_neighbors_mean=0.00 | last_context_neighbors_max=0 | actor_unlocked=0 | expl_noise=0.0752 | replay=17941 | interaction_replay=7493 | samples/sec=10.783
Episode 214 complete | agent_samples=17982 | env_steps=7614 | episode_env_steps=10 | episode_agent_samples=41 | mean_reward=14.432 | success=3/5 | collision=2/5 | mean_final_distance=0.427 | mean_progress=0.0227 | min_laser=0.300 | mean_lin=0.723 | mean_ang=0.525 | mean_robot_dist=inf | raw_reward=20.000 | adjusted_reward=20.000 | coop_agents=0/5 | mean_coop_neighbors=0.00 | active_neighbor_step_rate=0.951 | mean_active_neighbors_step=2.000 | max_active_neighbors_step=3 | interaction_reward=0.0000 | abs_interaction_reward=0.0000 | anti_stag_reward=0.0000 | abs_anti_stag_reward=0.0000 | wall_clear_reward=0.0000 | abs_wall_clear_reward=0.0000 | local_nav_reward=0.0000 | abs_local_nav_reward=0.0000 | robot_proximity_reward=-1.1965 | abs_robot_proximity_reward=1.1965 | robot_clearance_reward=0.0009 | context_neighbors_mean=2.12 | context_neighbors_max=3 | last_context_neighbors_mean=0.00 | last_context_neighbors_max=0 | actor_unlocked=0 | expl_noise=0.0752 | replay=17982 | interaction_replay=7532 | samples/sec=10.793
Episode 215 complete | agent_samples=18047 | env_steps=7633 | episode_env_steps=19 | episode_agent_samples=65 | mean_reward=40.485 | success=3/5 | collision=2/5 | mean_final_distance=0.547 | mean_progress=0.0129 | min_laser=0.300 | mean_lin=0.617 | mean_ang=-0.546 | mean_robot_dist=inf | raw_reward=20.000 | adjusted_reward=20.000 | coop_agents=0/5 | mean_coop_neighbors=0.00 | active_neighbor_step_rate=0.708 | mean_active_neighbors_step=1.615 | max_active_neighbors_step=4 | interaction_reward=0.0000 | abs_interaction_reward=0.0000 | anti_stag_reward=0.0000 | abs_anti_stag_reward=0.0000 | wall_clear_reward=0.0000 | abs_wall_clear_reward=0.0000 | local_nav_reward=0.0000 | abs_local_nav_reward=0.0000 | robot_proximity_reward=-0.3112 | abs_robot_proximity_reward=0.3112 | robot_clearance_reward=0.0000 | context_neighbors_mean=1.63 | context_neighbors_max=4 | last_context_neighbors_mean=0.00 | last_context_neighbors_max=0 | actor_unlocked=0 | expl_noise=0.0752 | replay=18047 | interaction_replay=7560 | samples/sec=10.805
Status | epoch=1 | next_eval_in=1953 agent_samples | checkpoint_every=10 episodes | checkpoint=./checkpoints/interaction_focused_actor_from_5a_s20260725_latest.pt | model=interaction_focused_actor_from_5a_s20260725
Episode 216 complete | agent_samples=18153 | env_steps=7669 | episode_env_steps=36 | episode_agent_samples=106 | mean_reward=107.594 | success=5/5 | collision=0/5 | mean_final_distance=0.258 | mean_progress=0.0076 | min_laser=0.594 | mean_lin=0.997 | mean_ang=-0.424 | mean_robot_dist=inf | raw_reward=20.000 | adjusted_reward=20.000 | coop_agents=0/5 | mean_coop_neighbors=0.00 | active_neighbor_step_rate=0.500 | mean_active_neighbors_step=1.142 | max_active_neighbors_step=4 | interaction_reward=0.0000 | abs_interaction_reward=0.0000 | anti_stag_reward=0.0000 | abs_anti_stag_reward=0.0000 | wall_clear_reward=0.0000 | abs_wall_clear_reward=0.0000 | local_nav_reward=0.0000 | abs_local_nav_reward=0.0000 | robot_proximity_reward=-0.6341 | abs_robot_proximity_reward=0.6341 | robot_clearance_reward=0.0481 | context_neighbors_mean=1.20 | context_neighbors_max=4 | last_context_neighbors_mean=0.00 | last_context_neighbors_max=0 | actor_unlocked=0 | expl_noise=0.0752 | replay=18153 | interaction_replay=7606 | samples/sec=10.817
Episode 217 complete | agent_samples=18232 | env_steps=7694 | episode_env_steps=25 | episode_agent_samples=79 | mean_reward=14.185 | success=3/5 | collision=2/5 | mean_final_distance=0.779 | mean_progress=0.0064 | min_laser=0.319 | mean_lin=0.996 | mean_ang=-0.466 | mean_robot_dist=inf | raw_reward=20.000 | adjusted_reward=20.000 | coop_agents=0/5 | mean_coop_neighbors=0.00 | active_neighbor_step_rate=0.772 | mean_active_neighbors_step=1.962 | max_active_neighbors_step=4 | interaction_reward=0.0000 | abs_interaction_reward=0.0000 | anti_stag_reward=0.0000 | abs_anti_stag_reward=0.0000 | wall_clear_reward=0.0000 | abs_wall_clear_reward=0.0000 | local_nav_reward=0.0000 | abs_local_nav_reward=0.0000 | robot_proximity_reward=-1.1471 | abs_robot_proximity_reward=1.1471 | robot_clearance_reward=0.0073 | context_neighbors_mean=1.99 | context_neighbors_max=4 | last_context_neighbors_mean=0.00 | last_context_neighbors_max=0 | actor_unlocked=0 | expl_noise=0.0752 | replay=18232 | interaction_replay=7639 | samples/sec=10.829
Episode 218 complete | agent_samples=18304 | env_steps=7721 | episode_env_steps=27 | episode_agent_samples=72 | mean_reward=98.497 | success=5/5 | collision=0/5 | mean_final_distance=0.250 | mean_progress=0.0211 | min_laser=0.412 | mean_lin=1.000 | mean_ang=0.194 | mean_robot_dist=inf | raw_reward=20.000 | adjusted_reward=20.000 | coop_agents=0/5 | mean_coop_neighbors=0.00 | active_neighbor_step_rate=0.694 | mean_active_neighbors_step=1.528 | max_active_neighbors_step=4 | interaction_reward=0.0000 | abs_interaction_reward=0.0000 | anti_stag_reward=0.0000 | abs_anti_stag_reward=0.0000 | wall_clear_reward=0.0000 | abs_wall_clear_reward=0.0000 | local_nav_reward=0.0000 | abs_local_nav_reward=0.0000 | robot_proximity_reward=-1.1838 | abs_robot_proximity_reward=1.1838 | robot_clearance_reward=0.0148 | context_neighbors_mean=1.58 | context_neighbors_max=3 | last_context_neighbors_mean=0.00 | last_context_neighbors_max=0 | actor_unlocked=0 | expl_noise=0.0752 | replay=18304 | interaction_replay=7692 | samples/sec=10.834
Episode 219 complete | agent_samples=18358 | env_steps=7742 | episode_env_steps=21 | episode_agent_samples=54 | mean_reward=14.602 | success=3/5 | collision=2/5 | mean_final_distance=0.536 | mean_progress=0.0149 | min_laser=0.300 | mean_lin=0.924 | mean_ang=-0.232 | mean_robot_dist=inf | raw_reward=20.000 | adjusted_reward=20.000 | coop_agents=0/5 | mean_coop_neighbors=0.00 | active_neighbor_step_rate=0.611 | mean_active_neighbors_step=1.611 | max_active_neighbors_step=4 | interaction_reward=0.0000 | abs_interaction_reward=0.0000 | anti_stag_reward=0.0000 | abs_anti_stag_reward=0.0000 | wall_clear_reward=0.0000 | abs_wall_clear_reward=0.0000 | local_nav_reward=0.0000 | abs_local_nav_reward=0.0000 | robot_proximity_reward=-0.8432 | abs_robot_proximity_reward=0.8432 | robot_clearance_reward=0.0000 | context_neighbors_mean=1.63 | context_neighbors_max=4 | last_context_neighbors_mean=0.00 | last_context_neighbors_max=0 | actor_unlocked=0 | expl_noise=0.0752 | replay=18358 | interaction_replay=7723 | samples/sec=10.836
Episode 220 complete | agent_samples=18413 | env_steps=7754 | episode_env_steps=12 | episode_agent_samples=55 | mean_reward=31.024 | success=3/5 | collision=2/5 | mean_final_distance=0.441 | mean_progress=0.0291 | min_laser=0.311 | mean_lin=0.712 | mean_ang=0.440 | mean_robot_dist=inf | raw_reward=40.000 | adjusted_reward=40.000 | coop_agents=1/5 | mean_coop_neighbors=0.20 | active_neighbor_step_rate=0.800 | mean_active_neighbors_step=2.109 | max_active_neighbors_step=4 | interaction_reward=0.0000 | abs_interaction_reward=0.0000 | anti_stag_reward=0.0000 | abs_anti_stag_reward=0.0000 | wall_clear_reward=0.0000 | abs_wall_clear_reward=0.0000 | local_nav_reward=0.0000 | abs_local_nav_reward=0.0000 | robot_proximity_reward=-0.7691 | abs_robot_proximity_reward=0.7691 | robot_clearance_reward=0.0058 | context_neighbors_mean=2.22 | context_neighbors_max=4 | last_context_neighbors_mean=0.00 | last_context_neighbors_max=0 | actor_unlocked=0 | expl_noise=0.0752 | replay=18413 | interaction_replay=7767 | samples/sec=10.851
Status | epoch=1 | next_eval_in=1587 agent_samples | checkpoint_every=10 episodes | checkpoint=./checkpoints/interaction_focused_actor_from_5a_s20260725_latest.pt | model=interaction_focused_actor_from_5a_s20260725
Checkpoint saved: ./checkpoints/interaction_focused_actor_from_5a_s20260725_latest.pt
Episode 221 complete | agent_samples=18523 | env_steps=7799 | episode_env_steps=45 | episode_agent_samples=110 | mean_reward=91.302 | success=4/5 | collision=1/5 | mean_final_distance=0.539 | mean_progress=0.0092 | min_laser=0.346 | mean_lin=0.855 | mean_ang=0.154 | mean_robot_dist=inf | raw_reward=20.000 | adjusted_reward=20.000 | coop_agents=0/5 | mean_coop_neighbors=0.00 | active_neighbor_step_rate=0.582 | mean_active_neighbors_step=1.455 | max_active_neighbors_step=4 | interaction_reward=0.0000 | abs_interaction_reward=0.0000 | anti_stag_reward=0.0000 | abs_anti_stag_reward=0.0000 | wall_clear_reward=0.0000 | abs_wall_clear_reward=0.0000 | local_nav_reward=0.0000 | abs_local_nav_reward=0.0000 | robot_proximity_reward=-0.0587 | abs_robot_proximity_reward=0.0587 | robot_clearance_reward=0.0388 | context_neighbors_mean=1.49 | context_neighbors_max=4 | last_context_neighbors_mean=0.00 | last_context_neighbors_max=0 | actor_unlocked=0 | expl_noise=0.0751 | replay=18523 | interaction_replay=7799 | samples/sec=10.851
Episode 222 complete | agent_samples=18585 | env_steps=7824 | episode_env_steps=25 | episode_agent_samples=62 | mean_reward=-16.722 | success=2/5 | collision=3/5 | mean_final_distance=0.528 | mean_progress=0.0135 | min_laser=0.300 | mean_lin=0.390 | mean_ang=-0.435 | mean_robot_dist=inf | raw_reward=20.000 | adjusted_reward=20.000 | coop_agents=0/5 | mean_coop_neighbors=0.00 | active_neighbor_step_rate=0.742 | mean_active_neighbors_step=1.597 | max_active_neighbors_step=4 | interaction_reward=0.0000 | abs_interaction_reward=0.0000 | anti_stag_reward=0.0000 | abs_anti_stag_reward=0.0000 | wall_clear_reward=0.0000 | abs_wall_clear_reward=0.0000 | local_nav_reward=0.0000 | abs_local_nav_reward=0.0000 | robot_proximity_reward=-1.2281 | abs_robot_proximity_reward=1.2281 | robot_clearance_reward=0.0000 | context_neighbors_mean=1.60 | context_neighbors_max=4 | last_context_neighbors_mean=0.00 | last_context_neighbors_max=0 | actor_unlocked=0 | expl_noise=0.0751 | replay=18585 | interaction_replay=7845 | samples/sec=10.852
Episode 223 complete | agent_samples=18701 | env_steps=7897 | episode_env_steps=73 | episode_agent_samples=116 | mean_reward=112.819 | success=5/5 | collision=0/5 | mean_final_distance=0.255 | mean_progress=0.0147 | min_laser=0.379 | mean_lin=0.921 | mean_ang=-0.318 | mean_robot_dist=inf | raw_reward=20.000 | adjusted_reward=20.000 | coop_agents=0/5 | mean_coop_neighbors=0.00 | active_neighbor_step_rate=0.440 | mean_active_neighbors_step=1.129 | max_active_neighbors_step=4 | interaction_reward=0.0000 | abs_interaction_reward=0.0000 | anti_stag_reward=0.0000 | abs_anti_stag_reward=0.0000 | wall_clear_reward=0.0000 | abs_wall_clear_reward=0.0000 | local_nav_reward=0.0000 | abs_local_nav_reward=0.0000 | robot_proximity_reward=-0.1672 | abs_robot_proximity_reward=0.1672 | robot_clearance_reward=0.0360 | context_neighbors_mean=1.18 | context_neighbors_max=4 | last_context_neighbors_mean=0.00 | last_context_neighbors_max=0 | actor_unlocked=0 | expl_noise=0.0751 | replay=18701 | interaction_replay=7889 | samples/sec=10.820
Episode 224 complete | agent_samples=18744 | env_steps=7907 | episode_env_steps=10 | episode_agent_samples=43 | mean_reward=16.309 | success=3/5 | collision=2/5 | mean_final_distance=0.454 | mean_progress=0.0219 | min_laser=0.300 | mean_lin=1.000 | mean_ang=0.189 | mean_robot_dist=inf | raw_reward=20.000 | adjusted_reward=20.000 | coop_agents=0/5 | mean_coop_neighbors=0.00 | active_neighbor_step_rate=0.953 | mean_active_neighbors_step=2.581 | max_active_neighbors_step=4 | interaction_reward=0.0000 | abs_interaction_reward=0.0000 | anti_stag_reward=0.0000 | abs_anti_stag_reward=0.0000 | wall_clear_reward=0.0000 | abs_wall_clear_reward=0.0000 | local_nav_reward=0.0000 | abs_local_nav_reward=0.0000 | robot_proximity_reward=-1.1847 | abs_robot_proximity_reward=1.1847 | robot_clearance_reward=0.0000 | context_neighbors_mean=2.65 | context_neighbors_max=4 | last_context_neighbors_mean=0.00 | last_context_neighbors_max=0 | actor_unlocked=0 | expl_noise=0.0751 | replay=18744 | interaction_replay=7930 | samples/sec=10.831
Episode 225 complete | agent_samples=18784 | env_steps=7919 | episode_env_steps=12 | episode_agent_samples=40 | mean_reward=23.713 | success=3/5 | collision=2/5 | mean_final_distance=0.546 | mean_progress=0.0204 | min_laser=0.300 | mean_lin=0.981 | mean_ang=0.101 | mean_robot_dist=inf | raw_reward=20.000 | adjusted_reward=20.000 | coop_agents=0/5 | mean_coop_neighbors=0.00 | active_neighbor_step_rate=0.725 | mean_active_neighbors_step=1.575 | max_active_neighbors_step=4 | interaction_reward=0.0000 | abs_interaction_reward=0.0000 | anti_stag_reward=0.0000 | abs_anti_stag_reward=0.0000 | wall_clear_reward=0.0000 | abs_wall_clear_reward=0.0000 | local_nav_reward=0.0000 | abs_local_nav_reward=0.0000 | robot_proximity_reward=-1.2582 | abs_robot_proximity_reward=1.2582 | robot_clearance_reward=0.0280 | context_neighbors_mean=1.60 | context_neighbors_max=4 | last_context_neighbors_mean=0.00 | last_context_neighbors_max=0 | actor_unlocked=0 | expl_noise=0.0751 | replay=18784 | interaction_replay=7959 | samples/sec=10.837
Status | epoch=1 | next_eval_in=1216 agent_samples | checkpoint_every=10 episodes | checkpoint=./checkpoints/interaction_focused_actor_from_5a_s20260725_latest.pt | model=interaction_focused_actor_from_5a_s20260725
Episode 226 complete | agent_samples=18851 | env_steps=7945 | episode_env_steps=26 | episode_agent_samples=67 | mean_reward=107.452 | success=5/5 | collision=0/5 | mean_final_distance=0.264 | mean_progress=0.0040 | min_laser=0.452 | mean_lin=0.782 | mean_ang=-0.200 | mean_robot_dist=inf | raw_reward=20.000 | adjusted_reward=20.000 | coop_agents=0/5 | mean_coop_neighbors=0.00 | active_neighbor_step_rate=0.597 | mean_active_neighbors_step=1.313 | max_active_neighbors_step=4 | interaction_reward=0.0000 | abs_interaction_reward=0.0000 | anti_stag_reward=0.0000 | abs_anti_stag_reward=0.0000 | wall_clear_reward=0.0000 | abs_wall_clear_reward=0.0000 | local_nav_reward=0.0000 | abs_local_nav_reward=0.0000 | robot_proximity_reward=-0.8427 | abs_robot_proximity_reward=0.8427 | robot_clearance_reward=0.0798 | context_neighbors_mean=1.39 | context_neighbors_max=4 | last_context_neighbors_mean=0.00 | last_context_neighbors_max=0 | actor_unlocked=0 | expl_noise=0.0750 | replay=18851 | interaction_replay=7995 | samples/sec=10.840
Episode 227 complete | agent_samples=18923 | env_steps=7966 | episode_env_steps=21 | episode_agent_samples=72 | mean_reward=109.600 | success=5/5 | collision=0/5 | mean_final_distance=0.285 | mean_progress=0.0182 | min_laser=0.526 | mean_lin=1.000 | mean_ang=0.191 | mean_robot_dist=inf | raw_reward=20.000 | adjusted_reward=20.000 | coop_agents=0/5 | mean_coop_neighbors=0.00 | active_neighbor_step_rate=0.917 | mean_active_neighbors_step=2.653 | max_active_neighbors_step=4 | interaction_reward=0.0000 | abs_interaction_reward=0.0000 | anti_stag_reward=0.0000 | abs_anti_stag_reward=0.0000 | wall_clear_reward=0.0000 | abs_wall_clear_reward=0.0000 | local_nav_reward=0.0000 | abs_local_nav_reward=0.0000 | robot_proximity_reward=-0.6597 | abs_robot_proximity_reward=0.6597 | robot_clearance_reward=0.0254 | context_neighbors_mean=2.69 | context_neighbors_max=4 | last_context_neighbors_mean=0.00 | last_context_neighbors_max=0 | actor_unlocked=0 | expl_noise=0.0750 | replay=18923 | interaction_replay=8017 | samples/sec=10.853
Episode 228 complete | agent_samples=18980 | env_steps=7983 | episode_env_steps=17 | episode_agent_samples=57 | mean_reward=106.544 | success=5/5 | collision=0/5 | mean_final_distance=0.256 | mean_progress=0.0238 | min_laser=0.618 | mean_lin=0.778 | mean_ang=0.459 | mean_robot_dist=inf | raw_reward=20.000 | adjusted_reward=20.000 | coop_agents=0/5 | mean_coop_neighbors=0.00 | active_neighbor_step_rate=0.754 | mean_active_neighbors_step=1.842 | max_active_neighbors_step=4 | interaction_reward=0.0000 | abs_interaction_reward=0.0000 | anti_stag_reward=0.0000 | abs_anti_stag_reward=0.0000 | wall_clear_reward=0.0000 | abs_wall_clear_reward=0.0000 | local_nav_reward=0.0000 | abs_local_nav_reward=0.0000 | robot_proximity_reward=-0.6339 | abs_robot_proximity_reward=0.6339 | robot_clearance_reward=0.0702 | context_neighbors_mean=1.91 | context_neighbors_max=4 | last_context_neighbors_mean=0.00 | last_context_neighbors_max=0 | actor_unlocked=0 | expl_noise=0.0750 | replay=18980 | interaction_replay=8060 | samples/sec=10.861
Episode 229 complete | agent_samples=19080 | env_steps=8020 | episode_env_steps=37 | episode_agent_samples=100 | mean_reward=48.230 | success=4/5 | collision=1/5 | mean_final_distance=0.337 | mean_progress=0.0038 | min_laser=0.348 | mean_lin=0.801 | mean_ang=-0.238 | mean_robot_dist=inf | raw_reward=20.000 | adjusted_reward=20.000 | coop_agents=0/5 | mean_coop_neighbors=0.00 | active_neighbor_step_rate=0.580 | mean_active_neighbors_step=1.310 | max_active_neighbors_step=4 | interaction_reward=0.0000 | abs_interaction_reward=0.0000 | anti_stag_reward=0.0000 | abs_anti_stag_reward=0.0000 | wall_clear_reward=0.0000 | abs_wall_clear_reward=0.0000 | local_nav_reward=0.0000 | abs_local_nav_reward=0.0000 | robot_proximity_reward=-0.9513 | abs_robot_proximity_reward=0.9513 | robot_clearance_reward=0.0400 | context_neighbors_mean=1.38 | context_neighbors_max=4 | last_context_neighbors_mean=0.00 | last_context_neighbors_max=0 | actor_unlocked=0 | expl_noise=0.0750 | replay=19080 | interaction_replay=8108 | samples/sec=10.869
Episode 230 complete | agent_samples=19170 | env_steps=8050 | episode_env_steps=30 | episode_agent_samples=90 | mean_reward=81.810 | success=4/5 | collision=1/5 | mean_final_distance=0.259 | mean_progress=0.0041 | min_laser=0.333 | mean_lin=0.600 | mean_ang=-0.965 | mean_robot_dist=inf | raw_reward=20.000 | adjusted_reward=20.000 | coop_agents=0/5 | mean_coop_neighbors=0.00 | active_neighbor_step_rate=0.456 | mean_active_neighbors_step=1.000 | max_active_neighbors_step=4 | interaction_reward=0.0000 | abs_interaction_reward=0.0000 | anti_stag_reward=0.0000 | abs_anti_stag_reward=0.0000 | wall_clear_reward=0.0000 | abs_wall_clear_reward=0.0000 | local_nav_reward=0.0000 | abs_local_nav_reward=0.0000 | robot_proximity_reward=-0.4422 | abs_robot_proximity_reward=0.4422 | robot_clearance_reward=0.0000 | context_neighbors_mean=1.04 | context_neighbors_max=4 | last_context_neighbors_mean=0.00 | last_context_neighbors_max=0 | actor_unlocked=0 | expl_noise=0.0750 | replay=19170 | interaction_replay=8130 | samples/sec=10.879
Status | epoch=1 | next_eval_in=830 agent_samples | checkpoint_every=10 episodes | checkpoint=./checkpoints/interaction_focused_actor_from_5a_s20260725_latest.pt | model=interaction_focused_actor_from_5a_s20260725
Checkpoint saved: ./checkpoints/interaction_focused_actor_from_5a_s20260725_latest.pt
Episode 231 complete | agent_samples=19226 | env_steps=8064 | episode_env_steps=14 | episode_agent_samples=56 | mean_reward=113.637 | success=5/5 | collision=0/5 | mean_final_distance=0.246 | mean_progress=0.0198 | min_laser=0.542 | mean_lin=0.990 | mean_ang=0.595 | mean_robot_dist=inf | raw_reward=20.000 | adjusted_reward=20.000 | coop_agents=0/5 | mean_coop_neighbors=0.00 | active_neighbor_step_rate=0.821 | mean_active_neighbors_step=1.839 | max_active_neighbors_step=4 | interaction_reward=0.0000 | abs_interaction_reward=0.0000 | anti_stag_reward=0.0000 | abs_anti_stag_reward=0.0000 | wall_clear_reward=0.0000 | abs_wall_clear_reward=0.0000 | local_nav_reward=0.0000 | abs_local_nav_reward=0.0000 | robot_proximity_reward=-1.0226 | abs_robot_proximity_reward=1.0226 | robot_clearance_reward=0.1071 | context_neighbors_mean=1.93 | context_neighbors_max=4 | last_context_neighbors_mean=0.00 | last_context_neighbors_max=0 | actor_unlocked=0 | expl_noise=0.0750 | replay=19226 | interaction_replay=8176 | samples/sec=10.889
Episode 232 complete | agent_samples=19290 | env_steps=8087 | episode_env_steps=23 | episode_agent_samples=64 | mean_reward=71.364 | success=4/5 | collision=1/5 | mean_final_distance=0.646 | mean_progress=0.0149 | min_laser=0.311 | mean_lin=0.977 | mean_ang=0.087 | mean_robot_dist=inf | raw_reward=20.000 | adjusted_reward=20.000 | coop_agents=0/5 | mean_coop_neighbors=0.00 | active_neighbor_step_rate=0.750 | mean_active_neighbors_step=1.672 | max_active_neighbors_step=4 | interaction_reward=0.0000 | abs_interaction_reward=0.0000 | anti_stag_reward=0.0000 | abs_anti_stag_reward=0.0000 | wall_clear_reward=0.0000 | abs_wall_clear_reward=0.0000 | local_nav_reward=0.0000 | abs_local_nav_reward=0.0000 | robot_proximity_reward=-0.0363 | abs_robot_proximity_reward=0.0363 | robot_clearance_reward=0.0312 | context_neighbors_mean=1.69 | context_neighbors_max=4 | last_context_neighbors_mean=0.00 | last_context_neighbors_max=0 | actor_unlocked=0 | expl_noise=0.0749 | replay=19290 | interaction_replay=8188 | samples/sec=10.894
Episode 233 complete | agent_samples=19374 | env_steps=8128 | episode_env_steps=41 | episode_agent_samples=84 | mean_reward=113.780 | success=5/5 | collision=0/5 | mean_final_distance=0.267 | mean_progress=0.0021 | min_laser=0.730 | mean_lin=0.974 | mean_ang=0.124 | mean_robot_dist=inf | raw_reward=20.000 | adjusted_reward=20.000 | coop_agents=0/5 | mean_coop_neighbors=0.00 | active_neighbor_step_rate=0.583 | mean_active_neighbors_step=1.155 | max_active_neighbors_step=3 | interaction_reward=0.0000 | abs_interaction_reward=0.0000 | anti_stag_reward=0.0000 | abs_anti_stag_reward=0.0000 | wall_clear_reward=0.0000 | abs_wall_clear_reward=0.0000 | local_nav_reward=0.0000 | abs_local_nav_reward=0.0000 | robot_proximity_reward=-0.2281 | abs_robot_proximity_reward=0.2281 | robot_clearance_reward=0.1194 | context_neighbors_mean=1.25 | context_neighbors_max=3 | last_context_neighbors_mean=0.00 | last_context_neighbors_max=0 | actor_unlocked=0 | expl_noise=0.0749 | replay=19374 | interaction_replay=8225 | samples/sec=10.886
Episode 234 complete | agent_samples=19443 | env_steps=8154 | episode_env_steps=26 | episode_agent_samples=69 | mean_reward=120.685 | success=5/5 | collision=0/5 | mean_final_distance=0.269 | mean_progress=0.0190 | min_laser=0.515 | mean_lin=0.820 | mean_ang=0.177 | mean_robot_dist=inf | raw_reward=20.000 | adjusted_reward=20.000 | coop_agents=0/5 | mean_coop_neighbors=0.00 | active_neighbor_step_rate=0.783 | mean_active_neighbors_step=1.783 | max_active_neighbors_step=4 | interaction_reward=0.0000 | abs_interaction_reward=0.0000 | anti_stag_reward=0.0000 | abs_anti_stag_reward=0.0000 | wall_clear_reward=0.0000 | abs_wall_clear_reward=0.0000 | local_nav_reward=0.0000 | abs_local_nav_reward=0.0000 | robot_proximity_reward=-0.0034 | abs_robot_proximity_reward=0.0034 | robot_clearance_reward=0.0290 | context_neighbors_mean=1.78 | context_neighbors_max=4 | last_context_neighbors_mean=0.00 | last_context_neighbors_max=0 | actor_unlocked=0 | expl_noise=0.0749 | replay=19443 | interaction_replay=8253 | samples/sec=10.890
Episode 235 complete | agent_samples=19533 | env_steps=8180 | episode_env_steps=26 | episode_agent_samples=90 | mean_reward=117.652 | success=5/5 | collision=0/5 | mean_final_distance=0.224 | mean_progress=0.0265 | min_laser=0.424 | mean_lin=0.948 | mean_ang=-0.051 | mean_robot_dist=inf | raw_reward=20.000 | adjusted_reward=20.000 | coop_agents=0/5 | mean_coop_neighbors=0.00 | active_neighbor_step_rate=0.833 | mean_active_neighbors_step=1.967 | max_active_neighbors_step=4 | interaction_reward=0.0000 | abs_interaction_reward=0.0000 | anti_stag_reward=0.0000 | abs_anti_stag_reward=0.0000 | wall_clear_reward=0.0000 | abs_wall_clear_reward=0.0000 | local_nav_reward=0.0000 | abs_local_nav_reward=0.0000 | robot_proximity_reward=-0.0930 | abs_robot_proximity_reward=0.0930 | robot_clearance_reward=0.0222 | context_neighbors_mean=2.00 | context_neighbors_max=4 | last_context_neighbors_mean=0.00 | last_context_neighbors_max=0 | actor_unlocked=0 | expl_noise=0.0749 | replay=19533 | interaction_replay=8289 | samples/sec=10.905
Status | epoch=1 | next_eval_in=467 agent_samples | checkpoint_every=10 episodes | checkpoint=./checkpoints/interaction_focused_actor_from_5a_s20260725_latest.pt | model=interaction_focused_actor_from_5a_s20260725
Episode 236 complete | agent_samples=19579 | env_steps=8193 | episode_env_steps=13 | episode_agent_samples=46 | mean_reward=120.639 | success=5/5 | collision=0/5 | mean_final_distance=0.257 | mean_progress=0.0239 | min_laser=0.625 | mean_lin=0.817 | mean_ang=0.604 | mean_robot_dist=inf | raw_reward=20.000 | adjusted_reward=20.000 | coop_agents=0/5 | mean_coop_neighbors=0.00 | active_neighbor_step_rate=0.652 | mean_active_neighbors_step=1.674 | max_active_neighbors_step=4 | interaction_reward=0.0000 | abs_interaction_reward=0.0000 | anti_stag_reward=0.0000 | abs_anti_stag_reward=0.0000 | wall_clear_reward=0.0000 | abs_wall_clear_reward=0.0000 | local_nav_reward=0.0000 | abs_local_nav_reward=0.0000 | robot_proximity_reward=-0.1708 | abs_robot_proximity_reward=0.1708 | robot_clearance_reward=0.0000 | context_neighbors_mean=1.72 | context_neighbors_max=4 | last_context_neighbors_mean=0.00 | last_context_neighbors_max=0 | actor_unlocked=0 | expl_noise=0.0749 | replay=19579 | interaction_replay=8320 | samples/sec=10.913
Episode 237 complete | agent_samples=19719 | env_steps=8237 | episode_env_steps=44 | episode_agent_samples=140 | mean_reward=57.032 | success=4/5 | collision=1/5 | mean_final_distance=0.346 | mean_progress=0.0242 | min_laser=0.341 | mean_lin=0.965 | mean_ang=-0.823 | mean_robot_dist=inf | raw_reward=20.000 | adjusted_reward=20.000 | coop_agents=0/5 | mean_coop_neighbors=0.00 | active_neighbor_step_rate=0.736 | mean_active_neighbors_step=1.693 | max_active_neighbors_step=4 | interaction_reward=0.0000 | abs_interaction_reward=0.0000 | anti_stag_reward=0.0000 | abs_anti_stag_reward=0.0000 | wall_clear_reward=0.0000 | abs_wall_clear_reward=0.0000 | local_nav_reward=0.0000 | abs_local_nav_reward=0.0000 | robot_proximity_reward=-0.8376 | abs_robot_proximity_reward=0.8376 | robot_clearance_reward=0.0321 | context_neighbors_mean=1.73 | context_neighbors_max=4 | last_context_neighbors_mean=0.00 | last_context_neighbors_max=0 | actor_unlocked=0 | expl_noise=0.0749 | replay=19719 | interaction_replay=8389 | samples/sec=10.932
Episode 238 complete | agent_samples=19816 | env_steps=8276 | episode_env_steps=39 | episode_agent_samples=97 | mean_reward=42.772 | success=3/5 | collision=2/5 | mean_final_distance=0.544 | mean_progress=0.0164 | min_laser=0.300 | mean_lin=0.762 | mean_ang=-0.206 | mean_robot_dist=inf | raw_reward=20.000 | adjusted_reward=20.000 | coop_agents=0/5 | mean_coop_neighbors=0.00 | active_neighbor_step_rate=0.722 | mean_active_neighbors_step=2.113 | max_active_neighbors_step=4 | interaction_reward=0.0000 | abs_interaction_reward=0.0000 | anti_stag_reward=0.0000 | abs_anti_stag_reward=0.0000 | wall_clear_reward=0.0000 | abs_wall_clear_reward=0.0000 | local_nav_reward=0.0000 | abs_local_nav_reward=0.0000 | robot_proximity_reward=-0.3324 | abs_robot_proximity_reward=0.3324 | robot_clearance_reward=0.0026 | context_neighbors_mean=2.13 | context_neighbors_max=4 | last_context_neighbors_mean=0.00 | last_context_neighbors_max=0 | actor_unlocked=0 | expl_noise=0.0748 | replay=19816 | interaction_replay=8422 | samples/sec=10.934
Episode 239 complete | agent_samples=19875 | env_steps=8297 | episode_env_steps=21 | episode_agent_samples=59 | mean_reward=116.122 | success=5/5 | collision=0/5 | mean_final_distance=0.249 | mean_progress=0.0237 | min_laser=0.646 | mean_lin=0.821 | mean_ang=0.246 | mean_robot_dist=inf | raw_reward=20.000 | adjusted_reward=20.000 | coop_agents=0/5 | mean_coop_neighbors=0.00 | active_neighbor_step_rate=0.678 | mean_active_neighbors_step=1.814 | max_active_neighbors_step=4 | interaction_reward=0.0000 | abs_interaction_reward=0.0000 | anti_stag_reward=0.0000 | abs_anti_stag_reward=0.0000 | wall_clear_reward=0.0000 | abs_wall_clear_reward=0.0000 | local_nav_reward=0.0000 | abs_local_nav_reward=0.0000 | robot_proximity_reward=-0.3564 | abs_robot_proximity_reward=0.3564 | robot_clearance_reward=0.0350 | context_neighbors_mean=1.92 | context_neighbors_max=4 | last_context_neighbors_mean=0.00 | last_context_neighbors_max=0 | actor_unlocked=0 | expl_noise=0.0748 | replay=19875 | interaction_replay=8463 | samples/sec=10.939
Episode 240 complete | agent_samples=19949 | env_steps=8325 | episode_env_steps=28 | episode_agent_samples=74 | mean_reward=75.520 | success=4/5 | collision=1/5 | mean_final_distance=0.333 | mean_progress=0.0017 | min_laser=0.320 | mean_lin=0.810 | mean_ang=-0.680 | mean_robot_dist=inf | raw_reward=20.000 | adjusted_reward=20.000 | coop_agents=0/5 | mean_coop_neighbors=0.00 | active_neighbor_step_rate=0.689 | mean_active_neighbors_step=1.500 | max_active_neighbors_step=4 | interaction_reward=0.0000 | abs_interaction_reward=0.0000 | anti_stag_reward=0.0000 | abs_anti_stag_reward=0.0000 | wall_clear_reward=0.0000 | abs_wall_clear_reward=0.0000 | local_nav_reward=0.0000 | abs_local_nav_reward=0.0000 | robot_proximity_reward=-0.7049 | abs_robot_proximity_reward=0.7049 | robot_clearance_reward=0.0350 | context_neighbors_mean=1.55 | context_neighbors_max=4 | last_context_neighbors_mean=0.00 | last_context_neighbors_max=0 | actor_unlocked=0 | expl_noise=0.0748 | replay=19949 | interaction_replay=8516 | samples/sec=10.943
Status | epoch=1 | next_eval_in=51 agent_samples | checkpoint_every=10 episodes | checkpoint=./checkpoints/interaction_focused_actor_from_5a_s20260725_latest.pt | model=interaction_focused_actor_from_5a_s20260725
Checkpoint saved: ./checkpoints/interaction_focused_actor_from_5a_s20260725_latest.pt
Episode 241 complete | agent_samples=19998 | env_steps=8336 | episode_env_steps=11 | episode_agent_samples=49 | mean_reward=29.429 | success=3/5 | collision=2/5 | mean_final_distance=0.458 | mean_progress=0.0388 | min_laser=0.301 | mean_lin=0.825 | mean_ang=0.593 | mean_robot_dist=inf | raw_reward=-22.832 | adjusted_reward=-17.365 | coop_agents=2/5 | mean_coop_neighbors=0.80 | active_neighbor_step_rate=0.816 | mean_active_neighbors_step=2.041 | max_active_neighbors_step=4 | interaction_reward=0.0000 | abs_interaction_reward=0.0000 | anti_stag_reward=0.0000 | abs_anti_stag_reward=0.0000 | wall_clear_reward=0.0000 | abs_wall_clear_reward=0.0000 | local_nav_reward=0.0000 | abs_local_nav_reward=0.0000 | robot_proximity_reward=-1.1949 | abs_robot_proximity_reward=1.1949 | robot_clearance_reward=0.0048 | context_neighbors_mean=2.14 | context_neighbors_max=4 | last_context_neighbors_mean=0.00 | last_context_neighbors_max=0 | actor_unlocked=0 | expl_noise=0.0748 | replay=19998 | interaction_replay=8557 | samples/sec=10.952
Episode 242 complete | agent_samples=20068 | env_steps=8368 | episode_env_steps=32 | episode_agent_samples=70 | mean_reward=28.299 | success=3/5 | collision=2/5 | mean_final_distance=0.436 | mean_progress=0.0034 | min_laser=0.342 | mean_lin=0.800 | mean_ang=-0.170 | mean_robot_dist=inf | raw_reward=20.000 | adjusted_reward=20.000 | coop_agents=0/5 | mean_coop_neighbors=0.00 | active_neighbor_step_rate=0.543 | mean_active_neighbors_step=1.371 | max_active_neighbors_step=4 | interaction_reward=0.0000 | abs_interaction_reward=0.0000 | anti_stag_reward=0.0000 | abs_anti_stag_reward=0.0000 | wall_clear_reward=0.0000 | abs_wall_clear_reward=0.0000 | local_nav_reward=0.0000 | abs_local_nav_reward=0.0000 | robot_proximity_reward=-0.5874 | abs_robot_proximity_reward=0.5874 | robot_clearance_reward=0.0000 | context_neighbors_mean=1.43 | context_neighbors_max=4 | last_context_neighbors_mean=0.00 | last_context_neighbors_max=0 | actor_unlocked=0 | expl_noise=0.0748 | replay=20068 | interaction_replay=8594 | samples/sec=10.948
Validating multi-agent policy at agent_samples=20068 env_steps=8368
Manifest switched: strong-interaction-curriculum-validation-v1 | scenarios=140 | sampling=cycle | path=/home/jiutian/Local-Critic-Multi-Robot-Navigation-gate/experiments/04_保留专门化/05_论文主线/datasets/fixed_v1/views/strong_interaction_curriculum_v1/validation.json.gz
Validation progress | epoch=1 | episodes=10/140 | success_rate=0.780 | collision_rate=0.220 | full_success_rate=0.500 | timeout_rate=0.000
Validation progress | epoch=1 | episodes=20/140 | success_rate=0.750 | collision_rate=0.250 | full_success_rate=0.350 | timeout_rate=0.000
Validation progress | epoch=1 | episodes=30/140 | success_rate=0.793 | collision_rate=0.200 | full_success_rate=0.433 | timeout_rate=0.033
Validation progress | epoch=1 | episodes=40/140 | success_rate=0.790 | collision_rate=0.205 | full_success_rate=0.400 | timeout_rate=0.025
Validation progress | epoch=1 | episodes=50/140 | success_rate=0.776 | collision_rate=0.220 | full_success_rate=0.340 | timeout_rate=0.020
Validation progress | epoch=1 | episodes=60/140 | success_rate=0.787 | collision_rate=0.210 | full_success_rate=0.367 | timeout_rate=0.017
Validation progress | epoch=1 | episodes=70/140 | success_rate=0.800 | collision_rate=0.197 | full_success_rate=0.386 | timeout_rate=0.014
Validation progress | epoch=1 | episodes=80/140 | success_rate=0.805 | collision_rate=0.193 | full_success_rate=0.388 | timeout_rate=0.013
Validation progress | epoch=1 | episodes=90/140 | success_rate=0.818 | collision_rate=0.180 | full_success_rate=0.422 | timeout_rate=0.011
Validation progress | epoch=1 | episodes=100/140 | success_rate=0.818 | collision_rate=0.180 | full_success_rate=0.430 | timeout_rate=0.010
Validation progress | epoch=1 | episodes=110/140 | success_rate=0.816 | collision_rate=0.182 | full_success_rate=0.427 | timeout_rate=0.009
Validation progress | epoch=1 | episodes=120/140 | success_rate=0.813 | collision_rate=0.185 | full_success_rate=0.408 | timeout_rate=0.008
Validation progress | epoch=1 | episodes=130/140 | success_rate=0.815 | collision_rate=0.183 | full_success_rate=0.415 | timeout_rate=0.008
Validation progress | epoch=1 | episodes=140/140 | success_rate=0.820 | collision_rate=0.179 | full_success_rate=0.436 | timeout_rate=0.007
..............................................
Multi-Agent Eval Epoch 1 | avg_reward=73.668 | success_rate=0.820 | collision_rate=0.179 | unresolved_rate=0.001 | full_success_rate=0.436 | timeout_episode_rate=0.007 | avg_env_steps=35.1 | avg_final_distance=0.303
Eval success_hist 0..N: [0, 0, 3, 41, 35, 61]
Eval collision_hist 0..N: [62, 34, 41, 3, 0, 0]
Eval oracle strong-actor activation rate: 0.4267 (5071/11883 agent steps)
Eval interaction stratum | band=close | episodes=40 | success_rate=0.850 | collision_rate=0.150 | unresolved_rate=0.000 | full_success_rate=0.500 | timeout_rate=0.000 | avg_steps=34.0
Eval interaction stratum | band=deep | episodes=60 | success_rate=0.713 | collision_rate=0.283 | unresolved_rate=0.003 | full_success_rate=0.150 | timeout_rate=0.017 | avg_steps=36.8
Eval interaction stratum | band=margin | episodes=40 | success_rate=0.950 | collision_rate=0.050 | unresolved_rate=0.000 | full_success_rate=0.800 | timeout_rate=0.000 | avg_steps=33.6
..............................................
Manifest switched: strong-interaction-stage2-train-v1 | scenarios=640 | sampling=random | path=/home/jiutian/Local-Critic-Multi-Robot-Navigation-gate/experiments/04_保留专门化/05_论文主线/datasets/fixed_v1/views/strong_interaction_curriculum_v1/stage2_train.json.gz
Epoch model snapshot saved: interaction_focused_actor_from_5a_s20260725_epoch_001
Checkpoint saved: ./checkpoints/interaction_focused_actor_from_5a_s20260725_latest.pt
Best checkpoint updated | epoch=1 | success_rate=0.820 | collision_rate=0.179 | full_success_rate=0.436 | unresolved_rate=0.001 | avg_reward=73.668 | metric=full_success | path=./checkpoints/interaction_focused_actor_from_5a_s20260725_best.pt
Next epoch will start from 2. Resume keeps this counter in ./checkpoints/interaction_focused_actor_from_5a_s20260725_latest.pt
Episode 243 complete | agent_samples=20116 | env_steps=8380 | episode_env_steps=12 | episode_agent_samples=48 | mean_reward=18.897 | success=3/5 | collision=2/5 | mean_final_distance=0.504 | mean_progress=0.0219 | min_laser=0.300 | mean_lin=0.770 | mean_ang=-0.210 | mean_robot_dist=inf | raw_reward=20.000 | adjusted_reward=20.000 | coop_agents=0/5 | mean_coop_neighbors=0.00 | active_neighbor_step_rate=0.958 | mean_active_neighbors_step=2.479 | max_active_neighbors_step=4 | interaction_reward=0.0000 | abs_interaction_reward=0.0000 | anti_stag_reward=0.0000 | abs_anti_stag_reward=0.0000 | wall_clear_reward=0.0000 | abs_wall_clear_reward=0.0000 | local_nav_reward=0.0000 | abs_local_nav_reward=0.0000 | robot_proximity_reward=-0.8101 | abs_robot_proximity_reward=0.8101 | robot_clearance_reward=0.0417 | context_neighbors_mean=2.50 | context_neighbors_max=4 | last_context_neighbors_mean=0.00 | last_context_neighbors_max=0 | actor_unlocked=0 | expl_noise=0.0748 | replay=20116 | interaction_replay=8630 | samples/sec=6.929
Episode 244 complete | agent_samples=20200 | env_steps=8402 | episode_env_steps=22 | episode_agent_samples=84 | mean_reward=32.255 | success=3/5 | collision=2/5 | mean_final_distance=0.548 | mean_progress=0.0252 | min_laser=0.300 | mean_lin=0.960 | mean_ang=-0.317 | mean_robot_dist=inf | raw_reward=20.000 | adjusted_reward=20.000 | coop_agents=0/5 | mean_coop_neighbors=0.00 | active_neighbor_step_rate=0.821 | mean_active_neighbors_step=2.250 | max_active_neighbors_step=4 | interaction_reward=0.0000 | abs_interaction_reward=0.0000 | anti_stag_reward=0.0000 | abs_anti_stag_reward=0.0000 | wall_clear_reward=0.0000 | abs_wall_clear_reward=0.0000 | local_nav_reward=0.0000 | abs_local_nav_reward=0.0000 | robot_proximity_reward=-0.5272 | abs_robot_proximity_reward=0.5272 | robot_clearance_reward=0.0000 | context_neighbors_mean=2.26 | context_neighbors_max=4 | last_context_neighbors_mean=0.00 | last_context_neighbors_max=0 | actor_unlocked=0 | expl_noise=0.0747 | replay=20200 | interaction_replay=8662 | samples/sec=6.946
Episode 245 complete | agent_samples=20275 | env_steps=8423 | episode_env_steps=21 | episode_agent_samples=75 | mean_reward=119.454 | success=5/5 | collision=0/5 | mean_final_distance=0.260 | mean_progress=0.0227 | min_laser=0.437 | mean_lin=1.000 | mean_ang=0.546 | mean_robot_dist=inf | raw_reward=20.000 | adjusted_reward=20.000 | coop_agents=0/5 | mean_coop_neighbors=0.00 | active_neighbor_step_rate=0.613 | mean_active_neighbors_step=0.987 | max_active_neighbors_step=4 | interaction_reward=0.0000 | abs_interaction_reward=0.0000 | anti_stag_reward=0.0000 | abs_anti_stag_reward=0.0000 | wall_clear_reward=0.0000 | abs_wall_clear_reward=0.0000 | local_nav_reward=0.0000 | abs_local_nav_reward=0.0000 | robot_proximity_reward=-0.5488 | abs_robot_proximity_reward=0.5488 | robot_clearance_reward=0.0533 | context_neighbors_mean=0.99 | context_neighbors_max=4 | last_context_neighbors_mean=0.00 | last_context_neighbors_max=0 | actor_unlocked=0 | expl_noise=0.0747 | replay=20275 | interaction_replay=8675 | samples/sec=6.961
Status | epoch=2 | next_eval_in=19725 agent_samples | checkpoint_every=10 episodes | checkpoint=./checkpoints/interaction_focused_actor_from_5a_s20260725_latest.pt | model=interaction_focused_actor_from_5a_s20260725
Episode 246 complete | agent_samples=20337 | env_steps=8448 | episode_env_steps=25 | episode_agent_samples=62 | mean_reward=106.551 | success=5/5 | collision=0/5 | mean_final_distance=0.243 | mean_progress=0.0073 | min_laser=0.597 | mean_lin=0.606 | mean_ang=-0.578 | mean_robot_dist=inf | raw_reward=20.000 | adjusted_reward=20.000 | coop_agents=0/5 | mean_coop_neighbors=0.00 | active_neighbor_step_rate=0.710 | mean_active_neighbors_step=1.774 | max_active_neighbors_step=4 | interaction_reward=0.0000 | abs_interaction_reward=0.0000 | anti_stag_reward=0.0000 | abs_anti_stag_reward=0.0000 | wall_clear_reward=0.0000 | abs_wall_clear_reward=0.0000 | local_nav_reward=0.0000 | abs_local_nav_reward=0.0000 | robot_proximity_reward=-0.4859 | abs_robot_proximity_reward=0.4859 | robot_clearance_reward=0.0645 | context_neighbors_mean=1.81 | context_neighbors_max=4 | last_context_neighbors_mean=0.00 | last_context_neighbors_max=0 | actor_unlocked=0 | expl_noise=0.0747 | replay=20337 | interaction_replay=8719 | samples/sec=6.969
Episode 247 complete | agent_samples=20390 | env_steps=8465 | episode_env_steps=17 | episode_agent_samples=53 | mean_reward=31.244 | success=3/5 | collision=2/5 | mean_final_distance=0.588 | mean_progress=0.0229 | min_laser=0.300 | mean_lin=0.784 | mean_ang=0.067 | mean_robot_dist=inf | raw_reward=20.000 | adjusted_reward=20.000 | coop_agents=0/5 | mean_coop_neighbors=0.00 | active_neighbor_step_rate=0.849 | mean_active_neighbors_step=2.113 | max_active_neighbors_step=4 | interaction_reward=0.0000 | abs_interaction_reward=0.0000 | anti_stag_reward=0.0000 | abs_anti_stag_reward=0.0000 | wall_clear_reward=0.0000 | abs_wall_clear_reward=0.0000 | local_nav_reward=0.0000 | abs_local_nav_reward=0.0000 | robot_proximity_reward=-1.0762 | abs_robot_proximity_reward=1.0762 | robot_clearance_reward=0.0000 | context_neighbors_mean=2.09 | context_neighbors_max=4 | last_context_neighbors_mean=0.00 | last_context_neighbors_max=0 | actor_unlocked=0 | expl_noise=0.0747 | replay=20390 | interaction_replay=8729 | samples/sec=6.978
Episode 248 complete | agent_samples=20464 | env_steps=8492 | episode_env_steps=27 | episode_agent_samples=74 | mean_reward=116.211 | success=5/5 | collision=0/5 | mean_final_distance=0.268 | mean_progress=0.0161 | min_laser=0.470 | mean_lin=0.797 | mean_ang=-0.621 | mean_robot_dist=inf | raw_reward=20.000 | adjusted_reward=20.000 | coop_agents=0/5 | mean_coop_neighbors=0.00 | active_neighbor_step_rate=0.716 | mean_active_neighbors_step=1.797 | max_active_neighbors_step=4 | interaction_reward=0.0000 | abs_interaction_reward=0.0000 | anti_stag_reward=0.0000 | abs_anti_stag_reward=0.0000 | wall_clear_reward=0.0000 | abs_wall_clear_reward=0.0000 | local_nav_reward=0.0000 | abs_local_nav_reward=0.0000 | robot_proximity_reward=-0.4094 | abs_robot_proximity_reward=0.4094 | robot_clearance_reward=0.0541 | context_neighbors_mean=1.84 | context_neighbors_max=4 | last_context_neighbors_mean=0.00 | last_context_neighbors_max=0 | actor_unlocked=0 | expl_noise=0.0747 | replay=20464 | interaction_replay=8755 | samples/sec=6.989
Episode 249 complete | agent_samples=20522 | env_steps=8505 | episode_env_steps=13 | episode_agent_samples=58 | mean_reward=30.868 | success=3/5 | collision=2/5 | mean_final_distance=0.508 | mean_progress=0.0356 | min_laser=0.300 | mean_lin=0.626 | mean_ang=-0.335 | mean_robot_dist=0.493 | raw_reward=-41.567 | adjusted_reward=-41.567 | coop_agents=2/5 | mean_coop_neighbors=0.40 | active_neighbor_step_rate=0.897 | mean_active_neighbors_step=2.138 | max_active_neighbors_step=4 | interaction_reward=0.0000 | abs_interaction_reward=0.0000 | anti_stag_reward=0.0000 | abs_anti_stag_reward=0.0000 | wall_clear_reward=0.0000 | abs_wall_clear_reward=0.0000 | local_nav_reward=0.0000 | abs_local_nav_reward=0.0000 | robot_proximity_reward=-1.2735 | abs_robot_proximity_reward=1.2735 | robot_clearance_reward=0.0358 | context_neighbors_mean=2.21 | context_neighbors_max=4 | last_context_neighbors_mean=0.00 | last_context_neighbors_max=0 | actor_unlocked=0 | expl_noise=0.0747 | replay=20522 | interaction_replay=8809 | samples/sec=7.002
Episode 250 complete | agent_samples=20622 | env_steps=8531 | episode_env_steps=26 | episode_agent_samples=100 | mean_reward=76.028 | success=4/5 | collision=1/5 | mean_final_distance=0.422 | mean_progress=0.0101 | min_laser=0.335 | mean_lin=0.799 | mean_ang=-0.242 | mean_robot_dist=inf | raw_reward=20.000 | adjusted_reward=20.000 | coop_agents=0/5 | mean_coop_neighbors=0.00 | active_neighbor_step_rate=0.680 | mean_active_neighbors_step=1.630 | max_active_neighbors_step=4 | interaction_reward=0.0000 | abs_interaction_reward=0.0000 | anti_stag_reward=0.0000 | abs_anti_stag_reward=0.0000 | wall_clear_reward=0.0000 | abs_wall_clear_reward=0.0000 | local_nav_reward=0.0000 | abs_local_nav_reward=0.0000 | robot_proximity_reward=-0.6463 | abs_robot_proximity_reward=0.6463 | robot_clearance_reward=0.1003 | context_neighbors_mean=1.70 | context_neighbors_max=4 | last_context_neighbors_mean=0.00 | last_context_neighbors_max=0 | actor_unlocked=0 | expl_noise=0.0747 | replay=20622 | interaction_replay=8859 | samples/sec=7.023
Status | epoch=2 | next_eval_in=19378 agent_samples | checkpoint_every=10 episodes | checkpoint=./checkpoints/interaction_focused_actor_from_5a_s20260725_latest.pt | model=interaction_focused_actor_from_5a_s20260725
Checkpoint saved: ./checkpoints/interaction_focused_actor_from_5a_s20260725_latest.pt
Episode 251 complete | agent_samples=20723 | env_steps=8565 | episode_env_steps=34 | episode_agent_samples=101 | mean_reward=121.719 | success=5/5 | collision=0/5 | mean_final_distance=0.232 | mean_progress=0.0126 | min_laser=0.538 | mean_lin=0.856 | mean_ang=-0.587 | mean_robot_dist=inf | raw_reward=20.000 | adjusted_reward=20.000 | coop_agents=0/5 | mean_coop_neighbors=0.00 | active_neighbor_step_rate=0.564 | mean_active_neighbors_step=1.416 | max_active_neighbors_step=4 | interaction_reward=0.0000 | abs_interaction_reward=0.0000 | anti_stag_reward=0.0000 | abs_anti_stag_reward=0.0000 | wall_clear_reward=0.0000 | abs_wall_clear_reward=0.0000 | local_nav_reward=0.0000 | abs_local_nav_reward=0.0000 | robot_proximity_reward=-0.4210 | abs_robot_proximity_reward=0.4210 | robot_clearance_reward=0.0818 | context_neighbors_mean=1.50 | context_neighbors_max=4 | last_context_neighbors_mean=0.00 | last_context_neighbors_max=0 | actor_unlocked=0 | expl_noise=0.0746 | replay=20723 | interaction_replay=8907 | samples/sec=7.038
Episode 252 complete | agent_samples=20806 | env_steps=8595 | episode_env_steps=30 | episode_agent_samples=83 | mean_reward=111.523 | success=5/5 | collision=0/5 | mean_final_distance=0.254 | mean_progress=0.0143 | min_laser=0.573 | mean_lin=0.772 | mean_ang=-0.119 | mean_robot_dist=inf | raw_reward=20.000 | adjusted_reward=20.000 | coop_agents=0/5 | mean_coop_neighbors=0.00 | active_neighbor_step_rate=0.675 | mean_active_neighbors_step=1.325 | max_active_neighbors_step=4 | interaction_reward=0.0000 | abs_interaction_reward=0.0000 | anti_stag_reward=0.0000 | abs_anti_stag_reward=0.0000 | wall_clear_reward=0.0000 | abs_wall_clear_reward=0.0000 | local_nav_reward=0.0000 | abs_local_nav_reward=0.0000 | robot_proximity_reward=-0.4799 | abs_robot_proximity_reward=0.4799 | robot_clearance_reward=0.1367 | context_neighbors_mean=1.40 | context_neighbors_max=4 | last_context_neighbors_mean=0.00 | last_context_neighbors_max=0 | actor_unlocked=0 | expl_noise=0.0746 | replay=20806 | interaction_replay=8963 | samples/sec=7.051
Episode 253 complete | agent_samples=20867 | env_steps=8611 | episode_env_steps=16 | episode_agent_samples=61 | mean_reward=123.668 | success=5/5 | collision=0/5 | mean_final_distance=0.255 | mean_progress=0.0178 | min_laser=0.515 | mean_lin=0.802 | mean_ang=0.201 | mean_robot_dist=inf | raw_reward=20.000 | adjusted_reward=20.000 | coop_agents=0/5 | mean_coop_neighbors=0.00 | active_neighbor_step_rate=0.869 | mean_active_neighbors_step=1.984 | max_active_neighbors_step=4 | interaction_reward=0.0000 | abs_interaction_reward=0.0000 | anti_stag_reward=0.0000 | abs_anti_stag_reward=0.0000 | wall_clear_reward=0.0000 | abs_wall_clear_reward=0.0000 | local_nav_reward=0.0000 | abs_local_nav_reward=0.0000 | robot_proximity_reward=-0.4358 | abs_robot_proximity_reward=0.4358 | robot_clearance_reward=0.0328 | context_neighbors_mean=2.02 | context_neighbors_max=4 | last_context_neighbors_mean=0.00 | last_context_neighbors_max=0 | actor_unlocked=0 | expl_noise=0.0746 | replay=20867 | interaction_replay=9014 | samples/sec=7.063
Episode 254 complete | agent_samples=20931 | env_steps=8634 | episode_env_steps=23 | episode_agent_samples=64 | mean_reward=41.276 | success=3/5 | collision=2/5 | mean_final_distance=0.906 | mean_progress=0.0210 | min_laser=0.300 | mean_lin=0.802 | mean_ang=0.303 | mean_robot_dist=inf | raw_reward=20.000 | adjusted_reward=20.000 | coop_agents=0/5 | mean_coop_neighbors=0.00 | active_neighbor_step_rate=0.641 | mean_active_neighbors_step=1.109 | max_active_neighbors_step=4 | interaction_reward=0.0000 | abs_interaction_reward=0.0000 | anti_stag_reward=0.0000 | abs_anti_stag_reward=0.0000 | wall_clear_reward=0.0000 | abs_wall_clear_reward=0.0000 | local_nav_reward=0.0000 | abs_local_nav_reward=0.0000 | robot_proximity_reward=-0.6715 | abs_robot_proximity_reward=0.6715 | robot_clearance_reward=0.0000 | context_neighbors_mean=1.12 | context_neighbors_max=4 | last_context_neighbors_mean=0.00 | last_context_neighbors_max=0 | actor_unlocked=0 | expl_noise=0.0746 | replay=20931 | interaction_replay=9033 | samples/sec=7.072
Episode 255 complete | agent_samples=20987 | env_steps=8653 | episode_env_steps=19 | episode_agent_samples=56 | mean_reward=113.909 | success=5/5 | collision=0/5 | mean_final_distance=0.242 | mean_progress=0.0183 | min_laser=0.624 | mean_lin=0.920 | mean_ang=-0.273 | mean_robot_dist=inf | raw_reward=20.000 | adjusted_reward=20.000 | coop_agents=0/5 | mean_coop_neighbors=0.00 | active_neighbor_step_rate=0.768 | mean_active_neighbors_step=2.321 | max_active_neighbors_step=4 | interaction_reward=0.0000 | abs_interaction_reward=0.0000 | anti_stag_reward=0.0000 | abs_anti_stag_reward=0.0000 | wall_clear_reward=0.0000 | abs_wall_clear_reward=0.0000 | local_nav_reward=0.0000 | abs_local_nav_reward=0.0000 | robot_proximity_reward=-0.5791 | abs_robot_proximity_reward=0.5791 | robot_clearance_reward=0.0714 | context_neighbors_mean=2.43 | context_neighbors_max=4 | last_context_neighbors_mean=0.00 | last_context_neighbors_max=0 | actor_unlocked=0 | expl_noise=0.0746 | replay=20987 | interaction_replay=9075 | samples/sec=7.081
Status | epoch=2 | next_eval_in=19013 agent_samples | checkpoint_every=10 episodes | checkpoint=./checkpoints/interaction_focused_actor_from_5a_s20260725_latest.pt | model=interaction_focused_actor_from_5a_s20260725
Actor gradient gate | passed=0 | safety_samples=153 | linear_positive_share=0.150 | angular_one_sided_share=0.935
Episode 256 complete | agent_samples=21100 | env_steps=8729 | episode_env_steps=76 | episode_agent_samples=113 | mean_reward=64.203 | success=4/5 | collision=1/5 | mean_final_distance=0.537 | mean_progress=0.0063 | min_laser=0.349 | mean_lin=0.956 | mean_ang=0.594 | mean_robot_dist=inf | raw_reward=20.000 | adjusted_reward=20.000 | coop_agents=0/5 | mean_coop_neighbors=0.00 | active_neighbor_step_rate=0.354 | mean_active_neighbors_step=0.690 | max_active_neighbors_step=4 | interaction_reward=0.0000 | abs_interaction_reward=0.0000 | anti_stag_reward=0.0000 | abs_anti_stag_reward=0.0000 | wall_clear_reward=0.0000 | abs_wall_clear_reward=0.0000 | local_nav_reward=0.0000 | abs_local_nav_reward=0.0000 | robot_proximity_reward=-0.2693 | abs_robot_proximity_reward=0.2693 | robot_clearance_reward=0.0000 | context_neighbors_mean=0.70 | context_neighbors_max=4 | last_context_neighbors_mean=0.00 | last_context_neighbors_max=0 | actor_unlocked=0 | expl_noise=0.0745 | replay=21100 | interaction_replay=9081 | samples/sec=7.080
Actor gradient gate | passed=0 | safety_samples=166 | linear_positive_share=0.169 | angular_one_sided_share=0.934
Episode 257 complete | agent_samples=21236 | env_steps=8786 | episode_env_steps=57 | episode_agent_samples=136 | mean_reward=115.484 | success=5/5 | collision=0/5 | mean_final_distance=0.248 | mean_progress=0.0055 | min_laser=0.398 | mean_lin=0.818 | mean_ang=-0.833 | mean_robot_dist=inf | raw_reward=20.000 | adjusted_reward=20.000 | coop_agents=0/5 | mean_coop_neighbors=0.00 | active_neighbor_step_rate=0.676 | mean_active_neighbors_step=1.640 | max_active_neighbors_step=4 | interaction_reward=0.0000 | abs_interaction_reward=0.0000 | anti_stag_reward=0.0000 | abs_anti_stag_reward=0.0000 | wall_clear_reward=0.0000 | abs_wall_clear_reward=0.0000 | local_nav_reward=0.0000 | abs_local_nav_reward=0.0000 | robot_proximity_reward=-0.1146 | abs_robot_proximity_reward=0.1146 | robot_clearance_reward=0.0147 | context_neighbors_mean=1.67 | context_neighbors_max=4 | last_context_neighbors_mean=0.00 | last_context_neighbors_max=0 | actor_unlocked=0 | expl_noise=0.0745 | replay=21236 | interaction_replay=9126 | samples/sec=7.096
Actor gradient gate | passed=0 | safety_samples=157 | linear_positive_share=0.236 | angular_one_sided_share=0.962
Episode 258 complete | agent_samples=21292 | env_steps=8805 | episode_env_steps=19 | episode_agent_samples=56 | mean_reward=110.271 | success=5/5 | collision=0/5 | mean_final_distance=0.249 | mean_progress=0.0233 | min_laser=0.435 | mean_lin=0.983 | mean_ang=0.600 | mean_robot_dist=inf | raw_reward=20.000 | adjusted_reward=20.000 | coop_agents=0/5 | mean_coop_neighbors=0.00 | active_neighbor_step_rate=0.661 | mean_active_neighbors_step=1.857 | max_active_neighbors_step=4 | interaction_reward=0.0000 | abs_interaction_reward=0.0000 | anti_stag_reward=0.0000 | abs_anti_stag_reward=0.0000 | wall_clear_reward=0.0000 | abs_wall_clear_reward=0.0000 | local_nav_reward=0.0000 | abs_local_nav_reward=0.0000 | robot_proximity_reward=-0.9050 | abs_robot_proximity_reward=0.9050 | robot_clearance_reward=0.0714 | context_neighbors_mean=1.93 | context_neighbors_max=4 | last_context_neighbors_mean=0.00 | last_context_neighbors_max=0 | actor_unlocked=0 | expl_noise=0.0745 | replay=21292 | interaction_replay=9164 | samples/sec=7.105
Actor gradient gate | passed=1 | safety_samples=167 | linear_positive_share=0.222 | angular_one_sided_share=0.898
Episode 259 complete | agent_samples=21347 | env_steps=8828 | episode_env_steps=23 | episode_agent_samples=55 | mean_reward=22.143 | success=3/5 | collision=2/5 | mean_final_distance=0.982 | mean_progress=0.0067 | min_laser=0.309 | mean_lin=0.987 | mean_ang=-0.584 | mean_robot_dist=inf | raw_reward=20.000 | adjusted_reward=20.000 | coop_agents=0/5 | mean_coop_neighbors=0.00 | active_neighbor_step_rate=0.727 | mean_active_neighbors_step=1.636 | max_active_neighbors_step=4 | interaction_reward=0.0000 | abs_interaction_reward=0.0000 | anti_stag_reward=0.0000 | abs_anti_stag_reward=0.0000 | wall_clear_reward=0.0000 | abs_wall_clear_reward=0.0000 | local_nav_reward=0.0000 | abs_local_nav_reward=0.0000 | robot_proximity_reward=-0.9228 | abs_robot_proximity_reward=0.9228 | robot_clearance_reward=0.0000 | context_neighbors_mean=1.65 | context_neighbors_max=4 | last_context_neighbors_mean=0.00 | last_context_neighbors_max=0 | actor_unlocked=1 | expl_noise=0.0745 | replay=21347 | interaction_replay=9180 | samples/sec=7.111
Actor gradient gate | passed=0 | safety_samples=162 | linear_positive_share=0.290 | angular_one_sided_share=0.926
Episode 260 complete | agent_samples=21427 | env_steps=8846 | episode_env_steps=18 | episode_agent_samples=80 | mean_reward=36.904 | success=3/5 | collision=2/5 | mean_final_distance=0.610 | mean_progress=0.0253 | min_laser=0.330 | mean_lin=0.400 | mean_ang=0.166 | mean_robot_dist=inf | raw_reward=40.000 | adjusted_reward=40.000 | coop_agents=1/5 | mean_coop_neighbors=0.20 | active_neighbor_step_rate=0.812 | mean_active_neighbors_step=2.275 | max_active_neighbors_step=4 | interaction_reward=0.0000 | abs_interaction_reward=0.0000 | anti_stag_reward=0.0000 | abs_anti_stag_reward=0.0000 | wall_clear_reward=0.0000 | abs_wall_clear_reward=0.0000 | local_nav_reward=0.0000 | abs_local_nav_reward=0.0000 | robot_proximity_reward=-0.5926 | abs_robot_proximity_reward=0.5926 | robot_clearance_reward=0.0628 | context_neighbors_mean=2.31 | context_neighbors_max=4 | last_context_neighbors_mean=0.00 | last_context_neighbors_max=0 | actor_unlocked=0 | expl_noise=0.0745 | replay=21427 | interaction_replay=9224 | samples/sec=7.128
Status | epoch=2 | next_eval_in=18573 agent_samples | checkpoint_every=10 episodes | checkpoint=./checkpoints/interaction_focused_actor_from_5a_s20260725_latest.pt | model=interaction_focused_actor_from_5a_s20260725
Checkpoint saved: ./checkpoints/interaction_focused_actor_from_5a_s20260725_latest.pt
Actor gradient gate | passed=0 | safety_samples=154 | linear_positive_share=0.305 | angular_one_sided_share=0.916
Episode 261 complete | agent_samples=21558 | env_steps=8936 | episode_env_steps=90 | episode_agent_samples=131 | mean_reward=24.120 | success=3/5 | collision=2/5 | mean_final_distance=0.385 | mean_progress=0.0214 | min_laser=0.300 | mean_lin=0.799 | mean_ang=0.368 | mean_robot_dist=inf | raw_reward=20.000 | adjusted_reward=20.000 | coop_agents=0/5 | mean_coop_neighbors=0.00 | active_neighbor_step_rate=0.412 | mean_active_neighbors_step=0.885 | max_active_neighbors_step=4 | interaction_reward=0.0000 | abs_interaction_reward=0.0000 | anti_stag_reward=0.0000 | abs_anti_stag_reward=0.0000 | wall_clear_reward=0.0000 | abs_wall_clear_reward=0.0000 | local_nav_reward=0.0000 | abs_local_nav_reward=0.0000 | robot_proximity_reward=-0.3496 | abs_robot_proximity_reward=0.3496 | robot_clearance_reward=0.0000 | context_neighbors_mean=0.90 | context_neighbors_max=4 | last_context_neighbors_mean=0.00 | last_context_neighbors_max=0 | actor_unlocked=0 | expl_noise=0.0744 | replay=21558 | interaction_replay=9273 | samples/sec=7.125
Actor gradient gate | passed=0 | safety_samples=162 | linear_positive_share=0.198 | angular_one_sided_share=0.938
Episode 262 complete | agent_samples=21628 | env_steps=8954 | episode_env_steps=18 | episode_agent_samples=70 | mean_reward=100.735 | success=5/5 | collision=0/5 | mean_final_distance=0.259 | mean_progress=0.0044 | min_laser=0.590 | mean_lin=0.956 | mean_ang=-0.647 | mean_robot_dist=inf | raw_reward=20.000 | adjusted_reward=20.000 | coop_agents=0/5 | mean_coop_neighbors=0.00 | active_neighbor_step_rate=0.714 | mean_active_neighbors_step=1.557 | max_active_neighbors_step=4 | interaction_reward=0.0000 | abs_interaction_reward=0.0000 | anti_stag_reward=0.0000 | abs_anti_stag_reward=0.0000 | wall_clear_reward=0.0000 | abs_wall_clear_reward=0.0000 | local_nav_reward=0.0000 | abs_local_nav_reward=0.0000 | robot_proximity_reward=-0.2249 | abs_robot_proximity_reward=0.2249 | robot_clearance_reward=0.0033 | context_neighbors_mean=1.66 | context_neighbors_max=4 | last_context_neighbors_mean=0.00 | last_context_neighbors_max=0 | actor_unlocked=0 | expl_noise=0.0744 | replay=21628 | interaction_replay=9325 | samples/sec=7.138
Actor gradient gate | passed=0 | safety_samples=158 | linear_positive_share=0.310 | angular_one_sided_share=0.911
Episode 263 complete | agent_samples=21708 | env_steps=8981 | episode_env_steps=27 | episode_agent_samples=80 | mean_reward=126.811 | success=5/5 | collision=0/5 | mean_final_distance=0.257 | mean_progress=0.0262 | min_laser=0.454 | mean_lin=1.000 | mean_ang=-0.912 | mean_robot_dist=inf | raw_reward=20.000 | adjusted_reward=20.000 | coop_agents=0/5 | mean_coop_neighbors=0.00 | active_neighbor_step_rate=0.675 | mean_active_neighbors_step=1.413 | max_active_neighbors_step=4 | interaction_reward=0.0000 | abs_interaction_reward=0.0000 | anti_stag_reward=0.0000 | abs_anti_stag_reward=0.0000 | wall_clear_reward=0.0000 | abs_wall_clear_reward=0.0000 | local_nav_reward=0.0000 | abs_local_nav_reward=0.0000 | robot_proximity_reward=-0.1743 | abs_robot_proximity_reward=0.1743 | robot_clearance_reward=0.0250 | context_neighbors_mean=1.48 | context_neighbors_max=4 | last_context_neighbors_mean=0.00 | last_context_neighbors_max=0 | actor_unlocked=0 | expl_noise=0.0744 | replay=21708 | interaction_replay=9353 | samples/sec=7.151
Actor gradient gate | passed=0 | safety_samples=157 | linear_positive_share=0.268 | angular_one_sided_share=0.904
Episode 264 complete | agent_samples=21772 | env_steps=9000 | episode_env_steps=19 | episode_agent_samples=64 | mean_reward=16.902 | success=3/5 | collision=2/5 | mean_final_distance=0.550 | mean_progress=0.0199 | min_laser=0.326 | mean_lin=0.996 | mean_ang=0.959 | mean_robot_dist=inf | raw_reward=20.000 | adjusted_reward=20.000 | coop_agents=0/5 | mean_coop_neighbors=0.00 | active_neighbor_step_rate=0.906 | mean_active_neighbors_step=2.672 | max_active_neighbors_step=4 | interaction_reward=0.0000 | abs_interaction_reward=0.0000 | anti_stag_reward=0.0000 | abs_anti_stag_reward=0.0000 | wall_clear_reward=0.0000 | abs_wall_clear_reward=0.0000 | local_nav_reward=0.0000 | abs_local_nav_reward=0.0000 | robot_proximity_reward=-1.0399 | abs_robot_proximity_reward=1.0399 | robot_clearance_reward=0.0000 | context_neighbors_mean=2.67 | context_neighbors_max=4 | last_context_neighbors_mean=0.00 | last_context_neighbors_max=0 | actor_unlocked=0 | expl_noise=0.0744 | replay=21772 | interaction_replay=9392 | samples/sec=7.162
Actor gradient gate | passed=0 | safety_samples=158 | linear_positive_share=0.228 | angular_one_sided_share=0.949
Episode 265 complete | agent_samples=21819 | env_steps=9011 | episode_env_steps=11 | episode_agent_samples=47 | mean_reward=29.484 | success=3/5 | collision=2/5 | mean_final_distance=0.510 | mean_progress=0.0229 | min_laser=0.302 | mean_lin=0.782 | mean_ang=-0.355 | mean_robot_dist=inf | raw_reward=20.000 | adjusted_reward=20.000 | coop_agents=0/5 | mean_coop_neighbors=0.00 | active_neighbor_step_rate=0.851 | mean_active_neighbors_step=2.021 | max_active_neighbors_step=4 | interaction_reward=0.0000 | abs_interaction_reward=0.0000 | anti_stag_reward=0.0000 | abs_anti_stag_reward=0.0000 | wall_clear_reward=0.0000 | abs_wall_clear_reward=0.0000 | local_nav_reward=0.0000 | abs_local_nav_reward=0.0000 | robot_proximity_reward=-1.0626 | abs_robot_proximity_reward=1.0626 | robot_clearance_reward=0.1159 | context_neighbors_mean=2.13 | context_neighbors_max=4 | last_context_neighbors_mean=0.00 | last_context_neighbors_max=0 | actor_unlocked=0 | expl_noise=0.0744 | replay=21819 | interaction_replay=9431 | samples/sec=7.171
Status | epoch=2 | next_eval_in=18181 agent_samples | checkpoint_every=10 episodes | checkpoint=./checkpoints/interaction_focused_actor_from_5a_s20260725_latest.pt | model=interaction_focused_actor_from_5a_s20260725
Actor gradient gate | passed=0 | safety_samples=164 | linear_positive_share=0.189 | angular_one_sided_share=0.902
Episode 266 complete | agent_samples=21865 | env_steps=9022 | episode_env_steps=11 | episode_agent_samples=46 | mean_reward=21.741 | success=3/5 | collision=2/5 | mean_final_distance=0.443 | mean_progress=0.0337 | min_laser=0.300 | mean_lin=0.983 | mean_ang=0.583 | mean_robot_dist=0.540 | raw_reward=-43.496 | adjusted_reward=-43.496 | coop_agents=2/5 | mean_coop_neighbors=0.40 | active_neighbor_step_rate=0.913 | mean_active_neighbors_step=2.065 | max_active_neighbors_step=4 | interaction_reward=0.0000 | abs_interaction_reward=0.0000 | anti_stag_reward=0.0000 | abs_anti_stag_reward=0.0000 | wall_clear_reward=0.0000 | abs_wall_clear_reward=0.0000 | local_nav_reward=0.0000 | abs_local_nav_reward=0.0000 | robot_proximity_reward=-1.3693 | abs_robot_proximity_reward=1.3693 | robot_clearance_reward=0.0550 | context_neighbors_mean=2.13 | context_neighbors_max=4 | last_context_neighbors_mean=0.00 | last_context_neighbors_max=0 | actor_unlocked=0 | expl_noise=0.0744 | replay=21865 | interaction_replay=9474 | samples/sec=7.180
Actor gradient gate | passed=1 | safety_samples=174 | linear_positive_share=0.253 | angular_one_sided_share=0.879
Episode 267 complete | agent_samples=21915 | env_steps=9038 | episode_env_steps=16 | episode_agent_samples=50 | mean_reward=116.212 | success=5/5 | collision=0/5 | mean_final_distance=0.262 | mean_progress=0.0201 | min_laser=0.593 | mean_lin=0.999 | mean_ang=-0.615 | mean_robot_dist=inf | raw_reward=20.000 | adjusted_reward=20.000 | coop_agents=0/5 | mean_coop_neighbors=0.00 | active_neighbor_step_rate=0.800 | mean_active_neighbors_step=2.080 | max_active_neighbors_step=4 | interaction_reward=0.0000 | abs_interaction_reward=0.0000 | anti_stag_reward=0.0000 | abs_anti_stag_reward=0.0000 | wall_clear_reward=0.0000 | abs_wall_clear_reward=0.0000 | local_nav_reward=0.0000 | abs_local_nav_reward=0.0000 | robot_proximity_reward=-0.3819 | abs_robot_proximity_reward=0.3819 | robot_clearance_reward=0.0754 | context_neighbors_mean=2.16 | context_neighbors_max=4 | last_context_neighbors_mean=0.00 | last_context_neighbors_max=0 | actor_unlocked=1 | expl_noise=0.0744 | replay=21915 | interaction_replay=9514 | samples/sec=7.188
Actor gradient gate | passed=0 | safety_samples=160 | linear_positive_share=0.237 | angular_one_sided_share=0.913
Episode 268 complete | agent_samples=21973 | env_steps=9056 | episode_env_steps=18 | episode_agent_samples=58 | mean_reward=73.388 | success=4/5 | collision=1/5 | mean_final_distance=0.507 | mean_progress=0.0119 | min_laser=0.323 | mean_lin=0.977 | mean_ang=-0.960 | mean_robot_dist=inf | raw_reward=20.000 | adjusted_reward=20.000 | coop_agents=0/5 | mean_coop_neighbors=0.00 | active_neighbor_step_rate=0.534 | mean_active_neighbors_step=1.345 | max_active_neighbors_step=4 | interaction_reward=0.0000 | abs_interaction_reward=0.0000 | anti_stag_reward=0.0000 | abs_anti_stag_reward=0.0000 | wall_clear_reward=0.0000 | abs_wall_clear_reward=0.0000 | local_nav_reward=0.0000 | abs_local_nav_reward=0.0000 | robot_proximity_reward=-0.7636 | abs_robot_proximity_reward=0.7636 | robot_clearance_reward=0.0345 | context_neighbors_mean=1.43 | context_neighbors_max=4 | last_context_neighbors_mean=0.00 | last_context_neighbors_max=0 | actor_unlocked=0 | expl_noise=0.0743 | replay=21973 | interaction_replay=9535 | samples/sec=7.198
Actor gradient gate | passed=0 | safety_samples=170 | linear_positive_share=0.247 | angular_one_sided_share=0.959
Episode 269 complete | agent_samples=22036 | env_steps=9081 | episode_env_steps=25 | episode_agent_samples=63 | mean_reward=29.510 | success=3/5 | collision=2/5 | mean_final_distance=0.536 | mean_progress=0.0211 | min_laser=0.300 | mean_lin=0.974 | mean_ang=-0.173 | mean_robot_dist=inf | raw_reward=20.000 | adjusted_reward=20.000 | coop_agents=0/5 | mean_coop_neighbors=0.00 | active_neighbor_step_rate=0.667 | mean_active_neighbors_step=1.587 | max_active_neighbors_step=4 | interaction_reward=0.0000 | abs_interaction_reward=0.0000 | anti_stag_reward=0.0000 | abs_anti_stag_reward=0.0000 | wall_clear_reward=0.0000 | abs_wall_clear_reward=0.0000 | local_nav_reward=0.0000 | abs_local_nav_reward=0.0000 | robot_proximity_reward=-0.7834 | abs_robot_proximity_reward=0.7834 | robot_clearance_reward=0.0000 | context_neighbors_mean=1.60 | context_neighbors_max=4 | last_context_neighbors_mean=0.00 | last_context_neighbors_max=0 | actor_unlocked=0 | expl_noise=0.0743 | replay=22036 | interaction_replay=9555 | samples/sec=7.206
Actor gradient gate | passed=1 | safety_samples=149 | linear_positive_share=0.262 | angular_one_sided_share=0.893
Episode 270 complete | agent_samples=22410 | env_steps=9381 | episode_env_steps=300 | episode_agent_samples=374 | mean_reward=78.656 | success=4/5 | collision=0/5 | mean_final_distance=0.615 | mean_progress=-0.0001 | min_laser=0.477 | mean_lin=0.800 | mean_ang=-0.513 | mean_robot_dist=inf | raw_reward=-0.034 | adjusted_reward=-0.034 | coop_agents=0/5 | mean_coop_neighbors=0.00 | active_neighbor_step_rate=0.182 | mean_active_neighbors_step=0.422 | max_active_neighbors_step=4 | interaction_reward=0.0000 | abs_interaction_reward=0.0000 | anti_stag_reward=0.0000 | abs_anti_stag_reward=0.0000 | wall_clear_reward=0.0000 | abs_wall_clear_reward=0.0000 | local_nav_reward=0.0000 | abs_local_nav_reward=0.0000 | robot_proximity_reward=0.0000 | abs_robot_proximity_reward=0.0000 | robot_clearance_reward=0.0000 | context_neighbors_mean=0.43 | context_neighbors_max=4 | last_context_neighbors_mean=0.00 | last_context_neighbors_max=0 | actor_unlocked=1 | expl_noise=0.0741 | replay=22410 | interaction_replay=9575 | samples/sec=7.177
Status | epoch=2 | next_eval_in=17590 agent_samples | checkpoint_every=10 episodes | checkpoint=./checkpoints/interaction_focused_actor_from_5a_s20260725_latest.pt | model=interaction_focused_actor_from_5a_s20260725
Checkpoint saved: ./checkpoints/interaction_focused_actor_from_5a_s20260725_latest.pt
Actor gradient gate | passed=1 | safety_samples=169 | linear_positive_share=0.213 | angular_one_sided_share=0.882
Episode 271 complete | agent_samples=22596 | env_steps=9472 | episode_env_steps=91 | episode_agent_samples=186 | mean_reward=101.638 | success=5/5 | collision=0/5 | mean_final_distance=0.271 | mean_progress=0.0033 | min_laser=0.436 | mean_lin=0.987 | mean_ang=-0.066 | mean_robot_dist=inf | raw_reward=20.000 | adjusted_reward=20.000 | coop_agents=0/5 | mean_coop_neighbors=0.00 | active_neighbor_step_rate=0.522 | mean_active_neighbors_step=1.263 | max_active_neighbors_step=4 | interaction_reward=0.0000 | abs_interaction_reward=0.0000 | anti_stag_reward=0.0000 | abs_anti_stag_reward=0.0000 | wall_clear_reward=0.0000 | abs_wall_clear_reward=0.0000 | local_nav_reward=0.0000 | abs_local_nav_reward=0.0000 | robot_proximity_reward=-0.2952 | abs_robot_proximity_reward=0.2952 | robot_clearance_reward=0.0167 | context_neighbors_mean=1.27 | context_neighbors_max=4 | last_context_neighbors_mean=0.00 | last_context_neighbors_max=0 | actor_unlocked=1 | expl_noise=0.0741 | replay=22596 | interaction_replay=9616 | samples/sec=7.189
Actor gradient gate | passed=1 | safety_samples=172 | linear_positive_share=0.145 | angular_one_sided_share=0.843
Episode 272 complete | agent_samples=22641 | env_steps=9482 | episode_env_steps=10 | episode_agent_samples=45 | mean_reward=28.091 | success=3/5 | collision=2/5 | mean_final_distance=0.406 | mean_progress=0.0478 | min_laser=0.300 | mean_lin=0.794 | mean_ang=0.227 | mean_robot_dist=inf | raw_reward=0.000 | adjusted_reward=8.000 | coop_agents=1/5 | mean_coop_neighbors=0.20 | active_neighbor_step_rate=0.978 | mean_active_neighbors_step=2.578 | max_active_neighbors_step=4 | interaction_reward=0.0000 | abs_interaction_reward=0.0000 | anti_stag_reward=0.0000 | abs_anti_stag_reward=0.0000 | wall_clear_reward=0.0000 | abs_wall_clear_reward=0.0000 | local_nav_reward=0.0000 | abs_local_nav_reward=0.0000 | robot_proximity_reward=-0.7185 | abs_robot_proximity_reward=0.7185 | robot_clearance_reward=0.0035 | context_neighbors_mean=2.58 | context_neighbors_max=4 | last_context_neighbors_mean=0.00 | last_context_neighbors_max=0 | actor_unlocked=1 | expl_noise=0.0741 | replay=22641 | interaction_replay=9660 | samples/sec=7.198
Actor gradient gate | passed=0 | safety_samples=145 | linear_positive_share=0.159 | angular_one_sided_share=0.903
Episode 273 complete | agent_samples=22728 | env_steps=9532 | episode_env_steps=50 | episode_agent_samples=87 | mean_reward=42.276 | success=3/5 | collision=2/5 | mean_final_distance=0.884 | mean_progress=0.0082 | min_laser=0.300 | mean_lin=0.803 | mean_ang=0.151 | mean_robot_dist=inf | raw_reward=20.000 | adjusted_reward=20.000 | coop_agents=0/5 | mean_coop_neighbors=0.00 | active_neighbor_step_rate=0.425 | mean_active_neighbors_step=0.747 | max_active_neighbors_step=4 | interaction_reward=0.0000 | abs_interaction_reward=0.0000 | anti_stag_reward=0.0000 | abs_anti_stag_reward=0.0000 | wall_clear_reward=0.0000 | abs_wall_clear_reward=0.0000 | local_nav_reward=0.0000 | abs_local_nav_reward=0.0000 | robot_proximity_reward=-0.4238 | abs_robot_proximity_reward=0.4238 | robot_clearance_reward=0.0000 | context_neighbors_mean=0.76 | context_neighbors_max=4 | last_context_neighbors_mean=0.00 | last_context_neighbors_max=0 | actor_unlocked=0 | expl_noise=0.0740 | replay=22728 | interaction_replay=9675 | samples/sec=7.201
Actor gradient gate | passed=1 | safety_samples=156 | linear_positive_share=0.192 | angular_one_sided_share=0.859
Episode 274 complete | agent_samples=22771 | env_steps=9542 | episode_env_steps=10 | episode_agent_samples=43 | mean_reward=28.487 | success=3/5 | collision=2/5 | mean_final_distance=0.464 | mean_progress=0.0208 | min_laser=0.300 | mean_lin=0.999 | mean_ang=0.321 | mean_robot_dist=inf | raw_reward=20.000 | adjusted_reward=20.000 | coop_agents=0/5 | mean_coop_neighbors=0.00 | active_neighbor_step_rate=0.884 | mean_active_neighbors_step=2.256 | max_active_neighbors_step=4 | interaction_reward=0.0000 | abs_interaction_reward=0.0000 | anti_stag_reward=0.0000 | abs_anti_stag_reward=0.0000 | wall_clear_reward=0.0000 | abs_wall_clear_reward=0.0000 | local_nav_reward=0.0000 | abs_local_nav_reward=0.0000 | robot_proximity_reward=-1.2112 | abs_robot_proximity_reward=1.2112 | robot_clearance_reward=0.0021 | context_neighbors_mean=2.37 | context_neighbors_max=4 | last_context_neighbors_mean=0.00 | last_context_neighbors_max=0 | actor_unlocked=1 | expl_noise=0.0740 | replay=22771 | interaction_replay=9714 | samples/sec=7.210
Actor gradient gate | passed=0 | safety_samples=162 | linear_positive_share=0.259 | angular_one_sided_share=0.901
Episode 275 complete | agent_samples=22809 | env_steps=9553 | episode_env_steps=11 | episode_agent_samples=38 | mean_reward=24.032 | success=3/5 | collision=2/5 | mean_final_distance=0.511 | mean_progress=0.0193 | min_laser=0.301 | mean_lin=0.996 | mean_ang=-0.209 | mean_robot_dist=inf | raw_reward=20.000 | adjusted_reward=20.000 | coop_agents=0/5 | mean_coop_neighbors=0.00 | active_neighbor_step_rate=0.737 | mean_active_neighbors_step=1.447 | max_active_neighbors_step=4 | interaction_reward=0.0000 | abs_interaction_reward=0.0000 | anti_stag_reward=0.0000 | abs_anti_stag_reward=0.0000 | wall_clear_reward=0.0000 | abs_wall_clear_reward=0.0000 | local_nav_reward=0.0000 | abs_local_nav_reward=0.0000 | robot_proximity_reward=-1.1744 | abs_robot_proximity_reward=1.1744 | robot_clearance_reward=0.0000 | context_neighbors_mean=1.58 | context_neighbors_max=4 | last_context_neighbors_mean=0.00 | last_context_neighbors_max=0 | actor_unlocked=0 | expl_noise=0.0740 | replay=22809 | interaction_replay=9743 | samples/sec=7.216
Status | epoch=2 | next_eval_in=17191 agent_samples | checkpoint_every=10 episodes | checkpoint=./checkpoints/interaction_focused_actor_from_5a_s20260725_latest.pt | model=interaction_focused_actor_from_5a_s20260725
Actor gradient gate | passed=1 | safety_samples=145 | linear_positive_share=0.179 | angular_one_sided_share=0.862
Episode 276 complete | agent_samples=22903 | env_steps=9602 | episode_env_steps=49 | episode_agent_samples=94 | mean_reward=17.688 | success=3/5 | collision=2/5 | mean_final_distance=0.624 | mean_progress=0.0092 | min_laser=0.334 | mean_lin=0.798 | mean_ang=0.198 | mean_robot_dist=inf | raw_reward=-20.000 | adjusted_reward=-20.000 | coop_agents=0/5 | mean_coop_neighbors=0.00 | active_neighbor_step_rate=0.617 | mean_active_neighbors_step=1.723 | max_active_neighbors_step=4 | interaction_reward=0.0000 | abs_interaction_reward=0.0000 | anti_stag_reward=0.0000 | abs_anti_stag_reward=0.0000 | wall_clear_reward=0.0000 | abs_wall_clear_reward=0.0000 | local_nav_reward=0.0000 | abs_local_nav_reward=0.0000 | robot_proximity_reward=-0.5142 | abs_robot_proximity_reward=0.5142 | robot_clearance_reward=0.0000 | context_neighbors_mean=1.72 | context_neighbors_max=4 | last_context_neighbors_mean=0.00 | last_context_neighbors_max=0 | actor_unlocked=1 | expl_noise=0.0740 | replay=22903 | interaction_replay=9783 | samples/sec=7.222
Actor gradient gate | passed=1 | safety_samples=181 | linear_positive_share=0.215 | angular_one_sided_share=0.862
Episode 277 complete | agent_samples=22955 | env_steps=9617 | episode_env_steps=15 | episode_agent_samples=52 | mean_reward=31.772 | success=3/5 | collision=2/5 | mean_final_distance=0.384 | mean_progress=0.0195 | min_laser=0.300 | mean_lin=0.821 | mean_ang=0.567 | mean_robot_dist=inf | raw_reward=20.000 | adjusted_reward=20.000 | coop_agents=0/5 | mean_coop_neighbors=0.00 | active_neighbor_step_rate=0.846 | mean_active_neighbors_step=2.154 | max_active_neighbors_step=4 | interaction_reward=0.0000 | abs_interaction_reward=0.0000 | anti_stag_reward=0.0000 | abs_anti_stag_reward=0.0000 | wall_clear_reward=0.0000 | abs_wall_clear_reward=0.0000 | local_nav_reward=0.0000 | abs_local_nav_reward=0.0000 | robot_proximity_reward=-0.6502 | abs_robot_proximity_reward=0.6502 | robot_clearance_reward=0.0000 | context_neighbors_mean=2.19 | context_neighbors_max=4 | last_context_neighbors_mean=0.00 | last_context_neighbors_max=0 | actor_unlocked=1 | expl_noise=0.0740 | replay=22955 | interaction_replay=9827 | samples/sec=7.230
Actor gradient gate | passed=1 | safety_samples=153 | linear_positive_share=0.229 | angular_one_sided_share=0.837
Episode 278 complete | agent_samples=23060 | env_steps=9654 | episode_env_steps=37 | episode_agent_samples=105 | mean_reward=117.846 | success=5/5 | collision=0/5 | mean_final_distance=0.260 | mean_progress=0.0141 | min_laser=0.458 | mean_lin=1.000 | mean_ang=0.491 | mean_robot_dist=inf | raw_reward=20.000 | adjusted_reward=20.000 | coop_agents=0/5 | mean_coop_neighbors=0.00 | active_neighbor_step_rate=0.524 | mean_active_neighbors_step=0.933 | max_active_neighbors_step=4 | interaction_reward=0.0000 | abs_interaction_reward=0.0000 | anti_stag_reward=0.0000 | abs_anti_stag_reward=0.0000 | wall_clear_reward=0.0000 | abs_wall_clear_reward=0.0000 | local_nav_reward=0.0000 | abs_local_nav_reward=0.0000 | robot_proximity_reward=-0.3112 | abs_robot_proximity_reward=0.3112 | robot_clearance_reward=0.0190 | context_neighbors_mean=0.95 | context_neighbors_max=4 | last_context_neighbors_mean=0.00 | last_context_neighbors_max=0 | actor_unlocked=1 | expl_noise=0.0740 | replay=23060 | interaction_replay=9853 | samples/sec=7.245
Actor gradient gate | passed=1 | safety_samples=158 | linear_positive_share=0.228 | angular_one_sided_share=0.899
Episode 279 complete | agent_samples=23105 | env_steps=9664 | episode_env_steps=10 | episode_agent_samples=45 | mean_reward=28.522 | success=3/5 | collision=2/5 | mean_final_distance=0.515 | mean_progress=0.0151 | min_laser=0.300 | mean_lin=0.778 | mean_ang=0.079 | mean_robot_dist=inf | raw_reward=40.000 | adjusted_reward=40.000 | coop_agents=1/5 | mean_coop_neighbors=0.20 | active_neighbor_step_rate=0.911 | mean_active_neighbors_step=2.222 | max_active_neighbors_step=4 | interaction_reward=0.0000 | abs_interaction_reward=0.0000 | anti_stag_reward=0.0000 | abs_anti_stag_reward=0.0000 | wall_clear_reward=0.0000 | abs_wall_clear_reward=0.0000 | local_nav_reward=0.0000 | abs_local_nav_reward=0.0000 | robot_proximity_reward=-1.2429 | abs_robot_proximity_reward=1.2429 | robot_clearance_reward=0.0444 | context_neighbors_mean=2.31 | context_neighbors_max=4 | last_context_neighbors_mean=0.00 | last_context_neighbors_max=0 | actor_unlocked=1 | expl_noise=0.0740 | replay=23105 | interaction_replay=9895 | samples/sec=7.254
Actor gradient gate | passed=1 | safety_samples=154 | linear_positive_share=0.208 | angular_one_sided_share=0.812
Episode 280 complete | agent_samples=23212 | env_steps=9743 | episode_env_steps=79 | episode_agent_samples=107 | mean_reward=15.032 | success=3/5 | collision=2/5 | mean_final_distance=0.507 | mean_progress=0.0072 | min_laser=0.324 | mean_lin=0.986 | mean_ang=0.584 | mean_robot_dist=inf | raw_reward=20.000 | adjusted_reward=20.000 | coop_agents=0/5 | mean_coop_neighbors=0.00 | active_neighbor_step_rate=0.299 | mean_active_neighbors_step=0.654 | max_active_neighbors_step=4 | interaction_reward=0.0000 | abs_interaction_reward=0.0000 | anti_stag_reward=0.0000 | abs_anti_stag_reward=0.0000 | wall_clear_reward=0.0000 | abs_wall_clear_reward=0.0000 | local_nav_reward=0.0000 | abs_local_nav_reward=0.0000 | robot_proximity_reward=-0.4492 | abs_robot_proximity_reward=0.4492 | robot_clearance_reward=0.0000 | context_neighbors_mean=0.73 | context_neighbors_max=4 | last_context_neighbors_mean=0.00 | last_context_neighbors_max=0 | actor_unlocked=1 | expl_noise=0.0739 | replay=23212 | interaction_replay=9927 | samples/sec=7.249
Status | epoch=2 | next_eval_in=16788 agent_samples | checkpoint_every=10 episodes | checkpoint=./checkpoints/interaction_focused_actor_from_5a_s20260725_latest.pt | model=interaction_focused_actor_from_5a_s20260725
Checkpoint saved: ./checkpoints/interaction_focused_actor_from_5a_s20260725_latest.pt
Actor gradient gate | passed=1 | safety_samples=174 | linear_positive_share=0.241 | angular_one_sided_share=0.833
Episode 281 complete | agent_samples=23309 | env_steps=9809 | episode_env_steps=66 | episode_agent_samples=97 | mean_reward=14.203 | success=3/5 | collision=2/5 | mean_final_distance=0.682 | mean_progress=0.0080 | min_laser=0.316 | mean_lin=0.988 | mean_ang=0.147 | mean_robot_dist=inf | raw_reward=20.000 | adjusted_reward=20.000 | coop_agents=0/5 | mean_coop_neighbors=0.00 | active_neighbor_step_rate=0.361 | mean_active_neighbors_step=0.691 | max_active_neighbors_step=4 | interaction_reward=0.0000 | abs_interaction_reward=0.0000 | anti_stag_reward=0.0000 | abs_anti_stag_reward=0.0000 | wall_clear_reward=0.0000 | abs_wall_clear_reward=0.0000 | local_nav_reward=0.0000 | abs_local_nav_reward=0.0000 | robot_proximity_reward=-0.3421 | abs_robot_proximity_reward=0.3421 | robot_clearance_reward=0.0000 | context_neighbors_mean=0.70 | context_neighbors_max=4 | last_context_neighbors_mean=0.00 | last_context_neighbors_max=0 | actor_unlocked=1 | expl_noise=0.0739 | replay=23309 | interaction_replay=9933 | samples/sec=7.245
Actor gradient gate | passed=1 | safety_samples=180 | linear_positive_share=0.217 | angular_one_sided_share=0.856
Episode 282 complete | agent_samples=23358 | env_steps=9820 | episode_env_steps=11 | episode_agent_samples=49 | mean_reward=68.833 | success=4/5 | collision=1/5 | mean_final_distance=0.453 | mean_progress=0.0401 | min_laser=0.300 | mean_lin=1.000 | mean_ang=0.764 | mean_robot_dist=inf | raw_reward=40.000 | adjusted_reward=40.000 | coop_agents=1/5 | mean_coop_neighbors=0.20 | active_neighbor_step_rate=0.776 | mean_active_neighbors_step=1.918 | max_active_neighbors_step=4 | interaction_reward=0.0000 | abs_interaction_reward=0.0000 | anti_stag_reward=0.0000 | abs_anti_stag_reward=0.0000 | wall_clear_reward=0.0000 | abs_wall_clear_reward=0.0000 | local_nav_reward=0.0000 | abs_local_nav_reward=0.0000 | robot_proximity_reward=-0.7281 | abs_robot_proximity_reward=0.7281 | robot_clearance_reward=0.0408 | context_neighbors_mean=1.92 | context_neighbors_max=4 | last_context_neighbors_mean=0.00 | last_context_neighbors_max=0 | actor_unlocked=1 | expl_noise=0.0739 | replay=23358 | interaction_replay=9969 | samples/sec=7.255
Actor gradient gate | passed=1 | safety_samples=165 | linear_positive_share=0.248 | angular_one_sided_share=0.848
Episode 283 complete | agent_samples=23459 | env_steps=9881 | episode_env_steps=61 | episode_agent_samples=101 | mean_reward=109.341 | success=5/5 | collision=0/5 | mean_final_distance=0.264 | mean_progress=0.0105 | min_laser=0.439 | mean_lin=0.580 | mean_ang=0.200 | mean_robot_dist=inf | raw_reward=20.000 | adjusted_reward=20.000 | coop_agents=0/5 | mean_coop_neighbors=0.00 | active_neighbor_step_rate=0.416 | mean_active_neighbors_step=1.079 | max_active_neighbors_step=4 | interaction_reward=0.0000 | abs_interaction_reward=0.0000 | anti_stag_reward=0.0000 | abs_anti_stag_reward=0.0000 | wall_clear_reward=0.0000 | abs_wall_clear_reward=0.0000 | local_nav_reward=0.0000 | abs_local_nav_reward=0.0000 | robot_proximity_reward=-0.4443 | abs_robot_proximity_reward=0.4443 | robot_clearance_reward=0.0202 | context_neighbors_mean=1.16 | context_neighbors_max=4 | last_context_neighbors_mean=0.00 | last_context_neighbors_max=0 | actor_unlocked=1 | expl_noise=0.0738 | replay=23459 | interaction_replay=10009 | samples/sec=7.256
Actor gradient gate | passed=1 | safety_samples=175 | linear_positive_share=0.177 | angular_one_sided_share=0.857
Episode 284 complete | agent_samples=23512 | env_steps=9901 | episode_env_steps=20 | episode_agent_samples=53 | mean_reward=26.874 | success=3/5 | collision=2/5 | mean_final_distance=0.487 | mean_progress=0.0201 | min_laser=0.301 | mean_lin=1.000 | mean_ang=0.190 | mean_robot_dist=inf | raw_reward=20.000 | adjusted_reward=20.000 | coop_agents=0/5 | mean_coop_neighbors=0.00 | active_neighbor_step_rate=0.717 | mean_active_neighbors_step=1.642 | max_active_neighbors_step=4 | interaction_reward=0.0000 | abs_interaction_reward=0.0000 | anti_stag_reward=0.0000 | abs_anti_stag_reward=0.0000 | wall_clear_reward=0.0000 | abs_wall_clear_reward=0.0000 | local_nav_reward=0.0000 | abs_local_nav_reward=0.0000 | robot_proximity_reward=-0.7622 | abs_robot_proximity_reward=0.7622 | robot_clearance_reward=0.0377 | context_neighbors_mean=1.68 | context_neighbors_max=4 | last_context_neighbors_mean=0.00 | last_context_neighbors_max=0 | actor_unlocked=1 | expl_noise=0.0738 | replay=23512 | interaction_replay=10045 | samples/sec=7.263
Actor gradient gate | passed=1 | safety_samples=151 | linear_positive_share=0.245 | angular_one_sided_share=0.894
Episode 285 complete | agent_samples=23586 | env_steps=9934 | episode_env_steps=33 | episode_agent_samples=74 | mean_reward=23.531 | success=3/5 | collision=2/5 | mean_final_distance=0.895 | mean_progress=0.0119 | min_laser=0.300 | mean_lin=0.931 | mean_ang=-0.207 | mean_robot_dist=inf | raw_reward=20.000 | adjusted_reward=20.000 | coop_agents=0/5 | mean_coop_neighbors=0.00 | active_neighbor_step_rate=0.784 | mean_active_neighbors_step=1.635 | max_active_neighbors_step=4 | interaction_reward=0.0000 | abs_interaction_reward=0.0000 | anti_stag_reward=0.0000 | abs_anti_stag_reward=0.0000 | wall_clear_reward=0.0000 | abs_wall_clear_reward=0.0000 | local_nav_reward=0.0000 | abs_local_nav_reward=0.0000 | robot_proximity_reward=-0.5492 | abs_robot_proximity_reward=0.5492 | robot_clearance_reward=0.0289 | context_neighbors_mean=1.65 | context_neighbors_max=4 | last_context_neighbors_mean=0.00 | last_context_neighbors_max=0 | actor_unlocked=1 | expl_noise=0.0738 | replay=23586 | interaction_replay=10063 | samples/sec=7.270
Status | epoch=2 | next_eval_in=16414 agent_samples | checkpoint_every=10 episodes | checkpoint=./checkpoints/interaction_focused_actor_from_5a_s20260725_latest.pt | model=interaction_focused_actor_from_5a_s20260725
Actor gradient gate | passed=1 | safety_samples=160 | linear_positive_share=0.225 | angular_one_sided_share=0.869
Episode 286 complete | agent_samples=23695 | env_steps=9981 | episode_env_steps=47 | episode_agent_samples=109 | mean_reward=117.623 | success=5/5 | collision=0/5 | mean_final_distance=0.268 | mean_progress=0.0062 | min_laser=0.581 | mean_lin=0.602 | mean_ang=-0.988 | mean_robot_dist=inf | raw_reward=20.000 | adjusted_reward=20.000 | coop_agents=0/5 | mean_coop_neighbors=0.00 | active_neighbor_step_rate=0.615 | mean_active_neighbors_step=1.339 | max_active_neighbors_step=4 | interaction_reward=0.0000 | abs_interaction_reward=0.0000 | anti_stag_reward=0.0000 | abs_anti_stag_reward=0.0000 | wall_clear_reward=0.0000 | abs_wall_clear_reward=0.0000 | local_nav_reward=0.0000 | abs_local_nav_reward=0.0000 | robot_proximity_reward=-0.0609 | abs_robot_proximity_reward=0.0609 | robot_clearance_reward=0.0001 | context_neighbors_mean=1.37 | context_neighbors_max=4 | last_context_neighbors_mean=0.00 | last_context_neighbors_max=0 | actor_unlocked=1 | expl_noise=0.0738 | replay=23695 | interaction_replay=10086 | samples/sec=7.280
Actor gradient gate | passed=1 | safety_samples=179 | linear_positive_share=0.184 | angular_one_sided_share=0.793
Episode 287 complete | agent_samples=23787 | env_steps=10010 | episode_env_steps=29 | episode_agent_samples=92 | mean_reward=41.246 | success=3/5 | collision=2/5 | mean_final_distance=0.556 | mean_progress=0.0000 | min_laser=0.330 | mean_lin=0.796 | mean_ang=0.041 | mean_robot_dist=inf | raw_reward=-20.000 | adjusted_reward=-20.000 | coop_agents=0/5 | mean_coop_neighbors=0.00 | active_neighbor_step_rate=0.620 | mean_active_neighbors_step=1.522 | max_active_neighbors_step=4 | interaction_reward=0.0000 | abs_interaction_reward=0.0000 | anti_stag_reward=0.0000 | abs_anti_stag_reward=0.0000 | wall_clear_reward=0.0000 | abs_wall_clear_reward=0.0000 | local_nav_reward=0.0000 | abs_local_nav_reward=0.0000 | robot_proximity_reward=-0.1515 | abs_robot_proximity_reward=0.1515 | robot_clearance_reward=0.0818 | context_neighbors_mean=1.55 | context_neighbors_max=4 | last_context_neighbors_mean=0.00 | last_context_neighbors_max=0 | actor_unlocked=1 | expl_noise=0.0737 | replay=23787 | interaction_replay=10118 | samples/sec=7.294
Actor gradient gate | passed=1 | safety_samples=149 | linear_positive_share=0.255 | angular_one_sided_share=0.819
Episode 288 complete | agent_samples=23866 | env_steps=10045 | episode_env_steps=35 | episode_agent_samples=79 | mean_reward=32.052 | success=3/5 | collision=2/5 | mean_final_distance=0.327 | mean_progress=0.0183 | min_laser=0.319 | mean_lin=0.995 | mean_ang=0.024 | mean_robot_dist=inf | raw_reward=20.000 | adjusted_reward=20.000 | coop_agents=0/5 | mean_coop_neighbors=0.00 | active_neighbor_step_rate=0.658 | mean_active_neighbors_step=1.430 | max_active_neighbors_step=4 | interaction_reward=0.0000 | abs_interaction_reward=0.0000 | anti_stag_reward=0.0000 | abs_anti_stag_reward=0.0000 | wall_clear_reward=0.0000 | abs_wall_clear_reward=0.0000 | local_nav_reward=0.0000 | abs_local_nav_reward=0.0000 | robot_proximity_reward=-0.3958 | abs_robot_proximity_reward=0.3958 | robot_clearance_reward=0.0000 | context_neighbors_mean=1.51 | context_neighbors_max=4 | last_context_neighbors_mean=0.00 | last_context_neighbors_max=0 | actor_unlocked=1 | expl_noise=0.0737 | replay=23866 | interaction_replay=10155 | samples/sec=7.301
Actor gradient gate | passed=1 | safety_samples=153 | linear_positive_share=0.222 | angular_one_sided_share=0.791
Episode 289 complete | agent_samples=23987 | env_steps=10080 | episode_env_steps=35 | episode_agent_samples=121 | mean_reward=72.448 | success=4/5 | collision=1/5 | mean_final_distance=0.303 | mean_progress=0.0025 | min_laser=0.325 | mean_lin=0.600 | mean_ang=-0.203 | mean_robot_dist=inf | raw_reward=20.000 | adjusted_reward=20.000 | coop_agents=0/5 | mean_coop_neighbors=0.00 | active_neighbor_step_rate=0.835 | mean_active_neighbors_step=1.835 | max_active_neighbors_step=4 | interaction_reward=0.0000 | abs_interaction_reward=0.0000 | anti_stag_reward=0.0000 | abs_anti_stag_reward=0.0000 | wall_clear_reward=0.0000 | abs_wall_clear_reward=0.0000 | local_nav_reward=0.0000 | abs_local_nav_reward=0.0000 | robot_proximity_reward=-0.3080 | abs_robot_proximity_reward=0.3080 | robot_clearance_reward=0.0165 | context_neighbors_mean=1.85 | context_neighbors_max=4 | last_context_neighbors_mean=0.00 | last_context_neighbors_max=0 | actor_unlocked=1 | expl_noise=0.0737 | replay=23987 | interaction_replay=10176 | samples/sec=7.321
Actor gradient gate | passed=1 | safety_samples=168 | linear_positive_share=0.208 | angular_one_sided_share=0.774
Episode 290 complete | agent_samples=24056 | env_steps=10107 | episode_env_steps=27 | episode_agent_samples=69 | mean_reward=43.871 | success=3/5 | collision=2/5 | mean_final_distance=0.512 | mean_progress=0.0105 | min_laser=0.329 | mean_lin=0.597 | mean_ang=-0.203 | mean_robot_dist=inf | raw_reward=-20.000 | adjusted_reward=-20.000 | coop_agents=0/5 | mean_coop_neighbors=0.00 | active_neighbor_step_rate=0.638 | mean_active_neighbors_step=1.420 | max_active_neighbors_step=4 | interaction_reward=0.0000 | abs_interaction_reward=0.0000 | anti_stag_reward=0.0000 | abs_anti_stag_reward=0.0000 | wall_clear_reward=0.0000 | abs_wall_clear_reward=0.0000 | local_nav_reward=0.0000 | abs_local_nav_reward=0.0000 | robot_proximity_reward=-0.0222 | abs_robot_proximity_reward=0.0222 | robot_clearance_reward=0.0290 | context_neighbors_mean=1.42 | context_neighbors_max=4 | last_context_neighbors_mean=0.00 | last_context_neighbors_max=0 | actor_unlocked=1 | expl_noise=0.0737 | replay=24056 | interaction_replay=10197 | samples/sec=7.329
Status | epoch=2 | next_eval_in=15944 agent_samples | checkpoint_every=10 episodes | checkpoint=./checkpoints/interaction_focused_actor_from_5a_s20260725_latest.pt | model=interaction_focused_actor_from_5a_s20260725
Checkpoint saved: ./checkpoints/interaction_focused_actor_from_5a_s20260725_latest.pt
Actor gradient gate | passed=1 | safety_samples=176 | linear_positive_share=0.233 | angular_one_sided_share=0.773
Episode 291 complete | agent_samples=24101 | env_steps=10119 | episode_env_steps=12 | episode_agent_samples=45 | mean_reward=17.914 | success=3/5 | collision=2/5 | mean_final_distance=0.550 | mean_progress=0.0186 | min_laser=0.300 | mean_lin=0.991 | mean_ang=0.443 | mean_robot_dist=inf | raw_reward=20.000 | adjusted_reward=20.000 | coop_agents=0/5 | mean_coop_neighbors=0.00 | active_neighbor_step_rate=0.556 | mean_active_neighbors_step=1.533 | max_active_neighbors_step=4 | interaction_reward=0.0000 | abs_interaction_reward=0.0000 | anti_stag_reward=0.0000 | abs_anti_stag_reward=0.0000 | wall_clear_reward=0.0000 | abs_wall_clear_reward=0.0000 | local_nav_reward=0.0000 | abs_local_nav_reward=0.0000 | robot_proximity_reward=-1.4616 | abs_robot_proximity_reward=1.4616 | robot_clearance_reward=0.0000 | context_neighbors_mean=1.56 | context_neighbors_max=4 | last_context_neighbors_mean=0.00 | last_context_neighbors_max=0 | actor_unlocked=1 | expl_noise=0.0737 | replay=24101 | interaction_replay=10222 | samples/sec=7.335
Actor gradient gate | passed=1 | safety_samples=160 | linear_positive_share=0.256 | angular_one_sided_share=0.762
Episode 292 complete | agent_samples=24170 | env_steps=10141 | episode_env_steps=22 | episode_agent_samples=69 | mean_reward=118.877 | success=5/5 | collision=0/5 | mean_final_distance=0.245 | mean_progress=0.0018 | min_laser=0.402 | mean_lin=0.895 | mean_ang=0.191 | mean_robot_dist=inf | raw_reward=20.000 | adjusted_reward=20.000 | coop_agents=0/5 | mean_coop_neighbors=0.00 | active_neighbor_step_rate=0.812 | mean_active_neighbors_step=1.667 | max_active_neighbors_step=4 | interaction_reward=0.0000 | abs_interaction_reward=0.0000 | anti_stag_reward=0.0000 | abs_anti_stag_reward=0.0000 | wall_clear_reward=0.0000 | abs_wall_clear_reward=0.0000 | local_nav_reward=0.0000 | abs_local_nav_reward=0.0000 | robot_proximity_reward=-0.5854 | abs_robot_proximity_reward=0.5854 | robot_clearance_reward=0.2322 | context_neighbors_mean=1.72 | context_neighbors_max=4 | last_context_neighbors_mean=0.00 | last_context_neighbors_max=0 | actor_unlocked=1 | expl_noise=0.0737 | replay=24170 | interaction_replay=10277 | samples/sec=7.345
Actor gradient gate | passed=1 | safety_samples=173 | linear_positive_share=0.266 | angular_one_sided_share=0.780
Episode 293 complete | agent_samples=24226 | env_steps=10160 | episode_env_steps=19 | episode_agent_samples=56 | mean_reward=34.627 | success=3/5 | collision=2/5 | mean_final_distance=0.451 | mean_progress=0.0139 | min_laser=0.301 | mean_lin=0.804 | mean_ang=-0.966 | mean_robot_dist=inf | raw_reward=20.000 | adjusted_reward=20.000 | coop_agents=0/5 | mean_coop_neighbors=0.00 | active_neighbor_step_rate=0.732 | mean_active_neighbors_step=1.750 | max_active_neighbors_step=4 | interaction_reward=0.0000 | abs_interaction_reward=0.0000 | anti_stag_reward=0.0000 | abs_anti_stag_reward=0.0000 | wall_clear_reward=0.0000 | abs_wall_clear_reward=0.0000 | local_nav_reward=0.0000 | abs_local_nav_reward=0.0000 | robot_proximity_reward=-0.7269 | abs_robot_proximity_reward=0.7269 | robot_clearance_reward=0.0357 | context_neighbors_mean=1.84 | context_neighbors_max=4 | last_context_neighbors_mean=0.00 | last_context_neighbors_max=0 | actor_unlocked=1 | expl_noise=0.0736 | replay=24226 | interaction_replay=10317 | samples/sec=7.352
Actor gradient gate | passed=1 | safety_samples=139 | linear_positive_share=0.187 | angular_one_sided_share=0.827
Episode 294 complete | agent_samples=24273 | env_steps=10171 | episode_env_steps=11 | episode_agent_samples=47 | mean_reward=104.672 | success=5/5 | collision=0/5 | mean_final_distance=0.266 | mean_progress=0.0174 | min_laser=0.704 | mean_lin=0.988 | mean_ang=0.780 | mean_robot_dist=inf | raw_reward=20.000 | adjusted_reward=20.000 | coop_agents=0/5 | mean_coop_neighbors=0.00 | active_neighbor_step_rate=0.957 | mean_active_neighbors_step=2.638 | max_active_neighbors_step=4 | interaction_reward=0.0000 | abs_interaction_reward=0.0000 | anti_stag_reward=0.0000 | abs_anti_stag_reward=0.0000 | wall_clear_reward=0.0000 | abs_wall_clear_reward=0.0000 | local_nav_reward=0.0000 | abs_local_nav_reward=0.0000 | robot_proximity_reward=-0.6904 | abs_robot_proximity_reward=0.6904 | robot_clearance_reward=0.0649 | context_neighbors_mean=2.79 | context_neighbors_max=4 | last_context_neighbors_mean=0.00 | last_context_neighbors_max=0 | actor_unlocked=1 | expl_noise=0.0736 | replay=24273 | interaction_replay=10363 | samples/sec=7.361
Actor gradient gate | passed=1 | safety_samples=164 | linear_positive_share=0.189 | angular_one_sided_share=0.756
Episode 295 complete | agent_samples=24342 | env_steps=10192 | episode_env_steps=21 | episode_agent_samples=69 | mean_reward=110.286 | success=5/5 | collision=0/5 | mean_final_distance=0.244 | mean_progress=0.0271 | min_laser=0.458 | mean_lin=0.994 | mean_ang=-0.600 | mean_robot_dist=inf | raw_reward=20.000 | adjusted_reward=20.000 | coop_agents=0/5 | mean_coop_neighbors=0.00 | active_neighbor_step_rate=0.841 | mean_active_neighbors_step=1.565 | max_active_neighbors_step=3 | interaction_reward=0.0000 | abs_interaction_reward=0.0000 | anti_stag_reward=0.0000 | abs_anti_stag_reward=0.0000 | wall_clear_reward=0.0000 | abs_wall_clear_reward=0.0000 | local_nav_reward=0.0000 | abs_local_nav_reward=0.0000 | robot_proximity_reward=-0.4982 | abs_robot_proximity_reward=0.4982 | robot_clearance_reward=0.0684 | context_neighbors_mean=1.65 | context_neighbors_max=3 | last_context_neighbors_mean=0.00 | last_context_neighbors_max=0 | actor_unlocked=1 | expl_noise=0.0736 | replay=24342 | interaction_replay=10412 | samples/sec=7.372
Status | epoch=2 | next_eval_in=15658 agent_samples | checkpoint_every=10 episodes | checkpoint=./checkpoints/interaction_focused_actor_from_5a_s20260725_latest.pt | model=interaction_focused_actor_from_5a_s20260725
Actor gradient gate | passed=1 | safety_samples=145 | linear_positive_share=0.207 | angular_one_sided_share=0.738
Episode 296 complete | agent_samples=24453 | env_steps=10251 | episode_env_steps=59 | episode_agent_samples=111 | mean_reward=124.213 | success=5/5 | collision=0/5 | mean_final_distance=0.237 | mean_progress=0.0102 | min_laser=0.417 | mean_lin=0.999 | mean_ang=0.167 | mean_robot_dist=inf | raw_reward=20.000 | adjusted_reward=20.000 | coop_agents=0/5 | mean_coop_neighbors=0.00 | active_neighbor_step_rate=0.297 | mean_active_neighbors_step=0.577 | max_active_neighbors_step=4 | interaction_reward=0.0000 | abs_interaction_reward=0.0000 | anti_stag_reward=0.0000 | abs_anti_stag_reward=0.0000 | wall_clear_reward=0.0000 | abs_wall_clear_reward=0.0000 | local_nav_reward=0.0000 | abs_local_nav_reward=0.0000 | robot_proximity_reward=0.0000 | abs_robot_proximity_reward=0.0000 | robot_clearance_reward=0.0000 | context_neighbors_mean=0.58 | context_neighbors_max=4 | last_context_neighbors_mean=0.00 | last_context_neighbors_max=0 | actor_unlocked=1 | expl_noise=0.0736 | replay=24453 | interaction_replay=10419 | samples/sec=7.376
Actor gradient gate | passed=1 | safety_samples=176 | linear_positive_share=0.182 | angular_one_sided_share=0.790
Episode 297 complete | agent_samples=24531 | env_steps=10288 | episode_env_steps=37 | episode_agent_samples=78 | mean_reward=11.344 | success=3/5 | collision=2/5 | mean_final_distance=0.646 | mean_progress=0.0059 | min_laser=0.300 | mean_lin=0.600 | mean_ang=-0.144 | mean_robot_dist=inf | raw_reward=20.000 | adjusted_reward=20.000 | coop_agents=0/5 | mean_coop_neighbors=0.00 | active_neighbor_step_rate=0.603 | mean_active_neighbors_step=1.231 | max_active_neighbors_step=4 | interaction_reward=0.0000 | abs_interaction_reward=0.0000 | anti_stag_reward=0.0000 | abs_anti_stag_reward=0.0000 | wall_clear_reward=0.0000 | abs_wall_clear_reward=0.0000 | local_nav_reward=0.0000 | abs_local_nav_reward=0.0000 | robot_proximity_reward=-0.5992 | abs_robot_proximity_reward=0.5992 | robot_clearance_reward=0.0256 | context_neighbors_mean=1.24 | context_neighbors_max=4 | last_context_neighbors_mean=0.00 | last_context_neighbors_max=0 | actor_unlocked=1 | expl_noise=0.0736 | replay=24531 | interaction_replay=10457 | samples/sec=7.382
Actor gradient gate | passed=1 | safety_samples=147 | linear_positive_share=0.224 | angular_one_sided_share=0.850
Episode 298 complete | agent_samples=24587 | env_steps=10303 | episode_env_steps=15 | episode_agent_samples=56 | mean_reward=113.852 | success=5/5 | collision=0/5 | mean_final_distance=0.243 | mean_progress=0.0226 | min_laser=0.645 | mean_lin=0.981 | mean_ang=-0.178 | mean_robot_dist=inf | raw_reward=20.000 | adjusted_reward=20.000 | coop_agents=0/5 | mean_coop_neighbors=0.00 | active_neighbor_step_rate=0.857 | mean_active_neighbors_step=2.268 | max_active_neighbors_step=4 | interaction_reward=0.0000 | abs_interaction_reward=0.0000 | anti_stag_reward=0.0000 | abs_anti_stag_reward=0.0000 | wall_clear_reward=0.0000 | abs_wall_clear_reward=0.0000 | local_nav_reward=0.0000 | abs_local_nav_reward=0.0000 | robot_proximity_reward=-0.3565 | abs_robot_proximity_reward=0.3565 | robot_clearance_reward=0.0454 | context_neighbors_mean=2.36 | context_neighbors_max=4 | last_context_neighbors_mean=0.00 | last_context_neighbors_max=0 | actor_unlocked=1 | expl_noise=0.0736 | replay=24587 | interaction_replay=10492 | samples/sec=7.392
Actor gradient gate | passed=1 | safety_samples=169 | linear_positive_share=0.254 | angular_one_sided_share=0.805
Episode 299 complete | agent_samples=24725 | env_steps=10356 | episode_env_steps=53 | episode_agent_samples=138 | mean_reward=99.948 | success=5/5 | collision=0/5 | mean_final_distance=0.256 | mean_progress=0.0100 | min_laser=0.501 | mean_lin=1.000 | mean_ang=0.063 | mean_robot_dist=inf | raw_reward=20.000 | adjusted_reward=20.000 | coop_agents=0/5 | mean_coop_neighbors=0.00 | active_neighbor_step_rate=0.797 | mean_active_neighbors_step=1.341 | max_active_neighbors_step=4 | interaction_reward=0.0000 | abs_interaction_reward=0.0000 | anti_stag_reward=0.0000 | abs_anti_stag_reward=0.0000 | wall_clear_reward=0.0000 | abs_wall_clear_reward=0.0000 | local_nav_reward=0.0000 | abs_local_nav_reward=0.0000 | robot_proximity_reward=-0.6316 | abs_robot_proximity_reward=0.6316 | robot_clearance_reward=0.0435 | context_neighbors_mean=1.41 | context_neighbors_max=4 | last_context_neighbors_mean=0.00 | last_context_neighbors_max=0 | actor_unlocked=1 | expl_noise=0.0735 | replay=24725 | interaction_replay=10564 | samples/sec=7.407
Actor gradient gate | passed=1 | safety_samples=162 | linear_positive_share=0.160 | angular_one_sided_share=0.691
Episode 300 complete | agent_samples=24772 | env_steps=10373 | episode_env_steps=17 | episode_agent_samples=47 | mean_reward=-15.592 | success=2/5 | collision=3/5 | mean_final_distance=0.668 | mean_progress=0.0070 | min_laser=0.300 | mean_lin=0.819 | mean_ang=0.166 | mean_robot_dist=inf | raw_reward=-20.000 | adjusted_reward=-20.000 | coop_agents=0/5 | mean_coop_neighbors=0.00 | active_neighbor_step_rate=0.787 | mean_active_neighbors_step=1.830 | max_active_neighbors_step=4 | interaction_reward=0.0000 | abs_interaction_reward=0.0000 | anti_stag_reward=0.0000 | abs_anti_stag_reward=0.0000 | wall_clear_reward=0.0000 | abs_wall_clear_reward=0.0000 | local_nav_reward=0.0000 | abs_local_nav_reward=0.0000 | robot_proximity_reward=-1.3476 | abs_robot_proximity_reward=1.3476 | robot_clearance_reward=0.0426 | context_neighbors_mean=1.94 | context_neighbors_max=4 | last_context_neighbors_mean=0.00 | last_context_neighbors_max=0 | actor_unlocked=1 | expl_noise=0.0735 | replay=24772 | interaction_replay=10601 | samples/sec=7.412
Status | epoch=2 | next_eval_in=15228 agent_samples | checkpoint_every=10 episodes | checkpoint=./checkpoints/interaction_focused_actor_from_5a_s20260725_latest.pt | model=interaction_focused_actor_from_5a_s20260725
Checkpoint saved: ./checkpoints/interaction_focused_actor_from_5a_s20260725_latest.pt
Actor gradient gate | passed=1 | safety_samples=164 | linear_positive_share=0.110 | angular_one_sided_share=0.726
Episode 301 complete | agent_samples=24817 | env_steps=10385 | episode_env_steps=12 | episode_agent_samples=45 | mean_reward=23.964 | success=3/5 | collision=2/5 | mean_final_distance=0.587 | mean_progress=0.0216 | min_laser=0.300 | mean_lin=0.603 | mean_ang=0.582 | mean_robot_dist=inf | raw_reward=20.000 | adjusted_reward=20.000 | coop_agents=0/5 | mean_coop_neighbors=0.00 | active_neighbor_step_rate=0.822 | mean_active_neighbors_step=2.044 | max_active_neighbors_step=4 | interaction_reward=0.0000 | abs_interaction_reward=0.0000 | anti_stag_reward=0.0000 | abs_anti_stag_reward=0.0000 | wall_clear_reward=0.0000 | abs_wall_clear_reward=0.0000 | local_nav_reward=0.0000 | abs_local_nav_reward=0.0000 | robot_proximity_reward=-0.9249 | abs_robot_proximity_reward=0.9249 | robot_clearance_reward=0.0000 | context_neighbors_mean=2.09 | context_neighbors_max=4 | last_context_neighbors_mean=0.00 | last_context_neighbors_max=0 | actor_unlocked=1 | expl_noise=0.0735 | replay=24817 | interaction_replay=10639 | samples/sec=7.418
Actor gradient gate | passed=1 | safety_samples=149 | linear_positive_share=0.148 | angular_one_sided_share=0.765
Episode 302 complete | agent_samples=24900 | env_steps=10407 | episode_env_steps=22 | episode_agent_samples=83 | mean_reward=113.302 | success=5/5 | collision=0/5 | mean_final_distance=0.259 | mean_progress=0.0152 | min_laser=0.712 | mean_lin=0.994 | mean_ang=-0.176 | mean_robot_dist=inf | raw_reward=20.000 | adjusted_reward=20.000 | coop_agents=0/5 | mean_coop_neighbors=0.00 | active_neighbor_step_rate=0.795 | mean_active_neighbors_step=1.783 | max_active_neighbors_step=4 | interaction_reward=0.0000 | abs_interaction_reward=0.0000 | anti_stag_reward=0.0000 | abs_anti_stag_reward=0.0000 | wall_clear_reward=0.0000 | abs_wall_clear_reward=0.0000 | local_nav_reward=0.0000 | abs_local_nav_reward=0.0000 | robot_proximity_reward=-0.2114 | abs_robot_proximity_reward=0.2114 | robot_clearance_reward=0.1091 | context_neighbors_mean=1.89 | context_neighbors_max=4 | last_context_neighbors_mean=0.00 | last_context_neighbors_max=0 | actor_unlocked=1 | expl_noise=0.0735 | replay=24900 | interaction_replay=10705 | samples/sec=7.432
Actor gradient gate | passed=1 | safety_samples=163 | linear_positive_share=0.202 | angular_one_sided_share=0.687
Episode 303 complete | agent_samples=24938 | env_steps=10415 | episode_env_steps=8 | episode_agent_samples=38 | mean_reward=114.291 | success=5/5 | collision=0/5 | mean_final_distance=0.226 | mean_progress=0.0751 | min_laser=0.669 | mean_lin=0.998 | mean_ang=0.532 | mean_robot_dist=1.831 | raw_reward=60.000 | adjusted_reward=60.000 | coop_agents=3/5 | mean_coop_neighbors=0.60 | active_neighbor_step_rate=0.868 | mean_active_neighbors_step=2.342 | max_active_neighbors_step=4 | interaction_reward=0.0000 | abs_interaction_reward=0.0000 | anti_stag_reward=0.0000 | abs_anti_stag_reward=0.0000 | wall_clear_reward=0.0000 | abs_wall_clear_reward=0.0000 | local_nav_reward=0.0000 | abs_local_nav_reward=0.0000 | robot_proximity_reward=-0.4549 | abs_robot_proximity_reward=0.4549 | robot_clearance_reward=0.0526 | context_neighbors_mean=2.58 | context_neighbors_max=4 | last_context_neighbors_mean=0.00 | last_context_neighbors_max=0 | actor_unlocked=1 | expl_noise=0.0735 | replay=24938 | interaction_replay=10739 | samples/sec=7.439
Actor gradient gate | passed=1 | safety_samples=166 | linear_positive_share=0.139 | angular_one_sided_share=0.735
Episode 304 complete | agent_samples=25015 | env_steps=10444 | episode_env_steps=29 | episode_agent_samples=77 | mean_reward=117.344 | success=5/5 | collision=0/5 | mean_final_distance=0.266 | mean_progress=0.0144 | min_laser=0.410 | mean_lin=0.795 | mean_ang=-0.535 | mean_robot_dist=inf | raw_reward=20.000 | adjusted_reward=20.000 | coop_agents=0/5 | mean_coop_neighbors=0.00 | active_neighbor_step_rate=0.714 | mean_active_neighbors_step=2.078 | max_active_neighbors_step=4 | interaction_reward=0.0000 | abs_interaction_reward=0.0000 | anti_stag_reward=0.0000 | abs_anti_stag_reward=0.0000 | wall_clear_reward=0.0000 | abs_wall_clear_reward=0.0000 | local_nav_reward=0.0000 | abs_local_nav_reward=0.0000 | robot_proximity_reward=-0.2445 | abs_robot_proximity_reward=0.2445 | robot_clearance_reward=0.0260 | context_neighbors_mean=2.12 | context_neighbors_max=4 | last_context_neighbors_mean=0.00 | last_context_neighbors_max=0 | actor_unlocked=1 | expl_noise=0.0735 | replay=25015 | interaction_replay=10766 | samples/sec=7.448
Actor gradient gate | passed=1 | safety_samples=157 | linear_positive_share=0.166 | angular_one_sided_share=0.688
Episode 305 complete | agent_samples=25074 | env_steps=10465 | episode_env_steps=21 | episode_agent_samples=59 | mean_reward=110.999 | success=5/5 | collision=0/5 | mean_final_distance=0.274 | mean_progress=0.0088 | min_laser=0.697 | mean_lin=0.984 | mean_ang=0.309 | mean_robot_dist=inf | raw_reward=20.000 | adjusted_reward=20.000 | coop_agents=0/5 | mean_coop_neighbors=0.00 | active_neighbor_step_rate=0.746 | mean_active_neighbors_step=1.746 | max_active_neighbors_step=4 | interaction_reward=0.0000 | abs_interaction_reward=0.0000 | anti_stag_reward=0.0000 | abs_anti_stag_reward=0.0000 | wall_clear_reward=0.0000 | abs_wall_clear_reward=0.0000 | local_nav_reward=0.0000 | abs_local_nav_reward=0.0000 | robot_proximity_reward=-0.3182 | abs_robot_proximity_reward=0.3182 | robot_clearance_reward=0.0356 | context_neighbors_mean=1.81 | context_neighbors_max=4 | last_context_neighbors_mean=0.00 | last_context_neighbors_max=0 | actor_unlocked=1 | expl_noise=0.0735 | replay=25074 | interaction_replay=10811 | samples/sec=7.455
Status | epoch=2 | next_eval_in=14926 agent_samples | checkpoint_every=10 episodes | checkpoint=./checkpoints/interaction_focused_actor_from_5a_s20260725_latest.pt | model=interaction_focused_actor_from_5a_s20260725
Actor gradient gate | passed=1 | safety_samples=152 | linear_positive_share=0.224 | angular_one_sided_share=0.645
Episode 306 complete | agent_samples=25154 | env_steps=10491 | episode_env_steps=26 | episode_agent_samples=80 | mean_reward=111.388 | success=5/5 | collision=0/5 | mean_final_distance=0.237 | mean_progress=0.0153 | min_laser=0.682 | mean_lin=0.993 | mean_ang=-0.264 | mean_robot_dist=inf | raw_reward=20.000 | adjusted_reward=20.000 | coop_agents=0/5 | mean_coop_neighbors=0.00 | active_neighbor_step_rate=0.637 | mean_active_neighbors_step=1.438 | max_active_neighbors_step=4 | interaction_reward=0.0000 | abs_interaction_reward=0.0000 | anti_stag_reward=0.0000 | abs_anti_stag_reward=0.0000 | wall_clear_reward=0.0000 | abs_wall_clear_reward=0.0000 | local_nav_reward=0.0000 | abs_local_nav_reward=0.0000 | robot_proximity_reward=-0.1256 | abs_robot_proximity_reward=0.1256 | robot_clearance_reward=0.0924 | context_neighbors_mean=1.54 | context_neighbors_max=4 | last_context_neighbors_mean=0.00 | last_context_neighbors_max=0 | actor_unlocked=1 | expl_noise=0.0734 | replay=25154 | interaction_replay=10865 | samples/sec=7.466
Actor gradient gate | passed=1 | safety_samples=151 | linear_positive_share=0.172 | angular_one_sided_share=0.649
Episode 307 complete | agent_samples=25228 | env_steps=10519 | episode_env_steps=28 | episode_agent_samples=74 | mean_reward=120.607 | success=5/5 | collision=0/5 | mean_final_distance=0.251 | mean_progress=0.0063 | min_laser=0.545 | mean_lin=1.000 | mean_ang=-0.193 | mean_robot_dist=inf | raw_reward=20.000 | adjusted_reward=20.000 | coop_agents=0/5 | mean_coop_neighbors=0.00 | active_neighbor_step_rate=0.743 | mean_active_neighbors_step=1.703 | max_active_neighbors_step=4 | interaction_reward=0.0000 | abs_interaction_reward=0.0000 | anti_stag_reward=0.0000 | abs_anti_stag_reward=0.0000 | wall_clear_reward=0.0000 | abs_wall_clear_reward=0.0000 | local_nav_reward=0.0000 | abs_local_nav_reward=0.0000 | robot_proximity_reward=-0.2227 | abs_robot_proximity_reward=0.2227 | robot_clearance_reward=0.0658 | context_neighbors_mean=1.77 | context_neighbors_max=3 | last_context_neighbors_mean=0.00 | last_context_neighbors_max=0 | actor_unlocked=1 | expl_noise=0.0734 | replay=25228 | interaction_replay=10920 | samples/sec=7.475
Actor gradient gate | passed=1 | safety_samples=152 | linear_positive_share=0.204 | angular_one_sided_share=0.743
Episode 308 complete | agent_samples=25281 | env_steps=10531 | episode_env_steps=12 | episode_agent_samples=53 | mean_reward=25.798 | success=3/5 | collision=2/5 | mean_final_distance=0.414 | mean_progress=0.0459 | min_laser=0.300 | mean_lin=0.750 | mean_ang=-0.163 | mean_robot_dist=0.685 | raw_reward=-22.632 | adjusted_reward=-27.771 | coop_agents=3/5 | mean_coop_neighbors=1.00 | active_neighbor_step_rate=0.811 | mean_active_neighbors_step=2.245 | max_active_neighbors_step=4 | interaction_reward=0.0000 | abs_interaction_reward=0.0000 | anti_stag_reward=0.0000 | abs_anti_stag_reward=0.0000 | wall_clear_reward=0.0000 | abs_wall_clear_reward=0.0000 | local_nav_reward=0.0000 | abs_local_nav_reward=0.0000 | robot_proximity_reward=-0.7518 | abs_robot_proximity_reward=0.7518 | robot_clearance_reward=0.0290 | context_neighbors_mean=2.32 | context_neighbors_max=4 | last_context_neighbors_mean=0.00 | last_context_neighbors_max=0 | actor_unlocked=1 | expl_noise=0.0734 | replay=25281 | interaction_replay=10965 | samples/sec=7.484
Actor gradient gate | passed=1 | safety_samples=148 | linear_positive_share=0.196 | angular_one_sided_share=0.662
Episode 309 complete | agent_samples=25378 | env_steps=10560 | episode_env_steps=29 | episode_agent_samples=97 | mean_reward=118.494 | success=5/5 | collision=0/5 | mean_final_distance=0.250 | mean_progress=0.0196 | min_laser=0.371 | mean_lin=0.997 | mean_ang=-0.567 | mean_robot_dist=inf | raw_reward=20.000 | adjusted_reward=20.000 | coop_agents=0/5 | mean_coop_neighbors=0.00 | active_neighbor_step_rate=0.784 | mean_active_neighbors_step=1.866 | max_active_neighbors_step=4 | interaction_reward=0.0000 | abs_interaction_reward=0.0000 | anti_stag_reward=0.0000 | abs_anti_stag_reward=0.0000 | wall_clear_reward=0.0000 | abs_wall_clear_reward=0.0000 | local_nav_reward=0.0000 | abs_local_nav_reward=0.0000 | robot_proximity_reward=-0.0276 | abs_robot_proximity_reward=0.0276 | robot_clearance_reward=0.0206 | context_neighbors_mean=1.87 | context_neighbors_max=4 | last_context_neighbors_mean=0.00 | last_context_neighbors_max=0 | actor_unlocked=1 | expl_noise=0.0734 | replay=25378 | interaction_replay=11017 | samples/sec=7.499
Actor gradient gate | passed=1 | safety_samples=160 | linear_positive_share=0.294 | angular_one_sided_share=0.794
Episode 310 complete | agent_samples=25440 | env_steps=10587 | episode_env_steps=27 | episode_agent_samples=62 | mean_reward=24.136 | success=3/5 | collision=2/5 | mean_final_distance=0.446 | mean_progress=0.0040 | min_laser=0.300 | mean_lin=0.486 | mean_ang=-0.197 | mean_robot_dist=inf | raw_reward=20.000 | adjusted_reward=20.000 | coop_agents=0/5 | mean_coop_neighbors=0.00 | active_neighbor_step_rate=0.645 | mean_active_neighbors_step=1.742 | max_active_neighbors_step=4 | interaction_reward=0.0000 | abs_interaction_reward=0.0000 | anti_stag_reward=0.0000 | abs_anti_stag_reward=0.0000 | wall_clear_reward=0.0000 | abs_wall_clear_reward=0.0000 | local_nav_reward=0.0000 | abs_local_nav_reward=0.0000 | robot_proximity_reward=-0.4638 | abs_robot_proximity_reward=0.4638 | robot_clearance_reward=0.0000 | context_neighbors_mean=1.81 | context_neighbors_max=4 | last_context_neighbors_mean=0.00 | last_context_neighbors_max=0 | actor_unlocked=1 | expl_noise=0.0734 | replay=25440 | interaction_replay=11044 | samples/sec=7.504
Status | epoch=2 | next_eval_in=14560 agent_samples | checkpoint_every=10 episodes | checkpoint=./checkpoints/interaction_focused_actor_from_5a_s20260725_latest.pt | model=interaction_focused_actor_from_5a_s20260725
Checkpoint saved: ./checkpoints/interaction_focused_actor_from_5a_s20260725_latest.pt
Actor gradient gate | passed=1 | safety_samples=166 | linear_positive_share=0.247 | angular_one_sided_share=0.759
Episode 311 complete | agent_samples=25485 | env_steps=10599 | episode_env_steps=12 | episode_agent_samples=45 | mean_reward=9.840 | success=3/5 | collision=2/5 | mean_final_distance=0.479 | mean_progress=0.0079 | min_laser=0.304 | mean_lin=0.790 | mean_ang=-0.176 | mean_robot_dist=inf | raw_reward=20.000 | adjusted_reward=20.000 | coop_agents=0/5 | mean_coop_neighbors=0.00 | active_neighbor_step_rate=0.889 | mean_active_neighbors_step=2.089 | max_active_neighbors_step=4 | interaction_reward=0.0000 | abs_interaction_reward=0.0000 | anti_stag_reward=0.0000 | abs_anti_stag_reward=0.0000 | wall_clear_reward=0.0000 | abs_wall_clear_reward=0.0000 | local_nav_reward=0.0000 | abs_local_nav_reward=0.0000 | robot_proximity_reward=-0.9145 | abs_robot_proximity_reward=0.9145 | robot_clearance_reward=0.0000 | context_neighbors_mean=2.16 | context_neighbors_max=4 | last_context_neighbors_mean=0.00 | last_context_neighbors_max=0 | actor_unlocked=1 | expl_noise=0.0734 | replay=25485 | interaction_replay=11084 | samples/sec=7.510
Actor gradient gate | passed=1 | safety_samples=170 | linear_positive_share=0.312 | angular_one_sided_share=0.688
Episode 312 complete | agent_samples=25532 | env_steps=10610 | episode_env_steps=11 | episode_agent_samples=47 | mean_reward=56.678 | success=4/5 | collision=1/5 | mean_final_distance=0.430 | mean_progress=0.0266 | min_laser=0.324 | mean_lin=0.795 | mean_ang=0.223 | mean_robot_dist=inf | raw_reward=-20.000 | adjusted_reward=-20.000 | coop_agents=0/5 | mean_coop_neighbors=0.00 | active_neighbor_step_rate=0.915 | mean_active_neighbors_step=2.149 | max_active_neighbors_step=4 | interaction_reward=0.0000 | abs_interaction_reward=0.0000 | anti_stag_reward=0.0000 | abs_anti_stag_reward=0.0000 | wall_clear_reward=0.0000 | abs_wall_clear_reward=0.0000 | local_nav_reward=0.0000 | abs_local_nav_reward=0.0000 | robot_proximity_reward=-1.3259 | abs_robot_proximity_reward=1.3259 | robot_clearance_reward=0.0006 | context_neighbors_mean=2.26 | context_neighbors_max=4 | last_context_neighbors_mean=0.00 | last_context_neighbors_max=0 | actor_unlocked=1 | expl_noise=0.0734 | replay=25532 | interaction_replay=11128 | samples/sec=7.518
Actor gradient gate | passed=1 | safety_samples=182 | linear_positive_share=0.258 | angular_one_sided_share=0.687
Episode 313 complete | agent_samples=25580 | env_steps=10622 | episode_env_steps=12 | episode_agent_samples=48 | mean_reward=64.752 | success=4/5 | collision=1/5 | mean_final_distance=0.437 | mean_progress=0.0162 | min_laser=0.320 | mean_lin=0.801 | mean_ang=-0.179 | mean_robot_dist=inf | raw_reward=20.000 | adjusted_reward=20.000 | coop_agents=0/5 | mean_coop_neighbors=0.00 | active_neighbor_step_rate=0.750 | mean_active_neighbors_step=1.875 | max_active_neighbors_step=4 | interaction_reward=0.0000 | abs_interaction_reward=0.0000 | anti_stag_reward=0.0000 | abs_anti_stag_reward=0.0000 | wall_clear_reward=0.0000 | abs_wall_clear_reward=0.0000 | local_nav_reward=0.0000 | abs_local_nav_reward=0.0000 | robot_proximity_reward=-1.0581 | abs_robot_proximity_reward=1.0581 | robot_clearance_reward=0.1614 | context_neighbors_mean=2.02 | context_neighbors_max=4 | last_context_neighbors_mean=0.00 | last_context_neighbors_max=0 | actor_unlocked=1 | expl_noise=0.0734 | replay=25580 | interaction_replay=11166 | samples/sec=7.526
Actor gradient gate | passed=1 | safety_samples=177 | linear_positive_share=0.215 | angular_one_sided_share=0.678
Episode 314 complete | agent_samples=25627 | env_steps=10633 | episode_env_steps=11 | episode_agent_samples=47 | mean_reward=83.054 | success=4/5 | collision=1/5 | mean_final_distance=0.403 | mean_progress=0.0536 | min_laser=0.340 | mean_lin=0.800 | mean_ang=0.239 | mean_robot_dist=inf | raw_reward=19.456 | adjusted_reward=27.564 | coop_agents=2/5 | mean_coop_neighbors=0.60 | active_neighbor_step_rate=0.766 | mean_active_neighbors_step=1.809 | max_active_neighbors_step=4 | interaction_reward=0.0000 | abs_interaction_reward=0.0000 | anti_stag_reward=0.0000 | abs_anti_stag_reward=0.0000 | wall_clear_reward=0.0000 | abs_wall_clear_reward=0.0000 | local_nav_reward=0.0000 | abs_local_nav_reward=0.0000 | robot_proximity_reward=-0.7413 | abs_robot_proximity_reward=0.7413 | robot_clearance_reward=0.0426 | context_neighbors_mean=1.83 | context_neighbors_max=4 | last_context_neighbors_mean=0.00 | last_context_neighbors_max=0 | actor_unlocked=1 | expl_noise=0.0734 | replay=25627 | interaction_replay=11198 | samples/sec=7.535
Actor gradient gate | passed=1 | safety_samples=154 | linear_positive_share=0.221 | angular_one_sided_share=0.610
Episode 315 complete | agent_samples=25755 | env_steps=10720 | episode_env_steps=87 | episode_agent_samples=128 | mean_reward=-31.976 | success=2/5 | collision=3/5 | mean_final_distance=0.769 | mean_progress=0.0035 | min_laser=0.310 | mean_lin=0.992 | mean_ang=0.200 | mean_robot_dist=inf | raw_reward=20.000 | adjusted_reward=20.000 | coop_agents=0/5 | mean_coop_neighbors=0.00 | active_neighbor_step_rate=0.453 | mean_active_neighbors_step=0.891 | max_active_neighbors_step=4 | interaction_reward=0.0000 | abs_interaction_reward=0.0000 | anti_stag_reward=0.0000 | abs_anti_stag_reward=0.0000 | wall_clear_reward=0.0000 | abs_wall_clear_reward=0.0000 | local_nav_reward=0.0000 | abs_local_nav_reward=0.0000 | robot_proximity_reward=-0.3373 | abs_robot_proximity_reward=0.3373 | robot_clearance_reward=0.0000 | context_neighbors_mean=0.91 | context_neighbors_max=4 | last_context_neighbors_mean=0.00 | last_context_neighbors_max=0 | actor_unlocked=1 | expl_noise=0.0733 | replay=25755 | interaction_replay=11219 | samples/sec=7.531
Status | epoch=2 | next_eval_in=14245 agent_samples | checkpoint_every=10 episodes | checkpoint=./checkpoints/interaction_focused_actor_from_5a_s20260725_latest.pt | model=interaction_focused_actor_from_5a_s20260725
Actor gradient gate | passed=1 | safety_samples=147 | linear_positive_share=0.245 | angular_one_sided_share=0.646
Episode 316 complete | agent_samples=25864 | env_steps=10771 | episode_env_steps=51 | episode_agent_samples=109 | mean_reward=81.094 | success=4/5 | collision=1/5 | mean_final_distance=0.545 | mean_progress=0.0017 | min_laser=0.301 | mean_lin=0.804 | mean_ang=-0.393 | mean_robot_dist=inf | raw_reward=20.000 | adjusted_reward=20.000 | coop_agents=0/5 | mean_coop_neighbors=0.00 | active_neighbor_step_rate=0.807 | mean_active_neighbors_step=1.385 | max_active_neighbors_step=4 | interaction_reward=0.0000 | abs_interaction_reward=0.0000 | anti_stag_reward=0.0000 | abs_anti_stag_reward=0.0000 | wall_clear_reward=0.0000 | abs_wall_clear_reward=0.0000 | local_nav_reward=0.0000 | abs_local_nav_reward=0.0000 | robot_proximity_reward=-0.3972 | abs_robot_proximity_reward=0.3972 | robot_clearance_reward=0.0183 | context_neighbors_mean=1.41 | context_neighbors_max=4 | last_context_neighbors_mean=0.00 | last_context_neighbors_max=0 | actor_unlocked=1 | expl_noise=0.0733 | replay=25864 | interaction_replay=11231 | samples/sec=7.538
Actor gradient gate | passed=1 | safety_samples=150 | linear_positive_share=0.200 | angular_one_sided_share=0.673
Episode 317 complete | agent_samples=25900 | env_steps=10780 | episode_env_steps=9 | episode_agent_samples=36 | mean_reward=28.973 | success=3/5 | collision=2/5 | mean_final_distance=0.802 | mean_progress=0.0433 | min_laser=0.300 | mean_lin=0.601 | mean_ang=-0.223 | mean_robot_dist=2.176 | raw_reward=40.000 | adjusted_reward=40.000 | coop_agents=2/5 | mean_coop_neighbors=0.40 | active_neighbor_step_rate=0.833 | mean_active_neighbors_step=2.056 | max_active_neighbors_step=4 | interaction_reward=0.0000 | abs_interaction_reward=0.0000 | anti_stag_reward=0.0000 | abs_anti_stag_reward=0.0000 | wall_clear_reward=0.0000 | abs_wall_clear_reward=0.0000 | local_nav_reward=0.0000 | abs_local_nav_reward=0.0000 | robot_proximity_reward=-0.8699 | abs_robot_proximity_reward=0.8699 | robot_clearance_reward=0.0000 | context_neighbors_mean=2.11 | context_neighbors_max=4 | last_context_neighbors_mean=0.00 | last_context_neighbors_max=0 | actor_unlocked=1 | expl_noise=0.0733 | replay=25900 | interaction_replay=11260 | samples/sec=7.544
Actor gradient gate | passed=1 | safety_samples=159 | linear_positive_share=0.245 | angular_one_sided_share=0.660
Episode 318 complete | agent_samples=25969 | env_steps=10803 | episode_env_steps=23 | episode_agent_samples=69 | mean_reward=14.334 | success=3/5 | collision=2/5 | mean_final_distance=0.630 | mean_progress=0.0136 | min_laser=0.300 | mean_lin=0.800 | mean_ang=0.208 | mean_robot_dist=inf | raw_reward=20.000 | adjusted_reward=20.000 | coop_agents=0/5 | mean_coop_neighbors=0.00 | active_neighbor_step_rate=0.725 | mean_active_neighbors_step=1.638 | max_active_neighbors_step=4 | interaction_reward=0.0000 | abs_interaction_reward=0.0000 | anti_stag_reward=0.0000 | abs_anti_stag_reward=0.0000 | wall_clear_reward=0.0000 | abs_wall_clear_reward=0.0000 | local_nav_reward=0.0000 | abs_local_nav_reward=0.0000 | robot_proximity_reward=-0.5439 | abs_robot_proximity_reward=0.5439 | robot_clearance_reward=0.0000 | context_neighbors_mean=1.65 | context_neighbors_max=4 | last_context_neighbors_mean=0.00 | last_context_neighbors_max=0 | actor_unlocked=1 | expl_noise=0.0732 | replay=25969 | interaction_replay=11274 | samples/sec=7.553
Actor gradient gate | passed=1 | safety_samples=156 | linear_positive_share=0.263 | angular_one_sided_share=0.635
Episode 319 complete | agent_samples=26094 | env_steps=10842 | episode_env_steps=39 | episode_agent_samples=125 | mean_reward=127.356 | success=5/5 | collision=0/5 | mean_final_distance=0.256 | mean_progress=0.0273 | min_laser=0.415 | mean_lin=1.000 | mean_ang=-0.375 | mean_robot_dist=inf | raw_reward=20.000 | adjusted_reward=20.000 | coop_agents=0/5 | mean_coop_neighbors=0.00 | active_neighbor_step_rate=0.616 | mean_active_neighbors_step=1.552 | max_active_neighbors_step=4 | interaction_reward=0.0000 | abs_interaction_reward=0.0000 | anti_stag_reward=0.0000 | abs_anti_stag_reward=0.0000 | wall_clear_reward=0.0000 | abs_wall_clear_reward=0.0000 | local_nav_reward=0.0000 | abs_local_nav_reward=0.0000 | robot_proximity_reward=-0.2359 | abs_robot_proximity_reward=0.2359 | robot_clearance_reward=0.0391 | context_neighbors_mean=1.62 | context_neighbors_max=4 | last_context_neighbors_mean=0.00 | last_context_neighbors_max=0 | actor_unlocked=1 | expl_noise=0.0732 | replay=26094 | interaction_replay=11314 | samples/sec=7.570
Actor gradient gate | passed=1 | safety_samples=136 | linear_positive_share=0.338 | angular_one_sided_share=0.632
Episode 320 complete | agent_samples=26177 | env_steps=10873 | episode_env_steps=31 | episode_agent_samples=83 | mean_reward=110.564 | success=5/5 | collision=0/5 | mean_final_distance=0.245 | mean_progress=0.0253 | min_laser=0.452 | mean_lin=0.800 | mean_ang=0.987 | mean_robot_dist=inf | raw_reward=20.000 | adjusted_reward=20.000 | coop_agents=0/5 | mean_coop_neighbors=0.00 | active_neighbor_step_rate=0.446 | mean_active_neighbors_step=0.892 | max_active_neighbors_step=4 | interaction_reward=0.0000 | abs_interaction_reward=0.0000 | anti_stag_reward=0.0000 | abs_anti_stag_reward=0.0000 | wall_clear_reward=0.0000 | abs_wall_clear_reward=0.0000 | local_nav_reward=0.0000 | abs_local_nav_reward=0.0000 | robot_proximity_reward=-0.3500 | abs_robot_proximity_reward=0.3500 | robot_clearance_reward=0.0284 | context_neighbors_mean=0.92 | context_neighbors_max=4 | last_context_neighbors_mean=0.00 | last_context_neighbors_max=0 | actor_unlocked=1 | expl_noise=0.0732 | replay=26177 | interaction_replay=11334 | samples/sec=7.579
Status | epoch=2 | next_eval_in=13823 agent_samples | checkpoint_every=10 episodes | checkpoint=./checkpoints/interaction_focused_actor_from_5a_s20260725_latest.pt | model=interaction_focused_actor_from_5a_s20260725
Checkpoint saved: ./checkpoints/interaction_focused_actor_from_5a_s20260725_latest.pt
Actor gradient gate | passed=1 | safety_samples=144 | linear_positive_share=0.215 | angular_one_sided_share=0.674
Episode 321 complete | agent_samples=26309 | env_steps=10934 | episode_env_steps=61 | episode_agent_samples=132 | mean_reward=111.439 | success=5/5 | collision=0/5 | mean_final_distance=0.249 | mean_progress=0.0187 | min_laser=0.452 | mean_lin=0.988 | mean_ang=-0.192 | mean_robot_dist=inf | raw_reward=20.000 | adjusted_reward=20.000 | coop_agents=0/5 | mean_coop_neighbors=0.00 | active_neighbor_step_rate=0.614 | mean_active_neighbors_step=1.152 | max_active_neighbors_step=4 | interaction_reward=0.0000 | abs_interaction_reward=0.0000 | anti_stag_reward=0.0000 | abs_anti_stag_reward=0.0000 | wall_clear_reward=0.0000 | abs_wall_clear_reward=0.0000 | local_nav_reward=0.0000 | abs_local_nav_reward=0.0000 | robot_proximity_reward=-0.1199 | abs_robot_proximity_reward=0.1199 | robot_clearance_reward=0.0394 | context_neighbors_mean=1.18 | context_neighbors_max=4 | last_context_neighbors_mean=0.00 | last_context_neighbors_max=0 | actor_unlocked=1 | expl_noise=0.0732 | replay=26309 | interaction_replay=11413 | samples/sec=7.587
Actor gradient gate | passed=1 | safety_samples=163 | linear_positive_share=0.239 | angular_one_sided_share=0.613
Episode 322 complete | agent_samples=26377 | env_steps=10971 | episode_env_steps=37 | episode_agent_samples=68 | mean_reward=24.629 | success=3/5 | collision=2/5 | mean_final_distance=1.019 | mean_progress=0.0072 | min_laser=0.300 | mean_lin=0.612 | mean_ang=-0.567 | mean_robot_dist=inf | raw_reward=20.000 | adjusted_reward=20.000 | coop_agents=0/5 | mean_coop_neighbors=0.00 | active_neighbor_step_rate=0.559 | mean_active_neighbors_step=1.235 | max_active_neighbors_step=4 | interaction_reward=0.0000 | abs_interaction_reward=0.0000 | anti_stag_reward=0.0000 | abs_anti_stag_reward=0.0000 | wall_clear_reward=0.0000 | abs_wall_clear_reward=0.0000 | local_nav_reward=0.0000 | abs_local_nav_reward=0.0000 | robot_proximity_reward=-0.4631 | abs_robot_proximity_reward=0.4631 | robot_clearance_reward=0.0000 | context_neighbors_mean=1.25 | context_neighbors_max=4 | last_context_neighbors_mean=0.00 | last_context_neighbors_max=0 | actor_unlocked=1 | expl_noise=0.0731 | replay=26377 | interaction_replay=11427 | samples/sec=7.589
Actor gradient gate | passed=1 | safety_samples=154 | linear_positive_share=0.266 | angular_one_sided_share=0.662
Episode 323 complete | agent_samples=26449 | env_steps=10997 | episode_env_steps=26 | episode_agent_samples=72 | mean_reward=131.201 | success=5/5 | collision=0/5 | mean_final_distance=0.232 | mean_progress=0.0170 | min_laser=0.523 | mean_lin=0.996 | mean_ang=-0.197 | mean_robot_dist=inf | raw_reward=20.000 | adjusted_reward=20.000 | coop_agents=0/5 | mean_coop_neighbors=0.00 | active_neighbor_step_rate=0.778 | mean_active_neighbors_step=1.972 | max_active_neighbors_step=4 | interaction_reward=0.0000 | abs_interaction_reward=0.0000 | anti_stag_reward=0.0000 | abs_anti_stag_reward=0.0000 | wall_clear_reward=0.0000 | abs_wall_clear_reward=0.0000 | local_nav_reward=0.0000 | abs_local_nav_reward=0.0000 | robot_proximity_reward=0.0000 | abs_robot_proximity_reward=0.0000 | robot_clearance_reward=0.0000 | context_neighbors_mean=2.01 | context_neighbors_max=4 | last_context_neighbors_mean=0.00 | last_context_neighbors_max=0 | actor_unlocked=1 | expl_noise=0.0731 | replay=26449 | interaction_replay=11446 | samples/sec=7.597
Actor gradient gate | passed=1 | safety_samples=159 | linear_positive_share=0.226 | angular_one_sided_share=0.535
Episode 324 complete | agent_samples=26569 | env_steps=11054 | episode_env_steps=57 | episode_agent_samples=120 | mean_reward=70.127 | success=4/5 | collision=1/5 | mean_final_distance=0.477 | mean_progress=0.0075 | min_laser=0.344 | mean_lin=0.795 | mean_ang=-0.948 | mean_robot_dist=inf | raw_reward=20.000 | adjusted_reward=20.000 | coop_agents=0/5 | mean_coop_neighbors=0.00 | active_neighbor_step_rate=0.508 | mean_active_neighbors_step=1.417 | max_active_neighbors_step=4 | interaction_reward=0.0000 | abs_interaction_reward=0.0000 | anti_stag_reward=0.0000 | abs_anti_stag_reward=0.0000 | wall_clear_reward=0.0000 | abs_wall_clear_reward=0.0000 | local_nav_reward=0.0000 | abs_local_nav_reward=0.0000 | robot_proximity_reward=-0.5421 | abs_robot_proximity_reward=0.5421 | robot_clearance_reward=0.0005 | context_neighbors_mean=1.42 | context_neighbors_max=4 | last_context_neighbors_mean=0.00 | last_context_neighbors_max=0 | actor_unlocked=1 | expl_noise=0.0731 | replay=26569 | interaction_replay=11465 | samples/sec=7.604
Actor gradient gate | passed=1 | safety_samples=167 | linear_positive_share=0.257 | angular_one_sided_share=0.533
Episode 325 complete | agent_samples=26649 | env_steps=11082 | episode_env_steps=28 | episode_agent_samples=80 | mean_reward=29.944 | success=3/5 | collision=2/5 | mean_final_distance=0.420 | mean_progress=0.0086 | min_laser=0.300 | mean_lin=0.591 | mean_ang=-0.261 | mean_robot_dist=inf | raw_reward=20.000 | adjusted_reward=20.000 | coop_agents=0/5 | mean_coop_neighbors=0.00 | active_neighbor_step_rate=0.650 | mean_active_neighbors_step=1.450 | max_active_neighbors_step=4 | interaction_reward=0.0000 | abs_interaction_reward=0.0000 | anti_stag_reward=0.0000 | abs_anti_stag_reward=0.0000 | wall_clear_reward=0.0000 | abs_wall_clear_reward=0.0000 | local_nav_reward=0.0000 | abs_local_nav_reward=0.0000 | robot_proximity_reward=-0.4211 | abs_robot_proximity_reward=0.4211 | robot_clearance_reward=0.0115 | context_neighbors_mean=1.48 | context_neighbors_max=4 | last_context_neighbors_mean=0.00 | last_context_neighbors_max=0 | actor_unlocked=1 | expl_noise=0.0731 | replay=26649 | interaction_replay=11511 | samples/sec=7.614
Status | epoch=2 | next_eval_in=13351 agent_samples | checkpoint_every=10 episodes | checkpoint=./checkpoints/interaction_focused_actor_from_5a_s20260725_latest.pt | model=interaction_focused_actor_from_5a_s20260725
Actor gradient gate | passed=1 | safety_samples=155 | linear_positive_share=0.232 | angular_one_sided_share=0.561
Episode 326 complete | agent_samples=26699 | env_steps=11095 | episode_env_steps=13 | episode_agent_samples=50 | mean_reward=21.748 | success=3/5 | collision=2/5 | mean_final_distance=0.458 | mean_progress=0.0078 | min_laser=0.300 | mean_lin=0.988 | mean_ang=0.170 | mean_robot_dist=inf | raw_reward=20.000 | adjusted_reward=20.000 | coop_agents=0/5 | mean_coop_neighbors=0.00 | active_neighbor_step_rate=0.840 | mean_active_neighbors_step=2.140 | max_active_neighbors_step=4 | interaction_reward=0.0000 | abs_interaction_reward=0.0000 | anti_stag_reward=0.0000 | abs_anti_stag_reward=0.0000 | wall_clear_reward=0.0000 | abs_wall_clear_reward=0.0000 | local_nav_reward=0.0000 | abs_local_nav_reward=0.0000 | robot_proximity_reward=-1.5507 | abs_robot_proximity_reward=1.5507 | robot_clearance_reward=0.0000 | context_neighbors_mean=2.10 | context_neighbors_max=4 | last_context_neighbors_mean=0.00 | last_context_neighbors_max=0 | actor_unlocked=1 | expl_noise=0.0731 | replay=26699 | interaction_replay=11552 | samples/sec=7.622
Actor gradient gate | passed=1 | safety_samples=158 | linear_positive_share=0.247 | angular_one_sided_share=0.538
Episode 327 complete | agent_samples=26826 | env_steps=11139 | episode_env_steps=44 | episode_agent_samples=127 | mean_reward=108.283 | success=5/5 | collision=0/5 | mean_final_distance=0.253 | mean_progress=0.0159 | min_laser=0.447 | mean_lin=0.833 | mean_ang=0.547 | mean_robot_dist=inf | raw_reward=20.000 | adjusted_reward=20.000 | coop_agents=0/5 | mean_coop_neighbors=0.00 | active_neighbor_step_rate=0.866 | mean_active_neighbors_step=1.937 | max_active_neighbors_step=4 | interaction_reward=0.0000 | abs_interaction_reward=0.0000 | anti_stag_reward=0.0000 | abs_anti_stag_reward=0.0000 | wall_clear_reward=0.0000 | abs_wall_clear_reward=0.0000 | local_nav_reward=0.0000 | abs_local_nav_reward=0.0000 | robot_proximity_reward=-0.3769 | abs_robot_proximity_reward=0.3769 | robot_clearance_reward=0.0157 | context_neighbors_mean=1.95 | context_neighbors_max=4 | last_context_neighbors_mean=0.00 | last_context_neighbors_max=0 | actor_unlocked=1 | expl_noise=0.0730 | replay=26826 | interaction_replay=11593 | samples/sec=7.637
Actor gradient gate | passed=1 | safety_samples=161 | linear_positive_share=0.174 | angular_one_sided_share=0.509
Episode 328 complete | agent_samples=26917 | env_steps=11167 | episode_env_steps=28 | episode_agent_samples=91 | mean_reward=124.386 | success=5/5 | collision=0/5 | mean_final_distance=0.263 | mean_progress=0.0065 | min_laser=0.449 | mean_lin=0.986 | mean_ang=-0.182 | mean_robot_dist=inf | raw_reward=20.000 | adjusted_reward=20.000 | coop_agents=0/5 | mean_coop_neighbors=0.00 | active_neighbor_step_rate=0.604 | mean_active_neighbors_step=1.363 | max_active_neighbors_step=4 | interaction_reward=0.0000 | abs_interaction_reward=0.0000 | anti_stag_reward=0.0000 | abs_anti_stag_reward=0.0000 | wall_clear_reward=0.0000 | abs_wall_clear_reward=0.0000 | local_nav_reward=0.0000 | abs_local_nav_reward=0.0000 | robot_proximity_reward=-0.2469 | abs_robot_proximity_reward=0.2469 | robot_clearance_reward=0.1111 | context_neighbors_mean=1.40 | context_neighbors_max=4 | last_context_neighbors_mean=0.00 | last_context_neighbors_max=0 | actor_unlocked=1 | expl_noise=0.0730 | replay=26917 | interaction_replay=11611 | samples/sec=7.649
Actor gradient gate | passed=1 | safety_samples=158 | linear_positive_share=0.209 | angular_one_sided_share=0.538
Episode 329 complete | agent_samples=26974 | env_steps=11190 | episode_env_steps=23 | episode_agent_samples=57 | mean_reward=70.548 | success=4/5 | collision=1/5 | mean_final_distance=0.551 | mean_progress=0.0168 | min_laser=0.333 | mean_lin=0.808 | mean_ang=-0.232 | mean_robot_dist=inf | raw_reward=20.000 | adjusted_reward=20.000 | coop_agents=0/5 | mean_coop_neighbors=0.00 | active_neighbor_step_rate=0.632 | mean_active_neighbors_step=1.491 | max_active_neighbors_step=4 | interaction_reward=0.0000 | abs_interaction_reward=0.0000 | anti_stag_reward=0.0000 | abs_anti_stag_reward=0.0000 | wall_clear_reward=0.0000 | abs_wall_clear_reward=0.0000 | local_nav_reward=0.0000 | abs_local_nav_reward=0.0000 | robot_proximity_reward=-0.7708 | abs_robot_proximity_reward=0.7708 | robot_clearance_reward=0.0351 | context_neighbors_mean=1.58 | context_neighbors_max=4 | last_context_neighbors_mean=0.00 | last_context_neighbors_max=0 | actor_unlocked=1 | expl_noise=0.0730 | replay=26974 | interaction_replay=11649 | samples/sec=7.654
Actor gradient gate | passed=1 | safety_samples=156 | linear_positive_share=0.199 | angular_one_sided_share=0.506
Episode 330 complete | agent_samples=27048 | env_steps=11221 | episode_env_steps=31 | episode_agent_samples=74 | mean_reward=115.897 | success=5/5 | collision=0/5 | mean_final_distance=0.265 | mean_progress=0.0027 | min_laser=0.724 | mean_lin=0.991 | mean_ang=0.183 | mean_robot_dist=inf | raw_reward=20.000 | adjusted_reward=20.000 | coop_agents=0/5 | mean_coop_neighbors=0.00 | active_neighbor_step_rate=0.649 | mean_active_neighbors_step=1.351 | max_active_neighbors_step=3 | interaction_reward=0.0000 | abs_interaction_reward=0.0000 | anti_stag_reward=0.0000 | abs_anti_stag_reward=0.0000 | wall_clear_reward=0.0000 | abs_wall_clear_reward=0.0000 | local_nav_reward=0.0000 | abs_local_nav_reward=0.0000 | robot_proximity_reward=-0.4146 | abs_robot_proximity_reward=0.4146 | robot_clearance_reward=0.1351 | context_neighbors_mean=1.45 | context_neighbors_max=3 | last_context_neighbors_mean=0.00 | last_context_neighbors_max=0 | actor_unlocked=1 | expl_noise=0.0730 | replay=27048 | interaction_replay=11691 | samples/sec=7.661
Status | epoch=2 | next_eval_in=12952 agent_samples | checkpoint_every=10 episodes | checkpoint=./checkpoints/interaction_focused_actor_from_5a_s20260725_latest.pt | model=interaction_focused_actor_from_5a_s20260725
Checkpoint saved: ./checkpoints/interaction_focused_actor_from_5a_s20260725_latest.pt
Actor gradient gate | passed=1 | safety_samples=147 | linear_positive_share=0.197 | angular_one_sided_share=0.531
Episode 331 complete | agent_samples=27138 | env_steps=11254 | episode_env_steps=33 | episode_agent_samples=90 | mean_reward=67.803 | success=4/5 | collision=1/5 | mean_final_distance=0.336 | mean_progress=0.0198 | min_laser=0.336 | mean_lin=0.614 | mean_ang=0.029 | mean_robot_dist=inf | raw_reward=20.000 | adjusted_reward=20.000 | coop_agents=0/5 | mean_coop_neighbors=0.00 | active_neighbor_step_rate=0.689 | mean_active_neighbors_step=1.644 | max_active_neighbors_step=4 | interaction_reward=0.0000 | abs_interaction_reward=0.0000 | anti_stag_reward=0.0000 | abs_anti_stag_reward=0.0000 | wall_clear_reward=0.0000 | abs_wall_clear_reward=0.0000 | local_nav_reward=0.0000 | abs_local_nav_reward=0.0000 | robot_proximity_reward=-0.7705 | abs_robot_proximity_reward=0.7705 | robot_clearance_reward=0.1111 | context_neighbors_mean=1.73 | context_neighbors_max=4 | last_context_neighbors_mean=0.00 | last_context_neighbors_max=0 | actor_unlocked=1 | expl_noise=0.0730 | replay=27138 | interaction_replay=11753 | samples/sec=7.669
Actor gradient gate | passed=1 | safety_samples=150 | linear_positive_share=0.173 | angular_one_sided_share=0.507
Episode 332 complete | agent_samples=27226 | env_steps=11287 | episode_env_steps=33 | episode_agent_samples=88 | mean_reward=120.693 | success=5/5 | collision=0/5 | mean_final_distance=0.259 | mean_progress=0.0119 | min_laser=0.609 | mean_lin=0.841 | mean_ang=-0.205 | mean_robot_dist=inf | raw_reward=20.000 | adjusted_reward=20.000 | coop_agents=0/5 | mean_coop_neighbors=0.00 | active_neighbor_step_rate=0.636 | mean_active_neighbors_step=1.648 | max_active_neighbors_step=4 | interaction_reward=0.0000 | abs_interaction_reward=0.0000 | anti_stag_reward=0.0000 | abs_anti_stag_reward=0.0000 | wall_clear_reward=0.0000 | abs_wall_clear_reward=0.0000 | local_nav_reward=0.0000 | abs_local_nav_reward=0.0000 | robot_proximity_reward=-0.3482 | abs_robot_proximity_reward=0.3482 | robot_clearance_reward=0.0337 | context_neighbors_mean=1.73 | context_neighbors_max=4 | last_context_neighbors_mean=0.00 | last_context_neighbors_max=0 | actor_unlocked=1 | expl_noise=0.0729 | replay=27226 | interaction_replay=11807 | samples/sec=7.678
Actor gradient gate | passed=1 | safety_samples=164 | linear_positive_share=0.116 | angular_one_sided_share=0.585
Episode 333 complete | agent_samples=27299 | env_steps=11309 | episode_env_steps=22 | episode_agent_samples=73 | mean_reward=112.030 | success=5/5 | collision=0/5 | mean_final_distance=0.244 | mean_progress=0.0214 | min_laser=0.405 | mean_lin=1.000 | mean_ang=0.317 | mean_robot_dist=inf | raw_reward=20.000 | adjusted_reward=20.000 | coop_agents=0/5 | mean_coop_neighbors=0.00 | active_neighbor_step_rate=0.849 | mean_active_neighbors_step=1.959 | max_active_neighbors_step=4 | interaction_reward=0.0000 | abs_interaction_reward=0.0000 | anti_stag_reward=0.0000 | abs_anti_stag_reward=0.0000 | wall_clear_reward=0.0000 | abs_wall_clear_reward=0.0000 | local_nav_reward=0.0000 | abs_local_nav_reward=0.0000 | robot_proximity_reward=-0.2123 | abs_robot_proximity_reward=0.2123 | robot_clearance_reward=0.0000 | context_neighbors_mean=1.93 | context_neighbors_max=4 | last_context_neighbors_mean=0.00 | last_context_neighbors_max=0 | actor_unlocked=1 | expl_noise=0.0729 | replay=27299 | interaction_replay=11829 | samples/sec=7.688
Actor gradient gate | passed=1 | safety_samples=151 | linear_positive_share=0.119 | angular_one_sided_share=0.609
Episode 334 complete | agent_samples=27342 | env_steps=11318 | episode_env_steps=9 | episode_agent_samples=43 | mean_reward=108.121 | success=5/5 | collision=0/5 | mean_final_distance=0.254 | mean_progress=0.0702 | min_laser=0.570 | mean_lin=0.990 | mean_ang=0.211 | mean_robot_dist=inf | raw_reward=60.000 | adjusted_reward=60.000 | coop_agents=1/5 | mean_coop_neighbors=0.40 | active_neighbor_step_rate=0.930 | mean_active_neighbors_step=2.000 | max_active_neighbors_step=4 | interaction_reward=0.0000 | abs_interaction_reward=0.0000 | anti_stag_reward=0.0000 | abs_anti_stag_reward=0.0000 | wall_clear_reward=0.0000 | abs_wall_clear_reward=0.0000 | local_nav_reward=0.0000 | abs_local_nav_reward=0.0000 | robot_proximity_reward=-0.9855 | abs_robot_proximity_reward=0.9855 | robot_clearance_reward=0.0000 | context_neighbors_mean=2.12 | context_neighbors_max=4 | last_context_neighbors_mean=0.00 | last_context_neighbors_max=0 | actor_unlocked=1 | expl_noise=0.0729 | replay=27342 | interaction_replay=11868 | samples/sec=7.696
Actor gradient gate | passed=1 | safety_samples=153 | linear_positive_share=0.183 | angular_one_sided_share=0.549
Episode 335 complete | agent_samples=27447 | env_steps=11361 | episode_env_steps=43 | episode_agent_samples=105 | mean_reward=76.005 | success=4/5 | collision=1/5 | mean_final_distance=0.326 | mean_progress=0.0015 | min_laser=0.301 | mean_lin=0.799 | mean_ang=-0.991 | mean_robot_dist=inf | raw_reward=20.000 | adjusted_reward=20.000 | coop_agents=0/5 | mean_coop_neighbors=0.00 | active_neighbor_step_rate=0.581 | mean_active_neighbors_step=1.286 | max_active_neighbors_step=4 | interaction_reward=0.0000 | abs_interaction_reward=0.0000 | anti_stag_reward=0.0000 | abs_anti_stag_reward=0.0000 | wall_clear_reward=0.0000 | abs_wall_clear_reward=0.0000 | local_nav_reward=0.0000 | abs_local_nav_reward=0.0000 | robot_proximity_reward=-0.5713 | abs_robot_proximity_reward=0.5713 | robot_clearance_reward=0.0000 | context_neighbors_mean=1.33 | context_neighbors_max=4 | last_context_neighbors_mean=0.00 | last_context_neighbors_max=0 | actor_unlocked=1 | expl_noise=0.0729 | replay=27447 | interaction_replay=11891 | samples/sec=7.705
Status | epoch=2 | next_eval_in=12553 agent_samples | checkpoint_every=10 episodes | checkpoint=./checkpoints/interaction_focused_actor_from_5a_s20260725_latest.pt | model=interaction_focused_actor_from_5a_s20260725
Actor gradient gate | passed=1 | safety_samples=166 | linear_positive_share=0.211 | angular_one_sided_share=0.506
Episode 336 complete | agent_samples=27499 | env_steps=11377 | episode_env_steps=16 | episode_agent_samples=52 | mean_reward=77.251 | success=4/5 | collision=1/5 | mean_final_distance=0.667 | mean_progress=0.0209 | min_laser=0.334 | mean_lin=0.996 | mean_ang=0.327 | mean_robot_dist=inf | raw_reward=20.000 | adjusted_reward=20.000 | coop_agents=0/5 | mean_coop_neighbors=0.00 | active_neighbor_step_rate=0.885 | mean_active_neighbors_step=2.404 | max_active_neighbors_step=4 | interaction_reward=0.0000 | abs_interaction_reward=0.0000 | anti_stag_reward=0.0000 | abs_anti_stag_reward=0.0000 | wall_clear_reward=0.0000 | abs_wall_clear_reward=0.0000 | local_nav_reward=0.0000 | abs_local_nav_reward=0.0000 | robot_proximity_reward=-0.0323 | abs_robot_proximity_reward=0.0323 | robot_clearance_reward=0.0385 | context_neighbors_mean=2.42 | context_neighbors_max=4 | last_context_neighbors_mean=0.00 | last_context_neighbors_max=0 | actor_unlocked=1 | expl_noise=0.0729 | replay=27499 | interaction_replay=11907 | samples/sec=7.712
Actor gradient gate | passed=1 | safety_samples=155 | linear_positive_share=0.265 | angular_one_sided_share=0.516
Episode 337 complete | agent_samples=27588 | env_steps=11410 | episode_env_steps=33 | episode_agent_samples=89 | mean_reward=113.622 | success=5/5 | collision=0/5 | mean_final_distance=0.277 | mean_progress=0.0090 | min_laser=0.608 | mean_lin=0.992 | mean_ang=-0.210 | mean_robot_dist=inf | raw_reward=20.000 | adjusted_reward=20.000 | coop_agents=0/5 | mean_coop_neighbors=0.00 | active_neighbor_step_rate=0.652 | mean_active_neighbors_step=1.067 | max_active_neighbors_step=3 | interaction_reward=0.0000 | abs_interaction_reward=0.0000 | anti_stag_reward=0.0000 | abs_anti_stag_reward=0.0000 | wall_clear_reward=0.0000 | abs_wall_clear_reward=0.0000 | local_nav_reward=0.0000 | abs_local_nav_reward=0.0000 | robot_proximity_reward=-0.3276 | abs_robot_proximity_reward=0.3276 | robot_clearance_reward=0.0036 | context_neighbors_mean=1.09 | context_neighbors_max=3 | last_context_neighbors_mean=0.00 | last_context_neighbors_max=0 | actor_unlocked=1 | expl_noise=0.0729 | replay=27588 | interaction_replay=11963 | samples/sec=7.721
Actor gradient gate | passed=1 | safety_samples=166 | linear_positive_share=0.241 | angular_one_sided_share=0.566
Episode 338 complete | agent_samples=27636 | env_steps=11423 | episode_env_steps=13 | episode_agent_samples=48 | mean_reward=104.829 | success=5/5 | collision=0/5 | mean_final_distance=0.243 | mean_progress=0.0240 | min_laser=0.727 | mean_lin=0.997 | mean_ang=0.597 | mean_robot_dist=inf | raw_reward=20.000 | adjusted_reward=20.000 | coop_agents=0/5 | mean_coop_neighbors=0.00 | active_neighbor_step_rate=0.938 | mean_active_neighbors_step=2.292 | max_active_neighbors_step=4 | interaction_reward=0.0000 | abs_interaction_reward=0.0000 | anti_stag_reward=0.0000 | abs_anti_stag_reward=0.0000 | wall_clear_reward=0.0000 | abs_wall_clear_reward=0.0000 | local_nav_reward=0.0000 | abs_local_nav_reward=0.0000 | robot_proximity_reward=-0.4506 | abs_robot_proximity_reward=0.4506 | robot_clearance_reward=0.1323 | context_neighbors_mean=2.42 | context_neighbors_max=4 | last_context_neighbors_mean=0.00 | last_context_neighbors_max=0 | actor_unlocked=1 | expl_noise=0.0729 | replay=27636 | interaction_replay=12006 | samples/sec=7.728
Actor gradient gate | passed=1 | safety_samples=164 | linear_positive_share=0.287 | angular_one_sided_share=0.524
Episode 339 complete | agent_samples=27726 | env_steps=11461 | episode_env_steps=38 | episode_agent_samples=90 | mean_reward=48.595 | success=4/5 | collision=1/5 | mean_final_distance=0.318 | mean_progress=0.0155 | min_laser=0.301 | mean_lin=0.800 | mean_ang=-0.195 | mean_robot_dist=inf | raw_reward=20.000 | adjusted_reward=20.000 | coop_agents=0/5 | mean_coop_neighbors=0.00 | active_neighbor_step_rate=0.689 | mean_active_neighbors_step=1.511 | max_active_neighbors_step=4 | interaction_reward=0.0000 | abs_interaction_reward=0.0000 | anti_stag_reward=0.0000 | abs_anti_stag_reward=0.0000 | wall_clear_reward=0.0000 | abs_wall_clear_reward=0.0000 | local_nav_reward=0.0000 | abs_local_nav_reward=0.0000 | robot_proximity_reward=-0.8293 | abs_robot_proximity_reward=0.8293 | robot_clearance_reward=0.0444 | context_neighbors_mean=1.53 | context_neighbors_max=4 | last_context_neighbors_mean=0.00 | last_context_neighbors_max=0 | actor_unlocked=1 | expl_noise=0.0728 | replay=27726 | interaction_replay=12066 | samples/sec=7.735
Actor gradient gate | passed=1 | safety_samples=152 | linear_positive_share=0.296 | angular_one_sided_share=0.605
Episode 340 complete | agent_samples=27767 | env_steps=11473 | episode_env_steps=12 | episode_agent_samples=41 | mean_reward=-12.087 | success=2/5 | collision=3/5 | mean_final_distance=1.210 | mean_progress=0.0273 | min_laser=0.311 | mean_lin=0.427 | mean_ang=-0.460 | mean_robot_dist=inf | raw_reward=20.000 | adjusted_reward=20.000 | coop_agents=0/5 | mean_coop_neighbors=0.00 | active_neighbor_step_rate=0.683 | mean_active_neighbors_step=1.707 | max_active_neighbors_step=4 | interaction_reward=0.0000 | abs_interaction_reward=0.0000 | anti_stag_reward=0.0000 | abs_anti_stag_reward=0.0000 | wall_clear_reward=0.0000 | abs_wall_clear_reward=0.0000 | local_nav_reward=0.0000 | abs_local_nav_reward=0.0000 | robot_proximity_reward=-0.6573 | abs_robot_proximity_reward=0.6573 | robot_clearance_reward=0.0000 | context_neighbors_mean=1.76 | context_neighbors_max=4 | last_context_neighbors_mean=0.00 | last_context_neighbors_max=0 | actor_unlocked=1 | expl_noise=0.0728 | replay=27767 | interaction_replay=12081 | samples/sec=7.741
Status | epoch=2 | next_eval_in=12233 agent_samples | checkpoint_every=10 episodes | checkpoint=./checkpoints/interaction_focused_actor_from_5a_s20260725_latest.pt | model=interaction_focused_actor_from_5a_s20260725
Checkpoint saved: ./checkpoints/interaction_focused_actor_from_5a_s20260725_latest.pt
Actor gradient gate | passed=1 | safety_samples=161 | linear_positive_share=0.180 | angular_one_sided_share=0.559
Episode 341 complete | agent_samples=27837 | env_steps=11499 | episode_env_steps=26 | episode_agent_samples=70 | mean_reward=85.286 | success=4/5 | collision=1/5 | mean_final_distance=0.624 | mean_progress=0.0214 | min_laser=0.301 | mean_lin=0.961 | mean_ang=-0.325 | mean_robot_dist=inf | raw_reward=20.000 | adjusted_reward=20.000 | coop_agents=0/5 | mean_coop_neighbors=0.00 | active_neighbor_step_rate=0.643 | mean_active_neighbors_step=1.214 | max_active_neighbors_step=4 | interaction_reward=0.0000 | abs_interaction_reward=0.0000 | anti_stag_reward=0.0000 | abs_anti_stag_reward=0.0000 | wall_clear_reward=0.0000 | abs_wall_clear_reward=0.0000 | local_nav_reward=0.0000 | abs_local_nav_reward=0.0000 | robot_proximity_reward=-0.3455 | abs_robot_proximity_reward=0.3455 | robot_clearance_reward=0.0000 | context_neighbors_mean=1.24 | context_neighbors_max=4 | last_context_neighbors_mean=0.00 | last_context_neighbors_max=0 | actor_unlocked=1 | expl_noise=0.0728 | replay=27837 | interaction_replay=12103 | samples/sec=7.746
Actor gradient gate | passed=1 | safety_samples=162 | linear_positive_share=0.241 | angular_one_sided_share=0.568
Episode 342 complete | agent_samples=27904 | env_steps=11523 | episode_env_steps=24 | episode_agent_samples=67 | mean_reward=70.637 | success=4/5 | collision=1/5 | mean_final_distance=0.500 | mean_progress=0.0118 | min_laser=0.300 | mean_lin=0.799 | mean_ang=0.163 | mean_robot_dist=inf | raw_reward=20.000 | adjusted_reward=20.000 | coop_agents=0/5 | mean_coop_neighbors=0.00 | active_neighbor_step_rate=0.612 | mean_active_neighbors_step=1.701 | max_active_neighbors_step=4 | interaction_reward=0.0000 | abs_interaction_reward=0.0000 | anti_stag_reward=0.0000 | abs_anti_stag_reward=0.0000 | wall_clear_reward=0.0000 | abs_wall_clear_reward=0.0000 | local_nav_reward=0.0000 | abs_local_nav_reward=0.0000 | robot_proximity_reward=-0.9095 | abs_robot_proximity_reward=0.9095 | robot_clearance_reward=0.0450 | context_neighbors_mean=1.76 | context_neighbors_max=4 | last_context_neighbors_mean=0.00 | last_context_neighbors_max=0 | actor_unlocked=1 | expl_noise=0.0728 | replay=27904 | interaction_replay=12146 | samples/sec=7.754
Actor gradient gate | passed=1 | safety_samples=169 | linear_positive_share=0.195 | angular_one_sided_share=0.509
Episode 343 complete | agent_samples=28014 | env_steps=11561 | episode_env_steps=38 | episode_agent_samples=110 | mean_reward=118.089 | success=5/5 | collision=0/5 | mean_final_distance=0.272 | mean_progress=0.0061 | min_laser=0.525 | mean_lin=0.977 | mean_ang=-0.200 | mean_robot_dist=inf | raw_reward=20.000 | adjusted_reward=20.000 | coop_agents=0/5 | mean_coop_neighbors=0.00 | active_neighbor_step_rate=0.636 | mean_active_neighbors_step=1.636 | max_active_neighbors_step=4 | interaction_reward=0.0000 | abs_interaction_reward=0.0000 | anti_stag_reward=0.0000 | abs_anti_stag_reward=0.0000 | wall_clear_reward=0.0000 | abs_wall_clear_reward=0.0000 | local_nav_reward=0.0000 | abs_local_nav_reward=0.0000 | robot_proximity_reward=-0.3023 | abs_robot_proximity_reward=0.3023 | robot_clearance_reward=0.0364 | context_neighbors_mean=1.69 | context_neighbors_max=4 | last_context_neighbors_mean=0.00 | last_context_neighbors_max=0 | actor_unlocked=1 | expl_noise=0.0728 | replay=28014 | interaction_replay=12184 | samples/sec=7.766
Actor gradient gate | passed=1 | safety_samples=163 | linear_positive_share=0.178 | angular_one_sided_share=0.601
Episode 344 complete | agent_samples=28110 | env_steps=11598 | episode_env_steps=37 | episode_agent_samples=96 | mean_reward=85.874 | success=4/5 | collision=1/5 | mean_final_distance=0.348 | mean_progress=0.0131 | min_laser=0.300 | mean_lin=0.979 | mean_ang=0.368 | mean_robot_dist=inf | raw_reward=20.000 | adjusted_reward=20.000 | coop_agents=0/5 | mean_coop_neighbors=0.00 | active_neighbor_step_rate=0.438 | mean_active_neighbors_step=1.115 | max_active_neighbors_step=4 | interaction_reward=0.0000 | abs_interaction_reward=0.0000 | anti_stag_reward=0.0000 | abs_anti_stag_reward=0.0000 | wall_clear_reward=0.0000 | abs_wall_clear_reward=0.0000 | local_nav_reward=0.0000 | abs_local_nav_reward=0.0000 | robot_proximity_reward=0.0000 | abs_robot_proximity_reward=0.0000 | robot_clearance_reward=0.0000 | context_neighbors_mean=1.16 | context_neighbors_max=4 | last_context_neighbors_mean=0.00 | last_context_neighbors_max=0 | actor_unlocked=1 | expl_noise=0.0728 | replay=28110 | interaction_replay=12225 | samples/sec=7.775
Actor gradient gate | passed=1 | safety_samples=157 | linear_positive_share=0.236 | angular_one_sided_share=0.503
Episode 345 complete | agent_samples=28171 | env_steps=11613 | episode_env_steps=15 | episode_agent_samples=61 | mean_reward=110.389 | success=5/5 | collision=0/5 | mean_final_distance=0.264 | mean_progress=0.0080 | min_laser=0.772 | mean_lin=0.991 | mean_ang=-0.193 | mean_robot_dist=inf | raw_reward=20.000 | adjusted_reward=20.000 | coop_agents=0/5 | mean_coop_neighbors=0.00 | active_neighbor_step_rate=0.852 | mean_active_neighbors_step=1.967 | max_active_neighbors_step=4 | interaction_reward=0.0000 | abs_interaction_reward=0.0000 | anti_stag_reward=0.0000 | abs_anti_stag_reward=0.0000 | wall_clear_reward=0.0000 | abs_wall_clear_reward=0.0000 | local_nav_reward=0.0000 | abs_local_nav_reward=0.0000 | robot_proximity_reward=-0.3111 | abs_robot_proximity_reward=0.3111 | robot_clearance_reward=0.0712 | context_neighbors_mean=2.10 | context_neighbors_max=4 | last_context_neighbors_mean=0.00 | last_context_neighbors_max=0 | actor_unlocked=1 | expl_noise=0.0727 | replay=28171 | interaction_replay=12278 | samples/sec=7.785
Status | epoch=2 | next_eval_in=11829 agent_samples | checkpoint_every=10 episodes | checkpoint=./checkpoints/interaction_focused_actor_from_5a_s20260725_latest.pt | model=interaction_focused_actor_from_5a_s20260725
Actor gradient gate | passed=1 | safety_samples=151 | linear_positive_share=0.245 | angular_one_sided_share=0.556
Episode 346 complete | agent_samples=28259 | env_steps=11658 | episode_env_steps=45 | episode_agent_samples=88 | mean_reward=122.628 | success=5/5 | collision=0/5 | mean_final_distance=0.253 | mean_progress=0.0083 | min_laser=0.629 | mean_lin=0.973 | mean_ang=0.571 | mean_robot_dist=inf | raw_reward=20.000 | adjusted_reward=20.000 | coop_agents=0/5 | mean_coop_neighbors=0.00 | active_neighbor_step_rate=0.580 | mean_active_neighbors_step=1.045 | max_active_neighbors_step=3 | interaction_reward=0.0000 | abs_interaction_reward=0.0000 | anti_stag_reward=0.0000 | abs_anti_stag_reward=0.0000 | wall_clear_reward=0.0000 | abs_wall_clear_reward=0.0000 | local_nav_reward=0.0000 | abs_local_nav_reward=0.0000 | robot_proximity_reward=-0.0889 | abs_robot_proximity_reward=0.0889 | robot_clearance_reward=0.0421 | context_neighbors_mean=1.11 | context_neighbors_max=3 | last_context_neighbors_mean=0.00 | last_context_neighbors_max=0 | actor_unlocked=1 | expl_noise=0.0727 | replay=28259 | interaction_replay=12328 | samples/sec=7.788
Actor gradient gate | passed=1 | safety_samples=167 | linear_positive_share=0.228 | angular_one_sided_share=0.521
Episode 347 complete | agent_samples=28340 | env_steps=11679 | episode_env_steps=21 | episode_agent_samples=81 | mean_reward=38.525 | success=3/5 | collision=2/5 | mean_final_distance=0.563 | mean_progress=0.0129 | min_laser=0.319 | mean_lin=0.382 | mean_ang=-0.832 | mean_robot_dist=inf | raw_reward=20.000 | adjusted_reward=20.000 | coop_agents=0/5 | mean_coop_neighbors=0.00 | active_neighbor_step_rate=0.815 | mean_active_neighbors_step=2.086 | max_active_neighbors_step=4 | interaction_reward=0.0000 | abs_interaction_reward=0.0000 | anti_stag_reward=0.0000 | abs_anti_stag_reward=0.0000 | wall_clear_reward=0.0000 | abs_wall_clear_reward=0.0000 | local_nav_reward=0.0000 | abs_local_nav_reward=0.0000 | robot_proximity_reward=-0.4730 | abs_robot_proximity_reward=0.4730 | robot_clearance_reward=0.0247 | context_neighbors_mean=2.12 | context_neighbors_max=4 | last_context_neighbors_mean=0.00 | last_context_neighbors_max=0 | actor_unlocked=1 | expl_noise=0.0727 | replay=28340 | interaction_replay=12361 | samples/sec=7.800
Actor gradient gate | passed=1 | safety_samples=165 | linear_positive_share=0.182 | angular_one_sided_share=0.521
Episode 348 complete | agent_samples=28424 | env_steps=11718 | episode_env_steps=39 | episode_agent_samples=84 | mean_reward=111.892 | success=5/5 | collision=0/5 | mean_final_distance=0.233 | mean_progress=0.0214 | min_laser=0.584 | mean_lin=1.000 | mean_ang=0.163 | mean_robot_dist=inf | raw_reward=20.000 | adjusted_reward=20.000 | coop_agents=0/5 | mean_coop_neighbors=0.00 | active_neighbor_step_rate=0.619 | mean_active_neighbors_step=1.548 | max_active_neighbors_step=4 | interaction_reward=0.0000 | abs_interaction_reward=0.0000 | anti_stag_reward=0.0000 | abs_anti_stag_reward=0.0000 | wall_clear_reward=0.0000 | abs_wall_clear_reward=0.0000 | local_nav_reward=0.0000 | abs_local_nav_reward=0.0000 | robot_proximity_reward=-0.5003 | abs_robot_proximity_reward=0.5003 | robot_clearance_reward=0.0718 | context_neighbors_mean=1.63 | context_neighbors_max=4 | last_context_neighbors_mean=0.00 | last_context_neighbors_max=0 | actor_unlocked=1 | expl_noise=0.0727 | replay=28424 | interaction_replay=12405 | samples/sec=7.805
Actor gradient gate | passed=1 | safety_samples=169 | linear_positive_share=0.213 | angular_one_sided_share=0.538
Episode 349 complete | agent_samples=28533 | env_steps=11758 | episode_env_steps=40 | episode_agent_samples=109 | mean_reward=74.469 | success=4/5 | collision=1/5 | mean_final_distance=0.280 | mean_progress=0.0035 | min_laser=0.323 | mean_lin=0.865 | mean_ang=-0.921 | mean_robot_dist=inf | raw_reward=20.000 | adjusted_reward=20.000 | coop_agents=0/5 | mean_coop_neighbors=0.00 | active_neighbor_step_rate=0.440 | mean_active_neighbors_step=0.706 | max_active_neighbors_step=3 | interaction_reward=0.0000 | abs_interaction_reward=0.0000 | anti_stag_reward=0.0000 | abs_anti_stag_reward=0.0000 | wall_clear_reward=0.0000 | abs_wall_clear_reward=0.0000 | local_nav_reward=0.0000 | abs_local_nav_reward=0.0000 | robot_proximity_reward=-0.4718 | abs_robot_proximity_reward=0.4718 | robot_clearance_reward=0.0309 | context_neighbors_mean=0.74 | context_neighbors_max=3 | last_context_neighbors_mean=0.00 | last_context_neighbors_max=0 | actor_unlocked=1 | expl_noise=0.0727 | replay=28533 | interaction_replay=12431 | samples/sec=7.816
Actor gradient gate | passed=1 | safety_samples=175 | linear_positive_share=0.200 | angular_one_sided_share=0.549
Episode 350 complete | agent_samples=28599 | env_steps=11785 | episode_env_steps=27 | episode_agent_samples=66 | mean_reward=72.695 | success=4/5 | collision=1/5 | mean_final_distance=0.552 | mean_progress=0.0237 | min_laser=0.326 | mean_lin=0.815 | mean_ang=0.619 | mean_robot_dist=inf | raw_reward=20.000 | adjusted_reward=20.000 | coop_agents=0/5 | mean_coop_neighbors=0.00 | active_neighbor_step_rate=0.712 | mean_active_neighbors_step=1.667 | max_active_neighbors_step=4 | interaction_reward=0.0000 | abs_interaction_reward=0.0000 | anti_stag_reward=0.0000 | abs_anti_stag_reward=0.0000 | wall_clear_reward=0.0000 | abs_wall_clear_reward=0.0000 | local_nav_reward=0.0000 | abs_local_nav_reward=0.0000 | robot_proximity_reward=-0.6641 | abs_robot_proximity_reward=0.6641 | robot_clearance_reward=0.0303 | context_neighbors_mean=1.65 | context_neighbors_max=4 | last_context_neighbors_mean=0.00 | last_context_neighbors_max=0 | actor_unlocked=1 | expl_noise=0.0726 | replay=28599 | interaction_replay=12451 | samples/sec=7.822
Status | epoch=2 | next_eval_in=11401 agent_samples | checkpoint_every=10 episodes | checkpoint=./checkpoints/interaction_focused_actor_from_5a_s20260725_latest.pt | model=interaction_focused_actor_from_5a_s20260725
Checkpoint saved: ./checkpoints/interaction_focused_actor_from_5a_s20260725_latest.pt
Actor gradient gate | passed=1 | safety_samples=189 | linear_positive_share=0.238 | angular_one_sided_share=0.529
Episode 351 complete | agent_samples=28681 | env_steps=11805 | episode_env_steps=20 | episode_agent_samples=82 | mean_reward=114.905 | success=5/5 | collision=0/5 | mean_final_distance=0.271 | mean_progress=0.0052 | min_laser=0.519 | mean_lin=0.801 | mean_ang=0.199 | mean_robot_dist=inf | raw_reward=20.000 | adjusted_reward=20.000 | coop_agents=0/5 | mean_coop_neighbors=0.00 | active_neighbor_step_rate=0.768 | mean_active_neighbors_step=1.780 | max_active_neighbors_step=4 | interaction_reward=0.0000 | abs_interaction_reward=0.0000 | anti_stag_reward=0.0000 | abs_anti_stag_reward=0.0000 | wall_clear_reward=0.0000 | abs_wall_clear_reward=0.0000 | local_nav_reward=0.0000 | abs_local_nav_reward=0.0000 | robot_proximity_reward=-0.5341 | abs_robot_proximity_reward=0.5341 | robot_clearance_reward=0.0529 | context_neighbors_mean=1.87 | context_neighbors_max=4 | last_context_neighbors_mean=0.00 | last_context_neighbors_max=0 | actor_unlocked=1 | expl_noise=0.0726 | replay=28681 | interaction_replay=12490 | samples/sec=7.833
Actor gradient gate | passed=1 | safety_samples=153 | linear_positive_share=0.176 | angular_one_sided_share=0.588
Episode 352 complete | agent_samples=28737 | env_steps=11829 | episode_env_steps=24 | episode_agent_samples=56 | mean_reward=16.626 | success=3/5 | collision=2/5 | mean_final_distance=0.480 | mean_progress=0.0085 | min_laser=0.306 | mean_lin=0.805 | mean_ang=0.163 | mean_robot_dist=inf | raw_reward=20.000 | adjusted_reward=20.000 | coop_agents=0/5 | mean_coop_neighbors=0.00 | active_neighbor_step_rate=0.696 | mean_active_neighbors_step=1.750 | max_active_neighbors_step=4 | interaction_reward=0.0000 | abs_interaction_reward=0.0000 | anti_stag_reward=0.0000 | abs_anti_stag_reward=0.0000 | wall_clear_reward=0.0000 | abs_wall_clear_reward=0.0000 | local_nav_reward=0.0000 | abs_local_nav_reward=0.0000 | robot_proximity_reward=-0.9701 | abs_robot_proximity_reward=0.9701 | robot_clearance_reward=0.0397 | context_neighbors_mean=1.82 | context_neighbors_max=4 | last_context_neighbors_mean=0.00 | last_context_neighbors_max=0 | actor_unlocked=1 | expl_noise=0.0726 | replay=28737 | interaction_replay=12529 | samples/sec=7.837
Actor gradient gate | passed=1 | safety_samples=159 | linear_positive_share=0.208 | angular_one_sided_share=0.579
Episode 353 complete | agent_samples=28780 | env_steps=11841 | episode_env_steps=12 | episode_agent_samples=43 | mean_reward=14.552 | success=3/5 | collision=2/5 | mean_final_distance=0.515 | mean_progress=0.0265 | min_laser=0.300 | mean_lin=0.619 | mean_ang=-0.192 | mean_robot_dist=inf | raw_reward=20.000 | adjusted_reward=20.000 | coop_agents=0/5 | mean_coop_neighbors=0.00 | active_neighbor_step_rate=0.907 | mean_active_neighbors_step=2.419 | max_active_neighbors_step=4 | interaction_reward=0.0000 | abs_interaction_reward=0.0000 | anti_stag_reward=0.0000 | abs_anti_stag_reward=0.0000 | wall_clear_reward=0.0000 | abs_wall_clear_reward=0.0000 | local_nav_reward=0.0000 | abs_local_nav_reward=0.0000 | robot_proximity_reward=-0.9833 | abs_robot_proximity_reward=0.9833 | robot_clearance_reward=0.0465 | context_neighbors_mean=2.49 | context_neighbors_max=4 | last_context_neighbors_mean=0.00 | last_context_neighbors_max=0 | actor_unlocked=1 | expl_noise=0.0726 | replay=28780 | interaction_replay=12566 | samples/sec=7.843
Actor gradient gate | passed=1 | safety_samples=142 | linear_positive_share=0.183 | angular_one_sided_share=0.563
Episode 354 complete | agent_samples=28825 | env_steps=11851 | episode_env_steps=10 | episode_agent_samples=45 | mean_reward=22.019 | success=3/5 | collision=2/5 | mean_final_distance=0.441 | mean_progress=0.0399 | min_laser=0.300 | mean_lin=0.984 | mean_ang=0.276 | mean_robot_dist=0.405 | raw_reward=-44.228 | adjusted_reward=-44.228 | coop_agents=2/5 | mean_coop_neighbors=0.40 | active_neighbor_step_rate=0.756 | mean_active_neighbors_step=1.889 | max_active_neighbors_step=4 | interaction_reward=0.0000 | abs_interaction_reward=0.0000 | anti_stag_reward=0.0000 | abs_anti_stag_reward=0.0000 | wall_clear_reward=0.0000 | abs_wall_clear_reward=0.0000 | local_nav_reward=0.0000 | abs_local_nav_reward=0.0000 | robot_proximity_reward=-1.0287 | abs_robot_proximity_reward=1.0287 | robot_clearance_reward=0.0000 | context_neighbors_mean=1.98 | context_neighbors_max=4 | last_context_neighbors_mean=0.00 | last_context_neighbors_max=0 | actor_unlocked=1 | expl_noise=0.0726 | replay=28825 | interaction_replay=12602 | samples/sec=7.850
Actor gradient gate | passed=1 | safety_samples=162 | linear_positive_share=0.204 | angular_one_sided_share=0.574
Episode 355 complete | agent_samples=28884 | env_steps=11869 | episode_env_steps=18 | episode_agent_samples=59 | mean_reward=115.694 | success=5/5 | collision=0/5 | mean_final_distance=0.251 | mean_progress=0.0065 | min_laser=0.492 | mean_lin=0.994 | mean_ang=0.270 | mean_robot_dist=inf | raw_reward=20.000 | adjusted_reward=20.000 | coop_agents=0/5 | mean_coop_neighbors=0.00 | active_neighbor_step_rate=0.780 | mean_active_neighbors_step=2.068 | max_active_neighbors_step=4 | interaction_reward=0.0000 | abs_interaction_reward=0.0000 | anti_stag_reward=0.0000 | abs_anti_stag_reward=0.0000 | wall_clear_reward=0.0000 | abs_wall_clear_reward=0.0000 | local_nav_reward=0.0000 | abs_local_nav_reward=0.0000 | robot_proximity_reward=-0.6129 | abs_robot_proximity_reward=0.6129 | robot_clearance_reward=0.1017 | context_neighbors_mean=2.20 | context_neighbors_max=4 | last_context_neighbors_mean=0.00 | last_context_neighbors_max=0 | actor_unlocked=1 | expl_noise=0.0726 | replay=28884 | interaction_replay=12647 | samples/sec=7.858
Status | epoch=2 | next_eval_in=11116 agent_samples | checkpoint_every=10 episodes | checkpoint=./checkpoints/interaction_focused_actor_from_5a_s20260725_latest.pt | model=interaction_focused_actor_from_5a_s20260725
Actor gradient gate | passed=1 | safety_samples=140 | linear_positive_share=0.250 | angular_one_sided_share=0.571
Episode 356 complete | agent_samples=28932 | env_steps=11881 | episode_env_steps=12 | episode_agent_samples=48 | mean_reward=31.077 | success=3/5 | collision=2/5 | mean_final_distance=0.529 | mean_progress=0.0210 | min_laser=0.300 | mean_lin=0.803 | mean_ang=-0.569 | mean_robot_dist=inf | raw_reward=20.000 | adjusted_reward=20.000 | coop_agents=0/5 | mean_coop_neighbors=0.00 | active_neighbor_step_rate=0.708 | mean_active_neighbors_step=1.833 | max_active_neighbors_step=4 | interaction_reward=0.0000 | abs_interaction_reward=0.0000 | anti_stag_reward=0.0000 | abs_anti_stag_reward=0.0000 | wall_clear_reward=0.0000 | abs_wall_clear_reward=0.0000 | local_nav_reward=0.0000 | abs_local_nav_reward=0.0000 | robot_proximity_reward=-0.9583 | abs_robot_proximity_reward=0.9583 | robot_clearance_reward=0.0505 | context_neighbors_mean=1.85 | context_neighbors_max=4 | last_context_neighbors_mean=0.00 | last_context_neighbors_max=0 | actor_unlocked=1 | expl_noise=0.0726 | replay=28932 | interaction_replay=12681 | samples/sec=7.865
Actor gradient gate | passed=1 | safety_samples=152 | linear_positive_share=0.197 | angular_one_sided_share=0.592
Episode 357 complete | agent_samples=28990 | env_steps=11896 | episode_env_steps=15 | episode_agent_samples=58 | mean_reward=111.716 | success=5/5 | collision=0/5 | mean_final_distance=0.241 | mean_progress=0.0204 | min_laser=0.535 | mean_lin=0.822 | mean_ang=-0.144 | mean_robot_dist=inf | raw_reward=20.000 | adjusted_reward=20.000 | coop_agents=0/5 | mean_coop_neighbors=0.00 | active_neighbor_step_rate=0.828 | mean_active_neighbors_step=2.172 | max_active_neighbors_step=4 | interaction_reward=0.0000 | abs_interaction_reward=0.0000 | anti_stag_reward=0.0000 | abs_anti_stag_reward=0.0000 | wall_clear_reward=0.0000 | abs_wall_clear_reward=0.0000 | local_nav_reward=0.0000 | abs_local_nav_reward=0.0000 | robot_proximity_reward=-0.6183 | abs_robot_proximity_reward=0.6183 | robot_clearance_reward=0.1034 | context_neighbors_mean=2.31 | context_neighbors_max=4 | last_context_neighbors_mean=0.00 | last_context_neighbors_max=0 | actor_unlocked=1 | expl_noise=0.0726 | replay=28990 | interaction_replay=12727 | samples/sec=7.873
Actor gradient gate | passed=1 | safety_samples=145 | linear_positive_share=0.248 | angular_one_sided_share=0.579
Episode 358 complete | agent_samples=29043 | env_steps=11912 | episode_env_steps=16 | episode_agent_samples=53 | mean_reward=73.465 | success=4/5 | collision=1/5 | mean_final_distance=0.405 | mean_progress=0.0266 | min_laser=0.346 | mean_lin=1.000 | mean_ang=0.598 | mean_robot_dist=inf | raw_reward=20.000 | adjusted_reward=20.000 | coop_agents=0/5 | mean_coop_neighbors=0.00 | active_neighbor_step_rate=0.868 | mean_active_neighbors_step=2.057 | max_active_neighbors_step=4 | interaction_reward=0.0000 | abs_interaction_reward=0.0000 | anti_stag_reward=0.0000 | abs_anti_stag_reward=0.0000 | wall_clear_reward=0.0000 | abs_wall_clear_reward=0.0000 | local_nav_reward=0.0000 | abs_local_nav_reward=0.0000 | robot_proximity_reward=-0.0028 | abs_robot_proximity_reward=0.0028 | robot_clearance_reward=0.0066 | context_neighbors_mean=2.08 | context_neighbors_max=4 | last_context_neighbors_mean=0.00 | last_context_neighbors_max=0 | actor_unlocked=1 | expl_noise=0.0726 | replay=29043 | interaction_replay=12741 | samples/sec=7.880
Actor gradient gate | passed=1 | safety_samples=166 | linear_positive_share=0.259 | angular_one_sided_share=0.548
Episode 359 complete | agent_samples=29139 | env_steps=11952 | episode_env_steps=40 | episode_agent_samples=96 | mean_reward=53.993 | success=4/5 | collision=1/5 | mean_final_distance=0.489 | mean_progress=0.0031 | min_laser=0.321 | mean_lin=0.653 | mean_ang=0.196 | mean_robot_dist=inf | raw_reward=20.000 | adjusted_reward=20.000 | coop_agents=0/5 | mean_coop_neighbors=0.00 | active_neighbor_step_rate=0.677 | mean_active_neighbors_step=1.052 | max_active_neighbors_step=4 | interaction_reward=0.0000 | abs_interaction_reward=0.0000 | anti_stag_reward=0.0000 | abs_anti_stag_reward=0.0000 | wall_clear_reward=0.0000 | abs_wall_clear_reward=0.0000 | local_nav_reward=0.0000 | abs_local_nav_reward=0.0000 | robot_proximity_reward=-0.5630 | abs_robot_proximity_reward=0.5630 | robot_clearance_reward=0.0000 | context_neighbors_mean=1.07 | context_neighbors_max=4 | last_context_neighbors_mean=0.00 | last_context_neighbors_max=0 | actor_unlocked=1 | expl_noise=0.0725 | replay=29139 | interaction_replay=12785 | samples/sec=7.888
Actor gradient gate | passed=1 | safety_samples=159 | linear_positive_share=0.245 | angular_one_sided_share=0.541
Episode 360 complete | agent_samples=29233 | env_steps=11992 | episode_env_steps=40 | episode_agent_samples=94 | mean_reward=113.845 | success=5/5 | collision=0/5 | mean_final_distance=0.271 | mean_progress=0.0044 | min_laser=0.617 | mean_lin=0.800 | mean_ang=-0.489 | mean_robot_dist=inf | raw_reward=20.000 | adjusted_reward=20.000 | coop_agents=0/5 | mean_coop_neighbors=0.00 | active_neighbor_step_rate=0.553 | mean_active_neighbors_step=1.436 | max_active_neighbors_step=4 | interaction_reward=0.0000 | abs_interaction_reward=0.0000 | anti_stag_reward=0.0000 | abs_anti_stag_reward=0.0000 | wall_clear_reward=0.0000 | abs_wall_clear_reward=0.0000 | local_nav_reward=0.0000 | abs_local_nav_reward=0.0000 | robot_proximity_reward=-0.1916 | abs_robot_proximity_reward=0.1916 | robot_clearance_reward=0.0426 | context_neighbors_mean=1.44 | context_neighbors_max=4 | last_context_neighbors_mean=0.00 | last_context_neighbors_max=0 | actor_unlocked=1 | expl_noise=0.0725 | replay=29233 | interaction_replay=12813 | samples/sec=7.895
Status | epoch=2 | next_eval_in=10767 agent_samples | checkpoint_every=10 episodes | checkpoint=./checkpoints/interaction_focused_actor_from_5a_s20260725_latest.pt | model=interaction_focused_actor_from_5a_s20260725
Checkpoint saved: ./checkpoints/interaction_focused_actor_from_5a_s20260725_latest.pt
Actor gradient gate | passed=1 | safety_samples=149 | linear_positive_share=0.174 | angular_one_sided_share=0.658
Episode 361 complete | agent_samples=29306 | env_steps=12026 | episode_env_steps=34 | episode_agent_samples=73 | mean_reward=114.668 | success=5/5 | collision=0/5 | mean_final_distance=0.271 | mean_progress=0.0216 | min_laser=0.391 | mean_lin=0.989 | mean_ang=-0.708 | mean_robot_dist=inf | raw_reward=20.000 | adjusted_reward=20.000 | coop_agents=0/5 | mean_coop_neighbors=0.00 | active_neighbor_step_rate=0.685 | mean_active_neighbors_step=2.137 | max_active_neighbors_step=4 | interaction_reward=0.0000 | abs_interaction_reward=0.0000 | anti_stag_reward=0.0000 | abs_anti_stag_reward=0.0000 | wall_clear_reward=0.0000 | abs_wall_clear_reward=0.0000 | local_nav_reward=0.0000 | abs_local_nav_reward=0.0000 | robot_proximity_reward=-0.0097 | abs_robot_proximity_reward=0.0097 | robot_clearance_reward=0.0000 | context_neighbors_mean=2.15 | context_neighbors_max=4 | last_context_neighbors_mean=0.00 | last_context_neighbors_max=0 | actor_unlocked=1 | expl_noise=0.0725 | replay=29306 | interaction_replay=12827 | samples/sec=7.897
Actor gradient gate | passed=1 | safety_samples=154 | linear_positive_share=0.234 | angular_one_sided_share=0.604
Episode 362 complete | agent_samples=29366 | env_steps=12044 | episode_env_steps=18 | episode_agent_samples=60 | mean_reward=25.884 | success=3/5 | collision=2/5 | mean_final_distance=0.403 | mean_progress=0.0116 | min_laser=0.318 | mean_lin=0.632 | mean_ang=-0.559 | mean_robot_dist=inf | raw_reward=20.000 | adjusted_reward=20.000 | coop_agents=0/5 | mean_coop_neighbors=0.00 | active_neighbor_step_rate=0.800 | mean_active_neighbors_step=1.717 | max_active_neighbors_step=4 | interaction_reward=0.0000 | abs_interaction_reward=0.0000 | anti_stag_reward=0.0000 | abs_anti_stag_reward=0.0000 | wall_clear_reward=0.0000 | abs_wall_clear_reward=0.0000 | local_nav_reward=0.0000 | abs_local_nav_reward=0.0000 | robot_proximity_reward=-0.6778 | abs_robot_proximity_reward=0.6778 | robot_clearance_reward=0.0000 | context_neighbors_mean=1.72 | context_neighbors_max=4 | last_context_neighbors_mean=0.00 | last_context_neighbors_max=0 | actor_unlocked=1 | expl_noise=0.0725 | replay=29366 | interaction_replay=12848 | samples/sec=7.905
Actor gradient gate | passed=1 | safety_samples=151 | linear_positive_share=0.245 | angular_one_sided_share=0.682
Episode 363 complete | agent_samples=29429 | env_steps=12064 | episode_env_steps=20 | episode_agent_samples=63 | mean_reward=83.127 | success=4/5 | collision=1/5 | mean_final_distance=0.288 | mean_progress=0.0009 | min_laser=0.350 | mean_lin=0.800 | mean_ang=0.602 | mean_robot_dist=inf | raw_reward=-20.000 | adjusted_reward=-20.000 | coop_agents=0/5 | mean_coop_neighbors=0.00 | active_neighbor_step_rate=0.730 | mean_active_neighbors_step=1.698 | max_active_neighbors_step=4 | interaction_reward=0.0000 | abs_interaction_reward=0.0000 | anti_stag_reward=0.0000 | abs_anti_stag_reward=0.0000 | wall_clear_reward=0.0000 | abs_wall_clear_reward=0.0000 | local_nav_reward=0.0000 | abs_local_nav_reward=0.0000 | robot_proximity_reward=-0.8041 | abs_robot_proximity_reward=0.8041 | robot_clearance_reward=0.0317 | context_neighbors_mean=1.78 | context_neighbors_max=4 | last_context_neighbors_mean=0.00 | last_context_neighbors_max=0 | actor_unlocked=1 | expl_noise=0.0725 | replay=29429 | interaction_replay=12896 | samples/sec=7.912
Actor gradient gate | passed=1 | safety_samples=157 | linear_positive_share=0.159 | angular_one_sided_share=0.605
Episode 364 complete | agent_samples=29486 | env_steps=12083 | episode_env_steps=19 | episode_agent_samples=57 | mean_reward=27.516 | success=3/5 | collision=2/5 | mean_final_distance=0.541 | mean_progress=0.0180 | min_laser=0.300 | mean_lin=0.996 | mean_ang=0.203 | mean_robot_dist=inf | raw_reward=20.000 | adjusted_reward=20.000 | coop_agents=0/5 | mean_coop_neighbors=0.00 | active_neighbor_step_rate=0.807 | mean_active_neighbors_step=2.088 | max_active_neighbors_step=4 | interaction_reward=0.0000 | abs_interaction_reward=0.0000 | anti_stag_reward=0.0000 | abs_anti_stag_reward=0.0000 | wall_clear_reward=0.0000 | abs_wall_clear_reward=0.0000 | local_nav_reward=0.0000 | abs_local_nav_reward=0.0000 | robot_proximity_reward=-0.8060 | abs_robot_proximity_reward=0.8060 | robot_clearance_reward=0.0580 | context_neighbors_mean=2.11 | context_neighbors_max=4 | last_context_neighbors_mean=0.00 | last_context_neighbors_max=0 | actor_unlocked=1 | expl_noise=0.0724 | replay=29486 | interaction_replay=12938 | samples/sec=7.918
Actor gradient gate | passed=1 | safety_samples=156 | linear_positive_share=0.269 | angular_one_sided_share=0.545
Episode 365 complete | agent_samples=29570 | env_steps=12112 | episode_env_steps=29 | episode_agent_samples=84 | mean_reward=114.289 | success=5/5 | collision=0/5 | mean_final_distance=0.267 | mean_progress=0.0201 | min_laser=0.547 | mean_lin=0.993 | mean_ang=0.262 | mean_robot_dist=inf | raw_reward=20.000 | adjusted_reward=20.000 | coop_agents=0/5 | mean_coop_neighbors=0.00 | active_neighbor_step_rate=0.714 | mean_active_neighbors_step=1.786 | max_active_neighbors_step=4 | interaction_reward=0.0000 | abs_interaction_reward=0.0000 | anti_stag_reward=0.0000 | abs_anti_stag_reward=0.0000 | wall_clear_reward=0.0000 | abs_wall_clear_reward=0.0000 | local_nav_reward=0.0000 | abs_local_nav_reward=0.0000 | robot_proximity_reward=-0.7571 | abs_robot_proximity_reward=0.7571 | robot_clearance_reward=0.1196 | context_neighbors_mean=1.87 | context_neighbors_max=4 | last_context_neighbors_mean=0.00 | last_context_neighbors_max=0 | actor_unlocked=1 | expl_noise=0.0724 | replay=29570 | interaction_replay=12996 | samples/sec=7.927
Status | epoch=2 | next_eval_in=10430 agent_samples | checkpoint_every=10 episodes | checkpoint=./checkpoints/interaction_focused_actor_from_5a_s20260725_latest.pt | model=interaction_focused_actor_from_5a_s20260725
Actor gradient gate | passed=1 | safety_samples=180 | linear_positive_share=0.261 | angular_one_sided_share=0.589
Episode 366 complete | agent_samples=29612 | env_steps=12122 | episode_env_steps=10 | episode_agent_samples=42 | mean_reward=24.988 | success=3/5 | collision=2/5 | mean_final_distance=0.518 | mean_progress=0.0378 | min_laser=0.318 | mean_lin=0.878 | mean_ang=-0.979 | mean_robot_dist=inf | raw_reward=40.000 | adjusted_reward=40.000 | coop_agents=1/5 | mean_coop_neighbors=0.20 | active_neighbor_step_rate=0.976 | mean_active_neighbors_step=2.429 | max_active_neighbors_step=4 | interaction_reward=0.0000 | abs_interaction_reward=0.0000 | anti_stag_reward=0.0000 | abs_anti_stag_reward=0.0000 | wall_clear_reward=0.0000 | abs_wall_clear_reward=0.0000 | local_nav_reward=0.0000 | abs_local_nav_reward=0.0000 | robot_proximity_reward=-1.1056 | abs_robot_proximity_reward=1.1056 | robot_clearance_reward=0.0476 | context_neighbors_mean=2.48 | context_neighbors_max=4 | last_context_neighbors_mean=0.00 | last_context_neighbors_max=0 | actor_unlocked=1 | expl_noise=0.0724 | replay=29612 | interaction_replay=13031 | samples/sec=7.934
Actor gradient gate | passed=1 | safety_samples=151 | linear_positive_share=0.185 | angular_one_sided_share=0.616
Episode 367 complete | agent_samples=29655 | env_steps=12133 | episode_env_steps=11 | episode_agent_samples=43 | mean_reward=65.107 | success=4/5 | collision=1/5 | mean_final_distance=0.325 | mean_progress=0.0121 | min_laser=0.338 | mean_lin=0.983 | mean_ang=0.073 | mean_robot_dist=inf | raw_reward=-20.000 | adjusted_reward=-20.000 | coop_agents=0/5 | mean_coop_neighbors=0.00 | active_neighbor_step_rate=0.930 | mean_active_neighbors_step=2.488 | max_active_neighbors_step=4 | interaction_reward=0.0000 | abs_interaction_reward=0.0000 | anti_stag_reward=0.0000 | abs_anti_stag_reward=0.0000 | wall_clear_reward=0.0000 | abs_wall_clear_reward=0.0000 | local_nav_reward=0.0000 | abs_local_nav_reward=0.0000 | robot_proximity_reward=-0.2802 | abs_robot_proximity_reward=0.2802 | robot_clearance_reward=0.0461 | context_neighbors_mean=2.58 | context_neighbors_max=4 | last_context_neighbors_mean=0.00 | last_context_neighbors_max=0 | actor_unlocked=1 | expl_noise=0.0724 | replay=29655 | interaction_replay=13070 | samples/sec=7.940
Actor gradient gate | passed=1 | safety_samples=136 | linear_positive_share=0.272 | angular_one_sided_share=0.618
Episode 368 complete | agent_samples=29723 | env_steps=12161 | episode_env_steps=28 | episode_agent_samples=68 | mean_reward=118.935 | success=5/5 | collision=0/5 | mean_final_distance=0.278 | mean_progress=0.0079 | min_laser=0.441 | mean_lin=1.000 | mean_ang=-0.090 | mean_robot_dist=inf | raw_reward=20.000 | adjusted_reward=20.000 | coop_agents=0/5 | mean_coop_neighbors=0.00 | active_neighbor_step_rate=0.779 | mean_active_neighbors_step=1.765 | max_active_neighbors_step=4 | interaction_reward=0.0000 | abs_interaction_reward=0.0000 | anti_stag_reward=0.0000 | abs_anti_stag_reward=0.0000 | wall_clear_reward=0.0000 | abs_wall_clear_reward=0.0000 | local_nav_reward=0.0000 | abs_local_nav_reward=0.0000 | robot_proximity_reward=0.0000 | abs_robot_proximity_reward=0.0000 | robot_clearance_reward=0.0000 | context_neighbors_mean=1.76 | context_neighbors_max=4 | last_context_neighbors_mean=0.00 | last_context_neighbors_max=0 | actor_unlocked=1 | expl_noise=0.0724 | replay=29723 | interaction_replay=13096 | samples/sec=7.945
Actor gradient gate | passed=1 | safety_samples=152 | linear_positive_share=0.151 | angular_one_sided_share=0.711
Episode 369 complete | agent_samples=29812 | env_steps=12196 | episode_env_steps=35 | episode_agent_samples=89 | mean_reward=84.756 | success=4/5 | collision=1/5 | mean_final_distance=0.494 | mean_progress=0.0249 | min_laser=0.343 | mean_lin=0.937 | mean_ang=-0.043 | mean_robot_dist=inf | raw_reward=20.000 | adjusted_reward=20.000 | coop_agents=0/5 | mean_coop_neighbors=0.00 | active_neighbor_step_rate=0.674 | mean_active_neighbors_step=1.348 | max_active_neighbors_step=4 | interaction_reward=0.0000 | abs_interaction_reward=0.0000 | anti_stag_reward=0.0000 | abs_anti_stag_reward=0.0000 | wall_clear_reward=0.0000 | abs_wall_clear_reward=0.0000 | local_nav_reward=0.0000 | abs_local_nav_reward=0.0000 | robot_proximity_reward=-0.1559 | abs_robot_proximity_reward=0.1559 | robot_clearance_reward=0.0489 | context_neighbors_mean=1.37 | context_neighbors_max=4 | last_context_neighbors_mean=0.00 | last_context_neighbors_max=0 | actor_unlocked=1 | expl_noise=0.0724 | replay=29812 | interaction_replay=13122 | samples/sec=7.952
Actor gradient gate | passed=1 | safety_samples=160 | linear_positive_share=0.138 | angular_one_sided_share=0.681
Episode 370 complete | agent_samples=29902 | env_steps=12227 | episode_env_steps=31 | episode_agent_samples=90 | mean_reward=116.357 | success=5/5 | collision=0/5 | mean_final_distance=0.250 | mean_progress=0.0159 | min_laser=0.393 | mean_lin=0.957 | mean_ang=-0.193 | mean_robot_dist=inf | raw_reward=20.000 | adjusted_reward=20.000 | coop_agents=0/5 | mean_coop_neighbors=0.00 | active_neighbor_step_rate=0.667 | mean_active_neighbors_step=1.633 | max_active_neighbors_step=4 | interaction_reward=0.0000 | abs_interaction_reward=0.0000 | anti_stag_reward=0.0000 | abs_anti_stag_reward=0.0000 | wall_clear_reward=0.0000 | abs_wall_clear_reward=0.0000 | local_nav_reward=0.0000 | abs_local_nav_reward=0.0000 | robot_proximity_reward=-0.5122 | abs_robot_proximity_reward=0.5122 | robot_clearance_reward=0.1276 | context_neighbors_mean=1.68 | context_neighbors_max=4 | last_context_neighbors_mean=0.00 | last_context_neighbors_max=0 | actor_unlocked=1 | expl_noise=0.0724 | replay=29902 | interaction_replay=13175 | samples/sec=7.962
Status | epoch=2 | next_eval_in=10098 agent_samples | checkpoint_every=10 episodes | checkpoint=./checkpoints/interaction_focused_actor_from_5a_s20260725_latest.pt | model=interaction_focused_actor_from_5a_s20260725
Checkpoint saved: ./checkpoints/interaction_focused_actor_from_5a_s20260725_latest.pt
Actor gradient gate | passed=1 | safety_samples=159 | linear_positive_share=0.182 | angular_one_sided_share=0.610
Episode 371 complete | agent_samples=29988 | env_steps=12258 | episode_env_steps=31 | episode_agent_samples=86 | mean_reward=117.711 | success=5/5 | collision=0/5 | mean_final_distance=0.284 | mean_progress=0.0010 | min_laser=0.433 | mean_lin=0.962 | mean_ang=0.415 | mean_robot_dist=inf | raw_reward=20.000 | adjusted_reward=20.000 | coop_agents=0/5 | mean_coop_neighbors=0.00 | active_neighbor_step_rate=0.581 | mean_active_neighbors_step=1.430 | max_active_neighbors_step=4 | interaction_reward=0.0000 | abs_interaction_reward=0.0000 | anti_stag_reward=0.0000 | abs_anti_stag_reward=0.0000 | wall_clear_reward=0.0000 | abs_wall_clear_reward=0.0000 | local_nav_reward=0.0000 | abs_local_nav_reward=0.0000 | robot_proximity_reward=-0.2977 | abs_robot_proximity_reward=0.2977 | robot_clearance_reward=0.0233 | context_neighbors_mean=1.47 | context_neighbors_max=4 | last_context_neighbors_mean=0.00 | last_context_neighbors_max=0 | actor_unlocked=1 | expl_noise=0.0723 | replay=29988 | interaction_replay=13200 | samples/sec=7.969
Actor gradient gate | passed=1 | safety_samples=152 | linear_positive_share=0.197 | angular_one_sided_share=0.507
Episode 372 complete | agent_samples=30058 | env_steps=12288 | episode_env_steps=30 | episode_agent_samples=70 | mean_reward=71.667 | success=4/5 | collision=1/5 | mean_final_distance=0.385 | mean_progress=0.0082 | min_laser=0.336 | mean_lin=0.591 | mean_ang=-0.596 | mean_robot_dist=inf | raw_reward=20.000 | adjusted_reward=20.000 | coop_agents=0/5 | mean_coop_neighbors=0.00 | active_neighbor_step_rate=0.714 | mean_active_neighbors_step=1.771 | max_active_neighbors_step=4 | interaction_reward=0.0000 | abs_interaction_reward=0.0000 | anti_stag_reward=0.0000 | abs_anti_stag_reward=0.0000 | wall_clear_reward=0.0000 | abs_wall_clear_reward=0.0000 | local_nav_reward=0.0000 | abs_local_nav_reward=0.0000 | robot_proximity_reward=-0.6206 | abs_robot_proximity_reward=0.6206 | robot_clearance_reward=0.0711 | context_neighbors_mean=1.81 | context_neighbors_max=4 | last_context_neighbors_mean=0.00 | last_context_neighbors_max=0 | actor_unlocked=1 | expl_noise=0.0723 | replay=30058 | interaction_replay=13249 | samples/sec=7.974
Actor gradient gate | passed=1 | safety_samples=171 | linear_positive_share=0.164 | angular_one_sided_share=0.596
Episode 373 complete | agent_samples=30103 | env_steps=12299 | episode_env_steps=11 | episode_agent_samples=45 | mean_reward=117.350 | success=5/5 | collision=0/5 | mean_final_distance=0.259 | mean_progress=0.0181 | min_laser=0.710 | mean_lin=0.872 | mean_ang=0.789 | mean_robot_dist=inf | raw_reward=20.000 | adjusted_reward=20.000 | coop_agents=0/5 | mean_coop_neighbors=0.00 | active_neighbor_step_rate=0.689 | mean_active_neighbors_step=1.689 | max_active_neighbors_step=4 | interaction_reward=0.0000 | abs_interaction_reward=0.0000 | anti_stag_reward=0.0000 | abs_anti_stag_reward=0.0000 | wall_clear_reward=0.0000 | abs_wall_clear_reward=0.0000 | local_nav_reward=0.0000 | abs_local_nav_reward=0.0000 | robot_proximity_reward=-0.3586 | abs_robot_proximity_reward=0.3586 | robot_clearance_reward=0.0003 | context_neighbors_mean=1.69 | context_neighbors_max=4 | last_context_neighbors_mean=0.00 | last_context_neighbors_max=0 | actor_unlocked=1 | expl_noise=0.0723 | replay=30103 | interaction_replay=13277 | samples/sec=7.980
Actor gradient gate | passed=1 | safety_samples=157 | linear_positive_share=0.261 | angular_one_sided_share=0.586
Episode 374 complete | agent_samples=30148 | env_steps=12310 | episode_env_steps=11 | episode_agent_samples=45 | mean_reward=67.794 | success=4/5 | collision=1/5 | mean_final_distance=0.531 | mean_progress=0.0406 | min_laser=0.333 | mean_lin=0.804 | mean_ang=-0.597 | mean_robot_dist=inf | raw_reward=40.000 | adjusted_reward=40.000 | coop_agents=1/5 | mean_coop_neighbors=0.20 | active_neighbor_step_rate=0.822 | mean_active_neighbors_step=1.867 | max_active_neighbors_step=4 | interaction_reward=0.0000 | abs_interaction_reward=0.0000 | anti_stag_reward=0.0000 | abs_anti_stag_reward=0.0000 | wall_clear_reward=0.0000 | abs_wall_clear_reward=0.0000 | local_nav_reward=0.0000 | abs_local_nav_reward=0.0000 | robot_proximity_reward=-0.9309 | abs_robot_proximity_reward=0.9309 | robot_clearance_reward=0.0000 | context_neighbors_mean=1.93 | context_neighbors_max=4 | last_context_neighbors_mean=0.00 | last_context_neighbors_max=0 | actor_unlocked=1 | expl_noise=0.0723 | replay=30148 | interaction_replay=13315 | samples/sec=7.987
Actor gradient gate | passed=1 | safety_samples=151 | linear_positive_share=0.185 | angular_one_sided_share=0.636
Episode 375 complete | agent_samples=30203 | env_steps=12327 | episode_env_steps=17 | episode_agent_samples=55 | mean_reward=23.363 | success=3/5 | collision=2/5 | mean_final_distance=0.667 | mean_progress=0.0313 | min_laser=0.321 | mean_lin=0.600 | mean_ang=0.185 | mean_robot_dist=inf | raw_reward=20.000 | adjusted_reward=20.000 | coop_agents=0/5 | mean_coop_neighbors=0.00 | active_neighbor_step_rate=0.873 | mean_active_neighbors_step=1.636 | max_active_neighbors_step=4 | interaction_reward=0.0000 | abs_interaction_reward=0.0000 | anti_stag_reward=0.0000 | abs_anti_stag_reward=0.0000 | wall_clear_reward=0.0000 | abs_wall_clear_reward=0.0000 | local_nav_reward=0.0000 | abs_local_nav_reward=0.0000 | robot_proximity_reward=-0.8318 | abs_robot_proximity_reward=0.8318 | robot_clearance_reward=0.0000 | context_neighbors_mean=1.71 | context_neighbors_max=4 | last_context_neighbors_mean=0.00 | last_context_neighbors_max=0 | actor_unlocked=1 | expl_noise=0.0723 | replay=30203 | interaction_replay=13351 | samples/sec=7.993
Status | epoch=2 | next_eval_in=9797 agent_samples | checkpoint_every=10 episodes | checkpoint=./checkpoints/interaction_focused_actor_from_5a_s20260725_latest.pt | model=interaction_focused_actor_from_5a_s20260725
Actor gradient gate | passed=1 | safety_samples=160 | linear_positive_share=0.225 | angular_one_sided_share=0.625
Episode 376 complete | agent_samples=30292 | env_steps=12362 | episode_env_steps=35 | episode_agent_samples=89 | mean_reward=112.581 | success=5/5 | collision=0/5 | mean_final_distance=0.252 | mean_progress=0.0094 | min_laser=0.464 | mean_lin=0.988 | mean_ang=-0.305 | mean_robot_dist=inf | raw_reward=20.000 | adjusted_reward=20.000 | coop_agents=0/5 | mean_coop_neighbors=0.00 | active_neighbor_step_rate=0.663 | mean_active_neighbors_step=1.337 | max_active_neighbors_step=4 | interaction_reward=0.0000 | abs_interaction_reward=0.0000 | anti_stag_reward=0.0000 | abs_anti_stag_reward=0.0000 | wall_clear_reward=0.0000 | abs_wall_clear_reward=0.0000 | local_nav_reward=0.0000 | abs_local_nav_reward=0.0000 | robot_proximity_reward=-0.7043 | abs_robot_proximity_reward=0.7043 | robot_clearance_reward=0.1174 | context_neighbors_mean=1.42 | context_neighbors_max=4 | last_context_neighbors_mean=0.00 | last_context_neighbors_max=0 | actor_unlocked=1 | expl_noise=0.0723 | replay=30292 | interaction_replay=13410 | samples/sec=8.001
Actor gradient gate | passed=1 | safety_samples=149 | linear_positive_share=0.174 | angular_one_sided_share=0.664
Episode 377 complete | agent_samples=30346 | env_steps=12376 | episode_env_steps=14 | episode_agent_samples=54 | mean_reward=18.722 | success=3/5 | collision=2/5 | mean_final_distance=0.441 | mean_progress=0.0228 | min_laser=0.303 | mean_lin=0.992 | mean_ang=0.570 | mean_robot_dist=inf | raw_reward=20.000 | adjusted_reward=20.000 | coop_agents=0/5 | mean_coop_neighbors=0.00 | active_neighbor_step_rate=0.833 | mean_active_neighbors_step=2.074 | max_active_neighbors_step=4 | interaction_reward=0.0000 | abs_interaction_reward=0.0000 | anti_stag_reward=0.0000 | abs_anti_stag_reward=0.0000 | wall_clear_reward=0.0000 | abs_wall_clear_reward=0.0000 | local_nav_reward=0.0000 | abs_local_nav_reward=0.0000 | robot_proximity_reward=-1.7206 | abs_robot_proximity_reward=1.7206 | robot_clearance_reward=0.0370 | context_neighbors_mean=2.15 | context_neighbors_max=4 | last_context_neighbors_mean=0.00 | last_context_neighbors_max=0 | actor_unlocked=1 | expl_noise=0.0723 | replay=30346 | interaction_replay=13452 | samples/sec=8.008
Actor gradient gate | passed=1 | safety_samples=159 | linear_positive_share=0.195 | angular_one_sided_share=0.635
Episode 378 complete | agent_samples=30421 | env_steps=12398 | episode_env_steps=22 | episode_agent_samples=75 | mean_reward=110.591 | success=5/5 | collision=0/5 | mean_final_distance=0.257 | mean_progress=0.0164 | min_laser=0.414 | mean_lin=0.998 | mean_ang=-0.543 | mean_robot_dist=inf | raw_reward=20.000 | adjusted_reward=20.000 | coop_agents=0/5 | mean_coop_neighbors=0.00 | active_neighbor_step_rate=0.720 | mean_active_neighbors_step=1.600 | max_active_neighbors_step=4 | interaction_reward=0.0000 | abs_interaction_reward=0.0000 | anti_stag_reward=0.0000 | abs_anti_stag_reward=0.0000 | wall_clear_reward=0.0000 | abs_wall_clear_reward=0.0000 | local_nav_reward=0.0000 | abs_local_nav_reward=0.0000 | robot_proximity_reward=-1.1105 | abs_robot_proximity_reward=1.1105 | robot_clearance_reward=0.1307 | context_neighbors_mean=1.67 | context_neighbors_max=4 | last_context_neighbors_mean=0.00 | last_context_neighbors_max=0 | actor_unlocked=1 | expl_noise=0.0723 | replay=30421 | interaction_replay=13492 | samples/sec=8.017
Actor gradient gate | passed=1 | safety_samples=158 | linear_positive_share=0.190 | angular_one_sided_share=0.595
Episode 379 complete | agent_samples=30490 | env_steps=12430 | episode_env_steps=32 | episode_agent_samples=69 | mean_reward=107.099 | success=5/5 | collision=0/5 | mean_final_distance=0.243 | mean_progress=0.0167 | min_laser=0.610 | mean_lin=0.802 | mean_ang=-0.082 | mean_robot_dist=inf | raw_reward=20.000 | adjusted_reward=20.000 | coop_agents=0/5 | mean_coop_neighbors=0.00 | active_neighbor_step_rate=0.609 | mean_active_neighbors_step=1.710 | max_active_neighbors_step=4 | interaction_reward=0.0000 | abs_interaction_reward=0.0000 | anti_stag_reward=0.0000 | abs_anti_stag_reward=0.0000 | wall_clear_reward=0.0000 | abs_wall_clear_reward=0.0000 | local_nav_reward=0.0000 | abs_local_nav_reward=0.0000 | robot_proximity_reward=-0.3732 | abs_robot_proximity_reward=0.3732 | robot_clearance_reward=0.0594 | context_neighbors_mean=1.78 | context_neighbors_max=4 | last_context_neighbors_mean=0.00 | last_context_neighbors_max=0 | actor_unlocked=1 | expl_noise=0.0722 | replay=30490 | interaction_replay=13534 | samples/sec=8.021
Actor gradient gate | passed=1 | safety_samples=148 | linear_positive_share=0.189 | angular_one_sided_share=0.655
Episode 380 complete | agent_samples=30579 | env_steps=12460 | episode_env_steps=30 | episode_agent_samples=89 | mean_reward=67.080 | success=4/5 | collision=1/5 | mean_final_distance=0.754 | mean_progress=0.0187 | min_laser=0.301 | mean_lin=0.727 | mean_ang=-0.675 | mean_robot_dist=inf | raw_reward=20.000 | adjusted_reward=20.000 | coop_agents=0/5 | mean_coop_neighbors=0.00 | active_neighbor_step_rate=0.854 | mean_active_neighbors_step=2.169 | max_active_neighbors_step=4 | interaction_reward=0.0000 | abs_interaction_reward=0.0000 | anti_stag_reward=0.0000 | abs_anti_stag_reward=0.0000 | wall_clear_reward=0.0000 | abs_wall_clear_reward=0.0000 | local_nav_reward=0.0000 | abs_local_nav_reward=0.0000 | robot_proximity_reward=-0.2097 | abs_robot_proximity_reward=0.2097 | robot_clearance_reward=0.0225 | context_neighbors_mean=2.20 | context_neighbors_max=4 | last_context_neighbors_mean=0.00 | last_context_neighbors_max=0 | actor_unlocked=1 | expl_noise=0.0722 | replay=30579 | interaction_replay=13556 | samples/sec=8.030
Status | epoch=2 | next_eval_in=9421 agent_samples | checkpoint_every=10 episodes | checkpoint=./checkpoints/interaction_focused_actor_from_5a_s20260725_latest.pt | model=interaction_focused_actor_from_5a_s20260725
Checkpoint saved: ./checkpoints/interaction_focused_actor_from_5a_s20260725_latest.pt
Actor gradient gate | passed=1 | safety_samples=161 | linear_positive_share=0.199 | angular_one_sided_share=0.565
Episode 381 complete | agent_samples=30668 | env_steps=12487 | episode_env_steps=27 | episode_agent_samples=89 | mean_reward=99.018 | success=5/5 | collision=0/5 | mean_final_distance=0.268 | mean_progress=0.0094 | min_laser=0.403 | mean_lin=0.984 | mean_ang=-0.214 | mean_robot_dist=inf | raw_reward=20.000 | adjusted_reward=20.000 | coop_agents=0/5 | mean_coop_neighbors=0.00 | active_neighbor_step_rate=0.775 | mean_active_neighbors_step=1.584 | max_active_neighbors_step=4 | interaction_reward=0.0000 | abs_interaction_reward=0.0000 | anti_stag_reward=0.0000 | abs_anti_stag_reward=0.0000 | wall_clear_reward=0.0000 | abs_wall_clear_reward=0.0000 | local_nav_reward=0.0000 | abs_local_nav_reward=0.0000 | robot_proximity_reward=-0.8092 | abs_robot_proximity_reward=0.8092 | robot_clearance_reward=0.0687 | context_neighbors_mean=1.69 | context_neighbors_max=4 | last_context_neighbors_mean=0.00 | last_context_neighbors_max=0 | actor_unlocked=1 | expl_noise=0.0722 | replay=30668 | interaction_replay=13604 | samples/sec=8.040
Actor gradient gate | passed=1 | safety_samples=161 | linear_positive_share=0.242 | angular_one_sided_share=0.590
Episode 382 complete | agent_samples=30917 | env_steps=12643 | episode_env_steps=156 | episode_agent_samples=249 | mean_reward=110.206 | success=5/5 | collision=0/5 | mean_final_distance=0.293 | mean_progress=0.0150 | min_laser=0.640 | mean_lin=0.993 | mean_ang=-1.000 | mean_robot_dist=inf | raw_reward=20.000 | adjusted_reward=20.000 | coop_agents=0/5 | mean_coop_neighbors=0.00 | active_neighbor_step_rate=0.317 | mean_active_neighbors_step=0.534 | max_active_neighbors_step=4 | interaction_reward=0.0000 | abs_interaction_reward=0.0000 | anti_stag_reward=0.0000 | abs_anti_stag_reward=0.0000 | wall_clear_reward=0.0000 | abs_wall_clear_reward=0.0000 | local_nav_reward=0.0000 | abs_local_nav_reward=0.0000 | robot_proximity_reward=-0.0560 | abs_robot_proximity_reward=0.0560 | robot_clearance_reward=0.0110 | context_neighbors_mean=0.54 | context_neighbors_max=4 | last_context_neighbors_mean=0.00 | last_context_neighbors_max=0 | actor_unlocked=1 | expl_noise=0.0721 | replay=30917 | interaction_replay=13626 | samples/sec=8.034
Actor gradient gate | passed=1 | safety_samples=148 | linear_positive_share=0.209 | angular_one_sided_share=0.635
Episode 383 complete | agent_samples=31000 | env_steps=12694 | episode_env_steps=51 | episode_agent_samples=83 | mean_reward=109.857 | success=5/5 | collision=0/5 | mean_final_distance=0.264 | mean_progress=0.0168 | min_laser=0.510 | mean_lin=0.623 | mean_ang=0.190 | mean_robot_dist=inf | raw_reward=20.000 | adjusted_reward=20.000 | coop_agents=0/5 | mean_coop_neighbors=0.00 | active_neighbor_step_rate=0.482 | mean_active_neighbors_step=1.241 | max_active_neighbors_step=4 | interaction_reward=0.0000 | abs_interaction_reward=0.0000 | anti_stag_reward=0.0000 | abs_anti_stag_reward=0.0000 | wall_clear_reward=0.0000 | abs_wall_clear_reward=0.0000 | local_nav_reward=0.0000 | abs_local_nav_reward=0.0000 | robot_proximity_reward=-0.2720 | abs_robot_proximity_reward=0.2720 | robot_clearance_reward=0.0000 | context_neighbors_mean=1.29 | context_neighbors_max=4 | last_context_neighbors_mean=0.00 | last_context_neighbors_max=0 | actor_unlocked=1 | expl_noise=0.0721 | replay=31000 | interaction_replay=13663 | samples/sec=8.032
Actor gradient gate | passed=1 | safety_samples=155 | linear_positive_share=0.265 | angular_one_sided_share=0.626
Episode 384 complete | agent_samples=31046 | env_steps=12713 | episode_env_steps=19 | episode_agent_samples=46 | mean_reward=24.758 | success=3/5 | collision=2/5 | mean_final_distance=0.562 | mean_progress=0.0278 | min_laser=0.300 | mean_lin=0.805 | mean_ang=0.599 | mean_robot_dist=inf | raw_reward=20.000 | adjusted_reward=20.000 | coop_agents=0/5 | mean_coop_neighbors=0.00 | active_neighbor_step_rate=0.717 | mean_active_neighbors_step=1.804 | max_active_neighbors_step=4 | interaction_reward=0.0000 | abs_interaction_reward=0.0000 | anti_stag_reward=0.0000 | abs_anti_stag_reward=0.0000 | wall_clear_reward=0.0000 | abs_wall_clear_reward=0.0000 | local_nav_reward=0.0000 | abs_local_nav_reward=0.0000 | robot_proximity_reward=-1.0326 | abs_robot_proximity_reward=1.0326 | robot_clearance_reward=0.0000 | context_neighbors_mean=1.87 | context_neighbors_max=4 | last_context_neighbors_mean=0.00 | last_context_neighbors_max=0 | actor_unlocked=1 | expl_noise=0.0721 | replay=31046 | interaction_replay=13695 | samples/sec=8.036
Actor gradient gate | passed=1 | safety_samples=151 | linear_positive_share=0.205 | angular_one_sided_share=0.675
Episode 385 complete | agent_samples=31120 | env_steps=12748 | episode_env_steps=35 | episode_agent_samples=74 | mean_reward=70.783 | success=4/5 | collision=1/5 | mean_final_distance=0.489 | mean_progress=0.0156 | min_laser=0.326 | mean_lin=0.603 | mean_ang=-0.200 | mean_robot_dist=inf | raw_reward=20.000 | adjusted_reward=20.000 | coop_agents=0/5 | mean_coop_neighbors=0.00 | active_neighbor_step_rate=0.541 | mean_active_neighbors_step=1.203 | max_active_neighbors_step=4 | interaction_reward=0.0000 | abs_interaction_reward=0.0000 | anti_stag_reward=0.0000 | abs_anti_stag_reward=0.0000 | wall_clear_reward=0.0000 | abs_wall_clear_reward=0.0000 | local_nav_reward=0.0000 | abs_local_nav_reward=0.0000 | robot_proximity_reward=-0.5475 | abs_robot_proximity_reward=0.5475 | robot_clearance_reward=0.0270 | context_neighbors_mean=1.23 | context_neighbors_max=4 | last_context_neighbors_mean=0.00 | last_context_neighbors_max=0 | actor_unlocked=1 | expl_noise=0.0720 | replay=31120 | interaction_replay=13727 | samples/sec=8.039
Status | epoch=2 | next_eval_in=8880 agent_samples | checkpoint_every=10 episodes | checkpoint=./checkpoints/interaction_focused_actor_from_5a_s20260725_latest.pt | model=interaction_focused_actor_from_5a_s20260725
Actor gradient gate | passed=1 | safety_samples=173 | linear_positive_share=0.168 | angular_one_sided_share=0.618
Episode 386 complete | agent_samples=31197 | env_steps=12774 | episode_env_steps=26 | episode_agent_samples=77 | mean_reward=122.778 | success=5/5 | collision=0/5 | mean_final_distance=0.247 | mean_progress=0.0277 | min_laser=0.438 | mean_lin=1.000 | mean_ang=-0.117 | mean_robot_dist=inf | raw_reward=20.000 | adjusted_reward=20.000 | coop_agents=0/5 | mean_coop_neighbors=0.00 | active_neighbor_step_rate=0.727 | mean_active_neighbors_step=2.000 | max_active_neighbors_step=4 | interaction_reward=0.0000 | abs_interaction_reward=0.0000 | anti_stag_reward=0.0000 | abs_anti_stag_reward=0.0000 | wall_clear_reward=0.0000 | abs_wall_clear_reward=0.0000 | local_nav_reward=0.0000 | abs_local_nav_reward=0.0000 | robot_proximity_reward=-0.3178 | abs_robot_proximity_reward=0.3178 | robot_clearance_reward=0.0260 | context_neighbors_mean=2.05 | context_neighbors_max=4 | last_context_neighbors_mean=0.00 | last_context_neighbors_max=0 | actor_unlocked=1 | expl_noise=0.0720 | replay=31197 | interaction_replay=13749 | samples/sec=8.047
Actor gradient gate | passed=1 | safety_samples=167 | linear_positive_share=0.246 | angular_one_sided_share=0.653
Episode 387 complete | agent_samples=31277 | env_steps=12814 | episode_env_steps=40 | episode_agent_samples=80 | mean_reward=21.428 | success=3/5 | collision=2/5 | mean_final_distance=0.754 | mean_progress=0.0172 | min_laser=0.300 | mean_lin=0.971 | mean_ang=-0.303 | mean_robot_dist=inf | raw_reward=20.000 | adjusted_reward=20.000 | coop_agents=0/5 | mean_coop_neighbors=0.00 | active_neighbor_step_rate=0.625 | mean_active_neighbors_step=1.512 | max_active_neighbors_step=4 | interaction_reward=0.0000 | abs_interaction_reward=0.0000 | anti_stag_reward=0.0000 | abs_anti_stag_reward=0.0000 | wall_clear_reward=0.0000 | abs_wall_clear_reward=0.0000 | local_nav_reward=0.0000 | abs_local_nav_reward=0.0000 | robot_proximity_reward=-0.6773 | abs_robot_proximity_reward=0.6773 | robot_clearance_reward=0.0321 | context_neighbors_mean=1.54 | context_neighbors_max=4 | last_context_neighbors_mean=0.00 | last_context_neighbors_max=0 | actor_unlocked=1 | expl_noise=0.0720 | replay=31277 | interaction_replay=13792 | samples/sec=8.049
Actor gradient gate | passed=1 | safety_samples=147 | linear_positive_share=0.252 | angular_one_sided_share=0.619
Episode 388 complete | agent_samples=31330 | env_steps=12828 | episode_env_steps=14 | episode_agent_samples=53 | mean_reward=102.654 | success=5/5 | collision=0/5 | mean_final_distance=0.231 | mean_progress=0.0155 | min_laser=0.579 | mean_lin=0.990 | mean_ang=0.563 | mean_robot_dist=inf | raw_reward=20.000 | adjusted_reward=20.000 | coop_agents=0/5 | mean_coop_neighbors=0.00 | active_neighbor_step_rate=0.868 | mean_active_neighbors_step=2.170 | max_active_neighbors_step=4 | interaction_reward=0.0000 | abs_interaction_reward=0.0000 | anti_stag_reward=0.0000 | abs_anti_stag_reward=0.0000 | wall_clear_reward=0.0000 | abs_wall_clear_reward=0.0000 | local_nav_reward=0.0000 | abs_local_nav_reward=0.0000 | robot_proximity_reward=-0.4156 | abs_robot_proximity_reward=0.4156 | robot_clearance_reward=0.0377 | context_neighbors_mean=2.26 | context_neighbors_max=4 | last_context_neighbors_mean=0.00 | last_context_neighbors_max=0 | actor_unlocked=1 | expl_noise=0.0720 | replay=31330 | interaction_replay=13834 | samples/sec=8.056
Actor gradient gate | passed=1 | safety_samples=163 | linear_positive_share=0.202 | angular_one_sided_share=0.730
Episode 389 complete | agent_samples=31438 | env_steps=12869 | episode_env_steps=41 | episode_agent_samples=108 | mean_reward=80.726 | success=4/5 | collision=1/5 | mean_final_distance=0.628 | mean_progress=0.0150 | min_laser=0.300 | mean_lin=0.804 | mean_ang=-0.330 | mean_robot_dist=inf | raw_reward=20.000 | adjusted_reward=20.000 | coop_agents=0/5 | mean_coop_neighbors=0.00 | active_neighbor_step_rate=0.639 | mean_active_neighbors_step=1.370 | max_active_neighbors_step=4 | interaction_reward=0.0000 | abs_interaction_reward=0.0000 | anti_stag_reward=0.0000 | abs_anti_stag_reward=0.0000 | wall_clear_reward=0.0000 | abs_wall_clear_reward=0.0000 | local_nav_reward=0.0000 | abs_local_nav_reward=0.0000 | robot_proximity_reward=-0.2893 | abs_robot_proximity_reward=0.2893 | robot_clearance_reward=0.0046 | context_neighbors_mean=1.39 | context_neighbors_max=4 | last_context_neighbors_mean=0.00 | last_context_neighbors_max=0 | actor_unlocked=1 | expl_noise=0.0720 | replay=31438 | interaction_replay=13868 | samples/sec=8.066
Actor gradient gate | passed=1 | safety_samples=157 | linear_positive_share=0.229 | angular_one_sided_share=0.707
Episode 390 complete | agent_samples=31497 | env_steps=12886 | episode_env_steps=17 | episode_agent_samples=59 | mean_reward=16.770 | success=3/5 | collision=2/5 | mean_final_distance=0.793 | mean_progress=0.0116 | min_laser=0.300 | mean_lin=0.998 | mean_ang=0.175 | mean_robot_dist=inf | raw_reward=20.000 | adjusted_reward=20.000 | coop_agents=0/5 | mean_coop_neighbors=0.00 | active_neighbor_step_rate=0.915 | mean_active_neighbors_step=2.356 | max_active_neighbors_step=4 | interaction_reward=0.0000 | abs_interaction_reward=0.0000 | anti_stag_reward=0.0000 | abs_anti_stag_reward=0.0000 | wall_clear_reward=0.0000 | abs_wall_clear_reward=0.0000 | local_nav_reward=0.0000 | abs_local_nav_reward=0.0000 | robot_proximity_reward=-0.6496 | abs_robot_proximity_reward=0.6496 | robot_clearance_reward=0.0000 | context_neighbors_mean=2.36 | context_neighbors_max=4 | last_context_neighbors_mean=0.00 | last_context_neighbors_max=0 | actor_unlocked=1 | expl_noise=0.0719 | replay=31497 | interaction_replay=13911 | samples/sec=8.073
Status | epoch=2 | next_eval_in=8503 agent_samples | checkpoint_every=10 episodes | checkpoint=./checkpoints/interaction_focused_actor_from_5a_s20260725_latest.pt | model=interaction_focused_actor_from_5a_s20260725
Checkpoint saved: ./checkpoints/interaction_focused_actor_from_5a_s20260725_latest.pt
Actor gradient gate | passed=1 | safety_samples=136 | linear_positive_share=0.272 | angular_one_sided_share=0.640
Episode 391 complete | agent_samples=31574 | env_steps=12920 | episode_env_steps=34 | episode_agent_samples=77 | mean_reward=32.120 | success=3/5 | collision=2/5 | mean_final_distance=0.758 | mean_progress=0.0071 | min_laser=0.300 | mean_lin=0.813 | mean_ang=-0.585 | mean_robot_dist=inf | raw_reward=20.000 | adjusted_reward=20.000 | coop_agents=0/5 | mean_coop_neighbors=0.00 | active_neighbor_step_rate=0.636 | mean_active_neighbors_step=1.234 | max_active_neighbors_step=4 | interaction_reward=0.0000 | abs_interaction_reward=0.0000 | anti_stag_reward=0.0000 | abs_anti_stag_reward=0.0000 | wall_clear_reward=0.0000 | abs_wall_clear_reward=0.0000 | local_nav_reward=0.0000 | abs_local_nav_reward=0.0000 | robot_proximity_reward=-0.5921 | abs_robot_proximity_reward=0.5921 | robot_clearance_reward=0.0000 | context_neighbors_mean=1.26 | context_neighbors_max=4 | last_context_neighbors_mean=0.00 | last_context_neighbors_max=0 | actor_unlocked=1 | expl_noise=0.0719 | replay=31574 | interaction_replay=13940 | samples/sec=8.076
Actor gradient gate | passed=1 | safety_samples=143 | linear_positive_share=0.217 | angular_one_sided_share=0.706
Episode 392 complete | agent_samples=31637 | env_steps=12943 | episode_env_steps=23 | episode_agent_samples=63 | mean_reward=17.778 | success=3/5 | collision=2/5 | mean_final_distance=0.539 | mean_progress=0.0060 | min_laser=0.300 | mean_lin=0.800 | mean_ang=0.080 | mean_robot_dist=inf | raw_reward=20.000 | adjusted_reward=20.000 | coop_agents=0/5 | mean_coop_neighbors=0.00 | active_neighbor_step_rate=0.429 | mean_active_neighbors_step=1.159 | max_active_neighbors_step=4 | interaction_reward=0.0000 | abs_interaction_reward=0.0000 | anti_stag_reward=0.0000 | abs_anti_stag_reward=0.0000 | wall_clear_reward=0.0000 | abs_wall_clear_reward=0.0000 | local_nav_reward=0.0000 | abs_local_nav_reward=0.0000 | robot_proximity_reward=-1.3281 | abs_robot_proximity_reward=1.3281 | robot_clearance_reward=0.0000 | context_neighbors_mean=1.24 | context_neighbors_max=4 | last_context_neighbors_mean=0.00 | last_context_neighbors_max=0 | actor_unlocked=1 | expl_noise=0.0719 | replay=31637 | interaction_replay=13955 | samples/sec=8.081
Actor gradient gate | passed=1 | safety_samples=160 | linear_positive_share=0.188 | angular_one_sided_share=0.662
Episode 393 complete | agent_samples=31694 | env_steps=12964 | episode_env_steps=21 | episode_agent_samples=57 | mean_reward=21.117 | success=3/5 | collision=2/5 | mean_final_distance=0.540 | mean_progress=0.0095 | min_laser=0.300 | mean_lin=0.764 | mean_ang=-0.211 | mean_robot_dist=inf | raw_reward=20.000 | adjusted_reward=20.000 | coop_agents=0/5 | mean_coop_neighbors=0.00 | active_neighbor_step_rate=0.649 | mean_active_neighbors_step=1.877 | max_active_neighbors_step=4 | interaction_reward=0.0000 | abs_interaction_reward=0.0000 | anti_stag_reward=0.0000 | abs_anti_stag_reward=0.0000 | wall_clear_reward=0.0000 | abs_wall_clear_reward=0.0000 | local_nav_reward=0.0000 | abs_local_nav_reward=0.0000 | robot_proximity_reward=-1.0265 | abs_robot_proximity_reward=1.0265 | robot_clearance_reward=0.0869 | context_neighbors_mean=1.98 | context_neighbors_max=4 | last_context_neighbors_mean=0.00 | last_context_neighbors_max=0 | actor_unlocked=1 | expl_noise=0.0719 | replay=31694 | interaction_replay=13991 | samples/sec=8.086
Actor gradient gate | passed=1 | safety_samples=181 | linear_positive_share=0.210 | angular_one_sided_share=0.663
Episode 394 complete | agent_samples=31778 | env_steps=12997 | episode_env_steps=33 | episode_agent_samples=84 | mean_reward=119.626 | success=5/5 | collision=0/5 | mean_final_distance=0.248 | mean_progress=0.0200 | min_laser=0.634 | mean_lin=0.993 | mean_ang=0.003 | mean_robot_dist=inf | raw_reward=20.000 | adjusted_reward=20.000 | coop_agents=0/5 | mean_coop_neighbors=0.00 | active_neighbor_step_rate=0.702 | mean_active_neighbors_step=1.524 | max_active_neighbors_step=4 | interaction_reward=0.0000 | abs_interaction_reward=0.0000 | anti_stag_reward=0.0000 | abs_anti_stag_reward=0.0000 | wall_clear_reward=0.0000 | abs_wall_clear_reward=0.0000 | local_nav_reward=0.0000 | abs_local_nav_reward=0.0000 | robot_proximity_reward=-0.3059 | abs_robot_proximity_reward=0.3059 | robot_clearance_reward=0.1158 | context_neighbors_mean=1.60 | context_neighbors_max=4 | last_context_neighbors_mean=0.00 | last_context_neighbors_max=0 | actor_unlocked=1 | expl_noise=0.0719 | replay=31778 | interaction_replay=14046 | samples/sec=8.093
Actor gradient gate | passed=1 | safety_samples=167 | linear_positive_share=0.222 | angular_one_sided_share=0.629
Episode 395 complete | agent_samples=31842 | env_steps=13026 | episode_env_steps=29 | episode_agent_samples=64 | mean_reward=68.847 | success=4/5 | collision=1/5 | mean_final_distance=0.512 | mean_progress=0.0136 | min_laser=0.322 | mean_lin=0.801 | mean_ang=-0.767 | mean_robot_dist=inf | raw_reward=20.000 | adjusted_reward=20.000 | coop_agents=0/5 | mean_coop_neighbors=0.00 | active_neighbor_step_rate=0.688 | mean_active_neighbors_step=1.734 | max_active_neighbors_step=4 | interaction_reward=0.0000 | abs_interaction_reward=0.0000 | anti_stag_reward=0.0000 | abs_anti_stag_reward=0.0000 | wall_clear_reward=0.0000 | abs_wall_clear_reward=0.0000 | local_nav_reward=0.0000 | abs_local_nav_reward=0.0000 | robot_proximity_reward=-0.6077 | abs_robot_proximity_reward=0.6077 | robot_clearance_reward=0.0000 | context_neighbors_mean=1.81 | context_neighbors_max=4 | last_context_neighbors_mean=0.00 | last_context_neighbors_max=0 | actor_unlocked=1 | expl_noise=0.0719 | replay=31842 | interaction_replay=14070 | samples/sec=8.096
Status | epoch=2 | next_eval_in=8158 agent_samples | checkpoint_every=10 episodes | checkpoint=./checkpoints/interaction_focused_actor_from_5a_s20260725_latest.pt | model=interaction_focused_actor_from_5a_s20260725
Actor gradient gate | passed=1 | safety_samples=153 | linear_positive_share=0.144 | angular_one_sided_share=0.732
Episode 396 complete | agent_samples=31936 | env_steps=13058 | episode_env_steps=32 | episode_agent_samples=94 | mean_reward=24.361 | success=3/5 | collision=2/5 | mean_final_distance=0.571 | mean_progress=0.0177 | min_laser=0.310 | mean_lin=0.815 | mean_ang=-0.186 | mean_robot_dist=inf | raw_reward=20.000 | adjusted_reward=20.000 | coop_agents=0/5 | mean_coop_neighbors=0.00 | active_neighbor_step_rate=0.936 | mean_active_neighbors_step=1.947 | max_active_neighbors_step=4 | interaction_reward=0.0000 | abs_interaction_reward=0.0000 | anti_stag_reward=0.0000 | abs_anti_stag_reward=0.0000 | wall_clear_reward=0.0000 | abs_wall_clear_reward=0.0000 | local_nav_reward=0.0000 | abs_local_nav_reward=0.0000 | robot_proximity_reward=-0.6401 | abs_robot_proximity_reward=0.6401 | robot_clearance_reward=0.0000 | context_neighbors_mean=1.95 | context_neighbors_max=4 | last_context_neighbors_mean=0.00 | last_context_neighbors_max=0 | actor_unlocked=1 | expl_noise=0.0718 | replay=31936 | interaction_replay=14090 | samples/sec=8.105
Actor gradient gate | passed=1 | safety_samples=149 | linear_positive_share=0.181 | angular_one_sided_share=0.758
Episode 397 complete | agent_samples=32032 | env_steps=13108 | episode_env_steps=50 | episode_agent_samples=96 | mean_reward=31.823 | success=3/5 | collision=2/5 | mean_final_distance=0.647 | mean_progress=0.0059 | min_laser=0.306 | mean_lin=0.805 | mean_ang=0.187 | mean_robot_dist=inf | raw_reward=20.000 | adjusted_reward=20.000 | coop_agents=0/5 | mean_coop_neighbors=0.00 | active_neighbor_step_rate=0.427 | mean_active_neighbors_step=1.083 | max_active_neighbors_step=4 | interaction_reward=0.0000 | abs_interaction_reward=0.0000 | anti_stag_reward=0.0000 | abs_anti_stag_reward=0.0000 | wall_clear_reward=0.0000 | abs_wall_clear_reward=0.0000 | local_nav_reward=0.0000 | abs_local_nav_reward=0.0000 | robot_proximity_reward=-0.5826 | abs_robot_proximity_reward=0.5826 | robot_clearance_reward=0.0000 | context_neighbors_mean=1.15 | context_neighbors_max=4 | last_context_neighbors_mean=0.00 | last_context_neighbors_max=0 | actor_unlocked=1 | expl_noise=0.0718 | replay=32032 | interaction_replay=14128 | samples/sec=8.107
Actor gradient gate | passed=1 | safety_samples=177 | linear_positive_share=0.198 | angular_one_sided_share=0.661
Episode 398 complete | agent_samples=32093 | env_steps=13126 | episode_env_steps=18 | episode_agent_samples=61 | mean_reward=33.553 | success=3/5 | collision=2/5 | mean_final_distance=0.462 | mean_progress=0.0166 | min_laser=0.300 | mean_lin=0.605 | mean_ang=-0.600 | mean_robot_dist=inf | raw_reward=20.000 | adjusted_reward=20.000 | coop_agents=0/5 | mean_coop_neighbors=0.00 | active_neighbor_step_rate=0.754 | mean_active_neighbors_step=1.770 | max_active_neighbors_step=4 | interaction_reward=0.0000 | abs_interaction_reward=0.0000 | anti_stag_reward=0.0000 | abs_anti_stag_reward=0.0000 | wall_clear_reward=0.0000 | abs_wall_clear_reward=0.0000 | local_nav_reward=0.0000 | abs_local_nav_reward=0.0000 | robot_proximity_reward=-0.4669 | abs_robot_proximity_reward=0.4669 | robot_clearance_reward=0.0000 | context_neighbors_mean=1.77 | context_neighbors_max=4 | last_context_neighbors_mean=0.00 | last_context_neighbors_max=0 | actor_unlocked=1 | expl_noise=0.0718 | replay=32093 | interaction_replay=14145 | samples/sec=8.114
Actor gradient gate | passed=1 | safety_samples=168 | linear_positive_share=0.185 | angular_one_sided_share=0.673
Episode 399 complete | agent_samples=32214 | env_steps=13184 | episode_env_steps=58 | episode_agent_samples=121 | mean_reward=36.016 | success=3/5 | collision=2/5 | mean_final_distance=0.463 | mean_progress=0.0165 | min_laser=0.327 | mean_lin=0.984 | mean_ang=-0.215 | mean_robot_dist=inf | raw_reward=-20.000 | adjusted_reward=-20.000 | coop_agents=0/5 | mean_coop_neighbors=0.00 | active_neighbor_step_rate=0.653 | mean_active_neighbors_step=1.545 | max_active_neighbors_step=4 | interaction_reward=0.0000 | abs_interaction_reward=0.0000 | anti_stag_reward=0.0000 | abs_anti_stag_reward=0.0000 | wall_clear_reward=0.0000 | abs_wall_clear_reward=0.0000 | local_nav_reward=0.0000 | abs_local_nav_reward=0.0000 | robot_proximity_reward=-0.1041 | abs_robot_proximity_reward=0.1041 | robot_clearance_reward=0.0226 | context_neighbors_mean=1.59 | context_neighbors_max=4 | last_context_neighbors_mean=0.00 | last_context_neighbors_max=0 | actor_unlocked=1 | expl_noise=0.0718 | replay=32214 | interaction_replay=14167 | samples/sec=8.119
Actor gradient gate | passed=1 | safety_samples=164 | linear_positive_share=0.280 | angular_one_sided_share=0.616
Episode 400 complete | agent_samples=32572 | env_steps=13484 | episode_env_steps=300 | episode_agent_samples=358 | mean_reward=44.405 | success=3/5 | collision=1/5 | mean_final_distance=0.352 | mean_progress=-0.0002 | min_laser=0.339 | mean_lin=0.588 | mean_ang=-0.506 | mean_robot_dist=inf | raw_reward=-0.047 | adjusted_reward=-0.047 | coop_agents=0/5 | mean_coop_neighbors=0.00 | active_neighbor_step_rate=0.190 | mean_active_neighbors_step=0.408 | max_active_neighbors_step=4 | interaction_reward=0.0000 | abs_interaction_reward=0.0000 | anti_stag_reward=0.0000 | abs_anti_stag_reward=0.0000 | wall_clear_reward=0.0000 | abs_wall_clear_reward=0.0000 | local_nav_reward=0.0000 | abs_local_nav_reward=0.0000 | robot_proximity_reward=-0.1031 | abs_robot_proximity_reward=0.1031 | robot_clearance_reward=0.0112 | context_neighbors_mean=0.42 | context_neighbors_max=4 | last_context_neighbors_mean=0.00 | last_context_neighbors_max=0 | actor_unlocked=1 | expl_noise=0.0716 | replay=32572 | interaction_replay=14233 | samples/sec=8.078
Status | epoch=2 | next_eval_in=7428 agent_samples | checkpoint_every=10 episodes | checkpoint=./checkpoints/interaction_focused_actor_from_5a_s20260725_latest.pt | model=interaction_focused_actor_from_5a_s20260725
Checkpoint saved: ./checkpoints/interaction_focused_actor_from_5a_s20260725_latest.pt
Actor gradient gate | passed=1 | safety_samples=157 | linear_positive_share=0.274 | angular_one_sided_share=0.637
Episode 401 complete | agent_samples=32640 | env_steps=13518 | episode_env_steps=34 | episode_agent_samples=68 | mean_reward=69.654 | success=4/5 | collision=1/5 | mean_final_distance=0.352 | mean_progress=0.0084 | min_laser=0.343 | mean_lin=1.000 | mean_ang=0.566 | mean_robot_dist=inf | raw_reward=20.000 | adjusted_reward=20.000 | coop_agents=0/5 | mean_coop_neighbors=0.00 | active_neighbor_step_rate=0.618 | mean_active_neighbors_step=1.529 | max_active_neighbors_step=4 | interaction_reward=0.0000 | abs_interaction_reward=0.0000 | anti_stag_reward=0.0000 | abs_anti_stag_reward=0.0000 | wall_clear_reward=0.0000 | abs_wall_clear_reward=0.0000 | local_nav_reward=0.0000 | abs_local_nav_reward=0.0000 | robot_proximity_reward=-0.5623 | abs_robot_proximity_reward=0.5623 | robot_clearance_reward=0.0000 | context_neighbors_mean=1.57 | context_neighbors_max=4 | last_context_neighbors_mean=0.00 | last_context_neighbors_max=0 | actor_unlocked=1 | expl_noise=0.0716 | replay=32640 | interaction_replay=14251 | samples/sec=8.078
Actor gradient gate | passed=1 | safety_samples=158 | linear_positive_share=0.177 | angular_one_sided_share=0.728
Episode 402 complete | agent_samples=32756 | env_steps=13561 | episode_env_steps=43 | episode_agent_samples=116 | mean_reward=126.790 | success=5/5 | collision=0/5 | mean_final_distance=0.260 | mean_progress=0.0071 | min_laser=0.425 | mean_lin=1.000 | mean_ang=-0.249 | mean_robot_dist=inf | raw_reward=20.000 | adjusted_reward=20.000 | coop_agents=0/5 | mean_coop_neighbors=0.00 | active_neighbor_step_rate=0.440 | mean_active_neighbors_step=0.750 | max_active_neighbors_step=4 | interaction_reward=0.0000 | abs_interaction_reward=0.0000 | anti_stag_reward=0.0000 | abs_anti_stag_reward=0.0000 | wall_clear_reward=0.0000 | abs_wall_clear_reward=0.0000 | local_nav_reward=0.0000 | abs_local_nav_reward=0.0000 | robot_proximity_reward=0.0000 | abs_robot_proximity_reward=0.0000 | robot_clearance_reward=0.0000 | context_neighbors_mean=0.77 | context_neighbors_max=4 | last_context_neighbors_mean=0.00 | last_context_neighbors_max=0 | actor_unlocked=1 | expl_noise=0.0715 | replay=32756 | interaction_replay=14273 | samples/sec=8.088
Actor gradient gate | passed=1 | safety_samples=170 | linear_positive_share=0.265 | angular_one_sided_share=0.688
Episode 403 complete | agent_samples=32846 | env_steps=13615 | episode_env_steps=54 | episode_agent_samples=90 | mean_reward=63.683 | success=4/5 | collision=1/5 | mean_final_distance=0.506 | mean_progress=0.0101 | min_laser=0.323 | mean_lin=0.790 | mean_ang=-0.207 | mean_robot_dist=inf | raw_reward=20.000 | adjusted_reward=20.000 | coop_agents=0/5 | mean_coop_neighbors=0.00 | active_neighbor_step_rate=0.444 | mean_active_neighbors_step=1.089 | max_active_neighbors_step=4 | interaction_reward=0.0000 | abs_interaction_reward=0.0000 | anti_stag_reward=0.0000 | abs_anti_stag_reward=0.0000 | wall_clear_reward=0.0000 | abs_wall_clear_reward=0.0000 | local_nav_reward=0.0000 | abs_local_nav_reward=0.0000 | robot_proximity_reward=-0.4287 | abs_robot_proximity_reward=0.4287 | robot_clearance_reward=0.0052 | context_neighbors_mean=1.19 | context_neighbors_max=4 | last_context_neighbors_mean=0.00 | last_context_neighbors_max=0 | actor_unlocked=1 | expl_noise=0.0715 | replay=32846 | interaction_replay=14314 | samples/sec=8.087
Actor gradient gate | passed=1 | safety_samples=148 | linear_positive_share=0.155 | angular_one_sided_share=0.804
Episode 404 complete | agent_samples=32939 | env_steps=13651 | episode_env_steps=36 | episode_agent_samples=93 | mean_reward=106.985 | success=5/5 | collision=0/5 | mean_final_distance=0.237 | mean_progress=0.0194 | min_laser=0.402 | mean_lin=0.999 | mean_ang=-0.590 | mean_robot_dist=inf | raw_reward=20.000 | adjusted_reward=20.000 | coop_agents=0/5 | mean_coop_neighbors=0.00 | active_neighbor_step_rate=0.602 | mean_active_neighbors_step=1.194 | max_active_neighbors_step=4 | interaction_reward=0.0000 | abs_interaction_reward=0.0000 | anti_stag_reward=0.0000 | abs_anti_stag_reward=0.0000 | wall_clear_reward=0.0000 | abs_wall_clear_reward=0.0000 | local_nav_reward=0.0000 | abs_local_nav_reward=0.0000 | robot_proximity_reward=-0.5436 | abs_robot_proximity_reward=0.5436 | robot_clearance_reward=0.0215 | context_neighbors_mean=1.23 | context_neighbors_max=4 | last_context_neighbors_mean=0.00 | last_context_neighbors_max=0 | actor_unlocked=1 | expl_noise=0.0715 | replay=32939 | interaction_replay=14335 | samples/sec=8.094
Actor gradient gate | passed=1 | safety_samples=143 | linear_positive_share=0.210 | angular_one_sided_share=0.727
Episode 405 complete | agent_samples=33019 | env_steps=13681 | episode_env_steps=30 | episode_agent_samples=80 | mean_reward=81.233 | success=4/5 | collision=1/5 | mean_final_distance=0.445 | mean_progress=0.0063 | min_laser=0.344 | mean_lin=0.997 | mean_ang=-0.264 | mean_robot_dist=inf | raw_reward=20.000 | adjusted_reward=20.000 | coop_agents=0/5 | mean_coop_neighbors=0.00 | active_neighbor_step_rate=0.438 | mean_active_neighbors_step=1.038 | max_active_neighbors_step=4 | interaction_reward=0.0000 | abs_interaction_reward=0.0000 | anti_stag_reward=0.0000 | abs_anti_stag_reward=0.0000 | wall_clear_reward=0.0000 | abs_wall_clear_reward=0.0000 | local_nav_reward=0.0000 | abs_local_nav_reward=0.0000 | robot_proximity_reward=-0.3462 | abs_robot_proximity_reward=0.3462 | robot_clearance_reward=0.0250 | context_neighbors_mean=1.10 | context_neighbors_max=4 | last_context_neighbors_mean=0.00 | last_context_neighbors_max=0 | actor_unlocked=1 | expl_noise=0.0714 | replay=33019 | interaction_replay=14356 | samples/sec=8.100
Status | epoch=2 | next_eval_in=6981 agent_samples | checkpoint_every=10 episodes | checkpoint=./checkpoints/interaction_focused_actor_from_5a_s20260725_latest.pt | model=interaction_focused_actor_from_5a_s20260725
Actor gradient gate | passed=1 | safety_samples=172 | linear_positive_share=0.215 | angular_one_sided_share=0.797
Episode 406 complete | agent_samples=33138 | env_steps=13738 | episode_env_steps=57 | episode_agent_samples=119 | mean_reward=112.485 | success=5/5 | collision=0/5 | mean_final_distance=0.271 | mean_progress=0.0012 | min_laser=0.577 | mean_lin=0.786 | mean_ang=-0.600 | mean_robot_dist=inf | raw_reward=20.000 | adjusted_reward=20.000 | coop_agents=0/5 | mean_coop_neighbors=0.00 | active_neighbor_step_rate=0.639 | mean_active_neighbors_step=1.412 | max_active_neighbors_step=4 | interaction_reward=0.0000 | abs_interaction_reward=0.0000 | anti_stag_reward=0.0000 | abs_anti_stag_reward=0.0000 | wall_clear_reward=0.0000 | abs_wall_clear_reward=0.0000 | local_nav_reward=0.0000 | abs_local_nav_reward=0.0000 | robot_proximity_reward=-0.0265 | abs_robot_proximity_reward=0.0265 | robot_clearance_reward=0.0168 | context_neighbors_mean=1.46 | context_neighbors_max=4 | last_context_neighbors_mean=0.00 | last_context_neighbors_max=0 | actor_unlocked=1 | expl_noise=0.0714 | replay=33138 | interaction_replay=14382 | samples/sec=8.105
Actor gradient gate | passed=1 | safety_samples=173 | linear_positive_share=0.197 | angular_one_sided_share=0.809
Episode 407 complete | agent_samples=33207 | env_steps=13755 | episode_env_steps=17 | episode_agent_samples=69 | mean_reward=17.973 | success=3/5 | collision=2/5 | mean_final_distance=0.378 | mean_progress=0.0501 | min_laser=0.300 | mean_lin=0.699 | mean_ang=-0.216 | mean_robot_dist=inf | raw_reward=40.000 | adjusted_reward=40.000 | coop_agents=0/5 | mean_coop_neighbors=0.00 | active_neighbor_step_rate=0.783 | mean_active_neighbors_step=1.754 | max_active_neighbors_step=4 | interaction_reward=0.0000 | abs_interaction_reward=0.0000 | anti_stag_reward=0.0000 | abs_anti_stag_reward=0.0000 | wall_clear_reward=0.0000 | abs_wall_clear_reward=0.0000 | local_nav_reward=0.0000 | abs_local_nav_reward=0.0000 | robot_proximity_reward=-0.7036 | abs_robot_proximity_reward=0.7036 | robot_clearance_reward=0.0838 | context_neighbors_mean=1.77 | context_neighbors_max=4 | last_context_neighbors_mean=0.00 | last_context_neighbors_max=0 | actor_unlocked=1 | expl_noise=0.0714 | replay=33207 | interaction_replay=14407 | samples/sec=8.114
Actor gradient gate | passed=1 | safety_samples=164 | linear_positive_share=0.189 | angular_one_sided_share=0.787
Episode 408 complete | agent_samples=33267 | env_steps=13774 | episode_env_steps=19 | episode_agent_samples=60 | mean_reward=116.712 | success=5/5 | collision=0/5 | mean_final_distance=0.265 | mean_progress=0.0227 | min_laser=0.509 | mean_lin=0.996 | mean_ang=0.564 | mean_robot_dist=inf | raw_reward=20.000 | adjusted_reward=20.000 | coop_agents=0/5 | mean_coop_neighbors=0.00 | active_neighbor_step_rate=0.833 | mean_active_neighbors_step=1.850 | max_active_neighbors_step=4 | interaction_reward=0.0000 | abs_interaction_reward=0.0000 | anti_stag_reward=0.0000 | abs_anti_stag_reward=0.0000 | wall_clear_reward=0.0000 | abs_wall_clear_reward=0.0000 | local_nav_reward=0.0000 | abs_local_nav_reward=0.0000 | robot_proximity_reward=0.0000 | abs_robot_proximity_reward=0.0000 | robot_clearance_reward=0.0000 | context_neighbors_mean=1.88 | context_neighbors_max=4 | last_context_neighbors_mean=0.00 | last_context_neighbors_max=0 | actor_unlocked=1 | expl_noise=0.0714 | replay=33267 | interaction_replay=14424 | samples/sec=8.120
Actor gradient gate | passed=1 | safety_samples=163 | linear_positive_share=0.215 | angular_one_sided_share=0.828
Episode 409 complete | agent_samples=33318 | env_steps=13790 | episode_env_steps=16 | episode_agent_samples=51 | mean_reward=15.604 | success=3/5 | collision=2/5 | mean_final_distance=0.618 | mean_progress=0.0174 | min_laser=0.300 | mean_lin=0.994 | mean_ang=-0.322 | mean_robot_dist=inf | raw_reward=20.000 | adjusted_reward=20.000 | coop_agents=0/5 | mean_coop_neighbors=0.00 | active_neighbor_step_rate=0.863 | mean_active_neighbors_step=2.294 | max_active_neighbors_step=4 | interaction_reward=0.0000 | abs_interaction_reward=0.0000 | anti_stag_reward=0.0000 | abs_anti_stag_reward=0.0000 | wall_clear_reward=0.0000 | abs_wall_clear_reward=0.0000 | local_nav_reward=0.0000 | abs_local_nav_reward=0.0000 | robot_proximity_reward=-0.8496 | abs_robot_proximity_reward=0.8496 | robot_clearance_reward=0.0000 | context_neighbors_mean=2.33 | context_neighbors_max=4 | last_context_neighbors_mean=0.00 | last_context_neighbors_max=0 | actor_unlocked=1 | expl_noise=0.0714 | replay=33318 | interaction_replay=14438 | samples/sec=8.126
Actor gradient gate | passed=1 | safety_samples=142 | linear_positive_share=0.225 | angular_one_sided_share=0.768
Episode 410 complete | agent_samples=33357 | env_steps=13799 | episode_env_steps=9 | episode_agent_samples=39 | mean_reward=62.744 | success=4/5 | collision=1/5 | mean_final_distance=0.521 | mean_progress=0.0543 | min_laser=0.328 | mean_lin=0.790 | mean_ang=-0.188 | mean_robot_dist=inf | raw_reward=40.000 | adjusted_reward=40.000 | coop_agents=1/5 | mean_coop_neighbors=0.20 | active_neighbor_step_rate=0.769 | mean_active_neighbors_step=1.795 | max_active_neighbors_step=4 | interaction_reward=0.0000 | abs_interaction_reward=0.0000 | anti_stag_reward=0.0000 | abs_anti_stag_reward=0.0000 | wall_clear_reward=0.0000 | abs_wall_clear_reward=0.0000 | local_nav_reward=0.0000 | abs_local_nav_reward=0.0000 | robot_proximity_reward=-0.8704 | abs_robot_proximity_reward=0.8704 | robot_clearance_reward=0.0513 | context_neighbors_mean=1.92 | context_neighbors_max=4 | last_context_neighbors_mean=0.00 | last_context_neighbors_max=0 | actor_unlocked=1 | expl_noise=0.0714 | replay=33357 | interaction_replay=14468 | samples/sec=8.131
Status | epoch=2 | next_eval_in=6643 agent_samples | checkpoint_every=10 episodes | checkpoint=./checkpoints/interaction_focused_actor_from_5a_s20260725_latest.pt | model=interaction_focused_actor_from_5a_s20260725
Checkpoint saved: ./checkpoints/interaction_focused_actor_from_5a_s20260725_latest.pt
Actor gradient gate | passed=1 | safety_samples=153 | linear_positive_share=0.294 | angular_one_sided_share=0.686
Episode 411 complete | agent_samples=33442 | env_steps=13837 | episode_env_steps=38 | episode_agent_samples=85 | mean_reward=77.254 | success=4/5 | collision=1/5 | mean_final_distance=0.326 | mean_progress=0.0091 | min_laser=0.301 | mean_lin=0.793 | mean_ang=0.122 | mean_robot_dist=inf | raw_reward=20.000 | adjusted_reward=20.000 | coop_agents=0/5 | mean_coop_neighbors=0.00 | active_neighbor_step_rate=0.647 | mean_active_neighbors_step=1.129 | max_active_neighbors_step=4 | interaction_reward=0.0000 | abs_interaction_reward=0.0000 | anti_stag_reward=0.0000 | abs_anti_stag_reward=0.0000 | wall_clear_reward=0.0000 | abs_wall_clear_reward=0.0000 | local_nav_reward=0.0000 | abs_local_nav_reward=0.0000 | robot_proximity_reward=-0.5125 | abs_robot_proximity_reward=0.5125 | robot_clearance_reward=0.0235 | context_neighbors_mean=1.14 | context_neighbors_max=4 | last_context_neighbors_mean=0.00 | last_context_neighbors_max=0 | actor_unlocked=1 | expl_noise=0.0714 | replay=33442 | interaction_replay=14490 | samples/sec=8.134
Actor gradient gate | passed=1 | safety_samples=157 | linear_positive_share=0.166 | angular_one_sided_share=0.809
Episode 412 complete | agent_samples=33485 | env_steps=13847 | episode_env_steps=10 | episode_agent_samples=43 | mean_reward=28.820 | success=3/5 | collision=2/5 | mean_final_distance=0.562 | mean_progress=0.0230 | min_laser=0.300 | mean_lin=0.795 | mean_ang=0.323 | mean_robot_dist=inf | raw_reward=20.000 | adjusted_reward=20.000 | coop_agents=0/5 | mean_coop_neighbors=0.00 | active_neighbor_step_rate=0.860 | mean_active_neighbors_step=2.349 | max_active_neighbors_step=4 | interaction_reward=0.0000 | abs_interaction_reward=0.0000 | anti_stag_reward=0.0000 | abs_anti_stag_reward=0.0000 | wall_clear_reward=0.0000 | abs_wall_clear_reward=0.0000 | local_nav_reward=0.0000 | abs_local_nav_reward=0.0000 | robot_proximity_reward=-1.1261 | abs_robot_proximity_reward=1.1261 | robot_clearance_reward=0.0000 | context_neighbors_mean=2.49 | context_neighbors_max=4 | last_context_neighbors_mean=0.00 | last_context_neighbors_max=0 | actor_unlocked=1 | expl_noise=0.0713 | replay=33485 | interaction_replay=14528 | samples/sec=8.140
Actor gradient gate | passed=1 | safety_samples=154 | linear_positive_share=0.136 | angular_one_sided_share=0.831
Episode 413 complete | agent_samples=33594 | env_steps=13924 | episode_env_steps=77 | episode_agent_samples=109 | mean_reward=19.611 | success=3/5 | collision=2/5 | mean_final_distance=0.721 | mean_progress=0.0097 | min_laser=0.300 | mean_lin=0.996 | mean_ang=-0.574 | mean_robot_dist=inf | raw_reward=20.000 | adjusted_reward=20.000 | coop_agents=0/5 | mean_coop_neighbors=0.00 | active_neighbor_step_rate=0.257 | mean_active_neighbors_step=0.661 | max_active_neighbors_step=3 | interaction_reward=0.0000 | abs_interaction_reward=0.0000 | anti_stag_reward=0.0000 | abs_anti_stag_reward=0.0000 | wall_clear_reward=0.0000 | abs_wall_clear_reward=0.0000 | local_nav_reward=0.0000 | abs_local_nav_reward=0.0000 | robot_proximity_reward=-0.5618 | abs_robot_proximity_reward=0.5618 | robot_clearance_reward=0.0094 | context_neighbors_mean=0.66 | context_neighbors_max=4 | last_context_neighbors_mean=0.00 | last_context_neighbors_max=0 | actor_unlocked=1 | expl_noise=0.0713 | replay=33594 | interaction_replay=14556 | samples/sec=8.133
Actor gradient gate | passed=1 | safety_samples=142 | linear_positive_share=0.211 | angular_one_sided_share=0.725
Episode 414 complete | agent_samples=33650 | env_steps=13938 | episode_env_steps=14 | episode_agent_samples=56 | mean_reward=105.744 | success=5/5 | collision=0/5 | mean_final_distance=0.268 | mean_progress=0.0473 | min_laser=0.422 | mean_lin=0.981 | mean_ang=0.162 | mean_robot_dist=1.571 | raw_reward=40.000 | adjusted_reward=40.000 | coop_agents=2/5 | mean_coop_neighbors=0.40 | active_neighbor_step_rate=0.964 | mean_active_neighbors_step=2.536 | max_active_neighbors_step=4 | interaction_reward=0.0000 | abs_interaction_reward=0.0000 | anti_stag_reward=0.0000 | abs_anti_stag_reward=0.0000 | wall_clear_reward=0.0000 | abs_wall_clear_reward=0.0000 | local_nav_reward=0.0000 | abs_local_nav_reward=0.0000 | robot_proximity_reward=-1.3832 | abs_robot_proximity_reward=1.3832 | robot_clearance_reward=0.1429 | context_neighbors_mean=2.59 | context_neighbors_max=4 | last_context_neighbors_mean=0.00 | last_context_neighbors_max=0 | actor_unlocked=1 | expl_noise=0.0713 | replay=33650 | interaction_replay=14609 | samples/sec=8.141
Actor gradient gate | passed=1 | safety_samples=171 | linear_positive_share=0.257 | angular_one_sided_share=0.801
Episode 415 complete | agent_samples=33758 | env_steps=13984 | episode_env_steps=46 | episode_agent_samples=108 | mean_reward=123.425 | success=5/5 | collision=0/5 | mean_final_distance=0.243 | mean_progress=0.0049 | min_laser=0.671 | mean_lin=0.993 | mean_ang=-0.962 | mean_robot_dist=inf | raw_reward=20.000 | adjusted_reward=20.000 | coop_agents=0/5 | mean_coop_neighbors=0.00 | active_neighbor_step_rate=0.769 | mean_active_neighbors_step=1.593 | max_active_neighbors_step=4 | interaction_reward=0.0000 | abs_interaction_reward=0.0000 | anti_stag_reward=0.0000 | abs_anti_stag_reward=0.0000 | wall_clear_reward=0.0000 | abs_wall_clear_reward=0.0000 | local_nav_reward=0.0000 | abs_local_nav_reward=0.0000 | robot_proximity_reward=-0.0106 | abs_robot_proximity_reward=0.0106 | robot_clearance_reward=0.0000 | context_neighbors_mean=1.64 | context_neighbors_max=4 | last_context_neighbors_mean=0.00 | last_context_neighbors_max=0 | actor_unlocked=1 | expl_noise=0.0713 | replay=33758 | interaction_replay=14643 | samples/sec=8.147
Status | epoch=2 | next_eval_in=6242 agent_samples | checkpoint_every=10 episodes | checkpoint=./checkpoints/interaction_focused_actor_from_5a_s20260725_latest.pt | model=interaction_focused_actor_from_5a_s20260725
Actor gradient gate | passed=1 | safety_samples=162 | linear_positive_share=0.235 | angular_one_sided_share=0.784
Episode 416 complete | agent_samples=33800 | env_steps=13994 | episode_env_steps=10 | episode_agent_samples=42 | mean_reward=23.017 | success=3/5 | collision=2/5 | mean_final_distance=0.510 | mean_progress=0.0226 | min_laser=0.313 | mean_lin=0.993 | mean_ang=0.629 | mean_robot_dist=inf | raw_reward=20.000 | adjusted_reward=20.000 | coop_agents=0/5 | mean_coop_neighbors=0.00 | active_neighbor_step_rate=0.905 | mean_active_neighbors_step=2.310 | max_active_neighbors_step=4 | interaction_reward=0.0000 | abs_interaction_reward=0.0000 | anti_stag_reward=0.0000 | abs_anti_stag_reward=0.0000 | wall_clear_reward=0.0000 | abs_wall_clear_reward=0.0000 | local_nav_reward=0.0000 | abs_local_nav_reward=0.0000 | robot_proximity_reward=-1.0305 | abs_robot_proximity_reward=1.0305 | robot_clearance_reward=0.0032 | context_neighbors_mean=2.40 | context_neighbors_max=4 | last_context_neighbors_mean=0.00 | last_context_neighbors_max=0 | actor_unlocked=1 | expl_noise=0.0713 | replay=33800 | interaction_replay=14680 | samples/sec=8.153
Actor gradient gate | passed=1 | safety_samples=155 | linear_positive_share=0.206 | angular_one_sided_share=0.781
Episode 417 complete | agent_samples=33921 | env_steps=14051 | episode_env_steps=57 | episode_agent_samples=121 | mean_reward=103.937 | success=5/5 | collision=0/5 | mean_final_distance=0.296 | mean_progress=0.0091 | min_laser=0.522 | mean_lin=1.000 | mean_ang=-0.189 | mean_robot_dist=inf | raw_reward=20.000 | adjusted_reward=20.000 | coop_agents=0/5 | mean_coop_neighbors=0.00 | active_neighbor_step_rate=0.405 | mean_active_neighbors_step=1.124 | max_active_neighbors_step=4 | interaction_reward=0.0000 | abs_interaction_reward=0.0000 | anti_stag_reward=0.0000 | abs_anti_stag_reward=0.0000 | wall_clear_reward=0.0000 | abs_wall_clear_reward=0.0000 | local_nav_reward=0.0000 | abs_local_nav_reward=0.0000 | robot_proximity_reward=-0.6808 | abs_robot_proximity_reward=0.6808 | robot_clearance_reward=0.1020 | context_neighbors_mean=1.16 | context_neighbors_max=4 | last_context_neighbors_mean=0.00 | last_context_neighbors_max=0 | actor_unlocked=1 | expl_noise=0.0712 | replay=33921 | interaction_replay=14731 | samples/sec=8.158
Actor gradient gate | passed=1 | safety_samples=140 | linear_positive_share=0.236 | angular_one_sided_share=0.757
Episode 418 complete | agent_samples=33966 | env_steps=14061 | episode_env_steps=10 | episode_agent_samples=45 | mean_reward=15.723 | success=3/5 | collision=2/5 | mean_final_distance=0.485 | mean_progress=0.0238 | min_laser=0.302 | mean_lin=0.979 | mean_ang=-0.199 | mean_robot_dist=inf | raw_reward=20.000 | adjusted_reward=20.000 | coop_agents=0/5 | mean_coop_neighbors=0.00 | active_neighbor_step_rate=0.956 | mean_active_neighbors_step=2.489 | max_active_neighbors_step=4 | interaction_reward=0.0000 | abs_interaction_reward=0.0000 | anti_stag_reward=0.0000 | abs_anti_stag_reward=0.0000 | wall_clear_reward=0.0000 | abs_wall_clear_reward=0.0000 | local_nav_reward=0.0000 | abs_local_nav_reward=0.0000 | robot_proximity_reward=-1.6754 | abs_robot_proximity_reward=1.6754 | robot_clearance_reward=0.0000 | context_neighbors_mean=2.58 | context_neighbors_max=4 | last_context_neighbors_mean=0.00 | last_context_neighbors_max=0 | actor_unlocked=1 | expl_noise=0.0712 | replay=33966 | interaction_replay=14774 | samples/sec=8.164
Actor gradient gate | passed=1 | safety_samples=159 | linear_positive_share=0.195 | angular_one_sided_share=0.792
Episode 419 complete | agent_samples=34016 | env_steps=14074 | episode_env_steps=13 | episode_agent_samples=50 | mean_reward=103.557 | success=5/5 | collision=0/5 | mean_final_distance=0.257 | mean_progress=0.0240 | min_laser=0.407 | mean_lin=0.990 | mean_ang=0.554 | mean_robot_dist=inf | raw_reward=20.000 | adjusted_reward=20.000 | coop_agents=0/5 | mean_coop_neighbors=0.00 | active_neighbor_step_rate=0.840 | mean_active_neighbors_step=2.400 | max_active_neighbors_step=4 | interaction_reward=0.0000 | abs_interaction_reward=0.0000 | anti_stag_reward=0.0000 | abs_anti_stag_reward=0.0000 | wall_clear_reward=0.0000 | abs_wall_clear_reward=0.0000 | local_nav_reward=0.0000 | abs_local_nav_reward=0.0000 | robot_proximity_reward=-1.5206 | abs_robot_proximity_reward=1.5206 | robot_clearance_reward=0.1600 | context_neighbors_mean=2.46 | context_neighbors_max=4 | last_context_neighbors_mean=0.00 | last_context_neighbors_max=0 | actor_unlocked=1 | expl_noise=0.0712 | replay=34016 | interaction_replay=14816 | samples/sec=8.170
Actor gradient gate | passed=1 | safety_samples=152 | linear_positive_share=0.217 | angular_one_sided_share=0.750
Episode 420 complete | agent_samples=34093 | env_steps=14103 | episode_env_steps=29 | episode_agent_samples=77 | mean_reward=115.258 | success=5/5 | collision=0/5 | mean_final_distance=0.238 | mean_progress=0.0052 | min_laser=0.570 | mean_lin=0.794 | mean_ang=0.152 | mean_robot_dist=inf | raw_reward=20.000 | adjusted_reward=20.000 | coop_agents=0/5 | mean_coop_neighbors=0.00 | active_neighbor_step_rate=0.792 | mean_active_neighbors_step=1.610 | max_active_neighbors_step=4 | interaction_reward=0.0000 | abs_interaction_reward=0.0000 | anti_stag_reward=0.0000 | abs_anti_stag_reward=0.0000 | wall_clear_reward=0.0000 | abs_wall_clear_reward=0.0000 | local_nav_reward=0.0000 | abs_local_nav_reward=0.0000 | robot_proximity_reward=-0.4697 | abs_robot_proximity_reward=0.4697 | robot_clearance_reward=0.0519 | context_neighbors_mean=1.69 | context_neighbors_max=4 | last_context_neighbors_mean=0.00 | last_context_neighbors_max=0 | actor_unlocked=1 | expl_noise=0.0712 | replay=34093 | interaction_replay=14857 | samples/sec=8.176
Status | epoch=2 | next_eval_in=5907 agent_samples | checkpoint_every=10 episodes | checkpoint=./checkpoints/interaction_focused_actor_from_5a_s20260725_latest.pt | model=interaction_focused_actor_from_5a_s20260725
Checkpoint saved: ./checkpoints/interaction_focused_actor_from_5a_s20260725_latest.pt
Actor gradient gate | passed=1 | safety_samples=164 | linear_positive_share=0.134 | angular_one_sided_share=0.787
Episode 421 complete | agent_samples=34152 | env_steps=14119 | episode_env_steps=16 | episode_agent_samples=59 | mean_reward=35.534 | success=3/5 | collision=2/5 | mean_final_distance=0.574 | mean_progress=0.0197 | min_laser=0.300 | mean_lin=0.992 | mean_ang=-0.149 | mean_robot_dist=inf | raw_reward=20.000 | adjusted_reward=20.000 | coop_agents=0/5 | mean_coop_neighbors=0.00 | active_neighbor_step_rate=0.729 | mean_active_neighbors_step=2.136 | max_active_neighbors_step=4 | interaction_reward=0.0000 | abs_interaction_reward=0.0000 | anti_stag_reward=0.0000 | abs_anti_stag_reward=0.0000 | wall_clear_reward=0.0000 | abs_wall_clear_reward=0.0000 | local_nav_reward=0.0000 | abs_local_nav_reward=0.0000 | robot_proximity_reward=-0.5409 | abs_robot_proximity_reward=0.5409 | robot_clearance_reward=0.0332 | context_neighbors_mean=2.15 | context_neighbors_max=4 | last_context_neighbors_mean=0.00 | last_context_neighbors_max=0 | actor_unlocked=1 | expl_noise=0.0712 | replay=34152 | interaction_replay=14880 | samples/sec=8.182
Actor gradient gate | passed=1 | safety_samples=148 | linear_positive_share=0.162 | angular_one_sided_share=0.831
Episode 422 complete | agent_samples=34264 | env_steps=14167 | episode_env_steps=48 | episode_agent_samples=112 | mean_reward=32.624 | success=3/5 | collision=2/5 | mean_final_distance=0.568 | mean_progress=0.0234 | min_laser=0.300 | mean_lin=0.805 | mean_ang=-0.390 | mean_robot_dist=inf | raw_reward=20.000 | adjusted_reward=20.000 | coop_agents=0/5 | mean_coop_neighbors=0.00 | active_neighbor_step_rate=0.616 | mean_active_neighbors_step=1.634 | max_active_neighbors_step=4 | interaction_reward=0.0000 | abs_interaction_reward=0.0000 | anti_stag_reward=0.0000 | abs_anti_stag_reward=0.0000 | wall_clear_reward=0.0000 | abs_wall_clear_reward=0.0000 | local_nav_reward=0.0000 | abs_local_nav_reward=0.0000 | robot_proximity_reward=-0.4067 | abs_robot_proximity_reward=0.4067 | robot_clearance_reward=0.0000 | context_neighbors_mean=1.68 | context_neighbors_max=4 | last_context_neighbors_mean=0.00 | last_context_neighbors_max=0 | actor_unlocked=1 | expl_noise=0.0711 | replay=34264 | interaction_replay=14918 | samples/sec=8.188
Actor gradient gate | passed=1 | safety_samples=173 | linear_positive_share=0.162 | angular_one_sided_share=0.682
Episode 423 complete | agent_samples=34359 | env_steps=14220 | episode_env_steps=53 | episode_agent_samples=95 | mean_reward=30.680 | success=3/5 | collision=2/5 | mean_final_distance=0.382 | mean_progress=0.0105 | min_laser=0.309 | mean_lin=0.800 | mean_ang=0.208 | mean_robot_dist=inf | raw_reward=20.000 | adjusted_reward=20.000 | coop_agents=0/5 | mean_coop_neighbors=0.00 | active_neighbor_step_rate=0.505 | mean_active_neighbors_step=1.200 | max_active_neighbors_step=4 | interaction_reward=0.0000 | abs_interaction_reward=0.0000 | anti_stag_reward=0.0000 | abs_anti_stag_reward=0.0000 | wall_clear_reward=0.0000 | abs_wall_clear_reward=0.0000 | local_nav_reward=0.0000 | abs_local_nav_reward=0.0000 | robot_proximity_reward=-0.6680 | abs_robot_proximity_reward=0.6680 | robot_clearance_reward=0.0211 | context_neighbors_mean=1.24 | context_neighbors_max=4 | last_context_neighbors_mean=0.00 | last_context_neighbors_max=0 | actor_unlocked=1 | expl_noise=0.0711 | replay=34359 | interaction_replay=14967 | samples/sec=8.188
Actor gradient gate | passed=1 | safety_samples=148 | linear_positive_share=0.169 | angular_one_sided_share=0.750
Episode 424 complete | agent_samples=34475 | env_steps=14280 | episode_env_steps=60 | episode_agent_samples=116 | mean_reward=114.068 | success=5/5 | collision=0/5 | mean_final_distance=0.259 | mean_progress=0.0071 | min_laser=0.747 | mean_lin=0.800 | mean_ang=-0.580 | mean_robot_dist=inf | raw_reward=20.000 | adjusted_reward=20.000 | coop_agents=0/5 | mean_coop_neighbors=0.00 | active_neighbor_step_rate=0.422 | mean_active_neighbors_step=1.000 | max_active_neighbors_step=4 | interaction_reward=0.0000 | abs_interaction_reward=0.0000 | anti_stag_reward=0.0000 | abs_anti_stag_reward=0.0000 | wall_clear_reward=0.0000 | abs_wall_clear_reward=0.0000 | local_nav_reward=0.0000 | abs_local_nav_reward=0.0000 | robot_proximity_reward=-0.0833 | abs_robot_proximity_reward=0.0833 | robot_clearance_reward=0.0212 | context_neighbors_mean=1.03 | context_neighbors_max=4 | last_context_neighbors_mean=0.00 | last_context_neighbors_max=0 | actor_unlocked=1 | expl_noise=0.0711 | replay=34475 | interaction_replay=15006 | samples/sec=8.190
Actor gradient gate | passed=1 | safety_samples=165 | linear_positive_share=0.152 | angular_one_sided_share=0.770
Episode 425 complete | agent_samples=34559 | env_steps=14321 | episode_env_steps=41 | episode_agent_samples=84 | mean_reward=30.288 | success=3/5 | collision=2/5 | mean_final_distance=0.396 | mean_progress=0.0169 | min_laser=0.300 | mean_lin=0.800 | mean_ang=-0.577 | mean_robot_dist=inf | raw_reward=20.000 | adjusted_reward=20.000 | coop_agents=0/5 | mean_coop_neighbors=0.00 | active_neighbor_step_rate=0.429 | mean_active_neighbors_step=1.202 | max_active_neighbors_step=4 | interaction_reward=0.0000 | abs_interaction_reward=0.0000 | anti_stag_reward=0.0000 | abs_anti_stag_reward=0.0000 | wall_clear_reward=0.0000 | abs_wall_clear_reward=0.0000 | local_nav_reward=0.0000 | abs_local_nav_reward=0.0000 | robot_proximity_reward=-0.5504 | abs_robot_proximity_reward=0.5504 | robot_clearance_reward=0.0026 | context_neighbors_mean=1.29 | context_neighbors_max=4 | last_context_neighbors_mean=0.00 | last_context_neighbors_max=0 | actor_unlocked=1 | expl_noise=0.0710 | replay=34559 | interaction_replay=15044 | samples/sec=8.193
Status | epoch=2 | next_eval_in=5441 agent_samples | checkpoint_every=10 episodes | checkpoint=./checkpoints/interaction_focused_actor_from_5a_s20260725_latest.pt | model=interaction_focused_actor_from_5a_s20260725
Actor gradient gate | passed=1 | safety_samples=156 | linear_positive_share=0.179 | angular_one_sided_share=0.788
Episode 426 complete | agent_samples=34606 | env_steps=14336 | episode_env_steps=15 | episode_agent_samples=47 | mean_reward=62.806 | success=4/5 | collision=1/5 | mean_final_distance=0.321 | mean_progress=0.0181 | min_laser=0.331 | mean_lin=0.800 | mean_ang=0.200 | mean_robot_dist=inf | raw_reward=20.000 | adjusted_reward=20.000 | coop_agents=0/5 | mean_coop_neighbors=0.00 | active_neighbor_step_rate=0.787 | mean_active_neighbors_step=1.681 | max_active_neighbors_step=3 | interaction_reward=0.0000 | abs_interaction_reward=0.0000 | anti_stag_reward=0.0000 | abs_anti_stag_reward=0.0000 | wall_clear_reward=0.0000 | abs_wall_clear_reward=0.0000 | local_nav_reward=0.0000 | abs_local_nav_reward=0.0000 | robot_proximity_reward=-0.9546 | abs_robot_proximity_reward=0.9546 | robot_clearance_reward=0.0000 | context_neighbors_mean=1.79 | context_neighbors_max=3 | last_context_neighbors_mean=0.00 | last_context_neighbors_max=0 | actor_unlocked=1 | expl_noise=0.0710 | replay=34606 | interaction_replay=15082 | samples/sec=8.197
Actor gradient gate | passed=1 | safety_samples=159 | linear_positive_share=0.208 | angular_one_sided_share=0.755
Episode 427 complete | agent_samples=34773 | env_steps=14382 | episode_env_steps=46 | episode_agent_samples=167 | mean_reward=121.786 | success=5/5 | collision=0/5 | mean_final_distance=0.282 | mean_progress=0.0007 | min_laser=0.433 | mean_lin=0.689 | mean_ang=-0.961 | mean_robot_dist=inf | raw_reward=20.000 | adjusted_reward=20.000 | coop_agents=0/5 | mean_coop_neighbors=0.00 | active_neighbor_step_rate=0.623 | mean_active_neighbors_step=1.443 | max_active_neighbors_step=4 | interaction_reward=0.0000 | abs_interaction_reward=0.0000 | anti_stag_reward=0.0000 | abs_anti_stag_reward=0.0000 | wall_clear_reward=0.0000 | abs_wall_clear_reward=0.0000 | local_nav_reward=0.0000 | abs_local_nav_reward=0.0000 | robot_proximity_reward=-0.4767 | abs_robot_proximity_reward=0.4767 | robot_clearance_reward=0.0969 | context_neighbors_mean=1.50 | context_neighbors_max=4 | last_context_neighbors_mean=0.00 | last_context_neighbors_max=0 | actor_unlocked=1 | expl_noise=0.0710 | replay=34773 | interaction_replay=15166 | samples/sec=8.217
Actor gradient gate | passed=1 | safety_samples=164 | linear_positive_share=0.238 | angular_one_sided_share=0.720
Episode 428 complete | agent_samples=34861 | env_steps=14438 | episode_env_steps=56 | episode_agent_samples=88 | mean_reward=9.958 | success=3/5 | collision=2/5 | mean_final_distance=0.562 | mean_progress=0.0091 | min_laser=0.334 | mean_lin=0.780 | mean_ang=0.551 | mean_robot_dist=inf | raw_reward=20.000 | adjusted_reward=20.000 | coop_agents=0/5 | mean_coop_neighbors=0.00 | active_neighbor_step_rate=0.352 | mean_active_neighbors_step=0.886 | max_active_neighbors_step=4 | interaction_reward=0.0000 | abs_interaction_reward=0.0000 | anti_stag_reward=0.0000 | abs_anti_stag_reward=0.0000 | wall_clear_reward=0.0000 | abs_wall_clear_reward=0.0000 | local_nav_reward=0.0000 | abs_local_nav_reward=0.0000 | robot_proximity_reward=-0.4057 | abs_robot_proximity_reward=0.4057 | robot_clearance_reward=0.0239 | context_neighbors_mean=0.94 | context_neighbors_max=4 | last_context_neighbors_mean=0.00 | last_context_neighbors_max=0 | actor_unlocked=1 | expl_noise=0.0710 | replay=34861 | interaction_replay=15196 | samples/sec=8.214
Actor gradient gate | passed=1 | safety_samples=165 | linear_positive_share=0.230 | angular_one_sided_share=0.739
Episode 429 complete | agent_samples=34958 | env_steps=14467 | episode_env_steps=29 | episode_agent_samples=97 | mean_reward=132.731 | success=5/5 | collision=0/5 | mean_final_distance=0.233 | mean_progress=0.0107 | min_laser=0.660 | mean_lin=1.000 | mean_ang=-0.253 | mean_robot_dist=inf | raw_reward=20.000 | adjusted_reward=20.000 | coop_agents=0/5 | mean_coop_neighbors=0.00 | active_neighbor_step_rate=0.814 | mean_active_neighbors_step=1.773 | max_active_neighbors_step=4 | interaction_reward=0.0000 | abs_interaction_reward=0.0000 | anti_stag_reward=0.0000 | abs_anti_stag_reward=0.0000 | wall_clear_reward=0.0000 | abs_wall_clear_reward=0.0000 | local_nav_reward=0.0000 | abs_local_nav_reward=0.0000 | robot_proximity_reward=-0.3001 | abs_robot_proximity_reward=0.3001 | robot_clearance_reward=0.0978 | context_neighbors_mean=1.87 | context_neighbors_max=4 | last_context_neighbors_mean=0.00 | last_context_neighbors_max=0 | actor_unlocked=1 | expl_noise=0.0710 | replay=34958 | interaction_replay=15265 | samples/sec=8.225
Actor gradient gate | passed=1 | safety_samples=161 | linear_positive_share=0.199 | angular_one_sided_share=0.814
Episode 430 complete | agent_samples=35019 | env_steps=14495 | episode_env_steps=28 | episode_agent_samples=61 | mean_reward=24.573 | success=3/5 | collision=2/5 | mean_final_distance=0.708 | mean_progress=0.0093 | min_laser=0.329 | mean_lin=0.795 | mean_ang=-0.204 | mean_robot_dist=inf | raw_reward=20.000 | adjusted_reward=20.000 | coop_agents=0/5 | mean_coop_neighbors=0.00 | active_neighbor_step_rate=0.656 | mean_active_neighbors_step=1.623 | max_active_neighbors_step=4 | interaction_reward=0.0000 | abs_interaction_reward=0.0000 | anti_stag_reward=0.0000 | abs_anti_stag_reward=0.0000 | wall_clear_reward=0.0000 | abs_wall_clear_reward=0.0000 | local_nav_reward=0.0000 | abs_local_nav_reward=0.0000 | robot_proximity_reward=-0.6749 | abs_robot_proximity_reward=0.6749 | robot_clearance_reward=0.0000 | context_neighbors_mean=1.67 | context_neighbors_max=4 | last_context_neighbors_mean=0.00 | last_context_neighbors_max=0 | actor_unlocked=1 | expl_noise=0.0709 | replay=35019 | interaction_replay=15305 | samples/sec=8.227
Status | epoch=2 | next_eval_in=4981 agent_samples | checkpoint_every=10 episodes | checkpoint=./checkpoints/interaction_focused_actor_from_5a_s20260725_latest.pt | model=interaction_focused_actor_from_5a_s20260725
Checkpoint saved: ./checkpoints/interaction_focused_actor_from_5a_s20260725_latest.pt
Actor gradient gate | passed=1 | safety_samples=172 | linear_positive_share=0.186 | angular_one_sided_share=0.802
Episode 431 complete | agent_samples=35070 | env_steps=14508 | episode_env_steps=13 | episode_agent_samples=51 | mean_reward=112.037 | success=5/5 | collision=0/5 | mean_final_distance=0.251 | mean_progress=0.0208 | min_laser=0.606 | mean_lin=0.994 | mean_ang=0.202 | mean_robot_dist=inf | raw_reward=20.000 | adjusted_reward=20.000 | coop_agents=0/5 | mean_coop_neighbors=0.00 | active_neighbor_step_rate=0.863 | mean_active_neighbors_step=2.000 | max_active_neighbors_step=3 | interaction_reward=0.0000 | abs_interaction_reward=0.0000 | anti_stag_reward=0.0000 | abs_anti_stag_reward=0.0000 | wall_clear_reward=0.0000 | abs_wall_clear_reward=0.0000 | local_nav_reward=0.0000 | abs_local_nav_reward=0.0000 | robot_proximity_reward=-0.4648 | abs_robot_proximity_reward=0.4648 | robot_clearance_reward=0.1176 | context_neighbors_mean=2.10 | context_neighbors_max=3 | last_context_neighbors_mean=0.00 | last_context_neighbors_max=0 | actor_unlocked=1 | expl_noise=0.0709 | replay=35070 | interaction_replay=15345 | samples/sec=8.232
Actor gradient gate | passed=1 | safety_samples=189 | linear_positive_share=0.196 | angular_one_sided_share=0.757
Episode 432 complete | agent_samples=35114 | env_steps=14518 | episode_env_steps=10 | episode_agent_samples=44 | mean_reward=35.107 | success=3/5 | collision=2/5 | mean_final_distance=0.492 | mean_progress=0.0236 | min_laser=0.301 | mean_lin=0.806 | mean_ang=0.211 | mean_robot_dist=inf | raw_reward=20.000 | adjusted_reward=20.000 | coop_agents=0/5 | mean_coop_neighbors=0.00 | active_neighbor_step_rate=0.864 | mean_active_neighbors_step=1.977 | max_active_neighbors_step=4 | interaction_reward=0.0000 | abs_interaction_reward=0.0000 | anti_stag_reward=0.0000 | abs_anti_stag_reward=0.0000 | wall_clear_reward=0.0000 | abs_wall_clear_reward=0.0000 | local_nav_reward=0.0000 | abs_local_nav_reward=0.0000 | robot_proximity_reward=-0.8324 | abs_robot_proximity_reward=0.8324 | robot_clearance_reward=0.0215 | context_neighbors_mean=2.09 | context_neighbors_max=4 | last_context_neighbors_mean=0.00 | last_context_neighbors_max=0 | actor_unlocked=1 | expl_noise=0.0709 | replay=35114 | interaction_replay=15384 | samples/sec=8.238
Actor gradient gate | passed=1 | safety_samples=162 | linear_positive_share=0.185 | angular_one_sided_share=0.778
Episode 433 complete | agent_samples=35172 | env_steps=14543 | episode_env_steps=25 | episode_agent_samples=58 | mean_reward=105.037 | success=5/5 | collision=0/5 | mean_final_distance=0.252 | mean_progress=0.0106 | min_laser=0.526 | mean_lin=0.798 | mean_ang=-0.191 | mean_robot_dist=inf | raw_reward=20.000 | adjusted_reward=20.000 | coop_agents=0/5 | mean_coop_neighbors=0.00 | active_neighbor_step_rate=0.724 | mean_active_neighbors_step=1.759 | max_active_neighbors_step=4 | interaction_reward=0.0000 | abs_interaction_reward=0.0000 | anti_stag_reward=0.0000 | abs_anti_stag_reward=0.0000 | wall_clear_reward=0.0000 | abs_wall_clear_reward=0.0000 | local_nav_reward=0.0000 | abs_local_nav_reward=0.0000 | robot_proximity_reward=-0.9061 | abs_robot_proximity_reward=0.9061 | robot_clearance_reward=0.0464 | context_neighbors_mean=1.83 | context_neighbors_max=4 | last_context_neighbors_mean=0.00 | last_context_neighbors_max=0 | actor_unlocked=1 | expl_noise=0.0709 | replay=35172 | interaction_replay=15423 | samples/sec=8.241
Actor gradient gate | passed=1 | safety_samples=154 | linear_positive_share=0.169 | angular_one_sided_share=0.760
Episode 434 complete | agent_samples=35215 | env_steps=14561 | episode_env_steps=18 | episode_agent_samples=43 | mean_reward=-27.918 | success=2/5 | collision=3/5 | mean_final_distance=0.845 | mean_progress=0.0053 | min_laser=0.300 | mean_lin=0.801 | mean_ang=-0.197 | mean_robot_dist=inf | raw_reward=20.000 | adjusted_reward=20.000 | coop_agents=0/5 | mean_coop_neighbors=0.00 | active_neighbor_step_rate=0.791 | mean_active_neighbors_step=2.093 | max_active_neighbors_step=4 | interaction_reward=0.0000 | abs_interaction_reward=0.0000 | anti_stag_reward=0.0000 | abs_anti_stag_reward=0.0000 | wall_clear_reward=0.0000 | abs_wall_clear_reward=0.0000 | local_nav_reward=0.0000 | abs_local_nav_reward=0.0000 | robot_proximity_reward=-0.9542 | abs_robot_proximity_reward=0.9542 | robot_clearance_reward=0.0000 | context_neighbors_mean=2.09 | context_neighbors_max=4 | last_context_neighbors_mean=0.00 | last_context_neighbors_max=0 | actor_unlocked=1 | expl_noise=0.0709 | replay=35215 | interaction_replay=15435 | samples/sec=8.243
Actor gradient gate | passed=1 | safety_samples=154 | linear_positive_share=0.214 | angular_one_sided_share=0.760
Episode 435 complete | agent_samples=35273 | env_steps=14581 | episode_env_steps=20 | episode_agent_samples=58 | mean_reward=115.040 | success=5/5 | collision=0/5 | mean_final_distance=0.264 | mean_progress=0.0067 | min_laser=0.491 | mean_lin=0.995 | mean_ang=-0.172 | mean_robot_dist=inf | raw_reward=20.000 | adjusted_reward=20.000 | coop_agents=0/5 | mean_coop_neighbors=0.00 | active_neighbor_step_rate=0.741 | mean_active_neighbors_step=1.707 | max_active_neighbors_step=4 | interaction_reward=0.0000 | abs_interaction_reward=0.0000 | anti_stag_reward=0.0000 | abs_anti_stag_reward=0.0000 | wall_clear_reward=0.0000 | abs_wall_clear_reward=0.0000 | local_nav_reward=0.0000 | abs_local_nav_reward=0.0000 | robot_proximity_reward=-0.5221 | abs_robot_proximity_reward=0.5221 | robot_clearance_reward=0.0345 | context_neighbors_mean=1.78 | context_neighbors_max=4 | last_context_neighbors_mean=0.00 | last_context_neighbors_max=0 | actor_unlocked=1 | expl_noise=0.0709 | replay=35273 | interaction_replay=15479 | samples/sec=8.248
Status | epoch=2 | next_eval_in=4727 agent_samples | checkpoint_every=10 episodes | checkpoint=./checkpoints/interaction_focused_actor_from_5a_s20260725_latest.pt | model=interaction_focused_actor_from_5a_s20260725
Actor gradient gate | passed=1 | safety_samples=139 | linear_positive_share=0.101 | angular_one_sided_share=0.748
Episode 436 complete | agent_samples=35354 | env_steps=14630 | episode_env_steps=49 | episode_agent_samples=81 | mean_reward=9.678 | success=3/5 | collision=2/5 | mean_final_distance=0.625 | mean_progress=0.0111 | min_laser=0.300 | mean_lin=0.994 | mean_ang=0.213 | mean_robot_dist=inf | raw_reward=20.000 | adjusted_reward=20.000 | coop_agents=0/5 | mean_coop_neighbors=0.00 | active_neighbor_step_rate=0.444 | mean_active_neighbors_step=0.877 | max_active_neighbors_step=4 | interaction_reward=0.0000 | abs_interaction_reward=0.0000 | anti_stag_reward=0.0000 | abs_anti_stag_reward=0.0000 | wall_clear_reward=0.0000 | abs_wall_clear_reward=0.0000 | local_nav_reward=0.0000 | abs_local_nav_reward=0.0000 | robot_proximity_reward=-0.6245 | abs_robot_proximity_reward=0.6245 | robot_clearance_reward=0.0000 | context_neighbors_mean=0.89 | context_neighbors_max=4 | last_context_neighbors_mean=0.00 | last_context_neighbors_max=0 | actor_unlocked=1 | expl_noise=0.0709 | replay=35354 | interaction_replay=15487 | samples/sec=8.246
Actor gradient gate | passed=1 | safety_samples=149 | linear_positive_share=0.168 | angular_one_sided_share=0.792
Episode 437 complete | agent_samples=35472 | env_steps=14673 | episode_env_steps=43 | episode_agent_samples=118 | mean_reward=111.582 | success=5/5 | collision=0/5 | mean_final_distance=0.255 | mean_progress=0.0148 | min_laser=0.514 | mean_lin=0.987 | mean_ang=0.572 | mean_robot_dist=inf | raw_reward=20.000 | adjusted_reward=20.000 | coop_agents=0/5 | mean_coop_neighbors=0.00 | active_neighbor_step_rate=0.822 | mean_active_neighbors_step=1.839 | max_active_neighbors_step=4 | interaction_reward=0.0000 | abs_interaction_reward=0.0000 | anti_stag_reward=0.0000 | abs_anti_stag_reward=0.0000 | wall_clear_reward=0.0000 | abs_wall_clear_reward=0.0000 | local_nav_reward=0.0000 | abs_local_nav_reward=0.0000 | robot_proximity_reward=-0.3282 | abs_robot_proximity_reward=0.3282 | robot_clearance_reward=0.0431 | context_neighbors_mean=1.86 | context_neighbors_max=4 | last_context_neighbors_mean=0.00 | last_context_neighbors_max=0 | actor_unlocked=1 | expl_noise=0.0708 | replay=35472 | interaction_replay=15526 | samples/sec=8.256
Actor gradient gate | passed=1 | safety_samples=157 | linear_positive_share=0.248 | angular_one_sided_share=0.720
Episode 438 complete | agent_samples=35537 | env_steps=14696 | episode_env_steps=23 | episode_agent_samples=65 | mean_reward=57.041 | success=4/5 | collision=1/5 | mean_final_distance=0.417 | mean_progress=0.0169 | min_laser=0.300 | mean_lin=0.797 | mean_ang=-0.943 | mean_robot_dist=inf | raw_reward=20.000 | adjusted_reward=20.000 | coop_agents=0/5 | mean_coop_neighbors=0.00 | active_neighbor_step_rate=0.692 | mean_active_neighbors_step=1.615 | max_active_neighbors_step=4 | interaction_reward=0.0000 | abs_interaction_reward=0.0000 | anti_stag_reward=0.0000 | abs_anti_stag_reward=0.0000 | wall_clear_reward=0.0000 | abs_wall_clear_reward=0.0000 | local_nav_reward=0.0000 | abs_local_nav_reward=0.0000 | robot_proximity_reward=-1.0138 | abs_robot_proximity_reward=1.0138 | robot_clearance_reward=0.0308 | context_neighbors_mean=1.71 | context_neighbors_max=4 | last_context_neighbors_mean=0.00 | last_context_neighbors_max=0 | actor_unlocked=1 | expl_noise=0.0708 | replay=35537 | interaction_replay=15573 | samples/sec=8.261
Actor gradient gate | passed=1 | safety_samples=166 | linear_positive_share=0.120 | angular_one_sided_share=0.771
Episode 439 complete | agent_samples=35593 | env_steps=14710 | episode_env_steps=14 | episode_agent_samples=56 | mean_reward=67.981 | success=4/5 | collision=1/5 | mean_final_distance=0.460 | mean_progress=0.0164 | min_laser=0.305 | mean_lin=0.800 | mean_ang=0.199 | mean_robot_dist=inf | raw_reward=20.000 | adjusted_reward=20.000 | coop_agents=0/5 | mean_coop_neighbors=0.00 | active_neighbor_step_rate=0.982 | mean_active_neighbors_step=2.964 | max_active_neighbors_step=4 | interaction_reward=0.0000 | abs_interaction_reward=0.0000 | anti_stag_reward=0.0000 | abs_anti_stag_reward=0.0000 | wall_clear_reward=0.0000 | abs_wall_clear_reward=0.0000 | local_nav_reward=0.0000 | abs_local_nav_reward=0.0000 | robot_proximity_reward=-0.8469 | abs_robot_proximity_reward=0.8469 | robot_clearance_reward=0.0357 | context_neighbors_mean=2.98 | context_neighbors_max=4 | last_context_neighbors_mean=0.00 | last_context_neighbors_max=0 | actor_unlocked=1 | expl_noise=0.0708 | replay=35593 | interaction_replay=15589 | samples/sec=8.268
Actor gradient gate | passed=1 | safety_samples=150 | linear_positive_share=0.147 | angular_one_sided_share=0.787
Episode 440 complete | agent_samples=35650 | env_steps=14735 | episode_env_steps=25 | episode_agent_samples=57 | mean_reward=19.592 | success=3/5 | collision=2/5 | mean_final_distance=0.447 | mean_progress=0.0112 | min_laser=0.307 | mean_lin=1.000 | mean_ang=0.262 | mean_robot_dist=inf | raw_reward=20.000 | adjusted_reward=20.000 | coop_agents=0/5 | mean_coop_neighbors=0.00 | active_neighbor_step_rate=0.684 | mean_active_neighbors_step=1.719 | max_active_neighbors_step=4 | interaction_reward=0.0000 | abs_interaction_reward=0.0000 | anti_stag_reward=0.0000 | abs_anti_stag_reward=0.0000 | wall_clear_reward=0.0000 | abs_wall_clear_reward=0.0000 | local_nav_reward=0.0000 | abs_local_nav_reward=0.0000 | robot_proximity_reward=-1.2616 | abs_robot_proximity_reward=1.2616 | robot_clearance_reward=0.0612 | context_neighbors_mean=1.79 | context_neighbors_max=4 | last_context_neighbors_mean=0.00 | last_context_neighbors_max=0 | actor_unlocked=1 | expl_noise=0.0708 | replay=35650 | interaction_replay=15625 | samples/sec=8.271
Status | epoch=2 | next_eval_in=4350 agent_samples | checkpoint_every=10 episodes | checkpoint=./checkpoints/interaction_focused_actor_from_5a_s20260725_latest.pt | model=interaction_focused_actor_from_5a_s20260725
Checkpoint saved: ./checkpoints/interaction_focused_actor_from_5a_s20260725_latest.pt
Actor gradient gate | passed=1 | safety_samples=159 | linear_positive_share=0.182 | angular_one_sided_share=0.767
Episode 441 complete | agent_samples=35746 | env_steps=14774 | episode_env_steps=39 | episode_agent_samples=96 | mean_reward=57.758 | success=4/5 | collision=1/5 | mean_final_distance=0.288 | mean_progress=0.0024 | min_laser=0.338 | mean_lin=0.672 | mean_ang=-0.922 | mean_robot_dist=inf | raw_reward=20.000 | adjusted_reward=20.000 | coop_agents=0/5 | mean_coop_neighbors=0.00 | active_neighbor_step_rate=0.812 | mean_active_neighbors_step=1.781 | max_active_neighbors_step=4 | interaction_reward=0.0000 | abs_interaction_reward=0.0000 | anti_stag_reward=0.0000 | abs_anti_stag_reward=0.0000 | wall_clear_reward=0.0000 | abs_wall_clear_reward=0.0000 | local_nav_reward=0.0000 | abs_local_nav_reward=0.0000 | robot_proximity_reward=-0.6258 | abs_robot_proximity_reward=0.6258 | robot_clearance_reward=0.0208 | context_neighbors_mean=1.80 | context_neighbors_max=4 | last_context_neighbors_mean=0.00 | last_context_neighbors_max=0 | actor_unlocked=1 | expl_noise=0.0708 | replay=35746 | interaction_replay=15677 | samples/sec=8.275
Actor gradient gate | passed=1 | safety_samples=171 | linear_positive_share=0.175 | angular_one_sided_share=0.819
Episode 442 complete | agent_samples=35812 | env_steps=14805 | episode_env_steps=31 | episode_agent_samples=66 | mean_reward=124.964 | success=5/5 | collision=0/5 | mean_final_distance=0.259 | mean_progress=0.0237 | min_laser=0.611 | mean_lin=1.000 | mean_ang=0.975 | mean_robot_dist=inf | raw_reward=20.000 | adjusted_reward=20.000 | coop_agents=0/5 | mean_coop_neighbors=0.00 | active_neighbor_step_rate=0.561 | mean_active_neighbors_step=1.364 | max_active_neighbors_step=4 | interaction_reward=0.0000 | abs_interaction_reward=0.0000 | anti_stag_reward=0.0000 | abs_anti_stag_reward=0.0000 | wall_clear_reward=0.0000 | abs_wall_clear_reward=0.0000 | local_nav_reward=0.0000 | abs_local_nav_reward=0.0000 | robot_proximity_reward=-0.2750 | abs_robot_proximity_reward=0.2750 | robot_clearance_reward=0.0606 | context_neighbors_mean=1.47 | context_neighbors_max=4 | last_context_neighbors_mean=0.00 | last_context_neighbors_max=0 | actor_unlocked=1 | expl_noise=0.0707 | replay=35812 | interaction_replay=15714 | samples/sec=8.278
Actor gradient gate | passed=1 | safety_samples=155 | linear_positive_share=0.129 | angular_one_sided_share=0.826
Episode 443 complete | agent_samples=35854 | env_steps=14819 | episode_env_steps=14 | episode_agent_samples=42 | mean_reward=14.635 | success=3/5 | collision=2/5 | mean_final_distance=0.793 | mean_progress=0.0214 | min_laser=0.315 | mean_lin=0.612 | mean_ang=0.211 | mean_robot_dist=inf | raw_reward=20.000 | adjusted_reward=20.000 | coop_agents=0/5 | mean_coop_neighbors=0.00 | active_neighbor_step_rate=0.690 | mean_active_neighbors_step=1.429 | max_active_neighbors_step=4 | interaction_reward=0.0000 | abs_interaction_reward=0.0000 | anti_stag_reward=0.0000 | abs_anti_stag_reward=0.0000 | wall_clear_reward=0.0000 | abs_wall_clear_reward=0.0000 | local_nav_reward=0.0000 | abs_local_nav_reward=0.0000 | robot_proximity_reward=-0.8366 | abs_robot_proximity_reward=0.8366 | robot_clearance_reward=0.0000 | context_neighbors_mean=1.43 | context_neighbors_max=4 | last_context_neighbors_mean=0.00 | last_context_neighbors_max=0 | actor_unlocked=1 | expl_noise=0.0707 | replay=35854 | interaction_replay=15743 | samples/sec=8.281
Actor gradient gate | passed=1 | safety_samples=154 | linear_positive_share=0.130 | angular_one_sided_share=0.825
Episode 444 complete | agent_samples=35939 | env_steps=14843 | episode_env_steps=24 | episode_agent_samples=85 | mean_reward=82.125 | success=4/5 | collision=1/5 | mean_final_distance=0.292 | mean_progress=0.0101 | min_laser=0.304 | mean_lin=0.388 | mean_ang=0.170 | mean_robot_dist=inf | raw_reward=20.000 | adjusted_reward=20.000 | coop_agents=0/5 | mean_coop_neighbors=0.00 | active_neighbor_step_rate=0.565 | mean_active_neighbors_step=1.341 | max_active_neighbors_step=4 | interaction_reward=0.0000 | abs_interaction_reward=0.0000 | anti_stag_reward=0.0000 | abs_anti_stag_reward=0.0000 | wall_clear_reward=0.0000 | abs_wall_clear_reward=0.0000 | local_nav_reward=0.0000 | abs_local_nav_reward=0.0000 | robot_proximity_reward=-0.3632 | abs_robot_proximity_reward=0.3632 | robot_clearance_reward=0.0235 | context_neighbors_mean=1.39 | context_neighbors_max=4 | last_context_neighbors_mean=0.00 | last_context_neighbors_max=0 | actor_unlocked=1 | expl_noise=0.0707 | replay=35939 | interaction_replay=15788 | samples/sec=8.291
Actor gradient gate | passed=1 | safety_samples=151 | linear_positive_share=0.152 | angular_one_sided_share=0.854
Episode 445 complete | agent_samples=36037 | env_steps=14883 | episode_env_steps=40 | episode_agent_samples=98 | mean_reward=119.991 | success=5/5 | collision=0/5 | mean_final_distance=0.252 | mean_progress=0.0092 | min_laser=0.585 | mean_lin=1.000 | mean_ang=-0.409 | mean_robot_dist=inf | raw_reward=20.000 | adjusted_reward=20.000 | coop_agents=0/5 | mean_coop_neighbors=0.00 | active_neighbor_step_rate=0.714 | mean_active_neighbors_step=1.735 | max_active_neighbors_step=4 | interaction_reward=0.0000 | abs_interaction_reward=0.0000 | anti_stag_reward=0.0000 | abs_anti_stag_reward=0.0000 | wall_clear_reward=0.0000 | abs_wall_clear_reward=0.0000 | local_nav_reward=0.0000 | abs_local_nav_reward=0.0000 | robot_proximity_reward=-0.2572 | abs_robot_proximity_reward=0.2572 | robot_clearance_reward=0.0204 | context_neighbors_mean=1.76 | context_neighbors_max=4 | last_context_neighbors_mean=0.00 | last_context_neighbors_max=0 | actor_unlocked=1 | expl_noise=0.0707 | replay=36037 | interaction_replay=15808 | samples/sec=8.296
Status | epoch=2 | next_eval_in=3963 agent_samples | checkpoint_every=10 episodes | checkpoint=./checkpoints/interaction_focused_actor_from_5a_s20260725_latest.pt | model=interaction_focused_actor_from_5a_s20260725
Actor gradient gate | passed=1 | safety_samples=159 | linear_positive_share=0.126 | angular_one_sided_share=0.805
Episode 446 complete | agent_samples=36092 | env_steps=14898 | episode_env_steps=15 | episode_agent_samples=55 | mean_reward=107.068 | success=5/5 | collision=0/5 | mean_final_distance=0.259 | mean_progress=0.0202 | min_laser=0.610 | mean_lin=0.981 | mean_ang=0.092 | mean_robot_dist=inf | raw_reward=20.000 | adjusted_reward=20.000 | coop_agents=0/5 | mean_coop_neighbors=0.00 | active_neighbor_step_rate=0.764 | mean_active_neighbors_step=1.545 | max_active_neighbors_step=4 | interaction_reward=0.0000 | abs_interaction_reward=0.0000 | anti_stag_reward=0.0000 | abs_anti_stag_reward=0.0000 | wall_clear_reward=0.0000 | abs_wall_clear_reward=0.0000 | local_nav_reward=0.0000 | abs_local_nav_reward=0.0000 | robot_proximity_reward=-0.5307 | abs_robot_proximity_reward=0.5307 | robot_clearance_reward=0.1099 | context_neighbors_mean=1.64 | context_neighbors_max=4 | last_context_neighbors_mean=0.00 | last_context_neighbors_max=0 | actor_unlocked=1 | expl_noise=0.0707 | replay=36092 | interaction_replay=15848 | samples/sec=8.303
Actor gradient gate | passed=1 | safety_samples=159 | linear_positive_share=0.107 | angular_one_sided_share=0.849
Episode 447 complete | agent_samples=36160 | env_steps=14918 | episode_env_steps=20 | episode_agent_samples=68 | mean_reward=115.516 | success=5/5 | collision=0/5 | mean_final_distance=0.235 | mean_progress=0.0155 | min_laser=0.552 | mean_lin=0.999 | mean_ang=0.297 | mean_robot_dist=inf | raw_reward=20.000 | adjusted_reward=20.000 | coop_agents=0/5 | mean_coop_neighbors=0.00 | active_neighbor_step_rate=0.824 | mean_active_neighbors_step=1.824 | max_active_neighbors_step=4 | interaction_reward=0.0000 | abs_interaction_reward=0.0000 | anti_stag_reward=0.0000 | abs_anti_stag_reward=0.0000 | wall_clear_reward=0.0000 | abs_wall_clear_reward=0.0000 | local_nav_reward=0.0000 | abs_local_nav_reward=0.0000 | robot_proximity_reward=-0.6295 | abs_robot_proximity_reward=0.6295 | robot_clearance_reward=0.1072 | context_neighbors_mean=1.91 | context_neighbors_max=4 | last_context_neighbors_mean=0.00 | last_context_neighbors_max=0 | actor_unlocked=1 | expl_noise=0.0707 | replay=36160 | interaction_replay=15895 | samples/sec=8.310
Actor gradient gate | passed=1 | safety_samples=173 | linear_positive_share=0.150 | angular_one_sided_share=0.792
Episode 448 complete | agent_samples=36238 | env_steps=14945 | episode_env_steps=27 | episode_agent_samples=78 | mean_reward=113.232 | success=5/5 | collision=0/5 | mean_final_distance=0.238 | mean_progress=0.0272 | min_laser=0.524 | mean_lin=0.799 | mean_ang=0.104 | mean_robot_dist=inf | raw_reward=20.000 | adjusted_reward=20.000 | coop_agents=0/5 | mean_coop_neighbors=0.00 | active_neighbor_step_rate=0.885 | mean_active_neighbors_step=1.795 | max_active_neighbors_step=4 | interaction_reward=0.0000 | abs_interaction_reward=0.0000 | anti_stag_reward=0.0000 | abs_anti_stag_reward=0.0000 | wall_clear_reward=0.0000 | abs_wall_clear_reward=0.0000 | local_nav_reward=0.0000 | abs_local_nav_reward=0.0000 | robot_proximity_reward=-0.4877 | abs_robot_proximity_reward=0.4877 | robot_clearance_reward=0.0256 | context_neighbors_mean=1.83 | context_neighbors_max=4 | last_context_neighbors_mean=0.00 | last_context_neighbors_max=0 | actor_unlocked=1 | expl_noise=0.0707 | replay=36238 | interaction_replay=15918 | samples/sec=8.316
Actor gradient gate | passed=1 | safety_samples=151 | linear_positive_share=0.093 | angular_one_sided_share=0.795
Episode 449 complete | agent_samples=36408 | env_steps=15015 | episode_env_steps=70 | episode_agent_samples=170 | mean_reward=126.738 | success=5/5 | collision=0/5 | mean_final_distance=0.271 | mean_progress=0.0072 | min_laser=0.385 | mean_lin=0.992 | mean_ang=0.232 | mean_robot_dist=inf | raw_reward=20.000 | adjusted_reward=20.000 | coop_agents=0/5 | mean_coop_neighbors=0.00 | active_neighbor_step_rate=0.635 | mean_active_neighbors_step=1.276 | max_active_neighbors_step=4 | interaction_reward=0.0000 | abs_interaction_reward=0.0000 | anti_stag_reward=0.0000 | abs_anti_stag_reward=0.0000 | wall_clear_reward=0.0000 | abs_wall_clear_reward=0.0000 | local_nav_reward=0.0000 | abs_local_nav_reward=0.0000 | robot_proximity_reward=-0.0673 | abs_robot_proximity_reward=0.0673 | robot_clearance_reward=0.0335 | context_neighbors_mean=1.26 | context_neighbors_max=4 | last_context_neighbors_mean=0.00 | last_context_neighbors_max=0 | actor_unlocked=1 | expl_noise=0.0706 | replay=36408 | interaction_replay=15984 | samples/sec=8.326
Actor gradient gate | passed=1 | safety_samples=175 | linear_positive_share=0.126 | angular_one_sided_share=0.794
Episode 450 complete | agent_samples=36785 | env_steps=15315 | episode_env_steps=300 | episode_agent_samples=377 | mean_reward=102.839 | success=4/5 | collision=0/5 | mean_final_distance=0.657 | mean_progress=0.0000 | min_laser=0.573 | mean_lin=0.447 | mean_ang=-0.405 | mean_robot_dist=inf | raw_reward=-0.002 | adjusted_reward=-0.002 | coop_agents=0/5 | mean_coop_neighbors=0.00 | active_neighbor_step_rate=0.170 | mean_active_neighbors_step=0.424 | max_active_neighbors_step=4 | interaction_reward=0.0000 | abs_interaction_reward=0.0000 | anti_stag_reward=0.0000 | abs_anti_stag_reward=0.0000 | wall_clear_reward=0.0000 | abs_wall_clear_reward=0.0000 | local_nav_reward=0.0000 | abs_local_nav_reward=0.0000 | robot_proximity_reward=-0.0215 | abs_robot_proximity_reward=0.0215 | robot_clearance_reward=0.0119 | context_neighbors_mean=0.44 | context_neighbors_max=4 | last_context_neighbors_mean=0.00 | last_context_neighbors_max=0 | actor_unlocked=1 | expl_noise=0.0704 | replay=36785 | interaction_replay=16040 | samples/sec=8.291
Status | epoch=2 | next_eval_in=3215 agent_samples | checkpoint_every=10 episodes | checkpoint=./checkpoints/interaction_focused_actor_from_5a_s20260725_latest.pt | model=interaction_focused_actor_from_5a_s20260725
Checkpoint saved: ./checkpoints/interaction_focused_actor_from_5a_s20260725_latest.pt
Actor gradient gate | passed=1 | safety_samples=172 | linear_positive_share=0.151 | angular_one_sided_share=0.814
Episode 451 complete | agent_samples=36840 | env_steps=15338 | episode_env_steps=23 | episode_agent_samples=55 | mean_reward=-16.579 | success=2/5 | collision=3/5 | mean_final_distance=0.626 | mean_progress=0.0130 | min_laser=0.300 | mean_lin=0.799 | mean_ang=-0.200 | mean_robot_dist=inf | raw_reward=-20.000 | adjusted_reward=-20.000 | coop_agents=0/5 | mean_coop_neighbors=0.00 | active_neighbor_step_rate=0.709 | mean_active_neighbors_step=1.764 | max_active_neighbors_step=4 | interaction_reward=0.0000 | abs_interaction_reward=0.0000 | anti_stag_reward=0.0000 | abs_anti_stag_reward=0.0000 | wall_clear_reward=0.0000 | abs_wall_clear_reward=0.0000 | local_nav_reward=0.0000 | abs_local_nav_reward=0.0000 | robot_proximity_reward=-0.7105 | abs_robot_proximity_reward=0.7105 | robot_clearance_reward=0.0000 | context_neighbors_mean=1.80 | context_neighbors_max=4 | last_context_neighbors_mean=0.00 | last_context_neighbors_max=0 | actor_unlocked=1 | expl_noise=0.0704 | replay=36840 | interaction_replay=16078 | samples/sec=8.292
Actor gradient gate | passed=1 | safety_samples=164 | linear_positive_share=0.104 | angular_one_sided_share=0.811
Episode 452 complete | agent_samples=36913 | env_steps=15370 | episode_env_steps=32 | episode_agent_samples=73 | mean_reward=70.602 | success=4/5 | collision=1/5 | mean_final_distance=0.500 | mean_progress=0.0089 | min_laser=0.310 | mean_lin=0.843 | mean_ang=0.581 | mean_robot_dist=inf | raw_reward=20.000 | adjusted_reward=20.000 | coop_agents=0/5 | mean_coop_neighbors=0.00 | active_neighbor_step_rate=0.630 | mean_active_neighbors_step=1.781 | max_active_neighbors_step=4 | interaction_reward=0.0000 | abs_interaction_reward=0.0000 | anti_stag_reward=0.0000 | abs_anti_stag_reward=0.0000 | wall_clear_reward=0.0000 | abs_wall_clear_reward=0.0000 | local_nav_reward=0.0000 | abs_local_nav_reward=0.0000 | robot_proximity_reward=-0.4648 | abs_robot_proximity_reward=0.4648 | robot_clearance_reward=0.0274 | context_neighbors_mean=1.84 | context_neighbors_max=4 | last_context_neighbors_mean=0.00 | last_context_neighbors_max=0 | actor_unlocked=1 | expl_noise=0.0704 | replay=36913 | interaction_replay=16125 | samples/sec=8.295
Actor gradient gate | passed=1 | safety_samples=159 | linear_positive_share=0.151 | angular_one_sided_share=0.868
Episode 453 complete | agent_samples=37293 | env_steps=15670 | episode_env_steps=300 | episode_agent_samples=380 | mean_reward=95.883 | success=4/5 | collision=0/5 | mean_final_distance=0.597 | mean_progress=0.0000 | min_laser=0.588 | mean_lin=0.800 | mean_ang=0.162 | mean_robot_dist=inf | raw_reward=-0.049 | adjusted_reward=-0.049 | coop_agents=0/5 | mean_coop_neighbors=0.00 | active_neighbor_step_rate=0.182 | mean_active_neighbors_step=0.439 | max_active_neighbors_step=4 | interaction_reward=0.0000 | abs_interaction_reward=0.0000 | anti_stag_reward=0.0000 | abs_anti_stag_reward=0.0000 | wall_clear_reward=0.0000 | abs_wall_clear_reward=0.0000 | local_nav_reward=0.0000 | abs_local_nav_reward=0.0000 | robot_proximity_reward=-0.0299 | abs_robot_proximity_reward=0.0299 | robot_clearance_reward=0.0098 | context_neighbors_mean=0.46 | context_neighbors_max=4 | last_context_neighbors_mean=0.00 | last_context_neighbors_max=0 | actor_unlocked=1 | expl_noise=0.0702 | replay=37293 | interaction_replay=16191 | samples/sec=8.261
Actor gradient gate | passed=1 | safety_samples=167 | linear_positive_share=0.120 | angular_one_sided_share=0.880
Episode 454 complete | agent_samples=37341 | env_steps=15682 | episode_env_steps=12 | episode_agent_samples=48 | mean_reward=105.276 | success=5/5 | collision=0/5 | mean_final_distance=0.231 | mean_progress=0.0226 | min_laser=0.660 | mean_lin=0.987 | mean_ang=0.208 | mean_robot_dist=inf | raw_reward=20.000 | adjusted_reward=20.000 | coop_agents=0/5 | mean_coop_neighbors=0.00 | active_neighbor_step_rate=0.958 | mean_active_neighbors_step=2.312 | max_active_neighbors_step=4 | interaction_reward=0.0000 | abs_interaction_reward=0.0000 | anti_stag_reward=0.0000 | abs_anti_stag_reward=0.0000 | wall_clear_reward=0.0000 | abs_wall_clear_reward=0.0000 | local_nav_reward=0.0000 | abs_local_nav_reward=0.0000 | robot_proximity_reward=-0.4245 | abs_robot_proximity_reward=0.4245 | robot_clearance_reward=0.1250 | context_neighbors_mean=2.44 | context_neighbors_max=4 | last_context_neighbors_mean=0.00 | last_context_neighbors_max=0 | actor_unlocked=1 | expl_noise=0.0702 | replay=37341 | interaction_replay=16230 | samples/sec=8.267
Actor gradient gate | passed=1 | safety_samples=170 | linear_positive_share=0.159 | angular_one_sided_share=0.876
Episode 455 complete | agent_samples=37413 | env_steps=15702 | episode_env_steps=20 | episode_agent_samples=72 | mean_reward=118.393 | success=5/5 | collision=0/5 | mean_final_distance=0.262 | mean_progress=0.0229 | min_laser=0.535 | mean_lin=1.000 | mean_ang=0.507 | mean_robot_dist=inf | raw_reward=20.000 | adjusted_reward=20.000 | coop_agents=0/5 | mean_coop_neighbors=0.00 | active_neighbor_step_rate=0.694 | mean_active_neighbors_step=1.556 | max_active_neighbors_step=4 | interaction_reward=0.0000 | abs_interaction_reward=0.0000 | anti_stag_reward=0.0000 | abs_anti_stag_reward=0.0000 | wall_clear_reward=0.0000 | abs_wall_clear_reward=0.0000 | local_nav_reward=0.0000 | abs_local_nav_reward=0.0000 | robot_proximity_reward=-0.2608 | abs_robot_proximity_reward=0.2608 | robot_clearance_reward=0.0938 | context_neighbors_mean=1.56 | context_neighbors_max=4 | last_context_neighbors_mean=0.00 | last_context_neighbors_max=0 | actor_unlocked=1 | expl_noise=0.0702 | replay=37413 | interaction_replay=16257 | samples/sec=8.274
Status | epoch=2 | next_eval_in=2587 agent_samples | checkpoint_every=10 episodes | checkpoint=./checkpoints/interaction_focused_actor_from_5a_s20260725_latest.pt | model=interaction_focused_actor_from_5a_s20260725
Actor gradient gate | passed=1 | safety_samples=155 | linear_positive_share=0.219 | angular_one_sided_share=0.871
Episode 456 complete | agent_samples=37524 | env_steps=15755 | episode_env_steps=53 | episode_agent_samples=111 | mean_reward=30.044 | success=3/5 | collision=2/5 | mean_final_distance=0.453 | mean_progress=0.0061 | min_laser=0.333 | mean_lin=0.980 | mean_ang=0.173 | mean_robot_dist=inf | raw_reward=20.000 | adjusted_reward=20.000 | coop_agents=0/5 | mean_coop_neighbors=0.00 | active_neighbor_step_rate=0.595 | mean_active_neighbors_step=1.081 | max_active_neighbors_step=4 | interaction_reward=0.0000 | abs_interaction_reward=0.0000 | anti_stag_reward=0.0000 | abs_anti_stag_reward=0.0000 | wall_clear_reward=0.0000 | abs_wall_clear_reward=0.0000 | local_nav_reward=0.0000 | abs_local_nav_reward=0.0000 | robot_proximity_reward=-0.2754 | abs_robot_proximity_reward=0.2754 | robot_clearance_reward=0.0134 | context_neighbors_mean=1.12 | context_neighbors_max=4 | last_context_neighbors_mean=0.00 | last_context_neighbors_max=0 | actor_unlocked=1 | expl_noise=0.0702 | replay=37524 | interaction_replay=16291 | samples/sec=8.278
Actor gradient gate | passed=1 | safety_samples=161 | linear_positive_share=0.161 | angular_one_sided_share=0.870
Episode 457 complete | agent_samples=37581 | env_steps=15777 | episode_env_steps=22 | episode_agent_samples=57 | mean_reward=28.998 | success=3/5 | collision=2/5 | mean_final_distance=0.507 | mean_progress=0.0165 | min_laser=0.300 | mean_lin=1.000 | mean_ang=0.607 | mean_robot_dist=inf | raw_reward=20.000 | adjusted_reward=20.000 | coop_agents=0/5 | mean_coop_neighbors=0.00 | active_neighbor_step_rate=0.754 | mean_active_neighbors_step=1.754 | max_active_neighbors_step=4 | interaction_reward=0.0000 | abs_interaction_reward=0.0000 | anti_stag_reward=0.0000 | abs_anti_stag_reward=0.0000 | wall_clear_reward=0.0000 | abs_wall_clear_reward=0.0000 | local_nav_reward=0.0000 | abs_local_nav_reward=0.0000 | robot_proximity_reward=-0.8114 | abs_robot_proximity_reward=0.8114 | robot_clearance_reward=0.0686 | context_neighbors_mean=1.82 | context_neighbors_max=4 | last_context_neighbors_mean=0.00 | last_context_neighbors_max=0 | actor_unlocked=1 | expl_noise=0.0701 | replay=37581 | interaction_replay=16334 | samples/sec=8.281
Actor gradient gate | passed=1 | safety_samples=159 | linear_positive_share=0.126 | angular_one_sided_share=0.855
Episode 458 complete | agent_samples=37702 | env_steps=15841 | episode_env_steps=64 | episode_agent_samples=121 | mean_reward=115.810 | success=5/5 | collision=0/5 | mean_final_distance=0.259 | mean_progress=0.0134 | min_laser=0.404 | mean_lin=0.789 | mean_ang=-0.997 | mean_robot_dist=inf | raw_reward=20.000 | adjusted_reward=20.000 | coop_agents=0/5 | mean_coop_neighbors=0.00 | active_neighbor_step_rate=0.537 | mean_active_neighbors_step=1.372 | max_active_neighbors_step=4 | interaction_reward=0.0000 | abs_interaction_reward=0.0000 | anti_stag_reward=0.0000 | abs_anti_stag_reward=0.0000 | wall_clear_reward=0.0000 | abs_wall_clear_reward=0.0000 | local_nav_reward=0.0000 | abs_local_nav_reward=0.0000 | robot_proximity_reward=-0.3015 | abs_robot_proximity_reward=0.3015 | robot_clearance_reward=0.0635 | context_neighbors_mean=1.40 | context_neighbors_max=4 | last_context_neighbors_mean=0.00 | last_context_neighbors_max=0 | actor_unlocked=1 | expl_noise=0.0701 | replay=37702 | interaction_replay=16394 | samples/sec=8.282
Actor gradient gate | passed=1 | safety_samples=167 | linear_positive_share=0.108 | angular_one_sided_share=0.850
Episode 459 complete | agent_samples=37769 | env_steps=15858 | episode_env_steps=17 | episode_agent_samples=67 | mean_reward=77.491 | success=4/5 | collision=1/5 | mean_final_distance=0.554 | mean_progress=0.0267 | min_laser=0.337 | mean_lin=0.679 | mean_ang=-0.073 | mean_robot_dist=2.436 | raw_reward=0.000 | adjusted_reward=0.000 | coop_agents=2/5 | mean_coop_neighbors=0.40 | active_neighbor_step_rate=0.925 | mean_active_neighbors_step=1.552 | max_active_neighbors_step=4 | interaction_reward=0.0000 | abs_interaction_reward=0.0000 | anti_stag_reward=0.0000 | abs_anti_stag_reward=0.0000 | wall_clear_reward=0.0000 | abs_wall_clear_reward=0.0000 | local_nav_reward=0.0000 | abs_local_nav_reward=0.0000 | robot_proximity_reward=-0.0951 | abs_robot_proximity_reward=0.0951 | robot_clearance_reward=0.0686 | context_neighbors_mean=1.58 | context_neighbors_max=4 | last_context_neighbors_mean=0.00 | last_context_neighbors_max=0 | actor_unlocked=1 | expl_noise=0.0701 | replay=37769 | interaction_replay=16422 | samples/sec=8.290
Actor gradient gate | passed=1 | safety_samples=168 | linear_positive_share=0.143 | angular_one_sided_share=0.899
Episode 460 complete | agent_samples=37830 | env_steps=15873 | episode_env_steps=15 | episode_agent_samples=61 | mean_reward=22.548 | success=3/5 | collision=2/5 | mean_final_distance=0.494 | mean_progress=0.0054 | min_laser=0.300 | mean_lin=0.797 | mean_ang=-0.256 | mean_robot_dist=inf | raw_reward=20.000 | adjusted_reward=20.000 | coop_agents=0/5 | mean_coop_neighbors=0.00 | active_neighbor_step_rate=0.852 | mean_active_neighbors_step=2.230 | max_active_neighbors_step=4 | interaction_reward=0.0000 | abs_interaction_reward=0.0000 | anti_stag_reward=0.0000 | abs_anti_stag_reward=0.0000 | wall_clear_reward=0.0000 | abs_wall_clear_reward=0.0000 | local_nav_reward=0.0000 | abs_local_nav_reward=0.0000 | robot_proximity_reward=-1.0427 | abs_robot_proximity_reward=1.0427 | robot_clearance_reward=0.0271 | context_neighbors_mean=2.31 | context_neighbors_max=4 | last_context_neighbors_mean=0.00 | last_context_neighbors_max=0 | actor_unlocked=1 | expl_noise=0.0701 | replay=37830 | interaction_replay=16457 | samples/sec=8.297
Status | epoch=2 | next_eval_in=2170 agent_samples | checkpoint_every=10 episodes | checkpoint=./checkpoints/interaction_focused_actor_from_5a_s20260725_latest.pt | model=interaction_focused_actor_from_5a_s20260725
Checkpoint saved: ./checkpoints/interaction_focused_actor_from_5a_s20260725_latest.pt
Actor gradient gate | passed=1 | safety_samples=158 | linear_positive_share=0.196 | angular_one_sided_share=0.854
Episode 461 complete | agent_samples=37913 | env_steps=15926 | episode_env_steps=53 | episode_agent_samples=83 | mean_reward=11.533 | success=3/5 | collision=2/5 | mean_final_distance=0.666 | mean_progress=0.0174 | min_laser=0.301 | mean_lin=1.000 | mean_ang=-0.186 | mean_robot_dist=inf | raw_reward=20.000 | adjusted_reward=20.000 | coop_agents=0/5 | mean_coop_neighbors=0.00 | active_neighbor_step_rate=0.410 | mean_active_neighbors_step=0.831 | max_active_neighbors_step=4 | interaction_reward=0.0000 | abs_interaction_reward=0.0000 | anti_stag_reward=0.0000 | abs_anti_stag_reward=0.0000 | wall_clear_reward=0.0000 | abs_wall_clear_reward=0.0000 | local_nav_reward=0.0000 | abs_local_nav_reward=0.0000 | robot_proximity_reward=-0.5959 | abs_robot_proximity_reward=0.5959 | robot_clearance_reward=0.0000 | context_neighbors_mean=0.84 | context_neighbors_max=4 | last_context_neighbors_mean=0.00 | last_context_neighbors_max=0 | actor_unlocked=1 | expl_noise=0.0700 | replay=37913 | interaction_replay=16465 | samples/sec=8.293
Actor gradient gate | passed=1 | safety_samples=169 | linear_positive_share=0.195 | angular_one_sided_share=0.817
Episode 462 complete | agent_samples=38039 | env_steps=15975 | episode_env_steps=49 | episode_agent_samples=126 | mean_reward=60.683 | success=4/5 | collision=1/5 | mean_final_distance=0.431 | mean_progress=0.0101 | min_laser=0.300 | mean_lin=0.792 | mean_ang=-0.966 | mean_robot_dist=inf | raw_reward=20.000 | adjusted_reward=20.000 | coop_agents=0/5 | mean_coop_neighbors=0.00 | active_neighbor_step_rate=0.675 | mean_active_neighbors_step=1.421 | max_active_neighbors_step=4 | interaction_reward=0.0000 | abs_interaction_reward=0.0000 | anti_stag_reward=0.0000 | abs_anti_stag_reward=0.0000 | wall_clear_reward=0.0000 | abs_wall_clear_reward=0.0000 | local_nav_reward=0.0000 | abs_local_nav_reward=0.0000 | robot_proximity_reward=-0.5470 | abs_robot_proximity_reward=0.5470 | robot_clearance_reward=0.0618 | context_neighbors_mean=1.49 | context_neighbors_max=4 | last_context_neighbors_mean=0.00 | last_context_neighbors_max=0 | actor_unlocked=1 | expl_noise=0.0700 | replay=38039 | interaction_replay=16547 | samples/sec=8.301
Actor gradient gate | passed=1 | safety_samples=153 | linear_positive_share=0.170 | angular_one_sided_share=0.843
Episode 463 complete | agent_samples=38079 | env_steps=15985 | episode_env_steps=10 | episode_agent_samples=40 | mean_reward=64.474 | success=4/5 | collision=1/5 | mean_final_distance=0.613 | mean_progress=0.0241 | min_laser=0.323 | mean_lin=0.981 | mean_ang=0.596 | mean_robot_dist=inf | raw_reward=20.000 | adjusted_reward=20.000 | coop_agents=0/5 | mean_coop_neighbors=0.00 | active_neighbor_step_rate=0.750 | mean_active_neighbors_step=2.050 | max_active_neighbors_step=4 | interaction_reward=0.0000 | abs_interaction_reward=0.0000 | anti_stag_reward=0.0000 | abs_anti_stag_reward=0.0000 | wall_clear_reward=0.0000 | abs_wall_clear_reward=0.0000 | local_nav_reward=0.0000 | abs_local_nav_reward=0.0000 | robot_proximity_reward=-1.4660 | abs_robot_proximity_reward=1.4660 | robot_clearance_reward=0.0500 | context_neighbors_mean=2.08 | context_neighbors_max=4 | last_context_neighbors_mean=0.00 | last_context_neighbors_max=0 | actor_unlocked=1 | expl_noise=0.0700 | replay=38079 | interaction_replay=16570 | samples/sec=8.305
Actor gradient gate | passed=1 | safety_samples=169 | linear_positive_share=0.142 | angular_one_sided_share=0.840
Episode 464 complete | agent_samples=38165 | env_steps=16019 | episode_env_steps=34 | episode_agent_samples=86 | mean_reward=123.535 | success=5/5 | collision=0/5 | mean_final_distance=0.252 | mean_progress=0.0240 | min_laser=0.451 | mean_lin=1.000 | mean_ang=-0.599 | mean_robot_dist=inf | raw_reward=20.000 | adjusted_reward=20.000 | coop_agents=0/5 | mean_coop_neighbors=0.00 | active_neighbor_step_rate=0.535 | mean_active_neighbors_step=1.116 | max_active_neighbors_step=4 | interaction_reward=0.0000 | abs_interaction_reward=0.0000 | anti_stag_reward=0.0000 | abs_anti_stag_reward=0.0000 | wall_clear_reward=0.0000 | abs_wall_clear_reward=0.0000 | local_nav_reward=0.0000 | abs_local_nav_reward=0.0000 | robot_proximity_reward=-0.2023 | abs_robot_proximity_reward=0.2023 | robot_clearance_reward=0.0252 | context_neighbors_mean=1.17 | context_neighbors_max=4 | last_context_neighbors_mean=0.00 | last_context_neighbors_max=0 | actor_unlocked=1 | expl_noise=0.0700 | replay=38165 | interaction_replay=16601 | samples/sec=8.311
Actor gradient gate | passed=1 | safety_samples=161 | linear_positive_share=0.180 | angular_one_sided_share=0.845
Episode 465 complete | agent_samples=38215 | env_steps=16039 | episode_env_steps=20 | episode_agent_samples=50 | mean_reward=19.047 | success=3/5 | collision=2/5 | mean_final_distance=0.651 | mean_progress=0.0149 | min_laser=0.300 | mean_lin=0.592 | mean_ang=0.200 | mean_robot_dist=inf | raw_reward=20.000 | adjusted_reward=20.000 | coop_agents=0/5 | mean_coop_neighbors=0.00 | active_neighbor_step_rate=0.660 | mean_active_neighbors_step=1.500 | max_active_neighbors_step=4 | interaction_reward=0.0000 | abs_interaction_reward=0.0000 | anti_stag_reward=0.0000 | abs_anti_stag_reward=0.0000 | wall_clear_reward=0.0000 | abs_wall_clear_reward=0.0000 | local_nav_reward=0.0000 | abs_local_nav_reward=0.0000 | robot_proximity_reward=-0.6568 | abs_robot_proximity_reward=0.6568 | robot_clearance_reward=0.0400 | context_neighbors_mean=1.56 | context_neighbors_max=4 | last_context_neighbors_mean=0.00 | last_context_neighbors_max=0 | actor_unlocked=1 | expl_noise=0.0700 | replay=38215 | interaction_replay=16635 | samples/sec=8.314
Status | epoch=2 | next_eval_in=1785 agent_samples | checkpoint_every=10 episodes | checkpoint=./checkpoints/interaction_focused_actor_from_5a_s20260725_latest.pt | model=interaction_focused_actor_from_5a_s20260725
Actor gradient gate | passed=1 | safety_samples=146 | linear_positive_share=0.137 | angular_one_sided_share=0.808
Episode 466 complete | agent_samples=38267 | env_steps=16054 | episode_env_steps=15 | episode_agent_samples=52 | mean_reward=22.621 | success=3/5 | collision=2/5 | mean_final_distance=0.918 | mean_progress=0.0275 | min_laser=0.300 | mean_lin=1.000 | mean_ang=0.664 | mean_robot_dist=inf | raw_reward=20.000 | adjusted_reward=20.000 | coop_agents=0/5 | mean_coop_neighbors=0.00 | active_neighbor_step_rate=0.885 | mean_active_neighbors_step=2.212 | max_active_neighbors_step=4 | interaction_reward=0.0000 | abs_interaction_reward=0.0000 | anti_stag_reward=0.0000 | abs_anti_stag_reward=0.0000 | wall_clear_reward=0.0000 | abs_wall_clear_reward=0.0000 | local_nav_reward=0.0000 | abs_local_nav_reward=0.0000 | robot_proximity_reward=-0.8341 | abs_robot_proximity_reward=0.8341 | robot_clearance_reward=0.0000 | context_neighbors_mean=2.21 | context_neighbors_max=4 | last_context_neighbors_mean=0.00 | last_context_neighbors_max=0 | actor_unlocked=1 | expl_noise=0.0700 | replay=38267 | interaction_replay=16657 | samples/sec=8.319
Actor gradient gate | passed=1 | safety_samples=153 | linear_positive_share=0.183 | angular_one_sided_share=0.889
Episode 467 complete | agent_samples=38354 | env_steps=16087 | episode_env_steps=33 | episode_agent_samples=87 | mean_reward=7.158 | success=3/5 | collision=2/5 | mean_final_distance=0.460 | mean_progress=0.0102 | min_laser=0.300 | mean_lin=0.830 | mean_ang=0.200 | mean_robot_dist=inf | raw_reward=20.000 | adjusted_reward=20.000 | coop_agents=0/5 | mean_coop_neighbors=0.00 | active_neighbor_step_rate=0.759 | mean_active_neighbors_step=1.448 | max_active_neighbors_step=4 | interaction_reward=0.0000 | abs_interaction_reward=0.0000 | anti_stag_reward=0.0000 | abs_anti_stag_reward=0.0000 | wall_clear_reward=0.0000 | abs_wall_clear_reward=0.0000 | local_nav_reward=0.0000 | abs_local_nav_reward=0.0000 | robot_proximity_reward=-1.2607 | abs_robot_proximity_reward=1.2607 | robot_clearance_reward=0.0359 | context_neighbors_mean=1.48 | context_neighbors_max=4 | last_context_neighbors_mean=0.00 | last_context_neighbors_max=0 | actor_unlocked=1 | expl_noise=0.0699 | replay=38354 | interaction_replay=16706 | samples/sec=8.325
Actor gradient gate | passed=0 | safety_samples=168 | linear_positive_share=0.125 | angular_one_sided_share=0.917
Episode 468 complete | agent_samples=38479 | env_steps=16130 | episode_env_steps=43 | episode_agent_samples=125 | mean_reward=84.879 | success=4/5 | collision=1/5 | mean_final_distance=0.289 | mean_progress=0.0062 | min_laser=0.300 | mean_lin=0.800 | mean_ang=-0.201 | mean_robot_dist=inf | raw_reward=20.000 | adjusted_reward=20.000 | coop_agents=0/5 | mean_coop_neighbors=0.00 | active_neighbor_step_rate=0.688 | mean_active_neighbors_step=1.280 | max_active_neighbors_step=4 | interaction_reward=0.0000 | abs_interaction_reward=0.0000 | anti_stag_reward=0.0000 | abs_anti_stag_reward=0.0000 | wall_clear_reward=0.0000 | abs_wall_clear_reward=0.0000 | local_nav_reward=0.0000 | abs_local_nav_reward=0.0000 | robot_proximity_reward=0.0000 | abs_robot_proximity_reward=0.0000 | robot_clearance_reward=0.0000 | context_neighbors_mean=1.30 | context_neighbors_max=4 | last_context_neighbors_mean=0.00 | last_context_neighbors_max=0 | actor_unlocked=0 | expl_noise=0.0699 | replay=38479 | interaction_replay=16708 | samples/sec=8.335
Actor gradient gate | passed=1 | safety_samples=163 | linear_positive_share=0.166 | angular_one_sided_share=0.883
Episode 469 complete | agent_samples=38518 | env_steps=16142 | episode_env_steps=12 | episode_agent_samples=39 | mean_reward=23.652 | success=3/5 | collision=2/5 | mean_final_distance=0.780 | mean_progress=0.0210 | min_laser=0.300 | mean_lin=0.794 | mean_ang=0.180 | mean_robot_dist=inf | raw_reward=20.000 | adjusted_reward=20.000 | coop_agents=0/5 | mean_coop_neighbors=0.00 | active_neighbor_step_rate=0.795 | mean_active_neighbors_step=1.846 | max_active_neighbors_step=4 | interaction_reward=0.0000 | abs_interaction_reward=0.0000 | anti_stag_reward=0.0000 | abs_anti_stag_reward=0.0000 | wall_clear_reward=0.0000 | abs_wall_clear_reward=0.0000 | local_nav_reward=0.0000 | abs_local_nav_reward=0.0000 | robot_proximity_reward=-0.9695 | abs_robot_proximity_reward=0.9695 | robot_clearance_reward=0.0000 | context_neighbors_mean=1.82 | context_neighbors_max=4 | last_context_neighbors_mean=0.00 | last_context_neighbors_max=0 | actor_unlocked=1 | expl_noise=0.0699 | replay=38518 | interaction_replay=16734 | samples/sec=8.338
Actor gradient gate | passed=0 | safety_samples=158 | linear_positive_share=0.101 | angular_one_sided_share=0.949
Episode 470 complete | agent_samples=38564 | env_steps=16154 | episode_env_steps=12 | episode_agent_samples=46 | mean_reward=18.420 | success=3/5 | collision=2/5 | mean_final_distance=0.642 | mean_progress=0.0054 | min_laser=0.300 | mean_lin=0.990 | mean_ang=-0.597 | mean_robot_dist=inf | raw_reward=20.000 | adjusted_reward=20.000 | coop_agents=0/5 | mean_coop_neighbors=0.00 | active_neighbor_step_rate=0.848 | mean_active_neighbors_step=2.457 | max_active_neighbors_step=4 | interaction_reward=0.0000 | abs_interaction_reward=0.0000 | anti_stag_reward=0.0000 | abs_anti_stag_reward=0.0000 | wall_clear_reward=0.0000 | abs_wall_clear_reward=0.0000 | local_nav_reward=0.0000 | abs_local_nav_reward=0.0000 | robot_proximity_reward=-1.3101 | abs_robot_proximity_reward=1.3101 | robot_clearance_reward=0.0435 | context_neighbors_mean=2.57 | context_neighbors_max=4 | last_context_neighbors_mean=0.00 | last_context_neighbors_max=0 | actor_unlocked=0 | expl_noise=0.0699 | replay=38564 | interaction_replay=16774 | samples/sec=8.343
Status | epoch=2 | next_eval_in=1436 agent_samples | checkpoint_every=10 episodes | checkpoint=./checkpoints/interaction_focused_actor_from_5a_s20260725_latest.pt | model=interaction_focused_actor_from_5a_s20260725
Checkpoint saved: ./checkpoints/interaction_focused_actor_from_5a_s20260725_latest.pt
Actor gradient gate | passed=1 | safety_samples=150 | linear_positive_share=0.160 | angular_one_sided_share=0.840
Episode 471 complete | agent_samples=38640 | env_steps=16174 | episode_env_steps=20 | episode_agent_samples=76 | mean_reward=37.006 | success=3/5 | collision=2/5 | mean_final_distance=0.423 | mean_progress=-0.0001 | min_laser=0.300 | mean_lin=0.604 | mean_ang=-0.131 | mean_robot_dist=inf | raw_reward=-20.000 | adjusted_reward=-20.000 | coop_agents=0/5 | mean_coop_neighbors=0.00 | active_neighbor_step_rate=0.921 | mean_active_neighbors_step=2.355 | max_active_neighbors_step=4 | interaction_reward=0.0000 | abs_interaction_reward=0.0000 | anti_stag_reward=0.0000 | abs_anti_stag_reward=0.0000 | wall_clear_reward=0.0000 | abs_wall_clear_reward=0.0000 | local_nav_reward=0.0000 | abs_local_nav_reward=0.0000 | robot_proximity_reward=-0.4693 | abs_robot_proximity_reward=0.4693 | robot_clearance_reward=0.0263 | context_neighbors_mean=2.38 | context_neighbors_max=4 | last_context_neighbors_mean=0.00 | last_context_neighbors_max=0 | actor_unlocked=1 | expl_noise=0.0699 | replay=38640 | interaction_replay=16807 | samples/sec=8.350
Actor gradient gate | passed=0 | safety_samples=158 | linear_positive_share=0.095 | angular_one_sided_share=0.911
Episode 472 complete | agent_samples=38682 | env_steps=16184 | episode_env_steps=10 | episode_agent_samples=42 | mean_reward=63.194 | success=4/5 | collision=1/5 | mean_final_distance=0.514 | mean_progress=0.0197 | min_laser=0.300 | mean_lin=0.800 | mean_ang=0.302 | mean_robot_dist=inf | raw_reward=20.000 | adjusted_reward=20.000 | coop_agents=0/5 | mean_coop_neighbors=0.00 | active_neighbor_step_rate=0.952 | mean_active_neighbors_step=2.095 | max_active_neighbors_step=4 | interaction_reward=0.0000 | abs_interaction_reward=0.0000 | anti_stag_reward=0.0000 | abs_anti_stag_reward=0.0000 | wall_clear_reward=0.0000 | abs_wall_clear_reward=0.0000 | local_nav_reward=0.0000 | abs_local_nav_reward=0.0000 | robot_proximity_reward=-0.9465 | abs_robot_proximity_reward=0.9465 | robot_clearance_reward=0.0476 | context_neighbors_mean=2.21 | context_neighbors_max=4 | last_context_neighbors_mean=0.00 | last_context_neighbors_max=0 | actor_unlocked=0 | expl_noise=0.0699 | replay=38682 | interaction_replay=16847 | samples/sec=8.355
Actor gradient gate | passed=1 | safety_samples=164 | linear_positive_share=0.201 | angular_one_sided_share=0.811
Episode 473 complete | agent_samples=38752 | env_steps=16215 | episode_env_steps=31 | episode_agent_samples=70 | mean_reward=37.946 | success=3/5 | collision=2/5 | mean_final_distance=0.772 | mean_progress=0.0027 | min_laser=0.300 | mean_lin=0.990 | mean_ang=-0.600 | mean_robot_dist=inf | raw_reward=20.000 | adjusted_reward=20.000 | coop_agents=0/5 | mean_coop_neighbors=0.00 | active_neighbor_step_rate=0.600 | mean_active_neighbors_step=1.271 | max_active_neighbors_step=4 | interaction_reward=0.0000 | abs_interaction_reward=0.0000 | anti_stag_reward=0.0000 | abs_anti_stag_reward=0.0000 | wall_clear_reward=0.0000 | abs_wall_clear_reward=0.0000 | local_nav_reward=0.0000 | abs_local_nav_reward=0.0000 | robot_proximity_reward=-0.4827 | abs_robot_proximity_reward=0.4827 | robot_clearance_reward=0.0000 | context_neighbors_mean=1.29 | context_neighbors_max=4 | last_context_neighbors_mean=0.00 | last_context_neighbors_max=0 | actor_unlocked=1 | expl_noise=0.0699 | replay=38752 | interaction_replay=16871 | samples/sec=8.358
Actor gradient gate | passed=1 | safety_samples=178 | linear_positive_share=0.152 | angular_one_sided_share=0.826
Episode 474 complete | agent_samples=38828 | env_steps=16248 | episode_env_steps=33 | episode_agent_samples=76 | mean_reward=12.664 | success=3/5 | collision=2/5 | mean_final_distance=0.987 | mean_progress=0.0156 | min_laser=0.307 | mean_lin=0.815 | mean_ang=0.582 | mean_robot_dist=inf | raw_reward=20.000 | adjusted_reward=20.000 | coop_agents=0/5 | mean_coop_neighbors=0.00 | active_neighbor_step_rate=0.750 | mean_active_neighbors_step=1.658 | max_active_neighbors_step=4 | interaction_reward=0.0000 | abs_interaction_reward=0.0000 | anti_stag_reward=0.0000 | abs_anti_stag_reward=0.0000 | wall_clear_reward=0.0000 | abs_wall_clear_reward=0.0000 | local_nav_reward=0.0000 | abs_local_nav_reward=0.0000 | robot_proximity_reward=-0.8066 | abs_robot_proximity_reward=0.8066 | robot_clearance_reward=0.0000 | context_neighbors_mean=1.67 | context_neighbors_max=4 | last_context_neighbors_mean=0.00 | last_context_neighbors_max=0 | actor_unlocked=1 | expl_noise=0.0698 | replay=38828 | interaction_replay=16890 | samples/sec=8.361
Actor gradient gate | passed=1 | safety_samples=165 | linear_positive_share=0.127 | angular_one_sided_share=0.830
Episode 475 complete | agent_samples=38897 | env_steps=16276 | episode_env_steps=28 | episode_agent_samples=69 | mean_reward=58.914 | success=4/5 | collision=1/5 | mean_final_distance=0.459 | mean_progress=0.0093 | min_laser=0.300 | mean_lin=0.608 | mean_ang=-0.598 | mean_robot_dist=inf | raw_reward=20.000 | adjusted_reward=20.000 | coop_agents=0/5 | mean_coop_neighbors=0.00 | active_neighbor_step_rate=0.696 | mean_active_neighbors_step=1.623 | max_active_neighbors_step=4 | interaction_reward=0.0000 | abs_interaction_reward=0.0000 | anti_stag_reward=0.0000 | abs_anti_stag_reward=0.0000 | wall_clear_reward=0.0000 | abs_wall_clear_reward=0.0000 | local_nav_reward=0.0000 | abs_local_nav_reward=0.0000 | robot_proximity_reward=-0.9004 | abs_robot_proximity_reward=0.9004 | robot_clearance_reward=0.0290 | context_neighbors_mean=1.59 | context_neighbors_max=4 | last_context_neighbors_mean=0.00 | last_context_neighbors_max=0 | actor_unlocked=1 | expl_noise=0.0698 | replay=38897 | interaction_replay=16937 | samples/sec=8.365
Status | epoch=2 | next_eval_in=1103 agent_samples | checkpoint_every=10 episodes | checkpoint=./checkpoints/interaction_focused_actor_from_5a_s20260725_latest.pt | model=interaction_focused_actor_from_5a_s20260725
Actor gradient gate | passed=1 | safety_samples=180 | linear_positive_share=0.189 | angular_one_sided_share=0.833
Episode 476 complete | agent_samples=39000 | env_steps=16327 | episode_env_steps=51 | episode_agent_samples=103 | mean_reward=60.868 | success=4/5 | collision=1/5 | mean_final_distance=0.520 | mean_progress=0.0074 | min_laser=0.314 | mean_lin=1.000 | mean_ang=0.177 | mean_robot_dist=inf | raw_reward=20.000 | adjusted_reward=20.000 | coop_agents=0/5 | mean_coop_neighbors=0.00 | active_neighbor_step_rate=0.553 | mean_active_neighbors_step=1.233 | max_active_neighbors_step=4 | interaction_reward=0.0000 | abs_interaction_reward=0.0000 | anti_stag_reward=0.0000 | abs_anti_stag_reward=0.0000 | wall_clear_reward=0.0000 | abs_wall_clear_reward=0.0000 | local_nav_reward=0.0000 | abs_local_nav_reward=0.0000 | robot_proximity_reward=-0.3297 | abs_robot_proximity_reward=0.3297 | robot_clearance_reward=0.0194 | context_neighbors_mean=1.26 | context_neighbors_max=4 | last_context_neighbors_mean=0.00 | last_context_neighbors_max=0 | actor_unlocked=1 | expl_noise=0.0698 | replay=39000 | interaction_replay=16956 | samples/sec=8.367
Actor gradient gate | passed=1 | safety_samples=166 | linear_positive_share=0.139 | angular_one_sided_share=0.861
Episode 477 complete | agent_samples=39088 | env_steps=16360 | episode_env_steps=33 | episode_agent_samples=88 | mean_reward=125.071 | success=5/5 | collision=0/5 | mean_final_distance=0.258 | mean_progress=0.0220 | min_laser=0.855 | mean_lin=0.600 | mean_ang=0.129 | mean_robot_dist=inf | raw_reward=20.000 | adjusted_reward=20.000 | coop_agents=0/5 | mean_coop_neighbors=0.00 | active_neighbor_step_rate=0.432 | mean_active_neighbors_step=0.886 | max_active_neighbors_step=4 | interaction_reward=0.0000 | abs_interaction_reward=0.0000 | anti_stag_reward=0.0000 | abs_anti_stag_reward=0.0000 | wall_clear_reward=0.0000 | abs_wall_clear_reward=0.0000 | local_nav_reward=0.0000 | abs_local_nav_reward=0.0000 | robot_proximity_reward=0.0000 | abs_robot_proximity_reward=0.0000 | robot_clearance_reward=0.0000 | context_neighbors_mean=0.92 | context_neighbors_max=4 | last_context_neighbors_mean=0.00 | last_context_neighbors_max=0 | actor_unlocked=1 | expl_noise=0.0698 | replay=39088 | interaction_replay=16984 | samples/sec=8.373
Actor gradient gate | passed=1 | safety_samples=174 | linear_positive_share=0.172 | angular_one_sided_share=0.851
Episode 478 complete | agent_samples=39169 | env_steps=16386 | episode_env_steps=26 | episode_agent_samples=81 | mean_reward=110.153 | success=5/5 | collision=0/5 | mean_final_distance=0.263 | mean_progress=0.0183 | min_laser=0.736 | mean_lin=1.000 | mean_ang=0.268 | mean_robot_dist=inf | raw_reward=20.000 | adjusted_reward=20.000 | coop_agents=0/5 | mean_coop_neighbors=0.00 | active_neighbor_step_rate=0.617 | mean_active_neighbors_step=1.111 | max_active_neighbors_step=4 | interaction_reward=0.0000 | abs_interaction_reward=0.0000 | anti_stag_reward=0.0000 | abs_anti_stag_reward=0.0000 | wall_clear_reward=0.0000 | abs_wall_clear_reward=0.0000 | local_nav_reward=0.0000 | abs_local_nav_reward=0.0000 | robot_proximity_reward=-0.1557 | abs_robot_proximity_reward=0.1557 | robot_clearance_reward=0.0347 | context_neighbors_mean=1.16 | context_neighbors_max=4 | last_context_neighbors_mean=0.00 | last_context_neighbors_max=0 | actor_unlocked=1 | expl_noise=0.0698 | replay=39169 | interaction_replay=17026 | samples/sec=8.380
Actor gradient gate | passed=1 | safety_samples=147 | linear_positive_share=0.204 | angular_one_sided_share=0.871
Episode 479 complete | agent_samples=39238 | env_steps=16421 | episode_env_steps=35 | episode_agent_samples=69 | mean_reward=-29.210 | success=2/5 | collision=3/5 | mean_final_distance=0.855 | mean_progress=0.0231 | min_laser=0.300 | mean_lin=0.800 | mean_ang=0.050 | mean_robot_dist=inf | raw_reward=20.000 | adjusted_reward=20.000 | coop_agents=0/5 | mean_coop_neighbors=0.00 | active_neighbor_step_rate=0.638 | mean_active_neighbors_step=1.812 | max_active_neighbors_step=4 | interaction_reward=0.0000 | abs_interaction_reward=0.0000 | anti_stag_reward=0.0000 | abs_anti_stag_reward=0.0000 | wall_clear_reward=0.0000 | abs_wall_clear_reward=0.0000 | local_nav_reward=0.0000 | abs_local_nav_reward=0.0000 | robot_proximity_reward=-0.7063 | abs_robot_proximity_reward=0.7063 | robot_clearance_reward=0.0000 | context_neighbors_mean=1.83 | context_neighbors_max=4 | last_context_neighbors_mean=0.00 | last_context_neighbors_max=0 | actor_unlocked=1 | expl_noise=0.0697 | replay=39238 | interaction_replay=17048 | samples/sec=8.381
Actor gradient gate | passed=1 | safety_samples=150 | linear_positive_share=0.107 | angular_one_sided_share=0.893
Episode 480 complete | agent_samples=39312 | env_steps=16441 | episode_env_steps=20 | episode_agent_samples=74 | mean_reward=28.664 | success=3/5 | collision=2/5 | mean_final_distance=0.540 | mean_progress=0.0270 | min_laser=0.300 | mean_lin=0.984 | mean_ang=0.189 | mean_robot_dist=inf | raw_reward=20.000 | adjusted_reward=20.000 | coop_agents=0/5 | mean_coop_neighbors=0.00 | active_neighbor_step_rate=0.770 | mean_active_neighbors_step=2.149 | max_active_neighbors_step=4 | interaction_reward=0.0000 | abs_interaction_reward=0.0000 | anti_stag_reward=0.0000 | abs_anti_stag_reward=0.0000 | wall_clear_reward=0.0000 | abs_wall_clear_reward=0.0000 | local_nav_reward=0.0000 | abs_local_nav_reward=0.0000 | robot_proximity_reward=-1.0903 | abs_robot_proximity_reward=1.0903 | robot_clearance_reward=0.0541 | context_neighbors_mean=2.26 | context_neighbors_max=4 | last_context_neighbors_mean=0.00 | last_context_neighbors_max=0 | actor_unlocked=1 | expl_noise=0.0697 | replay=39312 | interaction_replay=17103 | samples/sec=8.388
Status | epoch=2 | next_eval_in=688 agent_samples | checkpoint_every=10 episodes | checkpoint=./checkpoints/interaction_focused_actor_from_5a_s20260725_latest.pt | model=interaction_focused_actor_from_5a_s20260725
Checkpoint saved: ./checkpoints/interaction_focused_actor_from_5a_s20260725_latest.pt
Actor gradient gate | passed=1 | safety_samples=153 | linear_positive_share=0.098 | angular_one_sided_share=0.882
Episode 481 complete | agent_samples=39382 | env_steps=16465 | episode_env_steps=24 | episode_agent_samples=70 | mean_reward=19.724 | success=3/5 | collision=2/5 | mean_final_distance=0.699 | mean_progress=0.0190 | min_laser=0.338 | mean_lin=0.796 | mean_ang=0.157 | mean_robot_dist=inf | raw_reward=-20.000 | adjusted_reward=-20.000 | coop_agents=0/5 | mean_coop_neighbors=0.00 | active_neighbor_step_rate=0.900 | mean_active_neighbors_step=1.671 | max_active_neighbors_step=4 | interaction_reward=0.0000 | abs_interaction_reward=0.0000 | anti_stag_reward=0.0000 | abs_anti_stag_reward=0.0000 | wall_clear_reward=0.0000 | abs_wall_clear_reward=0.0000 | local_nav_reward=0.0000 | abs_local_nav_reward=0.0000 | robot_proximity_reward=-0.6617 | abs_robot_proximity_reward=0.6617 | robot_clearance_reward=0.0000 | context_neighbors_mean=1.67 | context_neighbors_max=4 | last_context_neighbors_mean=0.00 | last_context_neighbors_max=0 | actor_unlocked=1 | expl_noise=0.0697 | replay=39382 | interaction_replay=17123 | samples/sec=8.392
Actor gradient gate | passed=1 | safety_samples=161 | linear_positive_share=0.112 | angular_one_sided_share=0.876
Episode 482 complete | agent_samples=39468 | env_steps=16493 | episode_env_steps=28 | episode_agent_samples=86 | mean_reward=81.048 | success=4/5 | collision=1/5 | mean_final_distance=0.341 | mean_progress=0.0190 | min_laser=0.343 | mean_lin=0.595 | mean_ang=-0.523 | mean_robot_dist=inf | raw_reward=20.000 | adjusted_reward=20.000 | coop_agents=0/5 | mean_coop_neighbors=0.00 | active_neighbor_step_rate=0.744 | mean_active_neighbors_step=1.942 | max_active_neighbors_step=4 | interaction_reward=0.0000 | abs_interaction_reward=0.0000 | anti_stag_reward=0.0000 | abs_anti_stag_reward=0.0000 | wall_clear_reward=0.0000 | abs_wall_clear_reward=0.0000 | local_nav_reward=0.0000 | abs_local_nav_reward=0.0000 | robot_proximity_reward=-0.5184 | abs_robot_proximity_reward=0.5184 | robot_clearance_reward=0.1734 | context_neighbors_mean=2.03 | context_neighbors_max=4 | last_context_neighbors_mean=0.00 | last_context_neighbors_max=0 | actor_unlocked=1 | expl_noise=0.0697 | replay=39468 | interaction_replay=17188 | samples/sec=8.399
Actor gradient gate | passed=1 | safety_samples=189 | linear_positive_share=0.122 | angular_one_sided_share=0.899
Episode 483 complete | agent_samples=39613 | env_steps=16584 | episode_env_steps=91 | episode_agent_samples=145 | mean_reward=123.484 | success=5/5 | collision=0/5 | mean_final_distance=0.281 | mean_progress=0.0046 | min_laser=0.631 | mean_lin=0.811 | mean_ang=-0.706 | mean_robot_dist=inf | raw_reward=20.000 | adjusted_reward=20.000 | coop_agents=0/5 | mean_coop_neighbors=0.00 | active_neighbor_step_rate=0.372 | mean_active_neighbors_step=0.848 | max_active_neighbors_step=4 | interaction_reward=0.0000 | abs_interaction_reward=0.0000 | anti_stag_reward=0.0000 | abs_anti_stag_reward=0.0000 | wall_clear_reward=0.0000 | abs_wall_clear_reward=0.0000 | local_nav_reward=0.0000 | abs_local_nav_reward=0.0000 | robot_proximity_reward=0.0000 | abs_robot_proximity_reward=0.0000 | robot_clearance_reward=0.0000 | context_neighbors_mean=0.86 | context_neighbors_max=4 | last_context_neighbors_mean=0.00 | last_context_neighbors_max=0 | actor_unlocked=1 | expl_noise=0.0696 | replay=39613 | interaction_replay=17198 | samples/sec=8.395
Actor gradient gate | passed=1 | safety_samples=149 | linear_positive_share=0.181 | angular_one_sided_share=0.872
Episode 484 complete | agent_samples=39656 | env_steps=16594 | episode_env_steps=10 | episode_agent_samples=43 | mean_reward=22.466 | success=3/5 | collision=2/5 | mean_final_distance=0.538 | mean_progress=0.0241 | min_laser=0.300 | mean_lin=0.785 | mean_ang=0.195 | mean_robot_dist=inf | raw_reward=20.000 | adjusted_reward=20.000 | coop_agents=0/5 | mean_coop_neighbors=0.00 | active_neighbor_step_rate=0.953 | mean_active_neighbors_step=3.070 | max_active_neighbors_step=4 | interaction_reward=0.0000 | abs_interaction_reward=0.0000 | anti_stag_reward=0.0000 | abs_anti_stag_reward=0.0000 | wall_clear_reward=0.0000 | abs_wall_clear_reward=0.0000 | local_nav_reward=0.0000 | abs_local_nav_reward=0.0000 | robot_proximity_reward=-0.7922 | abs_robot_proximity_reward=0.7922 | robot_clearance_reward=0.0000 | context_neighbors_mean=3.14 | context_neighbors_max=4 | last_context_neighbors_mean=0.00 | last_context_neighbors_max=0 | actor_unlocked=1 | expl_noise=0.0696 | replay=39656 | interaction_replay=17240 | samples/sec=8.400
Actor gradient gate | passed=1 | safety_samples=156 | linear_positive_share=0.205 | angular_one_sided_share=0.827
Episode 485 complete | agent_samples=39778 | env_steps=16641 | episode_env_steps=47 | episode_agent_samples=122 | mean_reward=133.422 | success=5/5 | collision=0/5 | mean_final_distance=0.273 | mean_progress=0.0087 | min_laser=0.408 | mean_lin=0.753 | mean_ang=-0.553 | mean_robot_dist=inf | raw_reward=20.000 | adjusted_reward=20.000 | coop_agents=0/5 | mean_coop_neighbors=0.00 | active_neighbor_step_rate=0.631 | mean_active_neighbors_step=1.287 | max_active_neighbors_step=4 | interaction_reward=0.0000 | abs_interaction_reward=0.0000 | anti_stag_reward=0.0000 | abs_anti_stag_reward=0.0000 | wall_clear_reward=0.0000 | abs_wall_clear_reward=0.0000 | local_nav_reward=0.0000 | abs_local_nav_reward=0.0000 | robot_proximity_reward=-0.0111 | abs_robot_proximity_reward=0.0111 | robot_clearance_reward=0.0198 | context_neighbors_mean=1.30 | context_neighbors_max=4 | last_context_neighbors_mean=0.00 | last_context_neighbors_max=0 | actor_unlocked=1 | expl_noise=0.0696 | replay=39778 | interaction_replay=17273 | samples/sec=8.408
Status | epoch=2 | next_eval_in=222 agent_samples | checkpoint_every=10 episodes | checkpoint=./checkpoints/interaction_focused_actor_from_5a_s20260725_latest.pt | model=interaction_focused_actor_from_5a_s20260725
Actor gradient gate | passed=1 | safety_samples=164 | linear_positive_share=0.165 | angular_one_sided_share=0.866
Episode 486 complete | agent_samples=39916 | env_steps=16741 | episode_env_steps=100 | episode_agent_samples=138 | mean_reward=63.887 | success=4/5 | collision=1/5 | mean_final_distance=0.354 | mean_progress=0.0142 | min_laser=0.324 | mean_lin=0.792 | mean_ang=-0.173 | mean_robot_dist=inf | raw_reward=20.000 | adjusted_reward=20.000 | coop_agents=0/5 | mean_coop_neighbors=0.00 | active_neighbor_step_rate=0.319 | mean_active_neighbors_step=0.746 | max_active_neighbors_step=4 | interaction_reward=0.0000 | abs_interaction_reward=0.0000 | anti_stag_reward=0.0000 | abs_anti_stag_reward=0.0000 | wall_clear_reward=0.0000 | abs_wall_clear_reward=0.0000 | local_nav_reward=0.0000 | abs_local_nav_reward=0.0000 | robot_proximity_reward=-0.2227 | abs_robot_proximity_reward=0.2227 | robot_clearance_reward=0.0000 | context_neighbors_mean=0.80 | context_neighbors_max=4 | last_context_neighbors_mean=0.00 | last_context_neighbors_max=0 | actor_unlocked=1 | expl_noise=0.0695 | replay=39916 | interaction_replay=17315 | samples/sec=8.399
Actor gradient gate | passed=1 | safety_samples=157 | linear_positive_share=0.153 | angular_one_sided_share=0.892
Episode 487 complete | agent_samples=40009 | env_steps=16770 | episode_env_steps=29 | episode_agent_samples=93 | mean_reward=126.048 | success=5/5 | collision=0/5 | mean_final_distance=0.285 | mean_progress=0.0067 | min_laser=0.490 | mean_lin=0.994 | mean_ang=-0.153 | mean_robot_dist=inf | raw_reward=20.000 | adjusted_reward=20.000 | coop_agents=0/5 | mean_coop_neighbors=0.00 | active_neighbor_step_rate=0.817 | mean_active_neighbors_step=2.000 | max_active_neighbors_step=4 | interaction_reward=0.0000 | abs_interaction_reward=0.0000 | anti_stag_reward=0.0000 | abs_anti_stag_reward=0.0000 | wall_clear_reward=0.0000 | abs_wall_clear_reward=0.0000 | local_nav_reward=0.0000 | abs_local_nav_reward=0.0000 | robot_proximity_reward=-0.2496 | abs_robot_proximity_reward=0.2496 | robot_clearance_reward=0.0811 | context_neighbors_mean=2.01 | context_neighbors_max=4 | last_context_neighbors_mean=0.00 | last_context_neighbors_max=0 | actor_unlocked=1 | expl_noise=0.0695 | replay=40009 | interaction_replay=17338 | samples/sec=8.407
Validating multi-agent policy at agent_samples=40009 env_steps=16770
Manifest switched: strong-interaction-curriculum-validation-v1 | scenarios=140 | sampling=cycle | path=/home/jiutian/Local-Critic-Multi-Robot-Navigation-gate/experiments/04_保留专门化/05_论文主线/datasets/fixed_v1/views/strong_interaction_curriculum_v1/validation.json.gz
Validation progress | epoch=2 | episodes=10/140 | success_rate=0.840 | collision_rate=0.160 | full_success_rate=0.500 | timeout_rate=0.000
Validation progress | epoch=2 | episodes=20/140 | success_rate=0.820 | collision_rate=0.180 | full_success_rate=0.350 | timeout_rate=0.000
Validation progress | epoch=2 | episodes=30/140 | success_rate=0.827 | collision_rate=0.173 | full_success_rate=0.400 | timeout_rate=0.000
Validation progress | epoch=2 | episodes=40/140 | success_rate=0.805 | collision_rate=0.195 | full_success_rate=0.375 | timeout_rate=0.000
Validation progress | epoch=2 | episodes=50/140 | success_rate=0.804 | collision_rate=0.196 | full_success_rate=0.360 | timeout_rate=0.000
Validation progress | epoch=2 | episodes=60/140 | success_rate=0.813 | collision_rate=0.187 | full_success_rate=0.400 | timeout_rate=0.000
Validation progress | epoch=2 | episodes=70/140 | success_rate=0.823 | collision_rate=0.177 | full_success_rate=0.429 | timeout_rate=0.000
Validation progress | epoch=2 | episodes=80/140 | success_rate=0.825 | collision_rate=0.175 | full_success_rate=0.438 | timeout_rate=0.000
Validation progress | epoch=2 | episodes=90/140 | success_rate=0.840 | collision_rate=0.160 | full_success_rate=0.478 | timeout_rate=0.000
Validation progress | epoch=2 | episodes=100/140 | success_rate=0.838 | collision_rate=0.162 | full_success_rate=0.480 | timeout_rate=0.000
Validation progress | epoch=2 | episodes=110/140 | success_rate=0.831 | collision_rate=0.169 | full_success_rate=0.473 | timeout_rate=0.000
Validation progress | epoch=2 | episodes=120/140 | success_rate=0.830 | collision_rate=0.170 | full_success_rate=0.475 | timeout_rate=0.000
Validation progress | epoch=2 | episodes=130/140 | success_rate=0.835 | collision_rate=0.165 | full_success_rate=0.492 | timeout_rate=0.000
Validation progress | epoch=2 | episodes=140/140 | success_rate=0.840 | collision_rate=0.160 | full_success_rate=0.500 | timeout_rate=0.000
..............................................
Multi-Agent Eval Epoch 2 | avg_reward=78.467 | success_rate=0.840 | collision_rate=0.160 | unresolved_rate=0.000 | full_success_rate=0.500 | timeout_episode_rate=0.000 | avg_env_steps=34.5 | avg_final_distance=0.288
Eval success_hist 0..N: [0, 0, 0, 42, 28, 70]
Eval collision_hist 0..N: [70, 28, 42, 0, 0, 0]
Eval oracle strong-actor activation rate: 0.4249 (5108/12022 agent steps)
Eval interaction stratum | band=close | episodes=40 | success_rate=0.880 | collision_rate=0.120 | unresolved_rate=0.000 | full_success_rate=0.600 | timeout_rate=0.000 | avg_steps=31.9
Eval interaction stratum | band=deep | episodes=60 | success_rate=0.737 | collision_rate=0.263 | unresolved_rate=0.000 | full_success_rate=0.217 | timeout_rate=0.000 | avg_steps=33.4
Eval interaction stratum | band=margin | episodes=40 | success_rate=0.955 | collision_rate=0.045 | unresolved_rate=0.000 | full_success_rate=0.825 | timeout_rate=0.000 | avg_steps=38.9
..............................................
Manifest switched: strong-interaction-stage2-train-v1 | scenarios=640 | sampling=random | path=/home/jiutian/Local-Critic-Multi-Robot-Navigation-gate/experiments/04_保留专门化/05_论文主线/datasets/fixed_v1/views/strong_interaction_curriculum_v1/stage2_train.json.gz
Epoch model snapshot saved: interaction_focused_actor_from_5a_s20260725_epoch_002
Checkpoint saved: ./checkpoints/interaction_focused_actor_from_5a_s20260725_latest.pt
Best checkpoint updated | epoch=2 | success_rate=0.840 | collision_rate=0.160 | full_success_rate=0.500 | unresolved_rate=0.000 | avg_reward=78.467 | metric=full_success | path=./checkpoints/interaction_focused_actor_from_5a_s20260725_best.pt
Next epoch will start from 3. Resume keeps this counter in ./checkpoints/interaction_focused_actor_from_5a_s20260725_latest.pt
Max epochs reached | completed_epochs=2 | max_epochs=2
Training stopped after reaching configured max epochs.
已终止
 cmd_vel
[INFO] [1784983806.382531212, 0.857000000]: DiffDrive(ns = /r4/): Subscribe to cmd_vel
[INFO] [1784983806.382725679, 0.857000000]: DiffDrive(ns = /r4/): Advertise odom on odom 
[INFO] [1784983806.382804008, 0.857000000]: GazeboRosJointStatePublisher is going to publish joint: chassis_swivel_joint
[INFO] [1784983806.382808687, 0.857000000]: GazeboRosJointStatePublisher is going to publish joint: swivel_wheel_joint
[INFO] [1784983806.382813303, 0.857000000]: GazeboRosJointStatePublisher is going to publish joint: left_hub_joint
[INFO] [1784983806.382817271, 0.857000000]: GazeboRosJointStatePublisher is going to publish joint: right_hub_joint
[INFO] [1784983806.382821670, 0.857000000]: Starting GazeboRosJointStatePublisher Plugin (ns = /r4/)!, parent name: r4
[INFO] [1784983806.664973998, 1.001000000]: Laser Plugin: The 'robotNamespace' param was empty
[INFO] [1784983806.665000170, 1.001000000]: Starting Laser Plugin (ns = r5)
[INFO] [1784983806.665393820, 1.001000000]: Laser Plugin (ns = r5)  <tf_prefix_>, set to ""
[INFO] [1784983807.277793048, 1.001000000]: Velodyne laser plugin missing <min_intensity>, defaults to no clipping
[INFO] [1784983807.278406938, 1.001000000]: Velodyne laser plugin ready, 16 lasers
[INFO] [1784983807.279601194, 1.001000000]: Starting plugin DiffDrive(ns = /r5/)
[DEBUG] [1784983807.279611190, 1.001000000]: DiffDrive(ns = /r5/): <rosDebugLevel> = Debug
[INFO] [1784983807.279620725, 1.001000000]: DiffDrive(ns = /r5/): <rosDebugLevel> = Debug
[INFO] [1784983807.279933077, 1.001000000]: DiffDrive(ns = /r5/): <tf_prefix> = 
[DEBUG] [1784983807.279944665, 1.001000000]: DiffDrive(ns = /r5/): <commandTopic> = cmd_vel
[DEBUG] [1784983807.279949460, 1.001000000]: DiffDrive(ns = /r5/): <odometryTopic> = odom
[DEBUG] [1784983807.279954242, 1.001000000]: DiffDrive(ns = /r5/): <odometryFrame> = odom
[DEBUG] [1784983807.279958468, 1.001000000]: DiffDrive(ns = /r5/): <robotBaseFrame> = base_link
[DEBUG] [1784983807.279964867, 1.001000000]: DiffDrive(ns = /r5/): <publishWheelTF> = false
[DEBUG] [1784983807.279970047, 1.001000000]: DiffDrive(ns = /r5/): <publishOdomTF> = false
[DEBUG] [1784983807.279976200, 1.001000000]: DiffDrive(ns = /r5/): <publishWheelJointState> = false
[DEBUG] [1784983807.279985587, 1.001000000]: DiffDrive(ns = /r5/): <wheelSeparation> = 0.29999999999999999
[DEBUG] [1784983807.279991622, 1.001000000]: DiffDrive(ns = /r5/): <wheelDiameter> = 0.17999999999999999
[DEBUG] [1784983807.279997194, 1.001000000]: DiffDrive(ns = /r5/): <wheelAcceleration> = 1.8
[DEBUG] [1784983807.280003630, 1.001000000]: DiffDrive(ns = /r5/): <wheelTorque> = 20
[DEBUG] [1784983807.280008810, 1.001000000]: DiffDrive(ns = /r5/): <updateRate> = 50
[DEBUG] [1784983807.280016644, 1.001000000]: DiffDrive(ns = /r5/): <odometrySource> = world := 1
[DEBUG] [1784983807.280021337, 1.001000000]: DiffDrive(ns = /r5/): <leftJoint> = left_hub_joint
[DEBUG] [1784983807.280027361, 1.001000000]: DiffDrive(ns = /r5/): <rightJoint> = right_hub_joint
[INFO] [1784983807.280052887, 1.001000000]: DiffDrive(ns = /r5/): Try to subscribe to cmd_vel
[INFO] [1784983807.281234776, 1.001000000]: DiffDrive(ns = /r5/): Subscribe to cmd_vel
[INFO] [1784983807.281538022, 1.001000000]: DiffDrive(ns = /r5/): Advertise odom on odom 
[INFO] [1784983807.281595439, 1.001000000]: GazeboRosJointStatePublisher is going to publish joint: chassis_swivel_joint
[INFO] [1784983807.281599680, 1.001000000]: GazeboRosJointStatePublisher is going to publish joint: swivel_wheel_joint
[INFO] [1784983807.281603041, 1.001000000]: GazeboRosJointStatePublisher is going to publish joint: left_hub_joint
[INFO] [1784983807.281605937, 1.001000000]: GazeboRosJointStatePublisher is going to publish joint: right_hub_joint
[INFO] [1784983807.281608815, 1.001000000]: Starting GazeboRosJointStatePublisher Plugin (ns = /r5/)!, parent name: r5
... logging to /home/jiutian/.ros/log/597c32c8-8827-11f1-a71a-79b7e70ca52d/roslaunch-JiuTian-AI4090-158566.log
Checking log directory for disk usage. This may take a while.
Press Ctrl-C to interrupt
Done checking log file disk usage. Usage is <1GB.
]2;/home/jiutian/Local-Critic-Multi-Robot-Navigation-gate/TD3/assets/multi_robot_scenario_strong_interaction_pilot_5.launch
[1mstarted roslaunch server http://localhost:41975/[0m

SUMMARY
========

PARAMETERS
 * /robot_description_r1: <?xml version="1....
 * /robot_description_r2: <?xml version="1....
 * /robot_description_r3: <?xml version="1....
 * /robot_description_r4: <?xml version="1....
 * /robot_description_r5: <?xml version="1....
 * /rosdistro: noetic
 * /rosversion: 1.17.4
 * /use_sim_time: True

NODES
  /
    gazebo (gazebo_ros/gzserver)
    urdf_spawner_r1 (gazebo_ros/spawn_model)
    urdf_spawner_r2 (gazebo_ros/spawn_model)
    urdf_spawner_r3 (gazebo_ros/spawn_model)
    urdf_spawner_r4 (gazebo_ros/spawn_model)
    urdf_spawner_r5 (gazebo_ros/spawn_model)

[1mROS_MASTER_URI=http://localhost:13003/[0m
]2;/home/jiutian/Local-Critic-Multi-Robot-Navigation-gate/TD3/assets/multi_robot_scenario_strong_interaction_pilot_5.launch http://localhost:13003/
[1mprocess[gazebo-1]: started with pid [158749][0m
[1mprocess[urdf_spawner_r1-2]: started with pid [158752][0m
[1mprocess[urdf_spawner_r2-3]: started with pid [158755][0m
[1mprocess[urdf_spawner_r3-4]: started with pid [158756][0m
[1mprocess[urdf_spawner_r4-5]: started with pid [158757][0m
[1mprocess[urdf_spawner_r5-6]: started with pid [158758][0m
[1m[urdf_spawner_r3-4] process has finished cleanly
log file: /home/jiutian/.ros/log/597c32c8-8827-11f1-a71a-79b7e70ca52d/urdf_spawner_r3-4*.log[0m
[1m[urdf_spawner_r1-2] process has finished cleanly
log file: /home/jiutian/.ros/log/597c32c8-8827-11f1-a71a-79b7e70ca52d/urdf_spawner_r1-2*.log[0m
[1m[urdf_spawner_r2-3] process has finished cleanly
log file: /home/jiutian/.ros/log/597c32c8-8827-11f1-a71a-79b7e70ca52d/urdf_spawner_r2-3*.log[0m
[1m[urdf_spawner_r4-5] process has finished cleanly
log file: /home/jiutian/.ros/log/597c32c8-8827-11f1-a71a-79b7e70ca52d/urdf_spawner_r4-5*.log[0m
[1m[urdf_spawner_r5-6] process has finished cleanly
log file: /home/jiutian/.ros/log/597c32c8-8827-11f1-a71a-79b7e70ca52d/urdf_spawner_r5-6*.log[0m
[gazebo-1] killing on exit
shutting down processing monitor...
... shutting down processing monitor complete
[1mdone[0m
... logging to /home/jiutian/.ros/log/597c32c8-8827-11f1-a71a-79b7e70ca52d/roslaunch-JiuTian-AI4090-158532.log
Checking log directory for disk usage. This may take a while.
Press Ctrl-C to interrupt
Done checking log file disk usage. Usage is <1GB.
]2;roscore
[1mstarted roslaunch server http://localhost:42089/[0m
ros_comm version 1.17.4


SUMMARY
========

PARAMETERS
 * /rosdistro: noetic
 * /rosversion: 1.17.4

NODES

auto-starting new master
[1mprocess[master]: started with pid [158542][0m
[1mROS_MASTER_URI=http://localhost:13003/[0m
]2;roscore http://localhost:13003/
[1msetting /run_id to 597c32c8-8827-11f1-a71a-79b7e70ca52d[0m
[1mprocess[rosout-1]: started with pid [158552][0m
started core service [/rosout]
[rosout-1] killing on exit
[master] killing on exit
shutting down processing monitor...
... shutting down processing monitor complete
[1mdone[0m
