Activated DRL robot navigation Python environment.
Python: Python 3.8.10
Venv: /home/jiutian/venvs/drl-robot-nav
Fixed manifest enabled: 640 scenarios loaded
Roscore launched!
Unable to register with master node [http://localhost:13003]: master may not be running yet. Will keep trying.
Gazebo launched!
INFO: cannot create a symlink to latest log directory: [Errno 2] No such file or directory: '/home/jiutian/.ros/log/latest'
INFO: cannot create a symlink to latest log directory: [Errno 2] No such file or directory: '/home/jiutian/.ros/log/latest'
[INFO] [1784886387.537226, 0.000000]: Loading model XML from ros parameter robot_description_r3
[INFO] [1784886387.539597, 0.000000]: Waiting for service /gazebo/spawn_urdf_model
[INFO] [1784886388.143193, 0.277000]: Calling service /gazebo/spawn_urdf_model
[INFO] [1784886388.963020, 0.367000]: Spawn status: SpawnModel: Successfully spawned entity
[WARN] [1784886389.078098071, 0.367000000]: GazeboRosDiffDrive Plugin (ns = ) missing <publishTf>, defaults to 1
[INFO] [1784886387.933534818]: Finished loading Gazebo ROS API Plugin.
[INFO] [1784886387.934186386]: waitForService: Service [/gazebo/set_physics_properties] has not been advertised, waiting...
[INFO] [1784886388.056087672]: waitForService: Service [/gazebo/set_physics_properties] is now available.
[INFO] [1784886388.061475520]: Physics dynamic reconfigure ready.
[INFO] [1784886388.332292578, 0.367000000]: Laser Plugin: The 'robotNamespace' param was empty
[INFO] [1784886388.332319990, 0.367000000]: Starting Laser Plugin (ns = r3)
[INFO] [1784886388.333072422, 0.367000000]: Laser Plugin (ns = r3)  <tf_prefix_>, set to ""
[INFO] [1784886388.964911342, 0.367000000]: Velodyne laser plugin missing <min_intensity>, defaults to no clipping
[INFO] [1784886388.965686353, 0.367000000]: Velodyne laser plugin ready, 16 lasers
[INFO] [1784886389.077717573, 0.367000000]: Starting plugin DiffDrive(ns = /r3/)
[INFO] [1784886389.077758502, 0.367000000]: DiffDrive(ns = /r3/): <rosDebugLevel> = Debug
[INFO] [1784886389.077969289, 0.367000000]: DiffDrive(ns = /r3/): <tf_prefix> = 
[DEBUG] [1784886389.077984279, 0.367000000]: DiffDrive(ns = /r3/): <commandTopic> = cmd_vel
[DEBUG] [1784886389.077988372, 0.367000000]: DiffDrive(ns = /r3/): <odometryTopic> = odom
[DEBUG] [1784886389.077992437, 0.367000000]: DiffDrive(ns = /r3/): <odometryFrame> = odom
[DEBUG] [1784886389.077996460, 0.367000000]: DiffDrive(ns = /r3/): <robotBaseFrame> = base_link
[DEBUG] [1784886389.078010214, 0.367000000]: DiffDrive(ns = /r3/): <publishWheelTF> = false
[DEBUG] [1784886389.078013824, 0.367000000]: DiffDrive(ns = /r3/): <publishOdomTF> = false
[DEBUG] [1784886389.078017903, 0.367000000]: DiffDrive(ns = /r3/): <publishWheelJointState> = false
[DEBUG] [1784886389.078036186, 0.367000000]: DiffDrive(ns = /r3/): <wheelSeparation> = 0.29999999999999999
[DEBUG] [1784886389.078041122, 0.367000000]: DiffDrive(ns = /r3/): <wheelDiameter> = 0.17999999999999999
[DEBUG] [1784886389.078046309, 0.367000000]: DiffDrive(ns = /r3/): <wheelAcceleration> = 1.8
[DEBUG] [1784886389.078051134, 0.367000000]: DiffDrive(ns = /r3/): <wheelTorque> = 20
[DEBUG] [1784886389.078056153, 0.367000000]: DiffDrive(ns = /r3/): <updateRate> = 50
[DEBUG] [1784886389.078074524, 0.367000000]: DiffDrive(ns = /r3/): <odometrySource> = world := 1
[DEBUG] [1784886389.078083736, 0.367000000]: DiffDrive(ns = /r3/): <leftJoint> = left_hub_joint
[DEBUG] [1784886389.078089721, 0.367000000]: DiffDrive(ns = /r3/): <rightJoint> = right_hub_joint
[INFO] [1784886389.078390965, 0.367000000]: DiffDrive(ns = /r3/): Try to subscribe to cmd_vel
[INFO] [1784886389.078915603, 0.367000000]: DiffDrive(ns = /r3/): Subscribe to cmd_vel
[INFO] [1784886389.079111554, 0.367000000]: DiffDrive(ns = /r3/): Advertise odom on odom 
[INFO] [1784886389.082309862, 0.367000000]: GazeboRosJointStatePublisher is going to publish joint: chassis_swivel_joint
[INFO] [1784886389.082316607, 0.367000000]: GazeboRosJointStatePublisher is going to publish joint: swivel_wheel_joint
[INFO] [1784886389.082320406, 0.367000000]: GazeboRosJointStatePublisher is going to publish joint: left_hub_joint
[INFO] [1784886389.082324149, 0.367000000]: GazeboRosJointStatePublisher is going to publish joint: right_hub_joint
[INFO] [1784886389.082329105, 0.367000000]: Starting GazeboRosJointStatePublisher Plugin (ns = /r3/)!, parent name: r3
[DEBUG] [1784886389.108130743, 0.388000000]: Trying to publish message of type [nav_msgs/Odometry/cd5e73d190d741a2f92e81eda573aca7] on a publisher with type [nav_msgs/Odometry/cd5e73d190d741a2f92e81eda573aca7]
[DEBUG] [1784886389.108166461, 0.388000000]: Trying to publish message of type [sensor_msgs/JointState/3066dcd76a6cfaef579bd0f34173e9fd] on a publisher with type [sensor_msgs/JointState/3066dcd76a6cfaef579bd0f34173e9fd]
[INFO] [1784886389.365552794, 0.557000000]: Laser Plugin: The 'robotNamespace' param was empty
[INFO] [1784886389.365570001, 0.557000000]: Starting Laser Plugin (ns = r1)
[INFO] [1784886389.366122480, 0.557000000]: Laser Plugin (ns = r1)  <tf_prefix_>, set to ""
[INFO] [1784886390.007605982, 0.557000000]: [WARN] [1784886390.009847144, 0.557000000]: GazeboRosDiffDrive Plugin (ns = ) missing <publishTf>, defaults to 1
[INFO] [1784886387.649668, 0.000000]: Loading model XML from ros parameter robot_description_r1
[INFO] [1784886387.652551, 0.000000]: Waiting for service /gazebo/spawn_urdf_model
[INFO] [1784886388.255164, 0.367000]: Calling service /gazebo/spawn_urdf_model
[INFO] [1784886390.009426, 0.557000]: Spawn status: SpawnModel: Successfully spawned entity
[INFO] [1784886387.650265, 0.000000]: Loading model XML from ros parameter robot_description_r5
[INFO] [1784886387.653534, 0.000000]: Waiting for service /gazebo/spawn_urdf_model
[INFO] [1784886388.256112, 0.367000]: Calling service /gazebo/spawn_urdf_model
[INFO] [1784886390.937422, 0.729000]: Spawn status: SpawnModel: Successfully spawned entity
Velodyne laser plugin missing <min_intensity>, defaults to no clipping
[INFO] [1784886390.008735639, 0.557000000]: Velodyne laser plugin ready, 16 lasers
[INFO] [1784886390.009549661, 0.557000000]: Starting plugin DiffDrive(ns = /r1/)
[DEBUG] [1784886390.009559310, 0.557000000]: DiffDrive(ns = /r1/): <rosDebugLevel> = Debug
[INFO] [1784886390.009570113, 0.557000000]: DiffDrive(ns = /r1/): <rosDebugLevel> = Debug
[INFO] [1784886390.009765815, 0.557000000]: DiffDrive(ns = /r1/): <tf_prefix> = 
[DEBUG] [1784886390.009770239, 0.557000000]: DiffDrive(ns = /r1/): <commandTopic> = cmd_vel
[DEBUG] [1784886390.009774774, 0.557000000]: DiffDrive(ns = /r1/): <odometryTopic> = odom
[DEBUG] [1784886390.009778601, 0.557000000]: DiffDrive(ns = /r1/): <odometryFrame> = odom
[DEBUG] [1784886390.009783310, 0.557000000]: DiffDrive(ns = /r1/): <robotBaseFrame> = base_link
[DEBUG] [1784886390.009788515, 0.557000000]: DiffDrive(ns = /r1/): <publishWheelTF> = false
[DEBUG] [1784886390.009792911, 0.557000000]: DiffDrive(ns = /r1/): <publishOdomTF> = false
[DEBUG] [1784886390.009797320, 0.557000000]: DiffDrive(ns = /r1/): <publishWheelJointState> = false
[DEBUG] [1784886390.009804839, 0.557000000]: DiffDrive(ns = /r1/): <wheelSeparation> = 0.29999999999999999
[DEBUG] [1784886390.009809660, 0.557000000]: DiffDrive(ns = /r1/): <wheelDiameter> = 0.17999999999999999
[DEBUG] [1784886390.009814849, 0.557000000]: DiffDrive(ns = /r1/): <wheelAcceleration> = 1.8
[DEBUG] [1784886390.009820342, 0.557000000]: DiffDrive(ns = /r1/): <wheelTorque> = 20
[DEBUG] [1784886390.009824975, 0.557000000]: DiffDrive(ns = /r1/): <updateRate> = 50
[DEBUG] [1784886390.009831982, 0.557000000]: DiffDrive(ns = /r1/): <odometrySource> = world := 1
[DEBUG] [1784886390.009836430, 0.557000000]: DiffDrive(ns = /r1/): <leftJoint> = left_hub_joint
[DEBUG] [1784886390.009841037, 0.557000000]: DiffDrive(ns = /r1/): <rightJoint> = right_hub_joint
[INFO] [1784886390.009891905, 0.557000000]: DiffDrive(ns = /r1/): Try to subscribe to cmd_vel
[INFO] [1784886390.011222030, 0.557000000]: DiffDrive(ns = /r1/): Subscribe to cmd_vel
[INFO] [1784886390.011416231, 0.557000000]: DiffDrive(ns = /r1/): Advertise odom on odom 
[INFO] [1784886390.011483261, 0.557000000]: GazeboRosJointStatePublisher is going to publish joint: chassis_swivel_joint
[INFO] [1784886390.011487591, 0.557000000]: GazeboRosJointStatePublisher is going to publish joint: swivel_wheel_joint
[INFO] [1784886390.011491751, 0.557000000]: GazeboRosJointStatePublisher is going to publish joint: left_hub_joint
[INFO] [1784886390.011495652, 0.557000000]: GazeboRosJointStatePublisher is going to publish joint: right_hub_joint
[INFO] [1784886390.011499439, 0.557000000]: Starting GazeboRosJointStatePublisher Plugin (ns = /r1/)!, parent name: r1
[INFO] [1784886390.297451936, 0.729000000]: Laser Plugin: The 'robotNamespace' param was empty
[INFO] [1784886390.297468373, 0.729000000]: Starting Laser Plugin (ns = r5)
[INFO] [1784886390.297943786, 0.729000000]: Laser Plugin (ns = r5)  <tf_prefix_>, set to ""
[INFO] [1784886390.941535594, 0.729000000]: Velodyne laser plugin missing <min_intensity>, defaults to no clipping
[INFO] [1784886390.941902676, 0.729000000]: Velodyne laser plugin ready, 16 lasers
[INFO] [1784886391.037776609, 0.729000000]: Starting plugin DiffDrive(ns = /r5/)
[DEBUG] [1784886391.037827080, 0.729000000]: DiffDrive(ns = /r5/): <rosDebugLevel> = Debug
[INFO] [1784886391.037872694, 0.729000000]: DiffDrive(ns = /r5/): <rosDebugLevel> = Debug
[INFO] [1784886391.038763922, 0.729000000]: DiffDrive(ns = /r5/): <tf_prefix> = 
[DEBUG] [1784886391.038788796, 0.729000000]: DiffDrive(ns = /r5/): <commandTopic> = cmd_vel
[DEBUG] [1784886391.038809983, 0.729000000]: DiffDrive(ns = /r5/): <odometryTopic> = odom
[DEBUG] [1784886391.038834630, 0.729000000]: DiffDrive(ns = /r5/): <odometryFrame> = odom
[DEBUG] [1784886391.038853400, 0.729000000]: DiffDrive(ns = /r5/): <robotBaseFrame> = base_link
[DEBUG] [1784886391.038886338, 0.729000000]: DiffDrive(ns = /r5/): <publishWheelTF> = false
[DEBUG] [1784886391.038907004, 0.729000000]: DiffDrive(n[WARN] [1784886391.039232783, 0.729000000]: GazeboRosDiffDrive Plugin (ns = ) missing <publishTf>, defaults to 1
[INFO] [1784886387.650412, 0.000000]: Loading model XML from ros parameter robot_description_r2
[INFO] [1784886387.654026, 0.000000]: Waiting for service /gazebo/spawn_urdf_model
[INFO] [1784886388.256932, 0.367000]: Calling service /gazebo/spawn_urdf_model
[INFO] [1784886823.389497, 0.884000]: Spawn status: SpawnModel: Successfully spawned entity
[WARN] [1784886827.393352920, 0.884000000]: GazeboRosDiffDrive Plugin (ns = ) missing <publishTf>, defaults to 1
s = /r5/): <publishOdomTF> = false
[DEBUG] [1784886391.038975302, 0.729000000]: DiffDrive(ns = /r5/): <publishWheelJointState> = false
[DEBUG] [1784886391.039027200, 0.729000000]: DiffDrive(ns = /r5/): <wheelSeparation> = 0.29999999999999999
[DEBUG] [1784886391.039054162, 0.729000000]: DiffDrive(ns = /r5/): <wheelDiameter> = 0.17999999999999999
[DEBUG] [1784886391.039082777, 0.729000000]: DiffDrive(ns = /r5/): <wheelAcceleration> = 1.8
[DEBUG] [1784886391.039107567, 0.729000000]: DiffDrive(ns = /r5/): <wheelTorque> = 20
[DEBUG] [1784886391.039133929, 0.729000000]: DiffDrive(ns = /r5/): <updateRate> = 50
[DEBUG] [1784886391.039164086, 0.729000000]: DiffDrive(ns = /r5/): <odometrySource> = world := 1
[DEBUG] [1784886391.039185835, 0.729000000]: DiffDrive(ns = /r5/): <leftJoint> = left_hub_joint
[DEBUG] [1784886391.039205333, 0.729000000]: DiffDrive(ns = /r5/): <rightJoint> = right_hub_joint
[INFO] [1784886391.039306873, 0.729000000]: DiffDrive(ns = /r5/): Try to subscribe to cmd_vel
[INFO] [1784886391.042939115, 0.729000000]: DiffDrive(ns = /r5/): Subscribe to cmd_vel
[INFO] [1784886391.043490878, 0.729000000]: DiffDrive(ns = /r5/): Advertise odom on odom 
[INFO] [1784886391.043772550, 0.729000000]: GazeboRosJointStatePublisher is going to publish joint: chassis_swivel_joint
[INFO] [1784886391.043795151, 0.729000000]: GazeboRosJointStatePublisher is going to publish joint: swivel_wheel_joint
[INFO] [1784886391.043818455, 0.729000000]: GazeboRosJointStatePublisher is going to publish joint: left_hub_joint
[INFO] [1784886391.043834621, 0.729000000]: GazeboRosJointStatePublisher is going to publish joint: right_hub_joint
[INFO] [1784886391.043857139, 0.729000000]: Starting GazeboRosJointStatePublisher Plugin (ns = /r5/)!, parent name: r5
[INFO] [1784886391.330599377, 0.884000000]: Laser Plugin: The 'robotNamespace' param was empty
[INFO] [1784886391.330623222, 0.884000000]: Starting Laser Plugin (ns = r2)
[INFO] [1784886391.331318501, 0.884000000]: Laser Plugin (ns = r2)  <tf_prefix_>, set to ""
[INFO] [1784886802.542219033, 0.884000000]: Velodyne laser plugin missing <min_intensity>, defaults to no clipping
[INFO] [1784886802.822571794, 0.884000000]: Velodyne laser plugin ready, 16 lasers
[INFO] [1784886827.181898909, 0.884000000]: Starting plugin DiffDrive(ns = /r2/)
[DEBUG] [1784886827.242533142, 0.884000000]: DiffDrive(ns = /r2/): <rosDebugLevel> = Debug
[INFO] [1784886827.267727765, 0.884000000]: DiffDrive(ns = /r2/): <rosDebugLevel> = Debug
[INFO] [1784886827.326504819, 0.884000000]: DiffDrive(ns = /r2/): <tf_prefix> = 
[DEBUG] [1784886827.337166799, 0.884000000]: DiffDrive(ns = /r2/): <commandTopic> = cmd_vel
[DEBUG] [1784886827.337202445, 0.884000000]: DiffDrive(ns = /r2/): <odometryTopic> = odom
[DEBUG] [1784886827.337219751, 0.884000000]: DiffDrive(ns = /r2/): <odometryFrame> = odom
[DEBUG] [1784886827.337234266, 0.884000000]: DiffDrive(ns = /r2/): <robotBaseFrame> = base_link
[DEBUG] [1784886827.362471562, 0.884000000]: DiffDrive(ns = /r2/): <publishWheelTF> = false
[DEBUG] [1784886827.365909227, 0.884000000]: DiffDrive(ns = /r2/): <publishOdomTF> = false
[DEBUG] [1784886827.365921864, 0.884000000]: DiffDrive(ns = /r2/): <publishWheelJointState> = false
[DEBUG] [1784886827.385175681, 0.884000000]: DiffDrive(ns = /r2/): <wheelSeparation> = 0.29999999999999999
[DEBUG] [1784886827.385212646, 0.884000000]: DiffDrive(ns = /r2/): <wheelDiameter> = 0.17999999999999999
[DEBUG] [1784886827.385221252, 0.884000000]: DiffDrive(ns = /r2/): <wheelAcceleration> = 1.8
[DEBUG] [1784886827.385229124, 0.884000000]: DiffDrive(ns = /r2/): <wheelTorque> = 20
[DEBUG] [1784886827.385236016, 0.884000000]: DiffDrive(ns = /r2/): <updateRate> = 50
[DEBUG] [1784886827.386273387, 0.884000000]: DiffDrive(ns = /r2/): <odometrySource> = world := 1
[DEBUG] [1784886827.386293463, 0.884000000]: DiffDrive(ns = /r2/): <leftJoint> = left_hub_joint
[DEBUG] [1784886827.386923919, 0.884000000]: DiffDrive(ns = /r2/): <rightJoint> = right_hub_joint
[INFO] [1784886827.413690622, 0.884000000]: DiffDrive(ns = /r2/): Try to subscribe to cmd_vel
[INFO] [178488682train_velodyne_td3_multi.py:675: FutureWarning: You are using `torch.load` with `weights_only=False` (the current default value), which uses the default pickle module implicitly. It is possible to construct malicious pickle data which will execute arbitrary code during unpickling (See https://github.com/pytorch/pytorch/blob/main/SECURITY.md#untrusted-models for more details). In a future release, the default value for `weights_only` will be flipped to `True`. This limits the functions that could be executed during unpickling. Arbitrary objects will no longer be allowed to be loaded via this mode unless they are explicitly allowlisted by the user via `torch.serialization.add_safe_globals`. We recommend you start setting `weights_only=True` for any use case where you don't have full control of the loaded file. Please open an issue on GitHub for any issues related to this experimental feature.
  actor_state = torch.load(
train_velodyne_td3_multi.py:678: FutureWarning: You are using `torch.load` with `weights_only=False` (the current default value), which uses the default pickle module implicitly. It is possible to construct malicious pickle data which will execute arbitrary code during unpickling (See https://github.com/pytorch/pytorch/blob/main/SECURITY.md#untrusted-models for more details). In a future release, the default value for `weights_only` will be flipped to `True`. This limits the functions that could be executed during unpickling. Arbitrary objects will no longer be allowed to be loaded via this mode unless they are explicitly allowlisted by the user via `torch.serialization.add_safe_globals`. We recommend you start setting `weights_only=True` for any use case where you don't have full control of the loaded file. Please open an issue on GitHub for any issues related to this experimental feature.
  critic_state = torch.load(
Loaded initial model parameters from: TD3_velodyne_multi_v4_curriculum_stage2_to_5d_geo_critic_from_5a_guarded_best
Loaded frozen oracle weak Actor from: ./pytorch_models/TD3_velodyne_multi_v4_curriculum_stage2_to_5d_geo_critic_from_5a_guarded_best_actor.pth
==============================================
Training version: interaction-oracle-specialist-pilot-v1
Training process PID: 2558845
Launchfile: multi_robot_scenario_strong_interaction_pilot_5.launch
Scenario mode: manifest
Manifest path: /home/jiutian/Local-Critic-Multi-Robot-Navigation-gate/experiments/04_保留专门化/05_论文主线/datasets/fixed_v1/views/strong_interaction_curriculum_v1/stage2_train.json.gz
Manifest sampling: random
Eval manifest path: /home/jiutian/Local-Critic-Multi-Robot-Navigation-gate/experiments/04_保留专门化/05_论文主线/datasets/fixed_v1/views/strong_interaction_curriculum_v1/validation.json.gz
Seed: 20260724
Device: cuda
GPU: NVIDIA GeForce RTX 4090
Agent names: r1, r2, r3, r4, r5
Cooperative reward: True
Cooperative reward mode: average
Cooperative reward self weight: 0.8
Distance-weighted reward: True
Distance reward sigma: 2.0
Interaction safe distance: 1.2
Interaction close penalty: 0.5
Interaction stagnation penalty: 0.05
Anti-stagnation reward: False
Anti-stagnation penalty: 0.2
Anti-stagnation linear threshold: 0.05
Anti-stagnation progress threshold: 0.005
Anti-stagnation min laser: 0.35
Forward reward weight: 0.0
Base stagnation penalty weight: 0.0
Wall-clearance reward: False
Wall-clearance safe distance: 0.75
Wall-clearance penalty: 1.5
Wall-clearance speed weight: 0.8
Wall-clearance turn weight: 0.4
Local-navigation reward: False
Local-navigation heading weight: 0.4
Local-navigation wrong-way penalty: 0.25
Local-navigation turn weight: 0.25
Local-navigation near-goal distance: 0.9
Local-navigation heading error: 0.5
Local critic enabled: True
Local critic geometry only: True
Active neighbors only: True
Actor state dim: 24
Critic state dim: 69
Local critic max neighbors: 9
Local critic context dim: 45
Best metric: full_success
Eval episodes: 140
Eval frequency agent samples: 20000
Eval protocol ID: eval-v1|scenario=manifest|episodes=140|max_steps=300|manifest_sha256=3b2646a842b777f8c60dca4c452cb78eb3a223ffe59139b8501797aa1d23d583|sampling=cycle|oracle_interaction_distance=2.000
Max epochs: 2
Actor learning rate: 1e-06
Actor train mode: full
Oracle interaction rollout: True
Oracle weak Actor: TD3_velodyne_multi_v4_curriculum_stage2_to_5d_geo_critic_from_5a_guarded_best
Oracle interaction distance: 2.0
Actor interaction-only updates: True
Actor trainable parameters: 501802/501802
Critic learning rate: 8e-05
Actor update delay steps: 21000
Policy freq: 2
Actor anchor weight: 0.0
Actor Q normalization alpha: 0.0
Exploration noise: 0.08
Exploration min: 0.03
Exploration decay steps: 80000
Exploration decay unit: environment steps
TensorBoard log dir: runs/multi_coop_Jul24_17-46-31_JiuTian-AI4090
Checkpoint path: ./checkpoints/interaction_oracle_specialist_pilot_s20260724_latest.pt
Best checkpoint path: ./checkpoints/interaction_oracle_specialist_pilot_s20260724_best.pt
Model prefix: interaction_oracle_specialist_pilot_s20260724
Checkpoint interval episodes: 10
Resume mode: False
Starting agent samples: 0
Starting env steps: 0
Starting epoch: 1
==============================================
[INFO] [1784886387.650607, 0.000000]: Loading model XML from ros parameter robot_description_r4
[INFO] [1784886387.654560, 0.000000]: Waiting for service /gazebo/spawn_urdf_model
[INFO] [1784886388.257300, 0.367000]: Calling service /gazebo/spawn_urdf_model
[INFO] [1784887066.880569, 0.886000]: Spawn status: SpawnModel: Successfully spawned entity
[WARN] [1784887066.982202436, 0.886000000]: GazeboRosDiffDrive Plugin (ns = ) missing <publishTf>, defaults to 1
Episode 1 complete | agent_samples=150 | env_steps=72 | episode_env_steps=72 | episode_agent_samples=150 | mean_reward=119.205 | success=5/5 | collision=0/5 | mean_final_distance=0.252 | mean_progress=0.0210 | min_laser=0.421 | mean_lin=0.784 | mean_ang=-0.046 | mean_robot_dist=1.075 | raw_reward=20.000 | adjusted_reward=20.000 | coop_agents=0/5 | mean_coop_neighbors=0.00 | active_neighbor_step_rate=0.547 | mean_active_neighbors_step=1.153 | max_active_neighbors_step=4 | interaction_reward=0.0000 | abs_interaction_reward=0.0000 | anti_stag_reward=0.0000 | abs_anti_stag_reward=0.0000 | wall_clear_reward=0.0000 | abs_wall_clear_reward=0.0000 | local_nav_reward=0.0000 | abs_local_nav_reward=0.0000 | context_neighbors_mean=1.18 | context_neighbors_max=4 | last_context_neighbors_mean=0.00 | last_context_neighbors_max=0 | actor_unlocked=0 | expl_noise=0.0800 | replay=150 | interaction_replay=76 | samples/sec=8.783
Episode 2 complete | agent_samples=260 | env_steps=128 | episode_env_steps=56 | episode_agent_samples=110 | mean_reward=120.607 | success=5/5 | collision=0/5 | mean_final_distance=0.252 | mean_progress=0.0138 | min_laser=0.415 | mean_lin=0.998 | mean_ang=0.195 | mean_robot_dist=1.095 | raw_reward=20.000 | adjusted_reward=20.000 | coop_agents=0/5 | mean_coop_neighbors=0.00 | active_neighbor_step_rate=0.518 | mean_active_neighbors_step=1.300 | max_active_neighbors_step=4 | interaction_reward=0.0000 | abs_interaction_reward=0.0000 | anti_stag_reward=0.0000 | abs_anti_stag_reward=0.0000 | wall_clear_reward=0.0000 | abs_wall_clear_reward=0.0000 | local_nav_reward=0.0000 | abs_local_nav_reward=0.0000 | context_neighbors_mean=1.35 | context_neighbors_max=4 | last_context_neighbors_mean=0.00 | last_context_neighbors_max=0 | actor_unlocked=0 | expl_noise=0.0799 | replay=260 | interaction_replay=124 | samples/sec=8.876
Episode 3 complete | agent_samples=360 | env_steps=154 | episode_env_steps=26 | episode_agent_samples=100 | mean_reward=129.536 | success=5/5 | collision=0/5 | mean_final_distance=0.260 | mean_progress=0.0119 | min_laser=0.621 | mean_lin=0.898 | mean_ang=-1.000 | mean_robot_dist=0.934 | raw_reward=20.000 | adjusted_reward=20.000 | coop_agents=0/5 | mean_coop_neighbors=0.00 | active_neighbor_step_rate=0.720 | mean_active_neighbors_step=1.750 | max_active_neighbors_step=4 | interaction_reward=0.0000 | abs_interaction_reward=0.0000 | anti_stag_reward=0.0000 | abs_anti_stag_reward=0.0000 | wall_clear_reward=0.0000 | abs_wall_clear_reward=0.0000 | local_nav_reward=0.0000 | abs_local_nav_reward=0.0000 | context_neighbors_mean=1.78 | context_neighbors_max=4 | last_context_neighbors_mean=0.00 | last_context_neighbors_max=0 | actor_unlocked=0 | expl_noise=0.0799 | replay=360 | interaction_replay=174 | samples/sec=10.021
Episode 4 complete | agent_samples=415 | env_steps=169 | episode_env_steps=15 | episode_agent_samples=55 | mean_reward=115.750 | success=5/5 | collision=0/5 | mean_final_distance=0.250 | mean_progress=0.0230 | min_laser=0.529 | mean_lin=1.000 | mean_ang=0.610 | mean_robot_dist=0.732 | raw_reward=20.000 | adjusted_reward=20.000 | coop_agents=0/5 | mean_coop_neighbors=0.00 | active_neighbor_step_rate=0.891 | mean_active_neighbors_step=2.200 | max_active_neighbors_step=4 | interaction_reward=0.0000 | abs_interaction_reward=0.0000 | anti_stag_reward=0.0000 | abs_anti_stag_reward=0.0000 | wall_clear_reward=0.0000 | abs_wall_clear_reward=0.0000 | local_nav_reward=0.0000 | abs_local_nav_reward=0.0000 | context_neighbors_mean=2.24 | context_neighbors_max=4 | last_context_neighbors_mean=0.00 | last_context_neighbors_max=0 | actor_unlocked=0 | expl_noise=0.0799 | replay=415 | interaction_replay=220 | samples/sec=10.428
Episode 5 complete | agent_samples=482 | env_steps=191 | episode_env_steps=22 | episode_agent_samples=67 | mean_reward=116.280 | success=5/5 | collision=0/5 | mean_final_distance=0.233 | mean_progress=0.0133 | min_laser=0.419 | mean_lin=0.983 | mean_ang=0.142 | mean_robot_dist=1.337 | raw_reward=20.000 | adjusted_reward=20.000 | coop_agents=0/5 | mean_coop_neighbors=0.00 | active_neighbor_step_rate=0.821 | mean_active_neighbors_step=2.537 | max_active_neighbors_step=4 | interaction_reward=0.0000 | abs_interaction_reward=0.0000 | anti_stag_reward=0.0000 | abs_anti_stag_reward=0.0000 | wall_clear_reward=0.0000 | abs_wall_clear_reward=0.0000 | local_nav_reward=0.0000 | abs_local_nav_reward=0.0000 | context_neighbors_mean=2.63 | context_neighbors_max=4 | last_context_neighbors_mean=0.00 | last_context_neighbors_max=0 | actor_unlocked=0 | expl_noise=0.0799 | replay=482 | interaction_replay=276 | samples/sec=10.518
Status | epoch=1 | next_eval_in=19518 agent_samples | checkpoint_every=10 episodes | checkpoint=./checkpoints/interaction_oracle_specialist_pilot_s20260724_latest.pt | model=interaction_oracle_specialist_pilot_s20260724
Episode 6 complete | agent_samples=548 | env_steps=215 | episode_env_steps=24 | episode_agent_samples=66 | mean_reward=45.810 | success=3/5 | collision=2/5 | mean_final_distance=0.411 | mean_progress=0.0184 | min_laser=0.327 | mean_lin=0.760 | mean_ang=-0.535 | mean_robot_dist=0.591 | raw_reward=-20.000 | adjusted_reward=-20.000 | coop_agents=0/5 | mean_coop_neighbors=0.00 | active_neighbor_step_rate=0.667 | mean_active_neighbors_step=1.667 | max_active_neighbors_step=4 | interaction_reward=0.0000 | abs_interaction_reward=0.0000 | anti_stag_reward=0.0000 | abs_anti_stag_reward=0.0000 | wall_clear_reward=0.0000 | abs_wall_clear_reward=0.0000 | local_nav_reward=0.0000 | abs_local_nav_reward=0.0000 | context_neighbors_mean=1.74 | context_neighbors_max=4 | last_context_neighbors_mean=0.00 | last_context_neighbors_max=0 | actor_unlocked=0 | expl_noise=0.0799 | replay=548 | interaction_replay=322 | samples/sec=10.511
Episode 7 complete | agent_samples=607 | env_steps=231 | episode_env_steps=16 | episode_agent_samples=59 | mean_reward=39.036 | success=3/5 | collision=2/5 | mean_final_distance=0.437 | mean_progress=0.0132 | min_laser=0.300 | mean_lin=0.802 | mean_ang=0.493 | mean_robot_dist=0.542 | raw_reward=-20.000 | adjusted_reward=-20.000 | coop_agents=0/5 | mean_coop_neighbors=0.00 | active_neighbor_step_rate=0.966 | mean_active_neighbors_step=2.271 | max_active_neighbors_step=4 | interaction_reward=0.0000 | abs_interaction_reward=0.0000 | anti_stag_reward=0.0000 | abs_anti_stag_reward=0.0000 | wall_clear_reward=0.0000 | abs_wall_clear_reward=0.0000 | local_nav_reward=0.0000 | abs_local_nav_reward=0.0000 | context_neighbors_mean=2.32 | context_neighbors_max=4 | last_context_neighbors_mean=0.00 | last_context_neighbors_max=0 | actor_unlocked=0 | expl_noise=0.0799 | replay=607 | interaction_replay=374 | samples/sec=10.471
Episode 8 complete | agent_samples=660 | env_steps=249 | episode_env_steps=18 | episode_agent_samples=53 | mean_reward=34.704 | success=3/5 | collision=2/5 | mean_final_distance=0.448 | mean_progress=0.0250 | min_laser=0.300 | mean_lin=0.997 | mean_ang=-0.518 | mean_robot_dist=1.458 | raw_reward=20.000 | adjusted_reward=20.000 | coop_agents=0/5 | mean_coop_neighbors=0.00 | active_neighbor_step_rate=0.774 | mean_active_neighbors_step=1.585 | max_active_neighbors_step=4 | interaction_reward=0.0000 | abs_interaction_reward=0.0000 | anti_stag_reward=0.0000 | abs_anti_stag_reward=0.0000 | wall_clear_reward=0.0000 | abs_wall_clear_reward=0.0000 | local_nav_reward=0.0000 | abs_local_nav_reward=0.0000 | context_neighbors_mean=1.62 | context_neighbors_max=4 | last_context_neighbors_mean=0.00 | last_context_neighbors_max=0 | actor_unlocked=0 | expl_noise=0.0798 | replay=660 | interaction_replay=409 | samples/sec=10.338
Episode 9 complete | agent_samples=714 | env_steps=262 | episode_env_steps=13 | episode_agent_samples=54 | mean_reward=41.656 | success=3/5 | collision=2/5 | mean_final_distance=0.422 | mean_progress=0.0213 | min_laser=0.300 | mean_lin=0.979 | mean_ang=0.611 | mean_robot_dist=1.438 | raw_reward=20.000 | adjusted_reward=20.000 | coop_agents=0/5 | mean_coop_neighbors=0.00 | active_neighbor_step_rate=0.907 | mean_active_neighbors_step=2.407 | max_active_neighbors_step=4 | interaction_reward=0.0000 | abs_interaction_reward=0.0000 | anti_stag_reward=0.0000 | abs_anti_stag_reward=0.0000 | wall_clear_reward=0.0000 | abs_wall_clear_reward=0.0000 | local_nav_reward=0.0000 | abs_local_nav_reward=0.0000 | context_neighbors_mean=2.48 | context_neighbors_max=4 | last_context_neighbors_mean=0.00 | last_context_neighbors_max=0 | actor_unlocked=0 | expl_noise=0.0798 | replay=714 | interaction_replay=452 | samples/sec=10.336
Episode 10 complete | agent_samples=795 | env_steps=296 | episode_env_steps=34 | episode_agent_samples=81 | mean_reward=75.299 | success=4/5 | collision=1/5 | mean_final_distance=0.569 | mean_progress=0.0148 | min_laser=0.321 | mean_lin=0.788 | mean_ang=0.142 | mean_robot_dist=0.920 | raw_reward=20.000 | adjusted_reward=20.000 | coop_agents=0/5 | mean_coop_neighbors=0.00 | active_neighbor_step_rate=0.679 | mean_active_neighbors_step=1.296 | max_active_neighbors_step=4 | interaction_reward=0.0000 | abs_interaction_reward=0.0000 | anti_stag_reward=0.0000 | abs_anti_stag_reward=0.0000 | wall_clear_reward=0.0000 | abs_wall_clear_reward=0.0000 | local_nav_reward=0.0000 | abs_local_nav_reward=0.0000 | context_neighbors_mean=1.36 | context_neighbors_max=4 | last_context_neighbors_mean=0.00 | last_context_neighbors_max=0 | actor_unlocked=0 | expl_noise=0.0798 | replay=795 | interaction_replay=508 | samples/sec=8.537
Status | epoch=1 | next_eval_in=19205 agent_samples | checkpoint_every=10 episodes | checkpoint=./checkpoints/interaction_oracle_specialist_pilot_s20260724_latest.pt | model=interaction_oracle_specialist_pilot_s20260724
Checkpoint saved: ./checkpoints/interaction_oracle_specialist_pilot_s20260724_latest.pt
Episode 11 complete | agent_samples=846 | env_steps=315 | episode_env_steps=19 | episode_agent_samples=51 | mean_reward=24.389 | success=3/5 | collision=2/5 | mean_final_distance=0.471 | mean_progress=0.0127 | min_laser=0.322 | mean_lin=0.995 | mean_ang=-0.185 | mean_robot_dist=1.246 | raw_reward=20.000 | adjusted_reward=20.000 | coop_agents=0/5 | mean_coop_neighbors=0.00 | active_neighbor_step_rate=0.725 | mean_active_neighbors_step=1.471 | max_active_neighbors_step=3 | interaction_reward=0.0000 | abs_interaction_reward=0.0000 | anti_stag_reward=0.0000 | abs_anti_stag_reward=0.0000 | wall_clear_reward=0.0000 | abs_wall_clear_reward=0.0000 | local_nav_reward=0.0000 | abs_local_nav_reward=0.0000 | context_neighbors_mean=1.51 | context_neighbors_max=3 | last_context_neighbors_mean=0.00 | last_context_neighbors_max=0 | actor_unlocked=0 | expl_noise=0.0798 | replay=846 | interaction_replay=546 | samples/sec=8.351
Episode 12 complete | agent_samples=891 | env_steps=327 | episode_env_steps=12 | episode_agent_samples=45 | mean_reward=82.258 | success=4/5 | collision=1/5 | mean_final_distance=0.501 | mean_progress=0.0274 | min_laser=0.319 | mean_lin=1.000 | mean_ang=0.241 | mean_robot_dist=1.857 | raw_reward=20.000 | adjusted_reward=20.000 | coop_agents=0/5 | mean_coop_neighbors=0.00 | active_neighbor_step_rate=0.867 | mean_active_neighbors_step=2.000 | max_active_neighbors_step=4 | interaction_reward=0.0000 | abs_interaction_reward=0.0000 | anti_stag_reward=0.0000 | abs_anti_stag_reward=0.0000 | wall_clear_reward=0.0000 | abs_wall_clear_reward=0.0000 | local_nav_reward=0.0000 | abs_local_nav_reward=0.0000 | context_neighbors_mean=2.09 | context_neighbors_max=4 | last_context_neighbors_mean=0.00 | last_context_neighbors_max=0 | actor_unlocked=0 | expl_noise=0.0798 | replay=891 | interaction_replay=585 | samples/sec=8.469
Episode 13 complete | agent_samples=973 | env_steps=354 | episode_env_steps=27 | episode_agent_samples=82 | mean_reward=70.598 | success=4/5 | collision=1/5 | mean_final_distance=0.350 | mean_progress=0.0112 | min_laser=0.337 | mean_lin=0.992 | mean_ang=0.068 | mean_robot_dist=0.943 | raw_reward=20.000 | adjusted_reward=20.000 | coop_agents=0/5 | mean_coop_neighbors=0.00 | active_neighbor_step_rate=0.720 | mean_active_neighbors_step=1.524 | max_active_neighbors_step=4 | interaction_reward=0.0000 | abs_interaction_reward=0.0000 | anti_stag_reward=0.0000 | abs_anti_stag_reward=0.0000 | wall_clear_reward=0.0000 | abs_wall_clear_reward=0.0000 | local_nav_reward=0.0000 | abs_local_nav_reward=0.0000 | context_neighbors_mean=1.56 | context_neighbors_max=4 | last_context_neighbors_mean=0.00 | last_context_neighbors_max=0 | actor_unlocked=0 | expl_noise=0.0798 | replay=973 | interaction_replay=641 | samples/sec=7.960
Episode 14 complete | agent_samples=1025 | env_steps=366 | episode_env_steps=12 | episode_agent_samples=52 | mean_reward=81.929 | success=4/5 | collision=1/5 | mean_final_distance=0.579 | mean_progress=0.0187 | min_laser=0.345 | mean_lin=0.800 | mean_ang=-0.154 | mean_robot_dist=1.329 | raw_reward=0.000 | adjusted_reward=8.000 | coop_agents=1/5 | mean_coop_neighbors=0.20 | active_neighbor_step_rate=0.923 | mean_active_neighbors_step=2.481 | max_active_neighbors_step=4 | interaction_reward=0.0000 | abs_interaction_reward=0.0000 | anti_stag_reward=0.0000 | abs_anti_stag_reward=0.0000 | wall_clear_reward=0.0000 | abs_wall_clear_reward=0.0000 | local_nav_reward=0.0000 | abs_local_nav_reward=0.0000 | context_neighbors_mean=2.48 | context_neighbors_max=4 | last_context_neighbors_mean=0.00 | last_context_neighbors_max=0 | actor_unlocked=0 | expl_noise=0.0798 | replay=1025 | interaction_replay=659 | samples/sec=8.177
Episode 15 complete | agent_samples=1104 | env_steps=392 | episode_env_steps=26 | episode_agent_samples=79 | mean_reward=95.501 | success=4/5 | collision=1/5 | mean_final_distance=0.253 | mean_progress=0.0246 | min_laser=0.345 | mean_lin=0.804 | mean_ang=0.422 | mean_robot_dist=0.648 | raw_reward=0.000 | adjusted_reward=8.000 | coop_agents=1/5 | mean_coop_neighbors=0.20 | active_neighbor_step_rate=0.797 | mean_active_neighbors_step=1.418 | max_active_neighbors_step=4 | interaction_reward=0.0000 | abs_interaction_reward=0.0000 | anti_stag_reward=0.0000 | abs_anti_stag_reward=0.0000 | wall_clear_reward=0.0000 | abs_wall_clear_reward=0.0000 | local_nav_reward=0.0000 | abs_local_nav_reward=0.0000 | context_neighbors_mean=1.39 | context_neighbors_max=4 | last_context_neighbors_mean=0.00 | last_context_neighbors_max=0 | actor_unlocked=0 | expl_noise=0.0798 | replay=1104 | interaction_replay=687 | samples/sec=8.339
Status | epoch=1 | next_eval_in=18896 agent_samples | checkpoint_every=10 episodes | checkpoint=./checkpoints/interaction_oracle_specialist_pilot_s20260724_latest.pt | model=interaction_oracle_specialist_pilot_s20260724
Episode 16 complete | agent_samples=1161 | env_steps=412 | episode_env_steps=20 | episode_agent_samples=57 | mean_reward=13.616 | success=3/5 | collision=2/5 | mean_final_distance=0.451 | mean_progress=-0.0001 | min_laser=0.328 | mean_lin=0.598 | mean_ang=0.209 | mean_robot_dist=0.619 | raw_reward=-20.000 | adjusted_reward=-20.000 | coop_agents=0/5 | mean_coop_neighbors=0.00 | active_neighbor_step_rate=0.754 | mean_active_neighbors_step=1.298 | max_active_neighbors_step=4 | interaction_reward=0.0000 | abs_interaction_reward=0.0000 | anti_stag_reward=0.0000 | abs_anti_stag_reward=0.0000 | wall_clear_reward=0.0000 | abs_wall_clear_reward=0.0000 | local_nav_reward=0.0000 | abs_local_nav_reward=0.0000 | context_neighbors_mean=1.35 | context_neighbors_max=4 | last_context_neighbors_mean=0.00 | last_context_neighbors_max=0 | actor_unlocked=0 | expl_noise=0.0797 | replay=1161 | interaction_replay=723 | samples/sec=8.461
Episode 17 complete | agent_samples=1209 | env_steps=423 | episode_env_steps=11 | episode_agent_samples=48 | mean_reward=35.021 | success=3/5 | collision=2/5 | mean_final_distance=0.394 | mean_progress=0.0005 | min_laser=0.334 | mean_lin=0.600 | mean_ang=-0.188 | mean_robot_dist=0.637 | raw_reward=-20.000 | adjusted_reward=-20.000 | coop_agents=0/5 | mean_coop_neighbors=0.00 | active_neighbor_step_rate=0.958 | mean_active_neighbors_step=2.354 | max_active_neighbors_step=4 | interaction_reward=0.0000 | abs_interaction_reward=0.0000 | anti_stag_reward=0.0000 | abs_anti_stag_reward=0.0000 | wall_clear_reward=0.0000 | abs_wall_clear_reward=0.0000 | local_nav_reward=0.0000 | abs_local_nav_reward=0.0000 | context_neighbors_mean=2.46 | context_neighbors_max=4 | last_context_neighbors_mean=0.00 | last_context_neighbors_max=0 | actor_unlocked=0 | expl_noise=0.0797 | replay=1209 | interaction_replay=765 | samples/sec=8.616
Episode 18 complete | agent_samples=1319 | env_steps=491 | episode_env_steps=68 | episode_agent_samples=110 | mean_reward=41.362 | success=3/5 | collision=2/5 | mean_final_distance=0.440 | mean_progress=0.0043 | min_laser=0.318 | mean_lin=0.753 | mean_ang=-0.969 | mean_robot_dist=2.944 | raw_reward=20.000 | adjusted_reward=20.000 | coop_agents=0/5 | mean_coop_neighbors=0.00 | active_neighbor_step_rate=0.400 | mean_active_neighbors_step=1.173 | max_active_neighbors_step=4 | interaction_reward=0.0000 | abs_interaction_reward=0.0000 | anti_stag_reward=0.0000 | abs_anti_stag_reward=0.0000 | wall_clear_reward=0.0000 | abs_wall_clear_reward=0.0000 | local_nav_reward=0.0000 | abs_local_nav_reward=0.0000 | context_neighbors_mean=1.19 | context_neighbors_max=4 | last_context_neighbors_mean=0.00 | last_context_neighbors_max=0 | actor_unlocked=0 | expl_noise=0.0797 | replay=1319 | interaction_replay=786 | samples/sec=8.003
Episode 19 complete | agent_samples=1368 | env_steps=507 | episode_env_steps=16 | episode_agent_samples=49 | mean_reward=1.872 | success=2/5 | collision=3/5 | mean_final_distance=1.286 | mean_progress=0.0315 | min_laser=0.305 | mean_lin=0.800 | mean_ang=-0.078 | mean_robot_dist=2.193 | raw_reward=20.000 | adjusted_reward=20.000 | coop_agents=0/5 | mean_coop_neighbors=0.00 | active_neighbor_step_rate=0.653 | mean_active_neighbors_step=1.163 | max_active_neighbors_step=4 | interaction_reward=0.0000 | abs_interaction_reward=0.0000 | anti_stag_reward=0.0000 | abs_anti_stag_reward=0.0000 | wall_clear_reward=0.0000 | abs_wall_clear_reward=0.0000 | local_nav_reward=0.0000 | abs_local_nav_reward=0.0000 | context_neighbors_mean=1.18 | context_neighbors_max=4 | last_context_neighbors_mean=0.00 | last_context_neighbors_max=0 | actor_unlocked=0 | expl_noise=0.0797 | replay=1368 | interaction_replay=799 | samples/sec=7.990
Episode 20 complete | agent_samples=1416 | env_steps=518 | episode_env_steps=11 | episode_agent_samples=48 | mean_reward=73.210 | success=4/5 | collision=1/5 | mean_final_distance=0.657 | mean_progress=0.0216 | min_laser=0.324 | mean_lin=0.970 | mean_ang=0.300 | mean_robot_dist=0.515 | raw_reward=-20.000 | adjusted_reward=-20.000 | coop_agents=0/5 | mean_coop_neighbors=0.00 | active_neighbor_step_rate=0.854 | mean_active_neighbors_step=2.833 | max_active_neighbors_step=4 | interaction_reward=0.0000 | abs_interaction_reward=0.0000 | anti_stag_reward=0.0000 | abs_anti_stag_reward=0.0000 | wall_clear_reward=0.0000 | abs_wall_clear_reward=0.0000 | local_nav_reward=0.0000 | abs_local_nav_reward=0.0000 | context_neighbors_mean=2.85 | context_neighbors_max=4 | last_context_neighbors_mean=0.00 | last_context_neighbors_max=0 | actor_unlocked=0 | expl_noise=0.0797 | replay=1416 | interaction_replay=828 | samples/sec=8.093
Status | epoch=1 | next_eval_in=18584 agent_samples | checkpoint_every=10 episodes | checkpoint=./checkpoints/interaction_oracle_specialist_pilot_s20260724_latest.pt | model=interaction_oracle_specialist_pilot_s20260724
Checkpoint saved: ./checkpoints/interaction_oracle_specialist_pilot_s20260724_latest.pt
Episode 21 complete | agent_samples=1482 | env_steps=554 | episode_env_steps=36 | episode_agent_samples=66 | mean_reward=23.572 | success=3/5 | collision=2/5 | mean_final_distance=0.470 | mean_progress=0.0070 | min_laser=0.300 | mean_lin=0.791 | mean_ang=0.166 | mean_robot_dist=1.286 | raw_reward=20.000 | adjusted_reward=20.000 | coop_agents=0/5 | mean_coop_neighbors=0.00 | active_neighbor_step_rate=0.561 | mean_active_neighbors_step=1.197 | max_active_neighbors_step=4 | interaction_reward=0.0000 | abs_interaction_reward=0.0000 | anti_stag_reward=0.0000 | abs_anti_stag_reward=0.0000 | wall_clear_reward=0.0000 | abs_wall_clear_reward=0.0000 | local_nav_reward=0.0000 | abs_local_nav_reward=0.0000 | context_neighbors_mean=1.32 | context_neighbors_max=4 | last_context_neighbors_mean=0.00 | last_context_neighbors_max=0 | actor_unlocked=0 | expl_noise=0.0797 | replay=1482 | interaction_replay=865 | samples/sec=8.013
Episode 22 complete | agent_samples=1549 | env_steps=579 | episode_env_steps=25 | episode_agent_samples=67 | mean_reward=123.895 | success=5/5 | collision=0/5 | mean_final_distance=0.261 | mean_progress=0.0013 | min_laser=0.582 | mean_lin=0.601 | mean_ang=-0.178 | mean_robot_dist=1.341 | raw_reward=20.000 | adjusted_reward=20.000 | coop_agents=0/5 | mean_coop_neighbors=0.00 | active_neighbor_step_rate=0.731 | mean_active_neighbors_step=1.388 | max_active_neighbors_step=3 | interaction_reward=0.0000 | abs_interaction_reward=0.0000 | anti_stag_reward=0.0000 | abs_anti_stag_reward=0.0000 | wall_clear_reward=0.0000 | abs_wall_clear_reward=0.0000 | local_nav_reward=0.0000 | abs_local_nav_reward=0.0000 | context_neighbors_mean=1.48 | context_neighbors_max=3 | last_context_neighbors_mean=0.00 | last_context_neighbors_max=0 | actor_unlocked=0 | expl_noise=0.0796 | replay=1549 | interaction_replay=915 | samples/sec=8.113
Episode 23 complete | agent_samples=1650 | env_steps=607 | episode_env_steps=28 | episode_agent_samples=101 | mean_reward=83.617 | success=4/5 | collision=1/5 | mean_final_distance=0.415 | mean_progress=0.0239 | min_laser=0.343 | mean_lin=0.784 | mean_ang=-0.594 | mean_robot_dist=1.477 | raw_reward=40.000 | adjusted_reward=40.000 | coop_agents=2/5 | mean_coop_neighbors=0.40 | active_neighbor_step_rate=0.960 | mean_active_neighbors_step=2.386 | max_active_neighbors_step=4 | interaction_reward=0.0000 | abs_interaction_reward=0.0000 | anti_stag_reward=0.0000 | abs_anti_stag_reward=0.0000 | wall_clear_reward=0.0000 | abs_wall_clear_reward=0.0000 | local_nav_reward=0.0000 | abs_local_nav_reward=0.0000 | context_neighbors_mean=2.40 | context_neighbors_max=4 | last_context_neighbors_mean=0.00 | last_context_neighbors_max=0 | actor_unlocked=0 | expl_noise=0.0796 | replay=1650 | interaction_replay=940 | samples/sec=8.288
Episode 24 complete | agent_samples=1737 | env_steps=646 | episode_env_steps=39 | episode_agent_samples=87 | mean_reward=127.568 | success=5/5 | collision=0/5 | mean_final_distance=0.256 | mean_progress=0.0111 | min_laser=0.652 | mean_lin=0.985 | mean_ang=0.166 | mean_robot_dist=2.964 | raw_reward=20.000 | adjusted_reward=20.000 | coop_agents=0/5 | mean_coop_neighbors=0.00 | active_neighbor_step_rate=0.690 | mean_active_neighbors_step=1.552 | max_active_neighbors_step=4 | interaction_reward=0.0000 | abs_interaction_reward=0.0000 | anti_stag_reward=0.0000 | abs_anti_stag_reward=0.0000 | wall_clear_reward=0.0000 | abs_wall_clear_reward=0.0000 | local_nav_reward=0.0000 | abs_local_nav_reward=0.0000 | context_neighbors_mean=1.59 | context_neighbors_max=4 | last_context_neighbors_mean=0.00 | last_context_neighbors_max=0 | actor_unlocked=0 | expl_noise=0.0796 | replay=1737 | interaction_replay=973 | samples/sec=8.261
Episode 25 complete | agent_samples=1811 | env_steps=673 | episode_env_steps=27 | episode_agent_samples=74 | mean_reward=80.934 | success=4/5 | collision=1/5 | mean_final_distance=0.481 | mean_progress=0.0039 | min_laser=0.325 | mean_lin=0.601 | mean_ang=-0.283 | mean_robot_dist=4.214 | raw_reward=20.000 | adjusted_reward=20.000 | coop_agents=0/5 | mean_coop_neighbors=0.00 | active_neighbor_step_rate=0.784 | mean_active_neighbors_step=2.041 | max_active_neighbors_step=4 | interaction_reward=0.0000 | abs_interaction_reward=0.0000 | anti_stag_reward=0.0000 | abs_anti_stag_reward=0.0000 | wall_clear_reward=0.0000 | abs_wall_clear_reward=0.0000 | local_nav_reward=0.0000 | abs_local_nav_reward=0.0000 | context_neighbors_mean=2.08 | context_neighbors_max=4 | last_context_neighbors_mean=0.00 | last_context_neighbors_max=0 | actor_unlocked=0 | expl_noise=0.0796 | replay=1811 | interaction_replay=996 | samples/sec=8.349
Status | epoch=1 | next_eval_in=18189 agent_samples | checkpoint_every=10 episodes | checkpoint=./checkpoints/interaction_oracle_specialist_pilot_s20260724_latest.pt | model=interaction_oracle_specialist_pilot_s20260724
Episode 26 complete | agent_samples=1890 | env_steps=709 | episode_env_steps=36 | episode_agent_samples=79 | mean_reward=83.696 | success=4/5 | collision=1/5 | mean_final_distance=0.430 | mean_progress=0.0226 | min_laser=0.340 | mean_lin=0.798 | mean_ang=-0.529 | mean_robot_dist=2.102 | raw_reward=20.000 | adjusted_reward=20.000 | coop_agents=0/5 | mean_coop_neighbors=0.00 | active_neighbor_step_rate=0.532 | mean_active_neighbors_step=1.494 | max_active_neighbors_step=4 | interaction_reward=0.0000 | abs_interaction_reward=0.0000 | anti_stag_reward=0.0000 | abs_anti_stag_reward=0.0000 | wall_clear_reward=0.0000 | abs_wall_clear_reward=0.0000 | local_nav_reward=0.0000 | abs_local_nav_reward=0.0000 | context_neighbors_mean=1.52 | context_neighbors_max=4 | last_context_neighbors_mean=0.00 | last_context_neighbors_max=0 | actor_unlocked=0 | expl_noise=0.0796 | replay=1890 | interaction_replay=1023 | samples/sec=8.394
Episode 27 complete | agent_samples=1944 | env_steps=727 | episode_env_steps=18 | episode_agent_samples=54 | mean_reward=119.569 | success=5/5 | collision=0/5 | mean_final_distance=0.224 | mean_progress=0.0268 | min_laser=0.597 | mean_lin=0.989 | mean_ang=0.987 | mean_robot_dist=0.819 | raw_reward=20.000 | adjusted_reward=20.000 | coop_agents=0/5 | mean_coop_neighbors=0.00 | active_neighbor_step_rate=0.778 | mean_active_neighbors_step=1.537 | max_active_neighbors_step=4 | interaction_reward=0.0000 | abs_interaction_reward=0.0000 | anti_stag_reward=0.0000 | abs_anti_stag_reward=0.0000 | wall_clear_reward=0.0000 | abs_wall_clear_reward=0.0000 | local_nav_reward=0.0000 | abs_local_nav_reward=0.0000 | context_neighbors_mean=1.65 | context_neighbors_max=4 | last_context_neighbors_mean=0.00 | last_context_neighbors_max=0 | actor_unlocked=0 | expl_noise=0.0795 | replay=1944 | interaction_replay=1066 | samples/sec=8.465
Episode 28 complete | agent_samples=1994 | env_steps=741 | episode_env_steps=14 | episode_agent_samples=50 | mean_reward=38.619 | success=3/5 | collision=2/5 | mean_final_distance=0.364 | mean_progress=0.0091 | min_laser=0.318 | mean_lin=0.995 | mean_ang=-0.575 | mean_robot_dist=0.893 | raw_reward=20.000 | adjusted_reward=20.000 | coop_agents=0/5 | mean_coop_neighbors=0.00 | active_neighbor_step_rate=0.880 | mean_active_neighbors_step=2.400 | max_active_neighbors_step=4 | interaction_reward=0.0000 | abs_interaction_reward=0.0000 | anti_stag_reward=0.0000 | abs_anti_stag_reward=0.0000 | wall_clear_reward=0.0000 | abs_wall_clear_reward=0.0000 | local_nav_reward=0.0000 | abs_local_nav_reward=0.0000 | context_neighbors_mean=2.44 | context_neighbors_max=4 | last_context_neighbors_mean=0.00 | last_context_neighbors_max=0 | actor_unlocked=0 | expl_noise=0.0795 | replay=1994 | interaction_replay=1109 | samples/sec=8.529
Episode 29 complete | agent_samples=2081 | env_steps=790 | episode_env_steps=49 | episode_agent_samples=87 | mean_reward=-15.510 | success=2/5 | collision=3/5 | mean_final_distance=0.838 | mean_progress=0.0011 | min_laser=0.300 | mean_lin=1.000 | mean_ang=0.559 | mean_robot_dist=4.063 | raw_reward=-20.000 | adjusted_reward=-20.000 | coop_agents=0/5 | mean_coop_neighbors=0.00 | active_neighbor_step_rate=0.494 | mean_active_neighbors_step=1.023 | max_active_neighbors_step=4 | interaction_reward=0.0000 | abs_interaction_reward=0.0000 | anti_stag_reward=0.0000 | abs_anti_stag_reward=0.0000 | wall_clear_reward=0.0000 | abs_wall_clear_reward=0.0000 | local_nav_reward=0.0000 | abs_local_nav_reward=0.0000 | context_neighbors_mean=1.10 | context_neighbors_max=4 | last_context_neighbors_mean=0.00 | last_context_neighbors_max=0 | actor_unlocked=0 | expl_noise=0.0795 | replay=2081 | interaction_replay=1131 | samples/sec=7.785
Episode 30 complete | agent_samples=2128 | env_steps=800 | episode_env_steps=10 | episode_agent_samples=47 | mean_reward=45.971 | success=3/5 | collision=2/5 | mean_final_distance=0.499 | mean_progress=0.0401 | min_laser=0.310 | mean_lin=0.781 | mean_ang=-0.200 | mean_robot_dist=1.127 | raw_reward=0.000 | adjusted_reward=8.000 | coop_agents=1/5 | mean_coop_neighbors=0.20 | active_neighbor_step_rate=0.809 | mean_active_neighbors_step=2.234 | max_active_neighbors_step=4 | interaction_reward=0.0000 | abs_interaction_reward=0.0000 | anti_stag_reward=0.0000 | abs_anti_stag_reward=0.0000 | wall_clear_reward=0.0000 | abs_wall_clear_reward=0.0000 | local_nav_reward=0.0000 | abs_local_nav_reward=0.0000 | context_neighbors_mean=2.36 | context_neighbors_max=4 | last_context_neighbors_mean=0.00 | last_context_neighbors_max=0 | actor_unlocked=0 | expl_noise=0.0795 | replay=2128 | interaction_replay=1171 | samples/sec=7.884
Status | epoch=1 | next_eval_in=17872 agent_samples | checkpoint_every=10 episodes | checkpoint=./checkpoints/interaction_oracle_specialist_pilot_s20260724_latest.pt | model=interaction_oracle_specialist_pilot_s20260724
Checkpoint saved: ./checkpoints/interaction_oracle_specialist_pilot_s20260724_latest.pt
Episode 31 complete | agent_samples=2181 | env_steps=818 | episode_env_steps=18 | episode_agent_samples=53 | mean_reward=77.437 | success=4/5 | collision=1/5 | mean_final_distance=0.361 | mean_progress=0.0093 | min_laser=0.320 | mean_lin=0.997 | mean_ang=0.905 | mean_robot_dist=1.225 | raw_reward=20.000 | adjusted_reward=20.000 | coop_agents=0/5 | mean_coop_neighbors=0.00 | active_neighbor_step_rate=0.774 | mean_active_neighbors_step=2.057 | max_active_neighbors_step=4 | interaction_reward=0.0000 | abs_interaction_reward=0.0000 | anti_stag_reward=0.0000 | abs_anti_stag_reward=0.0000 | wall_clear_reward=0.0000 | abs_wall_clear_reward=0.0000 | local_nav_reward=0.0000 | abs_local_nav_reward=0.0000 | context_neighbors_mean=2.21 | context_neighbors_max=4 | last_context_neighbors_mean=0.00 | last_context_neighbors_max=0 | actor_unlocked=0 | expl_noise=0.0795 | replay=2181 | interaction_replay=1214 | samples/sec=7.843
Episode 32 complete | agent_samples=2226 | env_steps=829 | episode_env_steps=11 | episode_agent_samples=45 | mean_reward=112.400 | success=5/5 | collision=0/5 | mean_final_distance=0.242 | mean_progress=0.0271 | min_laser=0.587 | mean_lin=0.800 | mean_ang=0.231 | mean_robot_dist=1.194 | raw_reward=20.000 | adjusted_reward=20.000 | coop_agents=0/5 | mean_coop_neighbors=0.00 | active_neighbor_step_rate=0.689 | mean_active_neighbors_step=1.600 | max_active_neighbors_step=4 | interaction_reward=0.0000 | abs_interaction_reward=0.0000 | anti_stag_reward=0.0000 | abs_anti_stag_reward=0.0000 | wall_clear_reward=0.0000 | abs_wall_clear_reward=0.0000 | local_nav_reward=0.0000 | abs_local_nav_reward=0.0000 | context_neighbors_mean=1.67 | context_neighbors_max=4 | last_context_neighbors_mean=0.00 | last_context_neighbors_max=0 | actor_unlocked=0 | expl_noise=0.0795 | replay=2226 | interaction_replay=1245 | samples/sec=7.843
Episode 33 complete | agent_samples=2288 | env_steps=845 | episode_env_steps=16 | episode_agent_samples=62 | mean_reward=44.577 | success=3/5 | collision=2/5 | mean_final_distance=0.517 | mean_progress=0.0339 | min_laser=0.300 | mean_lin=0.977 | mean_ang=-0.600 | mean_robot_dist=2.338 | raw_reward=40.000 | adjusted_reward=40.000 | coop_agents=0/5 | mean_coop_neighbors=0.00 | active_neighbor_step_rate=0.710 | mean_active_neighbors_step=1.548 | max_active_neighbors_step=4 | interaction_reward=0.0000 | abs_interaction_reward=0.0000 | anti_stag_reward=0.0000 | abs_anti_stag_reward=0.0000 | wall_clear_reward=0.0000 | abs_wall_clear_reward=0.0000 | local_nav_reward=0.0000 | abs_local_nav_reward=0.0000 | context_neighbors_mean=1.61 | context_neighbors_max=4 | last_context_neighbors_mean=0.00 | last_context_neighbors_max=0 | actor_unlocked=0 | expl_noise=0.0795 | replay=2288 | interaction_replay=1269 | samples/sec=7.610
Episode 34 complete | agent_samples=2330 | env_steps=856 | episode_env_steps=11 | episode_agent_samples=42 | mean_reward=24.461 | success=3/5 | collision=2/5 | mean_final_distance=0.437 | mean_progress=0.0221 | min_laser=0.300 | mean_lin=0.987 | mean_ang=0.197 | mean_robot_dist=1.119 | raw_reward=20.000 | adjusted_reward=20.000 | coop_agents=0/5 | mean_coop_neighbors=0.00 | active_neighbor_step_rate=0.810 | mean_active_neighbors_step=1.643 | max_active_neighbors_step=3 | interaction_reward=0.0000 | abs_interaction_reward=0.0000 | anti_stag_reward=0.0000 | abs_anti_stag_reward=0.0000 | wall_clear_reward=0.0000 | abs_wall_clear_reward=0.0000 | local_nav_reward=0.0000 | abs_local_nav_reward=0.0000 | context_neighbors_mean=1.71 | context_neighbors_max=3 | last_context_neighbors_mean=0.00 | last_context_neighbors_max=0 | actor_unlocked=0 | expl_noise=0.0795 | replay=2330 | interaction_replay=1304 | samples/sec=7.682
Episode 35 complete | agent_samples=2460 | env_steps=916 | episode_env_steps=60 | episode_agent_samples=130 | mean_reward=122.147 | success=5/5 | collision=0/5 | mean_final_distance=0.269 | mean_progress=0.0138 | min_laser=0.455 | mean_lin=1.000 | mean_ang=0.077 | mean_robot_dist=1.568 | raw_reward=20.000 | adjusted_reward=20.000 | coop_agents=0/5 | mean_coop_neighbors=0.00 | active_neighbor_step_rate=0.592 | mean_active_neighbors_step=1.238 | max_active_neighbors_step=4 | interaction_reward=0.0000 | abs_interaction_reward=0.0000 | anti_stag_reward=0.0000 | abs_anti_stag_reward=0.0000 | wall_clear_reward=0.0000 | abs_wall_clear_reward=0.0000 | local_nav_reward=0.0000 | abs_local_nav_reward=0.0000 | context_neighbors_mean=1.24 | context_neighbors_max=4 | last_context_neighbors_mean=0.00 | last_context_neighbors_max=0 | actor_unlocked=0 | expl_noise=0.0794 | replay=2460 | interaction_replay=1318 | samples/sec=7.777
Status | epoch=1 | next_eval_in=17540 agent_samples | checkpoint_every=10 episodes | checkpoint=./checkpoints/interaction_oracle_specialist_pilot_s20260724_latest.pt | model=interaction_oracle_specialist_pilot_s20260724
Episode 36 complete | agent_samples=2571 | env_steps=950 | episode_env_steps=34 | episode_agent_samples=111 | mean_reward=84.415 | success=4/5 | collision=1/5 | mean_final_distance=0.339 | mean_progress=0.0277 | min_laser=0.342 | mean_lin=0.800 | mean_ang=0.057 | mean_robot_dist=4.066 | raw_reward=20.000 | adjusted_reward=20.000 | coop_agents=0/5 | mean_coop_neighbors=0.00 | active_neighbor_step_rate=0.450 | mean_active_neighbors_step=0.721 | max_active_neighbors_step=4 | interaction_reward=0.0000 | abs_interaction_reward=0.0000 | anti_stag_reward=0.0000 | abs_anti_stag_reward=0.0000 | wall_clear_reward=0.0000 | abs_wall_clear_reward=0.0000 | local_nav_reward=0.0000 | abs_local_nav_reward=0.0000 | context_neighbors_mean=0.74 | context_neighbors_max=4 | last_context_neighbors_mean=0.00 | last_context_neighbors_max=0 | actor_unlocked=0 | expl_noise=0.0794 | replay=2571 | interaction_replay=1352 | samples/sec=7.936
Episode 37 complete | agent_samples=2618 | env_steps=964 | episode_env_steps=14 | episode_agent_samples=47 | mean_reward=36.663 | success=3/5 | collision=2/5 | mean_final_distance=0.479 | mean_progress=0.0157 | min_laser=0.300 | mean_lin=0.838 | mean_ang=-0.207 | mean_robot_dist=0.962 | raw_reward=20.000 | adjusted_reward=20.000 | coop_agents=0/5 | mean_coop_neighbors=0.00 | active_neighbor_step_rate=0.745 | mean_active_neighbors_step=1.872 | max_active_neighbors_step=4 | interaction_reward=0.0000 | abs_interaction_reward=0.0000 | anti_stag_reward=0.0000 | abs_anti_stag_reward=0.0000 | wall_clear_reward=0.0000 | abs_wall_clear_reward=0.0000 | local_nav_reward=0.0000 | abs_local_nav_reward=0.0000 | context_neighbors_mean=1.85 | context_neighbors_max=4 | last_context_neighbors_mean=0.00 | last_context_neighbors_max=0 | actor_unlocked=0 | expl_noise=0.0794 | replay=2618 | interaction_replay=1386 | samples/sec=7.998
Episode 38 complete | agent_samples=2695 | env_steps=1000 | episode_env_steps=36 | episode_agent_samples=77 | mean_reward=74.053 | success=4/5 | collision=1/5 | mean_final_distance=0.359 | mean_progress=0.0127 | min_laser=0.317 | mean_lin=0.995 | mean_ang=0.244 | mean_robot_dist=1.074 | raw_reward=20.000 | adjusted_reward=20.000 | coop_agents=0/5 | mean_coop_neighbors=0.00 | active_neighbor_step_rate=0.649 | mean_active_neighbors_step=1.753 | max_active_neighbors_step=4 | interaction_reward=0.0000 | abs_interaction_reward=0.0000 | anti_stag_reward=0.0000 | abs_anti_stag_reward=0.0000 | wall_clear_reward=0.0000 | abs_wall_clear_reward=0.0000 | local_nav_reward=0.0000 | abs_local_nav_reward=0.0000 | context_neighbors_mean=1.81 | context_neighbors_max=4 | last_context_neighbors_mean=0.00 | last_context_neighbors_max=0 | actor_unlocked=0 | expl_noise=0.0794 | replay=2695 | interaction_replay=1437 | samples/sec=8.021
Episode 39 complete | agent_samples=2754 | env_steps=1015 | episode_env_steps=15 | episode_agent_samples=59 | mean_reward=31.931 | success=3/5 | collision=2/5 | mean_final_distance=0.619 | mean_progress=0.0389 | min_laser=0.300 | mean_lin=0.822 | mean_ang=-0.148 | mean_robot_dist=0.532 | raw_reward=-40.000 | adjusted_reward=-40.000 | coop_agents=2/5 | mean_coop_neighbors=0.40 | active_neighbor_step_rate=0.881 | mean_active_neighbors_step=2.017 | max_active_neighbors_step=4 | interaction_reward=0.0000 | abs_interaction_reward=0.0000 | anti_stag_reward=0.0000 | abs_anti_stag_reward=0.0000 | wall_clear_reward=0.0000 | abs_wall_clear_reward=0.0000 | local_nav_reward=0.0000 | abs_local_nav_reward=0.0000 | context_neighbors_mean=1.98 | context_neighbors_max=4 | last_context_neighbors_mean=0.00 | last_context_neighbors_max=0 | actor_unlocked=0 | expl_noise=0.0794 | replay=2754 | interaction_replay=1460 | samples/sec=8.104
Episode 40 complete | agent_samples=2905 | env_steps=1063 | episode_env_steps=48 | episode_agent_samples=151 | mean_reward=123.789 | success=5/5 | collision=0/5 | mean_final_distance=0.269 | mean_progress=0.0150 | min_laser=0.422 | mean_lin=0.600 | mean_ang=-0.974 | mean_robot_dist=1.079 | raw_reward=20.000 | adjusted_reward=20.000 | coop_agents=0/5 | mean_coop_neighbors=0.00 | active_neighbor_step_rate=0.748 | mean_active_neighbors_step=1.848 | max_active_neighbors_step=4 | interaction_reward=0.0000 | abs_interaction_reward=0.0000 | anti_stag_reward=0.0000 | abs_anti_stag_reward=0.0000 | wall_clear_reward=0.0000 | abs_wall_clear_reward=0.0000 | local_nav_reward=0.0000 | abs_local_nav_reward=0.0000 | context_neighbors_mean=1.86 | context_neighbors_max=4 | last_context_neighbors_mean=0.00 | last_context_neighbors_max=0 | actor_unlocked=0 | expl_noise=0.0793 | replay=2905 | interaction_replay=1518 | samples/sec=8.096
Status | epoch=1 | next_eval_in=17095 agent_samples | checkpoint_every=10 episodes | checkpoint=./checkpoints/interaction_oracle_specialist_pilot_s20260724_latest.pt | model=interaction_oracle_specialist_pilot_s20260724
Checkpoint saved: ./checkpoints/interaction_oracle_specialist_pilot_s20260724_latest.pt
Episode 41 complete | agent_samples=2974 | env_steps=1082 | episode_env_steps=19 | episode_agent_samples=69 | mean_reward=40.300 | success=3/5 | collision=2/5 | mean_final_distance=0.529 | mean_progress=0.0447 | min_laser=0.300 | mean_lin=0.976 | mean_ang=0.406 | mean_robot_dist=1.602 | raw_reward=40.000 | adjusted_reward=40.000 | coop_agents=2/5 | mean_coop_neighbors=0.40 | active_neighbor_step_rate=0.826 | mean_active_neighbors_step=2.319 | max_active_neighbors_step=4 | interaction_reward=0.0000 | abs_interaction_reward=0.0000 | anti_stag_reward=0.0000 | abs_anti_stag_reward=0.0000 | wall_clear_reward=0.0000 | abs_wall_clear_reward=0.0000 | local_nav_reward=0.0000 | abs_local_nav_reward=0.0000 | context_neighbors_mean=2.33 | context_neighbors_max=4 | last_context_neighbors_mean=0.00 | last_context_neighbors_max=0 | actor_unlocked=0 | expl_noise=0.0793 | replay=2974 | interaction_replay=1545 | samples/sec=8.005
Episode 42 complete | agent_samples=3107 | env_steps=1137 | episode_env_steps=55 | episode_agent_samples=133 | mean_reward=120.503 | success=5/5 | collision=0/5 | mean_final_distance=0.266 | mean_progress=0.0164 | min_laser=0.566 | mean_lin=0.998 | mean_ang=0.170 | mean_robot_dist=0.862 | raw_reward=20.000 | adjusted_reward=20.000 | coop_agents=0/5 | mean_coop_neighbors=0.00 | active_neighbor_step_rate=0.774 | mean_active_neighbors_step=1.519 | max_active_neighbors_step=4 | interaction_reward=0.0000 | abs_interaction_reward=0.0000 | anti_stag_reward=0.0000 | abs_anti_stag_reward=0.0000 | wall_clear_reward=0.0000 | abs_wall_clear_reward=0.0000 | local_nav_reward=0.0000 | abs_local_nav_reward=0.0000 | context_neighbors_mean=1.56 | context_neighbors_max=4 | last_context_neighbors_mean=0.00 | last_context_neighbors_max=0 | actor_unlocked=0 | expl_noise=0.0793 | replay=3107 | interaction_replay=1566 | samples/sec=8.063
Episode 43 complete | agent_samples=3162 | env_steps=1151 | episode_env_steps=14 | episode_agent_samples=55 | mean_reward=34.092 | success=3/5 | collision=2/5 | mean_final_distance=0.845 | mean_progress=0.0375 | min_laser=0.310 | mean_lin=0.560 | mean_ang=-0.525 | mean_robot_dist=2.048 | raw_reward=40.000 | adjusted_reward=40.000 | coop_agents=1/5 | mean_coop_neighbors=0.20 | active_neighbor_step_rate=0.745 | mean_active_neighbors_step=2.109 | max_active_neighbors_step=4 | interaction_reward=0.0000 | abs_interaction_reward=0.0000 | anti_stag_reward=0.0000 | abs_anti_stag_reward=0.0000 | wall_clear_reward=0.0000 | abs_wall_clear_reward=0.0000 | local_nav_reward=0.0000 | abs_local_nav_reward=0.0000 | context_neighbors_mean=2.13 | context_neighbors_max=4 | last_context_neighbors_mean=0.00 | last_context_neighbors_max=0 | actor_unlocked=0 | expl_noise=0.0793 | replay=3162 | interaction_replay=1594 | samples/sec=8.106
Episode 44 complete | agent_samples=3256 | env_steps=1195 | episode_env_steps=44 | episode_agent_samples=94 | mean_reward=114.139 | success=5/5 | collision=0/5 | mean_final_distance=0.243 | mean_progress=0.0217 | min_laser=0.491 | mean_lin=0.800 | mean_ang=-0.590 | mean_robot_dist=1.115 | raw_reward=20.000 | adjusted_reward=20.000 | coop_agents=0/5 | mean_coop_neighbors=0.00 | active_neighbor_step_rate=0.479 | mean_active_neighbors_step=1.096 | max_active_neighbors_step=4 | interaction_reward=0.0000 | abs_interaction_reward=0.0000 | anti_stag_reward=0.0000 | abs_anti_stag_reward=0.0000 | wall_clear_reward=0.0000 | abs_wall_clear_reward=0.0000 | local_nav_reward=0.0000 | abs_local_nav_reward=0.0000 | context_neighbors_mean=1.15 | context_neighbors_max=4 | last_context_neighbors_mean=0.00 | last_context_neighbors_max=0 | actor_unlocked=0 | expl_noise=0.0793 | replay=3256 | interaction_replay=1640 | samples/sec=7.968
Episode 45 complete | agent_samples=3322 | env_steps=1219 | episode_env_steps=24 | episode_agent_samples=66 | mean_reward=122.094 | success=5/5 | collision=0/5 | mean_final_distance=0.248 | mean_progress=0.0198 | min_laser=0.816 | mean_lin=0.995 | mean_ang=-0.277 | mean_robot_dist=1.098 | raw_reward=20.000 | adjusted_reward=20.000 | coop_agents=0/5 | mean_coop_neighbors=0.00 | active_neighbor_step_rate=0.712 | mean_active_neighbors_step=1.682 | max_active_neighbors_step=4 | interaction_reward=0.0000 | abs_interaction_reward=0.0000 | anti_stag_reward=0.0000 | abs_anti_stag_reward=0.0000 | wall_clear_reward=0.0000 | abs_wall_clear_reward=0.0000 | local_nav_reward=0.0000 | abs_local_nav_reward=0.0000 | context_neighbors_mean=1.74 | context_neighbors_max=4 | last_context_neighbors_mean=0.00 | last_context_neighbors_max=0 | actor_unlocked=0 | expl_noise=0.0792 | replay=3322 | interaction_replay=1681 | samples/sec=7.782
Status | epoch=1 | next_eval_in=16678 agent_samples | checkpoint_every=10 episodes | checkpoint=./checkpoints/interaction_oracle_specialist_pilot_s20260724_latest.pt | model=interaction_oracle_specialist_pilot_s20260724
Episode 46 complete | agent_samples=3434 | env_steps=1255 | episode_env_steps=36 | episode_agent_samples=112 | mean_reward=120.916 | success=5/5 | collision=0/5 | mean_final_distance=0.266 | mean_progress=0.0087 | min_laser=0.504 | mean_lin=1.000 | mean_ang=-0.545 | mean_robot_dist=1.875 | raw_reward=20.000 | adjusted_reward=20.000 | coop_agents=0/5 | mean_coop_neighbors=0.00 | active_neighbor_step_rate=0.688 | mean_active_neighbors_step=1.455 | max_active_neighbors_step=4 | interaction_reward=0.0000 | abs_interaction_reward=0.0000 | anti_stag_reward=0.0000 | abs_anti_stag_reward=0.0000 | wall_clear_reward=0.0000 | abs_wall_clear_reward=0.0000 | local_nav_reward=0.0000 | abs_local_nav_reward=0.0000 | context_neighbors_mean=1.50 | context_neighbors_max=4 | last_context_neighbors_mean=0.00 | last_context_neighbors_max=0 | actor_unlocked=0 | expl_noise=0.0792 | replay=3434 | interaction_replay=1723 | samples/sec=7.827
Episode 47 complete | agent_samples=3531 | env_steps=1312 | episode_env_steps=57 | episode_agent_samples=97 | mean_reward=65.864 | success=4/5 | collision=1/5 | mean_final_distance=0.438 | mean_progress=0.0122 | min_laser=0.340 | mean_lin=0.781 | mean_ang=0.175 | mean_robot_dist=0.907 | raw_reward=20.000 | adjusted_reward=20.000 | coop_agents=0/5 | mean_coop_neighbors=0.00 | active_neighbor_step_rate=0.412 | mean_active_neighbors_step=0.969 | max_active_neighbors_step=4 | interaction_reward=0.0000 | abs_interaction_reward=0.0000 | anti_stag_reward=0.0000 | abs_anti_stag_reward=0.0000 | wall_clear_reward=0.0000 | abs_wall_clear_reward=0.0000 | local_nav_reward=0.0000 | abs_local_nav_reward=0.0000 | context_neighbors_mean=1.00 | context_neighbors_max=4 | last_context_neighbors_mean=0.00 | last_context_neighbors_max=0 | actor_unlocked=0 | expl_noise=0.0792 | replay=3531 | interaction_replay=1760 | samples/sec=7.799
Episode 48 complete | agent_samples=3580 | env_steps=1327 | episode_env_steps=15 | episode_agent_samples=49 | mean_reward=64.801 | success=4/5 | collision=1/5 | mean_final_distance=0.389 | mean_progress=0.0248 | min_laser=0.301 | mean_lin=0.799 | mean_ang=0.230 | mean_robot_dist=1.776 | raw_reward=20.000 | adjusted_reward=20.000 | coop_agents=0/5 | mean_coop_neighbors=0.00 | active_neighbor_step_rate=0.857 | mean_active_neighbors_step=1.551 | max_active_neighbors_step=4 | interaction_reward=0.0000 | abs_interaction_reward=0.0000 | anti_stag_reward=0.0000 | abs_anti_stag_reward=0.0000 | wall_clear_reward=0.0000 | abs_wall_clear_reward=0.0000 | local_nav_reward=0.0000 | abs_local_nav_reward=0.0000 | context_neighbors_mean=1.65 | context_neighbors_max=4 | last_context_neighbors_mean=0.00 | last_context_neighbors_max=0 | actor_unlocked=0 | expl_noise=0.0792 | replay=3580 | interaction_replay=1801 | samples/sec=7.835
Episode 49 complete | agent_samples=3653 | env_steps=1349 | episode_env_steps=22 | episode_agent_samples=73 | mean_reward=87.571 | success=4/5 | collision=1/5 | mean_final_distance=0.273 | mean_progress=0.0136 | min_laser=0.337 | mean_lin=0.960 | mean_ang=0.592 | mean_robot_dist=2.257 | raw_reward=20.000 | adjusted_reward=20.000 | coop_agents=0/5 | mean_coop_neighbors=0.00 | active_neighbor_step_rate=0.712 | mean_active_neighbors_step=1.836 | max_active_neighbors_step=4 | interaction_reward=0.0000 | abs_interaction_reward=0.0000 | anti_stag_reward=0.0000 | abs_anti_stag_reward=0.0000 | wall_clear_reward=0.0000 | abs_wall_clear_reward=0.0000 | local_nav_reward=0.0000 | abs_local_nav_reward=0.0000 | context_neighbors_mean=1.92 | context_neighbors_max=4 | last_context_neighbors_mean=0.00 | last_context_neighbors_max=0 | actor_unlocked=0 | expl_noise=0.0792 | replay=3653 | interaction_replay=1830 | samples/sec=7.897
Episode 50 complete | agent_samples=3810 | env_steps=1415 | episode_env_steps=66 | episode_agent_samples=157 | mean_reward=107.504 | success=5/5 | collision=0/5 | mean_final_distance=0.251 | mean_progress=0.0090 | min_laser=0.383 | mean_lin=1.000 | mean_ang=-0.587 | mean_robot_dist=1.613 | raw_reward=20.000 | adjusted_reward=20.000 | coop_agents=0/5 | mean_coop_neighbors=0.00 | active_neighbor_step_rate=0.592 | mean_active_neighbors_step=1.025 | max_active_neighbors_step=4 | interaction_reward=0.0000 | abs_interaction_reward=0.0000 | anti_stag_reward=0.0000 | abs_anti_stag_reward=0.0000 | wall_clear_reward=0.0000 | abs_wall_clear_reward=0.0000 | local_nav_reward=0.0000 | abs_local_nav_reward=0.0000 | context_neighbors_mean=1.06 | context_neighbors_max=4 | last_context_neighbors_mean=0.00 | last_context_neighbors_max=0 | actor_unlocked=0 | expl_noise=0.0791 | replay=3810 | interaction_replay=1875 | samples/sec=7.953
Status | epoch=1 | next_eval_in=16190 agent_samples | checkpoint_every=10 episodes | checkpoint=./checkpoints/interaction_oracle_specialist_pilot_s20260724_latest.pt | model=interaction_oracle_specialist_pilot_s20260724
Checkpoint saved: ./checkpoints/interaction_oracle_specialist_pilot_s20260724_latest.pt
Episode 51 complete | agent_samples=3866 | env_steps=1431 | episode_env_steps=16 | episode_agent_samples=56 | mean_reward=33.750 | success=3/5 | collision=2/5 | mean_final_distance=0.673 | mean_progress=0.0059 | min_laser=0.300 | mean_lin=0.591 | mean_ang=-0.192 | mean_robot_dist=1.896 | raw_reward=20.000 | adjusted_reward=20.000 | coop_agents=0/5 | mean_coop_neighbors=0.00 | active_neighbor_step_rate=0.732 | mean_active_neighbors_step=1.750 | max_active_neighbors_step=4 | interaction_reward=0.0000 | abs_interaction_reward=0.0000 | anti_stag_reward=0.0000 | abs_anti_stag_reward=0.0000 | wall_clear_reward=0.0000 | abs_wall_clear_reward=0.0000 | local_nav_reward=0.0000 | abs_local_nav_reward=0.0000 | context_neighbors_mean=1.80 | context_neighbors_max=4 | last_context_neighbors_mean=0.00 | last_context_neighbors_max=0 | actor_unlocked=0 | expl_noise=0.0791 | replay=3866 | interaction_replay=1893 | samples/sec=7.963
Episode 52 complete | agent_samples=3925 | env_steps=1444 | episode_env_steps=13 | episode_agent_samples=59 | mean_reward=39.282 | success=3/5 | collision=2/5 | mean_final_distance=0.565 | mean_progress=0.0173 | min_laser=0.300 | mean_lin=0.795 | mean_ang=-0.982 | mean_robot_dist=2.102 | raw_reward=20.000 | adjusted_reward=20.000 | coop_agents=0/5 | mean_coop_neighbors=0.00 | active_neighbor_step_rate=0.780 | mean_active_neighbors_step=1.814 | max_active_neighbors_step=4 | interaction_reward=0.0000 | abs_interaction_reward=0.0000 | anti_stag_reward=0.0000 | abs_anti_stag_reward=0.0000 | wall_clear_reward=0.0000 | abs_wall_clear_reward=0.0000 | local_nav_reward=0.0000 | abs_local_nav_reward=0.0000 | context_neighbors_mean=1.86 | context_neighbors_max=4 | last_context_neighbors_mean=0.00 | last_context_neighbors_max=0 | actor_unlocked=0 | expl_noise=0.0791 | replay=3925 | interaction_replay=1930 | samples/sec=8.027
Episode 53 complete | agent_samples=4004 | env_steps=1476 | episode_env_steps=32 | episode_agent_samples=79 | mean_reward=121.795 | success=5/5 | collision=0/5 | mean_final_distance=0.263 | mean_progress=0.0169 | min_laser=0.417 | mean_lin=0.997 | mean_ang=-0.044 | mean_robot_dist=1.374 | raw_reward=20.000 | adjusted_reward=20.000 | coop_agents=0/5 | mean_coop_neighbors=0.00 | active_neighbor_step_rate=0.570 | mean_active_neighbors_step=1.481 | max_active_neighbors_step=4 | interaction_reward=0.0000 | abs_interaction_reward=0.0000 | anti_stag_reward=0.0000 | abs_anti_stag_reward=0.0000 | wall_clear_reward=0.0000 | abs_wall_clear_reward=0.0000 | local_nav_reward=0.0000 | abs_local_nav_reward=0.0000 | context_neighbors_mean=1.54 | context_neighbors_max=4 | last_context_neighbors_mean=0.00 | last_context_neighbors_max=0 | actor_unlocked=0 | expl_noise=0.0791 | replay=4004 | interaction_replay=1972 | samples/sec=8.072
Episode 54 complete | agent_samples=4115 | env_steps=1515 | episode_env_steps=39 | episode_agent_samples=111 | mean_reward=48.542 | success=3/5 | collision=2/5 | mean_final_distance=0.549 | mean_progress=0.0165 | min_laser=0.319 | mean_lin=0.596 | mean_ang=-0.923 | mean_robot_dist=3.210 | raw_reward=20.000 | adjusted_reward=20.000 | coop_agents=0/5 | mean_coop_neighbors=0.00 | active_neighbor_step_rate=0.775 | mean_active_neighbors_step=1.991 | max_active_neighbors_step=4 | interaction_reward=0.0000 | abs_interaction_reward=0.0000 | anti_stag_reward=0.0000 | abs_anti_stag_reward=0.0000 | wall_clear_reward=0.0000 | abs_wall_clear_reward=0.0000 | local_nav_reward=0.0000 | abs_local_nav_reward=0.0000 | context_neighbors_mean=2.01 | context_neighbors_max=4 | last_context_neighbors_mean=0.00 | last_context_neighbors_max=0 | actor_unlocked=0 | expl_noise=0.0791 | replay=4115 | interaction_replay=2009 | samples/sec=8.141
Episode 55 complete | agent_samples=4205 | env_steps=1563 | episode_env_steps=48 | episode_agent_samples=90 | mean_reward=120.661 | success=5/5 | collision=0/5 | mean_final_distance=0.261 | mean_progress=0.0051 | min_laser=0.587 | mean_lin=0.629 | mean_ang=-0.597 | mean_robot_dist=1.200 | raw_reward=20.000 | adjusted_reward=20.000 | coop_agents=0/5 | mean_coop_neighbors=0.00 | active_neighbor_step_rate=0.433 | mean_active_neighbors_step=1.011 | max_active_neighbors_step=4 | interaction_reward=0.0000 | abs_interaction_reward=0.0000 | anti_stag_reward=0.0000 | abs_anti_stag_reward=0.0000 | wall_clear_reward=0.0000 | abs_wall_clear_reward=0.0000 | local_nav_reward=0.0000 | abs_local_nav_reward=0.0000 | context_neighbors_mean=1.11 | context_neighbors_max=4 | last_context_neighbors_mean=0.00 | last_context_neighbors_max=0 | actor_unlocked=0 | expl_noise=0.0790 | replay=4205 | interaction_replay=2048 | samples/sec=8.148
Status | epoch=1 | next_eval_in=15795 agent_samples | checkpoint_every=10 episodes | checkpoint=./checkpoints/interaction_oracle_specialist_pilot_s20260724_latest.pt | model=interaction_oracle_specialist_pilot_s20260724
Episode 56 complete | agent_samples=4286 | env_steps=1588 | episode_env_steps=25 | episode_agent_samples=81 | mean_reward=121.603 | success=5/5 | collision=0/5 | mean_final_distance=0.257 | mean_progress=0.0237 | min_laser=0.447 | mean_lin=0.999 | mean_ang=0.166 | mean_robot_dist=1.895 | raw_reward=20.000 | adjusted_reward=20.000 | coop_agents=0/5 | mean_coop_neighbors=0.00 | active_neighbor_step_rate=0.753 | mean_active_neighbors_step=2.148 | max_active_neighbors_step=4 | interaction_reward=0.0000 | abs_interaction_reward=0.0000 | anti_stag_reward=0.0000 | abs_anti_stag_reward=0.0000 | wall_clear_reward=0.0000 | abs_wall_clear_reward=0.0000 | local_nav_reward=0.0000 | abs_local_nav_reward=0.0000 | context_neighbors_mean=2.20 | context_neighbors_max=4 | last_context_neighbors_mean=0.00 | last_context_neighbors_max=0 | actor_unlocked=0 | expl_noise=0.0790 | replay=4286 | interaction_replay=2072 | samples/sec=8.203
Episode 57 complete | agent_samples=4414 | env_steps=1634 | episode_env_steps=46 | episode_agent_samples=128 | mean_reward=122.412 | success=5/5 | collision=0/5 | mean_final_distance=0.279 | mean_progress=0.0084 | min_laser=0.443 | mean_lin=0.870 | mean_ang=-0.988 | mean_robot_dist=1.352 | raw_reward=20.000 | adjusted_reward=20.000 | coop_agents=0/5 | mean_coop_neighbors=0.00 | active_neighbor_step_rate=0.758 | mean_active_neighbors_step=1.945 | max_active_neighbors_step=4 | interaction_reward=0.0000 | abs_interaction_reward=0.0000 | anti_stag_reward=0.0000 | abs_anti_stag_reward=0.0000 | wall_clear_reward=0.0000 | abs_wall_clear_reward=0.0000 | local_nav_reward=0.0000 | abs_local_nav_reward=0.0000 | context_neighbors_mean=1.98 | context_neighbors_max=4 | last_context_neighbors_mean=0.00 | last_context_neighbors_max=0 | actor_unlocked=0 | expl_noise=0.0790 | replay=4414 | interaction_replay=2140 | samples/sec=8.105
Episode 58 complete | agent_samples=4523 | env_steps=1681 | episode_env_steps=47 | episode_agent_samples=109 | mean_reward=117.772 | success=5/5 | collision=0/5 | mean_final_distance=0.257 | mean_progress=0.0106 | min_laser=0.559 | mean_lin=0.996 | mean_ang=-0.200 | mean_robot_dist=1.369 | raw_reward=20.000 | adjusted_reward=20.000 | coop_agents=0/5 | mean_coop_neighbors=0.00 | active_neighbor_step_rate=0.569 | mean_active_neighbors_step=1.138 | max_active_neighbors_step=4 | interaction_reward=0.0000 | abs_interaction_reward=0.0000 | anti_stag_reward=0.0000 | abs_anti_stag_reward=0.0000 | wall_clear_reward=0.0000 | abs_wall_clear_reward=0.0000 | local_nav_reward=0.0000 | abs_local_nav_reward=0.0000 | context_neighbors_mean=1.18 | context_neighbors_max=4 | last_context_neighbors_mean=0.00 | last_context_neighbors_max=0 | actor_unlocked=0 | expl_noise=0.0789 | replay=4523 | interaction_replay=2203 | samples/sec=7.954
Episode 59 complete | agent_samples=4601 | env_steps=1702 | episode_env_steps=21 | episode_agent_samples=78 | mean_reward=128.087 | success=5/5 | collision=0/5 | mean_final_distance=0.249 | mean_progress=0.0207 | min_laser=0.467 | mean_lin=1.000 | mean_ang=0.552 | mean_robot_dist=1.006 | raw_reward=20.000 | adjusted_reward=20.000 | coop_agents=0/5 | mean_coop_neighbors=0.00 | active_neighbor_step_rate=0.808 | mean_active_neighbors_step=1.962 | max_active_neighbors_step=4 | interaction_reward=0.0000 | abs_interaction_reward=0.0000 | anti_stag_reward=0.0000 | abs_anti_stag_reward=0.0000 | wall_clear_reward=0.0000 | abs_wall_clear_reward=0.0000 | local_nav_reward=0.0000 | abs_local_nav_reward=0.0000 | context_neighbors_mean=2.04 | context_neighbors_max=4 | last_context_neighbors_mean=0.00 | last_context_neighbors_max=0 | actor_unlocked=0 | expl_noise=0.0789 | replay=4601 | interaction_replay=2239 | samples/sec=7.993
Episode 60 complete | agent_samples=4669 | env_steps=1725 | episode_env_steps=23 | episode_agent_samples=68 | mean_reward=42.694 | success=3/5 | collision=2/5 | mean_final_distance=0.479 | mean_progress=0.0071 | min_laser=0.300 | mean_lin=0.990 | mean_ang=-0.060 | mean_robot_dist=1.070 | raw_reward=20.000 | adjusted_reward=20.000 | coop_agents=0/5 | mean_coop_neighbors=0.00 | active_neighbor_step_rate=0.779 | mean_active_neighbors_step=1.735 | max_active_neighbors_step=4 | interaction_reward=0.0000 | abs_interaction_reward=0.0000 | anti_stag_reward=0.0000 | abs_anti_stag_reward=0.0000 | wall_clear_reward=0.0000 | abs_wall_clear_reward=0.0000 | local_nav_reward=0.0000 | abs_local_nav_reward=0.0000 | context_neighbors_mean=1.78 | context_neighbors_max=4 | last_context_neighbors_mean=0.00 | last_context_neighbors_max=0 | actor_unlocked=0 | expl_noise=0.0789 | replay=4669 | interaction_replay=2290 | samples/sec=7.874
Status | epoch=1 | next_eval_in=15331 agent_samples | checkpoint_every=10 episodes | checkpoint=./checkpoints/interaction_oracle_specialist_pilot_s20260724_latest.pt | model=interaction_oracle_specialist_pilot_s20260724
Checkpoint saved: ./checkpoints/interaction_oracle_specialist_pilot_s20260724_latest.pt
Episode 61 complete | agent_samples=4755 | env_steps=1772 | episode_env_steps=47 | episode_agent_samples=86 | mean_reward=26.590 | success=3/5 | collision=2/5 | mean_final_distance=0.517 | mean_progress=0.0127 | min_laser=0.302 | mean_lin=0.768 | mean_ang=0.199 | mean_robot_dist=0.689 | raw_reward=-20.000 | adjusted_reward=-20.000 | coop_agents=0/5 | mean_coop_neighbors=0.00 | active_neighbor_step_rate=0.535 | mean_active_neighbors_step=1.384 | max_active_neighbors_step=4 | interaction_reward=0.0000 | abs_interaction_reward=0.0000 | anti_stag_reward=0.0000 | abs_anti_stag_reward=0.0000 | wall_clear_reward=0.0000 | abs_wall_clear_reward=0.0000 | local_nav_reward=0.0000 | abs_local_nav_reward=0.0000 | context_neighbors_mean=1.44 | context_neighbors_max=4 | last_context_neighbors_mean=0.00 | last_context_neighbors_max=0 | actor_unlocked=0 | expl_noise=0.0789 | replay=4755 | interaction_replay=2335 | samples/sec=7.841
Episode 62 complete | agent_samples=4873 | env_steps=1805 | episode_env_steps=33 | episode_agent_samples=118 | mean_reward=94.193 | success=4/5 | collision=1/5 | mean_final_distance=0.453 | mean_progress=0.0212 | min_laser=0.320 | mean_lin=0.825 | mean_ang=-0.999 | mean_robot_dist=1.069 | raw_reward=20.000 | adjusted_reward=20.000 | coop_agents=0/5 | mean_coop_neighbors=0.00 | active_neighbor_step_rate=0.686 | mean_active_neighbors_step=1.780 | max_active_neighbors_step=4 | interaction_reward=0.0000 | abs_interaction_reward=0.0000 | anti_stag_reward=0.0000 | abs_anti_stag_reward=0.0000 | wall_clear_reward=0.0000 | abs_wall_clear_reward=0.0000 | local_nav_reward=0.0000 | abs_local_nav_reward=0.0000 | context_neighbors_mean=1.80 | context_neighbors_max=4 | last_context_neighbors_mean=0.00 | last_context_neighbors_max=0 | actor_unlocked=0 | expl_noise=0.0789 | replay=4873 | interaction_replay=2351 | samples/sec=7.931
Episode 63 complete | agent_samples=4914 | env_steps=1815 | episode_env_steps=10 | episode_agent_samples=41 | mean_reward=69.601 | success=4/5 | collision=1/5 | mean_final_distance=0.530 | mean_progress=0.0120 | min_laser=0.300 | mean_lin=0.635 | mean_ang=0.600 | mean_robot_dist=0.709 | raw_reward=20.000 | adjusted_reward=20.000 | coop_agents=0/5 | mean_coop_neighbors=0.00 | active_neighbor_step_rate=0.902 | mean_active_neighbors_step=2.317 | max_active_neighbors_step=4 | interaction_reward=0.0000 | abs_interaction_reward=0.0000 | anti_stag_reward=0.0000 | abs_anti_stag_reward=0.0000 | wall_clear_reward=0.0000 | abs_wall_clear_reward=0.0000 | local_nav_reward=0.0000 | abs_local_nav_reward=0.0000 | context_neighbors_mean=2.44 | context_neighbors_max=4 | last_context_neighbors_mean=0.00 | last_context_neighbors_max=0 | actor_unlocked=0 | expl_noise=0.0789 | replay=4914 | interaction_replay=2389 | samples/sec=7.967
Episode 64 complete | agent_samples=4987 | env_steps=1839 | episode_env_steps=24 | episode_agent_samples=73 | mean_reward=130.101 | success=5/5 | collision=0/5 | mean_final_distance=0.234 | mean_progress=0.0269 | min_laser=0.432 | mean_lin=1.000 | mean_ang=-0.404 | mean_robot_dist=2.492 | raw_reward=20.000 | adjusted_reward=20.000 | coop_agents=0/5 | mean_coop_neighbors=0.00 | active_neighbor_step_rate=0.616 | mean_active_neighbors_step=1.192 | max_active_neighbors_step=4 | interaction_reward=0.0000 | abs_interaction_reward=0.0000 | anti_stag_reward=0.0000 | abs_anti_stag_reward=0.0000 | wall_clear_reward=0.0000 | abs_wall_clear_reward=0.0000 | local_nav_reward=0.0000 | abs_local_nav_reward=0.0000 | context_neighbors_mean=1.22 | context_neighbors_max=4 | last_context_neighbors_mean=0.00 | last_context_neighbors_max=0 | actor_unlocked=0 | expl_noise=0.0789 | replay=4987 | interaction_replay=2409 | samples/sec=8.015
Episode 65 complete | agent_samples=5031 | env_steps=1848 | episode_env_steps=9 | episode_agent_samples=44 | mean_reward=36.530 | success=3/5 | collision=2/5 | mean_final_distance=0.340 | mean_progress=0.0646 | min_laser=0.300 | mean_lin=0.608 | mean_ang=0.279 | mean_robot_dist=0.882 | raw_reward=0.000 | adjusted_reward=2.655 | coop_agents=3/5 | mean_coop_neighbors=1.40 | active_neighbor_step_rate=0.977 | mean_active_neighbors_step=2.977 | max_active_neighbors_step=4 | interaction_reward=0.0000 | abs_interaction_reward=0.0000 | anti_stag_reward=0.0000 | abs_anti_stag_reward=0.0000 | wall_clear_reward=0.0000 | abs_wall_clear_reward=0.0000 | local_nav_reward=0.0000 | abs_local_nav_reward=0.0000 | context_neighbors_mean=3.07 | context_neighbors_max=4 | last_context_neighbors_mean=0.00 | last_context_neighbors_max=0 | actor_unlocked=0 | expl_noise=0.0788 | replay=5031 | interaction_replay=2451 | samples/sec=8.057
Status | epoch=1 | next_eval_in=14969 agent_samples | checkpoint_every=10 episodes | checkpoint=./checkpoints/interaction_oracle_specialist_pilot_s20260724_latest.pt | model=interaction_oracle_specialist_pilot_s20260724
Episode 66 complete | agent_samples=5154 | env_steps=1893 | episode_env_steps=45 | episode_agent_samples=123 | mean_reward=138.249 | success=5/5 | collision=0/5 | mean_final_distance=0.256 | mean_progress=0.0147 | min_laser=0.409 | mean_lin=0.992 | mean_ang=-0.179 | mean_robot_dist=1.135 | raw_reward=20.000 | adjusted_reward=20.000 | coop_agents=0/5 | mean_coop_neighbors=0.00 | active_neighbor_step_rate=0.748 | mean_active_neighbors_step=1.618 | max_active_neighbors_step=4 | interaction_reward=0.0000 | abs_interaction_reward=0.0000 | anti_stag_reward=0.0000 | abs_anti_stag_reward=0.0000 | wall_clear_reward=0.0000 | abs_wall_clear_reward=0.0000 | local_nav_reward=0.0000 | abs_local_nav_reward=0.0000 | context_neighbors_mean=1.67 | context_neighbors_max=4 | last_context_neighbors_mean=0.00 | last_context_neighbors_max=0 | actor_unlocked=0 | expl_noise=0.0788 | replay=5154 | interaction_replay=2512 | samples/sec=8.125
Episode 67 complete | agent_samples=5242 | env_steps=1932 | episode_env_steps=39 | episode_agent_samples=88 | mean_reward=32.333 | success=3/5 | collision=2/5 | mean_final_distance=0.742 | mean_progress=0.0098 | min_laser=0.319 | mean_lin=0.990 | mean_ang=0.198 | mean_robot_dist=1.947 | raw_reward=20.000 | adjusted_reward=20.000 | coop_agents=0/5 | mean_coop_neighbors=0.00 | active_neighbor_step_rate=0.773 | mean_active_neighbors_step=1.795 | max_active_neighbors_step=4 | interaction_reward=0.0000 | abs_interaction_reward=0.0000 | anti_stag_reward=0.0000 | abs_anti_stag_reward=0.0000 | wall_clear_reward=0.0000 | abs_wall_clear_reward=0.0000 | local_nav_reward=0.0000 | abs_local_nav_reward=0.0000 | context_neighbors_mean=1.80 | context_neighbors_max=4 | last_context_neighbors_mean=0.00 | last_context_neighbors_max=0 | actor_unlocked=0 | expl_noise=0.0788 | replay=5242 | interaction_replay=2532 | samples/sec=8.152
Episode 68 complete | agent_samples=5372 | env_steps=1991 | episode_env_steps=59 | episode_agent_samples=130 | mean_reward=120.475 | success=5/5 | collision=0/5 | mean_final_distance=0.250 | mean_progress=0.0108 | min_laser=0.379 | mean_lin=0.992 | mean_ang=0.183 | mean_robot_dist=1.550 | raw_reward=20.000 | adjusted_reward=20.000 | coop_agents=0/5 | mean_coop_neighbors=0.00 | active_neighbor_step_rate=0.623 | mean_active_neighbors_step=1.400 | max_active_neighbors_step=4 | interaction_reward=0.0000 | abs_interaction_reward=0.0000 | anti_stag_reward=0.0000 | abs_anti_stag_reward=0.0000 | wall_clear_reward=0.0000 | abs_wall_clear_reward=0.0000 | local_nav_reward=0.0000 | abs_local_nav_reward=0.0000 | context_neighbors_mean=1.40 | context_neighbors_max=4 | last_context_neighbors_mean=0.00 | last_context_neighbors_max=0 | actor_unlocked=0 | expl_noise=0.0788 | replay=5372 | interaction_replay=2547 | samples/sec=8.189
Episode 69 complete | agent_samples=5507 | env_steps=2050 | episode_env_steps=59 | episode_agent_samples=135 | mean_reward=80.410 | success=4/5 | collision=1/5 | mean_final_distance=0.277 | mean_progress=0.0091 | min_laser=0.303 | mean_lin=0.957 | mean_ang=-0.629 | mean_robot_dist=2.694 | raw_reward=20.000 | adjusted_reward=20.000 | coop_agents=0/5 | mean_coop_neighbors=0.00 | active_neighbor_step_rate=0.474 | mean_active_neighbors_step=0.948 | max_active_neighbors_step=4 | interaction_reward=0.0000 | abs_interaction_reward=0.0000 | anti_stag_reward=0.0000 | abs_anti_stag_reward=0.0000 | wall_clear_reward=0.0000 | abs_wall_clear_reward=0.0000 | local_nav_reward=0.0000 | abs_local_nav_reward=0.0000 | context_neighbors_mean=1.01 | context_neighbors_max=4 | last_context_neighbors_mean=0.00 | last_context_neighbors_max=0 | actor_unlocked=0 | expl_noise=0.0787 | replay=5507 | interaction_replay=2588 | samples/sec=8.234
Episode 70 complete | agent_samples=5592 | env_steps=2087 | episode_env_steps=37 | episode_agent_samples=85 | mean_reward=124.819 | success=5/5 | collision=0/5 | mean_final_distance=0.264 | mean_progress=0.0122 | min_laser=0.591 | mean_lin=0.800 | mean_ang=-0.310 | mean_robot_dist=1.850 | raw_reward=20.000 | adjusted_reward=20.000 | coop_agents=0/5 | mean_coop_neighbors=0.00 | active_neighbor_step_rate=0.659 | mean_active_neighbors_step=1.318 | max_active_neighbors_step=4 | interaction_reward=0.0000 | abs_interaction_reward=0.0000 | anti_stag_reward=0.0000 | abs_anti_stag_reward=0.0000 | wall_clear_reward=0.0000 | abs_wall_clear_reward=0.0000 | local_nav_reward=0.0000 | abs_local_nav_reward=0.0000 | context_neighbors_mean=1.38 | context_neighbors_max=4 | last_context_neighbors_mean=0.00 | last_context_neighbors_max=0 | actor_unlocked=0 | expl_noise=0.0787 | replay=5592 | interaction_replay=2645 | samples/sec=8.261
Status | epoch=1 | next_eval_in=14408 agent_samples | checkpoint_every=10 episodes | checkpoint=./checkpoints/interaction_oracle_specialist_pilot_s20260724_latest.pt | model=interaction_oracle_specialist_pilot_s20260724
Checkpoint saved: ./checkpoints/interaction_oracle_specialist_pilot_s20260724_latest.pt
Episode 71 complete | agent_samples=5646 | env_steps=2104 | episode_env_steps=17 | episode_agent_samples=54 | mean_reward=30.827 | success=3/5 | collision=2/5 | mean_final_distance=0.414 | mean_progress=0.0241 | min_laser=0.321 | mean_lin=0.972 | mean_ang=0.583 | mean_robot_dist=0.966 | raw_reward=20.000 | adjusted_reward=20.000 | coop_agents=0/5 | mean_coop_neighbors=0.00 | active_neighbor_step_rate=0.722 | mean_active_neighbors_step=1.981 | max_active_neighbors_step=4 | interaction_reward=0.0000 | abs_interaction_reward=0.0000 | anti_stag_reward=0.0000 | abs_anti_stag_reward=0.0000 | wall_clear_reward=0.0000 | abs_wall_clear_reward=0.0000 | local_nav_reward=0.0000 | abs_local_nav_reward=0.0000 | context_neighbors_mean=2.06 | context_neighbors_max=4 | last_context_neighbors_mean=0.00 | last_context_neighbors_max=0 | actor_unlocked=0 | expl_noise=0.0787 | replay=5646 | interaction_replay=2685 | samples/sec=8.293
Episode 72 complete | agent_samples=5775 | env_steps=2175 | episode_env_steps=71 | episode_agent_samples=129 | mean_reward=108.636 | success=5/5 | collision=0/5 | mean_final_distance=0.263 | mean_progress=0.0030 | min_laser=0.395 | mean_lin=0.672 | mean_ang=-0.526 | mean_robot_dist=1.839 | raw_reward=20.000 | adjusted_reward=20.000 | coop_agents=0/5 | mean_coop_neighbors=0.00 | active_neighbor_step_rate=0.388 | mean_active_neighbors_step=0.853 | max_active_neighbors_step=4 | interaction_reward=0.0000 | abs_interaction_reward=0.0000 | anti_stag_reward=0.0000 | abs_anti_stag_reward=0.0000 | wall_clear_reward=0.0000 | abs_wall_clear_reward=0.0000 | local_nav_reward=0.0000 | abs_local_nav_reward=0.0000 | context_neighbors_mean=0.90 | context_neighbors_max=4 | last_context_neighbors_mean=0.00 | last_context_neighbors_max=0 | actor_unlocked=0 | expl_noise=0.0786 | replay=5775 | interaction_replay=2726 | samples/sec=8.219
Episode 73 complete | agent_samples=5820 | env_steps=2186 | episode_env_steps=11 | episode_agent_samples=45 | mean_reward=122.537 | success=5/5 | collision=0/5 | mean_final_distance=0.251 | mean_progress=0.0103 | min_laser=0.625 | mean_lin=0.999 | mean_ang=0.318 | mean_robot_dist=0.899 | raw_reward=20.000 | adjusted_reward=20.000 | coop_agents=0/5 | mean_coop_neighbors=0.00 | active_neighbor_step_rate=0.689 | mean_active_neighbors_step=1.733 | max_active_neighbors_step=4 | interaction_reward=0.0000 | abs_interaction_reward=0.0000 | anti_stag_reward=0.0000 | abs_anti_stag_reward=0.0000 | wall_clear_reward=0.0000 | abs_wall_clear_reward=0.0000 | local_nav_reward=0.0000 | abs_local_nav_reward=0.0000 | context_neighbors_mean=1.76 | context_neighbors_max=4 | last_context_neighbors_mean=0.00 | last_context_neighbors_max=0 | actor_unlocked=0 | expl_noise=0.0786 | replay=5820 | interaction_replay=2757 | samples/sec=8.211
Episode 74 complete | agent_samples=5858 | env_steps=2198 | episode_env_steps=12 | episode_agent_samples=38 | mean_reward=32.055 | success=3/5 | collision=2/5 | mean_final_distance=0.646 | mean_progress=0.0198 | min_laser=0.311 | mean_lin=0.999 | mean_ang=0.197 | mean_robot_dist=1.381 | raw_reward=20.000 | adjusted_reward=20.000 | coop_agents=0/5 | mean_coop_neighbors=0.00 | active_neighbor_step_rate=0.684 | mean_active_neighbors_step=1.895 | max_active_neighbors_step=4 | interaction_reward=0.0000 | abs_interaction_reward=0.0000 | anti_stag_reward=0.0000 | abs_anti_stag_reward=0.0000 | wall_clear_reward=0.0000 | abs_wall_clear_reward=0.0000 | local_nav_reward=0.0000 | abs_local_nav_reward=0.0000 | context_neighbors_mean=1.89 | context_neighbors_max=4 | last_context_neighbors_mean=0.00 | last_context_neighbors_max=0 | actor_unlocked=0 | expl_noise=0.0786 | replay=5858 | interaction_replay=2777 | samples/sec=8.155
Episode 75 complete | agent_samples=5926 | env_steps=2218 | episode_env_steps=20 | episode_agent_samples=68 | mean_reward=89.138 | success=4/5 | collision=1/5 | mean_final_distance=0.342 | mean_progress=0.0149 | min_laser=0.316 | mean_lin=0.793 | mean_ang=-0.565 | mean_robot_dist=0.939 | raw_reward=20.000 | adjusted_reward=20.000 | coop_agents=0/5 | mean_coop_neighbors=0.00 | active_neighbor_step_rate=0.882 | mean_active_neighbors_step=1.868 | max_active_neighbors_step=4 | interaction_reward=0.0000 | abs_interaction_reward=0.0000 | anti_stag_reward=0.0000 | abs_anti_stag_reward=0.0000 | wall_clear_reward=0.0000 | abs_wall_clear_reward=0.0000 | local_nav_reward=0.0000 | abs_local_nav_reward=0.0000 | context_neighbors_mean=1.97 | context_neighbors_max=4 | last_context_neighbors_mean=0.00 | last_context_neighbors_max=0 | actor_unlocked=0 | expl_noise=0.0786 | replay=5926 | interaction_replay=2823 | samples/sec=8.116
Status | epoch=1 | next_eval_in=14074 agent_samples | checkpoint_every=10 episodes | checkpoint=./checkpoints/interaction_oracle_specialist_pilot_s20260724_latest.pt | model=interaction_oracle_specialist_pilot_s20260724
Episode 76 complete | agent_samples=6009 | env_steps=2255 | episode_env_steps=37 | episode_agent_samples=83 | mean_reward=82.730 | success=4/5 | collision=1/5 | mean_final_distance=0.500 | mean_progress=0.0300 | min_laser=0.326 | mean_lin=0.997 | mean_ang=0.218 | mean_robot_dist=1.466 | raw_reward=20.000 | adjusted_reward=20.000 | coop_agents=0/5 | mean_coop_neighbors=0.00 | active_neighbor_step_rate=0.639 | mean_active_neighbors_step=1.386 | max_active_neighbors_step=4 | interaction_reward=0.0000 | abs_interaction_reward=0.0000 | anti_stag_reward=0.0000 | abs_anti_stag_reward=0.0000 | wall_clear_reward=0.0000 | abs_wall_clear_reward=0.0000 | local_nav_reward=0.0000 | abs_local_nav_reward=0.0000 | context_neighbors_mean=1.41 | context_neighbors_max=4 | last_context_neighbors_mean=0.00 | last_context_neighbors_max=0 | actor_unlocked=0 | expl_noise=0.0786 | replay=6009 | interaction_replay=2845 | samples/sec=8.100
Episode 77 complete | agent_samples=6078 | env_steps=2286 | episode_env_steps=31 | episode_agent_samples=69 | mean_reward=39.148 | success=3/5 | collision=2/5 | mean_final_distance=0.881 | mean_progress=0.0095 | min_laser=0.300 | mean_lin=0.860 | mean_ang=0.144 | mean_robot_dist=3.107 | raw_reward=20.000 | adjusted_reward=20.000 | coop_agents=0/5 | mean_coop_neighbors=0.00 | active_neighbor_step_rate=0.522 | mean_active_neighbors_step=1.275 | max_active_neighbors_step=4 | interaction_reward=0.0000 | abs_interaction_reward=0.0000 | anti_stag_reward=0.0000 | abs_anti_stag_reward=0.0000 | wall_clear_reward=0.0000 | abs_wall_clear_reward=0.0000 | local_nav_reward=0.0000 | abs_local_nav_reward=0.0000 | context_neighbors_mean=1.32 | context_neighbors_max=4 | last_context_neighbors_mean=0.00 | last_context_neighbors_max=0 | actor_unlocked=0 | expl_noise=0.0786 | replay=6078 | interaction_replay=2861 | samples/sec=8.061
Episode 78 complete | agent_samples=6151 | env_steps=2313 | episode_env_steps=27 | episode_agent_samples=73 | mean_reward=81.468 | success=4/5 | collision=1/5 | mean_final_distance=0.420 | mean_progress=0.0076 | min_laser=0.300 | mean_lin=0.766 | mean_ang=-0.361 | mean_robot_dist=1.801 | raw_reward=20.000 | adjusted_reward=20.000 | coop_agents=0/5 | mean_coop_neighbors=0.00 | active_neighbor_step_rate=0.767 | mean_active_neighbors_step=1.849 | max_active_neighbors_step=4 | interaction_reward=0.0000 | abs_interaction_reward=0.0000 | anti_stag_reward=0.0000 | abs_anti_stag_reward=0.0000 | wall_clear_reward=0.0000 | abs_wall_clear_reward=0.0000 | local_nav_reward=0.0000 | abs_local_nav_reward=0.0000 | context_neighbors_mean=1.86 | context_neighbors_max=4 | last_context_neighbors_mean=0.00 | last_context_neighbors_max=0 | actor_unlocked=0 | expl_noise=0.0786 | replay=6151 | interaction_replay=2881 | samples/sec=8.089
Episode 79 complete | agent_samples=6208 | env_steps=2332 | episode_env_steps=19 | episode_agent_samples=57 | mean_reward=71.106 | success=4/5 | collision=1/5 | mean_final_distance=0.553 | mean_progress=0.0275 | min_laser=0.329 | mean_lin=0.796 | mean_ang=-0.369 | mean_robot_dist=1.763 | raw_reward=20.000 | adjusted_reward=20.000 | coop_agents=0/5 | mean_coop_neighbors=0.00 | active_neighbor_step_rate=0.667 | mean_active_neighbors_step=1.474 | max_active_neighbors_step=4 | interaction_reward=0.0000 | abs_interaction_reward=0.0000 | anti_stag_reward=0.0000 | abs_anti_stag_reward=0.0000 | wall_clear_reward=0.0000 | abs_wall_clear_reward=0.0000 | local_nav_reward=0.0000 | abs_local_nav_reward=0.0000 | context_neighbors_mean=1.47 | context_neighbors_max=4 | last_context_neighbors_mean=0.00 | last_context_neighbors_max=0 | actor_unlocked=0 | expl_noise=0.0785 | replay=6208 | interaction_replay=2901 | samples/sec=8.116
Episode 80 complete | agent_samples=6273 | env_steps=2363 | episode_env_steps=31 | episode_agent_samples=65 | mean_reward=116.925 | success=5/5 | collision=0/5 | mean_final_distance=0.268 | mean_progress=0.0047 | min_laser=0.524 | mean_lin=1.000 | mean_ang=-0.392 | mean_robot_dist=2.095 | raw_reward=20.000 | adjusted_reward=20.000 | coop_agents=0/5 | mean_coop_neighbors=0.00 | active_neighbor_step_rate=0.600 | mean_active_neighbors_step=1.662 | max_active_neighbors_step=4 | interaction_reward=0.0000 | abs_interaction_reward=0.0000 | anti_stag_reward=0.0000 | abs_anti_stag_reward=0.0000 | wall_clear_reward=0.0000 | abs_wall_clear_reward=0.0000 | local_nav_reward=0.0000 | abs_local_nav_reward=0.0000 | context_neighbors_mean=1.71 | context_neighbors_max=4 | last_context_neighbors_mean=0.00 | last_context_neighbors_max=0 | actor_unlocked=0 | expl_noise=0.0785 | replay=6273 | interaction_replay=2919 | samples/sec=8.123
Status | epoch=1 | next_eval_in=13727 agent_samples | checkpoint_every=10 episodes | checkpoint=./checkpoints/interaction_oracle_specialist_pilot_s20260724_latest.pt | model=interaction_oracle_specialist_pilot_s20260724
Checkpoint saved: ./checkpoints/interaction_oracle_specialist_pilot_s20260724_latest.pt
Episode 81 complete | agent_samples=6355 | env_steps=2410 | episode_env_steps=47 | episode_agent_samples=82 | mean_reward=36.668 | success=3/5 | collision=2/5 | mean_final_distance=0.521 | mean_progress=0.0133 | min_laser=0.301 | mean_lin=0.981 | mean_ang=0.212 | mean_robot_dist=0.743 | raw_reward=20.000 | adjusted_reward=20.000 | coop_agents=0/5 | mean_coop_neighbors=0.00 | active_neighbor_step_rate=0.451 | mean_active_neighbors_step=1.317 | max_active_neighbors_step=4 | interaction_reward=0.0000 | abs_interaction_reward=0.0000 | anti_stag_reward=0.0000 | abs_anti_stag_reward=0.0000 | wall_clear_reward=0.0000 | abs_wall_clear_reward=0.0000 | local_nav_reward=0.0000 | abs_local_nav_reward=0.0000 | context_neighbors_mean=1.35 | context_neighbors_max=4 | last_context_neighbors_mean=0.00 | last_context_neighbors_max=0 | actor_unlocked=0 | expl_noise=0.0785 | replay=6355 | interaction_replay=2956 | samples/sec=8.119
Episode 82 complete | agent_samples=6433 | env_steps=2438 | episode_env_steps=28 | episode_agent_samples=78 | mean_reward=112.842 | success=5/5 | collision=0/5 | mean_final_distance=0.274 | mean_progress=0.0130 | min_laser=0.728 | mean_lin=0.834 | mean_ang=-0.191 | mean_robot_dist=1.371 | raw_reward=20.000 | adjusted_reward=20.000 | coop_agents=0/5 | mean_coop_neighbors=0.00 | active_neighbor_step_rate=0.718 | mean_active_neighbors_step=1.385 | max_active_neighbors_step=3 | interaction_reward=0.0000 | abs_interaction_reward=0.0000 | anti_stag_reward=0.0000 | abs_anti_stag_reward=0.0000 | wall_clear_reward=0.0000 | abs_wall_clear_reward=0.0000 | local_nav_reward=0.0000 | abs_local_nav_reward=0.0000 | context_neighbors_mean=1.45 | context_neighbors_max=3 | last_context_neighbors_mean=0.00 | last_context_neighbors_max=0 | actor_unlocked=0 | expl_noise=0.0785 | replay=6433 | interaction_replay=3004 | samples/sec=8.152
Episode 83 complete | agent_samples=6484 | env_steps=2450 | episode_env_steps=12 | episode_agent_samples=51 | mean_reward=73.768 | success=4/5 | collision=1/5 | mean_final_distance=0.425 | mean_progress=0.0382 | min_laser=0.300 | mean_lin=0.775 | mean_ang=0.616 | mean_robot_dist=0.909 | raw_reward=0.000 | adjusted_reward=0.000 | coop_agents=2/5 | mean_coop_neighbors=0.40 | active_neighbor_step_rate=1.000 | mean_active_neighbors_step=2.608 | max_active_neighbors_step=4 | interaction_reward=0.0000 | abs_interaction_reward=0.0000 | anti_stag_reward=0.0000 | abs_anti_stag_reward=0.0000 | wall_clear_reward=0.0000 | abs_wall_clear_reward=0.0000 | local_nav_reward=0.0000 | abs_local_nav_reward=0.0000 | context_neighbors_mean=2.65 | context_neighbors_max=4 | last_context_neighbors_mean=0.00 | last_context_neighbors_max=0 | actor_unlocked=0 | expl_noise=0.0785 | replay=6484 | interaction_replay=3045 | samples/sec=8.188
Episode 84 complete | agent_samples=6594 | env_steps=2487 | episode_env_steps=37 | episode_agent_samples=110 | mean_reward=78.749 | success=4/5 | collision=1/5 | mean_final_distance=0.460 | mean_progress=0.0120 | min_laser=0.344 | mean_lin=0.800 | mean_ang=-0.481 | mean_robot_dist=0.709 | raw_reward=20.000 | adjusted_reward=20.000 | coop_agents=0/5 | mean_coop_neighbors=0.00 | active_neighbor_step_rate=0.627 | mean_active_neighbors_step=1.564 | max_active_neighbors_step=4 | interaction_reward=0.0000 | abs_interaction_reward=0.0000 | anti_stag_reward=0.0000 | abs_anti_stag_reward=0.0000 | wall_clear_reward=0.0000 | abs_wall_clear_reward=0.0000 | local_nav_reward=0.0000 | abs_local_nav_reward=0.0000 | context_neighbors_mean=1.62 | context_neighbors_max=4 | last_context_neighbors_mean=0.00 | last_context_neighbors_max=0 | actor_unlocked=0 | expl_noise=0.0784 | replay=6594 | interaction_replay=3101 | samples/sec=8.231
Episode 85 complete | agent_samples=6653 | env_steps=2506 | episode_env_steps=19 | episode_agent_samples=59 | mean_reward=117.213 | success=5/5 | collision=0/5 | mean_final_distance=0.253 | mean_progress=0.0122 | min_laser=0.793 | mean_lin=0.802 | mean_ang=-0.075 | mean_robot_dist=1.634 | raw_reward=20.000 | adjusted_reward=20.000 | coop_agents=0/5 | mean_coop_neighbors=0.00 | active_neighbor_step_rate=0.797 | mean_active_neighbors_step=1.729 | max_active_neighbors_step=4 | interaction_reward=0.0000 | abs_interaction_reward=0.0000 | anti_stag_reward=0.0000 | abs_anti_stag_reward=0.0000 | wall_clear_reward=0.0000 | abs_wall_clear_reward=0.0000 | local_nav_reward=0.0000 | abs_local_nav_reward=0.0000 | context_neighbors_mean=1.80 | context_neighbors_max=4 | last_context_neighbors_mean=0.00 | last_context_neighbors_max=0 | actor_unlocked=0 | expl_noise=0.0784 | replay=6653 | interaction_replay=3145 | samples/sec=8.260
Status | epoch=1 | next_eval_in=13347 agent_samples | checkpoint_every=10 episodes | checkpoint=./checkpoints/interaction_oracle_specialist_pilot_s20260724_latest.pt | model=interaction_oracle_specialist_pilot_s20260724
Episode 86 complete | agent_samples=6710 | env_steps=2523 | episode_env_steps=17 | episode_agent_samples=57 | mean_reward=116.674 | success=5/5 | collision=0/5 | mean_final_distance=0.245 | mean_progress=0.0154 | min_laser=0.627 | mean_lin=0.800 | mean_ang=-0.106 | mean_robot_dist=1.649 | raw_reward=20.000 | adjusted_reward=20.000 | coop_agents=0/5 | mean_coop_neighbors=0.00 | active_neighbor_step_rate=0.789 | mean_active_neighbors_step=1.789 | max_active_neighbors_step=3 | interaction_reward=0.0000 | abs_interaction_reward=0.0000 | anti_stag_reward=0.0000 | abs_anti_stag_reward=0.0000 | wall_clear_reward=0.0000 | abs_wall_clear_reward=0.0000 | local_nav_reward=0.0000 | abs_local_nav_reward=0.0000 | context_neighbors_mean=1.89 | context_neighbors_max=3 | last_context_neighbors_mean=0.00 | last_context_neighbors_max=0 | actor_unlocked=0 | expl_noise=0.0784 | replay=6710 | interaction_replay=3186 | samples/sec=8.291
Episode 87 complete | agent_samples=7074 | env_steps=2823 | episode_env_steps=300 | episode_agent_samples=364 | mean_reward=83.482 | success=4/5 | collision=0/5 | mean_final_distance=0.631 | mean_progress=0.0002 | min_laser=0.574 | mean_lin=0.590 | mean_ang=-0.205 | mean_robot_dist=1.401 | raw_reward=-0.022 | adjusted_reward=-0.022 | coop_agents=0/5 | mean_coop_neighbors=0.00 | active_neighbor_step_rate=0.165 | mean_active_neighbors_step=0.330 | max_active_neighbors_step=4 | interaction_reward=0.0000 | abs_interaction_reward=0.0000 | anti_stag_reward=0.0000 | abs_anti_stag_reward=0.0000 | wall_clear_reward=0.0000 | abs_wall_clear_reward=0.0000 | local_nav_reward=0.0000 | abs_local_nav_reward=0.0000 | context_neighbors_mean=0.35 | context_neighbors_max=4 | last_context_neighbors_mean=0.00 | last_context_neighbors_max=0 | actor_unlocked=0 | expl_noise=0.0782 | replay=7074 | interaction_replay=3217 | samples/sec=7.827
Episode 88 complete | agent_samples=7119 | env_steps=2834 | episode_env_steps=11 | episode_agent_samples=45 | mean_reward=25.670 | success=3/5 | collision=2/5 | mean_final_distance=0.403 | mean_progress=0.0055 | min_laser=0.300 | mean_lin=0.994 | mean_ang=0.597 | mean_robot_dist=1.372 | raw_reward=20.000 | adjusted_reward=20.000 | coop_agents=0/5 | mean_coop_neighbors=0.00 | active_neighbor_step_rate=0.822 | mean_active_neighbors_step=1.644 | max_active_neighbors_step=3 | interaction_reward=0.0000 | abs_interaction_reward=0.0000 | anti_stag_reward=0.0000 | abs_anti_stag_reward=0.0000 | wall_clear_reward=0.0000 | abs_wall_clear_reward=0.0000 | local_nav_reward=0.0000 | abs_local_nav_reward=0.0000 | context_neighbors_mean=1.67 | context_neighbors_max=3 | last_context_neighbors_mean=0.00 | last_context_neighbors_max=0 | actor_unlocked=0 | expl_noise=0.0782 | replay=7119 | interaction_replay=3254 | samples/sec=7.798
Episode 89 complete | agent_samples=7180 | env_steps=2858 | episode_env_steps=24 | episode_agent_samples=61 | mean_reward=34.295 | success=3/5 | collision=2/5 | mean_final_distance=0.599 | mean_progress=0.0259 | min_laser=0.311 | mean_lin=0.732 | mean_ang=-0.138 | mean_robot_dist=0.930 | raw_reward=20.000 | adjusted_reward=20.000 | coop_agents=0/5 | mean_coop_neighbors=0.00 | active_neighbor_step_rate=0.705 | mean_active_neighbors_step=1.574 | max_active_neighbors_step=4 | interaction_reward=0.0000 | abs_interaction_reward=0.0000 | anti_stag_reward=0.0000 | abs_anti_stag_reward=0.0000 | wall_clear_reward=0.0000 | abs_wall_clear_reward=0.0000 | local_nav_reward=0.0000 | abs_local_nav_reward=0.0000 | context_neighbors_mean=1.59 | context_neighbors_max=4 | last_context_neighbors_mean=0.00 | last_context_neighbors_max=0 | actor_unlocked=0 | expl_noise=0.0782 | replay=7180 | interaction_replay=3297 | samples/sec=7.643
Episode 90 complete | agent_samples=7278 | env_steps=2912 | episode_env_steps=54 | episode_agent_samples=98 | mean_reward=75.107 | success=4/5 | collision=1/5 | mean_final_distance=0.291 | mean_progress=0.0072 | min_laser=0.339 | mean_lin=0.997 | mean_ang=0.568 | mean_robot_dist=0.622 | raw_reward=-20.000 | adjusted_reward=-20.000 | coop_agents=0/5 | mean_coop_neighbors=0.00 | active_neighbor_step_rate=0.500 | mean_active_neighbors_step=1.357 | max_active_neighbors_step=4 | interaction_reward=0.0000 | abs_interaction_reward=0.0000 | anti_stag_reward=0.0000 | abs_anti_stag_reward=0.0000 | wall_clear_reward=0.0000 | abs_wall_clear_reward=0.0000 | local_nav_reward=0.0000 | abs_local_nav_reward=0.0000 | context_neighbors_mean=1.45 | context_neighbors_max=4 | last_context_neighbors_mean=0.00 | last_context_neighbors_max=0 | actor_unlocked=0 | expl_noise=0.0782 | replay=7278 | interaction_replay=3344 | samples/sec=7.600
Status | epoch=1 | next_eval_in=12722 agent_samples | checkpoint_every=10 episodes | checkpoint=./checkpoints/interaction_oracle_specialist_pilot_s20260724_latest.pt | model=interaction_oracle_specialist_pilot_s20260724
Checkpoint saved: ./checkpoints/interaction_oracle_specialist_pilot_s20260724_latest.pt
Episode 91 complete | agent_samples=7340 | env_steps=2941 | episode_env_steps=29 | episode_agent_samples=62 | mean_reward=80.858 | success=4/5 | collision=1/5 | mean_final_distance=0.442 | mean_progress=0.0117 | min_laser=0.300 | mean_lin=1.000 | mean_ang=-0.237 | mean_robot_dist=0.843 | raw_reward=20.000 | adjusted_reward=20.000 | coop_agents=0/5 | mean_coop_neighbors=0.00 | active_neighbor_step_rate=0.661 | mean_active_neighbors_step=1.516 | max_active_neighbors_step=4 | interaction_reward=0.0000 | abs_interaction_reward=0.0000 | anti_stag_reward=0.0000 | abs_anti_stag_reward=0.0000 | wall_clear_reward=0.0000 | abs_wall_clear_reward=0.0000 | local_nav_reward=0.0000 | abs_local_nav_reward=0.0000 | context_neighbors_mean=1.55 | context_neighbors_max=4 | last_context_neighbors_mean=0.00 | last_context_neighbors_max=0 | actor_unlocked=0 | expl_noise=0.0782 | replay=7340 | interaction_replay=3362 | samples/sec=7.593
Episode 92 complete | agent_samples=7411 | env_steps=2968 | episode_env_steps=27 | episode_agent_samples=71 | mean_reward=89.410 | success=4/5 | collision=1/5 | mean_final_distance=0.631 | mean_progress=0.0190 | min_laser=0.348 | mean_lin=0.998 | mean_ang=-0.644 | mean_robot_dist=2.389 | raw_reward=20.000 | adjusted_reward=20.000 | coop_agents=0/5 | mean_coop_neighbors=0.00 | active_neighbor_step_rate=0.634 | mean_active_neighbors_step=1.211 | max_active_neighbors_step=4 | interaction_reward=0.0000 | abs_interaction_reward=0.0000 | anti_stag_reward=0.0000 | abs_anti_stag_reward=0.0000 | wall_clear_reward=0.0000 | abs_wall_clear_reward=0.0000 | local_nav_reward=0.0000 | abs_local_nav_reward=0.0000 | context_neighbors_mean=1.25 | context_neighbors_max=4 | last_context_neighbors_mean=0.00 | last_context_neighbors_max=0 | actor_unlocked=0 | expl_noise=0.0781 | replay=7411 | interaction_replay=3374 | samples/sec=7.543
Episode 93 complete | agent_samples=7445 | env_steps=2977 | episode_env_steps=9 | episode_agent_samples=34 | mean_reward=-12.254 | success=2/5 | collision=3/5 | mean_final_distance=1.323 | mean_progress=0.0208 | min_laser=0.300 | mean_lin=0.616 | mean_ang=-0.005 | mean_robot_dist=2.679 | raw_reward=20.000 | adjusted_reward=20.000 | coop_agents=0/5 | mean_coop_neighbors=0.00 | active_neighbor_step_rate=0.882 | mean_active_neighbors_step=2.265 | max_active_neighbors_step=4 | interaction_reward=0.0000 | abs_interaction_reward=0.0000 | anti_stag_reward=0.0000 | abs_anti_stag_reward=0.0000 | wall_clear_reward=0.0000 | abs_wall_clear_reward=0.0000 | local_nav_reward=0.0000 | abs_local_nav_reward=0.0000 | context_neighbors_mean=2.29 | context_neighbors_max=4 | last_context_neighbors_mean=0.00 | last_context_neighbors_max=0 | actor_unlocked=0 | expl_noise=0.0781 | replay=7445 | interaction_replay=3384 | samples/sec=7.526
Episode 94 complete | agent_samples=7519 | env_steps=3003 | episode_env_steps=26 | episode_agent_samples=74 | mean_reward=121.889 | success=5/5 | collision=0/5 | mean_final_distance=0.259 | mean_progress=0.0238 | min_laser=0.482 | mean_lin=0.987 | mean_ang=0.615 | mean_robot_dist=1.744 | raw_reward=20.000 | adjusted_reward=20.000 | coop_agents=0/5 | mean_coop_neighbors=0.00 | active_neighbor_step_rate=0.716 | mean_active_neighbors_step=1.973 | max_active_neighbors_step=4 | interaction_reward=0.0000 | abs_interaction_reward=0.0000 | anti_stag_reward=0.0000 | abs_anti_stag_reward=0.0000 | wall_clear_reward=0.0000 | abs_wall_clear_reward=0.0000 | local_nav_reward=0.0000 | abs_local_nav_reward=0.0000 | context_neighbors_mean=2.01 | context_neighbors_max=4 | last_context_neighbors_mean=0.00 | last_context_neighbors_max=0 | actor_unlocked=0 | expl_noise=0.0781 | replay=7519 | interaction_replay=3404 | samples/sec=7.470
Episode 95 complete | agent_samples=7605 | env_steps=3049 | episode_env_steps=46 | episode_agent_samples=86 | mean_reward=27.011 | success=3/5 | collision=2/5 | mean_final_distance=0.523 | mean_progress=0.0025 | min_laser=0.337 | mean_lin=0.772 | mean_ang=-0.955 | mean_robot_dist=1.512 | raw_reward=20.000 | adjusted_reward=20.000 | coop_agents=0/5 | mean_coop_neighbors=0.00 | active_neighbor_step_rate=0.477 | mean_active_neighbors_step=0.744 | max_active_neighbors_step=3 | interaction_reward=0.0000 | abs_interaction_reward=0.0000 | anti_stag_reward=0.0000 | abs_anti_stag_reward=0.0000 | wall_clear_reward=0.0000 | abs_wall_clear_reward=0.0000 | local_nav_reward=0.0000 | abs_local_nav_reward=0.0000 | context_neighbors_mean=0.81 | context_neighbors_max=3 | last_context_neighbors_mean=0.00 | last_context_neighbors_max=0 | actor_unlocked=0 | expl_noise=0.0781 | replay=7605 | interaction_replay=3437 | samples/sec=7.422
Status | epoch=1 | next_eval_in=12395 agent_samples | checkpoint_every=10 episodes | checkpoint=./checkpoints/interaction_oracle_specialist_pilot_s20260724_latest.pt | model=interaction_oracle_specialist_pilot_s20260724
Episode 96 complete | agent_samples=7679 | env_steps=3087 | episode_env_steps=38 | episode_agent_samples=74 | mean_reward=111.475 | success=5/5 | collision=0/5 | mean_final_distance=0.250 | mean_progress=0.0182 | min_laser=0.465 | mean_lin=0.990 | mean_ang=0.594 | mean_robot_dist=1.459 | raw_reward=20.000 | adjusted_reward=20.000 | coop_agents=0/5 | mean_coop_neighbors=0.00 | active_neighbor_step_rate=0.541 | mean_active_neighbors_step=1.554 | max_active_neighbors_step=4 | interaction_reward=0.0000 | abs_interaction_reward=0.0000 | anti_stag_reward=0.0000 | abs_anti_stag_reward=0.0000 | wall_clear_reward=0.0000 | abs_wall_clear_reward=0.0000 | local_nav_reward=0.0000 | abs_local_nav_reward=0.0000 | context_neighbors_mean=1.61 | context_neighbors_max=4 | last_context_neighbors_mean=0.00 | last_context_neighbors_max=0 | actor_unlocked=0 | expl_noise=0.0781 | replay=7679 | interaction_replay=3477 | samples/sec=7.427
Episode 97 complete | agent_samples=7724 | env_steps=3097 | episode_env_steps=10 | episode_agent_samples=45 | mean_reward=115.626 | success=5/5 | collision=0/5 | mean_final_distance=0.216 | mean_progress=0.0531 | min_laser=0.452 | mean_lin=0.857 | mean_ang=0.238 | mean_robot_dist=1.544 | raw_reward=40.000 | adjusted_reward=40.000 | coop_agents=1/5 | mean_coop_neighbors=0.20 | active_neighbor_step_rate=0.778 | mean_active_neighbors_step=2.222 | max_active_neighbors_step=4 | interaction_reward=0.0000 | abs_interaction_reward=0.0000 | anti_stag_reward=0.0000 | abs_anti_stag_reward=0.0000 | wall_clear_reward=0.0000 | abs_wall_clear_reward=0.0000 | local_nav_reward=0.0000 | abs_local_nav_reward=0.0000 | context_neighbors_mean=2.24 | context_neighbors_max=4 | last_context_neighbors_mean=0.00 | last_context_neighbors_max=0 | actor_unlocked=0 | expl_noise=0.0781 | replay=7724 | interaction_replay=3511 | samples/sec=7.446
Episode 98 complete | agent_samples=7803 | env_steps=3127 | episode_env_steps=30 | episode_agent_samples=79 | mean_reward=74.790 | success=4/5 | collision=1/5 | mean_final_distance=0.601 | mean_progress=0.0153 | min_laser=0.316 | mean_lin=0.984 | mean_ang=-0.046 | mean_robot_dist=0.785 | raw_reward=20.000 | adjusted_reward=20.000 | coop_agents=0/5 | mean_coop_neighbors=0.00 | active_neighbor_step_rate=0.823 | mean_active_neighbors_step=1.949 | max_active_neighbors_step=4 | interaction_reward=0.0000 | abs_interaction_reward=0.0000 | anti_stag_reward=0.0000 | abs_anti_stag_reward=0.0000 | wall_clear_reward=0.0000 | abs_wall_clear_reward=0.0000 | local_nav_reward=0.0000 | abs_local_nav_reward=0.0000 | context_neighbors_mean=1.96 | context_neighbors_max=4 | last_context_neighbors_mean=0.00 | last_context_neighbors_max=0 | actor_unlocked=0 | expl_noise=0.0780 | replay=7803 | interaction_replay=3540 | samples/sec=7.463
Episode 99 complete | agent_samples=7848 | env_steps=3146 | episode_env_steps=19 | episode_agent_samples=45 | mean_reward=27.498 | success=3/5 | collision=2/5 | mean_final_distance=0.601 | mean_progress=0.0057 | min_laser=0.300 | mean_lin=0.999 | mean_ang=-0.356 | mean_robot_dist=1.499 | raw_reward=20.000 | adjusted_reward=20.000 | coop_agents=0/5 | mean_coop_neighbors=0.00 | active_neighbor_step_rate=0.667 | mean_active_neighbors_step=1.511 | max_active_neighbors_step=4 | interaction_reward=0.0000 | abs_interaction_reward=0.0000 | anti_stag_reward=0.0000 | abs_anti_stag_reward=0.0000 | wall_clear_reward=0.0000 | abs_wall_clear_reward=0.0000 | local_nav_reward=0.0000 | abs_local_nav_reward=0.0000 | context_neighbors_mean=1.60 | context_neighbors_max=4 | last_context_neighbors_mean=0.00 | last_context_neighbors_max=0 | actor_unlocked=0 | expl_noise=0.0780 | replay=7848 | interaction_replay=3570 | samples/sec=7.465
Episode 100 complete | agent_samples=7983 | env_steps=3198 | episode_env_steps=52 | episode_agent_samples=135 | mean_reward=121.665 | success=5/5 | collision=0/5 | mean_final_distance=0.266 | mean_progress=0.0151 | min_laser=0.426 | mean_lin=0.800 | mean_ang=0.203 | mean_robot_dist=1.033 | raw_reward=20.000 | adjusted_reward=20.000 | coop_agents=0/5 | mean_coop_neighbors=0.00 | active_neighbor_step_rate=0.615 | mean_active_neighbors_step=1.415 | max_active_neighbors_step=4 | interaction_reward=0.0000 | abs_interaction_reward=0.0000 | anti_stag_reward=0.0000 | abs_anti_stag_reward=0.0000 | wall_clear_reward=0.0000 | abs_wall_clear_reward=0.0000 | local_nav_reward=0.0000 | abs_local_nav_reward=0.0000 | context_neighbors_mean=1.45 | context_neighbors_max=4 | last_context_neighbors_mean=0.00 | last_context_neighbors_max=0 | actor_unlocked=0 | expl_noise=0.0780 | replay=7983 | interaction_replay=3624 | samples/sec=7.507
Status | epoch=1 | next_eval_in=12017 agent_samples | checkpoint_every=10 episodes | checkpoint=./checkpoints/interaction_oracle_specialist_pilot_s20260724_latest.pt | model=interaction_oracle_specialist_pilot_s20260724
Checkpoint saved: ./checkpoints/interaction_oracle_specialist_pilot_s20260724_latest.pt
Episode 101 complete | agent_samples=8026 | env_steps=3208 | episode_env_steps=10 | episode_agent_samples=43 | mean_reward=76.911 | success=4/5 | collision=1/5 | mean_final_distance=0.465 | mean_progress=0.0159 | min_laser=0.314 | mean_lin=0.796 | mean_ang=0.206 | mean_robot_dist=0.549 | raw_reward=20.000 | adjusted_reward=20.000 | coop_agents=0/5 | mean_coop_neighbors=0.00 | active_neighbor_step_rate=0.907 | mean_active_neighbors_step=2.233 | max_active_neighbors_step=4 | interaction_reward=0.0000 | abs_interaction_reward=0.0000 | anti_stag_reward=0.0000 | abs_anti_stag_reward=0.0000 | wall_clear_reward=0.0000 | abs_wall_clear_reward=0.0000 | local_nav_reward=0.0000 | abs_local_nav_reward=0.0000 | context_neighbors_mean=2.33 | context_neighbors_max=4 | last_context_neighbors_mean=0.00 | last_context_neighbors_max=0 | actor_unlocked=0 | expl_noise=0.0780 | replay=8026 | interaction_replay=3663 | samples/sec=7.530
Episode 102 complete | agent_samples=8109 | env_steps=3233 | episode_env_steps=25 | episode_agent_samples=83 | mean_reward=123.610 | success=5/5 | collision=0/5 | mean_final_distance=0.266 | mean_progress=0.0044 | min_laser=0.655 | mean_lin=0.736 | mean_ang=-0.171 | mean_robot_dist=2.539 | raw_reward=20.000 | adjusted_reward=20.000 | coop_agents=0/5 | mean_coop_neighbors=0.00 | active_neighbor_step_rate=0.723 | mean_active_neighbors_step=1.277 | max_active_neighbors_step=4 | interaction_reward=0.0000 | abs_interaction_reward=0.0000 | anti_stag_reward=0.0000 | abs_anti_stag_reward=0.0000 | wall_clear_reward=0.0000 | abs_wall_clear_reward=0.0000 | local_nav_reward=0.0000 | abs_local_nav_reward=0.0000 | context_neighbors_mean=1.31 | context_neighbors_max=4 | last_context_neighbors_mean=0.00 | last_context_neighbors_max=0 | actor_unlocked=0 | expl_noise=0.0780 | replay=8109 | interaction_replay=3680 | samples/sec=7.569
Episode 103 complete | agent_samples=8219 | env_steps=3280 | episode_env_steps=47 | episode_agent_samples=110 | mean_reward=124.518 | success=5/5 | collision=0/5 | mean_final_distance=0.254 | mean_progress=0.0119 | min_laser=0.492 | mean_lin=1.000 | mean_ang=0.113 | mean_robot_dist=1.293 | raw_reward=20.000 | adjusted_reward=20.000 | coop_agents=0/5 | mean_coop_neighbors=0.00 | active_neighbor_step_rate=0.664 | mean_active_neighbors_step=1.700 | max_active_neighbors_step=4 | interaction_reward=0.0000 | abs_interaction_reward=0.0000 | anti_stag_reward=0.0000 | abs_anti_stag_reward=0.0000 | wall_clear_reward=0.0000 | abs_wall_clear_reward=0.0000 | local_nav_reward=0.0000 | abs_local_nav_reward=0.0000 | context_neighbors_mean=1.72 | context_neighbors_max=4 | last_context_neighbors_mean=0.00 | last_context_neighbors_max=0 | actor_unlocked=0 | expl_noise=0.0779 | replay=8219 | interaction_replay=3704 | samples/sec=7.177
Episode 104 complete | agent_samples=8297 | env_steps=3310 | episode_env_steps=30 | episode_agent_samples=78 | mean_reward=78.862 | success=4/5 | collision=1/5 | mean_final_distance=0.448 | mean_progress=0.0171 | min_laser=0.317 | mean_lin=1.000 | mean_ang=0.586 | mean_robot_dist=1.459 | raw_reward=20.000 | adjusted_reward=20.000 | coop_agents=0/5 | mean_coop_neighbors=0.00 | active_neighbor_step_rate=0.487 | mean_active_neighbors_step=0.872 | max_active_neighbors_step=3 | interaction_reward=0.0000 | abs_interaction_reward=0.0000 | anti_stag_reward=0.0000 | abs_anti_stag_reward=0.0000 | wall_clear_reward=0.0000 | abs_wall_clear_reward=0.0000 | local_nav_reward=0.0000 | abs_local_nav_reward=0.0000 | context_neighbors_mean=0.92 | context_neighbors_max=4 | last_context_neighbors_mean=0.00 | last_context_neighbors_max=0 | actor_unlocked=0 | expl_noise=0.0779 | replay=8297 | interaction_replay=3731 | samples/sec=6.828
Episode 105 complete | agent_samples=8339 | env_steps=3320 | episode_env_steps=10 | episode_agent_samples=42 | mean_reward=83.820 | success=4/5 | collision=1/5 | mean_final_distance=0.458 | mean_progress=0.0174 | min_laser=0.328 | mean_lin=0.798 | mean_ang=-0.001 | mean_robot_dist=0.645 | raw_reward=20.000 | adjusted_reward=20.000 | coop_agents=0/5 | mean_coop_neighbors=0.00 | active_neighbor_step_rate=0.881 | mean_active_neighbors_step=2.357 | max_active_neighbors_step=4 | interaction_reward=0.0000 | abs_interaction_reward=0.0000 | anti_stag_reward=0.0000 | abs_anti_stag_reward=0.0000 | wall_clear_reward=0.0000 | abs_wall_clear_reward=0.0000 | local_nav_reward=0.0000 | abs_local_nav_reward=0.0000 | context_neighbors_mean=2.48 | context_neighbors_max=4 | last_context_neighbors_mean=0.00 | last_context_neighbors_max=0 | actor_unlocked=0 | expl_noise=0.0779 | replay=8339 | interaction_replay=3767 | samples/sec=6.810
Status | epoch=1 | next_eval_in=11661 agent_samples | checkpoint_every=10 episodes | checkpoint=./checkpoints/interaction_oracle_specialist_pilot_s20260724_latest.pt | model=interaction_oracle_specialist_pilot_s20260724
Episode 106 complete | agent_samples=8526 | env_steps=3424 | episode_env_steps=104 | episode_agent_samples=187 | mean_reward=108.120 | success=5/5 | collision=0/5 | mean_final_distance=0.267 | mean_progress=0.0073 | min_laser=0.610 | mean_lin=1.000 | mean_ang=-0.230 | mean_robot_dist=1.662 | raw_reward=20.000 | adjusted_reward=20.000 | coop_agents=0/5 | mean_coop_neighbors=0.00 | active_neighbor_step_rate=0.439 | mean_active_neighbors_step=0.925 | max_active_neighbors_step=4 | interaction_reward=0.0000 | abs_interaction_reward=0.0000 | anti_stag_reward=0.0000 | abs_anti_stag_reward=0.0000 | wall_clear_reward=0.0000 | abs_wall_clear_reward=0.0000 | local_nav_reward=0.0000 | abs_local_nav_reward=0.0000 | context_neighbors_mean=0.96 | context_neighbors_max=4 | last_context_neighbors_mean=0.00 | last_context_neighbors_max=0 | actor_unlocked=0 | expl_noise=0.0779 | replay=8526 | interaction_replay=3848 | samples/sec=6.614
Episode 107 complete | agent_samples=8588 | env_steps=3442 | episode_env_steps=18 | episode_agent_samples=62 | mean_reward=106.179 | success=5/5 | collision=0/5 | mean_final_distance=0.270 | mean_progress=0.0176 | min_laser=0.718 | mean_lin=0.952 | mean_ang=0.208 | mean_robot_dist=1.035 | raw_reward=20.000 | adjusted_reward=20.000 | coop_agents=0/5 | mean_coop_neighbors=0.00 | active_neighbor_step_rate=0.806 | mean_active_neighbors_step=1.694 | max_active_neighbors_step=3 | interaction_reward=0.0000 | abs_interaction_reward=0.0000 | anti_stag_reward=0.0000 | abs_anti_stag_reward=0.0000 | wall_clear_reward=0.0000 | abs_wall_clear_reward=0.0000 | local_nav_reward=0.0000 | abs_local_nav_reward=0.0000 | context_neighbors_mean=1.76 | context_neighbors_max=3 | last_context_neighbors_mean=0.00 | last_context_neighbors_max=0 | actor_unlocked=0 | expl_noise=0.0778 | replay=8588 | interaction_replay=3893 | samples/sec=6.641
Episode 108 complete | agent_samples=8669 | env_steps=3479 | episode_env_steps=37 | episode_agent_samples=81 | mean_reward=-17.740 | success=2/5 | collision=3/5 | mean_final_distance=0.719 | mean_progress=0.0022 | min_laser=0.300 | mean_lin=0.866 | mean_ang=0.185 | mean_robot_dist=0.677 | raw_reward=-20.000 | adjusted_reward=-20.000 | coop_agents=0/5 | mean_coop_neighbors=0.00 | active_neighbor_step_rate=0.457 | mean_active_neighbors_step=1.272 | max_active_neighbors_step=4 | interaction_reward=0.0000 | abs_interaction_reward=0.0000 | anti_stag_reward=0.0000 | abs_anti_stag_reward=0.0000 | wall_clear_reward=0.0000 | abs_wall_clear_reward=0.0000 | local_nav_reward=0.0000 | abs_local_nav_reward=0.0000 | context_neighbors_mean=1.31 | context_neighbors_max=4 | last_context_neighbors_mean=0.00 | last_context_neighbors_max=0 | actor_unlocked=0 | expl_noise=0.0778 | replay=8669 | interaction_replay=3932 | samples/sec=6.575
Episode 109 complete | agent_samples=8780 | env_steps=3515 | episode_env_steps=36 | episode_agent_samples=111 | mean_reward=126.069 | success=5/5 | collision=0/5 | mean_final_distance=0.259 | mean_progress=0.0165 | min_laser=0.372 | mean_lin=1.000 | mean_ang=-0.591 | mean_robot_dist=0.998 | raw_reward=20.000 | adjusted_reward=20.000 | coop_agents=0/5 | mean_coop_neighbors=0.00 | active_neighbor_step_rate=0.622 | mean_active_neighbors_step=1.126 | max_active_neighbors_step=4 | interaction_reward=0.0000 | abs_interaction_reward=0.0000 | anti_stag_reward=0.0000 | abs_anti_stag_reward=0.0000 | wall_clear_reward=0.0000 | abs_wall_clear_reward=0.0000 | local_nav_reward=0.0000 | abs_local_nav_reward=0.0000 | context_neighbors_mean=1.14 | context_neighbors_max=4 | last_context_neighbors_mean=0.00 | last_context_neighbors_max=0 | actor_unlocked=0 | expl_noise=0.0778 | replay=8780 | interaction_replay=3952 | samples/sec=6.570
Episode 110 complete | agent_samples=8833 | env_steps=3529 | episode_env_steps=14 | episode_agent_samples=53 | mean_reward=34.382 | success=3/5 | collision=2/5 | mean_final_distance=0.512 | mean_progress=0.0240 | min_laser=0.300 | mean_lin=1.000 | mean_ang=-0.142 | mean_robot_dist=2.877 | raw_reward=20.000 | adjusted_reward=20.000 | coop_agents=0/5 | mean_coop_neighbors=0.00 | active_neighbor_step_rate=0.604 | mean_active_neighbors_step=2.019 | max_active_neighbors_step=4 | interaction_reward=0.0000 | abs_interaction_reward=0.0000 | anti_stag_reward=0.0000 | abs_anti_stag_reward=0.0000 | wall_clear_reward=0.0000 | abs_wall_clear_reward=0.0000 | local_nav_reward=0.0000 | abs_local_nav_reward=0.0000 | context_neighbors_mean=2.02 | context_neighbors_max=4 | last_context_neighbors_mean=0.00 | last_context_neighbors_max=0 | actor_unlocked=0 | expl_noise=0.0778 | replay=8833 | interaction_replay=3972 | samples/sec=6.509
Status | epoch=1 | next_eval_in=11167 agent_samples | checkpoint_every=10 episodes | checkpoint=./checkpoints/interaction_oracle_specialist_pilot_s20260724_latest.pt | model=interaction_oracle_specialist_pilot_s20260724
Checkpoint saved: ./checkpoints/interaction_oracle_specialist_pilot_s20260724_latest.pt
Episode 111 complete | agent_samples=8967 | env_steps=3603 | episode_env_steps=74 | episode_agent_samples=134 | mean_reward=90.796 | success=4/5 | collision=1/5 | mean_final_distance=0.349 | mean_progress=0.0131 | min_laser=0.325 | mean_lin=0.999 | mean_ang=-0.439 | mean_robot_dist=2.800 | raw_reward=20.000 | adjusted_reward=20.000 | coop_agents=0/5 | mean_coop_neighbors=0.00 | active_neighbor_step_rate=0.425 | mean_active_neighbors_step=0.754 | max_active_neighbors_step=3 | interaction_reward=0.0000 | abs_interaction_reward=0.0000 | anti_stag_reward=0.0000 | abs_anti_stag_reward=0.0000 | wall_clear_reward=0.0000 | abs_wall_clear_reward=0.0000 | local_nav_reward=0.0000 | abs_local_nav_reward=0.0000 | context_neighbors_mean=0.78 | context_neighbors_max=3 | last_context_neighbors_mean=0.00 | last_context_neighbors_max=0 | actor_unlocked=0 | expl_noise=0.0777 | replay=8967 | interaction_replay=3996 | samples/sec=6.115
Episode 112 complete | agent_samples=9040 | env_steps=3627 | episode_env_steps=24 | episode_agent_samples=73 | mean_reward=72.444 | success=4/5 | collision=1/5 | mean_final_distance=0.374 | mean_progress=0.0154 | min_laser=0.348 | mean_lin=0.800 | mean_ang=0.358 | mean_robot_dist=0.591 | raw_reward=20.000 | adjusted_reward=20.000 | coop_agents=0/5 | mean_coop_neighbors=0.00 | active_neighbor_step_rate=0.849 | mean_active_neighbors_step=2.110 | max_active_neighbors_step=4 | interaction_reward=0.0000 | abs_interaction_reward=0.0000 | anti_stag_reward=0.0000 | abs_anti_stag_reward=0.0000 | wall_clear_reward=0.0000 | abs_wall_clear_reward=0.0000 | local_nav_reward=0.0000 | abs_local_nav_reward=0.0000 | context_neighbors_mean=2.12 | context_neighbors_max=4 | last_context_neighbors_mean=0.00 | last_context_neighbors_max=0 | actor_unlocked=0 | expl_noise=0.0777 | replay=9040 | interaction_replay=4022 | samples/sec=6.089
Episode 113 complete | agent_samples=9082 | env_steps=3637 | episode_env_steps=10 | episode_agent_samples=42 | mean_reward=34.627 | success=3/5 | collision=2/5 | mean_final_distance=0.553 | mean_progress=0.0224 | min_laser=0.300 | mean_lin=0.987 | mean_ang=-0.054 | mean_robot_dist=1.952 | raw_reward=20.000 | adjusted_reward=20.000 | coop_agents=0/5 | mean_coop_neighbors=0.00 | active_neighbor_step_rate=0.881 | mean_active_neighbors_step=2.262 | max_active_neighbors_step=4 | interaction_reward=0.0000 | abs_interaction_reward=0.0000 | anti_stag_reward=0.0000 | abs_anti_stag_reward=0.0000 | wall_clear_reward=0.0000 | abs_wall_clear_reward=0.0000 | local_nav_reward=0.0000 | abs_local_nav_reward=0.0000 | context_neighbors_mean=2.31 | context_neighbors_max=4 | last_context_neighbors_mean=0.00 | last_context_neighbors_max=0 | actor_unlocked=0 | expl_noise=0.0777 | replay=9082 | interaction_replay=4055 | samples/sec=6.098
Episode 114 complete | agent_samples=9161 | env_steps=3659 | episode_env_steps=22 | episode_agent_samples=79 | mean_reward=83.554 | success=4/5 | collision=1/5 | mean_final_distance=0.317 | mean_progress=0.0446 | min_laser=0.341 | mean_lin=0.919 | mean_ang=-0.251 | mean_robot_dist=1.697 | raw_reward=40.000 | adjusted_reward=40.000 | coop_agents=1/5 | mean_coop_neighbors=0.20 | active_neighbor_step_rate=0.759 | mean_active_neighbors_step=1.658 | max_active_neighbors_step=4 | interaction_reward=0.0000 | abs_interaction_reward=0.0000 | anti_stag_reward=0.0000 | abs_anti_stag_reward=0.0000 | wall_clear_reward=0.0000 | abs_wall_clear_reward=0.0000 | local_nav_reward=0.0000 | abs_local_nav_reward=0.0000 | context_neighbors_mean=1.68 | context_neighbors_max=4 | last_context_neighbors_mean=0.00 | last_context_neighbors_max=0 | actor_unlocked=0 | expl_noise=0.0777 | replay=9161 | interaction_replay=4077 | samples/sec=6.022
Episode 115 complete | agent_samples=9292 | env_steps=3704 | episode_env_steps=45 | episode_agent_samples=131 | mean_reward=134.516 | success=5/5 | collision=0/5 | mean_final_distance=0.267 | mean_progress=0.0161 | min_laser=0.431 | mean_lin=0.934 | mean_ang=-0.600 | mean_robot_dist=1.661 | raw_reward=20.000 | adjusted_reward=20.000 | coop_agents=0/5 | mean_coop_neighbors=0.00 | active_neighbor_step_rate=0.687 | mean_active_neighbors_step=1.489 | max_active_neighbors_step=4 | interaction_reward=0.0000 | abs_interaction_reward=0.0000 | anti_stag_reward=0.0000 | abs_anti_stag_reward=0.0000 | wall_clear_reward=0.0000 | abs_wall_clear_reward=0.0000 | local_nav_reward=0.0000 | abs_local_nav_reward=0.0000 | context_neighbors_mean=1.50 | context_neighbors_max=4 | last_context_neighbors_mean=0.00 | last_context_neighbors_max=0 | actor_unlocked=0 | expl_noise=0.0777 | replay=9292 | interaction_replay=4112 | samples/sec=6.023
Status | epoch=1 | next_eval_in=10708 agent_samples | checkpoint_every=10 episodes | checkpoint=./checkpoints/interaction_oracle_specialist_pilot_s20260724_latest.pt | model=interaction_oracle_specialist_pilot_s20260724
Episode 116 complete | agent_samples=9391 | env_steps=3739 | episode_env_steps=35 | episode_agent_samples=99 | mean_reward=124.345 | success=5/5 | collision=0/5 | mean_final_distance=0.268 | mean_progress=0.0136 | min_laser=0.671 | mean_lin=0.665 | mean_ang=-0.253 | mean_robot_dist=1.801 | raw_reward=20.000 | adjusted_reward=20.000 | coop_agents=0/5 | mean_coop_neighbors=0.00 | active_neighbor_step_rate=0.758 | mean_active_neighbors_step=2.071 | max_active_neighbors_step=4 | interaction_reward=0.0000 | abs_interaction_reward=0.0000 | anti_stag_reward=0.0000 | abs_anti_stag_reward=0.0000 | wall_clear_reward=0.0000 | abs_wall_clear_reward=0.0000 | local_nav_reward=0.0000 | abs_local_nav_reward=0.0000 | context_neighbors_mean=2.11 | context_neighbors_max=4 | last_context_neighbors_mean=0.00 | last_context_neighbors_max=0 | actor_unlocked=0 | expl_noise=0.0777 | replay=9391 | interaction_replay=4144 | samples/sec=6.057
Episode 117 complete | agent_samples=9431 | env_steps=3748 | episode_env_steps=9 | episode_agent_samples=40 | mean_reward=68.483 | success=4/5 | collision=1/5 | mean_final_distance=0.446 | mean_progress=0.0226 | min_laser=0.332 | mean_lin=0.890 | mean_ang=0.539 | mean_robot_dist=0.675 | raw_reward=20.000 | adjusted_reward=20.000 | coop_agents=0/5 | mean_coop_neighbors=0.00 | active_neighbor_step_rate=0.825 | mean_active_neighbors_step=1.650 | max_active_neighbors_step=4 | interaction_reward=0.0000 | abs_interaction_reward=0.0000 | anti_stag_reward=0.0000 | abs_anti_stag_reward=0.0000 | wall_clear_reward=0.0000 | abs_wall_clear_reward=0.0000 | local_nav_reward=0.0000 | abs_local_nav_reward=0.0000 | context_neighbors_mean=1.77 | context_neighbors_max=4 | last_context_neighbors_mean=0.00 | last_context_neighbors_max=0 | actor_unlocked=0 | expl_noise=0.0777 | replay=9431 | interaction_replay=4179 | samples/sec=6.075
Episode 118 complete | agent_samples=9467 | env_steps=3758 | episode_env_steps=10 | episode_agent_samples=36 | mean_reward=39.131 | success=3/5 | collision=2/5 | mean_final_distance=0.540 | mean_progress=0.0241 | min_laser=0.300 | mean_lin=0.627 | mean_ang=0.112 | mean_robot_dist=1.125 | raw_reward=20.000 | adjusted_reward=20.000 | coop_agents=0/5 | mean_coop_neighbors=0.00 | active_neighbor_step_rate=0.639 | mean_active_neighbors_step=1.583 | max_active_neighbors_step=4 | interaction_reward=0.0000 | abs_interaction_reward=0.0000 | anti_stag_reward=0.0000 | abs_anti_stag_reward=0.0000 | wall_clear_reward=0.0000 | abs_wall_clear_reward=0.0000 | local_nav_reward=0.0000 | abs_local_nav_reward=0.0000 | context_neighbors_mean=1.69 | context_neighbors_max=4 | last_context_neighbors_mean=0.00 | last_context_neighbors_max=0 | actor_unlocked=0 | expl_noise=0.0777 | replay=9467 | interaction_replay=4201 | samples/sec=6.089
Episode 119 complete | agent_samples=9576 | env_steps=3804 | episode_env_steps=46 | episode_agent_samples=109 | mean_reward=124.843 | success=5/5 | collision=0/5 | mean_final_distance=0.271 | mean_progress=0.0131 | min_laser=0.366 | mean_lin=0.986 | mean_ang=-0.366 | mean_robot_dist=2.150 | raw_reward=20.000 | adjusted_reward=20.000 | coop_agents=0/5 | mean_coop_neighbors=0.00 | active_neighbor_step_rate=0.624 | mean_active_neighbors_step=1.330 | max_active_neighbors_step=4 | interaction_reward=0.0000 | abs_interaction_reward=0.0000 | anti_stag_reward=0.0000 | abs_anti_stag_reward=0.0000 | wall_clear_reward=0.0000 | abs_wall_clear_reward=0.0000 | local_nav_reward=0.0000 | abs_local_nav_reward=0.0000 | context_neighbors_mean=1.34 | context_neighbors_max=4 | last_context_neighbors_mean=0.00 | last_context_neighbors_max=0 | actor_unlocked=0 | expl_noise=0.0776 | replay=9576 | interaction_replay=4252 | samples/sec=6.120
Episode 120 complete | agent_samples=9631 | env_steps=3824 | episode_env_steps=20 | episode_agent_samples=55 | mean_reward=123.896 | success=5/5 | collision=0/5 | mean_final_distance=0.245 | mean_progress=0.0216 | min_laser=0.450 | mean_lin=0.800 | mean_ang=0.182 | mean_robot_dist=1.285 | raw_reward=20.000 | adjusted_reward=20.000 | coop_agents=0/5 | mean_coop_neighbors=0.00 | active_neighbor_step_rate=0.618 | mean_active_neighbors_step=1.691 | max_active_neighbors_step=4 | interaction_reward=0.0000 | abs_interaction_reward=0.0000 | anti_stag_reward=0.0000 | abs_anti_stag_reward=0.0000 | wall_clear_reward=0.0000 | abs_wall_clear_reward=0.0000 | local_nav_reward=0.0000 | abs_local_nav_reward=0.0000 | context_neighbors_mean=1.75 | context_neighbors_max=4 | last_context_neighbors_mean=0.00 | last_context_neighbors_max=0 | actor_unlocked=0 | expl_noise=0.0776 | replay=9631 | interaction_replay=4287 | samples/sec=6.137
Status | epoch=1 | next_eval_in=10369 agent_samples | checkpoint_every=10 episodes | checkpoint=./checkpoints/interaction_oracle_specialist_pilot_s20260724_latest.pt | model=interaction_oracle_specialist_pilot_s20260724
Checkpoint saved: ./checkpoints/interaction_oracle_specialist_pilot_s20260724_latest.pt
Episode 121 complete | agent_samples=9699 | env_steps=3843 | episode_env_steps=19 | episode_agent_samples=68 | mean_reward=86.662 | success=4/5 | collision=1/5 | mean_final_distance=0.508 | mean_progress=0.0042 | min_laser=0.327 | mean_lin=0.409 | mean_ang=0.295 | mean_robot_dist=0.904 | raw_reward=20.000 | adjusted_reward=20.000 | coop_agents=0/5 | mean_coop_neighbors=0.00 | active_neighbor_step_rate=0.691 | mean_active_neighbors_step=1.809 | max_active_neighbors_step=4 | interaction_reward=0.0000 | abs_interaction_reward=0.0000 | anti_stag_reward=0.0000 | abs_anti_stag_reward=0.0000 | wall_clear_reward=0.0000 | abs_wall_clear_reward=0.0000 | local_nav_reward=0.0000 | abs_local_nav_reward=0.0000 | context_neighbors_mean=1.91 | context_neighbors_max=4 | last_context_neighbors_mean=0.00 | last_context_neighbors_max=0 | actor_unlocked=0 | expl_noise=0.0776 | replay=9699 | interaction_replay=4330 | samples/sec=6.163
Episode 122 complete | agent_samples=9847 | env_steps=3932 | episode_env_steps=89 | episode_agent_samples=148 | mean_reward=75.197 | success=4/5 | collision=1/5 | mean_final_distance=0.269 | mean_progress=0.0099 | min_laser=0.301 | mean_lin=0.461 | mean_ang=-0.597 | mean_robot_dist=1.095 | raw_reward=20.000 | adjusted_reward=20.000 | coop_agents=0/5 | mean_coop_neighbors=0.00 | active_neighbor_step_rate=0.439 | mean_active_neighbors_step=0.912 | max_active_neighbors_step=4 | interaction_reward=0.0000 | abs_interaction_reward=0.0000 | anti_stag_reward=0.0000 | abs_anti_stag_reward=0.0000 | wall_clear_reward=0.0000 | abs_wall_clear_reward=0.0000 | local_nav_reward=0.0000 | abs_local_nav_reward=0.0000 | context_neighbors_mean=0.93 | context_neighbors_max=4 | last_context_neighbors_mean=0.00 | last_context_neighbors_max=0 | actor_unlocked=0 | expl_noise=0.0775 | replay=9847 | interaction_replay=4396 | samples/sec=6.181
Episode 123 complete | agent_samples=9928 | env_steps=3958 | episode_env_steps=26 | episode_agent_samples=81 | mean_reward=49.066 | success=3/5 | collision=2/5 | mean_final_distance=0.468 | mean_progress=0.0189 | min_laser=0.337 | mean_lin=0.800 | mean_ang=0.172 | mean_robot_dist=1.396 | raw_reward=20.000 | adjusted_reward=20.000 | coop_agents=0/5 | mean_coop_neighbors=0.00 | active_neighbor_step_rate=0.691 | mean_active_neighbors_step=1.864 | max_active_neighbors_step=4 | interaction_reward=0.0000 | abs_interaction_reward=0.0000 | anti_stag_reward=0.0000 | abs_anti_stag_reward=0.0000 | wall_clear_reward=0.0000 | abs_wall_clear_reward=0.0000 | local_nav_reward=0.0000 | abs_local_nav_reward=0.0000 | context_neighbors_mean=1.91 | context_neighbors_max=4 | last_context_neighbors_mean=0.00 | last_context_neighbors_max=0 | actor_unlocked=0 | expl_noise=0.0775 | replay=9928 | interaction_replay=4452 | samples/sec=6.209
Episode 124 complete | agent_samples=10018 | env_steps=3999 | episode_env_steps=41 | episode_agent_samples=90 | mean_reward=89.722 | success=4/5 | collision=1/5 | mean_final_distance=0.538 | mean_progress=0.0073 | min_laser=0.329 | mean_lin=0.619 | mean_ang=-0.515 | mean_robot_dist=0.859 | raw_reward=20.000 | adjusted_reward=20.000 | coop_agents=0/5 | mean_coop_neighbors=0.00 | active_neighbor_step_rate=0.622 | mean_active_neighbors_step=1.278 | max_active_neighbors_step=4 | interaction_reward=0.0000 | abs_interaction_reward=0.0000 | anti_stag_reward=0.0000 | abs_anti_stag_reward=0.0000 | wall_clear_reward=0.0000 | abs_wall_clear_reward=0.0000 | local_nav_reward=0.0000 | abs_local_nav_reward=0.0000 | context_neighbors_mean=1.31 | context_neighbors_max=4 | last_context_neighbors_mean=0.00 | last_context_neighbors_max=0 | actor_unlocked=0 | expl_noise=0.0775 | replay=10018 | interaction_replay=4467 | samples/sec=6.230
Episode 125 complete | agent_samples=10091 | env_steps=4025 | episode_env_steps=26 | episode_agent_samples=73 | mean_reward=86.562 | success=4/5 | collision=1/5 | mean_final_distance=0.632 | mean_progress=0.0153 | min_laser=0.314 | mean_lin=0.996 | mean_ang=-0.204 | mean_robot_dist=2.380 | raw_reward=20.000 | adjusted_reward=20.000 | coop_agents=0/5 | mean_coop_neighbors=0.00 | active_neighbor_step_rate=0.685 | mean_active_neighbors_step=1.288 | max_active_neighbors_step=4 | interaction_reward=0.0000 | abs_interaction_reward=0.0000 | anti_stag_reward=0.0000 | abs_anti_stag_reward=0.0000 | wall_clear_reward=0.0000 | abs_wall_clear_reward=0.0000 | local_nav_reward=0.0000 | abs_local_nav_reward=0.0000 | context_neighbors_mean=1.33 | context_neighbors_max=4 | last_context_neighbors_mean=0.00 | last_context_neighbors_max=0 | actor_unlocked=0 | expl_noise=0.0775 | replay=10091 | interaction_replay=4483 | samples/sec=6.252
Status | epoch=1 | next_eval_in=9909 agent_samples | checkpoint_every=10 episodes | checkpoint=./checkpoints/interaction_oracle_specialist_pilot_s20260724_latest.pt | model=interaction_oracle_specialist_pilot_s20260724
Episode 126 complete | agent_samples=10324 | env_steps=4089 | episode_env_steps=64 | episode_agent_samples=233 | mean_reward=133.486 | success=5/5 | collision=0/5 | mean_final_distance=0.272 | mean_progress=0.0155 | min_laser=0.424 | mean_lin=0.841 | mean_ang=-0.984 | mean_robot_dist=2.216 | raw_reward=20.000 | adjusted_reward=20.000 | coop_agents=0/5 | mean_coop_neighbors=0.00 | active_neighbor_step_rate=0.794 | mean_active_neighbors_step=2.077 | max_active_neighbors_step=4 | interaction_reward=0.0000 | abs_interaction_reward=0.0000 | anti_stag_reward=0.0000 | abs_anti_stag_reward=0.0000 | wall_clear_reward=0.0000 | abs_wall_clear_reward=0.0000 | local_nav_reward=0.0000 | abs_local_nav_reward=0.0000 | context_neighbors_mean=2.12 | context_neighbors_max=4 | last_context_neighbors_mean=0.00 | last_context_neighbors_max=0 | actor_unlocked=0 | expl_noise=0.0774 | replay=10324 | interaction_replay=4599 | samples/sec=6.340
Episode 127 complete | agent_samples=10379 | env_steps=4103 | episode_env_steps=14 | episode_agent_samples=55 | mean_reward=49.185 | success=3/5 | collision=2/5 | mean_final_distance=0.476 | mean_progress=0.0199 | min_laser=0.300 | mean_lin=0.993 | mean_ang=0.869 | mean_robot_dist=1.636 | raw_reward=20.000 | adjusted_reward=20.000 | coop_agents=0/5 | mean_coop_neighbors=0.00 | active_neighbor_step_rate=0.818 | mean_active_neighbors_step=1.873 | max_active_neighbors_step=4 | interaction_reward=0.0000 | abs_interaction_reward=0.0000 | anti_stag_reward=0.0000 | abs_anti_stag_reward=0.0000 | wall_clear_reward=0.0000 | abs_wall_clear_reward=0.0000 | local_nav_reward=0.0000 | abs_local_nav_reward=0.0000 | context_neighbors_mean=1.95 | context_neighbors_max=4 | last_context_neighbors_mean=0.00 | last_context_neighbors_max=0 | actor_unlocked=0 | expl_noise=0.0774 | replay=10379 | interaction_replay=4646 | samples/sec=6.359
Episode 128 complete | agent_samples=10486 | env_steps=4157 | episode_env_steps=54 | episode_agent_samples=107 | mean_reward=31.163 | success=3/5 | collision=2/5 | mean_final_distance=0.609 | mean_progress=0.0275 | min_laser=0.300 | mean_lin=0.997 | mean_ang=0.498 | mean_robot_dist=2.373 | raw_reward=20.000 | adjusted_reward=20.000 | coop_agents=0/5 | mean_coop_neighbors=0.00 | active_neighbor_step_rate=0.551 | mean_active_neighbors_step=1.150 | max_active_neighbors_step=4 | interaction_reward=0.0000 | abs_interaction_reward=0.0000 | anti_stag_reward=0.0000 | abs_anti_stag_reward=0.0000 | wall_clear_reward=0.0000 | abs_wall_clear_reward=0.0000 | local_nav_reward=0.0000 | abs_local_nav_reward=0.0000 | context_neighbors_mean=1.17 | context_neighbors_max=4 | last_context_neighbors_mean=0.00 | last_context_neighbors_max=0 | actor_unlocked=0 | expl_noise=0.0774 | replay=10486 | interaction_replay=4662 | samples/sec=6.371
Episode 129 complete | agent_samples=10553 | env_steps=4187 | episode_env_steps=30 | episode_agent_samples=67 | mean_reward=113.625 | success=5/5 | collision=0/5 | mean_final_distance=0.275 | mean_progress=0.0260 | min_laser=0.432 | mean_lin=0.980 | mean_ang=-0.216 | mean_robot_dist=0.702 | raw_reward=20.000 | adjusted_reward=20.000 | coop_agents=0/5 | mean_coop_neighbors=0.00 | active_neighbor_step_rate=0.716 | mean_active_neighbors_step=2.030 | max_active_neighbors_step=4 | interaction_reward=0.0000 | abs_interaction_reward=0.0000 | anti_stag_reward=0.0000 | abs_anti_stag_reward=0.0000 | wall_clear_reward=0.0000 | abs_wall_clear_reward=0.0000 | local_nav_reward=0.0000 | abs_local_nav_reward=0.0000 | context_neighbors_mean=2.07 | context_neighbors_max=4 | last_context_neighbors_mean=0.00 | last_context_neighbors_max=0 | actor_unlocked=0 | expl_noise=0.0774 | replay=10553 | interaction_replay=4705 | samples/sec=6.384
Episode 130 complete | agent_samples=10636 | env_steps=4225 | episode_env_steps=38 | episode_agent_samples=83 | mean_reward=36.155 | success=3/5 | collision=2/5 | mean_final_distance=0.439 | mean_progress=0.0031 | min_laser=0.312 | mean_lin=0.802 | mean_ang=-0.537 | mean_robot_dist=1.096 | raw_reward=20.000 | adjusted_reward=20.000 | coop_agents=0/5 | mean_coop_neighbors=0.00 | active_neighbor_step_rate=0.675 | mean_active_neighbors_step=1.373 | max_active_neighbors_step=4 | interaction_reward=0.0000 | abs_interaction_reward=0.0000 | anti_stag_reward=0.0000 | abs_anti_stag_reward=0.0000 | wall_clear_reward=0.0000 | abs_wall_clear_reward=0.0000 | local_nav_reward=0.0000 | abs_local_nav_reward=0.0000 | context_neighbors_mean=1.42 | context_neighbors_max=4 | last_context_neighbors_mean=0.00 | last_context_neighbors_max=0 | actor_unlocked=0 | expl_noise=0.0774 | replay=10636 | interaction_replay=4741 | samples/sec=6.391
Status | epoch=1 | next_eval_in=9364 agent_samples | checkpoint_every=10 episodes | checkpoint=./checkpoints/interaction_oracle_specialist_pilot_s20260724_latest.pt | model=interaction_oracle_specialist_pilot_s20260724
Checkpoint saved: ./checkpoints/interaction_oracle_specialist_pilot_s20260724_latest.pt
Episode 131 complete | agent_samples=10708 | env_steps=4259 | episode_env_steps=34 | episode_agent_samples=72 | mean_reward=78.257 | success=4/5 | collision=1/5 | mean_final_distance=0.529 | mean_progress=0.0101 | min_laser=0.336 | mean_lin=0.754 | mean_ang=-0.225 | mean_robot_dist=0.968 | raw_reward=20.000 | adjusted_reward=20.000 | coop_agents=0/5 | mean_coop_neighbors=0.00 | active_neighbor_step_rate=0.583 | mean_active_neighbors_step=1.486 | max_active_neighbors_step=4 | interaction_reward=0.0000 | abs_interaction_reward=0.0000 | anti_stag_reward=0.0000 | abs_anti_stag_reward=0.0000 | wall_clear_reward=0.0000 | abs_wall_clear_reward=0.0000 | local_nav_reward=0.0000 | abs_local_nav_reward=0.0000 | context_neighbors_mean=1.54 | context_neighbors_max=4 | last_context_neighbors_mean=0.00 | last_context_neighbors_max=0 | actor_unlocked=0 | expl_noise=0.0773 | replay=10708 | interaction_replay=4784 | samples/sec=6.363
Episode 132 complete | agent_samples=10767 | env_steps=4283 | episode_env_steps=24 | episode_agent_samples=59 | mean_reward=110.756 | success=5/5 | collision=0/5 | mean_final_distance=0.271 | mean_progress=0.0060 | min_laser=0.754 | mean_lin=0.797 | mean_ang=-0.153 | mean_robot_dist=1.440 | raw_reward=20.000 | adjusted_reward=20.000 | coop_agents=0/5 | mean_coop_neighbors=0.00 | active_neighbor_step_rate=0.661 | mean_active_neighbors_step=1.322 | max_active_neighbors_step=3 | interaction_reward=0.0000 | abs_interaction_reward=0.0000 | anti_stag_reward=0.0000 | abs_anti_stag_reward=0.0000 | wall_clear_reward=0.0000 | abs_wall_clear_reward=0.0000 | local_nav_reward=0.0000 | abs_local_nav_reward=0.0000 | context_neighbors_mean=1.44 | context_neighbors_max=3 | last_context_neighbors_mean=0.00 | last_context_neighbors_max=0 | actor_unlocked=0 | expl_noise=0.0773 | replay=10767 | interaction_replay=4819 | samples/sec=6.368
Episode 133 complete | agent_samples=10841 | env_steps=4316 | episode_env_steps=33 | episode_agent_samples=74 | mean_reward=29.396 | success=3/5 | collision=2/5 | mean_final_distance=0.704 | mean_progress=0.0066 | min_laser=0.308 | mean_lin=0.989 | mean_ang=0.437 | mean_robot_dist=3.534 | raw_reward=20.000 | adjusted_reward=20.000 | coop_agents=0/5 | mean_coop_neighbors=0.00 | active_neighbor_step_rate=0.635 | mean_active_neighbors_step=1.243 | max_active_neighbors_step=4 | interaction_reward=0.0000 | abs_interaction_reward=0.0000 | anti_stag_reward=0.0000 | abs_anti_stag_reward=0.0000 | wall_clear_reward=0.0000 | abs_wall_clear_reward=0.0000 | local_nav_reward=0.0000 | abs_local_nav_reward=0.0000 | context_neighbors_mean=1.30 | context_neighbors_max=4 | last_context_neighbors_mean=0.00 | last_context_neighbors_max=0 | actor_unlocked=0 | expl_noise=0.0773 | replay=10841 | interaction_replay=4829 | samples/sec=6.384
Episode 134 complete | agent_samples=10882 | env_steps=4325 | episode_env_steps=9 | episode_agent_samples=41 | mean_reward=109.035 | success=5/5 | collision=0/5 | mean_final_distance=0.239 | mean_progress=0.0495 | min_laser=0.530 | mean_lin=0.995 | mean_ang=0.185 | mean_robot_dist=0.990 | raw_reward=40.000 | adjusted_reward=40.000 | coop_agents=1/5 | mean_coop_neighbors=0.20 | active_neighbor_step_rate=0.976 | mean_active_neighbors_step=2.098 | max_active_neighbors_step=4 | interaction_reward=0.0000 | abs_interaction_reward=0.0000 | anti_stag_reward=0.0000 | abs_anti_stag_reward=0.0000 | wall_clear_reward=0.0000 | abs_wall_clear_reward=0.0000 | local_nav_reward=0.0000 | abs_local_nav_reward=0.0000 | context_neighbors_mean=2.15 | context_neighbors_max=4 | last_context_neighbors_mean=0.00 | last_context_neighbors_max=0 | actor_unlocked=0 | expl_noise=0.0773 | replay=10882 | interaction_replay=4867 | samples/sec=6.400
Episode 135 complete | agent_samples=10990 | env_steps=4356 | episode_env_steps=31 | episode_agent_samples=108 | mean_reward=87.838 | success=4/5 | collision=1/5 | mean_final_distance=0.511 | mean_progress=0.0375 | min_laser=0.330 | mean_lin=0.794 | mean_ang=-0.641 | mean_robot_dist=0.653 | raw_reward=0.000 | adjusted_reward=8.000 | coop_agents=1/5 | mean_coop_neighbors=0.20 | active_neighbor_step_rate=0.917 | mean_active_neighbors_step=1.843 | max_active_neighbors_step=4 | interaction_reward=0.0000 | abs_interaction_reward=0.0000 | anti_stag_reward=0.0000 | abs_anti_stag_reward=0.0000 | wall_clear_reward=0.0000 | abs_wall_clear_reward=0.0000 | local_nav_reward=0.0000 | abs_local_nav_reward=0.0000 | context_neighbors_mean=1.88 | context_neighbors_max=4 | last_context_neighbors_mean=0.00 | last_context_neighbors_max=0 | actor_unlocked=0 | expl_noise=0.0773 | replay=10990 | interaction_replay=4906 | samples/sec=6.435
Status | epoch=1 | next_eval_in=9010 agent_samples | checkpoint_every=10 episodes | checkpoint=./checkpoints/interaction_oracle_specialist_pilot_s20260724_latest.pt | model=interaction_oracle_specialist_pilot_s20260724
Episode 136 complete | agent_samples=11071 | env_steps=4383 | episode_env_steps=27 | episode_agent_samples=81 | mean_reward=126.723 | success=5/5 | collision=0/5 | mean_final_distance=0.286 | mean_progress=0.0173 | min_laser=0.358 | mean_lin=0.998 | mean_ang=-0.203 | mean_robot_dist=1.408 | raw_reward=20.000 | adjusted_reward=20.000 | coop_agents=0/5 | mean_coop_neighbors=0.00 | active_neighbor_step_rate=0.790 | mean_active_neighbors_step=1.901 | max_active_neighbors_step=4 | interaction_reward=0.0000 | abs_interaction_reward=0.0000 | anti_stag_reward=0.0000 | abs_anti_stag_reward=0.0000 | wall_clear_reward=0.0000 | abs_wall_clear_reward=0.0000 | local_nav_reward=0.0000 | abs_local_nav_reward=0.0000 | context_neighbors_mean=1.90 | context_neighbors_max=4 | last_context_neighbors_mean=0.00 | last_context_neighbors_max=0 | actor_unlocked=0 | expl_noise=0.0773 | replay=11071 | interaction_replay=4915 | samples/sec=6.455
Episode 137 complete | agent_samples=11122 | env_steps=4399 | episode_env_steps=16 | episode_agent_samples=51 | mean_reward=120.762 | success=5/5 | collision=0/5 | mean_final_distance=0.248 | mean_progress=0.0205 | min_laser=0.415 | mean_lin=0.986 | mean_ang=0.522 | mean_robot_dist=0.876 | raw_reward=20.000 | adjusted_reward=20.000 | coop_agents=0/5 | mean_coop_neighbors=0.00 | active_neighbor_step_rate=0.627 | mean_active_neighbors_step=1.765 | max_active_neighbors_step=4 | interaction_reward=0.0000 | abs_interaction_reward=0.0000 | anti_stag_reward=0.0000 | abs_anti_stag_reward=0.0000 | wall_clear_reward=0.0000 | abs_wall_clear_reward=0.0000 | local_nav_reward=0.0000 | abs_local_nav_reward=0.0000 | context_neighbors_mean=1.80 | context_neighbors_max=4 | last_context_neighbors_mean=0.00 | last_context_neighbors_max=0 | actor_unlocked=0 | expl_noise=0.0773 | replay=11122 | interaction_replay=4946 | samples/sec=6.465
Episode 138 complete | agent_samples=11269 | env_steps=4482 | episode_env_steps=83 | episode_agent_samples=147 | mean_reward=116.477 | success=5/5 | collision=0/5 | mean_final_distance=0.253 | mean_progress=0.0124 | min_laser=0.396 | mean_lin=0.794 | mean_ang=-0.609 | mean_robot_dist=1.440 | raw_reward=20.000 | adjusted_reward=20.000 | coop_agents=0/5 | mean_coop_neighbors=0.00 | active_neighbor_step_rate=0.361 | mean_active_neighbors_step=0.701 | max_active_neighbors_step=4 | interaction_reward=0.0000 | abs_interaction_reward=0.0000 | anti_stag_reward=0.0000 | abs_anti_stag_reward=0.0000 | wall_clear_reward=0.0000 | abs_wall_clear_reward=0.0000 | local_nav_reward=0.0000 | abs_local_nav_reward=0.0000 | context_neighbors_mean=0.73 | context_neighbors_max=4 | last_context_neighbors_mean=0.00 | last_context_neighbors_max=0 | actor_unlocked=0 | expl_noise=0.0772 | replay=11269 | interaction_replay=4990 | samples/sec=6.455
Episode 139 complete | agent_samples=11335 | env_steps=4506 | episode_env_steps=24 | episode_agent_samples=66 | mean_reward=40.255 | success=3/5 | collision=2/5 | mean_final_distance=0.326 | mean_progress=0.0078 | min_laser=0.300 | mean_lin=0.795 | mean_ang=0.196 | mean_robot_dist=1.848 | raw_reward=20.000 | adjusted_reward=20.000 | coop_agents=0/5 | mean_coop_neighbors=0.00 | active_neighbor_step_rate=0.788 | mean_active_neighbors_step=1.682 | max_active_neighbors_step=4 | interaction_reward=0.0000 | abs_interaction_reward=0.0000 | anti_stag_reward=0.0000 | abs_anti_stag_reward=0.0000 | wall_clear_reward=0.0000 | abs_wall_clear_reward=0.0000 | local_nav_reward=0.0000 | abs_local_nav_reward=0.0000 | context_neighbors_mean=1.74 | context_neighbors_max=4 | last_context_neighbors_mean=0.00 | last_context_neighbors_max=0 | actor_unlocked=0 | expl_noise=0.0772 | replay=11335 | interaction_replay=5037 | samples/sec=6.455
Episode 140 complete | agent_samples=11465 | env_steps=4568 | episode_env_steps=62 | episode_agent_samples=130 | mean_reward=40.895 | success=3/5 | collision=2/5 | mean_final_distance=0.530 | mean_progress=0.0053 | min_laser=0.301 | mean_lin=0.791 | mean_ang=-0.239 | mean_robot_dist=1.885 | raw_reward=20.000 | adjusted_reward=20.000 | coop_agents=0/5 | mean_coop_neighbors=0.00 | active_neighbor_step_rate=0.462 | mean_active_neighbors_step=1.246 | max_active_neighbors_step=4 | interaction_reward=0.0000 | abs_interaction_reward=0.0000 | anti_stag_reward=0.0000 | abs_anti_stag_reward=0.0000 | wall_clear_reward=0.0000 | abs_wall_clear_reward=0.0000 | local_nav_reward=0.0000 | abs_local_nav_reward=0.0000 | context_neighbors_mean=1.29 | context_neighbors_max=4 | last_context_neighbors_mean=0.00 | last_context_neighbors_max=0 | actor_unlocked=0 | expl_noise=0.0771 | replay=11465 | interaction_replay=5092 | samples/sec=6.476
Status | epoch=1 | next_eval_in=8535 agent_samples | checkpoint_every=10 episodes | checkpoint=./checkpoints/interaction_oracle_specialist_pilot_s20260724_latest.pt | model=interaction_oracle_specialist_pilot_s20260724
Checkpoint saved: ./checkpoints/interaction_oracle_specialist_pilot_s20260724_latest.pt
Episode 141 complete | agent_samples=11520 | env_steps=4592 | episode_env_steps=24 | episode_agent_samples=55 | mean_reward=25.045 | success=3/5 | collision=2/5 | mean_final_distance=0.517 | mean_progress=0.0086 | min_laser=0.300 | mean_lin=0.963 | mean_ang=-0.216 | mean_robot_dist=1.823 | raw_reward=20.000 | adjusted_reward=20.000 | coop_agents=0/5 | mean_coop_neighbors=0.00 | active_neighbor_step_rate=0.564 | mean_active_neighbors_step=1.600 | max_active_neighbors_step=4 | interaction_reward=0.0000 | abs_interaction_reward=0.0000 | anti_stag_reward=0.0000 | abs_anti_stag_reward=0.0000 | wall_clear_reward=0.0000 | abs_wall_clear_reward=0.0000 | local_nav_reward=0.0000 | abs_local_nav_reward=0.0000 | context_neighbors_mean=1.60 | context_neighbors_max=4 | last_context_neighbors_mean=0.00 | last_context_neighbors_max=0 | actor_unlocked=0 | expl_noise=0.0771 | replay=11520 | interaction_replay=5123 | samples/sec=6.486
Episode 142 complete | agent_samples=11591 | env_steps=4614 | episode_env_steps=22 | episode_agent_samples=71 | mean_reward=37.206 | success=3/5 | collision=2/5 | mean_final_distance=0.472 | mean_progress=0.0114 | min_laser=0.300 | mean_lin=0.978 | mean_ang=-0.186 | mean_robot_dist=1.606 | raw_reward=20.000 | adjusted_reward=20.000 | coop_agents=0/5 | mean_coop_neighbors=0.00 | active_neighbor_step_rate=0.831 | mean_active_neighbors_step=2.211 | max_active_neighbors_step=4 | interaction_reward=0.0000 | abs_interaction_reward=0.0000 | anti_stag_reward=0.0000 | abs_anti_stag_reward=0.0000 | wall_clear_reward=0.0000 | abs_wall_clear_reward=0.0000 | local_nav_reward=0.0000 | abs_local_nav_reward=0.0000 | context_neighbors_mean=2.28 | context_neighbors_max=4 | last_context_neighbors_mean=0.00 | last_context_neighbors_max=0 | actor_unlocked=0 | expl_noise=0.0771 | replay=11591 | interaction_replay=5161 | samples/sec=6.508
Episode 143 complete | agent_samples=11694 | env_steps=4657 | episode_env_steps=43 | episode_agent_samples=103 | mean_reward=80.760 | success=4/5 | collision=1/5 | mean_final_distance=0.522 | mean_progress=0.0075 | min_laser=0.323 | mean_lin=0.998 | mean_ang=-0.145 | mean_robot_dist=0.897 | raw_reward=20.000 | adjusted_reward=20.000 | coop_agents=0/5 | mean_coop_neighbors=0.00 | active_neighbor_step_rate=0.583 | mean_active_neighbors_step=1.447 | max_active_neighbors_step=4 | interaction_reward=0.0000 | abs_interaction_reward=0.0000 | anti_stag_reward=0.0000 | abs_anti_stag_reward=0.0000 | wall_clear_reward=0.0000 | abs_wall_clear_reward=0.0000 | local_nav_reward=0.0000 | abs_local_nav_reward=0.0000 | context_neighbors_mean=1.43 | context_neighbors_max=4 | last_context_neighbors_mean=0.00 | last_context_neighbors_max=0 | actor_unlocked=0 | expl_noise=0.0771 | replay=11694 | interaction_replay=5173 | samples/sec=6.532
Episode 144 complete | agent_samples=11752 | env_steps=4680 | episode_env_steps=23 | episode_agent_samples=58 | mean_reward=33.034 | success=3/5 | collision=2/5 | mean_final_distance=0.717 | mean_progress=0.0125 | min_laser=0.322 | mean_lin=0.800 | mean_ang=0.175 | mean_robot_dist=1.838 | raw_reward=20.000 | adjusted_reward=20.000 | coop_agents=0/5 | mean_coop_neighbors=0.00 | active_neighbor_step_rate=0.672 | mean_active_neighbors_step=1.897 | max_active_neighbors_step=4 | interaction_reward=0.0000 | abs_interaction_reward=0.0000 | anti_stag_reward=0.0000 | abs_anti_stag_reward=0.0000 | wall_clear_reward=0.0000 | abs_wall_clear_reward=0.0000 | local_nav_reward=0.0000 | abs_local_nav_reward=0.0000 | context_neighbors_mean=1.97 | context_neighbors_max=4 | last_context_neighbors_mean=0.00 | last_context_neighbors_max=0 | actor_unlocked=0 | expl_noise=0.0771 | replay=11752 | interaction_replay=5214 | samples/sec=6.545
Episode 145 complete | agent_samples=11837 | env_steps=4707 | episode_env_steps=27 | episode_agent_samples=85 | mean_reward=119.012 | success=5/5 | collision=0/5 | mean_final_distance=0.266 | mean_progress=0.0129 | min_laser=0.457 | mean_lin=0.802 | mean_ang=-0.112 | mean_robot_dist=0.824 | raw_reward=20.000 | adjusted_reward=20.000 | coop_agents=0/5 | mean_coop_neighbors=0.00 | active_neighbor_step_rate=0.765 | mean_active_neighbors_step=1.259 | max_active_neighbors_step=4 | interaction_reward=0.0000 | abs_interaction_reward=0.0000 | anti_stag_reward=0.0000 | abs_anti_stag_reward=0.0000 | wall_clear_reward=0.0000 | abs_wall_clear_reward=0.0000 | local_nav_reward=0.0000 | abs_local_nav_reward=0.0000 | context_neighbors_mean=1.34 | context_neighbors_max=4 | last_context_neighbors_mean=0.00 | last_context_neighbors_max=0 | actor_unlocked=0 | expl_noise=0.0771 | replay=11837 | interaction_replay=5282 | samples/sec=6.571
Status | epoch=1 | next_eval_in=8163 agent_samples | checkpoint_every=10 episodes | checkpoint=./checkpoints/interaction_oracle_specialist_pilot_s20260724_latest.pt | model=interaction_oracle_specialist_pilot_s20260724
Episode 146 complete | agent_samples=11896 | env_steps=4727 | episode_env_steps=20 | episode_agent_samples=59 | mean_reward=35.412 | success=3/5 | collision=2/5 | mean_final_distance=0.720 | mean_progress=0.0185 | min_laser=0.300 | mean_lin=0.727 | mean_ang=-0.569 | mean_robot_dist=1.173 | raw_reward=20.000 | adjusted_reward=20.000 | coop_agents=0/5 | mean_coop_neighbors=0.00 | active_neighbor_step_rate=0.746 | mean_active_neighbors_step=1.559 | max_active_neighbors_step=4 | interaction_reward=0.0000 | abs_interaction_reward=0.0000 | anti_stag_reward=0.0000 | abs_anti_stag_reward=0.0000 | wall_clear_reward=0.0000 | abs_wall_clear_reward=0.0000 | local_nav_reward=0.0000 | abs_local_nav_reward=0.0000 | context_neighbors_mean=1.63 | context_neighbors_max=4 | last_context_neighbors_mean=0.00 | last_context_neighbors_max=0 | actor_unlocked=0 | expl_noise=0.0770 | replay=11896 | interaction_replay=5322 | samples/sec=6.588
Episode 147 complete | agent_samples=11944 | env_steps=4740 | episode_env_steps=13 | episode_agent_samples=48 | mean_reward=29.694 | success=3/5 | collision=2/5 | mean_final_distance=0.444 | mean_progress=0.0213 | min_laser=0.301 | mean_lin=1.000 | mean_ang=-0.960 | mean_robot_dist=1.530 | raw_reward=20.000 | adjusted_reward=20.000 | coop_agents=0/5 | mean_coop_neighbors=0.00 | active_neighbor_step_rate=0.917 | mean_active_neighbors_step=2.083 | max_active_neighbors_step=4 | interaction_reward=0.0000 | abs_interaction_reward=0.0000 | anti_stag_reward=0.0000 | abs_anti_stag_reward=0.0000 | wall_clear_reward=0.0000 | abs_wall_clear_reward=0.0000 | local_nav_reward=0.0000 | abs_local_nav_reward=0.0000 | context_neighbors_mean=2.15 | context_neighbors_max=4 | last_context_neighbors_mean=0.00 | last_context_neighbors_max=0 | actor_unlocked=0 | expl_noise=0.0770 | replay=11944 | interaction_replay=5357 | samples/sec=6.603
Episode 148 complete | agent_samples=12036 | env_steps=4772 | episode_env_steps=32 | episode_agent_samples=92 | mean_reward=83.264 | success=4/5 | collision=1/5 | mean_final_distance=0.598 | mean_progress=0.0229 | min_laser=0.343 | mean_lin=0.984 | mean_ang=-0.994 | mean_robot_dist=2.542 | raw_reward=20.000 | adjusted_reward=20.000 | coop_agents=0/5 | mean_coop_neighbors=0.00 | active_neighbor_step_rate=0.663 | mean_active_neighbors_step=1.543 | max_active_neighbors_step=4 | interaction_reward=0.0000 | abs_interaction_reward=0.0000 | anti_stag_reward=0.0000 | abs_anti_stag_reward=0.0000 | wall_clear_reward=0.0000 | abs_wall_clear_reward=0.0000 | local_nav_reward=0.0000 | abs_local_nav_reward=0.0000 | context_neighbors_mean=1.62 | context_neighbors_max=4 | last_context_neighbors_mean=0.00 | last_context_neighbors_max=0 | actor_unlocked=0 | expl_noise=0.0770 | replay=12036 | interaction_replay=5405 | samples/sec=6.628
Episode 149 complete | agent_samples=12084 | env_steps=4783 | episode_env_steps=11 | episode_agent_samples=48 | mean_reward=70.712 | success=4/5 | collision=1/5 | mean_final_distance=0.391 | mean_progress=0.0276 | min_laser=0.330 | mean_lin=0.988 | mean_ang=0.623 | mean_robot_dist=0.531 | raw_reward=-20.000 | adjusted_reward=-20.000 | coop_agents=0/5 | mean_coop_neighbors=0.00 | active_neighbor_step_rate=0.896 | mean_active_neighbors_step=2.083 | max_active_neighbors_step=4 | interaction_reward=0.0000 | abs_interaction_reward=0.0000 | anti_stag_reward=0.0000 | abs_anti_stag_reward=0.0000 | wall_clear_reward=0.0000 | abs_wall_clear_reward=0.0000 | local_nav_reward=0.0000 | abs_local_nav_reward=0.0000 | context_neighbors_mean=2.17 | context_neighbors_max=4 | last_context_neighbors_mean=0.00 | last_context_neighbors_max=0 | actor_unlocked=0 | expl_noise=0.0770 | replay=12084 | interaction_replay=5449 | samples/sec=6.646
Episode 150 complete | agent_samples=12158 | env_steps=4821 | episode_env_steps=38 | episode_agent_samples=74 | mean_reward=111.700 | success=5/5 | collision=0/5 | mean_final_distance=0.218 | mean_progress=0.0110 | min_laser=0.432 | mean_lin=0.998 | mean_ang=0.362 | mean_robot_dist=1.769 | raw_reward=20.000 | adjusted_reward=20.000 | coop_agents=0/5 | mean_coop_neighbors=0.00 | active_neighbor_step_rate=0.595 | mean_active_neighbors_step=1.122 | max_active_neighbors_step=4 | interaction_reward=0.0000 | abs_interaction_reward=0.0000 | anti_stag_reward=0.0000 | abs_anti_stag_reward=0.0000 | wall_clear_reward=0.0000 | abs_wall_clear_reward=0.0000 | local_nav_reward=0.0000 | abs_local_nav_reward=0.0000 | context_neighbors_mean=1.15 | context_neighbors_max=4 | last_context_neighbors_mean=0.00 | last_context_neighbors_max=0 | actor_unlocked=0 | expl_noise=0.0770 | replay=12158 | interaction_replay=5468 | samples/sec=6.656
Status | epoch=1 | next_eval_in=7842 agent_samples | checkpoint_every=10 episodes | checkpoint=./checkpoints/interaction_oracle_specialist_pilot_s20260724_latest.pt | model=interaction_oracle_specialist_pilot_s20260724
Checkpoint saved: ./checkpoints/interaction_oracle_specialist_pilot_s20260724_latest.pt
Episode 151 complete | agent_samples=12257 | env_steps=4860 | episode_env_steps=39 | episode_agent_samples=99 | mean_reward=85.738 | success=4/5 | collision=1/5 | mean_final_distance=0.433 | mean_progress=0.0040 | min_laser=0.329 | mean_lin=0.798 | mean_ang=-0.180 | mean_robot_dist=2.037 | raw_reward=20.000 | adjusted_reward=20.000 | coop_agents=0/5 | mean_coop_neighbors=0.00 | active_neighbor_step_rate=0.747 | mean_active_neighbors_step=1.980 | max_active_neighbors_step=4 | interaction_reward=0.0000 | abs_interaction_reward=0.0000 | anti_stag_reward=0.0000 | abs_anti_stag_reward=0.0000 | wall_clear_reward=0.0000 | abs_wall_clear_reward=0.0000 | local_nav_reward=0.0000 | abs_local_nav_reward=0.0000 | context_neighbors_mean=1.97 | context_neighbors_max=4 | last_context_neighbors_mean=0.00 | last_context_neighbors_max=0 | actor_unlocked=0 | expl_noise=0.0770 | replay=12257 | interaction_replay=5504 | samples/sec=6.678
Episode 152 complete | agent_samples=12322 | env_steps=4891 | episode_env_steps=31 | episode_agent_samples=65 | mean_reward=38.768 | success=3/5 | collision=2/5 | mean_final_distance=0.852 | mean_progress=0.0033 | min_laser=0.322 | mean_lin=0.790 | mean_ang=-0.877 | mean_robot_dist=1.089 | raw_reward=20.000 | adjusted_reward=20.000 | coop_agents=0/5 | mean_coop_neighbors=0.00 | active_neighbor_step_rate=0.662 | mean_active_neighbors_step=1.569 | max_active_neighbors_step=4 | interaction_reward=0.0000 | abs_interaction_reward=0.0000 | anti_stag_reward=0.0000 | abs_anti_stag_reward=0.0000 | wall_clear_reward=0.0000 | abs_wall_clear_reward=0.0000 | local_nav_reward=0.0000 | abs_local_nav_reward=0.0000 | context_neighbors_mean=1.62 | context_neighbors_max=4 | last_context_neighbors_mean=0.00 | last_context_neighbors_max=0 | actor_unlocked=0 | expl_noise=0.0769 | replay=12322 | interaction_replay=5518 | samples/sec=6.689
Episode 153 complete | agent_samples=12383 | env_steps=4920 | episode_env_steps=29 | episode_agent_samples=61 | mean_reward=36.654 | success=3/5 | collision=2/5 | mean_final_distance=0.527 | mean_progress=0.0067 | min_laser=0.300 | mean_lin=0.985 | mean_ang=-0.223 | mean_robot_dist=0.929 | raw_reward=20.000 | adjusted_reward=20.000 | coop_agents=0/5 | mean_coop_neighbors=0.00 | active_neighbor_step_rate=0.689 | mean_active_neighbors_step=1.525 | max_active_neighbors_step=4 | interaction_reward=0.0000 | abs_interaction_reward=0.0000 | anti_stag_reward=0.0000 | abs_anti_stag_reward=0.0000 | wall_clear_reward=0.0000 | abs_wall_clear_reward=0.0000 | local_nav_reward=0.0000 | abs_local_nav_reward=0.0000 | context_neighbors_mean=1.57 | context_neighbors_max=4 | last_context_neighbors_mean=0.00 | last_context_neighbors_max=0 | actor_unlocked=0 | expl_noise=0.0769 | replay=12383 | interaction_replay=5551 | samples/sec=6.698
Episode 154 complete | agent_samples=12454 | env_steps=4951 | episode_env_steps=31 | episode_agent_samples=71 | mean_reward=73.018 | success=4/5 | collision=1/5 | mean_final_distance=0.389 | mean_progress=0.0076 | min_laser=0.301 | mean_lin=0.945 | mean_ang=0.502 | mean_robot_dist=1.199 | raw_reward=20.000 | adjusted_reward=20.000 | coop_agents=0/5 | mean_coop_neighbors=0.00 | active_neighbor_step_rate=0.676 | mean_active_neighbors_step=1.704 | max_active_neighbors_step=4 | interaction_reward=0.0000 | abs_interaction_reward=0.0000 | anti_stag_reward=0.0000 | abs_anti_stag_reward=0.0000 | wall_clear_reward=0.0000 | abs_wall_clear_reward=0.0000 | local_nav_reward=0.0000 | abs_local_nav_reward=0.0000 | context_neighbors_mean=1.77 | context_neighbors_max=4 | last_context_neighbors_mean=0.00 | last_context_neighbors_max=0 | actor_unlocked=0 | expl_noise=0.0769 | replay=12454 | interaction_replay=5600 | samples/sec=6.712
Episode 155 complete | agent_samples=12527 | env_steps=4980 | episode_env_steps=29 | episode_agent_samples=73 | mean_reward=116.273 | success=5/5 | collision=0/5 | mean_final_distance=0.254 | mean_progress=0.0140 | min_laser=0.511 | mean_lin=0.993 | mean_ang=-0.195 | mean_robot_dist=0.849 | raw_reward=20.000 | adjusted_reward=20.000 | coop_agents=0/5 | mean_coop_neighbors=0.00 | active_neighbor_step_rate=0.767 | mean_active_neighbors_step=1.726 | max_active_neighbors_step=4 | interaction_reward=0.0000 | abs_interaction_reward=0.0000 | anti_stag_reward=0.0000 | abs_anti_stag_reward=0.0000 | wall_clear_reward=0.0000 | abs_wall_clear_reward=0.0000 | local_nav_reward=0.0000 | abs_local_nav_reward=0.0000 | context_neighbors_mean=1.78 | context_neighbors_max=4 | last_context_neighbors_mean=0.00 | last_context_neighbors_max=0 | actor_unlocked=0 | expl_noise=0.0769 | replay=12527 | interaction_replay=5638 | samples/sec=6.728
Status | epoch=1 | next_eval_in=7473 agent_samples | checkpoint_every=10 episodes | checkpoint=./checkpoints/interaction_oracle_specialist_pilot_s20260724_latest.pt | model=interaction_oracle_specialist_pilot_s20260724
Episode 156 complete | agent_samples=12581 | env_steps=4996 | episode_env_steps=16 | episode_agent_samples=54 | mean_reward=35.612 | success=3/5 | collision=2/5 | mean_final_distance=0.489 | mean_progress=0.0231 | min_laser=0.331 | mean_lin=0.730 | mean_ang=0.460 | mean_robot_dist=1.450 | raw_reward=20.000 | adjusted_reward=20.000 | coop_agents=0/5 | mean_coop_neighbors=0.00 | active_neighbor_step_rate=0.815 | mean_active_neighbors_step=2.093 | max_active_neighbors_step=4 | interaction_reward=0.0000 | abs_interaction_reward=0.0000 | anti_stag_reward=0.0000 | abs_anti_stag_reward=0.0000 | wall_clear_reward=0.0000 | abs_wall_clear_reward=0.0000 | local_nav_reward=0.0000 | abs_local_nav_reward=0.0000 | context_neighbors_mean=2.07 | context_neighbors_max=4 | last_context_neighbors_mean=0.00 | last_context_neighbors_max=0 | actor_unlocked=0 | expl_noise=0.0769 | replay=12581 | interaction_replay=5682 | samples/sec=6.744
Episode 157 complete | agent_samples=12638 | env_steps=5013 | episode_env_steps=17 | episode_agent_samples=57 | mean_reward=77.541 | success=4/5 | collision=1/5 | mean_final_distance=0.544 | mean_progress=0.0274 | min_laser=0.338 | mean_lin=0.800 | mean_ang=-0.190 | mean_robot_dist=2.557 | raw_reward=20.000 | adjusted_reward=20.000 | coop_agents=0/5 | mean_coop_neighbors=0.00 | active_neighbor_step_rate=0.789 | mean_active_neighbors_step=1.702 | max_active_neighbors_step=4 | interaction_reward=0.0000 | abs_interaction_reward=0.0000 | anti_stag_reward=0.0000 | abs_anti_stag_reward=0.0000 | wall_clear_reward=0.0000 | abs_wall_clear_reward=0.0000 | local_nav_reward=0.0000 | abs_local_nav_reward=0.0000 | context_neighbors_mean=1.77 | context_neighbors_max=4 | last_context_neighbors_mean=0.00 | last_context_neighbors_max=0 | actor_unlocked=0 | expl_noise=0.0769 | replay=12638 | interaction_replay=5701 | samples/sec=6.759
Episode 158 complete | agent_samples=12731 | env_steps=5050 | episode_env_steps=37 | episode_agent_samples=93 | mean_reward=126.415 | success=5/5 | collision=0/5 | mean_final_distance=0.265 | mean_progress=0.0243 | min_laser=0.435 | mean_lin=1.000 | mean_ang=0.060 | mean_robot_dist=1.654 | raw_reward=20.000 | adjusted_reward=20.000 | coop_agents=0/5 | mean_coop_neighbors=0.00 | active_neighbor_step_rate=0.538 | mean_active_neighbors_step=1.215 | max_active_neighbors_step=4 | interaction_reward=0.0000 | abs_interaction_reward=0.0000 | anti_stag_reward=0.0000 | abs_anti_stag_reward=0.0000 | wall_clear_reward=0.0000 | abs_wall_clear_reward=0.0000 | local_nav_reward=0.0000 | abs_local_nav_reward=0.0000 | context_neighbors_mean=1.26 | context_neighbors_max=4 | last_context_neighbors_mean=0.00 | last_context_neighbors_max=0 | actor_unlocked=0 | expl_noise=0.0768 | replay=12731 | interaction_replay=5730 | samples/sec=6.666
Episode 159 complete | agent_samples=12847 | env_steps=5116 | episode_env_steps=66 | episode_agent_samples=116 | mean_reward=109.650 | success=5/5 | collision=0/5 | mean_final_distance=0.241 | mean_progress=0.0208 | min_laser=0.482 | mean_lin=0.798 | mean_ang=-0.512 | mean_robot_dist=0.858 | raw_reward=20.000 | adjusted_reward=20.000 | coop_agents=0/5 | mean_coop_neighbors=0.00 | active_neighbor_step_rate=0.474 | mean_active_neighbors_step=1.121 | max_active_neighbors_step=4 | interaction_reward=0.0000 | abs_interaction_reward=0.0000 | anti_stag_reward=0.0000 | abs_anti_stag_reward=0.0000 | wall_clear_reward=0.0000 | abs_wall_clear_reward=0.0000 | local_nav_reward=0.0000 | abs_local_nav_reward=0.0000 | context_neighbors_mean=1.14 | context_neighbors_max=4 | last_context_neighbors_mean=0.00 | last_context_neighbors_max=0 | actor_unlocked=0 | expl_noise=0.0768 | replay=12847 | interaction_replay=5765 | samples/sec=6.621
Episode 160 complete | agent_samples=12895 | env_steps=5127 | episode_env_steps=11 | episode_agent_samples=48 | mean_reward=74.422 | success=4/5 | collision=1/5 | mean_final_distance=0.465 | mean_progress=0.0473 | min_laser=0.336 | mean_lin=0.840 | mean_ang=-0.370 | mean_robot_dist=1.290 | raw_reward=40.000 | adjusted_reward=40.000 | coop_agents=0/5 | mean_coop_neighbors=0.00 | active_neighbor_step_rate=0.875 | mean_active_neighbors_step=1.896 | max_active_neighbors_step=4 | interaction_reward=0.0000 | abs_interaction_reward=0.0000 | anti_stag_reward=0.0000 | abs_anti_stag_reward=0.0000 | wall_clear_reward=0.0000 | abs_wall_clear_reward=0.0000 | local_nav_reward=0.0000 | abs_local_nav_reward=0.0000 | context_neighbors_mean=2.04 | context_neighbors_max=4 | last_context_neighbors_mean=0.00 | last_context_neighbors_max=0 | actor_unlocked=0 | expl_noise=0.0768 | replay=12895 | interaction_replay=5805 | samples/sec=6.633
Status | epoch=1 | next_eval_in=7105 agent_samples | checkpoint_every=10 episodes | checkpoint=./checkpoints/interaction_oracle_specialist_pilot_s20260724_latest.pt | model=interaction_oracle_specialist_pilot_s20260724
Checkpoint saved: ./checkpoints/interaction_oracle_specialist_pilot_s20260724_latest.pt
Episode 161 complete | agent_samples=12971 | env_steps=5164 | episode_env_steps=37 | episode_agent_samples=76 | mean_reward=80.141 | success=4/5 | collision=1/5 | mean_final_distance=0.467 | mean_progress=0.0014 | min_laser=0.300 | mean_lin=0.971 | mean_ang=0.152 | mean_robot_dist=1.189 | raw_reward=20.000 | adjusted_reward=20.000 | coop_agents=0/5 | mean_coop_neighbors=0.00 | active_neighbor_step_rate=0.618 | mean_active_neighbors_step=1.487 | max_active_neighbors_step=4 | interaction_reward=0.0000 | abs_interaction_reward=0.0000 | anti_stag_reward=0.0000 | abs_anti_stag_reward=0.0000 | wall_clear_reward=0.0000 | abs_wall_clear_reward=0.0000 | local_nav_reward=0.0000 | abs_local_nav_reward=0.0000 | context_neighbors_mean=1.55 | context_neighbors_max=4 | last_context_neighbors_mean=0.00 | last_context_neighbors_max=0 | actor_unlocked=0 | expl_noise=0.0768 | replay=12971 | interaction_replay=5850 | samples/sec=6.637
Episode 162 complete | agent_samples=13053 | env_steps=5196 | episode_env_steps=32 | episode_agent_samples=82 | mean_reward=77.251 | success=4/5 | collision=1/5 | mean_final_distance=0.242 | mean_progress=0.0110 | min_laser=0.325 | mean_lin=0.737 | mean_ang=0.112 | mean_robot_dist=1.244 | raw_reward=20.000 | adjusted_reward=20.000 | coop_agents=0/5 | mean_coop_neighbors=0.00 | active_neighbor_step_rate=0.707 | mean_active_neighbors_step=1.488 | max_active_neighbors_step=4 | interaction_reward=0.0000 | abs_interaction_reward=0.0000 | anti_stag_reward=0.0000 | abs_anti_stag_reward=0.0000 | wall_clear_reward=0.0000 | abs_wall_clear_reward=0.0000 | local_nav_reward=0.0000 | abs_local_nav_reward=0.0000 | context_neighbors_mean=1.56 | context_neighbors_max=4 | last_context_neighbors_mean=0.00 | last_context_neighbors_max=0 | actor_unlocked=0 | expl_noise=0.0768 | replay=13053 | interaction_replay=5900 | samples/sec=6.654
Episode 163 complete | agent_samples=13106 | env_steps=5217 | episode_env_steps=21 | episode_agent_samples=53 | mean_reward=25.415 | success=3/5 | collision=2/5 | mean_final_distance=0.584 | mean_progress=0.0204 | min_laser=0.300 | mean_lin=0.998 | mean_ang=0.600 | mean_robot_dist=2.580 | raw_reward=20.000 | adjusted_reward=20.000 | coop_agents=0/5 | mean_coop_neighbors=0.00 | active_neighbor_step_rate=0.755 | mean_active_neighbors_step=2.302 | max_active_neighbors_step=4 | interaction_reward=0.0000 | abs_interaction_reward=0.0000 | anti_stag_reward=0.0000 | abs_anti_stag_reward=0.0000 | wall_clear_reward=0.0000 | abs_wall_clear_reward=0.0000 | local_nav_reward=0.0000 | abs_local_nav_reward=0.0000 | context_neighbors_mean=2.32 | context_neighbors_max=4 | last_context_neighbors_mean=0.00 | last_context_neighbors_max=0 | actor_unlocked=0 | expl_noise=0.0767 | replay=13106 | interaction_replay=5916 | samples/sec=6.665
Episode 164 complete | agent_samples=13156 | env_steps=5233 | episode_env_steps=16 | episode_agent_samples=50 | mean_reward=83.667 | success=4/5 | collision=1/5 | mean_final_distance=0.451 | mean_progress=0.0182 | min_laser=0.333 | mean_lin=0.995 | mean_ang=0.201 | mean_robot_dist=1.530 | raw_reward=20.000 | adjusted_reward=20.000 | coop_agents=0/5 | mean_coop_neighbors=0.00 | active_neighbor_step_rate=0.760 | mean_active_neighbors_step=1.860 | max_active_neighbors_step=4 | interaction_reward=0.0000 | abs_interaction_reward=0.0000 | anti_stag_reward=0.0000 | abs_anti_stag_reward=0.0000 | wall_clear_reward=0.0000 | abs_wall_clear_reward=0.0000 | local_nav_reward=0.0000 | abs_local_nav_reward=0.0000 | context_neighbors_mean=1.96 | context_neighbors_max=4 | last_context_neighbors_mean=0.00 | last_context_neighbors_max=0 | actor_unlocked=0 | expl_noise=0.0767 | replay=13156 | interaction_replay=5952 | samples/sec=6.678
Episode 165 complete | agent_samples=13334 | env_steps=5358 | episode_env_steps=125 | episode_agent_samples=178 | mean_reward=102.982 | success=5/5 | collision=0/5 | mean_final_distance=0.262 | mean_progress=0.0040 | min_laser=0.438 | mean_lin=0.991 | mean_ang=-0.209 | mean_robot_dist=1.890 | raw_reward=20.000 | adjusted_reward=20.000 | coop_agents=0/5 | mean_coop_neighbors=0.00 | active_neighbor_step_rate=0.242 | mean_active_neighbors_step=0.517 | max_active_neighbors_step=4 | interaction_reward=0.0000 | abs_interaction_reward=0.0000 | anti_stag_reward=0.0000 | abs_anti_stag_reward=0.0000 | wall_clear_reward=0.0000 | abs_wall_clear_reward=0.0000 | local_nav_reward=0.0000 | abs_local_nav_reward=0.0000 | context_neighbors_mean=0.54 | context_neighbors_max=4 | last_context_neighbors_mean=0.00 | last_context_neighbors_max=0 | actor_unlocked=0 | expl_noise=0.0767 | replay=13334 | interaction_replay=5995 | samples/sec=6.672
Status | epoch=1 | next_eval_in=6666 agent_samples | checkpoint_every=10 episodes | checkpoint=./checkpoints/interaction_oracle_specialist_pilot_s20260724_latest.pt | model=interaction_oracle_specialist_pilot_s20260724
Episode 166 complete | agent_samples=13384 | env_steps=5375 | episode_env_steps=17 | episode_agent_samples=50 | mean_reward=30.100 | success=3/5 | collision=2/5 | mean_final_distance=0.521 | mean_progress=0.0067 | min_laser=0.300 | mean_lin=0.590 | mean_ang=-0.215 | mean_robot_dist=1.035 | raw_reward=20.000 | adjusted_reward=20.000 | coop_agents=0/5 | mean_coop_neighbors=0.00 | active_neighbor_step_rate=0.760 | mean_active_neighbors_step=2.060 | max_active_neighbors_step=4 | interaction_reward=0.0000 | abs_interaction_reward=0.0000 | anti_stag_reward=0.0000 | abs_anti_stag_reward=0.0000 | wall_clear_reward=0.0000 | abs_wall_clear_reward=0.0000 | local_nav_reward=0.0000 | abs_local_nav_reward=0.0000 | context_neighbors_mean=2.16 | context_neighbors_max=4 | last_context_neighbors_mean=0.00 | last_context_neighbors_max=0 | actor_unlocked=0 | expl_noise=0.0766 | replay=13384 | interaction_replay=6034 | samples/sec=6.683
Episode 167 complete | agent_samples=13444 | env_steps=5391 | episode_env_steps=16 | episode_agent_samples=60 | mean_reward=118.206 | success=5/5 | collision=0/5 | mean_final_distance=0.261 | mean_progress=0.0212 | min_laser=0.706 | mean_lin=0.984 | mean_ang=0.001 | mean_robot_dist=1.022 | raw_reward=20.000 | adjusted_reward=20.000 | coop_agents=0/5 | mean_coop_neighbors=0.00 | active_neighbor_step_rate=0.867 | mean_active_neighbors_step=2.283 | max_active_neighbors_step=4 | interaction_reward=0.0000 | abs_interaction_reward=0.0000 | anti_stag_reward=0.0000 | abs_anti_stag_reward=0.0000 | wall_clear_reward=0.0000 | abs_wall_clear_reward=0.0000 | local_nav_reward=0.0000 | abs_local_nav_reward=0.0000 | context_neighbors_mean=2.33 | context_neighbors_max=4 | last_context_neighbors_mean=0.00 | last_context_neighbors_max=0 | actor_unlocked=0 | expl_noise=0.0766 | replay=13444 | interaction_replay=6058 | samples/sec=6.701
Episode 168 complete | agent_samples=13486 | env_steps=5401 | episode_env_steps=10 | episode_agent_samples=42 | mean_reward=24.017 | success=3/5 | collision=2/5 | mean_final_distance=0.750 | mean_progress=0.0230 | min_laser=0.317 | mean_lin=0.792 | mean_ang=0.600 | mean_robot_dist=1.592 | raw_reward=20.000 | adjusted_reward=20.000 | coop_agents=0/5 | mean_coop_neighbors=0.00 | active_neighbor_step_rate=0.905 | mean_active_neighbors_step=2.000 | max_active_neighbors_step=3 | interaction_reward=0.0000 | abs_interaction_reward=0.0000 | anti_stag_reward=0.0000 | abs_anti_stag_reward=0.0000 | wall_clear_reward=0.0000 | abs_wall_clear_reward=0.0000 | local_nav_reward=0.0000 | abs_local_nav_reward=0.0000 | context_neighbors_mean=2.05 | context_neighbors_max=3 | last_context_neighbors_mean=0.00 | last_context_neighbors_max=0 | actor_unlocked=0 | expl_noise=0.0766 | replay=13486 | interaction_replay=6097 | samples/sec=6.713
Episode 169 complete | agent_samples=13656 | env_steps=5491 | episode_env_steps=90 | episode_agent_samples=170 | mean_reward=110.704 | success=5/5 | collision=0/5 | mean_final_distance=0.268 | mean_progress=0.0027 | min_laser=0.358 | mean_lin=0.878 | mean_ang=-0.599 | mean_robot_dist=1.123 | raw_reward=20.000 | adjusted_reward=20.000 | coop_agents=0/5 | mean_coop_neighbors=0.00 | active_neighbor_step_rate=0.412 | mean_active_neighbors_step=0.724 | max_active_neighbors_step=4 | interaction_reward=0.0000 | abs_interaction_reward=0.0000 | anti_stag_reward=0.0000 | abs_anti_stag_reward=0.0000 | wall_clear_reward=0.0000 | abs_wall_clear_reward=0.0000 | local_nav_reward=0.0000 | abs_local_nav_reward=0.0000 | context_neighbors_mean=0.74 | context_neighbors_max=4 | last_context_neighbors_mean=0.00 | last_context_neighbors_max=0 | actor_unlocked=0 | expl_noise=0.0766 | replay=13656 | interaction_replay=6156 | samples/sec=6.723
Episode 170 complete | agent_samples=13723 | env_steps=5511 | episode_env_steps=20 | episode_agent_samples=67 | mean_reward=33.921 | success=3/5 | collision=2/5 | mean_final_distance=0.472 | mean_progress=0.0211 | min_laser=0.300 | mean_lin=1.000 | mean_ang=-0.167 | mean_robot_dist=2.557 | raw_reward=20.000 | adjusted_reward=20.000 | coop_agents=0/5 | mean_coop_neighbors=0.00 | active_neighbor_step_rate=0.836 | mean_active_neighbors_step=2.463 | max_active_neighbors_step=4 | interaction_reward=0.0000 | abs_interaction_reward=0.0000 | anti_stag_reward=0.0000 | abs_anti_stag_reward=0.0000 | wall_clear_reward=0.0000 | abs_wall_clear_reward=0.0000 | local_nav_reward=0.0000 | abs_local_nav_reward=0.0000 | context_neighbors_mean=2.51 | context_neighbors_max=4 | last_context_neighbors_mean=0.00 | last_context_neighbors_max=0 | actor_unlocked=0 | expl_noise=0.0766 | replay=13723 | interaction_replay=6168 | samples/sec=6.738
Status | epoch=1 | next_eval_in=6277 agent_samples | checkpoint_every=10 episodes | checkpoint=./checkpoints/interaction_oracle_specialist_pilot_s20260724_latest.pt | model=interaction_oracle_specialist_pilot_s20260724
Checkpoint saved: ./checkpoints/interaction_oracle_specialist_pilot_s20260724_latest.pt
Episode 171 complete | agent_samples=13835 | env_steps=5577 | episode_env_steps=66 | episode_agent_samples=112 | mean_reward=40.009 | success=3/5 | collision=2/5 | mean_final_distance=0.501 | mean_progress=0.0111 | min_laser=0.316 | mean_lin=0.953 | mean_ang=0.606 | mean_robot_dist=1.112 | raw_reward=20.000 | adjusted_reward=20.000 | coop_agents=0/5 | mean_coop_neighbors=0.00 | active_neighbor_step_rate=0.473 | mean_active_neighbors_step=1.214 | max_active_neighbors_step=4 | interaction_reward=0.0000 | abs_interaction_reward=0.0000 | anti_stag_reward=0.0000 | abs_anti_stag_reward=0.0000 | wall_clear_reward=0.0000 | abs_wall_clear_reward=0.0000 | local_nav_reward=0.0000 | abs_local_nav_reward=0.0000 | context_neighbors_mean=1.24 | context_neighbors_max=4 | last_context_neighbors_mean=0.00 | last_context_neighbors_max=0 | actor_unlocked=0 | expl_noise=0.0765 | replay=13835 | interaction_replay=6222 | samples/sec=6.681
Episode 172 complete | agent_samples=13923 | env_steps=5604 | episode_env_steps=27 | episode_agent_samples=88 | mean_reward=134.598 | success=5/5 | collision=0/5 | mean_final_distance=0.238 | mean_progress=0.0145 | min_laser=0.590 | mean_lin=1.000 | mean_ang=-0.084 | mean_robot_dist=3.721 | raw_reward=20.000 | adjusted_reward=20.000 | coop_agents=0/5 | mean_coop_neighbors=0.00 | active_neighbor_step_rate=0.773 | mean_active_neighbors_step=1.273 | max_active_neighbors_step=3 | interaction_reward=0.0000 | abs_interaction_reward=0.0000 | anti_stag_reward=0.0000 | abs_anti_stag_reward=0.0000 | wall_clear_reward=0.0000 | abs_wall_clear_reward=0.0000 | local_nav_reward=0.0000 | abs_local_nav_reward=0.0000 | context_neighbors_mean=1.32 | context_neighbors_max=3 | last_context_neighbors_mean=0.00 | last_context_neighbors_max=0 | actor_unlocked=0 | expl_noise=0.0765 | replay=13923 | interaction_replay=6238 | samples/sec=6.691
Episode 173 complete | agent_samples=14056 | env_steps=5649 | episode_env_steps=45 | episode_agent_samples=133 | mean_reward=78.624 | success=4/5 | collision=1/5 | mean_final_distance=0.623 | mean_progress=0.0149 | min_laser=0.340 | mean_lin=0.797 | mean_ang=-0.202 | mean_robot_dist=0.873 | raw_reward=20.000 | adjusted_reward=20.000 | coop_agents=0/5 | mean_coop_neighbors=0.00 | active_neighbor_step_rate=0.632 | mean_active_neighbors_step=1.474 | max_active_neighbors_step=4 | interaction_reward=0.0000 | abs_interaction_reward=0.0000 | anti_stag_reward=0.0000 | abs_anti_stag_reward=0.0000 | wall_clear_reward=0.0000 | abs_wall_clear_reward=0.0000 | local_nav_reward=0.0000 | abs_local_nav_reward=0.0000 | context_neighbors_mean=1.49 | context_neighbors_max=4 | last_context_neighbors_mean=0.00 | last_context_neighbors_max=0 | actor_unlocked=0 | expl_noise=0.0765 | replay=14056 | interaction_replay=6271 | samples/sec=6.704
Episode 174 complete | agent_samples=14149 | env_steps=5680 | episode_env_steps=31 | episode_agent_samples=93 | mean_reward=71.764 | success=4/5 | collision=1/5 | mean_final_distance=0.524 | mean_progress=0.0194 | min_laser=0.322 | mean_lin=0.981 | mean_ang=0.204 | mean_robot_dist=1.348 | raw_reward=20.000 | adjusted_reward=20.000 | coop_agents=0/5 | mean_coop_neighbors=0.00 | active_neighbor_step_rate=0.763 | mean_active_neighbors_step=1.570 | max_active_neighbors_step=4 | interaction_reward=0.0000 | abs_interaction_reward=0.0000 | anti_stag_reward=0.0000 | abs_anti_stag_reward=0.0000 | wall_clear_reward=0.0000 | abs_wall_clear_reward=0.0000 | local_nav_reward=0.0000 | abs_local_nav_reward=0.0000 | context_neighbors_mean=1.62 | context_neighbors_max=4 | last_context_neighbors_mean=0.00 | last_context_neighbors_max=0 | actor_unlocked=0 | expl_noise=0.0764 | replay=14149 | interaction_replay=6336 | samples/sec=6.718
Episode 175 complete | agent_samples=14205 | env_steps=5696 | episode_env_steps=16 | episode_agent_samples=56 | mean_reward=80.527 | success=4/5 | collision=1/5 | mean_final_distance=0.372 | mean_progress=0.0070 | min_laser=0.301 | mean_lin=0.820 | mean_ang=0.585 | mean_robot_dist=1.886 | raw_reward=20.000 | adjusted_reward=20.000 | coop_agents=0/5 | mean_coop_neighbors=0.00 | active_neighbor_step_rate=0.786 | mean_active_neighbors_step=1.804 | max_active_neighbors_step=4 | interaction_reward=0.0000 | abs_interaction_reward=0.0000 | anti_stag_reward=0.0000 | abs_anti_stag_reward=0.0000 | wall_clear_reward=0.0000 | abs_wall_clear_reward=0.0000 | local_nav_reward=0.0000 | abs_local_nav_reward=0.0000 | context_neighbors_mean=1.86 | context_neighbors_max=4 | last_context_neighbors_mean=0.00 | last_context_neighbors_max=0 | actor_unlocked=0 | expl_noise=0.0764 | replay=14205 | interaction_replay=6379 | samples/sec=6.720
Status | epoch=1 | next_eval_in=5795 agent_samples | checkpoint_every=10 episodes | checkpoint=./checkpoints/interaction_oracle_specialist_pilot_s20260724_latest.pt | model=interaction_oracle_specialist_pilot_s20260724
Episode 176 complete | agent_samples=14320 | env_steps=5724 | episode_env_steps=28 | episode_agent_samples=115 | mean_reward=125.965 | success=5/5 | collision=0/5 | mean_final_distance=0.261 | mean_progress=0.0141 | min_laser=0.420 | mean_lin=0.797 | mean_ang=-0.206 | mean_robot_dist=1.157 | raw_reward=20.000 | adjusted_reward=20.000 | coop_agents=0/5 | mean_coop_neighbors=0.00 | active_neighbor_step_rate=0.765 | mean_active_neighbors_step=1.739 | max_active_neighbors_step=4 | interaction_reward=0.0000 | abs_interaction_reward=0.0000 | anti_stag_reward=0.0000 | abs_anti_stag_reward=0.0000 | wall_clear_reward=0.0000 | abs_wall_clear_reward=0.0000 | local_nav_reward=0.0000 | abs_local_nav_reward=0.0000 | context_neighbors_mean=1.77 | context_neighbors_max=4 | last_context_neighbors_mean=0.00 | last_context_neighbors_max=0 | actor_unlocked=0 | expl_noise=0.0764 | replay=14320 | interaction_replay=6452 | samples/sec=6.708
Episode 177 complete | agent_samples=14386 | env_steps=5751 | episode_env_steps=27 | episode_agent_samples=66 | mean_reward=32.344 | success=3/5 | collision=2/5 | mean_final_distance=0.521 | mean_progress=0.0109 | min_laser=0.338 | mean_lin=1.000 | mean_ang=-0.483 | mean_robot_dist=1.506 | raw_reward=20.000 | adjusted_reward=20.000 | coop_agents=0/5 | mean_coop_neighbors=0.00 | active_neighbor_step_rate=0.652 | mean_active_neighbors_step=1.258 | max_active_neighbors_step=3 | interaction_reward=0.0000 | abs_interaction_reward=0.0000 | anti_stag_reward=0.0000 | abs_anti_stag_reward=0.0000 | wall_clear_reward=0.0000 | abs_wall_clear_reward=0.0000 | local_nav_reward=0.0000 | abs_local_nav_reward=0.0000 | context_neighbors_mean=1.27 | context_neighbors_max=3 | last_context_neighbors_mean=0.00 | last_context_neighbors_max=0 | actor_unlocked=0 | expl_noise=0.0764 | replay=14386 | interaction_replay=6495 | samples/sec=6.686
Episode 178 complete | agent_samples=14449 | env_steps=5773 | episode_env_steps=22 | episode_agent_samples=63 | mean_reward=34.184 | success=3/5 | collision=2/5 | mean_final_distance=0.766 | mean_progress=0.0090 | min_laser=0.300 | mean_lin=0.799 | mean_ang=-0.210 | mean_robot_dist=4.476 | raw_reward=20.000 | adjusted_reward=20.000 | coop_agents=0/5 | mean_coop_neighbors=0.00 | active_neighbor_step_rate=0.667 | mean_active_neighbors_step=0.984 | max_active_neighbors_step=3 | interaction_reward=0.0000 | abs_interaction_reward=0.0000 | anti_stag_reward=0.0000 | abs_anti_stag_reward=0.0000 | wall_clear_reward=0.0000 | abs_wall_clear_reward=0.0000 | local_nav_reward=0.0000 | abs_local_nav_reward=0.0000 | context_neighbors_mean=0.98 | context_neighbors_max=3 | last_context_neighbors_mean=0.00 | last_context_neighbors_max=0 | actor_unlocked=0 | expl_noise=0.0764 | replay=14449 | interaction_replay=6507 | samples/sec=6.662
Episode 179 complete | agent_samples=14531 | env_steps=5812 | episode_env_steps=39 | episode_agent_samples=82 | mean_reward=117.035 | success=5/5 | collision=0/5 | mean_final_distance=0.247 | mean_progress=0.0077 | min_laser=0.569 | mean_lin=0.994 | mean_ang=0.196 | mean_robot_dist=1.270 | raw_reward=20.000 | adjusted_reward=20.000 | coop_agents=0/5 | mean_coop_neighbors=0.00 | active_neighbor_step_rate=0.573 | mean_active_neighbors_step=1.256 | max_active_neighbors_step=4 | interaction_reward=0.0000 | abs_interaction_reward=0.0000 | anti_stag_reward=0.0000 | abs_anti_stag_reward=0.0000 | wall_clear_reward=0.0000 | abs_wall_clear_reward=0.0000 | local_nav_reward=0.0000 | abs_local_nav_reward=0.0000 | context_neighbors_mean=1.35 | context_neighbors_max=4 | last_context_neighbors_mean=0.00 | last_context_neighbors_max=0 | actor_unlocked=0 | expl_noise=0.0764 | replay=14531 | interaction_replay=6556 | samples/sec=6.668
Episode 180 complete | agent_samples=14570 | env_steps=5823 | episode_env_steps=11 | episode_agent_samples=39 | mean_reward=36.651 | success=3/5 | collision=2/5 | mean_final_distance=0.647 | mean_progress=0.0224 | min_laser=0.300 | mean_lin=0.802 | mean_ang=-0.348 | mean_robot_dist=1.527 | raw_reward=20.000 | adjusted_reward=20.000 | coop_agents=0/5 | mean_coop_neighbors=0.00 | active_neighbor_step_rate=0.641 | mean_active_neighbors_step=1.718 | max_active_neighbors_step=4 | interaction_reward=0.0000 | abs_interaction_reward=0.0000 | anti_stag_reward=0.0000 | abs_anti_stag_reward=0.0000 | wall_clear_reward=0.0000 | abs_wall_clear_reward=0.0000 | local_nav_reward=0.0000 | abs_local_nav_reward=0.0000 | context_neighbors_mean=1.79 | context_neighbors_max=4 | last_context_neighbors_mean=0.00 | last_context_neighbors_max=0 | actor_unlocked=0 | expl_noise=0.0764 | replay=14570 | interaction_replay=6579 | samples/sec=6.677
Status | epoch=1 | next_eval_in=5430 agent_samples | checkpoint_every=10 episodes | checkpoint=./checkpoints/interaction_oracle_specialist_pilot_s20260724_latest.pt | model=interaction_oracle_specialist_pilot_s20260724
Checkpoint saved: ./checkpoints/interaction_oracle_specialist_pilot_s20260724_latest.pt
Episode 181 complete | agent_samples=14632 | env_steps=5846 | episode_env_steps=23 | episode_agent_samples=62 | mean_reward=122.967 | success=5/5 | collision=0/5 | mean_final_distance=0.266 | mean_progress=0.0148 | min_laser=0.506 | mean_lin=0.987 | mean_ang=0.633 | mean_robot_dist=0.998 | raw_reward=20.000 | adjusted_reward=20.000 | coop_agents=0/5 | mean_coop_neighbors=0.00 | active_neighbor_step_rate=0.790 | mean_active_neighbors_step=1.935 | max_active_neighbors_step=4 | interaction_reward=0.0000 | abs_interaction_reward=0.0000 | anti_stag_reward=0.0000 | abs_anti_stag_reward=0.0000 | wall_clear_reward=0.0000 | abs_wall_clear_reward=0.0000 | local_nav_reward=0.0000 | abs_local_nav_reward=0.0000 | context_neighbors_mean=2.00 | context_neighbors_max=4 | last_context_neighbors_mean=0.00 | last_context_neighbors_max=0 | actor_unlocked=0 | expl_noise=0.0763 | replay=14632 | interaction_replay=6621 | samples/sec=6.687
Episode 182 complete | agent_samples=14785 | env_steps=5945 | episode_env_steps=99 | episode_agent_samples=153 | mean_reward=117.007 | success=5/5 | collision=0/5 | mean_final_distance=0.279 | mean_progress=0.0130 | min_laser=0.429 | mean_lin=0.995 | mean_ang=-0.281 | mean_robot_dist=2.680 | raw_reward=20.000 | adjusted_reward=20.000 | coop_agents=0/5 | mean_coop_neighbors=0.00 | active_neighbor_step_rate=0.386 | mean_active_neighbors_step=0.882 | max_active_neighbors_step=4 | interaction_reward=0.0000 | abs_interaction_reward=0.0000 | anti_stag_reward=0.0000 | abs_anti_stag_reward=0.0000 | wall_clear_reward=0.0000 | abs_wall_clear_reward=0.0000 | local_nav_reward=0.0000 | abs_local_nav_reward=0.0000 | context_neighbors_mean=0.89 | context_neighbors_max=4 | last_context_neighbors_mean=0.00 | last_context_neighbors_max=0 | actor_unlocked=0 | expl_noise=0.0763 | replay=14785 | interaction_replay=6641 | samples/sec=6.689
Episode 183 complete | agent_samples=14873 | env_steps=5982 | episode_env_steps=37 | episode_agent_samples=88 | mean_reward=125.972 | success=5/5 | collision=0/5 | mean_final_distance=0.258 | mean_progress=0.0028 | min_laser=0.563 | mean_lin=0.999 | mean_ang=-0.978 | mean_robot_dist=1.437 | raw_reward=20.000 | adjusted_reward=20.000 | coop_agents=0/5 | mean_coop_neighbors=0.00 | active_neighbor_step_rate=0.739 | mean_active_neighbors_step=1.977 | max_active_neighbors_step=4 | interaction_reward=0.0000 | abs_interaction_reward=0.0000 | anti_stag_reward=0.0000 | abs_anti_stag_reward=0.0000 | wall_clear_reward=0.0000 | abs_wall_clear_reward=0.0000 | local_nav_reward=0.0000 | abs_local_nav_reward=0.0000 | context_neighbors_mean=2.00 | context_neighbors_max=4 | last_context_neighbors_mean=0.00 | last_context_neighbors_max=0 | actor_unlocked=0 | expl_noise=0.0763 | replay=14873 | interaction_replay=6653 | samples/sec=6.699
Episode 184 complete | agent_samples=14925 | env_steps=5998 | episode_env_steps=16 | episode_agent_samples=52 | mean_reward=69.162 | success=4/5 | collision=1/5 | mean_final_distance=0.582 | mean_progress=0.0231 | min_laser=0.300 | mean_lin=0.797 | mean_ang=0.164 | mean_robot_dist=0.869 | raw_reward=20.000 | adjusted_reward=20.000 | coop_agents=0/5 | mean_coop_neighbors=0.00 | active_neighbor_step_rate=0.846 | mean_active_neighbors_step=2.442 | max_active_neighbors_step=4 | interaction_reward=0.0000 | abs_interaction_reward=0.0000 | anti_stag_reward=0.0000 | abs_anti_stag_reward=0.0000 | wall_clear_reward=0.0000 | abs_wall_clear_reward=0.0000 | local_nav_reward=0.0000 | abs_local_nav_reward=0.0000 | context_neighbors_mean=2.44 | context_neighbors_max=4 | last_context_neighbors_mean=0.00 | last_context_neighbors_max=0 | actor_unlocked=0 | expl_noise=0.0763 | replay=14925 | interaction_replay=6697 | samples/sec=6.712
Episode 185 complete | agent_samples=15023 | env_steps=6020 | episode_env_steps=22 | episode_agent_samples=98 | mean_reward=130.882 | success=5/5 | collision=0/5 | mean_final_distance=0.275 | mean_progress=0.0438 | min_laser=0.559 | mean_lin=1.000 | mean_ang=-0.006 | mean_robot_dist=2.471 | raw_reward=40.000 | adjusted_reward=40.000 | coop_agents=0/5 | mean_coop_neighbors=0.00 | active_neighbor_step_rate=0.867 | mean_active_neighbors_step=2.122 | max_active_neighbors_step=4 | interaction_reward=0.0000 | abs_interaction_reward=0.0000 | anti_stag_reward=0.0000 | abs_anti_stag_reward=0.0000 | wall_clear_reward=0.0000 | abs_wall_clear_reward=0.0000 | local_nav_reward=0.0000 | abs_local_nav_reward=0.0000 | context_neighbors_mean=2.13 | context_neighbors_max=4 | last_context_neighbors_mean=0.00 | last_context_neighbors_max=0 | actor_unlocked=0 | expl_noise=0.0762 | replay=15023 | interaction_replay=6714 | samples/sec=6.740
Status | epoch=1 | next_eval_in=4977 agent_samples | checkpoint_every=10 episodes | checkpoint=./checkpoints/interaction_oracle_specialist_pilot_s20260724_latest.pt | model=interaction_oracle_specialist_pilot_s20260724
Episode 186 complete | agent_samples=15378 | env_steps=6320 | episode_env_steps=300 | episode_agent_samples=355 | mean_reward=76.265 | success=4/5 | collision=0/5 | mean_final_distance=0.711 | mean_progress=0.0001 | min_laser=0.390 | mean_lin=0.595 | mean_ang=-0.317 | mean_robot_dist=1.387 | raw_reward=-0.055 | adjusted_reward=-0.055 | coop_agents=0/5 | mean_coop_neighbors=0.00 | active_neighbor_step_rate=0.180 | mean_active_neighbors_step=0.377 | max_active_neighbors_step=4 | interaction_reward=0.0000 | abs_interaction_reward=0.0000 | anti_stag_reward=0.0000 | abs_anti_stag_reward=0.0000 | wall_clear_reward=0.0000 | abs_wall_clear_reward=0.0000 | local_nav_reward=0.0000 | abs_local_nav_reward=0.0000 | context_neighbors_mean=0.39 | context_neighbors_max=4 | last_context_neighbors_mean=0.00 | last_context_neighbors_max=0 | actor_unlocked=0 | expl_noise=0.0760 | replay=15378 | interaction_replay=6730 | samples/sec=6.670
Episode 187 complete | agent_samples=15425 | env_steps=6331 | episode_env_steps=11 | episode_agent_samples=47 | mean_reward=31.652 | success=3/5 | collision=2/5 | mean_final_distance=0.772 | mean_progress=0.0236 | min_laser=0.308 | mean_lin=0.770 | mean_ang=0.201 | mean_robot_dist=1.494 | raw_reward=20.000 | adjusted_reward=20.000 | coop_agents=0/5 | mean_coop_neighbors=0.00 | active_neighbor_step_rate=0.979 | mean_active_neighbors_step=2.660 | max_active_neighbors_step=4 | interaction_reward=0.0000 | abs_interaction_reward=0.0000 | anti_stag_reward=0.0000 | abs_anti_stag_reward=0.0000 | wall_clear_reward=0.0000 | abs_wall_clear_reward=0.0000 | local_nav_reward=0.0000 | abs_local_nav_reward=0.0000 | context_neighbors_mean=2.70 | context_neighbors_max=4 | last_context_neighbors_mean=0.00 | last_context_neighbors_max=0 | actor_unlocked=0 | expl_noise=0.0760 | replay=15425 | interaction_replay=6775 | samples/sec=6.664
Episode 188 complete | agent_samples=15485 | env_steps=6359 | episode_env_steps=28 | episode_agent_samples=60 | mean_reward=28.893 | success=3/5 | collision=2/5 | mean_final_distance=0.514 | mean_progress=0.0081 | min_laser=0.300 | mean_lin=0.985 | mean_ang=-0.253 | mean_robot_dist=1.302 | raw_reward=20.000 | adjusted_reward=20.000 | coop_agents=0/5 | mean_coop_neighbors=0.00 | active_neighbor_step_rate=0.667 | mean_active_neighbors_step=1.883 | max_active_neighbors_step=4 | interaction_reward=0.0000 | abs_interaction_reward=0.0000 | anti_stag_reward=0.0000 | abs_anti_stag_reward=0.0000 | wall_clear_reward=0.0000 | abs_wall_clear_reward=0.0000 | local_nav_reward=0.0000 | abs_local_nav_reward=0.0000 | context_neighbors_mean=1.90 | context_neighbors_max=4 | last_context_neighbors_mean=0.00 | last_context_neighbors_max=0 | actor_unlocked=0 | expl_noise=0.0760 | replay=15485 | interaction_replay=6815 | samples/sec=6.665
Episode 189 complete | agent_samples=15538 | env_steps=6372 | episode_env_steps=13 | episode_agent_samples=53 | mean_reward=85.146 | success=4/5 | collision=1/5 | mean_final_distance=0.481 | mean_progress=0.0238 | min_laser=0.341 | mean_lin=0.797 | mean_ang=-0.174 | mean_robot_dist=1.575 | raw_reward=20.000 | adjusted_reward=20.000 | coop_agents=0/5 | mean_coop_neighbors=0.00 | active_neighbor_step_rate=0.792 | mean_active_neighbors_step=2.075 | max_active_neighbors_step=4 | interaction_reward=0.0000 | abs_interaction_reward=0.0000 | anti_stag_reward=0.0000 | abs_anti_stag_reward=0.0000 | wall_clear_reward=0.0000 | abs_wall_clear_reward=0.0000 | local_nav_reward=0.0000 | abs_local_nav_reward=0.0000 | context_neighbors_mean=2.13 | context_neighbors_max=4 | last_context_neighbors_mean=0.00 | last_context_neighbors_max=0 | actor_unlocked=0 | expl_noise=0.0760 | replay=15538 | interaction_replay=6847 | samples/sec=6.677
Episode 190 complete | agent_samples=15578 | env_steps=6382 | episode_env_steps=10 | episode_agent_samples=40 | mean_reward=21.377 | success=3/5 | collision=2/5 | mean_final_distance=0.567 | mean_progress=0.0185 | min_laser=0.300 | mean_lin=0.998 | mean_ang=-0.111 | mean_robot_dist=1.229 | raw_reward=20.000 | adjusted_reward=20.000 | coop_agents=0/5 | mean_coop_neighbors=0.00 | active_neighbor_step_rate=0.950 | mean_active_neighbors_step=2.175 | max_active_neighbors_step=4 | interaction_reward=0.0000 | abs_interaction_reward=0.0000 | anti_stag_reward=0.0000 | abs_anti_stag_reward=0.0000 | wall_clear_reward=0.0000 | abs_wall_clear_reward=0.0000 | local_nav_reward=0.0000 | abs_local_nav_reward=0.0000 | context_neighbors_mean=2.25 | context_neighbors_max=4 | last_context_neighbors_mean=0.00 | last_context_neighbors_max=0 | actor_unlocked=0 | expl_noise=0.0760 | replay=15578 | interaction_replay=6881 | samples/sec=6.686
Status | epoch=1 | next_eval_in=4422 agent_samples | checkpoint_every=10 episodes | checkpoint=./checkpoints/interaction_oracle_specialist_pilot_s20260724_latest.pt | model=interaction_oracle_specialist_pilot_s20260724
Checkpoint saved: ./checkpoints/interaction_oracle_specialist_pilot_s20260724_latest.pt
Episode 191 complete | agent_samples=15661 | env_steps=6417 | episode_env_steps=35 | episode_agent_samples=83 | mean_reward=111.002 | success=5/5 | collision=0/5 | mean_final_distance=0.258 | mean_progress=0.0129 | min_laser=0.487 | mean_lin=0.992 | mean_ang=0.470 | mean_robot_dist=1.249 | raw_reward=20.000 | adjusted_reward=20.000 | coop_agents=0/5 | mean_coop_neighbors=0.00 | active_neighbor_step_rate=0.590 | mean_active_neighbors_step=1.301 | max_active_neighbors_step=4 | interaction_reward=0.0000 | abs_interaction_reward=0.0000 | anti_stag_reward=0.0000 | abs_anti_stag_reward=0.0000 | wall_clear_reward=0.0000 | abs_wall_clear_reward=0.0000 | local_nav_reward=0.0000 | abs_local_nav_reward=0.0000 | context_neighbors_mean=1.35 | context_neighbors_max=4 | last_context_neighbors_mean=0.00 | last_context_neighbors_max=0 | actor_unlocked=0 | expl_noise=0.0760 | replay=15661 | interaction_replay=6931 | samples/sec=6.695
Episode 192 complete | agent_samples=15722 | env_steps=6441 | episode_env_steps=24 | episode_agent_samples=61 | mean_reward=111.419 | success=5/5 | collision=0/5 | mean_final_distance=0.251 | mean_progress=0.0175 | min_laser=0.355 | mean_lin=0.997 | mean_ang=-0.339 | mean_robot_dist=1.339 | raw_reward=20.000 | adjusted_reward=20.000 | coop_agents=0/5 | mean_coop_neighbors=0.00 | active_neighbor_step_rate=0.639 | mean_active_neighbors_step=1.475 | max_active_neighbors_step=4 | interaction_reward=0.0000 | abs_interaction_reward=0.0000 | anti_stag_reward=0.0000 | abs_anti_stag_reward=0.0000 | wall_clear_reward=0.0000 | abs_wall_clear_reward=0.0000 | local_nav_reward=0.0000 | abs_local_nav_reward=0.0000 | context_neighbors_mean=1.59 | context_neighbors_max=4 | last_context_neighbors_mean=0.00 | last_context_neighbors_max=0 | actor_unlocked=0 | expl_noise=0.0760 | replay=15722 | interaction_replay=6971 | samples/sec=6.704
Episode 193 complete | agent_samples=15766 | env_steps=6451 | episode_env_steps=10 | episode_agent_samples=44 | mean_reward=108.211 | success=5/5 | collision=0/5 | mean_final_distance=0.224 | mean_progress=0.0064 | min_laser=0.553 | mean_lin=0.984 | mean_ang=-0.191 | mean_robot_dist=0.797 | raw_reward=20.000 | adjusted_reward=20.000 | coop_agents=0/5 | mean_coop_neighbors=0.00 | active_neighbor_step_rate=0.886 | mean_active_neighbors_step=2.409 | max_active_neighbors_step=4 | interaction_reward=0.0000 | abs_interaction_reward=0.0000 | anti_stag_reward=0.0000 | abs_anti_stag_reward=0.0000 | wall_clear_reward=0.0000 | abs_wall_clear_reward=0.0000 | local_nav_reward=0.0000 | abs_local_nav_reward=0.0000 | context_neighbors_mean=2.55 | context_neighbors_max=4 | last_context_neighbors_mean=0.00 | last_context_neighbors_max=0 | actor_unlocked=0 | expl_noise=0.0760 | replay=15766 | interaction_replay=7011 | samples/sec=6.716
Episode 194 complete | agent_samples=15832 | env_steps=6467 | episode_env_steps=16 | episode_agent_samples=66 | mean_reward=-5.431 | success=2/5 | collision=3/5 | mean_final_distance=0.705 | mean_progress=0.0171 | min_laser=0.300 | mean_lin=0.794 | mean_ang=-0.599 | mean_robot_dist=3.222 | raw_reward=-20.000 | adjusted_reward=-20.000 | coop_agents=0/5 | mean_coop_neighbors=0.00 | active_neighbor_step_rate=0.773 | mean_active_neighbors_step=2.288 | max_active_neighbors_step=4 | interaction_reward=0.0000 | abs_interaction_reward=0.0000 | anti_stag_reward=0.0000 | abs_anti_stag_reward=0.0000 | wall_clear_reward=0.0000 | abs_wall_clear_reward=0.0000 | local_nav_reward=0.0000 | abs_local_nav_reward=0.0000 | context_neighbors_mean=2.30 | context_neighbors_max=4 | last_context_neighbors_mean=0.00 | last_context_neighbors_max=0 | actor_unlocked=0 | expl_noise=0.0760 | replay=15832 | interaction_replay=7037 | samples/sec=6.733
Episode 195 complete | agent_samples=15952 | env_steps=6516 | episode_env_steps=49 | episode_agent_samples=120 | mean_reward=119.809 | success=5/5 | collision=0/5 | mean_final_distance=0.280 | mean_progress=0.0081 | min_laser=0.351 | mean_lin=0.737 | mean_ang=-0.598 | mean_robot_dist=1.733 | raw_reward=20.000 | adjusted_reward=20.000 | coop_agents=0/5 | mean_coop_neighbors=0.00 | active_neighbor_step_rate=0.533 | mean_active_neighbors_step=1.058 | max_active_neighbors_step=4 | interaction_reward=0.0000 | abs_interaction_reward=0.0000 | anti_stag_reward=0.0000 | abs_anti_stag_reward=0.0000 | wall_clear_reward=0.0000 | abs_wall_clear_reward=0.0000 | local_nav_reward=0.0000 | abs_local_nav_reward=0.0000 | context_neighbors_mean=1.07 | context_neighbors_max=4 | last_context_neighbors_mean=0.00 | last_context_neighbors_max=0 | actor_unlocked=0 | expl_noise=0.0759 | replay=15952 | interaction_replay=7074 | samples/sec=6.727
Status | epoch=1 | next_eval_in=4048 agent_samples | checkpoint_every=10 episodes | checkpoint=./checkpoints/interaction_oracle_specialist_pilot_s20260724_latest.pt | model=interaction_oracle_specialist_pilot_s20260724
Episode 196 complete | agent_samples=16022 | env_steps=6542 | episode_env_steps=26 | episode_agent_samples=70 | mean_reward=125.828 | success=5/5 | collision=0/5 | mean_final_distance=0.241 | mean_progress=0.0239 | min_laser=0.717 | mean_lin=0.993 | mean_ang=-0.353 | mean_robot_dist=1.919 | raw_reward=20.000 | adjusted_reward=20.000 | coop_agents=0/5 | mean_coop_neighbors=0.00 | active_neighbor_step_rate=0.629 | mean_active_neighbors_step=1.471 | max_active_neighbors_step=4 | interaction_reward=0.0000 | abs_interaction_reward=0.0000 | anti_stag_reward=0.0000 | abs_anti_stag_reward=0.0000 | wall_clear_reward=0.0000 | abs_wall_clear_reward=0.0000 | local_nav_reward=0.0000 | abs_local_nav_reward=0.0000 | context_neighbors_mean=1.51 | context_neighbors_max=4 | last_context_neighbors_mean=0.00 | last_context_neighbors_max=0 | actor_unlocked=0 | expl_noise=0.0759 | replay=16022 | interaction_replay=7109 | samples/sec=6.740
Episode 197 complete | agent_samples=16091 | env_steps=6564 | episode_env_steps=22 | episode_agent_samples=69 | mean_reward=116.646 | success=5/5 | collision=0/5 | mean_final_distance=0.280 | mean_progress=0.0028 | min_laser=0.424 | mean_lin=0.985 | mean_ang=-0.924 | mean_robot_dist=1.050 | raw_reward=20.000 | adjusted_reward=20.000 | coop_agents=0/5 | mean_coop_neighbors=0.00 | active_neighbor_step_rate=0.667 | mean_active_neighbors_step=1.217 | max_active_neighbors_step=4 | interaction_reward=0.0000 | abs_interaction_reward=0.0000 | anti_stag_reward=0.0000 | abs_anti_stag_reward=0.0000 | wall_clear_reward=0.0000 | abs_wall_clear_reward=0.0000 | local_nav_reward=0.0000 | abs_local_nav_reward=0.0000 | context_neighbors_mean=1.33 | context_neighbors_max=4 | last_context_neighbors_mean=0.00 | last_context_neighbors_max=0 | actor_unlocked=0 | expl_noise=0.0759 | replay=16091 | interaction_replay=7153 | samples/sec=6.755
Episode 198 complete | agent_samples=16173 | env_steps=6597 | episode_env_steps=33 | episode_agent_samples=82 | mean_reward=31.003 | success=3/5 | collision=2/5 | mean_final_distance=0.565 | mean_progress=0.0187 | min_laser=0.308 | mean_lin=0.600 | mean_ang=-0.603 | mean_robot_dist=1.969 | raw_reward=20.000 | adjusted_reward=20.000 | coop_agents=0/5 | mean_coop_neighbors=0.00 | active_neighbor_step_rate=0.780 | mean_active_neighbors_step=1.768 | max_active_neighbors_step=4 | interaction_reward=0.0000 | abs_interaction_reward=0.0000 | anti_stag_reward=0.0000 | abs_anti_stag_reward=0.0000 | wall_clear_reward=0.0000 | abs_wall_clear_reward=0.0000 | local_nav_reward=0.0000 | abs_local_nav_reward=0.0000 | context_neighbors_mean=1.78 | context_neighbors_max=4 | last_context_neighbors_mean=0.00 | last_context_neighbors_max=0 | actor_unlocked=0 | expl_noise=0.0759 | replay=16173 | interaction_replay=7171 | samples/sec=6.769
Episode 199 complete | agent_samples=16219 | env_steps=6613 | episode_env_steps=16 | episode_agent_samples=46 | mean_reward=15.354 | success=3/5 | collision=2/5 | mean_final_distance=0.566 | mean_progress=0.0031 | min_laser=0.316 | mean_lin=0.600 | mean_ang=-0.169 | mean_robot_dist=1.338 | raw_reward=20.000 | adjusted_reward=20.000 | coop_agents=0/5 | mean_coop_neighbors=0.00 | active_neighbor_step_rate=0.739 | mean_active_neighbors_step=1.739 | max_active_neighbors_step=4 | interaction_reward=0.0000 | abs_interaction_reward=0.0000 | anti_stag_reward=0.0000 | abs_anti_stag_reward=0.0000 | wall_clear_reward=0.0000 | abs_wall_clear_reward=0.0000 | local_nav_reward=0.0000 | abs_local_nav_reward=0.0000 | context_neighbors_mean=1.85 | context_neighbors_max=4 | last_context_neighbors_mean=0.00 | last_context_neighbors_max=0 | actor_unlocked=0 | expl_noise=0.0759 | replay=16219 | interaction_replay=7203 | samples/sec=6.778
Episode 200 complete | agent_samples=16309 | env_steps=6644 | episode_env_steps=31 | episode_agent_samples=90 | mean_reward=39.370 | success=3/5 | collision=2/5 | mean_final_distance=0.324 | mean_progress=0.0175 | min_laser=0.332 | mean_lin=0.810 | mean_ang=0.441 | mean_robot_dist=1.361 | raw_reward=20.000 | adjusted_reward=20.000 | coop_agents=0/5 | mean_coop_neighbors=0.00 | active_neighbor_step_rate=0.578 | mean_active_neighbors_step=1.000 | max_active_neighbors_step=4 | interaction_reward=0.0000 | abs_interaction_reward=0.0000 | anti_stag_reward=0.0000 | abs_anti_stag_reward=0.0000 | wall_clear_reward=0.0000 | abs_wall_clear_reward=0.0000 | local_nav_reward=0.0000 | abs_local_nav_reward=0.0000 | context_neighbors_mean=1.03 | context_neighbors_max=4 | last_context_neighbors_mean=0.00 | last_context_neighbors_max=0 | actor_unlocked=0 | expl_noise=0.0758 | replay=16309 | interaction_replay=7256 | samples/sec=6.796
Status | epoch=1 | next_eval_in=3691 agent_samples | checkpoint_every=10 episodes | checkpoint=./checkpoints/interaction_oracle_specialist_pilot_s20260724_latest.pt | model=interaction_oracle_specialist_pilot_s20260724
Checkpoint saved: ./checkpoints/interaction_oracle_specialist_pilot_s20260724_latest.pt
Episode 201 complete | agent_samples=16362 | env_steps=6658 | episode_env_steps=14 | episode_agent_samples=53 | mean_reward=104.174 | success=5/5 | collision=0/5 | mean_final_distance=0.230 | mean_progress=0.0124 | min_laser=0.619 | mean_lin=0.986 | mean_ang=0.190 | mean_robot_dist=0.927 | raw_reward=20.000 | adjusted_reward=20.000 | coop_agents=0/5 | mean_coop_neighbors=0.00 | active_neighbor_step_rate=0.736 | mean_active_neighbors_step=1.679 | max_active_neighbors_step=4 | interaction_reward=0.0000 | abs_interaction_reward=0.0000 | anti_stag_reward=0.0000 | abs_anti_stag_reward=0.0000 | wall_clear_reward=0.0000 | abs_wall_clear_reward=0.0000 | local_nav_reward=0.0000 | abs_local_nav_reward=0.0000 | context_neighbors_mean=1.74 | context_neighbors_max=4 | last_context_neighbors_mean=0.00 | last_context_neighbors_max=0 | actor_unlocked=0 | expl_noise=0.0758 | replay=16362 | interaction_replay=7296 | samples/sec=6.808
Episode 202 complete | agent_samples=16400 | env_steps=6668 | episode_env_steps=10 | episode_agent_samples=38 | mean_reward=34.175 | success=3/5 | collision=2/5 | mean_final_distance=0.543 | mean_progress=0.0162 | min_laser=0.312 | mean_lin=0.766 | mean_ang=0.186 | mean_robot_dist=1.746 | raw_reward=20.000 | adjusted_reward=20.000 | coop_agents=0/5 | mean_coop_neighbors=0.00 | active_neighbor_step_rate=0.895 | mean_active_neighbors_step=2.263 | max_active_neighbors_step=4 | interaction_reward=0.0000 | abs_interaction_reward=0.0000 | anti_stag_reward=0.0000 | abs_anti_stag_reward=0.0000 | wall_clear_reward=0.0000 | abs_wall_clear_reward=0.0000 | local_nav_reward=0.0000 | abs_local_nav_reward=0.0000 | context_neighbors_mean=2.39 | context_neighbors_max=4 | last_context_neighbors_mean=0.00 | last_context_neighbors_max=0 | actor_unlocked=0 | expl_noise=0.0758 | replay=16400 | interaction_replay=7331 | samples/sec=6.818
Episode 203 complete | agent_samples=16469 | env_steps=6692 | episode_env_steps=24 | episode_agent_samples=69 | mean_reward=128.575 | success=5/5 | collision=0/5 | mean_final_distance=0.261 | mean_progress=0.0171 | min_laser=0.513 | mean_lin=1.000 | mean_ang=0.256 | mean_robot_dist=1.789 | raw_reward=20.000 | adjusted_reward=20.000 | coop_agents=0/5 | mean_coop_neighbors=0.00 | active_neighbor_step_rate=0.841 | mean_active_neighbors_step=1.957 | max_active_neighbors_step=4 | interaction_reward=0.0000 | abs_interaction_reward=0.0000 | anti_stag_reward=0.0000 | abs_anti_stag_reward=0.0000 | wall_clear_reward=0.0000 | abs_wall_clear_reward=0.0000 | local_nav_reward=0.0000 | abs_local_nav_reward=0.0000 | context_neighbors_mean=1.96 | context_neighbors_max=4 | last_context_neighbors_mean=0.00 | last_context_neighbors_max=0 | actor_unlocked=0 | expl_noise=0.0758 | replay=16469 | interaction_replay=7337 | samples/sec=6.831
Episode 204 complete | agent_samples=16518 | env_steps=6710 | episode_env_steps=18 | episode_agent_samples=49 | mean_reward=30.856 | success=3/5 | collision=2/5 | mean_final_distance=0.599 | mean_progress=0.0001 | min_laser=0.319 | mean_lin=0.793 | mean_ang=0.976 | mean_robot_dist=0.719 | raw_reward=20.000 | adjusted_reward=20.000 | coop_agents=0/5 | mean_coop_neighbors=0.00 | active_neighbor_step_rate=0.694 | mean_active_neighbors_step=1.633 | max_active_neighbors_step=4 | interaction_reward=0.0000 | abs_interaction_reward=0.0000 | anti_stag_reward=0.0000 | abs_anti_stag_reward=0.0000 | wall_clear_reward=0.0000 | abs_wall_clear_reward=0.0000 | local_nav_reward=0.0000 | abs_local_nav_reward=0.0000 | context_neighbors_mean=1.73 | context_neighbors_max=4 | last_context_neighbors_mean=0.00 | last_context_neighbors_max=0 | actor_unlocked=0 | expl_noise=0.0758 | replay=16518 | interaction_replay=7368 | samples/sec=6.840
Episode 205 complete | agent_samples=16588 | env_steps=6729 | episode_env_steps=19 | episode_agent_samples=70 | mean_reward=78.466 | success=4/5 | collision=1/5 | mean_final_distance=0.342 | mean_progress=0.0080 | min_laser=0.329 | mean_lin=0.794 | mean_ang=-0.465 | mean_robot_dist=0.638 | raw_reward=-20.000 | adjusted_reward=-20.000 | coop_agents=0/5 | mean_coop_neighbors=0.00 | active_neighbor_step_rate=0.871 | mean_active_neighbors_step=2.000 | max_active_neighbors_step=4 | interaction_reward=0.0000 | abs_interaction_reward=0.0000 | anti_stag_reward=0.0000 | abs_anti_stag_reward=0.0000 | wall_clear_reward=0.0000 | abs_wall_clear_reward=0.0000 | local_nav_reward=0.0000 | abs_local_nav_reward=0.0000 | context_neighbors_mean=2.10 | context_neighbors_max=4 | last_context_neighbors_mean=0.00 | last_context_neighbors_max=0 | actor_unlocked=0 | expl_noise=0.0758 | replay=16588 | interaction_replay=7418 | samples/sec=6.857
Status | epoch=1 | next_eval_in=3412 agent_samples | checkpoint_every=10 episodes | checkpoint=./checkpoints/interaction_oracle_specialist_pilot_s20260724_latest.pt | model=interaction_oracle_specialist_pilot_s20260724
Episode 206 complete | agent_samples=16632 | env_steps=6741 | episode_env_steps=12 | episode_agent_samples=44 | mean_reward=83.225 | success=4/5 | collision=1/5 | mean_final_distance=0.519 | mean_progress=0.0195 | min_laser=0.329 | mean_lin=0.807 | mean_ang=-0.489 | mean_robot_dist=1.318 | raw_reward=20.000 | adjusted_reward=20.000 | coop_agents=0/5 | mean_coop_neighbors=0.00 | active_neighbor_step_rate=0.750 | mean_active_neighbors_step=1.841 | max_active_neighbors_step=4 | interaction_reward=0.0000 | abs_interaction_reward=0.0000 | anti_stag_reward=0.0000 | abs_anti_stag_reward=0.0000 | wall_clear_reward=0.0000 | abs_wall_clear_reward=0.0000 | local_nav_reward=0.0000 | abs_local_nav_reward=0.0000 | context_neighbors_mean=1.89 | context_neighbors_max=4 | last_context_neighbors_mean=0.00 | last_context_neighbors_max=0 | actor_unlocked=0 | expl_noise=0.0758 | replay=16632 | interaction_replay=7452 | samples/sec=6.867
Episode 207 complete | agent_samples=16692 | env_steps=6767 | episode_env_steps=26 | episode_agent_samples=60 | mean_reward=119.172 | success=5/5 | collision=0/5 | mean_final_distance=0.271 | mean_progress=0.0107 | min_laser=0.474 | mean_lin=0.798 | mean_ang=0.721 | mean_robot_dist=0.754 | raw_reward=20.000 | adjusted_reward=20.000 | coop_agents=0/5 | mean_coop_neighbors=0.00 | active_neighbor_step_rate=0.483 | mean_active_neighbors_step=1.317 | max_active_neighbors_step=4 | interaction_reward=0.0000 | abs_interaction_reward=0.0000 | anti_stag_reward=0.0000 | abs_anti_stag_reward=0.0000 | wall_clear_reward=0.0000 | abs_wall_clear_reward=0.0000 | local_nav_reward=0.0000 | abs_local_nav_reward=0.0000 | context_neighbors_mean=1.33 | context_neighbors_max=4 | last_context_neighbors_mean=0.00 | last_context_neighbors_max=0 | actor_unlocked=0 | expl_noise=0.0758 | replay=16692 | interaction_replay=7481 | samples/sec=6.875
Episode 208 complete | agent_samples=16802 | env_steps=6794 | episode_env_steps=27 | episode_agent_samples=110 | mean_reward=130.849 | success=5/5 | collision=0/5 | mean_final_distance=0.264 | mean_progress=0.0066 | min_laser=0.564 | mean_lin=1.000 | mean_ang=-0.126 | mean_robot_dist=1.211 | raw_reward=20.000 | adjusted_reward=20.000 | coop_agents=0/5 | mean_coop_neighbors=0.00 | active_neighbor_step_rate=0.827 | mean_active_neighbors_step=1.955 | max_active_neighbors_step=4 | interaction_reward=0.0000 | abs_interaction_reward=0.0000 | anti_stag_reward=0.0000 | abs_anti_stag_reward=0.0000 | wall_clear_reward=0.0000 | abs_wall_clear_reward=0.0000 | local_nav_reward=0.0000 | abs_local_nav_reward=0.0000 | context_neighbors_mean=1.96 | context_neighbors_max=4 | last_context_neighbors_mean=0.00 | last_context_neighbors_max=0 | actor_unlocked=0 | expl_noise=0.0758 | replay=16802 | interaction_replay=7503 | samples/sec=6.904
Episode 209 complete | agent_samples=16883 | env_steps=6825 | episode_env_steps=31 | episode_agent_samples=81 | mean_reward=116.279 | success=5/5 | collision=0/5 | mean_final_distance=0.222 | mean_progress=0.0273 | min_laser=0.422 | mean_lin=0.972 | mean_ang=0.007 | mean_robot_dist=1.864 | raw_reward=20.000 | adjusted_reward=20.000 | coop_agents=0/5 | mean_coop_neighbors=0.00 | active_neighbor_step_rate=0.457 | mean_active_neighbors_step=1.284 | max_active_neighbors_step=4 | interaction_reward=0.0000 | abs_interaction_reward=0.0000 | anti_stag_reward=0.0000 | abs_anti_stag_reward=0.0000 | wall_clear_reward=0.0000 | abs_wall_clear_reward=0.0000 | local_nav_reward=0.0000 | abs_local_nav_reward=0.0000 | context_neighbors_mean=1.32 | context_neighbors_max=4 | last_context_neighbors_mean=0.00 | last_context_neighbors_max=0 | actor_unlocked=0 | expl_noise=0.0757 | replay=16883 | interaction_replay=7534 | samples/sec=6.917
Episode 210 complete | agent_samples=16986 | env_steps=6865 | episode_env_steps=40 | episode_agent_samples=103 | mean_reward=116.727 | success=5/5 | collision=0/5 | mean_final_distance=0.233 | mean_progress=0.0150 | min_laser=0.416 | mean_lin=0.860 | mean_ang=-0.215 | mean_robot_dist=1.555 | raw_reward=20.000 | adjusted_reward=20.000 | coop_agents=0/5 | mean_coop_neighbors=0.00 | active_neighbor_step_rate=0.573 | mean_active_neighbors_step=1.524 | max_active_neighbors_step=4 | interaction_reward=0.0000 | abs_interaction_reward=0.0000 | anti_stag_reward=0.0000 | abs_anti_stag_reward=0.0000 | wall_clear_reward=0.0000 | abs_wall_clear_reward=0.0000 | local_nav_reward=0.0000 | abs_local_nav_reward=0.0000 | context_neighbors_mean=1.58 | context_neighbors_max=4 | last_context_neighbors_mean=0.00 | last_context_neighbors_max=0 | actor_unlocked=0 | expl_noise=0.0757 | replay=16986 | interaction_replay=7591 | samples/sec=6.934
Status | epoch=1 | next_eval_in=3014 agent_samples | checkpoint_every=10 episodes | checkpoint=./checkpoints/interaction_oracle_specialist_pilot_s20260724_latest.pt | model=interaction_oracle_specialist_pilot_s20260724
Checkpoint saved: ./checkpoints/interaction_oracle_specialist_pilot_s20260724_latest.pt
Episode 211 complete | agent_samples=17073 | env_steps=6891 | episode_env_steps=26 | episode_agent_samples=87 | mean_reward=33.638 | success=3/5 | collision=2/5 | mean_final_distance=0.482 | mean_progress=0.0232 | min_laser=0.333 | mean_lin=0.599 | mean_ang=-0.977 | mean_robot_dist=1.249 | raw_reward=20.000 | adjusted_reward=20.000 | coop_agents=0/5 | mean_coop_neighbors=0.00 | active_neighbor_step_rate=0.632 | mean_active_neighbors_step=1.598 | max_active_neighbors_step=4 | interaction_reward=0.0000 | abs_interaction_reward=0.0000 | anti_stag_reward=0.0000 | abs_anti_stag_reward=0.0000 | wall_clear_reward=0.0000 | abs_wall_clear_reward=0.0000 | local_nav_reward=0.0000 | abs_local_nav_reward=0.0000 | context_neighbors_mean=1.68 | context_neighbors_max=4 | last_context_neighbors_mean=0.00 | last_context_neighbors_max=0 | actor_unlocked=0 | expl_noise=0.0757 | replay=17073 | interaction_replay=7647 | samples/sec=6.884
Episode 212 complete | agent_samples=17204 | env_steps=6933 | episode_env_steps=42 | episode_agent_samples=131 | mean_reward=90.567 | success=4/5 | collision=1/5 | mean_final_distance=0.330 | mean_progress=0.0038 | min_laser=0.340 | mean_lin=0.800 | mean_ang=-0.162 | mean_robot_dist=1.828 | raw_reward=20.000 | adjusted_reward=20.000 | coop_agents=0/5 | mean_coop_neighbors=0.00 | active_neighbor_step_rate=0.870 | mean_active_neighbors_step=1.748 | max_active_neighbors_step=4 | interaction_reward=0.0000 | abs_interaction_reward=0.0000 | anti_stag_reward=0.0000 | abs_anti_stag_reward=0.0000 | wall_clear_reward=0.0000 | abs_wall_clear_reward=0.0000 | local_nav_reward=0.0000 | abs_local_nav_reward=0.0000 | context_neighbors_mean=1.74 | context_neighbors_max=4 | last_context_neighbors_mean=0.00 | last_context_neighbors_max=0 | actor_unlocked=0 | expl_noise=0.0757 | replay=17204 | interaction_replay=7689 | samples/sec=6.851
Episode 213 complete | agent_samples=17281 | env_steps=6964 | episode_env_steps=31 | episode_agent_samples=77 | mean_reward=34.199 | success=3/5 | collision=2/5 | mean_final_distance=0.485 | mean_progress=0.0132 | min_laser=0.301 | mean_lin=0.805 | mean_ang=-0.936 | mean_robot_dist=2.274 | raw_reward=20.000 | adjusted_reward=20.000 | coop_agents=0/5 | mean_coop_neighbors=0.00 | active_neighbor_step_rate=0.714 | mean_active_neighbors_step=1.805 | max_active_neighbors_step=4 | interaction_reward=0.0000 | abs_interaction_reward=0.0000 | anti_stag_reward=0.0000 | abs_anti_stag_reward=0.0000 | wall_clear_reward=0.0000 | abs_wall_clear_reward=0.0000 | local_nav_reward=0.0000 | abs_local_nav_reward=0.0000 | context_neighbors_mean=1.84 | context_neighbors_max=4 | last_context_neighbors_mean=0.00 | last_context_neighbors_max=0 | actor_unlocked=0 | expl_noise=0.0756 | replay=17281 | interaction_replay=7707 | samples/sec=6.837
Episode 214 complete | agent_samples=17368 | env_steps=7014 | episode_env_steps=50 | episode_agent_samples=87 | mean_reward=112.661 | success=5/5 | collision=0/5 | mean_final_distance=0.240 | mean_progress=0.0026 | min_laser=0.815 | mean_lin=0.919 | mean_ang=0.200 | mean_robot_dist=1.679 | raw_reward=20.000 | adjusted_reward=20.000 | coop_agents=0/5 | mean_coop_neighbors=0.00 | active_neighbor_step_rate=0.402 | mean_active_neighbors_step=1.126 | max_active_neighbors_step=4 | interaction_reward=0.0000 | abs_interaction_reward=0.0000 | anti_stag_reward=0.0000 | abs_anti_stag_reward=0.0000 | wall_clear_reward=0.0000 | abs_wall_clear_reward=0.0000 | local_nav_reward=0.0000 | abs_local_nav_reward=0.0000 | context_neighbors_mean=1.20 | context_neighbors_max=4 | last_context_neighbors_mean=0.00 | last_context_neighbors_max=0 | actor_unlocked=0 | expl_noise=0.0756 | replay=17368 | interaction_replay=7731 | samples/sec=6.808
Episode 215 complete | agent_samples=17422 | env_steps=7029 | episode_env_steps=15 | episode_agent_samples=54 | mean_reward=119.774 | success=5/5 | collision=0/5 | mean_final_distance=0.281 | mean_progress=0.0195 | min_laser=0.541 | mean_lin=1.000 | mean_ang=0.536 | mean_robot_dist=0.993 | raw_reward=20.000 | adjusted_reward=20.000 | coop_agents=0/5 | mean_coop_neighbors=0.00 | active_neighbor_step_rate=0.889 | mean_active_neighbors_step=2.093 | max_active_neighbors_step=4 | interaction_reward=0.0000 | abs_interaction_reward=0.0000 | anti_stag_reward=0.0000 | abs_anti_stag_reward=0.0000 | wall_clear_reward=0.0000 | abs_wall_clear_reward=0.0000 | local_nav_reward=0.0000 | abs_local_nav_reward=0.0000 | context_neighbors_mean=2.20 | context_neighbors_max=4 | last_context_neighbors_mean=0.00 | last_context_neighbors_max=0 | actor_unlocked=0 | expl_noise=0.0756 | replay=17422 | interaction_replay=7780 | samples/sec=6.814
Status | epoch=1 | next_eval_in=2578 agent_samples | checkpoint_every=10 episodes | checkpoint=./checkpoints/interaction_oracle_specialist_pilot_s20260724_latest.pt | model=interaction_oracle_specialist_pilot_s20260724
Episode 216 complete | agent_samples=17482 | env_steps=7046 | episode_env_steps=17 | episode_agent_samples=60 | mean_reward=116.349 | success=5/5 | collision=0/5 | mean_final_distance=0.239 | mean_progress=0.0201 | min_laser=0.585 | mean_lin=0.989 | mean_ang=-0.991 | mean_robot_dist=1.431 | raw_reward=20.000 | adjusted_reward=20.000 | coop_agents=0/5 | mean_coop_neighbors=0.00 | active_neighbor_step_rate=0.767 | mean_active_neighbors_step=2.050 | max_active_neighbors_step=4 | interaction_reward=0.0000 | abs_interaction_reward=0.0000 | anti_stag_reward=0.0000 | abs_anti_stag_reward=0.0000 | wall_clear_reward=0.0000 | abs_wall_clear_reward=0.0000 | local_nav_reward=0.0000 | abs_local_nav_reward=0.0000 | context_neighbors_mean=2.17 | context_neighbors_max=4 | last_context_neighbors_mean=0.00 | last_context_neighbors_max=0 | actor_unlocked=0 | expl_noise=0.0756 | replay=17482 | interaction_replay=7827 | samples/sec=6.814
Episode 217 complete | agent_samples=17602 | env_steps=7132 | episode_env_steps=86 | episode_agent_samples=120 | mean_reward=114.319 | success=5/5 | collision=0/5 | mean_final_distance=0.260 | mean_progress=0.0068 | min_laser=0.431 | mean_lin=0.989 | mean_ang=0.620 | mean_robot_dist=1.062 | raw_reward=20.000 | adjusted_reward=20.000 | coop_agents=0/5 | mean_coop_neighbors=0.00 | active_neighbor_step_rate=0.292 | mean_active_neighbors_step=0.758 | max_active_neighbors_step=4 | interaction_reward=0.0000 | abs_interaction_reward=0.0000 | anti_stag_reward=0.0000 | abs_anti_stag_reward=0.0000 | wall_clear_reward=0.0000 | abs_wall_clear_reward=0.0000 | local_nav_reward=0.0000 | abs_local_nav_reward=0.0000 | context_neighbors_mean=0.82 | context_neighbors_max=4 | last_context_neighbors_mean=0.00 | last_context_neighbors_max=0 | actor_unlocked=0 | expl_noise=0.0755 | replay=17602 | interaction_replay=7864 | samples/sec=6.723
Episode 218 complete | agent_samples=17671 | env_steps=7158 | episode_env_steps=26 | episode_agent_samples=69 | mean_reward=34.760 | success=3/5 | collision=2/5 | mean_final_distance=0.518 | mean_progress=0.0195 | min_laser=0.300 | mean_lin=0.982 | mean_ang=-0.598 | mean_robot_dist=1.184 | raw_reward=20.000 | adjusted_reward=20.000 | coop_agents=0/5 | mean_coop_neighbors=0.00 | active_neighbor_step_rate=0.507 | mean_active_neighbors_step=1.594 | max_active_neighbors_step=4 | interaction_reward=0.0000 | abs_interaction_reward=0.0000 | anti_stag_reward=0.0000 | abs_anti_stag_reward=0.0000 | wall_clear_reward=0.0000 | abs_wall_clear_reward=0.0000 | local_nav_reward=0.0000 | abs_local_nav_reward=0.0000 | context_neighbors_mean=1.65 | context_neighbors_max=4 | last_context_neighbors_mean=0.00 | last_context_neighbors_max=0 | actor_unlocked=0 | expl_noise=0.0755 | replay=17671 | interaction_replay=7898 | samples/sec=6.728
Episode 219 complete | agent_samples=17733 | env_steps=7176 | episode_env_steps=18 | episode_agent_samples=62 | mean_reward=121.107 | success=5/5 | collision=0/5 | mean_final_distance=0.263 | mean_progress=0.0131 | min_laser=0.438 | mean_lin=0.787 | mean_ang=0.003 | mean_robot_dist=1.407 | raw_reward=20.000 | adjusted_reward=20.000 | coop_agents=0/5 | mean_coop_neighbors=0.00 | active_neighbor_step_rate=0.952 | mean_active_neighbors_step=2.161 | max_active_neighbors_step=4 | interaction_reward=0.0000 | abs_interaction_reward=0.0000 | anti_stag_reward=0.0000 | abs_anti_stag_reward=0.0000 | wall_clear_reward=0.0000 | abs_wall_clear_reward=0.0000 | local_nav_reward=0.0000 | abs_local_nav_reward=0.0000 | context_neighbors_mean=2.15 | context_neighbors_max=4 | last_context_neighbors_mean=0.00 | last_context_neighbors_max=0 | actor_unlocked=0 | expl_noise=0.0755 | replay=17733 | interaction_replay=7914 | samples/sec=6.727
Episode 220 complete | agent_samples=17787 | env_steps=7191 | episode_env_steps=15 | episode_agent_samples=54 | mean_reward=36.413 | success=3/5 | collision=2/5 | mean_final_distance=0.385 | mean_progress=0.0086 | min_laser=0.300 | mean_lin=0.719 | mean_ang=0.166 | mean_robot_dist=1.173 | raw_reward=20.000 | adjusted_reward=20.000 | coop_agents=0/5 | mean_coop_neighbors=0.00 | active_neighbor_step_rate=0.963 | mean_active_neighbors_step=1.981 | max_active_neighbors_step=4 | interaction_reward=0.0000 | abs_interaction_reward=0.0000 | anti_stag_reward=0.0000 | abs_anti_stag_reward=0.0000 | wall_clear_reward=0.0000 | abs_wall_clear_reward=0.0000 | local_nav_reward=0.0000 | abs_local_nav_reward=0.0000 | context_neighbors_mean=2.06 | context_neighbors_max=4 | last_context_neighbors_mean=0.00 | last_context_neighbors_max=0 | actor_unlocked=0 | expl_noise=0.0755 | replay=17787 | interaction_replay=7959 | samples/sec=6.725
Status | epoch=1 | next_eval_in=2213 agent_samples | checkpoint_every=10 episodes | checkpoint=./checkpoints/interaction_oracle_specialist_pilot_s20260724_latest.pt | model=interaction_oracle_specialist_pilot_s20260724
Checkpoint saved: ./checkpoints/interaction_oracle_specialist_pilot_s20260724_latest.pt
Episode 221 complete | agent_samples=17854 | env_steps=7219 | episode_env_steps=28 | episode_agent_samples=67 | mean_reward=-4.673 | success=2/5 | collision=3/5 | mean_final_distance=1.279 | mean_progress=0.0198 | min_laser=0.303 | mean_lin=0.980 | mean_ang=0.232 | mean_robot_dist=3.136 | raw_reward=20.000 | adjusted_reward=20.000 | coop_agents=0/5 | mean_coop_neighbors=0.00 | active_neighbor_step_rate=0.687 | mean_active_neighbors_step=1.194 | max_active_neighbors_step=4 | interaction_reward=0.0000 | abs_interaction_reward=0.0000 | anti_stag_reward=0.0000 | abs_anti_stag_reward=0.0000 | wall_clear_reward=0.0000 | abs_wall_clear_reward=0.0000 | local_nav_reward=0.0000 | abs_local_nav_reward=0.0000 | context_neighbors_mean=1.19 | context_neighbors_max=4 | last_context_neighbors_mean=0.00 | last_context_neighbors_max=0 | actor_unlocked=0 | expl_noise=0.0755 | replay=17854 | interaction_replay=7968 | samples/sec=6.720
Episode 222 complete | agent_samples=18003 | env_steps=7301 | episode_env_steps=82 | episode_agent_samples=149 | mean_reward=110.588 | success=5/5 | collision=0/5 | mean_final_distance=0.255 | mean_progress=0.0198 | min_laser=0.539 | mean_lin=0.784 | mean_ang=-0.202 | mean_robot_dist=1.093 | raw_reward=20.000 | adjusted_reward=20.000 | coop_agents=0/5 | mean_coop_neighbors=0.00 | active_neighbor_step_rate=0.483 | mean_active_neighbors_step=1.000 | max_active_neighbors_step=4 | interaction_reward=0.0000 | abs_interaction_reward=0.0000 | anti_stag_reward=0.0000 | abs_anti_stag_reward=0.0000 | wall_clear_reward=0.0000 | abs_wall_clear_reward=0.0000 | local_nav_reward=0.0000 | abs_local_nav_reward=0.0000 | context_neighbors_mean=1.04 | context_neighbors_max=4 | last_context_neighbors_mean=0.00 | last_context_neighbors_max=0 | actor_unlocked=0 | expl_noise=0.0754 | replay=18003 | interaction_replay=8019 | samples/sec=6.681
Episode 223 complete | agent_samples=18066 | env_steps=7319 | episode_env_steps=18 | episode_agent_samples=63 | mean_reward=80.604 | success=4/5 | collision=1/5 | mean_final_distance=0.314 | mean_progress=0.0277 | min_laser=0.300 | mean_lin=0.881 | mean_ang=-0.183 | mean_robot_dist=0.655 | raw_reward=20.000 | adjusted_reward=20.000 | coop_agents=0/5 | mean_coop_neighbors=0.00 | active_neighbor_step_rate=0.698 | mean_active_neighbors_step=1.968 | max_active_neighbors_step=4 | interaction_reward=0.0000 | abs_interaction_reward=0.0000 | anti_stag_reward=0.0000 | abs_anti_stag_reward=0.0000 | wall_clear_reward=0.0000 | abs_wall_clear_reward=0.0000 | local_nav_reward=0.0000 | abs_local_nav_reward=0.0000 | context_neighbors_mean=2.10 | context_neighbors_max=4 | last_context_neighbors_mean=0.00 | last_context_neighbors_max=0 | actor_unlocked=0 | expl_noise=0.0754 | replay=18066 | interaction_replay=8065 | samples/sec=6.662
Episode 224 complete | agent_samples=18115 | env_steps=7331 | episode_env_steps=12 | episode_agent_samples=49 | mean_reward=33.730 | success=3/5 | collision=2/5 | mean_final_distance=0.591 | mean_progress=0.0149 | min_laser=0.325 | mean_lin=1.000 | mean_ang=-0.149 | mean_robot_dist=1.342 | raw_reward=20.000 | adjusted_reward=20.000 | coop_agents=0/5 | mean_coop_neighbors=0.00 | active_neighbor_step_rate=0.959 | mean_active_neighbors_step=2.571 | max_active_neighbors_step=4 | interaction_reward=0.0000 | abs_interaction_reward=0.0000 | anti_stag_reward=0.0000 | abs_anti_stag_reward=0.0000 | wall_clear_reward=0.0000 | abs_wall_clear_reward=0.0000 | local_nav_reward=0.0000 | abs_local_nav_reward=0.0000 | context_neighbors_mean=2.73 | context_neighbors_max=4 | last_context_neighbors_mean=0.00 | last_context_neighbors_max=0 | actor_unlocked=0 | expl_noise=0.0754 | replay=18115 | interaction_replay=8107 | samples/sec=6.635
Episode 225 complete | agent_samples=18165 | env_steps=7344 | episode_env_steps=13 | episode_agent_samples=50 | mean_reward=44.464 | success=3/5 | collision=2/5 | mean_final_distance=0.439 | mean_progress=0.0229 | min_laser=0.300 | mean_lin=0.985 | mean_ang=-0.646 | mean_robot_dist=1.487 | raw_reward=20.000 | adjusted_reward=20.000 | coop_agents=0/5 | mean_coop_neighbors=0.00 | active_neighbor_step_rate=0.860 | mean_active_neighbors_step=2.200 | max_active_neighbors_step=4 | interaction_reward=0.0000 | abs_interaction_reward=0.0000 | anti_stag_reward=0.0000 | abs_anti_stag_reward=0.0000 | wall_clear_reward=0.0000 | abs_wall_clear_reward=0.0000 | local_nav_reward=0.0000 | abs_local_nav_reward=0.0000 | context_neighbors_mean=2.32 | context_neighbors_max=4 | last_context_neighbors_mean=0.00 | last_context_neighbors_max=0 | actor_unlocked=0 | expl_noise=0.0754 | replay=18165 | interaction_replay=8141 | samples/sec=6.643
Status | epoch=1 | next_eval_in=1835 agent_samples | checkpoint_every=10 episodes | checkpoint=./checkpoints/interaction_oracle_specialist_pilot_s20260724_latest.pt | model=interaction_oracle_specialist_pilot_s20260724
Episode 226 complete | agent_samples=18252 | env_steps=7376 | episode_env_steps=32 | episode_agent_samples=87 | mean_reward=117.536 | success=5/5 | collision=0/5 | mean_final_distance=0.238 | mean_progress=0.0069 | min_laser=0.670 | mean_lin=0.996 | mean_ang=0.600 | mean_robot_dist=1.296 | raw_reward=20.000 | adjusted_reward=20.000 | coop_agents=0/5 | mean_coop_neighbors=0.00 | active_neighbor_step_rate=0.713 | mean_active_neighbors_step=1.517 | max_active_neighbors_step=4 | interaction_reward=0.0000 | abs_interaction_reward=0.0000 | anti_stag_reward=0.0000 | abs_anti_stag_reward=0.0000 | wall_clear_reward=0.0000 | abs_wall_clear_reward=0.0000 | local_nav_reward=0.0000 | abs_local_nav_reward=0.0000 | context_neighbors_mean=1.53 | context_neighbors_max=4 | last_context_neighbors_mean=0.00 | last_context_neighbors_max=0 | actor_unlocked=0 | expl_noise=0.0754 | replay=18252 | interaction_replay=8170 | samples/sec=6.637
Episode 227 complete | agent_samples=18311 | env_steps=7400 | episode_env_steps=24 | episode_agent_samples=59 | mean_reward=31.539 | success=3/5 | collision=2/5 | mean_final_distance=0.501 | mean_progress=0.0093 | min_laser=0.300 | mean_lin=0.994 | mean_ang=-0.235 | mean_robot_dist=1.542 | raw_reward=20.000 | adjusted_reward=20.000 | coop_agents=0/5 | mean_coop_neighbors=0.00 | active_neighbor_step_rate=0.712 | mean_active_neighbors_step=1.610 | max_active_neighbors_step=4 | interaction_reward=0.0000 | abs_interaction_reward=0.0000 | anti_stag_reward=0.0000 | abs_anti_stag_reward=0.0000 | wall_clear_reward=0.0000 | abs_wall_clear_reward=0.0000 | local_nav_reward=0.0000 | abs_local_nav_reward=0.0000 | context_neighbors_mean=1.64 | context_neighbors_max=4 | last_context_neighbors_mean=0.00 | last_context_neighbors_max=0 | actor_unlocked=0 | expl_noise=0.0754 | replay=18311 | interaction_replay=8207 | samples/sec=6.620
Episode 228 complete | agent_samples=18449 | env_steps=7486 | episode_env_steps=86 | episode_agent_samples=138 | mean_reward=82.821 | success=4/5 | collision=1/5 | mean_final_distance=0.303 | mean_progress=0.0157 | min_laser=0.325 | mean_lin=0.997 | mean_ang=-0.192 | mean_robot_dist=2.258 | raw_reward=20.000 | adjusted_reward=20.000 | coop_agents=0/5 | mean_coop_neighbors=0.00 | active_neighbor_step_rate=0.304 | mean_active_neighbors_step=0.804 | max_active_neighbors_step=4 | interaction_reward=0.0000 | abs_interaction_reward=0.0000 | anti_stag_reward=0.0000 | abs_anti_stag_reward=0.0000 | wall_clear_reward=0.0000 | abs_wall_clear_reward=0.0000 | local_nav_reward=0.0000 | abs_local_nav_reward=0.0000 | context_neighbors_mean=0.82 | context_neighbors_max=4 | last_context_neighbors_mean=0.00 | last_context_neighbors_max=0 | actor_unlocked=0 | expl_noise=0.0753 | replay=18449 | interaction_replay=8236 | samples/sec=6.602
Episode 229 complete | agent_samples=18493 | env_steps=7496 | episode_env_steps=10 | episode_agent_samples=44 | mean_reward=70.818 | success=4/5 | collision=1/5 | mean_final_distance=0.359 | mean_progress=0.0229 | min_laser=0.300 | mean_lin=1.000 | mean_ang=0.440 | mean_robot_dist=1.124 | raw_reward=20.000 | adjusted_reward=20.000 | coop_agents=0/5 | mean_coop_neighbors=0.00 | active_neighbor_step_rate=0.955 | mean_active_neighbors_step=1.886 | max_active_neighbors_step=3 | interaction_reward=0.0000 | abs_interaction_reward=0.0000 | anti_stag_reward=0.0000 | abs_anti_stag_reward=0.0000 | wall_clear_reward=0.0000 | abs_wall_clear_reward=0.0000 | local_nav_reward=0.0000 | abs_local_nav_reward=0.0000 | context_neighbors_mean=1.89 | context_neighbors_max=3 | last_context_neighbors_mean=0.00 | last_context_neighbors_max=0 | actor_unlocked=0 | expl_noise=0.0753 | replay=18493 | interaction_replay=8277 | samples/sec=6.612
Episode 230 complete | agent_samples=18561 | env_steps=7516 | episode_env_steps=20 | episode_agent_samples=68 | mean_reward=122.032 | success=5/5 | collision=0/5 | mean_final_distance=0.270 | mean_progress=0.0272 | min_laser=0.493 | mean_lin=1.000 | mean_ang=-0.431 | mean_robot_dist=1.219 | raw_reward=20.000 | adjusted_reward=20.000 | coop_agents=0/5 | mean_coop_neighbors=0.00 | active_neighbor_step_rate=0.853 | mean_active_neighbors_step=2.029 | max_active_neighbors_step=4 | interaction_reward=0.0000 | abs_interaction_reward=0.0000 | anti_stag_reward=0.0000 | abs_anti_stag_reward=0.0000 | wall_clear_reward=0.0000 | abs_wall_clear_reward=0.0000 | local_nav_reward=0.0000 | abs_local_nav_reward=0.0000 | context_neighbors_mean=2.06 | context_neighbors_max=4 | last_context_neighbors_mean=0.00 | last_context_neighbors_max=0 | actor_unlocked=0 | expl_noise=0.0753 | replay=18561 | interaction_replay=8308 | samples/sec=6.625
Status | epoch=1 | next_eval_in=1439 agent_samples | checkpoint_every=10 episodes | checkpoint=./checkpoints/interaction_oracle_specialist_pilot_s20260724_latest.pt | model=interaction_oracle_specialist_pilot_s20260724
Checkpoint saved: ./checkpoints/interaction_oracle_specialist_pilot_s20260724_latest.pt
Episode 231 complete | agent_samples=18685 | env_steps=7563 | episode_env_steps=47 | episode_agent_samples=124 | mean_reward=46.080 | success=3/5 | collision=2/5 | mean_final_distance=0.555 | mean_progress=0.0005 | min_laser=0.300 | mean_lin=0.578 | mean_ang=-0.582 | mean_robot_dist=0.936 | raw_reward=20.000 | adjusted_reward=20.000 | coop_agents=0/5 | mean_coop_neighbors=0.00 | active_neighbor_step_rate=0.831 | mean_active_neighbors_step=1.669 | max_active_neighbors_step=4 | interaction_reward=0.0000 | abs_interaction_reward=0.0000 | anti_stag_reward=0.0000 | abs_anti_stag_reward=0.0000 | wall_clear_reward=0.0000 | abs_wall_clear_reward=0.0000 | local_nav_reward=0.0000 | abs_local_nav_reward=0.0000 | context_neighbors_mean=1.69 | context_neighbors_max=4 | last_context_neighbors_mean=0.00 | last_context_neighbors_max=0 | actor_unlocked=0 | expl_noise=0.0753 | replay=18685 | interaction_replay=8359 | samples/sec=6.598
Episode 232 complete | agent_samples=18810 | env_steps=7614 | episode_env_steps=51 | episode_agent_samples=125 | mean_reward=124.815 | success=5/5 | collision=0/5 | mean_final_distance=0.246 | mean_progress=0.0155 | min_laser=0.562 | mean_lin=1.000 | mean_ang=-0.329 | mean_robot_dist=1.891 | raw_reward=20.000 | adjusted_reward=20.000 | coop_agents=0/5 | mean_coop_neighbors=0.00 | active_neighbor_step_rate=0.664 | mean_active_neighbors_step=1.232 | max_active_neighbors_step=4 | interaction_reward=0.0000 | abs_interaction_reward=0.0000 | anti_stag_reward=0.0000 | abs_anti_stag_reward=0.0000 | wall_clear_reward=0.0000 | abs_wall_clear_reward=0.0000 | local_nav_reward=0.0000 | abs_local_nav_reward=0.0000 | context_neighbors_mean=1.26 | context_neighbors_max=4 | last_context_neighbors_mean=0.00 | last_context_neighbors_max=0 | actor_unlocked=0 | expl_noise=0.0752 | replay=18810 | interaction_replay=8393 | samples/sec=6.606
Episode 233 complete | agent_samples=18873 | env_steps=7645 | episode_env_steps=31 | episode_agent_samples=63 | mean_reward=101.122 | success=5/5 | collision=0/5 | mean_final_distance=0.244 | mean_progress=0.0044 | min_laser=0.542 | mean_lin=0.999 | mean_ang=0.858 | mean_robot_dist=1.010 | raw_reward=20.000 | adjusted_reward=20.000 | coop_agents=0/5 | mean_coop_neighbors=0.00 | active_neighbor_step_rate=0.619 | mean_active_neighbors_step=1.063 | max_active_neighbors_step=3 | interaction_reward=0.0000 | abs_interaction_reward=0.0000 | anti_stag_reward=0.0000 | abs_anti_stag_reward=0.0000 | wall_clear_reward=0.0000 | abs_wall_clear_reward=0.0000 | local_nav_reward=0.0000 | abs_local_nav_reward=0.0000 | context_neighbors_mean=1.13 | context_neighbors_max=3 | last_context_neighbors_mean=0.00 | last_context_neighbors_max=0 | actor_unlocked=0 | expl_noise=0.0752 | replay=18873 | interaction_replay=8429 | samples/sec=6.596
Episode 234 complete | agent_samples=18994 | env_steps=7683 | episode_env_steps=38 | episode_agent_samples=121 | mean_reward=115.414 | success=5/5 | collision=0/5 | mean_final_distance=0.267 | mean_progress=0.0178 | min_laser=0.372 | mean_lin=0.805 | mean_ang=-0.980 | mean_robot_dist=2.792 | raw_reward=20.000 | adjusted_reward=20.000 | coop_agents=0/5 | mean_coop_neighbors=0.00 | active_neighbor_step_rate=0.694 | mean_active_neighbors_step=1.661 | max_active_neighbors_step=4 | interaction_reward=0.0000 | abs_interaction_reward=0.0000 | anti_stag_reward=0.0000 | abs_anti_stag_reward=0.0000 | wall_clear_reward=0.0000 | abs_wall_clear_reward=0.0000 | local_nav_reward=0.0000 | abs_local_nav_reward=0.0000 | context_neighbors_mean=1.65 | context_neighbors_max=4 | last_context_neighbors_mean=0.00 | last_context_neighbors_max=0 | actor_unlocked=0 | expl_noise=0.0752 | replay=18994 | interaction_replay=8474 | samples/sec=6.619
Episode 235 complete | agent_samples=19050 | env_steps=7699 | episode_env_steps=16 | episode_agent_samples=56 | mean_reward=122.981 | success=5/5 | collision=0/5 | mean_final_distance=0.242 | mean_progress=0.0240 | min_laser=0.516 | mean_lin=0.965 | mean_ang=0.587 | mean_robot_dist=1.482 | raw_reward=20.000 | adjusted_reward=20.000 | coop_agents=0/5 | mean_coop_neighbors=0.00 | active_neighbor_step_rate=0.786 | mean_active_neighbors_step=2.196 | max_active_neighbors_step=4 | interaction_reward=0.0000 | abs_interaction_reward=0.0000 | anti_stag_reward=0.0000 | abs_anti_stag_reward=0.0000 | wall_clear_reward=0.0000 | abs_wall_clear_reward=0.0000 | local_nav_reward=0.0000 | abs_local_nav_reward=0.0000 | context_neighbors_mean=2.32 | context_neighbors_max=4 | last_context_neighbors_mean=0.00 | last_context_neighbors_max=0 | actor_unlocked=0 | expl_noise=0.0752 | replay=19050 | interaction_replay=8517 | samples/sec=6.628
Status | epoch=1 | next_eval_in=950 agent_samples | checkpoint_every=10 episodes | checkpoint=./checkpoints/interaction_oracle_specialist_pilot_s20260724_latest.pt | model=interaction_oracle_specialist_pilot_s20260724
Episode 236 complete | agent_samples=19099 | env_steps=7711 | episode_env_steps=12 | episode_agent_samples=49 | mean_reward=74.934 | success=4/5 | collision=1/5 | mean_final_distance=0.470 | mean_progress=0.0258 | min_laser=0.300 | mean_lin=0.998 | mean_ang=0.203 | mean_robot_dist=1.175 | raw_reward=20.000 | adjusted_reward=20.000 | coop_agents=0/5 | mean_coop_neighbors=0.00 | active_neighbor_step_rate=0.898 | mean_active_neighbors_step=2.408 | max_active_neighbors_step=4 | interaction_reward=0.0000 | abs_interaction_reward=0.0000 | anti_stag_reward=0.0000 | abs_anti_stag_reward=0.0000 | wall_clear_reward=0.0000 | abs_wall_clear_reward=0.0000 | local_nav_reward=0.0000 | abs_local_nav_reward=0.0000 | context_neighbors_mean=2.51 | context_neighbors_max=4 | last_context_neighbors_mean=0.00 | last_context_neighbors_max=0 | actor_unlocked=0 | expl_noise=0.0752 | replay=19099 | interaction_replay=8562 | samples/sec=6.638
Episode 237 complete | agent_samples=19182 | env_steps=7739 | episode_env_steps=28 | episode_agent_samples=83 | mean_reward=34.820 | success=3/5 | collision=2/5 | mean_final_distance=0.542 | mean_progress=0.0104 | min_laser=0.300 | mean_lin=0.477 | mean_ang=-0.925 | mean_robot_dist=1.604 | raw_reward=20.000 | adjusted_reward=20.000 | coop_agents=0/5 | mean_coop_neighbors=0.00 | active_neighbor_step_rate=0.675 | mean_active_neighbors_step=1.398 | max_active_neighbors_step=4 | interaction_reward=0.0000 | abs_interaction_reward=0.0000 | anti_stag_reward=0.0000 | abs_anti_stag_reward=0.0000 | wall_clear_reward=0.0000 | abs_wall_clear_reward=0.0000 | local_nav_reward=0.0000 | abs_local_nav_reward=0.0000 | context_neighbors_mean=1.47 | context_neighbors_max=4 | last_context_neighbors_mean=0.00 | last_context_neighbors_max=0 | actor_unlocked=0 | expl_noise=0.0752 | replay=19182 | interaction_replay=8619 | samples/sec=6.647
Episode 238 complete | agent_samples=19249 | env_steps=7761 | episode_env_steps=22 | episode_agent_samples=67 | mean_reward=35.118 | success=3/5 | collision=2/5 | mean_final_distance=0.418 | mean_progress=0.0237 | min_laser=0.300 | mean_lin=1.000 | mean_ang=0.258 | mean_robot_dist=1.231 | raw_reward=20.000 | adjusted_reward=20.000 | coop_agents=0/5 | mean_coop_neighbors=0.00 | active_neighbor_step_rate=0.896 | mean_active_neighbors_step=2.269 | max_active_neighbors_step=4 | interaction_reward=0.0000 | abs_interaction_reward=0.0000 | anti_stag_reward=0.0000 | abs_anti_stag_reward=0.0000 | wall_clear_reward=0.0000 | abs_wall_clear_reward=0.0000 | local_nav_reward=0.0000 | abs_local_nav_reward=0.0000 | context_neighbors_mean=2.27 | context_neighbors_max=4 | last_context_neighbors_mean=0.00 | last_context_neighbors_max=0 | actor_unlocked=0 | expl_noise=0.0751 | replay=19249 | interaction_replay=8651 | samples/sec=6.651
Episode 239 complete | agent_samples=19358 | env_steps=7805 | episode_env_steps=44 | episode_agent_samples=109 | mean_reward=112.049 | success=5/5 | collision=0/5 | mean_final_distance=0.268 | mean_progress=0.0108 | min_laser=0.403 | mean_lin=0.995 | mean_ang=0.300 | mean_robot_dist=0.652 | raw_reward=20.000 | adjusted_reward=20.000 | coop_agents=0/5 | mean_coop_neighbors=0.00 | active_neighbor_step_rate=0.706 | mean_active_neighbors_step=1.321 | max_active_neighbors_step=4 | interaction_reward=0.0000 | abs_interaction_reward=0.0000 | anti_stag_reward=0.0000 | abs_anti_stag_reward=0.0000 | wall_clear_reward=0.0000 | abs_wall_clear_reward=0.0000 | local_nav_reward=0.0000 | abs_local_nav_reward=0.0000 | context_neighbors_mean=1.38 | context_neighbors_max=4 | last_context_neighbors_mean=0.00 | last_context_neighbors_max=0 | actor_unlocked=0 | expl_noise=0.0751 | replay=19358 | interaction_replay=8725 | samples/sec=6.651
Episode 240 complete | agent_samples=19486 | env_steps=7864 | episode_env_steps=59 | episode_agent_samples=128 | mean_reward=90.350 | success=4/5 | collision=1/5 | mean_final_distance=0.460 | mean_progress=0.0047 | min_laser=0.346 | mean_lin=0.800 | mean_ang=-0.246 | mean_robot_dist=2.074 | raw_reward=20.000 | adjusted_reward=20.000 | coop_agents=0/5 | mean_coop_neighbors=0.00 | active_neighbor_step_rate=0.531 | mean_active_neighbors_step=1.125 | max_active_neighbors_step=4 | interaction_reward=0.0000 | abs_interaction_reward=0.0000 | anti_stag_reward=0.0000 | abs_anti_stag_reward=0.0000 | wall_clear_reward=0.0000 | abs_wall_clear_reward=0.0000 | local_nav_reward=0.0000 | abs_local_nav_reward=0.0000 | context_neighbors_mean=1.16 | context_neighbors_max=4 | last_context_neighbors_mean=0.00 | last_context_neighbors_max=0 | actor_unlocked=0 | expl_noise=0.0751 | replay=19486 | interaction_replay=8738 | samples/sec=6.655
Status | epoch=1 | next_eval_in=514 agent_samples | checkpoint_every=10 episodes | checkpoint=./checkpoints/interaction_oracle_specialist_pilot_s20260724_latest.pt | model=interaction_oracle_specialist_pilot_s20260724
Checkpoint saved: ./checkpoints/interaction_oracle_specialist_pilot_s20260724_latest.pt
Episode 241 complete | agent_samples=19528 | env_steps=7874 | episode_env_steps=10 | episode_agent_samples=42 | mean_reward=70.138 | success=4/5 | collision=1/5 | mean_final_distance=0.414 | mean_progress=0.0208 | min_laser=0.301 | mean_lin=0.820 | mean_ang=-0.188 | mean_robot_dist=1.499 | raw_reward=20.000 | adjusted_reward=20.000 | coop_agents=0/5 | mean_coop_neighbors=0.00 | active_neighbor_step_rate=0.881 | mean_active_neighbors_step=2.333 | max_active_neighbors_step=4 | interaction_reward=0.0000 | abs_interaction_reward=0.0000 | anti_stag_reward=0.0000 | abs_anti_stag_reward=0.0000 | wall_clear_reward=0.0000 | abs_wall_clear_reward=0.0000 | local_nav_reward=0.0000 | abs_local_nav_reward=0.0000 | context_neighbors_mean=2.50 | context_neighbors_max=4 | last_context_neighbors_mean=0.00 | last_context_neighbors_max=0 | actor_unlocked=0 | expl_noise=0.0751 | replay=19528 | interaction_replay=8776 | samples/sec=6.650
Episode 242 complete | agent_samples=19583 | env_steps=7891 | episode_env_steps=17 | episode_agent_samples=55 | mean_reward=33.002 | success=3/5 | collision=2/5 | mean_final_distance=0.773 | mean_progress=0.0522 | min_laser=0.300 | mean_lin=0.799 | mean_ang=0.257 | mean_robot_dist=4.020 | raw_reward=40.000 | adjusted_reward=40.000 | coop_agents=0/5 | mean_coop_neighbors=0.00 | active_neighbor_step_rate=0.691 | mean_active_neighbors_step=1.145 | max_active_neighbors_step=4 | interaction_reward=0.0000 | abs_interaction_reward=0.0000 | anti_stag_reward=0.0000 | abs_anti_stag_reward=0.0000 | wall_clear_reward=0.0000 | abs_wall_clear_reward=0.0000 | local_nav_reward=0.0000 | abs_local_nav_reward=0.0000 | context_neighbors_mean=1.16 | context_neighbors_max=4 | last_context_neighbors_mean=0.00 | last_context_neighbors_max=0 | actor_unlocked=0 | expl_noise=0.0751 | replay=19583 | interaction_replay=8788 | samples/sec=6.647
Episode 243 complete | agent_samples=19639 | env_steps=7906 | episode_env_steps=15 | episode_agent_samples=56 | mean_reward=73.064 | success=4/5 | collision=1/5 | mean_final_distance=0.512 | mean_progress=0.0255 | min_laser=0.339 | mean_lin=0.995 | mean_ang=0.578 | mean_robot_dist=1.082 | raw_reward=20.000 | adjusted_reward=20.000 | coop_agents=0/5 | mean_coop_neighbors=0.00 | active_neighbor_step_rate=0.821 | mean_active_neighbors_step=1.839 | max_active_neighbors_step=4 | interaction_reward=0.0000 | abs_interaction_reward=0.0000 | anti_stag_reward=0.0000 | abs_anti_stag_reward=0.0000 | wall_clear_reward=0.0000 | abs_wall_clear_reward=0.0000 | local_nav_reward=0.0000 | abs_local_nav_reward=0.0000 | context_neighbors_mean=1.93 | context_neighbors_max=4 | last_context_neighbors_mean=0.00 | last_context_neighbors_max=0 | actor_unlocked=0 | expl_noise=0.0751 | replay=19639 | interaction_replay=8818 | samples/sec=6.654
Episode 244 complete | agent_samples=19740 | env_steps=7967 | episode_env_steps=61 | episode_agent_samples=101 | mean_reward=37.348 | success=3/5 | collision=2/5 | mean_final_distance=0.444 | mean_progress=0.0006 | min_laser=0.300 | mean_lin=0.600 | mean_ang=-0.585 | mean_robot_dist=1.431 | raw_reward=20.000 | adjusted_reward=20.000 | coop_agents=0/5 | mean_coop_neighbors=0.00 | active_neighbor_step_rate=0.436 | mean_active_neighbors_step=1.099 | max_active_neighbors_step=4 | interaction_reward=0.0000 | abs_interaction_reward=0.0000 | anti_stag_reward=0.0000 | abs_anti_stag_reward=0.0000 | wall_clear_reward=0.0000 | abs_wall_clear_reward=0.0000 | local_nav_reward=0.0000 | abs_local_nav_reward=0.0000 | context_neighbors_mean=1.17 | context_neighbors_max=4 | last_context_neighbors_mean=0.00 | last_context_neighbors_max=0 | actor_unlocked=0 | expl_noise=0.0750 | replay=19740 | interaction_replay=8863 | samples/sec=6.634
Episode 245 complete | agent_samples=19801 | env_steps=7994 | episode_env_steps=27 | episode_agent_samples=61 | mean_reward=26.182 | success=3/5 | collision=2/5 | mean_final_distance=0.457 | mean_progress=0.0158 | min_laser=0.301 | mean_lin=0.970 | mean_ang=0.026 | mean_robot_dist=0.831 | raw_reward=20.000 | adjusted_reward=20.000 | coop_agents=0/5 | mean_coop_neighbors=0.00 | active_neighbor_step_rate=0.689 | mean_active_neighbors_step=1.672 | max_active_neighbors_step=4 | interaction_reward=0.0000 | abs_interaction_reward=0.0000 | anti_stag_reward=0.0000 | abs_anti_stag_reward=0.0000 | wall_clear_reward=0.0000 | abs_wall_clear_reward=0.0000 | local_nav_reward=0.0000 | abs_local_nav_reward=0.0000 | context_neighbors_mean=1.72 | context_neighbors_max=4 | last_context_neighbors_mean=0.00 | last_context_neighbors_max=0 | actor_unlocked=0 | expl_noise=0.0750 | replay=19801 | interaction_replay=8903 | samples/sec=6.634
Status | epoch=1 | next_eval_in=199 agent_samples | checkpoint_every=10 episodes | checkpoint=./checkpoints/interaction_oracle_specialist_pilot_s20260724_latest.pt | model=interaction_oracle_specialist_pilot_s20260724
Episode 246 complete | agent_samples=19876 | env_steps=8025 | episode_env_steps=31 | episode_agent_samples=75 | mean_reward=115.311 | success=5/5 | collision=0/5 | mean_final_distance=0.259 | mean_progress=0.0104 | min_laser=0.537 | mean_lin=0.809 | mean_ang=0.254 | mean_robot_dist=1.061 | raw_reward=20.000 | adjusted_reward=20.000 | coop_agents=0/5 | mean_coop_neighbors=0.00 | active_neighbor_step_rate=0.693 | mean_active_neighbors_step=1.507 | max_active_neighbors_step=4 | interaction_reward=0.0000 | abs_interaction_reward=0.0000 | anti_stag_reward=0.0000 | abs_anti_stag_reward=0.0000 | wall_clear_reward=0.0000 | abs_wall_clear_reward=0.0000 | local_nav_reward=0.0000 | abs_local_nav_reward=0.0000 | context_neighbors_mean=1.63 | context_neighbors_max=4 | last_context_neighbors_mean=0.00 | last_context_neighbors_max=0 | actor_unlocked=0 | expl_noise=0.0750 | replay=19876 | interaction_replay=8955 | samples/sec=6.638
Episode 247 complete | agent_samples=19994 | env_steps=8065 | episode_env_steps=40 | episode_agent_samples=118 | mean_reward=81.872 | success=4/5 | collision=1/5 | mean_final_distance=0.359 | mean_progress=0.0254 | min_laser=0.348 | mean_lin=0.741 | mean_ang=-0.311 | mean_robot_dist=3.770 | raw_reward=20.000 | adjusted_reward=20.000 | coop_agents=0/5 | mean_coop_neighbors=0.00 | active_neighbor_step_rate=0.924 | mean_active_neighbors_step=2.076 | max_active_neighbors_step=4 | interaction_reward=0.0000 | abs_interaction_reward=0.0000 | anti_stag_reward=0.0000 | abs_anti_stag_reward=0.0000 | wall_clear_reward=0.0000 | abs_wall_clear_reward=0.0000 | local_nav_reward=0.0000 | abs_local_nav_reward=0.0000 | context_neighbors_mean=2.08 | context_neighbors_max=4 | last_context_neighbors_mean=0.00 | last_context_neighbors_max=0 | actor_unlocked=0 | expl_noise=0.0750 | replay=19994 | interaction_replay=8989 | samples/sec=6.652
Episode 248 complete | agent_samples=20045 | env_steps=8092 | episode_env_steps=27 | episode_agent_samples=51 | mean_reward=30.758 | success=3/5 | collision=2/5 | mean_final_distance=0.773 | mean_progress=0.0141 | min_laser=0.300 | mean_lin=0.997 | mean_ang=-0.594 | mean_robot_dist=1.031 | raw_reward=20.000 | adjusted_reward=20.000 | coop_agents=0/5 | mean_coop_neighbors=0.00 | active_neighbor_step_rate=0.588 | mean_active_neighbors_step=1.314 | max_active_neighbors_step=4 | interaction_reward=0.0000 | abs_interaction_reward=0.0000 | anti_stag_reward=0.0000 | abs_anti_stag_reward=0.0000 | wall_clear_reward=0.0000 | abs_wall_clear_reward=0.0000 | local_nav_reward=0.0000 | abs_local_nav_reward=0.0000 | context_neighbors_mean=1.39 | context_neighbors_max=4 | last_context_neighbors_mean=0.00 | last_context_neighbors_max=0 | actor_unlocked=0 | expl_noise=0.0749 | replay=20045 | interaction_replay=9012 | samples/sec=6.652
Validating multi-agent policy at agent_samples=20045 env_steps=8092
Manifest switched: strong-interaction-curriculum-validation-v1 | scenarios=140 | sampling=cycle | path=/home/jiutian/Local-Critic-Multi-Robot-Navigation-gate/experiments/04_保留专门化/05_论文主线/datasets/fixed_v1/views/strong_interaction_curriculum_v1/validation.json.gz
Validation progress | epoch=1 | episodes=10/140 | success_rate=0.860 | collision_rate=0.140 | full_success_rate=0.600 | timeout_rate=0.000
Validation progress | epoch=1 | episodes=20/140 | success_rate=0.800 | collision_rate=0.200 | full_success_rate=0.400 | timeout_rate=0.000
Validation progress | epoch=1 | episodes=30/140 | success_rate=0.813 | collision_rate=0.187 | full_success_rate=0.433 | timeout_rate=0.000
Validation progress | epoch=1 | episodes=40/140 | success_rate=0.780 | collision_rate=0.220 | full_success_rate=0.375 | timeout_rate=0.000
Validation progress | epoch=1 | episodes=50/140 | success_rate=0.788 | collision_rate=0.212 | full_success_rate=0.360 | timeout_rate=0.000
Validation progress | epoch=1 | episodes=60/140 | success_rate=0.797 | collision_rate=0.203 | full_success_rate=0.400 | timeout_rate=0.000
Validation progress | epoch=1 | episodes=70/140 | success_rate=0.811 | collision_rate=0.189 | full_success_rate=0.443 | timeout_rate=0.000
Validation progress | epoch=1 | episodes=80/140 | success_rate=0.810 | collision_rate=0.190 | full_success_rate=0.438 | timeout_rate=0.000
Validation progress | epoch=1 | episodes=90/140 | success_rate=0.824 | collision_rate=0.176 | full_success_rate=0.478 | timeout_rate=0.000
Validation progress | epoch=1 | episodes=100/140 | success_rate=0.820 | collision_rate=0.180 | full_success_rate=0.470 | timeout_rate=0.000
Validation progress | epoch=1 | episodes=110/140 | success_rate=0.813 | collision_rate=0.187 | full_success_rate=0.455 | timeout_rate=0.000
Validation progress | epoch=1 | episodes=120/140 | success_rate=0.813 | collision_rate=0.187 | full_success_rate=0.458 | timeout_rate=0.000
Validation progress | epoch=1 | episodes=130/140 | success_rate=0.823 | collision_rate=0.177 | full_success_rate=0.485 | timeout_rate=0.000
Validation progress | epoch=1 | episodes=140/140 | success_rate=0.827 | collision_rate=0.173 | full_success_rate=0.500 | timeout_rate=0.000
..............................................
Multi-Agent Eval Epoch 1 | avg_reward=82.559 | success_rate=0.827 | collision_rate=0.173 | unresolved_rate=0.000 | full_success_rate=0.500 | timeout_episode_rate=0.000 | avg_env_steps=31.8 | avg_final_distance=0.304
Eval success_hist 0..N: [0, 0, 2, 47, 21, 70]
Eval collision_hist 0..N: [70, 21, 47, 2, 0, 0]
Eval oracle strong-actor activation rate: 0.4347 (4919/11317 agent steps)
Eval interaction stratum | band=close | episodes=40 | success_rate=0.865 | collision_rate=0.135 | unresolved_rate=0.000 | full_success_rate=0.575 | timeout_rate=0.000 | avg_steps=30.5
Eval interaction stratum | band=deep | episodes=60 | success_rate=0.720 | collision_rate=0.280 | unresolved_rate=0.000 | full_success_rate=0.233 | timeout_rate=0.000 | avg_steps=32.0
Eval interaction stratum | band=margin | episodes=40 | success_rate=0.950 | collision_rate=0.050 | unresolved_rate=0.000 | full_success_rate=0.825 | timeout_rate=0.000 | avg_steps=32.8
..............................................
Manifest switched: strong-interaction-stage2-train-v1 | scenarios=640 | sampling=random | path=/home/jiutian/Local-Critic-Multi-Robot-Navigation-gate/experiments/04_保留专门化/05_论文主线/datasets/fixed_v1/views/strong_interaction_curriculum_v1/stage2_train.json.gz
Epoch model snapshot saved: interaction_oracle_specialist_pilot_s20260724_epoch_001
Checkpoint saved: ./checkpoints/interaction_oracle_specialist_pilot_s20260724_latest.pt
Best checkpoint updated | epoch=1 | success_rate=0.827 | collision_rate=0.173 | full_success_rate=0.500 | unresolved_rate=0.000 | avg_reward=82.559 | metric=full_success | path=./checkpoints/interaction_oracle_specialist_pilot_s20260724_best.pt
Next epoch will start from 2. Resume keeps this counter in ./checkpoints/interaction_oracle_specialist_pilot_s20260724_latest.pt
Episode 249 complete | agent_samples=20128 | env_steps=8116 | episode_env_steps=24 | episode_agent_samples=83 | mean_reward=121.904 | success=5/5 | collision=0/5 | mean_final_distance=0.260 | mean_progress=0.0140 | min_laser=0.503 | mean_lin=0.993 | mean_ang=-0.231 | mean_robot_dist=1.003 | raw_reward=20.000 | adjusted_reward=20.000 | coop_agents=0/5 | mean_coop_neighbors=0.00 | active_neighbor_step_rate=0.855 | mean_active_neighbors_step=2.181 | max_active_neighbors_step=4 | interaction_reward=0.0000 | abs_interaction_reward=0.0000 | anti_stag_reward=0.0000 | abs_anti_stag_reward=0.0000 | wall_clear_reward=0.0000 | abs_wall_clear_reward=0.0000 | local_nav_reward=0.0000 | abs_local_nav_reward=0.0000 | context_neighbors_mean=2.18 | context_neighbors_max=4 | last_context_neighbors_mean=0.00 | last_context_neighbors_max=0 | actor_unlocked=0 | expl_noise=0.0749 | replay=20128 | interaction_replay=9032 | samples/sec=4.495
Episode 250 complete | agent_samples=20209 | env_steps=8148 | episode_env_steps=32 | episode_agent_samples=81 | mean_reward=39.468 | success=3/5 | collision=2/5 | mean_final_distance=0.477 | mean_progress=0.0027 | min_laser=0.300 | mean_lin=0.807 | mean_ang=-0.240 | mean_robot_dist=2.787 | raw_reward=20.000 | adjusted_reward=20.000 | coop_agents=0/5 | mean_coop_neighbors=0.00 | active_neighbor_step_rate=0.543 | mean_active_neighbors_step=0.975 | max_active_neighbors_step=3 | interaction_reward=0.0000 | abs_interaction_reward=0.0000 | anti_stag_reward=0.0000 | abs_anti_stag_reward=0.0000 | wall_clear_reward=0.0000 | abs_wall_clear_reward=0.0000 | local_nav_reward=0.0000 | abs_local_nav_reward=0.0000 | context_neighbors_mean=1.05 | context_neighbors_max=3 | last_context_neighbors_mean=0.00 | last_context_neighbors_max=0 | actor_unlocked=0 | expl_noise=0.0749 | replay=20209 | interaction_replay=9067 | samples/sec=4.505
Status | epoch=2 | next_eval_in=19791 agent_samples | checkpoint_every=10 episodes | checkpoint=./checkpoints/interaction_oracle_specialist_pilot_s20260724_latest.pt | model=interaction_oracle_specialist_pilot_s20260724
Checkpoint saved: ./checkpoints/interaction_oracle_specialist_pilot_s20260724_latest.pt
Episode 251 complete | agent_samples=20272 | env_steps=8169 | episode_env_steps=21 | episode_agent_samples=63 | mean_reward=75.397 | success=4/5 | collision=1/5 | mean_final_distance=0.572 | mean_progress=0.0092 | min_laser=0.322 | mean_lin=0.584 | mean_ang=-0.600 | mean_robot_dist=2.472 | raw_reward=20.000 | adjusted_reward=20.000 | coop_agents=0/5 | mean_coop_neighbors=0.00 | active_neighbor_step_rate=0.841 | mean_active_neighbors_step=2.524 | max_active_neighbors_step=4 | interaction_reward=0.0000 | abs_interaction_reward=0.0000 | anti_stag_reward=0.0000 | abs_anti_stag_reward=0.0000 | wall_clear_reward=0.0000 | abs_wall_clear_reward=0.0000 | local_nav_reward=0.0000 | abs_local_nav_reward=0.0000 | context_neighbors_mean=2.54 | context_neighbors_max=4 | last_context_neighbors_mean=0.00 | last_context_neighbors_max=0 | actor_unlocked=0 | expl_noise=0.0749 | replay=20272 | interaction_replay=9082 | samples/sec=4.514
Episode 252 complete | agent_samples=20326 | env_steps=8184 | episode_env_steps=15 | episode_agent_samples=54 | mean_reward=121.686 | success=5/5 | collision=0/5 | mean_final_distance=0.255 | mean_progress=0.0267 | min_laser=0.423 | mean_lin=0.796 | mean_ang=0.564 | mean_robot_dist=1.230 | raw_reward=40.000 | adjusted_reward=40.000 | coop_agents=1/5 | mean_coop_neighbors=0.20 | active_neighbor_step_rate=0.796 | mean_active_neighbors_step=1.815 | max_active_neighbors_step=4 | interaction_reward=0.0000 | abs_interaction_reward=0.0000 | anti_stag_reward=0.0000 | abs_anti_stag_reward=0.0000 | wall_clear_reward=0.0000 | abs_wall_clear_reward=0.0000 | local_nav_reward=0.0000 | abs_local_nav_reward=0.0000 | context_neighbors_mean=1.91 | context_neighbors_max=4 | last_context_neighbors_mean=0.00 | last_context_neighbors_max=0 | actor_unlocked=0 | expl_noise=0.0749 | replay=20326 | interaction_replay=9122 | samples/sec=4.523
Episode 253 complete | agent_samples=20448 | env_steps=8229 | episode_env_steps=45 | episode_agent_samples=122 | mean_reward=125.553 | success=5/5 | collision=0/5 | mean_final_distance=0.252 | mean_progress=0.0101 | min_laser=0.460 | mean_lin=0.997 | mean_ang=0.116 | mean_robot_dist=1.059 | raw_reward=20.000 | adjusted_reward=20.000 | coop_agents=0/5 | mean_coop_neighbors=0.00 | active_neighbor_step_rate=0.590 | mean_active_neighbors_step=0.861 | max_active_neighbors_step=3 | interaction_reward=0.0000 | abs_interaction_reward=0.0000 | anti_stag_reward=0.0000 | abs_anti_stag_reward=0.0000 | wall_clear_reward=0.0000 | abs_wall_clear_reward=0.0000 | local_nav_reward=0.0000 | abs_local_nav_reward=0.0000 | context_neighbors_mean=0.91 | context_neighbors_max=3 | last_context_neighbors_mean=0.00 | last_context_neighbors_max=0 | actor_unlocked=0 | expl_noise=0.0749 | replay=20448 | interaction_replay=9173 | samples/sec=4.540
Episode 254 complete | agent_samples=20533 | env_steps=8273 | episode_env_steps=44 | episode_agent_samples=85 | mean_reward=114.168 | success=5/5 | collision=0/5 | mean_final_distance=0.269 | mean_progress=0.0089 | min_laser=0.588 | mean_lin=0.744 | mean_ang=-0.070 | mean_robot_dist=1.207 | raw_reward=20.000 | adjusted_reward=20.000 | coop_agents=0/5 | mean_coop_neighbors=0.00 | active_neighbor_step_rate=0.541 | mean_active_neighbors_step=1.541 | max_active_neighbors_step=4 | interaction_reward=0.0000 | abs_interaction_reward=0.0000 | anti_stag_reward=0.0000 | abs_anti_stag_reward=0.0000 | wall_clear_reward=0.0000 | abs_wall_clear_reward=0.0000 | local_nav_reward=0.0000 | abs_local_nav_reward=0.0000 | context_neighbors_mean=1.60 | context_neighbors_max=4 | last_context_neighbors_mean=0.00 | last_context_neighbors_max=0 | actor_unlocked=0 | expl_noise=0.0748 | replay=20533 | interaction_replay=9222 | samples/sec=4.549
Episode 255 complete | agent_samples=20638 | env_steps=8304 | episode_env_steps=31 | episode_agent_samples=105 | mean_reward=130.972 | success=5/5 | collision=0/5 | mean_final_distance=0.220 | mean_progress=0.0166 | min_laser=0.665 | mean_lin=1.000 | mean_ang=-0.359 | mean_robot_dist=1.962 | raw_reward=20.000 | adjusted_reward=20.000 | coop_agents=0/5 | mean_coop_neighbors=0.00 | active_neighbor_step_rate=0.581 | mean_active_neighbors_step=1.229 | max_active_neighbors_step=3 | interaction_reward=0.0000 | abs_interaction_reward=0.0000 | anti_stag_reward=0.0000 | abs_anti_stag_reward=0.0000 | wall_clear_reward=0.0000 | abs_wall_clear_reward=0.0000 | local_nav_reward=0.0000 | abs_local_nav_reward=0.0000 | context_neighbors_mean=1.24 | context_neighbors_max=3 | last_context_neighbors_mean=0.00 | last_context_neighbors_max=0 | actor_unlocked=0 | expl_noise=0.0748 | replay=20638 | interaction_replay=9239 | samples/sec=4.565
Status | epoch=2 | next_eval_in=19362 agent_samples | checkpoint_every=10 episodes | checkpoint=./checkpoints/interaction_oracle_specialist_pilot_s20260724_latest.pt | model=interaction_oracle_specialist_pilot_s20260724
Episode 256 complete | agent_samples=20731 | env_steps=8341 | episode_env_steps=37 | episode_agent_samples=93 | mean_reward=119.705 | success=5/5 | collision=0/5 | mean_final_distance=0.252 | mean_progress=0.0227 | min_laser=0.374 | mean_lin=1.000 | mean_ang=-0.199 | mean_robot_dist=2.294 | raw_reward=20.000 | adjusted_reward=20.000 | coop_agents=0/5 | mean_coop_neighbors=0.00 | active_neighbor_step_rate=0.645 | mean_active_neighbors_step=1.570 | max_active_neighbors_step=4 | interaction_reward=0.0000 | abs_interaction_reward=0.0000 | anti_stag_reward=0.0000 | abs_anti_stag_reward=0.0000 | wall_clear_reward=0.0000 | abs_wall_clear_reward=0.0000 | local_nav_reward=0.0000 | abs_local_nav_reward=0.0000 | context_neighbors_mean=1.56 | context_neighbors_max=4 | last_context_neighbors_mean=0.00 | last_context_neighbors_max=0 | actor_unlocked=0 | expl_noise=0.0748 | replay=20731 | interaction_replay=9262 | samples/sec=4.578
Episode 257 complete | agent_samples=20795 | env_steps=8356 | episode_env_steps=15 | episode_agent_samples=64 | mean_reward=125.760 | success=5/5 | collision=0/5 | mean_final_distance=0.257 | mean_progress=0.0146 | min_laser=0.573 | mean_lin=0.801 | mean_ang=-0.200 | mean_robot_dist=1.054 | raw_reward=20.000 | adjusted_reward=20.000 | coop_agents=0/5 | mean_coop_neighbors=0.00 | active_neighbor_step_rate=0.766 | mean_active_neighbors_step=1.781 | max_active_neighbors_step=4 | interaction_reward=0.0000 | abs_interaction_reward=0.0000 | anti_stag_reward=0.0000 | abs_anti_stag_reward=0.0000 | wall_clear_reward=0.0000 | abs_wall_clear_reward=0.0000 | local_nav_reward=0.0000 | abs_local_nav_reward=0.0000 | context_neighbors_mean=1.89 | context_neighbors_max=4 | last_context_neighbors_mean=0.00 | last_context_neighbors_max=0 | actor_unlocked=0 | expl_noise=0.0748 | replay=20795 | interaction_replay=9310 | samples/sec=4.588
Episode 258 complete | agent_samples=20883 | env_steps=8400 | episode_env_steps=44 | episode_agent_samples=88 | mean_reward=76.811 | success=4/5 | collision=1/5 | mean_final_distance=0.257 | mean_progress=0.0133 | min_laser=0.333 | mean_lin=0.789 | mean_ang=0.992 | mean_robot_dist=0.777 | raw_reward=20.000 | adjusted_reward=20.000 | coop_agents=0/5 | mean_coop_neighbors=0.00 | active_neighbor_step_rate=0.500 | mean_active_neighbors_step=0.864 | max_active_neighbors_step=3 | interaction_reward=0.0000 | abs_interaction_reward=0.0000 | anti_stag_reward=0.0000 | abs_anti_stag_reward=0.0000 | wall_clear_reward=0.0000 | abs_wall_clear_reward=0.0000 | local_nav_reward=0.0000 | abs_local_nav_reward=0.0000 | context_neighbors_mean=0.91 | context_neighbors_max=3 | last_context_neighbors_mean=0.00 | last_context_neighbors_max=0 | actor_unlocked=0 | expl_noise=0.0747 | replay=20883 | interaction_replay=9344 | samples/sec=4.597
Episode 259 complete | agent_samples=20950 | env_steps=8424 | episode_env_steps=24 | episode_agent_samples=67 | mean_reward=115.583 | success=5/5 | collision=0/5 | mean_final_distance=0.237 | mean_progress=0.0093 | min_laser=0.609 | mean_lin=0.801 | mean_ang=-0.432 | mean_robot_dist=1.077 | raw_reward=20.000 | adjusted_reward=20.000 | coop_agents=0/5 | mean_coop_neighbors=0.00 | active_neighbor_step_rate=0.761 | mean_active_neighbors_step=2.015 | max_active_neighbors_step=4 | interaction_reward=0.0000 | abs_interaction_reward=0.0000 | anti_stag_reward=0.0000 | abs_anti_stag_reward=0.0000 | wall_clear_reward=0.0000 | abs_wall_clear_reward=0.0000 | local_nav_reward=0.0000 | abs_local_nav_reward=0.0000 | context_neighbors_mean=2.16 | context_neighbors_max=4 | last_context_neighbors_mean=0.00 | last_context_neighbors_max=0 | actor_unlocked=0 | expl_noise=0.0747 | replay=20950 | interaction_replay=9396 | samples/sec=4.606
Episode 260 complete | agent_samples=20999 | env_steps=8440 | episode_env_steps=16 | episode_agent_samples=49 | mean_reward=-1.897 | success=2/5 | collision=3/5 | mean_final_distance=0.923 | mean_progress=0.0219 | min_laser=0.300 | mean_lin=0.789 | mean_ang=-0.169 | mean_robot_dist=1.958 | raw_reward=20.000 | adjusted_reward=20.000 | coop_agents=0/5 | mean_coop_neighbors=0.00 | active_neighbor_step_rate=0.857 | mean_active_neighbors_step=1.980 | max_active_neighbors_step=4 | interaction_reward=0.0000 | abs_interaction_reward=0.0000 | anti_stag_reward=0.0000 | abs_anti_stag_reward=0.0000 | wall_clear_reward=0.0000 | abs_wall_clear_reward=0.0000 | local_nav_reward=0.0000 | abs_local_nav_reward=0.0000 | context_neighbors_mean=2.00 | context_neighbors_max=4 | last_context_neighbors_mean=0.00 | last_context_neighbors_max=0 | actor_unlocked=0 | expl_noise=0.0747 | replay=20999 | interaction_replay=9416 | samples/sec=4.614
Status | epoch=2 | next_eval_in=19001 agent_samples | checkpoint_every=10 episodes | checkpoint=./checkpoints/interaction_oracle_specialist_pilot_s20260724_latest.pt | model=interaction_oracle_specialist_pilot_s20260724
Checkpoint saved: ./checkpoints/interaction_oracle_specialist_pilot_s20260724_latest.pt
Episode 261 complete | agent_samples=21050 | env_steps=8452 | episode_env_steps=12 | episode_agent_samples=51 | mean_reward=108.402 | success=5/5 | collision=0/5 | mean_final_distance=0.270 | mean_progress=0.0079 | min_laser=0.451 | mean_lin=0.790 | mean_ang=0.283 | mean_robot_dist=0.721 | raw_reward=20.000 | adjusted_reward=20.000 | coop_agents=0/5 | mean_coop_neighbors=0.00 | active_neighbor_step_rate=0.725 | mean_active_neighbors_step=1.627 | max_active_neighbors_step=4 | interaction_reward=0.0000 | abs_interaction_reward=0.0000 | anti_stag_reward=0.0000 | abs_anti_stag_reward=0.0000 | wall_clear_reward=0.0000 | abs_wall_clear_reward=0.0000 | local_nav_reward=0.0000 | abs_local_nav_reward=0.0000 | context_neighbors_mean=1.67 | context_neighbors_max=4 | last_context_neighbors_mean=0.00 | last_context_neighbors_max=0 | actor_unlocked=1 | expl_noise=0.0747 | replay=21050 | interaction_replay=9453 | samples/sec=4.621
Episode 262 complete | agent_samples=21176 | env_steps=8539 | episode_env_steps=87 | episode_agent_samples=126 | mean_reward=106.621 | success=5/5 | collision=0/5 | mean_final_distance=0.258 | mean_progress=0.0042 | min_laser=0.422 | mean_lin=0.999 | mean_ang=0.200 | mean_robot_dist=1.526 | raw_reward=20.000 | adjusted_reward=20.000 | coop_agents=0/5 | mean_coop_neighbors=0.00 | active_neighbor_step_rate=0.325 | mean_active_neighbors_step=0.905 | max_active_neighbors_step=4 | interaction_reward=0.0000 | abs_interaction_reward=0.0000 | anti_stag_reward=0.0000 | abs_anti_stag_reward=0.0000 | wall_clear_reward=0.0000 | abs_wall_clear_reward=0.0000 | local_nav_reward=0.0000 | abs_local_nav_reward=0.0000 | context_neighbors_mean=0.93 | context_neighbors_max=4 | last_context_neighbors_mean=0.00 | last_context_neighbors_max=0 | actor_unlocked=1 | expl_noise=0.0747 | replay=21176 | interaction_replay=9495 | samples/sec=4.630
Episode 263 complete | agent_samples=21222 | env_steps=8549 | episode_env_steps=10 | episode_agent_samples=46 | mean_reward=28.220 | success=3/5 | collision=2/5 | mean_final_distance=0.393 | mean_progress=0.0188 | min_laser=0.301 | mean_lin=0.588 | mean_ang=-0.187 | mean_robot_dist=0.421 | raw_reward=-20.000 | adjusted_reward=-20.000 | coop_agents=0/5 | mean_coop_neighbors=0.00 | active_neighbor_step_rate=0.978 | mean_active_neighbors_step=2.261 | max_active_neighbors_step=4 | interaction_reward=0.0000 | abs_interaction_reward=0.0000 | anti_stag_reward=0.0000 | abs_anti_stag_reward=0.0000 | wall_clear_reward=0.0000 | abs_wall_clear_reward=0.0000 | local_nav_reward=0.0000 | abs_local_nav_reward=0.0000 | context_neighbors_mean=2.41 | context_neighbors_max=4 | last_context_neighbors_mean=0.00 | last_context_neighbors_max=0 | actor_unlocked=1 | expl_noise=0.0747 | replay=21222 | interaction_replay=9537 | samples/sec=4.637
Episode 264 complete | agent_samples=21267 | env_steps=8560 | episode_env_steps=11 | episode_agent_samples=45 | mean_reward=34.750 | success=3/5 | collision=2/5 | mean_final_distance=0.348 | mean_progress=0.0459 | min_laser=0.300 | mean_lin=0.975 | mean_ang=-0.554 | mean_robot_dist=0.447 | raw_reward=-40.000 | adjusted_reward=-40.000 | coop_agents=2/5 | mean_coop_neighbors=0.40 | active_neighbor_step_rate=0.978 | mean_active_neighbors_step=2.222 | max_active_neighbors_step=4 | interaction_reward=0.0000 | abs_interaction_reward=0.0000 | anti_stag_reward=0.0000 | abs_anti_stag_reward=0.0000 | wall_clear_reward=0.0000 | abs_wall_clear_reward=0.0000 | local_nav_reward=0.0000 | abs_local_nav_reward=0.0000 | context_neighbors_mean=2.31 | context_neighbors_max=4 | last_context_neighbors_mean=0.00 | last_context_neighbors_max=0 | actor_unlocked=1 | expl_noise=0.0746 | replay=21267 | interaction_replay=9581 | samples/sec=4.644
Episode 265 complete | agent_samples=21314 | env_steps=8571 | episode_env_steps=11 | episode_agent_samples=47 | mean_reward=110.403 | success=5/5 | collision=0/5 | mean_final_distance=0.243 | mean_progress=0.0230 | min_laser=0.697 | mean_lin=0.995 | mean_ang=0.820 | mean_robot_dist=1.095 | raw_reward=20.000 | adjusted_reward=20.000 | coop_agents=0/5 | mean_coop_neighbors=0.00 | active_neighbor_step_rate=0.957 | mean_active_neighbors_step=2.553 | max_active_neighbors_step=4 | interaction_reward=0.0000 | abs_interaction_reward=0.0000 | anti_stag_reward=0.0000 | abs_anti_stag_reward=0.0000 | wall_clear_reward=0.0000 | abs_wall_clear_reward=0.0000 | local_nav_reward=0.0000 | abs_local_nav_reward=0.0000 | context_neighbors_mean=2.70 | context_neighbors_max=4 | last_context_neighbors_mean=0.00 | last_context_neighbors_max=0 | actor_unlocked=1 | expl_noise=0.0746 | replay=21314 | interaction_replay=9627 | samples/sec=4.652
Status | epoch=2 | next_eval_in=18686 agent_samples | checkpoint_every=10 episodes | checkpoint=./checkpoints/interaction_oracle_specialist_pilot_s20260724_latest.pt | model=interaction_oracle_specialist_pilot_s20260724
Episode 266 complete | agent_samples=21368 | env_steps=8589 | episode_env_steps=18 | episode_agent_samples=54 | mean_reward=107.028 | success=5/5 | collision=0/5 | mean_final_distance=0.259 | mean_progress=0.0078 | min_laser=0.446 | mean_lin=0.982 | mean_ang=0.170 | mean_robot_dist=1.285 | raw_reward=20.000 | adjusted_reward=20.000 | coop_agents=0/5 | mean_coop_neighbors=0.00 | active_neighbor_step_rate=0.796 | mean_active_neighbors_step=2.093 | max_active_neighbors_step=4 | interaction_reward=0.0000 | abs_interaction_reward=0.0000 | anti_stag_reward=0.0000 | abs_anti_stag_reward=0.0000 | wall_clear_reward=0.0000 | abs_wall_clear_reward=0.0000 | local_nav_reward=0.0000 | abs_local_nav_reward=0.0000 | context_neighbors_mean=2.17 | context_neighbors_max=4 | last_context_neighbors_mean=0.00 | last_context_neighbors_max=0 | actor_unlocked=1 | expl_noise=0.0746 | replay=21368 | interaction_replay=9663 | samples/sec=4.658
Episode 267 complete | agent_samples=21442 | env_steps=8626 | episode_env_steps=37 | episode_agent_samples=74 | mean_reward=80.743 | success=4/5 | collision=1/5 | mean_final_distance=0.465 | mean_progress=0.0071 | min_laser=0.300 | mean_lin=0.799 | mean_ang=-0.189 | mean_robot_dist=1.878 | raw_reward=20.000 | adjusted_reward=20.000 | coop_agents=0/5 | mean_coop_neighbors=0.00 | active_neighbor_step_rate=0.595 | mean_active_neighbors_step=1.365 | max_active_neighbors_step=4 | interaction_reward=0.0000 | abs_interaction_reward=0.0000 | anti_stag_reward=0.0000 | abs_anti_stag_reward=0.0000 | wall_clear_reward=0.0000 | abs_wall_clear_reward=0.0000 | local_nav_reward=0.0000 | abs_local_nav_reward=0.0000 | context_neighbors_mean=1.47 | context_neighbors_max=4 | last_context_neighbors_mean=0.00 | last_context_neighbors_max=0 | actor_unlocked=1 | expl_noise=0.0746 | replay=21442 | interaction_replay=9708 | samples/sec=4.666
Episode 268 complete | agent_samples=21566 | env_steps=8714 | episode_env_steps=88 | episode_agent_samples=124 | mean_reward=107.056 | success=5/5 | collision=0/5 | mean_final_distance=0.276 | mean_progress=0.0010 | min_laser=0.436 | mean_lin=0.796 | mean_ang=-0.205 | mean_robot_dist=1.749 | raw_reward=20.000 | adjusted_reward=20.000 | coop_agents=0/5 | mean_coop_neighbors=0.00 | active_neighbor_step_rate=0.315 | mean_active_neighbors_step=0.879 | max_active_neighbors_step=4 | interaction_reward=0.0000 | abs_interaction_reward=0.0000 | anti_stag_reward=0.0000 | abs_anti_stag_reward=0.0000 | wall_clear_reward=0.0000 | abs_wall_clear_reward=0.0000 | local_nav_reward=0.0000 | abs_local_nav_reward=0.0000 | context_neighbors_mean=0.92 | context_neighbors_max=4 | last_context_neighbors_mean=0.00 | last_context_neighbors_max=0 | actor_unlocked=1 | expl_noise=0.0746 | replay=21566 | interaction_replay=9746 | samples/sec=4.669
Episode 269 complete | agent_samples=21625 | env_steps=8736 | episode_env_steps=22 | episode_agent_samples=59 | mean_reward=118.023 | success=5/5 | collision=0/5 | mean_final_distance=0.245 | mean_progress=0.0276 | min_laser=0.621 | mean_lin=0.989 | mean_ang=0.554 | mean_robot_dist=0.890 | raw_reward=20.000 | adjusted_reward=20.000 | coop_agents=0/5 | mean_coop_neighbors=0.00 | active_neighbor_step_rate=0.729 | mean_active_neighbors_step=1.780 | max_active_neighbors_step=4 | interaction_reward=0.0000 | abs_interaction_reward=0.0000 | anti_stag_reward=0.0000 | abs_anti_stag_reward=0.0000 | wall_clear_reward=0.0000 | abs_wall_clear_reward=0.0000 | local_nav_reward=0.0000 | abs_local_nav_reward=0.0000 | context_neighbors_mean=1.81 | context_neighbors_max=4 | last_context_neighbors_mean=0.00 | last_context_neighbors_max=0 | actor_unlocked=1 | expl_noise=0.0745 | replay=21625 | interaction_replay=9786 | samples/sec=4.674
Episode 270 complete | agent_samples=21720 | env_steps=8772 | episode_env_steps=36 | episode_agent_samples=95 | mean_reward=106.864 | success=5/5 | collision=0/5 | mean_final_distance=0.252 | mean_progress=0.0089 | min_laser=0.499 | mean_lin=0.799 | mean_ang=-0.605 | mean_robot_dist=1.479 | raw_reward=20.000 | adjusted_reward=20.000 | coop_agents=0/5 | mean_coop_neighbors=0.00 | active_neighbor_step_rate=0.695 | mean_active_neighbors_step=1.326 | max_active_neighbors_step=4 | interaction_reward=0.0000 | abs_interaction_reward=0.0000 | anti_stag_reward=0.0000 | abs_anti_stag_reward=0.0000 | wall_clear_reward=0.0000 | abs_wall_clear_reward=0.0000 | local_nav_reward=0.0000 | abs_local_nav_reward=0.0000 | context_neighbors_mean=1.39 | context_neighbors_max=4 | last_context_neighbors_mean=0.00 | last_context_neighbors_max=0 | actor_unlocked=1 | expl_noise=0.0745 | replay=21720 | interaction_replay=9842 | samples/sec=4.676
Status | epoch=2 | next_eval_in=18280 agent_samples | checkpoint_every=10 episodes | checkpoint=./checkpoints/interaction_oracle_specialist_pilot_s20260724_latest.pt | model=interaction_oracle_specialist_pilot_s20260724
Checkpoint saved: ./checkpoints/interaction_oracle_specialist_pilot_s20260724_latest.pt
Episode 271 complete | agent_samples=21770 | env_steps=8784 | episode_env_steps=12 | episode_agent_samples=50 | mean_reward=39.699 | success=3/5 | collision=2/5 | mean_final_distance=0.428 | mean_progress=0.0158 | min_laser=0.300 | mean_lin=0.615 | mean_ang=0.090 | mean_robot_dist=0.349 | raw_reward=-20.000 | adjusted_reward=-20.000 | coop_agents=0/5 | mean_coop_neighbors=0.00 | active_neighbor_step_rate=0.800 | mean_active_neighbors_step=2.200 | max_active_neighbors_step=4 | interaction_reward=0.0000 | abs_interaction_reward=0.0000 | anti_stag_reward=0.0000 | abs_anti_stag_reward=0.0000 | wall_clear_reward=0.0000 | abs_wall_clear_reward=0.0000 | local_nav_reward=0.0000 | abs_local_nav_reward=0.0000 | context_neighbors_mean=2.24 | context_neighbors_max=4 | last_context_neighbors_mean=0.00 | last_context_neighbors_max=0 | actor_unlocked=1 | expl_noise=0.0745 | replay=21770 | interaction_replay=9884 | samples/sec=4.667
Episode 272 complete | agent_samples=21902 | env_steps=8826 | episode_env_steps=42 | episode_agent_samples=132 | mean_reward=121.231 | success=5/5 | collision=0/5 | mean_final_distance=0.264 | mean_progress=0.0154 | min_laser=0.536 | mean_lin=0.984 | mean_ang=-0.600 | mean_robot_dist=1.575 | raw_reward=20.000 | adjusted_reward=20.000 | coop_agents=0/5 | mean_coop_neighbors=0.00 | active_neighbor_step_rate=0.568 | mean_active_neighbors_step=1.508 | max_active_neighbors_step=4 | interaction_reward=0.0000 | abs_interaction_reward=0.0000 | anti_stag_reward=0.0000 | abs_anti_stag_reward=0.0000 | wall_clear_reward=0.0000 | abs_wall_clear_reward=0.0000 | local_nav_reward=0.0000 | abs_local_nav_reward=0.0000 | context_neighbors_mean=1.53 | context_neighbors_max=4 | last_context_neighbors_mean=0.00 | last_context_neighbors_max=0 | actor_unlocked=1 | expl_noise=0.0745 | replay=21902 | interaction_replay=9929 | samples/sec=4.686
Episode 273 complete | agent_samples=21968 | env_steps=8848 | episode_env_steps=22 | episode_agent_samples=66 | mean_reward=122.196 | success=5/5 | collision=0/5 | mean_final_distance=0.260 | mean_progress=0.0150 | min_laser=0.599 | mean_lin=0.988 | mean_ang=0.215 | mean_robot_dist=1.859 | raw_reward=20.000 | adjusted_reward=20.000 | coop_agents=0/5 | mean_coop_neighbors=0.00 | active_neighbor_step_rate=0.773 | mean_active_neighbors_step=2.091 | max_active_neighbors_step=4 | interaction_reward=0.0000 | abs_interaction_reward=0.0000 | anti_stag_reward=0.0000 | abs_anti_stag_reward=0.0000 | wall_clear_reward=0.0000 | abs_wall_clear_reward=0.0000 | local_nav_reward=0.0000 | abs_local_nav_reward=0.0000 | context_neighbors_mean=2.18 | context_neighbors_max=4 | last_context_neighbors_mean=0.00 | last_context_neighbors_max=0 | actor_unlocked=1 | expl_noise=0.0745 | replay=21968 | interaction_replay=9973 | samples/sec=4.696
Episode 274 complete | agent_samples=22038 | env_steps=8878 | episode_env_steps=30 | episode_agent_samples=70 | mean_reward=68.376 | success=4/5 | collision=1/5 | mean_final_distance=0.451 | mean_progress=0.0096 | min_laser=0.319 | mean_lin=0.993 | mean_ang=-0.594 | mean_robot_dist=2.060 | raw_reward=20.000 | adjusted_reward=20.000 | coop_agents=0/5 | mean_coop_neighbors=0.00 | active_neighbor_step_rate=0.543 | mean_active_neighbors_step=1.414 | max_active_neighbors_step=4 | interaction_reward=0.0000 | abs_interaction_reward=0.0000 | anti_stag_reward=0.0000 | abs_anti_stag_reward=0.0000 | wall_clear_reward=0.0000 | abs_wall_clear_reward=0.0000 | local_nav_reward=0.0000 | abs_local_nav_reward=0.0000 | context_neighbors_mean=1.51 | context_neighbors_max=4 | last_context_neighbors_mean=0.00 | last_context_neighbors_max=0 | actor_unlocked=1 | expl_noise=0.0745 | replay=22038 | interaction_replay=10012 | samples/sec=4.704
Episode 275 complete | agent_samples=22401 | env_steps=9178 | episode_env_steps=300 | episode_agent_samples=363 | mean_reward=84.154 | success=4/5 | collision=0/5 | mean_final_distance=0.668 | mean_progress=0.0002 | min_laser=0.446 | mean_lin=0.596 | mean_ang=-0.208 | mean_robot_dist=2.813 | raw_reward=-0.084 | adjusted_reward=-0.084 | coop_agents=0/5 | mean_coop_neighbors=0.00 | active_neighbor_step_rate=0.229 | mean_active_neighbors_step=0.603 | max_active_neighbors_step=4 | interaction_reward=0.0000 | abs_interaction_reward=0.0000 | anti_stag_reward=0.0000 | abs_anti_stag_reward=0.0000 | wall_clear_reward=0.0000 | abs_wall_clear_reward=0.0000 | local_nav_reward=0.0000 | abs_local_nav_reward=0.0000 | context_neighbors_mean=0.61 | context_neighbors_max=4 | last_context_neighbors_mean=0.00 | last_context_neighbors_max=0 | actor_unlocked=1 | expl_noise=0.0743 | replay=22401 | interaction_replay=10041 | samples/sec=4.657
Status | epoch=2 | next_eval_in=17599 agent_samples | checkpoint_every=10 episodes | checkpoint=./checkpoints/interaction_oracle_specialist_pilot_s20260724_latest.pt | model=interaction_oracle_specialist_pilot_s20260724
Episode 276 complete | agent_samples=22445 | env_steps=9189 | episode_env_steps=11 | episode_agent_samples=44 | mean_reward=31.857 | success=3/5 | collision=2/5 | mean_final_distance=0.523 | mean_progress=0.0204 | min_laser=0.307 | mean_lin=0.968 | mean_ang=-0.155 | mean_robot_dist=1.352 | raw_reward=20.000 | adjusted_reward=20.000 | coop_agents=0/5 | mean_coop_neighbors=0.00 | active_neighbor_step_rate=0.886 | mean_active_neighbors_step=2.159 | max_active_neighbors_step=4 | interaction_reward=0.0000 | abs_interaction_reward=0.0000 | anti_stag_reward=0.0000 | abs_anti_stag_reward=0.0000 | wall_clear_reward=0.0000 | abs_wall_clear_reward=0.0000 | local_nav_reward=0.0000 | abs_local_nav_reward=0.0000 | context_neighbors_mean=2.25 | context_neighbors_max=4 | last_context_neighbors_mean=0.00 | last_context_neighbors_max=0 | actor_unlocked=1 | expl_noise=0.0743 | replay=22445 | interaction_replay=10077 | samples/sec=4.661
Episode 277 complete | agent_samples=22525 | env_steps=9228 | episode_env_steps=39 | episode_agent_samples=80 | mean_reward=119.836 | success=5/5 | collision=0/5 | mean_final_distance=0.282 | mean_progress=0.0107 | min_laser=0.566 | mean_lin=0.987 | mean_ang=0.915 | mean_robot_dist=1.093 | raw_reward=20.000 | adjusted_reward=20.000 | coop_agents=0/5 | mean_coop_neighbors=0.00 | active_neighbor_step_rate=0.600 | mean_active_neighbors_step=1.600 | max_active_neighbors_step=4 | interaction_reward=0.0000 | abs_interaction_reward=0.0000 | anti_stag_reward=0.0000 | abs_anti_stag_reward=0.0000 | wall_clear_reward=0.0000 | abs_wall_clear_reward=0.0000 | local_nav_reward=0.0000 | abs_local_nav_reward=0.0000 | context_neighbors_mean=1.66 | context_neighbors_max=4 | last_context_neighbors_mean=0.00 | last_context_neighbors_max=0 | actor_unlocked=1 | expl_noise=0.0742 | replay=22525 | interaction_replay=10125 | samples/sec=4.666
Episode 278 complete | agent_samples=22577 | env_steps=9241 | episode_env_steps=13 | episode_agent_samples=52 | mean_reward=122.832 | success=5/5 | collision=0/5 | mean_final_distance=0.231 | mean_progress=0.0245 | min_laser=0.580 | mean_lin=0.991 | mean_ang=-0.600 | mean_robot_dist=1.077 | raw_reward=20.000 | adjusted_reward=20.000 | coop_agents=0/5 | mean_coop_neighbors=0.00 | active_neighbor_step_rate=0.865 | mean_active_neighbors_step=1.808 | max_active_neighbors_step=4 | interaction_reward=0.0000 | abs_interaction_reward=0.0000 | anti_stag_reward=0.0000 | abs_anti_stag_reward=0.0000 | wall_clear_reward=0.0000 | abs_wall_clear_reward=0.0000 | local_nav_reward=0.0000 | abs_local_nav_reward=0.0000 | context_neighbors_mean=1.90 | context_neighbors_max=4 | last_context_neighbors_mean=0.00 | last_context_neighbors_max=0 | actor_unlocked=1 | expl_noise=0.0742 | replay=22577 | interaction_replay=10163 | samples/sec=4.673
Episode 279 complete | agent_samples=22635 | env_steps=9255 | episode_env_steps=14 | episode_agent_samples=58 | mean_reward=119.295 | success=5/5 | collision=0/5 | mean_final_distance=0.223 | mean_progress=0.0146 | min_laser=0.437 | mean_lin=0.994 | mean_ang=0.094 | mean_robot_dist=0.990 | raw_reward=20.000 | adjusted_reward=20.000 | coop_agents=0/5 | mean_coop_neighbors=0.00 | active_neighbor_step_rate=0.862 | mean_active_neighbors_step=1.724 | max_active_neighbors_step=4 | interaction_reward=0.0000 | abs_interaction_reward=0.0000 | anti_stag_reward=0.0000 | abs_anti_stag_reward=0.0000 | wall_clear_reward=0.0000 | abs_wall_clear_reward=0.0000 | local_nav_reward=0.0000 | abs_local_nav_reward=0.0000 | context_neighbors_mean=1.84 | context_neighbors_max=4 | last_context_neighbors_mean=0.00 | last_context_neighbors_max=0 | actor_unlocked=1 | expl_noise=0.0742 | replay=22635 | interaction_replay=10207 | samples/sec=4.672
Episode 280 complete | agent_samples=22697 | env_steps=9274 | episode_env_steps=19 | episode_agent_samples=62 | mean_reward=31.966 | success=3/5 | collision=2/5 | mean_final_distance=0.426 | mean_progress=0.0098 | min_laser=0.300 | mean_lin=0.801 | mean_ang=-0.588 | mean_robot_dist=1.934 | raw_reward=20.000 | adjusted_reward=20.000 | coop_agents=0/5 | mean_coop_neighbors=0.00 | active_neighbor_step_rate=0.726 | mean_active_neighbors_step=2.000 | max_active_neighbors_step=4 | interaction_reward=0.0000 | abs_interaction_reward=0.0000 | anti_stag_reward=0.0000 | abs_anti_stag_reward=0.0000 | wall_clear_reward=0.0000 | abs_wall_clear_reward=0.0000 | local_nav_reward=0.0000 | abs_local_nav_reward=0.0000 | context_neighbors_mean=2.06 | context_neighbors_max=4 | last_context_neighbors_mean=0.00 | last_context_neighbors_max=0 | actor_unlocked=1 | expl_noise=0.0742 | replay=22697 | interaction_replay=10250 | samples/sec=4.680
Status | epoch=2 | next_eval_in=17303 agent_samples | checkpoint_every=10 episodes | checkpoint=./checkpoints/interaction_oracle_specialist_pilot_s20260724_latest.pt | model=interaction_oracle_specialist_pilot_s20260724
Checkpoint saved: ./checkpoints/interaction_oracle_specialist_pilot_s20260724_latest.pt
Episode 281 complete | agent_samples=22789 | env_steps=9335 | episode_env_steps=61 | episode_agent_samples=92 | mean_reward=23.111 | success=3/5 | collision=2/5 | mean_final_distance=0.665 | mean_progress=0.0104 | min_laser=0.320 | mean_lin=0.795 | mean_ang=0.212 | mean_robot_dist=1.751 | raw_reward=20.000 | adjusted_reward=20.000 | coop_agents=0/5 | mean_coop_neighbors=0.00 | active_neighbor_step_rate=0.391 | mean_active_neighbors_step=0.859 | max_active_neighbors_step=3 | interaction_reward=0.0000 | abs_interaction_reward=0.0000 | anti_stag_reward=0.0000 | abs_anti_stag_reward=0.0000 | wall_clear_reward=0.0000 | abs_wall_clear_reward=0.0000 | local_nav_reward=0.0000 | abs_local_nav_reward=0.0000 | context_neighbors_mean=0.90 | context_neighbors_max=3 | last_context_neighbors_mean=0.00 | last_context_neighbors_max=0 | actor_unlocked=1 | expl_noise=0.0742 | replay=22789 | interaction_replay=10285 | samples/sec=4.686
Episode 282 complete | agent_samples=22916 | env_steps=9374 | episode_env_steps=39 | episode_agent_samples=127 | mean_reward=135.666 | success=5/5 | collision=0/5 | mean_final_distance=0.270 | mean_progress=0.0199 | min_laser=0.512 | mean_lin=0.972 | mean_ang=-0.205 | mean_robot_dist=1.190 | raw_reward=20.000 | adjusted_reward=20.000 | coop_agents=0/5 | mean_coop_neighbors=0.00 | active_neighbor_step_rate=0.787 | mean_active_neighbors_step=2.213 | max_active_neighbors_step=4 | interaction_reward=0.0000 | abs_interaction_reward=0.0000 | anti_stag_reward=0.0000 | abs_anti_stag_reward=0.0000 | wall_clear_reward=0.0000 | abs_wall_clear_reward=0.0000 | local_nav_reward=0.0000 | abs_local_nav_reward=0.0000 | context_neighbors_mean=2.25 | context_neighbors_max=4 | last_context_neighbors_mean=0.00 | last_context_neighbors_max=0 | actor_unlocked=1 | expl_noise=0.0741 | replay=22916 | interaction_replay=10335 | samples/sec=4.703
Episode 283 complete | agent_samples=23025 | env_steps=9441 | episode_env_steps=67 | episode_agent_samples=109 | mean_reward=21.671 | success=3/5 | collision=2/5 | mean_final_distance=0.371 | mean_progress=0.0033 | min_laser=0.324 | mean_lin=0.786 | mean_ang=0.211 | mean_robot_dist=2.015 | raw_reward=20.000 | adjusted_reward=20.000 | coop_agents=0/5 | mean_coop_neighbors=0.00 | active_neighbor_step_rate=0.450 | mean_active_neighbors_step=1.101 | max_active_neighbors_step=4 | interaction_reward=0.0000 | abs_interaction_reward=0.0000 | anti_stag_reward=0.0000 | abs_anti_stag_reward=0.0000 | wall_clear_reward=0.0000 | abs_wall_clear_reward=0.0000 | local_nav_reward=0.0000 | abs_local_nav_reward=0.0000 | context_neighbors_mean=1.17 | context_neighbors_max=4 | last_context_neighbors_mean=0.00 | last_context_neighbors_max=0 | actor_unlocked=1 | expl_noise=0.0741 | replay=23025 | interaction_replay=10379 | samples/sec=4.703
Episode 284 complete | agent_samples=23087 | env_steps=9455 | episode_env_steps=14 | episode_agent_samples=62 | mean_reward=116.419 | success=5/5 | collision=0/5 | mean_final_distance=0.266 | mean_progress=0.0370 | min_laser=0.685 | mean_lin=0.972 | mean_ang=-0.232 | mean_robot_dist=1.105 | raw_reward=60.000 | adjusted_reward=60.000 | coop_agents=2/5 | mean_coop_neighbors=0.40 | active_neighbor_step_rate=0.919 | mean_active_neighbors_step=2.306 | max_active_neighbors_step=4 | interaction_reward=0.0000 | abs_interaction_reward=0.0000 | anti_stag_reward=0.0000 | abs_anti_stag_reward=0.0000 | wall_clear_reward=0.0000 | abs_wall_clear_reward=0.0000 | local_nav_reward=0.0000 | abs_local_nav_reward=0.0000 | context_neighbors_mean=2.47 | context_neighbors_max=4 | last_context_neighbors_mean=0.00 | last_context_neighbors_max=0 | actor_unlocked=1 | expl_noise=0.0741 | replay=23087 | interaction_replay=10438 | samples/sec=4.709
Episode 285 complete | agent_samples=23132 | env_steps=9468 | episode_env_steps=13 | episode_agent_samples=45 | mean_reward=79.198 | success=4/5 | collision=1/5 | mean_final_distance=0.269 | mean_progress=0.0125 | min_laser=0.332 | mean_lin=0.800 | mean_ang=0.182 | mean_robot_dist=0.682 | raw_reward=20.000 | adjusted_reward=20.000 | coop_agents=0/5 | mean_coop_neighbors=0.00 | active_neighbor_step_rate=0.756 | mean_active_neighbors_step=2.000 | max_active_neighbors_step=4 | interaction_reward=0.0000 | abs_interaction_reward=0.0000 | anti_stag_reward=0.0000 | abs_anti_stag_reward=0.0000 | wall_clear_reward=0.0000 | abs_wall_clear_reward=0.0000 | local_nav_reward=0.0000 | abs_local_nav_reward=0.0000 | context_neighbors_mean=2.09 | context_neighbors_max=4 | last_context_neighbors_mean=0.00 | last_context_neighbors_max=0 | actor_unlocked=1 | expl_noise=0.0741 | replay=23132 | interaction_replay=10469 | samples/sec=4.711
Status | epoch=2 | next_eval_in=16868 agent_samples | checkpoint_every=10 episodes | checkpoint=./checkpoints/interaction_oracle_specialist_pilot_s20260724_latest.pt | model=interaction_oracle_specialist_pilot_s20260724
Episode 286 complete | agent_samples=23177 | env_steps=9480 | episode_env_steps=12 | episode_agent_samples=45 | mean_reward=71.428 | success=4/5 | collision=1/5 | mean_final_distance=0.483 | mean_progress=0.0216 | min_laser=0.327 | mean_lin=0.800 | mean_ang=-0.330 | mean_robot_dist=1.446 | raw_reward=20.000 | adjusted_reward=20.000 | coop_agents=0/5 | mean_coop_neighbors=0.00 | active_neighbor_step_rate=0.933 | mean_active_neighbors_step=1.956 | max_active_neighbors_step=3 | interaction_reward=0.0000 | abs_interaction_reward=0.0000 | anti_stag_reward=0.0000 | abs_anti_stag_reward=0.0000 | wall_clear_reward=0.0000 | abs_wall_clear_reward=0.0000 | local_nav_reward=0.0000 | abs_local_nav_reward=0.0000 | context_neighbors_mean=2.04 | context_neighbors_max=3 | last_context_neighbors_mean=0.00 | last_context_neighbors_max=0 | actor_unlocked=1 | expl_noise=0.0741 | replay=23177 | interaction_replay=10505 | samples/sec=4.718
Episode 287 complete | agent_samples=23274 | env_steps=9518 | episode_env_steps=38 | episode_agent_samples=97 | mean_reward=134.769 | success=5/5 | collision=0/5 | mean_final_distance=0.276 | mean_progress=0.0130 | min_laser=0.408 | mean_lin=0.963 | mean_ang=-0.663 | mean_robot_dist=2.344 | raw_reward=20.000 | adjusted_reward=20.000 | coop_agents=0/5 | mean_coop_neighbors=0.00 | active_neighbor_step_rate=0.649 | mean_active_neighbors_step=1.093 | max_active_neighbors_step=4 | interaction_reward=0.0000 | abs_interaction_reward=0.0000 | anti_stag_reward=0.0000 | abs_anti_stag_reward=0.0000 | wall_clear_reward=0.0000 | abs_wall_clear_reward=0.0000 | local_nav_reward=0.0000 | abs_local_nav_reward=0.0000 | context_neighbors_mean=1.11 | context_neighbors_max=4 | last_context_neighbors_mean=0.00 | last_context_neighbors_max=0 | actor_unlocked=1 | expl_noise=0.0741 | replay=23274 | interaction_replay=10524 | samples/sec=4.728
Episode 288 complete | agent_samples=23330 | env_steps=9537 | episode_env_steps=19 | episode_agent_samples=56 | mean_reward=75.304 | success=4/5 | collision=1/5 | mean_final_distance=0.526 | mean_progress=0.0105 | min_laser=0.326 | mean_lin=0.773 | mean_ang=0.469 | mean_robot_dist=1.378 | raw_reward=20.000 | adjusted_reward=20.000 | coop_agents=0/5 | mean_coop_neighbors=0.00 | active_neighbor_step_rate=0.768 | mean_active_neighbors_step=1.643 | max_active_neighbors_step=4 | interaction_reward=0.0000 | abs_interaction_reward=0.0000 | anti_stag_reward=0.0000 | abs_anti_stag_reward=0.0000 | wall_clear_reward=0.0000 | abs_wall_clear_reward=0.0000 | local_nav_reward=0.0000 | abs_local_nav_reward=0.0000 | context_neighbors_mean=1.71 | context_neighbors_max=4 | last_context_neighbors_mean=0.00 | last_context_neighbors_max=0 | actor_unlocked=1 | expl_noise=0.0740 | replay=23330 | interaction_replay=10560 | samples/sec=4.735
Episode 289 complete | agent_samples=23396 | env_steps=9557 | episode_env_steps=20 | episode_agent_samples=66 | mean_reward=120.687 | success=5/5 | collision=0/5 | mean_final_distance=0.250 | mean_progress=0.0122 | min_laser=0.522 | mean_lin=0.799 | mean_ang=-0.157 | mean_robot_dist=1.532 | raw_reward=20.000 | adjusted_reward=20.000 | coop_agents=0/5 | mean_coop_neighbors=0.00 | active_neighbor_step_rate=0.727 | mean_active_neighbors_step=1.712 | max_active_neighbors_step=4 | interaction_reward=0.0000 | abs_interaction_reward=0.0000 | anti_stag_reward=0.0000 | abs_anti_stag_reward=0.0000 | wall_clear_reward=0.0000 | abs_wall_clear_reward=0.0000 | local_nav_reward=0.0000 | abs_local_nav_reward=0.0000 | context_neighbors_mean=1.82 | context_neighbors_max=4 | last_context_neighbors_mean=0.00 | last_context_neighbors_max=0 | actor_unlocked=1 | expl_noise=0.0740 | replay=23396 | interaction_replay=10609 | samples/sec=4.744
Episode 290 complete | agent_samples=23458 | env_steps=9583 | episode_env_steps=26 | episode_agent_samples=62 | mean_reward=61.865 | success=4/5 | collision=1/5 | mean_final_distance=0.522 | mean_progress=0.0112 | min_laser=0.334 | mean_lin=0.876 | mean_ang=-0.076 | mean_robot_dist=1.619 | raw_reward=20.000 | adjusted_reward=20.000 | coop_agents=0/5 | mean_coop_neighbors=0.00 | active_neighbor_step_rate=0.677 | mean_active_neighbors_step=1.694 | max_active_neighbors_step=4 | interaction_reward=0.0000 | abs_interaction_reward=0.0000 | anti_stag_reward=0.0000 | abs_anti_stag_reward=0.0000 | wall_clear_reward=0.0000 | abs_wall_clear_reward=0.0000 | local_nav_reward=0.0000 | abs_local_nav_reward=0.0000 | context_neighbors_mean=1.76 | context_neighbors_max=4 | last_context_neighbors_mean=0.00 | last_context_neighbors_max=0 | actor_unlocked=1 | expl_noise=0.0740 | replay=23458 | interaction_replay=10652 | samples/sec=4.749
Status | epoch=2 | next_eval_in=16542 agent_samples | checkpoint_every=10 episodes | checkpoint=./checkpoints/interaction_oracle_specialist_pilot_s20260724_latest.pt | model=interaction_oracle_specialist_pilot_s20260724
Checkpoint saved: ./checkpoints/interaction_oracle_specialist_pilot_s20260724_latest.pt
Episode 291 complete | agent_samples=23546 | env_steps=9615 | episode_env_steps=32 | episode_agent_samples=88 | mean_reward=-43.679 | success=1/5 | collision=4/5 | mean_final_distance=1.288 | mean_progress=-0.0008 | min_laser=0.332 | mean_lin=0.806 | mean_ang=0.152 | mean_robot_dist=1.382 | raw_reward=-20.000 | adjusted_reward=-20.000 | coop_agents=0/5 | mean_coop_neighbors=0.00 | active_neighbor_step_rate=0.773 | mean_active_neighbors_step=1.977 | max_active_neighbors_step=4 | interaction_reward=0.0000 | abs_interaction_reward=0.0000 | anti_stag_reward=0.0000 | abs_anti_stag_reward=0.0000 | wall_clear_reward=0.0000 | abs_wall_clear_reward=0.0000 | local_nav_reward=0.0000 | abs_local_nav_reward=0.0000 | context_neighbors_mean=2.02 | context_neighbors_max=4 | last_context_neighbors_mean=0.00 | last_context_neighbors_max=0 | actor_unlocked=1 | expl_noise=0.0740 | replay=23546 | interaction_replay=10691 | samples/sec=4.759
Episode 292 complete | agent_samples=23598 | env_steps=9629 | episode_env_steps=14 | episode_agent_samples=52 | mean_reward=85.998 | success=4/5 | collision=1/5 | mean_final_distance=0.388 | mean_progress=0.0253 | min_laser=0.347 | mean_lin=1.000 | mean_ang=0.124 | mean_robot_dist=0.594 | raw_reward=-20.000 | adjusted_reward=-20.000 | coop_agents=0/5 | mean_coop_neighbors=0.00 | active_neighbor_step_rate=0.885 | mean_active_neighbors_step=1.981 | max_active_neighbors_step=4 | interaction_reward=0.0000 | abs_interaction_reward=0.0000 | anti_stag_reward=0.0000 | abs_anti_stag_reward=0.0000 | wall_clear_reward=0.0000 | abs_wall_clear_reward=0.0000 | local_nav_reward=0.0000 | abs_local_nav_reward=0.0000 | context_neighbors_mean=2.13 | context_neighbors_max=4 | last_context_neighbors_mean=0.00 | last_context_neighbors_max=0 | actor_unlocked=1 | expl_noise=0.0740 | replay=23598 | interaction_replay=10736 | samples/sec=4.766
Episode 293 complete | agent_samples=23655 | env_steps=9645 | episode_env_steps=16 | episode_agent_samples=57 | mean_reward=39.170 | success=3/5 | collision=2/5 | mean_final_distance=0.576 | mean_progress=0.0197 | min_laser=0.300 | mean_lin=0.978 | mean_ang=0.525 | mean_robot_dist=3.106 | raw_reward=20.000 | adjusted_reward=20.000 | coop_agents=0/5 | mean_coop_neighbors=0.00 | active_neighbor_step_rate=0.719 | mean_active_neighbors_step=2.053 | max_active_neighbors_step=4 | interaction_reward=0.0000 | abs_interaction_reward=0.0000 | anti_stag_reward=0.0000 | abs_anti_stag_reward=0.0000 | wall_clear_reward=0.0000 | abs_wall_clear_reward=0.0000 | local_nav_reward=0.0000 | abs_local_nav_reward=0.0000 | context_neighbors_mean=2.07 | context_neighbors_max=4 | last_context_neighbors_mean=0.00 | last_context_neighbors_max=0 | actor_unlocked=1 | expl_noise=0.0740 | replay=23655 | interaction_replay=10756 | samples/sec=4.774
Episode 294 complete | agent_samples=23740 | env_steps=9669 | episode_env_steps=24 | episode_agent_samples=85 | mean_reward=127.026 | success=5/5 | collision=0/5 | mean_final_distance=0.230 | mean_progress=0.0146 | min_laser=0.595 | mean_lin=0.998 | mean_ang=-0.264 | mean_robot_dist=3.157 | raw_reward=20.000 | adjusted_reward=20.000 | coop_agents=0/5 | mean_coop_neighbors=0.00 | active_neighbor_step_rate=0.824 | mean_active_neighbors_step=1.553 | max_active_neighbors_step=4 | interaction_reward=0.0000 | abs_interaction_reward=0.0000 | anti_stag_reward=0.0000 | abs_anti_stag_reward=0.0000 | wall_clear_reward=0.0000 | abs_wall_clear_reward=0.0000 | local_nav_reward=0.0000 | abs_local_nav_reward=0.0000 | context_neighbors_mean=1.54 | context_neighbors_max=4 | last_context_neighbors_mean=0.00 | last_context_neighbors_max=0 | actor_unlocked=1 | expl_noise=0.0740 | replay=23740 | interaction_replay=10775 | samples/sec=4.786
Episode 295 complete | agent_samples=23795 | env_steps=9686 | episode_env_steps=17 | episode_agent_samples=55 | mean_reward=122.526 | success=5/5 | collision=0/5 | mean_final_distance=0.250 | mean_progress=0.0237 | min_laser=0.843 | mean_lin=0.983 | mean_ang=-0.268 | mean_robot_dist=1.045 | raw_reward=20.000 | adjusted_reward=20.000 | coop_agents=0/5 | mean_coop_neighbors=0.00 | active_neighbor_step_rate=0.818 | mean_active_neighbors_step=1.782 | max_active_neighbors_step=4 | interaction_reward=0.0000 | abs_interaction_reward=0.0000 | anti_stag_reward=0.0000 | abs_anti_stag_reward=0.0000 | wall_clear_reward=0.0000 | abs_wall_clear_reward=0.0000 | local_nav_reward=0.0000 | abs_local_nav_reward=0.0000 | context_neighbors_mean=1.82 | context_neighbors_max=4 | last_context_neighbors_mean=0.00 | last_context_neighbors_max=0 | actor_unlocked=1 | expl_noise=0.0739 | replay=23795 | interaction_replay=10821 | samples/sec=4.792
Status | epoch=2 | next_eval_in=16205 agent_samples | checkpoint_every=10 episodes | checkpoint=./checkpoints/interaction_oracle_specialist_pilot_s20260724_latest.pt | model=interaction_oracle_specialist_pilot_s20260724
Episode 296 complete | agent_samples=23881 | env_steps=9716 | episode_env_steps=30 | episode_agent_samples=86 | mean_reward=119.790 | success=5/5 | collision=0/5 | mean_final_distance=0.252 | mean_progress=0.0256 | min_laser=0.423 | mean_lin=0.636 | mean_ang=0.203 | mean_robot_dist=2.307 | raw_reward=20.000 | adjusted_reward=20.000 | coop_agents=0/5 | mean_coop_neighbors=0.00 | active_neighbor_step_rate=0.744 | mean_active_neighbors_step=1.756 | max_active_neighbors_step=4 | interaction_reward=0.0000 | abs_interaction_reward=0.0000 | anti_stag_reward=0.0000 | abs_anti_stag_reward=0.0000 | wall_clear_reward=0.0000 | abs_wall_clear_reward=0.0000 | local_nav_reward=0.0000 | abs_local_nav_reward=0.0000 | context_neighbors_mean=1.79 | context_neighbors_max=4 | last_context_neighbors_mean=0.00 | last_context_neighbors_max=0 | actor_unlocked=1 | expl_noise=0.0739 | replay=23881 | interaction_replay=10878 | samples/sec=4.802
Episode 297 complete | agent_samples=23924 | env_steps=9727 | episode_env_steps=11 | episode_agent_samples=43 | mean_reward=31.578 | success=3/5 | collision=2/5 | mean_final_distance=0.497 | mean_progress=0.0150 | min_laser=0.300 | mean_lin=0.799 | mean_ang=0.270 | mean_robot_dist=1.927 | raw_reward=20.000 | adjusted_reward=20.000 | coop_agents=0/5 | mean_coop_neighbors=0.00 | active_neighbor_step_rate=0.814 | mean_active_neighbors_step=1.674 | max_active_neighbors_step=3 | interaction_reward=0.0000 | abs_interaction_reward=0.0000 | anti_stag_reward=0.0000 | abs_anti_stag_reward=0.0000 | wall_clear_reward=0.0000 | abs_wall_clear_reward=0.0000 | local_nav_reward=0.0000 | abs_local_nav_reward=0.0000 | context_neighbors_mean=1.79 | context_neighbors_max=3 | last_context_neighbors_mean=0.00 | last_context_neighbors_max=0 | actor_unlocked=1 | expl_noise=0.0739 | replay=23924 | interaction_replay=10914 | samples/sec=4.807
Episode 298 complete | agent_samples=24040 | env_steps=9771 | episode_env_steps=44 | episode_agent_samples=116 | mean_reward=134.983 | success=5/5 | collision=0/5 | mean_final_distance=0.256 | mean_progress=0.0078 | min_laser=0.514 | mean_lin=1.000 | mean_ang=-0.603 | mean_robot_dist=1.489 | raw_reward=20.000 | adjusted_reward=20.000 | coop_agents=0/5 | mean_coop_neighbors=0.00 | active_neighbor_step_rate=0.569 | mean_active_neighbors_step=1.405 | max_active_neighbors_step=4 | interaction_reward=0.0000 | abs_interaction_reward=0.0000 | anti_stag_reward=0.0000 | abs_anti_stag_reward=0.0000 | wall_clear_reward=0.0000 | abs_wall_clear_reward=0.0000 | local_nav_reward=0.0000 | abs_local_nav_reward=0.0000 | context_neighbors_mean=1.44 | context_neighbors_max=4 | last_context_neighbors_mean=0.00 | last_context_neighbors_max=0 | actor_unlocked=1 | expl_noise=0.0739 | replay=24040 | interaction_replay=10947 | samples/sec=4.809
Episode 299 complete | agent_samples=24140 | env_steps=9822 | episode_env_steps=51 | episode_agent_samples=100 | mean_reward=120.958 | success=5/5 | collision=0/5 | mean_final_distance=0.235 | mean_progress=0.0159 | min_laser=0.566 | mean_lin=0.993 | mean_ang=0.444 | mean_robot_dist=1.566 | raw_reward=20.000 | adjusted_reward=20.000 | coop_agents=0/5 | mean_coop_neighbors=0.00 | active_neighbor_step_rate=0.670 | mean_active_neighbors_step=1.740 | max_active_neighbors_step=4 | interaction_reward=0.0000 | abs_interaction_reward=0.0000 | anti_stag_reward=0.0000 | abs_anti_stag_reward=0.0000 | wall_clear_reward=0.0000 | abs_wall_clear_reward=0.0000 | local_nav_reward=0.0000 | abs_local_nav_reward=0.0000 | context_neighbors_mean=1.75 | context_neighbors_max=4 | last_context_neighbors_mean=0.00 | last_context_neighbors_max=0 | actor_unlocked=1 | expl_noise=0.0739 | replay=24140 | interaction_replay=10959 | samples/sec=4.812
Episode 300 complete | agent_samples=24199 | env_steps=9843 | episode_env_steps=21 | episode_agent_samples=59 | mean_reward=113.423 | success=5/5 | collision=0/5 | mean_final_distance=0.254 | mean_progress=0.0185 | min_laser=0.413 | mean_lin=0.795 | mean_ang=0.573 | mean_robot_dist=1.598 | raw_reward=20.000 | adjusted_reward=20.000 | coop_agents=0/5 | mean_coop_neighbors=0.00 | active_neighbor_step_rate=0.695 | mean_active_neighbors_step=1.356 | max_active_neighbors_step=4 | interaction_reward=0.0000 | abs_interaction_reward=0.0000 | anti_stag_reward=0.0000 | abs_anti_stag_reward=0.0000 | wall_clear_reward=0.0000 | abs_wall_clear_reward=0.0000 | local_nav_reward=0.0000 | abs_local_nav_reward=0.0000 | context_neighbors_mean=1.46 | context_neighbors_max=4 | last_context_neighbors_mean=0.00 | last_context_neighbors_max=0 | actor_unlocked=1 | expl_noise=0.0738 | replay=24199 | interaction_replay=10998 | samples/sec=4.809
Status | epoch=2 | next_eval_in=15801 agent_samples | checkpoint_every=10 episodes | checkpoint=./checkpoints/interaction_oracle_specialist_pilot_s20260724_latest.pt | model=interaction_oracle_specialist_pilot_s20260724
Checkpoint saved: ./checkpoints/interaction_oracle_specialist_pilot_s20260724_latest.pt
Episode 301 complete | agent_samples=24311 | env_steps=9885 | episode_env_steps=42 | episode_agent_samples=112 | mean_reward=130.773 | success=5/5 | collision=0/5 | mean_final_distance=0.252 | mean_progress=0.0241 | min_laser=0.412 | mean_lin=0.995 | mean_ang=0.051 | mean_robot_dist=1.379 | raw_reward=20.000 | adjusted_reward=20.000 | coop_agents=0/5 | mean_coop_neighbors=0.00 | active_neighbor_step_rate=0.759 | mean_active_neighbors_step=1.848 | max_active_neighbors_step=4 | interaction_reward=0.0000 | abs_interaction_reward=0.0000 | anti_stag_reward=0.0000 | abs_anti_stag_reward=0.0000 | wall_clear_reward=0.0000 | abs_wall_clear_reward=0.0000 | local_nav_reward=0.0000 | abs_local_nav_reward=0.0000 | context_neighbors_mean=1.85 | context_neighbors_max=4 | last_context_neighbors_mean=0.00 | last_context_neighbors_max=0 | actor_unlocked=1 | expl_noise=0.0738 | replay=24311 | interaction_replay=11026 | samples/sec=4.817
Episode 302 complete | agent_samples=24413 | env_steps=9927 | episode_env_steps=42 | episode_agent_samples=102 | mean_reward=3.816 | success=2/5 | collision=3/5 | mean_final_distance=0.909 | mean_progress=0.0211 | min_laser=0.313 | mean_lin=0.790 | mean_ang=-0.959 | mean_robot_dist=1.973 | raw_reward=20.000 | adjusted_reward=20.000 | coop_agents=0/5 | mean_coop_neighbors=0.00 | active_neighbor_step_rate=0.676 | mean_active_neighbors_step=1.804 | max_active_neighbors_step=4 | interaction_reward=0.0000 | abs_interaction_reward=0.0000 | anti_stag_reward=0.0000 | abs_anti_stag_reward=0.0000 | wall_clear_reward=0.0000 | abs_wall_clear_reward=0.0000 | local_nav_reward=0.0000 | abs_local_nav_reward=0.0000 | context_neighbors_mean=1.83 | context_neighbors_max=4 | last_context_neighbors_mean=0.00 | last_context_neighbors_max=0 | actor_unlocked=1 | expl_noise=0.0738 | replay=24413 | interaction_replay=11070 | samples/sec=4.829
Episode 303 complete | agent_samples=24518 | env_steps=9968 | episode_env_steps=41 | episode_agent_samples=105 | mean_reward=82.784 | success=4/5 | collision=1/5 | mean_final_distance=0.300 | mean_progress=0.0170 | min_laser=0.348 | mean_lin=0.604 | mean_ang=-0.596 | mean_robot_dist=1.418 | raw_reward=20.000 | adjusted_reward=20.000 | coop_agents=0/5 | mean_coop_neighbors=0.00 | active_neighbor_step_rate=0.781 | mean_active_neighbors_step=2.095 | max_active_neighbors_step=4 | interaction_reward=0.0000 | abs_interaction_reward=0.0000 | anti_stag_reward=0.0000 | abs_anti_stag_reward=0.0000 | wall_clear_reward=0.0000 | abs_wall_clear_reward=0.0000 | local_nav_reward=0.0000 | abs_local_nav_reward=0.0000 | context_neighbors_mean=2.11 | context_neighbors_max=4 | last_context_neighbors_mean=0.00 | last_context_neighbors_max=0 | actor_unlocked=1 | expl_noise=0.0738 | replay=24518 | interaction_replay=11113 | samples/sec=4.841
Episode 304 complete | agent_samples=24619 | env_steps=10009 | episode_env_steps=41 | episode_agent_samples=101 | mean_reward=84.392 | success=4/5 | collision=1/5 | mean_final_distance=0.487 | mean_progress=0.0230 | min_laser=0.312 | mean_lin=0.755 | mean_ang=-0.055 | mean_robot_dist=0.981 | raw_reward=20.000 | adjusted_reward=20.000 | coop_agents=0/5 | mean_coop_neighbors=0.00 | active_neighbor_step_rate=0.663 | mean_active_neighbors_step=1.594 | max_active_neighbors_step=4 | interaction_reward=0.0000 | abs_interaction_reward=0.0000 | anti_stag_reward=0.0000 | abs_anti_stag_reward=0.0000 | wall_clear_reward=0.0000 | abs_wall_clear_reward=0.0000 | local_nav_reward=0.0000 | abs_local_nav_reward=0.0000 | context_neighbors_mean=1.61 | context_neighbors_max=4 | last_context_neighbors_mean=0.00 | last_context_neighbors_max=0 | actor_unlocked=1 | expl_noise=0.0737 | replay=24619 | interaction_replay=11119 | samples/sec=4.852
Episode 305 complete | agent_samples=24723 | env_steps=10051 | episode_env_steps=42 | episode_agent_samples=104 | mean_reward=125.203 | success=5/5 | collision=0/5 | mean_final_distance=0.245 | mean_progress=0.0150 | min_laser=0.692 | mean_lin=0.788 | mean_ang=-0.211 | mean_robot_dist=1.072 | raw_reward=20.000 | adjusted_reward=20.000 | coop_agents=0/5 | mean_coop_neighbors=0.00 | active_neighbor_step_rate=0.615 | mean_active_neighbors_step=1.202 | max_active_neighbors_step=4 | interaction_reward=0.0000 | abs_interaction_reward=0.0000 | anti_stag_reward=0.0000 | abs_anti_stag_reward=0.0000 | wall_clear_reward=0.0000 | abs_wall_clear_reward=0.0000 | local_nav_reward=0.0000 | abs_local_nav_reward=0.0000 | context_neighbors_mean=1.25 | context_neighbors_max=4 | last_context_neighbors_mean=0.00 | last_context_neighbors_max=0 | actor_unlocked=1 | expl_noise=0.0737 | replay=24723 | interaction_replay=11180 | samples/sec=4.863
Status | epoch=2 | next_eval_in=15277 agent_samples | checkpoint_every=10 episodes | checkpoint=./checkpoints/interaction_oracle_specialist_pilot_s20260724_latest.pt | model=interaction_oracle_specialist_pilot_s20260724
Episode 306 complete | agent_samples=24821 | env_steps=10085 | episode_env_steps=34 | episode_agent_samples=98 | mean_reward=116.818 | success=5/5 | collision=0/5 | mean_final_distance=0.262 | mean_progress=0.0104 | min_laser=0.356 | mean_lin=1.000 | mean_ang=-0.779 | mean_robot_dist=1.894 | raw_reward=20.000 | adjusted_reward=20.000 | coop_agents=0/5 | mean_coop_neighbors=0.00 | active_neighbor_step_rate=0.684 | mean_active_neighbors_step=1.653 | max_active_neighbors_step=4 | interaction_reward=0.0000 | abs_interaction_reward=0.0000 | anti_stag_reward=0.0000 | abs_anti_stag_reward=0.0000 | wall_clear_reward=0.0000 | abs_wall_clear_reward=0.0000 | local_nav_reward=0.0000 | abs_local_nav_reward=0.0000 | context_neighbors_mean=1.71 | context_neighbors_max=4 | last_context_neighbors_mean=0.00 | last_context_neighbors_max=0 | actor_unlocked=1 | expl_noise=0.0737 | replay=24821 | interaction_replay=11204 | samples/sec=4.874
Episode 307 complete | agent_samples=24859 | env_steps=10095 | episode_env_steps=10 | episode_agent_samples=38 | mean_reward=21.918 | success=3/5 | collision=2/5 | mean_final_distance=0.631 | mean_progress=0.0198 | min_laser=0.300 | mean_lin=0.917 | mean_ang=0.207 | mean_robot_dist=1.431 | raw_reward=20.000 | adjusted_reward=20.000 | coop_agents=0/5 | mean_coop_neighbors=0.00 | active_neighbor_step_rate=0.842 | mean_active_neighbors_step=1.842 | max_active_neighbors_step=4 | interaction_reward=0.0000 | abs_interaction_reward=0.0000 | anti_stag_reward=0.0000 | abs_anti_stag_reward=0.0000 | wall_clear_reward=0.0000 | abs_wall_clear_reward=0.0000 | local_nav_reward=0.0000 | abs_local_nav_reward=0.0000 | context_neighbors_mean=1.97 | context_neighbors_max=4 | last_context_neighbors_mean=0.00 | last_context_neighbors_max=0 | actor_unlocked=1 | expl_noise=0.0737 | replay=24859 | interaction_replay=11237 | samples/sec=4.879
Episode 308 complete | agent_samples=24956 | env_steps=10153 | episode_env_steps=58 | episode_agent_samples=97 | mean_reward=112.961 | success=5/5 | collision=0/5 | mean_final_distance=0.241 | mean_progress=0.0061 | min_laser=0.463 | mean_lin=0.988 | mean_ang=0.209 | mean_robot_dist=1.860 | raw_reward=20.000 | adjusted_reward=20.000 | coop_agents=0/5 | mean_coop_neighbors=0.00 | active_neighbor_step_rate=0.433 | mean_active_neighbors_step=0.948 | max_active_neighbors_step=4 | interaction_reward=0.0000 | abs_interaction_reward=0.0000 | anti_stag_reward=0.0000 | abs_anti_stag_reward=0.0000 | wall_clear_reward=0.0000 | abs_wall_clear_reward=0.0000 | local_nav_reward=0.0000 | abs_local_nav_reward=0.0000 | context_neighbors_mean=1.04 | context_neighbors_max=4 | last_context_neighbors_mean=0.00 | last_context_neighbors_max=0 | actor_unlocked=1 | expl_noise=0.0737 | replay=24956 | interaction_replay=11278 | samples/sec=4.881
Episode 309 complete | agent_samples=25000 | env_steps=10164 | episode_env_steps=11 | episode_agent_samples=44 | mean_reward=25.309 | success=3/5 | collision=2/5 | mean_final_distance=0.444 | mean_progress=0.0270 | min_laser=0.300 | mean_lin=0.996 | mean_ang=0.566 | mean_robot_dist=1.134 | raw_reward=20.000 | adjusted_reward=20.000 | coop_agents=0/5 | mean_coop_neighbors=0.00 | active_neighbor_step_rate=0.909 | mean_active_neighbors_step=2.182 | max_active_neighbors_step=4 | interaction_reward=0.0000 | abs_interaction_reward=0.0000 | anti_stag_reward=0.0000 | abs_anti_stag_reward=0.0000 | wall_clear_reward=0.0000 | abs_wall_clear_reward=0.0000 | local_nav_reward=0.0000 | abs_local_nav_reward=0.0000 | context_neighbors_mean=2.25 | context_neighbors_max=4 | last_context_neighbors_mean=0.00 | last_context_neighbors_max=0 | actor_unlocked=1 | expl_noise=0.0736 | replay=25000 | interaction_replay=11316 | samples/sec=4.886
Episode 310 complete | agent_samples=25052 | env_steps=10185 | episode_env_steps=21 | episode_agent_samples=52 | mean_reward=44.660 | success=3/5 | collision=2/5 | mean_final_distance=0.973 | mean_progress=0.0097 | min_laser=0.300 | mean_lin=0.766 | mean_ang=0.521 | mean_robot_dist=2.287 | raw_reward=20.000 | adjusted_reward=20.000 | coop_agents=0/5 | mean_coop_neighbors=0.00 | active_neighbor_step_rate=0.731 | mean_active_neighbors_step=2.192 | max_active_neighbors_step=4 | interaction_reward=0.0000 | abs_interaction_reward=0.0000 | anti_stag_reward=0.0000 | abs_anti_stag_reward=0.0000 | wall_clear_reward=0.0000 | abs_wall_clear_reward=0.0000 | local_nav_reward=0.0000 | abs_local_nav_reward=0.0000 | context_neighbors_mean=2.19 | context_neighbors_max=4 | last_context_neighbors_mean=0.00 | last_context_neighbors_max=0 | actor_unlocked=1 | expl_noise=0.0736 | replay=25052 | interaction_replay=11337 | samples/sec=4.890
Status | epoch=2 | next_eval_in=14948 agent_samples | checkpoint_every=10 episodes | checkpoint=./checkpoints/interaction_oracle_specialist_pilot_s20260724_latest.pt | model=interaction_oracle_specialist_pilot_s20260724
Checkpoint saved: ./checkpoints/interaction_oracle_specialist_pilot_s20260724_latest.pt
Episode 311 complete | agent_samples=25120 | env_steps=10208 | episode_env_steps=23 | episode_agent_samples=68 | mean_reward=80.743 | success=4/5 | collision=1/5 | mean_final_distance=0.650 | mean_progress=0.0108 | min_laser=0.310 | mean_lin=0.794 | mean_ang=0.182 | mean_robot_dist=1.767 | raw_reward=20.000 | adjusted_reward=20.000 | coop_agents=0/5 | mean_coop_neighbors=0.00 | active_neighbor_step_rate=0.809 | mean_active_neighbors_step=2.044 | max_active_neighbors_step=4 | interaction_reward=0.0000 | abs_interaction_reward=0.0000 | anti_stag_reward=0.0000 | abs_anti_stag_reward=0.0000 | wall_clear_reward=0.0000 | abs_wall_clear_reward=0.0000 | local_nav_reward=0.0000 | abs_local_nav_reward=0.0000 | context_neighbors_mean=2.04 | context_neighbors_max=4 | last_context_neighbors_mean=0.00 | last_context_neighbors_max=0 | actor_unlocked=1 | expl_noise=0.0736 | replay=25120 | interaction_replay=11373 | samples/sec=4.891
Episode 312 complete | agent_samples=25195 | env_steps=10235 | episode_env_steps=27 | episode_agent_samples=75 | mean_reward=29.452 | success=3/5 | collision=2/5 | mean_final_distance=0.512 | mean_progress=0.0144 | min_laser=0.300 | mean_lin=0.788 | mean_ang=-0.215 | mean_robot_dist=1.006 | raw_reward=20.000 | adjusted_reward=20.000 | coop_agents=0/5 | mean_coop_neighbors=0.00 | active_neighbor_step_rate=0.680 | mean_active_neighbors_step=1.507 | max_active_neighbors_step=4 | interaction_reward=0.0000 | abs_interaction_reward=0.0000 | anti_stag_reward=0.0000 | abs_anti_stag_reward=0.0000 | wall_clear_reward=0.0000 | abs_wall_clear_reward=0.0000 | local_nav_reward=0.0000 | abs_local_nav_reward=0.0000 | context_neighbors_mean=1.55 | context_neighbors_max=4 | last_context_neighbors_mean=0.00 | last_context_neighbors_max=0 | actor_unlocked=1 | expl_noise=0.0736 | replay=25195 | interaction_replay=11425 | samples/sec=4.900
Episode 313 complete | agent_samples=25241 | env_steps=10248 | episode_env_steps=13 | episode_agent_samples=46 | mean_reward=27.488 | success=3/5 | collision=2/5 | mean_final_distance=0.557 | mean_progress=0.0197 | min_laser=0.329 | mean_lin=1.000 | mean_ang=0.951 | mean_robot_dist=1.250 | raw_reward=20.000 | adjusted_reward=20.000 | coop_agents=0/5 | mean_coop_neighbors=0.00 | active_neighbor_step_rate=0.848 | mean_active_neighbors_step=1.804 | max_active_neighbors_step=4 | interaction_reward=0.0000 | abs_interaction_reward=0.0000 | anti_stag_reward=0.0000 | abs_anti_stag_reward=0.0000 | wall_clear_reward=0.0000 | abs_wall_clear_reward=0.0000 | local_nav_reward=0.0000 | abs_local_nav_reward=0.0000 | context_neighbors_mean=1.85 | context_neighbors_max=4 | last_context_neighbors_mean=0.00 | last_context_neighbors_max=0 | actor_unlocked=1 | expl_noise=0.0736 | replay=25241 | interaction_replay=11464 | samples/sec=4.906
Episode 314 complete | agent_samples=25300 | env_steps=10272 | episode_env_steps=24 | episode_agent_samples=59 | mean_reward=113.962 | success=5/5 | collision=0/5 | mean_final_distance=0.272 | mean_progress=0.0096 | min_laser=0.519 | mean_lin=0.797 | mean_ang=-0.341 | mean_robot_dist=0.802 | raw_reward=20.000 | adjusted_reward=20.000 | coop_agents=0/5 | mean_coop_neighbors=0.00 | active_neighbor_step_rate=0.712 | mean_active_neighbors_step=1.780 | max_active_neighbors_step=4 | interaction_reward=0.0000 | abs_interaction_reward=0.0000 | anti_stag_reward=0.0000 | abs_anti_stag_reward=0.0000 | wall_clear_reward=0.0000 | abs_wall_clear_reward=0.0000 | local_nav_reward=0.0000 | abs_local_nav_reward=0.0000 | context_neighbors_mean=1.86 | context_neighbors_max=4 | last_context_neighbors_mean=0.00 | last_context_neighbors_max=0 | actor_unlocked=1 | expl_noise=0.0736 | replay=25300 | interaction_replay=11498 | samples/sec=4.911
Episode 315 complete | agent_samples=25376 | env_steps=10301 | episode_env_steps=29 | episode_agent_samples=76 | mean_reward=87.878 | success=4/5 | collision=1/5 | mean_final_distance=0.371 | mean_progress=0.0264 | min_laser=0.346 | mean_lin=0.795 | mean_ang=-0.144 | mean_robot_dist=1.311 | raw_reward=20.000 | adjusted_reward=20.000 | coop_agents=0/5 | mean_coop_neighbors=0.00 | active_neighbor_step_rate=0.671 | mean_active_neighbors_step=1.816 | max_active_neighbors_step=4 | interaction_reward=0.0000 | abs_interaction_reward=0.0000 | anti_stag_reward=0.0000 | abs_anti_stag_reward=0.0000 | wall_clear_reward=0.0000 | abs_wall_clear_reward=0.0000 | local_nav_reward=0.0000 | abs_local_nav_reward=0.0000 | context_neighbors_mean=1.87 | context_neighbors_max=4 | last_context_neighbors_mean=0.00 | last_context_neighbors_max=0 | actor_unlocked=1 | expl_noise=0.0736 | replay=25376 | interaction_replay=11551 | samples/sec=4.919
Status | epoch=2 | next_eval_in=14624 agent_samples | checkpoint_every=10 episodes | checkpoint=./checkpoints/interaction_oracle_specialist_pilot_s20260724_latest.pt | model=interaction_oracle_specialist_pilot_s20260724
Episode 316 complete | agent_samples=25456 | env_steps=10338 | episode_env_steps=37 | episode_agent_samples=80 | mean_reward=121.287 | success=5/5 | collision=0/5 | mean_final_distance=0.252 | mean_progress=0.0056 | min_laser=0.507 | mean_lin=0.984 | mean_ang=-0.200 | mean_robot_dist=1.438 | raw_reward=20.000 | adjusted_reward=20.000 | coop_agents=0/5 | mean_coop_neighbors=0.00 | active_neighbor_step_rate=0.725 | mean_active_neighbors_step=1.950 | max_active_neighbors_step=4 | interaction_reward=0.0000 | abs_interaction_reward=0.0000 | anti_stag_reward=0.0000 | abs_anti_stag_reward=0.0000 | wall_clear_reward=0.0000 | abs_wall_clear_reward=0.0000 | local_nav_reward=0.0000 | abs_local_nav_reward=0.0000 | context_neighbors_mean=1.96 | context_neighbors_max=4 | last_context_neighbors_mean=0.00 | last_context_neighbors_max=0 | actor_unlocked=1 | expl_noise=0.0735 | replay=25456 | interaction_replay=11581 | samples/sec=4.921
Episode 317 complete | agent_samples=25532 | env_steps=10370 | episode_env_steps=32 | episode_agent_samples=76 | mean_reward=113.822 | success=5/5 | collision=0/5 | mean_final_distance=0.273 | mean_progress=0.0070 | min_laser=0.400 | mean_lin=0.784 | mean_ang=0.111 | mean_robot_dist=1.685 | raw_reward=20.000 | adjusted_reward=20.000 | coop_agents=0/5 | mean_coop_neighbors=0.00 | active_neighbor_step_rate=0.684 | mean_active_neighbors_step=1.447 | max_active_neighbors_step=4 | interaction_reward=0.0000 | abs_interaction_reward=0.0000 | anti_stag_reward=0.0000 | abs_anti_stag_reward=0.0000 | wall_clear_reward=0.0000 | abs_wall_clear_reward=0.0000 | local_nav_reward=0.0000 | abs_local_nav_reward=0.0000 | context_neighbors_mean=1.49 | context_neighbors_max=4 | last_context_neighbors_mean=0.00 | last_context_neighbors_max=0 | actor_unlocked=1 | expl_noise=0.0735 | replay=25532 | interaction_replay=11619 | samples/sec=4.920
Episode 318 complete | agent_samples=25673 | env_steps=10474 | episode_env_steps=104 | episode_agent_samples=141 | mean_reward=42.416 | success=3/5 | collision=2/5 | mean_final_distance=0.468 | mean_progress=0.0039 | min_laser=0.319 | mean_lin=0.815 | mean_ang=-0.634 | mean_robot_dist=1.792 | raw_reward=20.000 | adjusted_reward=20.000 | coop_agents=0/5 | mean_coop_neighbors=0.00 | active_neighbor_step_rate=0.298 | mean_active_neighbors_step=0.702 | max_active_neighbors_step=4 | interaction_reward=0.0000 | abs_interaction_reward=0.0000 | anti_stag_reward=0.0000 | abs_anti_stag_reward=0.0000 | wall_clear_reward=0.0000 | abs_wall_clear_reward=0.0000 | local_nav_reward=0.0000 | abs_local_nav_reward=0.0000 | context_neighbors_mean=0.72 | context_neighbors_max=4 | last_context_neighbors_mean=0.00 | last_context_neighbors_max=0 | actor_unlocked=1 | expl_noise=0.0735 | replay=25673 | interaction_replay=11658 | samples/sec=4.926
Episode 319 complete | agent_samples=25727 | env_steps=10487 | episode_env_steps=13 | episode_agent_samples=54 | mean_reward=113.668 | success=5/5 | collision=0/5 | mean_final_distance=0.260 | mean_progress=0.0267 | min_laser=0.727 | mean_lin=0.948 | mean_ang=-0.398 | mean_robot_dist=0.963 | raw_reward=20.000 | adjusted_reward=20.000 | coop_agents=0/5 | mean_coop_neighbors=0.00 | active_neighbor_step_rate=0.907 | mean_active_neighbors_step=2.556 | max_active_neighbors_step=4 | interaction_reward=0.0000 | abs_interaction_reward=0.0000 | anti_stag_reward=0.0000 | abs_anti_stag_reward=0.0000 | wall_clear_reward=0.0000 | abs_wall_clear_reward=0.0000 | local_nav_reward=0.0000 | abs_local_nav_reward=0.0000 | context_neighbors_mean=2.61 | context_neighbors_max=4 | last_context_neighbors_mean=0.00 | last_context_neighbors_max=0 | actor_unlocked=1 | expl_noise=0.0734 | replay=25727 | interaction_replay=11703 | samples/sec=4.934
Episode 320 complete | agent_samples=25811 | env_steps=10517 | episode_env_steps=30 | episode_agent_samples=84 | mean_reward=115.387 | success=5/5 | collision=0/5 | mean_final_distance=0.265 | mean_progress=0.0156 | min_laser=0.588 | mean_lin=1.000 | mean_ang=0.194 | mean_robot_dist=1.408 | raw_reward=20.000 | adjusted_reward=20.000 | coop_agents=0/5 | mean_coop_neighbors=0.00 | active_neighbor_step_rate=0.726 | mean_active_neighbors_step=1.714 | max_active_neighbors_step=4 | interaction_reward=0.0000 | abs_interaction_reward=0.0000 | anti_stag_reward=0.0000 | abs_anti_stag_reward=0.0000 | wall_clear_reward=0.0000 | abs_wall_clear_reward=0.0000 | local_nav_reward=0.0000 | abs_local_nav_reward=0.0000 | context_neighbors_mean=1.81 | context_neighbors_max=4 | last_context_neighbors_mean=0.00 | last_context_neighbors_max=0 | actor_unlocked=1 | expl_noise=0.0734 | replay=25811 | interaction_replay=11766 | samples/sec=4.943
Status | epoch=2 | next_eval_in=14189 agent_samples | checkpoint_every=10 episodes | checkpoint=./checkpoints/interaction_oracle_specialist_pilot_s20260724_latest.pt | model=interaction_oracle_specialist_pilot_s20260724
Checkpoint saved: ./checkpoints/interaction_oracle_specialist_pilot_s20260724_latest.pt
Episode 321 complete | agent_samples=25869 | env_steps=10541 | episode_env_steps=24 | episode_agent_samples=58 | mean_reward=29.865 | success=3/5 | collision=2/5 | mean_final_distance=0.559 | mean_progress=0.0148 | min_laser=0.300 | mean_lin=0.794 | mean_ang=-0.461 | mean_robot_dist=1.632 | raw_reward=20.000 | adjusted_reward=20.000 | coop_agents=0/5 | mean_coop_neighbors=0.00 | active_neighbor_step_rate=0.638 | mean_active_neighbors_step=1.500 | max_active_neighbors_step=4 | interaction_reward=0.0000 | abs_interaction_reward=0.0000 | anti_stag_reward=0.0000 | abs_anti_stag_reward=0.0000 | wall_clear_reward=0.0000 | abs_wall_clear_reward=0.0000 | local_nav_reward=0.0000 | abs_local_nav_reward=0.0000 | context_neighbors_mean=1.55 | context_neighbors_max=4 | last_context_neighbors_mean=0.00 | last_context_neighbors_max=0 | actor_unlocked=1 | expl_noise=0.0734 | replay=25869 | interaction_replay=11804 | samples/sec=4.949
Episode 322 complete | agent_samples=25933 | env_steps=10571 | episode_env_steps=30 | episode_agent_samples=64 | mean_reward=33.918 | success=3/5 | collision=2/5 | mean_final_distance=0.476 | mean_progress=0.0147 | min_laser=0.320 | mean_lin=0.977 | mean_ang=-0.115 | mean_robot_dist=1.498 | raw_reward=20.000 | adjusted_reward=20.000 | coop_agents=0/5 | mean_coop_neighbors=0.00 | active_neighbor_step_rate=0.641 | mean_active_neighbors_step=1.781 | max_active_neighbors_step=4 | interaction_reward=0.0000 | abs_interaction_reward=0.0000 | anti_stag_reward=0.0000 | abs_anti_stag_reward=0.0000 | wall_clear_reward=0.0000 | abs_wall_clear_reward=0.0000 | local_nav_reward=0.0000 | abs_local_nav_reward=0.0000 | context_neighbors_mean=1.81 | context_neighbors_max=4 | last_context_neighbors_mean=0.00 | last_context_neighbors_max=0 | actor_unlocked=1 | expl_noise=0.0734 | replay=25933 | interaction_replay=11845 | samples/sec=4.955
Episode 323 complete | agent_samples=26005 | env_steps=10595 | episode_env_steps=24 | episode_agent_samples=72 | mean_reward=127.397 | success=5/5 | collision=0/5 | mean_final_distance=0.262 | mean_progress=0.0124 | min_laser=0.505 | mean_lin=0.800 | mean_ang=0.212 | mean_robot_dist=2.128 | raw_reward=20.000 | adjusted_reward=20.000 | coop_agents=0/5 | mean_coop_neighbors=0.00 | active_neighbor_step_rate=0.875 | mean_active_neighbors_step=2.125 | max_active_neighbors_step=4 | interaction_reward=0.0000 | abs_interaction_reward=0.0000 | anti_stag_reward=0.0000 | abs_anti_stag_reward=0.0000 | wall_clear_reward=0.0000 | abs_wall_clear_reward=0.0000 | local_nav_reward=0.0000 | abs_local_nav_reward=0.0000 | context_neighbors_mean=2.12 | context_neighbors_max=4 | last_context_neighbors_mean=0.00 | last_context_neighbors_max=0 | actor_unlocked=1 | expl_noise=0.0734 | replay=26005 | interaction_replay=11857 | samples/sec=4.963
Episode 324 complete | agent_samples=26077 | env_steps=10617 | episode_env_steps=22 | episode_agent_samples=72 | mean_reward=121.959 | success=5/5 | collision=0/5 | mean_final_distance=0.272 | mean_progress=0.0115 | min_laser=0.575 | mean_lin=0.802 | mean_ang=0.200 | mean_robot_dist=1.143 | raw_reward=20.000 | adjusted_reward=20.000 | coop_agents=0/5 | mean_coop_neighbors=0.00 | active_neighbor_step_rate=0.625 | mean_active_neighbors_step=1.542 | max_active_neighbors_step=4 | interaction_reward=0.0000 | abs_interaction_reward=0.0000 | anti_stag_reward=0.0000 | abs_anti_stag_reward=0.0000 | wall_clear_reward=0.0000 | abs_wall_clear_reward=0.0000 | local_nav_reward=0.0000 | abs_local_nav_reward=0.0000 | context_neighbors_mean=1.68 | context_neighbors_max=4 | last_context_neighbors_mean=0.00 | last_context_neighbors_max=0 | actor_unlocked=1 | expl_noise=0.0734 | replay=26077 | interaction_replay=11903 | samples/sec=4.972
Episode 325 complete | agent_samples=26186 | env_steps=10672 | episode_env_steps=55 | episode_agent_samples=109 | mean_reward=27.515 | success=3/5 | collision=2/5 | mean_final_distance=0.731 | mean_progress=0.0111 | min_laser=0.303 | mean_lin=0.921 | mean_ang=-0.049 | mean_robot_dist=1.685 | raw_reward=20.000 | adjusted_reward=20.000 | coop_agents=0/5 | mean_coop_neighbors=0.00 | active_neighbor_step_rate=0.477 | mean_active_neighbors_step=1.073 | max_active_neighbors_step=4 | interaction_reward=0.0000 | abs_interaction_reward=0.0000 | anti_stag_reward=0.0000 | abs_anti_stag_reward=0.0000 | wall_clear_reward=0.0000 | abs_wall_clear_reward=0.0000 | local_nav_reward=0.0000 | abs_local_nav_reward=0.0000 | context_neighbors_mean=1.08 | context_neighbors_max=4 | last_context_neighbors_mean=0.00 | last_context_neighbors_max=0 | actor_unlocked=1 | expl_noise=0.0733 | replay=26186 | interaction_replay=11952 | samples/sec=4.982
Status | epoch=2 | next_eval_in=13814 agent_samples | checkpoint_every=10 episodes | checkpoint=./checkpoints/interaction_oracle_specialist_pilot_s20260724_latest.pt | model=interaction_oracle_specialist_pilot_s20260724
Episode 326 complete | agent_samples=26272 | env_steps=10718 | episode_env_steps=46 | episode_agent_samples=86 | mean_reward=76.000 | success=4/5 | collision=1/5 | mean_final_distance=0.517 | mean_progress=0.0063 | min_laser=0.327 | mean_lin=0.996 | mean_ang=0.197 | mean_robot_dist=1.471 | raw_reward=20.000 | adjusted_reward=20.000 | coop_agents=0/5 | mean_coop_neighbors=0.00 | active_neighbor_step_rate=0.488 | mean_active_neighbors_step=1.070 | max_active_neighbors_step=4 | interaction_reward=0.0000 | abs_interaction_reward=0.0000 | anti_stag_reward=0.0000 | abs_anti_stag_reward=0.0000 | wall_clear_reward=0.0000 | abs_wall_clear_reward=0.0000 | local_nav_reward=0.0000 | abs_local_nav_reward=0.0000 | context_neighbors_mean=1.09 | context_neighbors_max=4 | last_context_neighbors_mean=0.00 | last_context_neighbors_max=0 | actor_unlocked=1 | expl_noise=0.0733 | replay=26272 | interaction_replay=11954 | samples/sec=4.987
Episode 327 complete | agent_samples=26319 | env_steps=10728 | episode_env_steps=10 | episode_agent_samples=47 | mean_reward=113.567 | success=5/5 | collision=0/5 | mean_final_distance=0.266 | mean_progress=0.0342 | min_laser=0.508 | mean_lin=0.781 | mean_ang=-0.203 | mean_robot_dist=0.671 | raw_reward=40.000 | adjusted_reward=40.000 | coop_agents=0/5 | mean_coop_neighbors=0.00 | active_neighbor_step_rate=0.702 | mean_active_neighbors_step=1.915 | max_active_neighbors_step=4 | interaction_reward=0.0000 | abs_interaction_reward=0.0000 | anti_stag_reward=0.0000 | abs_anti_stag_reward=0.0000 | wall_clear_reward=0.0000 | abs_wall_clear_reward=0.0000 | local_nav_reward=0.0000 | abs_local_nav_reward=0.0000 | context_neighbors_mean=2.04 | context_neighbors_max=4 | last_context_neighbors_mean=0.00 | last_context_neighbors_max=0 | actor_unlocked=1 | expl_noise=0.0733 | replay=26319 | interaction_replay=11990 | samples/sec=4.993
Episode 328 complete | agent_samples=26408 | env_steps=10782 | episode_env_steps=54 | episode_agent_samples=89 | mean_reward=105.475 | success=5/5 | collision=0/5 | mean_final_distance=0.257 | mean_progress=0.0021 | min_laser=0.633 | mean_lin=0.609 | mean_ang=-0.202 | mean_robot_dist=0.897 | raw_reward=20.000 | adjusted_reward=20.000 | coop_agents=0/5 | mean_coop_neighbors=0.00 | active_neighbor_step_rate=0.382 | mean_active_neighbors_step=0.989 | max_active_neighbors_step=4 | interaction_reward=0.0000 | abs_interaction_reward=0.0000 | anti_stag_reward=0.0000 | abs_anti_stag_reward=0.0000 | wall_clear_reward=0.0000 | abs_wall_clear_reward=0.0000 | local_nav_reward=0.0000 | abs_local_nav_reward=0.0000 | context_neighbors_mean=1.08 | context_neighbors_max=4 | last_context_neighbors_mean=0.00 | last_context_neighbors_max=0 | actor_unlocked=1 | expl_noise=0.0733 | replay=26408 | interaction_replay=12016 | samples/sec=4.998
Episode 329 complete | agent_samples=26548 | env_steps=10830 | episode_env_steps=48 | episode_agent_samples=140 | mean_reward=130.212 | success=5/5 | collision=0/5 | mean_final_distance=0.261 | mean_progress=0.0073 | min_laser=0.527 | mean_lin=0.995 | mean_ang=-0.608 | mean_robot_dist=1.781 | raw_reward=20.000 | adjusted_reward=20.000 | coop_agents=0/5 | mean_coop_neighbors=0.00 | active_neighbor_step_rate=0.829 | mean_active_neighbors_step=1.843 | max_active_neighbors_step=4 | interaction_reward=0.0000 | abs_interaction_reward=0.0000 | anti_stag_reward=0.0000 | abs_anti_stag_reward=0.0000 | wall_clear_reward=0.0000 | abs_wall_clear_reward=0.0000 | local_nav_reward=0.0000 | abs_local_nav_reward=0.0000 | context_neighbors_mean=1.86 | context_neighbors_max=4 | last_context_neighbors_mean=0.00 | last_context_neighbors_max=0 | actor_unlocked=1 | expl_noise=0.0732 | replay=26548 | interaction_replay=12042 | samples/sec=5.013
Episode 330 complete | agent_samples=26594 | env_steps=10840 | episode_env_steps=10 | episode_agent_samples=46 | mean_reward=109.941 | success=5/5 | collision=0/5 | mean_final_distance=0.219 | mean_progress=0.0470 | min_laser=0.717 | mean_lin=0.992 | mean_ang=0.978 | mean_robot_dist=1.195 | raw_reward=40.000 | adjusted_reward=40.000 | coop_agents=2/5 | mean_coop_neighbors=0.40 | active_neighbor_step_rate=0.935 | mean_active_neighbors_step=2.543 | max_active_neighbors_step=4 | interaction_reward=0.0000 | abs_interaction_reward=0.0000 | anti_stag_reward=0.0000 | abs_anti_stag_reward=0.0000 | wall_clear_reward=0.0000 | abs_wall_clear_reward=0.0000 | local_nav_reward=0.0000 | abs_local_nav_reward=0.0000 | context_neighbors_mean=2.72 | context_neighbors_max=4 | last_context_neighbors_mean=0.00 | last_context_neighbors_max=0 | actor_unlocked=1 | expl_noise=0.0732 | replay=26594 | interaction_replay=12086 | samples/sec=5.018
Status | epoch=2 | next_eval_in=13406 agent_samples | checkpoint_every=10 episodes | checkpoint=./checkpoints/interaction_oracle_specialist_pilot_s20260724_latest.pt | model=interaction_oracle_specialist_pilot_s20260724
Checkpoint saved: ./checkpoints/interaction_oracle_specialist_pilot_s20260724_latest.pt
Episode 331 complete | agent_samples=26663 | env_steps=10868 | episode_env_steps=28 | episode_agent_samples=69 | mean_reward=112.750 | success=5/5 | collision=0/5 | mean_final_distance=0.264 | mean_progress=0.0080 | min_laser=0.430 | mean_lin=0.997 | mean_ang=-0.600 | mean_robot_dist=1.876 | raw_reward=20.000 | adjusted_reward=20.000 | coop_agents=0/5 | mean_coop_neighbors=0.00 | active_neighbor_step_rate=0.754 | mean_active_neighbors_step=1.333 | max_active_neighbors_step=4 | interaction_reward=0.0000 | abs_interaction_reward=0.0000 | anti_stag_reward=0.0000 | abs_anti_stag_reward=0.0000 | wall_clear_reward=0.0000 | abs_wall_clear_reward=0.0000 | local_nav_reward=0.0000 | abs_local_nav_reward=0.0000 | context_neighbors_mean=1.42 | context_neighbors_max=4 | last_context_neighbors_mean=0.00 | last_context_neighbors_max=0 | actor_unlocked=1 | expl_noise=0.0732 | replay=26663 | interaction_replay=12130 | samples/sec=5.020
Episode 332 complete | agent_samples=26735 | env_steps=10893 | episode_env_steps=25 | episode_agent_samples=72 | mean_reward=119.136 | success=5/5 | collision=0/5 | mean_final_distance=0.235 | mean_progress=0.0201 | min_laser=0.536 | mean_lin=0.784 | mean_ang=0.134 | mean_robot_dist=1.931 | raw_reward=20.000 | adjusted_reward=20.000 | coop_agents=0/5 | mean_coop_neighbors=0.00 | active_neighbor_step_rate=0.806 | mean_active_neighbors_step=1.931 | max_active_neighbors_step=4 | interaction_reward=0.0000 | abs_interaction_reward=0.0000 | anti_stag_reward=0.0000 | abs_anti_stag_reward=0.0000 | wall_clear_reward=0.0000 | abs_wall_clear_reward=0.0000 | local_nav_reward=0.0000 | abs_local_nav_reward=0.0000 | context_neighbors_mean=1.94 | context_neighbors_max=4 | last_context_neighbors_mean=0.00 | last_context_neighbors_max=0 | actor_unlocked=1 | expl_noise=0.0732 | replay=26735 | interaction_replay=12151 | samples/sec=5.026
Episode 333 complete | agent_samples=26789 | env_steps=10907 | episode_env_steps=14 | episode_agent_samples=54 | mean_reward=-5.603 | success=2/5 | collision=3/5 | mean_final_distance=0.724 | mean_progress=0.0263 | min_laser=0.300 | mean_lin=0.599 | mean_ang=-0.437 | mean_robot_dist=1.471 | raw_reward=20.000 | adjusted_reward=20.000 | coop_agents=0/5 | mean_coop_neighbors=0.00 | active_neighbor_step_rate=0.981 | mean_active_neighbors_step=2.759 | max_active_neighbors_step=4 | interaction_reward=0.0000 | abs_interaction_reward=0.0000 | anti_stag_reward=0.0000 | abs_anti_stag_reward=0.0000 | wall_clear_reward=0.0000 | abs_wall_clear_reward=0.0000 | local_nav_reward=0.0000 | abs_local_nav_reward=0.0000 | context_neighbors_mean=2.80 | context_neighbors_max=4 | last_context_neighbors_mean=0.00 | last_context_neighbors_max=0 | actor_unlocked=1 | expl_noise=0.0732 | replay=26789 | interaction_replay=12173 | samples/sec=5.028
Episode 334 complete | agent_samples=26851 | env_steps=10930 | episode_env_steps=23 | episode_agent_samples=62 | mean_reward=122.456 | success=5/5 | collision=0/5 | mean_final_distance=0.259 | mean_progress=0.0279 | min_laser=0.422 | mean_lin=1.000 | mean_ang=0.318 | mean_robot_dist=0.795 | raw_reward=20.000 | adjusted_reward=20.000 | coop_agents=0/5 | mean_coop_neighbors=0.00 | active_neighbor_step_rate=0.742 | mean_active_neighbors_step=1.919 | max_active_neighbors_step=4 | interaction_reward=0.0000 | abs_interaction_reward=0.0000 | anti_stag_reward=0.0000 | abs_anti_stag_reward=0.0000 | wall_clear_reward=0.0000 | abs_wall_clear_reward=0.0000 | local_nav_reward=0.0000 | abs_local_nav_reward=0.0000 | context_neighbors_mean=1.92 | context_neighbors_max=4 | last_context_neighbors_mean=0.00 | last_context_neighbors_max=0 | actor_unlocked=1 | expl_noise=0.0732 | replay=26851 | interaction_replay=12215 | samples/sec=5.032
Episode 335 complete | agent_samples=27006 | env_steps=11024 | episode_env_steps=94 | episode_agent_samples=155 | mean_reward=73.697 | success=4/5 | collision=1/5 | mean_final_distance=0.463 | mean_progress=0.0061 | min_laser=0.345 | mean_lin=1.000 | mean_ang=-0.175 | mean_robot_dist=1.406 | raw_reward=20.000 | adjusted_reward=20.000 | coop_agents=0/5 | mean_coop_neighbors=0.00 | active_neighbor_step_rate=0.303 | mean_active_neighbors_step=0.774 | max_active_neighbors_step=4 | interaction_reward=0.0000 | abs_interaction_reward=0.0000 | anti_stag_reward=0.0000 | abs_anti_stag_reward=0.0000 | wall_clear_reward=0.0000 | abs_wall_clear_reward=0.0000 | local_nav_reward=0.0000 | abs_local_nav_reward=0.0000 | context_neighbors_mean=0.79 | context_neighbors_max=4 | last_context_neighbors_mean=0.00 | last_context_neighbors_max=0 | actor_unlocked=1 | expl_noise=0.0731 | replay=27006 | interaction_replay=12219 | samples/sec=5.042
Status | epoch=2 | next_eval_in=12994 agent_samples | checkpoint_every=10 episodes | checkpoint=./checkpoints/interaction_oracle_specialist_pilot_s20260724_latest.pt | model=interaction_oracle_specialist_pilot_s20260724
Episode 336 complete | agent_samples=27076 | env_steps=11053 | episode_env_steps=29 | episode_agent_samples=70 | mean_reward=35.355 | success=3/5 | collision=2/5 | mean_final_distance=0.554 | mean_progress=0.0061 | min_laser=0.300 | mean_lin=0.678 | mean_ang=-0.020 | mean_robot_dist=2.002 | raw_reward=20.000 | adjusted_reward=20.000 | coop_agents=0/5 | mean_coop_neighbors=0.00 | active_neighbor_step_rate=0.486 | mean_active_neighbors_step=1.371 | max_active_neighbors_step=4 | interaction_reward=0.0000 | abs_interaction_reward=0.0000 | anti_stag_reward=0.0000 | abs_anti_stag_reward=0.0000 | wall_clear_reward=0.0000 | abs_wall_clear_reward=0.0000 | local_nav_reward=0.0000 | abs_local_nav_reward=0.0000 | context_neighbors_mean=1.44 | context_neighbors_max=4 | last_context_neighbors_mean=0.00 | last_context_neighbors_max=0 | actor_unlocked=1 | expl_noise=0.0731 | replay=27076 | interaction_replay=12254 | samples/sec=5.049
Episode 337 complete | agent_samples=27157 | env_steps=11083 | episode_env_steps=30 | episode_agent_samples=81 | mean_reward=133.091 | success=5/5 | collision=0/5 | mean_final_distance=0.268 | mean_progress=0.0069 | min_laser=0.395 | mean_lin=1.000 | mean_ang=-0.278 | mean_robot_dist=1.595 | raw_reward=20.000 | adjusted_reward=20.000 | coop_agents=0/5 | mean_coop_neighbors=0.00 | active_neighbor_step_rate=0.457 | mean_active_neighbors_step=0.864 | max_active_neighbors_step=3 | interaction_reward=0.0000 | abs_interaction_reward=0.0000 | anti_stag_reward=0.0000 | abs_anti_stag_reward=0.0000 | wall_clear_reward=0.0000 | abs_wall_clear_reward=0.0000 | local_nav_reward=0.0000 | abs_local_nav_reward=0.0000 | context_neighbors_mean=0.90 | context_neighbors_max=3 | last_context_neighbors_mean=0.00 | last_context_neighbors_max=0 | actor_unlocked=1 | expl_noise=0.0731 | replay=27157 | interaction_replay=12272 | samples/sec=5.057
Episode 338 complete | agent_samples=27223 | env_steps=11102 | episode_env_steps=19 | episode_agent_samples=66 | mean_reward=71.790 | success=4/5 | collision=1/5 | mean_final_distance=0.512 | mean_progress=0.0119 | min_laser=0.336 | mean_lin=0.597 | mean_ang=-0.336 | mean_robot_dist=1.675 | raw_reward=20.000 | adjusted_reward=20.000 | coop_agents=0/5 | mean_coop_neighbors=0.00 | active_neighbor_step_rate=0.697 | mean_active_neighbors_step=1.485 | max_active_neighbors_step=4 | interaction_reward=0.0000 | abs_interaction_reward=0.0000 | anti_stag_reward=0.0000 | abs_anti_stag_reward=0.0000 | wall_clear_reward=0.0000 | abs_wall_clear_reward=0.0000 | local_nav_reward=0.0000 | abs_local_nav_reward=0.0000 | context_neighbors_mean=1.53 | context_neighbors_max=4 | last_context_neighbors_mean=0.00 | last_context_neighbors_max=0 | actor_unlocked=1 | expl_noise=0.0731 | replay=27223 | interaction_replay=12315 | samples/sec=5.065
Episode 339 complete | agent_samples=27332 | env_steps=11150 | episode_env_steps=48 | episode_agent_samples=109 | mean_reward=28.837 | success=3/5 | collision=2/5 | mean_final_distance=0.689 | mean_progress=0.0118 | min_laser=0.300 | mean_lin=0.997 | mean_ang=-0.153 | mean_robot_dist=4.516 | raw_reward=20.000 | adjusted_reward=20.000 | coop_agents=0/5 | mean_coop_neighbors=0.00 | active_neighbor_step_rate=0.477 | mean_active_neighbors_step=1.073 | max_active_neighbors_step=4 | interaction_reward=0.0000 | abs_interaction_reward=0.0000 | anti_stag_reward=0.0000 | abs_anti_stag_reward=0.0000 | wall_clear_reward=0.0000 | abs_wall_clear_reward=0.0000 | local_nav_reward=0.0000 | abs_local_nav_reward=0.0000 | context_neighbors_mean=1.07 | context_neighbors_max=4 | last_context_neighbors_mean=0.00 | last_context_neighbors_max=0 | actor_unlocked=1 | expl_noise=0.0730 | replay=27332 | interaction_replay=12327 | samples/sec=5.075
Episode 340 complete | agent_samples=27401 | env_steps=11171 | episode_env_steps=21 | episode_agent_samples=69 | mean_reward=120.273 | success=5/5 | collision=0/5 | mean_final_distance=0.225 | mean_progress=0.0187 | min_laser=0.426 | mean_lin=0.803 | mean_ang=-0.163 | mean_robot_dist=1.010 | raw_reward=20.000 | adjusted_reward=20.000 | coop_agents=0/5 | mean_coop_neighbors=0.00 | active_neighbor_step_rate=0.667 | mean_active_neighbors_step=1.855 | max_active_neighbors_step=4 | interaction_reward=0.0000 | abs_interaction_reward=0.0000 | anti_stag_reward=0.0000 | abs_anti_stag_reward=0.0000 | wall_clear_reward=0.0000 | abs_wall_clear_reward=0.0000 | local_nav_reward=0.0000 | abs_local_nav_reward=0.0000 | context_neighbors_mean=1.88 | context_neighbors_max=4 | last_context_neighbors_mean=0.00 | last_context_neighbors_max=0 | actor_unlocked=1 | expl_noise=0.0730 | replay=27401 | interaction_replay=12357 | samples/sec=5.082
Status | epoch=2 | next_eval_in=12599 agent_samples | checkpoint_every=10 episodes | checkpoint=./checkpoints/interaction_oracle_specialist_pilot_s20260724_latest.pt | model=interaction_oracle_specialist_pilot_s20260724
Checkpoint saved: ./checkpoints/interaction_oracle_specialist_pilot_s20260724_latest.pt
Episode 341 complete | agent_samples=27509 | env_steps=11222 | episode_env_steps=51 | episode_agent_samples=108 | mean_reward=107.665 | success=5/5 | collision=0/5 | mean_final_distance=0.244 | mean_progress=0.0270 | min_laser=0.503 | mean_lin=0.971 | mean_ang=0.200 | mean_robot_dist=0.960 | raw_reward=20.000 | adjusted_reward=20.000 | coop_agents=0/5 | mean_coop_neighbors=0.00 | active_neighbor_step_rate=0.556 | mean_active_neighbors_step=1.213 | max_active_neighbors_step=4 | interaction_reward=0.0000 | abs_interaction_reward=0.0000 | anti_stag_reward=0.0000 | abs_anti_stag_reward=0.0000 | wall_clear_reward=0.0000 | abs_wall_clear_reward=0.0000 | local_nav_reward=0.0000 | abs_local_nav_reward=0.0000 | context_neighbors_mean=1.29 | context_neighbors_max=4 | last_context_neighbors_mean=0.00 | last_context_neighbors_max=0 | actor_unlocked=1 | expl_noise=0.0730 | replay=27509 | interaction_replay=12409 | samples/sec=5.034
Episode 342 complete | agent_samples=27559 | env_steps=11237 | episode_env_steps=15 | episode_agent_samples=50 | mean_reward=81.543 | success=4/5 | collision=1/5 | mean_final_distance=0.495 | mean_progress=0.0025 | min_laser=0.300 | mean_lin=0.617 | mean_ang=-0.186 | mean_robot_dist=2.024 | raw_reward=20.000 | adjusted_reward=20.000 | coop_agents=0/5 | mean_coop_neighbors=0.00 | active_neighbor_step_rate=0.760 | mean_active_neighbors_step=1.800 | max_active_neighbors_step=4 | interaction_reward=0.0000 | abs_interaction_reward=0.0000 | anti_stag_reward=0.0000 | abs_anti_stag_reward=0.0000 | wall_clear_reward=0.0000 | abs_wall_clear_reward=0.0000 | local_nav_reward=0.0000 | abs_local_nav_reward=0.0000 | context_neighbors_mean=1.96 | context_neighbors_max=4 | last_context_neighbors_mean=0.00 | last_context_neighbors_max=0 | actor_unlocked=1 | expl_noise=0.0730 | replay=27559 | interaction_replay=12447 | samples/sec=5.040
Episode 343 complete | agent_samples=27621 | env_steps=11252 | episode_env_steps=15 | episode_agent_samples=62 | mean_reward=78.520 | success=4/5 | collision=1/5 | mean_final_distance=0.320 | mean_progress=0.0298 | min_laser=0.336 | mean_lin=0.992 | mean_ang=0.164 | mean_robot_dist=0.955 | raw_reward=40.000 | adjusted_reward=40.000 | coop_agents=1/5 | mean_coop_neighbors=0.20 | active_neighbor_step_rate=0.968 | mean_active_neighbors_step=1.903 | max_active_neighbors_step=4 | interaction_reward=0.0000 | abs_interaction_reward=0.0000 | anti_stag_reward=0.0000 | abs_anti_stag_reward=0.0000 | wall_clear_reward=0.0000 | abs_wall_clear_reward=0.0000 | local_nav_reward=0.0000 | abs_local_nav_reward=0.0000 | context_neighbors_mean=1.98 | context_neighbors_max=4 | last_context_neighbors_mean=0.00 | last_context_neighbors_max=0 | actor_unlocked=1 | expl_noise=0.0730 | replay=27621 | interaction_replay=12495 | samples/sec=5.048
Episode 344 complete | agent_samples=27673 | env_steps=11269 | episode_env_steps=17 | episode_agent_samples=52 | mean_reward=32.116 | success=3/5 | collision=2/5 | mean_final_distance=0.808 | mean_progress=0.0038 | min_laser=0.303 | mean_lin=0.417 | mean_ang=-0.226 | mean_robot_dist=3.063 | raw_reward=20.000 | adjusted_reward=20.000 | coop_agents=0/5 | mean_coop_neighbors=0.00 | active_neighbor_step_rate=0.673 | mean_active_neighbors_step=1.885 | max_active_neighbors_step=4 | interaction_reward=0.0000 | abs_interaction_reward=0.0000 | anti_stag_reward=0.0000 | abs_anti_stag_reward=0.0000 | wall_clear_reward=0.0000 | abs_wall_clear_reward=0.0000 | local_nav_reward=0.0000 | abs_local_nav_reward=0.0000 | context_neighbors_mean=1.90 | context_neighbors_max=4 | last_context_neighbors_mean=0.00 | last_context_neighbors_max=0 | actor_unlocked=1 | expl_noise=0.0730 | replay=27673 | interaction_replay=12519 | samples/sec=5.054
Episode 345 complete | agent_samples=27843 | env_steps=11366 | episode_env_steps=97 | episode_agent_samples=170 | mean_reward=111.228 | success=5/5 | collision=0/5 | mean_final_distance=0.258 | mean_progress=0.0145 | min_laser=0.416 | mean_lin=0.967 | mean_ang=0.215 | mean_robot_dist=1.623 | raw_reward=20.000 | adjusted_reward=20.000 | coop_agents=0/5 | mean_coop_neighbors=0.00 | active_neighbor_step_rate=0.318 | mean_active_neighbors_step=0.718 | max_active_neighbors_step=4 | interaction_reward=0.0000 | abs_interaction_reward=0.0000 | anti_stag_reward=0.0000 | abs_anti_stag_reward=0.0000 | wall_clear_reward=0.0000 | abs_wall_clear_reward=0.0000 | local_nav_reward=0.0000 | abs_local_nav_reward=0.0000 | context_neighbors_mean=0.75 | context_neighbors_max=4 | last_context_neighbors_mean=0.00 | last_context_neighbors_max=0 | actor_unlocked=1 | expl_noise=0.0729 | replay=27843 | interaction_replay=12573 | samples/sec=5.066
Status | epoch=2 | next_eval_in=12157 agent_samples | checkpoint_every=10 episodes | checkpoint=./checkpoints/interaction_oracle_specialist_pilot_s20260724_latest.pt | model=interaction_oracle_specialist_pilot_s20260724
Episode 346 complete | agent_samples=27898 | env_steps=11384 | episode_env_steps=18 | episode_agent_samples=55 | mean_reward=111.205 | success=5/5 | collision=0/5 | mean_final_distance=0.255 | mean_progress=0.0039 | min_laser=0.633 | mean_lin=0.996 | mean_ang=0.043 | mean_robot_dist=0.903 | raw_reward=20.000 | adjusted_reward=20.000 | coop_agents=0/5 | mean_coop_neighbors=0.00 | active_neighbor_step_rate=0.836 | mean_active_neighbors_step=2.127 | max_active_neighbors_step=4 | interaction_reward=0.0000 | abs_interaction_reward=0.0000 | anti_stag_reward=0.0000 | abs_anti_stag_reward=0.0000 | wall_clear_reward=0.0000 | abs_wall_clear_reward=0.0000 | local_nav_reward=0.0000 | abs_local_nav_reward=0.0000 | context_neighbors_mean=2.16 | context_neighbors_max=4 | last_context_neighbors_mean=0.00 | last_context_neighbors_max=0 | actor_unlocked=1 | expl_noise=0.0729 | replay=27898 | interaction_replay=12616 | samples/sec=5.072
Episode 347 complete | agent_samples=27968 | env_steps=11408 | episode_env_steps=24 | episode_agent_samples=70 | mean_reward=85.808 | success=4/5 | collision=1/5 | mean_final_distance=0.490 | mean_progress=0.0077 | min_laser=0.300 | mean_lin=0.595 | mean_ang=-0.921 | mean_robot_dist=1.424 | raw_reward=20.000 | adjusted_reward=20.000 | coop_agents=0/5 | mean_coop_neighbors=0.00 | active_neighbor_step_rate=0.786 | mean_active_neighbors_step=1.957 | max_active_neighbors_step=4 | interaction_reward=0.0000 | abs_interaction_reward=0.0000 | anti_stag_reward=0.0000 | abs_anti_stag_reward=0.0000 | wall_clear_reward=0.0000 | abs_wall_clear_reward=0.0000 | local_nav_reward=0.0000 | abs_local_nav_reward=0.0000 | context_neighbors_mean=2.01 | context_neighbors_max=4 | last_context_neighbors_mean=0.00 | last_context_neighbors_max=0 | actor_unlocked=1 | expl_noise=0.0729 | replay=27968 | interaction_replay=12671 | samples/sec=5.080
Episode 348 complete | agent_samples=28031 | env_steps=11439 | episode_env_steps=31 | episode_agent_samples=63 | mean_reward=112.110 | success=5/5 | collision=0/5 | mean_final_distance=0.251 | mean_progress=0.0233 | min_laser=0.721 | mean_lin=0.800 | mean_ang=-0.148 | mean_robot_dist=1.354 | raw_reward=20.000 | adjusted_reward=20.000 | coop_agents=0/5 | mean_coop_neighbors=0.00 | active_neighbor_step_rate=0.635 | mean_active_neighbors_step=1.873 | max_active_neighbors_step=4 | interaction_reward=0.0000 | abs_interaction_reward=0.0000 | anti_stag_reward=0.0000 | abs_anti_stag_reward=0.0000 | wall_clear_reward=0.0000 | abs_wall_clear_reward=0.0000 | local_nav_reward=0.0000 | abs_local_nav_reward=0.0000 | context_neighbors_mean=1.90 | context_neighbors_max=4 | last_context_neighbors_mean=0.00 | last_context_neighbors_max=0 | actor_unlocked=1 | expl_noise=0.0729 | replay=28031 | interaction_replay=12697 | samples/sec=5.085
Episode 349 complete | agent_samples=28090 | env_steps=11469 | episode_env_steps=30 | episode_agent_samples=59 | mean_reward=27.249 | success=3/5 | collision=2/5 | mean_final_distance=0.627 | mean_progress=0.0253 | min_laser=0.300 | mean_lin=0.804 | mean_ang=-0.166 | mean_robot_dist=1.001 | raw_reward=20.000 | adjusted_reward=20.000 | coop_agents=0/5 | mean_coop_neighbors=0.00 | active_neighbor_step_rate=0.559 | mean_active_neighbors_step=1.390 | max_active_neighbors_step=4 | interaction_reward=0.0000 | abs_interaction_reward=0.0000 | anti_stag_reward=0.0000 | abs_anti_stag_reward=0.0000 | wall_clear_reward=0.0000 | abs_wall_clear_reward=0.0000 | local_nav_reward=0.0000 | abs_local_nav_reward=0.0000 | context_neighbors_mean=1.44 | context_neighbors_max=4 | last_context_neighbors_mean=0.00 | last_context_neighbors_max=0 | actor_unlocked=1 | expl_noise=0.0728 | replay=28090 | interaction_replay=12731 | samples/sec=5.090
Episode 350 complete | agent_samples=28140 | env_steps=11482 | episode_env_steps=13 | episode_agent_samples=50 | mean_reward=36.822 | success=3/5 | collision=2/5 | mean_final_distance=0.524 | mean_progress=0.0240 | min_laser=0.300 | mean_lin=0.611 | mean_ang=-0.161 | mean_robot_dist=1.377 | raw_reward=20.000 | adjusted_reward=20.000 | coop_agents=0/5 | mean_coop_neighbors=0.00 | active_neighbor_step_rate=0.660 | mean_active_neighbors_step=1.660 | max_active_neighbors_step=4 | interaction_reward=0.0000 | abs_interaction_reward=0.0000 | anti_stag_reward=0.0000 | abs_anti_stag_reward=0.0000 | wall_clear_reward=0.0000 | abs_wall_clear_reward=0.0000 | local_nav_reward=0.0000 | abs_local_nav_reward=0.0000 | context_neighbors_mean=1.70 | context_neighbors_max=4 | last_context_neighbors_mean=0.00 | last_context_neighbors_max=0 | actor_unlocked=1 | expl_noise=0.0728 | replay=28140 | interaction_replay=12764 | samples/sec=5.096
Status | epoch=2 | next_eval_in=11860 agent_samples | checkpoint_every=10 episodes | checkpoint=./checkpoints/interaction_oracle_specialist_pilot_s20260724_latest.pt | model=interaction_oracle_specialist_pilot_s20260724
Checkpoint saved: ./checkpoints/interaction_oracle_specialist_pilot_s20260724_latest.pt
Episode 351 complete | agent_samples=28316 | env_steps=11573 | episode_env_steps=91 | episode_agent_samples=176 | mean_reward=113.953 | success=5/5 | collision=0/5 | mean_final_distance=0.258 | mean_progress=0.0102 | min_laser=0.444 | mean_lin=1.000 | mean_ang=0.555 | mean_robot_dist=2.631 | raw_reward=20.000 | adjusted_reward=20.000 | coop_agents=0/5 | mean_coop_neighbors=0.00 | active_neighbor_step_rate=0.466 | mean_active_neighbors_step=1.108 | max_active_neighbors_step=4 | interaction_reward=0.0000 | abs_interaction_reward=0.0000 | anti_stag_reward=0.0000 | abs_anti_stag_reward=0.0000 | wall_clear_reward=0.0000 | abs_wall_clear_reward=0.0000 | local_nav_reward=0.0000 | abs_local_nav_reward=0.0000 | context_neighbors_mean=1.15 | context_neighbors_max=4 | last_context_neighbors_mean=0.00 | last_context_neighbors_max=0 | actor_unlocked=1 | expl_noise=0.0728 | replay=28316 | interaction_replay=12802 | samples/sec=5.110
Episode 352 complete | agent_samples=28400 | env_steps=11596 | episode_env_steps=23 | episode_agent_samples=84 | mean_reward=79.972 | success=4/5 | collision=1/5 | mean_final_distance=0.484 | mean_progress=0.0229 | min_laser=0.327 | mean_lin=1.000 | mean_ang=-0.195 | mean_robot_dist=4.022 | raw_reward=20.000 | adjusted_reward=20.000 | coop_agents=0/5 | mean_coop_neighbors=0.00 | active_neighbor_step_rate=0.786 | mean_active_neighbors_step=1.952 | max_active_neighbors_step=4 | interaction_reward=0.0000 | abs_interaction_reward=0.0000 | anti_stag_reward=0.0000 | abs_anti_stag_reward=0.0000 | wall_clear_reward=0.0000 | abs_wall_clear_reward=0.0000 | local_nav_reward=0.0000 | abs_local_nav_reward=0.0000 | context_neighbors_mean=1.98 | context_neighbors_max=4 | last_context_neighbors_mean=0.00 | last_context_neighbors_max=0 | actor_unlocked=1 | expl_noise=0.0728 | replay=28400 | interaction_replay=12812 | samples/sec=5.120
Episode 353 complete | agent_samples=28460 | env_steps=11627 | episode_env_steps=31 | episode_agent_samples=60 | mean_reward=38.347 | success=3/5 | collision=2/5 | mean_final_distance=0.679 | mean_progress=0.0168 | min_laser=0.305 | mean_lin=0.994 | mean_ang=0.293 | mean_robot_dist=3.953 | raw_reward=20.000 | adjusted_reward=20.000 | coop_agents=0/5 | mean_coop_neighbors=0.00 | active_neighbor_step_rate=0.350 | mean_active_neighbors_step=0.767 | max_active_neighbors_step=4 | interaction_reward=0.0000 | abs_interaction_reward=0.0000 | anti_stag_reward=0.0000 | abs_anti_stag_reward=0.0000 | wall_clear_reward=0.0000 | abs_wall_clear_reward=0.0000 | local_nav_reward=0.0000 | abs_local_nav_reward=0.0000 | context_neighbors_mean=0.77 | context_neighbors_max=4 | last_context_neighbors_mean=0.00 | last_context_neighbors_max=0 | actor_unlocked=1 | expl_noise=0.0727 | replay=28460 | interaction_replay=12818 | samples/sec=5.125
Episode 354 complete | agent_samples=28521 | env_steps=11646 | episode_env_steps=19 | episode_agent_samples=61 | mean_reward=32.233 | success=3/5 | collision=2/5 | mean_final_distance=0.461 | mean_progress=0.0233 | min_laser=0.317 | mean_lin=0.794 | mean_ang=0.159 | mean_robot_dist=3.675 | raw_reward=20.000 | adjusted_reward=20.000 | coop_agents=0/5 | mean_coop_neighbors=0.00 | active_neighbor_step_rate=0.836 | mean_active_neighbors_step=2.213 | max_active_neighbors_step=4 | interaction_reward=0.0000 | abs_interaction_reward=0.0000 | anti_stag_reward=0.0000 | abs_anti_stag_reward=0.0000 | wall_clear_reward=0.0000 | abs_wall_clear_reward=0.0000 | local_nav_reward=0.0000 | abs_local_nav_reward=0.0000 | context_neighbors_mean=2.23 | context_neighbors_max=4 | last_context_neighbors_mean=0.00 | last_context_neighbors_max=0 | actor_unlocked=1 | expl_noise=0.0727 | replay=28521 | interaction_replay=12841 | samples/sec=5.132
Episode 355 complete | agent_samples=28593 | env_steps=11674 | episode_env_steps=28 | episode_agent_samples=72 | mean_reward=116.721 | success=5/5 | collision=0/5 | mean_final_distance=0.255 | mean_progress=0.0051 | min_laser=0.749 | mean_lin=0.987 | mean_ang=-0.585 | mean_robot_dist=1.521 | raw_reward=20.000 | adjusted_reward=20.000 | coop_agents=0/5 | mean_coop_neighbors=0.00 | active_neighbor_step_rate=0.736 | mean_active_neighbors_step=1.764 | max_active_neighbors_step=4 | interaction_reward=0.0000 | abs_interaction_reward=0.0000 | anti_stag_reward=0.0000 | abs_anti_stag_reward=0.0000 | wall_clear_reward=0.0000 | abs_wall_clear_reward=0.0000 | local_nav_reward=0.0000 | abs_local_nav_reward=0.0000 | context_neighbors_mean=1.83 | context_neighbors_max=4 | last_context_neighbors_mean=0.00 | last_context_neighbors_max=0 | actor_unlocked=1 | expl_noise=0.0727 | replay=28593 | interaction_replay=12888 | samples/sec=5.139
Status | epoch=2 | next_eval_in=11407 agent_samples | checkpoint_every=10 episodes | checkpoint=./checkpoints/interaction_oracle_specialist_pilot_s20260724_latest.pt | model=interaction_oracle_specialist_pilot_s20260724
Episode 356 complete | agent_samples=28697 | env_steps=11732 | episode_env_steps=58 | episode_agent_samples=104 | mean_reward=116.064 | success=5/5 | collision=0/5 | mean_final_distance=0.237 | mean_progress=0.0146 | min_laser=0.756 | mean_lin=0.980 | mean_ang=-0.346 | mean_robot_dist=1.088 | raw_reward=20.000 | adjusted_reward=20.000 | coop_agents=0/5 | mean_coop_neighbors=0.00 | active_neighbor_step_rate=0.615 | mean_active_neighbors_step=1.308 | max_active_neighbors_step=4 | interaction_reward=0.0000 | abs_interaction_reward=0.0000 | anti_stag_reward=0.0000 | abs_anti_stag_reward=0.0000 | wall_clear_reward=0.0000 | abs_wall_clear_reward=0.0000 | local_nav_reward=0.0000 | abs_local_nav_reward=0.0000 | context_neighbors_mean=1.34 | context_neighbors_max=4 | last_context_neighbors_mean=0.00 | last_context_neighbors_max=0 | actor_unlocked=1 | expl_noise=0.0727 | replay=28697 | interaction_replay=12913 | samples/sec=5.146
Episode 357 complete | agent_samples=28762 | env_steps=11749 | episode_env_steps=17 | episode_agent_samples=65 | mean_reward=38.554 | success=3/5 | collision=2/5 | mean_final_distance=0.524 | mean_progress=0.0175 | min_laser=0.301 | mean_lin=1.000 | mean_ang=0.260 | mean_robot_dist=2.886 | raw_reward=20.000 | adjusted_reward=20.000 | coop_agents=0/5 | mean_coop_neighbors=0.00 | active_neighbor_step_rate=0.862 | mean_active_neighbors_step=1.908 | max_active_neighbors_step=4 | interaction_reward=0.0000 | abs_interaction_reward=0.0000 | anti_stag_reward=0.0000 | abs_anti_stag_reward=0.0000 | wall_clear_reward=0.0000 | abs_wall_clear_reward=0.0000 | local_nav_reward=0.0000 | abs_local_nav_reward=0.0000 | context_neighbors_mean=1.97 | context_neighbors_max=3 | last_context_neighbors_mean=0.00 | last_context_neighbors_max=0 | actor_unlocked=1 | expl_noise=0.0727 | replay=28762 | interaction_replay=12925 | samples/sec=5.154
Episode 358 complete | agent_samples=28846 | env_steps=11792 | episode_env_steps=43 | episode_agent_samples=84 | mean_reward=45.647 | success=3/5 | collision=2/5 | mean_final_distance=0.481 | mean_progress=0.0152 | min_laser=0.316 | mean_lin=0.855 | mean_ang=0.468 | mean_robot_dist=2.177 | raw_reward=20.000 | adjusted_reward=20.000 | coop_agents=0/5 | mean_coop_neighbors=0.00 | active_neighbor_step_rate=0.524 | mean_active_neighbors_step=1.345 | max_active_neighbors_step=4 | interaction_reward=0.0000 | abs_interaction_reward=0.0000 | anti_stag_reward=0.0000 | abs_anti_stag_reward=0.0000 | wall_clear_reward=0.0000 | abs_wall_clear_reward=0.0000 | local_nav_reward=0.0000 | abs_local_nav_reward=0.0000 | context_neighbors_mean=1.36 | context_neighbors_max=4 | last_context_neighbors_mean=0.00 | last_context_neighbors_max=0 | actor_unlocked=1 | expl_noise=0.0726 | replay=28846 | interaction_replay=12948 | samples/sec=5.161
Episode 359 complete | agent_samples=28939 | env_steps=11834 | episode_env_steps=42 | episode_agent_samples=93 | mean_reward=117.237 | success=5/5 | collision=0/5 | mean_final_distance=0.247 | mean_progress=0.0145 | min_laser=0.413 | mean_lin=0.990 | mean_ang=-0.728 | mean_robot_dist=1.583 | raw_reward=20.000 | adjusted_reward=20.000 | coop_agents=0/5 | mean_coop_neighbors=0.00 | active_neighbor_step_rate=0.656 | mean_active_neighbors_step=1.570 | max_active_neighbors_step=4 | interaction_reward=0.0000 | abs_interaction_reward=0.0000 | anti_stag_reward=0.0000 | abs_anti_stag_reward=0.0000 | wall_clear_reward=0.0000 | abs_wall_clear_reward=0.0000 | local_nav_reward=0.0000 | abs_local_nav_reward=0.0000 | context_neighbors_mean=1.58 | context_neighbors_max=4 | last_context_neighbors_mean=0.00 | last_context_neighbors_max=0 | actor_unlocked=1 | expl_noise=0.0726 | replay=28939 | interaction_replay=13007 | samples/sec=5.169
Episode 360 complete | agent_samples=29010 | env_steps=11854 | episode_env_steps=20 | episode_agent_samples=71 | mean_reward=78.571 | success=4/5 | collision=1/5 | mean_final_distance=0.500 | mean_progress=0.0414 | min_laser=0.346 | mean_lin=0.766 | mean_ang=-0.560 | mean_robot_dist=2.742 | raw_reward=40.000 | adjusted_reward=40.000 | coop_agents=1/5 | mean_coop_neighbors=0.20 | active_neighbor_step_rate=0.789 | mean_active_neighbors_step=2.042 | max_active_neighbors_step=4 | interaction_reward=0.0000 | abs_interaction_reward=0.0000 | anti_stag_reward=0.0000 | abs_anti_stag_reward=0.0000 | wall_clear_reward=0.0000 | abs_wall_clear_reward=0.0000 | local_nav_reward=0.0000 | abs_local_nav_reward=0.0000 | context_neighbors_mean=2.04 | context_neighbors_max=4 | last_context_neighbors_mean=0.00 | last_context_neighbors_max=0 | actor_unlocked=1 | expl_noise=0.0726 | replay=29010 | interaction_replay=13021 | samples/sec=5.178
Status | epoch=2 | next_eval_in=10990 agent_samples | checkpoint_every=10 episodes | checkpoint=./checkpoints/interaction_oracle_specialist_pilot_s20260724_latest.pt | model=interaction_oracle_specialist_pilot_s20260724
Checkpoint saved: ./checkpoints/interaction_oracle_specialist_pilot_s20260724_latest.pt
Episode 361 complete | agent_samples=29090 | env_steps=11874 | episode_env_steps=20 | episode_agent_samples=80 | mean_reward=80.975 | success=4/5 | collision=1/5 | mean_final_distance=0.310 | mean_progress=0.0060 | min_laser=0.321 | mean_lin=0.858 | mean_ang=-0.489 | mean_robot_dist=1.301 | raw_reward=20.000 | adjusted_reward=20.000 | coop_agents=0/5 | mean_coop_neighbors=0.00 | active_neighbor_step_rate=0.700 | mean_active_neighbors_step=1.637 | max_active_neighbors_step=4 | interaction_reward=0.0000 | abs_interaction_reward=0.0000 | anti_stag_reward=0.0000 | abs_anti_stag_reward=0.0000 | wall_clear_reward=0.0000 | abs_wall_clear_reward=0.0000 | local_nav_reward=0.0000 | abs_local_nav_reward=0.0000 | context_neighbors_mean=1.70 | context_neighbors_max=4 | last_context_neighbors_mean=0.00 | last_context_neighbors_max=0 | actor_unlocked=1 | expl_noise=0.0726 | replay=29090 | interaction_replay=13062 | samples/sec=5.187
Episode 362 complete | agent_samples=29212 | env_steps=11939 | episode_env_steps=65 | episode_agent_samples=122 | mean_reward=117.542 | success=5/5 | collision=0/5 | mean_final_distance=0.283 | mean_progress=0.0135 | min_laser=0.361 | mean_lin=0.774 | mean_ang=-0.175 | mean_robot_dist=2.755 | raw_reward=20.000 | adjusted_reward=20.000 | coop_agents=0/5 | mean_coop_neighbors=0.00 | active_neighbor_step_rate=0.549 | mean_active_neighbors_step=1.270 | max_active_neighbors_step=4 | interaction_reward=0.0000 | abs_interaction_reward=0.0000 | anti_stag_reward=0.0000 | abs_anti_stag_reward=0.0000 | wall_clear_reward=0.0000 | abs_wall_clear_reward=0.0000 | local_nav_reward=0.0000 | abs_local_nav_reward=0.0000 | context_neighbors_mean=1.30 | context_neighbors_max=4 | last_context_neighbors_mean=0.00 | last_context_neighbors_max=0 | actor_unlocked=1 | expl_noise=0.0725 | replay=29212 | interaction_replay=13127 | samples/sec=5.196
Episode 363 complete | agent_samples=29295 | env_steps=11966 | episode_env_steps=27 | episode_agent_samples=83 | mean_reward=83.220 | success=4/5 | collision=1/5 | mean_final_distance=0.563 | mean_progress=0.0256 | min_laser=0.347 | mean_lin=0.987 | mean_ang=0.113 | mean_robot_dist=2.971 | raw_reward=20.000 | adjusted_reward=20.000 | coop_agents=0/5 | mean_coop_neighbors=0.00 | active_neighbor_step_rate=0.735 | mean_active_neighbors_step=1.867 | max_active_neighbors_step=4 | interaction_reward=0.0000 | abs_interaction_reward=0.0000 | anti_stag_reward=0.0000 | abs_anti_stag_reward=0.0000 | wall_clear_reward=0.0000 | abs_wall_clear_reward=0.0000 | local_nav_reward=0.0000 | abs_local_nav_reward=0.0000 | context_neighbors_mean=1.87 | context_neighbors_max=4 | last_context_neighbors_mean=0.00 | last_context_neighbors_max=0 | actor_unlocked=1 | expl_noise=0.0725 | replay=29295 | interaction_replay=13142 | samples/sec=5.205
Episode 364 complete | agent_samples=29366 | env_steps=11993 | episode_env_steps=27 | episode_agent_samples=71 | mean_reward=117.705 | success=5/5 | collision=0/5 | mean_final_distance=0.266 | mean_progress=0.0239 | min_laser=0.549 | mean_lin=0.998 | mean_ang=0.776 | mean_robot_dist=0.957 | raw_reward=20.000 | adjusted_reward=20.000 | coop_agents=0/5 | mean_coop_neighbors=0.00 | active_neighbor_step_rate=0.535 | mean_active_neighbors_step=0.873 | max_active_neighbors_step=4 | interaction_reward=0.0000 | abs_interaction_reward=0.0000 | anti_stag_reward=0.0000 | abs_anti_stag_reward=0.0000 | wall_clear_reward=0.0000 | abs_wall_clear_reward=0.0000 | local_nav_reward=0.0000 | abs_local_nav_reward=0.0000 | context_neighbors_mean=0.93 | context_neighbors_max=4 | last_context_neighbors_mean=0.00 | last_context_neighbors_max=0 | actor_unlocked=1 | expl_noise=0.0725 | replay=29366 | interaction_replay=13164 | samples/sec=5.212
Episode 365 complete | agent_samples=29421 | env_steps=12009 | episode_env_steps=16 | episode_agent_samples=55 | mean_reward=80.013 | success=4/5 | collision=1/5 | mean_final_distance=0.466 | mean_progress=0.0186 | min_laser=0.348 | mean_lin=0.978 | mean_ang=-0.560 | mean_robot_dist=1.287 | raw_reward=20.000 | adjusted_reward=20.000 | coop_agents=0/5 | mean_coop_neighbors=0.00 | active_neighbor_step_rate=0.800 | mean_active_neighbors_step=2.255 | max_active_neighbors_step=4 | interaction_reward=0.0000 | abs_interaction_reward=0.0000 | anti_stag_reward=0.0000 | abs_anti_stag_reward=0.0000 | wall_clear_reward=0.0000 | abs_wall_clear_reward=0.0000 | local_nav_reward=0.0000 | abs_local_nav_reward=0.0000 | context_neighbors_mean=2.36 | context_neighbors_max=4 | last_context_neighbors_mean=0.00 | last_context_neighbors_max=0 | actor_unlocked=1 | expl_noise=0.0725 | replay=29421 | interaction_replay=13205 | samples/sec=5.219
Status | epoch=2 | next_eval_in=10579 agent_samples | checkpoint_every=10 episodes | checkpoint=./checkpoints/interaction_oracle_specialist_pilot_s20260724_latest.pt | model=interaction_oracle_specialist_pilot_s20260724
Episode 366 complete | agent_samples=29518 | env_steps=12053 | episode_env_steps=44 | episode_agent_samples=97 | mean_reward=81.288 | success=4/5 | collision=1/5 | mean_final_distance=0.539 | mean_progress=0.0107 | min_laser=0.346 | mean_lin=0.990 | mean_ang=-0.208 | mean_robot_dist=2.246 | raw_reward=20.000 | adjusted_reward=20.000 | coop_agents=0/5 | mean_coop_neighbors=0.00 | active_neighbor_step_rate=0.670 | mean_active_neighbors_step=1.495 | max_active_neighbors_step=4 | interaction_reward=0.0000 | abs_interaction_reward=0.0000 | anti_stag_reward=0.0000 | abs_anti_stag_reward=0.0000 | wall_clear_reward=0.0000 | abs_wall_clear_reward=0.0000 | local_nav_reward=0.0000 | abs_local_nav_reward=0.0000 | context_neighbors_mean=1.53 | context_neighbors_max=4 | last_context_neighbors_mean=0.00 | last_context_neighbors_max=0 | actor_unlocked=1 | expl_noise=0.0725 | replay=29518 | interaction_replay=13239 | samples/sec=5.227
Episode 367 complete | agent_samples=29567 | env_steps=12069 | episode_env_steps=16 | episode_agent_samples=49 | mean_reward=-6.111 | success=2/5 | collision=3/5 | mean_final_distance=1.100 | mean_progress=0.0225 | min_laser=0.300 | mean_lin=0.766 | mean_ang=-0.356 | mean_robot_dist=1.864 | raw_reward=20.000 | adjusted_reward=20.000 | coop_agents=0/5 | mean_coop_neighbors=0.00 | active_neighbor_step_rate=0.490 | mean_active_neighbors_step=1.347 | max_active_neighbors_step=4 | interaction_reward=0.0000 | abs_interaction_reward=0.0000 | anti_stag_reward=0.0000 | abs_anti_stag_reward=0.0000 | wall_clear_reward=0.0000 | abs_wall_clear_reward=0.0000 | local_nav_reward=0.0000 | abs_local_nav_reward=0.0000 | context_neighbors_mean=1.39 | context_neighbors_max=4 | last_context_neighbors_mean=0.00 | last_context_neighbors_max=0 | actor_unlocked=1 | expl_noise=0.0725 | replay=29567 | interaction_replay=13262 | samples/sec=5.232
Episode 368 complete | agent_samples=29611 | env_steps=12082 | episode_env_steps=13 | episode_agent_samples=44 | mean_reward=110.676 | success=5/5 | collision=0/5 | mean_final_distance=0.257 | mean_progress=0.0273 | min_laser=0.530 | mean_lin=0.999 | mean_ang=0.553 | mean_robot_dist=0.811 | raw_reward=20.000 | adjusted_reward=20.000 | coop_agents=0/5 | mean_coop_neighbors=0.00 | active_neighbor_step_rate=0.909 | mean_active_neighbors_step=2.273 | max_active_neighbors_step=4 | interaction_reward=0.0000 | abs_interaction_reward=0.0000 | anti_stag_reward=0.0000 | abs_anti_stag_reward=0.0000 | wall_clear_reward=0.0000 | abs_wall_clear_reward=0.0000 | local_nav_reward=0.0000 | abs_local_nav_reward=0.0000 | context_neighbors_mean=2.36 | context_neighbors_max=4 | last_context_neighbors_mean=0.00 | last_context_neighbors_max=0 | actor_unlocked=1 | expl_noise=0.0724 | replay=29611 | interaction_replay=13300 | samples/sec=5.237
Episode 369 complete | agent_samples=29726 | env_steps=12142 | episode_env_steps=60 | episode_agent_samples=115 | mean_reward=42.000 | success=3/5 | collision=2/5 | mean_final_distance=0.418 | mean_progress=0.0074 | min_laser=0.300 | mean_lin=0.982 | mean_ang=-0.164 | mean_robot_dist=1.435 | raw_reward=20.000 | adjusted_reward=20.000 | coop_agents=0/5 | mean_coop_neighbors=0.00 | active_neighbor_step_rate=0.400 | mean_active_neighbors_step=1.017 | max_active_neighbors_step=4 | interaction_reward=0.0000 | abs_interaction_reward=0.0000 | anti_stag_reward=0.0000 | abs_anti_stag_reward=0.0000 | wall_clear_reward=0.0000 | abs_wall_clear_reward=0.0000 | local_nav_reward=0.0000 | abs_local_nav_reward=0.0000 | context_neighbors_mean=1.06 | context_neighbors_max=4 | last_context_neighbors_mean=0.00 | last_context_neighbors_max=0 | actor_unlocked=1 | expl_noise=0.0724 | replay=29726 | interaction_replay=13343 | samples/sec=5.246
Episode 370 complete | agent_samples=29905 | env_steps=12233 | episode_env_steps=91 | episode_agent_samples=179 | mean_reward=39.613 | success=3/5 | collision=2/5 | mean_final_distance=0.604 | mean_progress=0.0134 | min_laser=0.328 | mean_lin=0.773 | mean_ang=-0.584 | mean_robot_dist=1.686 | raw_reward=20.000 | adjusted_reward=20.000 | coop_agents=0/5 | mean_coop_neighbors=0.00 | active_neighbor_step_rate=0.609 | mean_active_neighbors_step=1.642 | max_active_neighbors_step=4 | interaction_reward=0.0000 | abs_interaction_reward=0.0000 | anti_stag_reward=0.0000 | abs_anti_stag_reward=0.0000 | wall_clear_reward=0.0000 | abs_wall_clear_reward=0.0000 | local_nav_reward=0.0000 | abs_local_nav_reward=0.0000 | context_neighbors_mean=1.66 | context_neighbors_max=4 | last_context_neighbors_mean=0.00 | last_context_neighbors_max=0 | actor_unlocked=1 | expl_noise=0.0724 | replay=29905 | interaction_replay=13377 | samples/sec=5.259
Status | epoch=2 | next_eval_in=10095 agent_samples | checkpoint_every=10 episodes | checkpoint=./checkpoints/interaction_oracle_specialist_pilot_s20260724_latest.pt | model=interaction_oracle_specialist_pilot_s20260724
Checkpoint saved: ./checkpoints/interaction_oracle_specialist_pilot_s20260724_latest.pt
Episode 371 complete | agent_samples=29959 | env_steps=12246 | episode_env_steps=13 | episode_agent_samples=54 | mean_reward=29.169 | success=3/5 | collision=2/5 | mean_final_distance=0.671 | mean_progress=0.0373 | min_laser=0.317 | mean_lin=0.982 | mean_ang=0.558 | mean_robot_dist=0.544 | raw_reward=-40.000 | adjusted_reward=-40.000 | coop_agents=2/5 | mean_coop_neighbors=0.40 | active_neighbor_step_rate=0.833 | mean_active_neighbors_step=1.981 | max_active_neighbors_step=4 | interaction_reward=0.0000 | abs_interaction_reward=0.0000 | anti_stag_reward=0.0000 | abs_anti_stag_reward=0.0000 | wall_clear_reward=0.0000 | abs_wall_clear_reward=0.0000 | local_nav_reward=0.0000 | abs_local_nav_reward=0.0000 | context_neighbors_mean=1.98 | context_neighbors_max=4 | last_context_neighbors_mean=0.00 | last_context_neighbors_max=0 | actor_unlocked=1 | expl_noise=0.0723 | replay=29959 | interaction_replay=13397 | samples/sec=5.265
Episode 372 complete | agent_samples=30095 | env_steps=12304 | episode_env_steps=58 | episode_agent_samples=136 | mean_reward=106.706 | success=5/5 | collision=0/5 | mean_final_distance=0.260 | mean_progress=0.0042 | min_laser=0.521 | mean_lin=0.784 | mean_ang=-0.204 | mean_robot_dist=0.754 | raw_reward=20.000 | adjusted_reward=20.000 | coop_agents=0/5 | mean_coop_neighbors=0.00 | active_neighbor_step_rate=0.816 | mean_active_neighbors_step=1.279 | max_active_neighbors_step=4 | interaction_reward=0.0000 | abs_interaction_reward=0.0000 | anti_stag_reward=0.0000 | abs_anti_stag_reward=0.0000 | wall_clear_reward=0.0000 | abs_wall_clear_reward=0.0000 | local_nav_reward=0.0000 | abs_local_nav_reward=0.0000 | context_neighbors_mean=1.32 | context_neighbors_max=4 | last_context_neighbors_mean=0.00 | last_context_neighbors_max=0 | actor_unlocked=1 | expl_noise=0.0723 | replay=30095 | interaction_replay=13479 | samples/sec=5.277
Episode 373 complete | agent_samples=30211 | env_steps=12341 | episode_env_steps=37 | episode_agent_samples=116 | mean_reward=78.607 | success=4/5 | collision=1/5 | mean_final_distance=0.486 | mean_progress=0.0021 | min_laser=0.325 | mean_lin=0.554 | mean_ang=-0.208 | mean_robot_dist=1.971 | raw_reward=20.000 | adjusted_reward=20.000 | coop_agents=0/5 | mean_coop_neighbors=0.00 | active_neighbor_step_rate=0.612 | mean_active_neighbors_step=1.724 | max_active_neighbors_step=4 | interaction_reward=0.0000 | abs_interaction_reward=0.0000 | anti_stag_reward=0.0000 | abs_anti_stag_reward=0.0000 | wall_clear_reward=0.0000 | abs_wall_clear_reward=0.0000 | local_nav_reward=0.0000 | abs_local_nav_reward=0.0000 | context_neighbors_mean=1.78 | context_neighbors_max=4 | last_context_neighbors_mean=0.00 | last_context_neighbors_max=0 | actor_unlocked=1 | expl_noise=0.0723 | replay=30211 | interaction_replay=13542 | samples/sec=5.290
Episode 374 complete | agent_samples=30318 | env_steps=12397 | episode_env_steps=56 | episode_agent_samples=107 | mean_reward=-6.050 | success=2/5 | collision=3/5 | mean_final_distance=0.725 | mean_progress=0.0151 | min_laser=0.300 | mean_lin=0.803 | mean_ang=-0.097 | mean_robot_dist=4.343 | raw_reward=-20.000 | adjusted_reward=-20.000 | coop_agents=0/5 | mean_coop_neighbors=0.00 | active_neighbor_step_rate=0.570 | mean_active_neighbors_step=1.589 | max_active_neighbors_step=4 | interaction_reward=0.0000 | abs_interaction_reward=0.0000 | anti_stag_reward=0.0000 | abs_anti_stag_reward=0.0000 | wall_clear_reward=0.0000 | abs_wall_clear_reward=0.0000 | local_nav_reward=0.0000 | abs_local_nav_reward=0.0000 | context_neighbors_mean=1.63 | context_neighbors_max=4 | last_context_neighbors_mean=0.00 | last_context_neighbors_max=0 | actor_unlocked=1 | expl_noise=0.0723 | replay=30318 | interaction_replay=13562 | samples/sec=5.298
Episode 375 complete | agent_samples=30377 | env_steps=12414 | episode_env_steps=17 | episode_agent_samples=59 | mean_reward=114.947 | success=5/5 | collision=0/5 | mean_final_distance=0.264 | mean_progress=0.0152 | min_laser=0.580 | mean_lin=0.790 | mean_ang=-0.587 | mean_robot_dist=1.855 | raw_reward=20.000 | adjusted_reward=20.000 | coop_agents=0/5 | mean_coop_neighbors=0.00 | active_neighbor_step_rate=0.695 | mean_active_neighbors_step=1.712 | max_active_neighbors_step=4 | interaction_reward=0.0000 | abs_interaction_reward=0.0000 | anti_stag_reward=0.0000 | abs_anti_stag_reward=0.0000 | wall_clear_reward=0.0000 | abs_wall_clear_reward=0.0000 | local_nav_reward=0.0000 | abs_local_nav_reward=0.0000 | context_neighbors_mean=1.83 | context_neighbors_max=4 | last_context_neighbors_mean=0.00 | last_context_neighbors_max=0 | actor_unlocked=1 | expl_noise=0.0722 | replay=30377 | interaction_replay=13604 | samples/sec=5.304
Status | epoch=2 | next_eval_in=9623 agent_samples | checkpoint_every=10 episodes | checkpoint=./checkpoints/interaction_oracle_specialist_pilot_s20260724_latest.pt | model=interaction_oracle_specialist_pilot_s20260724
Episode 376 complete | agent_samples=30449 | env_steps=12450 | episode_env_steps=36 | episode_agent_samples=72 | mean_reward=29.040 | success=3/5 | collision=2/5 | mean_final_distance=0.386 | mean_progress=0.0210 | min_laser=0.328 | mean_lin=0.992 | mean_ang=0.195 | mean_robot_dist=1.031 | raw_reward=20.000 | adjusted_reward=20.000 | coop_agents=0/5 | mean_coop_neighbors=0.00 | active_neighbor_step_rate=0.597 | mean_active_neighbors_step=1.736 | max_active_neighbors_step=4 | interaction_reward=0.0000 | abs_interaction_reward=0.0000 | anti_stag_reward=0.0000 | abs_anti_stag_reward=0.0000 | wall_clear_reward=0.0000 | abs_wall_clear_reward=0.0000 | local_nav_reward=0.0000 | abs_local_nav_reward=0.0000 | context_neighbors_mean=1.82 | context_neighbors_max=4 | last_context_neighbors_mean=0.00 | last_context_neighbors_max=0 | actor_unlocked=1 | expl_noise=0.0722 | replay=30449 | interaction_replay=13648 | samples/sec=5.310
Episode 377 complete | agent_samples=30547 | env_steps=12501 | episode_env_steps=51 | episode_agent_samples=98 | mean_reward=127.838 | success=5/5 | collision=0/5 | mean_final_distance=0.269 | mean_progress=0.0035 | min_laser=0.525 | mean_lin=1.000 | mean_ang=0.161 | mean_robot_dist=1.967 | raw_reward=20.000 | adjusted_reward=20.000 | coop_agents=0/5 | mean_coop_neighbors=0.00 | active_neighbor_step_rate=0.633 | mean_active_neighbors_step=1.439 | max_active_neighbors_step=4 | interaction_reward=0.0000 | abs_interaction_reward=0.0000 | anti_stag_reward=0.0000 | abs_anti_stag_reward=0.0000 | wall_clear_reward=0.0000 | abs_wall_clear_reward=0.0000 | local_nav_reward=0.0000 | abs_local_nav_reward=0.0000 | context_neighbors_mean=1.45 | context_neighbors_max=4 | last_context_neighbors_mean=0.00 | last_context_neighbors_max=0 | actor_unlocked=1 | expl_noise=0.0722 | replay=30547 | interaction_replay=13656 | samples/sec=5.316
Episode 378 complete | agent_samples=30689 | env_steps=12561 | episode_env_steps=60 | episode_agent_samples=142 | mean_reward=128.839 | success=5/5 | collision=0/5 | mean_final_distance=0.277 | mean_progress=0.0030 | min_laser=0.533 | mean_lin=0.440 | mean_ang=-0.999 | mean_robot_dist=1.276 | raw_reward=20.000 | adjusted_reward=20.000 | coop_agents=0/5 | mean_coop_neighbors=0.00 | active_neighbor_step_rate=0.577 | mean_active_neighbors_step=1.239 | max_active_neighbors_step=4 | interaction_reward=0.0000 | abs_interaction_reward=0.0000 | anti_stag_reward=0.0000 | abs_anti_stag_reward=0.0000 | wall_clear_reward=0.0000 | abs_wall_clear_reward=0.0000 | local_nav_reward=0.0000 | abs_local_nav_reward=0.0000 | context_neighbors_mean=1.27 | context_neighbors_max=4 | last_context_neighbors_mean=0.00 | last_context_neighbors_max=0 | actor_unlocked=1 | expl_noise=0.0721 | replay=30689 | interaction_replay=13690 | samples/sec=5.329
Episode 379 complete | agent_samples=31061 | env_steps=12828 | episode_env_steps=267 | episode_agent_samples=372 | mean_reward=114.156 | success=5/5 | collision=0/5 | mean_final_distance=0.266 | mean_progress=0.0239 | min_laser=0.425 | mean_lin=1.000 | mean_ang=-0.200 | mean_robot_dist=2.319 | raw_reward=20.000 | adjusted_reward=20.000 | coop_agents=0/5 | mean_coop_neighbors=0.00 | active_neighbor_step_rate=0.304 | mean_active_neighbors_step=0.573 | max_active_neighbors_step=4 | interaction_reward=0.0000 | abs_interaction_reward=0.0000 | anti_stag_reward=0.0000 | abs_anti_stag_reward=0.0000 | wall_clear_reward=0.0000 | abs_wall_clear_reward=0.0000 | local_nav_reward=0.0000 | abs_local_nav_reward=0.0000 | context_neighbors_mean=0.58 | context_neighbors_max=4 | last_context_neighbors_mean=0.00 | last_context_neighbors_max=0 | actor_unlocked=1 | expl_noise=0.0720 | replay=31061 | interaction_replay=13722 | samples/sec=5.340
Episode 380 complete | agent_samples=31129 | env_steps=12857 | episode_env_steps=29 | episode_agent_samples=68 | mean_reward=74.595 | success=4/5 | collision=1/5 | mean_final_distance=0.454 | mean_progress=0.0095 | min_laser=0.302 | mean_lin=0.821 | mean_ang=-0.196 | mean_robot_dist=1.242 | raw_reward=20.000 | adjusted_reward=20.000 | coop_agents=0/5 | mean_coop_neighbors=0.00 | active_neighbor_step_rate=0.735 | mean_active_neighbors_step=2.015 | max_active_neighbors_step=4 | interaction_reward=0.0000 | abs_interaction_reward=0.0000 | anti_stag_reward=0.0000 | abs_anti_stag_reward=0.0000 | wall_clear_reward=0.0000 | abs_wall_clear_reward=0.0000 | local_nav_reward=0.0000 | abs_local_nav_reward=0.0000 | context_neighbors_mean=2.06 | context_neighbors_max=4 | last_context_neighbors_mean=0.00 | last_context_neighbors_max=0 | actor_unlocked=1 | expl_noise=0.0720 | replay=31129 | interaction_replay=13772 | samples/sec=5.346
Status | epoch=2 | next_eval_in=8871 agent_samples | checkpoint_every=10 episodes | checkpoint=./checkpoints/interaction_oracle_specialist_pilot_s20260724_latest.pt | model=interaction_oracle_specialist_pilot_s20260724
Checkpoint saved: ./checkpoints/interaction_oracle_specialist_pilot_s20260724_latest.pt
Episode 381 complete | agent_samples=31218 | env_steps=12892 | episode_env_steps=35 | episode_agent_samples=89 | mean_reward=69.283 | success=4/5 | collision=1/5 | mean_final_distance=0.498 | mean_progress=0.0172 | min_laser=0.322 | mean_lin=0.600 | mean_ang=-0.985 | mean_robot_dist=2.086 | raw_reward=20.000 | adjusted_reward=20.000 | coop_agents=0/5 | mean_coop_neighbors=0.00 | active_neighbor_step_rate=0.494 | mean_active_neighbors_step=1.281 | max_active_neighbors_step=4 | interaction_reward=0.0000 | abs_interaction_reward=0.0000 | anti_stag_reward=0.0000 | abs_anti_stag_reward=0.0000 | wall_clear_reward=0.0000 | abs_wall_clear_reward=0.0000 | local_nav_reward=0.0000 | abs_local_nav_reward=0.0000 | context_neighbors_mean=1.30 | context_neighbors_max=4 | last_context_neighbors_mean=0.00 | last_context_neighbors_max=0 | actor_unlocked=1 | expl_noise=0.0719 | replay=31218 | interaction_replay=13795 | samples/sec=5.354
Episode 382 complete | agent_samples=31296 | env_steps=12913 | episode_env_steps=21 | episode_agent_samples=78 | mean_reward=81.911 | success=4/5 | collision=1/5 | mean_final_distance=0.540 | mean_progress=0.0060 | min_laser=0.341 | mean_lin=1.000 | mean_ang=-0.201 | mean_robot_dist=1.582 | raw_reward=20.000 | adjusted_reward=20.000 | coop_agents=0/5 | mean_coop_neighbors=0.00 | active_neighbor_step_rate=0.872 | mean_active_neighbors_step=2.269 | max_active_neighbors_step=4 | interaction_reward=0.0000 | abs_interaction_reward=0.0000 | anti_stag_reward=0.0000 | abs_anti_stag_reward=0.0000 | wall_clear_reward=0.0000 | abs_wall_clear_reward=0.0000 | local_nav_reward=0.0000 | abs_local_nav_reward=0.0000 | context_neighbors_mean=2.24 | context_neighbors_max=4 | last_context_neighbors_mean=0.00 | last_context_neighbors_max=0 | actor_unlocked=1 | expl_noise=0.0719 | replay=31296 | interaction_replay=13830 | samples/sec=5.363
Episode 383 complete | agent_samples=31403 | env_steps=12946 | episode_env_steps=33 | episode_agent_samples=107 | mean_reward=125.379 | success=5/5 | collision=0/5 | mean_final_distance=0.262 | mean_progress=0.0180 | min_laser=0.545 | mean_lin=0.996 | mean_ang=0.602 | mean_robot_dist=1.581 | raw_reward=20.000 | adjusted_reward=20.000 | coop_agents=0/5 | mean_coop_neighbors=0.00 | active_neighbor_step_rate=0.860 | mean_active_neighbors_step=1.925 | max_active_neighbors_step=4 | interaction_reward=0.0000 | abs_interaction_reward=0.0000 | anti_stag_reward=0.0000 | abs_anti_stag_reward=0.0000 | wall_clear_reward=0.0000 | abs_wall_clear_reward=0.0000 | local_nav_reward=0.0000 | abs_local_nav_reward=0.0000 | context_neighbors_mean=1.93 | context_neighbors_max=4 | last_context_neighbors_mean=0.00 | last_context_neighbors_max=0 | actor_unlocked=1 | expl_noise=0.0719 | replay=31403 | interaction_replay=13860 | samples/sec=5.374
Episode 384 complete | agent_samples=31459 | env_steps=12966 | episode_env_steps=20 | episode_agent_samples=56 | mean_reward=-16.026 | success=2/5 | collision=3/5 | mean_final_distance=0.742 | mean_progress=0.0238 | min_laser=0.308 | mean_lin=0.815 | mean_ang=0.498 | mean_robot_dist=1.001 | raw_reward=20.000 | adjusted_reward=20.000 | coop_agents=0/5 | mean_coop_neighbors=0.00 | active_neighbor_step_rate=0.750 | mean_active_neighbors_step=1.714 | max_active_neighbors_step=4 | interaction_reward=0.0000 | abs_interaction_reward=0.0000 | anti_stag_reward=0.0000 | abs_anti_stag_reward=0.0000 | wall_clear_reward=0.0000 | abs_wall_clear_reward=0.0000 | local_nav_reward=0.0000 | abs_local_nav_reward=0.0000 | context_neighbors_mean=1.73 | context_neighbors_max=4 | last_context_neighbors_mean=0.00 | last_context_neighbors_max=0 | actor_unlocked=1 | expl_noise=0.0719 | replay=31459 | interaction_replay=13902 | samples/sec=5.380
Episode 385 complete | agent_samples=31562 | env_steps=13004 | episode_env_steps=38 | episode_agent_samples=103 | mean_reward=88.129 | success=4/5 | collision=1/5 | mean_final_distance=0.343 | mean_progress=0.0150 | min_laser=0.341 | mean_lin=0.982 | mean_ang=0.513 | mean_robot_dist=1.385 | raw_reward=20.000 | adjusted_reward=20.000 | coop_agents=0/5 | mean_coop_neighbors=0.00 | active_neighbor_step_rate=0.738 | mean_active_neighbors_step=1.641 | max_active_neighbors_step=4 | interaction_reward=0.0000 | abs_interaction_reward=0.0000 | anti_stag_reward=0.0000 | abs_anti_stag_reward=0.0000 | wall_clear_reward=0.0000 | abs_wall_clear_reward=0.0000 | local_nav_reward=0.0000 | abs_local_nav_reward=0.0000 | context_neighbors_mean=1.64 | context_neighbors_max=4 | last_context_neighbors_mean=0.00 | last_context_neighbors_max=0 | actor_unlocked=1 | expl_noise=0.0719 | replay=31562 | interaction_replay=13923 | samples/sec=5.390
Status | epoch=2 | next_eval_in=8438 agent_samples | checkpoint_every=10 episodes | checkpoint=./checkpoints/interaction_oracle_specialist_pilot_s20260724_latest.pt | model=interaction_oracle_specialist_pilot_s20260724
Episode 386 complete | agent_samples=31622 | env_steps=13023 | episode_env_steps=19 | episode_agent_samples=60 | mean_reward=-2.085 | success=2/5 | collision=3/5 | mean_final_distance=0.852 | mean_progress=0.0128 | min_laser=0.300 | mean_lin=0.552 | mean_ang=-0.606 | mean_robot_dist=0.636 | raw_reward=-20.000 | adjusted_reward=-20.000 | coop_agents=0/5 | mean_coop_neighbors=0.00 | active_neighbor_step_rate=0.683 | mean_active_neighbors_step=1.900 | max_active_neighbors_step=4 | interaction_reward=0.0000 | abs_interaction_reward=0.0000 | anti_stag_reward=0.0000 | abs_anti_stag_reward=0.0000 | wall_clear_reward=0.0000 | abs_wall_clear_reward=0.0000 | local_nav_reward=0.0000 | abs_local_nav_reward=0.0000 | context_neighbors_mean=1.90 | context_neighbors_max=4 | last_context_neighbors_mean=0.00 | last_context_neighbors_max=0 | actor_unlocked=1 | expl_noise=0.0719 | replay=31622 | interaction_replay=13952 | samples/sec=5.396
Episode 387 complete | agent_samples=31739 | env_steps=13089 | episode_env_steps=66 | episode_agent_samples=117 | mean_reward=31.036 | success=3/5 | collision=2/5 | mean_final_distance=0.709 | mean_progress=0.0093 | min_laser=0.300 | mean_lin=0.992 | mean_ang=-0.968 | mean_robot_dist=3.228 | raw_reward=20.000 | adjusted_reward=20.000 | coop_agents=0/5 | mean_coop_neighbors=0.00 | active_neighbor_step_rate=0.316 | mean_active_neighbors_step=0.889 | max_active_neighbors_step=4 | interaction_reward=0.0000 | abs_interaction_reward=0.0000 | anti_stag_reward=0.0000 | abs_anti_stag_reward=0.0000 | wall_clear_reward=0.0000 | abs_wall_clear_reward=0.0000 | local_nav_reward=0.0000 | abs_local_nav_reward=0.0000 | context_neighbors_mean=0.89 | context_neighbors_max=4 | last_context_neighbors_mean=0.00 | last_context_neighbors_max=0 | actor_unlocked=1 | expl_noise=0.0718 | replay=31739 | interaction_replay=13988 | samples/sec=5.403
Episode 388 complete | agent_samples=31788 | env_steps=13101 | episode_env_steps=12 | episode_agent_samples=49 | mean_reward=37.893 | success=3/5 | collision=2/5 | mean_final_distance=0.432 | mean_progress=0.0211 | min_laser=0.300 | mean_lin=0.989 | mean_ang=0.595 | mean_robot_dist=1.144 | raw_reward=20.000 | adjusted_reward=20.000 | coop_agents=0/5 | mean_coop_neighbors=0.00 | active_neighbor_step_rate=0.837 | mean_active_neighbors_step=1.980 | max_active_neighbors_step=4 | interaction_reward=0.0000 | abs_interaction_reward=0.0000 | anti_stag_reward=0.0000 | abs_anti_stag_reward=0.0000 | wall_clear_reward=0.0000 | abs_wall_clear_reward=0.0000 | local_nav_reward=0.0000 | abs_local_nav_reward=0.0000 | context_neighbors_mean=2.06 | context_neighbors_max=4 | last_context_neighbors_mean=0.00 | last_context_neighbors_max=0 | actor_unlocked=1 | expl_noise=0.0718 | replay=31788 | interaction_replay=14030 | samples/sec=5.409
Episode 389 complete | agent_samples=31879 | env_steps=13128 | episode_env_steps=27 | episode_agent_samples=91 | mean_reward=121.883 | success=5/5 | collision=0/5 | mean_final_distance=0.243 | mean_progress=0.0164 | min_laser=0.414 | mean_lin=0.994 | mean_ang=-0.193 | mean_robot_dist=0.960 | raw_reward=20.000 | adjusted_reward=20.000 | coop_agents=0/5 | mean_coop_neighbors=0.00 | active_neighbor_step_rate=0.824 | mean_active_neighbors_step=1.989 | max_active_neighbors_step=4 | interaction_reward=0.0000 | abs_interaction_reward=0.0000 | anti_stag_reward=0.0000 | abs_anti_stag_reward=0.0000 | wall_clear_reward=0.0000 | abs_wall_clear_reward=0.0000 | local_nav_reward=0.0000 | abs_local_nav_reward=0.0000 | context_neighbors_mean=1.99 | context_neighbors_max=4 | last_context_neighbors_mean=0.00 | last_context_neighbors_max=0 | actor_unlocked=1 | expl_noise=0.0718 | replay=31879 | interaction_replay=14054 | samples/sec=5.419
Episode 390 complete | agent_samples=31957 | env_steps=13158 | episode_env_steps=30 | episode_agent_samples=78 | mean_reward=113.059 | success=5/5 | collision=0/5 | mean_final_distance=0.273 | mean_progress=0.0023 | min_laser=0.405 | mean_lin=0.595 | mean_ang=-0.010 | mean_robot_dist=2.141 | raw_reward=20.000 | adjusted_reward=20.000 | coop_agents=0/5 | mean_coop_neighbors=0.00 | active_neighbor_step_rate=0.526 | mean_active_neighbors_step=1.385 | max_active_neighbors_step=4 | interaction_reward=0.0000 | abs_interaction_reward=0.0000 | anti_stag_reward=0.0000 | abs_anti_stag_reward=0.0000 | wall_clear_reward=0.0000 | abs_wall_clear_reward=0.0000 | local_nav_reward=0.0000 | abs_local_nav_reward=0.0000 | context_neighbors_mean=1.51 | context_neighbors_max=4 | last_context_neighbors_mean=0.00 | last_context_neighbors_max=0 | actor_unlocked=1 | expl_noise=0.0718 | replay=31957 | interaction_replay=14097 | samples/sec=5.426
Status | epoch=2 | next_eval_in=8043 agent_samples | checkpoint_every=10 episodes | checkpoint=./checkpoints/interaction_oracle_specialist_pilot_s20260724_latest.pt | model=interaction_oracle_specialist_pilot_s20260724
Checkpoint saved: ./checkpoints/interaction_oracle_specialist_pilot_s20260724_latest.pt
Episode 391 complete | agent_samples=32072 | env_steps=13198 | episode_env_steps=40 | episode_agent_samples=115 | mean_reward=118.425 | success=5/5 | collision=0/5 | mean_final_distance=0.253 | mean_progress=0.0092 | min_laser=0.352 | mean_lin=0.990 | mean_ang=-0.356 | mean_robot_dist=2.342 | raw_reward=20.000 | adjusted_reward=20.000 | coop_agents=0/5 | mean_coop_neighbors=0.00 | active_neighbor_step_rate=0.661 | mean_active_neighbors_step=1.678 | max_active_neighbors_step=4 | interaction_reward=0.0000 | abs_interaction_reward=0.0000 | anti_stag_reward=0.0000 | abs_anti_stag_reward=0.0000 | wall_clear_reward=0.0000 | abs_wall_clear_reward=0.0000 | local_nav_reward=0.0000 | abs_local_nav_reward=0.0000 | context_neighbors_mean=1.73 | context_neighbors_max=4 | last_context_neighbors_mean=0.00 | last_context_neighbors_max=0 | actor_unlocked=1 | expl_noise=0.0718 | replay=32072 | interaction_replay=14107 | samples/sec=5.437
Episode 392 complete | agent_samples=32117 | env_steps=13209 | episode_env_steps=11 | episode_agent_samples=45 | mean_reward=25.197 | success=3/5 | collision=2/5 | mean_final_distance=0.458 | mean_progress=0.0231 | min_laser=0.302 | mean_lin=0.998 | mean_ang=-0.217 | mean_robot_dist=1.628 | raw_reward=20.000 | adjusted_reward=20.000 | coop_agents=0/5 | mean_coop_neighbors=0.00 | active_neighbor_step_rate=0.911 | mean_active_neighbors_step=2.311 | max_active_neighbors_step=4 | interaction_reward=0.0000 | abs_interaction_reward=0.0000 | anti_stag_reward=0.0000 | abs_anti_stag_reward=0.0000 | wall_clear_reward=0.0000 | abs_wall_clear_reward=0.0000 | local_nav_reward=0.0000 | abs_local_nav_reward=0.0000 | context_neighbors_mean=2.42 | context_neighbors_max=4 | last_context_neighbors_mean=0.00 | last_context_neighbors_max=0 | actor_unlocked=1 | expl_noise=0.0717 | replay=32117 | interaction_replay=14147 | samples/sec=5.442
Episode 393 complete | agent_samples=32180 | env_steps=13233 | episode_env_steps=24 | episode_agent_samples=63 | mean_reward=120.493 | success=5/5 | collision=0/5 | mean_final_distance=0.228 | mean_progress=0.0258 | min_laser=0.451 | mean_lin=1.000 | mean_ang=0.262 | mean_robot_dist=1.302 | raw_reward=20.000 | adjusted_reward=20.000 | coop_agents=0/5 | mean_coop_neighbors=0.00 | active_neighbor_step_rate=0.714 | mean_active_neighbors_step=1.587 | max_active_neighbors_step=4 | interaction_reward=0.0000 | abs_interaction_reward=0.0000 | anti_stag_reward=0.0000 | abs_anti_stag_reward=0.0000 | wall_clear_reward=0.0000 | abs_wall_clear_reward=0.0000 | local_nav_reward=0.0000 | abs_local_nav_reward=0.0000 | context_neighbors_mean=1.63 | context_neighbors_max=4 | last_context_neighbors_mean=0.00 | last_context_neighbors_max=0 | actor_unlocked=1 | expl_noise=0.0717 | replay=32180 | interaction_replay=14189 | samples/sec=5.448
Episode 394 complete | agent_samples=32235 | env_steps=13246 | episode_env_steps=13 | episode_agent_samples=55 | mean_reward=77.928 | success=4/5 | collision=1/5 | mean_final_distance=0.314 | mean_progress=0.0010 | min_laser=0.337 | mean_lin=0.790 | mean_ang=0.200 | mean_robot_dist=0.556 | raw_reward=-20.000 | adjusted_reward=-20.000 | coop_agents=0/5 | mean_coop_neighbors=0.00 | active_neighbor_step_rate=0.927 | mean_active_neighbors_step=2.418 | max_active_neighbors_step=4 | interaction_reward=0.0000 | abs_interaction_reward=0.0000 | anti_stag_reward=0.0000 | abs_anti_stag_reward=0.0000 | wall_clear_reward=0.0000 | abs_wall_clear_reward=0.0000 | local_nav_reward=0.0000 | abs_local_nav_reward=0.0000 | context_neighbors_mean=2.42 | context_neighbors_max=4 | last_context_neighbors_mean=0.00 | last_context_neighbors_max=0 | actor_unlocked=1 | expl_noise=0.0717 | replay=32235 | interaction_replay=14231 | samples/sec=5.455
Episode 395 complete | agent_samples=32286 | env_steps=13260 | episode_env_steps=14 | episode_agent_samples=51 | mean_reward=20.763 | success=3/5 | collision=2/5 | mean_final_distance=0.389 | mean_progress=0.0162 | min_laser=0.305 | mean_lin=0.782 | mean_ang=0.406 | mean_robot_dist=1.680 | raw_reward=20.000 | adjusted_reward=20.000 | coop_agents=0/5 | mean_coop_neighbors=0.00 | active_neighbor_step_rate=0.941 | mean_active_neighbors_step=1.490 | max_active_neighbors_step=4 | interaction_reward=0.0000 | abs_interaction_reward=0.0000 | anti_stag_reward=0.0000 | abs_anti_stag_reward=0.0000 | wall_clear_reward=0.0000 | abs_wall_clear_reward=0.0000 | local_nav_reward=0.0000 | abs_local_nav_reward=0.0000 | context_neighbors_mean=1.57 | context_neighbors_max=4 | last_context_neighbors_mean=0.00 | last_context_neighbors_max=0 | actor_unlocked=1 | expl_noise=0.0717 | replay=32286 | interaction_replay=14273 | samples/sec=5.460
Status | epoch=2 | next_eval_in=7714 agent_samples | checkpoint_every=10 episodes | checkpoint=./checkpoints/interaction_oracle_specialist_pilot_s20260724_latest.pt | model=interaction_oracle_specialist_pilot_s20260724
Episode 396 complete | agent_samples=32327 | env_steps=13273 | episode_env_steps=13 | episode_agent_samples=41 | mean_reward=-18.183 | success=2/5 | collision=3/5 | mean_final_distance=0.830 | mean_progress=0.0157 | min_laser=0.300 | mean_lin=0.450 | mean_ang=-0.610 | mean_robot_dist=0.729 | raw_reward=20.000 | adjusted_reward=20.000 | coop_agents=0/5 | mean_coop_neighbors=0.00 | active_neighbor_step_rate=0.927 | mean_active_neighbors_step=1.976 | max_active_neighbors_step=4 | interaction_reward=0.0000 | abs_interaction_reward=0.0000 | anti_stag_reward=0.0000 | abs_anti_stag_reward=0.0000 | wall_clear_reward=0.0000 | abs_wall_clear_reward=0.0000 | local_nav_reward=0.0000 | abs_local_nav_reward=0.0000 | context_neighbors_mean=2.02 | context_neighbors_max=4 | last_context_neighbors_mean=0.00 | last_context_neighbors_max=0 | actor_unlocked=1 | expl_noise=0.0717 | replay=32327 | interaction_replay=14303 | samples/sec=5.464
Episode 397 complete | agent_samples=32379 | env_steps=13285 | episode_env_steps=12 | episode_agent_samples=52 | mean_reward=40.383 | success=3/5 | collision=2/5 | mean_final_distance=0.451 | mean_progress=0.0234 | min_laser=0.301 | mean_lin=0.981 | mean_ang=0.813 | mean_robot_dist=0.363 | raw_reward=-20.000 | adjusted_reward=-20.000 | coop_agents=0/5 | mean_coop_neighbors=0.00 | active_neighbor_step_rate=0.904 | mean_active_neighbors_step=1.962 | max_active_neighbors_step=4 | interaction_reward=0.0000 | abs_interaction_reward=0.0000 | anti_stag_reward=0.0000 | abs_anti_stag_reward=0.0000 | wall_clear_reward=0.0000 | abs_wall_clear_reward=0.0000 | local_nav_reward=0.0000 | abs_local_nav_reward=0.0000 | context_neighbors_mean=2.02 | context_neighbors_max=4 | last_context_neighbors_mean=0.00 | last_context_neighbors_max=0 | actor_unlocked=1 | expl_noise=0.0717 | replay=32379 | interaction_replay=14351 | samples/sec=5.471
Episode 398 complete | agent_samples=32430 | env_steps=13304 | episode_env_steps=19 | episode_agent_samples=51 | mean_reward=71.248 | success=4/5 | collision=1/5 | mean_final_distance=0.413 | mean_progress=0.0261 | min_laser=0.334 | mean_lin=0.990 | mean_ang=0.165 | mean_robot_dist=0.647 | raw_reward=-20.000 | adjusted_reward=-20.000 | coop_agents=0/5 | mean_coop_neighbors=0.00 | active_neighbor_step_rate=0.627 | mean_active_neighbors_step=1.471 | max_active_neighbors_step=4 | interaction_reward=0.0000 | abs_interaction_reward=0.0000 | anti_stag_reward=0.0000 | abs_anti_stag_reward=0.0000 | wall_clear_reward=0.0000 | abs_wall_clear_reward=0.0000 | local_nav_reward=0.0000 | abs_local_nav_reward=0.0000 | context_neighbors_mean=1.47 | context_neighbors_max=4 | last_context_neighbors_mean=0.00 | last_context_neighbors_max=0 | actor_unlocked=1 | expl_noise=0.0717 | replay=32430 | interaction_replay=14362 | samples/sec=5.475
Episode 399 complete | agent_samples=32523 | env_steps=13349 | episode_env_steps=45 | episode_agent_samples=93 | mean_reward=-13.219 | success=2/5 | collision=3/5 | mean_final_distance=0.605 | mean_progress=0.0047 | min_laser=0.300 | mean_lin=0.992 | mean_ang=0.004 | mean_robot_dist=1.630 | raw_reward=20.000 | adjusted_reward=20.000 | coop_agents=0/5 | mean_coop_neighbors=0.00 | active_neighbor_step_rate=0.527 | mean_active_neighbors_step=1.226 | max_active_neighbors_step=4 | interaction_reward=0.0000 | abs_interaction_reward=0.0000 | anti_stag_reward=0.0000 | abs_anti_stag_reward=0.0000 | wall_clear_reward=0.0000 | abs_wall_clear_reward=0.0000 | local_nav_reward=0.0000 | abs_local_nav_reward=0.0000 | context_neighbors_mean=1.26 | context_neighbors_max=4 | last_context_neighbors_mean=0.00 | last_context_neighbors_max=0 | actor_unlocked=1 | expl_noise=0.0717 | replay=32523 | interaction_replay=14413 | samples/sec=5.482
Episode 400 complete | agent_samples=32566 | env_steps=13360 | episode_env_steps=11 | episode_agent_samples=43 | mean_reward=28.895 | success=3/5 | collision=2/5 | mean_final_distance=0.351 | mean_progress=0.0017 | min_laser=0.300 | mean_lin=0.633 | mean_ang=0.190 | mean_robot_dist=1.857 | raw_reward=20.000 | adjusted_reward=20.000 | coop_agents=0/5 | mean_coop_neighbors=0.00 | active_neighbor_step_rate=0.837 | mean_active_neighbors_step=1.744 | max_active_neighbors_step=3 | interaction_reward=0.0000 | abs_interaction_reward=0.0000 | anti_stag_reward=0.0000 | abs_anti_stag_reward=0.0000 | wall_clear_reward=0.0000 | abs_wall_clear_reward=0.0000 | local_nav_reward=0.0000 | abs_local_nav_reward=0.0000 | context_neighbors_mean=1.81 | context_neighbors_max=3 | last_context_neighbors_mean=0.00 | last_context_neighbors_max=0 | actor_unlocked=1 | expl_noise=0.0716 | replay=32566 | interaction_replay=14451 | samples/sec=5.487
Status | epoch=2 | next_eval_in=7434 agent_samples | checkpoint_every=10 episodes | checkpoint=./checkpoints/interaction_oracle_specialist_pilot_s20260724_latest.pt | model=interaction_oracle_specialist_pilot_s20260724
Checkpoint saved: ./checkpoints/interaction_oracle_specialist_pilot_s20260724_latest.pt
Episode 401 complete | agent_samples=32659 | env_steps=13388 | episode_env_steps=28 | episode_agent_samples=93 | mean_reward=109.211 | success=5/5 | collision=0/5 | mean_final_distance=0.284 | mean_progress=0.0034 | min_laser=0.532 | mean_lin=0.967 | mean_ang=-0.533 | mean_robot_dist=1.499 | raw_reward=20.000 | adjusted_reward=20.000 | coop_agents=0/5 | mean_coop_neighbors=0.00 | active_neighbor_step_rate=0.656 | mean_active_neighbors_step=1.785 | max_active_neighbors_step=4 | interaction_reward=0.0000 | abs_interaction_reward=0.0000 | anti_stag_reward=0.0000 | abs_anti_stag_reward=0.0000 | wall_clear_reward=0.0000 | abs_wall_clear_reward=0.0000 | local_nav_reward=0.0000 | abs_local_nav_reward=0.0000 | context_neighbors_mean=1.87 | context_neighbors_max=4 | last_context_neighbors_mean=0.00 | last_context_neighbors_max=0 | actor_unlocked=1 | expl_noise=0.0716 | replay=32659 | interaction_replay=14509 | samples/sec=5.496
Episode 402 complete | agent_samples=32731 | env_steps=13424 | episode_env_steps=36 | episode_agent_samples=72 | mean_reward=35.716 | success=3/5 | collision=2/5 | mean_final_distance=0.925 | mean_progress=0.0148 | min_laser=0.300 | mean_lin=0.731 | mean_ang=-0.181 | mean_robot_dist=2.413 | raw_reward=20.000 | adjusted_reward=20.000 | coop_agents=0/5 | mean_coop_neighbors=0.00 | active_neighbor_step_rate=0.681 | mean_active_neighbors_step=1.556 | max_active_neighbors_step=4 | interaction_reward=0.0000 | abs_interaction_reward=0.0000 | anti_stag_reward=0.0000 | abs_anti_stag_reward=0.0000 | wall_clear_reward=0.0000 | abs_wall_clear_reward=0.0000 | local_nav_reward=0.0000 | abs_local_nav_reward=0.0000 | context_neighbors_mean=1.58 | context_neighbors_max=4 | last_context_neighbors_mean=0.00 | last_context_neighbors_max=0 | actor_unlocked=1 | expl_noise=0.0716 | replay=32731 | interaction_replay=14521 | samples/sec=5.501
Episode 403 complete | agent_samples=32848 | env_steps=13466 | episode_env_steps=42 | episode_agent_samples=117 | mean_reward=79.300 | success=4/5 | collision=1/5 | mean_final_distance=0.522 | mean_progress=0.0149 | min_laser=0.302 | mean_lin=0.607 | mean_ang=-0.581 | mean_robot_dist=1.136 | raw_reward=20.000 | adjusted_reward=20.000 | coop_agents=0/5 | mean_coop_neighbors=0.00 | active_neighbor_step_rate=0.838 | mean_active_neighbors_step=1.983 | max_active_neighbors_step=4 | interaction_reward=0.0000 | abs_interaction_reward=0.0000 | anti_stag_reward=0.0000 | abs_anti_stag_reward=0.0000 | wall_clear_reward=0.0000 | abs_wall_clear_reward=0.0000 | local_nav_reward=0.0000 | abs_local_nav_reward=0.0000 | context_neighbors_mean=2.01 | context_neighbors_max=4 | last_context_neighbors_mean=0.00 | last_context_neighbors_max=0 | actor_unlocked=1 | expl_noise=0.0716 | replay=32848 | interaction_replay=14547 | samples/sec=5.512
Episode 404 complete | agent_samples=32899 | env_steps=13481 | episode_env_steps=15 | episode_agent_samples=51 | mean_reward=75.935 | success=4/5 | collision=1/5 | mean_final_distance=0.459 | mean_progress=0.0229 | min_laser=0.327 | mean_lin=0.977 | mean_ang=0.582 | mean_robot_dist=1.133 | raw_reward=20.000 | adjusted_reward=20.000 | coop_agents=0/5 | mean_coop_neighbors=0.00 | active_neighbor_step_rate=0.725 | mean_active_neighbors_step=1.980 | max_active_neighbors_step=4 | interaction_reward=0.0000 | abs_interaction_reward=0.0000 | anti_stag_reward=0.0000 | abs_anti_stag_reward=0.0000 | wall_clear_reward=0.0000 | abs_wall_clear_reward=0.0000 | local_nav_reward=0.0000 | abs_local_nav_reward=0.0000 | context_neighbors_mean=1.94 | context_neighbors_max=4 | last_context_neighbors_mean=0.00 | last_context_neighbors_max=0 | actor_unlocked=1 | expl_noise=0.0716 | replay=32899 | interaction_replay=14584 | samples/sec=5.518
Episode 405 complete | agent_samples=32940 | env_steps=13491 | episode_env_steps=10 | episode_agent_samples=41 | mean_reward=67.252 | success=4/5 | collision=1/5 | mean_final_distance=0.539 | mean_progress=0.0223 | min_laser=0.334 | mean_lin=0.804 | mean_ang=0.559 | mean_robot_dist=1.163 | raw_reward=20.000 | adjusted_reward=20.000 | coop_agents=0/5 | mean_coop_neighbors=0.00 | active_neighbor_step_rate=0.756 | mean_active_neighbors_step=1.805 | max_active_neighbors_step=4 | interaction_reward=0.0000 | abs_interaction_reward=0.0000 | anti_stag_reward=0.0000 | abs_anti_stag_reward=0.0000 | wall_clear_reward=0.0000 | abs_wall_clear_reward=0.0000 | local_nav_reward=0.0000 | abs_local_nav_reward=0.0000 | context_neighbors_mean=1.85 | context_neighbors_max=4 | last_context_neighbors_mean=0.00 | last_context_neighbors_max=0 | actor_unlocked=1 | expl_noise=0.0716 | replay=32940 | interaction_replay=14615 | samples/sec=5.522
Status | epoch=2 | next_eval_in=7060 agent_samples | checkpoint_every=10 episodes | checkpoint=./checkpoints/interaction_oracle_specialist_pilot_s20260724_latest.pt | model=interaction_oracle_specialist_pilot_s20260724
Episode 406 complete | agent_samples=33054 | env_steps=13553 | episode_env_steps=62 | episode_agent_samples=114 | mean_reward=114.588 | success=5/5 | collision=0/5 | mean_final_distance=0.272 | mean_progress=0.0032 | min_laser=0.611 | mean_lin=0.794 | mean_ang=-0.200 | mean_robot_dist=1.095 | raw_reward=20.000 | adjusted_reward=20.000 | coop_agents=0/5 | mean_coop_neighbors=0.00 | active_neighbor_step_rate=0.351 | mean_active_neighbors_step=0.860 | max_active_neighbors_step=4 | interaction_reward=0.0000 | abs_interaction_reward=0.0000 | anti_stag_reward=0.0000 | abs_anti_stag_reward=0.0000 | wall_clear_reward=0.0000 | abs_wall_clear_reward=0.0000 | local_nav_reward=0.0000 | abs_local_nav_reward=0.0000 | context_neighbors_mean=0.89 | context_neighbors_max=4 | last_context_neighbors_mean=0.00 | last_context_neighbors_max=0 | actor_unlocked=1 | expl_noise=0.0715 | replay=33054 | interaction_replay=14645 | samples/sec=5.529
Episode 407 complete | agent_samples=33151 | env_steps=13592 | episode_env_steps=39 | episode_agent_samples=97 | mean_reward=84.980 | success=4/5 | collision=1/5 | mean_final_distance=0.491 | mean_progress=0.0174 | min_laser=0.305 | mean_lin=0.611 | mean_ang=-0.290 | mean_robot_dist=1.275 | raw_reward=20.000 | adjusted_reward=20.000 | coop_agents=0/5 | mean_coop_neighbors=0.00 | active_neighbor_step_rate=0.670 | mean_active_neighbors_step=1.433 | max_active_neighbors_step=4 | interaction_reward=0.0000 | abs_interaction_reward=0.0000 | anti_stag_reward=0.0000 | abs_anti_stag_reward=0.0000 | wall_clear_reward=0.0000 | abs_wall_clear_reward=0.0000 | local_nav_reward=0.0000 | abs_local_nav_reward=0.0000 | context_neighbors_mean=1.51 | context_neighbors_max=4 | last_context_neighbors_mean=0.00 | last_context_neighbors_max=0 | actor_unlocked=1 | expl_noise=0.0715 | replay=33151 | interaction_replay=14695 | samples/sec=5.538
Episode 408 complete | agent_samples=33309 | env_steps=13650 | episode_env_steps=58 | episode_agent_samples=158 | mean_reward=119.964 | success=5/5 | collision=0/5 | mean_final_distance=0.263 | mean_progress=0.0067 | min_laser=0.421 | mean_lin=0.795 | mean_ang=-0.189 | mean_robot_dist=1.175 | raw_reward=20.000 | adjusted_reward=20.000 | coop_agents=0/5 | mean_coop_neighbors=0.00 | active_neighbor_step_rate=0.741 | mean_active_neighbors_step=1.816 | max_active_neighbors_step=4 | interaction_reward=0.0000 | abs_interaction_reward=0.0000 | anti_stag_reward=0.0000 | abs_anti_stag_reward=0.0000 | wall_clear_reward=0.0000 | abs_wall_clear_reward=0.0000 | local_nav_reward=0.0000 | abs_local_nav_reward=0.0000 | context_neighbors_mean=1.85 | context_neighbors_max=4 | last_context_neighbors_mean=0.00 | last_context_neighbors_max=0 | actor_unlocked=1 | expl_noise=0.0715 | replay=33309 | interaction_replay=14765 | samples/sec=5.552
Episode 409 complete | agent_samples=33432 | env_steps=13741 | episode_env_steps=91 | episode_agent_samples=123 | mean_reward=110.511 | success=5/5 | collision=0/5 | mean_final_distance=0.272 | mean_progress=0.0114 | min_laser=0.544 | mean_lin=0.998 | mean_ang=-0.129 | mean_robot_dist=0.993 | raw_reward=20.000 | adjusted_reward=20.000 | coop_agents=0/5 | mean_coop_neighbors=0.00 | active_neighbor_step_rate=0.325 | mean_active_neighbors_step=0.805 | max_active_neighbors_step=4 | interaction_reward=0.0000 | abs_interaction_reward=0.0000 | anti_stag_reward=0.0000 | abs_anti_stag_reward=0.0000 | wall_clear_reward=0.0000 | abs_wall_clear_reward=0.0000 | local_nav_reward=0.0000 | abs_local_nav_reward=0.0000 | context_neighbors_mean=0.83 | context_neighbors_max=4 | last_context_neighbors_mean=0.00 | last_context_neighbors_max=0 | actor_unlocked=1 | expl_noise=0.0714 | replay=33432 | interaction_replay=14801 | samples/sec=5.555
Episode 410 complete | agent_samples=33478 | env_steps=13754 | episode_env_steps=13 | episode_agent_samples=46 | mean_reward=77.286 | success=4/5 | collision=1/5 | mean_final_distance=0.560 | mean_progress=0.0107 | min_laser=0.324 | mean_lin=0.598 | mean_ang=-0.199 | mean_robot_dist=1.140 | raw_reward=20.000 | adjusted_reward=20.000 | coop_agents=0/5 | mean_coop_neighbors=0.00 | active_neighbor_step_rate=0.696 | mean_active_neighbors_step=1.565 | max_active_neighbors_step=4 | interaction_reward=0.0000 | abs_interaction_reward=0.0000 | anti_stag_reward=0.0000 | abs_anti_stag_reward=0.0000 | wall_clear_reward=0.0000 | abs_wall_clear_reward=0.0000 | local_nav_reward=0.0000 | abs_local_nav_reward=0.0000 | context_neighbors_mean=1.65 | context_neighbors_max=4 | last_context_neighbors_mean=0.00 | last_context_neighbors_max=0 | actor_unlocked=1 | expl_noise=0.0714 | replay=33478 | interaction_replay=14831 | samples/sec=5.560
Status | epoch=2 | next_eval_in=6522 agent_samples | checkpoint_every=10 episodes | checkpoint=./checkpoints/interaction_oracle_specialist_pilot_s20260724_latest.pt | model=interaction_oracle_specialist_pilot_s20260724
Checkpoint saved: ./checkpoints/interaction_oracle_specialist_pilot_s20260724_latest.pt
Episode 411 complete | agent_samples=33532 | env_steps=13767 | episode_env_steps=13 | episode_agent_samples=54 | mean_reward=35.588 | success=3/5 | collision=2/5 | mean_final_distance=0.471 | mean_progress=0.0088 | min_laser=0.304 | mean_lin=0.993 | mean_ang=-0.213 | mean_robot_dist=2.736 | raw_reward=20.000 | adjusted_reward=20.000 | coop_agents=0/5 | mean_coop_neighbors=0.00 | active_neighbor_step_rate=0.704 | mean_active_neighbors_step=2.167 | max_active_neighbors_step=4 | interaction_reward=0.0000 | abs_interaction_reward=0.0000 | anti_stag_reward=0.0000 | abs_anti_stag_reward=0.0000 | wall_clear_reward=0.0000 | abs_wall_clear_reward=0.0000 | local_nav_reward=0.0000 | abs_local_nav_reward=0.0000 | context_neighbors_mean=2.17 | context_neighbors_max=4 | last_context_neighbors_mean=0.00 | last_context_neighbors_max=0 | actor_unlocked=1 | expl_noise=0.0714 | replay=33532 | interaction_replay=14853 | samples/sec=5.565
Episode 412 complete | agent_samples=33596 | env_steps=13790 | episode_env_steps=23 | episode_agent_samples=64 | mean_reward=30.117 | success=3/5 | collision=2/5 | mean_final_distance=0.797 | mean_progress=0.0201 | min_laser=0.300 | mean_lin=0.992 | mean_ang=0.701 | mean_robot_dist=3.449 | raw_reward=20.000 | adjusted_reward=20.000 | coop_agents=0/5 | mean_coop_neighbors=0.00 | active_neighbor_step_rate=0.234 | mean_active_neighbors_step=0.500 | max_active_neighbors_step=3 | interaction_reward=0.0000 | abs_interaction_reward=0.0000 | anti_stag_reward=0.0000 | abs_anti_stag_reward=0.0000 | wall_clear_reward=0.0000 | abs_wall_clear_reward=0.0000 | local_nav_reward=0.0000 | abs_local_nav_reward=0.0000 | context_neighbors_mean=0.52 | context_neighbors_max=3 | last_context_neighbors_mean=0.00 | last_context_neighbors_max=0 | actor_unlocked=1 | expl_noise=0.0714 | replay=33596 | interaction_replay=14863 | samples/sec=5.571
Episode 413 complete | agent_samples=33642 | env_steps=13801 | episode_env_steps=11 | episode_agent_samples=46 | mean_reward=69.162 | success=4/5 | collision=1/5 | mean_final_distance=0.689 | mean_progress=0.0246 | min_laser=0.300 | mean_lin=1.000 | mean_ang=0.215 | mean_robot_dist=0.464 | raw_reward=-20.000 | adjusted_reward=-20.000 | coop_agents=0/5 | mean_coop_neighbors=0.00 | active_neighbor_step_rate=0.870 | mean_active_neighbors_step=2.739 | max_active_neighbors_step=4 | interaction_reward=0.0000 | abs_interaction_reward=0.0000 | anti_stag_reward=0.0000 | abs_anti_stag_reward=0.0000 | wall_clear_reward=0.0000 | abs_wall_clear_reward=0.0000 | local_nav_reward=0.0000 | abs_local_nav_reward=0.0000 | context_neighbors_mean=2.76 | context_neighbors_max=4 | last_context_neighbors_mean=0.00 | last_context_neighbors_max=0 | actor_unlocked=1 | expl_noise=0.0714 | replay=33642 | interaction_replay=14893 | samples/sec=5.576
Episode 414 complete | agent_samples=33693 | env_steps=13816 | episode_env_steps=15 | episode_agent_samples=51 | mean_reward=113.036 | success=5/5 | collision=0/5 | mean_final_distance=0.250 | mean_progress=0.0086 | min_laser=0.389 | mean_lin=0.991 | mean_ang=0.071 | mean_robot_dist=0.664 | raw_reward=20.000 | adjusted_reward=20.000 | coop_agents=0/5 | mean_coop_neighbors=0.00 | active_neighbor_step_rate=0.863 | mean_active_neighbors_step=2.490 | max_active_neighbors_step=4 | interaction_reward=0.0000 | abs_interaction_reward=0.0000 | anti_stag_reward=0.0000 | abs_anti_stag_reward=0.0000 | wall_clear_reward=0.0000 | abs_wall_clear_reward=0.0000 | local_nav_reward=0.0000 | abs_local_nav_reward=0.0000 | context_neighbors_mean=2.59 | context_neighbors_max=4 | last_context_neighbors_mean=0.00 | last_context_neighbors_max=0 | actor_unlocked=1 | expl_noise=0.0714 | replay=33693 | interaction_replay=14936 | samples/sec=5.582
Episode 415 complete | agent_samples=33740 | env_steps=13830 | episode_env_steps=14 | episode_agent_samples=47 | mean_reward=111.818 | success=5/5 | collision=0/5 | mean_final_distance=0.253 | mean_progress=0.0150 | min_laser=0.660 | mean_lin=0.990 | mean_ang=0.970 | mean_robot_dist=0.797 | raw_reward=20.000 | adjusted_reward=20.000 | coop_agents=0/5 | mean_coop_neighbors=0.00 | active_neighbor_step_rate=0.894 | mean_active_neighbors_step=2.085 | max_active_neighbors_step=4 | interaction_reward=0.0000 | abs_interaction_reward=0.0000 | anti_stag_reward=0.0000 | abs_anti_stag_reward=0.0000 | wall_clear_reward=0.0000 | abs_wall_clear_reward=0.0000 | local_nav_reward=0.0000 | abs_local_nav_reward=0.0000 | context_neighbors_mean=2.13 | context_neighbors_max=4 | last_context_neighbors_mean=0.00 | last_context_neighbors_max=0 | actor_unlocked=1 | expl_noise=0.0714 | replay=33740 | interaction_replay=14975 | samples/sec=5.587
Status | epoch=2 | next_eval_in=6260 agent_samples | checkpoint_every=10 episodes | checkpoint=./checkpoints/interaction_oracle_specialist_pilot_s20260724_latest.pt | model=interaction_oracle_specialist_pilot_s20260724
Episode 416 complete | agent_samples=34085 | env_steps=13969 | episode_env_steps=139 | episode_agent_samples=345 | mean_reward=116.833 | success=5/5 | collision=0/5 | mean_final_distance=0.264 | mean_progress=0.0166 | min_laser=0.432 | mean_lin=0.967 | mean_ang=-0.865 | mean_robot_dist=1.447 | raw_reward=20.000 | adjusted_reward=20.000 | coop_agents=0/5 | mean_coop_neighbors=0.00 | active_neighbor_step_rate=0.632 | mean_active_neighbors_step=0.994 | max_active_neighbors_step=4 | interaction_reward=0.0000 | abs_interaction_reward=0.0000 | anti_stag_reward=0.0000 | abs_anti_stag_reward=0.0000 | wall_clear_reward=0.0000 | abs_wall_clear_reward=0.0000 | local_nav_reward=0.0000 | abs_local_nav_reward=0.0000 | context_neighbors_mean=1.01 | context_neighbors_max=4 | last_context_neighbors_mean=0.00 | last_context_neighbors_max=0 | actor_unlocked=1 | expl_noise=0.0713 | replay=34085 | interaction_replay=15141 | samples/sec=5.616
Episode 417 complete | agent_samples=34161 | env_steps=13997 | episode_env_steps=28 | episode_agent_samples=76 | mean_reward=119.560 | success=5/5 | collision=0/5 | mean_final_distance=0.255 | mean_progress=0.0129 | min_laser=0.366 | mean_lin=0.995 | mean_ang=0.575 | mean_robot_dist=2.113 | raw_reward=20.000 | adjusted_reward=20.000 | coop_agents=0/5 | mean_coop_neighbors=0.00 | active_neighbor_step_rate=0.658 | mean_active_neighbors_step=1.829 | max_active_neighbors_step=4 | interaction_reward=0.0000 | abs_interaction_reward=0.0000 | anti_stag_reward=0.0000 | abs_anti_stag_reward=0.0000 | wall_clear_reward=0.0000 | abs_wall_clear_reward=0.0000 | local_nav_reward=0.0000 | abs_local_nav_reward=0.0000 | context_neighbors_mean=1.87 | context_neighbors_max=4 | last_context_neighbors_mean=0.00 | last_context_neighbors_max=0 | actor_unlocked=1 | expl_noise=0.0713 | replay=34161 | interaction_replay=15169 | samples/sec=5.623
Episode 418 complete | agent_samples=34230 | env_steps=14028 | episode_env_steps=31 | episode_agent_samples=69 | mean_reward=36.790 | success=3/5 | collision=2/5 | mean_final_distance=0.541 | mean_progress=0.0101 | min_laser=0.300 | mean_lin=0.996 | mean_ang=-0.798 | mean_robot_dist=1.698 | raw_reward=20.000 | adjusted_reward=20.000 | coop_agents=0/5 | mean_coop_neighbors=0.00 | active_neighbor_step_rate=0.551 | mean_active_neighbors_step=1.464 | max_active_neighbors_step=4 | interaction_reward=0.0000 | abs_interaction_reward=0.0000 | anti_stag_reward=0.0000 | abs_anti_stag_reward=0.0000 | wall_clear_reward=0.0000 | abs_wall_clear_reward=0.0000 | local_nav_reward=0.0000 | abs_local_nav_reward=0.0000 | context_neighbors_mean=1.57 | context_neighbors_max=4 | last_context_neighbors_mean=0.00 | last_context_neighbors_max=0 | actor_unlocked=1 | expl_noise=0.0712 | replay=34230 | interaction_replay=15208 | samples/sec=5.628
Episode 419 complete | agent_samples=34338 | env_steps=14077 | episode_env_steps=49 | episode_agent_samples=108 | mean_reward=114.166 | success=5/5 | collision=0/5 | mean_final_distance=0.271 | mean_progress=0.0109 | min_laser=0.425 | mean_lin=0.989 | mean_ang=0.185 | mean_robot_dist=0.972 | raw_reward=20.000 | adjusted_reward=20.000 | coop_agents=0/5 | mean_coop_neighbors=0.00 | active_neighbor_step_rate=0.602 | mean_active_neighbors_step=1.389 | max_active_neighbors_step=4 | interaction_reward=0.0000 | abs_interaction_reward=0.0000 | anti_stag_reward=0.0000 | abs_anti_stag_reward=0.0000 | wall_clear_reward=0.0000 | abs_wall_clear_reward=0.0000 | local_nav_reward=0.0000 | abs_local_nav_reward=0.0000 | context_neighbors_mean=1.46 | context_neighbors_max=4 | last_context_neighbors_mean=0.00 | last_context_neighbors_max=0 | actor_unlocked=1 | expl_noise=0.0712 | replay=34338 | interaction_replay=15273 | samples/sec=5.635
Episode 420 complete | agent_samples=34402 | env_steps=14095 | episode_env_steps=18 | episode_agent_samples=64 | mean_reward=40.924 | success=3/5 | collision=2/5 | mean_final_distance=0.601 | mean_progress=0.0040 | min_laser=0.311 | mean_lin=1.000 | mean_ang=-0.038 | mean_robot_dist=1.451 | raw_reward=20.000 | adjusted_reward=20.000 | coop_agents=0/5 | mean_coop_neighbors=0.00 | active_neighbor_step_rate=0.797 | mean_active_neighbors_step=2.281 | max_active_neighbors_step=4 | interaction_reward=0.0000 | abs_interaction_reward=0.0000 | anti_stag_reward=0.0000 | abs_anti_stag_reward=0.0000 | wall_clear_reward=0.0000 | abs_wall_clear_reward=0.0000 | local_nav_reward=0.0000 | abs_local_nav_reward=0.0000 | context_neighbors_mean=2.28 | context_neighbors_max=4 | last_context_neighbors_mean=0.00 | last_context_neighbors_max=0 | actor_unlocked=1 | expl_noise=0.0712 | replay=34402 | interaction_replay=15287 | samples/sec=5.642
Status | epoch=2 | next_eval_in=5598 agent_samples | checkpoint_every=10 episodes | checkpoint=./checkpoints/interaction_oracle_specialist_pilot_s20260724_latest.pt | model=interaction_oracle_specialist_pilot_s20260724
Checkpoint saved: ./checkpoints/interaction_oracle_specialist_pilot_s20260724_latest.pt
Episode 421 complete | agent_samples=34467 | env_steps=14117 | episode_env_steps=22 | episode_agent_samples=65 | mean_reward=113.475 | success=5/5 | collision=0/5 | mean_final_distance=0.259 | mean_progress=0.0072 | min_laser=0.595 | mean_lin=0.899 | mean_ang=0.191 | mean_robot_dist=1.308 | raw_reward=20.000 | adjusted_reward=20.000 | coop_agents=0/5 | mean_coop_neighbors=0.00 | active_neighbor_step_rate=0.785 | mean_active_neighbors_step=1.800 | max_active_neighbors_step=3 | interaction_reward=0.0000 | abs_interaction_reward=0.0000 | anti_stag_reward=0.0000 | abs_anti_stag_reward=0.0000 | wall_clear_reward=0.0000 | abs_wall_clear_reward=0.0000 | local_nav_reward=0.0000 | abs_local_nav_reward=0.0000 | context_neighbors_mean=1.88 | context_neighbors_max=3 | last_context_neighbors_mean=0.00 | last_context_neighbors_max=0 | actor_unlocked=1 | expl_noise=0.0712 | replay=34467 | interaction_replay=15334 | samples/sec=5.648
Episode 422 complete | agent_samples=34557 | env_steps=14171 | episode_env_steps=54 | episode_agent_samples=90 | mean_reward=87.980 | success=4/5 | collision=1/5 | mean_final_distance=0.532 | mean_progress=0.0016 | min_laser=0.333 | mean_lin=0.793 | mean_ang=-0.555 | mean_robot_dist=2.093 | raw_reward=20.000 | adjusted_reward=20.000 | coop_agents=0/5 | mean_coop_neighbors=0.00 | active_neighbor_step_rate=0.400 | mean_active_neighbors_step=0.989 | max_active_neighbors_step=4 | interaction_reward=0.0000 | abs_interaction_reward=0.0000 | anti_stag_reward=0.0000 | abs_anti_stag_reward=0.0000 | wall_clear_reward=0.0000 | abs_wall_clear_reward=0.0000 | local_nav_reward=0.0000 | abs_local_nav_reward=0.0000 | context_neighbors_mean=0.99 | context_neighbors_max=4 | last_context_neighbors_mean=0.00 | last_context_neighbors_max=0 | actor_unlocked=1 | expl_noise=0.0711 | replay=34557 | interaction_replay=15365 | samples/sec=5.652
Episode 423 complete | agent_samples=34610 | env_steps=14184 | episode_env_steps=13 | episode_agent_samples=53 | mean_reward=87.883 | success=4/5 | collision=1/5 | mean_final_distance=0.409 | mean_progress=0.0213 | min_laser=0.334 | mean_lin=0.800 | mean_ang=-0.200 | mean_robot_dist=0.901 | raw_reward=20.000 | adjusted_reward=20.000 | coop_agents=0/5 | mean_coop_neighbors=0.00 | active_neighbor_step_rate=0.755 | mean_active_neighbors_step=1.943 | max_active_neighbors_step=4 | interaction_reward=0.0000 | abs_interaction_reward=0.0000 | anti_stag_reward=0.0000 | abs_anti_stag_reward=0.0000 | wall_clear_reward=0.0000 | abs_wall_clear_reward=0.0000 | local_nav_reward=0.0000 | abs_local_nav_reward=0.0000 | context_neighbors_mean=1.96 | context_neighbors_max=4 | last_context_neighbors_mean=0.00 | last_context_neighbors_max=0 | actor_unlocked=1 | expl_noise=0.0711 | replay=34610 | interaction_replay=15401 | samples/sec=5.658
Episode 424 complete | agent_samples=34662 | env_steps=14198 | episode_env_steps=14 | episode_agent_samples=52 | mean_reward=70.581 | success=4/5 | collision=1/5 | mean_final_distance=0.223 | mean_progress=0.0215 | min_laser=0.332 | mean_lin=0.996 | mean_ang=0.933 | mean_robot_dist=1.268 | raw_reward=20.000 | adjusted_reward=20.000 | coop_agents=0/5 | mean_coop_neighbors=0.00 | active_neighbor_step_rate=0.865 | mean_active_neighbors_step=2.231 | max_active_neighbors_step=4 | interaction_reward=0.0000 | abs_interaction_reward=0.0000 | anti_stag_reward=0.0000 | abs_anti_stag_reward=0.0000 | wall_clear_reward=0.0000 | abs_wall_clear_reward=0.0000 | local_nav_reward=0.0000 | abs_local_nav_reward=0.0000 | context_neighbors_mean=2.29 | context_neighbors_max=4 | last_context_neighbors_mean=0.00 | last_context_neighbors_max=0 | actor_unlocked=1 | expl_noise=0.0711 | replay=34662 | interaction_replay=15441 | samples/sec=5.663
Episode 425 complete | agent_samples=34766 | env_steps=14241 | episode_env_steps=43 | episode_agent_samples=104 | mean_reward=119.423 | success=5/5 | collision=0/5 | mean_final_distance=0.261 | mean_progress=0.0074 | min_laser=0.428 | mean_lin=0.993 | mean_ang=-0.210 | mean_robot_dist=1.288 | raw_reward=20.000 | adjusted_reward=20.000 | coop_agents=0/5 | mean_coop_neighbors=0.00 | active_neighbor_step_rate=0.692 | mean_active_neighbors_step=1.538 | max_active_neighbors_step=4 | interaction_reward=0.0000 | abs_interaction_reward=0.0000 | anti_stag_reward=0.0000 | abs_anti_stag_reward=0.0000 | wall_clear_reward=0.0000 | abs_wall_clear_reward=0.0000 | local_nav_reward=0.0000 | abs_local_nav_reward=0.0000 | context_neighbors_mean=1.64 | context_neighbors_max=4 | last_context_neighbors_mean=0.00 | last_context_neighbors_max=0 | actor_unlocked=1 | expl_noise=0.0711 | replay=34766 | interaction_replay=15515 | samples/sec=5.671
Status | epoch=2 | next_eval_in=5234 agent_samples | checkpoint_every=10 episodes | checkpoint=./checkpoints/interaction_oracle_specialist_pilot_s20260724_latest.pt | model=interaction_oracle_specialist_pilot_s20260724
Episode 426 complete | agent_samples=34819 | env_steps=14262 | episode_env_steps=21 | episode_agent_samples=53 | mean_reward=39.112 | success=3/5 | collision=2/5 | mean_final_distance=0.661 | mean_progress=0.0138 | min_laser=0.300 | mean_lin=0.987 | mean_ang=-0.301 | mean_robot_dist=1.164 | raw_reward=20.000 | adjusted_reward=20.000 | coop_agents=0/5 | mean_coop_neighbors=0.00 | active_neighbor_step_rate=0.679 | mean_active_neighbors_step=1.679 | max_active_neighbors_step=4 | interaction_reward=0.0000 | abs_interaction_reward=0.0000 | anti_stag_reward=0.0000 | abs_anti_stag_reward=0.0000 | wall_clear_reward=0.0000 | abs_wall_clear_reward=0.0000 | local_nav_reward=0.0000 | abs_local_nav_reward=0.0000 | context_neighbors_mean=1.77 | context_neighbors_max=4 | last_context_neighbors_mean=0.00 | last_context_neighbors_max=0 | actor_unlocked=1 | expl_noise=0.0711 | replay=34819 | interaction_replay=15552 | samples/sec=5.676
Episode 427 complete | agent_samples=34917 | env_steps=14306 | episode_env_steps=44 | episode_agent_samples=98 | mean_reward=123.527 | success=5/5 | collision=0/5 | mean_final_distance=0.265 | mean_progress=0.0079 | min_laser=0.420 | mean_lin=0.941 | mean_ang=-0.100 | mean_robot_dist=1.885 | raw_reward=20.000 | adjusted_reward=20.000 | coop_agents=0/5 | mean_coop_neighbors=0.00 | active_neighbor_step_rate=0.571 | mean_active_neighbors_step=1.357 | max_active_neighbors_step=4 | interaction_reward=0.0000 | abs_interaction_reward=0.0000 | anti_stag_reward=0.0000 | abs_anti_stag_reward=0.0000 | wall_clear_reward=0.0000 | abs_wall_clear_reward=0.0000 | local_nav_reward=0.0000 | abs_local_nav_reward=0.0000 | context_neighbors_mean=1.40 | context_neighbors_max=4 | last_context_neighbors_mean=0.00 | last_context_neighbors_max=0 | actor_unlocked=1 | expl_noise=0.0711 | replay=34917 | interaction_replay=15591 | samples/sec=5.683
Episode 428 complete | agent_samples=34971 | env_steps=14320 | episode_env_steps=14 | episode_agent_samples=54 | mean_reward=20.920 | success=3/5 | collision=2/5 | mean_final_distance=0.375 | mean_progress=0.0211 | min_laser=0.300 | mean_lin=0.802 | mean_ang=0.180 | mean_robot_dist=1.669 | raw_reward=20.000 | adjusted_reward=20.000 | coop_agents=0/5 | mean_coop_neighbors=0.00 | active_neighbor_step_rate=0.944 | mean_active_neighbors_step=1.481 | max_active_neighbors_step=4 | interaction_reward=0.0000 | abs_interaction_reward=0.0000 | anti_stag_reward=0.0000 | abs_anti_stag_reward=0.0000 | wall_clear_reward=0.0000 | abs_wall_clear_reward=0.0000 | local_nav_reward=0.0000 | abs_local_nav_reward=0.0000 | context_neighbors_mean=1.56 | context_neighbors_max=4 | last_context_neighbors_mean=0.00 | last_context_neighbors_max=0 | actor_unlocked=1 | expl_noise=0.0710 | replay=34971 | interaction_replay=15636 | samples/sec=5.689
Episode 429 complete | agent_samples=35040 | env_steps=14349 | episode_env_steps=29 | episode_agent_samples=69 | mean_reward=73.897 | success=4/5 | collision=1/5 | mean_final_distance=0.471 | mean_progress=0.0120 | min_laser=0.347 | mean_lin=0.800 | mean_ang=-0.378 | mean_robot_dist=1.102 | raw_reward=20.000 | adjusted_reward=20.000 | coop_agents=0/5 | mean_coop_neighbors=0.00 | active_neighbor_step_rate=0.739 | mean_active_neighbors_step=2.304 | max_active_neighbors_step=4 | interaction_reward=0.0000 | abs_interaction_reward=0.0000 | anti_stag_reward=0.0000 | abs_anti_stag_reward=0.0000 | wall_clear_reward=0.0000 | abs_wall_clear_reward=0.0000 | local_nav_reward=0.0000 | abs_local_nav_reward=0.0000 | context_neighbors_mean=2.33 | context_neighbors_max=4 | last_context_neighbors_mean=0.00 | last_context_neighbors_max=0 | actor_unlocked=1 | expl_noise=0.0710 | replay=35040 | interaction_replay=15653 | samples/sec=5.694
Episode 430 complete | agent_samples=35116 | env_steps=14387 | episode_env_steps=38 | episode_agent_samples=76 | mean_reward=86.304 | success=4/5 | collision=1/5 | mean_final_distance=0.548 | mean_progress=0.0266 | min_laser=0.332 | mean_lin=0.796 | mean_ang=0.162 | mean_robot_dist=2.132 | raw_reward=20.000 | adjusted_reward=20.000 | coop_agents=0/5 | mean_coop_neighbors=0.00 | active_neighbor_step_rate=0.566 | mean_active_neighbors_step=1.368 | max_active_neighbors_step=4 | interaction_reward=0.0000 | abs_interaction_reward=0.0000 | anti_stag_reward=0.0000 | abs_anti_stag_reward=0.0000 | wall_clear_reward=0.0000 | abs_wall_clear_reward=0.0000 | local_nav_reward=0.0000 | abs_local_nav_reward=0.0000 | context_neighbors_mean=1.37 | context_neighbors_max=4 | last_context_neighbors_mean=0.00 | last_context_neighbors_max=0 | actor_unlocked=1 | expl_noise=0.0710 | replay=35116 | interaction_replay=15675 | samples/sec=5.699
Status | epoch=2 | next_eval_in=4884 agent_samples | checkpoint_every=10 episodes | checkpoint=./checkpoints/interaction_oracle_specialist_pilot_s20260724_latest.pt | model=interaction_oracle_specialist_pilot_s20260724
Checkpoint saved: ./checkpoints/interaction_oracle_specialist_pilot_s20260724_latest.pt
Episode 431 complete | agent_samples=35177 | env_steps=14413 | episode_env_steps=26 | episode_agent_samples=61 | mean_reward=117.872 | success=5/5 | collision=0/5 | mean_final_distance=0.259 | mean_progress=0.0021 | min_laser=0.618 | mean_lin=1.000 | mean_ang=0.577 | mean_robot_dist=1.763 | raw_reward=20.000 | adjusted_reward=20.000 | coop_agents=0/5 | mean_coop_neighbors=0.00 | active_neighbor_step_rate=0.721 | mean_active_neighbors_step=1.557 | max_active_neighbors_step=4 | interaction_reward=0.0000 | abs_interaction_reward=0.0000 | anti_stag_reward=0.0000 | abs_anti_stag_reward=0.0000 | wall_clear_reward=0.0000 | abs_wall_clear_reward=0.0000 | local_nav_reward=0.0000 | abs_local_nav_reward=0.0000 | context_neighbors_mean=1.62 | context_neighbors_max=4 | last_context_neighbors_mean=0.00 | last_context_neighbors_max=0 | actor_unlocked=1 | expl_noise=0.0710 | replay=35177 | interaction_replay=15715 | samples/sec=5.703
Episode 432 complete | agent_samples=35228 | env_steps=14426 | episode_env_steps=13 | episode_agent_samples=51 | mean_reward=109.226 | success=5/5 | collision=0/5 | mean_final_distance=0.244 | mean_progress=0.0090 | min_laser=0.423 | mean_lin=0.789 | mean_ang=0.174 | mean_robot_dist=0.698 | raw_reward=20.000 | adjusted_reward=20.000 | coop_agents=0/5 | mean_coop_neighbors=0.00 | active_neighbor_step_rate=0.941 | mean_active_neighbors_step=1.765 | max_active_neighbors_step=4 | interaction_reward=0.0000 | abs_interaction_reward=0.0000 | anti_stag_reward=0.0000 | abs_anti_stag_reward=0.0000 | wall_clear_reward=0.0000 | abs_wall_clear_reward=0.0000 | local_nav_reward=0.0000 | abs_local_nav_reward=0.0000 | context_neighbors_mean=1.80 | context_neighbors_max=4 | last_context_neighbors_mean=0.00 | last_context_neighbors_max=0 | actor_unlocked=1 | expl_noise=0.0710 | replay=35228 | interaction_replay=15763 | samples/sec=5.708
Episode 433 complete | agent_samples=35270 | env_steps=14437 | episode_env_steps=11 | episode_agent_samples=42 | mean_reward=28.059 | success=3/5 | collision=2/5 | mean_final_distance=0.505 | mean_progress=0.0281 | min_laser=0.300 | mean_lin=0.897 | mean_ang=0.374 | mean_robot_dist=1.593 | raw_reward=20.000 | adjusted_reward=20.000 | coop_agents=0/5 | mean_coop_neighbors=0.00 | active_neighbor_step_rate=0.810 | mean_active_neighbors_step=2.095 | max_active_neighbors_step=4 | interaction_reward=0.0000 | abs_interaction_reward=0.0000 | anti_stag_reward=0.0000 | abs_anti_stag_reward=0.0000 | wall_clear_reward=0.0000 | abs_wall_clear_reward=0.0000 | local_nav_reward=0.0000 | abs_local_nav_reward=0.0000 | context_neighbors_mean=2.12 | context_neighbors_max=4 | last_context_neighbors_mean=0.00 | last_context_neighbors_max=0 | actor_unlocked=1 | expl_noise=0.0710 | replay=35270 | interaction_replay=15797 | samples/sec=5.713
Episode 434 complete | agent_samples=35358 | env_steps=14463 | episode_env_steps=26 | episode_agent_samples=88 | mean_reward=126.475 | success=5/5 | collision=0/5 | mean_final_distance=0.265 | mean_progress=0.0205 | min_laser=0.448 | mean_lin=1.000 | mean_ang=-0.171 | mean_robot_dist=2.445 | raw_reward=20.000 | adjusted_reward=20.000 | coop_agents=0/5 | mean_coop_neighbors=0.00 | active_neighbor_step_rate=0.750 | mean_active_neighbors_step=1.170 | max_active_neighbors_step=3 | interaction_reward=0.0000 | abs_interaction_reward=0.0000 | anti_stag_reward=0.0000 | abs_anti_stag_reward=0.0000 | wall_clear_reward=0.0000 | abs_wall_clear_reward=0.0000 | local_nav_reward=0.0000 | abs_local_nav_reward=0.0000 | context_neighbors_mean=1.18 | context_neighbors_max=3 | last_context_neighbors_mean=0.00 | last_context_neighbors_max=0 | actor_unlocked=1 | expl_noise=0.0710 | replay=35358 | interaction_replay=15810 | samples/sec=5.722
Episode 435 complete | agent_samples=35444 | env_steps=14500 | episode_env_steps=37 | episode_agent_samples=86 | mean_reward=34.058 | success=3/5 | collision=2/5 | mean_final_distance=0.577 | mean_progress=0.0159 | min_laser=0.300 | mean_lin=0.793 | mean_ang=-0.701 | mean_robot_dist=1.440 | raw_reward=20.000 | adjusted_reward=20.000 | coop_agents=0/5 | mean_coop_neighbors=0.00 | active_neighbor_step_rate=0.523 | mean_active_neighbors_step=1.012 | max_active_neighbors_step=4 | interaction_reward=0.0000 | abs_interaction_reward=0.0000 | anti_stag_reward=0.0000 | abs_anti_stag_reward=0.0000 | wall_clear_reward=0.0000 | abs_wall_clear_reward=0.0000 | local_nav_reward=0.0000 | abs_local_nav_reward=0.0000 | context_neighbors_mean=1.03 | context_neighbors_max=4 | last_context_neighbors_mean=0.00 | last_context_neighbors_max=0 | actor_unlocked=1 | expl_noise=0.0709 | replay=35444 | interaction_replay=15841 | samples/sec=5.728
Status | epoch=2 | next_eval_in=4556 agent_samples | checkpoint_every=10 episodes | checkpoint=./checkpoints/interaction_oracle_specialist_pilot_s20260724_latest.pt | model=interaction_oracle_specialist_pilot_s20260724
Episode 436 complete | agent_samples=35564 | env_steps=14555 | episode_env_steps=55 | episode_agent_samples=120 | mean_reward=114.164 | success=5/5 | collision=0/5 | mean_final_distance=0.271 | mean_progress=0.0118 | min_laser=0.413 | mean_lin=0.800 | mean_ang=-0.602 | mean_robot_dist=0.823 | raw_reward=20.000 | adjusted_reward=20.000 | coop_agents=0/5 | mean_coop_neighbors=0.00 | active_neighbor_step_rate=0.550 | mean_active_neighbors_step=1.100 | max_active_neighbors_step=4 | interaction_reward=0.0000 | abs_interaction_reward=0.0000 | anti_stag_reward=0.0000 | abs_anti_stag_reward=0.0000 | wall_clear_reward=0.0000 | abs_wall_clear_reward=0.0000 | local_nav_reward=0.0000 | abs_local_nav_reward=0.0000 | context_neighbors_mean=1.18 | context_neighbors_max=4 | last_context_neighbors_mean=0.00 | last_context_neighbors_max=0 | actor_unlocked=1 | expl_noise=0.0709 | replay=35564 | interaction_replay=15904 | samples/sec=5.736
Episode 437 complete | agent_samples=35650 | env_steps=14589 | episode_env_steps=34 | episode_agent_samples=86 | mean_reward=85.796 | success=4/5 | collision=1/5 | mean_final_distance=0.459 | mean_progress=0.0052 | min_laser=0.323 | mean_lin=0.990 | mean_ang=-0.164 | mean_robot_dist=3.040 | raw_reward=20.000 | adjusted_reward=20.000 | coop_agents=0/5 | mean_coop_neighbors=0.00 | active_neighbor_step_rate=0.523 | mean_active_neighbors_step=1.186 | max_active_neighbors_step=4 | interaction_reward=0.0000 | abs_interaction_reward=0.0000 | anti_stag_reward=0.0000 | abs_anti_stag_reward=0.0000 | wall_clear_reward=0.0000 | abs_wall_clear_reward=0.0000 | local_nav_reward=0.0000 | abs_local_nav_reward=0.0000 | context_neighbors_mean=1.24 | context_neighbors_max=4 | last_context_neighbors_mean=0.00 | last_context_neighbors_max=0 | actor_unlocked=1 | expl_noise=0.0709 | replay=35650 | interaction_replay=15927 | samples/sec=5.743
Episode 438 complete | agent_samples=35722 | env_steps=14607 | episode_env_steps=18 | episode_agent_samples=72 | mean_reward=71.513 | success=4/5 | collision=1/5 | mean_final_distance=0.557 | mean_progress=0.0185 | min_laser=0.340 | mean_lin=0.807 | mean_ang=0.470 | mean_robot_dist=1.048 | raw_reward=20.000 | adjusted_reward=20.000 | coop_agents=0/5 | mean_coop_neighbors=0.00 | active_neighbor_step_rate=0.944 | mean_active_neighbors_step=2.028 | max_active_neighbors_step=4 | interaction_reward=0.0000 | abs_interaction_reward=0.0000 | anti_stag_reward=0.0000 | abs_anti_stag_reward=0.0000 | wall_clear_reward=0.0000 | abs_wall_clear_reward=0.0000 | local_nav_reward=0.0000 | abs_local_nav_reward=0.0000 | context_neighbors_mean=2.04 | context_neighbors_max=4 | last_context_neighbors_mean=0.00 | last_context_neighbors_max=0 | actor_unlocked=1 | expl_noise=0.0709 | replay=35722 | interaction_replay=15978 | samples/sec=5.751
Episode 439 complete | agent_samples=35808 | env_steps=14642 | episode_env_steps=35 | episode_agent_samples=86 | mean_reward=34.159 | success=3/5 | collision=2/5 | mean_final_distance=0.884 | mean_progress=0.0166 | min_laser=0.300 | mean_lin=0.802 | mean_ang=0.301 | mean_robot_dist=1.604 | raw_reward=20.000 | adjusted_reward=20.000 | coop_agents=0/5 | mean_coop_neighbors=0.00 | active_neighbor_step_rate=0.709 | mean_active_neighbors_step=1.395 | max_active_neighbors_step=4 | interaction_reward=0.0000 | abs_interaction_reward=0.0000 | anti_stag_reward=0.0000 | abs_anti_stag_reward=0.0000 | wall_clear_reward=0.0000 | abs_wall_clear_reward=0.0000 | local_nav_reward=0.0000 | abs_local_nav_reward=0.0000 | context_neighbors_mean=1.43 | context_neighbors_max=4 | last_context_neighbors_mean=0.00 | last_context_neighbors_max=0 | actor_unlocked=1 | expl_noise=0.0708 | replay=35808 | interaction_replay=15990 | samples/sec=5.758
Episode 440 complete | agent_samples=35886 | env_steps=14671 | episode_env_steps=29 | episode_agent_samples=78 | mean_reward=-7.427 | success=2/5 | collision=3/5 | mean_final_distance=1.059 | mean_progress=0.0117 | min_laser=0.300 | mean_lin=0.795 | mean_ang=0.354 | mean_robot_dist=1.611 | raw_reward=20.000 | adjusted_reward=20.000 | coop_agents=0/5 | mean_coop_neighbors=0.00 | active_neighbor_step_rate=0.808 | mean_active_neighbors_step=2.090 | max_active_neighbors_step=4 | interaction_reward=0.0000 | abs_interaction_reward=0.0000 | anti_stag_reward=0.0000 | abs_anti_stag_reward=0.0000 | wall_clear_reward=0.0000 | abs_wall_clear_reward=0.0000 | local_nav_reward=0.0000 | abs_local_nav_reward=0.0000 | context_neighbors_mean=2.10 | context_neighbors_max=4 | last_context_neighbors_mean=0.00 | last_context_neighbors_max=0 | actor_unlocked=1 | expl_noise=0.0708 | replay=35886 | interaction_replay=16014 | samples/sec=5.765
Status | epoch=2 | next_eval_in=4114 agent_samples | checkpoint_every=10 episodes | checkpoint=./checkpoints/interaction_oracle_specialist_pilot_s20260724_latest.pt | model=interaction_oracle_specialist_pilot_s20260724
Checkpoint saved: ./checkpoints/interaction_oracle_specialist_pilot_s20260724_latest.pt
Episode 441 complete | agent_samples=35944 | env_steps=14693 | episode_env_steps=22 | episode_agent_samples=58 | mean_reward=41.956 | success=3/5 | collision=2/5 | mean_final_distance=0.950 | mean_progress=0.0015 | min_laser=0.310 | mean_lin=0.975 | mean_ang=-0.259 | mean_robot_dist=0.908 | raw_reward=20.000 | adjusted_reward=20.000 | coop_agents=0/5 | mean_coop_neighbors=0.00 | active_neighbor_step_rate=0.724 | mean_active_neighbors_step=1.793 | max_active_neighbors_step=4 | interaction_reward=0.0000 | abs_interaction_reward=0.0000 | anti_stag_reward=0.0000 | abs_anti_stag_reward=0.0000 | wall_clear_reward=0.0000 | abs_wall_clear_reward=0.0000 | local_nav_reward=0.0000 | abs_local_nav_reward=0.0000 | context_neighbors_mean=1.79 | context_neighbors_max=4 | last_context_neighbors_mean=0.00 | last_context_neighbors_max=0 | actor_unlocked=1 | expl_noise=0.0708 | replay=35944 | interaction_replay=16045 | samples/sec=5.769
Episode 442 complete | agent_samples=36002 | env_steps=14709 | episode_env_steps=16 | episode_agent_samples=58 | mean_reward=119.518 | success=5/5 | collision=0/5 | mean_final_distance=0.271 | mean_progress=0.0232 | min_laser=0.508 | mean_lin=0.989 | mean_ang=0.206 | mean_robot_dist=1.564 | raw_reward=20.000 | adjusted_reward=20.000 | coop_agents=0/5 | mean_coop_neighbors=0.00 | active_neighbor_step_rate=0.810 | mean_active_neighbors_step=2.224 | max_active_neighbors_step=4 | interaction_reward=0.0000 | abs_interaction_reward=0.0000 | anti_stag_reward=0.0000 | abs_anti_stag_reward=0.0000 | wall_clear_reward=0.0000 | abs_wall_clear_reward=0.0000 | local_nav_reward=0.0000 | abs_local_nav_reward=0.0000 | context_neighbors_mean=2.36 | context_neighbors_max=4 | last_context_neighbors_mean=0.00 | last_context_neighbors_max=0 | actor_unlocked=1 | expl_noise=0.0708 | replay=36002 | interaction_replay=16091 | samples/sec=5.775
Episode 443 complete | agent_samples=36152 | env_steps=14792 | episode_env_steps=83 | episode_agent_samples=150 | mean_reward=115.894 | success=5/5 | collision=0/5 | mean_final_distance=0.276 | mean_progress=0.0267 | min_laser=0.395 | mean_lin=0.999 | mean_ang=-0.176 | mean_robot_dist=1.049 | raw_reward=20.000 | adjusted_reward=20.000 | coop_agents=0/5 | mean_coop_neighbors=0.00 | active_neighbor_step_rate=0.633 | mean_active_neighbors_step=1.147 | max_active_neighbors_step=4 | interaction_reward=0.0000 | abs_interaction_reward=0.0000 | anti_stag_reward=0.0000 | abs_anti_stag_reward=0.0000 | wall_clear_reward=0.0000 | abs_wall_clear_reward=0.0000 | local_nav_reward=0.0000 | abs_local_nav_reward=0.0000 | context_neighbors_mean=1.17 | context_neighbors_max=4 | last_context_neighbors_mean=0.00 | last_context_neighbors_max=0 | actor_unlocked=1 | expl_noise=0.0708 | replay=36152 | interaction_replay=16108 | samples/sec=5.782
Episode 444 complete | agent_samples=36194 | env_steps=14804 | episode_env_steps=12 | episode_agent_samples=42 | mean_reward=35.324 | success=3/5 | collision=2/5 | mean_final_distance=0.691 | mean_progress=0.0239 | min_laser=0.304 | mean_lin=0.804 | mean_ang=0.555 | mean_robot_dist=1.457 | raw_reward=20.000 | adjusted_reward=20.000 | coop_agents=0/5 | mean_coop_neighbors=0.00 | active_neighbor_step_rate=0.619 | mean_active_neighbors_step=1.690 | max_active_neighbors_step=4 | interaction_reward=0.0000 | abs_interaction_reward=0.0000 | anti_stag_reward=0.0000 | abs_anti_stag_reward=0.0000 | wall_clear_reward=0.0000 | abs_wall_clear_reward=0.0000 | local_nav_reward=0.0000 | abs_local_nav_reward=0.0000 | context_neighbors_mean=1.79 | context_neighbors_max=4 | last_context_neighbors_mean=0.00 | last_context_neighbors_max=0 | actor_unlocked=1 | expl_noise=0.0707 | replay=36194 | interaction_replay=16131 | samples/sec=5.786
Episode 445 complete | agent_samples=36263 | env_steps=14828 | episode_env_steps=24 | episode_agent_samples=69 | mean_reward=120.604 | success=5/5 | collision=0/5 | mean_final_distance=0.267 | mean_progress=0.0190 | min_laser=0.660 | mean_lin=1.000 | mean_ang=0.578 | mean_robot_dist=1.123 | raw_reward=20.000 | adjusted_reward=20.000 | coop_agents=0/5 | mean_coop_neighbors=0.00 | active_neighbor_step_rate=0.826 | mean_active_neighbors_step=2.217 | max_active_neighbors_step=4 | interaction_reward=0.0000 | abs_interaction_reward=0.0000 | anti_stag_reward=0.0000 | abs_anti_stag_reward=0.0000 | wall_clear_reward=0.0000 | abs_wall_clear_reward=0.0000 | local_nav_reward=0.0000 | abs_local_nav_reward=0.0000 | context_neighbors_mean=2.23 | context_neighbors_max=4 | last_context_neighbors_mean=0.00 | last_context_neighbors_max=0 | actor_unlocked=1 | expl_noise=0.0707 | replay=36263 | interaction_replay=16144 | samples/sec=5.792
Status | epoch=2 | next_eval_in=3737 agent_samples | checkpoint_every=10 episodes | checkpoint=./checkpoints/interaction_oracle_specialist_pilot_s20260724_latest.pt | model=interaction_oracle_specialist_pilot_s20260724
Episode 446 complete | agent_samples=36308 | env_steps=14838 | episode_env_steps=10 | episode_agent_samples=45 | mean_reward=42.474 | success=3/5 | collision=2/5 | mean_final_distance=0.430 | mean_progress=0.0358 | min_laser=0.300 | mean_lin=0.604 | mean_ang=0.177 | mean_robot_dist=0.601 | raw_reward=-40.000 | adjusted_reward=-40.000 | coop_agents=2/5 | mean_coop_neighbors=0.40 | active_neighbor_step_rate=0.822 | mean_active_neighbors_step=1.956 | max_active_neighbors_step=4 | interaction_reward=0.0000 | abs_interaction_reward=0.0000 | anti_stag_reward=0.0000 | abs_anti_stag_reward=0.0000 | wall_clear_reward=0.0000 | abs_wall_clear_reward=0.0000 | local_nav_reward=0.0000 | abs_local_nav_reward=0.0000 | context_neighbors_mean=2.04 | context_neighbors_max=4 | last_context_neighbors_mean=0.00 | last_context_neighbors_max=0 | actor_unlocked=1 | expl_noise=0.0707 | replay=36308 | interaction_replay=16182 | samples/sec=5.797
Episode 447 complete | agent_samples=36432 | env_steps=14876 | episode_env_steps=38 | episode_agent_samples=124 | mean_reward=127.334 | success=5/5 | collision=0/5 | mean_final_distance=0.255 | mean_progress=0.0055 | min_laser=0.509 | mean_lin=1.000 | mean_ang=-0.600 | mean_robot_dist=1.466 | raw_reward=20.000 | adjusted_reward=20.000 | coop_agents=0/5 | mean_coop_neighbors=0.00 | active_neighbor_step_rate=0.734 | mean_active_neighbors_step=1.935 | max_active_neighbors_step=4 | interaction_reward=0.0000 | abs_interaction_reward=0.0000 | anti_stag_reward=0.0000 | abs_anti_stag_reward=0.0000 | wall_clear_reward=0.0000 | abs_wall_clear_reward=0.0000 | local_nav_reward=0.0000 | abs_local_nav_reward=0.0000 | context_neighbors_mean=1.98 | context_neighbors_max=4 | last_context_neighbors_mean=0.00 | last_context_neighbors_max=0 | actor_unlocked=1 | expl_noise=0.0707 | replay=36432 | interaction_replay=16202 | samples/sec=5.810
Episode 448 complete | agent_samples=36496 | env_steps=14906 | episode_env_steps=30 | episode_agent_samples=64 | mean_reward=68.610 | success=4/5 | collision=1/5 | mean_final_distance=0.638 | mean_progress=0.0184 | min_laser=0.300 | mean_lin=1.000 | mean_ang=0.230 | mean_robot_dist=2.051 | raw_reward=20.000 | adjusted_reward=20.000 | coop_agents=0/5 | mean_coop_neighbors=0.00 | active_neighbor_step_rate=0.688 | mean_active_neighbors_step=1.891 | max_active_neighbors_step=4 | interaction_reward=0.0000 | abs_interaction_reward=0.0000 | anti_stag_reward=0.0000 | abs_anti_stag_reward=0.0000 | wall_clear_reward=0.0000 | abs_wall_clear_reward=0.0000 | local_nav_reward=0.0000 | abs_local_nav_reward=0.0000 | context_neighbors_mean=1.89 | context_neighbors_max=4 | last_context_neighbors_mean=0.00 | last_context_neighbors_max=0 | actor_unlocked=1 | expl_noise=0.0707 | replay=36496 | interaction_replay=16218 | samples/sec=5.814
Episode 449 complete | agent_samples=36596 | env_steps=14936 | episode_env_steps=30 | episode_agent_samples=100 | mean_reward=115.520 | success=5/5 | collision=0/5 | mean_final_distance=0.272 | mean_progress=0.0105 | min_laser=0.569 | mean_lin=1.000 | mean_ang=-0.200 | mean_robot_dist=1.137 | raw_reward=20.000 | adjusted_reward=20.000 | coop_agents=0/5 | mean_coop_neighbors=0.00 | active_neighbor_step_rate=0.460 | mean_active_neighbors_step=0.650 | max_active_neighbors_step=2 | interaction_reward=0.0000 | abs_interaction_reward=0.0000 | anti_stag_reward=0.0000 | abs_anti_stag_reward=0.0000 | wall_clear_reward=0.0000 | abs_wall_clear_reward=0.0000 | local_nav_reward=0.0000 | abs_local_nav_reward=0.0000 | context_neighbors_mean=0.69 | context_neighbors_max=2 | last_context_neighbors_mean=0.00 | last_context_neighbors_max=0 | actor_unlocked=1 | expl_noise=0.0707 | replay=36596 | interaction_replay=16241 | samples/sec=5.823
Episode 450 complete | agent_samples=36672 | env_steps=14959 | episode_env_steps=23 | episode_agent_samples=76 | mean_reward=80.535 | success=4/5 | collision=1/5 | mean_final_distance=0.542 | mean_progress=0.0052 | min_laser=0.333 | mean_lin=0.992 | mean_ang=-0.363 | mean_robot_dist=0.674 | raw_reward=20.000 | adjusted_reward=20.000 | coop_agents=0/5 | mean_coop_neighbors=0.00 | active_neighbor_step_rate=0.776 | mean_active_neighbors_step=2.289 | max_active_neighbors_step=4 | interaction_reward=0.0000 | abs_interaction_reward=0.0000 | anti_stag_reward=0.0000 | abs_anti_stag_reward=0.0000 | wall_clear_reward=0.0000 | abs_wall_clear_reward=0.0000 | local_nav_reward=0.0000 | abs_local_nav_reward=0.0000 | context_neighbors_mean=2.38 | context_neighbors_max=4 | last_context_neighbors_mean=0.00 | last_context_neighbors_max=0 | actor_unlocked=1 | expl_noise=0.0707 | replay=36672 | interaction_replay=16272 | samples/sec=5.831
Status | epoch=2 | next_eval_in=3328 agent_samples | checkpoint_every=10 episodes | checkpoint=./checkpoints/interaction_oracle_specialist_pilot_s20260724_latest.pt | model=interaction_oracle_specialist_pilot_s20260724
Checkpoint saved: ./checkpoints/interaction_oracle_specialist_pilot_s20260724_latest.pt
Episode 451 complete | agent_samples=36722 | env_steps=14976 | episode_env_steps=17 | episode_agent_samples=50 | mean_reward=64.390 | success=4/5 | collision=1/5 | mean_final_distance=0.644 | mean_progress=0.0196 | min_laser=0.311 | mean_lin=0.998 | mean_ang=0.435 | mean_robot_dist=0.567 | raw_reward=-20.000 | adjusted_reward=-20.000 | coop_agents=0/5 | mean_coop_neighbors=0.00 | active_neighbor_step_rate=0.700 | mean_active_neighbors_step=1.840 | max_active_neighbors_step=4 | interaction_reward=0.0000 | abs_interaction_reward=0.0000 | anti_stag_reward=0.0000 | abs_anti_stag_reward=0.0000 | wall_clear_reward=0.0000 | abs_wall_clear_reward=0.0000 | local_nav_reward=0.0000 | abs_local_nav_reward=0.0000 | context_neighbors_mean=1.88 | context_neighbors_max=4 | last_context_neighbors_mean=0.00 | last_context_neighbors_max=0 | actor_unlocked=1 | expl_noise=0.0706 | replay=36722 | interaction_replay=16282 | samples/sec=5.835
Episode 452 complete | agent_samples=36776 | env_steps=14993 | episode_env_steps=17 | episode_agent_samples=54 | mean_reward=30.688 | success=3/5 | collision=2/5 | mean_final_distance=0.381 | mean_progress=0.0177 | min_laser=0.300 | mean_lin=0.976 | mean_ang=0.697 | mean_robot_dist=0.829 | raw_reward=20.000 | adjusted_reward=20.000 | coop_agents=0/5 | mean_coop_neighbors=0.00 | active_neighbor_step_rate=0.759 | mean_active_neighbors_step=1.926 | max_active_neighbors_step=4 | interaction_reward=0.0000 | abs_interaction_reward=0.0000 | anti_stag_reward=0.0000 | abs_anti_stag_reward=0.0000 | wall_clear_reward=0.0000 | abs_wall_clear_reward=0.0000 | local_nav_reward=0.0000 | abs_local_nav_reward=0.0000 | context_neighbors_mean=1.98 | context_neighbors_max=4 | last_context_neighbors_mean=0.00 | last_context_neighbors_max=0 | actor_unlocked=1 | expl_noise=0.0706 | replay=36776 | interaction_replay=16323 | samples/sec=5.840
Episode 453 complete | agent_samples=36826 | env_steps=15011 | episode_env_steps=18 | episode_agent_samples=50 | mean_reward=-8.874 | success=2/5 | collision=3/5 | mean_final_distance=0.992 | mean_progress=0.0077 | min_laser=0.314 | mean_lin=0.725 | mean_ang=-0.200 | mean_robot_dist=2.214 | raw_reward=20.000 | adjusted_reward=20.000 | coop_agents=0/5 | mean_coop_neighbors=0.00 | active_neighbor_step_rate=0.780 | mean_active_neighbors_step=1.800 | max_active_neighbors_step=4 | interaction_reward=0.0000 | abs_interaction_reward=0.0000 | anti_stag_reward=0.0000 | abs_anti_stag_reward=0.0000 | wall_clear_reward=0.0000 | abs_wall_clear_reward=0.0000 | local_nav_reward=0.0000 | abs_local_nav_reward=0.0000 | context_neighbors_mean=1.80 | context_neighbors_max=4 | last_context_neighbors_mean=0.00 | last_context_neighbors_max=0 | actor_unlocked=1 | expl_noise=0.0706 | replay=36826 | interaction_replay=16338 | samples/sec=5.844
Episode 454 complete | agent_samples=36894 | env_steps=15033 | episode_env_steps=22 | episode_agent_samples=68 | mean_reward=35.275 | success=3/5 | collision=2/5 | mean_final_distance=0.346 | mean_progress=0.0097 | min_laser=0.300 | mean_lin=0.792 | mean_ang=-0.595 | mean_robot_dist=1.603 | raw_reward=20.000 | adjusted_reward=20.000 | coop_agents=0/5 | mean_coop_neighbors=0.00 | active_neighbor_step_rate=0.750 | mean_active_neighbors_step=1.559 | max_active_neighbors_step=4 | interaction_reward=0.0000 | abs_interaction_reward=0.0000 | anti_stag_reward=0.0000 | abs_anti_stag_reward=0.0000 | wall_clear_reward=0.0000 | abs_wall_clear_reward=0.0000 | local_nav_reward=0.0000 | abs_local_nav_reward=0.0000 | context_neighbors_mean=1.71 | context_neighbors_max=4 | last_context_neighbors_mean=0.00 | last_context_neighbors_max=0 | actor_unlocked=1 | expl_noise=0.0706 | replay=36894 | interaction_replay=16387 | samples/sec=5.850
Episode 455 complete | agent_samples=36985 | env_steps=15059 | episode_env_steps=26 | episode_agent_samples=91 | mean_reward=39.369 | success=3/5 | collision=2/5 | mean_final_distance=0.470 | mean_progress=0.0018 | min_laser=0.321 | mean_lin=0.795 | mean_ang=0.448 | mean_robot_dist=0.553 | raw_reward=-20.000 | adjusted_reward=-20.000 | coop_agents=0/5 | mean_coop_neighbors=0.00 | active_neighbor_step_rate=0.923 | mean_active_neighbors_step=2.033 | max_active_neighbors_step=4 | interaction_reward=0.0000 | abs_interaction_reward=0.0000 | anti_stag_reward=0.0000 | abs_anti_stag_reward=0.0000 | wall_clear_reward=0.0000 | abs_wall_clear_reward=0.0000 | local_nav_reward=0.0000 | abs_local_nav_reward=0.0000 | context_neighbors_mean=2.04 | context_neighbors_max=4 | last_context_neighbors_mean=0.00 | last_context_neighbors_max=0 | actor_unlocked=1 | expl_noise=0.0706 | replay=36985 | interaction_replay=16419 | samples/sec=5.859
Status | epoch=2 | next_eval_in=3015 agent_samples | checkpoint_every=10 episodes | checkpoint=./checkpoints/interaction_oracle_specialist_pilot_s20260724_latest.pt | model=interaction_oracle_specialist_pilot_s20260724
Episode 456 complete | agent_samples=37072 | env_steps=15089 | episode_env_steps=30 | episode_agent_samples=87 | mean_reward=79.003 | success=4/5 | collision=1/5 | mean_final_distance=0.531 | mean_progress=0.0055 | min_laser=0.349 | mean_lin=0.993 | mean_ang=-0.066 | mean_robot_dist=2.892 | raw_reward=20.000 | adjusted_reward=20.000 | coop_agents=0/5 | mean_coop_neighbors=0.00 | active_neighbor_step_rate=0.862 | mean_active_neighbors_step=1.828 | max_active_neighbors_step=4 | interaction_reward=0.0000 | abs_interaction_reward=0.0000 | anti_stag_reward=0.0000 | abs_anti_stag_reward=0.0000 | wall_clear_reward=0.0000 | abs_wall_clear_reward=0.0000 | local_nav_reward=0.0000 | abs_local_nav_reward=0.0000 | context_neighbors_mean=1.84 | context_neighbors_max=4 | last_context_neighbors_mean=0.00 | last_context_neighbors_max=0 | actor_unlocked=1 | expl_noise=0.0706 | replay=37072 | interaction_replay=16430 | samples/sec=5.867
Episode 457 complete | agent_samples=37138 | env_steps=15111 | episode_env_steps=22 | episode_agent_samples=66 | mean_reward=33.547 | success=3/5 | collision=2/5 | mean_final_distance=0.582 | mean_progress=0.0138 | min_laser=0.302 | mean_lin=0.592 | mean_ang=-0.379 | mean_robot_dist=0.678 | raw_reward=20.000 | adjusted_reward=20.000 | coop_agents=0/5 | mean_coop_neighbors=0.00 | active_neighbor_step_rate=0.758 | mean_active_neighbors_step=1.939 | max_active_neighbors_step=4 | interaction_reward=0.0000 | abs_interaction_reward=0.0000 | anti_stag_reward=0.0000 | abs_anti_stag_reward=0.0000 | wall_clear_reward=0.0000 | abs_wall_clear_reward=0.0000 | local_nav_reward=0.0000 | abs_local_nav_reward=0.0000 | context_neighbors_mean=1.97 | context_neighbors_max=4 | last_context_neighbors_mean=0.00 | last_context_neighbors_max=0 | actor_unlocked=1 | expl_noise=0.0706 | replay=37138 | interaction_replay=16469 | samples/sec=5.873
Episode 458 complete | agent_samples=37232 | env_steps=15153 | episode_env_steps=42 | episode_agent_samples=94 | mean_reward=110.255 | success=5/5 | collision=0/5 | mean_final_distance=0.277 | mean_progress=0.0188 | min_laser=0.356 | mean_lin=0.982 | mean_ang=-0.027 | mean_robot_dist=1.719 | raw_reward=20.000 | adjusted_reward=20.000 | coop_agents=0/5 | mean_coop_neighbors=0.00 | active_neighbor_step_rate=0.809 | mean_active_neighbors_step=1.362 | max_active_neighbors_step=4 | interaction_reward=0.0000 | abs_interaction_reward=0.0000 | anti_stag_reward=0.0000 | abs_anti_stag_reward=0.0000 | wall_clear_reward=0.0000 | abs_wall_clear_reward=0.0000 | local_nav_reward=0.0000 | abs_local_nav_reward=0.0000 | context_neighbors_mean=1.37 | context_neighbors_max=4 | last_context_neighbors_mean=0.00 | last_context_neighbors_max=0 | actor_unlocked=1 | expl_noise=0.0705 | replay=37232 | interaction_replay=16477 | samples/sec=5.879
Episode 459 complete | agent_samples=37290 | env_steps=15178 | episode_env_steps=25 | episode_agent_samples=58 | mean_reward=27.156 | success=3/5 | collision=2/5 | mean_final_distance=0.540 | mean_progress=0.0180 | min_laser=0.300 | mean_lin=1.000 | mean_ang=-0.374 | mean_robot_dist=1.597 | raw_reward=20.000 | adjusted_reward=20.000 | coop_agents=0/5 | mean_coop_neighbors=0.00 | active_neighbor_step_rate=0.655 | mean_active_neighbors_step=1.517 | max_active_neighbors_step=4 | interaction_reward=0.0000 | abs_interaction_reward=0.0000 | anti_stag_reward=0.0000 | abs_anti_stag_reward=0.0000 | wall_clear_reward=0.0000 | abs_wall_clear_reward=0.0000 | local_nav_reward=0.0000 | abs_local_nav_reward=0.0000 | context_neighbors_mean=1.57 | context_neighbors_max=4 | last_context_neighbors_mean=0.00 | last_context_neighbors_max=0 | actor_unlocked=1 | expl_noise=0.0705 | replay=37290 | interaction_replay=16514 | samples/sec=5.883
Episode 460 complete | agent_samples=37361 | env_steps=15207 | episode_env_steps=29 | episode_agent_samples=71 | mean_reward=124.024 | success=5/5 | collision=0/5 | mean_final_distance=0.253 | mean_progress=0.0179 | min_laser=0.380 | mean_lin=0.983 | mean_ang=0.566 | mean_robot_dist=1.400 | raw_reward=20.000 | adjusted_reward=20.000 | coop_agents=0/5 | mean_coop_neighbors=0.00 | active_neighbor_step_rate=0.606 | mean_active_neighbors_step=1.451 | max_active_neighbors_step=4 | interaction_reward=0.0000 | abs_interaction_reward=0.0000 | anti_stag_reward=0.0000 | abs_anti_stag_reward=0.0000 | wall_clear_reward=0.0000 | abs_wall_clear_reward=0.0000 | local_nav_reward=0.0000 | abs_local_nav_reward=0.0000 | context_neighbors_mean=1.52 | context_neighbors_max=4 | last_context_neighbors_mean=0.00 | last_context_neighbors_max=0 | actor_unlocked=1 | expl_noise=0.0705 | replay=37361 | interaction_replay=16557 | samples/sec=5.888
Status | epoch=2 | next_eval_in=2639 agent_samples | checkpoint_every=10 episodes | checkpoint=./checkpoints/interaction_oracle_specialist_pilot_s20260724_latest.pt | model=interaction_oracle_specialist_pilot_s20260724
Checkpoint saved: ./checkpoints/interaction_oracle_specialist_pilot_s20260724_latest.pt
Episode 461 complete | agent_samples=37482 | env_steps=15247 | episode_env_steps=40 | episode_agent_samples=121 | mean_reward=39.146 | success=3/5 | collision=2/5 | mean_final_distance=0.587 | mean_progress=0.0230 | min_laser=0.300 | mean_lin=0.799 | mean_ang=-0.159 | mean_robot_dist=1.501 | raw_reward=20.000 | adjusted_reward=20.000 | coop_agents=0/5 | mean_coop_neighbors=0.00 | active_neighbor_step_rate=0.810 | mean_active_neighbors_step=2.215 | max_active_neighbors_step=4 | interaction_reward=0.0000 | abs_interaction_reward=0.0000 | anti_stag_reward=0.0000 | abs_anti_stag_reward=0.0000 | wall_clear_reward=0.0000 | abs_wall_clear_reward=0.0000 | local_nav_reward=0.0000 | abs_local_nav_reward=0.0000 | context_neighbors_mean=2.25 | context_neighbors_max=4 | last_context_neighbors_mean=0.00 | last_context_neighbors_max=0 | actor_unlocked=1 | expl_noise=0.0705 | replay=37482 | interaction_replay=16597 | samples/sec=5.898
Episode 462 complete | agent_samples=37572 | env_steps=15279 | episode_env_steps=32 | episode_agent_samples=90 | mean_reward=113.824 | success=5/5 | collision=0/5 | mean_final_distance=0.274 | mean_progress=0.0109 | min_laser=0.392 | mean_lin=0.875 | mean_ang=0.514 | mean_robot_dist=1.817 | raw_reward=20.000 | adjusted_reward=20.000 | coop_agents=0/5 | mean_coop_neighbors=0.00 | active_neighbor_step_rate=0.578 | mean_active_neighbors_step=1.089 | max_active_neighbors_step=4 | interaction_reward=0.0000 | abs_interaction_reward=0.0000 | anti_stag_reward=0.0000 | abs_anti_stag_reward=0.0000 | wall_clear_reward=0.0000 | abs_wall_clear_reward=0.0000 | local_nav_reward=0.0000 | abs_local_nav_reward=0.0000 | context_neighbors_mean=1.10 | context_neighbors_max=4 | last_context_neighbors_mean=0.00 | last_context_neighbors_max=0 | actor_unlocked=1 | expl_noise=0.0705 | replay=37572 | interaction_replay=16634 | samples/sec=5.906
Episode 463 complete | agent_samples=37663 | env_steps=15309 | episode_env_steps=30 | episode_agent_samples=91 | mean_reward=127.603 | success=5/5 | collision=0/5 | mean_final_distance=0.236 | mean_progress=0.0232 | min_laser=0.506 | mean_lin=0.995 | mean_ang=0.083 | mean_robot_dist=0.668 | raw_reward=20.000 | adjusted_reward=20.000 | coop_agents=0/5 | mean_coop_neighbors=0.00 | active_neighbor_step_rate=0.758 | mean_active_neighbors_step=1.538 | max_active_neighbors_step=4 | interaction_reward=0.0000 | abs_interaction_reward=0.0000 | anti_stag_reward=0.0000 | abs_anti_stag_reward=0.0000 | wall_clear_reward=0.0000 | abs_wall_clear_reward=0.0000 | local_nav_reward=0.0000 | abs_local_nav_reward=0.0000 | context_neighbors_mean=1.54 | context_neighbors_max=4 | last_context_neighbors_mean=0.00 | last_context_neighbors_max=0 | actor_unlocked=1 | expl_noise=0.0704 | replay=37663 | interaction_replay=16650 | samples/sec=5.914
Episode 464 complete | agent_samples=37723 | env_steps=15338 | episode_env_steps=29 | episode_agent_samples=60 | mean_reward=32.587 | success=3/5 | collision=2/5 | mean_final_distance=0.525 | mean_progress=0.0122 | min_laser=0.300 | mean_lin=1.000 | mean_ang=-0.406 | mean_robot_dist=1.438 | raw_reward=20.000 | adjusted_reward=20.000 | coop_agents=0/5 | mean_coop_neighbors=0.00 | active_neighbor_step_rate=0.633 | mean_active_neighbors_step=1.683 | max_active_neighbors_step=4 | interaction_reward=0.0000 | abs_interaction_reward=0.0000 | anti_stag_reward=0.0000 | abs_anti_stag_reward=0.0000 | wall_clear_reward=0.0000 | abs_wall_clear_reward=0.0000 | local_nav_reward=0.0000 | abs_local_nav_reward=0.0000 | context_neighbors_mean=1.73 | context_neighbors_max=4 | last_context_neighbors_mean=0.00 | last_context_neighbors_max=0 | actor_unlocked=1 | expl_noise=0.0704 | replay=37723 | interaction_replay=16688 | samples/sec=5.918
Episode 465 complete | agent_samples=37822 | env_steps=15391 | episode_env_steps=53 | episode_agent_samples=99 | mean_reward=114.501 | success=5/5 | collision=0/5 | mean_final_distance=0.262 | mean_progress=0.0079 | min_laser=0.555 | mean_lin=0.799 | mean_ang=-0.215 | mean_robot_dist=1.036 | raw_reward=20.000 | adjusted_reward=20.000 | coop_agents=0/5 | mean_coop_neighbors=0.00 | active_neighbor_step_rate=0.485 | mean_active_neighbors_step=1.071 | max_active_neighbors_step=4 | interaction_reward=0.0000 | abs_interaction_reward=0.0000 | anti_stag_reward=0.0000 | abs_anti_stag_reward=0.0000 | wall_clear_reward=0.0000 | abs_wall_clear_reward=0.0000 | local_nav_reward=0.0000 | abs_local_nav_reward=0.0000 | context_neighbors_mean=1.14 | context_neighbors_max=4 | last_context_neighbors_mean=0.00 | last_context_neighbors_max=0 | actor_unlocked=1 | expl_noise=0.0704 | replay=37822 | interaction_replay=16732 | samples/sec=5.923
Status | epoch=2 | next_eval_in=2178 agent_samples | checkpoint_every=10 episodes | checkpoint=./checkpoints/interaction_oracle_specialist_pilot_s20260724_latest.pt | model=interaction_oracle_specialist_pilot_s20260724
Episode 466 complete | agent_samples=37917 | env_steps=15438 | episode_env_steps=47 | episode_agent_samples=95 | mean_reward=119.594 | success=5/5 | collision=0/5 | mean_final_distance=0.245 | mean_progress=0.0049 | min_laser=0.616 | mean_lin=1.000 | mean_ang=0.580 | mean_robot_dist=0.967 | raw_reward=20.000 | adjusted_reward=20.000 | coop_agents=0/5 | mean_coop_neighbors=0.00 | active_neighbor_step_rate=0.568 | mean_active_neighbors_step=1.232 | max_active_neighbors_step=4 | interaction_reward=0.0000 | abs_interaction_reward=0.0000 | anti_stag_reward=0.0000 | abs_anti_stag_reward=0.0000 | wall_clear_reward=0.0000 | abs_wall_clear_reward=0.0000 | local_nav_reward=0.0000 | abs_local_nav_reward=0.0000 | context_neighbors_mean=1.26 | context_neighbors_max=4 | last_context_neighbors_mean=0.00 | last_context_neighbors_max=0 | actor_unlocked=1 | expl_noise=0.0704 | replay=37917 | interaction_replay=16787 | samples/sec=5.928
Episode 467 complete | agent_samples=38004 | env_steps=15486 | episode_env_steps=48 | episode_agent_samples=87 | mean_reward=37.321 | success=3/5 | collision=2/5 | mean_final_distance=0.444 | mean_progress=0.0098 | min_laser=0.301 | mean_lin=0.983 | mean_ang=0.171 | mean_robot_dist=1.851 | raw_reward=20.000 | adjusted_reward=20.000 | coop_agents=0/5 | mean_coop_neighbors=0.00 | active_neighbor_step_rate=0.540 | mean_active_neighbors_step=1.253 | max_active_neighbors_step=4 | interaction_reward=0.0000 | abs_interaction_reward=0.0000 | anti_stag_reward=0.0000 | abs_anti_stag_reward=0.0000 | wall_clear_reward=0.0000 | abs_wall_clear_reward=0.0000 | local_nav_reward=0.0000 | abs_local_nav_reward=0.0000 | context_neighbors_mean=1.31 | context_neighbors_max=4 | last_context_neighbors_mean=0.00 | last_context_neighbors_max=0 | actor_unlocked=1 | expl_noise=0.0703 | replay=38004 | interaction_replay=16829 | samples/sec=5.932
Episode 468 complete | agent_samples=38102 | env_steps=15532 | episode_env_steps=46 | episode_agent_samples=98 | mean_reward=68.007 | success=4/5 | collision=1/5 | mean_final_distance=0.495 | mean_progress=0.0112 | min_laser=0.338 | mean_lin=0.726 | mean_ang=-0.865 | mean_robot_dist=2.636 | raw_reward=20.000 | adjusted_reward=20.000 | coop_agents=0/5 | mean_coop_neighbors=0.00 | active_neighbor_step_rate=0.449 | mean_active_neighbors_step=1.082 | max_active_neighbors_step=4 | interaction_reward=0.0000 | abs_interaction_reward=0.0000 | anti_stag_reward=0.0000 | abs_anti_stag_reward=0.0000 | wall_clear_reward=0.0000 | abs_wall_clear_reward=0.0000 | local_nav_reward=0.0000 | abs_local_nav_reward=0.0000 | context_neighbors_mean=1.10 | context_neighbors_max=4 | last_context_neighbors_mean=0.00 | last_context_neighbors_max=0 | actor_unlocked=1 | expl_noise=0.0703 | replay=38102 | interaction_replay=16858 | samples/sec=5.938
Episode 469 complete | agent_samples=38153 | env_steps=15554 | episode_env_steps=22 | episode_agent_samples=51 | mean_reward=35.845 | success=3/5 | collision=2/5 | mean_final_distance=0.598 | mean_progress=0.0051 | min_laser=0.311 | mean_lin=0.784 | mean_ang=0.181 | mean_robot_dist=1.965 | raw_reward=20.000 | adjusted_reward=20.000 | coop_agents=0/5 | mean_coop_neighbors=0.00 | active_neighbor_step_rate=0.686 | mean_active_neighbors_step=1.843 | max_active_neighbors_step=4 | interaction_reward=0.0000 | abs_interaction_reward=0.0000 | anti_stag_reward=0.0000 | abs_anti_stag_reward=0.0000 | wall_clear_reward=0.0000 | abs_wall_clear_reward=0.0000 | local_nav_reward=0.0000 | abs_local_nav_reward=0.0000 | context_neighbors_mean=1.92 | context_neighbors_max=4 | last_context_neighbors_mean=0.00 | last_context_neighbors_max=0 | actor_unlocked=1 | expl_noise=0.0703 | replay=38153 | interaction_replay=16888 | samples/sec=5.942
Episode 470 complete | agent_samples=38217 | env_steps=15585 | episode_env_steps=31 | episode_agent_samples=64 | mean_reward=121.965 | success=5/5 | collision=0/5 | mean_final_distance=0.273 | mean_progress=0.0063 | min_laser=0.596 | mean_lin=0.789 | mean_ang=0.597 | mean_robot_dist=1.009 | raw_reward=20.000 | adjusted_reward=20.000 | coop_agents=0/5 | mean_coop_neighbors=0.00 | active_neighbor_step_rate=0.516 | mean_active_neighbors_step=1.391 | max_active_neighbors_step=4 | interaction_reward=0.0000 | abs_interaction_reward=0.0000 | anti_stag_reward=0.0000 | abs_anti_stag_reward=0.0000 | wall_clear_reward=0.0000 | abs_wall_clear_reward=0.0000 | local_nav_reward=0.0000 | abs_local_nav_reward=0.0000 | context_neighbors_mean=1.41 | context_neighbors_max=4 | last_context_neighbors_mean=0.00 | last_context_neighbors_max=0 | actor_unlocked=1 | expl_noise=0.0703 | replay=38217 | interaction_replay=16920 | samples/sec=5.945
Status | epoch=2 | next_eval_in=1783 agent_samples | checkpoint_every=10 episodes | checkpoint=./checkpoints/interaction_oracle_specialist_pilot_s20260724_latest.pt | model=interaction_oracle_specialist_pilot_s20260724
Checkpoint saved: ./checkpoints/interaction_oracle_specialist_pilot_s20260724_latest.pt
Episode 471 complete | agent_samples=38320 | env_steps=15632 | episode_env_steps=47 | episode_agent_samples=103 | mean_reward=41.158 | success=3/5 | collision=2/5 | mean_final_distance=0.531 | mean_progress=0.0207 | min_laser=0.301 | mean_lin=0.786 | mean_ang=0.156 | mean_robot_dist=1.450 | raw_reward=20.000 | adjusted_reward=20.000 | coop_agents=0/5 | mean_coop_neighbors=0.00 | active_neighbor_step_rate=0.699 | mean_active_neighbors_step=1.942 | max_active_neighbors_step=4 | interaction_reward=0.0000 | abs_interaction_reward=0.0000 | anti_stag_reward=0.0000 | abs_anti_stag_reward=0.0000 | wall_clear_reward=0.0000 | abs_wall_clear_reward=0.0000 | local_nav_reward=0.0000 | abs_local_nav_reward=0.0000 | context_neighbors_mean=1.96 | context_neighbors_max=4 | last_context_neighbors_mean=0.00 | last_context_neighbors_max=0 | actor_unlocked=1 | expl_noise=0.0702 | replay=38320 | interaction_replay=16950 | samples/sec=5.951
Episode 472 complete | agent_samples=38393 | env_steps=15658 | episode_env_steps=26 | episode_agent_samples=73 | mean_reward=115.738 | success=5/5 | collision=0/5 | mean_final_distance=0.254 | mean_progress=0.0101 | min_laser=0.453 | mean_lin=0.998 | mean_ang=-0.215 | mean_robot_dist=1.035 | raw_reward=20.000 | adjusted_reward=20.000 | coop_agents=0/5 | mean_coop_neighbors=0.00 | active_neighbor_step_rate=0.767 | mean_active_neighbors_step=1.986 | max_active_neighbors_step=4 | interaction_reward=0.0000 | abs_interaction_reward=0.0000 | anti_stag_reward=0.0000 | abs_anti_stag_reward=0.0000 | wall_clear_reward=0.0000 | abs_wall_clear_reward=0.0000 | local_nav_reward=0.0000 | abs_local_nav_reward=0.0000 | context_neighbors_mean=2.04 | context_neighbors_max=4 | last_context_neighbors_mean=0.00 | last_context_neighbors_max=0 | actor_unlocked=1 | expl_noise=0.0702 | replay=38393 | interaction_replay=16971 | samples/sec=5.957
Episode 473 complete | agent_samples=38438 | env_steps=15669 | episode_env_steps=11 | episode_agent_samples=45 | mean_reward=79.289 | success=4/5 | collision=1/5 | mean_final_distance=0.568 | mean_progress=0.0240 | min_laser=0.342 | mean_lin=0.805 | mean_ang=-0.591 | mean_robot_dist=1.435 | raw_reward=20.000 | adjusted_reward=20.000 | coop_agents=0/5 | mean_coop_neighbors=0.00 | active_neighbor_step_rate=0.756 | mean_active_neighbors_step=2.333 | max_active_neighbors_step=4 | interaction_reward=0.0000 | abs_interaction_reward=0.0000 | anti_stag_reward=0.0000 | abs_anti_stag_reward=0.0000 | wall_clear_reward=0.0000 | abs_wall_clear_reward=0.0000 | local_nav_reward=0.0000 | abs_local_nav_reward=0.0000 | context_neighbors_mean=2.36 | context_neighbors_max=4 | last_context_neighbors_mean=0.00 | last_context_neighbors_max=0 | actor_unlocked=1 | expl_noise=0.0702 | replay=38438 | interaction_replay=17003 | samples/sec=5.962
Episode 474 complete | agent_samples=38501 | env_steps=15697 | episode_env_steps=28 | episode_agent_samples=63 | mean_reward=84.814 | success=4/5 | collision=1/5 | mean_final_distance=0.477 | mean_progress=0.0051 | min_laser=0.343 | mean_lin=0.990 | mean_ang=-0.034 | mean_robot_dist=1.344 | raw_reward=20.000 | adjusted_reward=20.000 | coop_agents=0/5 | mean_coop_neighbors=0.00 | active_neighbor_step_rate=0.603 | mean_active_neighbors_step=1.286 | max_active_neighbors_step=4 | interaction_reward=0.0000 | abs_interaction_reward=0.0000 | anti_stag_reward=0.0000 | abs_anti_stag_reward=0.0000 | wall_clear_reward=0.0000 | abs_wall_clear_reward=0.0000 | local_nav_reward=0.0000 | abs_local_nav_reward=0.0000 | context_neighbors_mean=1.38 | context_neighbors_max=4 | last_context_neighbors_mean=0.00 | last_context_neighbors_max=0 | actor_unlocked=1 | expl_noise=0.0702 | replay=38501 | interaction_replay=17037 | samples/sec=5.966
Episode 475 complete | agent_samples=38561 | env_steps=15716 | episode_env_steps=19 | episode_agent_samples=60 | mean_reward=119.100 | success=5/5 | collision=0/5 | mean_final_distance=0.248 | mean_progress=0.0167 | min_laser=0.579 | mean_lin=0.995 | mean_ang=0.232 | mean_robot_dist=1.589 | raw_reward=20.000 | adjusted_reward=20.000 | coop_agents=0/5 | mean_coop_neighbors=0.00 | active_neighbor_step_rate=0.717 | mean_active_neighbors_step=1.333 | max_active_neighbors_step=4 | interaction_reward=0.0000 | abs_interaction_reward=0.0000 | anti_stag_reward=0.0000 | abs_anti_stag_reward=0.0000 | wall_clear_reward=0.0000 | abs_wall_clear_reward=0.0000 | local_nav_reward=0.0000 | abs_local_nav_reward=0.0000 | context_neighbors_mean=1.38 | context_neighbors_max=4 | last_context_neighbors_mean=0.00 | last_context_neighbors_max=0 | actor_unlocked=1 | expl_noise=0.0702 | replay=38561 | interaction_replay=17075 | samples/sec=5.971
Status | epoch=2 | next_eval_in=1439 agent_samples | checkpoint_every=10 episodes | checkpoint=./checkpoints/interaction_oracle_specialist_pilot_s20260724_latest.pt | model=interaction_oracle_specialist_pilot_s20260724
Episode 476 complete | agent_samples=38672 | env_steps=15756 | episode_env_steps=40 | episode_agent_samples=111 | mean_reward=128.477 | success=5/5 | collision=0/5 | mean_final_distance=0.258 | mean_progress=0.0097 | min_laser=0.559 | mean_lin=0.796 | mean_ang=-0.537 | mean_robot_dist=1.131 | raw_reward=20.000 | adjusted_reward=20.000 | coop_agents=0/5 | mean_coop_neighbors=0.00 | active_neighbor_step_rate=0.477 | mean_active_neighbors_step=1.036 | max_active_neighbors_step=4 | interaction_reward=0.0000 | abs_interaction_reward=0.0000 | anti_stag_reward=0.0000 | abs_anti_stag_reward=0.0000 | wall_clear_reward=0.0000 | abs_wall_clear_reward=0.0000 | local_nav_reward=0.0000 | abs_local_nav_reward=0.0000 | context_neighbors_mean=1.05 | context_neighbors_max=4 | last_context_neighbors_mean=0.00 | last_context_neighbors_max=0 | actor_unlocked=1 | expl_noise=0.0702 | replay=38672 | interaction_replay=17115 | samples/sec=5.980
Episode 477 complete | agent_samples=38751 | env_steps=15784 | episode_env_steps=28 | episode_agent_samples=79 | mean_reward=82.419 | success=4/5 | collision=1/5 | mean_final_distance=0.300 | mean_progress=0.0007 | min_laser=0.321 | mean_lin=0.975 | mean_ang=0.160 | mean_robot_dist=2.603 | raw_reward=20.000 | adjusted_reward=20.000 | coop_agents=0/5 | mean_coop_neighbors=0.00 | active_neighbor_step_rate=0.646 | mean_active_neighbors_step=1.203 | max_active_neighbors_step=4 | interaction_reward=0.0000 | abs_interaction_reward=0.0000 | anti_stag_reward=0.0000 | abs_anti_stag_reward=0.0000 | wall_clear_reward=0.0000 | abs_wall_clear_reward=0.0000 | local_nav_reward=0.0000 | abs_local_nav_reward=0.0000 | context_neighbors_mean=1.24 | context_neighbors_max=4 | last_context_neighbors_mean=0.00 | last_context_neighbors_max=0 | actor_unlocked=1 | expl_noise=0.0701 | replay=38751 | interaction_replay=17133 | samples/sec=5.987
Episode 478 complete | agent_samples=38868 | env_steps=15837 | episode_env_steps=53 | episode_agent_samples=117 | mean_reward=129.457 | success=5/5 | collision=0/5 | mean_final_distance=0.253 | mean_progress=0.0016 | min_laser=0.356 | mean_lin=0.999 | mean_ang=-0.627 | mean_robot_dist=3.524 | raw_reward=20.000 | adjusted_reward=20.000 | coop_agents=0/5 | mean_coop_neighbors=0.00 | active_neighbor_step_rate=0.538 | mean_active_neighbors_step=0.897 | max_active_neighbors_step=4 | interaction_reward=0.0000 | abs_interaction_reward=0.0000 | anti_stag_reward=0.0000 | abs_anti_stag_reward=0.0000 | wall_clear_reward=0.0000 | abs_wall_clear_reward=0.0000 | local_nav_reward=0.0000 | abs_local_nav_reward=0.0000 | context_neighbors_mean=0.92 | context_neighbors_max=4 | last_context_neighbors_mean=0.00 | last_context_neighbors_max=0 | actor_unlocked=1 | expl_noise=0.0701 | replay=38868 | interaction_replay=17157 | samples/sec=5.994
Episode 479 complete | agent_samples=38938 | env_steps=15868 | episode_env_steps=31 | episode_agent_samples=70 | mean_reward=87.652 | success=4/5 | collision=1/5 | mean_final_distance=0.272 | mean_progress=0.0145 | min_laser=0.335 | mean_lin=0.996 | mean_ang=0.250 | mean_robot_dist=1.503 | raw_reward=20.000 | adjusted_reward=20.000 | coop_agents=0/5 | mean_coop_neighbors=0.00 | active_neighbor_step_rate=0.557 | mean_active_neighbors_step=1.357 | max_active_neighbors_step=4 | interaction_reward=0.0000 | abs_interaction_reward=0.0000 | anti_stag_reward=0.0000 | abs_anti_stag_reward=0.0000 | wall_clear_reward=0.0000 | abs_wall_clear_reward=0.0000 | local_nav_reward=0.0000 | abs_local_nav_reward=0.0000 | context_neighbors_mean=1.41 | context_neighbors_max=4 | last_context_neighbors_mean=0.00 | last_context_neighbors_max=0 | actor_unlocked=1 | expl_noise=0.0701 | replay=38938 | interaction_replay=17196 | samples/sec=5.998
Episode 480 complete | agent_samples=39024 | env_steps=15920 | episode_env_steps=52 | episode_agent_samples=86 | mean_reward=35.347 | success=3/5 | collision=2/5 | mean_final_distance=0.616 | mean_progress=0.0116 | min_laser=0.300 | mean_lin=0.874 | mean_ang=0.189 | mean_robot_dist=2.752 | raw_reward=20.000 | adjusted_reward=20.000 | coop_agents=0/5 | mean_coop_neighbors=0.00 | active_neighbor_step_rate=0.442 | mean_active_neighbors_step=0.802 | max_active_neighbors_step=4 | interaction_reward=0.0000 | abs_interaction_reward=0.0000 | anti_stag_reward=0.0000 | abs_anti_stag_reward=0.0000 | wall_clear_reward=0.0000 | abs_wall_clear_reward=0.0000 | local_nav_reward=0.0000 | abs_local_nav_reward=0.0000 | context_neighbors_mean=0.78 | context_neighbors_max=4 | last_context_neighbors_mean=0.00 | last_context_neighbors_max=0 | actor_unlocked=1 | expl_noise=0.0700 | replay=39024 | interaction_replay=17208 | samples/sec=6.001
Status | epoch=2 | next_eval_in=976 agent_samples | checkpoint_every=10 episodes | checkpoint=./checkpoints/interaction_oracle_specialist_pilot_s20260724_latest.pt | model=interaction_oracle_specialist_pilot_s20260724
Checkpoint saved: ./checkpoints/interaction_oracle_specialist_pilot_s20260724_latest.pt
Episode 481 complete | agent_samples=39090 | env_steps=15935 | episode_env_steps=15 | episode_agent_samples=66 | mean_reward=76.957 | success=4/5 | collision=1/5 | mean_final_distance=0.264 | mean_progress=0.0211 | min_laser=0.327 | mean_lin=0.800 | mean_ang=0.499 | mean_robot_dist=1.108 | raw_reward=20.000 | adjusted_reward=20.000 | coop_agents=0/5 | mean_coop_neighbors=0.00 | active_neighbor_step_rate=0.985 | mean_active_neighbors_step=2.742 | max_active_neighbors_step=4 | interaction_reward=0.0000 | abs_interaction_reward=0.0000 | anti_stag_reward=0.0000 | abs_anti_stag_reward=0.0000 | wall_clear_reward=0.0000 | abs_wall_clear_reward=0.0000 | local_nav_reward=0.0000 | abs_local_nav_reward=0.0000 | context_neighbors_mean=2.77 | context_neighbors_max=4 | last_context_neighbors_mean=0.00 | last_context_neighbors_max=0 | actor_unlocked=1 | expl_noise=0.0700 | replay=39090 | interaction_replay=17244 | samples/sec=6.007
Episode 482 complete | agent_samples=39214 | env_steps=15984 | episode_env_steps=49 | episode_agent_samples=124 | mean_reward=81.069 | success=4/5 | collision=1/5 | mean_final_distance=0.354 | mean_progress=0.0099 | min_laser=0.326 | mean_lin=0.999 | mean_ang=0.253 | mean_robot_dist=1.360 | raw_reward=20.000 | adjusted_reward=20.000 | coop_agents=0/5 | mean_coop_neighbors=0.00 | active_neighbor_step_rate=0.613 | mean_active_neighbors_step=1.645 | max_active_neighbors_step=4 | interaction_reward=0.0000 | abs_interaction_reward=0.0000 | anti_stag_reward=0.0000 | abs_anti_stag_reward=0.0000 | wall_clear_reward=0.0000 | abs_wall_clear_reward=0.0000 | local_nav_reward=0.0000 | abs_local_nav_reward=0.0000 | context_neighbors_mean=1.67 | context_neighbors_max=4 | last_context_neighbors_mean=0.00 | last_context_neighbors_max=0 | actor_unlocked=1 | expl_noise=0.0700 | replay=39214 | interaction_replay=17283 | samples/sec=6.017
Episode 483 complete | agent_samples=39278 | env_steps=16011 | episode_env_steps=27 | episode_agent_samples=64 | mean_reward=114.178 | success=5/5 | collision=0/5 | mean_final_distance=0.261 | mean_progress=0.0132 | min_laser=0.435 | mean_lin=0.998 | mean_ang=-0.589 | mean_robot_dist=0.704 | raw_reward=20.000 | adjusted_reward=20.000 | coop_agents=0/5 | mean_coop_neighbors=0.00 | active_neighbor_step_rate=0.625 | mean_active_neighbors_step=1.828 | max_active_neighbors_step=4 | interaction_reward=0.0000 | abs_interaction_reward=0.0000 | anti_stag_reward=0.0000 | abs_anti_stag_reward=0.0000 | wall_clear_reward=0.0000 | abs_wall_clear_reward=0.0000 | local_nav_reward=0.0000 | abs_local_nav_reward=0.0000 | context_neighbors_mean=1.91 | context_neighbors_max=4 | last_context_neighbors_mean=0.00 | last_context_neighbors_max=0 | actor_unlocked=1 | expl_noise=0.0700 | replay=39278 | interaction_replay=17320 | samples/sec=6.021
Episode 484 complete | agent_samples=39334 | env_steps=16029 | episode_env_steps=18 | episode_agent_samples=56 | mean_reward=34.633 | success=3/5 | collision=2/5 | mean_final_distance=0.823 | mean_progress=0.0240 | min_laser=0.306 | mean_lin=1.000 | mean_ang=0.191 | mean_robot_dist=0.919 | raw_reward=20.000 | adjusted_reward=20.000 | coop_agents=0/5 | mean_coop_neighbors=0.00 | active_neighbor_step_rate=0.768 | mean_active_neighbors_step=1.839 | max_active_neighbors_step=4 | interaction_reward=0.0000 | abs_interaction_reward=0.0000 | anti_stag_reward=0.0000 | abs_anti_stag_reward=0.0000 | wall_clear_reward=0.0000 | abs_wall_clear_reward=0.0000 | local_nav_reward=0.0000 | abs_local_nav_reward=0.0000 | context_neighbors_mean=1.84 | context_neighbors_max=4 | last_context_neighbors_mean=0.00 | last_context_neighbors_max=0 | actor_unlocked=1 | expl_noise=0.0700 | replay=39334 | interaction_replay=17347 | samples/sec=6.026
Episode 485 complete | agent_samples=39409 | env_steps=16059 | episode_env_steps=30 | episode_agent_samples=75 | mean_reward=71.878 | success=4/5 | collision=1/5 | mean_final_distance=0.501 | mean_progress=0.0056 | min_laser=0.335 | mean_lin=0.997 | mean_ang=-0.575 | mean_robot_dist=2.043 | raw_reward=20.000 | adjusted_reward=20.000 | coop_agents=0/5 | mean_coop_neighbors=0.00 | active_neighbor_step_rate=0.667 | mean_active_neighbors_step=1.787 | max_active_neighbors_step=4 | interaction_reward=0.0000 | abs_interaction_reward=0.0000 | anti_stag_reward=0.0000 | abs_anti_stag_reward=0.0000 | wall_clear_reward=0.0000 | abs_wall_clear_reward=0.0000 | local_nav_reward=0.0000 | abs_local_nav_reward=0.0000 | context_neighbors_mean=1.83 | context_neighbors_max=4 | last_context_neighbors_mean=0.00 | last_context_neighbors_max=0 | actor_unlocked=1 | expl_noise=0.0700 | replay=39409 | interaction_replay=17363 | samples/sec=6.031
Status | epoch=2 | next_eval_in=591 agent_samples | checkpoint_every=10 episodes | checkpoint=./checkpoints/interaction_oracle_specialist_pilot_s20260724_latest.pt | model=interaction_oracle_specialist_pilot_s20260724
Episode 486 complete | agent_samples=39458 | env_steps=16071 | episode_env_steps=12 | episode_agent_samples=49 | mean_reward=78.345 | success=4/5 | collision=1/5 | mean_final_distance=0.520 | mean_progress=0.0232 | min_laser=0.329 | mean_lin=1.000 | mean_ang=0.565 | mean_robot_dist=1.968 | raw_reward=20.000 | adjusted_reward=20.000 | coop_agents=0/5 | mean_coop_neighbors=0.00 | active_neighbor_step_rate=0.694 | mean_active_neighbors_step=1.918 | max_active_neighbors_step=4 | interaction_reward=0.0000 | abs_interaction_reward=0.0000 | anti_stag_reward=0.0000 | abs_anti_stag_reward=0.0000 | wall_clear_reward=0.0000 | abs_wall_clear_reward=0.0000 | local_nav_reward=0.0000 | abs_local_nav_reward=0.0000 | context_neighbors_mean=2.02 | context_neighbors_max=4 | last_context_neighbors_mean=0.00 | last_context_neighbors_max=0 | actor_unlocked=1 | expl_noise=0.0700 | replay=39458 | interaction_replay=17396 | samples/sec=6.036
Episode 487 complete | agent_samples=39614 | env_steps=16165 | episode_env_steps=94 | episode_agent_samples=156 | mean_reward=81.436 | success=4/5 | collision=1/5 | mean_final_distance=0.330 | mean_progress=0.0102 | min_laser=0.346 | mean_lin=0.801 | mean_ang=-0.211 | mean_robot_dist=1.247 | raw_reward=20.000 | adjusted_reward=20.000 | coop_agents=0/5 | mean_coop_neighbors=0.00 | active_neighbor_step_rate=0.468 | mean_active_neighbors_step=0.936 | max_active_neighbors_step=4 | interaction_reward=0.0000 | abs_interaction_reward=0.0000 | anti_stag_reward=0.0000 | abs_anti_stag_reward=0.0000 | wall_clear_reward=0.0000 | abs_wall_clear_reward=0.0000 | local_nav_reward=0.0000 | abs_local_nav_reward=0.0000 | context_neighbors_mean=0.99 | context_neighbors_max=4 | last_context_neighbors_mean=0.00 | last_context_neighbors_max=0 | actor_unlocked=1 | expl_noise=0.0699 | replay=39614 | interaction_replay=17464 | samples/sec=6.041
Episode 488 complete | agent_samples=39669 | env_steps=16182 | episode_env_steps=17 | episode_agent_samples=55 | mean_reward=119.197 | success=5/5 | collision=0/5 | mean_final_distance=0.247 | mean_progress=0.0200 | min_laser=0.580 | mean_lin=0.996 | mean_ang=0.190 | mean_robot_dist=2.481 | raw_reward=20.000 | adjusted_reward=20.000 | coop_agents=0/5 | mean_coop_neighbors=0.00 | active_neighbor_step_rate=0.800 | mean_active_neighbors_step=1.782 | max_active_neighbors_step=4 | interaction_reward=0.0000 | abs_interaction_reward=0.0000 | anti_stag_reward=0.0000 | abs_anti_stag_reward=0.0000 | wall_clear_reward=0.0000 | abs_wall_clear_reward=0.0000 | local_nav_reward=0.0000 | abs_local_nav_reward=0.0000 | context_neighbors_mean=1.82 | context_neighbors_max=4 | last_context_neighbors_mean=0.00 | last_context_neighbors_max=0 | actor_unlocked=1 | expl_noise=0.0699 | replay=39669 | interaction_replay=17480 | samples/sec=6.046
Episode 489 complete | agent_samples=39819 | env_steps=16255 | episode_env_steps=73 | episode_agent_samples=150 | mean_reward=120.628 | success=5/5 | collision=0/5 | mean_final_distance=0.257 | mean_progress=0.0116 | min_laser=0.409 | mean_lin=0.859 | mean_ang=-0.599 | mean_robot_dist=1.882 | raw_reward=20.000 | adjusted_reward=20.000 | coop_agents=0/5 | mean_coop_neighbors=0.00 | active_neighbor_step_rate=0.587 | mean_active_neighbors_step=0.913 | max_active_neighbors_step=4 | interaction_reward=0.0000 | abs_interaction_reward=0.0000 | anti_stag_reward=0.0000 | abs_anti_stag_reward=0.0000 | wall_clear_reward=0.0000 | abs_wall_clear_reward=0.0000 | local_nav_reward=0.0000 | abs_local_nav_reward=0.0000 | context_neighbors_mean=0.93 | context_neighbors_max=4 | last_context_neighbors_mean=0.00 | last_context_neighbors_max=0 | actor_unlocked=1 | expl_noise=0.0698 | replay=39819 | interaction_replay=17505 | samples/sec=6.055
Episode 490 complete | agent_samples=39887 | env_steps=16276 | episode_env_steps=21 | episode_agent_samples=68 | mean_reward=43.773 | success=3/5 | collision=2/5 | mean_final_distance=0.731 | mean_progress=0.0211 | min_laser=0.301 | mean_lin=0.998 | mean_ang=0.570 | mean_robot_dist=2.327 | raw_reward=20.000 | adjusted_reward=20.000 | coop_agents=0/5 | mean_coop_neighbors=0.00 | active_neighbor_step_rate=0.706 | mean_active_neighbors_step=1.485 | max_active_neighbors_step=4 | interaction_reward=0.0000 | abs_interaction_reward=0.0000 | anti_stag_reward=0.0000 | abs_anti_stag_reward=0.0000 | wall_clear_reward=0.0000 | abs_wall_clear_reward=0.0000 | local_nav_reward=0.0000 | abs_local_nav_reward=0.0000 | context_neighbors_mean=1.54 | context_neighbors_max=4 | last_context_neighbors_mean=0.00 | last_context_neighbors_max=0 | actor_unlocked=1 | expl_noise=0.0698 | replay=39887 | interaction_replay=17528 | samples/sec=6.061
Status | epoch=2 | next_eval_in=113 agent_samples | checkpoint_every=10 episodes | checkpoint=./checkpoints/interaction_oracle_specialist_pilot_s20260724_latest.pt | model=interaction_oracle_specialist_pilot_s20260724
Checkpoint saved: ./checkpoints/interaction_oracle_specialist_pilot_s20260724_latest.pt
Episode 491 complete | agent_samples=39938 | env_steps=16296 | episode_env_steps=20 | episode_agent_samples=51 | mean_reward=40.234 | success=3/5 | collision=2/5 | mean_final_distance=0.968 | mean_progress=0.0152 | min_laser=0.308 | mean_lin=0.997 | mean_ang=0.600 | mean_robot_dist=2.155 | raw_reward=20.000 | adjusted_reward=20.000 | coop_agents=0/5 | mean_coop_neighbors=0.00 | active_neighbor_step_rate=0.784 | mean_active_neighbors_step=2.235 | max_active_neighbors_step=4 | interaction_reward=0.0000 | abs_interaction_reward=0.0000 | anti_stag_reward=0.0000 | abs_anti_stag_reward=0.0000 | wall_clear_reward=0.0000 | abs_wall_clear_reward=0.0000 | local_nav_reward=0.0000 | abs_local_nav_reward=0.0000 | context_neighbors_mean=2.24 | context_neighbors_max=4 | last_context_neighbors_mean=0.00 | last_context_neighbors_max=0 | actor_unlocked=1 | expl_noise=0.0698 | replay=39938 | interaction_replay=17545 | samples/sec=6.063
Episode 492 complete | agent_samples=40036 | env_steps=16345 | episode_env_steps=49 | episode_agent_samples=98 | mean_reward=108.405 | success=5/5 | collision=0/5 | mean_final_distance=0.276 | mean_progress=0.0070 | min_laser=0.458 | mean_lin=0.994 | mean_ang=0.549 | mean_robot_dist=0.766 | raw_reward=20.000 | adjusted_reward=20.000 | coop_agents=0/5 | mean_coop_neighbors=0.00 | active_neighbor_step_rate=0.490 | mean_active_neighbors_step=1.071 | max_active_neighbors_step=4 | interaction_reward=0.0000 | abs_interaction_reward=0.0000 | anti_stag_reward=0.0000 | abs_anti_stag_reward=0.0000 | wall_clear_reward=0.0000 | abs_wall_clear_reward=0.0000 | local_nav_reward=0.0000 | abs_local_nav_reward=0.0000 | context_neighbors_mean=1.09 | context_neighbors_max=4 | last_context_neighbors_mean=0.00 | last_context_neighbors_max=0 | actor_unlocked=1 | expl_noise=0.0698 | replay=40036 | interaction_replay=17595 | samples/sec=6.068
Validating multi-agent policy at agent_samples=40036 env_steps=16345
Manifest switched: strong-interaction-curriculum-validation-v1 | scenarios=140 | sampling=cycle | path=/home/jiutian/Local-Critic-Multi-Robot-Navigation-gate/experiments/04_保留专门化/05_论文主线/datasets/fixed_v1/views/strong_interaction_curriculum_v1/validation.json.gz
Validation progress | epoch=2 | episodes=10/140 | success_rate=0.800 | collision_rate=0.200 | full_success_rate=0.400 | timeout_rate=0.000
Validation progress | epoch=2 | episodes=20/140 | success_rate=0.780 | collision_rate=0.220 | full_success_rate=0.300 | timeout_rate=0.000
Validation progress | epoch=2 | episodes=30/140 | success_rate=0.800 | collision_rate=0.200 | full_success_rate=0.367 | timeout_rate=0.000
Validation progress | epoch=2 | episodes=40/140 | success_rate=0.790 | collision_rate=0.210 | full_success_rate=0.350 | timeout_rate=0.000
Validation progress | epoch=2 | episodes=50/140 | success_rate=0.800 | collision_rate=0.200 | full_success_rate=0.380 | timeout_rate=0.000
Validation progress | epoch=2 | episodes=60/140 | success_rate=0.800 | collision_rate=0.200 | full_success_rate=0.383 | timeout_rate=0.000
Validation progress | epoch=2 | episodes=70/140 | success_rate=0.814 | collision_rate=0.186 | full_success_rate=0.414 | timeout_rate=0.000
Validation progress | epoch=2 | episodes=80/140 | success_rate=0.812 | collision_rate=0.188 | full_success_rate=0.400 | timeout_rate=0.000
Validation progress | epoch=2 | episodes=90/140 | success_rate=0.827 | collision_rate=0.173 | full_success_rate=0.433 | timeout_rate=0.000
Validation progress | epoch=2 | episodes=100/140 | success_rate=0.826 | collision_rate=0.174 | full_success_rate=0.440 | timeout_rate=0.000
Validation progress | epoch=2 | episodes=110/140 | success_rate=0.825 | collision_rate=0.175 | full_success_rate=0.436 | timeout_rate=0.000
Validation progress | epoch=2 | episodes=120/140 | success_rate=0.828 | collision_rate=0.172 | full_success_rate=0.442 | timeout_rate=0.000
Validation progress | epoch=2 | episodes=130/140 | success_rate=0.832 | collision_rate=0.168 | full_success_rate=0.462 | timeout_rate=0.000
Validation progress | epoch=2 | episodes=140/140 | success_rate=0.834 | collision_rate=0.166 | full_success_rate=0.471 | timeout_rate=0.000
..............................................
Multi-Agent Eval Epoch 2 | avg_reward=84.011 | success_rate=0.834 | collision_rate=0.166 | unresolved_rate=0.000 | full_success_rate=0.471 | timeout_episode_rate=0.000 | avg_env_steps=32.6 | avg_final_distance=0.298
Eval success_hist 0..N: [0, 0, 1, 40, 33, 66]
Eval collision_hist 0..N: [66, 33, 40, 1, 0, 0]
Eval oracle strong-actor activation rate: 0.4404 (5227/11868 agent steps)
Eval interaction stratum | band=close | episodes=40 | success_rate=0.890 | collision_rate=0.110 | unresolved_rate=0.000 | full_success_rate=0.575 | timeout_rate=0.000 | avg_steps=29.5
Eval interaction stratum | band=deep | episodes=60 | success_rate=0.727 | collision_rate=0.273 | unresolved_rate=0.000 | full_success_rate=0.200 | timeout_rate=0.000 | avg_steps=30.9
Eval interaction stratum | band=margin | episodes=40 | success_rate=0.940 | collision_rate=0.060 | unresolved_rate=0.000 | full_success_rate=0.775 | timeout_rate=0.000 | avg_steps=38.5
..............................................
Manifest switched: strong-interaction-stage2-train-v1 | scenarios=640 | sampling=random | path=/home/jiutian/Local-Critic-Multi-Robot-Navigation-gate/experiments/04_保留专门化/05_论文主线/datasets/fixed_v1/views/strong_interaction_curriculum_v1/stage2_train.json.gz
Epoch model snapshot saved: interaction_oracle_specialist_pilot_s20260724_epoch_002
Checkpoint saved: ./checkpoints/interaction_oracle_specialist_pilot_s20260724_latest.pt
Next epoch will start from 3. Resume keeps this counter in ./checkpoints/interaction_oracle_specialist_pilot_s20260724_latest.pt
Max epochs reached | completed_epochs=2 | max_epochs=2
Training stopped after reaching configured max epochs.
已终止
7.696126927, 0.884000000]: DiffDrive(ns = /r2/): Subscribe to cmd_vel
[INFO] [1784886827.795864058, 0.884000000]: DiffDrive(ns = /r2/): Advertise odom on odom 
[INFO] [1784886828.325589067, 0.884000000]: GazeboRosJointStatePublisher is going to publish joint: chassis_swivel_joint
[INFO] [1784886828.328987325, 0.884000000]: GazeboRosJointStatePublisher is going to publish joint: swivel_wheel_joint
[INFO] [1784886828.328993567, 0.884000000]: GazeboRosJointStatePublisher is going to publish joint: left_hub_joint
[INFO] [1784886828.328997295, 0.884000000]: GazeboRosJointStatePublisher is going to publish joint: right_hub_joint
[INFO] [1784886828.329000934, 0.884000000]: Starting GazeboRosJointStatePublisher Plugin (ns = /r2/)!, parent name: r2
[INFO] [1784887066.201611846, 0.886000000]: Laser Plugin: The 'robotNamespace' param was empty
[INFO] [1784887066.203550286, 0.886000000]: Starting Laser Plugin (ns = r4)
[INFO] [1784887066.211104369, 0.886000000]: Laser Plugin (ns = r4)  <tf_prefix_>, set to ""
[INFO] [1784887066.962808480, 0.886000000]: Velodyne laser plugin missing <min_intensity>, defaults to no clipping
[INFO] [1784887066.964454641, 0.886000000]: Velodyne laser plugin ready, 16 lasers
[INFO] [1784887066.981623988, 0.886000000]: Starting plugin DiffDrive(ns = /r4/)
[DEBUG] [1784887066.981648608, 0.886000000]: DiffDrive(ns = /r4/): <rosDebugLevel> = Debug
[INFO] [1784887066.981669110, 0.886000000]: DiffDrive(ns = /r4/): <rosDebugLevel> = Debug
[INFO] [1784887066.982019454, 0.886000000]: DiffDrive(ns = /r4/): <tf_prefix> = 
[DEBUG] [1784887066.982033125, 0.886000000]: DiffDrive(ns = /r4/): <commandTopic> = cmd_vel
[DEBUG] [1784887066.982043367, 0.886000000]: DiffDrive(ns = /r4/): <odometryTopic> = odom
[DEBUG] [1784887066.982052998, 0.886000000]: DiffDrive(ns = /r4/): <odometryFrame> = odom
[DEBUG] [1784887066.982062242, 0.886000000]: DiffDrive(ns = /r4/): <robotBaseFrame> = base_link
[DEBUG] [1784887066.982072551, 0.886000000]: DiffDrive(ns = /r4/): <publishWheelTF> = false
[DEBUG] [1784887066.982082025, 0.886000000]: DiffDrive(ns = /r4/): <publishOdomTF> = false
[DEBUG] [1784887066.982091769, 0.886000000]: DiffDrive(ns = /r4/): <publishWheelJointState> = false
[DEBUG] [1784887066.982111326, 0.886000000]: DiffDrive(ns = /r4/): <wheelSeparation> = 0.29999999999999999
[DEBUG] [1784887066.982123280, 0.886000000]: DiffDrive(ns = /r4/): <wheelDiameter> = 0.17999999999999999
[DEBUG] [1784887066.982134740, 0.886000000]: DiffDrive(ns = /r4/): <wheelAcceleration> = 1.8
[DEBUG] [1784887066.982146521, 0.886000000]: DiffDrive(ns = /r4/): <wheelTorque> = 20
[DEBUG] [1784887066.982157566, 0.886000000]: DiffDrive(ns = /r4/): <updateRate> = 50
[DEBUG] [1784887066.982169797, 0.886000000]: DiffDrive(ns = /r4/): <odometrySource> = world := 1
[DEBUG] [1784887066.982179475, 0.886000000]: DiffDrive(ns = /r4/): <leftJoint> = left_hub_joint
[DEBUG] [1784887066.982189523, 0.886000000]: DiffDrive(ns = /r4/): <rightJoint> = right_hub_joint
[INFO] [1784887066.983602121, 0.886000000]: DiffDrive(ns = /r4/): Try to subscribe to cmd_vel
[INFO] [1784887066.984854258, 0.886000000]: DiffDrive(ns = /r4/): Subscribe to cmd_vel
[INFO] [1784887066.985105730, 0.886000000]: DiffDrive(ns = /r4/): Advertise odom on odom 
[INFO] [1784887066.986088163, 0.886000000]: GazeboRosJointStatePublisher is going to publish joint: chassis_swivel_joint
[INFO] [1784887066.986100771, 0.886000000]: GazeboRosJointStatePublisher is going to publish joint: swivel_wheel_joint
[INFO] [1784887066.986111167, 0.886000000]: GazeboRosJointStatePublisher is going to publish joint: left_hub_joint
[INFO] [1784887066.986119084, 0.886000000]: GazeboRosJointStatePublisher is going to publish joint: right_hub_joint
[INFO] [1784887066.986126042, 0.886000000]: Starting GazeboRosJointStatePublisher Plugin (ns = /r4/)!, parent name: r4
Error in XmlRpcClient::writeRequest: write error (Connection refused).
Error in XmlRpcDispatch::work: couldn't find source iterator
Error in XmlRpcClient::writeRequest: write error (Connection refused).
Error in XmlRpcDispatch::work: couldn't find source iterator
Error in XmlRpcClient::writeRequest: write error (Connection refused).
Error in XmlRpcDispatch::work: couldn't find source iterator
Error in XmlRpcClient::writeRequest: write error (Connection refused).
Error in XmlRpcDispatch::work: couldn't find source iterator
Error in XmlRpcClient::writeRequest: write error (Connection refused).
Error in XmlRpcDispatch::work: couldn't find source iterator
... logging to /home/jiutian/.ros/log/8985cf4e-8744-11f1-a719-79b7e70ca52d/roslaunch-JiuTian-AI4090-2558879.log
Checking log directory for disk usage. This may take a while.
Press Ctrl-C to interrupt
Done checking log file disk usage. Usage is <1GB.
]2;roscore
[1mstarted roslaunch server http://localhost:33849/[0m
ros_comm version 1.17.4


SUMMARY
========

PARAMETERS
 * /rosdistro: noetic
 * /rosversion: 1.17.4

NODES

auto-starting new master
[1mprocess[master]: started with pid [2558889][0m
[1mROS_MASTER_URI=http://localhost:13003/[0m
]2;roscore http://localhost:13003/
[1msetting /run_id to 8985cf4e-8744-11f1-a719-79b7e70ca52d[0m
[1mprocess[rosout-1]: started with pid [2558899][0m
started core service [/rosout]
[rosout-1] killing on exit
[master] killing on exit
shutting down processing monitor...
... shutting down processing monitor complete
[1mdone[0m
... logging to /home/jiutian/.ros/log/8985cf4e-8744-11f1-a719-79b7e70ca52d/roslaunch-JiuTian-AI4090-2558904.log
Checking log directory for disk usage. This may take a while.
Press Ctrl-C to interrupt
Done checking log file disk usage. Usage is <1GB.
]2;/home/jiutian/Local-Critic-Multi-Robot-Navigation-gate/TD3/assets/multi_robot_scenario_strong_interaction_pilot_5.launch
[1mstarted roslaunch server http://localhost:37061/[0m

SUMMARY
========

PARAMETERS
 * /robot_description_r1: <?xml version="1....
 * /robot_description_r2: <?xml version="1....
 * /robot_description_r3: <?xml version="1....
 * /robot_description_r4: <?xml version="1....
 * /robot_description_r5: <?xml version="1....
 * /rosdistro: noetic
 * /rosversion: 1.17.4
 * /use_sim_time: True

NODES
  /
    gazebo (gazebo_ros/gzserver)
    urdf_spawner_r1 (gazebo_ros/spawn_model)
    urdf_spawner_r2 (gazebo_ros/spawn_model)
    urdf_spawner_r3 (gazebo_ros/spawn_model)
    urdf_spawner_r4 (gazebo_ros/spawn_model)
    urdf_spawner_r5 (gazebo_ros/spawn_model)

[1mROS_MASTER_URI=http://localhost:13003/[0m
]2;/home/jiutian/Local-Critic-Multi-Robot-Navigation-gate/TD3/assets/multi_robot_scenario_strong_interaction_pilot_5.launch http://localhost:13003/
[1mprocess[gazebo-1]: started with pid [2559099][0m
[1mprocess[urdf_spawner_r1-2]: started with pid [2559102][0m
[1mprocess[urdf_spawner_r2-3]: started with pid [2559105][0m
[1mprocess[urdf_spawner_r3-4]: started with pid [2559106][0m
[1mprocess[urdf_spawner_r4-5]: started with pid [2559107][0m
[1mprocess[urdf_spawner_r5-6]: started with pid [2559108][0m
[1m[urdf_spawner_r3-4] process has finished cleanly
log file: /home/jiutian/.ros/log/8985cf4e-8744-11f1-a719-79b7e70ca52d/urdf_spawner_r3-4*.log[0m
[1m[urdf_spawner_r1-2] process has finished cleanly
log file: /home/jiutian/.ros/log/8985cf4e-8744-11f1-a719-79b7e70ca52d/urdf_spawner_r1-2*.log[0m
[1m[urdf_spawner_r5-6] process has finished cleanly
log file: /home/jiutian/.ros/log/8985cf4e-8744-11f1-a719-79b7e70ca52d/urdf_spawner_r5-6*.log[0m
[1m[urdf_spawner_r2-3] process has finished cleanly
log file: /home/jiutian/.ros/log/8985cf4e-8744-11f1-a719-79b7e70ca52d/urdf_spawner_r2-3*.log[0m
[1m[urdf_spawner_r4-5] process has finished cleanly
log file: /home/jiutian/.ros/log/8985cf4e-8744-11f1-a719-79b7e70ca52d/urdf_spawner_r4-5*.log[0m
[gazebo-1] killing on exit
shutting down processing monitor...
... shutting down processing monitor complete
[1mdone[0m
