Activated DRL robot navigation Python environment.
Python: Python 3.8.10
Venv: /home/jiutian/venvs/drl-robot-nav
Fixed manifest enabled: 640 scenarios loaded
Roscore launched!
Unable to register with master node [http://localhost:13003]: master may not be running yet. Will keep trying.
Gazebo launched!
[INFO] [1785000085.655663, 0.000000]: Loading model XML from ros parameter robot_description_r2
[INFO] [1785000085.658031, 0.000000]: Waiting for service /gazebo/spawn_urdf_model
[INFO] [1785000085.962041, 0.377000]: Calling service /gazebo/spawn_urdf_model
[INFO] [1785000086.871401, 0.575000]: Spawn status: SpawnModel: Successfully spawned entity
[WARN] [1785000086.988540377, 0.575000000]: GazeboRosDiffDrive Plugin (ns = ) missing <publishTf>, defaults to 1
[INFO] [1785000085.664554613]: Finished loading Gazebo ROS API Plugin.
[INFO] [1785000085.665097395]: waitForService: Service [/gazebo/set_physics_properties] has not been advertised, waiting...
[INFO] [1785000085.786862665, 0.207000000]: waitForService: Service [/gazebo/set_physics_properties] is now available.
[INFO] [1785000085.791794078, 0.212000000]: Physics dynamic reconfigure ready.
[INFO] [1785000086.266890077, 0.575000000]: Laser Plugin: The 'robotNamespace' param was empty
[INFO] [1785000086.266908415, 0.575000000]: Starting Laser Plugin (ns = r2)
[INFO] [1785000086.267405139, 0.575000000]: Laser Plugin (ns = r2)  <tf_prefix_>, set to ""
[INFO] [1785000086.871385797, 0.575000000]: Velodyne laser plugin missing <min_intensity>, defaults to no clipping
[INFO] [1785000086.872455938, 0.575000000]: Velodyne laser plugin ready, 16 lasers
[INFO] [1785000086.987278176, 0.575000000]: Starting plugin DiffDrive(ns = /r2/)
[INFO] [1785000086.987411860, 0.575000000]: DiffDrive(ns = /r2/): <rosDebugLevel> = Debug
[INFO] [1785000086.988043874, 0.575000000]: DiffDrive(ns = /r2/): <tf_prefix> = 
[DEBUG] [1785000086.988109751, 0.575000000]: DiffDrive(ns = /r2/): <commandTopic> = cmd_vel
[DEBUG] [1785000086.988124789, 0.575000000]: DiffDrive(ns = /r2/): <odometryTopic> = odom
[DEBUG] [1785000086.988140172, 0.575000000]: DiffDrive(ns = /r2/): <odometryFrame> = odom
[DEBUG] [1785000086.988156154, 0.575000000]: DiffDrive(ns = /r2/): <robotBaseFrame> = base_link
[DEBUG] [1785000086.988211309, 0.575000000]: DiffDrive(ns = /r2/): <publishWheelTF> = false
[DEBUG] [1785000086.988226221, 0.575000000]: DiffDrive(ns = /r2/): <publishOdomTF> = false
[DEBUG] [1785000086.988240075, 0.575000000]: DiffDrive(ns = /r2/): <publishWheelJointState> = false
[DEBUG] [1785000086.988306527, 0.575000000]: DiffDrive(ns = /r2/): <wheelSeparation> = 0.29999999999999999
[DEBUG] [1785000086.988324970, 0.575000000]: DiffDrive(ns = /r2/): <wheelDiameter> = 0.17999999999999999
[DEBUG] [1785000086.988343635, 0.575000000]: DiffDrive(ns = /r2/): <wheelAcceleration> = 1.8
[DEBUG] [1785000086.988361700, 0.575000000]: DiffDrive(ns = /r2/): <wheelTorque> = 20
[DEBUG] [1785000086.988379479, 0.575000000]: DiffDrive(ns = /r2/): <updateRate> = 50
[DEBUG] [1785000086.988461060, 0.575000000]: DiffDrive(ns = /r2/): <odometrySource> = world := 1
[DEBUG] [1785000086.988494908, 0.575000000]: DiffDrive(ns = /r2/): <leftJoint> = left_hub_joint
[DEBUG] [1785000086.988513190, 0.575000000]: DiffDrive(ns = /r2/): <rightJoint> = right_hub_joint
[INFO] [1785000086.989227341, 0.575000000]: DiffDrive(ns = /r2/): Try to subscribe to cmd_vel
[INFO] [1785000086.991033457, 0.575000000]: DiffDrive(ns = /r2/): Subscribe to cmd_vel
[INFO] [1785000086.991446712, 0.575000000]: DiffDrive(ns = /r2/): Advertise odom on odom 
[INFO] [1785000086.998351866, 0.575000000]: GazeboRosJointStatePublisher is going to publish joint: chassis_swivel_joint
[INFO] [1785000086.998363592, 0.575000000]: GazeboRosJointStatePublisher is going to publish joint: swivel_wheel_joint
[INFO] [1785000086.998373440, 0.575000000]: GazeboRosJointStatePublisher is going to publish joint: left_hub_joint
[INFO] [1785000086.998381074, 0.575000000]: GazeboRosJointStatePublisher is going to publish joint: right_hub_joint
[INFO] [1785000086.998389560, 0.575000000]: Starting GazeboRosJointStatePublisher Plugin (ns = /r2/)!, parent name: r2
[DEBUG] [1785000087.031175076, 0.596000000]: Trying to publish message of type [nav_msgs/Odometry/cd5e73d190d741a2f92e81eda573aca7] on a publisher with type [nav_msgs/Odometry/cd5e73d190d741a2f92e81eda573aca7]
[DEBUG] [1785000087.031235327, 0.596000000]: Trying to publish message of type [sensor_msgs/JointState/3066dcd76a6cfaef579bd0f34173e9fd] on a publisher with type [sensor_msgs/JointState/3066dcd76a6cfaef579bd0f34173e9fd]
[INFO] [1785000087.278907652, 0.748000000]: Laser Plugin: The 'robotNamespace' param was empty
[INFO] [1785000087.278924309, 0.748000000]: Starting Laser Plugin (ns = r4)
[INFO] [1785000087.279274426, 0.748000000]: Laser Plugin (ns = r4)  <tf_prefix_>, set to ""
[INFO] [1785000087[WARN] [1785000087.890317002, 0.748000000]: GazeboRosDiffDrive Plugin (ns = ) missing <publishTf>, defaults to 1
[INFO] [1785000085.661003, 0.000000]: Loading model XML from ros parameter robot_description_r4
[INFO] [1785000085.663870, 0.000000]: Waiting for service /gazebo/spawn_urdf_model
[INFO] [1785000085.967767, 0.382000]: Calling service /gazebo/spawn_urdf_model
[INFO] [1785000087.889937, 0.748000]: Spawn status: SpawnModel: Successfully spawned entity
.888010141, 0.748000000]: Velodyne laser plugin missing <min_intensity>, defaults to no clipping
[INFO] [1785000087.888643243, 0.748000000]: Velodyne laser plugin ready, 16 lasers
[INFO] [1785000087.889990255, 0.748000000]: Starting plugin DiffDrive(ns = /r4/)
[DEBUG] [1785000087.889999711, 0.748000000]: DiffDrive(ns = /r4/): <rosDebugLevel> = Debug
[INFO] [1785000087.890009183, 0.748000000]: DiffDrive(ns = /r4/): <rosDebugLevel> = Debug
[INFO] [1785000087.890229742, 0.748000000]: DiffDrive(ns = /r4/): <tf_prefix> = 
[DEBUG] [1785000087.890241279, 0.748000000]: DiffDrive(ns = /r4/): <commandTopic> = cmd_vel
[DEBUG] [1785000087.890246366, 0.748000000]: DiffDrive(ns = /r4/): <odometryTopic> = odom
[DEBUG] [1785000087.890250200, 0.748000000]: DiffDrive(ns = /r4/): <odometryFrame> = odom
[DEBUG] [1785000087.890255345, 0.748000000]: DiffDrive(ns = /r4/): <robotBaseFrame> = base_link
[DEBUG] [1785000087.890260732, 0.748000000]: DiffDrive(ns = /r4/): <publishWheelTF> = false
[DEBUG] [1785000087.890264861, 0.748000000]: DiffDrive(ns = /r4/): <publishOdomTF> = false
[DEBUG] [1785000087.890268898, 0.748000000]: DiffDrive(ns = /r4/): <publishWheelJointState> = false
[DEBUG] [1785000087.890277375, 0.748000000]: DiffDrive(ns = /r4/): <wheelSeparation> = 0.29999999999999999
[DEBUG] [1785000087.890281985, 0.748000000]: DiffDrive(ns = /r4/): <wheelDiameter> = 0.17999999999999999
[DEBUG] [1785000087.890287358, 0.748000000]: DiffDrive(ns = /r4/): <wheelAcceleration> = 1.8
[DEBUG] [1785000087.890292073, 0.748000000]: DiffDrive(ns = /r4/): <wheelTorque> = 20
[DEBUG] [1785000087.890296692, 0.748000000]: DiffDrive(ns = /r4/): <updateRate> = 50
[DEBUG] [1785000087.890301938, 0.748000000]: DiffDrive(ns = /r4/): <odometrySource> = world := 1
[DEBUG] [1785000087.890306748, 0.748000000]: DiffDrive(ns = /r4/): <leftJoint> = left_hub_joint
[DEBUG] [1785000087.890311212, 0.748000000]: DiffDrive(ns = /r4/): <rightJoint> = right_hub_joint
[INFO] [1785000087.890350573, 0.748000000]: DiffDrive(ns = /r4/): Try to subscribe to cmd_vel
[INFO] [1785000087.891387375, 0.748000000]: DiffDrive(ns = /r4/): Subscribe to cmd_vel
[INFO] [1785000087.891513952, 0.748000000]: DiffDrive(ns = /r4/): Advertise odom on odom 
[INFO] [1785000087.891576382, 0.748000000]: GazeboRosJointStatePublisher is going to publish joint: chassis_swivel_joint
[INFO] [1785000087.891580450, 0.748000000]: GazeboRosJointStatePublisher is going to publish joint: swivel_wheel_joint
[INFO] [1785000087.891584488, 0.748000000]: GazeboRosJointStatePublisher is going to publish joint: left_hub_joint
[INFO] [1785000087.891588672, 0.748000000]: GazeboRosJointStatePublisher is going to publish joint: right_hub_joint
[INFO] [1785000087.891591536, 0.748000000]: Starting GazeboRosJointStatePublisher Plugin (ns = /r4/)!, parent name: r4
[INFO] [1785000088.178662242, 0.909000000]: Laser Plugin: The 'robotNamespace' param was empty
[INFO] [1785000088.178685073, 0.909000000]: Starting Laser Plugin (ns = r5)
[INFO] [1785000088.179085510, 0.909000000]: Laser Plugin (ns = r5)  <tf_prefix_>, set to ""
[INFO] [1785000088.788277182, 0.909000000]: Velodyne laser plugin missing <min_intensity>, defaults to no clipping
[INFO] [1785000088.788831754, 0.909000000]: Velodyne laser plugin ready, 16 lasers
[INFO] [1785000088.789522128, 0.909000000]: Starting plugin DiffDrive(ns = /r5/)
[DEBUG] [1785000088.789530974, 0.909000000]: DiffDrive(ns = /r5/): <rosDebugLevel> = Debug
[INFO] [1785000088.789540818, 0.909000000]: DiffDrive(ns = /r5/): <rosDebugLevel> = Debug
[INFO] [1785000088.789800437, 0.909000000]: DiffDrive(ns = /r5/): <tf_prefix> = 
[DEBUG] [1785000088.789810958, 0.909000000]: DiffDrive(ns = /r5/): <commandTopic> = cmd_vel
[DEBUG] [1785000088.789815312, 0.909000000]: DiffDrive(ns = /r5/): <odometryTopic> = odom
[DEBUG] [1785000088.789820632, 0.909000000]: DiffDrive(ns = /r5/): <odometryFrame> = odom
[DEBUG] [1785000088.789824930, 0.909000000]: DiffDrive(ns = /r5/): <robotBaseFrame> = base_link
[DEBUG] [1785000088.789830525, 0.909000000]: DiffDrive(ns = /r5/): <publishWheelTF> = false
[DEBUG] [1785000088.789835511,[WARN] [1785000088.789903207, 0.909000000]: GazeboRosDiffDrive Plugin (ns = ) missing <publishTf>, defaults to 1
[INFO] [1785000085.661089, 0.000000]: Loading model XML from ros parameter robot_description_r5
[INFO] [1785000085.665394, 0.000000]: Waiting for service /gazebo/spawn_urdf_model
[INFO] [1785000085.968356, 0.382000]: Calling service /gazebo/spawn_urdf_model
[INFO] [1785000088.789453, 0.909000]: Spawn status: SpawnModel: Successfully spawned entity
train_velodyne_td3_multi.py:1345: FutureWarning: You are using `torch.load` with `weights_only=False` (the current default value), which uses the default pickle module implicitly. It is possible to construct malicious pickle data which will execute arbitrary code during unpickling (See https://github.com/pytorch/pytorch/blob/main/SECURITY.md#untrusted-models for more details). In a future release, the default value for `weights_only` will be flipped to `True`. This limits the functions that could be executed during unpickling. Arbitrary objects will no longer be allowed to be loaded via this mode unless they are explicitly allowlisted by the user via `torch.serialization.add_safe_globals`. We recommend you start setting `weights_only=True` for any use case where you don't have full control of the loaded file. Please open an issue on GitHub for any issues related to this experimental feature.
  return torch.load(checkpoint_path, map_location="cpu")
[WARN] [1785000089.694117406, 1.071000000]: GazeboRosDiffDrive Plugin (ns = ) missing <publishTf>, defaults to 1
 0.909000000]: DiffDrive(ns = /r5/): <publishOdomTF> = false
[DEBUG] [1785000088.789851988, 0.909000000]: DiffDrive(ns = /r5/): <publishWheelJointState> = false
[DEBUG] [1785000088.789860475, 0.909000000]: DiffDrive(ns = /r5/): <wheelSeparation> = 0.29999999999999999
[DEBUG] [1785000088.789865361, 0.909000000]: DiffDrive(ns = /r5/): <wheelDiameter> = 0.17999999999999999
[DEBUG] [1785000088.789869890, 0.909000000]: DiffDrive(ns = /r5/): <wheelAcceleration> = 1.8
[DEBUG] [1785000088.789874728, 0.909000000]: DiffDrive(ns = /r5/): <wheelTorque> = 20
[DEBUG] [1785000088.789880325, 0.909000000]: DiffDrive(ns = /r5/): <updateRate> = 50
[DEBUG] [1785000088.789886614, 0.909000000]: DiffDrive(ns = /r5/): <odometrySource> = world := 1
[DEBUG] [1785000088.789891462, 0.909000000]: DiffDrive(ns = /r5/): <leftJoint> = left_hub_joint
[DEBUG] [1785000088.789896906, 0.909000000]: DiffDrive(ns = /r5/): <rightJoint> = right_hub_joint
[INFO] [1785000088.789921087, 0.909000000]: DiffDrive(ns = /r5/): Try to subscribe to cmd_vel
[INFO] [1785000088.791187222, 0.909000000]: DiffDrive(ns = /r5/): Subscribe to cmd_vel
[INFO] [1785000088.791313125, 0.909000000]: DiffDrive(ns = /r5/): Advertise odom on odom 
[INFO] [1785000088.791377492, 0.909000000]: GazeboRosJointStatePublisher is going to publish joint: chassis_swivel_joint
[INFO] [1785000088.791382162, 0.909000000]: GazeboRosJointStatePublisher is going to publish joint: swivel_wheel_joint
[INFO] [1785000088.791387133, 0.909000000]: GazeboRosJointStatePublisher is going to publish joint: left_hub_joint
[INFO] [1785000088.791391005, 0.909000000]: GazeboRosJointStatePublisher is going to publish joint: right_hub_joint
[INFO] [1785000088.791394894, 0.909000000]: Starting GazeboRosJointStatePublisher Plugin (ns = /r5/)!, parent name: r5
[INFO] [1785000089.078638550, 1.071000000]: Laser Plugin: The 'robotNamespace' param was empty
[INFO] [1785000089.078652944, 1.071000000]: Starting Laser Plugin (ns = r3)
[INFO] [1785000089.079585988, 1.071000000]: Laser Plugin (ns = r3)  <tf_prefix_>, set to ""
[INFO] [1785000089.692128044, 1.071000000]: Velodyne laser plugin missing <min_intensity>, defaults to no clipping
[INFO] [1785000089.692629380, 1.071000000]: Velodyne laser plugin ready, 16 lasers
[INFO] [1785000089.693587806, 1.071000000]: Starting plugin DiffDrive(ns = /r3/)
[DEBUG] [1785000089.693598938, 1.071000000]: DiffDrive(ns = /r3/): <rosDebugLevel> = Debug
[INFO] [1785000089.693609036, 1.071000000]: DiffDrive(ns = /r3/): <rosDebugLevel> = Debug
[INFO] [1785000089.694029329, 1.071000000]: DiffDrive(ns = /r3/): <tf_prefix> = 
[DEBUG] [1785000089.694040302, 1.071000000]: DiffDrive(ns = /r3/): <commandTopic> = cmd_vel
[DEBUG] [1785000089.694044831, 1.071000000]: DiffDrive(ns = /r3/): <odometryTopic> = odom
[DEBUG] [1785000089.694049397, 1.071000000]: DiffDrive(ns = /r3/): <odometryFrame> = odom
[DEBUG] [1785000089.694053905, 1.071000000]: DiffDrive(ns = /r3/): <robotBaseFrame> = base_link
[DEBUG] [1785000089.694058863, 1.071000000]: DiffDrive(ns = /r3/): <publishWheelTF> = false
[DEBUG] [1785000089.694063296, 1.071000000]: DiffDrive(ns = /r3/): <publishOdomTF> = false
[DEBUG] [1785000089.694067561, 1.071000000]: DiffDrive(ns = /r3/): <publishWheelJointState> = false
[DEBUG] [1785000089.694076232, 1.071000000]: DiffDrive(ns = /r3/): <wheelSeparation> = 0.29999999999999999
[DEBUG] [1785000089.694081458, 1.071000000]: DiffDrive(ns = /r3/): <wheelDiameter> = 0.17999999999999999
[DEBUG] [1785000089.694086443, 1.071000000]: DiffDrive(ns = /r3/): <wheelAcceleration> = 1.8
[DEBUG] [1785000089.694091292, 1.071000000]: DiffDrive(ns = /r3/): <wheelTorque> = 20
[DEBUG] [1785000089.694095951, 1.071000000]: DiffDrive(ns = /r3/): <updateRate> = 50
[DEBUG] [1785000089.694102147, 1.071000000]: DiffDrive(ns = /r3/): <odometrySource> = world := 1
[DEBUG] [1785000089.694106171, 1.071000000]: DiffDrive(ns = /r3/): <leftJoint> = left_hub_joint
[DEBUG] [1785000089.694111237, 1.071000000]: DiffDrive(ns = /r3/): <rightJoint> = right_hub_joint
[INFO] [1785000089.694138072, 1.071000000]: DiffDrive(ns = /r3/): Try to subscribe to[INFO] [1785000085.660932, 0.000000]: Loading model XML from ros parameter robot_description_r3
[INFO] [1785000085.663847, 0.000000]: Waiting for service /gazebo/spawn_urdf_model
[INFO] [1785000085.967991, 0.382000]: Calling service /gazebo/spawn_urdf_model
[INFO] [1785000089.693530, 1.071000]: Spawn status: SpawnModel: Successfully spawned entity
Resumed multi-agent training from checkpoint: ./checkpoints/interaction_focused_actor_5a_init_5d_weak_s20260726_latest.pt
Loaded frozen oracle weak Actor from: ./pytorch_models/TD3_velodyne_multi_v4_curriculum_stage2_to_5d_geo_critic_from_5a_guarded_best_actor.pth
==============================================
Training version: interaction-oracle-specialist-pilot-v6-focused-actor
Training process PID: 581716
Launchfile: multi_robot_scenario_strong_interaction_pilot_5.launch
Scenario mode: manifest
Manifest path: /home/jiutian/Local-Critic-Multi-Robot-Navigation-gate/experiments/04_保留专门化/05_论文主线/datasets/fixed_v1/views/strong_interaction_curriculum_v1/stage2_train.json.gz
Manifest sampling: random
Eval manifest path: /home/jiutian/Local-Critic-Multi-Robot-Navigation-gate/experiments/04_保留专门化/05_论文主线/datasets/fixed_v1/views/strong_interaction_curriculum_v1/validation.json.gz
Seed: 20260724
Device: cuda
GPU: NVIDIA GeForce RTX 4090
Agent names: r1, r2, r3, r4, r5
Cooperative reward: True
Cooperative reward mode: average
Cooperative reward self weight: 0.8
Distance-weighted reward: True
Distance reward sigma: 2.0
Interaction safe distance: 1.2
Interaction close penalty: 0.5
Interaction stagnation penalty: 0.05
Anti-stagnation reward: False
Anti-stagnation penalty: 0.2
Anti-stagnation linear threshold: 0.05
Anti-stagnation progress threshold: 0.005
Anti-stagnation min laser: 0.35
Forward reward weight: 0.0
Base stagnation penalty weight: 0.0
Wall-clearance reward: False
Wall-clearance safe distance: 0.75
Wall-clearance penalty: 1.5
Wall-clearance speed weight: 0.8
Wall-clearance turn weight: 0.4
Robot safe distance: 1.2
Robot proximity penalty weight: 5.0
Robot proximity speed penalty weight: 10.0
Robot clearance reward weight: 20.0
Robot clearance reward max gain: 0.1
Local-navigation reward: False
Local-navigation heading weight: 0.4
Local-navigation wrong-way penalty: 0.25
Local-navigation turn weight: 0.25
Local-navigation near-goal distance: 0.9
Local-navigation heading error: 0.5
Local critic enabled: True
Local critic geometry only: False
Local critic context mode: ego_motion
Active neighbors only: True
Actor state dim: 24
Critic state dim: 87
Local critic max neighbors: 9
Local critic context dim: 63
Best metric: full_success
Eval episodes: 140
Eval frequency agent samples: 20000
Eval protocol ID: eval-v1|scenario=manifest|episodes=140|max_steps=300|manifest_sha256=3b2646a842b777f8c60dca4c452cb78eb3a223ffe59139b8501797aa1d23d583|sampling=cycle|oracle_interaction_distance=2.000
Max epochs: 2
Actor learning rate: 1e-06
Actor train mode: full
Oracle interaction rollout: True
Oracle weak Actor: TD3_velodyne_multi_v4_curriculum_stage2_to_5d_geo_critic_from_5a_guarded_best
Oracle interaction distance: 2.0
Actor interaction-only updates: True
Critic interaction fraction: 0.75
Actor gradient gate: True
Actor gradient safety distance: 1.2
Actor gradient gate batch size: 512
Actor gradient gate min samples: 32
Critic safety ranking weight: 5.0
Critic safety ranking distance: 1.0
Critic safety ranking min closing speed: 0.1
Critic safety ranking linear delta: 0.4
Critic safety ranking margin: 0.1
Safety-focused Actor updates: True
Actor safety candidate batch size: 256
Actor safety min samples: 16
Actor safety distance: 1.0
Actor safety min closing speed: 0.1
Actor angular anchor weight: 2.0
Actor trainable parameters: 501802/501802
Critic learning rate: 8e-05
Actor update delay steps: 21000
Policy freq: 2
Actor anchor weight: 0.0
Actor Q normalization alpha: 0.0
Exploration noise: 0.07584999999997281
Critic warmup exploration noise: 0.3
Exploration min: 0.03
Exploration decay steps: 80000
Exploration decay unit: environment steps
TensorBoard log dir: runs/multi_coop_Jul26_00-53-34_JiuTian-AI4090
Checkpoint path: ./checkpoints/interaction_focused_actor_5a_init_5d_weak_s20260726_latest.pt
Best checkpoint path: ./checkpoints/interaction_focused_actor_5a_init_5d_weak_s20260726_best.pt
Model prefix: interaction_focused_actor_5a_init_5d_weak_s20260726
Checkpoint interval episodes: 10
Resume mode: True
Starting agent samples: 15767
Starting env steps: 6640
Starting epoch: 1
==============================================
[INFO] [1785000085.666552, 0.000000]: Loading model XML from ros parameter robot_description_r1
[INFO] [1785000085.668898, 0.000000]: Waiting for service /gazebo/spawn_urdf_model
[INFO] [1785000085.972300, 0.387000]: Calling service /gazebo/spawn_urdf_model
[INFO] [1785000090.592281, 1.219000]: Spawn status: SpawnModel: Successfully spawned entity
[WARN] [1785000090.694242298, 1.219000000]: GazeboRosDiffDrive Plugin (ns = ) missing <publishTf>, defaults to 1
Episode 191 complete | agent_samples=15848 | env_steps=6675 | episode_env_steps=35 | episode_agent_samples=81 | mean_reward=22.372 | success=3/5 | collision=2/5 | mean_final_distance=0.340 | mean_progress=-0.0000 | min_laser=0.316 | mean_lin=0.540 | mean_ang=0.181 | mean_robot_dist=inf | raw_reward=-20.000 | adjusted_reward=-20.000 | coop_agents=0/5 | mean_coop_neighbors=0.00 | active_neighbor_step_rate=0.741 | mean_active_neighbors_step=1.827 | max_active_neighbors_step=4 | interaction_reward=0.0000 | abs_interaction_reward=0.0000 | anti_stag_reward=0.0000 | abs_anti_stag_reward=0.0000 | wall_clear_reward=0.0000 | abs_wall_clear_reward=0.0000 | local_nav_reward=0.0000 | abs_local_nav_reward=0.0000 | robot_proximity_reward=-0.8609 | abs_robot_proximity_reward=0.8609 | robot_clearance_reward=0.0494 | context_neighbors_mean=1.86 | context_neighbors_max=4 | last_context_neighbors_mean=0.00 | last_context_neighbors_max=0 | actor_unlocked=0 | expl_noise=0.0758 | replay=15848 | interaction_replay=7023 | samples/sec=1847.796
Episode 192 complete | agent_samples=15971 | env_steps=6738 | episode_env_steps=63 | episode_agent_samples=123 | mean_reward=26.476 | success=3/5 | collision=2/5 | mean_final_distance=0.359 | mean_progress=0.0157 | min_laser=0.300 | mean_lin=0.770 | mean_ang=0.226 | mean_robot_dist=inf | raw_reward=20.000 | adjusted_reward=20.000 | coop_agents=0/5 | mean_coop_neighbors=0.00 | active_neighbor_step_rate=0.626 | mean_active_neighbors_step=1.065 | max_active_neighbors_step=4 | interaction_reward=0.0000 | abs_interaction_reward=0.0000 | anti_stag_reward=0.0000 | abs_anti_stag_reward=0.0000 | wall_clear_reward=0.0000 | abs_wall_clear_reward=0.0000 | local_nav_reward=0.0000 | abs_local_nav_reward=0.0000 | robot_proximity_reward=-0.3922 | abs_robot_proximity_reward=0.3922 | robot_clearance_reward=0.0000 | context_neighbors_mean=1.08 | context_neighbors_max=4 | last_context_neighbors_mean=0.00 | last_context_neighbors_max=0 | actor_unlocked=0 | expl_noise=0.0758 | replay=15971 | interaction_replay=7084 | samples/sec=717.170
Episode 193 complete | agent_samples=16123 | env_steps=6777 | episode_env_steps=39 | episode_agent_samples=152 | mean_reward=124.708 | success=5/5 | collision=0/5 | mean_final_distance=0.228 | mean_progress=0.0212 | min_laser=0.569 | mean_lin=1.000 | mean_ang=-0.279 | mean_robot_dist=inf | raw_reward=20.000 | adjusted_reward=20.000 | coop_agents=0/5 | mean_coop_neighbors=0.00 | active_neighbor_step_rate=0.467 | mean_active_neighbors_step=1.000 | max_active_neighbors_step=4 | interaction_reward=0.0000 | abs_interaction_reward=0.0000 | anti_stag_reward=0.0000 | abs_anti_stag_reward=0.0000 | wall_clear_reward=0.0000 | abs_wall_clear_reward=0.0000 | local_nav_reward=0.0000 | abs_local_nav_reward=0.0000 | robot_proximity_reward=-0.1413 | abs_robot_proximity_reward=0.1413 | robot_clearance_reward=0.0263 | context_neighbors_mean=1.04 | context_neighbors_max=4 | last_context_neighbors_mean=0.00 | last_context_neighbors_max=0 | actor_unlocked=0 | expl_noise=0.0758 | replay=16123 | interaction_replay=7136 | samples/sec=522.049
Episode 194 complete | agent_samples=16177 | env_steps=6794 | episode_env_steps=17 | episode_agent_samples=54 | mean_reward=73.166 | success=4/5 | collision=1/5 | mean_final_distance=0.397 | mean_progress=0.0169 | min_laser=0.345 | mean_lin=0.916 | mean_ang=0.213 | mean_robot_dist=inf | raw_reward=20.000 | adjusted_reward=20.000 | coop_agents=0/5 | mean_coop_neighbors=0.00 | active_neighbor_step_rate=0.852 | mean_active_neighbors_step=1.889 | max_active_neighbors_step=4 | interaction_reward=0.0000 | abs_interaction_reward=0.0000 | anti_stag_reward=0.0000 | abs_anti_stag_reward=0.0000 | wall_clear_reward=0.0000 | abs_wall_clear_reward=0.0000 | local_nav_reward=0.0000 | abs_local_nav_reward=0.0000 | robot_proximity_reward=-0.5453 | abs_robot_proximity_reward=0.5453 | robot_clearance_reward=0.0805 | context_neighbors_mean=1.94 | context_neighbors_max=4 | last_context_neighbors_mean=0.00 | last_context_neighbors_max=0 | actor_unlocked=0 | expl_noise=0.0758 | replay=16177 | interaction_replay=7180 | samples/sec=466.067
Episode 195 complete | agent_samples=16328 | env_steps=6897 | episode_env_steps=103 | episode_agent_samples=151 | mean_reward=28.259 | success=3/5 | collision=2/5 | mean_final_distance=0.524 | mean_progress=0.0011 | min_laser=0.300 | mean_lin=0.800 | mean_ang=-0.242 | mean_robot_dist=inf | raw_reward=20.000 | adjusted_reward=20.000 | coop_agents=0/5 | mean_coop_neighbors=0.00 | active_neighbor_step_rate=0.325 | mean_active_neighbors_step=0.556 | max_active_neighbors_step=3 | interaction_reward=0.0000 | abs_interaction_reward=0.0000 | anti_stag_reward=0.0000 | abs_anti_stag_reward=0.0000 | wall_clear_reward=0.0000 | abs_wall_clear_reward=0.0000 | local_nav_reward=0.0000 | abs_local_nav_reward=0.0000 | robot_proximity_reward=-0.2172 | abs_robot_proximity_reward=0.2172 | robot_clearance_reward=0.0000 | context_neighbors_mean=0.58 | context_neighbors_max=3 | last_context_neighbors_mean=0.00 | last_context_neighbors_max=0 | actor_unlocked=0 | expl_noise=0.0757 | replay=16328 | interaction_replay=7226 | samples/sec=286.525
Status | epoch=1 | next_eval_in=3672 agent_samples | checkpoint_every=10 episodes | checkpoint=./checkpoints/interaction_focused_actor_5a_init_5d_weak_s20260726_latest.pt | model=interaction_focused_actor_5a_init_5d_weak_s20260726
Episode 196 complete | agent_samples=16416 | env_steps=6922 | episode_env_steps=25 | episode_agent_samples=88 | mean_reward=107.246 | success=5/5 | collision=0/5 | mean_final_distance=0.267 | mean_progress=0.0045 | min_laser=0.913 | mean_lin=0.843 | mean_ang=0.379 | mean_robot_dist=inf | raw_reward=20.000 | adjusted_reward=20.000 | coop_agents=0/5 | mean_coop_neighbors=0.00 | active_neighbor_step_rate=0.705 | mean_active_neighbors_step=1.443 | max_active_neighbors_step=3 | interaction_reward=0.0000 | abs_interaction_reward=0.0000 | anti_stag_reward=0.0000 | abs_anti_stag_reward=0.0000 | wall_clear_reward=0.0000 | abs_wall_clear_reward=0.0000 | local_nav_reward=0.0000 | abs_local_nav_reward=0.0000 | robot_proximity_reward=-0.0088 | abs_robot_proximity_reward=0.0088 | robot_clearance_reward=0.0000 | context_neighbors_mean=1.51 | context_neighbors_max=3 | last_context_neighbors_mean=0.00 | last_context_neighbors_max=0 | actor_unlocked=0 | expl_noise=0.0757 | replay=16416 | interaction_replay=7278 | samples/sec=262.171
Episode 197 complete | agent_samples=16477 | env_steps=6948 | episode_env_steps=26 | episode_agent_samples=61 | mean_reward=-5.608 | success=2/5 | collision=3/5 | mean_final_distance=0.657 | mean_progress=0.0127 | min_laser=0.300 | mean_lin=0.600 | mean_ang=-0.562 | mean_robot_dist=inf | raw_reward=-20.000 | adjusted_reward=-20.000 | coop_agents=0/5 | mean_coop_neighbors=0.00 | active_neighbor_step_rate=0.508 | mean_active_neighbors_step=1.393 | max_active_neighbors_step=4 | interaction_reward=0.0000 | abs_interaction_reward=0.0000 | anti_stag_reward=0.0000 | abs_anti_stag_reward=0.0000 | wall_clear_reward=0.0000 | abs_wall_clear_reward=0.0000 | local_nav_reward=0.0000 | abs_local_nav_reward=0.0000 | robot_proximity_reward=-0.5622 | abs_robot_proximity_reward=0.5622 | robot_clearance_reward=0.0328 | context_neighbors_mean=1.46 | context_neighbors_max=4 | last_context_neighbors_mean=0.00 | last_context_neighbors_max=0 | actor_unlocked=0 | expl_noise=0.0757 | replay=16477 | interaction_replay=7311 | samples/sec=241.147
Episode 198 complete | agent_samples=16541 | env_steps=6977 | episode_env_steps=29 | episode_agent_samples=64 | mean_reward=99.497 | success=5/5 | collision=0/5 | mean_final_distance=0.255 | mean_progress=0.0174 | min_laser=0.508 | mean_lin=0.936 | mean_ang=0.804 | mean_robot_dist=inf | raw_reward=20.000 | adjusted_reward=20.000 | coop_agents=0/5 | mean_coop_neighbors=0.00 | active_neighbor_step_rate=0.641 | mean_active_neighbors_step=1.891 | max_active_neighbors_step=4 | interaction_reward=0.0000 | abs_interaction_reward=0.0000 | anti_stag_reward=0.0000 | abs_anti_stag_reward=0.0000 | wall_clear_reward=0.0000 | abs_wall_clear_reward=0.0000 | local_nav_reward=0.0000 | abs_local_nav_reward=0.0000 | robot_proximity_reward=-0.8432 | abs_robot_proximity_reward=0.8432 | robot_clearance_reward=0.0312 | context_neighbors_mean=1.97 | context_neighbors_max=4 | last_context_neighbors_mean=0.00 | last_context_neighbors_max=0 | actor_unlocked=0 | expl_noise=0.0756 | replay=16541 | interaction_replay=7352 | samples/sec=221.288
Episode 199 complete | agent_samples=16627 | env_steps=7029 | episode_env_steps=52 | episode_agent_samples=86 | mean_reward=23.138 | success=3/5 | collision=2/5 | mean_final_distance=1.039 | mean_progress=0.0023 | min_laser=0.300 | mean_lin=0.714 | mean_ang=-0.811 | mean_robot_dist=inf | raw_reward=20.000 | adjusted_reward=20.000 | coop_agents=0/5 | mean_coop_neighbors=0.00 | active_neighbor_step_rate=0.488 | mean_active_neighbors_step=1.116 | max_active_neighbors_step=4 | interaction_reward=0.0000 | abs_interaction_reward=0.0000 | anti_stag_reward=0.0000 | abs_anti_stag_reward=0.0000 | wall_clear_reward=0.0000 | abs_wall_clear_reward=0.0000 | local_nav_reward=0.0000 | abs_local_nav_reward=0.0000 | robot_proximity_reward=-0.4007 | abs_robot_proximity_reward=0.4007 | robot_clearance_reward=0.0000 | context_neighbors_mean=1.13 | context_neighbors_max=4 | last_context_neighbors_mean=0.00 | last_context_neighbors_max=0 | actor_unlocked=0 | expl_noise=0.0756 | replay=16627 | interaction_replay=7368 | samples/sec=192.956
Episode 200 complete | agent_samples=16705 | env_steps=7064 | episode_env_steps=35 | episode_agent_samples=78 | mean_reward=68.540 | success=4/5 | collision=1/5 | mean_final_distance=0.548 | mean_progress=0.0051 | min_laser=0.339 | mean_lin=0.934 | mean_ang=0.371 | mean_robot_dist=inf | raw_reward=20.000 | adjusted_reward=20.000 | coop_agents=0/5 | mean_coop_neighbors=0.00 | active_neighbor_step_rate=0.641 | mean_active_neighbors_step=1.346 | max_active_neighbors_step=4 | interaction_reward=0.0000 | abs_interaction_reward=0.0000 | anti_stag_reward=0.0000 | abs_anti_stag_reward=0.0000 | wall_clear_reward=0.0000 | abs_wall_clear_reward=0.0000 | local_nav_reward=0.0000 | abs_local_nav_reward=0.0000 | robot_proximity_reward=-0.3813 | abs_robot_proximity_reward=0.3813 | robot_clearance_reward=0.0256 | context_neighbors_mean=1.38 | context_neighbors_max=4 | last_context_neighbors_mean=0.00 | last_context_neighbors_max=0 | actor_unlocked=0 | expl_noise=0.0756 | replay=16705 | interaction_replay=7410 | samples/sec=177.932
Status | epoch=1 | next_eval_in=3295 agent_samples | checkpoint_every=10 episodes | checkpoint=./checkpoints/interaction_focused_actor_5a_init_5d_weak_s20260726_latest.pt | model=interaction_focused_actor_5a_init_5d_weak_s20260726
Checkpoint saved: ./checkpoints/interaction_focused_actor_5a_init_5d_weak_s20260726_latest.pt
Episode 201 complete | agent_samples=16804 | env_steps=7094 | episode_env_steps=30 | episode_agent_samples=99 | mean_reward=111.205 | success=5/5 | collision=0/5 | mean_final_distance=0.266 | mean_progress=0.0119 | min_laser=0.555 | mean_lin=1.000 | mean_ang=-0.104 | mean_robot_dist=inf | raw_reward=20.000 | adjusted_reward=20.000 | coop_agents=0/5 | mean_coop_neighbors=0.00 | active_neighbor_step_rate=0.798 | mean_active_neighbors_step=2.121 | max_active_neighbors_step=4 | interaction_reward=0.0000 | abs_interaction_reward=0.0000 | anti_stag_reward=0.0000 | abs_anti_stag_reward=0.0000 | wall_clear_reward=0.0000 | abs_wall_clear_reward=0.0000 | local_nav_reward=0.0000 | abs_local_nav_reward=0.0000 | robot_proximity_reward=-0.2759 | abs_robot_proximity_reward=0.2759 | robot_clearance_reward=0.0355 | context_neighbors_mean=2.15 | context_neighbors_max=4 | last_context_neighbors_mean=0.00 | last_context_neighbors_max=0 | actor_unlocked=0 | expl_noise=0.0756 | replay=16804 | interaction_replay=7458 | samples/sec=166.550
Episode 202 complete | agent_samples=17201 | env_steps=7394 | episode_env_steps=300 | episode_agent_samples=397 | mean_reward=-26.462 | success=2/5 | collision=2/5 | mean_final_distance=0.943 | mean_progress=-0.0001 | min_laser=0.326 | mean_lin=0.789 | mean_ang=0.593 | mean_robot_dist=inf | raw_reward=-0.098 | adjusted_reward=-0.098 | coop_agents=0/5 | mean_coop_neighbors=0.00 | active_neighbor_step_rate=0.176 | mean_active_neighbors_step=0.345 | max_active_neighbors_step=4 | interaction_reward=0.0000 | abs_interaction_reward=0.0000 | anti_stag_reward=0.0000 | abs_anti_stag_reward=0.0000 | wall_clear_reward=0.0000 | abs_wall_clear_reward=0.0000 | local_nav_reward=0.0000 | abs_local_nav_reward=0.0000 | robot_proximity_reward=-0.1551 | abs_robot_proximity_reward=0.1551 | robot_clearance_reward=0.0000 | context_neighbors_mean=0.35 | context_neighbors_max=4 | last_context_neighbors_mean=0.00 | last_context_neighbors_max=0 | actor_unlocked=0 | expl_noise=0.0754 | replay=17201 | interaction_replay=7470 | samples/sec=103.907
Episode 203 complete | agent_samples=17360 | env_steps=7461 | episode_env_steps=67 | episode_agent_samples=159 | mean_reward=116.454 | success=5/5 | collision=0/5 | mean_final_distance=0.251 | mean_progress=0.0086 | min_laser=0.513 | mean_lin=1.000 | mean_ang=-0.570 | mean_robot_dist=inf | raw_reward=20.000 | adjusted_reward=20.000 | coop_agents=0/5 | mean_coop_neighbors=0.00 | active_neighbor_step_rate=0.579 | mean_active_neighbors_step=1.459 | max_active_neighbors_step=4 | interaction_reward=0.0000 | abs_interaction_reward=0.0000 | anti_stag_reward=0.0000 | abs_anti_stag_reward=0.0000 | wall_clear_reward=0.0000 | abs_wall_clear_reward=0.0000 | local_nav_reward=0.0000 | abs_local_nav_reward=0.0000 | robot_proximity_reward=-0.2184 | abs_robot_proximity_reward=0.2184 | robot_clearance_reward=0.0252 | context_neighbors_mean=1.50 | context_neighbors_max=4 | last_context_neighbors_mean=0.00 | last_context_neighbors_max=0 | actor_unlocked=0 | expl_noise=0.0753 | replay=17360 | interaction_replay=7501 | samples/sec=96.366
Episode 204 complete | agent_samples=17463 | env_steps=7505 | episode_env_steps=44 | episode_agent_samples=103 | mean_reward=68.549 | success=4/5 | collision=1/5 | mean_final_distance=0.540 | mean_progress=0.0036 | min_laser=0.345 | mean_lin=0.791 | mean_ang=-0.098 | mean_robot_dist=inf | raw_reward=20.000 | adjusted_reward=20.000 | coop_agents=0/5 | mean_coop_neighbors=0.00 | active_neighbor_step_rate=0.689 | mean_active_neighbors_step=1.330 | max_active_neighbors_step=4 | interaction_reward=0.0000 | abs_interaction_reward=0.0000 | anti_stag_reward=0.0000 | abs_anti_stag_reward=0.0000 | wall_clear_reward=0.0000 | abs_wall_clear_reward=0.0000 | local_nav_reward=0.0000 | abs_local_nav_reward=0.0000 | robot_proximity_reward=-0.4451 | abs_robot_proximity_reward=0.4451 | robot_clearance_reward=0.0194 | context_neighbors_mean=1.34 | context_neighbors_max=4 | last_context_neighbors_mean=0.00 | last_context_neighbors_max=0 | actor_unlocked=0 | expl_noise=0.0753 | replay=17463 | interaction_replay=7547 | samples/sec=91.993
Episode 205 complete | agent_samples=17519 | env_steps=7529 | episode_env_steps=24 | episode_agent_samples=56 | mean_reward=21.804 | success=3/5 | collision=2/5 | mean_final_distance=0.779 | mean_progress=0.0237 | min_laser=0.303 | mean_lin=0.790 | mean_ang=-0.367 | mean_robot_dist=inf | raw_reward=20.000 | adjusted_reward=20.000 | coop_agents=0/5 | mean_coop_neighbors=0.00 | active_neighbor_step_rate=0.268 | mean_active_neighbors_step=0.571 | max_active_neighbors_step=3 | interaction_reward=0.0000 | abs_interaction_reward=0.0000 | anti_stag_reward=0.0000 | abs_anti_stag_reward=0.0000 | wall_clear_reward=0.0000 | abs_wall_clear_reward=0.0000 | local_nav_reward=0.0000 | abs_local_nav_reward=0.0000 | robot_proximity_reward=-0.7720 | abs_robot_proximity_reward=0.7720 | robot_clearance_reward=0.0000 | context_neighbors_mean=0.59 | context_neighbors_max=3 | last_context_neighbors_mean=0.00 | last_context_neighbors_max=0 | actor_unlocked=0 | expl_noise=0.0753 | replay=17519 | interaction_replay=7557 | samples/sec=89.780
Status | epoch=1 | next_eval_in=2481 agent_samples | checkpoint_every=10 episodes | checkpoint=./checkpoints/interaction_focused_actor_5a_init_5d_weak_s20260726_latest.pt | model=interaction_focused_actor_5a_init_5d_weak_s20260726
Episode 206 complete | agent_samples=17601 | env_steps=7554 | episode_env_steps=25 | episode_agent_samples=82 | mean_reward=111.711 | success=5/5 | collision=0/5 | mean_final_distance=0.248 | mean_progress=0.0192 | min_laser=0.527 | mean_lin=0.986 | mean_ang=-0.600 | mean_robot_dist=inf | raw_reward=20.000 | adjusted_reward=20.000 | coop_agents=0/5 | mean_coop_neighbors=0.00 | active_neighbor_step_rate=0.573 | mean_active_neighbors_step=1.293 | max_active_neighbors_step=4 | interaction_reward=0.0000 | abs_interaction_reward=0.0000 | anti_stag_reward=0.0000 | abs_anti_stag_reward=0.0000 | wall_clear_reward=0.0000 | abs_wall_clear_reward=0.0000 | local_nav_reward=0.0000 | abs_local_nav_reward=0.0000 | robot_proximity_reward=-0.5618 | abs_robot_proximity_reward=0.5618 | robot_clearance_reward=0.0988 | context_neighbors_mean=1.37 | context_neighbors_max=4 | last_context_neighbors_mean=0.00 | last_context_neighbors_max=0 | actor_unlocked=0 | expl_noise=0.0753 | replay=17601 | interaction_replay=7597 | samples/sec=87.707
Episode 207 complete | agent_samples=17682 | env_steps=7588 | episode_env_steps=34 | episode_agent_samples=81 | mean_reward=101.073 | success=5/5 | collision=0/5 | mean_final_distance=0.265 | mean_progress=0.0039 | min_laser=0.576 | mean_lin=0.793 | mean_ang=-0.194 | mean_robot_dist=inf | raw_reward=20.000 | adjusted_reward=20.000 | coop_agents=0/5 | mean_coop_neighbors=0.00 | active_neighbor_step_rate=0.457 | mean_active_neighbors_step=0.889 | max_active_neighbors_step=4 | interaction_reward=0.0000 | abs_interaction_reward=0.0000 | anti_stag_reward=0.0000 | abs_anti_stag_reward=0.0000 | wall_clear_reward=0.0000 | abs_wall_clear_reward=0.0000 | local_nav_reward=0.0000 | abs_local_nav_reward=0.0000 | robot_proximity_reward=-0.4580 | abs_robot_proximity_reward=0.4580 | robot_clearance_reward=0.0267 | context_neighbors_mean=0.93 | context_neighbors_max=4 | last_context_neighbors_mean=0.00 | last_context_neighbors_max=0 | actor_unlocked=0 | expl_noise=0.0753 | replay=17682 | interaction_replay=7618 | samples/sec=84.959
Episode 208 complete | agent_samples=17817 | env_steps=7683 | episode_env_steps=95 | episode_agent_samples=135 | mean_reward=19.698 | success=3/5 | collision=2/5 | mean_final_distance=0.611 | mean_progress=0.0059 | min_laser=0.314 | mean_lin=0.932 | mean_ang=0.126 | mean_robot_dist=inf | raw_reward=20.000 | adjusted_reward=20.000 | coop_agents=0/5 | mean_coop_neighbors=0.00 | active_neighbor_step_rate=0.319 | mean_active_neighbors_step=0.770 | max_active_neighbors_step=4 | interaction_reward=0.0000 | abs_interaction_reward=0.0000 | anti_stag_reward=0.0000 | abs_anti_stag_reward=0.0000 | wall_clear_reward=0.0000 | abs_wall_clear_reward=0.0000 | local_nav_reward=0.0000 | abs_local_nav_reward=0.0000 | robot_proximity_reward=-0.4347 | abs_robot_proximity_reward=0.4347 | robot_clearance_reward=0.0000 | context_neighbors_mean=0.80 | context_neighbors_max=4 | last_context_neighbors_mean=0.00 | last_context_neighbors_max=0 | actor_unlocked=0 | expl_noise=0.0752 | replay=17817 | interaction_replay=7657 | samples/sec=77.930
Episode 209 complete | agent_samples=17898 | env_steps=7719 | episode_env_steps=36 | episode_agent_samples=81 | mean_reward=106.085 | success=5/5 | collision=0/5 | mean_final_distance=0.260 | mean_progress=0.0075 | min_laser=0.417 | mean_lin=0.904 | mean_ang=0.170 | mean_robot_dist=inf | raw_reward=20.000 | adjusted_reward=20.000 | coop_agents=0/5 | mean_coop_neighbors=0.00 | active_neighbor_step_rate=0.654 | mean_active_neighbors_step=1.790 | max_active_neighbors_step=4 | interaction_reward=0.0000 | abs_interaction_reward=0.0000 | anti_stag_reward=0.0000 | abs_anti_stag_reward=0.0000 | wall_clear_reward=0.0000 | abs_wall_clear_reward=0.0000 | local_nav_reward=0.0000 | abs_local_nav_reward=0.0000 | robot_proximity_reward=-1.2437 | abs_robot_proximity_reward=1.2437 | robot_clearance_reward=0.0988 | context_neighbors_mean=1.84 | context_neighbors_max=4 | last_context_neighbors_mean=0.00 | last_context_neighbors_max=0 | actor_unlocked=0 | expl_noise=0.0752 | replay=17898 | interaction_replay=7707 | samples/sec=75.678
Episode 210 complete | agent_samples=18028 | env_steps=7758 | episode_env_steps=39 | episode_agent_samples=130 | mean_reward=111.332 | success=5/5 | collision=0/5 | mean_final_distance=0.252 | mean_progress=0.0059 | min_laser=0.390 | mean_lin=0.996 | mean_ang=0.421 | mean_robot_dist=inf | raw_reward=20.000 | adjusted_reward=20.000 | coop_agents=0/5 | mean_coop_neighbors=0.00 | active_neighbor_step_rate=0.623 | mean_active_neighbors_step=1.354 | max_active_neighbors_step=4 | interaction_reward=0.0000 | abs_interaction_reward=0.0000 | anti_stag_reward=0.0000 | abs_anti_stag_reward=0.0000 | wall_clear_reward=0.0000 | abs_wall_clear_reward=0.0000 | local_nav_reward=0.0000 | abs_local_nav_reward=0.0000 | robot_proximity_reward=-0.6305 | abs_robot_proximity_reward=0.6305 | robot_clearance_reward=0.0466 | context_neighbors_mean=1.41 | context_neighbors_max=4 | last_context_neighbors_mean=0.00 | last_context_neighbors_max=0 | actor_unlocked=0 | expl_noise=0.0752 | replay=18028 | interaction_replay=7791 | samples/sec=73.555
Status | epoch=1 | next_eval_in=1972 agent_samples | checkpoint_every=10 episodes | checkpoint=./checkpoints/interaction_focused_actor_5a_init_5d_weak_s20260726_latest.pt | model=interaction_focused_actor_5a_init_5d_weak_s20260726
Checkpoint saved: ./checkpoints/interaction_focused_actor_5a_init_5d_weak_s20260726_latest.pt
Episode 211 complete | agent_samples=18134 | env_steps=7801 | episode_env_steps=43 | episode_agent_samples=106 | mean_reward=116.723 | success=5/5 | collision=0/5 | mean_final_distance=0.266 | mean_progress=0.0028 | min_laser=0.488 | mean_lin=1.000 | mean_ang=-0.200 | mean_robot_dist=inf | raw_reward=20.000 | adjusted_reward=20.000 | coop_agents=0/5 | mean_coop_neighbors=0.00 | active_neighbor_step_rate=0.632 | mean_active_neighbors_step=1.368 | max_active_neighbors_step=4 | interaction_reward=0.0000 | abs_interaction_reward=0.0000 | anti_stag_reward=0.0000 | abs_anti_stag_reward=0.0000 | wall_clear_reward=0.0000 | abs_wall_clear_reward=0.0000 | local_nav_reward=0.0000 | abs_local_nav_reward=0.0000 | robot_proximity_reward=-0.0217 | abs_robot_proximity_reward=0.0217 | robot_clearance_reward=0.0130 | context_neighbors_mean=1.42 | context_neighbors_max=4 | last_context_neighbors_mean=0.00 | last_context_neighbors_max=0 | actor_unlocked=0 | expl_noise=0.0751 | replay=18134 | interaction_replay=7821 | samples/sec=71.105
Episode 212 complete | agent_samples=18211 | env_steps=7839 | episode_env_steps=38 | episode_agent_samples=77 | mean_reward=20.766 | success=3/5 | collision=2/5 | mean_final_distance=0.415 | mean_progress=0.0070 | min_laser=0.300 | mean_lin=0.608 | mean_ang=-0.317 | mean_robot_dist=inf | raw_reward=20.000 | adjusted_reward=20.000 | coop_agents=0/5 | mean_coop_neighbors=0.00 | active_neighbor_step_rate=0.610 | mean_active_neighbors_step=1.468 | max_active_neighbors_step=4 | interaction_reward=0.0000 | abs_interaction_reward=0.0000 | anti_stag_reward=0.0000 | abs_anti_stag_reward=0.0000 | wall_clear_reward=0.0000 | abs_wall_clear_reward=0.0000 | local_nav_reward=0.0000 | abs_local_nav_reward=0.0000 | robot_proximity_reward=-0.3676 | abs_robot_proximity_reward=0.3676 | robot_clearance_reward=0.0000 | context_neighbors_mean=1.49 | context_neighbors_max=4 | last_context_neighbors_mean=0.00 | last_context_neighbors_max=0 | actor_unlocked=0 | expl_noise=0.0751 | replay=18211 | interaction_replay=7845 | samples/sec=69.162
Episode 213 complete | agent_samples=18280 | env_steps=7859 | episode_env_steps=20 | episode_agent_samples=69 | mean_reward=69.497 | success=4/5 | collision=1/5 | mean_final_distance=0.578 | mean_progress=0.0218 | min_laser=0.330 | mean_lin=0.798 | mean_ang=0.503 | mean_robot_dist=inf | raw_reward=20.000 | adjusted_reward=20.000 | coop_agents=0/5 | mean_coop_neighbors=0.00 | active_neighbor_step_rate=0.797 | mean_active_neighbors_step=1.783 | max_active_neighbors_step=4 | interaction_reward=0.0000 | abs_interaction_reward=0.0000 | anti_stag_reward=0.0000 | abs_anti_stag_reward=0.0000 | wall_clear_reward=0.0000 | abs_wall_clear_reward=0.0000 | local_nav_reward=0.0000 | abs_local_nav_reward=0.0000 | robot_proximity_reward=-0.6020 | abs_robot_proximity_reward=0.6020 | robot_clearance_reward=0.0290 | context_neighbors_mean=1.80 | context_neighbors_max=4 | last_context_neighbors_mean=0.00 | last_context_neighbors_max=0 | actor_unlocked=0 | expl_noise=0.0751 | replay=18280 | interaction_replay=7861 | samples/sec=68.250
Episode 214 complete | agent_samples=18362 | env_steps=7889 | episode_env_steps=30 | episode_agent_samples=82 | mean_reward=11.214 | success=3/5 | collision=2/5 | mean_final_distance=0.777 | mean_progress=0.0051 | min_laser=0.302 | mean_lin=0.744 | mean_ang=-0.152 | mean_robot_dist=inf | raw_reward=20.000 | adjusted_reward=20.000 | coop_agents=0/5 | mean_coop_neighbors=0.00 | active_neighbor_step_rate=0.902 | mean_active_neighbors_step=1.951 | max_active_neighbors_step=4 | interaction_reward=0.0000 | abs_interaction_reward=0.0000 | anti_stag_reward=0.0000 | abs_anti_stag_reward=0.0000 | wall_clear_reward=0.0000 | abs_wall_clear_reward=0.0000 | local_nav_reward=0.0000 | abs_local_nav_reward=0.0000 | robot_proximity_reward=-0.8791 | abs_robot_proximity_reward=0.8791 | robot_clearance_reward=0.0000 | context_neighbors_mean=1.96 | context_neighbors_max=4 | last_context_neighbors_mean=0.00 | last_context_neighbors_max=0 | actor_unlocked=0 | expl_noise=0.0751 | replay=18362 | interaction_replay=7883 | samples/sec=66.898
Episode 215 complete | agent_samples=18424 | env_steps=7914 | episode_env_steps=25 | episode_agent_samples=62 | mean_reward=20.790 | success=3/5 | collision=2/5 | mean_final_distance=0.429 | mean_progress=0.0052 | min_laser=0.307 | mean_lin=0.738 | mean_ang=-0.255 | mean_robot_dist=inf | raw_reward=20.000 | adjusted_reward=20.000 | coop_agents=0/5 | mean_coop_neighbors=0.00 | active_neighbor_step_rate=0.710 | mean_active_neighbors_step=1.435 | max_active_neighbors_step=3 | interaction_reward=0.0000 | abs_interaction_reward=0.0000 | anti_stag_reward=0.0000 | abs_anti_stag_reward=0.0000 | wall_clear_reward=0.0000 | abs_wall_clear_reward=0.0000 | local_nav_reward=0.0000 | abs_local_nav_reward=0.0000 | robot_proximity_reward=-0.9623 | abs_robot_proximity_reward=0.9623 | robot_clearance_reward=0.0000 | context_neighbors_mean=1.45 | context_neighbors_max=3 | last_context_neighbors_mean=0.00 | last_context_neighbors_max=0 | actor_unlocked=0 | expl_noise=0.0751 | replay=18424 | interaction_replay=7928 | samples/sec=65.803
Status | epoch=1 | next_eval_in=1576 agent_samples | checkpoint_every=10 episodes | checkpoint=./checkpoints/interaction_focused_actor_5a_init_5d_weak_s20260726_latest.pt | model=interaction_focused_actor_5a_init_5d_weak_s20260726
Episode 216 complete | agent_samples=18509 | env_steps=7955 | episode_env_steps=41 | episode_agent_samples=85 | mean_reward=114.554 | success=5/5 | collision=0/5 | mean_final_distance=0.247 | mean_progress=0.0050 | min_laser=0.576 | mean_lin=1.000 | mean_ang=0.477 | mean_robot_dist=inf | raw_reward=20.000 | adjusted_reward=20.000 | coop_agents=0/5 | mean_coop_neighbors=0.00 | active_neighbor_step_rate=0.494 | mean_active_neighbors_step=1.094 | max_active_neighbors_step=4 | interaction_reward=0.0000 | abs_interaction_reward=0.0000 | anti_stag_reward=0.0000 | abs_anti_stag_reward=0.0000 | wall_clear_reward=0.0000 | abs_wall_clear_reward=0.0000 | local_nav_reward=0.0000 | abs_local_nav_reward=0.0000 | robot_proximity_reward=0.0000 | abs_robot_proximity_reward=0.0000 | robot_clearance_reward=0.0000 | context_neighbors_mean=1.16 | context_neighbors_max=4 | last_context_neighbors_mean=0.00 | last_context_neighbors_max=0 | actor_unlocked=0 | expl_noise=0.0750 | replay=18509 | interaction_replay=7973 | samples/sec=64.055
Episode 217 complete | agent_samples=18588 | env_steps=7982 | episode_env_steps=27 | episode_agent_samples=79 | mean_reward=128.316 | success=5/5 | collision=0/5 | mean_final_distance=0.271 | mean_progress=0.0038 | min_laser=0.560 | mean_lin=0.779 | mean_ang=-0.239 | mean_robot_dist=inf | raw_reward=20.000 | adjusted_reward=20.000 | coop_agents=0/5 | mean_coop_neighbors=0.00 | active_neighbor_step_rate=0.734 | mean_active_neighbors_step=1.468 | max_active_neighbors_step=4 | interaction_reward=0.0000 | abs_interaction_reward=0.0000 | anti_stag_reward=0.0000 | abs_anti_stag_reward=0.0000 | wall_clear_reward=0.0000 | abs_wall_clear_reward=0.0000 | local_nav_reward=0.0000 | abs_local_nav_reward=0.0000 | robot_proximity_reward=-0.5120 | abs_robot_proximity_reward=0.5120 | robot_clearance_reward=0.0699 | context_neighbors_mean=1.56 | context_neighbors_max=4 | last_context_neighbors_mean=0.00 | last_context_neighbors_max=0 | actor_unlocked=0 | expl_noise=0.0750 | replay=18588 | interaction_replay=8027 | samples/sec=63.036
Episode 218 complete | agent_samples=18647 | env_steps=8002 | episode_env_steps=20 | episode_agent_samples=59 | mean_reward=113.337 | success=5/5 | collision=0/5 | mean_final_distance=0.244 | mean_progress=0.0216 | min_laser=0.370 | mean_lin=0.990 | mean_ang=0.639 | mean_robot_dist=inf | raw_reward=20.000 | adjusted_reward=20.000 | coop_agents=0/5 | mean_coop_neighbors=0.00 | active_neighbor_step_rate=0.831 | mean_active_neighbors_step=1.915 | max_active_neighbors_step=4 | interaction_reward=0.0000 | abs_interaction_reward=0.0000 | anti_stag_reward=0.0000 | abs_anti_stag_reward=0.0000 | wall_clear_reward=0.0000 | abs_wall_clear_reward=0.0000 | local_nav_reward=0.0000 | abs_local_nav_reward=0.0000 | robot_proximity_reward=-0.5497 | abs_robot_proximity_reward=0.5497 | robot_clearance_reward=0.0365 | context_neighbors_mean=1.97 | context_neighbors_max=4 | last_context_neighbors_mean=0.00 | last_context_neighbors_max=0 | actor_unlocked=0 | expl_noise=0.0750 | replay=18647 | interaction_replay=8077 | samples/sec=62.292
Episode 219 complete | agent_samples=18748 | env_steps=8063 | episode_env_steps=61 | episode_agent_samples=101 | mean_reward=113.508 | success=5/5 | collision=0/5 | mean_final_distance=0.266 | mean_progress=0.0034 | min_laser=0.517 | mean_lin=0.923 | mean_ang=0.165 | mean_robot_dist=inf | raw_reward=20.000 | adjusted_reward=20.000 | coop_agents=0/5 | mean_coop_neighbors=0.00 | active_neighbor_step_rate=0.406 | mean_active_neighbors_step=0.960 | max_active_neighbors_step=4 | interaction_reward=0.0000 | abs_interaction_reward=0.0000 | anti_stag_reward=0.0000 | abs_anti_stag_reward=0.0000 | wall_clear_reward=0.0000 | abs_wall_clear_reward=0.0000 | local_nav_reward=0.0000 | abs_local_nav_reward=0.0000 | robot_proximity_reward=-0.4593 | abs_robot_proximity_reward=0.4593 | robot_clearance_reward=0.0206 | context_neighbors_mean=1.04 | context_neighbors_max=4 | last_context_neighbors_mean=0.00 | last_context_neighbors_max=0 | actor_unlocked=0 | expl_noise=0.0750 | replay=18748 | interaction_replay=8119 | samples/sec=59.982
Episode 220 complete | agent_samples=18836 | env_steps=8083 | episode_env_steps=20 | episode_agent_samples=88 | mean_reward=63.830 | success=4/5 | collision=1/5 | mean_final_distance=0.473 | mean_progress=0.0198 | min_laser=0.300 | mean_lin=0.752 | mean_ang=-0.197 | mean_robot_dist=inf | raw_reward=0.000 | adjusted_reward=-8.000 | coop_agents=1/5 | mean_coop_neighbors=0.20 | active_neighbor_step_rate=0.989 | mean_active_neighbors_step=2.443 | max_active_neighbors_step=4 | interaction_reward=0.0000 | abs_interaction_reward=0.0000 | anti_stag_reward=0.0000 | abs_anti_stag_reward=0.0000 | wall_clear_reward=0.0000 | abs_wall_clear_reward=0.0000 | local_nav_reward=0.0000 | abs_local_nav_reward=0.0000 | robot_proximity_reward=-0.3249 | abs_robot_proximity_reward=0.3249 | robot_clearance_reward=0.0000 | context_neighbors_mean=2.45 | context_neighbors_max=4 | last_context_neighbors_mean=0.00 | last_context_neighbors_max=0 | actor_unlocked=0 | expl_noise=0.0749 | replay=18836 | interaction_replay=8131 | samples/sec=59.416
Status | epoch=1 | next_eval_in=1164 agent_samples | checkpoint_every=10 episodes | checkpoint=./checkpoints/interaction_focused_actor_5a_init_5d_weak_s20260726_latest.pt | model=interaction_focused_actor_5a_init_5d_weak_s20260726
Checkpoint saved: ./checkpoints/interaction_focused_actor_5a_init_5d_weak_s20260726_latest.pt
Episode 221 complete | agent_samples=18923 | env_steps=8124 | episode_env_steps=41 | episode_agent_samples=87 | mean_reward=58.245 | success=4/5 | collision=1/5 | mean_final_distance=0.694 | mean_progress=0.0176 | min_laser=0.334 | mean_lin=0.783 | mean_ang=-0.635 | mean_robot_dist=inf | raw_reward=20.000 | adjusted_reward=20.000 | coop_agents=0/5 | mean_coop_neighbors=0.00 | active_neighbor_step_rate=0.713 | mean_active_neighbors_step=1.494 | max_active_neighbors_step=4 | interaction_reward=0.0000 | abs_interaction_reward=0.0000 | anti_stag_reward=0.0000 | abs_anti_stag_reward=0.0000 | wall_clear_reward=0.0000 | abs_wall_clear_reward=0.0000 | local_nav_reward=0.0000 | abs_local_nav_reward=0.0000 | robot_proximity_reward=-0.5817 | abs_robot_proximity_reward=0.5817 | robot_clearance_reward=0.0230 | context_neighbors_mean=1.51 | context_neighbors_max=4 | last_context_neighbors_mean=0.00 | last_context_neighbors_max=0 | actor_unlocked=0 | expl_noise=0.0749 | replay=18923 | interaction_replay=8150 | samples/sec=57.964
Episode 222 complete | agent_samples=18985 | env_steps=8146 | episode_env_steps=22 | episode_agent_samples=62 | mean_reward=28.918 | success=3/5 | collision=2/5 | mean_final_distance=0.597 | mean_progress=0.0522 | min_laser=0.300 | mean_lin=0.992 | mean_ang=0.641 | mean_robot_dist=inf | raw_reward=40.000 | adjusted_reward=40.000 | coop_agents=1/5 | mean_coop_neighbors=0.20 | active_neighbor_step_rate=0.645 | mean_active_neighbors_step=1.065 | max_active_neighbors_step=4 | interaction_reward=0.0000 | abs_interaction_reward=0.0000 | anti_stag_reward=0.0000 | abs_anti_stag_reward=0.0000 | wall_clear_reward=0.0000 | abs_wall_clear_reward=0.0000 | local_nav_reward=0.0000 | abs_local_nav_reward=0.0000 | robot_proximity_reward=-1.0234 | abs_robot_proximity_reward=1.0234 | robot_clearance_reward=0.0753 | context_neighbors_mean=1.10 | context_neighbors_max=4 | last_context_neighbors_mean=0.00 | last_context_neighbors_max=0 | actor_unlocked=0 | expl_noise=0.0749 | replay=18985 | interaction_replay=8168 | samples/sec=57.291
Episode 223 complete | agent_samples=19182 | env_steps=8233 | episode_env_steps=87 | episode_agent_samples=197 | mean_reward=78.726 | success=4/5 | collision=1/5 | mean_final_distance=0.353 | mean_progress=0.0055 | min_laser=0.334 | mean_lin=0.814 | mean_ang=0.468 | mean_robot_dist=inf | raw_reward=20.000 | adjusted_reward=20.000 | coop_agents=0/5 | mean_coop_neighbors=0.00 | active_neighbor_step_rate=0.609 | mean_active_neighbors_step=1.594 | max_active_neighbors_step=4 | interaction_reward=0.0000 | abs_interaction_reward=0.0000 | anti_stag_reward=0.0000 | abs_anti_stag_reward=0.0000 | wall_clear_reward=0.0000 | abs_wall_clear_reward=0.0000 | local_nav_reward=0.0000 | abs_local_nav_reward=0.0000 | robot_proximity_reward=-0.4172 | abs_robot_proximity_reward=0.4172 | robot_clearance_reward=0.0012 | context_neighbors_mean=1.61 | context_neighbors_max=4 | last_context_neighbors_mean=0.00 | last_context_neighbors_max=0 | actor_unlocked=0 | expl_noise=0.0749 | replay=19182 | interaction_replay=8244 | samples/sec=54.759
Episode 224 complete | agent_samples=19301 | env_steps=8260 | episode_env_steps=27 | episode_agent_samples=119 | mean_reward=128.979 | success=5/5 | collision=0/5 | mean_final_distance=0.247 | mean_progress=0.0411 | min_laser=0.361 | mean_lin=1.000 | mean_ang=-0.492 | mean_robot_dist=inf | raw_reward=39.487 | adjusted_reward=39.590 | coop_agents=1/5 | mean_coop_neighbors=0.20 | active_neighbor_step_rate=0.824 | mean_active_neighbors_step=2.059 | max_active_neighbors_step=4 | interaction_reward=0.0000 | abs_interaction_reward=0.0000 | anti_stag_reward=0.0000 | abs_anti_stag_reward=0.0000 | wall_clear_reward=0.0000 | abs_wall_clear_reward=0.0000 | local_nav_reward=0.0000 | abs_local_nav_reward=0.0000 | robot_proximity_reward=-0.4156 | abs_robot_proximity_reward=0.4156 | robot_clearance_reward=0.0839 | context_neighbors_mean=2.08 | context_neighbors_max=4 | last_context_neighbors_mean=0.00 | last_context_neighbors_max=0 | actor_unlocked=0 | expl_noise=0.0748 | replay=19301 | interaction_replay=8271 | samples/sec=54.160
Episode 225 complete | agent_samples=19384 | env_steps=8289 | episode_env_steps=29 | episode_agent_samples=83 | mean_reward=117.945 | success=5/5 | collision=0/5 | mean_final_distance=0.261 | mean_progress=0.0090 | min_laser=0.602 | mean_lin=0.960 | mean_ang=0.200 | mean_robot_dist=inf | raw_reward=20.000 | adjusted_reward=20.000 | coop_agents=0/5 | mean_coop_neighbors=0.00 | active_neighbor_step_rate=0.651 | mean_active_neighbors_step=1.205 | max_active_neighbors_step=4 | interaction_reward=0.0000 | abs_interaction_reward=0.0000 | anti_stag_reward=0.0000 | abs_anti_stag_reward=0.0000 | wall_clear_reward=0.0000 | abs_wall_clear_reward=0.0000 | local_nav_reward=0.0000 | abs_local_nav_reward=0.0000 | robot_proximity_reward=-0.0533 | abs_robot_proximity_reward=0.0533 | robot_clearance_reward=0.0000 | context_neighbors_mean=1.29 | context_neighbors_max=4 | last_context_neighbors_mean=0.00 | last_context_neighbors_max=0 | actor_unlocked=0 | expl_noise=0.0748 | replay=19384 | interaction_replay=8328 | samples/sec=53.433
Status | epoch=1 | next_eval_in=616 agent_samples | checkpoint_every=10 episodes | checkpoint=./checkpoints/interaction_focused_actor_5a_init_5d_weak_s20260726_latest.pt | model=interaction_focused_actor_5a_init_5d_weak_s20260726
Episode 226 complete | agent_samples=19438 | env_steps=8301 | episode_env_steps=12 | episode_agent_samples=54 | mean_reward=102.445 | success=5/5 | collision=0/5 | mean_final_distance=0.250 | mean_progress=0.0393 | min_laser=0.444 | mean_lin=0.700 | mean_ang=-0.203 | mean_robot_dist=inf | raw_reward=40.000 | adjusted_reward=40.000 | coop_agents=1/5 | mean_coop_neighbors=0.20 | active_neighbor_step_rate=0.704 | mean_active_neighbors_step=1.593 | max_active_neighbors_step=4 | interaction_reward=0.0000 | abs_interaction_reward=0.0000 | anti_stag_reward=0.0000 | abs_anti_stag_reward=0.0000 | wall_clear_reward=0.0000 | abs_wall_clear_reward=0.0000 | local_nav_reward=0.0000 | abs_local_nav_reward=0.0000 | robot_proximity_reward=-0.6159 | abs_robot_proximity_reward=0.6159 | robot_clearance_reward=0.0370 | context_neighbors_mean=1.65 | context_neighbors_max=4 | last_context_neighbors_mean=0.00 | last_context_neighbors_max=0 | actor_unlocked=0 | expl_noise=0.0748 | replay=19438 | interaction_replay=8367 | samples/sec=53.181
Episode 227 complete | agent_samples=19493 | env_steps=8314 | episode_env_steps=13 | episode_agent_samples=55 | mean_reward=29.867 | success=3/5 | collision=2/5 | mean_final_distance=0.381 | mean_progress=0.0338 | min_laser=0.300 | mean_lin=0.626 | mean_ang=-0.709 | mean_robot_dist=0.451 | raw_reward=-42.908 | adjusted_reward=-42.908 | coop_agents=2/5 | mean_coop_neighbors=0.40 | active_neighbor_step_rate=0.782 | mean_active_neighbors_step=1.455 | max_active_neighbors_step=3 | interaction_reward=0.0000 | abs_interaction_reward=0.0000 | anti_stag_reward=0.0000 | abs_anti_stag_reward=0.0000 | wall_clear_reward=0.0000 | abs_wall_clear_reward=0.0000 | local_nav_reward=0.0000 | abs_local_nav_reward=0.0000 | robot_proximity_reward=-0.7170 | abs_robot_proximity_reward=0.7170 | robot_clearance_reward=0.0000 | context_neighbors_mean=1.45 | context_neighbors_max=3 | last_context_neighbors_mean=0.00 | last_context_neighbors_max=0 | actor_unlocked=0 | expl_noise=0.0748 | replay=19493 | interaction_replay=8382 | samples/sec=52.903
Episode 228 complete | agent_samples=19577 | env_steps=8342 | episode_env_steps=28 | episode_agent_samples=84 | mean_reward=61.139 | success=4/5 | collision=1/5 | mean_final_distance=0.260 | mean_progress=0.0103 | min_laser=0.328 | mean_lin=1.000 | mean_ang=0.190 | mean_robot_dist=inf | raw_reward=20.000 | adjusted_reward=20.000 | coop_agents=0/5 | mean_coop_neighbors=0.00 | active_neighbor_step_rate=0.560 | mean_active_neighbors_step=1.524 | max_active_neighbors_step=4 | interaction_reward=0.0000 | abs_interaction_reward=0.0000 | anti_stag_reward=0.0000 | abs_anti_stag_reward=0.0000 | wall_clear_reward=0.0000 | abs_wall_clear_reward=0.0000 | local_nav_reward=0.0000 | abs_local_nav_reward=0.0000 | robot_proximity_reward=-0.8357 | abs_robot_proximity_reward=0.8357 | robot_clearance_reward=0.0525 | context_neighbors_mean=1.65 | context_neighbors_max=4 | last_context_neighbors_mean=0.00 | last_context_neighbors_max=0 | actor_unlocked=0 | expl_noise=0.0748 | replay=19577 | interaction_replay=8432 | samples/sec=52.242
Episode 229 complete | agent_samples=19642 | env_steps=8361 | episode_env_steps=19 | episode_agent_samples=65 | mean_reward=61.455 | success=4/5 | collision=1/5 | mean_final_distance=0.522 | mean_progress=0.0298 | min_laser=0.301 | mean_lin=0.800 | mean_ang=-0.600 | mean_robot_dist=inf | raw_reward=40.000 | adjusted_reward=40.000 | coop_agents=0/5 | mean_coop_neighbors=0.00 | active_neighbor_step_rate=0.708 | mean_active_neighbors_step=1.862 | max_active_neighbors_step=4 | interaction_reward=0.0000 | abs_interaction_reward=0.0000 | anti_stag_reward=0.0000 | abs_anti_stag_reward=0.0000 | wall_clear_reward=0.0000 | abs_wall_clear_reward=0.0000 | local_nav_reward=0.0000 | abs_local_nav_reward=0.0000 | robot_proximity_reward=-1.1348 | abs_robot_proximity_reward=1.1348 | robot_clearance_reward=0.1034 | context_neighbors_mean=1.95 | context_neighbors_max=4 | last_context_neighbors_mean=0.00 | last_context_neighbors_max=0 | actor_unlocked=0 | expl_noise=0.0748 | replay=19642 | interaction_replay=8481 | samples/sec=51.826
Episode 230 complete | agent_samples=19731 | env_steps=8387 | episode_env_steps=26 | episode_agent_samples=89 | mean_reward=122.802 | success=5/5 | collision=0/5 | mean_final_distance=0.251 | mean_progress=0.0176 | min_laser=0.611 | mean_lin=1.000 | mean_ang=-0.609 | mean_robot_dist=inf | raw_reward=20.000 | adjusted_reward=20.000 | coop_agents=0/5 | mean_coop_neighbors=0.00 | active_neighbor_step_rate=0.652 | mean_active_neighbors_step=1.360 | max_active_neighbors_step=4 | interaction_reward=0.0000 | abs_interaction_reward=0.0000 | anti_stag_reward=0.0000 | abs_anti_stag_reward=0.0000 | wall_clear_reward=0.0000 | abs_wall_clear_reward=0.0000 | local_nav_reward=0.0000 | abs_local_nav_reward=0.0000 | robot_proximity_reward=-0.3419 | abs_robot_proximity_reward=0.3419 | robot_clearance_reward=0.0281 | context_neighbors_mean=1.42 | context_neighbors_max=4 | last_context_neighbors_mean=0.00 | last_context_neighbors_max=0 | actor_unlocked=0 | expl_noise=0.0748 | replay=19731 | interaction_replay=8520 | samples/sec=51.281
Status | epoch=1 | next_eval_in=269 agent_samples | checkpoint_every=10 episodes | checkpoint=./checkpoints/interaction_focused_actor_5a_init_5d_weak_s20260726_latest.pt | model=interaction_focused_actor_5a_init_5d_weak_s20260726
Checkpoint saved: ./checkpoints/interaction_focused_actor_5a_init_5d_weak_s20260726_latest.pt
Episode 231 complete | agent_samples=19842 | env_steps=8427 | episode_env_steps=40 | episode_agent_samples=111 | mean_reward=123.361 | success=5/5 | collision=0/5 | mean_final_distance=0.258 | mean_progress=0.0032 | min_laser=0.466 | mean_lin=0.960 | mean_ang=-0.600 | mean_robot_dist=inf | raw_reward=20.000 | adjusted_reward=20.000 | coop_agents=0/5 | mean_coop_neighbors=0.00 | active_neighbor_step_rate=0.829 | mean_active_neighbors_step=1.865 | max_active_neighbors_step=4 | interaction_reward=0.0000 | abs_interaction_reward=0.0000 | anti_stag_reward=0.0000 | abs_anti_stag_reward=0.0000 | wall_clear_reward=0.0000 | abs_wall_clear_reward=0.0000 | local_nav_reward=0.0000 | abs_local_nav_reward=0.0000 | robot_proximity_reward=-0.0355 | abs_robot_proximity_reward=0.0355 | robot_clearance_reward=0.0310 | context_neighbors_mean=1.88 | context_neighbors_max=4 | last_context_neighbors_mean=0.00 | last_context_neighbors_max=0 | actor_unlocked=0 | expl_noise=0.0747 | replay=19842 | interaction_replay=8536 | samples/sec=50.356
Episode 232 complete | agent_samples=19923 | env_steps=8467 | episode_env_steps=40 | episode_agent_samples=81 | mean_reward=112.548 | success=5/5 | collision=0/5 | mean_final_distance=0.264 | mean_progress=0.0141 | min_laser=0.403 | mean_lin=0.960 | mean_ang=0.880 | mean_robot_dist=inf | raw_reward=20.000 | adjusted_reward=20.000 | coop_agents=0/5 | mean_coop_neighbors=0.00 | active_neighbor_step_rate=0.605 | mean_active_neighbors_step=1.691 | max_active_neighbors_step=4 | interaction_reward=0.0000 | abs_interaction_reward=0.0000 | anti_stag_reward=0.0000 | abs_anti_stag_reward=0.0000 | wall_clear_reward=0.0000 | abs_wall_clear_reward=0.0000 | local_nav_reward=0.0000 | abs_local_nav_reward=0.0000 | robot_proximity_reward=-0.2724 | abs_robot_proximity_reward=0.2724 | robot_clearance_reward=0.0494 | context_neighbors_mean=1.74 | context_neighbors_max=4 | last_context_neighbors_mean=0.00 | last_context_neighbors_max=0 | actor_unlocked=0 | expl_noise=0.0747 | replay=19923 | interaction_replay=8585 | samples/sec=49.462
Episode 233 complete | agent_samples=19990 | env_steps=8487 | episode_env_steps=20 | episode_agent_samples=67 | mean_reward=62.598 | success=4/5 | collision=1/5 | mean_final_distance=0.273 | mean_progress=0.0152 | min_laser=0.335 | mean_lin=0.799 | mean_ang=-0.600 | mean_robot_dist=inf | raw_reward=20.000 | adjusted_reward=20.000 | coop_agents=0/5 | mean_coop_neighbors=0.00 | active_neighbor_step_rate=0.776 | mean_active_neighbors_step=1.731 | max_active_neighbors_step=4 | interaction_reward=0.0000 | abs_interaction_reward=0.0000 | anti_stag_reward=0.0000 | abs_anti_stag_reward=0.0000 | wall_clear_reward=0.0000 | abs_wall_clear_reward=0.0000 | local_nav_reward=0.0000 | abs_local_nav_reward=0.0000 | robot_proximity_reward=-0.5874 | abs_robot_proximity_reward=0.5874 | robot_clearance_reward=0.0597 | context_neighbors_mean=1.81 | context_neighbors_max=4 | last_context_neighbors_mean=0.00 | last_context_neighbors_max=0 | actor_unlocked=0 | expl_noise=0.0747 | replay=19990 | interaction_replay=8635 | samples/sec=49.082
Episode 234 complete | agent_samples=20043 | env_steps=8499 | episode_env_steps=12 | episode_agent_samples=53 | mean_reward=63.275 | success=4/5 | collision=1/5 | mean_final_distance=0.494 | mean_progress=0.0304 | min_laser=0.330 | mean_lin=0.797 | mean_ang=0.200 | mean_robot_dist=inf | raw_reward=40.000 | adjusted_reward=40.000 | coop_agents=0/5 | mean_coop_neighbors=0.00 | active_neighbor_step_rate=0.755 | mean_active_neighbors_step=1.962 | max_active_neighbors_step=4 | interaction_reward=0.0000 | abs_interaction_reward=0.0000 | anti_stag_reward=0.0000 | abs_anti_stag_reward=0.0000 | wall_clear_reward=0.0000 | abs_wall_clear_reward=0.0000 | local_nav_reward=0.0000 | abs_local_nav_reward=0.0000 | robot_proximity_reward=-0.6453 | abs_robot_proximity_reward=0.6453 | robot_clearance_reward=0.0000 | context_neighbors_mean=1.98 | context_neighbors_max=4 | last_context_neighbors_mean=0.00 | last_context_neighbors_max=0 | actor_unlocked=0 | expl_noise=0.0747 | replay=20043 | interaction_replay=8667 | samples/sec=48.885
Validating multi-agent policy at agent_samples=20043 env_steps=8499
Manifest switched: strong-interaction-curriculum-validation-v1 | scenarios=140 | sampling=cycle | path=/home/jiutian/Local-Critic-Multi-Robot-Navigation-gate/experiments/04_保留专门化/05_论文主线/datasets/fixed_v1/views/strong_interaction_curriculum_v1/validation.json.gz
Validation progress | epoch=1 | episodes=10/140 | success_rate=0.820 | collision_rate=0.180 | full_success_rate=0.500 | timeout_rate=0.000
Validation progress | epoch=1 | episodes=20/140 | success_rate=0.810 | collision_rate=0.190 | full_success_rate=0.400 | timeout_rate=0.000
Validation progress | epoch=1 | episodes=30/140 | success_rate=0.833 | collision_rate=0.167 | full_success_rate=0.467 | timeout_rate=0.000
Validation progress | epoch=1 | episodes=40/140 | success_rate=0.825 | collision_rate=0.175 | full_success_rate=0.450 | timeout_rate=0.000
Validation progress | epoch=1 | episodes=50/140 | success_rate=0.808 | collision_rate=0.192 | full_success_rate=0.420 | timeout_rate=0.000
Validation progress | epoch=1 | episodes=60/140 | success_rate=0.810 | collision_rate=0.190 | full_success_rate=0.433 | timeout_rate=0.000
Validation progress | epoch=1 | episodes=70/140 | success_rate=0.829 | collision_rate=0.171 | full_success_rate=0.486 | timeout_rate=0.000
Validation progress | epoch=1 | episodes=80/140 | success_rate=0.825 | collision_rate=0.172 | full_success_rate=0.475 | timeout_rate=0.013
Validation progress | epoch=1 | episodes=90/140 | success_rate=0.833 | collision_rate=0.164 | full_success_rate=0.489 | timeout_rate=0.011
Validation progress | epoch=1 | episodes=100/140 | success_rate=0.830 | collision_rate=0.168 | full_success_rate=0.480 | timeout_rate=0.010
Validation progress | epoch=1 | episodes=110/140 | success_rate=0.831 | collision_rate=0.167 | full_success_rate=0.491 | timeout_rate=0.009
Validation progress | epoch=1 | episodes=120/140 | success_rate=0.827 | collision_rate=0.172 | full_success_rate=0.483 | timeout_rate=0.008
Validation progress | epoch=1 | episodes=130/140 | success_rate=0.837 | collision_rate=0.162 | full_success_rate=0.508 | timeout_rate=0.008
Validation progress | epoch=1 | episodes=140/140 | success_rate=0.839 | collision_rate=0.160 | full_success_rate=0.514 | timeout_rate=0.007
..............................................
Multi-Agent Eval Epoch 1 | avg_reward=77.291 | success_rate=0.839 | collision_rate=0.160 | unresolved_rate=0.001 | full_success_rate=0.514 | timeout_episode_rate=0.007 | avg_env_steps=36.8 | avg_final_distance=0.299
Eval success_hist 0..N: [0, 0, 1, 43, 24, 72]
Eval collision_hist 0..N: [73, 23, 43, 1, 0, 0]
Eval oracle strong-actor activation rate: 0.4215 (5234/12418 agent steps)
Eval interaction stratum | band=close | episodes=40 | success_rate=0.885 | collision_rate=0.115 | unresolved_rate=0.000 | full_success_rate=0.650 | timeout_rate=0.000 | avg_steps=32.5
Eval interaction stratum | band=deep | episodes=60 | success_rate=0.727 | collision_rate=0.273 | unresolved_rate=0.000 | full_success_rate=0.217 | timeout_rate=0.000 | avg_steps=32.4
Eval interaction stratum | band=margin | episodes=40 | success_rate=0.960 | collision_rate=0.035 | unresolved_rate=0.005 | full_success_rate=0.825 | timeout_rate=0.025 | avg_steps=47.9
..............................................
Manifest switched: strong-interaction-stage2-train-v1 | scenarios=640 | sampling=random | path=/home/jiutian/Local-Critic-Multi-Robot-Navigation-gate/experiments/04_保留专门化/05_论文主线/datasets/fixed_v1/views/strong_interaction_curriculum_v1/stage2_train.json.gz
Epoch model snapshot saved: interaction_focused_actor_5a_init_5d_weak_s20260726_epoch_001
Checkpoint saved: ./checkpoints/interaction_focused_actor_5a_init_5d_weak_s20260726_latest.pt
Best checkpoint updated | epoch=1 | success_rate=0.839 | collision_rate=0.160 | full_success_rate=0.514 | unresolved_rate=0.001 | avg_reward=77.291 | metric=full_success | path=./checkpoints/interaction_focused_actor_5a_init_5d_weak_s20260726_best.pt
Next epoch will start from 2. Resume keeps this counter in ./checkpoints/interaction_focused_actor_5a_init_5d_weak_s20260726_latest.pt
Episode 235 complete | agent_samples=20131 | env_steps=8532 | episode_env_steps=33 | episode_agent_samples=88 | mean_reward=108.311 | success=5/5 | collision=0/5 | mean_final_distance=0.250 | mean_progress=0.0213 | min_laser=0.410 | mean_lin=1.000 | mean_ang=0.466 | mean_robot_dist=inf | raw_reward=20.000 | adjusted_reward=20.000 | coop_agents=0/5 | mean_coop_neighbors=0.00 | active_neighbor_step_rate=0.625 | mean_active_neighbors_step=1.466 | max_active_neighbors_step=4 | interaction_reward=0.0000 | abs_interaction_reward=0.0000 | anti_stag_reward=0.0000 | abs_anti_stag_reward=0.0000 | wall_clear_reward=0.0000 | abs_wall_clear_reward=0.0000 | local_nav_reward=0.0000 | abs_local_nav_reward=0.0000 | robot_proximity_reward=-0.6451 | abs_robot_proximity_reward=0.6451 | robot_clearance_reward=0.0227 | context_neighbors_mean=1.50 | context_neighbors_max=4 | last_context_neighbors_mean=0.00 | last_context_neighbors_max=0 | actor_unlocked=0 | expl_noise=0.0747 | replay=20131 | interaction_replay=8696 | samples/sec=13.068
Status | epoch=2 | next_eval_in=19869 agent_samples | checkpoint_every=10 episodes | checkpoint=./checkpoints/interaction_focused_actor_5a_init_5d_weak_s20260726_latest.pt | model=interaction_focused_actor_5a_init_5d_weak_s20260726
Episode 236 complete | agent_samples=20181 | env_steps=8546 | episode_env_steps=14 | episode_agent_samples=50 | mean_reward=19.331 | success=3/5 | collision=2/5 | mean_final_distance=0.512 | mean_progress=0.0486 | min_laser=0.300 | mean_lin=0.962 | mean_ang=-0.036 | mean_robot_dist=inf | raw_reward=40.000 | adjusted_reward=40.000 | coop_agents=0/5 | mean_coop_neighbors=0.00 | active_neighbor_step_rate=0.760 | mean_active_neighbors_step=1.820 | max_active_neighbors_step=4 | interaction_reward=0.0000 | abs_interaction_reward=0.0000 | anti_stag_reward=0.0000 | abs_anti_stag_reward=0.0000 | wall_clear_reward=0.0000 | abs_wall_clear_reward=0.0000 | local_nav_reward=0.0000 | abs_local_nav_reward=0.0000 | robot_proximity_reward=-1.3080 | abs_robot_proximity_reward=1.3080 | robot_clearance_reward=0.0000 | context_neighbors_mean=1.84 | context_neighbors_max=4 | last_context_neighbors_mean=0.00 | last_context_neighbors_max=0 | actor_unlocked=0 | expl_noise=0.0747 | replay=20181 | interaction_replay=8733 | samples/sec=13.074
Episode 237 complete | agent_samples=20330 | env_steps=8607 | episode_env_steps=61 | episode_agent_samples=149 | mean_reward=116.691 | success=5/5 | collision=0/5 | mean_final_distance=0.265 | mean_progress=0.0139 | min_laser=0.363 | mean_lin=0.875 | mean_ang=-0.200 | mean_robot_dist=inf | raw_reward=20.000 | adjusted_reward=20.000 | coop_agents=0/5 | mean_coop_neighbors=0.00 | active_neighbor_step_rate=0.564 | mean_active_neighbors_step=0.906 | max_active_neighbors_step=4 | interaction_reward=0.0000 | abs_interaction_reward=0.0000 | anti_stag_reward=0.0000 | abs_anti_stag_reward=0.0000 | wall_clear_reward=0.0000 | abs_wall_clear_reward=0.0000 | local_nav_reward=0.0000 | abs_local_nav_reward=0.0000 | robot_proximity_reward=-0.4197 | abs_robot_proximity_reward=0.4197 | robot_clearance_reward=0.0326 | context_neighbors_mean=0.89 | context_neighbors_max=4 | last_context_neighbors_mean=0.00 | last_context_neighbors_max=0 | actor_unlocked=0 | expl_noise=0.0746 | replay=20330 | interaction_replay=8757 | samples/sec=13.058
Episode 238 complete | agent_samples=20376 | env_steps=8619 | episode_env_steps=12 | episode_agent_samples=46 | mean_reward=66.935 | success=4/5 | collision=1/5 | mean_final_distance=0.570 | mean_progress=0.0193 | min_laser=0.320 | mean_lin=0.731 | mean_ang=0.069 | mean_robot_dist=inf | raw_reward=20.000 | adjusted_reward=20.000 | coop_agents=0/5 | mean_coop_neighbors=0.00 | active_neighbor_step_rate=0.957 | mean_active_neighbors_step=2.500 | max_active_neighbors_step=4 | interaction_reward=0.0000 | abs_interaction_reward=0.0000 | anti_stag_reward=0.0000 | abs_anti_stag_reward=0.0000 | wall_clear_reward=0.0000 | abs_wall_clear_reward=0.0000 | local_nav_reward=0.0000 | abs_local_nav_reward=0.0000 | robot_proximity_reward=-1.0479 | abs_robot_proximity_reward=1.0479 | robot_clearance_reward=0.0435 | context_neighbors_mean=2.59 | context_neighbors_max=4 | last_context_neighbors_mean=0.00 | last_context_neighbors_max=0 | actor_unlocked=0 | expl_noise=0.0746 | replay=20376 | interaction_replay=8799 | samples/sec=13.065
Episode 239 complete | agent_samples=20433 | env_steps=8636 | episode_env_steps=17 | episode_agent_samples=57 | mean_reward=26.360 | success=3/5 | collision=2/5 | mean_final_distance=0.525 | mean_progress=0.0029 | min_laser=0.300 | mean_lin=0.604 | mean_ang=-0.600 | mean_robot_dist=inf | raw_reward=20.000 | adjusted_reward=20.000 | coop_agents=0/5 | mean_coop_neighbors=0.00 | active_neighbor_step_rate=0.649 | mean_active_neighbors_step=1.754 | max_active_neighbors_step=4 | interaction_reward=0.0000 | abs_interaction_reward=0.0000 | anti_stag_reward=0.0000 | abs_anti_stag_reward=0.0000 | wall_clear_reward=0.0000 | abs_wall_clear_reward=0.0000 | local_nav_reward=0.0000 | abs_local_nav_reward=0.0000 | robot_proximity_reward=-1.1610 | abs_robot_proximity_reward=1.1610 | robot_clearance_reward=0.0209 | context_neighbors_mean=1.77 | context_neighbors_max=4 | last_context_neighbors_mean=0.00 | last_context_neighbors_max=0 | actor_unlocked=0 | expl_noise=0.0746 | replay=20433 | interaction_replay=8836 | samples/sec=13.069
Episode 240 complete | agent_samples=20563 | env_steps=8676 | episode_env_steps=40 | episode_agent_samples=130 | mean_reward=89.250 | success=5/5 | collision=0/5 | mean_final_distance=0.255 | mean_progress=0.0226 | min_laser=0.405 | mean_lin=0.974 | mean_ang=0.491 | mean_robot_dist=inf | raw_reward=20.000 | adjusted_reward=20.000 | coop_agents=0/5 | mean_coop_neighbors=0.00 | active_neighbor_step_rate=0.785 | mean_active_neighbors_step=1.723 | max_active_neighbors_step=4 | interaction_reward=0.0000 | abs_interaction_reward=0.0000 | anti_stag_reward=0.0000 | abs_anti_stag_reward=0.0000 | wall_clear_reward=0.0000 | abs_wall_clear_reward=0.0000 | local_nav_reward=0.0000 | abs_local_nav_reward=0.0000 | robot_proximity_reward=-1.5247 | abs_robot_proximity_reward=1.5247 | robot_clearance_reward=0.0624 | context_neighbors_mean=1.78 | context_neighbors_max=4 | last_context_neighbors_mean=0.00 | last_context_neighbors_max=0 | actor_unlocked=0 | expl_noise=0.0746 | replay=20563 | interaction_replay=8933 | samples/sec=13.079
Status | epoch=2 | next_eval_in=19437 agent_samples | checkpoint_every=10 episodes | checkpoint=./checkpoints/interaction_focused_actor_5a_init_5d_weak_s20260726_latest.pt | model=interaction_focused_actor_5a_init_5d_weak_s20260726
Checkpoint saved: ./checkpoints/interaction_focused_actor_5a_init_5d_weak_s20260726_latest.pt
Episode 241 complete | agent_samples=20653 | env_steps=8710 | episode_env_steps=34 | episode_agent_samples=90 | mean_reward=105.164 | success=5/5 | collision=0/5 | mean_final_distance=0.287 | mean_progress=0.0150 | min_laser=0.417 | mean_lin=0.947 | mean_ang=-0.273 | mean_robot_dist=inf | raw_reward=20.000 | adjusted_reward=20.000 | coop_agents=0/5 | mean_coop_neighbors=0.00 | active_neighbor_step_rate=0.522 | mean_active_neighbors_step=1.478 | max_active_neighbors_step=4 | interaction_reward=0.0000 | abs_interaction_reward=0.0000 | anti_stag_reward=0.0000 | abs_anti_stag_reward=0.0000 | wall_clear_reward=0.0000 | abs_wall_clear_reward=0.0000 | local_nav_reward=0.0000 | abs_local_nav_reward=0.0000 | robot_proximity_reward=-0.5737 | abs_robot_proximity_reward=0.5737 | robot_clearance_reward=0.0177 | context_neighbors_mean=1.51 | context_neighbors_max=4 | last_context_neighbors_mean=0.00 | last_context_neighbors_max=0 | actor_unlocked=0 | expl_noise=0.0746 | replay=20653 | interaction_replay=8980 | samples/sec=13.071
Episode 242 complete | agent_samples=20753 | env_steps=8743 | episode_env_steps=33 | episode_agent_samples=100 | mean_reward=117.789 | success=5/5 | collision=0/5 | mean_final_distance=0.243 | mean_progress=0.0135 | min_laser=0.656 | mean_lin=0.999 | mean_ang=-0.405 | mean_robot_dist=inf | raw_reward=20.000 | adjusted_reward=20.000 | coop_agents=0/5 | mean_coop_neighbors=0.00 | active_neighbor_step_rate=0.610 | mean_active_neighbors_step=1.130 | max_active_neighbors_step=4 | interaction_reward=0.0000 | abs_interaction_reward=0.0000 | anti_stag_reward=0.0000 | abs_anti_stag_reward=0.0000 | wall_clear_reward=0.0000 | abs_wall_clear_reward=0.0000 | local_nav_reward=0.0000 | abs_local_nav_reward=0.0000 | robot_proximity_reward=-0.2590 | abs_robot_proximity_reward=0.2590 | robot_clearance_reward=0.0400 | context_neighbors_mean=1.14 | context_neighbors_max=4 | last_context_neighbors_mean=0.00 | last_context_neighbors_max=0 | actor_unlocked=0 | expl_noise=0.0745 | replay=20753 | interaction_replay=9002 | samples/sec=13.074
Episode 243 complete | agent_samples=20813 | env_steps=8757 | episode_env_steps=14 | episode_agent_samples=60 | mean_reward=109.725 | success=5/5 | collision=0/5 | mean_final_distance=0.218 | mean_progress=0.0413 | min_laser=0.399 | mean_lin=0.991 | mean_ang=0.940 | mean_robot_dist=inf | raw_reward=40.000 | adjusted_reward=40.000 | coop_agents=0/5 | mean_coop_neighbors=0.00 | active_neighbor_step_rate=0.750 | mean_active_neighbors_step=1.800 | max_active_neighbors_step=4 | interaction_reward=0.0000 | abs_interaction_reward=0.0000 | anti_stag_reward=0.0000 | abs_anti_stag_reward=0.0000 | wall_clear_reward=0.0000 | abs_wall_clear_reward=0.0000 | local_nav_reward=0.0000 | abs_local_nav_reward=0.0000 | robot_proximity_reward=-1.3191 | abs_robot_proximity_reward=1.3191 | robot_clearance_reward=0.0711 | context_neighbors_mean=1.92 | context_neighbors_max=4 | last_context_neighbors_mean=0.00 | last_context_neighbors_max=0 | actor_unlocked=0 | expl_noise=0.0745 | replay=20813 | interaction_replay=9047 | samples/sec=13.085
Episode 244 complete | agent_samples=20848 | env_steps=8766 | episode_env_steps=9 | episode_agent_samples=35 | mean_reward=-19.055 | success=2/5 | collision=3/5 | mean_final_distance=1.294 | mean_progress=0.0186 | min_laser=0.300 | mean_lin=0.600 | mean_ang=-0.600 | mean_robot_dist=inf | raw_reward=20.000 | adjusted_reward=20.000 | coop_agents=0/5 | mean_coop_neighbors=0.00 | active_neighbor_step_rate=0.914 | mean_active_neighbors_step=2.400 | max_active_neighbors_step=4 | interaction_reward=0.0000 | abs_interaction_reward=0.0000 | anti_stag_reward=0.0000 | abs_anti_stag_reward=0.0000 | wall_clear_reward=0.0000 | abs_wall_clear_reward=0.0000 | local_nav_reward=0.0000 | abs_local_nav_reward=0.0000 | robot_proximity_reward=-1.1941 | abs_robot_proximity_reward=1.1941 | robot_clearance_reward=0.0000 | context_neighbors_mean=2.43 | context_neighbors_max=4 | last_context_neighbors_mean=0.00 | last_context_neighbors_max=0 | actor_unlocked=0 | expl_noise=0.0745 | replay=20848 | interaction_replay=9059 | samples/sec=13.090
Episode 245 complete | agent_samples=20972 | env_steps=8828 | episode_env_steps=62 | episode_agent_samples=124 | mean_reward=-18.941 | success=2/5 | collision=3/5 | mean_final_distance=0.572 | mean_progress=0.0001 | min_laser=0.300 | mean_lin=0.942 | mean_ang=0.673 | mean_robot_dist=inf | raw_reward=-20.000 | adjusted_reward=-20.000 | coop_agents=0/5 | mean_coop_neighbors=0.00 | active_neighbor_step_rate=0.460 | mean_active_neighbors_step=1.040 | max_active_neighbors_step=4 | interaction_reward=0.0000 | abs_interaction_reward=0.0000 | anti_stag_reward=0.0000 | abs_anti_stag_reward=0.0000 | wall_clear_reward=0.0000 | abs_wall_clear_reward=0.0000 | local_nav_reward=0.0000 | abs_local_nav_reward=0.0000 | robot_proximity_reward=-0.4391 | abs_robot_proximity_reward=0.4391 | robot_clearance_reward=0.0178 | context_neighbors_mean=1.06 | context_neighbors_max=4 | last_context_neighbors_mean=0.00 | last_context_neighbors_max=0 | actor_unlocked=0 | expl_noise=0.0745 | replay=20972 | interaction_replay=9097 | samples/sec=13.058
Status | epoch=2 | next_eval_in=19028 agent_samples | checkpoint_every=10 episodes | checkpoint=./checkpoints/interaction_focused_actor_5a_init_5d_weak_s20260726_latest.pt | model=interaction_focused_actor_5a_init_5d_weak_s20260726
Actor gradient gate | passed=0 | safety_samples=181 | linear_positive_share=0.414 | angular_one_sided_share=0.967
Episode 246 complete | agent_samples=21063 | env_steps=8864 | episode_env_steps=36 | episode_agent_samples=91 | mean_reward=26.540 | success=3/5 | collision=2/5 | mean_final_distance=0.420 | mean_progress=0.0213 | min_laser=0.300 | mean_lin=0.623 | mean_ang=-0.727 | mean_robot_dist=inf | raw_reward=20.000 | adjusted_reward=20.000 | coop_agents=0/5 | mean_coop_neighbors=0.00 | active_neighbor_step_rate=0.593 | mean_active_neighbors_step=1.319 | max_active_neighbors_step=4 | interaction_reward=0.0000 | abs_interaction_reward=0.0000 | anti_stag_reward=0.0000 | abs_anti_stag_reward=0.0000 | wall_clear_reward=0.0000 | abs_wall_clear_reward=0.0000 | local_nav_reward=0.0000 | abs_local_nav_reward=0.0000 | robot_proximity_reward=-0.3583 | abs_robot_proximity_reward=0.3583 | robot_clearance_reward=0.0230 | context_neighbors_mean=1.36 | context_neighbors_max=4 | last_context_neighbors_mean=0.00 | last_context_neighbors_max=0 | actor_unlocked=0 | expl_noise=0.0745 | replay=21063 | interaction_replay=9113 | samples/sec=13.051
Actor gradient gate | passed=0 | safety_samples=164 | linear_positive_share=0.409 | angular_one_sided_share=0.976
Episode 247 complete | agent_samples=21113 | env_steps=8881 | episode_env_steps=17 | episode_agent_samples=50 | mean_reward=27.609 | success=3/5 | collision=2/5 | mean_final_distance=0.626 | mean_progress=0.0111 | min_laser=0.300 | mean_lin=0.792 | mean_ang=0.747 | mean_robot_dist=inf | raw_reward=20.000 | adjusted_reward=20.000 | coop_agents=0/5 | mean_coop_neighbors=0.00 | active_neighbor_step_rate=0.740 | mean_active_neighbors_step=1.720 | max_active_neighbors_step=4 | interaction_reward=0.0000 | abs_interaction_reward=0.0000 | anti_stag_reward=0.0000 | abs_anti_stag_reward=0.0000 | wall_clear_reward=0.0000 | abs_wall_clear_reward=0.0000 | local_nav_reward=0.0000 | abs_local_nav_reward=0.0000 | robot_proximity_reward=-0.5861 | abs_robot_proximity_reward=0.5861 | robot_clearance_reward=0.0400 | context_neighbors_mean=1.80 | context_neighbors_max=4 | last_context_neighbors_mean=0.00 | last_context_neighbors_max=0 | actor_unlocked=0 | expl_noise=0.0744 | replay=21113 | interaction_replay=9151 | samples/sec=13.051
Actor gradient gate | passed=0 | safety_samples=160 | linear_positive_share=0.425 | angular_one_sided_share=0.994
Episode 248 complete | agent_samples=21246 | env_steps=8952 | episode_env_steps=71 | episode_agent_samples=133 | mean_reward=9.041 | success=3/5 | collision=2/5 | mean_final_distance=0.456 | mean_progress=0.0100 | min_laser=0.300 | mean_lin=1.000 | mean_ang=-0.972 | mean_robot_dist=inf | raw_reward=20.000 | adjusted_reward=20.000 | coop_agents=0/5 | mean_coop_neighbors=0.00 | active_neighbor_step_rate=0.511 | mean_active_neighbors_step=1.008 | max_active_neighbors_step=4 | interaction_reward=0.0000 | abs_interaction_reward=0.0000 | anti_stag_reward=0.0000 | abs_anti_stag_reward=0.0000 | wall_clear_reward=0.0000 | abs_wall_clear_reward=0.0000 | local_nav_reward=0.0000 | abs_local_nav_reward=0.0000 | robot_proximity_reward=-0.5098 | abs_robot_proximity_reward=0.5098 | robot_clearance_reward=0.0337 | context_neighbors_mean=1.03 | context_neighbors_max=4 | last_context_neighbors_mean=0.00 | last_context_neighbors_max=0 | actor_unlocked=0 | expl_noise=0.0744 | replay=21246 | interaction_replay=9193 | samples/sec=13.009
Actor gradient gate | passed=0 | safety_samples=169 | linear_positive_share=0.349 | angular_one_sided_share=0.976
Episode 249 complete | agent_samples=21322 | env_steps=8978 | episode_env_steps=26 | episode_agent_samples=76 | mean_reward=113.606 | success=5/5 | collision=0/5 | mean_final_distance=0.266 | mean_progress=0.0118 | min_laser=0.463 | mean_lin=0.998 | mean_ang=0.600 | mean_robot_dist=inf | raw_reward=20.000 | adjusted_reward=20.000 | coop_agents=0/5 | mean_coop_neighbors=0.00 | active_neighbor_step_rate=0.618 | mean_active_neighbors_step=1.066 | max_active_neighbors_step=4 | interaction_reward=0.0000 | abs_interaction_reward=0.0000 | anti_stag_reward=0.0000 | abs_anti_stag_reward=0.0000 | wall_clear_reward=0.0000 | abs_wall_clear_reward=0.0000 | local_nav_reward=0.0000 | abs_local_nav_reward=0.0000 | robot_proximity_reward=-0.2389 | abs_robot_proximity_reward=0.2389 | robot_clearance_reward=0.0414 | context_neighbors_mean=1.11 | context_neighbors_max=4 | last_context_neighbors_mean=0.00 | last_context_neighbors_max=0 | actor_unlocked=0 | expl_noise=0.0744 | replay=21322 | interaction_replay=9226 | samples/sec=13.010
Actor gradient gate | passed=0 | safety_samples=186 | linear_positive_share=0.452 | angular_one_sided_share=0.973
Episode 250 complete | agent_samples=21387 | env_steps=8999 | episode_env_steps=21 | episode_agent_samples=65 | mean_reward=32.744 | success=3/5 | collision=2/5 | mean_final_distance=0.469 | mean_progress=0.0077 | min_laser=0.300 | mean_lin=0.600 | mean_ang=-0.707 | mean_robot_dist=inf | raw_reward=20.000 | adjusted_reward=20.000 | coop_agents=0/5 | mean_coop_neighbors=0.00 | active_neighbor_step_rate=0.662 | mean_active_neighbors_step=1.400 | max_active_neighbors_step=4 | interaction_reward=0.0000 | abs_interaction_reward=0.0000 | anti_stag_reward=0.0000 | abs_anti_stag_reward=0.0000 | wall_clear_reward=0.0000 | abs_wall_clear_reward=0.0000 | local_nav_reward=0.0000 | abs_local_nav_reward=0.0000 | robot_proximity_reward=-0.3614 | abs_robot_proximity_reward=0.3614 | robot_clearance_reward=0.0000 | context_neighbors_mean=1.40 | context_neighbors_max=4 | last_context_neighbors_mean=0.00 | last_context_neighbors_max=0 | actor_unlocked=0 | expl_noise=0.0744 | replay=21387 | interaction_replay=9246 | samples/sec=13.012
Status | epoch=2 | next_eval_in=18613 agent_samples | checkpoint_every=10 episodes | checkpoint=./checkpoints/interaction_focused_actor_5a_init_5d_weak_s20260726_latest.pt | model=interaction_focused_actor_5a_init_5d_weak_s20260726
Checkpoint saved: ./checkpoints/interaction_focused_actor_5a_init_5d_weak_s20260726_latest.pt
Actor gradient gate | passed=0 | safety_samples=161 | linear_positive_share=0.435 | angular_one_sided_share=0.975
Episode 251 complete | agent_samples=21428 | env_steps=9013 | episode_env_steps=14 | episode_agent_samples=41 | mean_reward=22.823 | success=3/5 | collision=2/5 | mean_final_distance=0.782 | mean_progress=0.0139 | min_laser=0.300 | mean_lin=0.988 | mean_ang=-0.217 | mean_robot_dist=inf | raw_reward=20.000 | adjusted_reward=20.000 | coop_agents=0/5 | mean_coop_neighbors=0.00 | active_neighbor_step_rate=0.707 | mean_active_neighbors_step=2.122 | max_active_neighbors_step=4 | interaction_reward=0.0000 | abs_interaction_reward=0.0000 | anti_stag_reward=0.0000 | abs_anti_stag_reward=0.0000 | wall_clear_reward=0.0000 | abs_wall_clear_reward=0.0000 | local_nav_reward=0.0000 | abs_local_nav_reward=0.0000 | robot_proximity_reward=-1.4241 | abs_robot_proximity_reward=1.4241 | robot_clearance_reward=0.0000 | context_neighbors_mean=2.15 | context_neighbors_max=4 | last_context_neighbors_mean=0.00 | last_context_neighbors_max=0 | actor_unlocked=0 | expl_noise=0.0744 | replay=21428 | interaction_replay=9269 | samples/sec=13.008
Actor gradient gate | passed=0 | safety_samples=170 | linear_positive_share=0.406 | angular_one_sided_share=0.982
Episode 252 complete | agent_samples=21508 | env_steps=9035 | episode_env_steps=22 | episode_agent_samples=80 | mean_reward=70.810 | success=4/5 | collision=1/5 | mean_final_distance=0.338 | mean_progress=0.0237 | min_laser=0.328 | mean_lin=0.998 | mean_ang=-0.406 | mean_robot_dist=inf | raw_reward=20.000 | adjusted_reward=20.000 | coop_agents=0/5 | mean_coop_neighbors=0.00 | active_neighbor_step_rate=0.525 | mean_active_neighbors_step=0.863 | max_active_neighbors_step=4 | interaction_reward=0.0000 | abs_interaction_reward=0.0000 | anti_stag_reward=0.0000 | abs_anti_stag_reward=0.0000 | wall_clear_reward=0.0000 | abs_wall_clear_reward=0.0000 | local_nav_reward=0.0000 | abs_local_nav_reward=0.0000 | robot_proximity_reward=-0.7747 | abs_robot_proximity_reward=0.7747 | robot_clearance_reward=0.0100 | context_neighbors_mean=0.90 | context_neighbors_max=4 | last_context_neighbors_mean=0.00 | last_context_neighbors_max=0 | actor_unlocked=0 | expl_noise=0.0744 | replay=21508 | interaction_replay=9309 | samples/sec=13.018
Actor gradient gate | passed=0 | safety_samples=157 | linear_positive_share=0.414 | angular_one_sided_share=0.987
Episode 253 complete | agent_samples=21551 | env_steps=9047 | episode_env_steps=12 | episode_agent_samples=43 | mean_reward=29.209 | success=3/5 | collision=2/5 | mean_final_distance=0.648 | mean_progress=0.0199 | min_laser=0.300 | mean_lin=1.000 | mean_ang=-0.512 | mean_robot_dist=inf | raw_reward=20.000 | adjusted_reward=20.000 | coop_agents=0/5 | mean_coop_neighbors=0.00 | active_neighbor_step_rate=0.628 | mean_active_neighbors_step=1.674 | max_active_neighbors_step=4 | interaction_reward=0.0000 | abs_interaction_reward=0.0000 | anti_stag_reward=0.0000 | abs_anti_stag_reward=0.0000 | wall_clear_reward=0.0000 | abs_wall_clear_reward=0.0000 | local_nav_reward=0.0000 | abs_local_nav_reward=0.0000 | robot_proximity_reward=-1.0648 | abs_robot_proximity_reward=1.0648 | robot_clearance_reward=0.0517 | context_neighbors_mean=1.74 | context_neighbors_max=4 | last_context_neighbors_mean=0.00 | last_context_neighbors_max=0 | actor_unlocked=0 | expl_noise=0.0743 | replay=21551 | interaction_replay=9334 | samples/sec=13.022
Actor gradient gate | passed=0 | safety_samples=161 | linear_positive_share=0.416 | angular_one_sided_share=0.969
Episode 254 complete | agent_samples=21601 | env_steps=9059 | episode_env_steps=12 | episode_agent_samples=50 | mean_reward=58.863 | success=4/5 | collision=1/5 | mean_final_distance=0.428 | mean_progress=0.0277 | min_laser=0.318 | mean_lin=1.000 | mean_ang=-0.598 | mean_robot_dist=inf | raw_reward=20.000 | adjusted_reward=20.000 | coop_agents=0/5 | mean_coop_neighbors=0.00 | active_neighbor_step_rate=0.780 | mean_active_neighbors_step=2.000 | max_active_neighbors_step=4 | interaction_reward=0.0000 | abs_interaction_reward=0.0000 | anti_stag_reward=0.0000 | abs_anti_stag_reward=0.0000 | wall_clear_reward=0.0000 | abs_wall_clear_reward=0.0000 | local_nav_reward=0.0000 | abs_local_nav_reward=0.0000 | robot_proximity_reward=-1.1276 | abs_robot_proximity_reward=1.1276 | robot_clearance_reward=0.0800 | context_neighbors_mean=2.14 | context_neighbors_max=4 | last_context_neighbors_mean=0.00 | last_context_neighbors_max=0 | actor_unlocked=0 | expl_noise=0.0743 | replay=21601 | interaction_replay=9373 | samples/sec=13.031
Actor gradient gate | passed=0 | safety_samples=179 | linear_positive_share=0.475 | angular_one_sided_share=0.994
Episode 255 complete | agent_samples=21651 | env_steps=9072 | episode_env_steps=13 | episode_agent_samples=50 | mean_reward=70.852 | success=4/5 | collision=1/5 | mean_final_distance=0.471 | mean_progress=0.0211 | min_laser=0.302 | mean_lin=0.992 | mean_ang=0.205 | mean_robot_dist=inf | raw_reward=20.000 | adjusted_reward=20.000 | coop_agents=0/5 | mean_coop_neighbors=0.00 | active_neighbor_step_rate=0.720 | mean_active_neighbors_step=1.840 | max_active_neighbors_step=4 | interaction_reward=0.0000 | abs_interaction_reward=0.0000 | anti_stag_reward=0.0000 | abs_anti_stag_reward=0.0000 | wall_clear_reward=0.0000 | abs_wall_clear_reward=0.0000 | local_nav_reward=0.0000 | abs_local_nav_reward=0.0000 | robot_proximity_reward=-1.1657 | abs_robot_proximity_reward=1.1657 | robot_clearance_reward=0.0000 | context_neighbors_mean=1.92 | context_neighbors_max=4 | last_context_neighbors_mean=0.00 | last_context_neighbors_max=0 | actor_unlocked=0 | expl_noise=0.0743 | replay=21651 | interaction_replay=9411 | samples/sec=13.038
Status | epoch=2 | next_eval_in=18349 agent_samples | checkpoint_every=10 episodes | checkpoint=./checkpoints/interaction_focused_actor_5a_init_5d_weak_s20260726_latest.pt | model=interaction_focused_actor_5a_init_5d_weak_s20260726
Actor gradient gate | passed=0 | safety_samples=165 | linear_positive_share=0.412 | angular_one_sided_share=0.970
Episode 256 complete | agent_samples=21725 | env_steps=9090 | episode_env_steps=18 | episode_agent_samples=74 | mean_reward=29.833 | success=3/5 | collision=2/5 | mean_final_distance=0.425 | mean_progress=0.0153 | min_laser=0.312 | mean_lin=0.599 | mean_ang=-0.194 | mean_robot_dist=0.611 | raw_reward=-41.180 | adjusted_reward=-41.180 | coop_agents=2/5 | mean_coop_neighbors=0.40 | active_neighbor_step_rate=1.000 | mean_active_neighbors_step=2.689 | max_active_neighbors_step=4 | interaction_reward=0.0000 | abs_interaction_reward=0.0000 | anti_stag_reward=0.0000 | abs_anti_stag_reward=0.0000 | wall_clear_reward=0.0000 | abs_wall_clear_reward=0.0000 | local_nav_reward=0.0000 | abs_local_nav_reward=0.0000 | robot_proximity_reward=-0.3008 | abs_robot_proximity_reward=0.3008 | robot_clearance_reward=0.0000 | context_neighbors_mean=2.72 | context_neighbors_max=4 | last_context_neighbors_mean=0.00 | last_context_neighbors_max=0 | actor_unlocked=0 | expl_noise=0.0743 | replay=21725 | interaction_replay=9439 | samples/sec=13.051
Actor gradient gate | passed=0 | safety_samples=184 | linear_positive_share=0.429 | angular_one_sided_share=0.962
Episode 257 complete | agent_samples=21827 | env_steps=9140 | episode_env_steps=50 | episode_agent_samples=102 | mean_reward=83.093 | success=4/5 | collision=1/5 | mean_final_distance=0.598 | mean_progress=0.0092 | min_laser=0.325 | mean_lin=0.991 | mean_ang=-0.375 | mean_robot_dist=inf | raw_reward=20.000 | adjusted_reward=20.000 | coop_agents=0/5 | mean_coop_neighbors=0.00 | active_neighbor_step_rate=0.412 | mean_active_neighbors_step=0.735 | max_active_neighbors_step=4 | interaction_reward=0.0000 | abs_interaction_reward=0.0000 | anti_stag_reward=0.0000 | abs_anti_stag_reward=0.0000 | wall_clear_reward=0.0000 | abs_wall_clear_reward=0.0000 | local_nav_reward=0.0000 | abs_local_nav_reward=0.0000 | robot_proximity_reward=-0.4973 | abs_robot_proximity_reward=0.4973 | robot_clearance_reward=0.0000 | context_neighbors_mean=0.75 | context_neighbors_max=4 | last_context_neighbors_mean=0.00 | last_context_neighbors_max=0 | actor_unlocked=0 | expl_noise=0.0743 | replay=21827 | interaction_replay=9458 | samples/sec=13.026
Actor gradient gate | passed=0 | safety_samples=176 | linear_positive_share=0.369 | angular_one_sided_share=0.983
Episode 258 complete | agent_samples=21907 | env_steps=9176 | episode_env_steps=36 | episode_agent_samples=80 | mean_reward=61.172 | success=4/5 | collision=1/5 | mean_final_distance=0.505 | mean_progress=0.0203 | min_laser=0.333 | mean_lin=0.781 | mean_ang=-0.251 | mean_robot_dist=inf | raw_reward=20.000 | adjusted_reward=20.000 | coop_agents=0/5 | mean_coop_neighbors=0.00 | active_neighbor_step_rate=0.738 | mean_active_neighbors_step=1.600 | max_active_neighbors_step=4 | interaction_reward=0.0000 | abs_interaction_reward=0.0000 | anti_stag_reward=0.0000 | abs_anti_stag_reward=0.0000 | wall_clear_reward=0.0000 | abs_wall_clear_reward=0.0000 | local_nav_reward=0.0000 | abs_local_nav_reward=0.0000 | robot_proximity_reward=-0.9226 | abs_robot_proximity_reward=0.9226 | robot_clearance_reward=0.0500 | context_neighbors_mean=1.61 | context_neighbors_max=4 | last_context_neighbors_mean=0.00 | last_context_neighbors_max=0 | actor_unlocked=0 | expl_noise=0.0743 | replay=21907 | interaction_replay=9488 | samples/sec=13.012
Actor gradient gate | passed=0 | safety_samples=183 | linear_positive_share=0.393 | angular_one_sided_share=0.973
Episode 259 complete | agent_samples=21992 | env_steps=9203 | episode_env_steps=27 | episode_agent_samples=85 | mean_reward=108.466 | success=5/5 | collision=0/5 | mean_final_distance=0.276 | mean_progress=0.0036 | min_laser=0.637 | mean_lin=0.887 | mean_ang=-0.637 | mean_robot_dist=inf | raw_reward=20.000 | adjusted_reward=20.000 | coop_agents=0/5 | mean_coop_neighbors=0.00 | active_neighbor_step_rate=0.671 | mean_active_neighbors_step=1.365 | max_active_neighbors_step=4 | interaction_reward=0.0000 | abs_interaction_reward=0.0000 | anti_stag_reward=0.0000 | abs_anti_stag_reward=0.0000 | wall_clear_reward=0.0000 | abs_wall_clear_reward=0.0000 | local_nav_reward=0.0000 | abs_local_nav_reward=0.0000 | robot_proximity_reward=-0.2375 | abs_robot_proximity_reward=0.2375 | robot_clearance_reward=0.0536 | context_neighbors_mean=1.41 | context_neighbors_max=4 | last_context_neighbors_mean=0.00 | last_context_neighbors_max=0 | actor_unlocked=0 | expl_noise=0.0742 | replay=21992 | interaction_replay=9546 | samples/sec=13.017
Actor gradient gate | passed=0 | safety_samples=183 | linear_positive_share=0.377 | angular_one_sided_share=0.973
Episode 260 complete | agent_samples=22041 | env_steps=9217 | episode_env_steps=14 | episode_agent_samples=49 | mean_reward=59.217 | success=4/5 | collision=1/5 | mean_final_distance=0.475 | mean_progress=0.0241 | min_laser=0.300 | mean_lin=0.996 | mean_ang=0.888 | mean_robot_dist=inf | raw_reward=20.000 | adjusted_reward=20.000 | coop_agents=0/5 | mean_coop_neighbors=0.00 | active_neighbor_step_rate=0.878 | mean_active_neighbors_step=1.959 | max_active_neighbors_step=3 | interaction_reward=0.0000 | abs_interaction_reward=0.0000 | anti_stag_reward=0.0000 | abs_anti_stag_reward=0.0000 | wall_clear_reward=0.0000 | abs_wall_clear_reward=0.0000 | local_nav_reward=0.0000 | abs_local_nav_reward=0.0000 | robot_proximity_reward=-0.9541 | abs_robot_proximity_reward=0.9541 | robot_clearance_reward=0.0819 | context_neighbors_mean=2.08 | context_neighbors_max=3 | last_context_neighbors_mean=0.00 | last_context_neighbors_max=0 | actor_unlocked=0 | expl_noise=0.0742 | replay=22041 | interaction_replay=9590 | samples/sec=13.021
Status | epoch=2 | next_eval_in=17959 agent_samples | checkpoint_every=10 episodes | checkpoint=./checkpoints/interaction_focused_actor_5a_init_5d_weak_s20260726_latest.pt | model=interaction_focused_actor_5a_init_5d_weak_s20260726
Checkpoint saved: ./checkpoints/interaction_focused_actor_5a_init_5d_weak_s20260726_latest.pt
Actor gradient gate | passed=0 | safety_samples=171 | linear_positive_share=0.363 | angular_one_sided_share=0.988
Episode 261 complete | agent_samples=22160 | env_steps=9271 | episode_env_steps=54 | episode_agent_samples=119 | mean_reward=29.606 | success=3/5 | collision=2/5 | mean_final_distance=0.763 | mean_progress=0.0084 | min_laser=0.300 | mean_lin=0.785 | mean_ang=-0.188 | mean_robot_dist=inf | raw_reward=20.000 | adjusted_reward=20.000 | coop_agents=0/5 | mean_coop_neighbors=0.00 | active_neighbor_step_rate=0.681 | mean_active_neighbors_step=1.731 | max_active_neighbors_step=4 | interaction_reward=0.0000 | abs_interaction_reward=0.0000 | anti_stag_reward=0.0000 | abs_anti_stag_reward=0.0000 | wall_clear_reward=0.0000 | abs_wall_clear_reward=0.0000 | local_nav_reward=0.0000 | abs_local_nav_reward=0.0000 | robot_proximity_reward=-0.2445 | abs_robot_proximity_reward=0.2445 | robot_clearance_reward=0.0000 | context_neighbors_mean=1.75 | context_neighbors_max=4 | last_context_neighbors_mean=0.00 | last_context_neighbors_max=0 | actor_unlocked=0 | expl_noise=0.0742 | replay=22160 | interaction_replay=9614 | samples/sec=12.996
Actor gradient gate | passed=0 | safety_samples=172 | linear_positive_share=0.355 | angular_one_sided_share=0.948
Episode 262 complete | agent_samples=22219 | env_steps=9291 | episode_env_steps=20 | episode_agent_samples=59 | mean_reward=28.084 | success=3/5 | collision=2/5 | mean_final_distance=0.640 | mean_progress=0.0276 | min_laser=0.300 | mean_lin=0.785 | mean_ang=0.112 | mean_robot_dist=inf | raw_reward=20.000 | adjusted_reward=20.000 | coop_agents=0/5 | mean_coop_neighbors=0.00 | active_neighbor_step_rate=0.881 | mean_active_neighbors_step=1.797 | max_active_neighbors_step=4 | interaction_reward=0.0000 | abs_interaction_reward=0.0000 | anti_stag_reward=0.0000 | abs_anti_stag_reward=0.0000 | wall_clear_reward=0.0000 | abs_wall_clear_reward=0.0000 | local_nav_reward=0.0000 | abs_local_nav_reward=0.0000 | robot_proximity_reward=-0.9601 | abs_robot_proximity_reward=0.9601 | robot_clearance_reward=0.0339 | context_neighbors_mean=1.83 | context_neighbors_max=4 | last_context_neighbors_mean=0.00 | last_context_neighbors_max=0 | actor_unlocked=0 | expl_noise=0.0742 | replay=22219 | interaction_replay=9665 | samples/sec=12.997
Actor gradient gate | passed=0 | safety_samples=161 | linear_positive_share=0.323 | angular_one_sided_share=0.963
Episode 263 complete | agent_samples=22314 | env_steps=9329 | episode_env_steps=38 | episode_agent_samples=95 | mean_reward=111.739 | success=5/5 | collision=0/5 | mean_final_distance=0.261 | mean_progress=0.0126 | min_laser=0.487 | mean_lin=0.969 | mean_ang=-0.257 | mean_robot_dist=inf | raw_reward=20.000 | adjusted_reward=20.000 | coop_agents=0/5 | mean_coop_neighbors=0.00 | active_neighbor_step_rate=0.432 | mean_active_neighbors_step=1.232 | max_active_neighbors_step=4 | interaction_reward=0.0000 | abs_interaction_reward=0.0000 | anti_stag_reward=0.0000 | abs_anti_stag_reward=0.0000 | wall_clear_reward=0.0000 | abs_wall_clear_reward=0.0000 | local_nav_reward=0.0000 | abs_local_nav_reward=0.0000 | robot_proximity_reward=-0.1217 | abs_robot_proximity_reward=0.1217 | robot_clearance_reward=0.0000 | context_neighbors_mean=1.23 | context_neighbors_max=4 | last_context_neighbors_mean=0.00 | last_context_neighbors_max=0 | actor_unlocked=0 | expl_noise=0.0742 | replay=22314 | interaction_replay=9694 | samples/sec=12.989
Actor gradient gate | passed=0 | safety_samples=176 | linear_positive_share=0.335 | angular_one_sided_share=0.972
Episode 264 complete | agent_samples=22375 | env_steps=9350 | episode_env_steps=21 | episode_agent_samples=61 | mean_reward=27.577 | success=3/5 | collision=2/5 | mean_final_distance=0.603 | mean_progress=0.0468 | min_laser=0.300 | mean_lin=0.999 | mean_ang=0.197 | mean_robot_dist=inf | raw_reward=40.000 | adjusted_reward=40.000 | coop_agents=1/5 | mean_coop_neighbors=0.20 | active_neighbor_step_rate=0.639 | mean_active_neighbors_step=1.066 | max_active_neighbors_step=4 | interaction_reward=0.0000 | abs_interaction_reward=0.0000 | anti_stag_reward=0.0000 | abs_anti_stag_reward=0.0000 | wall_clear_reward=0.0000 | abs_wall_clear_reward=0.0000 | local_nav_reward=0.0000 | abs_local_nav_reward=0.0000 | robot_proximity_reward=-1.0174 | abs_robot_proximity_reward=1.0174 | robot_clearance_reward=0.0871 | context_neighbors_mean=1.10 | context_neighbors_max=4 | last_context_neighbors_mean=0.00 | last_context_neighbors_max=0 | actor_unlocked=0 | expl_noise=0.0742 | replay=22375 | interaction_replay=9712 | samples/sec=12.989
Actor gradient gate | passed=0 | safety_samples=165 | linear_positive_share=0.376 | angular_one_sided_share=0.958
Episode 265 complete | agent_samples=22434 | env_steps=9367 | episode_env_steps=17 | episode_agent_samples=59 | mean_reward=23.862 | success=3/5 | collision=2/5 | mean_final_distance=0.265 | mean_progress=0.0425 | min_laser=0.319 | mean_lin=0.795 | mean_ang=-0.532 | mean_robot_dist=inf | raw_reward=40.000 | adjusted_reward=40.000 | coop_agents=1/5 | mean_coop_neighbors=0.20 | active_neighbor_step_rate=0.729 | mean_active_neighbors_step=1.424 | max_active_neighbors_step=4 | interaction_reward=0.0000 | abs_interaction_reward=0.0000 | anti_stag_reward=0.0000 | abs_anti_stag_reward=0.0000 | wall_clear_reward=0.0000 | abs_wall_clear_reward=0.0000 | local_nav_reward=0.0000 | abs_local_nav_reward=0.0000 | robot_proximity_reward=-1.1042 | abs_robot_proximity_reward=1.1042 | robot_clearance_reward=0.0339 | context_neighbors_mean=1.46 | context_neighbors_max=4 | last_context_neighbors_mean=0.00 | last_context_neighbors_max=0 | actor_unlocked=0 | expl_noise=0.0741 | replay=22434 | interaction_replay=9753 | samples/sec=12.995
Status | epoch=2 | next_eval_in=17566 agent_samples | checkpoint_every=10 episodes | checkpoint=./checkpoints/interaction_focused_actor_5a_init_5d_weak_s20260726_latest.pt | model=interaction_focused_actor_5a_init_5d_weak_s20260726
Actor gradient gate | passed=0 | safety_samples=193 | linear_positive_share=0.363 | angular_one_sided_share=0.969
Episode 266 complete | agent_samples=22504 | env_steps=9391 | episode_env_steps=24 | episode_agent_samples=70 | mean_reward=73.242 | success=4/5 | collision=1/5 | mean_final_distance=0.563 | mean_progress=0.0229 | min_laser=0.300 | mean_lin=0.977 | mean_ang=0.235 | mean_robot_dist=inf | raw_reward=20.000 | adjusted_reward=20.000 | coop_agents=0/5 | mean_coop_neighbors=0.00 | active_neighbor_step_rate=0.486 | mean_active_neighbors_step=1.314 | max_active_neighbors_step=4 | interaction_reward=0.0000 | abs_interaction_reward=0.0000 | anti_stag_reward=0.0000 | abs_anti_stag_reward=0.0000 | wall_clear_reward=0.0000 | abs_wall_clear_reward=0.0000 | local_nav_reward=0.0000 | abs_local_nav_reward=0.0000 | robot_proximity_reward=-0.6163 | abs_robot_proximity_reward=0.6163 | robot_clearance_reward=0.0610 | context_neighbors_mean=1.33 | context_neighbors_max=4 | last_context_neighbors_mean=0.00 | last_context_neighbors_max=0 | actor_unlocked=0 | expl_noise=0.0741 | replay=22504 | interaction_replay=9778 | samples/sec=12.995
Actor gradient gate | passed=0 | safety_samples=190 | linear_positive_share=0.353 | angular_one_sided_share=0.963
Episode 267 complete | agent_samples=22550 | env_steps=9401 | episode_env_steps=10 | episode_agent_samples=46 | mean_reward=19.610 | success=3/5 | collision=2/5 | mean_final_distance=0.511 | mean_progress=0.0186 | min_laser=0.311 | mean_lin=0.979 | mean_ang=-0.358 | mean_robot_dist=inf | raw_reward=20.000 | adjusted_reward=20.000 | coop_agents=0/5 | mean_coop_neighbors=0.00 | active_neighbor_step_rate=0.957 | mean_active_neighbors_step=2.630 | max_active_neighbors_step=4 | interaction_reward=0.0000 | abs_interaction_reward=0.0000 | anti_stag_reward=0.0000 | abs_anti_stag_reward=0.0000 | wall_clear_reward=0.0000 | abs_wall_clear_reward=0.0000 | local_nav_reward=0.0000 | abs_local_nav_reward=0.0000 | robot_proximity_reward=-1.6275 | abs_robot_proximity_reward=1.6275 | robot_clearance_reward=0.0000 | context_neighbors_mean=2.74 | context_neighbors_max=4 | last_context_neighbors_mean=0.00 | last_context_neighbors_max=0 | actor_unlocked=0 | expl_noise=0.0741 | replay=22550 | interaction_replay=9823 | samples/sec=13.004
Actor gradient gate | passed=0 | safety_samples=170 | linear_positive_share=0.371 | angular_one_sided_share=0.959
Episode 268 complete | agent_samples=22595 | env_steps=9420 | episode_env_steps=19 | episode_agent_samples=45 | mean_reward=20.202 | success=3/5 | collision=2/5 | mean_final_distance=0.544 | mean_progress=0.0226 | min_laser=0.300 | mean_lin=0.997 | mean_ang=0.582 | mean_robot_dist=inf | raw_reward=20.000 | adjusted_reward=20.000 | coop_agents=0/5 | mean_coop_neighbors=0.00 | active_neighbor_step_rate=0.689 | mean_active_neighbors_step=1.533 | max_active_neighbors_step=4 | interaction_reward=0.0000 | abs_interaction_reward=0.0000 | anti_stag_reward=0.0000 | abs_anti_stag_reward=0.0000 | wall_clear_reward=0.0000 | abs_wall_clear_reward=0.0000 | local_nav_reward=0.0000 | abs_local_nav_reward=0.0000 | robot_proximity_reward=-1.1773 | abs_robot_proximity_reward=1.1773 | robot_clearance_reward=0.0000 | context_neighbors_mean=1.60 | context_neighbors_max=4 | last_context_neighbors_mean=0.00 | last_context_neighbors_max=0 | actor_unlocked=0 | expl_noise=0.0741 | replay=22595 | interaction_replay=9853 | samples/sec=12.998
Actor gradient gate | passed=0 | safety_samples=159 | linear_positive_share=0.390 | angular_one_sided_share=0.975
Episode 269 complete | agent_samples=22665 | env_steps=9444 | episode_env_steps=24 | episode_agent_samples=70 | mean_reward=19.027 | success=3/5 | collision=2/5 | mean_final_distance=0.750 | mean_progress=0.0069 | min_laser=0.304 | mean_lin=0.604 | mean_ang=-0.194 | mean_robot_dist=inf | raw_reward=20.000 | adjusted_reward=20.000 | coop_agents=0/5 | mean_coop_neighbors=0.00 | active_neighbor_step_rate=0.900 | mean_active_neighbors_step=2.114 | max_active_neighbors_step=4 | interaction_reward=0.0000 | abs_interaction_reward=0.0000 | anti_stag_reward=0.0000 | abs_anti_stag_reward=0.0000 | wall_clear_reward=0.0000 | abs_wall_clear_reward=0.0000 | local_nav_reward=0.0000 | abs_local_nav_reward=0.0000 | robot_proximity_reward=-0.8758 | abs_robot_proximity_reward=0.8758 | robot_clearance_reward=0.0000 | context_neighbors_mean=2.13 | context_neighbors_max=4 | last_context_neighbors_mean=0.00 | last_context_neighbors_max=0 | actor_unlocked=0 | expl_noise=0.0741 | replay=22665 | interaction_replay=9871 | samples/sec=12.999
Actor gradient gate | passed=0 | safety_samples=171 | linear_positive_share=0.409 | angular_one_sided_share=0.977
Episode 270 complete | agent_samples=22728 | env_steps=9470 | episode_env_steps=26 | episode_agent_samples=63 | mean_reward=53.268 | success=4/5 | collision=1/5 | mean_final_distance=0.313 | mean_progress=0.0013 | min_laser=0.332 | mean_lin=0.988 | mean_ang=0.191 | mean_robot_dist=inf | raw_reward=20.000 | adjusted_reward=20.000 | coop_agents=0/5 | mean_coop_neighbors=0.00 | active_neighbor_step_rate=0.714 | mean_active_neighbors_step=2.000 | max_active_neighbors_step=4 | interaction_reward=0.0000 | abs_interaction_reward=0.0000 | anti_stag_reward=0.0000 | abs_anti_stag_reward=0.0000 | wall_clear_reward=0.0000 | abs_wall_clear_reward=0.0000 | local_nav_reward=0.0000 | abs_local_nav_reward=0.0000 | robot_proximity_reward=-0.8231 | abs_robot_proximity_reward=0.8231 | robot_clearance_reward=0.0635 | context_neighbors_mean=2.08 | context_neighbors_max=4 | last_context_neighbors_mean=0.00 | last_context_neighbors_max=0 | actor_unlocked=0 | expl_noise=0.0741 | replay=22728 | interaction_replay=9916 | samples/sec=12.992
Status | epoch=2 | next_eval_in=17272 agent_samples | checkpoint_every=10 episodes | checkpoint=./checkpoints/interaction_focused_actor_5a_init_5d_weak_s20260726_latest.pt | model=interaction_focused_actor_5a_init_5d_weak_s20260726
Checkpoint saved: ./checkpoints/interaction_focused_actor_5a_init_5d_weak_s20260726_latest.pt
Actor gradient gate | passed=0 | safety_samples=175 | linear_positive_share=0.417 | angular_one_sided_share=0.937
Episode 271 complete | agent_samples=22794 | env_steps=9496 | episode_env_steps=26 | episode_agent_samples=66 | mean_reward=108.566 | success=5/5 | collision=0/5 | mean_final_distance=0.261 | mean_progress=0.0142 | min_laser=0.713 | mean_lin=0.987 | mean_ang=-0.184 | mean_robot_dist=inf | raw_reward=20.000 | adjusted_reward=20.000 | coop_agents=0/5 | mean_coop_neighbors=0.00 | active_neighbor_step_rate=0.621 | mean_active_neighbors_step=1.364 | max_active_neighbors_step=4 | interaction_reward=0.0000 | abs_interaction_reward=0.0000 | anti_stag_reward=0.0000 | abs_anti_stag_reward=0.0000 | wall_clear_reward=0.0000 | abs_wall_clear_reward=0.0000 | local_nav_reward=0.0000 | abs_local_nav_reward=0.0000 | robot_proximity_reward=-0.4267 | abs_robot_proximity_reward=0.4267 | robot_clearance_reward=0.0606 | context_neighbors_mean=1.42 | context_neighbors_max=4 | last_context_neighbors_mean=0.00 | last_context_neighbors_max=0 | actor_unlocked=0 | expl_noise=0.0741 | replay=22794 | interaction_replay=9957 | samples/sec=12.983
Actor gradient gate | passed=0 | safety_samples=188 | linear_positive_share=0.436 | angular_one_sided_share=0.968
Episode 272 complete | agent_samples=22852 | env_steps=9509 | episode_env_steps=13 | episode_agent_samples=58 | mean_reward=27.622 | success=3/5 | collision=2/5 | mean_final_distance=0.642 | mean_progress=0.0279 | min_laser=0.301 | mean_lin=0.800 | mean_ang=-0.133 | mean_robot_dist=0.506 | raw_reward=-42.544 | adjusted_reward=-42.544 | coop_agents=2/5 | mean_coop_neighbors=0.40 | active_neighbor_step_rate=0.638 | mean_active_neighbors_step=1.569 | max_active_neighbors_step=4 | interaction_reward=0.0000 | abs_interaction_reward=0.0000 | anti_stag_reward=0.0000 | abs_anti_stag_reward=0.0000 | wall_clear_reward=0.0000 | abs_wall_clear_reward=0.0000 | local_nav_reward=0.0000 | abs_local_nav_reward=0.0000 | robot_proximity_reward=-0.7565 | abs_robot_proximity_reward=0.7565 | robot_clearance_reward=0.0420 | context_neighbors_mean=1.60 | context_neighbors_max=4 | last_context_neighbors_mean=0.00 | last_context_neighbors_max=0 | actor_unlocked=0 | expl_noise=0.0741 | replay=22852 | interaction_replay=9980 | samples/sec=12.994
Actor gradient gate | passed=0 | safety_samples=189 | linear_positive_share=0.354 | angular_one_sided_share=0.974
Episode 273 complete | agent_samples=22929 | env_steps=9529 | episode_env_steps=20 | episode_agent_samples=77 | mean_reward=30.827 | success=3/5 | collision=2/5 | mean_final_distance=0.452 | mean_progress=0.0217 | min_laser=0.300 | mean_lin=0.774 | mean_ang=-0.201 | mean_robot_dist=inf | raw_reward=20.000 | adjusted_reward=20.000 | coop_agents=0/5 | mean_coop_neighbors=0.00 | active_neighbor_step_rate=0.935 | mean_active_neighbors_step=2.286 | max_active_neighbors_step=4 | interaction_reward=0.0000 | abs_interaction_reward=0.0000 | anti_stag_reward=0.0000 | abs_anti_stag_reward=0.0000 | wall_clear_reward=0.0000 | abs_wall_clear_reward=0.0000 | local_nav_reward=0.0000 | abs_local_nav_reward=0.0000 | robot_proximity_reward=-0.6020 | abs_robot_proximity_reward=0.6020 | robot_clearance_reward=0.0301 | context_neighbors_mean=2.31 | context_neighbors_max=4 | last_context_neighbors_mean=0.00 | last_context_neighbors_max=0 | actor_unlocked=0 | expl_noise=0.0740 | replay=22929 | interaction_replay=10004 | samples/sec=13.004
Actor gradient gate | passed=0 | safety_samples=180 | linear_positive_share=0.361 | angular_one_sided_share=0.939
Episode 274 complete | agent_samples=22998 | env_steps=9557 | episode_env_steps=28 | episode_agent_samples=69 | mean_reward=10.394 | success=3/5 | collision=2/5 | mean_final_distance=0.747 | mean_progress=0.0137 | min_laser=0.301 | mean_lin=0.962 | mean_ang=0.221 | mean_robot_dist=inf | raw_reward=20.000 | adjusted_reward=20.000 | coop_agents=0/5 | mean_coop_neighbors=0.00 | active_neighbor_step_rate=0.812 | mean_active_neighbors_step=1.855 | max_active_neighbors_step=4 | interaction_reward=0.0000 | abs_interaction_reward=0.0000 | anti_stag_reward=0.0000 | abs_anti_stag_reward=0.0000 | wall_clear_reward=0.0000 | abs_wall_clear_reward=0.0000 | local_nav_reward=0.0000 | abs_local_nav_reward=0.0000 | robot_proximity_reward=-0.8703 | abs_robot_proximity_reward=0.8703 | robot_clearance_reward=0.0000 | context_neighbors_mean=1.84 | context_neighbors_max=4 | last_context_neighbors_mean=0.00 | last_context_neighbors_max=0 | actor_unlocked=0 | expl_noise=0.0740 | replay=22998 | interaction_replay=10018 | samples/sec=12.998
Actor gradient gate | passed=0 | safety_samples=181 | linear_positive_share=0.326 | angular_one_sided_share=0.967
Episode 275 complete | agent_samples=23081 | env_steps=9588 | episode_env_steps=31 | episode_agent_samples=83 | mean_reward=113.496 | success=5/5 | collision=0/5 | mean_final_distance=0.258 | mean_progress=0.0191 | min_laser=0.556 | mean_lin=1.000 | mean_ang=0.542 | mean_robot_dist=inf | raw_reward=20.000 | adjusted_reward=20.000 | coop_agents=0/5 | mean_coop_neighbors=0.00 | active_neighbor_step_rate=0.747 | mean_active_neighbors_step=1.530 | max_active_neighbors_step=4 | interaction_reward=0.0000 | abs_interaction_reward=0.0000 | anti_stag_reward=0.0000 | abs_anti_stag_reward=0.0000 | wall_clear_reward=0.0000 | abs_wall_clear_reward=0.0000 | local_nav_reward=0.0000 | abs_local_nav_reward=0.0000 | robot_proximity_reward=-0.4887 | abs_robot_proximity_reward=0.4887 | robot_clearance_reward=0.0502 | context_neighbors_mean=1.52 | context_neighbors_max=4 | last_context_neighbors_mean=0.00 | last_context_neighbors_max=0 | actor_unlocked=0 | expl_noise=0.0740 | replay=23081 | interaction_replay=10035 | samples/sec=12.995
Status | epoch=2 | next_eval_in=16919 agent_samples | checkpoint_every=10 episodes | checkpoint=./checkpoints/interaction_focused_actor_5a_init_5d_weak_s20260726_latest.pt | model=interaction_focused_actor_5a_init_5d_weak_s20260726
Actor gradient gate | passed=0 | safety_samples=159 | linear_positive_share=0.333 | angular_one_sided_share=0.950
Episode 276 complete | agent_samples=23123 | env_steps=9601 | episode_env_steps=13 | episode_agent_samples=42 | mean_reward=34.293 | success=3/5 | collision=2/5 | mean_final_distance=0.568 | mean_progress=0.0122 | min_laser=0.300 | mean_lin=0.609 | mean_ang=-0.212 | mean_robot_dist=inf | raw_reward=20.000 | adjusted_reward=20.000 | coop_agents=0/5 | mean_coop_neighbors=0.00 | active_neighbor_step_rate=0.643 | mean_active_neighbors_step=1.500 | max_active_neighbors_step=4 | interaction_reward=0.0000 | abs_interaction_reward=0.0000 | anti_stag_reward=0.0000 | abs_anti_stag_reward=0.0000 | wall_clear_reward=0.0000 | abs_wall_clear_reward=0.0000 | local_nav_reward=0.0000 | abs_local_nav_reward=0.0000 | robot_proximity_reward=-0.5658 | abs_robot_proximity_reward=0.5658 | robot_clearance_reward=0.0000 | context_neighbors_mean=1.62 | context_neighbors_max=4 | last_context_neighbors_mean=0.00 | last_context_neighbors_max=0 | actor_unlocked=0 | expl_noise=0.0740 | replay=23123 | interaction_replay=10058 | samples/sec=12.997
Actor gradient gate | passed=0 | safety_samples=173 | linear_positive_share=0.353 | angular_one_sided_share=0.960
Episode 277 complete | agent_samples=23176 | env_steps=9619 | episode_env_steps=18 | episode_agent_samples=53 | mean_reward=66.656 | success=4/5 | collision=1/5 | mean_final_distance=0.317 | mean_progress=0.0276 | min_laser=0.302 | mean_lin=0.758 | mean_ang=0.573 | mean_robot_dist=inf | raw_reward=20.000 | adjusted_reward=20.000 | coop_agents=0/5 | mean_coop_neighbors=0.00 | active_neighbor_step_rate=0.792 | mean_active_neighbors_step=1.566 | max_active_neighbors_step=4 | interaction_reward=0.0000 | abs_interaction_reward=0.0000 | anti_stag_reward=0.0000 | abs_anti_stag_reward=0.0000 | wall_clear_reward=0.0000 | abs_wall_clear_reward=0.0000 | local_nav_reward=0.0000 | abs_local_nav_reward=0.0000 | robot_proximity_reward=-0.9631 | abs_robot_proximity_reward=0.9631 | robot_clearance_reward=0.0377 | context_neighbors_mean=1.58 | context_neighbors_max=4 | last_context_neighbors_mean=0.00 | last_context_neighbors_max=0 | actor_unlocked=0 | expl_noise=0.0740 | replay=23176 | interaction_replay=10099 | samples/sec=12.997
Actor gradient gate | passed=0 | safety_samples=174 | linear_positive_share=0.293 | angular_one_sided_share=0.954
Episode 278 complete | agent_samples=23343 | env_steps=9732 | episode_env_steps=113 | episode_agent_samples=167 | mean_reward=104.775 | success=5/5 | collision=0/5 | mean_final_distance=0.259 | mean_progress=0.0053 | min_laser=0.570 | mean_lin=0.977 | mean_ang=-0.200 | mean_robot_dist=inf | raw_reward=20.000 | adjusted_reward=20.000 | coop_agents=0/5 | mean_coop_neighbors=0.00 | active_neighbor_step_rate=0.377 | mean_active_neighbors_step=0.928 | max_active_neighbors_step=4 | interaction_reward=0.0000 | abs_interaction_reward=0.0000 | anti_stag_reward=0.0000 | abs_anti_stag_reward=0.0000 | wall_clear_reward=0.0000 | abs_wall_clear_reward=0.0000 | local_nav_reward=0.0000 | abs_local_nav_reward=0.0000 | robot_proximity_reward=-0.1300 | abs_robot_proximity_reward=0.1300 | robot_clearance_reward=0.0246 | context_neighbors_mean=0.96 | context_neighbors_max=4 | last_context_neighbors_mean=0.00 | last_context_neighbors_max=0 | actor_unlocked=0 | expl_noise=0.0739 | replay=23343 | interaction_replay=10153 | samples/sec=12.914
Actor gradient gate | passed=0 | safety_samples=167 | linear_positive_share=0.287 | angular_one_sided_share=0.958
Episode 279 complete | agent_samples=23425 | env_steps=9757 | episode_env_steps=25 | episode_agent_samples=82 | mean_reward=90.390 | success=4/5 | collision=1/5 | mean_final_distance=0.273 | mean_progress=0.0188 | min_laser=0.345 | mean_lin=0.599 | mean_ang=-0.996 | mean_robot_dist=inf | raw_reward=20.000 | adjusted_reward=20.000 | coop_agents=0/5 | mean_coop_neighbors=0.00 | active_neighbor_step_rate=0.683 | mean_active_neighbors_step=1.780 | max_active_neighbors_step=4 | interaction_reward=0.0000 | abs_interaction_reward=0.0000 | anti_stag_reward=0.0000 | abs_anti_stag_reward=0.0000 | wall_clear_reward=0.0000 | abs_wall_clear_reward=0.0000 | local_nav_reward=0.0000 | abs_local_nav_reward=0.0000 | robot_proximity_reward=-0.3518 | abs_robot_proximity_reward=0.3518 | robot_clearance_reward=0.0244 | context_neighbors_mean=1.83 | context_neighbors_max=4 | last_context_neighbors_mean=0.00 | last_context_neighbors_max=0 | actor_unlocked=0 | expl_noise=0.0739 | replay=23425 | interaction_replay=10194 | samples/sec=12.920
Actor gradient gate | passed=0 | safety_samples=168 | linear_positive_share=0.375 | angular_one_sided_share=0.952
Episode 280 complete | agent_samples=23512 | env_steps=9784 | episode_env_steps=27 | episode_agent_samples=87 | mean_reward=107.695 | success=5/5 | collision=0/5 | mean_final_distance=0.261 | mean_progress=0.0076 | min_laser=0.586 | mean_lin=0.880 | mean_ang=0.186 | mean_robot_dist=inf | raw_reward=20.000 | adjusted_reward=20.000 | coop_agents=0/5 | mean_coop_neighbors=0.00 | active_neighbor_step_rate=0.805 | mean_active_neighbors_step=1.908 | max_active_neighbors_step=4 | interaction_reward=0.0000 | abs_interaction_reward=0.0000 | anti_stag_reward=0.0000 | abs_anti_stag_reward=0.0000 | wall_clear_reward=0.0000 | abs_wall_clear_reward=0.0000 | local_nav_reward=0.0000 | abs_local_nav_reward=0.0000 | robot_proximity_reward=-0.4492 | abs_robot_proximity_reward=0.4492 | robot_clearance_reward=0.0460 | context_neighbors_mean=1.98 | context_neighbors_max=4 | last_context_neighbors_mean=0.00 | last_context_neighbors_max=0 | actor_unlocked=0 | expl_noise=0.0739 | replay=23512 | interaction_replay=10236 | samples/sec=12.926
Status | epoch=2 | next_eval_in=16488 agent_samples | checkpoint_every=10 episodes | checkpoint=./checkpoints/interaction_focused_actor_5a_init_5d_weak_s20260726_latest.pt | model=interaction_focused_actor_5a_init_5d_weak_s20260726
Checkpoint saved: ./checkpoints/interaction_focused_actor_5a_init_5d_weak_s20260726_latest.pt
Actor gradient gate | passed=0 | safety_samples=170 | linear_positive_share=0.465 | angular_one_sided_share=0.971
Episode 281 complete | agent_samples=23581 | env_steps=9807 | episode_env_steps=23 | episode_agent_samples=69 | mean_reward=116.640 | success=5/5 | collision=0/5 | mean_final_distance=0.234 | mean_progress=0.0147 | min_laser=0.514 | mean_lin=0.997 | mean_ang=-0.216 | mean_robot_dist=inf | raw_reward=20.000 | adjusted_reward=20.000 | coop_agents=0/5 | mean_coop_neighbors=0.00 | active_neighbor_step_rate=0.855 | mean_active_neighbors_step=1.942 | max_active_neighbors_step=4 | interaction_reward=0.0000 | abs_interaction_reward=0.0000 | anti_stag_reward=0.0000 | abs_anti_stag_reward=0.0000 | wall_clear_reward=0.0000 | abs_wall_clear_reward=0.0000 | local_nav_reward=0.0000 | abs_local_nav_reward=0.0000 | robot_proximity_reward=-0.1401 | abs_robot_proximity_reward=0.1401 | robot_clearance_reward=0.0800 | context_neighbors_mean=2.00 | context_neighbors_max=4 | last_context_neighbors_mean=0.00 | last_context_neighbors_max=0 | actor_unlocked=0 | expl_noise=0.0739 | replay=23581 | interaction_replay=10273 | samples/sec=12.924
Actor gradient gate | passed=0 | safety_samples=188 | linear_positive_share=0.404 | angular_one_sided_share=0.968
Episode 282 complete | agent_samples=23661 | env_steps=9846 | episode_env_steps=39 | episode_agent_samples=80 | mean_reward=124.356 | success=5/5 | collision=0/5 | mean_final_distance=0.279 | mean_progress=0.0074 | min_laser=0.419 | mean_lin=0.990 | mean_ang=0.989 | mean_robot_dist=inf | raw_reward=20.000 | adjusted_reward=20.000 | coop_agents=0/5 | mean_coop_neighbors=0.00 | active_neighbor_step_rate=0.575 | mean_active_neighbors_step=1.200 | max_active_neighbors_step=4 | interaction_reward=0.0000 | abs_interaction_reward=0.0000 | anti_stag_reward=0.0000 | abs_anti_stag_reward=0.0000 | wall_clear_reward=0.0000 | abs_wall_clear_reward=0.0000 | local_nav_reward=0.0000 | abs_local_nav_reward=0.0000 | robot_proximity_reward=-0.2320 | abs_robot_proximity_reward=0.2320 | robot_clearance_reward=0.0250 | context_neighbors_mean=1.26 | context_neighbors_max=4 | last_context_neighbors_mean=0.00 | last_context_neighbors_max=0 | actor_unlocked=0 | expl_noise=0.0738 | replay=23661 | interaction_replay=10313 | samples/sec=12.906
Actor gradient gate | passed=0 | safety_samples=173 | linear_positive_share=0.318 | angular_one_sided_share=0.965
Episode 283 complete | agent_samples=23722 | env_steps=9865 | episode_env_steps=19 | episode_agent_samples=61 | mean_reward=-15.093 | success=2/5 | collision=3/5 | mean_final_distance=0.890 | mean_progress=0.0157 | min_laser=0.300 | mean_lin=0.443 | mean_ang=-0.604 | mean_robot_dist=inf | raw_reward=20.000 | adjusted_reward=20.000 | coop_agents=0/5 | mean_coop_neighbors=0.00 | active_neighbor_step_rate=0.705 | mean_active_neighbors_step=1.836 | max_active_neighbors_step=4 | interaction_reward=0.0000 | abs_interaction_reward=0.0000 | anti_stag_reward=0.0000 | abs_anti_stag_reward=0.0000 | wall_clear_reward=0.0000 | abs_wall_clear_reward=0.0000 | local_nav_reward=0.0000 | abs_local_nav_reward=0.0000 | robot_proximity_reward=-0.5436 | abs_robot_proximity_reward=0.5436 | robot_clearance_reward=0.0000 | context_neighbors_mean=1.87 | context_neighbors_max=4 | last_context_neighbors_mean=0.00 | last_context_neighbors_max=0 | actor_unlocked=0 | expl_noise=0.0738 | replay=23722 | interaction_replay=10356 | samples/sec=12.910
Actor gradient gate | passed=0 | safety_samples=193 | linear_positive_share=0.347 | angular_one_sided_share=0.933
Episode 284 complete | agent_samples=23841 | env_steps=9911 | episode_env_steps=46 | episode_agent_samples=119 | mean_reward=68.461 | success=4/5 | collision=1/5 | mean_final_distance=0.499 | mean_progress=-0.0005 | min_laser=0.320 | mean_lin=0.924 | mean_ang=0.221 | mean_robot_dist=inf | raw_reward=-20.000 | adjusted_reward=-20.000 | coop_agents=0/5 | mean_coop_neighbors=0.00 | active_neighbor_step_rate=0.546 | mean_active_neighbors_step=1.235 | max_active_neighbors_step=4 | interaction_reward=0.0000 | abs_interaction_reward=0.0000 | anti_stag_reward=0.0000 | abs_anti_stag_reward=0.0000 | wall_clear_reward=0.0000 | abs_wall_clear_reward=0.0000 | local_nav_reward=0.0000 | abs_local_nav_reward=0.0000 | robot_proximity_reward=-0.0470 | abs_robot_proximity_reward=0.0470 | robot_clearance_reward=0.0000 | context_neighbors_mean=1.25 | context_neighbors_max=4 | last_context_neighbors_mean=0.00 | last_context_neighbors_max=0 | actor_unlocked=0 | expl_noise=0.0738 | replay=23841 | interaction_replay=10388 | samples/sec=12.904
Actor gradient gate | passed=0 | safety_samples=186 | linear_positive_share=0.376 | angular_one_sided_share=0.946
Episode 285 complete | agent_samples=23912 | env_steps=9935 | episode_env_steps=24 | episode_agent_samples=71 | mean_reward=111.479 | success=5/5 | collision=0/5 | mean_final_distance=0.262 | mean_progress=0.0268 | min_laser=0.765 | mean_lin=0.975 | mean_ang=0.477 | mean_robot_dist=inf | raw_reward=20.000 | adjusted_reward=20.000 | coop_agents=0/5 | mean_coop_neighbors=0.00 | active_neighbor_step_rate=0.817 | mean_active_neighbors_step=2.056 | max_active_neighbors_step=4 | interaction_reward=0.0000 | abs_interaction_reward=0.0000 | anti_stag_reward=0.0000 | abs_anti_stag_reward=0.0000 | wall_clear_reward=0.0000 | abs_wall_clear_reward=0.0000 | local_nav_reward=0.0000 | abs_local_nav_reward=0.0000 | robot_proximity_reward=0.0000 | abs_robot_proximity_reward=0.0000 | robot_clearance_reward=0.0000 | context_neighbors_mean=2.11 | context_neighbors_max=4 | last_context_neighbors_mean=0.00 | last_context_neighbors_max=0 | actor_unlocked=0 | expl_noise=0.0738 | replay=23912 | interaction_replay=10414 | samples/sec=12.906
Status | epoch=2 | next_eval_in=16088 agent_samples | checkpoint_every=10 episodes | checkpoint=./checkpoints/interaction_focused_actor_5a_init_5d_weak_s20260726_latest.pt | model=interaction_focused_actor_5a_init_5d_weak_s20260726
Actor gradient gate | passed=0 | safety_samples=184 | linear_positive_share=0.440 | angular_one_sided_share=0.935
Episode 286 complete | agent_samples=23954 | env_steps=9944 | episode_env_steps=9 | episode_agent_samples=42 | mean_reward=16.825 | success=3/5 | collision=2/5 | mean_final_distance=0.584 | mean_progress=0.0805 | min_laser=0.312 | mean_lin=0.997 | mean_ang=0.188 | mean_robot_dist=1.077 | raw_reward=-3.989 | adjusted_reward=-3.707 | coop_agents=4/5 | mean_coop_neighbors=1.60 | active_neighbor_step_rate=1.000 | mean_active_neighbors_step=2.500 | max_active_neighbors_step=4 | interaction_reward=0.0000 | abs_interaction_reward=0.0000 | anti_stag_reward=0.0000 | abs_anti_stag_reward=0.0000 | wall_clear_reward=0.0000 | abs_wall_clear_reward=0.0000 | local_nav_reward=0.0000 | abs_local_nav_reward=0.0000 | robot_proximity_reward=-1.4252 | abs_robot_proximity_reward=1.4252 | robot_clearance_reward=0.0000 | context_neighbors_mean=2.60 | context_neighbors_max=4 | last_context_neighbors_mean=0.00 | last_context_neighbors_max=0 | actor_unlocked=0 | expl_noise=0.0738 | replay=23954 | interaction_replay=10454 | samples/sec=12.914
Actor gradient gate | passed=0 | safety_samples=161 | linear_positive_share=0.391 | angular_one_sided_share=0.963
Episode 287 complete | agent_samples=24004 | env_steps=9961 | episode_env_steps=17 | episode_agent_samples=50 | mean_reward=65.604 | success=4/5 | collision=1/5 | mean_final_distance=0.563 | mean_progress=0.0178 | min_laser=0.343 | mean_lin=0.793 | mean_ang=0.200 | mean_robot_dist=inf | raw_reward=20.000 | adjusted_reward=20.000 | coop_agents=0/5 | mean_coop_neighbors=0.00 | active_neighbor_step_rate=0.940 | mean_active_neighbors_step=1.900 | max_active_neighbors_step=4 | interaction_reward=0.0000 | abs_interaction_reward=0.0000 | anti_stag_reward=0.0000 | abs_anti_stag_reward=0.0000 | wall_clear_reward=0.0000 | abs_wall_clear_reward=0.0000 | local_nav_reward=0.0000 | abs_local_nav_reward=0.0000 | robot_proximity_reward=-0.6355 | abs_robot_proximity_reward=0.6355 | robot_clearance_reward=0.0000 | context_neighbors_mean=1.94 | context_neighbors_max=4 | last_context_neighbors_mean=0.00 | last_context_neighbors_max=0 | actor_unlocked=0 | expl_noise=0.0738 | replay=24004 | interaction_replay=10469 | samples/sec=12.914
Actor gradient gate | passed=0 | safety_samples=172 | linear_positive_share=0.337 | angular_one_sided_share=0.948
Episode 288 complete | agent_samples=24089 | env_steps=9996 | episode_env_steps=35 | episode_agent_samples=85 | mean_reward=60.305 | success=4/5 | collision=1/5 | mean_final_distance=0.345 | mean_progress=0.0144 | min_laser=0.323 | mean_lin=0.781 | mean_ang=-0.101 | mean_robot_dist=inf | raw_reward=20.000 | adjusted_reward=20.000 | coop_agents=0/5 | mean_coop_neighbors=0.00 | active_neighbor_step_rate=0.659 | mean_active_neighbors_step=1.541 | max_active_neighbors_step=4 | interaction_reward=0.0000 | abs_interaction_reward=0.0000 | anti_stag_reward=0.0000 | abs_anti_stag_reward=0.0000 | wall_clear_reward=0.0000 | abs_wall_clear_reward=0.0000 | local_nav_reward=0.0000 | abs_local_nav_reward=0.0000 | robot_proximity_reward=-0.9064 | abs_robot_proximity_reward=0.9064 | robot_clearance_reward=0.0484 | context_neighbors_mean=1.59 | context_neighbors_max=4 | last_context_neighbors_mean=0.00 | last_context_neighbors_max=0 | actor_unlocked=0 | expl_noise=0.0738 | replay=24089 | interaction_replay=10526 | samples/sec=12.907
Actor gradient gate | passed=0 | safety_samples=168 | linear_positive_share=0.375 | angular_one_sided_share=0.976
Episode 289 complete | agent_samples=24132 | env_steps=10008 | episode_env_steps=12 | episode_agent_samples=43 | mean_reward=16.353 | success=3/5 | collision=2/5 | mean_final_distance=0.561 | mean_progress=0.0239 | min_laser=0.318 | mean_lin=0.799 | mean_ang=0.290 | mean_robot_dist=inf | raw_reward=20.000 | adjusted_reward=20.000 | coop_agents=0/5 | mean_coop_neighbors=0.00 | active_neighbor_step_rate=0.907 | mean_active_neighbors_step=2.070 | max_active_neighbors_step=4 | interaction_reward=0.0000 | abs_interaction_reward=0.0000 | anti_stag_reward=0.0000 | abs_anti_stag_reward=0.0000 | wall_clear_reward=0.0000 | abs_wall_clear_reward=0.0000 | local_nav_reward=0.0000 | abs_local_nav_reward=0.0000 | robot_proximity_reward=-0.9021 | abs_robot_proximity_reward=0.9021 | robot_clearance_reward=0.0465 | context_neighbors_mean=2.14 | context_neighbors_max=4 | last_context_neighbors_mean=0.00 | last_context_neighbors_max=0 | actor_unlocked=0 | expl_noise=0.0737 | replay=24132 | interaction_replay=10565 | samples/sec=12.910
Actor gradient gate | passed=0 | safety_samples=158 | linear_positive_share=0.411 | angular_one_sided_share=0.949
Episode 290 complete | agent_samples=24279 | env_steps=10097 | episode_env_steps=89 | episode_agent_samples=147 | mean_reward=106.672 | success=5/5 | collision=0/5 | mean_final_distance=0.237 | mean_progress=0.0172 | min_laser=0.416 | mean_lin=0.990 | mean_ang=-0.600 | mean_robot_dist=inf | raw_reward=20.000 | adjusted_reward=20.000 | coop_agents=0/5 | mean_coop_neighbors=0.00 | active_neighbor_step_rate=0.401 | mean_active_neighbors_step=1.054 | max_active_neighbors_step=4 | interaction_reward=0.0000 | abs_interaction_reward=0.0000 | anti_stag_reward=0.0000 | abs_anti_stag_reward=0.0000 | wall_clear_reward=0.0000 | abs_wall_clear_reward=0.0000 | local_nav_reward=0.0000 | abs_local_nav_reward=0.0000 | robot_proximity_reward=-0.0650 | abs_robot_proximity_reward=0.0650 | robot_clearance_reward=0.0000 | context_neighbors_mean=1.07 | context_neighbors_max=4 | last_context_neighbors_mean=0.00 | last_context_neighbors_max=0 | actor_unlocked=0 | expl_noise=0.0737 | replay=24279 | interaction_replay=10589 | samples/sec=12.856
Status | epoch=2 | next_eval_in=15721 agent_samples | checkpoint_every=10 episodes | checkpoint=./checkpoints/interaction_focused_actor_5a_init_5d_weak_s20260726_latest.pt | model=interaction_focused_actor_5a_init_5d_weak_s20260726
Checkpoint saved: ./checkpoints/interaction_focused_actor_5a_init_5d_weak_s20260726_latest.pt
Actor gradient gate | passed=0 | safety_samples=167 | linear_positive_share=0.371 | angular_one_sided_share=0.952
Episode 291 complete | agent_samples=24363 | env_steps=10129 | episode_env_steps=32 | episode_agent_samples=84 | mean_reward=118.679 | success=5/5 | collision=0/5 | mean_final_distance=0.265 | mean_progress=0.0114 | min_laser=0.464 | mean_lin=0.609 | mean_ang=-0.251 | mean_robot_dist=inf | raw_reward=20.000 | adjusted_reward=20.000 | coop_agents=0/5 | mean_coop_neighbors=0.00 | active_neighbor_step_rate=0.643 | mean_active_neighbors_step=1.679 | max_active_neighbors_step=4 | interaction_reward=0.0000 | abs_interaction_reward=0.0000 | anti_stag_reward=0.0000 | abs_anti_stag_reward=0.0000 | wall_clear_reward=0.0000 | abs_wall_clear_reward=0.0000 | local_nav_reward=0.0000 | abs_local_nav_reward=0.0000 | robot_proximity_reward=-0.2878 | abs_robot_proximity_reward=0.2878 | robot_clearance_reward=0.0518 | context_neighbors_mean=1.75 | context_neighbors_max=4 | last_context_neighbors_mean=0.00 | last_context_neighbors_max=0 | actor_unlocked=0 | expl_noise=0.0737 | replay=24363 | interaction_replay=10623 | samples/sec=12.849
Actor gradient gate | passed=0 | safety_samples=163 | linear_positive_share=0.436 | angular_one_sided_share=0.969
Episode 292 complete | agent_samples=24440 | env_steps=10154 | episode_env_steps=25 | episode_agent_samples=77 | mean_reward=59.104 | success=4/5 | collision=1/5 | mean_final_distance=0.540 | mean_progress=0.0030 | min_laser=0.302 | mean_lin=0.751 | mean_ang=-0.198 | mean_robot_dist=inf | raw_reward=20.000 | adjusted_reward=20.000 | coop_agents=0/5 | mean_coop_neighbors=0.00 | active_neighbor_step_rate=0.961 | mean_active_neighbors_step=2.260 | max_active_neighbors_step=4 | interaction_reward=0.0000 | abs_interaction_reward=0.0000 | anti_stag_reward=0.0000 | abs_anti_stag_reward=0.0000 | wall_clear_reward=0.0000 | abs_wall_clear_reward=0.0000 | local_nav_reward=0.0000 | abs_local_nav_reward=0.0000 | robot_proximity_reward=-0.8733 | abs_robot_proximity_reward=0.8733 | robot_clearance_reward=0.0260 | context_neighbors_mean=2.30 | context_neighbors_max=4 | last_context_neighbors_mean=0.00 | last_context_neighbors_max=0 | actor_unlocked=0 | expl_noise=0.0737 | replay=24440 | interaction_replay=10681 | samples/sec=12.852
Actor gradient gate | passed=0 | safety_samples=178 | linear_positive_share=0.444 | angular_one_sided_share=0.921
Episode 293 complete | agent_samples=24562 | env_steps=10236 | episode_env_steps=82 | episode_agent_samples=122 | mean_reward=56.973 | success=4/5 | collision=1/5 | mean_final_distance=0.497 | mean_progress=0.0084 | min_laser=0.301 | mean_lin=0.991 | mean_ang=-0.079 | mean_robot_dist=inf | raw_reward=20.000 | adjusted_reward=20.000 | coop_agents=0/5 | mean_coop_neighbors=0.00 | active_neighbor_step_rate=0.393 | mean_active_neighbors_step=0.918 | max_active_neighbors_step=4 | interaction_reward=0.0000 | abs_interaction_reward=0.0000 | anti_stag_reward=0.0000 | abs_anti_stag_reward=0.0000 | wall_clear_reward=0.0000 | abs_wall_clear_reward=0.0000 | local_nav_reward=0.0000 | abs_local_nav_reward=0.0000 | robot_proximity_reward=-0.8741 | abs_robot_proximity_reward=0.8741 | robot_clearance_reward=0.0164 | context_neighbors_mean=0.96 | context_neighbors_max=4 | last_context_neighbors_mean=0.00 | last_context_neighbors_max=0 | actor_unlocked=0 | expl_noise=0.0736 | replay=24562 | interaction_replay=10720 | samples/sec=12.796
Actor gradient gate | passed=0 | safety_samples=174 | linear_positive_share=0.299 | angular_one_sided_share=0.931
Episode 294 complete | agent_samples=24630 | env_steps=10260 | episode_env_steps=24 | episode_agent_samples=68 | mean_reward=116.569 | success=5/5 | collision=0/5 | mean_final_distance=0.273 | mean_progress=0.0223 | min_laser=0.353 | mean_lin=0.992 | mean_ang=0.224 | mean_robot_dist=inf | raw_reward=20.000 | adjusted_reward=20.000 | coop_agents=0/5 | mean_coop_neighbors=0.00 | active_neighbor_step_rate=0.824 | mean_active_neighbors_step=1.824 | max_active_neighbors_step=4 | interaction_reward=0.0000 | abs_interaction_reward=0.0000 | anti_stag_reward=0.0000 | abs_anti_stag_reward=0.0000 | wall_clear_reward=0.0000 | abs_wall_clear_reward=0.0000 | local_nav_reward=0.0000 | abs_local_nav_reward=0.0000 | robot_proximity_reward=0.0000 | abs_robot_proximity_reward=0.0000 | robot_clearance_reward=0.0000 | context_neighbors_mean=1.88 | context_neighbors_max=4 | last_context_neighbors_mean=0.00 | last_context_neighbors_max=0 | actor_unlocked=0 | expl_noise=0.0736 | replay=24630 | interaction_replay=10755 | samples/sec=12.796
Actor gradient gate | passed=0 | safety_samples=180 | linear_positive_share=0.300 | angular_one_sided_share=0.950
Episode 295 complete | agent_samples=24677 | env_steps=10278 | episode_env_steps=18 | episode_agent_samples=47 | mean_reward=18.787 | success=3/5 | collision=2/5 | mean_final_distance=0.829 | mean_progress=0.0112 | min_laser=0.300 | mean_lin=0.793 | mean_ang=0.107 | mean_robot_dist=inf | raw_reward=20.000 | adjusted_reward=20.000 | coop_agents=0/5 | mean_coop_neighbors=0.00 | active_neighbor_step_rate=0.745 | mean_active_neighbors_step=1.809 | max_active_neighbors_step=4 | interaction_reward=0.0000 | abs_interaction_reward=0.0000 | anti_stag_reward=0.0000 | abs_anti_stag_reward=0.0000 | wall_clear_reward=0.0000 | abs_wall_clear_reward=0.0000 | local_nav_reward=0.0000 | abs_local_nav_reward=0.0000 | robot_proximity_reward=-0.8718 | abs_robot_proximity_reward=0.8718 | robot_clearance_reward=0.0000 | context_neighbors_mean=1.83 | context_neighbors_max=4 | last_context_neighbors_mean=0.00 | last_context_neighbors_max=0 | actor_unlocked=0 | expl_noise=0.0736 | replay=24677 | interaction_replay=10791 | samples/sec=12.794
Status | epoch=2 | next_eval_in=15323 agent_samples | checkpoint_every=10 episodes | checkpoint=./checkpoints/interaction_focused_actor_5a_init_5d_weak_s20260726_latest.pt | model=interaction_focused_actor_5a_init_5d_weak_s20260726
Actor gradient gate | passed=0 | safety_samples=195 | linear_positive_share=0.292 | angular_one_sided_share=0.933
Episode 296 complete | agent_samples=24733 | env_steps=10293 | episode_env_steps=15 | episode_agent_samples=56 | mean_reward=64.132 | success=4/5 | collision=1/5 | mean_final_distance=0.337 | mean_progress=0.0239 | min_laser=0.332 | mean_lin=0.788 | mean_ang=-0.036 | mean_robot_dist=inf | raw_reward=40.000 | adjusted_reward=40.000 | coop_agents=0/5 | mean_coop_neighbors=0.00 | active_neighbor_step_rate=0.732 | mean_active_neighbors_step=2.071 | max_active_neighbors_step=4 | interaction_reward=0.0000 | abs_interaction_reward=0.0000 | anti_stag_reward=0.0000 | abs_anti_stag_reward=0.0000 | wall_clear_reward=0.0000 | abs_wall_clear_reward=0.0000 | local_nav_reward=0.0000 | abs_local_nav_reward=0.0000 | robot_proximity_reward=-0.8363 | abs_robot_proximity_reward=0.8363 | robot_clearance_reward=0.0402 | context_neighbors_mean=2.16 | context_neighbors_max=4 | last_context_neighbors_mean=0.00 | last_context_neighbors_max=0 | actor_unlocked=0 | expl_noise=0.0736 | replay=24733 | interaction_replay=10830 | samples/sec=12.800
Actor gradient gate | passed=0 | safety_samples=174 | linear_positive_share=0.351 | angular_one_sided_share=0.954
Episode 297 complete | agent_samples=24822 | env_steps=10333 | episode_env_steps=40 | episode_agent_samples=89 | mean_reward=29.763 | success=3/5 | collision=2/5 | mean_final_distance=0.775 | mean_progress=0.0158 | min_laser=0.300 | mean_lin=1.000 | mean_ang=0.596 | mean_robot_dist=inf | raw_reward=20.000 | adjusted_reward=20.000 | coop_agents=0/5 | mean_coop_neighbors=0.00 | active_neighbor_step_rate=0.551 | mean_active_neighbors_step=1.258 | max_active_neighbors_step=4 | interaction_reward=0.0000 | abs_interaction_reward=0.0000 | anti_stag_reward=0.0000 | abs_anti_stag_reward=0.0000 | wall_clear_reward=0.0000 | abs_wall_clear_reward=0.0000 | local_nav_reward=0.0000 | abs_local_nav_reward=0.0000 | robot_proximity_reward=-0.4268 | abs_robot_proximity_reward=0.4268 | robot_clearance_reward=0.0000 | context_neighbors_mean=1.29 | context_neighbors_max=4 | last_context_neighbors_mean=0.00 | last_context_neighbors_max=0 | actor_unlocked=0 | expl_noise=0.0735 | replay=24822 | interaction_replay=10847 | samples/sec=12.788
Actor gradient gate | passed=0 | safety_samples=161 | linear_positive_share=0.323 | angular_one_sided_share=0.975
Episode 298 complete | agent_samples=24874 | env_steps=10352 | episode_env_steps=19 | episode_agent_samples=52 | mean_reward=15.769 | success=3/5 | collision=2/5 | mean_final_distance=0.832 | mean_progress=0.0212 | min_laser=0.300 | mean_lin=1.000 | mean_ang=0.249 | mean_robot_dist=inf | raw_reward=20.000 | adjusted_reward=20.000 | coop_agents=0/5 | mean_coop_neighbors=0.00 | active_neighbor_step_rate=0.904 | mean_active_neighbors_step=2.231 | max_active_neighbors_step=4 | interaction_reward=0.0000 | abs_interaction_reward=0.0000 | anti_stag_reward=0.0000 | abs_anti_stag_reward=0.0000 | wall_clear_reward=0.0000 | abs_wall_clear_reward=0.0000 | local_nav_reward=0.0000 | abs_local_nav_reward=0.0000 | robot_proximity_reward=-1.2776 | abs_robot_proximity_reward=1.2776 | robot_clearance_reward=0.0000 | context_neighbors_mean=2.23 | context_neighbors_max=4 | last_context_neighbors_mean=0.00 | last_context_neighbors_max=0 | actor_unlocked=0 | expl_noise=0.0735 | replay=24874 | interaction_replay=10859 | samples/sec=12.787
Actor gradient gate | passed=0 | safety_samples=176 | linear_positive_share=0.369 | angular_one_sided_share=0.960
Episode 299 complete | agent_samples=24969 | env_steps=10396 | episode_env_steps=44 | episode_agent_samples=95 | mean_reward=118.611 | success=5/5 | collision=0/5 | mean_final_distance=0.245 | mean_progress=0.0142 | min_laser=0.715 | mean_lin=1.000 | mean_ang=-0.145 | mean_robot_dist=inf | raw_reward=20.000 | adjusted_reward=20.000 | coop_agents=0/5 | mean_coop_neighbors=0.00 | active_neighbor_step_rate=0.474 | mean_active_neighbors_step=0.958 | max_active_neighbors_step=4 | interaction_reward=0.0000 | abs_interaction_reward=0.0000 | anti_stag_reward=0.0000 | abs_anti_stag_reward=0.0000 | wall_clear_reward=0.0000 | abs_wall_clear_reward=0.0000 | local_nav_reward=0.0000 | abs_local_nav_reward=0.0000 | robot_proximity_reward=-0.0898 | abs_robot_proximity_reward=0.0898 | robot_clearance_reward=0.0176 | context_neighbors_mean=0.99 | context_neighbors_max=4 | last_context_neighbors_mean=0.00 | last_context_neighbors_max=0 | actor_unlocked=0 | expl_noise=0.0735 | replay=24969 | interaction_replay=10894 | samples/sec=12.773
Actor gradient gate | passed=0 | safety_samples=166 | linear_positive_share=0.500 | angular_one_sided_share=0.958
Episode 300 complete | agent_samples=25179 | env_steps=10459 | episode_env_steps=63 | episode_agent_samples=210 | mean_reward=124.012 | success=5/5 | collision=0/5 | mean_final_distance=0.263 | mean_progress=0.0043 | min_laser=0.365 | mean_lin=0.998 | mean_ang=-0.313 | mean_robot_dist=inf | raw_reward=20.000 | adjusted_reward=20.000 | coop_agents=0/5 | mean_coop_neighbors=0.00 | active_neighbor_step_rate=0.805 | mean_active_neighbors_step=1.824 | max_active_neighbors_step=4 | interaction_reward=0.0000 | abs_interaction_reward=0.0000 | anti_stag_reward=0.0000 | abs_anti_stag_reward=0.0000 | wall_clear_reward=0.0000 | abs_wall_clear_reward=0.0000 | local_nav_reward=0.0000 | abs_local_nav_reward=0.0000 | robot_proximity_reward=-0.0546 | abs_robot_proximity_reward=0.0546 | robot_clearance_reward=0.0095 | context_neighbors_mean=1.83 | context_neighbors_max=4 | last_context_neighbors_mean=0.00 | last_context_neighbors_max=0 | actor_unlocked=0 | expl_noise=0.0735 | replay=25179 | interaction_replay=10968 | samples/sec=12.790
Status | epoch=2 | next_eval_in=14821 agent_samples | checkpoint_every=10 episodes | checkpoint=./checkpoints/interaction_focused_actor_5a_init_5d_weak_s20260726_latest.pt | model=interaction_focused_actor_5a_init_5d_weak_s20260726
Checkpoint saved: ./checkpoints/interaction_focused_actor_5a_init_5d_weak_s20260726_latest.pt
Actor gradient gate | passed=1 | safety_samples=186 | linear_positive_share=0.285 | angular_one_sided_share=0.860
Episode 301 complete | agent_samples=25271 | env_steps=10492 | episode_env_steps=33 | episode_agent_samples=92 | mean_reward=21.636 | success=3/5 | collision=2/5 | mean_final_distance=0.623 | mean_progress=0.0025 | min_laser=0.300 | mean_lin=1.000 | mean_ang=-0.298 | mean_robot_dist=inf | raw_reward=20.000 | adjusted_reward=20.000 | coop_agents=0/5 | mean_coop_neighbors=0.00 | active_neighbor_step_rate=0.522 | mean_active_neighbors_step=1.239 | max_active_neighbors_step=4 | interaction_reward=0.0000 | abs_interaction_reward=0.0000 | anti_stag_reward=0.0000 | abs_anti_stag_reward=0.0000 | wall_clear_reward=0.0000 | abs_wall_clear_reward=0.0000 | local_nav_reward=0.0000 | abs_local_nav_reward=0.0000 | robot_proximity_reward=-0.7642 | abs_robot_proximity_reward=0.7642 | robot_clearance_reward=0.0000 | context_neighbors_mean=1.26 | context_neighbors_max=4 | last_context_neighbors_mean=0.00 | last_context_neighbors_max=0 | actor_unlocked=1 | expl_noise=0.0734 | replay=25271 | interaction_replay=10986 | samples/sec=12.785
Actor gradient gate | passed=0 | safety_samples=193 | linear_positive_share=0.311 | angular_one_sided_share=0.938
Episode 302 complete | agent_samples=25337 | env_steps=10511 | episode_env_steps=19 | episode_agent_samples=66 | mean_reward=27.869 | success=3/5 | collision=2/5 | mean_final_distance=0.624 | mean_progress=0.0144 | min_laser=0.335 | mean_lin=0.800 | mean_ang=0.170 | mean_robot_dist=inf | raw_reward=-20.000 | adjusted_reward=-20.000 | coop_agents=0/5 | mean_coop_neighbors=0.00 | active_neighbor_step_rate=0.682 | mean_active_neighbors_step=1.455 | max_active_neighbors_step=4 | interaction_reward=0.0000 | abs_interaction_reward=0.0000 | anti_stag_reward=0.0000 | abs_anti_stag_reward=0.0000 | wall_clear_reward=0.0000 | abs_wall_clear_reward=0.0000 | local_nav_reward=0.0000 | abs_local_nav_reward=0.0000 | robot_proximity_reward=-0.6003 | abs_robot_proximity_reward=0.6003 | robot_clearance_reward=0.0369 | context_neighbors_mean=1.48 | context_neighbors_max=4 | last_context_neighbors_mean=0.00 | last_context_neighbors_max=0 | actor_unlocked=0 | expl_noise=0.0734 | replay=25337 | interaction_replay=11013 | samples/sec=12.791
Actor gradient gate | passed=0 | safety_samples=171 | linear_positive_share=0.327 | angular_one_sided_share=0.953
Episode 303 complete | agent_samples=25399 | env_steps=10534 | episode_env_steps=23 | episode_agent_samples=62 | mean_reward=31.979 | success=3/5 | collision=2/5 | mean_final_distance=0.608 | mean_progress=0.0162 | min_laser=0.300 | mean_lin=0.947 | mean_ang=-0.285 | mean_robot_dist=inf | raw_reward=20.000 | adjusted_reward=20.000 | coop_agents=0/5 | mean_coop_neighbors=0.00 | active_neighbor_step_rate=0.629 | mean_active_neighbors_step=1.081 | max_active_neighbors_step=4 | interaction_reward=0.0000 | abs_interaction_reward=0.0000 | anti_stag_reward=0.0000 | abs_anti_stag_reward=0.0000 | wall_clear_reward=0.0000 | abs_wall_clear_reward=0.0000 | local_nav_reward=0.0000 | abs_local_nav_reward=0.0000 | robot_proximity_reward=-1.1023 | abs_robot_proximity_reward=1.1023 | robot_clearance_reward=0.0966 | context_neighbors_mean=1.11 | context_neighbors_max=4 | last_context_neighbors_mean=0.00 | last_context_neighbors_max=0 | actor_unlocked=0 | expl_noise=0.0734 | replay=25399 | interaction_replay=11032 | samples/sec=12.789
Actor gradient gate | passed=0 | safety_samples=163 | linear_positive_share=0.301 | angular_one_sided_share=0.920
Episode 304 complete | agent_samples=25476 | env_steps=10554 | episode_env_steps=20 | episode_agent_samples=77 | mean_reward=105.277 | success=5/5 | collision=0/5 | mean_final_distance=0.255 | mean_progress=0.0142 | min_laser=0.581 | mean_lin=0.800 | mean_ang=-0.289 | mean_robot_dist=inf | raw_reward=20.000 | adjusted_reward=20.000 | coop_agents=0/5 | mean_coop_neighbors=0.00 | active_neighbor_step_rate=0.818 | mean_active_neighbors_step=1.779 | max_active_neighbors_step=4 | interaction_reward=0.0000 | abs_interaction_reward=0.0000 | anti_stag_reward=0.0000 | abs_anti_stag_reward=0.0000 | wall_clear_reward=0.0000 | abs_wall_clear_reward=0.0000 | local_nav_reward=0.0000 | abs_local_nav_reward=0.0000 | robot_proximity_reward=-0.4304 | abs_robot_proximity_reward=0.4304 | robot_clearance_reward=0.0260 | context_neighbors_mean=1.82 | context_neighbors_max=4 | last_context_neighbors_mean=0.00 | last_context_neighbors_max=0 | actor_unlocked=0 | expl_noise=0.0734 | replay=25476 | interaction_replay=11050 | samples/sec=12.799
Actor gradient gate | passed=0 | safety_samples=170 | linear_positive_share=0.412 | angular_one_sided_share=0.935
Episode 305 complete | agent_samples=25584 | env_steps=10596 | episode_env_steps=42 | episode_agent_samples=108 | mean_reward=106.831 | success=5/5 | collision=0/5 | mean_final_distance=0.276 | mean_progress=0.0020 | min_laser=0.597 | mean_lin=0.995 | mean_ang=-1.000 | mean_robot_dist=inf | raw_reward=20.000 | adjusted_reward=20.000 | coop_agents=0/5 | mean_coop_neighbors=0.00 | active_neighbor_step_rate=0.657 | mean_active_neighbors_step=1.352 | max_active_neighbors_step=4 | interaction_reward=0.0000 | abs_interaction_reward=0.0000 | anti_stag_reward=0.0000 | abs_anti_stag_reward=0.0000 | wall_clear_reward=0.0000 | abs_wall_clear_reward=0.0000 | local_nav_reward=0.0000 | abs_local_nav_reward=0.0000 | robot_proximity_reward=-0.2235 | abs_robot_proximity_reward=0.2235 | robot_clearance_reward=0.0185 | context_neighbors_mean=1.42 | context_neighbors_max=4 | last_context_neighbors_mean=0.00 | last_context_neighbors_max=0 | actor_unlocked=0 | expl_noise=0.0734 | replay=25584 | interaction_replay=11110 | samples/sec=12.794
Status | epoch=2 | next_eval_in=14416 agent_samples | checkpoint_every=10 episodes | checkpoint=./checkpoints/interaction_focused_actor_5a_init_5d_weak_s20260726_latest.pt | model=interaction_focused_actor_5a_init_5d_weak_s20260726
Actor gradient gate | passed=1 | safety_samples=177 | linear_positive_share=0.350 | angular_one_sided_share=0.898
Episode 306 complete | agent_samples=25677 | env_steps=10631 | episode_env_steps=35 | episode_agent_samples=93 | mean_reward=107.932 | success=5/5 | collision=0/5 | mean_final_distance=0.270 | mean_progress=0.0153 | min_laser=0.385 | mean_lin=0.800 | mean_ang=0.197 | mean_robot_dist=inf | raw_reward=20.000 | adjusted_reward=20.000 | coop_agents=0/5 | mean_coop_neighbors=0.00 | active_neighbor_step_rate=0.527 | mean_active_neighbors_step=1.151 | max_active_neighbors_step=4 | interaction_reward=0.0000 | abs_interaction_reward=0.0000 | anti_stag_reward=0.0000 | abs_anti_stag_reward=0.0000 | wall_clear_reward=0.0000 | abs_wall_clear_reward=0.0000 | local_nav_reward=0.0000 | abs_local_nav_reward=0.0000 | robot_proximity_reward=-0.4924 | abs_robot_proximity_reward=0.4924 | robot_clearance_reward=0.0434 | context_neighbors_mean=1.20 | context_neighbors_max=4 | last_context_neighbors_mean=0.00 | last_context_neighbors_max=0 | actor_unlocked=1 | expl_noise=0.0734 | replay=25677 | interaction_replay=11154 | samples/sec=12.791
Actor gradient gate | passed=0 | safety_samples=164 | linear_positive_share=0.348 | angular_one_sided_share=0.921
Episode 307 complete | agent_samples=25764 | env_steps=10674 | episode_env_steps=43 | episode_agent_samples=87 | mean_reward=69.603 | success=4/5 | collision=1/5 | mean_final_distance=0.496 | mean_progress=0.0155 | min_laser=0.349 | mean_lin=0.789 | mean_ang=0.021 | mean_robot_dist=inf | raw_reward=20.000 | adjusted_reward=20.000 | coop_agents=0/5 | mean_coop_neighbors=0.00 | active_neighbor_step_rate=0.563 | mean_active_neighbors_step=1.207 | max_active_neighbors_step=4 | interaction_reward=0.0000 | abs_interaction_reward=0.0000 | anti_stag_reward=0.0000 | abs_anti_stag_reward=0.0000 | wall_clear_reward=0.0000 | abs_wall_clear_reward=0.0000 | local_nav_reward=0.0000 | abs_local_nav_reward=0.0000 | robot_proximity_reward=-0.0266 | abs_robot_proximity_reward=0.0266 | robot_clearance_reward=0.0230 | context_neighbors_mean=1.21 | context_neighbors_max=4 | last_context_neighbors_mean=0.00 | last_context_neighbors_max=0 | actor_unlocked=0 | expl_noise=0.0733 | replay=25764 | interaction_replay=11162 | samples/sec=12.775
Actor gradient gate | passed=1 | safety_samples=156 | linear_positive_share=0.385 | angular_one_sided_share=0.865
Episode 308 complete | agent_samples=25855 | env_steps=10702 | episode_env_steps=28 | episode_agent_samples=91 | mean_reward=121.431 | success=5/5 | collision=0/5 | mean_final_distance=0.263 | mean_progress=0.0063 | min_laser=0.491 | mean_lin=0.910 | mean_ang=-0.285 | mean_robot_dist=inf | raw_reward=20.000 | adjusted_reward=20.000 | coop_agents=0/5 | mean_coop_neighbors=0.00 | active_neighbor_step_rate=0.824 | mean_active_neighbors_step=2.033 | max_active_neighbors_step=4 | interaction_reward=0.0000 | abs_interaction_reward=0.0000 | anti_stag_reward=0.0000 | abs_anti_stag_reward=0.0000 | wall_clear_reward=0.0000 | abs_wall_clear_reward=0.0000 | local_nav_reward=0.0000 | abs_local_nav_reward=0.0000 | robot_proximity_reward=-0.0450 | abs_robot_proximity_reward=0.0450 | robot_clearance_reward=0.0000 | context_neighbors_mean=2.03 | context_neighbors_max=4 | last_context_neighbors_mean=0.00 | last_context_neighbors_max=0 | actor_unlocked=1 | expl_noise=0.0733 | replay=25855 | interaction_replay=11185 | samples/sec=12.780
Actor gradient gate | passed=0 | safety_samples=177 | linear_positive_share=0.339 | angular_one_sided_share=0.932
Episode 309 complete | agent_samples=25981 | env_steps=10768 | episode_env_steps=66 | episode_agent_samples=126 | mean_reward=27.995 | success=3/5 | collision=2/5 | mean_final_distance=0.481 | mean_progress=0.0085 | min_laser=0.300 | mean_lin=0.996 | mean_ang=-0.547 | mean_robot_dist=inf | raw_reward=20.000 | adjusted_reward=20.000 | coop_agents=0/5 | mean_coop_neighbors=0.00 | active_neighbor_step_rate=0.508 | mean_active_neighbors_step=0.968 | max_active_neighbors_step=4 | interaction_reward=0.0000 | abs_interaction_reward=0.0000 | anti_stag_reward=0.0000 | abs_anti_stag_reward=0.0000 | wall_clear_reward=0.0000 | abs_wall_clear_reward=0.0000 | local_nav_reward=0.0000 | abs_local_nav_reward=0.0000 | robot_proximity_reward=-0.3612 | abs_robot_proximity_reward=0.3612 | robot_clearance_reward=0.0000 | context_neighbors_mean=0.99 | context_neighbors_max=4 | last_context_neighbors_mean=0.00 | last_context_neighbors_max=0 | actor_unlocked=0 | expl_noise=0.0733 | replay=25981 | interaction_replay=11213 | samples/sec=12.752
Actor gradient gate | passed=1 | safety_samples=164 | linear_positive_share=0.299 | angular_one_sided_share=0.878
Episode 310 complete | agent_samples=26042 | env_steps=10786 | episode_env_steps=18 | episode_agent_samples=61 | mean_reward=115.755 | success=5/5 | collision=0/5 | mean_final_distance=0.243 | mean_progress=0.0147 | min_laser=0.715 | mean_lin=0.983 | mean_ang=-0.602 | mean_robot_dist=inf | raw_reward=20.000 | adjusted_reward=20.000 | coop_agents=0/5 | mean_coop_neighbors=0.00 | active_neighbor_step_rate=0.869 | mean_active_neighbors_step=2.148 | max_active_neighbors_step=4 | interaction_reward=0.0000 | abs_interaction_reward=0.0000 | anti_stag_reward=0.0000 | abs_anti_stag_reward=0.0000 | wall_clear_reward=0.0000 | abs_wall_clear_reward=0.0000 | local_nav_reward=0.0000 | abs_local_nav_reward=0.0000 | robot_proximity_reward=-0.0123 | abs_robot_proximity_reward=0.0123 | robot_clearance_reward=0.0000 | context_neighbors_mean=2.21 | context_neighbors_max=4 | last_context_neighbors_mean=0.00 | last_context_neighbors_max=0 | actor_unlocked=1 | expl_noise=0.0733 | replay=26042 | interaction_replay=11237 | samples/sec=12.756
Status | epoch=2 | next_eval_in=13958 agent_samples | checkpoint_every=10 episodes | checkpoint=./checkpoints/interaction_focused_actor_5a_init_5d_weak_s20260726_latest.pt | model=interaction_focused_actor_5a_init_5d_weak_s20260726
Checkpoint saved: ./checkpoints/interaction_focused_actor_5a_init_5d_weak_s20260726_latest.pt
Actor gradient gate | passed=0 | safety_samples=184 | linear_positive_share=0.370 | angular_one_sided_share=0.935
Episode 311 complete | agent_samples=26186 | env_steps=10856 | episode_env_steps=70 | episode_agent_samples=144 | mean_reward=65.014 | success=4/5 | collision=1/5 | mean_final_distance=0.365 | mean_progress=0.0199 | min_laser=0.303 | mean_lin=0.800 | mean_ang=-0.046 | mean_robot_dist=inf | raw_reward=20.000 | adjusted_reward=20.000 | coop_agents=0/5 | mean_coop_neighbors=0.00 | active_neighbor_step_rate=0.660 | mean_active_neighbors_step=1.139 | max_active_neighbors_step=4 | interaction_reward=0.0000 | abs_interaction_reward=0.0000 | anti_stag_reward=0.0000 | abs_anti_stag_reward=0.0000 | wall_clear_reward=0.0000 | abs_wall_clear_reward=0.0000 | local_nav_reward=0.0000 | abs_local_nav_reward=0.0000 | robot_proximity_reward=-0.3558 | abs_robot_proximity_reward=0.3558 | robot_clearance_reward=0.0139 | context_neighbors_mean=1.15 | context_neighbors_max=4 | last_context_neighbors_mean=0.00 | last_context_neighbors_max=0 | actor_unlocked=0 | expl_noise=0.0732 | replay=26186 | interaction_replay=11273 | samples/sec=12.728
Actor gradient gate | passed=0 | safety_samples=187 | linear_positive_share=0.310 | angular_one_sided_share=0.936
Episode 312 complete | agent_samples=26240 | env_steps=10870 | episode_env_steps=14 | episode_agent_samples=54 | mean_reward=31.954 | success=3/5 | collision=2/5 | mean_final_distance=0.359 | mean_progress=0.0121 | min_laser=0.304 | mean_lin=0.783 | mean_ang=-0.164 | mean_robot_dist=inf | raw_reward=20.000 | adjusted_reward=20.000 | coop_agents=0/5 | mean_coop_neighbors=0.00 | active_neighbor_step_rate=0.944 | mean_active_neighbors_step=2.537 | max_active_neighbors_step=4 | interaction_reward=0.0000 | abs_interaction_reward=0.0000 | anti_stag_reward=0.0000 | abs_anti_stag_reward=0.0000 | wall_clear_reward=0.0000 | abs_wall_clear_reward=0.0000 | local_nav_reward=0.0000 | abs_local_nav_reward=0.0000 | robot_proximity_reward=-0.8391 | abs_robot_proximity_reward=0.8391 | robot_clearance_reward=0.0370 | context_neighbors_mean=2.57 | context_neighbors_max=4 | last_context_neighbors_mean=0.00 | last_context_neighbors_max=0 | actor_unlocked=0 | expl_noise=0.0732 | replay=26240 | interaction_replay=11322 | samples/sec=12.735
Actor gradient gate | passed=0 | safety_samples=187 | linear_positive_share=0.326 | angular_one_sided_share=0.920
Episode 313 complete | agent_samples=26285 | env_steps=10884 | episode_env_steps=14 | episode_agent_samples=45 | mean_reward=7.171 | success=3/5 | collision=2/5 | mean_final_distance=0.495 | mean_progress=0.0032 | min_laser=0.300 | mean_lin=0.593 | mean_ang=-0.587 | mean_robot_dist=inf | raw_reward=20.000 | adjusted_reward=20.000 | coop_agents=0/5 | mean_coop_neighbors=0.00 | active_neighbor_step_rate=0.889 | mean_active_neighbors_step=2.267 | max_active_neighbors_step=4 | interaction_reward=0.0000 | abs_interaction_reward=0.0000 | anti_stag_reward=0.0000 | abs_anti_stag_reward=0.0000 | wall_clear_reward=0.0000 | abs_wall_clear_reward=0.0000 | local_nav_reward=0.0000 | abs_local_nav_reward=0.0000 | robot_proximity_reward=-1.6582 | abs_robot_proximity_reward=1.6582 | robot_clearance_reward=0.0000 | context_neighbors_mean=2.33 | context_neighbors_max=4 | last_context_neighbors_mean=0.00 | last_context_neighbors_max=0 | actor_unlocked=0 | expl_noise=0.0732 | replay=26285 | interaction_replay=11359 | samples/sec=12.737
Actor gradient gate | passed=0 | safety_samples=162 | linear_positive_share=0.340 | angular_one_sided_share=0.907
Episode 314 complete | agent_samples=26369 | env_steps=10919 | episode_env_steps=35 | episode_agent_samples=84 | mean_reward=111.887 | success=5/5 | collision=0/5 | mean_final_distance=0.262 | mean_progress=0.0206 | min_laser=0.436 | mean_lin=0.979 | mean_ang=-0.527 | mean_robot_dist=inf | raw_reward=20.000 | adjusted_reward=20.000 | coop_agents=0/5 | mean_coop_neighbors=0.00 | active_neighbor_step_rate=0.643 | mean_active_neighbors_step=1.262 | max_active_neighbors_step=4 | interaction_reward=0.0000 | abs_interaction_reward=0.0000 | anti_stag_reward=0.0000 | abs_anti_stag_reward=0.0000 | wall_clear_reward=0.0000 | abs_wall_clear_reward=0.0000 | local_nav_reward=0.0000 | abs_local_nav_reward=0.0000 | robot_proximity_reward=-0.4783 | abs_robot_proximity_reward=0.4783 | robot_clearance_reward=0.0238 | context_neighbors_mean=1.29 | context_neighbors_max=4 | last_context_neighbors_mean=0.00 | last_context_neighbors_max=0 | actor_unlocked=0 | expl_noise=0.0732 | replay=26369 | interaction_replay=11384 | samples/sec=12.730
Actor gradient gate | passed=1 | safety_samples=187 | linear_positive_share=0.310 | angular_one_sided_share=0.893
Episode 315 complete | agent_samples=26481 | env_steps=10957 | episode_env_steps=38 | episode_agent_samples=112 | mean_reward=128.131 | success=5/5 | collision=0/5 | mean_final_distance=0.273 | mean_progress=0.0092 | min_laser=0.369 | mean_lin=0.996 | mean_ang=-0.001 | mean_robot_dist=inf | raw_reward=20.000 | adjusted_reward=20.000 | coop_agents=0/5 | mean_coop_neighbors=0.00 | active_neighbor_step_rate=0.661 | mean_active_neighbors_step=1.482 | max_active_neighbors_step=4 | interaction_reward=0.0000 | abs_interaction_reward=0.0000 | anti_stag_reward=0.0000 | abs_anti_stag_reward=0.0000 | wall_clear_reward=0.0000 | abs_wall_clear_reward=0.0000 | local_nav_reward=0.0000 | abs_local_nav_reward=0.0000 | robot_proximity_reward=-0.1450 | abs_robot_proximity_reward=0.1450 | robot_clearance_reward=0.0179 | context_neighbors_mean=1.49 | context_neighbors_max=4 | last_context_neighbors_mean=0.00 | last_context_neighbors_max=0 | actor_unlocked=1 | expl_noise=0.0732 | replay=26481 | interaction_replay=11415 | samples/sec=12.733
Status | epoch=2 | next_eval_in=13519 agent_samples | checkpoint_every=10 episodes | checkpoint=./checkpoints/interaction_focused_actor_5a_init_5d_weak_s20260726_latest.pt | model=interaction_focused_actor_5a_init_5d_weak_s20260726
Actor gradient gate | passed=0 | safety_samples=161 | linear_positive_share=0.317 | angular_one_sided_share=0.919
Episode 316 complete | agent_samples=26542 | env_steps=10976 | episode_env_steps=19 | episode_agent_samples=61 | mean_reward=22.081 | success=3/5 | collision=2/5 | mean_final_distance=0.491 | mean_progress=0.0364 | min_laser=0.330 | mean_lin=1.000 | mean_ang=-0.183 | mean_robot_dist=0.523 | raw_reward=-43.611 | adjusted_reward=-43.611 | coop_agents=2/5 | mean_coop_neighbors=0.40 | active_neighbor_step_rate=0.984 | mean_active_neighbors_step=1.934 | max_active_neighbors_step=4 | interaction_reward=0.0000 | abs_interaction_reward=0.0000 | anti_stag_reward=0.0000 | abs_anti_stag_reward=0.0000 | wall_clear_reward=0.0000 | abs_wall_clear_reward=0.0000 | local_nav_reward=0.0000 | abs_local_nav_reward=0.0000 | robot_proximity_reward=-1.1298 | abs_robot_proximity_reward=1.1298 | robot_clearance_reward=0.0000 | context_neighbors_mean=1.97 | context_neighbors_max=4 | last_context_neighbors_mean=0.00 | last_context_neighbors_max=0 | actor_unlocked=0 | expl_noise=0.0731 | replay=26542 | interaction_replay=11445 | samples/sec=12.737
Actor gradient gate | passed=0 | safety_samples=169 | linear_positive_share=0.385 | angular_one_sided_share=0.923
Episode 317 complete | agent_samples=26601 | env_steps=11004 | episode_env_steps=28 | episode_agent_samples=59 | mean_reward=109.472 | success=5/5 | collision=0/5 | mean_final_distance=0.260 | mean_progress=0.0104 | min_laser=0.719 | mean_lin=0.997 | mean_ang=0.680 | mean_robot_dist=inf | raw_reward=20.000 | adjusted_reward=20.000 | coop_agents=0/5 | mean_coop_neighbors=0.00 | active_neighbor_step_rate=0.661 | mean_active_neighbors_step=1.780 | max_active_neighbors_step=4 | interaction_reward=0.0000 | abs_interaction_reward=0.0000 | anti_stag_reward=0.0000 | abs_anti_stag_reward=0.0000 | wall_clear_reward=0.0000 | abs_wall_clear_reward=0.0000 | local_nav_reward=0.0000 | abs_local_nav_reward=0.0000 | robot_proximity_reward=-0.3640 | abs_robot_proximity_reward=0.3640 | robot_clearance_reward=0.1356 | context_neighbors_mean=1.90 | context_neighbors_max=4 | last_context_neighbors_mean=0.00 | last_context_neighbors_max=0 | actor_unlocked=0 | expl_noise=0.0731 | replay=26601 | interaction_replay=11483 | samples/sec=12.727
Actor gradient gate | passed=0 | safety_samples=181 | linear_positive_share=0.343 | angular_one_sided_share=0.934
Episode 318 complete | agent_samples=26659 | env_steps=11026 | episode_env_steps=22 | episode_agent_samples=58 | mean_reward=25.962 | success=3/5 | collision=2/5 | mean_final_distance=0.426 | mean_progress=0.0061 | min_laser=0.300 | mean_lin=0.586 | mean_ang=-0.995 | mean_robot_dist=inf | raw_reward=20.000 | adjusted_reward=20.000 | coop_agents=0/5 | mean_coop_neighbors=0.00 | active_neighbor_step_rate=0.759 | mean_active_neighbors_step=1.810 | max_active_neighbors_step=4 | interaction_reward=0.0000 | abs_interaction_reward=0.0000 | anti_stag_reward=0.0000 | abs_anti_stag_reward=0.0000 | wall_clear_reward=0.0000 | abs_wall_clear_reward=0.0000 | local_nav_reward=0.0000 | abs_local_nav_reward=0.0000 | robot_proximity_reward=-0.7427 | abs_robot_proximity_reward=0.7427 | robot_clearance_reward=0.0690 | context_neighbors_mean=1.95 | context_neighbors_max=4 | last_context_neighbors_mean=0.00 | last_context_neighbors_max=0 | actor_unlocked=0 | expl_noise=0.0731 | replay=26659 | interaction_replay=11524 | samples/sec=12.725
Actor gradient gate | passed=0 | safety_samples=155 | linear_positive_share=0.374 | angular_one_sided_share=0.916
Episode 319 complete | agent_samples=26718 | env_steps=11042 | episode_env_steps=16 | episode_agent_samples=59 | mean_reward=113.956 | success=5/5 | collision=0/5 | mean_final_distance=0.232 | mean_progress=0.0135 | min_laser=0.488 | mean_lin=1.000 | mean_ang=-0.175 | mean_robot_dist=inf | raw_reward=20.000 | adjusted_reward=20.000 | coop_agents=0/5 | mean_coop_neighbors=0.00 | active_neighbor_step_rate=0.881 | mean_active_neighbors_step=2.000 | max_active_neighbors_step=4 | interaction_reward=0.0000 | abs_interaction_reward=0.0000 | anti_stag_reward=0.0000 | abs_anti_stag_reward=0.0000 | wall_clear_reward=0.0000 | abs_wall_clear_reward=0.0000 | local_nav_reward=0.0000 | abs_local_nav_reward=0.0000 | robot_proximity_reward=0.0000 | abs_robot_proximity_reward=0.0000 | robot_clearance_reward=0.0000 | context_neighbors_mean=2.02 | context_neighbors_max=4 | last_context_neighbors_mean=0.00 | last_context_neighbors_max=0 | actor_unlocked=0 | expl_noise=0.0731 | replay=26718 | interaction_replay=11540 | samples/sec=12.731
Actor gradient gate | passed=0 | safety_samples=162 | linear_positive_share=0.333 | angular_one_sided_share=0.932
Episode 320 complete | agent_samples=26765 | env_steps=11054 | episode_env_steps=12 | episode_agent_samples=47 | mean_reward=7.013 | success=3/5 | collision=2/5 | mean_final_distance=0.412 | mean_progress=0.0273 | min_laser=0.302 | mean_lin=0.993 | mean_ang=0.521 | mean_robot_dist=inf | raw_reward=20.000 | adjusted_reward=20.000 | coop_agents=0/5 | mean_coop_neighbors=0.00 | active_neighbor_step_rate=0.915 | mean_active_neighbors_step=1.617 | max_active_neighbors_step=3 | interaction_reward=0.0000 | abs_interaction_reward=0.0000 | anti_stag_reward=0.0000 | abs_anti_stag_reward=0.0000 | wall_clear_reward=0.0000 | abs_wall_clear_reward=0.0000 | local_nav_reward=0.0000 | abs_local_nav_reward=0.0000 | robot_proximity_reward=-1.7152 | abs_robot_proximity_reward=1.7152 | robot_clearance_reward=0.0851 | context_neighbors_mean=1.70 | context_neighbors_max=3 | last_context_neighbors_mean=0.00 | last_context_neighbors_max=0 | actor_unlocked=0 | expl_noise=0.0731 | replay=26765 | interaction_replay=11582 | samples/sec=12.737
Status | epoch=2 | next_eval_in=13235 agent_samples | checkpoint_every=10 episodes | checkpoint=./checkpoints/interaction_focused_actor_5a_init_5d_weak_s20260726_latest.pt | model=interaction_focused_actor_5a_init_5d_weak_s20260726
Checkpoint saved: ./checkpoints/interaction_focused_actor_5a_init_5d_weak_s20260726_latest.pt
Actor gradient gate | passed=1 | safety_samples=177 | linear_positive_share=0.384 | angular_one_sided_share=0.898
Episode 321 complete | agent_samples=26824 | env_steps=11076 | episode_env_steps=22 | episode_agent_samples=59 | mean_reward=65.530 | success=4/5 | collision=1/5 | mean_final_distance=0.339 | mean_progress=0.0277 | min_laser=0.316 | mean_lin=0.993 | mean_ang=0.384 | mean_robot_dist=inf | raw_reward=20.000 | adjusted_reward=20.000 | coop_agents=0/5 | mean_coop_neighbors=0.00 | active_neighbor_step_rate=0.763 | mean_active_neighbors_step=1.407 | max_active_neighbors_step=4 | interaction_reward=0.0000 | abs_interaction_reward=0.0000 | anti_stag_reward=0.0000 | abs_anti_stag_reward=0.0000 | wall_clear_reward=0.0000 | abs_wall_clear_reward=0.0000 | local_nav_reward=0.0000 | abs_local_nav_reward=0.0000 | robot_proximity_reward=-0.7289 | abs_robot_proximity_reward=0.7289 | robot_clearance_reward=0.0678 | context_neighbors_mean=1.51 | context_neighbors_max=4 | last_context_neighbors_mean=0.00 | last_context_neighbors_max=0 | actor_unlocked=1 | expl_noise=0.0731 | replay=26824 | interaction_replay=11623 | samples/sec=12.731
Actor gradient gate | passed=0 | safety_samples=169 | linear_positive_share=0.402 | angular_one_sided_share=0.917
Episode 322 complete | agent_samples=26933 | env_steps=11137 | episode_env_steps=61 | episode_agent_samples=109 | mean_reward=113.971 | success=5/5 | collision=0/5 | mean_final_distance=0.265 | mean_progress=0.0107 | min_laser=0.385 | mean_lin=0.828 | mean_ang=0.189 | mean_robot_dist=inf | raw_reward=20.000 | adjusted_reward=20.000 | coop_agents=0/5 | mean_coop_neighbors=0.00 | active_neighbor_step_rate=0.440 | mean_active_neighbors_step=1.037 | max_active_neighbors_step=4 | interaction_reward=0.0000 | abs_interaction_reward=0.0000 | anti_stag_reward=0.0000 | abs_anti_stag_reward=0.0000 | wall_clear_reward=0.0000 | abs_wall_clear_reward=0.0000 | local_nav_reward=0.0000 | abs_local_nav_reward=0.0000 | robot_proximity_reward=-0.5471 | abs_robot_proximity_reward=0.5471 | robot_clearance_reward=0.0457 | context_neighbors_mean=1.11 | context_neighbors_max=4 | last_context_neighbors_mean=0.00 | last_context_neighbors_max=0 | actor_unlocked=0 | expl_noise=0.0730 | replay=26933 | interaction_replay=11673 | samples/sec=12.703
Actor gradient gate | passed=1 | safety_samples=169 | linear_positive_share=0.355 | angular_one_sided_share=0.882
Episode 323 complete | agent_samples=27021 | env_steps=11161 | episode_env_steps=24 | episode_agent_samples=88 | mean_reward=121.018 | success=5/5 | collision=0/5 | mean_final_distance=0.258 | mean_progress=0.0062 | min_laser=0.459 | mean_lin=0.987 | mean_ang=-0.199 | mean_robot_dist=inf | raw_reward=20.000 | adjusted_reward=20.000 | coop_agents=0/5 | mean_coop_neighbors=0.00 | active_neighbor_step_rate=0.750 | mean_active_neighbors_step=1.455 | max_active_neighbors_step=4 | interaction_reward=0.0000 | abs_interaction_reward=0.0000 | anti_stag_reward=0.0000 | abs_anti_stag_reward=0.0000 | wall_clear_reward=0.0000 | abs_wall_clear_reward=0.0000 | local_nav_reward=0.0000 | abs_local_nav_reward=0.0000 | robot_proximity_reward=-0.1689 | abs_robot_proximity_reward=0.1689 | robot_clearance_reward=0.0736 | context_neighbors_mean=1.50 | context_neighbors_max=4 | last_context_neighbors_mean=0.00 | last_context_neighbors_max=0 | actor_unlocked=1 | expl_noise=0.0730 | replay=27021 | interaction_replay=11734 | samples/sec=12.712
Actor gradient gate | passed=1 | safety_samples=161 | linear_positive_share=0.354 | angular_one_sided_share=0.894
Episode 324 complete | agent_samples=27114 | env_steps=11199 | episode_env_steps=38 | episode_agent_samples=93 | mean_reward=116.838 | success=5/5 | collision=0/5 | mean_final_distance=0.270 | mean_progress=0.0124 | min_laser=0.635 | mean_lin=0.603 | mean_ang=-0.201 | mean_robot_dist=inf | raw_reward=20.000 | adjusted_reward=20.000 | coop_agents=0/5 | mean_coop_neighbors=0.00 | active_neighbor_step_rate=0.710 | mean_active_neighbors_step=1.591 | max_active_neighbors_step=4 | interaction_reward=0.0000 | abs_interaction_reward=0.0000 | anti_stag_reward=0.0000 | abs_anti_stag_reward=0.0000 | wall_clear_reward=0.0000 | abs_wall_clear_reward=0.0000 | local_nav_reward=0.0000 | abs_local_nav_reward=0.0000 | robot_proximity_reward=0.0000 | abs_robot_proximity_reward=0.0000 | robot_clearance_reward=0.0000 | context_neighbors_mean=1.57 | context_neighbors_max=4 | last_context_neighbors_mean=0.00 | last_context_neighbors_max=0 | actor_unlocked=1 | expl_noise=0.0730 | replay=27114 | interaction_replay=11736 | samples/sec=12.706
Actor gradient gate | passed=1 | safety_samples=154 | linear_positive_share=0.299 | angular_one_sided_share=0.870
Episode 325 complete | agent_samples=27191 | env_steps=11224 | episode_env_steps=25 | episode_agent_samples=77 | mean_reward=73.459 | success=4/5 | collision=1/5 | mean_final_distance=0.454 | mean_progress=0.0238 | min_laser=0.321 | mean_lin=0.993 | mean_ang=0.947 | mean_robot_dist=inf | raw_reward=20.000 | adjusted_reward=20.000 | coop_agents=0/5 | mean_coop_neighbors=0.00 | active_neighbor_step_rate=0.818 | mean_active_neighbors_step=1.896 | max_active_neighbors_step=4 | interaction_reward=0.0000 | abs_interaction_reward=0.0000 | anti_stag_reward=0.0000 | abs_anti_stag_reward=0.0000 | wall_clear_reward=0.0000 | abs_wall_clear_reward=0.0000 | local_nav_reward=0.0000 | abs_local_nav_reward=0.0000 | robot_proximity_reward=-0.3116 | abs_robot_proximity_reward=0.3116 | robot_clearance_reward=0.0260 | context_neighbors_mean=1.91 | context_neighbors_max=4 | last_context_neighbors_mean=0.00 | last_context_neighbors_max=0 | actor_unlocked=1 | expl_noise=0.0730 | replay=27191 | interaction_replay=11765 | samples/sec=12.709
Status | epoch=2 | next_eval_in=12809 agent_samples | checkpoint_every=10 episodes | checkpoint=./checkpoints/interaction_focused_actor_5a_init_5d_weak_s20260726_latest.pt | model=interaction_focused_actor_5a_init_5d_weak_s20260726
Actor gradient gate | passed=0 | safety_samples=163 | linear_positive_share=0.301 | angular_one_sided_share=0.908
Episode 326 complete | agent_samples=27278 | env_steps=11257 | episode_env_steps=33 | episode_agent_samples=87 | mean_reward=130.355 | success=5/5 | collision=0/5 | mean_final_distance=0.263 | mean_progress=0.0201 | min_laser=0.502 | mean_lin=1.000 | mean_ang=-0.176 | mean_robot_dist=inf | raw_reward=20.000 | adjusted_reward=20.000 | coop_agents=0/5 | mean_coop_neighbors=0.00 | active_neighbor_step_rate=0.701 | mean_active_neighbors_step=1.586 | max_active_neighbors_step=4 | interaction_reward=0.0000 | abs_interaction_reward=0.0000 | anti_stag_reward=0.0000 | abs_anti_stag_reward=0.0000 | wall_clear_reward=0.0000 | abs_wall_clear_reward=0.0000 | local_nav_reward=0.0000 | abs_local_nav_reward=0.0000 | robot_proximity_reward=-0.0615 | abs_robot_proximity_reward=0.0615 | robot_clearance_reward=0.0230 | context_neighbors_mean=1.61 | context_neighbors_max=4 | last_context_neighbors_mean=0.00 | last_context_neighbors_max=0 | actor_unlocked=0 | expl_noise=0.0730 | replay=27278 | interaction_replay=11790 | samples/sec=12.706
Actor gradient gate | passed=0 | safety_samples=174 | linear_positive_share=0.356 | angular_one_sided_share=0.908
Episode 327 complete | agent_samples=27345 | env_steps=11286 | episode_env_steps=29 | episode_agent_samples=67 | mean_reward=14.417 | success=3/5 | collision=2/5 | mean_final_distance=0.625 | mean_progress=0.0061 | min_laser=0.300 | mean_lin=0.992 | mean_ang=0.203 | mean_robot_dist=inf | raw_reward=20.000 | adjusted_reward=20.000 | coop_agents=0/5 | mean_coop_neighbors=0.00 | active_neighbor_step_rate=0.627 | mean_active_neighbors_step=1.493 | max_active_neighbors_step=4 | interaction_reward=0.0000 | abs_interaction_reward=0.0000 | anti_stag_reward=0.0000 | abs_anti_stag_reward=0.0000 | wall_clear_reward=0.0000 | abs_wall_clear_reward=0.0000 | local_nav_reward=0.0000 | abs_local_nav_reward=0.0000 | robot_proximity_reward=-0.8159 | abs_robot_proximity_reward=0.8159 | robot_clearance_reward=0.0000 | context_neighbors_mean=1.55 | context_neighbors_max=4 | last_context_neighbors_mean=0.00 | last_context_neighbors_max=0 | actor_unlocked=0 | expl_noise=0.0729 | replay=27345 | interaction_replay=11830 | samples/sec=12.699
Actor gradient gate | passed=1 | safety_samples=173 | linear_positive_share=0.347 | angular_one_sided_share=0.855
Episode 328 complete | agent_samples=27460 | env_steps=11325 | episode_env_steps=39 | episode_agent_samples=115 | mean_reward=118.773 | success=5/5 | collision=0/5 | mean_final_distance=0.246 | mean_progress=0.0064 | min_laser=0.381 | mean_lin=1.000 | mean_ang=0.081 | mean_robot_dist=inf | raw_reward=20.000 | adjusted_reward=20.000 | coop_agents=0/5 | mean_coop_neighbors=0.00 | active_neighbor_step_rate=0.661 | mean_active_neighbors_step=1.843 | max_active_neighbors_step=4 | interaction_reward=0.0000 | abs_interaction_reward=0.0000 | anti_stag_reward=0.0000 | abs_anti_stag_reward=0.0000 | wall_clear_reward=0.0000 | abs_wall_clear_reward=0.0000 | local_nav_reward=0.0000 | abs_local_nav_reward=0.0000 | robot_proximity_reward=-0.3932 | abs_robot_proximity_reward=0.3932 | robot_clearance_reward=0.0348 | context_neighbors_mean=1.88 | context_neighbors_max=4 | last_context_neighbors_mean=0.00 | last_context_neighbors_max=0 | actor_unlocked=1 | expl_noise=0.0729 | replay=27460 | interaction_replay=11860 | samples/sec=12.701
Actor gradient gate | passed=0 | safety_samples=159 | linear_positive_share=0.358 | angular_one_sided_share=0.906
Episode 329 complete | agent_samples=27550 | env_steps=11380 | episode_env_steps=55 | episode_agent_samples=90 | mean_reward=16.170 | success=3/5 | collision=2/5 | mean_final_distance=0.497 | mean_progress=0.0029 | min_laser=0.300 | mean_lin=0.410 | mean_ang=-0.680 | mean_robot_dist=inf | raw_reward=20.000 | adjusted_reward=20.000 | coop_agents=0/5 | mean_coop_neighbors=0.00 | active_neighbor_step_rate=0.433 | mean_active_neighbors_step=1.067 | max_active_neighbors_step=4 | interaction_reward=0.0000 | abs_interaction_reward=0.0000 | anti_stag_reward=0.0000 | abs_anti_stag_reward=0.0000 | wall_clear_reward=0.0000 | abs_wall_clear_reward=0.0000 | local_nav_reward=0.0000 | abs_local_nav_reward=0.0000 | robot_proximity_reward=-0.6126 | abs_robot_proximity_reward=0.6126 | robot_clearance_reward=0.0444 | context_neighbors_mean=1.12 | context_neighbors_max=4 | last_context_neighbors_mean=0.00 | last_context_neighbors_max=0 | actor_unlocked=0 | expl_noise=0.0729 | replay=27550 | interaction_replay=11897 | samples/sec=12.673
Actor gradient gate | passed=0 | safety_samples=172 | linear_positive_share=0.395 | angular_one_sided_share=0.901
Episode 330 complete | agent_samples=27632 | env_steps=11414 | episode_env_steps=34 | episode_agent_samples=82 | mean_reward=67.826 | success=4/5 | collision=1/5 | mean_final_distance=0.434 | mean_progress=0.0141 | min_laser=0.342 | mean_lin=1.000 | mean_ang=-0.193 | mean_robot_dist=inf | raw_reward=20.000 | adjusted_reward=20.000 | coop_agents=0/5 | mean_coop_neighbors=0.00 | active_neighbor_step_rate=0.707 | mean_active_neighbors_step=1.732 | max_active_neighbors_step=4 | interaction_reward=0.0000 | abs_interaction_reward=0.0000 | anti_stag_reward=0.0000 | abs_anti_stag_reward=0.0000 | wall_clear_reward=0.0000 | abs_wall_clear_reward=0.0000 | local_nav_reward=0.0000 | abs_local_nav_reward=0.0000 | robot_proximity_reward=-0.5802 | abs_robot_proximity_reward=0.5802 | robot_clearance_reward=0.0000 | context_neighbors_mean=1.80 | context_neighbors_max=4 | last_context_neighbors_mean=0.00 | last_context_neighbors_max=0 | actor_unlocked=0 | expl_noise=0.0729 | replay=27632 | interaction_replay=11927 | samples/sec=12.667
Status | epoch=2 | next_eval_in=12368 agent_samples | checkpoint_every=10 episodes | checkpoint=./checkpoints/interaction_focused_actor_5a_init_5d_weak_s20260726_latest.pt | model=interaction_focused_actor_5a_init_5d_weak_s20260726
Checkpoint saved: ./checkpoints/interaction_focused_actor_5a_init_5d_weak_s20260726_latest.pt
Actor gradient gate | passed=1 | safety_samples=161 | linear_positive_share=0.286 | angular_one_sided_share=0.870
Episode 331 complete | agent_samples=27705 | env_steps=11451 | episode_env_steps=37 | episode_agent_samples=73 | mean_reward=8.640 | success=3/5 | collision=2/5 | mean_final_distance=1.015 | mean_progress=0.0122 | min_laser=0.300 | mean_lin=0.999 | mean_ang=0.017 | mean_robot_dist=inf | raw_reward=20.000 | adjusted_reward=20.000 | coop_agents=0/5 | mean_coop_neighbors=0.00 | active_neighbor_step_rate=0.644 | mean_active_neighbors_step=1.562 | max_active_neighbors_step=4 | interaction_reward=0.0000 | abs_interaction_reward=0.0000 | anti_stag_reward=0.0000 | abs_anti_stag_reward=0.0000 | wall_clear_reward=0.0000 | abs_wall_clear_reward=0.0000 | local_nav_reward=0.0000 | abs_local_nav_reward=0.0000 | robot_proximity_reward=-0.9973 | abs_robot_proximity_reward=0.9973 | robot_clearance_reward=0.0000 | context_neighbors_mean=1.58 | context_neighbors_max=4 | last_context_neighbors_mean=0.00 | last_context_neighbors_max=0 | actor_unlocked=1 | expl_noise=0.0728 | replay=27705 | interaction_replay=11947 | samples/sec=12.650
Actor gradient gate | passed=1 | safety_samples=157 | linear_positive_share=0.312 | angular_one_sided_share=0.898
Episode 332 complete | agent_samples=27816 | env_steps=11491 | episode_env_steps=40 | episode_agent_samples=111 | mean_reward=123.651 | success=5/5 | collision=0/5 | mean_final_distance=0.243 | mean_progress=0.0234 | min_laser=0.415 | mean_lin=0.913 | mean_ang=-0.769 | mean_robot_dist=inf | raw_reward=20.000 | adjusted_reward=20.000 | coop_agents=0/5 | mean_coop_neighbors=0.00 | active_neighbor_step_rate=0.712 | mean_active_neighbors_step=1.405 | max_active_neighbors_step=4 | interaction_reward=0.0000 | abs_interaction_reward=0.0000 | anti_stag_reward=0.0000 | abs_anti_stag_reward=0.0000 | wall_clear_reward=0.0000 | abs_wall_clear_reward=0.0000 | local_nav_reward=0.0000 | abs_local_nav_reward=0.0000 | robot_proximity_reward=-0.3849 | abs_robot_proximity_reward=0.3849 | robot_clearance_reward=0.0431 | context_neighbors_mean=1.44 | context_neighbors_max=4 | last_context_neighbors_mean=0.00 | last_context_neighbors_max=0 | actor_unlocked=1 | expl_noise=0.0728 | replay=27816 | interaction_replay=11969 | samples/sec=12.650
Actor gradient gate | passed=0 | safety_samples=174 | linear_positive_share=0.333 | angular_one_sided_share=0.908
Episode 333 complete | agent_samples=27889 | env_steps=11522 | episode_env_steps=31 | episode_agent_samples=73 | mean_reward=67.766 | success=4/5 | collision=1/5 | mean_final_distance=0.466 | mean_progress=0.0105 | min_laser=0.303 | mean_lin=0.812 | mean_ang=-0.343 | mean_robot_dist=inf | raw_reward=20.000 | adjusted_reward=20.000 | coop_agents=0/5 | mean_coop_neighbors=0.00 | active_neighbor_step_rate=0.658 | mean_active_neighbors_step=1.658 | max_active_neighbors_step=4 | interaction_reward=0.0000 | abs_interaction_reward=0.0000 | anti_stag_reward=0.0000 | abs_anti_stag_reward=0.0000 | wall_clear_reward=0.0000 | abs_wall_clear_reward=0.0000 | local_nav_reward=0.0000 | abs_local_nav_reward=0.0000 | robot_proximity_reward=-0.5043 | abs_robot_proximity_reward=0.5043 | robot_clearance_reward=0.0274 | context_neighbors_mean=1.74 | context_neighbors_max=4 | last_context_neighbors_mean=0.00 | last_context_neighbors_max=0 | actor_unlocked=0 | expl_noise=0.0728 | replay=27889 | interaction_replay=12018 | samples/sec=12.644
Actor gradient gate | passed=0 | safety_samples=186 | linear_positive_share=0.376 | angular_one_sided_share=0.903
Episode 334 complete | agent_samples=27961 | env_steps=11549 | episode_env_steps=27 | episode_agent_samples=72 | mean_reward=69.090 | success=4/5 | collision=1/5 | mean_final_distance=0.284 | mean_progress=0.0076 | min_laser=0.300 | mean_lin=0.980 | mean_ang=0.600 | mean_robot_dist=inf | raw_reward=20.000 | adjusted_reward=20.000 | coop_agents=0/5 | mean_coop_neighbors=0.00 | active_neighbor_step_rate=0.653 | mean_active_neighbors_step=1.625 | max_active_neighbors_step=4 | interaction_reward=0.0000 | abs_interaction_reward=0.0000 | anti_stag_reward=0.0000 | abs_anti_stag_reward=0.0000 | wall_clear_reward=0.0000 | abs_wall_clear_reward=0.0000 | local_nav_reward=0.0000 | abs_local_nav_reward=0.0000 | robot_proximity_reward=-1.1015 | abs_robot_proximity_reward=1.1015 | robot_clearance_reward=0.0556 | context_neighbors_mean=1.69 | context_neighbors_max=4 | last_context_neighbors_mean=0.00 | last_context_neighbors_max=0 | actor_unlocked=0 | expl_noise=0.0728 | replay=27961 | interaction_replay=12066 | samples/sec=12.642
Actor gradient gate | passed=1 | safety_samples=179 | linear_positive_share=0.358 | angular_one_sided_share=0.860
Episode 335 complete | agent_samples=28056 | env_steps=11577 | episode_env_steps=28 | episode_agent_samples=95 | mean_reward=130.554 | success=5/5 | collision=0/5 | mean_final_distance=0.245 | mean_progress=0.0034 | min_laser=0.503 | mean_lin=0.877 | mean_ang=-0.251 | mean_robot_dist=inf | raw_reward=20.000 | adjusted_reward=20.000 | coop_agents=0/5 | mean_coop_neighbors=0.00 | active_neighbor_step_rate=0.842 | mean_active_neighbors_step=2.074 | max_active_neighbors_step=4 | interaction_reward=0.0000 | abs_interaction_reward=0.0000 | anti_stag_reward=0.0000 | abs_anti_stag_reward=0.0000 | wall_clear_reward=0.0000 | abs_wall_clear_reward=0.0000 | local_nav_reward=0.0000 | abs_local_nav_reward=0.0000 | robot_proximity_reward=-0.0918 | abs_robot_proximity_reward=0.0918 | robot_clearance_reward=0.0021 | context_neighbors_mean=2.06 | context_neighbors_max=4 | last_context_neighbors_mean=0.00 | last_context_neighbors_max=0 | actor_unlocked=1 | expl_noise=0.0728 | replay=28056 | interaction_replay=12090 | samples/sec=12.649
Status | epoch=2 | next_eval_in=11944 agent_samples | checkpoint_every=10 episodes | checkpoint=./checkpoints/interaction_focused_actor_5a_init_5d_weak_s20260726_latest.pt | model=interaction_focused_actor_5a_init_5d_weak_s20260726
Actor gradient gate | passed=0 | safety_samples=167 | linear_positive_share=0.371 | angular_one_sided_share=0.904
Episode 336 complete | agent_samples=28119 | env_steps=11599 | episode_env_steps=22 | episode_agent_samples=63 | mean_reward=62.718 | success=4/5 | collision=1/5 | mean_final_distance=0.491 | mean_progress=0.0261 | min_laser=0.311 | mean_lin=1.000 | mean_ang=-0.583 | mean_robot_dist=inf | raw_reward=20.000 | adjusted_reward=20.000 | coop_agents=0/5 | mean_coop_neighbors=0.00 | active_neighbor_step_rate=0.683 | mean_active_neighbors_step=1.476 | max_active_neighbors_step=4 | interaction_reward=0.0000 | abs_interaction_reward=0.0000 | anti_stag_reward=0.0000 | abs_anti_stag_reward=0.0000 | wall_clear_reward=0.0000 | abs_wall_clear_reward=0.0000 | local_nav_reward=0.0000 | abs_local_nav_reward=0.0000 | robot_proximity_reward=-0.4517 | abs_robot_proximity_reward=0.4517 | robot_clearance_reward=0.0000 | context_neighbors_mean=1.46 | context_neighbors_max=4 | last_context_neighbors_mean=0.00 | last_context_neighbors_max=0 | actor_unlocked=0 | expl_noise=0.0728 | replay=28119 | interaction_replay=12112 | samples/sec=12.650
Actor gradient gate | passed=1 | safety_samples=171 | linear_positive_share=0.316 | angular_one_sided_share=0.842
Episode 337 complete | agent_samples=28173 | env_steps=11622 | episode_env_steps=23 | episode_agent_samples=54 | mean_reward=-24.705 | success=2/5 | collision=3/5 | mean_final_distance=1.068 | mean_progress=0.0183 | min_laser=0.300 | mean_lin=0.805 | mean_ang=0.429 | mean_robot_dist=inf | raw_reward=-20.000 | adjusted_reward=-20.000 | coop_agents=0/5 | mean_coop_neighbors=0.00 | active_neighbor_step_rate=0.278 | mean_active_neighbors_step=0.611 | max_active_neighbors_step=4 | interaction_reward=0.0000 | abs_interaction_reward=0.0000 | anti_stag_reward=0.0000 | abs_anti_stag_reward=0.0000 | wall_clear_reward=0.0000 | abs_wall_clear_reward=0.0000 | local_nav_reward=0.0000 | abs_local_nav_reward=0.0000 | robot_proximity_reward=-0.8645 | abs_robot_proximity_reward=0.8645 | robot_clearance_reward=0.0000 | context_neighbors_mean=0.63 | context_neighbors_max=4 | last_context_neighbors_mean=0.00 | last_context_neighbors_max=0 | actor_unlocked=1 | expl_noise=0.0727 | replay=28173 | interaction_replay=12122 | samples/sec=12.645
Actor gradient gate | passed=1 | safety_samples=184 | linear_positive_share=0.359 | angular_one_sided_share=0.897
Episode 338 complete | agent_samples=28266 | env_steps=11652 | episode_env_steps=30 | episode_agent_samples=93 | mean_reward=30.911 | success=3/5 | collision=2/5 | mean_final_distance=0.482 | mean_progress=0.0140 | min_laser=0.316 | mean_lin=0.800 | mean_ang=0.150 | mean_robot_dist=inf | raw_reward=20.000 | adjusted_reward=20.000 | coop_agents=0/5 | mean_coop_neighbors=0.00 | active_neighbor_step_rate=0.806 | mean_active_neighbors_step=1.968 | max_active_neighbors_step=4 | interaction_reward=0.0000 | abs_interaction_reward=0.0000 | anti_stag_reward=0.0000 | abs_anti_stag_reward=0.0000 | wall_clear_reward=0.0000 | abs_wall_clear_reward=0.0000 | local_nav_reward=0.0000 | abs_local_nav_reward=0.0000 | robot_proximity_reward=-0.3330 | abs_robot_proximity_reward=0.3330 | robot_clearance_reward=0.0358 | context_neighbors_mean=2.01 | context_neighbors_max=4 | last_context_neighbors_mean=0.00 | last_context_neighbors_max=0 | actor_unlocked=1 | expl_noise=0.0727 | replay=28266 | interaction_replay=12153 | samples/sec=12.649
Actor gradient gate | passed=1 | safety_samples=159 | linear_positive_share=0.270 | angular_one_sided_share=0.899
Episode 339 complete | agent_samples=28349 | env_steps=11672 | episode_env_steps=20 | episode_agent_samples=83 | mean_reward=125.892 | success=5/5 | collision=0/5 | mean_final_distance=0.273 | mean_progress=0.0224 | min_laser=0.576 | mean_lin=0.799 | mean_ang=-0.601 | mean_robot_dist=inf | raw_reward=40.000 | adjusted_reward=40.000 | coop_agents=1/5 | mean_coop_neighbors=0.20 | active_neighbor_step_rate=0.904 | mean_active_neighbors_step=2.205 | max_active_neighbors_step=4 | interaction_reward=0.0000 | abs_interaction_reward=0.0000 | anti_stag_reward=0.0000 | abs_anti_stag_reward=0.0000 | wall_clear_reward=0.0000 | abs_wall_clear_reward=0.0000 | local_nav_reward=0.0000 | abs_local_nav_reward=0.0000 | robot_proximity_reward=-0.0880 | abs_robot_proximity_reward=0.0880 | robot_clearance_reward=0.0308 | context_neighbors_mean=2.20 | context_neighbors_max=4 | last_context_neighbors_mean=0.00 | last_context_neighbors_max=0 | actor_unlocked=1 | expl_noise=0.0727 | replay=28349 | interaction_replay=12173 | samples/sec=12.661
Actor gradient gate | passed=1 | safety_samples=182 | linear_positive_share=0.297 | angular_one_sided_share=0.896
Episode 340 complete | agent_samples=28462 | env_steps=11746 | episode_env_steps=74 | episode_agent_samples=113 | mean_reward=57.223 | success=4/5 | collision=1/5 | mean_final_distance=0.517 | mean_progress=0.0111 | min_laser=0.301 | mean_lin=1.000 | mean_ang=-0.247 | mean_robot_dist=inf | raw_reward=20.000 | adjusted_reward=20.000 | coop_agents=0/5 | mean_coop_neighbors=0.00 | active_neighbor_step_rate=0.434 | mean_active_neighbors_step=1.230 | max_active_neighbors_step=4 | interaction_reward=0.0000 | abs_interaction_reward=0.0000 | anti_stag_reward=0.0000 | abs_anti_stag_reward=0.0000 | wall_clear_reward=0.0000 | abs_wall_clear_reward=0.0000 | local_nav_reward=0.0000 | abs_local_nav_reward=0.0000 | robot_proximity_reward=-0.7395 | abs_robot_proximity_reward=0.7395 | robot_clearance_reward=0.0345 | context_neighbors_mean=1.27 | context_neighbors_max=4 | last_context_neighbors_mean=0.00 | last_context_neighbors_max=0 | actor_unlocked=1 | expl_noise=0.0727 | replay=28462 | interaction_replay=12197 | samples/sec=12.620
Status | epoch=2 | next_eval_in=11538 agent_samples | checkpoint_every=10 episodes | checkpoint=./checkpoints/interaction_focused_actor_5a_init_5d_weak_s20260726_latest.pt | model=interaction_focused_actor_5a_init_5d_weak_s20260726
Checkpoint saved: ./checkpoints/interaction_focused_actor_5a_init_5d_weak_s20260726_latest.pt
Actor gradient gate | passed=0 | safety_samples=177 | linear_positive_share=0.362 | angular_one_sided_share=0.921
Episode 341 complete | agent_samples=28553 | env_steps=11776 | episode_env_steps=30 | episode_agent_samples=91 | mean_reward=119.015 | success=5/5 | collision=0/5 | mean_final_distance=0.261 | mean_progress=0.0174 | min_laser=0.526 | mean_lin=0.710 | mean_ang=-0.345 | mean_robot_dist=inf | raw_reward=20.000 | adjusted_reward=20.000 | coop_agents=0/5 | mean_coop_neighbors=0.00 | active_neighbor_step_rate=0.692 | mean_active_neighbors_step=1.703 | max_active_neighbors_step=4 | interaction_reward=0.0000 | abs_interaction_reward=0.0000 | anti_stag_reward=0.0000 | abs_anti_stag_reward=0.0000 | wall_clear_reward=0.0000 | abs_wall_clear_reward=0.0000 | local_nav_reward=0.0000 | abs_local_nav_reward=0.0000 | robot_proximity_reward=-0.2550 | abs_robot_proximity_reward=0.2550 | robot_clearance_reward=0.0440 | context_neighbors_mean=1.76 | context_neighbors_max=4 | last_context_neighbors_mean=0.00 | last_context_neighbors_max=0 | actor_unlocked=0 | expl_noise=0.0726 | replay=28553 | interaction_replay=12230 | samples/sec=12.619
Actor gradient gate | passed=0 | safety_samples=171 | linear_positive_share=0.310 | angular_one_sided_share=0.918
Episode 342 complete | agent_samples=28637 | env_steps=11826 | episode_env_steps=50 | episode_agent_samples=84 | mean_reward=79.274 | success=4/5 | collision=1/5 | mean_final_distance=0.510 | mean_progress=0.0077 | min_laser=0.330 | mean_lin=0.994 | mean_ang=0.561 | mean_robot_dist=inf | raw_reward=20.000 | adjusted_reward=20.000 | coop_agents=0/5 | mean_coop_neighbors=0.00 | active_neighbor_step_rate=0.405 | mean_active_neighbors_step=1.024 | max_active_neighbors_step=4 | interaction_reward=0.0000 | abs_interaction_reward=0.0000 | anti_stag_reward=0.0000 | abs_anti_stag_reward=0.0000 | wall_clear_reward=0.0000 | abs_wall_clear_reward=0.0000 | local_nav_reward=0.0000 | abs_local_nav_reward=0.0000 | robot_proximity_reward=-0.5196 | abs_robot_proximity_reward=0.5196 | robot_clearance_reward=0.0610 | context_neighbors_mean=1.01 | context_neighbors_max=4 | last_context_neighbors_mean=0.00 | last_context_neighbors_max=0 | actor_unlocked=0 | expl_noise=0.0726 | replay=28637 | interaction_replay=12262 | samples/sec=12.596
Actor gradient gate | passed=1 | safety_samples=173 | linear_positive_share=0.382 | angular_one_sided_share=0.873
Episode 343 complete | agent_samples=28774 | env_steps=11886 | episode_env_steps=60 | episode_agent_samples=137 | mean_reward=68.895 | success=4/5 | collision=1/5 | mean_final_distance=0.376 | mean_progress=0.0092 | min_laser=0.314 | mean_lin=0.998 | mean_ang=-0.612 | mean_robot_dist=inf | raw_reward=20.000 | adjusted_reward=20.000 | coop_agents=0/5 | mean_coop_neighbors=0.00 | active_neighbor_step_rate=0.628 | mean_active_neighbors_step=1.219 | max_active_neighbors_step=4 | interaction_reward=0.0000 | abs_interaction_reward=0.0000 | anti_stag_reward=0.0000 | abs_anti_stag_reward=0.0000 | wall_clear_reward=0.0000 | abs_wall_clear_reward=0.0000 | local_nav_reward=0.0000 | abs_local_nav_reward=0.0000 | robot_proximity_reward=-0.1074 | abs_robot_proximity_reward=0.1074 | robot_clearance_reward=0.0146 | context_neighbors_mean=1.23 | context_neighbors_max=4 | last_context_neighbors_mean=0.00 | last_context_neighbors_max=0 | actor_unlocked=1 | expl_noise=0.0726 | replay=28774 | interaction_replay=12299 | samples/sec=12.583
Actor gradient gate | passed=0 | safety_samples=176 | linear_positive_share=0.358 | angular_one_sided_share=0.903
Episode 344 complete | agent_samples=28855 | env_steps=11909 | episode_env_steps=23 | episode_agent_samples=81 | mean_reward=88.332 | success=4/5 | collision=1/5 | mean_final_distance=0.413 | mean_progress=0.0219 | min_laser=0.341 | mean_lin=1.000 | mean_ang=0.200 | mean_robot_dist=inf | raw_reward=20.000 | adjusted_reward=20.000 | coop_agents=0/5 | mean_coop_neighbors=0.00 | active_neighbor_step_rate=0.704 | mean_active_neighbors_step=1.309 | max_active_neighbors_step=3 | interaction_reward=0.0000 | abs_interaction_reward=0.0000 | anti_stag_reward=0.0000 | abs_anti_stag_reward=0.0000 | wall_clear_reward=0.0000 | abs_wall_clear_reward=0.0000 | local_nav_reward=0.0000 | abs_local_nav_reward=0.0000 | robot_proximity_reward=0.0000 | abs_robot_proximity_reward=0.0000 | robot_clearance_reward=0.0000 | context_neighbors_mean=1.35 | context_neighbors_max=3 | last_context_neighbors_mean=0.00 | last_context_neighbors_max=0 | actor_unlocked=0 | expl_noise=0.0726 | replay=28855 | interaction_replay=12323 | samples/sec=12.590
Actor gradient gate | passed=0 | safety_samples=181 | linear_positive_share=0.249 | angular_one_sided_share=0.912
Episode 345 complete | agent_samples=28952 | env_steps=11958 | episode_env_steps=49 | episode_agent_samples=97 | mean_reward=77.116 | success=4/5 | collision=1/5 | mean_final_distance=0.403 | mean_progress=0.0124 | min_laser=0.338 | mean_lin=0.865 | mean_ang=-0.200 | mean_robot_dist=inf | raw_reward=20.000 | adjusted_reward=20.000 | coop_agents=0/5 | mean_coop_neighbors=0.00 | active_neighbor_step_rate=0.495 | mean_active_neighbors_step=1.299 | max_active_neighbors_step=4 | interaction_reward=0.0000 | abs_interaction_reward=0.0000 | anti_stag_reward=0.0000 | abs_anti_stag_reward=0.0000 | wall_clear_reward=0.0000 | abs_wall_clear_reward=0.0000 | local_nav_reward=0.0000 | abs_local_nav_reward=0.0000 | robot_proximity_reward=0.0000 | abs_robot_proximity_reward=0.0000 | robot_clearance_reward=0.0000 | context_neighbors_mean=1.30 | context_neighbors_max=4 | last_context_neighbors_mean=0.00 | last_context_neighbors_max=0 | actor_unlocked=0 | expl_noise=0.0725 | replay=28952 | interaction_replay=12333 | samples/sec=12.574
Status | epoch=2 | next_eval_in=11048 agent_samples | checkpoint_every=10 episodes | checkpoint=./checkpoints/interaction_focused_actor_5a_init_5d_weak_s20260726_latest.pt | model=interaction_focused_actor_5a_init_5d_weak_s20260726
Actor gradient gate | passed=0 | safety_samples=186 | linear_positive_share=0.376 | angular_one_sided_share=0.909
Episode 346 complete | agent_samples=29112 | env_steps=12017 | episode_env_steps=59 | episode_agent_samples=160 | mean_reward=115.596 | success=5/5 | collision=0/5 | mean_final_distance=0.275 | mean_progress=0.0109 | min_laser=0.406 | mean_lin=0.951 | mean_ang=-0.687 | mean_robot_dist=inf | raw_reward=20.000 | adjusted_reward=20.000 | coop_agents=0/5 | mean_coop_neighbors=0.00 | active_neighbor_step_rate=0.550 | mean_active_neighbors_step=1.006 | max_active_neighbors_step=4 | interaction_reward=0.0000 | abs_interaction_reward=0.0000 | anti_stag_reward=0.0000 | abs_anti_stag_reward=0.0000 | wall_clear_reward=0.0000 | abs_wall_clear_reward=0.0000 | local_nav_reward=0.0000 | abs_local_nav_reward=0.0000 | robot_proximity_reward=-0.2256 | abs_robot_proximity_reward=0.2256 | robot_clearance_reward=0.0125 | context_neighbors_mean=1.01 | context_neighbors_max=4 | last_context_neighbors_mean=0.00 | last_context_neighbors_max=0 | actor_unlocked=0 | expl_noise=0.0725 | replay=29112 | interaction_replay=12354 | samples/sec=12.574
Actor gradient gate | passed=0 | safety_samples=181 | linear_positive_share=0.343 | angular_one_sided_share=0.901
Episode 347 complete | agent_samples=29214 | env_steps=12048 | episode_env_steps=31 | episode_agent_samples=102 | mean_reward=127.693 | success=5/5 | collision=0/5 | mean_final_distance=0.234 | mean_progress=0.0197 | min_laser=0.426 | mean_lin=0.799 | mean_ang=-0.225 | mean_robot_dist=inf | raw_reward=20.000 | adjusted_reward=20.000 | coop_agents=0/5 | mean_coop_neighbors=0.00 | active_neighbor_step_rate=0.863 | mean_active_neighbors_step=1.647 | max_active_neighbors_step=4 | interaction_reward=0.0000 | abs_interaction_reward=0.0000 | anti_stag_reward=0.0000 | abs_anti_stag_reward=0.0000 | wall_clear_reward=0.0000 | abs_wall_clear_reward=0.0000 | local_nav_reward=0.0000 | abs_local_nav_reward=0.0000 | robot_proximity_reward=-0.3679 | abs_robot_proximity_reward=0.3679 | robot_clearance_reward=0.1120 | context_neighbors_mean=1.69 | context_neighbors_max=4 | last_context_neighbors_mean=0.00 | last_context_neighbors_max=0 | actor_unlocked=0 | expl_noise=0.0725 | replay=29214 | interaction_replay=12377 | samples/sec=12.581
Actor gradient gate | passed=1 | safety_samples=181 | linear_positive_share=0.243 | angular_one_sided_share=0.862
Episode 348 complete | agent_samples=29276 | env_steps=12067 | episode_env_steps=19 | episode_agent_samples=62 | mean_reward=100.401 | success=5/5 | collision=0/5 | mean_final_distance=0.236 | mean_progress=0.0148 | min_laser=0.552 | mean_lin=0.989 | mean_ang=-0.545 | mean_robot_dist=inf | raw_reward=20.000 | adjusted_reward=20.000 | coop_agents=0/5 | mean_coop_neighbors=0.00 | active_neighbor_step_rate=0.726 | mean_active_neighbors_step=1.419 | max_active_neighbors_step=4 | interaction_reward=0.0000 | abs_interaction_reward=0.0000 | anti_stag_reward=0.0000 | abs_anti_stag_reward=0.0000 | wall_clear_reward=0.0000 | abs_wall_clear_reward=0.0000 | local_nav_reward=0.0000 | abs_local_nav_reward=0.0000 | robot_proximity_reward=-0.6221 | abs_robot_proximity_reward=0.6221 | robot_clearance_reward=0.0704 | context_neighbors_mean=1.56 | context_neighbors_max=4 | last_context_neighbors_mean=0.00 | last_context_neighbors_max=0 | actor_unlocked=1 | expl_noise=0.0725 | replay=29276 | interaction_replay=12424 | samples/sec=12.584
Actor gradient gate | passed=1 | safety_samples=162 | linear_positive_share=0.321 | angular_one_sided_share=0.864
Episode 349 complete | agent_samples=29346 | env_steps=12091 | episode_env_steps=24 | episode_agent_samples=70 | mean_reward=110.824 | success=5/5 | collision=0/5 | mean_final_distance=0.257 | mean_progress=0.0088 | min_laser=0.711 | mean_lin=0.962 | mean_ang=-0.101 | mean_robot_dist=inf | raw_reward=20.000 | adjusted_reward=20.000 | coop_agents=0/5 | mean_coop_neighbors=0.00 | active_neighbor_step_rate=0.671 | mean_active_neighbors_step=1.243 | max_active_neighbors_step=4 | interaction_reward=0.0000 | abs_interaction_reward=0.0000 | anti_stag_reward=0.0000 | abs_anti_stag_reward=0.0000 | wall_clear_reward=0.0000 | abs_wall_clear_reward=0.0000 | local_nav_reward=0.0000 | abs_local_nav_reward=0.0000 | robot_proximity_reward=-0.3192 | abs_robot_proximity_reward=0.3192 | robot_clearance_reward=0.0784 | context_neighbors_mean=1.30 | context_neighbors_max=4 | last_context_neighbors_mean=0.00 | last_context_neighbors_max=0 | actor_unlocked=1 | expl_noise=0.0724 | replay=29346 | interaction_replay=12464 | samples/sec=12.585
Actor gradient gate | passed=1 | safety_samples=183 | linear_positive_share=0.262 | angular_one_sided_share=0.825
Episode 350 complete | agent_samples=29449 | env_steps=12126 | episode_env_steps=35 | episode_agent_samples=103 | mean_reward=112.060 | success=5/5 | collision=0/5 | mean_final_distance=0.262 | mean_progress=0.0044 | min_laser=0.621 | mean_lin=0.774 | mean_ang=-0.206 | mean_robot_dist=inf | raw_reward=20.000 | adjusted_reward=20.000 | coop_agents=0/5 | mean_coop_neighbors=0.00 | active_neighbor_step_rate=0.806 | mean_active_neighbors_step=1.650 | max_active_neighbors_step=4 | interaction_reward=0.0000 | abs_interaction_reward=0.0000 | anti_stag_reward=0.0000 | abs_anti_stag_reward=0.0000 | wall_clear_reward=0.0000 | abs_wall_clear_reward=0.0000 | local_nav_reward=0.0000 | abs_local_nav_reward=0.0000 | robot_proximity_reward=-0.2212 | abs_robot_proximity_reward=0.2212 | robot_clearance_reward=0.0388 | context_neighbors_mean=1.70 | context_neighbors_max=4 | last_context_neighbors_mean=0.00 | last_context_neighbors_max=0 | actor_unlocked=1 | expl_noise=0.0724 | replay=29449 | interaction_replay=12518 | samples/sec=12.588
Status | epoch=2 | next_eval_in=10551 agent_samples | checkpoint_every=10 episodes | checkpoint=./checkpoints/interaction_focused_actor_5a_init_5d_weak_s20260726_latest.pt | model=interaction_focused_actor_5a_init_5d_weak_s20260726
Checkpoint saved: ./checkpoints/interaction_focused_actor_5a_init_5d_weak_s20260726_latest.pt
Actor gradient gate | passed=1 | safety_samples=169 | linear_positive_share=0.296 | angular_one_sided_share=0.817
Episode 351 complete | agent_samples=29532 | env_steps=12158 | episode_env_steps=32 | episode_agent_samples=83 | mean_reward=127.029 | success=5/5 | collision=0/5 | mean_final_distance=0.277 | mean_progress=0.0067 | min_laser=0.554 | mean_lin=0.997 | mean_ang=0.564 | mean_robot_dist=inf | raw_reward=20.000 | adjusted_reward=20.000 | coop_agents=0/5 | mean_coop_neighbors=0.00 | active_neighbor_step_rate=0.807 | mean_active_neighbors_step=1.988 | max_active_neighbors_step=4 | interaction_reward=0.0000 | abs_interaction_reward=0.0000 | anti_stag_reward=0.0000 | abs_anti_stag_reward=0.0000 | wall_clear_reward=0.0000 | abs_wall_clear_reward=0.0000 | local_nav_reward=0.0000 | abs_local_nav_reward=0.0000 | robot_proximity_reward=-0.0850 | abs_robot_proximity_reward=0.0850 | robot_clearance_reward=0.0241 | context_neighbors_mean=1.99 | context_neighbors_max=4 | last_context_neighbors_mean=0.00 | last_context_neighbors_max=0 | actor_unlocked=1 | expl_noise=0.0724 | replay=29532 | interaction_replay=12528 | samples/sec=12.582
Actor gradient gate | passed=1 | safety_samples=193 | linear_positive_share=0.342 | angular_one_sided_share=0.891
Episode 352 complete | agent_samples=29627 | env_steps=12185 | episode_env_steps=27 | episode_agent_samples=95 | mean_reward=66.864 | success=4/5 | collision=1/5 | mean_final_distance=0.336 | mean_progress=0.0113 | min_laser=0.322 | mean_lin=0.791 | mean_ang=-0.725 | mean_robot_dist=inf | raw_reward=20.000 | adjusted_reward=20.000 | coop_agents=0/5 | mean_coop_neighbors=0.00 | active_neighbor_step_rate=0.716 | mean_active_neighbors_step=1.716 | max_active_neighbors_step=4 | interaction_reward=0.0000 | abs_interaction_reward=0.0000 | anti_stag_reward=0.0000 | abs_anti_stag_reward=0.0000 | wall_clear_reward=0.0000 | abs_wall_clear_reward=0.0000 | local_nav_reward=0.0000 | abs_local_nav_reward=0.0000 | robot_proximity_reward=-0.7198 | abs_robot_proximity_reward=0.7198 | robot_clearance_reward=0.1118 | context_neighbors_mean=1.78 | context_neighbors_max=4 | last_context_neighbors_mean=0.00 | last_context_neighbors_max=0 | actor_unlocked=1 | expl_noise=0.0724 | replay=29627 | interaction_replay=12586 | samples/sec=12.590
Actor gradient gate | passed=1 | safety_samples=169 | linear_positive_share=0.325 | angular_one_sided_share=0.834
Episode 353 complete | agent_samples=29858 | env_steps=12271 | episode_env_steps=86 | episode_agent_samples=231 | mean_reward=101.069 | success=5/5 | collision=0/5 | mean_final_distance=0.256 | mean_progress=0.0049 | min_laser=0.357 | mean_lin=0.992 | mean_ang=-0.270 | mean_robot_dist=inf | raw_reward=20.000 | adjusted_reward=20.000 | coop_agents=0/5 | mean_coop_neighbors=0.00 | active_neighbor_step_rate=0.706 | mean_active_neighbors_step=1.212 | max_active_neighbors_step=4 | interaction_reward=0.0000 | abs_interaction_reward=0.0000 | anti_stag_reward=0.0000 | abs_anti_stag_reward=0.0000 | wall_clear_reward=0.0000 | abs_wall_clear_reward=0.0000 | local_nav_reward=0.0000 | abs_local_nav_reward=0.0000 | robot_proximity_reward=-0.3339 | abs_robot_proximity_reward=0.3339 | robot_clearance_reward=0.0261 | context_neighbors_mean=1.23 | context_neighbors_max=4 | last_context_neighbors_mean=0.00 | last_context_neighbors_max=0 | actor_unlocked=1 | expl_noise=0.0723 | replay=29858 | interaction_replay=12702 | samples/sec=12.588
Actor gradient gate | passed=1 | safety_samples=178 | linear_positive_share=0.337 | angular_one_sided_share=0.854
Episode 354 complete | agent_samples=29922 | env_steps=12288 | episode_env_steps=17 | episode_agent_samples=64 | mean_reward=29.541 | success=3/5 | collision=2/5 | mean_final_distance=0.543 | mean_progress=0.0234 | min_laser=0.300 | mean_lin=0.788 | mean_ang=-0.188 | mean_robot_dist=inf | raw_reward=20.000 | adjusted_reward=20.000 | coop_agents=0/5 | mean_coop_neighbors=0.00 | active_neighbor_step_rate=0.781 | mean_active_neighbors_step=2.297 | max_active_neighbors_step=4 | interaction_reward=0.0000 | abs_interaction_reward=0.0000 | anti_stag_reward=0.0000 | abs_anti_stag_reward=0.0000 | wall_clear_reward=0.0000 | abs_wall_clear_reward=0.0000 | local_nav_reward=0.0000 | abs_local_nav_reward=0.0000 | robot_proximity_reward=-0.6940 | abs_robot_proximity_reward=0.6940 | robot_clearance_reward=0.0175 | context_neighbors_mean=2.31 | context_neighbors_max=4 | last_context_neighbors_mean=0.00 | last_context_neighbors_max=0 | actor_unlocked=1 | expl_noise=0.0723 | replay=29922 | interaction_replay=12727 | samples/sec=12.595
Actor gradient gate | passed=1 | safety_samples=178 | linear_positive_share=0.281 | angular_one_sided_share=0.893
Episode 355 complete | agent_samples=29966 | env_steps=12299 | episode_env_steps=11 | episode_agent_samples=44 | mean_reward=69.927 | success=4/5 | collision=1/5 | mean_final_distance=0.446 | mean_progress=0.0219 | min_laser=0.330 | mean_lin=0.797 | mean_ang=0.535 | mean_robot_dist=inf | raw_reward=20.000 | adjusted_reward=20.000 | coop_agents=0/5 | mean_coop_neighbors=0.00 | active_neighbor_step_rate=0.864 | mean_active_neighbors_step=2.159 | max_active_neighbors_step=4 | interaction_reward=0.0000 | abs_interaction_reward=0.0000 | anti_stag_reward=0.0000 | abs_anti_stag_reward=0.0000 | wall_clear_reward=0.0000 | abs_wall_clear_reward=0.0000 | local_nav_reward=0.0000 | abs_local_nav_reward=0.0000 | robot_proximity_reward=-0.8082 | abs_robot_proximity_reward=0.8082 | robot_clearance_reward=0.0455 | context_neighbors_mean=2.27 | context_neighbors_max=4 | last_context_neighbors_mean=0.00 | last_context_neighbors_max=0 | actor_unlocked=1 | expl_noise=0.0723 | replay=29966 | interaction_replay=12766 | samples/sec=12.600
Status | epoch=2 | next_eval_in=10034 agent_samples | checkpoint_every=10 episodes | checkpoint=./checkpoints/interaction_focused_actor_5a_init_5d_weak_s20260726_latest.pt | model=interaction_focused_actor_5a_init_5d_weak_s20260726
Actor gradient gate | passed=1 | safety_samples=173 | linear_positive_share=0.335 | angular_one_sided_share=0.827
Episode 356 complete | agent_samples=30005 | env_steps=12312 | episode_env_steps=13 | episode_agent_samples=39 | mean_reward=-30.035 | success=2/5 | collision=3/5 | mean_final_distance=0.777 | mean_progress=0.0198 | min_laser=0.309 | mean_lin=0.913 | mean_ang=-0.170 | mean_robot_dist=inf | raw_reward=-20.000 | adjusted_reward=-20.000 | coop_agents=0/5 | mean_coop_neighbors=0.00 | active_neighbor_step_rate=0.821 | mean_active_neighbors_step=2.128 | max_active_neighbors_step=4 | interaction_reward=0.0000 | abs_interaction_reward=0.0000 | anti_stag_reward=0.0000 | abs_anti_stag_reward=0.0000 | wall_clear_reward=0.0000 | abs_wall_clear_reward=0.0000 | local_nav_reward=0.0000 | abs_local_nav_reward=0.0000 | robot_proximity_reward=-0.9474 | abs_robot_proximity_reward=0.9474 | robot_clearance_reward=0.0000 | context_neighbors_mean=2.21 | context_neighbors_max=4 | last_context_neighbors_mean=0.00 | last_context_neighbors_max=0 | actor_unlocked=1 | expl_noise=0.0723 | replay=30005 | interaction_replay=12797 | samples/sec=12.601
Actor gradient gate | passed=1 | safety_samples=173 | linear_positive_share=0.341 | angular_one_sided_share=0.879
Episode 357 complete | agent_samples=30062 | env_steps=12327 | episode_env_steps=15 | episode_agent_samples=57 | mean_reward=27.525 | success=3/5 | collision=2/5 | mean_final_distance=0.549 | mean_progress=0.0232 | min_laser=0.315 | mean_lin=0.999 | mean_ang=0.157 | mean_robot_dist=inf | raw_reward=20.000 | adjusted_reward=20.000 | coop_agents=0/5 | mean_coop_neighbors=0.00 | active_neighbor_step_rate=0.667 | mean_active_neighbors_step=1.649 | max_active_neighbors_step=4 | interaction_reward=0.0000 | abs_interaction_reward=0.0000 | anti_stag_reward=0.0000 | abs_anti_stag_reward=0.0000 | wall_clear_reward=0.0000 | abs_wall_clear_reward=0.0000 | local_nav_reward=0.0000 | abs_local_nav_reward=0.0000 | robot_proximity_reward=-0.6093 | abs_robot_proximity_reward=0.6093 | robot_clearance_reward=0.0000 | context_neighbors_mean=1.60 | context_neighbors_max=4 | last_context_neighbors_mean=0.00 | last_context_neighbors_max=0 | actor_unlocked=1 | expl_noise=0.0723 | replay=30062 | interaction_replay=12815 | samples/sec=12.606
Actor gradient gate | passed=1 | safety_samples=184 | linear_positive_share=0.283 | angular_one_sided_share=0.848
Episode 358 complete | agent_samples=30198 | env_steps=12413 | episode_env_steps=86 | episode_agent_samples=136 | mean_reward=117.786 | success=5/5 | collision=0/5 | mean_final_distance=0.245 | mean_progress=0.0045 | min_laser=0.509 | mean_lin=0.799 | mean_ang=0.199 | mean_robot_dist=inf | raw_reward=20.000 | adjusted_reward=20.000 | coop_agents=0/5 | mean_coop_neighbors=0.00 | active_neighbor_step_rate=0.353 | mean_active_neighbors_step=0.941 | max_active_neighbors_step=4 | interaction_reward=0.0000 | abs_interaction_reward=0.0000 | anti_stag_reward=0.0000 | abs_anti_stag_reward=0.0000 | wall_clear_reward=0.0000 | abs_wall_clear_reward=0.0000 | local_nav_reward=0.0000 | abs_local_nav_reward=0.0000 | robot_proximity_reward=-0.1270 | abs_robot_proximity_reward=0.1270 | robot_clearance_reward=0.0289 | context_neighbors_mean=0.96 | context_neighbors_max=4 | last_context_neighbors_mean=0.00 | last_context_neighbors_max=0 | actor_unlocked=1 | expl_noise=0.0722 | replay=30198 | interaction_replay=12840 | samples/sec=12.565
Actor gradient gate | passed=1 | safety_samples=173 | linear_positive_share=0.237 | angular_one_sided_share=0.879
Episode 359 complete | agent_samples=30264 | env_steps=12435 | episode_env_steps=22 | episode_agent_samples=66 | mean_reward=115.688 | success=5/5 | collision=0/5 | mean_final_distance=0.253 | mean_progress=0.0261 | min_laser=0.475 | mean_lin=0.870 | mean_ang=-0.048 | mean_robot_dist=inf | raw_reward=20.000 | adjusted_reward=20.000 | coop_agents=0/5 | mean_coop_neighbors=0.00 | active_neighbor_step_rate=0.803 | mean_active_neighbors_step=1.970 | max_active_neighbors_step=4 | interaction_reward=0.0000 | abs_interaction_reward=0.0000 | anti_stag_reward=0.0000 | abs_anti_stag_reward=0.0000 | wall_clear_reward=0.0000 | abs_wall_clear_reward=0.0000 | local_nav_reward=0.0000 | abs_local_nav_reward=0.0000 | robot_proximity_reward=0.0000 | abs_robot_proximity_reward=0.0000 | robot_clearance_reward=0.0000 | context_neighbors_mean=1.98 | context_neighbors_max=4 | last_context_neighbors_mean=0.00 | last_context_neighbors_max=0 | actor_unlocked=1 | expl_noise=0.0722 | replay=30264 | interaction_replay=12858 | samples/sec=12.567
Actor gradient gate | passed=0 | safety_samples=162 | linear_positive_share=0.352 | angular_one_sided_share=0.907
Episode 360 complete | agent_samples=30378 | env_steps=12498 | episode_env_steps=63 | episode_agent_samples=114 | mean_reward=12.890 | success=3/5 | collision=2/5 | mean_final_distance=0.610 | mean_progress=0.0034 | min_laser=0.300 | mean_lin=0.905 | mean_ang=-0.052 | mean_robot_dist=inf | raw_reward=20.000 | adjusted_reward=20.000 | coop_agents=0/5 | mean_coop_neighbors=0.00 | active_neighbor_step_rate=0.526 | mean_active_neighbors_step=1.175 | max_active_neighbors_step=4 | interaction_reward=0.0000 | abs_interaction_reward=0.0000 | anti_stag_reward=0.0000 | abs_anti_stag_reward=0.0000 | wall_clear_reward=0.0000 | abs_wall_clear_reward=0.0000 | local_nav_reward=0.0000 | abs_local_nav_reward=0.0000 | robot_proximity_reward=-0.7583 | abs_robot_proximity_reward=0.7583 | robot_clearance_reward=0.0000 | context_neighbors_mean=1.21 | context_neighbors_max=4 | last_context_neighbors_mean=0.00 | last_context_neighbors_max=0 | actor_unlocked=0 | expl_noise=0.0722 | replay=30378 | interaction_replay=12874 | samples/sec=12.543
Status | epoch=2 | next_eval_in=9622 agent_samples | checkpoint_every=10 episodes | checkpoint=./checkpoints/interaction_focused_actor_5a_init_5d_weak_s20260726_latest.pt | model=interaction_focused_actor_5a_init_5d_weak_s20260726
Checkpoint saved: ./checkpoints/interaction_focused_actor_5a_init_5d_weak_s20260726_latest.pt
Actor gradient gate | passed=0 | safety_samples=174 | linear_positive_share=0.339 | angular_one_sided_share=0.908
Episode 361 complete | agent_samples=30441 | env_steps=12515 | episode_env_steps=17 | episode_agent_samples=63 | mean_reward=12.229 | success=3/5 | collision=2/5 | mean_final_distance=0.512 | mean_progress=-0.0001 | min_laser=0.300 | mean_lin=0.800 | mean_ang=-0.030 | mean_robot_dist=inf | raw_reward=-20.000 | adjusted_reward=-20.000 | coop_agents=0/5 | mean_coop_neighbors=0.00 | active_neighbor_step_rate=0.889 | mean_active_neighbors_step=2.397 | max_active_neighbors_step=4 | interaction_reward=0.0000 | abs_interaction_reward=0.0000 | anti_stag_reward=0.0000 | abs_anti_stag_reward=0.0000 | wall_clear_reward=0.0000 | abs_wall_clear_reward=0.0000 | local_nav_reward=0.0000 | abs_local_nav_reward=0.0000 | robot_proximity_reward=-1.4266 | abs_robot_proximity_reward=1.4266 | robot_clearance_reward=0.0317 | context_neighbors_mean=2.41 | context_neighbors_max=4 | last_context_neighbors_mean=0.00 | last_context_neighbors_max=0 | actor_unlocked=0 | expl_noise=0.0722 | replay=30441 | interaction_replay=12897 | samples/sec=12.546
Actor gradient gate | passed=1 | safety_samples=183 | linear_positive_share=0.311 | angular_one_sided_share=0.842
Episode 362 complete | agent_samples=30509 | env_steps=12536 | episode_env_steps=21 | episode_agent_samples=68 | mean_reward=74.579 | success=4/5 | collision=1/5 | mean_final_distance=0.626 | mean_progress=0.0209 | min_laser=0.326 | mean_lin=0.984 | mean_ang=0.230 | mean_robot_dist=inf | raw_reward=20.000 | adjusted_reward=20.000 | coop_agents=0/5 | mean_coop_neighbors=0.00 | active_neighbor_step_rate=0.853 | mean_active_neighbors_step=2.176 | max_active_neighbors_step=4 | interaction_reward=0.0000 | abs_interaction_reward=0.0000 | anti_stag_reward=0.0000 | abs_anti_stag_reward=0.0000 | wall_clear_reward=0.0000 | abs_wall_clear_reward=0.0000 | local_nav_reward=0.0000 | abs_local_nav_reward=0.0000 | robot_proximity_reward=-0.0209 | abs_robot_proximity_reward=0.0209 | robot_clearance_reward=0.0294 | context_neighbors_mean=2.18 | context_neighbors_max=4 | last_context_neighbors_mean=0.00 | last_context_neighbors_max=0 | actor_unlocked=1 | expl_noise=0.0722 | replay=30509 | interaction_replay=12918 | samples/sec=12.550
Actor gradient gate | passed=1 | safety_samples=179 | linear_positive_share=0.346 | angular_one_sided_share=0.872
Episode 363 complete | agent_samples=30581 | env_steps=12565 | episode_env_steps=29 | episode_agent_samples=72 | mean_reward=63.799 | success=4/5 | collision=1/5 | mean_final_distance=0.291 | mean_progress=0.0152 | min_laser=0.326 | mean_lin=0.843 | mean_ang=0.189 | mean_robot_dist=inf | raw_reward=20.000 | adjusted_reward=20.000 | coop_agents=0/5 | mean_coop_neighbors=0.00 | active_neighbor_step_rate=0.667 | mean_active_neighbors_step=1.847 | max_active_neighbors_step=4 | interaction_reward=0.0000 | abs_interaction_reward=0.0000 | anti_stag_reward=0.0000 | abs_anti_stag_reward=0.0000 | wall_clear_reward=0.0000 | abs_wall_clear_reward=0.0000 | local_nav_reward=0.0000 | abs_local_nav_reward=0.0000 | robot_proximity_reward=-1.2098 | abs_robot_proximity_reward=1.2098 | robot_clearance_reward=0.0833 | context_neighbors_mean=1.89 | context_neighbors_max=4 | last_context_neighbors_mean=0.00 | last_context_neighbors_max=0 | actor_unlocked=1 | expl_noise=0.0721 | replay=30581 | interaction_replay=12961 | samples/sec=12.546
Actor gradient gate | passed=1 | safety_samples=183 | linear_positive_share=0.295 | angular_one_sided_share=0.803
Episode 364 complete | agent_samples=30647 | env_steps=12585 | episode_env_steps=20 | episode_agent_samples=66 | mean_reward=107.091 | success=5/5 | collision=0/5 | mean_final_distance=0.246 | mean_progress=0.0121 | min_laser=0.581 | mean_lin=0.972 | mean_ang=0.172 | mean_robot_dist=inf | raw_reward=20.000 | adjusted_reward=20.000 | coop_agents=0/5 | mean_coop_neighbors=0.00 | active_neighbor_step_rate=0.742 | mean_active_neighbors_step=1.879 | max_active_neighbors_step=4 | interaction_reward=0.0000 | abs_interaction_reward=0.0000 | anti_stag_reward=0.0000 | abs_anti_stag_reward=0.0000 | wall_clear_reward=0.0000 | abs_wall_clear_reward=0.0000 | local_nav_reward=0.0000 | abs_local_nav_reward=0.0000 | robot_proximity_reward=-0.3524 | abs_robot_proximity_reward=0.3524 | robot_clearance_reward=0.0303 | context_neighbors_mean=2.02 | context_neighbors_max=4 | last_context_neighbors_mean=0.00 | last_context_neighbors_max=0 | actor_unlocked=1 | expl_noise=0.0721 | replay=30647 | interaction_replay=13012 | samples/sec=12.550
Actor gradient gate | passed=1 | safety_samples=170 | linear_positive_share=0.312 | angular_one_sided_share=0.841
Episode 365 complete | agent_samples=30740 | env_steps=12624 | episode_env_steps=39 | episode_agent_samples=93 | mean_reward=109.523 | success=5/5 | collision=0/5 | mean_final_distance=0.263 | mean_progress=0.0231 | min_laser=0.417 | mean_lin=0.610 | mean_ang=-0.198 | mean_robot_dist=inf | raw_reward=20.000 | adjusted_reward=20.000 | coop_agents=0/5 | mean_coop_neighbors=0.00 | active_neighbor_step_rate=0.473 | mean_active_neighbors_step=1.333 | max_active_neighbors_step=4 | interaction_reward=0.0000 | abs_interaction_reward=0.0000 | anti_stag_reward=0.0000 | abs_anti_stag_reward=0.0000 | wall_clear_reward=0.0000 | abs_wall_clear_reward=0.0000 | local_nav_reward=0.0000 | abs_local_nav_reward=0.0000 | robot_proximity_reward=-0.6422 | abs_robot_proximity_reward=0.6422 | robot_clearance_reward=0.0266 | context_neighbors_mean=1.38 | context_neighbors_max=4 | last_context_neighbors_mean=0.00 | last_context_neighbors_max=0 | actor_unlocked=1 | expl_noise=0.0721 | replay=30740 | interaction_replay=13060 | samples/sec=12.544
Status | epoch=2 | next_eval_in=9260 agent_samples | checkpoint_every=10 episodes | checkpoint=./checkpoints/interaction_focused_actor_5a_init_5d_weak_s20260726_latest.pt | model=interaction_focused_actor_5a_init_5d_weak_s20260726
Actor gradient gate | passed=1 | safety_samples=181 | linear_positive_share=0.359 | angular_one_sided_share=0.856
Episode 366 complete | agent_samples=30792 | env_steps=12637 | episode_env_steps=13 | episode_agent_samples=52 | mean_reward=15.704 | success=3/5 | collision=2/5 | mean_final_distance=0.420 | mean_progress=0.0252 | min_laser=0.300 | mean_lin=0.863 | mean_ang=0.143 | mean_robot_dist=inf | raw_reward=20.000 | adjusted_reward=20.000 | coop_agents=0/5 | mean_coop_neighbors=0.00 | active_neighbor_step_rate=0.923 | mean_active_neighbors_step=2.192 | max_active_neighbors_step=4 | interaction_reward=0.0000 | abs_interaction_reward=0.0000 | anti_stag_reward=0.0000 | abs_anti_stag_reward=0.0000 | wall_clear_reward=0.0000 | abs_wall_clear_reward=0.0000 | local_nav_reward=0.0000 | abs_local_nav_reward=0.0000 | robot_proximity_reward=-0.8632 | abs_robot_proximity_reward=0.8632 | robot_clearance_reward=0.0191 | context_neighbors_mean=2.25 | context_neighbors_max=4 | last_context_neighbors_mean=0.00 | last_context_neighbors_max=0 | actor_unlocked=1 | expl_noise=0.0721 | replay=30792 | interaction_replay=13106 | samples/sec=12.550
Actor gradient gate | passed=1 | safety_samples=166 | linear_positive_share=0.325 | angular_one_sided_share=0.898
Episode 367 complete | agent_samples=30864 | env_steps=12666 | episode_env_steps=29 | episode_agent_samples=72 | mean_reward=98.410 | success=5/5 | collision=0/5 | mean_final_distance=0.257 | mean_progress=0.0153 | min_laser=0.433 | mean_lin=0.852 | mean_ang=0.570 | mean_robot_dist=inf | raw_reward=20.000 | adjusted_reward=20.000 | coop_agents=0/5 | mean_coop_neighbors=0.00 | active_neighbor_step_rate=0.653 | mean_active_neighbors_step=1.375 | max_active_neighbors_step=4 | interaction_reward=0.0000 | abs_interaction_reward=0.0000 | anti_stag_reward=0.0000 | abs_anti_stag_reward=0.0000 | wall_clear_reward=0.0000 | abs_wall_clear_reward=0.0000 | local_nav_reward=0.0000 | abs_local_nav_reward=0.0000 | robot_proximity_reward=-0.9117 | abs_robot_proximity_reward=0.9117 | robot_clearance_reward=0.0068 | context_neighbors_mean=1.51 | context_neighbors_max=4 | last_context_neighbors_mean=0.00 | last_context_neighbors_max=0 | actor_unlocked=1 | expl_noise=0.0721 | replay=30864 | interaction_replay=13149 | samples/sec=12.547
Actor gradient gate | passed=1 | safety_samples=196 | linear_positive_share=0.286 | angular_one_sided_share=0.888
Episode 368 complete | agent_samples=30941 | env_steps=12701 | episode_env_steps=35 | episode_agent_samples=77 | mean_reward=69.264 | success=4/5 | collision=1/5 | mean_final_distance=0.500 | mean_progress=0.0151 | min_laser=0.317 | mean_lin=0.610 | mean_ang=-0.201 | mean_robot_dist=inf | raw_reward=20.000 | adjusted_reward=20.000 | coop_agents=0/5 | mean_coop_neighbors=0.00 | active_neighbor_step_rate=0.468 | mean_active_neighbors_step=0.909 | max_active_neighbors_step=4 | interaction_reward=0.0000 | abs_interaction_reward=0.0000 | anti_stag_reward=0.0000 | abs_anti_stag_reward=0.0000 | wall_clear_reward=0.0000 | abs_wall_clear_reward=0.0000 | local_nav_reward=0.0000 | abs_local_nav_reward=0.0000 | robot_proximity_reward=-0.4387 | abs_robot_proximity_reward=0.4387 | robot_clearance_reward=0.0260 | context_neighbors_mean=0.95 | context_neighbors_max=4 | last_context_neighbors_mean=0.00 | last_context_neighbors_max=0 | actor_unlocked=1 | expl_noise=0.0721 | replay=30941 | interaction_replay=13177 | samples/sec=12.538
Actor gradient gate | passed=1 | safety_samples=163 | linear_positive_share=0.288 | angular_one_sided_share=0.853
Episode 369 complete | agent_samples=30978 | env_steps=12711 | episode_env_steps=10 | episode_agent_samples=37 | mean_reward=27.572 | success=3/5 | collision=2/5 | mean_final_distance=0.821 | mean_progress=0.0193 | min_laser=0.300 | mean_lin=0.795 | mean_ang=-0.205 | mean_robot_dist=inf | raw_reward=20.000 | adjusted_reward=20.000 | coop_agents=0/5 | mean_coop_neighbors=0.00 | active_neighbor_step_rate=0.838 | mean_active_neighbors_step=1.973 | max_active_neighbors_step=4 | interaction_reward=0.0000 | abs_interaction_reward=0.0000 | anti_stag_reward=0.0000 | abs_anti_stag_reward=0.0000 | wall_clear_reward=0.0000 | abs_wall_clear_reward=0.0000 | local_nav_reward=0.0000 | abs_local_nav_reward=0.0000 | robot_proximity_reward=-1.0142 | abs_robot_proximity_reward=1.0142 | robot_clearance_reward=0.0000 | context_neighbors_mean=2.03 | context_neighbors_max=4 | last_context_neighbors_mean=0.00 | last_context_neighbors_max=0 | actor_unlocked=1 | expl_noise=0.0721 | replay=30978 | interaction_replay=13207 | samples/sec=12.542
Actor gradient gate | passed=1 | safety_samples=169 | linear_positive_share=0.284 | angular_one_sided_share=0.822
Episode 370 complete | agent_samples=31023 | env_steps=12721 | episode_env_steps=10 | episode_agent_samples=45 | mean_reward=24.516 | success=3/5 | collision=2/5 | mean_final_distance=0.404 | mean_progress=0.0341 | min_laser=0.301 | mean_lin=0.936 | mean_ang=0.177 | mean_robot_dist=inf | raw_reward=0.000 | adjusted_reward=8.000 | coop_agents=1/5 | mean_coop_neighbors=0.20 | active_neighbor_step_rate=0.889 | mean_active_neighbors_step=2.333 | max_active_neighbors_step=4 | interaction_reward=0.0000 | abs_interaction_reward=0.0000 | anti_stag_reward=0.0000 | abs_anti_stag_reward=0.0000 | wall_clear_reward=0.0000 | abs_wall_clear_reward=0.0000 | local_nav_reward=0.0000 | abs_local_nav_reward=0.0000 | robot_proximity_reward=-1.6191 | abs_robot_proximity_reward=1.6191 | robot_clearance_reward=0.0000 | context_neighbors_mean=2.44 | context_neighbors_max=4 | last_context_neighbors_mean=0.00 | last_context_neighbors_max=0 | actor_unlocked=1 | expl_noise=0.0720 | replay=31023 | interaction_replay=13248 | samples/sec=12.548
Status | epoch=2 | next_eval_in=8977 agent_samples | checkpoint_every=10 episodes | checkpoint=./checkpoints/interaction_focused_actor_5a_init_5d_weak_s20260726_latest.pt | model=interaction_focused_actor_5a_init_5d_weak_s20260726
Checkpoint saved: ./checkpoints/interaction_focused_actor_5a_init_5d_weak_s20260726_latest.pt
Actor gradient gate | passed=1 | safety_samples=185 | linear_positive_share=0.292 | angular_one_sided_share=0.849
Episode 371 complete | agent_samples=31104 | env_steps=12755 | episode_env_steps=34 | episode_agent_samples=81 | mean_reward=71.081 | success=4/5 | collision=1/5 | mean_final_distance=0.557 | mean_progress=0.0053 | min_laser=0.332 | mean_lin=0.997 | mean_ang=0.622 | mean_robot_dist=inf | raw_reward=20.000 | adjusted_reward=20.000 | coop_agents=0/5 | mean_coop_neighbors=0.00 | active_neighbor_step_rate=0.580 | mean_active_neighbors_step=1.160 | max_active_neighbors_step=4 | interaction_reward=0.0000 | abs_interaction_reward=0.0000 | anti_stag_reward=0.0000 | abs_anti_stag_reward=0.0000 | wall_clear_reward=0.0000 | abs_wall_clear_reward=0.0000 | local_nav_reward=0.0000 | abs_local_nav_reward=0.0000 | robot_proximity_reward=-0.3652 | abs_robot_proximity_reward=0.3652 | robot_clearance_reward=0.0002 | context_neighbors_mean=1.16 | context_neighbors_max=4 | last_context_neighbors_mean=0.00 | last_context_neighbors_max=0 | actor_unlocked=1 | expl_noise=0.0720 | replay=31104 | interaction_replay=13281 | samples/sec=12.539
Actor gradient gate | passed=1 | safety_samples=155 | linear_positive_share=0.303 | angular_one_sided_share=0.852
Episode 372 complete | agent_samples=31155 | env_steps=12767 | episode_env_steps=12 | episode_agent_samples=51 | mean_reward=38.588 | success=3/5 | collision=2/5 | mean_final_distance=0.323 | mean_progress=0.0154 | min_laser=0.300 | mean_lin=0.792 | mean_ang=0.598 | mean_robot_dist=inf | raw_reward=20.000 | adjusted_reward=20.000 | coop_agents=0/5 | mean_coop_neighbors=0.00 | active_neighbor_step_rate=0.863 | mean_active_neighbors_step=2.000 | max_active_neighbors_step=4 | interaction_reward=0.0000 | abs_interaction_reward=0.0000 | anti_stag_reward=0.0000 | abs_anti_stag_reward=0.0000 | wall_clear_reward=0.0000 | abs_wall_clear_reward=0.0000 | local_nav_reward=0.0000 | abs_local_nav_reward=0.0000 | robot_proximity_reward=-1.0357 | abs_robot_proximity_reward=1.0357 | robot_clearance_reward=0.0784 | context_neighbors_mean=2.04 | context_neighbors_max=4 | last_context_neighbors_mean=0.00 | last_context_neighbors_max=0 | actor_unlocked=1 | expl_noise=0.0720 | replay=31155 | interaction_replay=13324 | samples/sec=12.546
Actor gradient gate | passed=1 | safety_samples=166 | linear_positive_share=0.355 | angular_one_sided_share=0.801
Episode 373 complete | agent_samples=31291 | env_steps=12833 | episode_env_steps=66 | episode_agent_samples=136 | mean_reward=114.358 | success=5/5 | collision=0/5 | mean_final_distance=0.261 | mean_progress=0.0094 | min_laser=0.405 | mean_lin=0.999 | mean_ang=-0.600 | mean_robot_dist=inf | raw_reward=20.000 | adjusted_reward=20.000 | coop_agents=0/5 | mean_coop_neighbors=0.00 | active_neighbor_step_rate=0.566 | mean_active_neighbors_step=0.978 | max_active_neighbors_step=4 | interaction_reward=0.0000 | abs_interaction_reward=0.0000 | anti_stag_reward=0.0000 | abs_anti_stag_reward=0.0000 | wall_clear_reward=0.0000 | abs_wall_clear_reward=0.0000 | local_nav_reward=0.0000 | abs_local_nav_reward=0.0000 | robot_proximity_reward=-0.5279 | abs_robot_proximity_reward=0.5279 | robot_clearance_reward=0.1053 | context_neighbors_mean=1.06 | context_neighbors_max=4 | last_context_neighbors_mean=0.00 | last_context_neighbors_max=0 | actor_unlocked=1 | expl_noise=0.0720 | replay=31291 | interaction_replay=13378 | samples/sec=12.527
Actor gradient gate | passed=1 | safety_samples=164 | linear_positive_share=0.305 | angular_one_sided_share=0.860
Episode 374 complete | agent_samples=31453 | env_steps=12939 | episode_env_steps=106 | episode_agent_samples=162 | mean_reward=22.551 | success=3/5 | collision=2/5 | mean_final_distance=0.424 | mean_progress=0.0093 | min_laser=0.312 | mean_lin=0.800 | mean_ang=-0.193 | mean_robot_dist=inf | raw_reward=20.000 | adjusted_reward=20.000 | coop_agents=0/5 | mean_coop_neighbors=0.00 | active_neighbor_step_rate=0.364 | mean_active_neighbors_step=1.006 | max_active_neighbors_step=4 | interaction_reward=0.0000 | abs_interaction_reward=0.0000 | anti_stag_reward=0.0000 | abs_anti_stag_reward=0.0000 | wall_clear_reward=0.0000 | abs_wall_clear_reward=0.0000 | local_nav_reward=0.0000 | abs_local_nav_reward=0.0000 | robot_proximity_reward=-0.3660 | abs_robot_proximity_reward=0.3660 | robot_clearance_reward=0.0123 | context_neighbors_mean=1.02 | context_neighbors_max=4 | last_context_neighbors_mean=0.00 | last_context_neighbors_max=0 | actor_unlocked=1 | expl_noise=0.0719 | replay=31453 | interaction_replay=13408 | samples/sec=12.477
Actor gradient gate | passed=1 | safety_samples=191 | linear_positive_share=0.309 | angular_one_sided_share=0.812
Episode 375 complete | agent_samples=31565 | env_steps=12985 | episode_env_steps=46 | episode_agent_samples=112 | mean_reward=105.662 | success=5/5 | collision=0/5 | mean_final_distance=0.256 | mean_progress=0.0116 | min_laser=0.643 | mean_lin=0.805 | mean_ang=0.200 | mean_robot_dist=inf | raw_reward=20.000 | adjusted_reward=20.000 | coop_agents=0/5 | mean_coop_neighbors=0.00 | active_neighbor_step_rate=0.616 | mean_active_neighbors_step=1.295 | max_active_neighbors_step=4 | interaction_reward=0.0000 | abs_interaction_reward=0.0000 | anti_stag_reward=0.0000 | abs_anti_stag_reward=0.0000 | wall_clear_reward=0.0000 | abs_wall_clear_reward=0.0000 | local_nav_reward=0.0000 | abs_local_nav_reward=0.0000 | robot_proximity_reward=-0.1569 | abs_robot_proximity_reward=0.1569 | robot_clearance_reward=0.0179 | context_neighbors_mean=1.31 | context_neighbors_max=4 | last_context_neighbors_mean=0.00 | last_context_neighbors_max=0 | actor_unlocked=1 | expl_noise=0.0719 | replay=31565 | interaction_replay=13471 | samples/sec=12.472
Status | epoch=2 | next_eval_in=8435 agent_samples | checkpoint_every=10 episodes | checkpoint=./checkpoints/interaction_focused_actor_5a_init_5d_weak_s20260726_latest.pt | model=interaction_focused_actor_5a_init_5d_weak_s20260726
Actor gradient gate | passed=1 | safety_samples=191 | linear_positive_share=0.246 | angular_one_sided_share=0.895
Episode 376 complete | agent_samples=31623 | env_steps=13009 | episode_env_steps=24 | episode_agent_samples=58 | mean_reward=15.765 | success=3/5 | collision=2/5 | mean_final_distance=0.488 | mean_progress=0.0084 | min_laser=0.300 | mean_lin=0.888 | mean_ang=-0.159 | mean_robot_dist=inf | raw_reward=20.000 | adjusted_reward=20.000 | coop_agents=0/5 | mean_coop_neighbors=0.00 | active_neighbor_step_rate=0.586 | mean_active_neighbors_step=1.690 | max_active_neighbors_step=4 | interaction_reward=0.0000 | abs_interaction_reward=0.0000 | anti_stag_reward=0.0000 | abs_anti_stag_reward=0.0000 | wall_clear_reward=0.0000 | abs_wall_clear_reward=0.0000 | local_nav_reward=0.0000 | abs_local_nav_reward=0.0000 | robot_proximity_reward=-0.9335 | abs_robot_proximity_reward=0.9335 | robot_clearance_reward=0.0000 | context_neighbors_mean=1.69 | context_neighbors_max=4 | last_context_neighbors_mean=0.00 | last_context_neighbors_max=0 | actor_unlocked=1 | expl_noise=0.0719 | replay=31623 | interaction_replay=13505 | samples/sec=12.469
Actor gradient gate | passed=1 | safety_samples=164 | linear_positive_share=0.299 | angular_one_sided_share=0.811
Episode 377 complete | agent_samples=31715 | env_steps=13046 | episode_env_steps=37 | episode_agent_samples=92 | mean_reward=23.893 | success=3/5 | collision=2/5 | mean_final_distance=0.686 | mean_progress=0.0199 | min_laser=0.303 | mean_lin=0.694 | mean_ang=-0.149 | mean_robot_dist=inf | raw_reward=20.000 | adjusted_reward=20.000 | coop_agents=0/5 | mean_coop_neighbors=0.00 | active_neighbor_step_rate=0.380 | mean_active_neighbors_step=0.793 | max_active_neighbors_step=4 | interaction_reward=0.0000 | abs_interaction_reward=0.0000 | anti_stag_reward=0.0000 | abs_anti_stag_reward=0.0000 | wall_clear_reward=0.0000 | abs_wall_clear_reward=0.0000 | local_nav_reward=0.0000 | abs_local_nav_reward=0.0000 | robot_proximity_reward=-0.4686 | abs_robot_proximity_reward=0.4686 | robot_clearance_reward=0.0000 | context_neighbors_mean=0.80 | context_neighbors_max=4 | last_context_neighbors_mean=0.00 | last_context_neighbors_max=0 | actor_unlocked=1 | expl_noise=0.0718 | replay=31715 | interaction_replay=13515 | samples/sec=12.464
Actor gradient gate | passed=1 | safety_samples=183 | linear_positive_share=0.230 | angular_one_sided_share=0.798
Episode 378 complete | agent_samples=31754 | env_steps=13055 | episode_env_steps=9 | episode_agent_samples=39 | mean_reward=18.190 | success=3/5 | collision=2/5 | mean_final_distance=0.577 | mean_progress=0.0264 | min_laser=0.312 | mean_lin=0.995 | mean_ang=-0.571 | mean_robot_dist=inf | raw_reward=40.000 | adjusted_reward=40.000 | coop_agents=0/5 | mean_coop_neighbors=0.00 | active_neighbor_step_rate=0.897 | mean_active_neighbors_step=2.128 | max_active_neighbors_step=4 | interaction_reward=0.0000 | abs_interaction_reward=0.0000 | anti_stag_reward=0.0000 | abs_anti_stag_reward=0.0000 | wall_clear_reward=0.0000 | abs_wall_clear_reward=0.0000 | local_nav_reward=0.0000 | abs_local_nav_reward=0.0000 | robot_proximity_reward=-1.4644 | abs_robot_proximity_reward=1.4644 | robot_clearance_reward=0.0000 | context_neighbors_mean=2.28 | context_neighbors_max=4 | last_context_neighbors_mean=0.00 | last_context_neighbors_max=0 | actor_unlocked=1 | expl_noise=0.0718 | replay=31754 | interaction_replay=13549 | samples/sec=12.470
Actor gradient gate | passed=1 | safety_samples=169 | linear_positive_share=0.219 | angular_one_sided_share=0.864
Episode 379 complete | agent_samples=31827 | env_steps=13091 | episode_env_steps=36 | episode_agent_samples=73 | mean_reward=109.696 | success=5/5 | collision=0/5 | mean_final_distance=0.238 | mean_progress=0.0277 | min_laser=0.494 | mean_lin=0.983 | mean_ang=-0.130 | mean_robot_dist=inf | raw_reward=20.000 | adjusted_reward=20.000 | coop_agents=0/5 | mean_coop_neighbors=0.00 | active_neighbor_step_rate=0.466 | mean_active_neighbors_step=1.096 | max_active_neighbors_step=4 | interaction_reward=0.0000 | abs_interaction_reward=0.0000 | anti_stag_reward=0.0000 | abs_anti_stag_reward=0.0000 | wall_clear_reward=0.0000 | abs_wall_clear_reward=0.0000 | local_nav_reward=0.0000 | abs_local_nav_reward=0.0000 | robot_proximity_reward=-0.6616 | abs_robot_proximity_reward=0.6616 | robot_clearance_reward=0.0555 | context_neighbors_mean=1.21 | context_neighbors_max=4 | last_context_neighbors_mean=0.00 | last_context_neighbors_max=0 | actor_unlocked=1 | expl_noise=0.0718 | replay=31827 | interaction_replay=13583 | samples/sec=12.459
Actor gradient gate | passed=1 | safety_samples=181 | linear_positive_share=0.238 | angular_one_sided_share=0.762
Episode 380 complete | agent_samples=31870 | env_steps=13105 | episode_env_steps=14 | episode_agent_samples=43 | mean_reward=8.060 | success=3/5 | collision=2/5 | mean_final_distance=0.722 | mean_progress=0.0043 | min_laser=0.300 | mean_lin=0.790 | mean_ang=-0.566 | mean_robot_dist=inf | raw_reward=20.000 | adjusted_reward=20.000 | coop_agents=0/5 | mean_coop_neighbors=0.00 | active_neighbor_step_rate=0.837 | mean_active_neighbors_step=2.488 | max_active_neighbors_step=4 | interaction_reward=0.0000 | abs_interaction_reward=0.0000 | anti_stag_reward=0.0000 | abs_anti_stag_reward=0.0000 | wall_clear_reward=0.0000 | abs_wall_clear_reward=0.0000 | local_nav_reward=0.0000 | abs_local_nav_reward=0.0000 | robot_proximity_reward=-2.2370 | abs_robot_proximity_reward=2.2370 | robot_clearance_reward=0.0000 | context_neighbors_mean=2.49 | context_neighbors_max=4 | last_context_neighbors_mean=0.00 | last_context_neighbors_max=0 | actor_unlocked=1 | expl_noise=0.0718 | replay=31870 | interaction_replay=13611 | samples/sec=12.461
Status | epoch=2 | next_eval_in=8130 agent_samples | checkpoint_every=10 episodes | checkpoint=./checkpoints/interaction_focused_actor_5a_init_5d_weak_s20260726_latest.pt | model=interaction_focused_actor_5a_init_5d_weak_s20260726
Checkpoint saved: ./checkpoints/interaction_focused_actor_5a_init_5d_weak_s20260726_latest.pt
Actor gradient gate | passed=1 | safety_samples=181 | linear_positive_share=0.331 | angular_one_sided_share=0.840
Episode 381 complete | agent_samples=31927 | env_steps=13118 | episode_env_steps=13 | episode_agent_samples=57 | mean_reward=109.554 | success=5/5 | collision=0/5 | mean_final_distance=0.258 | mean_progress=0.0312 | min_laser=0.526 | mean_lin=0.984 | mean_ang=-0.531 | mean_robot_dist=1.776 | raw_reward=40.000 | adjusted_reward=40.000 | coop_agents=2/5 | mean_coop_neighbors=0.40 | active_neighbor_step_rate=0.982 | mean_active_neighbors_step=2.544 | max_active_neighbors_step=4 | interaction_reward=0.0000 | abs_interaction_reward=0.0000 | anti_stag_reward=0.0000 | abs_anti_stag_reward=0.0000 | wall_clear_reward=0.0000 | abs_wall_clear_reward=0.0000 | local_nav_reward=0.0000 | abs_local_nav_reward=0.0000 | robot_proximity_reward=-0.5765 | abs_robot_proximity_reward=0.5765 | robot_clearance_reward=0.0702 | context_neighbors_mean=2.56 | context_neighbors_max=4 | last_context_neighbors_mean=0.00 | last_context_neighbors_max=0 | actor_unlocked=1 | expl_noise=0.0718 | replay=31927 | interaction_replay=13662 | samples/sec=12.465
Actor gradient gate | passed=1 | safety_samples=164 | linear_positive_share=0.317 | angular_one_sided_share=0.805
Episode 382 complete | agent_samples=32037 | env_steps=13182 | episode_env_steps=64 | episode_agent_samples=110 | mean_reward=111.711 | success=5/5 | collision=0/5 | mean_final_distance=0.254 | mean_progress=0.0164 | min_laser=0.493 | mean_lin=0.799 | mean_ang=-0.606 | mean_robot_dist=inf | raw_reward=20.000 | adjusted_reward=20.000 | coop_agents=0/5 | mean_coop_neighbors=0.00 | active_neighbor_step_rate=0.509 | mean_active_neighbors_step=1.000 | max_active_neighbors_step=3 | interaction_reward=0.0000 | abs_interaction_reward=0.0000 | anti_stag_reward=0.0000 | abs_anti_stag_reward=0.0000 | wall_clear_reward=0.0000 | abs_wall_clear_reward=0.0000 | local_nav_reward=0.0000 | abs_local_nav_reward=0.0000 | robot_proximity_reward=-0.2293 | abs_robot_proximity_reward=0.2293 | robot_clearance_reward=0.0182 | context_neighbors_mean=1.03 | context_neighbors_max=4 | last_context_neighbors_mean=0.00 | last_context_neighbors_max=0 | actor_unlocked=1 | expl_noise=0.0718 | replay=32037 | interaction_replay=13681 | samples/sec=12.440
Actor gradient gate | passed=1 | safety_samples=165 | linear_positive_share=0.273 | angular_one_sided_share=0.788
Episode 383 complete | agent_samples=32139 | env_steps=13228 | episode_env_steps=46 | episode_agent_samples=102 | mean_reward=120.066 | success=5/5 | collision=0/5 | mean_final_distance=0.248 | mean_progress=0.0144 | min_laser=0.391 | mean_lin=0.986 | mean_ang=-0.604 | mean_robot_dist=inf | raw_reward=20.000 | adjusted_reward=20.000 | coop_agents=0/5 | mean_coop_neighbors=0.00 | active_neighbor_step_rate=0.578 | mean_active_neighbors_step=1.686 | max_active_neighbors_step=4 | interaction_reward=0.0000 | abs_interaction_reward=0.0000 | anti_stag_reward=0.0000 | abs_anti_stag_reward=0.0000 | wall_clear_reward=0.0000 | abs_wall_clear_reward=0.0000 | local_nav_reward=0.0000 | abs_local_nav_reward=0.0000 | robot_proximity_reward=0.0000 | abs_robot_proximity_reward=0.0000 | robot_clearance_reward=0.0000 | context_neighbors_mean=1.69 | context_neighbors_max=4 | last_context_neighbors_mean=0.00 | last_context_neighbors_max=0 | actor_unlocked=1 | expl_noise=0.0717 | replay=32139 | interaction_replay=13690 | samples/sec=12.432
Actor gradient gate | passed=1 | safety_samples=169 | linear_positive_share=0.320 | angular_one_sided_share=0.799
Episode 384 complete | agent_samples=32207 | env_steps=13253 | episode_env_steps=25 | episode_agent_samples=68 | mean_reward=28.944 | success=3/5 | collision=2/5 | mean_final_distance=0.651 | mean_progress=0.0162 | min_laser=0.300 | mean_lin=0.992 | mean_ang=-0.183 | mean_robot_dist=inf | raw_reward=20.000 | adjusted_reward=20.000 | coop_agents=0/5 | mean_coop_neighbors=0.00 | active_neighbor_step_rate=0.574 | mean_active_neighbors_step=1.250 | max_active_neighbors_step=4 | interaction_reward=0.0000 | abs_interaction_reward=0.0000 | anti_stag_reward=0.0000 | abs_anti_stag_reward=0.0000 | wall_clear_reward=0.0000 | abs_wall_clear_reward=0.0000 | local_nav_reward=0.0000 | abs_local_nav_reward=0.0000 | robot_proximity_reward=-0.9488 | abs_robot_proximity_reward=0.9488 | robot_clearance_reward=0.0964 | context_neighbors_mean=1.31 | context_neighbors_max=4 | last_context_neighbors_mean=0.00 | last_context_neighbors_max=0 | actor_unlocked=1 | expl_noise=0.0717 | replay=32207 | interaction_replay=13726 | samples/sec=12.432
Actor gradient gate | passed=1 | safety_samples=159 | linear_positive_share=0.233 | angular_one_sided_share=0.799
Episode 385 complete | agent_samples=32319 | env_steps=13319 | episode_env_steps=66 | episode_agent_samples=112 | mean_reward=30.190 | success=3/5 | collision=2/5 | mean_final_distance=0.422 | mean_progress=0.0069 | min_laser=0.311 | mean_lin=0.571 | mean_ang=0.186 | mean_robot_dist=inf | raw_reward=20.000 | adjusted_reward=20.000 | coop_agents=0/5 | mean_coop_neighbors=0.00 | active_neighbor_step_rate=0.438 | mean_active_neighbors_step=1.009 | max_active_neighbors_step=4 | interaction_reward=0.0000 | abs_interaction_reward=0.0000 | anti_stag_reward=0.0000 | abs_anti_stag_reward=0.0000 | wall_clear_reward=0.0000 | abs_wall_clear_reward=0.0000 | local_nav_reward=0.0000 | abs_local_nav_reward=0.0000 | robot_proximity_reward=-0.2617 | abs_robot_proximity_reward=0.2617 | robot_clearance_reward=0.0000 | context_neighbors_mean=1.04 | context_neighbors_max=4 | last_context_neighbors_mean=0.00 | last_context_neighbors_max=0 | actor_unlocked=1 | expl_noise=0.0717 | replay=32319 | interaction_replay=13775 | samples/sec=12.406
Status | epoch=2 | next_eval_in=7681 agent_samples | checkpoint_every=10 episodes | checkpoint=./checkpoints/interaction_focused_actor_5a_init_5d_weak_s20260726_latest.pt | model=interaction_focused_actor_5a_init_5d_weak_s20260726
Actor gradient gate | passed=1 | safety_samples=167 | linear_positive_share=0.317 | angular_one_sided_share=0.802
Episode 386 complete | agent_samples=32407 | env_steps=13346 | episode_env_steps=27 | episode_agent_samples=88 | mean_reward=78.314 | success=4/5 | collision=1/5 | mean_final_distance=0.320 | mean_progress=0.0014 | min_laser=0.300 | mean_lin=0.797 | mean_ang=-0.948 | mean_robot_dist=inf | raw_reward=20.000 | adjusted_reward=20.000 | coop_agents=0/5 | mean_coop_neighbors=0.00 | active_neighbor_step_rate=0.761 | mean_active_neighbors_step=2.159 | max_active_neighbors_step=4 | interaction_reward=0.0000 | abs_interaction_reward=0.0000 | anti_stag_reward=0.0000 | abs_anti_stag_reward=0.0000 | wall_clear_reward=0.0000 | abs_wall_clear_reward=0.0000 | local_nav_reward=0.0000 | abs_local_nav_reward=0.0000 | robot_proximity_reward=-0.6794 | abs_robot_proximity_reward=0.6794 | robot_clearance_reward=0.0732 | context_neighbors_mean=2.23 | context_neighbors_max=4 | last_context_neighbors_mean=0.00 | last_context_neighbors_max=0 | actor_unlocked=1 | expl_noise=0.0717 | replay=32407 | interaction_replay=13813 | samples/sec=12.411
Actor gradient gate | passed=1 | safety_samples=180 | linear_positive_share=0.311 | angular_one_sided_share=0.783
Episode 387 complete | agent_samples=32516 | env_steps=13401 | episode_env_steps=55 | episode_agent_samples=109 | mean_reward=123.336 | success=5/5 | collision=0/5 | mean_final_distance=0.273 | mean_progress=0.0056 | min_laser=0.430 | mean_lin=1.000 | mean_ang=-0.059 | mean_robot_dist=inf | raw_reward=20.000 | adjusted_reward=20.000 | coop_agents=0/5 | mean_coop_neighbors=0.00 | active_neighbor_step_rate=0.321 | mean_active_neighbors_step=0.624 | max_active_neighbors_step=4 | interaction_reward=0.0000 | abs_interaction_reward=0.0000 | anti_stag_reward=0.0000 | abs_anti_stag_reward=0.0000 | wall_clear_reward=0.0000 | abs_wall_clear_reward=0.0000 | local_nav_reward=0.0000 | abs_local_nav_reward=0.0000 | robot_proximity_reward=0.0000 | abs_robot_proximity_reward=0.0000 | robot_clearance_reward=0.0000 | context_neighbors_mean=0.62 | context_neighbors_max=4 | last_context_neighbors_mean=0.00 | last_context_neighbors_max=0 | actor_unlocked=1 | expl_noise=0.0716 | replay=32516 | interaction_replay=13821 | samples/sec=12.396
Actor gradient gate | passed=1 | safety_samples=183 | linear_positive_share=0.322 | angular_one_sided_share=0.781
Episode 388 complete | agent_samples=32557 | env_steps=13410 | episode_env_steps=9 | episode_agent_samples=41 | mean_reward=19.746 | success=3/5 | collision=2/5 | mean_final_distance=0.463 | mean_progress=0.0521 | min_laser=0.301 | mean_lin=0.800 | mean_ang=0.349 | mean_robot_dist=inf | raw_reward=40.000 | adjusted_reward=40.000 | coop_agents=0/5 | mean_coop_neighbors=0.00 | active_neighbor_step_rate=0.854 | mean_active_neighbors_step=2.537 | max_active_neighbors_step=4 | interaction_reward=0.0000 | abs_interaction_reward=0.0000 | anti_stag_reward=0.0000 | abs_anti_stag_reward=0.0000 | wall_clear_reward=0.0000 | abs_wall_clear_reward=0.0000 | local_nav_reward=0.0000 | abs_local_nav_reward=0.0000 | robot_proximity_reward=-1.1816 | abs_robot_proximity_reward=1.1816 | robot_clearance_reward=0.0000 | context_neighbors_mean=2.59 | context_neighbors_max=4 | last_context_neighbors_mean=0.00 | last_context_neighbors_max=0 | actor_unlocked=1 | expl_noise=0.0716 | replay=32557 | interaction_replay=13855 | samples/sec=12.401
Actor gradient gate | passed=1 | safety_samples=163 | linear_positive_share=0.288 | angular_one_sided_share=0.748
Episode 389 complete | agent_samples=32711 | env_steps=13491 | episode_env_steps=81 | episode_agent_samples=154 | mean_reward=84.963 | success=4/5 | collision=1/5 | mean_final_distance=0.568 | mean_progress=0.0208 | min_laser=0.348 | mean_lin=0.991 | mean_ang=0.194 | mean_robot_dist=inf | raw_reward=20.000 | adjusted_reward=20.000 | coop_agents=0/5 | mean_coop_neighbors=0.00 | active_neighbor_step_rate=0.331 | mean_active_neighbors_step=0.656 | max_active_neighbors_step=4 | interaction_reward=0.0000 | abs_interaction_reward=0.0000 | anti_stag_reward=0.0000 | abs_anti_stag_reward=0.0000 | wall_clear_reward=0.0000 | abs_wall_clear_reward=0.0000 | local_nav_reward=0.0000 | abs_local_nav_reward=0.0000 | robot_proximity_reward=-0.0528 | abs_robot_proximity_reward=0.0528 | robot_clearance_reward=0.0173 | context_neighbors_mean=0.69 | context_neighbors_max=4 | last_context_neighbors_mean=0.00 | last_context_neighbors_max=0 | actor_unlocked=1 | expl_noise=0.0716 | replay=32711 | interaction_replay=13896 | samples/sec=12.377
Actor gradient gate | passed=1 | safety_samples=170 | linear_positive_share=0.282 | angular_one_sided_share=0.806
Episode 390 complete | agent_samples=32780 | env_steps=13524 | episode_env_steps=33 | episode_agent_samples=69 | mean_reward=108.666 | success=5/5 | collision=0/5 | mean_final_distance=0.218 | mean_progress=0.0158 | min_laser=0.647 | mean_lin=1.000 | mean_ang=-0.195 | mean_robot_dist=inf | raw_reward=20.000 | adjusted_reward=20.000 | coop_agents=0/5 | mean_coop_neighbors=0.00 | active_neighbor_step_rate=0.652 | mean_active_neighbors_step=1.928 | max_active_neighbors_step=4 | interaction_reward=0.0000 | abs_interaction_reward=0.0000 | anti_stag_reward=0.0000 | abs_anti_stag_reward=0.0000 | wall_clear_reward=0.0000 | abs_wall_clear_reward=0.0000 | local_nav_reward=0.0000 | abs_local_nav_reward=0.0000 | robot_proximity_reward=-0.1745 | abs_robot_proximity_reward=0.1745 | robot_clearance_reward=0.0000 | context_neighbors_mean=1.96 | context_neighbors_max=4 | last_context_neighbors_mean=0.00 | last_context_neighbors_max=0 | actor_unlocked=1 | expl_noise=0.0715 | replay=32780 | interaction_replay=13925 | samples/sec=12.369
Status | epoch=2 | next_eval_in=7220 agent_samples | checkpoint_every=10 episodes | checkpoint=./checkpoints/interaction_focused_actor_5a_init_5d_weak_s20260726_latest.pt | model=interaction_focused_actor_5a_init_5d_weak_s20260726
Checkpoint saved: ./checkpoints/interaction_focused_actor_5a_init_5d_weak_s20260726_latest.pt
Actor gradient gate | passed=1 | safety_samples=152 | linear_positive_share=0.322 | angular_one_sided_share=0.809
Episode 391 complete | agent_samples=32878 | env_steps=13573 | episode_env_steps=49 | episode_agent_samples=98 | mean_reward=-11.373 | success=2/5 | collision=3/5 | mean_final_distance=0.910 | mean_progress=0.0065 | min_laser=0.318 | mean_lin=0.626 | mean_ang=0.147 | mean_robot_dist=inf | raw_reward=20.000 | adjusted_reward=20.000 | coop_agents=0/5 | mean_coop_neighbors=0.00 | active_neighbor_step_rate=0.500 | mean_active_neighbors_step=1.439 | max_active_neighbors_step=4 | interaction_reward=0.0000 | abs_interaction_reward=0.0000 | anti_stag_reward=0.0000 | abs_anti_stag_reward=0.0000 | wall_clear_reward=0.0000 | abs_wall_clear_reward=0.0000 | local_nav_reward=0.0000 | abs_local_nav_reward=0.0000 | robot_proximity_reward=-1.0775 | abs_robot_proximity_reward=1.0775 | robot_clearance_reward=0.0376 | context_neighbors_mean=1.45 | context_neighbors_max=4 | last_context_neighbors_mean=0.00 | last_context_neighbors_max=0 | actor_unlocked=1 | expl_noise=0.0715 | replay=32878 | interaction_replay=13956 | samples/sec=12.352
Actor gradient gate | passed=1 | safety_samples=187 | linear_positive_share=0.348 | angular_one_sided_share=0.786
Episode 392 complete | agent_samples=32971 | env_steps=13617 | episode_env_steps=44 | episode_agent_samples=93 | mean_reward=102.060 | success=5/5 | collision=0/5 | mean_final_distance=0.249 | mean_progress=0.0178 | min_laser=0.495 | mean_lin=0.996 | mean_ang=0.538 | mean_robot_dist=inf | raw_reward=20.000 | adjusted_reward=20.000 | coop_agents=0/5 | mean_coop_neighbors=0.00 | active_neighbor_step_rate=0.613 | mean_active_neighbors_step=1.140 | max_active_neighbors_step=4 | interaction_reward=0.0000 | abs_interaction_reward=0.0000 | anti_stag_reward=0.0000 | abs_anti_stag_reward=0.0000 | wall_clear_reward=0.0000 | abs_wall_clear_reward=0.0000 | local_nav_reward=0.0000 | abs_local_nav_reward=0.0000 | robot_proximity_reward=0.0000 | abs_robot_proximity_reward=0.0000 | robot_clearance_reward=0.0000 | context_neighbors_mean=1.15 | context_neighbors_max=4 | last_context_neighbors_mean=0.00 | last_context_neighbors_max=0 | actor_unlocked=1 | expl_noise=0.0715 | replay=32971 | interaction_replay=13978 | samples/sec=12.342
Actor gradient gate | passed=1 | safety_samples=202 | linear_positive_share=0.312 | angular_one_sided_share=0.807
Episode 393 complete | agent_samples=33030 | env_steps=13637 | episode_env_steps=20 | episode_agent_samples=59 | mean_reward=18.949 | success=3/5 | collision=2/5 | mean_final_distance=0.586 | mean_progress=0.0116 | min_laser=0.311 | mean_lin=0.823 | mean_ang=-0.045 | mean_robot_dist=inf | raw_reward=20.000 | adjusted_reward=20.000 | coop_agents=0/5 | mean_coop_neighbors=0.00 | active_neighbor_step_rate=0.780 | mean_active_neighbors_step=1.847 | max_active_neighbors_step=4 | interaction_reward=0.0000 | abs_interaction_reward=0.0000 | anti_stag_reward=0.0000 | abs_anti_stag_reward=0.0000 | wall_clear_reward=0.0000 | abs_wall_clear_reward=0.0000 | local_nav_reward=0.0000 | abs_local_nav_reward=0.0000 | robot_proximity_reward=-1.4165 | abs_robot_proximity_reward=1.4165 | robot_clearance_reward=0.0045 | context_neighbors_mean=1.88 | context_neighbors_max=4 | last_context_neighbors_mean=0.00 | last_context_neighbors_max=0 | actor_unlocked=1 | expl_noise=0.0715 | replay=33030 | interaction_replay=14024 | samples/sec=12.344
Actor gradient gate | passed=1 | safety_samples=168 | linear_positive_share=0.310 | angular_one_sided_share=0.798
Episode 394 complete | agent_samples=33152 | env_steps=13677 | episode_env_steps=40 | episode_agent_samples=122 | mean_reward=73.474 | success=4/5 | collision=1/5 | mean_final_distance=0.296 | mean_progress=0.0109 | min_laser=0.338 | mean_lin=0.996 | mean_ang=0.206 | mean_robot_dist=inf | raw_reward=20.000 | adjusted_reward=20.000 | coop_agents=0/5 | mean_coop_neighbors=0.00 | active_neighbor_step_rate=0.811 | mean_active_neighbors_step=1.910 | max_active_neighbors_step=4 | interaction_reward=0.0000 | abs_interaction_reward=0.0000 | anti_stag_reward=0.0000 | abs_anti_stag_reward=0.0000 | wall_clear_reward=0.0000 | abs_wall_clear_reward=0.0000 | local_nav_reward=0.0000 | abs_local_nav_reward=0.0000 | robot_proximity_reward=-0.4784 | abs_robot_proximity_reward=0.4784 | robot_clearance_reward=0.0559 | context_neighbors_mean=1.95 | context_neighbors_max=4 | last_context_neighbors_mean=0.00 | last_context_neighbors_max=0 | actor_unlocked=1 | expl_noise=0.0715 | replay=33152 | interaction_replay=14072 | samples/sec=12.349
Actor gradient gate | passed=1 | safety_samples=174 | linear_positive_share=0.339 | angular_one_sided_share=0.799
Episode 395 complete | agent_samples=33210 | env_steps=13697 | episode_env_steps=20 | episode_agent_samples=58 | mean_reward=25.021 | success=3/5 | collision=2/5 | mean_final_distance=0.631 | mean_progress=0.0060 | min_laser=0.300 | mean_lin=0.803 | mean_ang=0.187 | mean_robot_dist=inf | raw_reward=20.000 | adjusted_reward=20.000 | coop_agents=0/5 | mean_coop_neighbors=0.00 | active_neighbor_step_rate=0.690 | mean_active_neighbors_step=1.672 | max_active_neighbors_step=4 | interaction_reward=0.0000 | abs_interaction_reward=0.0000 | anti_stag_reward=0.0000 | abs_anti_stag_reward=0.0000 | wall_clear_reward=0.0000 | abs_wall_clear_reward=0.0000 | local_nav_reward=0.0000 | abs_local_nav_reward=0.0000 | robot_proximity_reward=-0.7794 | abs_robot_proximity_reward=0.7794 | robot_clearance_reward=0.0000 | context_neighbors_mean=1.74 | context_neighbors_max=4 | last_context_neighbors_mean=0.00 | last_context_neighbors_max=0 | actor_unlocked=1 | expl_noise=0.0714 | replay=33210 | interaction_replay=14113 | samples/sec=12.350
Status | epoch=2 | next_eval_in=6790 agent_samples | checkpoint_every=10 episodes | checkpoint=./checkpoints/interaction_focused_actor_5a_init_5d_weak_s20260726_latest.pt | model=interaction_focused_actor_5a_init_5d_weak_s20260726
Actor gradient gate | passed=1 | safety_samples=174 | linear_positive_share=0.293 | angular_one_sided_share=0.799
Episode 396 complete | agent_samples=33309 | env_steps=13751 | episode_env_steps=54 | episode_agent_samples=99 | mean_reward=33.615 | success=3/5 | collision=2/5 | mean_final_distance=0.582 | mean_progress=0.0046 | min_laser=0.306 | mean_lin=0.801 | mean_ang=-0.619 | mean_robot_dist=inf | raw_reward=20.000 | adjusted_reward=20.000 | coop_agents=0/5 | mean_coop_neighbors=0.00 | active_neighbor_step_rate=0.455 | mean_active_neighbors_step=1.283 | max_active_neighbors_step=4 | interaction_reward=0.0000 | abs_interaction_reward=0.0000 | anti_stag_reward=0.0000 | abs_anti_stag_reward=0.0000 | wall_clear_reward=0.0000 | abs_wall_clear_reward=0.0000 | local_nav_reward=0.0000 | abs_local_nav_reward=0.0000 | robot_proximity_reward=-0.3272 | abs_robot_proximity_reward=0.3272 | robot_clearance_reward=0.0211 | context_neighbors_mean=1.29 | context_neighbors_max=4 | last_context_neighbors_mean=0.00 | last_context_neighbors_max=0 | actor_unlocked=1 | expl_noise=0.0714 | replay=33309 | interaction_replay=14134 | samples/sec=12.332
Actor gradient gate | passed=1 | safety_samples=179 | linear_positive_share=0.201 | angular_one_sided_share=0.743
Episode 397 complete | agent_samples=33394 | env_steps=13784 | episode_env_steps=33 | episode_agent_samples=85 | mean_reward=125.962 | success=5/5 | collision=0/5 | mean_final_distance=0.267 | mean_progress=0.0206 | min_laser=0.430 | mean_lin=1.000 | mean_ang=0.600 | mean_robot_dist=inf | raw_reward=20.000 | adjusted_reward=20.000 | coop_agents=0/5 | mean_coop_neighbors=0.00 | active_neighbor_step_rate=0.671 | mean_active_neighbors_step=1.424 | max_active_neighbors_step=4 | interaction_reward=0.0000 | abs_interaction_reward=0.0000 | anti_stag_reward=0.0000 | abs_anti_stag_reward=0.0000 | wall_clear_reward=0.0000 | abs_wall_clear_reward=0.0000 | local_nav_reward=0.0000 | abs_local_nav_reward=0.0000 | robot_proximity_reward=0.0000 | abs_robot_proximity_reward=0.0000 | robot_clearance_reward=0.0000 | context_neighbors_mean=1.42 | context_neighbors_max=4 | last_context_neighbors_mean=0.00 | last_context_neighbors_max=0 | actor_unlocked=1 | expl_noise=0.0714 | replay=33394 | interaction_replay=14160 | samples/sec=12.330
Actor gradient gate | passed=1 | safety_samples=177 | linear_positive_share=0.271 | angular_one_sided_share=0.746
Episode 398 complete | agent_samples=33526 | env_steps=13858 | episode_env_steps=74 | episode_agent_samples=132 | mean_reward=13.380 | success=3/5 | collision=2/5 | mean_final_distance=0.422 | mean_progress=0.0018 | min_laser=0.300 | mean_lin=0.800 | mean_ang=-0.228 | mean_robot_dist=inf | raw_reward=20.000 | adjusted_reward=20.000 | coop_agents=0/5 | mean_coop_neighbors=0.00 | active_neighbor_step_rate=0.508 | mean_active_neighbors_step=1.030 | max_active_neighbors_step=4 | interaction_reward=0.0000 | abs_interaction_reward=0.0000 | anti_stag_reward=0.0000 | abs_anti_stag_reward=0.0000 | wall_clear_reward=0.0000 | abs_wall_clear_reward=0.0000 | local_nav_reward=0.0000 | abs_local_nav_reward=0.0000 | robot_proximity_reward=-0.5253 | abs_robot_proximity_reward=0.5253 | robot_clearance_reward=0.0337 | context_neighbors_mean=1.06 | context_neighbors_max=4 | last_context_neighbors_mean=0.00 | last_context_neighbors_max=0 | actor_unlocked=1 | expl_noise=0.0713 | replay=33526 | interaction_replay=14202 | samples/sec=12.306
Actor gradient gate | passed=1 | safety_samples=162 | linear_positive_share=0.222 | angular_one_sided_share=0.735
Episode 399 complete | agent_samples=33616 | env_steps=13902 | episode_env_steps=44 | episode_agent_samples=90 | mean_reward=27.389 | success=3/5 | collision=2/5 | mean_final_distance=0.852 | mean_progress=0.0041 | min_laser=0.300 | mean_lin=0.763 | mean_ang=-0.207 | mean_robot_dist=inf | raw_reward=20.000 | adjusted_reward=20.000 | coop_agents=0/5 | mean_coop_neighbors=0.00 | active_neighbor_step_rate=0.244 | mean_active_neighbors_step=0.378 | max_active_neighbors_step=4 | interaction_reward=0.0000 | abs_interaction_reward=0.0000 | anti_stag_reward=0.0000 | abs_anti_stag_reward=0.0000 | wall_clear_reward=0.0000 | abs_wall_clear_reward=0.0000 | local_nav_reward=0.0000 | abs_local_nav_reward=0.0000 | robot_proximity_reward=-0.5103 | abs_robot_proximity_reward=0.5103 | robot_clearance_reward=0.0000 | context_neighbors_mean=0.37 | context_neighbors_max=4 | last_context_neighbors_mean=0.00 | last_context_neighbors_max=0 | actor_unlocked=1 | expl_noise=0.0713 | replay=33616 | interaction_replay=14210 | samples/sec=12.295
Actor gradient gate | passed=1 | safety_samples=180 | linear_positive_share=0.261 | angular_one_sided_share=0.817
Episode 400 complete | agent_samples=33657 | env_steps=13913 | episode_env_steps=11 | episode_agent_samples=41 | mean_reward=18.510 | success=3/5 | collision=2/5 | mean_final_distance=0.588 | mean_progress=0.0239 | min_laser=0.300 | mean_lin=0.810 | mean_ang=-0.193 | mean_robot_dist=inf | raw_reward=20.000 | adjusted_reward=20.000 | coop_agents=0/5 | mean_coop_neighbors=0.00 | active_neighbor_step_rate=0.878 | mean_active_neighbors_step=2.000 | max_active_neighbors_step=4 | interaction_reward=0.0000 | abs_interaction_reward=0.0000 | anti_stag_reward=0.0000 | abs_anti_stag_reward=0.0000 | wall_clear_reward=0.0000 | abs_wall_clear_reward=0.0000 | local_nav_reward=0.0000 | abs_local_nav_reward=0.0000 | robot_proximity_reward=-1.1934 | abs_robot_proximity_reward=1.1934 | robot_clearance_reward=0.0488 | context_neighbors_mean=2.10 | context_neighbors_max=4 | last_context_neighbors_mean=0.00 | last_context_neighbors_max=0 | actor_unlocked=1 | expl_noise=0.0713 | replay=33657 | interaction_replay=14247 | samples/sec=12.299
Status | epoch=2 | next_eval_in=6343 agent_samples | checkpoint_every=10 episodes | checkpoint=./checkpoints/interaction_focused_actor_5a_init_5d_weak_s20260726_latest.pt | model=interaction_focused_actor_5a_init_5d_weak_s20260726
Checkpoint saved: ./checkpoints/interaction_focused_actor_5a_init_5d_weak_s20260726_latest.pt
Actor gradient gate | passed=1 | safety_samples=176 | linear_positive_share=0.307 | angular_one_sided_share=0.812
Episode 401 complete | agent_samples=33698 | env_steps=13923 | episode_env_steps=10 | episode_agent_samples=41 | mean_reward=14.935 | success=3/5 | collision=2/5 | mean_final_distance=0.520 | mean_progress=0.0190 | min_laser=0.300 | mean_lin=0.983 | mean_ang=0.174 | mean_robot_dist=inf | raw_reward=20.000 | adjusted_reward=20.000 | coop_agents=0/5 | mean_coop_neighbors=0.00 | active_neighbor_step_rate=0.902 | mean_active_neighbors_step=2.732 | max_active_neighbors_step=4 | interaction_reward=0.0000 | abs_interaction_reward=0.0000 | anti_stag_reward=0.0000 | abs_anti_stag_reward=0.0000 | wall_clear_reward=0.0000 | abs_wall_clear_reward=0.0000 | local_nav_reward=0.0000 | abs_local_nav_reward=0.0000 | robot_proximity_reward=-1.2353 | abs_robot_proximity_reward=1.2353 | robot_clearance_reward=0.0000 | context_neighbors_mean=2.85 | context_neighbors_max=4 | last_context_neighbors_mean=0.00 | last_context_neighbors_max=0 | actor_unlocked=1 | expl_noise=0.0713 | replay=33698 | interaction_replay=14283 | samples/sec=12.300
Actor gradient gate | passed=1 | safety_samples=162 | linear_positive_share=0.272 | angular_one_sided_share=0.790
Episode 402 complete | agent_samples=33879 | env_steps=14001 | episode_env_steps=78 | episode_agent_samples=181 | mean_reward=110.857 | success=5/5 | collision=0/5 | mean_final_distance=0.279 | mean_progress=0.0151 | min_laser=0.523 | mean_lin=1.000 | mean_ang=-0.057 | mean_robot_dist=inf | raw_reward=20.000 | adjusted_reward=20.000 | coop_agents=0/5 | mean_coop_neighbors=0.00 | active_neighbor_step_rate=0.558 | mean_active_neighbors_step=1.083 | max_active_neighbors_step=4 | interaction_reward=0.0000 | abs_interaction_reward=0.0000 | anti_stag_reward=0.0000 | abs_anti_stag_reward=0.0000 | wall_clear_reward=0.0000 | abs_wall_clear_reward=0.0000 | local_nav_reward=0.0000 | abs_local_nav_reward=0.0000 | robot_proximity_reward=-0.2794 | abs_robot_proximity_reward=0.2794 | robot_clearance_reward=0.0417 | context_neighbors_mean=1.09 | context_neighbors_max=4 | last_context_neighbors_mean=0.00 | last_context_neighbors_max=0 | actor_unlocked=1 | expl_noise=0.0712 | replay=33879 | interaction_replay=14313 | samples/sec=12.290
Actor gradient gate | passed=1 | safety_samples=198 | linear_positive_share=0.298 | angular_one_sided_share=0.803
Episode 403 complete | agent_samples=33937 | env_steps=14018 | episode_env_steps=17 | episode_agent_samples=58 | mean_reward=109.594 | success=5/5 | collision=0/5 | mean_final_distance=0.233 | mean_progress=0.0023 | min_laser=0.835 | mean_lin=0.997 | mean_ang=0.578 | mean_robot_dist=inf | raw_reward=20.000 | adjusted_reward=20.000 | coop_agents=0/5 | mean_coop_neighbors=0.00 | active_neighbor_step_rate=0.690 | mean_active_neighbors_step=1.776 | max_active_neighbors_step=4 | interaction_reward=0.0000 | abs_interaction_reward=0.0000 | anti_stag_reward=0.0000 | abs_anti_stag_reward=0.0000 | wall_clear_reward=0.0000 | abs_wall_clear_reward=0.0000 | local_nav_reward=0.0000 | abs_local_nav_reward=0.0000 | robot_proximity_reward=-0.0310 | abs_robot_proximity_reward=0.0310 | robot_clearance_reward=0.0000 | context_neighbors_mean=1.79 | context_neighbors_max=4 | last_context_neighbors_mean=0.00 | last_context_neighbors_max=0 | actor_unlocked=1 | expl_noise=0.0712 | replay=33937 | interaction_replay=14350 | samples/sec=12.294
Actor gradient gate | passed=1 | safety_samples=173 | linear_positive_share=0.301 | angular_one_sided_share=0.694
Episode 404 complete | agent_samples=34014 | env_steps=14046 | episode_env_steps=28 | episode_agent_samples=77 | mean_reward=73.183 | success=4/5 | collision=1/5 | mean_final_distance=0.267 | mean_progress=0.0268 | min_laser=0.328 | mean_lin=0.815 | mean_ang=0.047 | mean_robot_dist=inf | raw_reward=20.000 | adjusted_reward=20.000 | coop_agents=0/5 | mean_coop_neighbors=0.00 | active_neighbor_step_rate=0.818 | mean_active_neighbors_step=1.883 | max_active_neighbors_step=4 | interaction_reward=0.0000 | abs_interaction_reward=0.0000 | anti_stag_reward=0.0000 | abs_anti_stag_reward=0.0000 | wall_clear_reward=0.0000 | abs_wall_clear_reward=0.0000 | local_nav_reward=0.0000 | abs_local_nav_reward=0.0000 | robot_proximity_reward=-0.4799 | abs_robot_proximity_reward=0.4799 | robot_clearance_reward=0.0000 | context_neighbors_mean=1.96 | context_neighbors_max=4 | last_context_neighbors_mean=0.00 | last_context_neighbors_max=0 | actor_unlocked=1 | expl_noise=0.0712 | replay=34014 | interaction_replay=14378 | samples/sec=12.294
Actor gradient gate | passed=1 | safety_samples=180 | linear_positive_share=0.278 | angular_one_sided_share=0.778
Episode 405 complete | agent_samples=34166 | env_steps=14088 | episode_env_steps=42 | episode_agent_samples=152 | mean_reward=78.120 | success=4/5 | collision=1/5 | mean_final_distance=0.336 | mean_progress=0.0267 | min_laser=0.301 | mean_lin=0.800 | mean_ang=0.133 | mean_robot_dist=inf | raw_reward=40.000 | adjusted_reward=40.000 | coop_agents=1/5 | mean_coop_neighbors=0.20 | active_neighbor_step_rate=0.803 | mean_active_neighbors_step=2.079 | max_active_neighbors_step=4 | interaction_reward=0.0000 | abs_interaction_reward=0.0000 | anti_stag_reward=0.0000 | abs_anti_stag_reward=0.0000 | wall_clear_reward=0.0000 | abs_wall_clear_reward=0.0000 | local_nav_reward=0.0000 | abs_local_nav_reward=0.0000 | robot_proximity_reward=-0.6008 | abs_robot_proximity_reward=0.6008 | robot_clearance_reward=0.0003 | context_neighbors_mean=2.10 | context_neighbors_max=4 | last_context_neighbors_mean=0.00 | last_context_neighbors_max=0 | actor_unlocked=1 | expl_noise=0.0712 | replay=34166 | interaction_replay=14446 | samples/sec=12.308
Status | epoch=2 | next_eval_in=5834 agent_samples | checkpoint_every=10 episodes | checkpoint=./checkpoints/interaction_focused_actor_5a_init_5d_weak_s20260726_latest.pt | model=interaction_focused_actor_5a_init_5d_weak_s20260726
Actor gradient gate | passed=1 | safety_samples=175 | linear_positive_share=0.217 | angular_one_sided_share=0.789
Episode 406 complete | agent_samples=34225 | env_steps=14110 | episode_env_steps=22 | episode_agent_samples=59 | mean_reward=19.247 | success=3/5 | collision=2/5 | mean_final_distance=0.445 | mean_progress=0.0112 | min_laser=0.300 | mean_lin=0.602 | mean_ang=-0.197 | mean_robot_dist=inf | raw_reward=20.000 | adjusted_reward=20.000 | coop_agents=0/5 | mean_coop_neighbors=0.00 | active_neighbor_step_rate=0.746 | mean_active_neighbors_step=1.712 | max_active_neighbors_step=4 | interaction_reward=0.0000 | abs_interaction_reward=0.0000 | anti_stag_reward=0.0000 | abs_anti_stag_reward=0.0000 | wall_clear_reward=0.0000 | abs_wall_clear_reward=0.0000 | local_nav_reward=0.0000 | abs_local_nav_reward=0.0000 | robot_proximity_reward=-0.7188 | abs_robot_proximity_reward=0.7188 | robot_clearance_reward=0.0452 | context_neighbors_mean=1.81 | context_neighbors_max=4 | last_context_neighbors_mean=0.00 | last_context_neighbors_max=0 | actor_unlocked=1 | expl_noise=0.0712 | replay=34225 | interaction_replay=14481 | samples/sec=12.307
Actor gradient gate | passed=1 | safety_samples=177 | linear_positive_share=0.294 | angular_one_sided_share=0.734
Episode 407 complete | agent_samples=34297 | env_steps=14130 | episode_env_steps=20 | episode_agent_samples=72 | mean_reward=-12.328 | success=2/5 | collision=3/5 | mean_final_distance=0.745 | mean_progress=0.0095 | min_laser=0.307 | mean_lin=0.600 | mean_ang=-0.587 | mean_robot_dist=inf | raw_reward=-20.000 | adjusted_reward=-20.000 | coop_agents=0/5 | mean_coop_neighbors=0.00 | active_neighbor_step_rate=0.903 | mean_active_neighbors_step=2.653 | max_active_neighbors_step=4 | interaction_reward=0.0000 | abs_interaction_reward=0.0000 | anti_stag_reward=0.0000 | abs_anti_stag_reward=0.0000 | wall_clear_reward=0.0000 | abs_wall_clear_reward=0.0000 | local_nav_reward=0.0000 | abs_local_nav_reward=0.0000 | robot_proximity_reward=-0.5222 | abs_robot_proximity_reward=0.5222 | robot_clearance_reward=0.0000 | context_neighbors_mean=2.69 | context_neighbors_max=4 | last_context_neighbors_mean=0.00 | last_context_neighbors_max=0 | actor_unlocked=1 | expl_noise=0.0712 | replay=34297 | interaction_replay=14503 | samples/sec=12.313
Actor gradient gate | passed=1 | safety_samples=157 | linear_positive_share=0.312 | angular_one_sided_share=0.752
Episode 408 complete | agent_samples=34354 | env_steps=14145 | episode_env_steps=15 | episode_agent_samples=57 | mean_reward=40.561 | success=3/5 | collision=2/5 | mean_final_distance=0.817 | mean_progress=0.0281 | min_laser=0.326 | mean_lin=0.615 | mean_ang=-0.187 | mean_robot_dist=inf | raw_reward=20.000 | adjusted_reward=20.000 | coop_agents=0/5 | mean_coop_neighbors=0.00 | active_neighbor_step_rate=0.895 | mean_active_neighbors_step=2.070 | max_active_neighbors_step=4 | interaction_reward=0.0000 | abs_interaction_reward=0.0000 | anti_stag_reward=0.0000 | abs_anti_stag_reward=0.0000 | wall_clear_reward=0.0000 | abs_wall_clear_reward=0.0000 | local_nav_reward=0.0000 | abs_local_nav_reward=0.0000 | robot_proximity_reward=-0.3930 | abs_robot_proximity_reward=0.3930 | robot_clearance_reward=0.0351 | context_neighbors_mean=2.07 | context_neighbors_max=4 | last_context_neighbors_mean=0.00 | last_context_neighbors_max=0 | actor_unlocked=1 | expl_noise=0.0712 | replay=34354 | interaction_replay=14523 | samples/sec=12.319
Actor gradient gate | passed=1 | safety_samples=194 | linear_positive_share=0.216 | angular_one_sided_share=0.691
Episode 409 complete | agent_samples=34410 | env_steps=14159 | episode_env_steps=14 | episode_agent_samples=56 | mean_reward=112.114 | success=5/5 | collision=0/5 | mean_final_distance=0.233 | mean_progress=0.0193 | min_laser=0.544 | mean_lin=0.984 | mean_ang=0.033 | mean_robot_dist=inf | raw_reward=20.000 | adjusted_reward=20.000 | coop_agents=0/5 | mean_coop_neighbors=0.00 | active_neighbor_step_rate=0.821 | mean_active_neighbors_step=1.750 | max_active_neighbors_step=4 | interaction_reward=0.0000 | abs_interaction_reward=0.0000 | anti_stag_reward=0.0000 | abs_anti_stag_reward=0.0000 | wall_clear_reward=0.0000 | abs_wall_clear_reward=0.0000 | local_nav_reward=0.0000 | abs_local_nav_reward=0.0000 | robot_proximity_reward=-0.7957 | abs_robot_proximity_reward=0.7957 | robot_clearance_reward=0.1071 | context_neighbors_mean=1.88 | context_neighbors_max=4 | last_context_neighbors_mean=0.00 | last_context_neighbors_max=0 | actor_unlocked=1 | expl_noise=0.0712 | replay=34410 | interaction_replay=14567 | samples/sec=12.325
Actor gradient gate | passed=1 | safety_samples=182 | linear_positive_share=0.275 | angular_one_sided_share=0.753
Episode 410 complete | agent_samples=34476 | env_steps=14177 | episode_env_steps=18 | episode_agent_samples=66 | mean_reward=13.890 | success=3/5 | collision=2/5 | mean_final_distance=0.669 | mean_progress=0.0167 | min_laser=0.322 | mean_lin=0.589 | mean_ang=-0.579 | mean_robot_dist=inf | raw_reward=20.000 | adjusted_reward=20.000 | coop_agents=0/5 | mean_coop_neighbors=0.00 | active_neighbor_step_rate=0.970 | mean_active_neighbors_step=2.439 | max_active_neighbors_step=4 | interaction_reward=0.0000 | abs_interaction_reward=0.0000 | anti_stag_reward=0.0000 | abs_anti_stag_reward=0.0000 | wall_clear_reward=0.0000 | abs_wall_clear_reward=0.0000 | local_nav_reward=0.0000 | abs_local_nav_reward=0.0000 | robot_proximity_reward=-0.5412 | abs_robot_proximity_reward=0.5412 | robot_clearance_reward=0.0000 | context_neighbors_mean=2.45 | context_neighbors_max=4 | last_context_neighbors_mean=0.00 | last_context_neighbors_max=0 | actor_unlocked=1 | expl_noise=0.0711 | replay=34476 | interaction_replay=14585 | samples/sec=12.330
Status | epoch=2 | next_eval_in=5524 agent_samples | checkpoint_every=10 episodes | checkpoint=./checkpoints/interaction_focused_actor_5a_init_5d_weak_s20260726_latest.pt | model=interaction_focused_actor_5a_init_5d_weak_s20260726
Checkpoint saved: ./checkpoints/interaction_focused_actor_5a_init_5d_weak_s20260726_latest.pt
Actor gradient gate | passed=1 | safety_samples=177 | linear_positive_share=0.305 | angular_one_sided_share=0.768
Episode 411 complete | agent_samples=34626 | env_steps=14226 | episode_env_steps=49 | episode_agent_samples=150 | mean_reward=87.220 | success=5/5 | collision=0/5 | mean_final_distance=0.233 | mean_progress=0.0082 | min_laser=0.354 | mean_lin=1.000 | mean_ang=0.585 | mean_robot_dist=inf | raw_reward=20.000 | adjusted_reward=20.000 | coop_agents=0/5 | mean_coop_neighbors=0.00 | active_neighbor_step_rate=0.767 | mean_active_neighbors_step=1.827 | max_active_neighbors_step=4 | interaction_reward=0.0000 | abs_interaction_reward=0.0000 | anti_stag_reward=0.0000 | abs_anti_stag_reward=0.0000 | wall_clear_reward=0.0000 | abs_wall_clear_reward=0.0000 | local_nav_reward=0.0000 | abs_local_nav_reward=0.0000 | robot_proximity_reward=-1.0021 | abs_robot_proximity_reward=1.0021 | robot_clearance_reward=0.0296 | context_neighbors_mean=1.87 | context_neighbors_max=4 | last_context_neighbors_mean=0.00 | last_context_neighbors_max=0 | actor_unlocked=1 | expl_noise=0.0711 | replay=34626 | interaction_replay=14633 | samples/sec=12.333
Actor gradient gate | passed=1 | safety_samples=196 | linear_positive_share=0.306 | angular_one_sided_share=0.791
Episode 412 complete | agent_samples=34668 | env_steps=14236 | episode_env_steps=10 | episode_agent_samples=42 | mean_reward=23.386 | success=3/5 | collision=2/5 | mean_final_distance=0.809 | mean_progress=0.0382 | min_laser=0.300 | mean_lin=0.700 | mean_ang=-0.344 | mean_robot_dist=1.498 | raw_reward=40.000 | adjusted_reward=40.000 | coop_agents=2/5 | mean_coop_neighbors=0.40 | active_neighbor_step_rate=1.000 | mean_active_neighbors_step=2.714 | max_active_neighbors_step=4 | interaction_reward=0.0000 | abs_interaction_reward=0.0000 | anti_stag_reward=0.0000 | abs_anti_stag_reward=0.0000 | wall_clear_reward=0.0000 | abs_wall_clear_reward=0.0000 | local_nav_reward=0.0000 | abs_local_nav_reward=0.0000 | robot_proximity_reward=-1.1310 | abs_robot_proximity_reward=1.1310 | robot_clearance_reward=0.0952 | context_neighbors_mean=2.71 | context_neighbors_max=4 | last_context_neighbors_mean=0.00 | last_context_neighbors_max=0 | actor_unlocked=1 | expl_noise=0.0711 | replay=34668 | interaction_replay=14674 | samples/sec=12.337
Actor gradient gate | passed=1 | safety_samples=200 | linear_positive_share=0.285 | angular_one_sided_share=0.780
Episode 413 complete | agent_samples=34741 | env_steps=14269 | episode_env_steps=33 | episode_agent_samples=73 | mean_reward=81.702 | success=4/5 | collision=1/5 | mean_final_distance=0.536 | mean_progress=0.0240 | min_laser=0.344 | mean_lin=0.919 | mean_ang=-0.204 | mean_robot_dist=inf | raw_reward=20.000 | adjusted_reward=20.000 | coop_agents=0/5 | mean_coop_neighbors=0.00 | active_neighbor_step_rate=0.644 | mean_active_neighbors_step=1.589 | max_active_neighbors_step=4 | interaction_reward=0.0000 | abs_interaction_reward=0.0000 | anti_stag_reward=0.0000 | abs_anti_stag_reward=0.0000 | wall_clear_reward=0.0000 | abs_wall_clear_reward=0.0000 | local_nav_reward=0.0000 | abs_local_nav_reward=0.0000 | robot_proximity_reward=-0.1150 | abs_robot_proximity_reward=0.1150 | robot_clearance_reward=0.0527 | context_neighbors_mean=1.62 | context_neighbors_max=4 | last_context_neighbors_mean=0.00 | last_context_neighbors_max=0 | actor_unlocked=1 | expl_noise=0.0711 | replay=34741 | interaction_replay=14694 | samples/sec=12.331
Actor gradient gate | passed=1 | safety_samples=168 | linear_positive_share=0.274 | angular_one_sided_share=0.738
Episode 414 complete | agent_samples=34803 | env_steps=14298 | episode_env_steps=29 | episode_agent_samples=62 | mean_reward=63.232 | success=4/5 | collision=1/5 | mean_final_distance=0.311 | mean_progress=0.0113 | min_laser=0.300 | mean_lin=0.795 | mean_ang=0.586 | mean_robot_dist=inf | raw_reward=20.000 | adjusted_reward=20.000 | coop_agents=0/5 | mean_coop_neighbors=0.00 | active_neighbor_step_rate=0.661 | mean_active_neighbors_step=1.435 | max_active_neighbors_step=3 | interaction_reward=0.0000 | abs_interaction_reward=0.0000 | anti_stag_reward=0.0000 | abs_anti_stag_reward=0.0000 | wall_clear_reward=0.0000 | abs_wall_clear_reward=0.0000 | local_nav_reward=0.0000 | abs_local_nav_reward=0.0000 | robot_proximity_reward=-0.6734 | abs_robot_proximity_reward=0.6734 | robot_clearance_reward=0.0349 | context_neighbors_mean=1.52 | context_neighbors_max=3 | last_context_neighbors_mean=0.00 | last_context_neighbors_max=0 | actor_unlocked=1 | expl_noise=0.0711 | replay=34803 | interaction_replay=14732 | samples/sec=12.325
Actor gradient gate | passed=1 | safety_samples=168 | linear_positive_share=0.244 | angular_one_sided_share=0.726
Episode 415 complete | agent_samples=34930 | env_steps=14349 | episode_env_steps=51 | episode_agent_samples=127 | mean_reward=18.081 | success=3/5 | collision=2/5 | mean_final_distance=0.512 | mean_progress=0.0173 | min_laser=0.300 | mean_lin=0.936 | mean_ang=-0.759 | mean_robot_dist=inf | raw_reward=20.000 | adjusted_reward=20.000 | coop_agents=0/5 | mean_coop_neighbors=0.00 | active_neighbor_step_rate=0.827 | mean_active_neighbors_step=1.843 | max_active_neighbors_step=4 | interaction_reward=0.0000 | abs_interaction_reward=0.0000 | anti_stag_reward=0.0000 | abs_anti_stag_reward=0.0000 | wall_clear_reward=0.0000 | abs_wall_clear_reward=0.0000 | local_nav_reward=0.0000 | abs_local_nav_reward=0.0000 | robot_proximity_reward=-0.7527 | abs_robot_proximity_reward=0.7527 | robot_clearance_reward=0.0293 | context_neighbors_mean=1.88 | context_neighbors_max=4 | last_context_neighbors_mean=0.00 | last_context_neighbors_max=0 | actor_unlocked=1 | expl_noise=0.0710 | replay=34930 | interaction_replay=14802 | samples/sec=12.321
Status | epoch=2 | next_eval_in=5070 agent_samples | checkpoint_every=10 episodes | checkpoint=./checkpoints/interaction_focused_actor_5a_init_5d_weak_s20260726_latest.pt | model=interaction_focused_actor_5a_init_5d_weak_s20260726
Actor gradient gate | passed=1 | safety_samples=177 | linear_positive_share=0.169 | angular_one_sided_share=0.701
Episode 416 complete | agent_samples=35045 | env_steps=14397 | episode_env_steps=48 | episode_agent_samples=115 | mean_reward=110.866 | success=5/5 | collision=0/5 | mean_final_distance=0.267 | mean_progress=0.0143 | min_laser=0.830 | mean_lin=0.995 | mean_ang=-0.188 | mean_robot_dist=inf | raw_reward=20.000 | adjusted_reward=20.000 | coop_agents=0/5 | mean_coop_neighbors=0.00 | active_neighbor_step_rate=0.626 | mean_active_neighbors_step=1.504 | max_active_neighbors_step=4 | interaction_reward=0.0000 | abs_interaction_reward=0.0000 | anti_stag_reward=0.0000 | abs_anti_stag_reward=0.0000 | wall_clear_reward=0.0000 | abs_wall_clear_reward=0.0000 | local_nav_reward=0.0000 | abs_local_nav_reward=0.0000 | robot_proximity_reward=-0.0514 | abs_robot_proximity_reward=0.0514 | robot_clearance_reward=0.0174 | context_neighbors_mean=1.55 | context_neighbors_max=4 | last_context_neighbors_mean=0.00 | last_context_neighbors_max=0 | actor_unlocked=1 | expl_noise=0.0710 | replay=35045 | interaction_replay=14834 | samples/sec=12.316
Actor gradient gate | passed=1 | safety_samples=166 | linear_positive_share=0.241 | angular_one_sided_share=0.795
Episode 417 complete | agent_samples=35108 | env_steps=14419 | episode_env_steps=22 | episode_agent_samples=63 | mean_reward=56.828 | success=4/5 | collision=1/5 | mean_final_distance=0.464 | mean_progress=0.0192 | min_laser=0.310 | mean_lin=0.994 | mean_ang=0.409 | mean_robot_dist=inf | raw_reward=20.000 | adjusted_reward=20.000 | coop_agents=0/5 | mean_coop_neighbors=0.00 | active_neighbor_step_rate=0.698 | mean_active_neighbors_step=1.603 | max_active_neighbors_step=4 | interaction_reward=0.0000 | abs_interaction_reward=0.0000 | anti_stag_reward=0.0000 | abs_anti_stag_reward=0.0000 | wall_clear_reward=0.0000 | abs_wall_clear_reward=0.0000 | local_nav_reward=0.0000 | abs_local_nav_reward=0.0000 | robot_proximity_reward=-1.1302 | abs_robot_proximity_reward=1.1302 | robot_clearance_reward=0.0317 | context_neighbors_mean=1.70 | context_neighbors_max=4 | last_context_neighbors_mean=0.00 | last_context_neighbors_max=0 | actor_unlocked=1 | expl_noise=0.0710 | replay=35108 | interaction_replay=14880 | samples/sec=12.316
Actor gradient gate | passed=1 | safety_samples=186 | linear_positive_share=0.306 | angular_one_sided_share=0.758
Episode 418 complete | agent_samples=35226 | env_steps=14496 | episode_env_steps=77 | episode_agent_samples=118 | mean_reward=29.140 | success=3/5 | collision=2/5 | mean_final_distance=0.377 | mean_progress=0.0171 | min_laser=0.312 | mean_lin=0.597 | mean_ang=0.589 | mean_robot_dist=inf | raw_reward=20.000 | adjusted_reward=20.000 | coop_agents=0/5 | mean_coop_neighbors=0.00 | active_neighbor_step_rate=0.458 | mean_active_neighbors_step=1.034 | max_active_neighbors_step=4 | interaction_reward=0.0000 | abs_interaction_reward=0.0000 | anti_stag_reward=0.0000 | abs_anti_stag_reward=0.0000 | wall_clear_reward=0.0000 | abs_wall_clear_reward=0.0000 | local_nav_reward=0.0000 | abs_local_nav_reward=0.0000 | robot_proximity_reward=-0.2495 | abs_robot_proximity_reward=0.2495 | robot_clearance_reward=0.0169 | context_neighbors_mean=1.06 | context_neighbors_max=4 | last_context_neighbors_mean=0.00 | last_context_neighbors_max=0 | actor_unlocked=1 | expl_noise=0.0709 | replay=35226 | interaction_replay=14935 | samples/sec=12.286
Actor gradient gate | passed=1 | safety_samples=174 | linear_positive_share=0.213 | angular_one_sided_share=0.810
Episode 419 complete | agent_samples=35299 | env_steps=14523 | episode_env_steps=27 | episode_agent_samples=73 | mean_reward=26.375 | success=3/5 | collision=2/5 | mean_final_distance=0.788 | mean_progress=0.0168 | min_laser=0.314 | mean_lin=0.804 | mean_ang=-0.262 | mean_robot_dist=inf | raw_reward=20.000 | adjusted_reward=20.000 | coop_agents=0/5 | mean_coop_neighbors=0.00 | active_neighbor_step_rate=0.753 | mean_active_neighbors_step=1.205 | max_active_neighbors_step=4 | interaction_reward=0.0000 | abs_interaction_reward=0.0000 | anti_stag_reward=0.0000 | abs_anti_stag_reward=0.0000 | wall_clear_reward=0.0000 | abs_wall_clear_reward=0.0000 | local_nav_reward=0.0000 | abs_local_nav_reward=0.0000 | robot_proximity_reward=-0.7483 | abs_robot_proximity_reward=0.7483 | robot_clearance_reward=0.0000 | context_neighbors_mean=1.21 | context_neighbors_max=4 | last_context_neighbors_mean=0.00 | last_context_neighbors_max=0 | actor_unlocked=1 | expl_noise=0.0709 | replay=35299 | interaction_replay=14951 | samples/sec=12.286
Actor gradient gate | passed=1 | safety_samples=181 | linear_positive_share=0.265 | angular_one_sided_share=0.762
Episode 420 complete | agent_samples=35348 | env_steps=14533 | episode_env_steps=10 | episode_agent_samples=49 | mean_reward=17.800 | success=3/5 | collision=2/5 | mean_final_distance=0.633 | mean_progress=0.0846 | min_laser=0.320 | mean_lin=0.999 | mean_ang=0.191 | mean_robot_dist=inf | raw_reward=-3.670 | adjusted_reward=-2.756 | coop_agents=3/5 | mean_coop_neighbors=1.60 | active_neighbor_step_rate=0.878 | mean_active_neighbors_step=2.857 | max_active_neighbors_step=4 | interaction_reward=0.0000 | abs_interaction_reward=0.0000 | anti_stag_reward=0.0000 | abs_anti_stag_reward=0.0000 | wall_clear_reward=0.0000 | abs_wall_clear_reward=0.0000 | local_nav_reward=0.0000 | abs_local_nav_reward=0.0000 | robot_proximity_reward=-1.2967 | abs_robot_proximity_reward=1.2967 | robot_clearance_reward=0.0000 | context_neighbors_mean=2.88 | context_neighbors_max=4 | last_context_neighbors_mean=0.00 | last_context_neighbors_max=0 | actor_unlocked=1 | expl_noise=0.0709 | replay=35348 | interaction_replay=14982 | samples/sec=12.293
Status | epoch=2 | next_eval_in=4652 agent_samples | checkpoint_every=10 episodes | checkpoint=./checkpoints/interaction_focused_actor_5a_init_5d_weak_s20260726_latest.pt | model=interaction_focused_actor_5a_init_5d_weak_s20260726
Checkpoint saved: ./checkpoints/interaction_focused_actor_5a_init_5d_weak_s20260726_latest.pt
Actor gradient gate | passed=1 | safety_samples=168 | linear_positive_share=0.208 | angular_one_sided_share=0.845
Episode 421 complete | agent_samples=35401 | env_steps=14556 | episode_env_steps=23 | episode_agent_samples=53 | mean_reward=22.235 | success=3/5 | collision=2/5 | mean_final_distance=0.470 | mean_progress=0.0099 | min_laser=0.300 | mean_lin=0.785 | mean_ang=-0.201 | mean_robot_dist=inf | raw_reward=20.000 | adjusted_reward=20.000 | coop_agents=0/5 | mean_coop_neighbors=0.00 | active_neighbor_step_rate=0.566 | mean_active_neighbors_step=1.642 | max_active_neighbors_step=4 | interaction_reward=0.0000 | abs_interaction_reward=0.0000 | anti_stag_reward=0.0000 | abs_anti_stag_reward=0.0000 | wall_clear_reward=0.0000 | abs_wall_clear_reward=0.0000 | local_nav_reward=0.0000 | abs_local_nav_reward=0.0000 | robot_proximity_reward=-0.9124 | abs_robot_proximity_reward=0.9124 | robot_clearance_reward=0.0000 | context_neighbors_mean=1.64 | context_neighbors_max=4 | last_context_neighbors_mean=0.00 | last_context_neighbors_max=0 | actor_unlocked=1 | expl_noise=0.0709 | replay=35401 | interaction_replay=15012 | samples/sec=12.286
Actor gradient gate | passed=1 | safety_samples=165 | linear_positive_share=0.297 | angular_one_sided_share=0.776
Episode 422 complete | agent_samples=35490 | env_steps=14584 | episode_env_steps=28 | episode_agent_samples=89 | mean_reward=82.752 | success=4/5 | collision=1/5 | mean_final_distance=0.577 | mean_progress=0.0180 | min_laser=0.316 | mean_lin=1.000 | mean_ang=-0.589 | mean_robot_dist=inf | raw_reward=20.000 | adjusted_reward=20.000 | coop_agents=0/5 | mean_coop_neighbors=0.00 | active_neighbor_step_rate=0.742 | mean_active_neighbors_step=1.865 | max_active_neighbors_step=4 | interaction_reward=0.0000 | abs_interaction_reward=0.0000 | anti_stag_reward=0.0000 | abs_anti_stag_reward=0.0000 | wall_clear_reward=0.0000 | abs_wall_clear_reward=0.0000 | local_nav_reward=0.0000 | abs_local_nav_reward=0.0000 | robot_proximity_reward=0.0000 | abs_robot_proximity_reward=0.0000 | robot_clearance_reward=0.0000 | context_neighbors_mean=1.88 | context_neighbors_max=4 | last_context_neighbors_mean=0.00 | last_context_neighbors_max=0 | actor_unlocked=1 | expl_noise=0.0709 | replay=35490 | interaction_replay=15032 | samples/sec=12.290
Actor gradient gate | passed=1 | safety_samples=186 | linear_positive_share=0.306 | angular_one_sided_share=0.774
Episode 423 complete | agent_samples=35542 | env_steps=14600 | episode_env_steps=16 | episode_agent_samples=52 | mean_reward=-14.921 | success=2/5 | collision=3/5 | mean_final_distance=0.840 | mean_progress=0.0160 | min_laser=0.300 | mean_lin=0.717 | mean_ang=-0.312 | mean_robot_dist=inf | raw_reward=20.000 | adjusted_reward=20.000 | coop_agents=0/5 | mean_coop_neighbors=0.00 | active_neighbor_step_rate=0.692 | mean_active_neighbors_step=1.769 | max_active_neighbors_step=4 | interaction_reward=0.0000 | abs_interaction_reward=0.0000 | anti_stag_reward=0.0000 | abs_anti_stag_reward=0.0000 | wall_clear_reward=0.0000 | abs_wall_clear_reward=0.0000 | local_nav_reward=0.0000 | abs_local_nav_reward=0.0000 | robot_proximity_reward=-0.6585 | abs_robot_proximity_reward=0.6585 | robot_clearance_reward=0.0542 | context_neighbors_mean=1.79 | context_neighbors_max=4 | last_context_neighbors_mean=0.00 | last_context_neighbors_max=0 | actor_unlocked=1 | expl_noise=0.0709 | replay=35542 | interaction_replay=15051 | samples/sec=12.293
Actor gradient gate | passed=1 | safety_samples=193 | linear_positive_share=0.269 | angular_one_sided_share=0.741
Episode 424 complete | agent_samples=35619 | env_steps=14621 | episode_env_steps=21 | episode_agent_samples=77 | mean_reward=68.668 | success=4/5 | collision=1/5 | mean_final_distance=0.676 | mean_progress=0.0267 | min_laser=0.300 | mean_lin=0.803 | mean_ang=-0.103 | mean_robot_dist=inf | raw_reward=40.000 | adjusted_reward=40.000 | coop_agents=1/5 | mean_coop_neighbors=0.20 | active_neighbor_step_rate=0.831 | mean_active_neighbors_step=1.753 | max_active_neighbors_step=4 | interaction_reward=0.0000 | abs_interaction_reward=0.0000 | anti_stag_reward=0.0000 | abs_anti_stag_reward=0.0000 | wall_clear_reward=0.0000 | abs_wall_clear_reward=0.0000 | local_nav_reward=0.0000 | abs_local_nav_reward=0.0000 | robot_proximity_reward=-0.0168 | abs_robot_proximity_reward=0.0168 | robot_clearance_reward=0.0000 | context_neighbors_mean=1.77 | context_neighbors_max=4 | last_context_neighbors_mean=0.00 | last_context_neighbors_max=0 | actor_unlocked=1 | expl_noise=0.0709 | replay=35619 | interaction_replay=15063 | samples/sec=12.299
Actor gradient gate | passed=1 | safety_samples=188 | linear_positive_share=0.271 | angular_one_sided_share=0.697
Episode 425 complete | agent_samples=35718 | env_steps=14673 | episode_env_steps=52 | episode_agent_samples=99 | mean_reward=95.423 | success=5/5 | collision=0/5 | mean_final_distance=0.260 | mean_progress=0.0054 | min_laser=0.521 | mean_lin=0.647 | mean_ang=-0.186 | mean_robot_dist=inf | raw_reward=20.000 | adjusted_reward=20.000 | coop_agents=0/5 | mean_coop_neighbors=0.00 | active_neighbor_step_rate=0.535 | mean_active_neighbors_step=1.444 | max_active_neighbors_step=4 | interaction_reward=0.0000 | abs_interaction_reward=0.0000 | anti_stag_reward=0.0000 | abs_anti_stag_reward=0.0000 | wall_clear_reward=0.0000 | abs_wall_clear_reward=0.0000 | local_nav_reward=0.0000 | abs_local_nav_reward=0.0000 | robot_proximity_reward=-0.3159 | abs_robot_proximity_reward=0.3159 | robot_clearance_reward=0.0720 | context_neighbors_mean=1.48 | context_neighbors_max=4 | last_context_neighbors_mean=0.00 | last_context_neighbors_max=0 | actor_unlocked=1 | expl_noise=0.0708 | replay=35718 | interaction_replay=15116 | samples/sec=12.285
Status | epoch=2 | next_eval_in=4282 agent_samples | checkpoint_every=10 episodes | checkpoint=./checkpoints/interaction_focused_actor_5a_init_5d_weak_s20260726_latest.pt | model=interaction_focused_actor_5a_init_5d_weak_s20260726
Actor gradient gate | passed=1 | safety_samples=168 | linear_positive_share=0.280 | angular_one_sided_share=0.762
Episode 426 complete | agent_samples=35789 | env_steps=14705 | episode_env_steps=32 | episode_agent_samples=71 | mean_reward=77.565 | success=4/5 | collision=1/5 | mean_final_distance=0.545 | mean_progress=0.0117 | min_laser=0.325 | mean_lin=0.994 | mean_ang=0.484 | mean_robot_dist=inf | raw_reward=20.000 | adjusted_reward=20.000 | coop_agents=0/5 | mean_coop_neighbors=0.00 | active_neighbor_step_rate=0.676 | mean_active_neighbors_step=1.845 | max_active_neighbors_step=4 | interaction_reward=0.0000 | abs_interaction_reward=0.0000 | anti_stag_reward=0.0000 | abs_anti_stag_reward=0.0000 | wall_clear_reward=0.0000 | abs_wall_clear_reward=0.0000 | local_nav_reward=0.0000 | abs_local_nav_reward=0.0000 | robot_proximity_reward=0.0000 | abs_robot_proximity_reward=0.0000 | robot_clearance_reward=0.0000 | context_neighbors_mean=1.85 | context_neighbors_max=4 | last_context_neighbors_mean=0.00 | last_context_neighbors_max=0 | actor_unlocked=1 | expl_noise=0.0708 | replay=35789 | interaction_replay=15132 | samples/sec=12.280
Actor gradient gate | passed=1 | safety_samples=175 | linear_positive_share=0.240 | angular_one_sided_share=0.794
Episode 427 complete | agent_samples=35840 | env_steps=14724 | episode_env_steps=19 | episode_agent_samples=51 | mean_reward=31.193 | success=3/5 | collision=2/5 | mean_final_distance=0.815 | mean_progress=0.0200 | min_laser=0.300 | mean_lin=0.600 | mean_ang=-0.203 | mean_robot_dist=inf | raw_reward=20.000 | adjusted_reward=20.000 | coop_agents=0/5 | mean_coop_neighbors=0.00 | active_neighbor_step_rate=0.627 | mean_active_neighbors_step=0.980 | max_active_neighbors_step=3 | interaction_reward=0.0000 | abs_interaction_reward=0.0000 | anti_stag_reward=0.0000 | abs_anti_stag_reward=0.0000 | wall_clear_reward=0.0000 | abs_wall_clear_reward=0.0000 | local_nav_reward=0.0000 | abs_local_nav_reward=0.0000 | robot_proximity_reward=-0.6497 | abs_robot_proximity_reward=0.6497 | robot_clearance_reward=0.0000 | context_neighbors_mean=0.96 | context_neighbors_max=3 | last_context_neighbors_mean=0.00 | last_context_neighbors_max=0 | actor_unlocked=1 | expl_noise=0.0708 | replay=35840 | interaction_replay=15144 | samples/sec=12.279
Actor gradient gate | passed=1 | safety_samples=188 | linear_positive_share=0.266 | angular_one_sided_share=0.718
Episode 428 complete | agent_samples=35887 | env_steps=14735 | episode_env_steps=11 | episode_agent_samples=47 | mean_reward=22.617 | success=3/5 | collision=2/5 | mean_final_distance=0.433 | mean_progress=0.0232 | min_laser=0.306 | mean_lin=0.999 | mean_ang=0.598 | mean_robot_dist=inf | raw_reward=-20.000 | adjusted_reward=-20.000 | coop_agents=0/5 | mean_coop_neighbors=0.00 | active_neighbor_step_rate=0.872 | mean_active_neighbors_step=2.489 | max_active_neighbors_step=4 | interaction_reward=0.0000 | abs_interaction_reward=0.0000 | anti_stag_reward=0.0000 | abs_anti_stag_reward=0.0000 | wall_clear_reward=0.0000 | abs_wall_clear_reward=0.0000 | local_nav_reward=0.0000 | abs_local_nav_reward=0.0000 | robot_proximity_reward=-1.7684 | abs_robot_proximity_reward=1.7684 | robot_clearance_reward=0.0000 | context_neighbors_mean=2.60 | context_neighbors_max=4 | last_context_neighbors_mean=0.00 | last_context_neighbors_max=0 | actor_unlocked=1 | expl_noise=0.0708 | replay=35887 | interaction_replay=15187 | samples/sec=12.284
Actor gradient gate | passed=1 | safety_samples=167 | linear_positive_share=0.281 | angular_one_sided_share=0.790
Episode 429 complete | agent_samples=35950 | env_steps=14757 | episode_env_steps=22 | episode_agent_samples=63 | mean_reward=23.398 | success=3/5 | collision=2/5 | mean_final_distance=0.525 | mean_progress=0.0254 | min_laser=0.300 | mean_lin=0.988 | mean_ang=-0.152 | mean_robot_dist=inf | raw_reward=20.000 | adjusted_reward=20.000 | coop_agents=0/5 | mean_coop_neighbors=0.00 | active_neighbor_step_rate=0.857 | mean_active_neighbors_step=2.286 | max_active_neighbors_step=4 | interaction_reward=0.0000 | abs_interaction_reward=0.0000 | anti_stag_reward=0.0000 | abs_anti_stag_reward=0.0000 | wall_clear_reward=0.0000 | abs_wall_clear_reward=0.0000 | local_nav_reward=0.0000 | abs_local_nav_reward=0.0000 | robot_proximity_reward=-0.6810 | abs_robot_proximity_reward=0.6810 | robot_clearance_reward=0.0000 | context_neighbors_mean=2.29 | context_neighbors_max=4 | last_context_neighbors_mean=0.00 | last_context_neighbors_max=0 | actor_unlocked=1 | expl_noise=0.0708 | replay=35950 | interaction_replay=15215 | samples/sec=12.285
Actor gradient gate | passed=1 | safety_samples=160 | linear_positive_share=0.319 | angular_one_sided_share=0.794
Episode 430 complete | agent_samples=36014 | env_steps=14776 | episode_env_steps=19 | episode_agent_samples=64 | mean_reward=64.578 | success=4/5 | collision=1/5 | mean_final_distance=0.442 | mean_progress=0.0429 | min_laser=0.334 | mean_lin=0.787 | mean_ang=-0.193 | mean_robot_dist=inf | raw_reward=40.000 | adjusted_reward=40.000 | coop_agents=0/5 | mean_coop_neighbors=0.00 | active_neighbor_step_rate=0.719 | mean_active_neighbors_step=1.906 | max_active_neighbors_step=4 | interaction_reward=0.0000 | abs_interaction_reward=0.0000 | anti_stag_reward=0.0000 | abs_anti_stag_reward=0.0000 | wall_clear_reward=0.0000 | abs_wall_clear_reward=0.0000 | local_nav_reward=0.0000 | abs_local_nav_reward=0.0000 | robot_proximity_reward=-1.3393 | abs_robot_proximity_reward=1.3393 | robot_clearance_reward=0.0409 | context_neighbors_mean=1.97 | context_neighbors_max=4 | last_context_neighbors_mean=0.00 | last_context_neighbors_max=0 | actor_unlocked=1 | expl_noise=0.0708 | replay=36014 | interaction_replay=15263 | samples/sec=12.289
Status | epoch=2 | next_eval_in=3986 agent_samples | checkpoint_every=10 episodes | checkpoint=./checkpoints/interaction_focused_actor_5a_init_5d_weak_s20260726_latest.pt | model=interaction_focused_actor_5a_init_5d_weak_s20260726
Checkpoint saved: ./checkpoints/interaction_focused_actor_5a_init_5d_weak_s20260726_latest.pt
Actor gradient gate | passed=1 | safety_samples=169 | linear_positive_share=0.225 | angular_one_sided_share=0.751
Episode 431 complete | agent_samples=36245 | env_steps=14929 | episode_env_steps=153 | episode_agent_samples=231 | mean_reward=103.919 | success=5/5 | collision=0/5 | mean_final_distance=0.254 | mean_progress=0.0047 | min_laser=0.557 | mean_lin=0.949 | mean_ang=0.201 | mean_robot_dist=inf | raw_reward=20.000 | adjusted_reward=20.000 | coop_agents=0/5 | mean_coop_neighbors=0.00 | active_neighbor_step_rate=0.355 | mean_active_neighbors_step=0.645 | max_active_neighbors_step=4 | interaction_reward=0.0000 | abs_interaction_reward=0.0000 | anti_stag_reward=0.0000 | abs_anti_stag_reward=0.0000 | wall_clear_reward=0.0000 | abs_wall_clear_reward=0.0000 | local_nav_reward=0.0000 | abs_local_nav_reward=0.0000 | robot_proximity_reward=-0.1019 | abs_robot_proximity_reward=0.1019 | robot_clearance_reward=0.0241 | context_neighbors_mean=0.67 | context_neighbors_max=4 | last_context_neighbors_mean=0.00 | last_context_neighbors_max=0 | actor_unlocked=1 | expl_noise=0.0707 | replay=36245 | interaction_replay=15306 | samples/sec=12.226
Actor gradient gate | passed=1 | safety_samples=180 | linear_positive_share=0.339 | angular_one_sided_share=0.789
Episode 432 complete | agent_samples=36297 | env_steps=14945 | episode_env_steps=16 | episode_agent_samples=52 | mean_reward=31.806 | success=3/5 | collision=2/5 | mean_final_distance=0.468 | mean_progress=0.0212 | min_laser=0.301 | mean_lin=0.924 | mean_ang=0.184 | mean_robot_dist=inf | raw_reward=20.000 | adjusted_reward=20.000 | coop_agents=0/5 | mean_coop_neighbors=0.00 | active_neighbor_step_rate=0.808 | mean_active_neighbors_step=2.288 | max_active_neighbors_step=4 | interaction_reward=0.0000 | abs_interaction_reward=0.0000 | anti_stag_reward=0.0000 | abs_anti_stag_reward=0.0000 | wall_clear_reward=0.0000 | abs_wall_clear_reward=0.0000 | local_nav_reward=0.0000 | abs_local_nav_reward=0.0000 | robot_proximity_reward=-0.7326 | abs_robot_proximity_reward=0.7326 | robot_clearance_reward=0.0000 | context_neighbors_mean=2.33 | context_neighbors_max=4 | last_context_neighbors_mean=0.00 | last_context_neighbors_max=0 | actor_unlocked=1 | expl_noise=0.0707 | replay=36297 | interaction_replay=15345 | samples/sec=12.228
Actor gradient gate | passed=1 | safety_samples=169 | linear_positive_share=0.278 | angular_one_sided_share=0.757
Episode 433 complete | agent_samples=36395 | env_steps=14984 | episode_env_steps=39 | episode_agent_samples=98 | mean_reward=114.418 | success=5/5 | collision=0/5 | mean_final_distance=0.271 | mean_progress=0.0172 | min_laser=0.452 | mean_lin=0.809 | mean_ang=-0.190 | mean_robot_dist=inf | raw_reward=20.000 | adjusted_reward=20.000 | coop_agents=0/5 | mean_coop_neighbors=0.00 | active_neighbor_step_rate=0.510 | mean_active_neighbors_step=1.276 | max_active_neighbors_step=4 | interaction_reward=0.0000 | abs_interaction_reward=0.0000 | anti_stag_reward=0.0000 | abs_anti_stag_reward=0.0000 | wall_clear_reward=0.0000 | abs_wall_clear_reward=0.0000 | local_nav_reward=0.0000 | abs_local_nav_reward=0.0000 | robot_proximity_reward=-0.5540 | abs_robot_proximity_reward=0.5540 | robot_clearance_reward=0.1003 | context_neighbors_mean=1.29 | context_neighbors_max=4 | last_context_neighbors_mean=0.00 | last_context_neighbors_max=0 | actor_unlocked=1 | expl_noise=0.0706 | replay=36395 | interaction_replay=15384 | samples/sec=12.226
Actor gradient gate | passed=1 | safety_samples=171 | linear_positive_share=0.287 | angular_one_sided_share=0.795
Episode 434 complete | agent_samples=36476 | env_steps=15020 | episode_env_steps=36 | episode_agent_samples=81 | mean_reward=80.300 | success=4/5 | collision=1/5 | mean_final_distance=0.514 | mean_progress=0.0193 | min_laser=0.334 | mean_lin=0.778 | mean_ang=0.087 | mean_robot_dist=inf | raw_reward=20.000 | adjusted_reward=20.000 | coop_agents=0/5 | mean_coop_neighbors=0.00 | active_neighbor_step_rate=0.667 | mean_active_neighbors_step=1.358 | max_active_neighbors_step=4 | interaction_reward=0.0000 | abs_interaction_reward=0.0000 | anti_stag_reward=0.0000 | abs_anti_stag_reward=0.0000 | wall_clear_reward=0.0000 | abs_wall_clear_reward=0.0000 | local_nav_reward=0.0000 | abs_local_nav_reward=0.0000 | robot_proximity_reward=-0.3492 | abs_robot_proximity_reward=0.3492 | robot_clearance_reward=0.0247 | context_neighbors_mean=1.38 | context_neighbors_max=4 | last_context_neighbors_mean=0.00 | last_context_neighbors_max=0 | actor_unlocked=1 | expl_noise=0.0706 | replay=36476 | interaction_replay=15403 | samples/sec=12.221
Actor gradient gate | passed=1 | safety_samples=174 | linear_positive_share=0.270 | angular_one_sided_share=0.741
Episode 435 complete | agent_samples=36555 | env_steps=15048 | episode_env_steps=28 | episode_agent_samples=79 | mean_reward=116.481 | success=5/5 | collision=0/5 | mean_final_distance=0.279 | mean_progress=0.0097 | min_laser=0.549 | mean_lin=0.975 | mean_ang=0.190 | mean_robot_dist=inf | raw_reward=20.000 | adjusted_reward=20.000 | coop_agents=0/5 | mean_coop_neighbors=0.00 | active_neighbor_step_rate=0.544 | mean_active_neighbors_step=1.506 | max_active_neighbors_step=4 | interaction_reward=0.0000 | abs_interaction_reward=0.0000 | anti_stag_reward=0.0000 | abs_anti_stag_reward=0.0000 | wall_clear_reward=0.0000 | abs_wall_clear_reward=0.0000 | local_nav_reward=0.0000 | abs_local_nav_reward=0.0000 | robot_proximity_reward=-0.0350 | abs_robot_proximity_reward=0.0350 | robot_clearance_reward=0.0054 | context_neighbors_mean=1.51 | context_neighbors_max=4 | last_context_neighbors_mean=0.00 | last_context_neighbors_max=0 | actor_unlocked=1 | expl_noise=0.0706 | replay=36555 | interaction_replay=15422 | samples/sec=12.222
Status | epoch=2 | next_eval_in=3445 agent_samples | checkpoint_every=10 episodes | checkpoint=./checkpoints/interaction_focused_actor_5a_init_5d_weak_s20260726_latest.pt | model=interaction_focused_actor_5a_init_5d_weak_s20260726
Actor gradient gate | passed=1 | safety_samples=185 | linear_positive_share=0.319 | angular_one_sided_share=0.724
Episode 436 complete | agent_samples=36606 | env_steps=15060 | episode_env_steps=12 | episode_agent_samples=51 | mean_reward=58.487 | success=4/5 | collision=1/5 | mean_final_distance=0.260 | mean_progress=0.0301 | min_laser=0.324 | mean_lin=0.787 | mean_ang=0.056 | mean_robot_dist=0.568 | raw_reward=-2.305 | adjusted_reward=-2.305 | coop_agents=2/5 | mean_coop_neighbors=0.40 | active_neighbor_step_rate=0.922 | mean_active_neighbors_step=2.098 | max_active_neighbors_step=4 | interaction_reward=0.0000 | abs_interaction_reward=0.0000 | anti_stag_reward=0.0000 | abs_anti_stag_reward=0.0000 | wall_clear_reward=0.0000 | abs_wall_clear_reward=0.0000 | local_nav_reward=0.0000 | abs_local_nav_reward=0.0000 | robot_proximity_reward=-1.3033 | abs_robot_proximity_reward=1.3033 | robot_clearance_reward=0.1024 | context_neighbors_mean=2.14 | context_neighbors_max=4 | last_context_neighbors_mean=0.00 | last_context_neighbors_max=0 | actor_unlocked=1 | expl_noise=0.0706 | replay=36606 | interaction_replay=15470 | samples/sec=12.228
Actor gradient gate | passed=1 | safety_samples=188 | linear_positive_share=0.303 | angular_one_sided_share=0.787
Episode 437 complete | agent_samples=36667 | env_steps=15077 | episode_env_steps=17 | episode_agent_samples=61 | mean_reward=63.716 | success=4/5 | collision=1/5 | mean_final_distance=0.279 | mean_progress=0.0123 | min_laser=0.319 | mean_lin=0.793 | mean_ang=-0.209 | mean_robot_dist=inf | raw_reward=20.000 | adjusted_reward=20.000 | coop_agents=0/5 | mean_coop_neighbors=0.00 | active_neighbor_step_rate=0.885 | mean_active_neighbors_step=2.213 | max_active_neighbors_step=4 | interaction_reward=0.0000 | abs_interaction_reward=0.0000 | anti_stag_reward=0.0000 | abs_anti_stag_reward=0.0000 | wall_clear_reward=0.0000 | abs_wall_clear_reward=0.0000 | local_nav_reward=0.0000 | abs_local_nav_reward=0.0000 | robot_proximity_reward=-0.9041 | abs_robot_proximity_reward=0.9041 | robot_clearance_reward=0.0328 | context_neighbors_mean=2.28 | context_neighbors_max=4 | last_context_neighbors_mean=0.00 | last_context_neighbors_max=0 | actor_unlocked=1 | expl_noise=0.0706 | replay=36667 | interaction_replay=15516 | samples/sec=12.232
Actor gradient gate | passed=1 | safety_samples=164 | linear_positive_share=0.323 | angular_one_sided_share=0.750
Episode 438 complete | agent_samples=36806 | env_steps=15147 | episode_env_steps=70 | episode_agent_samples=139 | mean_reward=13.872 | success=3/5 | collision=2/5 | mean_final_distance=0.418 | mean_progress=0.0193 | min_laser=0.301 | mean_lin=0.803 | mean_ang=-0.308 | mean_robot_dist=inf | raw_reward=20.000 | adjusted_reward=20.000 | coop_agents=0/5 | mean_coop_neighbors=0.00 | active_neighbor_step_rate=0.547 | mean_active_neighbors_step=1.151 | max_active_neighbors_step=4 | interaction_reward=0.0000 | abs_interaction_reward=0.0000 | anti_stag_reward=0.0000 | abs_anti_stag_reward=0.0000 | wall_clear_reward=0.0000 | abs_wall_clear_reward=0.0000 | local_nav_reward=0.0000 | abs_local_nav_reward=0.0000 | robot_proximity_reward=-0.7424 | abs_robot_proximity_reward=0.7424 | robot_clearance_reward=0.0470 | context_neighbors_mean=1.19 | context_neighbors_max=4 | last_context_neighbors_mean=0.00 | last_context_neighbors_max=0 | actor_unlocked=1 | expl_noise=0.0705 | replay=36806 | interaction_replay=15582 | samples/sec=12.217
Actor gradient gate | passed=1 | safety_samples=182 | linear_positive_share=0.286 | angular_one_sided_share=0.791
Episode 439 complete | agent_samples=36847 | env_steps=15158 | episode_env_steps=11 | episode_agent_samples=41 | mean_reward=25.679 | success=3/5 | collision=2/5 | mean_final_distance=0.513 | mean_progress=0.0409 | min_laser=0.300 | mean_lin=0.942 | mean_ang=0.294 | mean_robot_dist=inf | raw_reward=39.905 | adjusted_reward=39.924 | coop_agents=1/5 | mean_coop_neighbors=0.20 | active_neighbor_step_rate=0.878 | mean_active_neighbors_step=2.146 | max_active_neighbors_step=4 | interaction_reward=0.0000 | abs_interaction_reward=0.0000 | anti_stag_reward=0.0000 | abs_anti_stag_reward=0.0000 | wall_clear_reward=0.0000 | abs_wall_clear_reward=0.0000 | local_nav_reward=0.0000 | abs_local_nav_reward=0.0000 | robot_proximity_reward=-0.7795 | abs_robot_proximity_reward=0.7795 | robot_clearance_reward=0.0000 | context_neighbors_mean=2.17 | context_neighbors_max=4 | last_context_neighbors_mean=0.00 | last_context_neighbors_max=0 | actor_unlocked=1 | expl_noise=0.0705 | replay=36847 | interaction_replay=15616 | samples/sec=12.220
Actor gradient gate | passed=1 | safety_samples=196 | linear_positive_share=0.250 | angular_one_sided_share=0.724
Episode 440 complete | agent_samples=36921 | env_steps=15185 | episode_env_steps=27 | episode_agent_samples=74 | mean_reward=31.172 | success=3/5 | collision=2/5 | mean_final_distance=0.541 | mean_progress=0.0130 | min_laser=0.300 | mean_lin=0.995 | mean_ang=-0.917 | mean_robot_dist=inf | raw_reward=20.000 | adjusted_reward=20.000 | coop_agents=0/5 | mean_coop_neighbors=0.00 | active_neighbor_step_rate=0.703 | mean_active_neighbors_step=1.581 | max_active_neighbors_step=4 | interaction_reward=0.0000 | abs_interaction_reward=0.0000 | anti_stag_reward=0.0000 | abs_anti_stag_reward=0.0000 | wall_clear_reward=0.0000 | abs_wall_clear_reward=0.0000 | local_nav_reward=0.0000 | abs_local_nav_reward=0.0000 | robot_proximity_reward=-0.4238 | abs_robot_proximity_reward=0.4238 | robot_clearance_reward=0.0000 | context_neighbors_mean=1.59 | context_neighbors_max=4 | last_context_neighbors_mean=0.00 | last_context_neighbors_max=0 | actor_unlocked=1 | expl_noise=0.0705 | replay=36921 | interaction_replay=15638 | samples/sec=12.220
Status | epoch=2 | next_eval_in=3079 agent_samples | checkpoint_every=10 episodes | checkpoint=./checkpoints/interaction_focused_actor_5a_init_5d_weak_s20260726_latest.pt | model=interaction_focused_actor_5a_init_5d_weak_s20260726
Checkpoint saved: ./checkpoints/interaction_focused_actor_5a_init_5d_weak_s20260726_latest.pt
Actor gradient gate | passed=1 | safety_samples=180 | linear_positive_share=0.289 | angular_one_sided_share=0.694
Episode 441 complete | agent_samples=36989 | env_steps=15218 | episode_env_steps=33 | episode_agent_samples=68 | mean_reward=6.023 | success=3/5 | collision=2/5 | mean_final_distance=1.034 | mean_progress=0.0072 | min_laser=0.315 | mean_lin=0.996 | mean_ang=-0.590 | mean_robot_dist=inf | raw_reward=20.000 | adjusted_reward=20.000 | coop_agents=0/5 | mean_coop_neighbors=0.00 | active_neighbor_step_rate=0.676 | mean_active_neighbors_step=1.706 | max_active_neighbors_step=4 | interaction_reward=0.0000 | abs_interaction_reward=0.0000 | anti_stag_reward=0.0000 | abs_anti_stag_reward=0.0000 | wall_clear_reward=0.0000 | abs_wall_clear_reward=0.0000 | local_nav_reward=0.0000 | abs_local_nav_reward=0.0000 | robot_proximity_reward=-1.0298 | abs_robot_proximity_reward=1.0298 | robot_clearance_reward=0.0000 | context_neighbors_mean=1.71 | context_neighbors_max=4 | last_context_neighbors_mean=0.00 | last_context_neighbors_max=0 | actor_unlocked=1 | expl_noise=0.0705 | replay=36989 | interaction_replay=15657 | samples/sec=12.210
Actor gradient gate | passed=1 | safety_samples=183 | linear_positive_share=0.251 | angular_one_sided_share=0.683
Episode 442 complete | agent_samples=37057 | env_steps=15238 | episode_env_steps=20 | episode_agent_samples=68 | mean_reward=117.093 | success=5/5 | collision=0/5 | mean_final_distance=0.257 | mean_progress=0.0228 | min_laser=0.431 | mean_lin=0.981 | mean_ang=-0.194 | mean_robot_dist=inf | raw_reward=20.000 | adjusted_reward=20.000 | coop_agents=0/5 | mean_coop_neighbors=0.00 | active_neighbor_step_rate=0.809 | mean_active_neighbors_step=1.706 | max_active_neighbors_step=4 | interaction_reward=0.0000 | abs_interaction_reward=0.0000 | anti_stag_reward=0.0000 | abs_anti_stag_reward=0.0000 | wall_clear_reward=0.0000 | abs_wall_clear_reward=0.0000 | local_nav_reward=0.0000 | abs_local_nav_reward=0.0000 | robot_proximity_reward=-1.0420 | abs_robot_proximity_reward=1.0420 | robot_clearance_reward=0.1226 | context_neighbors_mean=1.79 | context_neighbors_max=4 | last_context_neighbors_mean=0.00 | last_context_neighbors_max=0 | actor_unlocked=1 | expl_noise=0.0705 | replay=37057 | interaction_replay=15709 | samples/sec=12.214
Actor gradient gate | passed=1 | safety_samples=175 | linear_positive_share=0.309 | angular_one_sided_share=0.703
Episode 443 complete | agent_samples=37120 | env_steps=15259 | episode_env_steps=21 | episode_agent_samples=63 | mean_reward=107.478 | success=5/5 | collision=0/5 | mean_final_distance=0.250 | mean_progress=0.0207 | min_laser=0.375 | mean_lin=0.995 | mean_ang=0.125 | mean_robot_dist=inf | raw_reward=20.000 | adjusted_reward=20.000 | coop_agents=0/5 | mean_coop_neighbors=0.00 | active_neighbor_step_rate=0.698 | mean_active_neighbors_step=1.841 | max_active_neighbors_step=4 | interaction_reward=0.0000 | abs_interaction_reward=0.0000 | anti_stag_reward=0.0000 | abs_anti_stag_reward=0.0000 | wall_clear_reward=0.0000 | abs_wall_clear_reward=0.0000 | local_nav_reward=0.0000 | abs_local_nav_reward=0.0000 | robot_proximity_reward=-0.8442 | abs_robot_proximity_reward=0.8442 | robot_clearance_reward=0.0906 | context_neighbors_mean=1.94 | context_neighbors_max=4 | last_context_neighbors_mean=0.00 | last_context_neighbors_max=0 | actor_unlocked=1 | expl_noise=0.0705 | replay=37120 | interaction_replay=15750 | samples/sec=12.216
Actor gradient gate | passed=1 | safety_samples=182 | linear_positive_share=0.198 | angular_one_sided_share=0.736
Episode 444 complete | agent_samples=37170 | env_steps=15272 | episode_env_steps=13 | episode_agent_samples=50 | mean_reward=24.224 | success=3/5 | collision=2/5 | mean_final_distance=0.424 | mean_progress=0.0095 | min_laser=0.300 | mean_lin=0.206 | mean_ang=-0.950 | mean_robot_dist=inf | raw_reward=20.000 | adjusted_reward=20.000 | coop_agents=0/5 | mean_coop_neighbors=0.00 | active_neighbor_step_rate=0.920 | mean_active_neighbors_step=2.160 | max_active_neighbors_step=4 | interaction_reward=0.0000 | abs_interaction_reward=0.0000 | anti_stag_reward=0.0000 | abs_anti_stag_reward=0.0000 | wall_clear_reward=0.0000 | abs_wall_clear_reward=0.0000 | local_nav_reward=0.0000 | abs_local_nav_reward=0.0000 | robot_proximity_reward=-0.6340 | abs_robot_proximity_reward=0.6340 | robot_clearance_reward=0.0000 | context_neighbors_mean=2.12 | context_neighbors_max=4 | last_context_neighbors_mean=0.00 | last_context_neighbors_max=0 | actor_unlocked=1 | expl_noise=0.0705 | replay=37170 | interaction_replay=15795 | samples/sec=12.221
Actor gradient gate | passed=1 | safety_samples=157 | linear_positive_share=0.280 | angular_one_sided_share=0.707
Episode 445 complete | agent_samples=37258 | env_steps=15314 | episode_env_steps=42 | episode_agent_samples=88 | mean_reward=26.965 | success=3/5 | collision=2/5 | mean_final_distance=0.825 | mean_progress=0.0050 | min_laser=0.300 | mean_lin=0.990 | mean_ang=-0.162 | mean_robot_dist=inf | raw_reward=20.000 | adjusted_reward=20.000 | coop_agents=0/5 | mean_coop_neighbors=0.00 | active_neighbor_step_rate=0.239 | mean_active_neighbors_step=0.375 | max_active_neighbors_step=4 | interaction_reward=0.0000 | abs_interaction_reward=0.0000 | anti_stag_reward=0.0000 | abs_anti_stag_reward=0.0000 | wall_clear_reward=0.0000 | abs_wall_clear_reward=0.0000 | local_nav_reward=0.0000 | abs_local_nav_reward=0.0000 | robot_proximity_reward=-0.5726 | abs_robot_proximity_reward=0.5726 | robot_clearance_reward=0.0000 | context_neighbors_mean=0.36 | context_neighbors_max=4 | last_context_neighbors_mean=0.00 | last_context_neighbors_max=0 | actor_unlocked=1 | expl_noise=0.0704 | replay=37258 | interaction_replay=15803 | samples/sec=12.213
Status | epoch=2 | next_eval_in=2742 agent_samples | checkpoint_every=10 episodes | checkpoint=./checkpoints/interaction_focused_actor_5a_init_5d_weak_s20260726_latest.pt | model=interaction_focused_actor_5a_init_5d_weak_s20260726
Actor gradient gate | passed=1 | safety_samples=187 | linear_positive_share=0.348 | angular_one_sided_share=0.786
Episode 446 complete | agent_samples=37309 | env_steps=15327 | episode_env_steps=13 | episode_agent_samples=51 | mean_reward=25.352 | success=3/5 | collision=2/5 | mean_final_distance=0.481 | mean_progress=0.0183 | min_laser=0.300 | mean_lin=0.710 | mean_ang=0.046 | mean_robot_dist=inf | raw_reward=20.000 | adjusted_reward=20.000 | coop_agents=0/5 | mean_coop_neighbors=0.00 | active_neighbor_step_rate=0.765 | mean_active_neighbors_step=2.471 | max_active_neighbors_step=4 | interaction_reward=0.0000 | abs_interaction_reward=0.0000 | anti_stag_reward=0.0000 | abs_anti_stag_reward=0.0000 | wall_clear_reward=0.0000 | abs_wall_clear_reward=0.0000 | local_nav_reward=0.0000 | abs_local_nav_reward=0.0000 | robot_proximity_reward=-0.9821 | abs_robot_proximity_reward=0.9821 | robot_clearance_reward=0.0000 | context_neighbors_mean=2.57 | context_neighbors_max=4 | last_context_neighbors_mean=0.00 | last_context_neighbors_max=0 | actor_unlocked=1 | expl_noise=0.0704 | replay=37309 | interaction_replay=15841 | samples/sec=12.217
Actor gradient gate | passed=1 | safety_samples=183 | linear_positive_share=0.333 | angular_one_sided_share=0.749
Episode 447 complete | agent_samples=37411 | env_steps=15358 | episode_env_steps=31 | episode_agent_samples=102 | mean_reward=33.629 | success=3/5 | collision=2/5 | mean_final_distance=0.525 | mean_progress=0.0088 | min_laser=0.302 | mean_lin=0.804 | mean_ang=-0.203 | mean_robot_dist=inf | raw_reward=20.000 | adjusted_reward=20.000 | coop_agents=0/5 | mean_coop_neighbors=0.00 | active_neighbor_step_rate=0.794 | mean_active_neighbors_step=2.127 | max_active_neighbors_step=4 | interaction_reward=0.0000 | abs_interaction_reward=0.0000 | anti_stag_reward=0.0000 | abs_anti_stag_reward=0.0000 | wall_clear_reward=0.0000 | abs_wall_clear_reward=0.0000 | local_nav_reward=0.0000 | abs_local_nav_reward=0.0000 | robot_proximity_reward=-0.3774 | abs_robot_proximity_reward=0.3774 | robot_clearance_reward=0.0000 | context_neighbors_mean=2.15 | context_neighbors_max=4 | last_context_neighbors_mean=0.00 | last_context_neighbors_max=0 | actor_unlocked=1 | expl_noise=0.0704 | replay=37411 | interaction_replay=15859 | samples/sec=12.223
Actor gradient gate | passed=1 | safety_samples=181 | linear_positive_share=0.315 | angular_one_sided_share=0.773
Episode 448 complete | agent_samples=37483 | env_steps=15378 | episode_env_steps=20 | episode_agent_samples=72 | mean_reward=12.371 | success=3/5 | collision=2/5 | mean_final_distance=0.571 | mean_progress=0.0180 | min_laser=0.301 | mean_lin=0.734 | mean_ang=-0.982 | mean_robot_dist=0.550 | raw_reward=-42.095 | adjusted_reward=-42.095 | coop_agents=2/5 | mean_coop_neighbors=0.40 | active_neighbor_step_rate=0.875 | mean_active_neighbors_step=1.847 | max_active_neighbors_step=4 | interaction_reward=0.0000 | abs_interaction_reward=0.0000 | anti_stag_reward=0.0000 | abs_anti_stag_reward=0.0000 | wall_clear_reward=0.0000 | abs_wall_clear_reward=0.0000 | local_nav_reward=0.0000 | abs_local_nav_reward=0.0000 | robot_proximity_reward=-1.4165 | abs_robot_proximity_reward=1.4165 | robot_clearance_reward=0.0556 | context_neighbors_mean=1.88 | context_neighbors_max=4 | last_context_neighbors_mean=0.00 | last_context_neighbors_max=0 | actor_unlocked=1 | expl_noise=0.0704 | replay=37483 | interaction_replay=15918 | samples/sec=12.229
Actor gradient gate | passed=1 | safety_samples=172 | linear_positive_share=0.244 | angular_one_sided_share=0.733
Episode 449 complete | agent_samples=37576 | env_steps=15419 | episode_env_steps=41 | episode_agent_samples=93 | mean_reward=78.677 | success=4/5 | collision=1/5 | mean_final_distance=0.504 | mean_progress=0.0060 | min_laser=0.300 | mean_lin=0.800 | mean_ang=0.604 | mean_robot_dist=inf | raw_reward=20.000 | adjusted_reward=20.000 | coop_agents=0/5 | mean_coop_neighbors=0.00 | active_neighbor_step_rate=0.667 | mean_active_neighbors_step=1.430 | max_active_neighbors_step=4 | interaction_reward=0.0000 | abs_interaction_reward=0.0000 | anti_stag_reward=0.0000 | abs_anti_stag_reward=0.0000 | wall_clear_reward=0.0000 | abs_wall_clear_reward=0.0000 | local_nav_reward=0.0000 | abs_local_nav_reward=0.0000 | robot_proximity_reward=-0.4847 | abs_robot_proximity_reward=0.4847 | robot_clearance_reward=0.1063 | context_neighbors_mean=1.45 | context_neighbors_max=4 | last_context_neighbors_mean=0.00 | last_context_neighbors_max=0 | actor_unlocked=1 | expl_noise=0.0704 | replay=37576 | interaction_replay=15939 | samples/sec=12.224
Actor gradient gate | passed=1 | safety_samples=162 | linear_positive_share=0.315 | angular_one_sided_share=0.753
Episode 450 complete | agent_samples=37739 | env_steps=15500 | episode_env_steps=81 | episode_agent_samples=163 | mean_reward=72.989 | success=4/5 | collision=1/5 | mean_final_distance=0.277 | mean_progress=0.0096 | min_laser=0.321 | mean_lin=0.800 | mean_ang=-0.825 | mean_robot_dist=inf | raw_reward=20.000 | adjusted_reward=20.000 | coop_agents=0/5 | mean_coop_neighbors=0.00 | active_neighbor_step_rate=0.417 | mean_active_neighbors_step=0.736 | max_active_neighbors_step=4 | interaction_reward=0.0000 | abs_interaction_reward=0.0000 | anti_stag_reward=0.0000 | abs_anti_stag_reward=0.0000 | wall_clear_reward=0.0000 | abs_wall_clear_reward=0.0000 | local_nav_reward=0.0000 | abs_local_nav_reward=0.0000 | robot_proximity_reward=-0.2586 | abs_robot_proximity_reward=0.2586 | robot_clearance_reward=0.0640 | context_neighbors_mean=0.76 | context_neighbors_max=4 | last_context_neighbors_mean=0.00 | last_context_neighbors_max=0 | actor_unlocked=1 | expl_noise=0.0703 | replay=37739 | interaction_replay=15996 | samples/sec=12.206
Status | epoch=2 | next_eval_in=2261 agent_samples | checkpoint_every=10 episodes | checkpoint=./checkpoints/interaction_focused_actor_5a_init_5d_weak_s20260726_latest.pt | model=interaction_focused_actor_5a_init_5d_weak_s20260726
Checkpoint saved: ./checkpoints/interaction_focused_actor_5a_init_5d_weak_s20260726_latest.pt
Actor gradient gate | passed=1 | safety_samples=175 | linear_positive_share=0.303 | angular_one_sided_share=0.726
Episode 451 complete | agent_samples=37802 | env_steps=15520 | episode_env_steps=20 | episode_agent_samples=63 | mean_reward=28.808 | success=3/5 | collision=2/5 | mean_final_distance=0.479 | mean_progress=0.0232 | min_laser=0.300 | mean_lin=0.780 | mean_ang=0.032 | mean_robot_dist=inf | raw_reward=20.000 | adjusted_reward=20.000 | coop_agents=0/5 | mean_coop_neighbors=0.00 | active_neighbor_step_rate=0.810 | mean_active_neighbors_step=2.302 | max_active_neighbors_step=4 | interaction_reward=0.0000 | abs_interaction_reward=0.0000 | anti_stag_reward=0.0000 | abs_anti_stag_reward=0.0000 | wall_clear_reward=0.0000 | abs_wall_clear_reward=0.0000 | local_nav_reward=0.0000 | abs_local_nav_reward=0.0000 | robot_proximity_reward=-0.5939 | abs_robot_proximity_reward=0.5939 | robot_clearance_reward=0.0645 | context_neighbors_mean=2.32 | context_neighbors_max=4 | last_context_neighbors_mean=0.00 | last_context_neighbors_max=0 | actor_unlocked=1 | expl_noise=0.0703 | replay=37802 | interaction_replay=16019 | samples/sec=12.205
Actor gradient gate | passed=1 | safety_samples=168 | linear_positive_share=0.286 | angular_one_sided_share=0.726
Episode 452 complete | agent_samples=37871 | env_steps=15536 | episode_env_steps=16 | episode_agent_samples=69 | mean_reward=71.997 | success=4/5 | collision=1/5 | mean_final_distance=0.502 | mean_progress=0.0197 | min_laser=0.318 | mean_lin=1.000 | mean_ang=0.579 | mean_robot_dist=inf | raw_reward=20.000 | adjusted_reward=20.000 | coop_agents=0/5 | mean_coop_neighbors=0.00 | active_neighbor_step_rate=0.812 | mean_active_neighbors_step=2.058 | max_active_neighbors_step=4 | interaction_reward=0.0000 | abs_interaction_reward=0.0000 | anti_stag_reward=0.0000 | abs_anti_stag_reward=0.0000 | wall_clear_reward=0.0000 | abs_wall_clear_reward=0.0000 | local_nav_reward=0.0000 | abs_local_nav_reward=0.0000 | robot_proximity_reward=0.0000 | abs_robot_proximity_reward=0.0000 | robot_clearance_reward=0.0000 | context_neighbors_mean=2.06 | context_neighbors_max=4 | last_context_neighbors_mean=0.00 | last_context_neighbors_max=0 | actor_unlocked=1 | expl_noise=0.0703 | replay=37871 | interaction_replay=16020 | samples/sec=12.213
Actor gradient gate | passed=1 | safety_samples=166 | linear_positive_share=0.247 | angular_one_sided_share=0.783
Episode 453 complete | agent_samples=37939 | env_steps=15564 | episode_env_steps=28 | episode_agent_samples=68 | mean_reward=111.092 | success=5/5 | collision=0/5 | mean_final_distance=0.256 | mean_progress=0.0122 | min_laser=0.492 | mean_lin=0.600 | mean_ang=-0.603 | mean_robot_dist=inf | raw_reward=20.000 | adjusted_reward=20.000 | coop_agents=0/5 | mean_coop_neighbors=0.00 | active_neighbor_step_rate=0.529 | mean_active_neighbors_step=1.147 | max_active_neighbors_step=4 | interaction_reward=0.0000 | abs_interaction_reward=0.0000 | anti_stag_reward=0.0000 | abs_anti_stag_reward=0.0000 | wall_clear_reward=0.0000 | abs_wall_clear_reward=0.0000 | local_nav_reward=0.0000 | abs_local_nav_reward=0.0000 | robot_proximity_reward=-0.4372 | abs_robot_proximity_reward=0.4372 | robot_clearance_reward=0.0588 | context_neighbors_mean=1.18 | context_neighbors_max=4 | last_context_neighbors_mean=0.00 | last_context_neighbors_max=0 | actor_unlocked=1 | expl_noise=0.0703 | replay=37939 | interaction_replay=16054 | samples/sec=12.210
Actor gradient gate | passed=1 | safety_samples=167 | linear_positive_share=0.383 | angular_one_sided_share=0.784
Episode 454 complete | agent_samples=38003 | env_steps=15584 | episode_env_steps=20 | episode_agent_samples=64 | mean_reward=120.056 | success=5/5 | collision=0/5 | mean_final_distance=0.262 | mean_progress=0.0218 | min_laser=0.528 | mean_lin=0.796 | mean_ang=0.219 | mean_robot_dist=inf | raw_reward=20.000 | adjusted_reward=20.000 | coop_agents=0/5 | mean_coop_neighbors=0.00 | active_neighbor_step_rate=0.766 | mean_active_neighbors_step=1.609 | max_active_neighbors_step=4 | interaction_reward=0.0000 | abs_interaction_reward=0.0000 | anti_stag_reward=0.0000 | abs_anti_stag_reward=0.0000 | wall_clear_reward=0.0000 | abs_wall_clear_reward=0.0000 | local_nav_reward=0.0000 | abs_local_nav_reward=0.0000 | robot_proximity_reward=-0.4439 | abs_robot_proximity_reward=0.4439 | robot_clearance_reward=0.0312 | context_neighbors_mean=1.67 | context_neighbors_max=4 | last_context_neighbors_mean=0.00 | last_context_neighbors_max=0 | actor_unlocked=1 | expl_noise=0.0703 | replay=38003 | interaction_replay=16101 | samples/sec=12.213
Actor gradient gate | passed=1 | safety_samples=200 | linear_positive_share=0.350 | angular_one_sided_share=0.755
Episode 455 complete | agent_samples=38081 | env_steps=15615 | episode_env_steps=31 | episode_agent_samples=78 | mean_reward=66.701 | success=4/5 | collision=1/5 | mean_final_distance=0.494 | mean_progress=0.0099 | min_laser=0.327 | mean_lin=0.630 | mean_ang=-0.768 | mean_robot_dist=inf | raw_reward=20.000 | adjusted_reward=20.000 | coop_agents=0/5 | mean_coop_neighbors=0.00 | active_neighbor_step_rate=0.718 | mean_active_neighbors_step=1.782 | max_active_neighbors_step=4 | interaction_reward=0.0000 | abs_interaction_reward=0.0000 | anti_stag_reward=0.0000 | abs_anti_stag_reward=0.0000 | wall_clear_reward=0.0000 | abs_wall_clear_reward=0.0000 | local_nav_reward=0.0000 | abs_local_nav_reward=0.0000 | robot_proximity_reward=-0.7626 | abs_robot_proximity_reward=0.7626 | robot_clearance_reward=0.0513 | context_neighbors_mean=1.81 | context_neighbors_max=4 | last_context_neighbors_mean=0.00 | last_context_neighbors_max=0 | actor_unlocked=1 | expl_noise=0.0702 | replay=38081 | interaction_replay=16157 | samples/sec=12.212
Status | epoch=2 | next_eval_in=1919 agent_samples | checkpoint_every=10 episodes | checkpoint=./checkpoints/interaction_focused_actor_5a_init_5d_weak_s20260726_latest.pt | model=interaction_focused_actor_5a_init_5d_weak_s20260726
Actor gradient gate | passed=1 | safety_samples=181 | linear_positive_share=0.331 | angular_one_sided_share=0.762
Episode 456 complete | agent_samples=38137 | env_steps=15629 | episode_env_steps=14 | episode_agent_samples=56 | mean_reward=55.817 | success=4/5 | collision=1/5 | mean_final_distance=0.378 | mean_progress=0.0278 | min_laser=0.304 | mean_lin=0.982 | mean_ang=0.199 | mean_robot_dist=inf | raw_reward=-20.000 | adjusted_reward=-20.000 | coop_agents=0/5 | mean_coop_neighbors=0.00 | active_neighbor_step_rate=0.964 | mean_active_neighbors_step=3.250 | max_active_neighbors_step=4 | interaction_reward=0.0000 | abs_interaction_reward=0.0000 | anti_stag_reward=0.0000 | abs_anti_stag_reward=0.0000 | wall_clear_reward=0.0000 | abs_wall_clear_reward=0.0000 | local_nav_reward=0.0000 | abs_local_nav_reward=0.0000 | robot_proximity_reward=-1.3002 | abs_robot_proximity_reward=1.3002 | robot_clearance_reward=0.0000 | context_neighbors_mean=3.25 | context_neighbors_max=4 | last_context_neighbors_mean=0.00 | last_context_neighbors_max=0 | actor_unlocked=1 | expl_noise=0.0702 | replay=38137 | interaction_replay=16181 | samples/sec=12.217
Actor gradient gate | passed=1 | safety_samples=183 | linear_positive_share=0.208 | angular_one_sided_share=0.667
Episode 457 complete | agent_samples=38183 | env_steps=15643 | episode_env_steps=14 | episode_agent_samples=46 | mean_reward=31.156 | success=3/5 | collision=2/5 | mean_final_distance=0.517 | mean_progress=0.0125 | min_laser=0.315 | mean_lin=0.800 | mean_ang=-0.569 | mean_robot_dist=inf | raw_reward=20.000 | adjusted_reward=20.000 | coop_agents=0/5 | mean_coop_neighbors=0.00 | active_neighbor_step_rate=0.696 | mean_active_neighbors_step=1.783 | max_active_neighbors_step=4 | interaction_reward=0.0000 | abs_interaction_reward=0.0000 | anti_stag_reward=0.0000 | abs_anti_stag_reward=0.0000 | wall_clear_reward=0.0000 | abs_wall_clear_reward=0.0000 | local_nav_reward=0.0000 | abs_local_nav_reward=0.0000 | robot_proximity_reward=-1.1111 | abs_robot_proximity_reward=1.1111 | robot_clearance_reward=0.0000 | context_neighbors_mean=1.76 | context_neighbors_max=4 | last_context_neighbors_mean=0.00 | last_context_neighbors_max=0 | actor_unlocked=1 | expl_noise=0.0702 | replay=38183 | interaction_replay=16213 | samples/sec=12.219
Actor gradient gate | passed=1 | safety_samples=196 | linear_positive_share=0.306 | angular_one_sided_share=0.765
Episode 458 complete | agent_samples=38265 | env_steps=15681 | episode_env_steps=38 | episode_agent_samples=82 | mean_reward=109.429 | success=5/5 | collision=0/5 | mean_final_distance=0.250 | mean_progress=0.0106 | min_laser=0.551 | mean_lin=0.998 | mean_ang=0.167 | mean_robot_dist=inf | raw_reward=20.000 | adjusted_reward=20.000 | coop_agents=0/5 | mean_coop_neighbors=0.00 | active_neighbor_step_rate=0.537 | mean_active_neighbors_step=1.317 | max_active_neighbors_step=4 | interaction_reward=0.0000 | abs_interaction_reward=0.0000 | anti_stag_reward=0.0000 | abs_anti_stag_reward=0.0000 | wall_clear_reward=0.0000 | abs_wall_clear_reward=0.0000 | local_nav_reward=0.0000 | abs_local_nav_reward=0.0000 | robot_proximity_reward=-0.4089 | abs_robot_proximity_reward=0.4089 | robot_clearance_reward=0.0461 | context_neighbors_mean=1.37 | context_neighbors_max=4 | last_context_neighbors_mean=0.00 | last_context_neighbors_max=0 | actor_unlocked=1 | expl_noise=0.0702 | replay=38265 | interaction_replay=16257 | samples/sec=12.213
Actor gradient gate | passed=1 | safety_samples=170 | linear_positive_share=0.282 | angular_one_sided_share=0.735
Episode 459 complete | agent_samples=38318 | env_steps=15693 | episode_env_steps=12 | episode_agent_samples=53 | mean_reward=19.112 | success=3/5 | collision=2/5 | mean_final_distance=0.382 | mean_progress=0.0312 | min_laser=0.300 | mean_lin=0.806 | mean_ang=-0.385 | mean_robot_dist=inf | raw_reward=40.000 | adjusted_reward=40.000 | coop_agents=0/5 | mean_coop_neighbors=0.00 | active_neighbor_step_rate=0.887 | mean_active_neighbors_step=2.151 | max_active_neighbors_step=4 | interaction_reward=0.0000 | abs_interaction_reward=0.0000 | anti_stag_reward=0.0000 | abs_anti_stag_reward=0.0000 | wall_clear_reward=0.0000 | abs_wall_clear_reward=0.0000 | local_nav_reward=0.0000 | abs_local_nav_reward=0.0000 | robot_proximity_reward=-0.6683 | abs_robot_proximity_reward=0.6683 | robot_clearance_reward=0.0490 | context_neighbors_mean=2.25 | context_neighbors_max=4 | last_context_neighbors_mean=0.00 | last_context_neighbors_max=0 | actor_unlocked=1 | expl_noise=0.0702 | replay=38318 | interaction_replay=16297 | samples/sec=12.219
Actor gradient gate | passed=1 | safety_samples=181 | linear_positive_share=0.304 | angular_one_sided_share=0.702
Episode 460 complete | agent_samples=38381 | env_steps=15715 | episode_env_steps=22 | episode_agent_samples=63 | mean_reward=105.622 | success=5/5 | collision=0/5 | mean_final_distance=0.235 | mean_progress=0.0017 | min_laser=0.399 | mean_lin=0.908 | mean_ang=0.545 | mean_robot_dist=inf | raw_reward=20.000 | adjusted_reward=20.000 | coop_agents=0/5 | mean_coop_neighbors=0.00 | active_neighbor_step_rate=0.762 | mean_active_neighbors_step=2.159 | max_active_neighbors_step=4 | interaction_reward=0.0000 | abs_interaction_reward=0.0000 | anti_stag_reward=0.0000 | abs_anti_stag_reward=0.0000 | wall_clear_reward=0.0000 | abs_wall_clear_reward=0.0000 | local_nav_reward=0.0000 | abs_local_nav_reward=0.0000 | robot_proximity_reward=-1.6364 | abs_robot_proximity_reward=1.6364 | robot_clearance_reward=0.0952 | context_neighbors_mean=2.21 | context_neighbors_max=4 | last_context_neighbors_mean=0.00 | last_context_neighbors_max=0 | actor_unlocked=1 | expl_noise=0.0702 | replay=38381 | interaction_replay=16343 | samples/sec=12.220
Status | epoch=2 | next_eval_in=1619 agent_samples | checkpoint_every=10 episodes | checkpoint=./checkpoints/interaction_focused_actor_5a_init_5d_weak_s20260726_latest.pt | model=interaction_focused_actor_5a_init_5d_weak_s20260726
Checkpoint saved: ./checkpoints/interaction_focused_actor_5a_init_5d_weak_s20260726_latest.pt
Actor gradient gate | passed=1 | safety_samples=185 | linear_positive_share=0.259 | angular_one_sided_share=0.805
Episode 461 complete | agent_samples=38457 | env_steps=15744 | episode_env_steps=29 | episode_agent_samples=76 | mean_reward=-12.393 | success=2/5 | collision=3/5 | mean_final_distance=0.900 | mean_progress=0.0097 | min_laser=0.300 | mean_lin=0.400 | mean_ang=-0.992 | mean_robot_dist=inf | raw_reward=20.000 | adjusted_reward=20.000 | coop_agents=0/5 | mean_coop_neighbors=0.00 | active_neighbor_step_rate=0.737 | mean_active_neighbors_step=1.724 | max_active_neighbors_step=4 | interaction_reward=0.0000 | abs_interaction_reward=0.0000 | anti_stag_reward=0.0000 | abs_anti_stag_reward=0.0000 | wall_clear_reward=0.0000 | abs_wall_clear_reward=0.0000 | local_nav_reward=0.0000 | abs_local_nav_reward=0.0000 | robot_proximity_reward=-0.3806 | abs_robot_proximity_reward=0.3806 | robot_clearance_reward=0.0263 | context_neighbors_mean=1.76 | context_neighbors_max=4 | last_context_neighbors_mean=0.00 | last_context_neighbors_max=0 | actor_unlocked=1 | expl_noise=0.0702 | replay=38457 | interaction_replay=16398 | samples/sec=12.216
Actor gradient gate | passed=1 | safety_samples=165 | linear_positive_share=0.236 | angular_one_sided_share=0.794
Episode 462 complete | agent_samples=38495 | env_steps=15754 | episode_env_steps=10 | episode_agent_samples=38 | mean_reward=17.958 | success=3/5 | collision=2/5 | mean_final_distance=0.640 | mean_progress=0.0168 | min_laser=0.300 | mean_lin=0.592 | mean_ang=0.601 | mean_robot_dist=inf | raw_reward=20.000 | adjusted_reward=20.000 | coop_agents=0/5 | mean_coop_neighbors=0.00 | active_neighbor_step_rate=0.895 | mean_active_neighbors_step=2.026 | max_active_neighbors_step=4 | interaction_reward=0.0000 | abs_interaction_reward=0.0000 | anti_stag_reward=0.0000 | abs_anti_stag_reward=0.0000 | wall_clear_reward=0.0000 | abs_wall_clear_reward=0.0000 | local_nav_reward=0.0000 | abs_local_nav_reward=0.0000 | robot_proximity_reward=-0.9740 | abs_robot_proximity_reward=0.9740 | robot_clearance_reward=0.0515 | context_neighbors_mean=2.13 | context_neighbors_max=4 | last_context_neighbors_mean=0.00 | last_context_neighbors_max=0 | actor_unlocked=1 | expl_noise=0.0702 | replay=38495 | interaction_replay=16432 | samples/sec=12.219
Actor gradient gate | passed=1 | safety_samples=178 | linear_positive_share=0.253 | angular_one_sided_share=0.697
Episode 463 complete | agent_samples=38606 | env_steps=15789 | episode_env_steps=35 | episode_agent_samples=111 | mean_reward=75.069 | success=4/5 | collision=1/5 | mean_final_distance=0.261 | mean_progress=0.0226 | min_laser=0.316 | mean_lin=0.800 | mean_ang=-0.209 | mean_robot_dist=inf | raw_reward=20.000 | adjusted_reward=20.000 | coop_agents=0/5 | mean_coop_neighbors=0.00 | active_neighbor_step_rate=0.658 | mean_active_neighbors_step=1.459 | max_active_neighbors_step=4 | interaction_reward=0.0000 | abs_interaction_reward=0.0000 | anti_stag_reward=0.0000 | abs_anti_stag_reward=0.0000 | wall_clear_reward=0.0000 | abs_wall_clear_reward=0.0000 | local_nav_reward=0.0000 | abs_local_nav_reward=0.0000 | robot_proximity_reward=-0.7397 | abs_robot_proximity_reward=0.7397 | robot_clearance_reward=0.0360 | context_neighbors_mean=1.48 | context_neighbors_max=4 | last_context_neighbors_mean=0.00 | last_context_neighbors_max=0 | actor_unlocked=1 | expl_noise=0.0701 | replay=38606 | interaction_replay=16459 | samples/sec=12.224
Actor gradient gate | passed=1 | safety_samples=174 | linear_positive_share=0.287 | angular_one_sided_share=0.724
Episode 464 complete | agent_samples=38664 | env_steps=15813 | episode_env_steps=24 | episode_agent_samples=58 | mean_reward=117.521 | success=5/5 | collision=0/5 | mean_final_distance=0.273 | mean_progress=0.0038 | min_laser=0.554 | mean_lin=0.800 | mean_ang=-0.372 | mean_robot_dist=inf | raw_reward=20.000 | adjusted_reward=20.000 | coop_agents=0/5 | mean_coop_neighbors=0.00 | active_neighbor_step_rate=0.707 | mean_active_neighbors_step=1.948 | max_active_neighbors_step=4 | interaction_reward=0.0000 | abs_interaction_reward=0.0000 | anti_stag_reward=0.0000 | abs_anti_stag_reward=0.0000 | wall_clear_reward=0.0000 | abs_wall_clear_reward=0.0000 | local_nav_reward=0.0000 | abs_local_nav_reward=0.0000 | robot_proximity_reward=-0.2438 | abs_robot_proximity_reward=0.2438 | robot_clearance_reward=0.0000 | context_neighbors_mean=1.98 | context_neighbors_max=4 | last_context_neighbors_mean=0.00 | last_context_neighbors_max=0 | actor_unlocked=1 | expl_noise=0.0701 | replay=38664 | interaction_replay=16475 | samples/sec=12.221
Actor gradient gate | passed=1 | safety_samples=178 | linear_positive_share=0.247 | angular_one_sided_share=0.758
Episode 465 complete | agent_samples=38756 | env_steps=15851 | episode_env_steps=38 | episode_agent_samples=92 | mean_reward=78.476 | success=4/5 | collision=1/5 | mean_final_distance=0.502 | mean_progress=0.0194 | min_laser=0.326 | mean_lin=0.999 | mean_ang=0.221 | mean_robot_dist=inf | raw_reward=20.000 | adjusted_reward=20.000 | coop_agents=0/5 | mean_coop_neighbors=0.00 | active_neighbor_step_rate=0.478 | mean_active_neighbors_step=1.152 | max_active_neighbors_step=4 | interaction_reward=0.0000 | abs_interaction_reward=0.0000 | anti_stag_reward=0.0000 | abs_anti_stag_reward=0.0000 | wall_clear_reward=0.0000 | abs_wall_clear_reward=0.0000 | local_nav_reward=0.0000 | abs_local_nav_reward=0.0000 | robot_proximity_reward=-0.2359 | abs_robot_proximity_reward=0.2359 | robot_clearance_reward=0.0124 | context_neighbors_mean=1.15 | context_neighbors_max=4 | last_context_neighbors_mean=0.00 | last_context_neighbors_max=0 | actor_unlocked=1 | expl_noise=0.0701 | replay=38756 | interaction_replay=16507 | samples/sec=12.218
Status | epoch=2 | next_eval_in=1244 agent_samples | checkpoint_every=10 episodes | checkpoint=./checkpoints/interaction_focused_actor_5a_init_5d_weak_s20260726_latest.pt | model=interaction_focused_actor_5a_init_5d_weak_s20260726
Actor gradient gate | passed=1 | safety_samples=189 | linear_positive_share=0.265 | angular_one_sided_share=0.794
Episode 466 complete | agent_samples=38823 | env_steps=15874 | episode_env_steps=23 | episode_agent_samples=67 | mean_reward=83.480 | success=4/5 | collision=1/5 | mean_final_distance=0.382 | mean_progress=0.0031 | min_laser=0.339 | mean_lin=0.861 | mean_ang=0.735 | mean_robot_dist=inf | raw_reward=20.000 | adjusted_reward=20.000 | coop_agents=0/5 | mean_coop_neighbors=0.00 | active_neighbor_step_rate=0.657 | mean_active_neighbors_step=1.358 | max_active_neighbors_step=4 | interaction_reward=0.0000 | abs_interaction_reward=0.0000 | anti_stag_reward=0.0000 | abs_anti_stag_reward=0.0000 | wall_clear_reward=0.0000 | abs_wall_clear_reward=0.0000 | local_nav_reward=0.0000 | abs_local_nav_reward=0.0000 | robot_proximity_reward=0.0000 | abs_robot_proximity_reward=0.0000 | robot_clearance_reward=0.0000 | context_neighbors_mean=1.36 | context_neighbors_max=4 | last_context_neighbors_mean=0.00 | last_context_neighbors_max=0 | actor_unlocked=1 | expl_noise=0.0701 | replay=38823 | interaction_replay=16516 | samples/sec=12.219
Actor gradient gate | passed=1 | safety_samples=169 | linear_positive_share=0.249 | angular_one_sided_share=0.740
Episode 467 complete | agent_samples=38893 | env_steps=15899 | episode_env_steps=25 | episode_agent_samples=70 | mean_reward=66.624 | success=4/5 | collision=1/5 | mean_final_distance=0.685 | mean_progress=0.0156 | min_laser=0.300 | mean_lin=0.920 | mean_ang=-0.548 | mean_robot_dist=inf | raw_reward=20.000 | adjusted_reward=20.000 | coop_agents=0/5 | mean_coop_neighbors=0.00 | active_neighbor_step_rate=0.743 | mean_active_neighbors_step=1.629 | max_active_neighbors_step=4 | interaction_reward=0.0000 | abs_interaction_reward=0.0000 | anti_stag_reward=0.0000 | abs_anti_stag_reward=0.0000 | wall_clear_reward=0.0000 | abs_wall_clear_reward=0.0000 | local_nav_reward=0.0000 | abs_local_nav_reward=0.0000 | robot_proximity_reward=-0.0240 | abs_robot_proximity_reward=0.0240 | robot_clearance_reward=0.0000 | context_neighbors_mean=1.69 | context_neighbors_max=4 | last_context_neighbors_mean=0.00 | last_context_neighbors_max=0 | actor_unlocked=1 | expl_noise=0.0701 | replay=38893 | interaction_replay=16528 | samples/sec=12.220
Actor gradient gate | passed=1 | safety_samples=177 | linear_positive_share=0.215 | angular_one_sided_share=0.746
Episode 468 complete | agent_samples=38960 | env_steps=15926 | episode_env_steps=27 | episode_agent_samples=67 | mean_reward=62.164 | success=4/5 | collision=1/5 | mean_final_distance=0.275 | mean_progress=0.0040 | min_laser=0.344 | mean_lin=0.774 | mean_ang=-0.168 | mean_robot_dist=inf | raw_reward=20.000 | adjusted_reward=20.000 | coop_agents=0/5 | mean_coop_neighbors=0.00 | active_neighbor_step_rate=0.746 | mean_active_neighbors_step=1.896 | max_active_neighbors_step=4 | interaction_reward=0.0000 | abs_interaction_reward=0.0000 | anti_stag_reward=0.0000 | abs_anti_stag_reward=0.0000 | wall_clear_reward=0.0000 | abs_wall_clear_reward=0.0000 | local_nav_reward=0.0000 | abs_local_nav_reward=0.0000 | robot_proximity_reward=-0.6614 | abs_robot_proximity_reward=0.6614 | robot_clearance_reward=0.0299 | context_neighbors_mean=1.93 | context_neighbors_max=4 | last_context_neighbors_mean=0.00 | last_context_neighbors_max=0 | actor_unlocked=1 | expl_noise=0.0700 | replay=38960 | interaction_replay=16578 | samples/sec=12.218
Actor gradient gate | passed=1 | safety_samples=190 | linear_positive_share=0.268 | angular_one_sided_share=0.742
Episode 469 complete | agent_samples=39039 | env_steps=15958 | episode_env_steps=32 | episode_agent_samples=79 | mean_reward=77.927 | success=4/5 | collision=1/5 | mean_final_distance=0.480 | mean_progress=0.0241 | min_laser=0.336 | mean_lin=0.660 | mean_ang=-0.305 | mean_robot_dist=inf | raw_reward=20.000 | adjusted_reward=20.000 | coop_agents=0/5 | mean_coop_neighbors=0.00 | active_neighbor_step_rate=0.544 | mean_active_neighbors_step=1.354 | max_active_neighbors_step=4 | interaction_reward=0.0000 | abs_interaction_reward=0.0000 | anti_stag_reward=0.0000 | abs_anti_stag_reward=0.0000 | wall_clear_reward=0.0000 | abs_wall_clear_reward=0.0000 | local_nav_reward=0.0000 | abs_local_nav_reward=0.0000 | robot_proximity_reward=-0.4710 | abs_robot_proximity_reward=0.4710 | robot_clearance_reward=0.0253 | context_neighbors_mean=1.39 | context_neighbors_max=4 | last_context_neighbors_mean=0.00 | last_context_neighbors_max=0 | actor_unlocked=1 | expl_noise=0.0700 | replay=39039 | interaction_replay=16603 | samples/sec=12.216
Actor gradient gate | passed=1 | safety_samples=169 | linear_positive_share=0.296 | angular_one_sided_share=0.734
Episode 470 complete | agent_samples=39111 | env_steps=15978 | episode_env_steps=20 | episode_agent_samples=72 | mean_reward=75.764 | success=4/5 | collision=1/5 | mean_final_distance=0.615 | mean_progress=0.0008 | min_laser=0.306 | mean_lin=0.800 | mean_ang=0.314 | mean_robot_dist=inf | raw_reward=-20.000 | adjusted_reward=-20.000 | coop_agents=0/5 | mean_coop_neighbors=0.00 | active_neighbor_step_rate=0.875 | mean_active_neighbors_step=2.472 | max_active_neighbors_step=4 | interaction_reward=0.0000 | abs_interaction_reward=0.0000 | anti_stag_reward=0.0000 | abs_anti_stag_reward=0.0000 | wall_clear_reward=0.0000 | abs_wall_clear_reward=0.0000 | local_nav_reward=0.0000 | abs_local_nav_reward=0.0000 | robot_proximity_reward=-0.0118 | abs_robot_proximity_reward=0.0118 | robot_clearance_reward=0.0278 | context_neighbors_mean=2.49 | context_neighbors_max=4 | last_context_neighbors_mean=0.00 | last_context_neighbors_max=0 | actor_unlocked=1 | expl_noise=0.0700 | replay=39111 | interaction_replay=16617 | samples/sec=12.221
Status | epoch=2 | next_eval_in=889 agent_samples | checkpoint_every=10 episodes | checkpoint=./checkpoints/interaction_focused_actor_5a_init_5d_weak_s20260726_latest.pt | model=interaction_focused_actor_5a_init_5d_weak_s20260726
Checkpoint saved: ./checkpoints/interaction_focused_actor_5a_init_5d_weak_s20260726_latest.pt
Actor gradient gate | passed=1 | safety_samples=184 | linear_positive_share=0.304 | angular_one_sided_share=0.696
Episode 471 complete | agent_samples=39255 | env_steps=16029 | episode_env_steps=51 | episode_agent_samples=144 | mean_reward=76.676 | success=4/5 | collision=1/5 | mean_final_distance=0.436 | mean_progress=0.0053 | min_laser=0.312 | mean_lin=0.888 | mean_ang=-0.613 | mean_robot_dist=inf | raw_reward=20.000 | adjusted_reward=20.000 | coop_agents=0/5 | mean_coop_neighbors=0.00 | active_neighbor_step_rate=0.750 | mean_active_neighbors_step=1.757 | max_active_neighbors_step=4 | interaction_reward=0.0000 | abs_interaction_reward=0.0000 | anti_stag_reward=0.0000 | abs_anti_stag_reward=0.0000 | wall_clear_reward=0.0000 | abs_wall_clear_reward=0.0000 | local_nav_reward=0.0000 | abs_local_nav_reward=0.0000 | robot_proximity_reward=-0.5571 | abs_robot_proximity_reward=0.5571 | robot_clearance_reward=0.0165 | context_neighbors_mean=1.76 | context_neighbors_max=4 | last_context_neighbors_mean=0.00 | last_context_neighbors_max=0 | actor_unlocked=1 | expl_noise=0.0700 | replay=39255 | interaction_replay=16637 | samples/sec=12.220
Actor gradient gate | passed=1 | safety_samples=181 | linear_positive_share=0.287 | angular_one_sided_share=0.740
Episode 472 complete | agent_samples=39299 | env_steps=16041 | episode_env_steps=12 | episode_agent_samples=44 | mean_reward=22.747 | success=3/5 | collision=2/5 | mean_final_distance=0.559 | mean_progress=0.0213 | min_laser=0.300 | mean_lin=0.994 | mean_ang=-0.015 | mean_robot_dist=inf | raw_reward=20.000 | adjusted_reward=20.000 | coop_agents=0/5 | mean_coop_neighbors=0.00 | active_neighbor_step_rate=0.886 | mean_active_neighbors_step=2.250 | max_active_neighbors_step=4 | interaction_reward=0.0000 | abs_interaction_reward=0.0000 | anti_stag_reward=0.0000 | abs_anti_stag_reward=0.0000 | wall_clear_reward=0.0000 | abs_wall_clear_reward=0.0000 | local_nav_reward=0.0000 | abs_local_nav_reward=0.0000 | robot_proximity_reward=-1.1599 | abs_robot_proximity_reward=1.1599 | robot_clearance_reward=0.0000 | context_neighbors_mean=2.32 | context_neighbors_max=4 | last_context_neighbors_mean=0.00 | last_context_neighbors_max=0 | actor_unlocked=1 | expl_noise=0.0700 | replay=39299 | interaction_replay=16674 | samples/sec=12.223
Actor gradient gate | passed=1 | safety_samples=182 | linear_positive_share=0.247 | angular_one_sided_share=0.698
Episode 473 complete | agent_samples=39392 | env_steps=16072 | episode_env_steps=31 | episode_agent_samples=93 | mean_reward=113.825 | success=5/5 | collision=0/5 | mean_final_distance=0.244 | mean_progress=0.0136 | min_laser=0.590 | mean_lin=0.991 | mean_ang=0.175 | mean_robot_dist=inf | raw_reward=20.000 | adjusted_reward=20.000 | coop_agents=0/5 | mean_coop_neighbors=0.00 | active_neighbor_step_rate=0.699 | mean_active_neighbors_step=1.559 | max_active_neighbors_step=4 | interaction_reward=0.0000 | abs_interaction_reward=0.0000 | anti_stag_reward=0.0000 | abs_anti_stag_reward=0.0000 | wall_clear_reward=0.0000 | abs_wall_clear_reward=0.0000 | local_nav_reward=0.0000 | abs_local_nav_reward=0.0000 | robot_proximity_reward=-0.2764 | abs_robot_proximity_reward=0.2764 | robot_clearance_reward=0.0430 | context_neighbors_mean=1.56 | context_neighbors_max=4 | last_context_neighbors_mean=0.00 | last_context_neighbors_max=0 | actor_unlocked=1 | expl_noise=0.0700 | replay=39392 | interaction_replay=16707 | samples/sec=12.226
Actor gradient gate | passed=1 | safety_samples=166 | linear_positive_share=0.295 | angular_one_sided_share=0.614
Episode 474 complete | agent_samples=39506 | env_steps=16102 | episode_env_steps=30 | episode_agent_samples=114 | mean_reward=69.505 | success=4/5 | collision=1/5 | mean_final_distance=0.358 | mean_progress=0.0281 | min_laser=0.300 | mean_lin=0.800 | mean_ang=-0.343 | mean_robot_dist=inf | raw_reward=40.000 | adjusted_reward=40.000 | coop_agents=0/5 | mean_coop_neighbors=0.00 | active_neighbor_step_rate=0.702 | mean_active_neighbors_step=1.544 | max_active_neighbors_step=4 | interaction_reward=0.0000 | abs_interaction_reward=0.0000 | anti_stag_reward=0.0000 | abs_anti_stag_reward=0.0000 | wall_clear_reward=0.0000 | abs_wall_clear_reward=0.0000 | local_nav_reward=0.0000 | abs_local_nav_reward=0.0000 | robot_proximity_reward=-0.6961 | abs_robot_proximity_reward=0.6961 | robot_clearance_reward=0.0702 | context_neighbors_mean=1.62 | context_neighbors_max=4 | last_context_neighbors_mean=0.00 | last_context_neighbors_max=0 | actor_unlocked=1 | expl_noise=0.0699 | replay=39506 | interaction_replay=16764 | samples/sec=12.236
Actor gradient gate | passed=1 | safety_samples=187 | linear_positive_share=0.225 | angular_one_sided_share=0.711
Episode 475 complete | agent_samples=39554 | env_steps=16114 | episode_env_steps=12 | episode_agent_samples=48 | mean_reward=27.208 | success=3/5 | collision=2/5 | mean_final_distance=0.428 | mean_progress=0.0308 | min_laser=0.345 | mean_lin=0.983 | mean_ang=0.120 | mean_robot_dist=inf | raw_reward=-20.000 | adjusted_reward=-20.000 | coop_agents=0/5 | mean_coop_neighbors=0.00 | active_neighbor_step_rate=0.750 | mean_active_neighbors_step=1.896 | max_active_neighbors_step=4 | interaction_reward=0.0000 | abs_interaction_reward=0.0000 | anti_stag_reward=0.0000 | abs_anti_stag_reward=0.0000 | wall_clear_reward=0.0000 | abs_wall_clear_reward=0.0000 | local_nav_reward=0.0000 | abs_local_nav_reward=0.0000 | robot_proximity_reward=-1.7906 | abs_robot_proximity_reward=1.7906 | robot_clearance_reward=0.0417 | context_neighbors_mean=1.88 | context_neighbors_max=4 | last_context_neighbors_mean=0.00 | last_context_neighbors_max=0 | actor_unlocked=1 | expl_noise=0.0699 | replay=39554 | interaction_replay=16798 | samples/sec=12.241
Status | epoch=2 | next_eval_in=446 agent_samples | checkpoint_every=10 episodes | checkpoint=./checkpoints/interaction_focused_actor_5a_init_5d_weak_s20260726_latest.pt | model=interaction_focused_actor_5a_init_5d_weak_s20260726
Actor gradient gate | passed=1 | safety_samples=177 | linear_positive_share=0.305 | angular_one_sided_share=0.751
Episode 476 complete | agent_samples=39600 | env_steps=16124 | episode_env_steps=10 | episode_agent_samples=46 | mean_reward=22.741 | success=3/5 | collision=2/5 | mean_final_distance=0.306 | mean_progress=0.0479 | min_laser=0.314 | mean_lin=0.999 | mean_ang=0.202 | mean_robot_dist=2.012 | raw_reward=0.000 | adjusted_reward=0.000 | coop_agents=2/5 | mean_coop_neighbors=0.40 | active_neighbor_step_rate=0.913 | mean_active_neighbors_step=2.152 | max_active_neighbors_step=4 | interaction_reward=0.0000 | abs_interaction_reward=0.0000 | anti_stag_reward=0.0000 | abs_anti_stag_reward=0.0000 | wall_clear_reward=0.0000 | abs_wall_clear_reward=0.0000 | local_nav_reward=0.0000 | abs_local_nav_reward=0.0000 | robot_proximity_reward=-0.9713 | abs_robot_proximity_reward=0.9713 | robot_clearance_reward=0.0693 | context_neighbors_mean=2.24 | context_neighbors_max=4 | last_context_neighbors_mean=0.00 | last_context_neighbors_max=0 | actor_unlocked=1 | expl_noise=0.0699 | replay=39600 | interaction_replay=16839 | samples/sec=12.246
Actor gradient gate | passed=1 | safety_samples=168 | linear_positive_share=0.262 | angular_one_sided_share=0.685
Episode 477 complete | agent_samples=39660 | env_steps=16141 | episode_env_steps=17 | episode_agent_samples=60 | mean_reward=129.170 | success=5/5 | collision=0/5 | mean_final_distance=0.248 | mean_progress=0.0077 | min_laser=0.748 | mean_lin=1.000 | mean_ang=-0.227 | mean_robot_dist=inf | raw_reward=20.000 | adjusted_reward=20.000 | coop_agents=0/5 | mean_coop_neighbors=0.00 | active_neighbor_step_rate=0.817 | mean_active_neighbors_step=1.600 | max_active_neighbors_step=4 | interaction_reward=0.0000 | abs_interaction_reward=0.0000 | anti_stag_reward=0.0000 | abs_anti_stag_reward=0.0000 | wall_clear_reward=0.0000 | abs_wall_clear_reward=0.0000 | local_nav_reward=0.0000 | abs_local_nav_reward=0.0000 | robot_proximity_reward=-0.1432 | abs_robot_proximity_reward=0.1432 | robot_clearance_reward=0.0000 | context_neighbors_mean=1.65 | context_neighbors_max=4 | last_context_neighbors_mean=0.00 | last_context_neighbors_max=0 | actor_unlocked=1 | expl_noise=0.0699 | replay=39660 | interaction_replay=16884 | samples/sec=12.250
Actor gradient gate | passed=1 | safety_samples=186 | linear_positive_share=0.210 | angular_one_sided_share=0.731
Episode 478 complete | agent_samples=39754 | env_steps=16165 | episode_env_steps=24 | episode_agent_samples=94 | mean_reward=135.719 | success=5/5 | collision=0/5 | mean_final_distance=0.254 | mean_progress=0.0086 | min_laser=0.707 | mean_lin=0.993 | mean_ang=-0.061 | mean_robot_dist=inf | raw_reward=20.000 | adjusted_reward=20.000 | coop_agents=0/5 | mean_coop_neighbors=0.00 | active_neighbor_step_rate=0.851 | mean_active_neighbors_step=2.319 | max_active_neighbors_step=4 | interaction_reward=0.0000 | abs_interaction_reward=0.0000 | anti_stag_reward=0.0000 | abs_anti_stag_reward=0.0000 | wall_clear_reward=0.0000 | abs_wall_clear_reward=0.0000 | local_nav_reward=0.0000 | abs_local_nav_reward=0.0000 | robot_proximity_reward=-0.0800 | abs_robot_proximity_reward=0.0800 | robot_clearance_reward=0.0000 | context_neighbors_mean=2.37 | context_neighbors_max=4 | last_context_neighbors_mean=0.00 | last_context_neighbors_max=0 | actor_unlocked=1 | expl_noise=0.0699 | replay=39754 | interaction_replay=16938 | samples/sec=12.259
Actor gradient gate | passed=1 | safety_samples=177 | linear_positive_share=0.254 | angular_one_sided_share=0.797
Episode 479 complete | agent_samples=39845 | env_steps=16202 | episode_env_steps=37 | episode_agent_samples=91 | mean_reward=29.509 | success=3/5 | collision=2/5 | mean_final_distance=0.782 | mean_progress=0.0072 | min_laser=0.301 | mean_lin=0.793 | mean_ang=-0.212 | mean_robot_dist=inf | raw_reward=20.000 | adjusted_reward=20.000 | coop_agents=0/5 | mean_coop_neighbors=0.00 | active_neighbor_step_rate=0.758 | mean_active_neighbors_step=1.923 | max_active_neighbors_step=4 | interaction_reward=0.0000 | abs_interaction_reward=0.0000 | anti_stag_reward=0.0000 | abs_anti_stag_reward=0.0000 | wall_clear_reward=0.0000 | abs_wall_clear_reward=0.0000 | local_nav_reward=0.0000 | abs_local_nav_reward=0.0000 | robot_proximity_reward=-0.4751 | abs_robot_proximity_reward=0.4751 | robot_clearance_reward=0.0000 | context_neighbors_mean=1.96 | context_neighbors_max=4 | last_context_neighbors_mean=0.00 | last_context_neighbors_max=0 | actor_unlocked=1 | expl_noise=0.0699 | replay=39845 | interaction_replay=16974 | samples/sec=12.256
Actor gradient gate | passed=1 | safety_samples=163 | linear_positive_share=0.245 | angular_one_sided_share=0.755
Episode 480 complete | agent_samples=39915 | env_steps=16228 | episode_env_steps=26 | episode_agent_samples=70 | mean_reward=104.387 | success=5/5 | collision=0/5 | mean_final_distance=0.255 | mean_progress=0.0144 | min_laser=0.404 | mean_lin=0.998 | mean_ang=-0.159 | mean_robot_dist=inf | raw_reward=20.000 | adjusted_reward=20.000 | coop_agents=0/5 | mean_coop_neighbors=0.00 | active_neighbor_step_rate=0.814 | mean_active_neighbors_step=1.800 | max_active_neighbors_step=4 | interaction_reward=0.0000 | abs_interaction_reward=0.0000 | anti_stag_reward=0.0000 | abs_anti_stag_reward=0.0000 | wall_clear_reward=0.0000 | abs_wall_clear_reward=0.0000 | local_nav_reward=0.0000 | abs_local_nav_reward=0.0000 | robot_proximity_reward=-0.9173 | abs_robot_proximity_reward=0.9173 | robot_clearance_reward=0.0571 | context_neighbors_mean=1.87 | context_neighbors_max=4 | last_context_neighbors_mean=0.00 | last_context_neighbors_max=0 | actor_unlocked=1 | expl_noise=0.0699 | replay=39915 | interaction_replay=17022 | samples/sec=12.256
Status | epoch=2 | next_eval_in=85 agent_samples | checkpoint_every=10 episodes | checkpoint=./checkpoints/interaction_focused_actor_5a_init_5d_weak_s20260726_latest.pt | model=interaction_focused_actor_5a_init_5d_weak_s20260726
Checkpoint saved: ./checkpoints/interaction_focused_actor_5a_init_5d_weak_s20260726_latest.pt
Actor gradient gate | passed=1 | safety_samples=175 | linear_positive_share=0.211 | angular_one_sided_share=0.709
Episode 481 complete | agent_samples=40004 | env_steps=16264 | episode_env_steps=36 | episode_agent_samples=89 | mean_reward=104.956 | success=5/5 | collision=0/5 | mean_final_distance=0.244 | mean_progress=0.0165 | min_laser=0.421 | mean_lin=0.997 | mean_ang=0.009 | mean_robot_dist=inf | raw_reward=20.000 | adjusted_reward=20.000 | coop_agents=0/5 | mean_coop_neighbors=0.00 | active_neighbor_step_rate=0.652 | mean_active_neighbors_step=1.708 | max_active_neighbors_step=4 | interaction_reward=0.0000 | abs_interaction_reward=0.0000 | anti_stag_reward=0.0000 | abs_anti_stag_reward=0.0000 | wall_clear_reward=0.0000 | abs_wall_clear_reward=0.0000 | local_nav_reward=0.0000 | abs_local_nav_reward=0.0000 | robot_proximity_reward=-0.8208 | abs_robot_proximity_reward=0.8208 | robot_clearance_reward=0.0225 | context_neighbors_mean=1.73 | context_neighbors_max=4 | last_context_neighbors_mean=0.00 | last_context_neighbors_max=0 | actor_unlocked=1 | expl_noise=0.0698 | replay=40004 | interaction_replay=17048 | samples/sec=12.250
Validating multi-agent policy at agent_samples=40004 env_steps=16264
Manifest switched: strong-interaction-curriculum-validation-v1 | scenarios=140 | sampling=cycle | path=/home/jiutian/Local-Critic-Multi-Robot-Navigation-gate/experiments/04_保留专门化/05_论文主线/datasets/fixed_v1/views/strong_interaction_curriculum_v1/validation.json.gz
Validation progress | epoch=2 | episodes=10/140 | success_rate=0.760 | collision_rate=0.240 | full_success_rate=0.300 | timeout_rate=0.000
Validation progress | epoch=2 | episodes=20/140 | success_rate=0.730 | collision_rate=0.270 | full_success_rate=0.250 | timeout_rate=0.000
Validation progress | epoch=2 | episodes=30/140 | success_rate=0.773 | collision_rate=0.227 | full_success_rate=0.333 | timeout_rate=0.000
Validation progress | epoch=2 | episodes=40/140 | success_rate=0.775 | collision_rate=0.225 | full_success_rate=0.325 | timeout_rate=0.000
Validation progress | epoch=2 | episodes=50/140 | success_rate=0.768 | collision_rate=0.232 | full_success_rate=0.300 | timeout_rate=0.000
Validation progress | epoch=2 | episodes=60/140 | success_rate=0.780 | collision_rate=0.220 | full_success_rate=0.333 | timeout_rate=0.000
Validation progress | epoch=2 | episodes=70/140 | success_rate=0.794 | collision_rate=0.206 | full_success_rate=0.357 | timeout_rate=0.000
Validation progress | epoch=2 | episodes=80/140 | success_rate=0.792 | collision_rate=0.205 | full_success_rate=0.350 | timeout_rate=0.013
Validation progress | epoch=2 | episodes=90/140 | success_rate=0.804 | collision_rate=0.193 | full_success_rate=0.378 | timeout_rate=0.011
Validation progress | epoch=2 | episodes=100/140 | success_rate=0.804 | collision_rate=0.194 | full_success_rate=0.390 | timeout_rate=0.010
Validation progress | epoch=2 | episodes=110/140 | success_rate=0.798 | collision_rate=0.200 | full_success_rate=0.373 | timeout_rate=0.009
Validation progress | epoch=2 | episodes=120/140 | success_rate=0.800 | collision_rate=0.198 | full_success_rate=0.375 | timeout_rate=0.008
Validation progress | epoch=2 | episodes=130/140 | success_rate=0.809 | collision_rate=0.189 | full_success_rate=0.400 | timeout_rate=0.008
Validation progress | epoch=2 | episodes=140/140 | success_rate=0.811 | collision_rate=0.187 | full_success_rate=0.407 | timeout_rate=0.007
..............................................
Multi-Agent Eval Epoch 2 | avg_reward=71.979 | success_rate=0.811 | collision_rate=0.187 | unresolved_rate=0.001 | full_success_rate=0.407 | timeout_episode_rate=0.007 | avg_env_steps=36.2 | avg_final_distance=0.320
Eval success_hist 0..N: [0, 0, 1, 47, 35, 57]
Eval collision_hist 0..N: [58, 34, 47, 1, 0, 0]
Eval oracle strong-actor activation rate: 0.4196 (5098/12150 agent steps)
Eval interaction stratum | band=close | episodes=40 | success_rate=0.855 | collision_rate=0.145 | unresolved_rate=0.000 | full_success_rate=0.475 | timeout_rate=0.000 | avg_steps=30.3
Eval interaction stratum | band=deep | episodes=60 | success_rate=0.690 | collision_rate=0.310 | unresolved_rate=0.000 | full_success_rate=0.100 | timeout_rate=0.000 | avg_steps=36.9
Eval interaction stratum | band=margin | episodes=40 | success_rate=0.950 | collision_rate=0.045 | unresolved_rate=0.005 | full_success_rate=0.800 | timeout_rate=0.025 | avg_steps=41.0
..............................................
Manifest switched: strong-interaction-stage2-train-v1 | scenarios=640 | sampling=random | path=/home/jiutian/Local-Critic-Multi-Robot-Navigation-gate/experiments/04_保留专门化/05_论文主线/datasets/fixed_v1/views/strong_interaction_curriculum_v1/stage2_train.json.gz
Epoch model snapshot saved: interaction_focused_actor_5a_init_5d_weak_s20260726_epoch_002
Checkpoint saved: ./checkpoints/interaction_focused_actor_5a_init_5d_weak_s20260726_latest.pt
Next epoch will start from 3. Resume keeps this counter in ./checkpoints/interaction_focused_actor_5a_init_5d_weak_s20260726_latest.pt
Max epochs reached | completed_epochs=2 | max_epochs=2
Training stopped after reaching configured max epochs.
已终止
 cmd_vel
[INFO] [1785000089.694944607, 1.071000000]: DiffDrive(ns = /r3/): Subscribe to cmd_vel
[INFO] [1785000089.695084491, 1.071000000]: DiffDrive(ns = /r3/): Advertise odom on odom 
[INFO] [1785000089.695145096, 1.071000000]: GazeboRosJointStatePublisher is going to publish joint: chassis_swivel_joint
[INFO] [1785000089.695149969, 1.071000000]: GazeboRosJointStatePublisher is going to publish joint: swivel_wheel_joint
[INFO] [1785000089.695154108, 1.071000000]: GazeboRosJointStatePublisher is going to publish joint: left_hub_joint
[INFO] [1785000089.695158132, 1.071000000]: GazeboRosJointStatePublisher is going to publish joint: right_hub_joint
[INFO] [1785000089.695162101, 1.071000000]: Starting GazeboRosJointStatePublisher Plugin (ns = /r3/)!, parent name: r3
[INFO] [1785000089.978599814, 1.219000000]: Laser Plugin: The 'robotNamespace' param was empty
[INFO] [1785000089.978624011, 1.219000000]: Starting Laser Plugin (ns = r1)
[INFO] [1785000089.978968076, 1.219000000]: Laser Plugin (ns = r1)  <tf_prefix_>, set to ""
[INFO] [1785000090.590990964, 1.219000000]: Velodyne laser plugin missing <min_intensity>, defaults to no clipping
[INFO] [1785000090.593691555, 1.219000000]: Velodyne laser plugin ready, 16 lasers
[INFO] [1785000090.692714795, 1.219000000]: Starting plugin DiffDrive(ns = /r1/)
[DEBUG] [1785000090.692772171, 1.219000000]: DiffDrive(ns = /r1/): <rosDebugLevel> = Debug
[INFO] [1785000090.692814091, 1.219000000]: DiffDrive(ns = /r1/): <rosDebugLevel> = Debug
[INFO] [1785000090.693805819, 1.219000000]: DiffDrive(ns = /r1/): <tf_prefix> = 
[DEBUG] [1785000090.693840630, 1.219000000]: DiffDrive(ns = /r1/): <commandTopic> = cmd_vel
[DEBUG] [1785000090.693859334, 1.219000000]: DiffDrive(ns = /r1/): <odometryTopic> = odom
[DEBUG] [1785000090.693877505, 1.219000000]: DiffDrive(ns = /r1/): <odometryFrame> = odom
[DEBUG] [1785000090.693898902, 1.219000000]: DiffDrive(ns = /r1/): <robotBaseFrame> = base_link
[DEBUG] [1785000090.693922063, 1.219000000]: DiffDrive(ns = /r1/): <publishWheelTF> = false
[DEBUG] [1785000090.693942913, 1.219000000]: DiffDrive(ns = /r1/): <publishOdomTF> = false
[DEBUG] [1785000090.693960046, 1.219000000]: DiffDrive(ns = /r1/): <publishWheelJointState> = false
[DEBUG] [1785000090.694004553, 1.219000000]: DiffDrive(ns = /r1/): <wheelSeparation> = 0.29999999999999999
[DEBUG] [1785000090.694030765, 1.219000000]: DiffDrive(ns = /r1/): <wheelDiameter> = 0.17999999999999999
[DEBUG] [1785000090.694069322, 1.219000000]: DiffDrive(ns = /r1/): <wheelAcceleration> = 1.8
[DEBUG] [1785000090.694095917, 1.219000000]: DiffDrive(ns = /r1/): <wheelTorque> = 20
[DEBUG] [1785000090.694117018, 1.219000000]: DiffDrive(ns = /r1/): <updateRate> = 50
[DEBUG] [1785000090.694144419, 1.219000000]: DiffDrive(ns = /r1/): <odometrySource> = world := 1
[DEBUG] [1785000090.694165866, 1.219000000]: DiffDrive(ns = /r1/): <leftJoint> = left_hub_joint
[DEBUG] [1785000090.694195066, 1.219000000]: DiffDrive(ns = /r1/): <rightJoint> = right_hub_joint
[INFO] [1785000090.694351519, 1.219000000]: DiffDrive(ns = /r1/): Try to subscribe to cmd_vel
[INFO] [1785000090.699975359, 1.219000000]: DiffDrive(ns = /r1/): Subscribe to cmd_vel
[INFO] [1785000090.702079784, 1.219000000]: DiffDrive(ns = /r1/): Advertise odom on odom 
[INFO] [1785000090.702373900, 1.219000000]: GazeboRosJointStatePublisher is going to publish joint: chassis_swivel_joint
[INFO] [1785000090.702402114, 1.219000000]: GazeboRosJointStatePublisher is going to publish joint: swivel_wheel_joint
[INFO] [1785000090.702420073, 1.219000000]: GazeboRosJointStatePublisher is going to publish joint: left_hub_joint
[INFO] [1785000090.702438720, 1.219000000]: GazeboRosJointStatePublisher is going to publish joint: right_hub_joint
[INFO] [1785000090.702454937, 1.219000000]: Starting GazeboRosJointStatePublisher Plugin (ns = /r1/)!, parent name: r1
... logging to /home/jiutian/.ros/log/42f1a116-884d-11f1-a71a-79b7e70ca52d/roslaunch-JiuTian-AI4090-581816.log
Checking log directory for disk usage. This may take a while.
Press Ctrl-C to interrupt
Done checking log file disk usage. Usage is <1GB.
]2;/home/jiutian/Local-Critic-Multi-Robot-Navigation-gate/TD3/assets/multi_robot_scenario_strong_interaction_pilot_5.launch
[1mstarted roslaunch server http://localhost:40123/[0m

SUMMARY
========

PARAMETERS
 * /robot_description_r1: <?xml version="1....
 * /robot_description_r2: <?xml version="1....
 * /robot_description_r3: <?xml version="1....
 * /robot_description_r4: <?xml version="1....
 * /robot_description_r5: <?xml version="1....
 * /rosdistro: noetic
 * /rosversion: 1.17.4
 * /use_sim_time: True

NODES
  /
    gazebo (gazebo_ros/gzserver)
    urdf_spawner_r1 (gazebo_ros/spawn_model)
    urdf_spawner_r2 (gazebo_ros/spawn_model)
    urdf_spawner_r3 (gazebo_ros/spawn_model)
    urdf_spawner_r4 (gazebo_ros/spawn_model)
    urdf_spawner_r5 (gazebo_ros/spawn_model)

[1mROS_MASTER_URI=http://localhost:13003/[0m
]2;/home/jiutian/Local-Critic-Multi-Robot-Navigation-gate/TD3/assets/multi_robot_scenario_strong_interaction_pilot_5.launch http://localhost:13003/
[1mprocess[gazebo-1]: started with pid [581998][0m
[1mprocess[urdf_spawner_r1-2]: started with pid [582002][0m
[1mprocess[urdf_spawner_r2-3]: started with pid [582004][0m
[1mprocess[urdf_spawner_r3-4]: started with pid [582005][0m
[1mprocess[urdf_spawner_r4-5]: started with pid [582006][0m
[1mprocess[urdf_spawner_r5-6]: started with pid [582007][0m
[1m[urdf_spawner_r2-3] process has finished cleanly
log file: /home/jiutian/.ros/log/42f1a116-884d-11f1-a71a-79b7e70ca52d/urdf_spawner_r2-3*.log[0m
[1m[urdf_spawner_r4-5] process has finished cleanly
log file: /home/jiutian/.ros/log/42f1a116-884d-11f1-a71a-79b7e70ca52d/urdf_spawner_r4-5*.log[0m
[1m[urdf_spawner_r5-6] process has finished cleanly
log file: /home/jiutian/.ros/log/42f1a116-884d-11f1-a71a-79b7e70ca52d/urdf_spawner_r5-6*.log[0m
[1m[urdf_spawner_r3-4] process has finished cleanly
log file: /home/jiutian/.ros/log/42f1a116-884d-11f1-a71a-79b7e70ca52d/urdf_spawner_r3-4*.log[0m
[1m[urdf_spawner_r1-2] process has finished cleanly
log file: /home/jiutian/.ros/log/42f1a116-884d-11f1-a71a-79b7e70ca52d/urdf_spawner_r1-2*.log[0m
[gazebo-1] killing on exit
shutting down processing monitor...
... shutting down processing monitor complete
[1mdone[0m
... logging to /home/jiutian/.ros/log/42f1a116-884d-11f1-a71a-79b7e70ca52d/roslaunch-JiuTian-AI4090-581769.log
Checking log directory for disk usage. This may take a while.
Press Ctrl-C to interrupt
Done checking log file disk usage. Usage is <1GB.
]2;roscore
[1mstarted roslaunch server http://localhost:33759/[0m
ros_comm version 1.17.4


SUMMARY
========

PARAMETERS
 * /rosdistro: noetic
 * /rosversion: 1.17.4

NODES

auto-starting new master
[1mprocess[master]: started with pid [581789][0m
[1mROS_MASTER_URI=http://localhost:13003/[0m
]2;roscore http://localhost:13003/
[1msetting /run_id to 42f1a116-884d-11f1-a71a-79b7e70ca52d[0m
[1mprocess[rosout-1]: started with pid [581807][0m
started core service [/rosout]
[rosout-1] killing on exit
[master] killing on exit
shutting down processing monitor...
... shutting down processing monitor complete
[1mdone[0m
