Activated DRL robot navigation Python environment.
Python: Python 3.8.10
Venv: /home/jiutian/venvs/drl-robot-nav
Fixed manifest enabled: 640 scenarios loaded
Roscore launched!
Unable to register with master node [http://localhost:13023]: master may not be running yet. Will keep trying.
Gazebo launched!
INFO: cannot create a symlink to latest log directory: [Errno 2] No such file or directory: '/home/jiutian/.ros/log/latest'
INFO: cannot create a symlink to latest log directory: [Errno 2] No such file or directory: '/home/jiutian/.ros/log/latest'
INFO: cannot create a symlink to latest log directory: [Errno 2] No such file or directory: '/home/jiutian/.ros/log/latest'
INFO: cannot create a symlink to latest log directory: [Errno 17] File exists: '/home/jiutian/.ros/log/dcd7bfdc-87de-11f1-a71a-79b7e70ca52d' -> '/home/jiutian/.ros/log/latest'
[INFO] [1784952669.581332, 0.000000]: Loading model XML from ros parameter robot_description_r3
[INFO] [1784952669.583962, 0.000000]: Waiting for service /gazebo/spawn_urdf_model
[INFO] [1784952670.187655, 0.331000]: Calling service /gazebo/spawn_urdf_model
[INFO] [1784952670.941899, 0.369000]: Spawn status: SpawnModel: Successfully spawned entity
[WARN] [1784952671.062001323, 0.369000000]: GazeboRosDiffDrive Plugin (ns = ) missing <publishTf>, defaults to 1
[INFO] [1784952669.928908621]: Finished loading Gazebo ROS API Plugin.
[INFO] [1784952669.929302323]: waitForService: Service [/gazebo/set_physics_properties] has not been advertised, waiting...
[INFO] [1784952670.050951541]: waitForService: Service [/gazebo/set_physics_properties] is now available.
[INFO] [1784952670.058922683, 0.206000000]: Physics dynamic reconfigure ready.
[INFO] [1784952670.336402999, 0.369000000]: Laser Plugin: The 'robotNamespace' param was empty
[INFO] [1784952670.336426253, 0.369000000]: Starting Laser Plugin (ns = r3)
[INFO] [1784952670.336768892, 0.369000000]: Laser Plugin (ns = r3)  <tf_prefix_>, set to ""
[INFO] [1784952670.947752286, 0.369000000]: Velodyne laser plugin missing <min_intensity>, defaults to no clipping
[INFO] [1784952670.948647815, 0.369000000]: Velodyne laser plugin ready, 16 lasers
[INFO] [1784952671.060714697, 0.369000000]: Starting plugin DiffDrive(ns = /r3/)
[INFO] [1784952671.060847538, 0.369000000]: DiffDrive(ns = /r3/): <rosDebugLevel> = Debug
[INFO] [1784952671.061430219, 0.369000000]: DiffDrive(ns = /r3/): <tf_prefix> = 
[DEBUG] [1784952671.061528014, 0.369000000]: DiffDrive(ns = /r3/): <commandTopic> = cmd_vel
[DEBUG] [1784952671.061546593, 0.369000000]: DiffDrive(ns = /r3/): <odometryTopic> = odom
[DEBUG] [1784952671.061568515, 0.369000000]: DiffDrive(ns = /r3/): <odometryFrame> = odom
[DEBUG] [1784952671.061588996, 0.369000000]: DiffDrive(ns = /r3/): <robotBaseFrame> = base_link
[DEBUG] [1784952671.061640004, 0.369000000]: DiffDrive(ns = /r3/): <publishWheelTF> = false
[DEBUG] [1784952671.061656088, 0.369000000]: DiffDrive(ns = /r3/): <publishOdomTF> = false
[DEBUG] [1784952671.061668238, 0.369000000]: DiffDrive(ns = /r3/): <publishWheelJointState> = false
[DEBUG] [1784952671.061729950, 0.369000000]: DiffDrive(ns = /r3/): <wheelSeparation> = 0.29999999999999999
[DEBUG] [1784952671.061747833, 0.369000000]: DiffDrive(ns = /r3/): <wheelDiameter> = 0.17999999999999999
[DEBUG] [1784952671.061767401, 0.369000000]: DiffDrive(ns = /r3/): <wheelAcceleration> = 1.8
[DEBUG] [1784952671.061784791, 0.369000000]: DiffDrive(ns = /r3/): <wheelTorque> = 20
[DEBUG] [1784952671.061803107, 0.369000000]: DiffDrive(ns = /r3/): <updateRate> = 50
[DEBUG] [1784952671.061917392, 0.369000000]: DiffDrive(ns = /r3/): <odometrySource> = world := 1
[DEBUG] [1784952671.061948689, 0.369000000]: DiffDrive(ns = /r3/): <leftJoint> = left_hub_joint
[DEBUG] [1784952671.061970608, 0.369000000]: DiffDrive(ns = /r3/): <rightJoint> = right_hub_joint
[INFO] [1784952671.062706581, 0.369000000]: DiffDrive(ns = /r3/): Try to subscribe to cmd_vel
[INFO] [1784952671.064300981, 0.369000000]: DiffDrive(ns = /r3/): Subscribe to cmd_vel
[INFO] [1784952671.064665454, 0.369000000]: DiffDrive(ns = /r3/): Advertise odom on odom 
[INFO] [1784952671.071281411, 0.369000000]: GazeboRosJointStatePublisher is going to publish joint: chassis_swivel_joint
[INFO] [1784952671.071296261, 0.369000000]: GazeboRosJointStatePublisher is going to publish joint: swivel_wheel_joint
[INFO] [1784952671.071304505, 0.369000000]: GazeboRosJointStatePublisher is going to publish joint: left_hub_joint
[INFO] [1784952671.071310687, 0.369000000]: GazeboRosJointStatePublisher is going to publish joint: right_hub_joint
[INFO] [1784952671.071318722, 0.369000000]: Starting GazeboRosJointStatePublisher Plugin (ns = /r3/)!, parent name: r3
[DEBUG] [1784952671.101523060, 0.390000000]: Trying to publish message of type [nav_msgs/Odometry/cd5e73d190d741a2f92e81eda573aca7] on a publisher with type [nav_msgs/Odometry/cd5e73d190d741a2f92e81eda573aca7]
[DEBUG] [1784952671.101588509, 0.390000000]: Trying to publish message of type [sensor_msgs/JointState/3066dcd76a6cfaef579bd0f34173e9fd] on a publisher with type [sensor_msgs/JointState/3066dcd76a6cfaef579bd0f34173e9fd]
[INFO] [1784952671.351017152, 0.556000000]: Laser Plugin: The 'robotNamespace' param was empty
[INFO] [1784952671.351031273, 0.556000000]: Starting Laser Plugin (ns = r4)
[INFO] [1784952671.351534491, 0.556000000]: Laser Plugin (ns = r4)  <tf_prefix_>, set to ""
[INFO] [1784952671.966088381, 0[WARN] [1784952671.967810997, 0.556000000]: GazeboRosDiffDrive Plugin (ns = ) missing <publishTf>, defaults to 1
[INFO] [1784952669.581270, 0.000000]: Loading model XML from ros parameter robot_description_r4
[INFO] [1784952669.585009, 0.000000]: Waiting for service /gazebo/spawn_urdf_model
[INFO] [1784952670.188910, 0.332000]: Calling service /gazebo/spawn_urdf_model
[INFO] [1784952671.967381, 0.556000]: Spawn status: SpawnModel: Successfully spawned entity
[INFO] [1784952669.681676, 0.000000]: Loading model XML from ros parameter robot_description_r1
[INFO] [1784952669.684476, 0.000000]: Waiting for service /gazebo/spawn_urdf_model
[INFO] [1784952670.286802, 0.369000]: Calling service /gazebo/spawn_urdf_model
[INFO] [1784952672.860884, 0.718000]: Spawn status: SpawnModel: Successfully spawned entity
.556000000]: Velodyne laser plugin missing <min_intensity>, defaults to no clipping
[INFO] [1784952671.966661032, 0.556000000]: Velodyne laser plugin ready, 16 lasers
[INFO] [1784952671.967497888, 0.556000000]: Starting plugin DiffDrive(ns = /r4/)
[DEBUG] [1784952671.967507091, 0.556000000]: DiffDrive(ns = /r4/): <rosDebugLevel> = Debug
[INFO] [1784952671.967516496, 0.556000000]: DiffDrive(ns = /r4/): <rosDebugLevel> = Debug
[INFO] [1784952671.967730150, 0.556000000]: DiffDrive(ns = /r4/): <tf_prefix> = 
[DEBUG] [1784952671.967734896, 0.556000000]: DiffDrive(ns = /r4/): <commandTopic> = cmd_vel
[DEBUG] [1784952671.967738672, 0.556000000]: DiffDrive(ns = /r4/): <odometryTopic> = odom
[DEBUG] [1784952671.967742529, 0.556000000]: DiffDrive(ns = /r4/): <odometryFrame> = odom
[DEBUG] [1784952671.967745839, 0.556000000]: DiffDrive(ns = /r4/): <robotBaseFrame> = base_link
[DEBUG] [1784952671.967750142, 0.556000000]: DiffDrive(ns = /r4/): <publishWheelTF> = false
[DEBUG] [1784952671.967755498, 0.556000000]: DiffDrive(ns = /r4/): <publishOdomTF> = false
[DEBUG] [1784952671.967759454, 0.556000000]: DiffDrive(ns = /r4/): <publishWheelJointState> = false
[DEBUG] [1784952671.967765840, 0.556000000]: DiffDrive(ns = /r4/): <wheelSeparation> = 0.29999999999999999
[DEBUG] [1784952671.967773090, 0.556000000]: DiffDrive(ns = /r4/): <wheelDiameter> = 0.17999999999999999
[DEBUG] [1784952671.967781807, 0.556000000]: DiffDrive(ns = /r4/): <wheelAcceleration> = 1.8
[DEBUG] [1784952671.967786481, 0.556000000]: DiffDrive(ns = /r4/): <wheelTorque> = 20
[DEBUG] [1784952671.967790282, 0.556000000]: DiffDrive(ns = /r4/): <updateRate> = 50
[DEBUG] [1784952671.967795393, 0.556000000]: DiffDrive(ns = /r4/): <odometrySource> = world := 1
[DEBUG] [1784952671.967800507, 0.556000000]: DiffDrive(ns = /r4/): <leftJoint> = left_hub_joint
[DEBUG] [1784952671.967804380, 0.556000000]: DiffDrive(ns = /r4/): <rightJoint> = right_hub_joint
[INFO] [1784952671.967843487, 0.556000000]: DiffDrive(ns = /r4/): Try to subscribe to cmd_vel
[INFO] [1784952671.968546705, 0.556000000]: DiffDrive(ns = /r4/): Subscribe to cmd_vel
[INFO] [1784952671.968772398, 0.556000000]: DiffDrive(ns = /r4/): Advertise odom on odom 
[INFO] [1784952671.968842320, 0.556000000]: GazeboRosJointStatePublisher is going to publish joint: chassis_swivel_joint
[INFO] [1784952671.968847648, 0.556000000]: GazeboRosJointStatePublisher is going to publish joint: swivel_wheel_joint
[INFO] [1784952671.968853003, 0.556000000]: GazeboRosJointStatePublisher is going to publish joint: left_hub_joint
[INFO] [1784952671.968857266, 0.556000000]: GazeboRosJointStatePublisher is going to publish joint: right_hub_joint
[INFO] [1784952671.968862032, 0.556000000]: Starting GazeboRosJointStatePublisher Plugin (ns = /r4/)!, parent name: r4
[INFO] [1784952672.249081423, 0.718000000]: Laser Plugin: The 'robotNamespace' param was empty
[INFO] [1784952672.249103154, 0.718000000]: Starting Laser Plugin (ns = r1)
[INFO] [1784952672.249582291, 0.718000000]: Laser Plugin (ns = r1)  <tf_prefix_>, set to ""
[INFO] [1784952672.858688395, 0.718000000]: Velodyne laser plugin missing <min_intensity>, defaults to no clipping
[INFO] [1784952672.859560180, 0.718000000]: Velodyne laser plugin ready, 16 lasers
[INFO] [1784952672.860986586, 0.718000000]: Starting plugin DiffDrive(ns = /r1/)
[DEBUG] [1784952672.860995118, 0.718000000]: DiffDrive(ns = /r1/): <rosDebugLevel> = Debug
[INFO] [1784952672.861004103, 0.718000000]: DiffDrive(ns = /r1/): <rosDebugLevel> = Debug
[INFO] [1784952672.861431671, 0.718000000]: DiffDrive(ns = /r1/): <tf_prefix> = 
[DEBUG] [1784952672.861441896, 0.718000000]: DiffDrive(ns = /r1/): <commandTopic> = cmd_vel
[DEBUG] [1784952672.861445685, 0.718000000]: DiffDrive(ns = /r1/): <odometryTopic> = odom
[DEBUG] [1784952672.861449041, 0.718000000]: DiffDrive(ns = /r1/): <odometryFrame> = odom
[DEBUG] [1784952672.861452654, 0.718000000]: DiffDrive(ns = /r1/): <robotBaseFrame> = base_link
[DEBUG] [1784952672.861457432, 0.718000000]: DiffDrive(ns = /r1/): <publishWheelTF> = false
[DEBUG] [1784952672.861460750, 0.718000000][WARN] [1784952672.861514573, 0.718000000]: GazeboRosDiffDrive Plugin (ns = ) missing <publishTf>, defaults to 1
train_velodyne_td3_multi.py:992: FutureWarning: You are using `torch.load` with `weights_only=False` (the current default value), which uses the default pickle module implicitly. It is possible to construct malicious pickle data which will execute arbitrary code during unpickling (See https://github.com/pytorch/pytorch/blob/main/SECURITY.md#untrusted-models for more details). In a future release, the default value for `weights_only` will be flipped to `True`. This limits the functions that could be executed during unpickling. Arbitrary objects will no longer be allowed to be loaded via this mode unless they are explicitly allowlisted by the user via `torch.serialization.add_safe_globals`. We recommend you start setting `weights_only=True` for any use case where you don't have full control of the loaded file. Please open an issue on GitHub for any issues related to this experimental feature.
  return torch.load(checkpoint_path, map_location="cpu")
[WARN] [1784952673.787492469, 0.889000000]: GazeboRosDiffDrive Plugin (ns = ) missing <publishTf>, defaults to 1
[INFO] [1784952669.681033, 0.000000]: Loading model XML from ros parameter robot_description_r2
[INFO] [1784952669.683910, 0.000000]: Waiting for service /gazebo/spawn_urdf_model
[INFO] [1784952670.286706, 0.369000]: Calling service /gazebo/spawn_urdf_model
[INFO] [1784952673.786971, 0.889000]: Spawn status: SpawnModel: Successfully spawned entity
: DiffDrive(ns = /r1/): <publishOdomTF> = false
[DEBUG] [1784952672.861473249, 0.718000000]: DiffDrive(ns = /r1/): <publishWheelJointState> = false
[DEBUG] [1784952672.861480384, 0.718000000]: DiffDrive(ns = /r1/): <wheelSeparation> = 0.29999999999999999
[DEBUG] [1784952672.861484497, 0.718000000]: DiffDrive(ns = /r1/): <wheelDiameter> = 0.17999999999999999
[DEBUG] [1784952672.861488603, 0.718000000]: DiffDrive(ns = /r1/): <wheelAcceleration> = 1.8
[DEBUG] [1784952672.861492474, 0.718000000]: DiffDrive(ns = /r1/): <wheelTorque> = 20
[DEBUG] [1784952672.861495990, 0.718000000]: DiffDrive(ns = /r1/): <updateRate> = 50
[DEBUG] [1784952672.861501280, 0.718000000]: DiffDrive(ns = /r1/): <odometrySource> = world := 1
[DEBUG] [1784952672.861505010, 0.718000000]: DiffDrive(ns = /r1/): <leftJoint> = left_hub_joint
[DEBUG] [1784952672.861509067, 0.718000000]: DiffDrive(ns = /r1/): <rightJoint> = right_hub_joint
[INFO] [1784952672.861533083, 0.718000000]: DiffDrive(ns = /r1/): Try to subscribe to cmd_vel
[INFO] [1784952672.863208898, 0.718000000]: DiffDrive(ns = /r1/): Subscribe to cmd_vel
[INFO] [1784952672.863393045, 0.718000000]: DiffDrive(ns = /r1/): Advertise odom on odom 
[INFO] [1784952672.863451059, 0.718000000]: GazeboRosJointStatePublisher is going to publish joint: chassis_swivel_joint
[INFO] [1784952672.863457981, 0.718000000]: GazeboRosJointStatePublisher is going to publish joint: swivel_wheel_joint
[INFO] [1784952672.863462833, 0.718000000]: GazeboRosJointStatePublisher is going to publish joint: left_hub_joint
[INFO] [1784952672.863466672, 0.718000000]: GazeboRosJointStatePublisher is going to publish joint: right_hub_joint
[INFO] [1784952672.863469804, 0.718000000]: Starting GazeboRosJointStatePublisher Plugin (ns = /r1/)!, parent name: r1
[INFO] [1784952673.163870961, 0.889000000]: Laser Plugin: The 'robotNamespace' param was empty
[INFO] [1784952673.163892242, 0.889000000]: Starting Laser Plugin (ns = r2)
[INFO] [1784952673.164341196, 0.889000000]: Laser Plugin (ns = r2)  <tf_prefix_>, set to ""
[INFO] [1784952673.785163039, 0.889000000]: Velodyne laser plugin missing <min_intensity>, defaults to no clipping
[INFO] [1784952673.785696808, 0.889000000]: Velodyne laser plugin ready, 16 lasers
[INFO] [1784952673.787097195, 0.889000000]: Starting plugin DiffDrive(ns = /r2/)
[DEBUG] [1784952673.787105762, 0.889000000]: DiffDrive(ns = /r2/): <rosDebugLevel> = Debug
[INFO] [1784952673.787115623, 0.889000000]: DiffDrive(ns = /r2/): <rosDebugLevel> = Debug
[INFO] [1784952673.787427495, 0.889000000]: DiffDrive(ns = /r2/): <tf_prefix> = 
[DEBUG] [1784952673.787432027, 0.889000000]: DiffDrive(ns = /r2/): <commandTopic> = cmd_vel
[DEBUG] [1784952673.787435464, 0.889000000]: DiffDrive(ns = /r2/): <odometryTopic> = odom
[DEBUG] [1784952673.787438776, 0.889000000]: DiffDrive(ns = /r2/): <odometryFrame> = odom
[DEBUG] [1784952673.787442386, 0.889000000]: DiffDrive(ns = /r2/): <robotBaseFrame> = base_link
[DEBUG] [1784952673.787447047, 0.889000000]: DiffDrive(ns = /r2/): <publishWheelTF> = false
[DEBUG] [1784952673.787450532, 0.889000000]: DiffDrive(ns = /r2/): <publishOdomTF> = false
[DEBUG] [1784952673.787454038, 0.889000000]: DiffDrive(ns = /r2/): <publishWheelJointState> = false
[DEBUG] [1784952673.787459988, 0.889000000]: DiffDrive(ns = /r2/): <wheelSeparation> = 0.29999999999999999
[DEBUG] [1784952673.787464281, 0.889000000]: DiffDrive(ns = /r2/): <wheelDiameter> = 0.17999999999999999
[DEBUG] [1784952673.787468529, 0.889000000]: DiffDrive(ns = /r2/): <wheelAcceleration> = 1.8
[DEBUG] [1784952673.787472658, 0.889000000]: DiffDrive(ns = /r2/): <wheelTorque> = 20
[DEBUG] [1784952673.787476442, 0.889000000]: DiffDrive(ns = /r2/): <updateRate> = 50
[DEBUG] [1784952673.787481021, 0.889000000]: DiffDrive(ns = /r2/): <odometrySource> = world := 1
[DEBUG] [1784952673.787484662, 0.889000000]: DiffDrive(ns = /r2/): <leftJoint> = left_hub_joint
[DEBUG] [1784952673.787487874, 0.889000000]: DiffDrive(ns = /r2/): <rightJoint> = right_hub_joint
[INFO] [1784952673.787509730, 0.889000000]: DiffDrive(ns = /r2/): Try to subscribe to cmd_vel
[INFResumed multi-agent training from checkpoint: ./checkpoints/interaction_safe_distance_from_5d_s20260725_latest.pt
Loaded frozen oracle weak Actor from: ./pytorch_models/TD3_velodyne_multi_v4_curriculum_stage2_to_5d_geo_critic_from_5a_guarded_best_actor.pth
==============================================
Training version: interaction-oracle-specialist-pilot-v1
Training process PID: 3578674
Launchfile: multi_robot_scenario_strong_interaction_pilot_5.launch
Scenario mode: manifest
Manifest path: /home/jiutian/Local-Critic-Multi-Robot-Navigation-gate/experiments/04_保留专门化/05_论文主线/datasets/fixed_v1/views/strong_interaction_curriculum_v1/stage2_train.json.gz
Manifest sampling: random
Eval manifest path: /home/jiutian/Local-Critic-Multi-Robot-Navigation-gate/experiments/04_保留专门化/05_论文主线/datasets/fixed_v1/views/strong_interaction_curriculum_v1/validation.json.gz
Seed: 20260724
Device: cuda
GPU: NVIDIA GeForce RTX 4090
Agent names: r1, r2, r3, r4, r5
Cooperative reward: True
Cooperative reward mode: average
Cooperative reward self weight: 0.8
Distance-weighted reward: True
Distance reward sigma: 2.0
Interaction safe distance: 1.2
Interaction close penalty: 0.5
Interaction stagnation penalty: 0.05
Anti-stagnation reward: False
Anti-stagnation penalty: 0.2
Anti-stagnation linear threshold: 0.05
Anti-stagnation progress threshold: 0.005
Anti-stagnation min laser: 0.35
Forward reward weight: 0.0
Base stagnation penalty weight: 0.0
Wall-clearance reward: False
Wall-clearance safe distance: 0.75
Wall-clearance penalty: 1.5
Wall-clearance speed weight: 0.8
Wall-clearance turn weight: 0.4
Robot safe distance: 1.0
Local-navigation reward: False
Local-navigation heading weight: 0.4
Local-navigation wrong-way penalty: 0.25
Local-navigation turn weight: 0.25
Local-navigation near-goal distance: 0.9
Local-navigation heading error: 0.5
Local critic enabled: True
Local critic geometry only: True
Active neighbors only: True
Actor state dim: 24
Critic state dim: 69
Local critic max neighbors: 9
Local critic context dim: 45
Best metric: full_success
Eval episodes: 140
Eval frequency agent samples: 20000
Eval protocol ID: eval-v1|scenario=manifest|episodes=140|max_steps=300|manifest_sha256=3b2646a842b777f8c60dca4c452cb78eb3a223ffe59139b8501797aa1d23d583|sampling=cycle|oracle_interaction_distance=2.000
Max epochs: 2
Actor learning rate: 1e-06
Actor train mode: full
Oracle interaction rollout: True
Oracle weak Actor: TD3_velodyne_multi_v4_curriculum_stage2_to_5d_geo_critic_from_5a_guarded_best
Oracle interaction distance: 2.0
Actor interaction-only updates: True
Actor trainable parameters: 501802/501802
Critic learning rate: 8e-05
Actor update delay steps: 21000
Policy freq: 2
Actor anchor weight: 0.0
Actor Q normalization alpha: 0.0
Exploration noise: 0.07644999999997674
Exploration min: 0.03
Exploration decay steps: 80000
Exploration decay unit: environment steps
TensorBoard log dir: runs/multi_coop_Jul24_22-52-32_JiuTian-AI4090
Checkpoint path: ./checkpoints/interaction_safe_distance_from_5d_s20260725_latest.pt
Best checkpoint path: ./checkpoints/interaction_safe_distance_from_5d_s20260725_best.pt
Model prefix: interaction_safe_distance_from_5d_s20260725
Checkpoint interval episodes: 10
Resume mode: True
Starting agent samples: 14243
Starting env steps: 5680
Starting epoch: 1
==============================================
[WARN] [1784952674.682727537, 1.028000000]: GazeboRosDiffDrive Plugin (ns = ) missing <publishTf>, defaults to 1
[INFO] [1784952669.682095, 0.000000]: Loading model XML from ros parameter robot_description_r5
[INFO] [1784952669.684814, 0.000000]: Waiting for service /gazebo/spawn_urdf_model
[INFO] [1784952670.287770, 0.369000]: Calling service /gazebo/spawn_urdf_model
[INFO] [1784952674.682308, 1.028000]: Spawn status: SpawnModel: Successfully spawned entity
Episode 181 complete | agent_samples=14353 | env_steps=5721 | episode_env_steps=41 | episode_agent_samples=110 | mean_reward=113.931 | success=5/5 | collision=0/5 | mean_final_distance=0.273 | mean_progress=0.0165 | min_laser=0.563 | mean_lin=0.970 | mean_ang=-0.199 | mean_robot_dist=0.925 | raw_reward=19.925 | adjusted_reward=19.925 | coop_agents=0/5 | mean_coop_neighbors=0.00 | active_neighbor_step_rate=0.609 | mean_active_neighbors_step=1.436 | max_active_neighbors_step=4 | interaction_reward=0.0000 | abs_interaction_reward=0.0000 | anti_stag_reward=0.0000 | abs_anti_stag_reward=0.0000 | wall_clear_reward=0.0000 | abs_wall_clear_reward=0.0000 | local_nav_reward=0.0000 | abs_local_nav_reward=0.0000 | context_neighbors_mean=1.46 | context_neighbors_max=4 | last_context_neighbors_mean=0.00 | last_context_neighbors_max=0 | actor_unlocked=0 | expl_noise=0.0764 | replay=14353 | interaction_replay=6547 | samples/sec=1474.886
Episode 182 complete | agent_samples=14431 | env_steps=5757 | episode_env_steps=36 | episode_agent_samples=78 | mean_reward=119.718 | success=5/5 | collision=0/5 | mean_final_distance=0.260 | mean_progress=0.0087 | min_laser=0.596 | mean_lin=0.971 | mean_ang=-0.570 | mean_robot_dist=1.644 | raw_reward=20.000 | adjusted_reward=20.000 | coop_agents=0/5 | mean_coop_neighbors=0.00 | active_neighbor_step_rate=0.474 | mean_active_neighbors_step=1.282 | max_active_neighbors_step=4 | interaction_reward=0.0000 | abs_interaction_reward=0.0000 | anti_stag_reward=0.0000 | abs_anti_stag_reward=0.0000 | wall_clear_reward=0.0000 | abs_wall_clear_reward=0.0000 | local_nav_reward=0.0000 | abs_local_nav_reward=0.0000 | context_neighbors_mean=1.38 | context_neighbors_max=4 | last_context_neighbors_mean=0.00 | last_context_neighbors_max=0 | actor_unlocked=0 | expl_noise=0.0764 | replay=14431 | interaction_replay=6586 | samples/sec=818.478
Episode 183 complete | agent_samples=14526 | env_steps=5797 | episode_env_steps=40 | episode_agent_samples=95 | mean_reward=41.148 | success=3/5 | collision=2/5 | mean_final_distance=0.671 | mean_progress=0.0277 | min_laser=0.300 | mean_lin=1.000 | mean_ang=-0.084 | mean_robot_dist=2.499 | raw_reward=20.000 | adjusted_reward=20.000 | coop_agents=0/5 | mean_coop_neighbors=0.00 | active_neighbor_step_rate=0.589 | mean_active_neighbors_step=1.526 | max_active_neighbors_step=4 | interaction_reward=0.0000 | abs_interaction_reward=0.0000 | anti_stag_reward=0.0000 | abs_anti_stag_reward=0.0000 | wall_clear_reward=0.0000 | abs_wall_clear_reward=0.0000 | local_nav_reward=0.0000 | abs_local_nav_reward=0.0000 | context_neighbors_mean=1.57 | context_neighbors_max=4 | last_context_neighbors_mean=0.00 | last_context_neighbors_max=0 | actor_unlocked=0 | expl_noise=0.0764 | replay=14526 | interaction_replay=6610 | samples/sec=551.577
Episode 184 complete | agent_samples=14592 | env_steps=5819 | episode_env_steps=22 | episode_agent_samples=66 | mean_reward=68.023 | success=4/5 | collision=1/5 | mean_final_distance=0.413 | mean_progress=0.0035 | min_laser=0.331 | mean_lin=0.786 | mean_ang=-0.667 | mean_robot_dist=1.210 | raw_reward=20.000 | adjusted_reward=20.000 | coop_agents=0/5 | mean_coop_neighbors=0.00 | active_neighbor_step_rate=0.773 | mean_active_neighbors_step=1.788 | max_active_neighbors_step=4 | interaction_reward=0.0000 | abs_interaction_reward=0.0000 | anti_stag_reward=0.0000 | abs_anti_stag_reward=0.0000 | wall_clear_reward=0.0000 | abs_wall_clear_reward=0.0000 | local_nav_reward=0.0000 | abs_local_nav_reward=0.0000 | context_neighbors_mean=1.86 | context_neighbors_max=4 | last_context_neighbors_mean=0.00 | last_context_neighbors_max=0 | actor_unlocked=0 | expl_noise=0.0764 | replay=14592 | interaction_replay=6631 | samples/sec=467.427
Episode 185 complete | agent_samples=14694 | env_steps=5857 | episode_env_steps=38 | episode_agent_samples=102 | mean_reward=125.786 | success=5/5 | collision=0/5 | mean_final_distance=0.254 | mean_progress=0.0072 | min_laser=0.623 | mean_lin=1.000 | mean_ang=0.527 | mean_robot_dist=1.387 | raw_reward=20.000 | adjusted_reward=20.000 | coop_agents=0/5 | mean_coop_neighbors=0.00 | active_neighbor_step_rate=0.667 | mean_active_neighbors_step=1.363 | max_active_neighbors_step=4 | interaction_reward=0.0000 | abs_interaction_reward=0.0000 | anti_stag_reward=0.0000 | abs_anti_stag_reward=0.0000 | wall_clear_reward=0.0000 | abs_wall_clear_reward=0.0000 | local_nav_reward=0.0000 | abs_local_nav_reward=0.0000 | context_neighbors_mean=1.39 | context_neighbors_max=4 | last_context_neighbors_mean=0.00 | last_context_neighbors_max=0 | actor_unlocked=0 | expl_noise=0.0763 | replay=14694 | interaction_replay=6671 | samples/sec=372.203
Status | epoch=1 | next_eval_in=5306 agent_samples | checkpoint_every=10 episodes | checkpoint=./checkpoints/interaction_safe_distance_from_5d_s20260725_latest.pt | model=interaction_safe_distance_from_5d_s20260725
Episode 186 complete | agent_samples=14755 | env_steps=5874 | episode_env_steps=17 | episode_agent_samples=61 | mean_reward=-7.630 | success=2/5 | collision=3/5 | mean_final_distance=0.833 | mean_progress=0.0013 | min_laser=0.301 | mean_lin=0.996 | mean_ang=0.195 | mean_robot_dist=0.550 | raw_reward=-20.450 | adjusted_reward=-20.450 | coop_agents=0/5 | mean_coop_neighbors=0.00 | active_neighbor_step_rate=0.721 | mean_active_neighbors_step=1.820 | max_active_neighbors_step=4 | interaction_reward=0.0000 | abs_interaction_reward=0.0000 | anti_stag_reward=0.0000 | abs_anti_stag_reward=0.0000 | wall_clear_reward=0.0000 | abs_wall_clear_reward=0.0000 | local_nav_reward=0.0000 | abs_local_nav_reward=0.0000 | context_neighbors_mean=1.87 | context_neighbors_max=4 | last_context_neighbors_mean=0.00 | last_context_neighbors_max=0 | actor_unlocked=0 | expl_noise=0.0763 | replay=14755 | interaction_replay=6703 | samples/sec=340.374
Episode 187 complete | agent_samples=14800 | env_steps=5887 | episode_env_steps=13 | episode_agent_samples=45 | mean_reward=28.941 | success=3/5 | collision=2/5 | mean_final_distance=0.594 | mean_progress=0.0425 | min_laser=0.300 | mean_lin=0.794 | mean_ang=0.153 | mean_robot_dist=1.258 | raw_reward=40.000 | adjusted_reward=40.000 | coop_agents=0/5 | mean_coop_neighbors=0.00 | active_neighbor_step_rate=0.733 | mean_active_neighbors_step=1.622 | max_active_neighbors_step=4 | interaction_reward=0.0000 | abs_interaction_reward=0.0000 | anti_stag_reward=0.0000 | abs_anti_stag_reward=0.0000 | wall_clear_reward=0.0000 | abs_wall_clear_reward=0.0000 | local_nav_reward=0.0000 | abs_local_nav_reward=0.0000 | context_neighbors_mean=1.64 | context_neighbors_max=4 | last_context_neighbors_mean=0.00 | last_context_neighbors_max=0 | actor_unlocked=0 | expl_noise=0.0763 | replay=14800 | interaction_replay=6736 | samples/sec=319.882
Episode 188 complete | agent_samples=14841 | env_steps=5898 | episode_env_steps=11 | episode_agent_samples=41 | mean_reward=102.849 | success=5/5 | collision=0/5 | mean_final_distance=0.241 | mean_progress=0.0130 | min_laser=0.630 | mean_lin=0.986 | mean_ang=0.470 | mean_robot_dist=0.892 | raw_reward=19.892 | adjusted_reward=19.892 | coop_agents=0/5 | mean_coop_neighbors=0.00 | active_neighbor_step_rate=0.878 | mean_active_neighbors_step=1.854 | max_active_neighbors_step=4 | interaction_reward=0.0000 | abs_interaction_reward=0.0000 | anti_stag_reward=0.0000 | abs_anti_stag_reward=0.0000 | wall_clear_reward=0.0000 | abs_wall_clear_reward=0.0000 | local_nav_reward=0.0000 | abs_local_nav_reward=0.0000 | context_neighbors_mean=2.00 | context_neighbors_max=4 | last_context_neighbors_mean=0.00 | last_context_neighbors_max=0 | actor_unlocked=0 | expl_noise=0.0763 | replay=14841 | interaction_replay=6774 | samples/sec=304.307
Episode 189 complete | agent_samples=14951 | env_steps=5975 | episode_env_steps=77 | episode_agent_samples=110 | mean_reward=32.972 | success=3/5 | collision=2/5 | mean_final_distance=0.597 | mean_progress=0.0075 | min_laser=0.300 | mean_lin=0.952 | mean_ang=-0.195 | mean_robot_dist=1.625 | raw_reward=20.000 | adjusted_reward=20.000 | coop_agents=0/5 | mean_coop_neighbors=0.00 | active_neighbor_step_rate=0.355 | mean_active_neighbors_step=0.955 | max_active_neighbors_step=4 | interaction_reward=0.0000 | abs_interaction_reward=0.0000 | anti_stag_reward=0.0000 | abs_anti_stag_reward=0.0000 | wall_clear_reward=0.0000 | abs_wall_clear_reward=0.0000 | local_nav_reward=0.0000 | abs_local_nav_reward=0.0000 | context_neighbors_mean=0.98 | context_neighbors_max=4 | last_context_neighbors_mean=0.00 | last_context_neighbors_max=0 | actor_unlocked=0 | expl_noise=0.0763 | replay=14951 | interaction_replay=6812 | samples/sec=228.958
Episode 190 complete | agent_samples=15060 | env_steps=6026 | episode_env_steps=51 | episode_agent_samples=109 | mean_reward=18.226 | success=3/5 | collision=2/5 | mean_final_distance=0.747 | mean_progress=0.0118 | min_laser=0.322 | mean_lin=1.000 | mean_ang=0.558 | mean_robot_dist=2.275 | raw_reward=20.000 | adjusted_reward=20.000 | coop_agents=0/5 | mean_coop_neighbors=0.00 | active_neighbor_step_rate=0.716 | mean_active_neighbors_step=1.761 | max_active_neighbors_step=4 | interaction_reward=0.0000 | abs_interaction_reward=0.0000 | anti_stag_reward=0.0000 | abs_anti_stag_reward=0.0000 | wall_clear_reward=0.0000 | abs_wall_clear_reward=0.0000 | local_nav_reward=0.0000 | abs_local_nav_reward=0.0000 | context_neighbors_mean=1.76 | context_neighbors_max=4 | last_context_neighbors_mean=0.00 | last_context_neighbors_max=0 | actor_unlocked=0 | expl_noise=0.0762 | replay=15060 | interaction_replay=6840 | samples/sec=197.034
Status | epoch=1 | next_eval_in=4940 agent_samples | checkpoint_every=10 episodes | checkpoint=./checkpoints/interaction_safe_distance_from_5d_s20260725_latest.pt | model=interaction_safe_distance_from_5d_s20260725
Checkpoint saved: ./checkpoints/interaction_safe_distance_from_5d_s20260725_latest.pt
Episode 191 complete | agent_samples=15147 | env_steps=6049 | episode_env_steps=23 | episode_agent_samples=87 | mean_reward=111.886 | success=5/5 | collision=0/5 | mean_final_distance=0.243 | mean_progress=0.0298 | min_laser=0.428 | mean_lin=0.988 | mean_ang=-0.589 | mean_robot_dist=1.226 | raw_reward=40.000 | adjusted_reward=40.000 | coop_agents=1/5 | mean_coop_neighbors=0.20 | active_neighbor_step_rate=0.816 | mean_active_neighbors_step=1.874 | max_active_neighbors_step=4 | interaction_reward=0.0000 | abs_interaction_reward=0.0000 | anti_stag_reward=0.0000 | abs_anti_stag_reward=0.0000 | wall_clear_reward=0.0000 | abs_wall_clear_reward=0.0000 | local_nav_reward=0.0000 | abs_local_nav_reward=0.0000 | context_neighbors_mean=1.92 | context_neighbors_max=4 | last_context_neighbors_mean=0.00 | last_context_neighbors_max=0 | actor_unlocked=0 | expl_noise=0.0762 | replay=15147 | interaction_replay=6889 | samples/sec=185.142
Episode 192 complete | agent_samples=15210 | env_steps=6074 | episode_env_steps=25 | episode_agent_samples=63 | mean_reward=117.117 | success=5/5 | collision=0/5 | mean_final_distance=0.280 | mean_progress=0.0055 | min_laser=0.622 | mean_lin=0.977 | mean_ang=-0.293 | mean_robot_dist=0.990 | raw_reward=19.990 | adjusted_reward=19.990 | coop_agents=0/5 | mean_coop_neighbors=0.00 | active_neighbor_step_rate=0.698 | mean_active_neighbors_step=1.603 | max_active_neighbors_step=4 | interaction_reward=0.0000 | abs_interaction_reward=0.0000 | anti_stag_reward=0.0000 | abs_anti_stag_reward=0.0000 | wall_clear_reward=0.0000 | abs_wall_clear_reward=0.0000 | local_nav_reward=0.0000 | abs_local_nav_reward=0.0000 | context_neighbors_mean=1.67 | context_neighbors_max=4 | last_context_neighbors_mean=0.00 | last_context_neighbors_max=0 | actor_unlocked=0 | expl_noise=0.0762 | replay=15210 | interaction_replay=6932 | samples/sec=174.297
Episode 193 complete | agent_samples=15263 | env_steps=6091 | episode_env_steps=17 | episode_agent_samples=53 | mean_reward=77.307 | success=4/5 | collision=1/5 | mean_final_distance=0.683 | mean_progress=0.0180 | min_laser=0.304 | mean_lin=0.998 | mean_ang=0.238 | mean_robot_dist=2.000 | raw_reward=20.000 | adjusted_reward=20.000 | coop_agents=0/5 | mean_coop_neighbors=0.00 | active_neighbor_step_rate=0.868 | mean_active_neighbors_step=2.434 | max_active_neighbors_step=4 | interaction_reward=0.0000 | abs_interaction_reward=0.0000 | anti_stag_reward=0.0000 | abs_anti_stag_reward=0.0000 | wall_clear_reward=0.0000 | abs_wall_clear_reward=0.0000 | local_nav_reward=0.0000 | abs_local_nav_reward=0.0000 | context_neighbors_mean=2.45 | context_neighbors_max=4 | last_context_neighbors_mean=0.00 | last_context_neighbors_max=0 | actor_unlocked=0 | expl_noise=0.0762 | replay=15263 | interaction_replay=6950 | samples/sec=167.727
Episode 194 complete | agent_samples=15441 | env_steps=6150 | episode_env_steps=59 | episode_agent_samples=178 | mean_reward=123.513 | success=5/5 | collision=0/5 | mean_final_distance=0.274 | mean_progress=0.0060 | min_laser=0.427 | mean_lin=0.800 | mean_ang=-0.203 | mean_robot_dist=2.548 | raw_reward=20.000 | adjusted_reward=20.000 | coop_agents=0/5 | mean_coop_neighbors=0.00 | active_neighbor_step_rate=0.511 | mean_active_neighbors_step=1.326 | max_active_neighbors_step=4 | interaction_reward=0.0000 | abs_interaction_reward=0.0000 | anti_stag_reward=0.0000 | abs_anti_stag_reward=0.0000 | wall_clear_reward=0.0000 | abs_wall_clear_reward=0.0000 | local_nav_reward=0.0000 | abs_local_nav_reward=0.0000 | context_neighbors_mean=1.39 | context_neighbors_max=4 | last_context_neighbors_mean=0.00 | last_context_neighbors_max=0 | actor_unlocked=0 | expl_noise=0.0762 | replay=15441 | interaction_replay=7034 | samples/sec=148.701
Episode 195 complete | agent_samples=15484 | env_steps=6160 | episode_env_steps=10 | episode_agent_samples=43 | mean_reward=65.507 | success=4/5 | collision=1/5 | mean_final_distance=0.537 | mean_progress=0.0441 | min_laser=0.333 | mean_lin=0.989 | mean_ang=0.909 | mean_robot_dist=1.351 | raw_reward=60.000 | adjusted_reward=60.000 | coop_agents=2/5 | mean_coop_neighbors=0.40 | active_neighbor_step_rate=0.767 | mean_active_neighbors_step=1.698 | max_active_neighbors_step=4 | interaction_reward=0.0000 | abs_interaction_reward=0.0000 | anti_stag_reward=0.0000 | abs_anti_stag_reward=0.0000 | wall_clear_reward=0.0000 | abs_wall_clear_reward=0.0000 | local_nav_reward=0.0000 | abs_local_nav_reward=0.0000 | context_neighbors_mean=1.77 | context_neighbors_max=4 | last_context_neighbors_mean=0.00 | last_context_neighbors_max=0 | actor_unlocked=0 | expl_noise=0.0761 | replay=15484 | interaction_replay=7067 | samples/sec=145.927
Status | epoch=1 | next_eval_in=4516 agent_samples | checkpoint_every=10 episodes | checkpoint=./checkpoints/interaction_safe_distance_from_5d_s20260725_latest.pt | model=interaction_safe_distance_from_5d_s20260725
Episode 196 complete | agent_samples=15554 | env_steps=6196 | episode_env_steps=36 | episode_agent_samples=70 | mean_reward=39.003 | success=3/5 | collision=2/5 | mean_final_distance=0.544 | mean_progress=0.0122 | min_laser=0.300 | mean_lin=0.600 | mean_ang=-0.538 | mean_robot_dist=1.833 | raw_reward=20.000 | adjusted_reward=20.000 | coop_agents=0/5 | mean_coop_neighbors=0.00 | active_neighbor_step_rate=0.514 | mean_active_neighbors_step=1.314 | max_active_neighbors_step=4 | interaction_reward=0.0000 | abs_interaction_reward=0.0000 | anti_stag_reward=0.0000 | abs_anti_stag_reward=0.0000 | wall_clear_reward=0.0000 | abs_wall_clear_reward=0.0000 | local_nav_reward=0.0000 | abs_local_nav_reward=0.0000 | context_neighbors_mean=1.37 | context_neighbors_max=4 | last_context_neighbors_mean=0.00 | last_context_neighbors_max=0 | actor_unlocked=0 | expl_noise=0.0761 | replay=15554 | interaction_replay=7104 | samples/sec=136.437
Episode 197 complete | agent_samples=15602 | env_steps=6207 | episode_env_steps=11 | episode_agent_samples=48 | mean_reward=78.372 | success=4/5 | collision=1/5 | mean_final_distance=0.330 | mean_progress=0.0234 | min_laser=0.306 | mean_lin=0.777 | mean_ang=0.103 | mean_robot_dist=1.339 | raw_reward=-0.436 | adjusted_reward=7.651 | coop_agents=1/5 | mean_coop_neighbors=0.20 | active_neighbor_step_rate=0.958 | mean_active_neighbors_step=2.354 | max_active_neighbors_step=4 | interaction_reward=0.0000 | abs_interaction_reward=0.0000 | anti_stag_reward=0.0000 | abs_anti_stag_reward=0.0000 | wall_clear_reward=0.0000 | abs_wall_clear_reward=0.0000 | local_nav_reward=0.0000 | abs_local_nav_reward=0.0000 | context_neighbors_mean=2.42 | context_neighbors_max=4 | last_context_neighbors_mean=0.00 | last_context_neighbors_max=0 | actor_unlocked=0 | expl_noise=0.0761 | replay=15602 | interaction_replay=7143 | samples/sec=133.897
Episode 198 complete | agent_samples=15685 | env_steps=6247 | episode_env_steps=40 | episode_agent_samples=83 | mean_reward=119.474 | success=5/5 | collision=0/5 | mean_final_distance=0.245 | mean_progress=0.0065 | min_laser=0.427 | mean_lin=0.989 | mean_ang=-0.217 | mean_robot_dist=1.145 | raw_reward=20.000 | adjusted_reward=20.000 | coop_agents=0/5 | mean_coop_neighbors=0.00 | active_neighbor_step_rate=0.614 | mean_active_neighbors_step=1.349 | max_active_neighbors_step=3 | interaction_reward=0.0000 | abs_interaction_reward=0.0000 | anti_stag_reward=0.0000 | abs_anti_stag_reward=0.0000 | wall_clear_reward=0.0000 | abs_wall_clear_reward=0.0000 | local_nav_reward=0.0000 | abs_local_nav_reward=0.0000 | context_neighbors_mean=1.43 | context_neighbors_max=3 | last_context_neighbors_mean=0.00 | last_context_neighbors_max=0 | actor_unlocked=0 | expl_noise=0.0761 | replay=15685 | interaction_replay=7194 | samples/sec=125.238
Episode 199 complete | agent_samples=15760 | env_steps=6271 | episode_env_steps=24 | episode_agent_samples=75 | mean_reward=28.349 | success=3/5 | collision=2/5 | mean_final_distance=0.407 | mean_progress=0.0236 | min_laser=0.300 | mean_lin=0.846 | mean_ang=-0.175 | mean_robot_dist=3.501 | raw_reward=20.000 | adjusted_reward=20.000 | coop_agents=0/5 | mean_coop_neighbors=0.00 | active_neighbor_step_rate=0.680 | mean_active_neighbors_step=1.587 | max_active_neighbors_step=4 | interaction_reward=0.0000 | abs_interaction_reward=0.0000 | anti_stag_reward=0.0000 | abs_anti_stag_reward=0.0000 | wall_clear_reward=0.0000 | abs_wall_clear_reward=0.0000 | local_nav_reward=0.0000 | abs_local_nav_reward=0.0000 | context_neighbors_mean=1.63 | context_neighbors_max=4 | last_context_neighbors_mean=0.00 | last_context_neighbors_max=0 | actor_unlocked=0 | expl_noise=0.0761 | replay=15760 | interaction_replay=7212 | samples/sec=120.722
Episode 200 complete | agent_samples=15820 | env_steps=6293 | episode_env_steps=22 | episode_agent_samples=60 | mean_reward=32.644 | success=3/5 | collision=2/5 | mean_final_distance=0.799 | mean_progress=0.0081 | min_laser=0.300 | mean_lin=0.778 | mean_ang=-0.175 | mean_robot_dist=0.997 | raw_reward=19.997 | adjusted_reward=19.997 | coop_agents=0/5 | mean_coop_neighbors=0.00 | active_neighbor_step_rate=0.567 | mean_active_neighbors_step=1.600 | max_active_neighbors_step=4 | interaction_reward=0.0000 | abs_interaction_reward=0.0000 | anti_stag_reward=0.0000 | abs_anti_stag_reward=0.0000 | wall_clear_reward=0.0000 | abs_wall_clear_reward=0.0000 | local_nav_reward=0.0000 | abs_local_nav_reward=0.0000 | context_neighbors_mean=1.63 | context_neighbors_max=4 | last_context_neighbors_mean=0.00 | last_context_neighbors_max=0 | actor_unlocked=0 | expl_noise=0.0761 | replay=15820 | interaction_replay=7247 | samples/sec=116.847
Status | epoch=1 | next_eval_in=4180 agent_samples | checkpoint_every=10 episodes | checkpoint=./checkpoints/interaction_safe_distance_from_5d_s20260725_latest.pt | model=interaction_safe_distance_from_5d_s20260725
Checkpoint saved: ./checkpoints/interaction_safe_distance_from_5d_s20260725_latest.pt
Episode 201 complete | agent_samples=15879 | env_steps=6312 | episode_env_steps=19 | episode_agent_samples=59 | mean_reward=25.778 | success=3/5 | collision=2/5 | mean_final_distance=0.403 | mean_progress=0.0157 | min_laser=0.300 | mean_lin=0.444 | mean_ang=-0.606 | mean_robot_dist=1.466 | raw_reward=20.000 | adjusted_reward=20.000 | coop_agents=0/5 | mean_coop_neighbors=0.00 | active_neighbor_step_rate=0.847 | mean_active_neighbors_step=2.339 | max_active_neighbors_step=4 | interaction_reward=0.0000 | abs_interaction_reward=0.0000 | anti_stag_reward=0.0000 | abs_anti_stag_reward=0.0000 | wall_clear_reward=0.0000 | abs_wall_clear_reward=0.0000 | local_nav_reward=0.0000 | abs_local_nav_reward=0.0000 | context_neighbors_mean=2.36 | context_neighbors_max=4 | last_context_neighbors_mean=0.00 | last_context_neighbors_max=0 | actor_unlocked=0 | expl_noise=0.0761 | replay=15879 | interaction_replay=7294 | samples/sec=113.462
Episode 202 complete | agent_samples=16027 | env_steps=6358 | episode_env_steps=46 | episode_agent_samples=148 | mean_reward=85.656 | success=4/5 | collision=1/5 | mean_final_distance=0.694 | mean_progress=0.0109 | min_laser=0.325 | mean_lin=1.000 | mean_ang=-0.004 | mean_robot_dist=5.334 | raw_reward=-20.000 | adjusted_reward=-20.000 | coop_agents=0/5 | mean_coop_neighbors=0.00 | active_neighbor_step_rate=0.676 | mean_active_neighbors_step=1.851 | max_active_neighbors_step=4 | interaction_reward=0.0000 | abs_interaction_reward=0.0000 | anti_stag_reward=0.0000 | abs_anti_stag_reward=0.0000 | wall_clear_reward=0.0000 | abs_wall_clear_reward=0.0000 | local_nav_reward=0.0000 | abs_local_nav_reward=0.0000 | context_neighbors_mean=1.89 | context_neighbors_max=4 | last_context_neighbors_mean=0.00 | last_context_neighbors_max=0 | actor_unlocked=0 | expl_noise=0.0760 | replay=16027 | interaction_replay=7346 | samples/sec=106.898
Episode 203 complete | agent_samples=16108 | env_steps=6386 | episode_env_steps=28 | episode_agent_samples=81 | mean_reward=76.963 | success=4/5 | collision=1/5 | mean_final_distance=0.363 | mean_progress=0.0154 | min_laser=0.334 | mean_lin=0.799 | mean_ang=-0.017 | mean_robot_dist=1.075 | raw_reward=20.000 | adjusted_reward=20.000 | coop_agents=0/5 | mean_coop_neighbors=0.00 | active_neighbor_step_rate=0.728 | mean_active_neighbors_step=1.667 | max_active_neighbors_step=4 | interaction_reward=0.0000 | abs_interaction_reward=0.0000 | anti_stag_reward=0.0000 | abs_anti_stag_reward=0.0000 | wall_clear_reward=0.0000 | abs_wall_clear_reward=0.0000 | local_nav_reward=0.0000 | abs_local_nav_reward=0.0000 | context_neighbors_mean=1.72 | context_neighbors_max=4 | last_context_neighbors_mean=0.00 | last_context_neighbors_max=0 | actor_unlocked=0 | expl_noise=0.0760 | replay=16108 | interaction_replay=7403 | samples/sec=103.172
Episode 204 complete | agent_samples=16172 | env_steps=6411 | episode_env_steps=25 | episode_agent_samples=64 | mean_reward=104.504 | success=5/5 | collision=0/5 | mean_final_distance=0.259 | mean_progress=0.0045 | min_laser=0.560 | mean_lin=0.784 | mean_ang=-0.196 | mean_robot_dist=1.084 | raw_reward=20.000 | adjusted_reward=20.000 | coop_agents=0/5 | mean_coop_neighbors=0.00 | active_neighbor_step_rate=0.703 | mean_active_neighbors_step=1.328 | max_active_neighbors_step=3 | interaction_reward=0.0000 | abs_interaction_reward=0.0000 | anti_stag_reward=0.0000 | abs_anti_stag_reward=0.0000 | wall_clear_reward=0.0000 | abs_wall_clear_reward=0.0000 | local_nav_reward=0.0000 | abs_local_nav_reward=0.0000 | context_neighbors_mean=1.38 | context_neighbors_max=4 | last_context_neighbors_mean=0.00 | last_context_neighbors_max=0 | actor_unlocked=0 | expl_noise=0.0760 | replay=16172 | interaction_replay=7448 | samples/sec=100.092
Episode 205 complete | agent_samples=16271 | env_steps=6459 | episode_env_steps=48 | episode_agent_samples=99 | mean_reward=118.956 | success=5/5 | collision=0/5 | mean_final_distance=0.256 | mean_progress=0.0190 | min_laser=0.695 | mean_lin=1.000 | mean_ang=-0.184 | mean_robot_dist=1.377 | raw_reward=20.000 | adjusted_reward=20.000 | coop_agents=0/5 | mean_coop_neighbors=0.00 | active_neighbor_step_rate=0.535 | mean_active_neighbors_step=1.121 | max_active_neighbors_step=4 | interaction_reward=0.0000 | abs_interaction_reward=0.0000 | anti_stag_reward=0.0000 | abs_anti_stag_reward=0.0000 | wall_clear_reward=0.0000 | abs_wall_clear_reward=0.0000 | local_nav_reward=0.0000 | abs_local_nav_reward=0.0000 | context_neighbors_mean=1.18 | context_neighbors_max=4 | last_context_neighbors_mean=0.00 | last_context_neighbors_max=0 | actor_unlocked=0 | expl_noise=0.0760 | replay=16271 | interaction_replay=7503 | samples/sec=94.563
Status | epoch=1 | next_eval_in=3729 agent_samples | checkpoint_every=10 episodes | checkpoint=./checkpoints/interaction_safe_distance_from_5d_s20260725_latest.pt | model=interaction_safe_distance_from_5d_s20260725
Episode 206 complete | agent_samples=16313 | env_steps=6471 | episode_env_steps=12 | episode_agent_samples=42 | mean_reward=21.699 | success=3/5 | collision=2/5 | mean_final_distance=0.744 | mean_progress=0.0267 | min_laser=0.300 | mean_lin=0.827 | mean_ang=-0.101 | mean_robot_dist=1.365 | raw_reward=20.000 | adjusted_reward=20.000 | coop_agents=0/5 | mean_coop_neighbors=0.00 | active_neighbor_step_rate=0.833 | mean_active_neighbors_step=2.190 | max_active_neighbors_step=4 | interaction_reward=0.0000 | abs_interaction_reward=0.0000 | anti_stag_reward=0.0000 | abs_anti_stag_reward=0.0000 | wall_clear_reward=0.0000 | abs_wall_clear_reward=0.0000 | local_nav_reward=0.0000 | abs_local_nav_reward=0.0000 | context_neighbors_mean=2.17 | context_neighbors_max=4 | last_context_neighbors_mean=0.00 | last_context_neighbors_max=0 | actor_unlocked=0 | expl_noise=0.0760 | replay=16313 | interaction_replay=7535 | samples/sec=93.339
Episode 207 complete | agent_samples=16375 | env_steps=6491 | episode_env_steps=20 | episode_agent_samples=62 | mean_reward=1.434 | success=2/5 | collision=3/5 | mean_final_distance=0.972 | mean_progress=0.0222 | min_laser=0.300 | mean_lin=0.800 | mean_ang=0.600 | mean_robot_dist=2.075 | raw_reward=20.000 | adjusted_reward=20.000 | coop_agents=0/5 | mean_coop_neighbors=0.00 | active_neighbor_step_rate=0.774 | mean_active_neighbors_step=1.903 | max_active_neighbors_step=4 | interaction_reward=0.0000 | abs_interaction_reward=0.0000 | anti_stag_reward=0.0000 | abs_anti_stag_reward=0.0000 | wall_clear_reward=0.0000 | abs_wall_clear_reward=0.0000 | local_nav_reward=0.0000 | abs_local_nav_reward=0.0000 | context_neighbors_mean=1.95 | context_neighbors_max=4 | last_context_neighbors_mean=0.00 | last_context_neighbors_max=0 | actor_unlocked=0 | expl_noise=0.0759 | replay=16375 | interaction_replay=7563 | samples/sec=91.367
Episode 208 complete | agent_samples=16433 | env_steps=6504 | episode_env_steps=13 | episode_agent_samples=58 | mean_reward=74.889 | success=4/5 | collision=1/5 | mean_final_distance=0.244 | mean_progress=0.0266 | min_laser=0.300 | mean_lin=0.930 | mean_ang=-0.589 | mean_robot_dist=1.146 | raw_reward=39.804 | adjusted_reward=39.804 | coop_agents=0/5 | mean_coop_neighbors=0.00 | active_neighbor_step_rate=0.948 | mean_active_neighbors_step=2.466 | max_active_neighbors_step=4 | interaction_reward=0.0000 | abs_interaction_reward=0.0000 | anti_stag_reward=0.0000 | abs_anti_stag_reward=0.0000 | wall_clear_reward=0.0000 | abs_wall_clear_reward=0.0000 | local_nav_reward=0.0000 | abs_local_nav_reward=0.0000 | context_neighbors_mean=2.57 | context_neighbors_max=4 | last_context_neighbors_mean=0.00 | last_context_neighbors_max=0 | actor_unlocked=0 | expl_noise=0.0759 | replay=16433 | interaction_replay=7616 | samples/sec=90.200
Episode 209 complete | agent_samples=16503 | env_steps=6533 | episode_env_steps=29 | episode_agent_samples=70 | mean_reward=22.333 | success=3/5 | collision=2/5 | mean_final_distance=0.670 | mean_progress=0.0052 | min_laser=0.300 | mean_lin=0.800 | mean_ang=-0.990 | mean_robot_dist=1.496 | raw_reward=20.000 | adjusted_reward=20.000 | coop_agents=0/5 | mean_coop_neighbors=0.00 | active_neighbor_step_rate=0.714 | mean_active_neighbors_step=1.714 | max_active_neighbors_step=4 | interaction_reward=0.0000 | abs_interaction_reward=0.0000 | anti_stag_reward=0.0000 | abs_anti_stag_reward=0.0000 | wall_clear_reward=0.0000 | abs_wall_clear_reward=0.0000 | local_nav_reward=0.0000 | abs_local_nav_reward=0.0000 | context_neighbors_mean=1.71 | context_neighbors_max=4 | last_context_neighbors_mean=0.00 | last_context_neighbors_max=0 | actor_unlocked=0 | expl_noise=0.0759 | replay=16503 | interaction_replay=7648 | samples/sec=87.518
Episode 210 complete | agent_samples=16588 | env_steps=6561 | episode_env_steps=28 | episode_agent_samples=85 | mean_reward=89.235 | success=4/5 | collision=1/5 | mean_final_distance=0.267 | mean_progress=0.0040 | min_laser=0.322 | mean_lin=0.901 | mean_ang=-0.219 | mean_robot_dist=3.539 | raw_reward=20.000 | adjusted_reward=20.000 | coop_agents=0/5 | mean_coop_neighbors=0.00 | active_neighbor_step_rate=0.541 | mean_active_neighbors_step=0.859 | max_active_neighbors_step=3 | interaction_reward=0.0000 | abs_interaction_reward=0.0000 | anti_stag_reward=0.0000 | abs_anti_stag_reward=0.0000 | wall_clear_reward=0.0000 | abs_wall_clear_reward=0.0000 | local_nav_reward=0.0000 | abs_local_nav_reward=0.0000 | context_neighbors_mean=0.91 | context_neighbors_max=3 | last_context_neighbors_mean=0.00 | last_context_neighbors_max=0 | actor_unlocked=0 | expl_noise=0.0759 | replay=16588 | interaction_replay=7672 | samples/sec=85.173
Status | epoch=1 | next_eval_in=3412 agent_samples | checkpoint_every=10 episodes | checkpoint=./checkpoints/interaction_safe_distance_from_5d_s20260725_latest.pt | model=interaction_safe_distance_from_5d_s20260725
Checkpoint saved: ./checkpoints/interaction_safe_distance_from_5d_s20260725_latest.pt
Episode 211 complete | agent_samples=16763 | env_steps=6647 | episode_env_steps=86 | episode_agent_samples=175 | mean_reward=130.001 | success=5/5 | collision=0/5 | mean_final_distance=0.265 | mean_progress=0.0048 | min_laser=0.494 | mean_lin=0.993 | mean_ang=-0.521 | mean_robot_dist=0.901 | raw_reward=19.901 | adjusted_reward=19.901 | coop_agents=0/5 | mean_coop_neighbors=0.00 | active_neighbor_step_rate=0.349 | mean_active_neighbors_step=0.737 | max_active_neighbors_step=4 | interaction_reward=0.0000 | abs_interaction_reward=0.0000 | anti_stag_reward=0.0000 | abs_anti_stag_reward=0.0000 | wall_clear_reward=0.0000 | abs_wall_clear_reward=0.0000 | local_nav_reward=0.0000 | abs_local_nav_reward=0.0000 | context_neighbors_mean=0.76 | context_neighbors_max=4 | last_context_neighbors_mean=0.00 | last_context_neighbors_max=0 | actor_unlocked=0 | expl_noise=0.0758 | replay=16763 | interaction_replay=7711 | samples/sec=78.415
Episode 212 complete | agent_samples=16871 | env_steps=6686 | episode_env_steps=39 | episode_agent_samples=108 | mean_reward=41.121 | success=3/5 | collision=2/5 | mean_final_distance=0.526 | mean_progress=0.0168 | min_laser=0.316 | mean_lin=0.996 | mean_ang=-0.441 | mean_robot_dist=2.064 | raw_reward=20.000 | adjusted_reward=20.000 | coop_agents=0/5 | mean_coop_neighbors=0.00 | active_neighbor_step_rate=0.546 | mean_active_neighbors_step=1.435 | max_active_neighbors_step=4 | interaction_reward=0.0000 | abs_interaction_reward=0.0000 | anti_stag_reward=0.0000 | abs_anti_stag_reward=0.0000 | wall_clear_reward=0.0000 | abs_wall_clear_reward=0.0000 | local_nav_reward=0.0000 | abs_local_nav_reward=0.0000 | context_neighbors_mean=1.48 | context_neighbors_max=4 | last_context_neighbors_mean=0.00 | last_context_neighbors_max=0 | actor_unlocked=0 | expl_noise=0.0758 | replay=16871 | interaction_replay=7745 | samples/sec=75.909
Episode 213 complete | agent_samples=16951 | env_steps=6711 | episode_env_steps=25 | episode_agent_samples=80 | mean_reward=124.196 | success=5/5 | collision=0/5 | mean_final_distance=0.282 | mean_progress=0.0195 | min_laser=0.421 | mean_lin=0.996 | mean_ang=0.301 | mean_robot_dist=2.162 | raw_reward=20.000 | adjusted_reward=20.000 | coop_agents=0/5 | mean_coop_neighbors=0.00 | active_neighbor_step_rate=0.600 | mean_active_neighbors_step=1.462 | max_active_neighbors_step=4 | interaction_reward=0.0000 | abs_interaction_reward=0.0000 | anti_stag_reward=0.0000 | abs_anti_stag_reward=0.0000 | wall_clear_reward=0.0000 | abs_wall_clear_reward=0.0000 | local_nav_reward=0.0000 | abs_local_nav_reward=0.0000 | context_neighbors_mean=1.49 | context_neighbors_max=4 | last_context_neighbors_mean=0.00 | last_context_neighbors_max=0 | actor_unlocked=0 | expl_noise=0.0758 | replay=16951 | interaction_replay=7775 | samples/sec=74.426
Episode 214 complete | agent_samples=17032 | env_steps=6737 | episode_env_steps=26 | episode_agent_samples=81 | mean_reward=71.767 | success=4/5 | collision=1/5 | mean_final_distance=0.494 | mean_progress=0.0220 | min_laser=0.336 | mean_lin=0.639 | mean_ang=-0.126 | mean_robot_dist=0.935 | raw_reward=19.935 | adjusted_reward=19.935 | coop_agents=0/5 | mean_coop_neighbors=0.00 | active_neighbor_step_rate=0.728 | mean_active_neighbors_step=1.531 | max_active_neighbors_step=4 | interaction_reward=0.0000 | abs_interaction_reward=0.0000 | anti_stag_reward=0.0000 | abs_anti_stag_reward=0.0000 | wall_clear_reward=0.0000 | abs_wall_clear_reward=0.0000 | local_nav_reward=0.0000 | abs_local_nav_reward=0.0000 | context_neighbors_mean=1.53 | context_neighbors_max=4 | last_context_neighbors_mean=0.00 | last_context_neighbors_max=0 | actor_unlocked=0 | expl_noise=0.0758 | replay=17032 | interaction_replay=7798 | samples/sec=72.953
Episode 215 complete | agent_samples=17075 | env_steps=6749 | episode_env_steps=12 | episode_agent_samples=43 | mean_reward=39.582 | success=3/5 | collision=2/5 | mean_final_distance=0.889 | mean_progress=0.0234 | min_laser=0.301 | mean_lin=0.797 | mean_ang=0.199 | mean_robot_dist=1.246 | raw_reward=20.000 | adjusted_reward=20.000 | coop_agents=0/5 | mean_coop_neighbors=0.00 | active_neighbor_step_rate=0.930 | mean_active_neighbors_step=1.814 | max_active_neighbors_step=3 | interaction_reward=0.0000 | abs_interaction_reward=0.0000 | anti_stag_reward=0.0000 | abs_anti_stag_reward=0.0000 | wall_clear_reward=0.0000 | abs_wall_clear_reward=0.0000 | local_nav_reward=0.0000 | abs_local_nav_reward=0.0000 | context_neighbors_mean=1.84 | context_neighbors_max=3 | last_context_neighbors_mean=0.00 | last_context_neighbors_max=0 | actor_unlocked=0 | expl_noise=0.0758 | replay=17075 | interaction_replay=7838 | samples/sec=72.293
Status | epoch=1 | next_eval_in=2925 agent_samples | checkpoint_every=10 episodes | checkpoint=./checkpoints/interaction_safe_distance_from_5d_s20260725_latest.pt | model=interaction_safe_distance_from_5d_s20260725
Episode 216 complete | agent_samples=17142 | env_steps=6775 | episode_env_steps=26 | episode_agent_samples=67 | mean_reward=79.622 | success=4/5 | collision=1/5 | mean_final_distance=0.514 | mean_progress=0.0206 | min_laser=0.321 | mean_lin=0.610 | mean_ang=0.200 | mean_robot_dist=0.813 | raw_reward=19.813 | adjusted_reward=19.813 | coop_agents=0/5 | mean_coop_neighbors=0.00 | active_neighbor_step_rate=0.746 | mean_active_neighbors_step=1.731 | max_active_neighbors_step=4 | interaction_reward=0.0000 | abs_interaction_reward=0.0000 | anti_stag_reward=0.0000 | abs_anti_stag_reward=0.0000 | wall_clear_reward=0.0000 | abs_wall_clear_reward=0.0000 | local_nav_reward=0.0000 | abs_local_nav_reward=0.0000 | context_neighbors_mean=1.75 | context_neighbors_max=4 | last_context_neighbors_mean=0.00 | last_context_neighbors_max=0 | actor_unlocked=0 | expl_noise=0.0758 | replay=17142 | interaction_replay=7888 | samples/sec=70.857
Episode 217 complete | agent_samples=17247 | env_steps=6839 | episode_env_steps=64 | episode_agent_samples=105 | mean_reward=33.161 | success=3/5 | collision=2/5 | mean_final_distance=0.832 | mean_progress=0.0033 | min_laser=0.300 | mean_lin=0.994 | mean_ang=0.063 | mean_robot_dist=1.559 | raw_reward=20.000 | adjusted_reward=20.000 | coop_agents=0/5 | mean_coop_neighbors=0.00 | active_neighbor_step_rate=0.390 | mean_active_neighbors_step=0.867 | max_active_neighbors_step=4 | interaction_reward=0.0000 | abs_interaction_reward=0.0000 | anti_stag_reward=0.0000 | abs_anti_stag_reward=0.0000 | wall_clear_reward=0.0000 | abs_wall_clear_reward=0.0000 | local_nav_reward=0.0000 | abs_local_nav_reward=0.0000 | context_neighbors_mean=0.88 | context_neighbors_max=4 | last_context_neighbors_mean=0.00 | last_context_neighbors_max=0 | actor_unlocked=0 | expl_noise=0.0757 | replay=17247 | interaction_replay=7904 | samples/sec=67.455
Episode 218 complete | agent_samples=17298 | env_steps=6851 | episode_env_steps=12 | episode_agent_samples=51 | mean_reward=84.434 | success=4/5 | collision=1/5 | mean_final_distance=0.377 | mean_progress=0.0343 | min_laser=0.329 | mean_lin=0.812 | mean_ang=-0.225 | mean_robot_dist=1.432 | raw_reward=39.819 | adjusted_reward=39.855 | coop_agents=1/5 | mean_coop_neighbors=0.20 | active_neighbor_step_rate=0.882 | mean_active_neighbors_step=1.882 | max_active_neighbors_step=4 | interaction_reward=0.0000 | abs_interaction_reward=0.0000 | anti_stag_reward=0.0000 | abs_anti_stag_reward=0.0000 | wall_clear_reward=0.0000 | abs_wall_clear_reward=0.0000 | local_nav_reward=0.0000 | abs_local_nav_reward=0.0000 | context_neighbors_mean=1.88 | context_neighbors_max=4 | last_context_neighbors_mean=0.00 | last_context_neighbors_max=0 | actor_unlocked=0 | expl_noise=0.0757 | replay=17298 | interaction_replay=7943 | samples/sec=66.945
Episode 219 complete | agent_samples=17398 | env_steps=6886 | episode_env_steps=35 | episode_agent_samples=100 | mean_reward=108.610 | success=5/5 | collision=0/5 | mean_final_distance=0.275 | mean_progress=0.0084 | min_laser=0.642 | mean_lin=0.790 | mean_ang=-0.992 | mean_robot_dist=0.981 | raw_reward=19.981 | adjusted_reward=19.981 | coop_agents=0/5 | mean_coop_neighbors=0.00 | active_neighbor_step_rate=0.620 | mean_active_neighbors_step=1.190 | max_active_neighbors_step=4 | interaction_reward=0.0000 | abs_interaction_reward=0.0000 | anti_stag_reward=0.0000 | abs_anti_stag_reward=0.0000 | wall_clear_reward=0.0000 | abs_wall_clear_reward=0.0000 | local_nav_reward=0.0000 | abs_local_nav_reward=0.0000 | context_neighbors_mean=1.27 | context_neighbors_max=4 | last_context_neighbors_mean=0.00 | last_context_neighbors_max=0 | actor_unlocked=0 | expl_noise=0.0757 | replay=17398 | interaction_replay=8007 | samples/sec=65.391
Episode 220 complete | agent_samples=17443 | env_steps=6900 | episode_env_steps=14 | episode_agent_samples=45 | mean_reward=22.462 | success=3/5 | collision=2/5 | mean_final_distance=0.465 | mean_progress=0.0188 | min_laser=0.333 | mean_lin=0.957 | mean_ang=0.421 | mean_robot_dist=1.655 | raw_reward=20.000 | adjusted_reward=20.000 | coop_agents=0/5 | mean_coop_neighbors=0.00 | active_neighbor_step_rate=0.756 | mean_active_neighbors_step=1.533 | max_active_neighbors_step=4 | interaction_reward=0.0000 | abs_interaction_reward=0.0000 | anti_stag_reward=0.0000 | abs_anti_stag_reward=0.0000 | wall_clear_reward=0.0000 | abs_wall_clear_reward=0.0000 | local_nav_reward=0.0000 | abs_local_nav_reward=0.0000 | context_neighbors_mean=1.62 | context_neighbors_max=4 | last_context_neighbors_mean=0.00 | last_context_neighbors_max=0 | actor_unlocked=0 | expl_noise=0.0757 | replay=17443 | interaction_replay=8042 | samples/sec=64.805
Status | epoch=1 | next_eval_in=2557 agent_samples | checkpoint_every=10 episodes | checkpoint=./checkpoints/interaction_safe_distance_from_5d_s20260725_latest.pt | model=interaction_safe_distance_from_5d_s20260725
Checkpoint saved: ./checkpoints/interaction_safe_distance_from_5d_s20260725_latest.pt
Episode 221 complete | agent_samples=17524 | env_steps=6934 | episode_env_steps=34 | episode_agent_samples=81 | mean_reward=-10.130 | success=2/5 | collision=3/5 | mean_final_distance=0.663 | mean_progress=0.0057 | min_laser=0.300 | mean_lin=0.785 | mean_ang=-0.563 | mean_robot_dist=0.727 | raw_reward=-20.273 | adjusted_reward=-20.273 | coop_agents=0/5 | mean_coop_neighbors=0.00 | active_neighbor_step_rate=0.506 | mean_active_neighbors_step=1.259 | max_active_neighbors_step=4 | interaction_reward=0.0000 | abs_interaction_reward=0.0000 | anti_stag_reward=0.0000 | abs_anti_stag_reward=0.0000 | wall_clear_reward=0.0000 | abs_wall_clear_reward=0.0000 | local_nav_reward=0.0000 | abs_local_nav_reward=0.0000 | context_neighbors_mean=1.27 | context_neighbors_max=4 | last_context_neighbors_mean=0.00 | last_context_neighbors_max=0 | actor_unlocked=0 | expl_noise=0.0757 | replay=17524 | interaction_replay=8074 | samples/sec=63.275
Episode 222 complete | agent_samples=17574 | env_steps=6946 | episode_env_steps=12 | episode_agent_samples=50 | mean_reward=30.853 | success=3/5 | collision=2/5 | mean_final_distance=0.332 | mean_progress=0.0272 | min_laser=0.321 | mean_lin=0.997 | mean_ang=0.217 | mean_robot_dist=0.492 | raw_reward=-20.508 | adjusted_reward=-20.508 | coop_agents=0/5 | mean_coop_neighbors=0.00 | active_neighbor_step_rate=0.900 | mean_active_neighbors_step=2.340 | max_active_neighbors_step=4 | interaction_reward=0.0000 | abs_interaction_reward=0.0000 | anti_stag_reward=0.0000 | abs_anti_stag_reward=0.0000 | wall_clear_reward=0.0000 | abs_wall_clear_reward=0.0000 | local_nav_reward=0.0000 | abs_local_nav_reward=0.0000 | context_neighbors_mean=2.38 | context_neighbors_max=4 | last_context_neighbors_mean=0.00 | last_context_neighbors_max=0 | actor_unlocked=0 | expl_noise=0.0757 | replay=17574 | interaction_replay=8119 | samples/sec=62.844
Episode 223 complete | agent_samples=17658 | env_steps=6985 | episode_env_steps=39 | episode_agent_samples=84 | mean_reward=112.951 | success=5/5 | collision=0/5 | mean_final_distance=0.268 | mean_progress=0.0122 | min_laser=0.410 | mean_lin=0.962 | mean_ang=-0.208 | mean_robot_dist=1.415 | raw_reward=20.000 | adjusted_reward=20.000 | coop_agents=0/5 | mean_coop_neighbors=0.00 | active_neighbor_step_rate=0.655 | mean_active_neighbors_step=1.512 | max_active_neighbors_step=4 | interaction_reward=0.0000 | abs_interaction_reward=0.0000 | anti_stag_reward=0.0000 | abs_anti_stag_reward=0.0000 | wall_clear_reward=0.0000 | abs_wall_clear_reward=0.0000 | local_nav_reward=0.0000 | abs_local_nav_reward=0.0000 | context_neighbors_mean=1.52 | context_neighbors_max=4 | last_context_neighbors_mean=0.00 | last_context_neighbors_max=0 | actor_unlocked=0 | expl_noise=0.0756 | replay=17658 | interaction_replay=8171 | samples/sec=61.276
Episode 224 complete | agent_samples=17710 | env_steps=7003 | episode_env_steps=18 | episode_agent_samples=52 | mean_reward=74.801 | success=4/5 | collision=1/5 | mean_final_distance=0.568 | mean_progress=0.0060 | min_laser=0.301 | mean_lin=0.799 | mean_ang=0.224 | mean_robot_dist=0.934 | raw_reward=19.934 | adjusted_reward=19.934 | coop_agents=0/5 | mean_coop_neighbors=0.00 | active_neighbor_step_rate=0.731 | mean_active_neighbors_step=1.558 | max_active_neighbors_step=4 | interaction_reward=0.0000 | abs_interaction_reward=0.0000 | anti_stag_reward=0.0000 | abs_anti_stag_reward=0.0000 | wall_clear_reward=0.0000 | abs_wall_clear_reward=0.0000 | local_nav_reward=0.0000 | abs_local_nav_reward=0.0000 | context_neighbors_mean=1.69 | context_neighbors_max=4 | last_context_neighbors_mean=0.00 | last_context_neighbors_max=0 | actor_unlocked=0 | expl_noise=0.0756 | replay=17710 | interaction_replay=8207 | samples/sec=60.613
Episode 225 complete | agent_samples=17761 | env_steps=7016 | episode_env_steps=13 | episode_agent_samples=51 | mean_reward=77.271 | success=4/5 | collision=1/5 | mean_final_distance=0.491 | mean_progress=0.0208 | min_laser=0.331 | mean_lin=0.808 | mean_ang=-0.279 | mean_robot_dist=2.573 | raw_reward=20.000 | adjusted_reward=20.000 | coop_agents=0/5 | mean_coop_neighbors=0.00 | active_neighbor_step_rate=0.608 | mean_active_neighbors_step=2.000 | max_active_neighbors_step=4 | interaction_reward=0.0000 | abs_interaction_reward=0.0000 | anti_stag_reward=0.0000 | abs_anti_stag_reward=0.0000 | wall_clear_reward=0.0000 | abs_wall_clear_reward=0.0000 | local_nav_reward=0.0000 | abs_local_nav_reward=0.0000 | context_neighbors_mean=2.02 | context_neighbors_max=4 | last_context_neighbors_mean=0.00 | last_context_neighbors_max=0 | actor_unlocked=0 | expl_noise=0.0756 | replay=17761 | interaction_replay=8225 | samples/sec=60.181
Status | epoch=1 | next_eval_in=2239 agent_samples | checkpoint_every=10 episodes | checkpoint=./checkpoints/interaction_safe_distance_from_5d_s20260725_latest.pt | model=interaction_safe_distance_from_5d_s20260725
Episode 226 complete | agent_samples=17830 | env_steps=7039 | episode_env_steps=23 | episode_agent_samples=69 | mean_reward=114.585 | success=5/5 | collision=0/5 | mean_final_distance=0.266 | mean_progress=0.0044 | min_laser=0.421 | mean_lin=0.800 | mean_ang=-0.494 | mean_robot_dist=2.244 | raw_reward=20.000 | adjusted_reward=20.000 | coop_agents=0/5 | mean_coop_neighbors=0.00 | active_neighbor_step_rate=0.580 | mean_active_neighbors_step=1.333 | max_active_neighbors_step=4 | interaction_reward=0.0000 | abs_interaction_reward=0.0000 | anti_stag_reward=0.0000 | abs_anti_stag_reward=0.0000 | wall_clear_reward=0.0000 | abs_wall_clear_reward=0.0000 | local_nav_reward=0.0000 | abs_local_nav_reward=0.0000 | context_neighbors_mean=1.42 | context_neighbors_max=4 | last_context_neighbors_mean=0.00 | last_context_neighbors_max=0 | actor_unlocked=0 | expl_noise=0.0756 | replay=17830 | interaction_replay=8265 | samples/sec=59.398
Episode 227 complete | agent_samples=17901 | env_steps=7059 | episode_env_steps=20 | episode_agent_samples=71 | mean_reward=38.096 | success=3/5 | collision=2/5 | mean_final_distance=0.487 | mean_progress=0.0198 | min_laser=0.307 | mean_lin=0.942 | mean_ang=-0.535 | mean_robot_dist=2.467 | raw_reward=20.000 | adjusted_reward=20.000 | coop_agents=0/5 | mean_coop_neighbors=0.00 | active_neighbor_step_rate=0.817 | mean_active_neighbors_step=2.338 | max_active_neighbors_step=4 | interaction_reward=0.0000 | abs_interaction_reward=0.0000 | anti_stag_reward=0.0000 | abs_anti_stag_reward=0.0000 | wall_clear_reward=0.0000 | abs_wall_clear_reward=0.0000 | local_nav_reward=0.0000 | abs_local_nav_reward=0.0000 | context_neighbors_mean=2.35 | context_neighbors_max=4 | last_context_neighbors_mean=0.00 | last_context_neighbors_max=0 | actor_unlocked=0 | expl_noise=0.0756 | replay=17901 | interaction_replay=8295 | samples/sec=58.773
Episode 228 complete | agent_samples=17974 | env_steps=7091 | episode_env_steps=32 | episode_agent_samples=73 | mean_reward=30.087 | success=3/5 | collision=2/5 | mean_final_distance=0.432 | mean_progress=0.0059 | min_laser=0.300 | mean_lin=0.791 | mean_ang=0.200 | mean_robot_dist=1.418 | raw_reward=20.000 | adjusted_reward=20.000 | coop_agents=0/5 | mean_coop_neighbors=0.00 | active_neighbor_step_rate=0.767 | mean_active_neighbors_step=1.630 | max_active_neighbors_step=4 | interaction_reward=0.0000 | abs_interaction_reward=0.0000 | anti_stag_reward=0.0000 | abs_anti_stag_reward=0.0000 | wall_clear_reward=0.0000 | abs_wall_clear_reward=0.0000 | local_nav_reward=0.0000 | abs_local_nav_reward=0.0000 | context_neighbors_mean=1.68 | context_neighbors_max=4 | last_context_neighbors_mean=0.00 | last_context_neighbors_max=0 | actor_unlocked=0 | expl_noise=0.0756 | replay=17974 | interaction_replay=8329 | samples/sec=57.680
Episode 229 complete | agent_samples=18061 | env_steps=7132 | episode_env_steps=41 | episode_agent_samples=87 | mean_reward=29.110 | success=3/5 | collision=2/5 | mean_final_distance=0.510 | mean_progress=0.0048 | min_laser=0.304 | mean_lin=0.932 | mean_ang=0.595 | mean_robot_dist=1.418 | raw_reward=20.000 | adjusted_reward=20.000 | coop_agents=0/5 | mean_coop_neighbors=0.00 | active_neighbor_step_rate=0.598 | mean_active_neighbors_step=1.425 | max_active_neighbors_step=4 | interaction_reward=0.0000 | abs_interaction_reward=0.0000 | anti_stag_reward=0.0000 | abs_anti_stag_reward=0.0000 | wall_clear_reward=0.0000 | abs_wall_clear_reward=0.0000 | local_nav_reward=0.0000 | abs_local_nav_reward=0.0000 | context_neighbors_mean=1.49 | context_neighbors_max=4 | last_context_neighbors_mean=0.00 | last_context_neighbors_max=0 | actor_unlocked=0 | expl_noise=0.0755 | replay=18061 | interaction_replay=8365 | samples/sec=56.349
Episode 230 complete | agent_samples=18120 | env_steps=7153 | episode_env_steps=21 | episode_agent_samples=59 | mean_reward=29.264 | success=3/5 | collision=2/5 | mean_final_distance=0.445 | mean_progress=0.0123 | min_laser=0.300 | mean_lin=0.759 | mean_ang=-0.524 | mean_robot_dist=2.118 | raw_reward=20.000 | adjusted_reward=20.000 | coop_agents=0/5 | mean_coop_neighbors=0.00 | active_neighbor_step_rate=0.746 | mean_active_neighbors_step=1.864 | max_active_neighbors_step=4 | interaction_reward=0.0000 | abs_interaction_reward=0.0000 | anti_stag_reward=0.0000 | abs_anti_stag_reward=0.0000 | wall_clear_reward=0.0000 | abs_wall_clear_reward=0.0000 | local_nav_reward=0.0000 | abs_local_nav_reward=0.0000 | context_neighbors_mean=1.97 | context_neighbors_max=4 | last_context_neighbors_mean=0.00 | last_context_neighbors_max=0 | actor_unlocked=0 | expl_noise=0.0755 | replay=18120 | interaction_replay=8401 | samples/sec=55.732
Status | epoch=1 | next_eval_in=1880 agent_samples | checkpoint_every=10 episodes | checkpoint=./checkpoints/interaction_safe_distance_from_5d_s20260725_latest.pt | model=interaction_safe_distance_from_5d_s20260725
Checkpoint saved: ./checkpoints/interaction_safe_distance_from_5d_s20260725_latest.pt
Episode 231 complete | agent_samples=18250 | env_steps=7211 | episode_env_steps=58 | episode_agent_samples=130 | mean_reward=125.082 | success=5/5 | collision=0/5 | mean_final_distance=0.254 | mean_progress=0.0117 | min_laser=0.428 | mean_lin=1.000 | mean_ang=-0.224 | mean_robot_dist=4.045 | raw_reward=20.000 | adjusted_reward=20.000 | coop_agents=0/5 | mean_coop_neighbors=0.00 | active_neighbor_step_rate=0.515 | mean_active_neighbors_step=0.877 | max_active_neighbors_step=4 | interaction_reward=0.0000 | abs_interaction_reward=0.0000 | anti_stag_reward=0.0000 | abs_anti_stag_reward=0.0000 | wall_clear_reward=0.0000 | abs_wall_clear_reward=0.0000 | local_nav_reward=0.0000 | abs_local_nav_reward=0.0000 | context_neighbors_mean=0.89 | context_neighbors_max=4 | last_context_neighbors_mean=0.00 | last_context_neighbors_max=0 | actor_unlocked=0 | expl_noise=0.0755 | replay=18250 | interaction_replay=8420 | samples/sec=53.974
Episode 232 complete | agent_samples=18367 | env_steps=7283 | episode_env_steps=72 | episode_agent_samples=117 | mean_reward=32.261 | success=3/5 | collision=2/5 | mean_final_distance=0.657 | mean_progress=0.0081 | min_laser=0.338 | mean_lin=0.844 | mean_ang=0.161 | mean_robot_dist=1.874 | raw_reward=20.000 | adjusted_reward=20.000 | coop_agents=0/5 | mean_coop_neighbors=0.00 | active_neighbor_step_rate=0.385 | mean_active_neighbors_step=0.915 | max_active_neighbors_step=4 | interaction_reward=0.0000 | abs_interaction_reward=0.0000 | anti_stag_reward=0.0000 | abs_anti_stag_reward=0.0000 | wall_clear_reward=0.0000 | abs_wall_clear_reward=0.0000 | local_nav_reward=0.0000 | abs_local_nav_reward=0.0000 | context_neighbors_mean=0.92 | context_neighbors_max=4 | last_context_neighbors_mean=0.00 | last_context_neighbors_max=0 | actor_unlocked=0 | expl_noise=0.0754 | replay=18367 | interaction_replay=8430 | samples/sec=51.933
Episode 233 complete | agent_samples=18421 | env_steps=7302 | episode_env_steps=19 | episode_agent_samples=54 | mean_reward=35.360 | success=3/5 | collision=2/5 | mean_final_distance=0.958 | mean_progress=0.0221 | min_laser=0.300 | mean_lin=0.998 | mean_ang=0.065 | mean_robot_dist=2.034 | raw_reward=20.000 | adjusted_reward=20.000 | coop_agents=0/5 | mean_coop_neighbors=0.00 | active_neighbor_step_rate=0.815 | mean_active_neighbors_step=2.444 | max_active_neighbors_step=4 | interaction_reward=0.0000 | abs_interaction_reward=0.0000 | anti_stag_reward=0.0000 | abs_anti_stag_reward=0.0000 | wall_clear_reward=0.0000 | abs_wall_clear_reward=0.0000 | local_nav_reward=0.0000 | abs_local_nav_reward=0.0000 | context_neighbors_mean=2.44 | context_neighbors_max=4 | last_context_neighbors_mean=0.00 | last_context_neighbors_max=0 | actor_unlocked=0 | expl_noise=0.0754 | replay=18421 | interaction_replay=8457 | samples/sec=51.470
Episode 234 complete | agent_samples=18520 | env_steps=7343 | episode_env_steps=41 | episode_agent_samples=99 | mean_reward=45.768 | success=3/5 | collision=2/5 | mean_final_distance=0.592 | mean_progress=0.0237 | min_laser=0.300 | mean_lin=0.596 | mean_ang=-0.621 | mean_robot_dist=2.826 | raw_reward=20.000 | adjusted_reward=20.000 | coop_agents=0/5 | mean_coop_neighbors=0.00 | active_neighbor_step_rate=0.707 | mean_active_neighbors_step=2.152 | max_active_neighbors_step=4 | interaction_reward=0.0000 | abs_interaction_reward=0.0000 | anti_stag_reward=0.0000 | abs_anti_stag_reward=0.0000 | wall_clear_reward=0.0000 | abs_wall_clear_reward=0.0000 | local_nav_reward=0.0000 | abs_local_nav_reward=0.0000 | context_neighbors_mean=2.17 | context_neighbors_max=4 | last_context_neighbors_mean=0.00 | last_context_neighbors_max=0 | actor_unlocked=0 | expl_noise=0.0754 | replay=18520 | interaction_replay=8487 | samples/sec=50.488
Episode 235 complete | agent_samples=18579 | env_steps=7360 | episode_env_steps=17 | episode_agent_samples=59 | mean_reward=105.768 | success=5/5 | collision=0/5 | mean_final_distance=0.268 | mean_progress=0.0216 | min_laser=0.421 | mean_lin=0.942 | mean_ang=0.483 | mean_robot_dist=0.931 | raw_reward=19.931 | adjusted_reward=19.931 | coop_agents=0/5 | mean_coop_neighbors=0.00 | active_neighbor_step_rate=0.814 | mean_active_neighbors_step=1.525 | max_active_neighbors_step=3 | interaction_reward=0.0000 | abs_interaction_reward=0.0000 | anti_stag_reward=0.0000 | abs_anti_stag_reward=0.0000 | wall_clear_reward=0.0000 | abs_wall_clear_reward=0.0000 | local_nav_reward=0.0000 | abs_local_nav_reward=0.0000 | context_neighbors_mean=1.64 | context_neighbors_max=3 | last_context_neighbors_mean=0.00 | last_context_neighbors_max=0 | actor_unlocked=0 | expl_noise=0.0754 | replay=18579 | interaction_replay=8532 | samples/sec=50.135
Status | epoch=1 | next_eval_in=1421 agent_samples | checkpoint_every=10 episodes | checkpoint=./checkpoints/interaction_safe_distance_from_5d_s20260725_latest.pt | model=interaction_safe_distance_from_5d_s20260725
Episode 236 complete | agent_samples=18666 | env_steps=7394 | episode_env_steps=34 | episode_agent_samples=87 | mean_reward=34.591 | success=3/5 | collision=2/5 | mean_final_distance=0.410 | mean_progress=0.0116 | min_laser=0.300 | mean_lin=0.652 | mean_ang=-0.470 | mean_robot_dist=1.669 | raw_reward=20.000 | adjusted_reward=20.000 | coop_agents=0/5 | mean_coop_neighbors=0.00 | active_neighbor_step_rate=0.609 | mean_active_neighbors_step=1.368 | max_active_neighbors_step=4 | interaction_reward=0.0000 | abs_interaction_reward=0.0000 | anti_stag_reward=0.0000 | abs_anti_stag_reward=0.0000 | wall_clear_reward=0.0000 | abs_wall_clear_reward=0.0000 | local_nav_reward=0.0000 | abs_local_nav_reward=0.0000 | context_neighbors_mean=1.39 | context_neighbors_max=4 | last_context_neighbors_mean=0.00 | last_context_neighbors_max=0 | actor_unlocked=0 | expl_noise=0.0754 | replay=18666 | interaction_replay=8581 | samples/sec=49.374
Episode 237 complete | agent_samples=18732 | env_steps=7411 | episode_env_steps=17 | episode_agent_samples=66 | mean_reward=41.356 | success=3/5 | collision=2/5 | mean_final_distance=0.518 | mean_progress=0.0239 | min_laser=0.309 | mean_lin=0.800 | mean_ang=0.208 | mean_robot_dist=3.008 | raw_reward=20.000 | adjusted_reward=20.000 | coop_agents=0/5 | mean_coop_neighbors=0.00 | active_neighbor_step_rate=0.742 | mean_active_neighbors_step=2.273 | max_active_neighbors_step=4 | interaction_reward=0.0000 | abs_interaction_reward=0.0000 | anti_stag_reward=0.0000 | abs_anti_stag_reward=0.0000 | wall_clear_reward=0.0000 | abs_wall_clear_reward=0.0000 | local_nav_reward=0.0000 | abs_local_nav_reward=0.0000 | context_neighbors_mean=2.29 | context_neighbors_max=4 | last_context_neighbors_mean=0.00 | last_context_neighbors_max=0 | actor_unlocked=0 | expl_noise=0.0754 | replay=18732 | interaction_replay=8608 | samples/sec=49.057
Episode 238 complete | agent_samples=18814 | env_steps=7437 | episode_env_steps=26 | episode_agent_samples=82 | mean_reward=120.845 | success=5/5 | collision=0/5 | mean_final_distance=0.265 | mean_progress=0.0165 | min_laser=0.451 | mean_lin=1.000 | mean_ang=0.436 | mean_robot_dist=1.517 | raw_reward=20.000 | adjusted_reward=20.000 | coop_agents=0/5 | mean_coop_neighbors=0.00 | active_neighbor_step_rate=0.634 | mean_active_neighbors_step=1.390 | max_active_neighbors_step=4 | interaction_reward=0.0000 | abs_interaction_reward=0.0000 | anti_stag_reward=0.0000 | abs_anti_stag_reward=0.0000 | wall_clear_reward=0.0000 | abs_wall_clear_reward=0.0000 | local_nav_reward=0.0000 | abs_local_nav_reward=0.0000 | context_neighbors_mean=1.40 | context_neighbors_max=4 | last_context_neighbors_mean=0.00 | last_context_neighbors_max=0 | actor_unlocked=0 | expl_noise=0.0754 | replay=18814 | interaction_replay=8625 | samples/sec=48.549
Episode 239 complete | agent_samples=18884 | env_steps=7463 | episode_env_steps=26 | episode_agent_samples=70 | mean_reward=112.112 | success=5/5 | collision=0/5 | mean_final_distance=0.261 | mean_progress=0.0052 | min_laser=0.628 | mean_lin=0.580 | mean_ang=-0.213 | mean_robot_dist=1.716 | raw_reward=20.000 | adjusted_reward=20.000 | coop_agents=0/5 | mean_coop_neighbors=0.00 | active_neighbor_step_rate=0.657 | mean_active_neighbors_step=1.286 | max_active_neighbors_step=3 | interaction_reward=0.0000 | abs_interaction_reward=0.0000 | anti_stag_reward=0.0000 | abs_anti_stag_reward=0.0000 | wall_clear_reward=0.0000 | abs_wall_clear_reward=0.0000 | local_nav_reward=0.0000 | abs_local_nav_reward=0.0000 | context_neighbors_mean=1.39 | context_neighbors_max=3 | last_context_neighbors_mean=0.00 | last_context_neighbors_max=0 | actor_unlocked=0 | expl_noise=0.0753 | replay=18884 | interaction_replay=8664 | samples/sec=48.029
Episode 240 complete | agent_samples=18937 | env_steps=7480 | episode_env_steps=17 | episode_agent_samples=53 | mean_reward=116.936 | success=5/5 | collision=0/5 | mean_final_distance=0.259 | mean_progress=0.0147 | min_laser=0.601 | mean_lin=1.000 | mean_ang=0.163 | mean_robot_dist=1.410 | raw_reward=20.000 | adjusted_reward=20.000 | coop_agents=0/5 | mean_coop_neighbors=0.00 | active_neighbor_step_rate=0.792 | mean_active_neighbors_step=2.472 | max_active_neighbors_step=4 | interaction_reward=0.0000 | abs_interaction_reward=0.0000 | anti_stag_reward=0.0000 | abs_anti_stag_reward=0.0000 | wall_clear_reward=0.0000 | abs_wall_clear_reward=0.0000 | local_nav_reward=0.0000 | abs_local_nav_reward=0.0000 | context_neighbors_mean=2.60 | context_neighbors_max=4 | last_context_neighbors_mean=0.00 | last_context_neighbors_max=0 | actor_unlocked=0 | expl_noise=0.0753 | replay=18937 | interaction_replay=8705 | samples/sec=47.694
Status | epoch=1 | next_eval_in=1063 agent_samples | checkpoint_every=10 episodes | checkpoint=./checkpoints/interaction_safe_distance_from_5d_s20260725_latest.pt | model=interaction_safe_distance_from_5d_s20260725
Checkpoint saved: ./checkpoints/interaction_safe_distance_from_5d_s20260725_latest.pt
Episode 241 complete | agent_samples=19038 | env_steps=7523 | episode_env_steps=43 | episode_agent_samples=101 | mean_reward=115.903 | success=5/5 | collision=0/5 | mean_final_distance=0.263 | mean_progress=0.0188 | min_laser=0.843 | mean_lin=1.000 | mean_ang=0.172 | mean_robot_dist=1.229 | raw_reward=20.000 | adjusted_reward=20.000 | coop_agents=0/5 | mean_coop_neighbors=0.00 | active_neighbor_step_rate=0.713 | mean_active_neighbors_step=1.842 | max_active_neighbors_step=4 | interaction_reward=0.0000 | abs_interaction_reward=0.0000 | anti_stag_reward=0.0000 | abs_anti_stag_reward=0.0000 | wall_clear_reward=0.0000 | abs_wall_clear_reward=0.0000 | local_nav_reward=0.0000 | abs_local_nav_reward=0.0000 | context_neighbors_mean=1.90 | context_neighbors_max=4 | last_context_neighbors_mean=0.00 | last_context_neighbors_max=0 | actor_unlocked=0 | expl_noise=0.0753 | replay=19038 | interaction_replay=8733 | samples/sec=46.804
Episode 242 complete | agent_samples=19131 | env_steps=7564 | episode_env_steps=41 | episode_agent_samples=93 | mean_reward=114.075 | success=5/5 | collision=0/5 | mean_final_distance=0.264 | mean_progress=0.0024 | min_laser=0.567 | mean_lin=0.995 | mean_ang=0.188 | mean_robot_dist=1.006 | raw_reward=20.000 | adjusted_reward=20.000 | coop_agents=0/5 | mean_coop_neighbors=0.00 | active_neighbor_step_rate=0.699 | mean_active_neighbors_step=1.667 | max_active_neighbors_step=4 | interaction_reward=0.0000 | abs_interaction_reward=0.0000 | anti_stag_reward=0.0000 | abs_anti_stag_reward=0.0000 | wall_clear_reward=0.0000 | abs_wall_clear_reward=0.0000 | local_nav_reward=0.0000 | abs_local_nav_reward=0.0000 | context_neighbors_mean=1.67 | context_neighbors_max=4 | last_context_neighbors_mean=0.00 | last_context_neighbors_max=0 | actor_unlocked=0 | expl_noise=0.0753 | replay=19131 | interaction_replay=8737 | samples/sec=46.024
Episode 243 complete | agent_samples=19253 | env_steps=7645 | episode_env_steps=81 | episode_agent_samples=122 | mean_reward=112.935 | success=5/5 | collision=0/5 | mean_final_distance=0.237 | mean_progress=0.0096 | min_laser=0.717 | mean_lin=0.985 | mean_ang=0.599 | mean_robot_dist=2.143 | raw_reward=20.000 | adjusted_reward=20.000 | coop_agents=0/5 | mean_coop_neighbors=0.00 | active_neighbor_step_rate=0.369 | mean_active_neighbors_step=0.877 | max_active_neighbors_step=4 | interaction_reward=0.0000 | abs_interaction_reward=0.0000 | anti_stag_reward=0.0000 | abs_anti_stag_reward=0.0000 | wall_clear_reward=0.0000 | abs_wall_clear_reward=0.0000 | local_nav_reward=0.0000 | abs_local_nav_reward=0.0000 | context_neighbors_mean=0.91 | context_neighbors_max=4 | last_context_neighbors_mean=0.00 | last_context_neighbors_max=0 | actor_unlocked=0 | expl_noise=0.0752 | replay=19253 | interaction_replay=8759 | samples/sec=44.447
Episode 244 complete | agent_samples=19348 | env_steps=7678 | episode_env_steps=33 | episode_agent_samples=95 | mean_reward=121.400 | success=5/5 | collision=0/5 | mean_final_distance=0.274 | mean_progress=0.0077 | min_laser=0.548 | mean_lin=0.865 | mean_ang=-0.200 | mean_robot_dist=1.541 | raw_reward=20.000 | adjusted_reward=20.000 | coop_agents=0/5 | mean_coop_neighbors=0.00 | active_neighbor_step_rate=0.579 | mean_active_neighbors_step=1.316 | max_active_neighbors_step=4 | interaction_reward=0.0000 | abs_interaction_reward=0.0000 | anti_stag_reward=0.0000 | abs_anti_stag_reward=0.0000 | wall_clear_reward=0.0000 | abs_wall_clear_reward=0.0000 | local_nav_reward=0.0000 | abs_local_nav_reward=0.0000 | context_neighbors_mean=1.34 | context_neighbors_max=4 | last_context_neighbors_mean=0.00 | last_context_neighbors_max=0 | actor_unlocked=0 | expl_noise=0.0752 | replay=19348 | interaction_replay=8790 | samples/sec=43.937
Episode 245 complete | agent_samples=19385 | env_steps=7691 | episode_env_steps=13 | episode_agent_samples=37 | mean_reward=23.132 | success=3/5 | collision=2/5 | mean_final_distance=0.805 | mean_progress=0.0217 | min_laser=0.312 | mean_lin=0.794 | mean_ang=-0.154 | mean_robot_dist=1.712 | raw_reward=20.000 | adjusted_reward=20.000 | coop_agents=0/5 | mean_coop_neighbors=0.00 | active_neighbor_step_rate=0.757 | mean_active_neighbors_step=2.135 | max_active_neighbors_step=4 | interaction_reward=0.0000 | abs_interaction_reward=0.0000 | anti_stag_reward=0.0000 | abs_anti_stag_reward=0.0000 | wall_clear_reward=0.0000 | abs_wall_clear_reward=0.0000 | local_nav_reward=0.0000 | abs_local_nav_reward=0.0000 | context_neighbors_mean=2.16 | context_neighbors_max=4 | last_context_neighbors_mean=0.00 | last_context_neighbors_max=0 | actor_unlocked=0 | expl_noise=0.0752 | replay=19385 | interaction_replay=8798 | samples/sec=43.731
Status | epoch=1 | next_eval_in=615 agent_samples | checkpoint_every=10 episodes | checkpoint=./checkpoints/interaction_safe_distance_from_5d_s20260725_latest.pt | model=interaction_safe_distance_from_5d_s20260725
Episode 246 complete | agent_samples=19468 | env_steps=7720 | episode_env_steps=29 | episode_agent_samples=83 | mean_reward=129.885 | success=5/5 | collision=0/5 | mean_final_distance=0.226 | mean_progress=0.0246 | min_laser=0.430 | mean_lin=0.985 | mean_ang=-0.253 | mean_robot_dist=2.809 | raw_reward=20.000 | adjusted_reward=20.000 | coop_agents=0/5 | mean_coop_neighbors=0.00 | active_neighbor_step_rate=0.747 | mean_active_neighbors_step=1.639 | max_active_neighbors_step=4 | interaction_reward=0.0000 | abs_interaction_reward=0.0000 | anti_stag_reward=0.0000 | abs_anti_stag_reward=0.0000 | wall_clear_reward=0.0000 | abs_wall_clear_reward=0.0000 | local_nav_reward=0.0000 | abs_local_nav_reward=0.0000 | context_neighbors_mean=1.67 | context_neighbors_max=4 | last_context_neighbors_mean=0.00 | last_context_neighbors_max=0 | actor_unlocked=0 | expl_noise=0.0752 | replay=19468 | interaction_replay=8821 | samples/sec=43.298
Episode 247 complete | agent_samples=19580 | env_steps=7758 | episode_env_steps=38 | episode_agent_samples=112 | mean_reward=33.903 | success=3/5 | collision=2/5 | mean_final_distance=0.513 | mean_progress=0.0140 | min_laser=0.332 | mean_lin=1.000 | mean_ang=0.681 | mean_robot_dist=1.742 | raw_reward=20.000 | adjusted_reward=20.000 | coop_agents=0/5 | mean_coop_neighbors=0.00 | active_neighbor_step_rate=0.839 | mean_active_neighbors_step=1.723 | max_active_neighbors_step=4 | interaction_reward=0.0000 | abs_interaction_reward=0.0000 | anti_stag_reward=0.0000 | abs_anti_stag_reward=0.0000 | wall_clear_reward=0.0000 | abs_wall_clear_reward=0.0000 | local_nav_reward=0.0000 | abs_local_nav_reward=0.0000 | context_neighbors_mean=1.73 | context_neighbors_max=4 | last_context_neighbors_mean=0.00 | last_context_neighbors_max=0 | actor_unlocked=0 | expl_noise=0.0752 | replay=19580 | interaction_replay=8888 | samples/sec=42.761
Episode 248 complete | agent_samples=19933 | env_steps=8058 | episode_env_steps=300 | episode_agent_samples=353 | mean_reward=98.364 | success=4/5 | collision=0/5 | mean_final_distance=0.624 | mean_progress=-0.0000 | min_laser=0.694 | mean_lin=0.740 | mean_ang=-0.384 | mean_robot_dist=1.814 | raw_reward=-0.001 | adjusted_reward=-0.001 | coop_agents=0/5 | mean_coop_neighbors=0.00 | active_neighbor_step_rate=0.167 | mean_active_neighbors_step=0.408 | max_active_neighbors_step=4 | interaction_reward=0.0000 | abs_interaction_reward=0.0000 | anti_stag_reward=0.0000 | abs_anti_stag_reward=0.0000 | wall_clear_reward=0.0000 | abs_wall_clear_reward=0.0000 | local_nav_reward=0.0000 | abs_local_nav_reward=0.0000 | context_neighbors_mean=0.41 | context_neighbors_max=4 | last_context_neighbors_mean=0.00 | last_context_neighbors_max=0 | actor_unlocked=0 | expl_noise=0.0750 | replay=19933 | interaction_replay=8918 | samples/sec=38.169
Episode 249 complete | agent_samples=20026 | env_steps=8083 | episode_env_steps=25 | episode_agent_samples=93 | mean_reward=29.249 | success=3/5 | collision=2/5 | mean_final_distance=0.411 | mean_progress=0.0080 | min_laser=0.300 | mean_lin=0.792 | mean_ang=0.020 | mean_robot_dist=3.598 | raw_reward=20.000 | adjusted_reward=20.000 | coop_agents=0/5 | mean_coop_neighbors=0.00 | active_neighbor_step_rate=0.914 | mean_active_neighbors_step=2.763 | max_active_neighbors_step=4 | interaction_reward=0.0000 | abs_interaction_reward=0.0000 | anti_stag_reward=0.0000 | abs_anti_stag_reward=0.0000 | wall_clear_reward=0.0000 | abs_wall_clear_reward=0.0000 | local_nav_reward=0.0000 | abs_local_nav_reward=0.0000 | context_neighbors_mean=2.80 | context_neighbors_max=4 | last_context_neighbors_mean=0.00 | last_context_neighbors_max=0 | actor_unlocked=0 | expl_noise=0.0749 | replay=20026 | interaction_replay=8942 | samples/sec=37.942
Validating multi-agent policy at agent_samples=20026 env_steps=8083
Manifest switched: strong-interaction-curriculum-validation-v1 | scenarios=140 | sampling=cycle | path=/home/jiutian/Local-Critic-Multi-Robot-Navigation-gate/experiments/04_保留专门化/05_论文主线/datasets/fixed_v1/views/strong_interaction_curriculum_v1/validation.json.gz
Validation progress | epoch=1 | episodes=10/140 | success_rate=0.800 | collision_rate=0.200 | full_success_rate=0.400 | timeout_rate=0.000
Validation progress | epoch=1 | episodes=20/140 | success_rate=0.780 | collision_rate=0.220 | full_success_rate=0.300 | timeout_rate=0.000
Validation progress | epoch=1 | episodes=30/140 | success_rate=0.807 | collision_rate=0.193 | full_success_rate=0.367 | timeout_rate=0.000
Validation progress | epoch=1 | episodes=40/140 | success_rate=0.795 | collision_rate=0.205 | full_success_rate=0.350 | timeout_rate=0.000
Validation progress | epoch=1 | episodes=50/140 | success_rate=0.792 | collision_rate=0.208 | full_success_rate=0.340 | timeout_rate=0.000
Validation progress | epoch=1 | episodes=60/140 | success_rate=0.790 | collision_rate=0.210 | full_success_rate=0.350 | timeout_rate=0.000
Validation progress | epoch=1 | episodes=70/140 | success_rate=0.800 | collision_rate=0.200 | full_success_rate=0.386 | timeout_rate=0.000
Validation progress | epoch=1 | episodes=80/140 | success_rate=0.800 | collision_rate=0.200 | full_success_rate=0.400 | timeout_rate=0.000
Validation progress | epoch=1 | episodes=90/140 | success_rate=0.809 | collision_rate=0.191 | full_success_rate=0.433 | timeout_rate=0.000
Validation progress | epoch=1 | episodes=100/140 | success_rate=0.810 | collision_rate=0.190 | full_success_rate=0.440 | timeout_rate=0.000
Validation progress | epoch=1 | episodes=110/140 | success_rate=0.809 | collision_rate=0.191 | full_success_rate=0.445 | timeout_rate=0.000
Validation progress | epoch=1 | episodes=120/140 | success_rate=0.813 | collision_rate=0.187 | full_success_rate=0.458 | timeout_rate=0.000
Validation progress | epoch=1 | episodes=130/140 | success_rate=0.818 | collision_rate=0.182 | full_success_rate=0.469 | timeout_rate=0.000
Validation progress | epoch=1 | episodes=140/140 | success_rate=0.823 | collision_rate=0.177 | full_success_rate=0.486 | timeout_rate=0.000
..............................................
Multi-Agent Eval Epoch 1 | avg_reward=78.863 | success_rate=0.823 | collision_rate=0.177 | unresolved_rate=0.000 | full_success_rate=0.486 | timeout_episode_rate=0.000 | avg_env_steps=31.4 | avg_final_distance=0.315
Eval success_hist 0..N: [0, 0, 3, 46, 23, 68]
Eval collision_hist 0..N: [68, 23, 46, 3, 0, 0]
Eval oracle strong-actor activation rate: 0.4437 (5039/11356 agent steps)
Eval interaction stratum | band=close | episodes=40 | success_rate=0.875 | collision_rate=0.125 | unresolved_rate=0.000 | full_success_rate=0.625 | timeout_rate=0.000 | avg_steps=33.8
Eval interaction stratum | band=deep | episodes=60 | success_rate=0.690 | collision_rate=0.310 | unresolved_rate=0.000 | full_success_rate=0.117 | timeout_rate=0.000 | avg_steps=28.0
Eval interaction stratum | band=margin | episodes=40 | success_rate=0.970 | collision_rate=0.030 | unresolved_rate=0.000 | full_success_rate=0.900 | timeout_rate=0.000 | avg_steps=33.9
..............................................
Manifest switched: strong-interaction-stage2-train-v1 | scenarios=640 | sampling=random | path=/home/jiutian/Local-Critic-Multi-Robot-Navigation-gate/experiments/04_保留专门化/05_论文主线/datasets/fixed_v1/views/strong_interaction_curriculum_v1/stage2_train.json.gz
Epoch model snapshot saved: interaction_safe_distance_from_5d_s20260725_epoch_001
Checkpoint saved: ./checkpoints/interaction_safe_distance_from_5d_s20260725_latest.pt
Best checkpoint updated | epoch=1 | success_rate=0.823 | collision_rate=0.177 | full_success_rate=0.486 | unresolved_rate=0.000 | avg_reward=78.863 | metric=full_success | path=./checkpoints/interaction_safe_distance_from_5d_s20260725_best.pt
Next epoch will start from 2. Resume keeps this counter in ./checkpoints/interaction_safe_distance_from_5d_s20260725_latest.pt
Episode 250 complete | agent_samples=20160 | env_steps=8124 | episode_env_steps=41 | episode_agent_samples=134 | mean_reward=118.917 | success=5/5 | collision=0/5 | mean_final_distance=0.252 | mean_progress=0.0102 | min_laser=0.386 | mean_lin=0.998 | mean_ang=-0.600 | mean_robot_dist=1.838 | raw_reward=20.000 | adjusted_reward=20.000 | coop_agents=0/5 | mean_coop_neighbors=0.00 | active_neighbor_step_rate=0.791 | mean_active_neighbors_step=1.575 | max_active_neighbors_step=4 | interaction_reward=0.0000 | abs_interaction_reward=0.0000 | anti_stag_reward=0.0000 | abs_anti_stag_reward=0.0000 | wall_clear_reward=0.0000 | abs_wall_clear_reward=0.0000 | local_nav_reward=0.0000 | abs_local_nav_reward=0.0000 | context_neighbors_mean=1.60 | context_neighbors_max=4 | last_context_neighbors_mean=0.00 | last_context_neighbors_max=0 | actor_unlocked=0 | expl_noise=0.0749 | replay=20160 | interaction_replay=8972 | samples/sec=13.501
Status | epoch=2 | next_eval_in=19840 agent_samples | checkpoint_every=10 episodes | checkpoint=./checkpoints/interaction_safe_distance_from_5d_s20260725_latest.pt | model=interaction_safe_distance_from_5d_s20260725
Checkpoint saved: ./checkpoints/interaction_safe_distance_from_5d_s20260725_latest.pt
Episode 251 complete | agent_samples=20215 | env_steps=8137 | episode_env_steps=13 | episode_agent_samples=55 | mean_reward=45.344 | success=3/5 | collision=2/5 | mean_final_distance=0.488 | mean_progress=0.0658 | min_laser=0.300 | mean_lin=0.791 | mean_ang=0.513 | mean_robot_dist=0.830 | raw_reward=-20.929 | adjusted_reward=-15.358 | coop_agents=2/5 | mean_coop_neighbors=0.80 | active_neighbor_step_rate=0.818 | mean_active_neighbors_step=2.000 | max_active_neighbors_step=4 | interaction_reward=0.0000 | abs_interaction_reward=0.0000 | anti_stag_reward=0.0000 | abs_anti_stag_reward=0.0000 | wall_clear_reward=0.0000 | abs_wall_clear_reward=0.0000 | local_nav_reward=0.0000 | abs_local_nav_reward=0.0000 | context_neighbors_mean=2.07 | context_neighbors_max=4 | last_context_neighbors_mean=0.00 | last_context_neighbors_max=0 | actor_unlocked=0 | expl_noise=0.0749 | replay=20215 | interaction_replay=9020 | samples/sec=13.507
Episode 252 complete | agent_samples=20271 | env_steps=8153 | episode_env_steps=16 | episode_agent_samples=56 | mean_reward=19.679 | success=3/5 | collision=2/5 | mean_final_distance=0.492 | mean_progress=0.0050 | min_laser=0.302 | mean_lin=0.815 | mean_ang=-0.234 | mean_robot_dist=1.334 | raw_reward=20.000 | adjusted_reward=20.000 | coop_agents=0/5 | mean_coop_neighbors=0.00 | active_neighbor_step_rate=0.875 | mean_active_neighbors_step=2.375 | max_active_neighbors_step=4 | interaction_reward=0.0000 | abs_interaction_reward=0.0000 | anti_stag_reward=0.0000 | abs_anti_stag_reward=0.0000 | wall_clear_reward=0.0000 | abs_wall_clear_reward=0.0000 | local_nav_reward=0.0000 | abs_local_nav_reward=0.0000 | context_neighbors_mean=2.39 | context_neighbors_max=4 | last_context_neighbors_mean=0.00 | last_context_neighbors_max=0 | actor_unlocked=0 | expl_noise=0.0749 | replay=20271 | interaction_replay=9069 | samples/sec=13.512
Episode 253 complete | agent_samples=20366 | env_steps=8193 | episode_env_steps=40 | episode_agent_samples=95 | mean_reward=78.196 | success=4/5 | collision=1/5 | mean_final_distance=0.502 | mean_progress=0.0042 | min_laser=0.331 | mean_lin=0.800 | mean_ang=-0.249 | mean_robot_dist=1.811 | raw_reward=20.000 | adjusted_reward=20.000 | coop_agents=0/5 | mean_coop_neighbors=0.00 | active_neighbor_step_rate=0.779 | mean_active_neighbors_step=1.811 | max_active_neighbors_step=4 | interaction_reward=0.0000 | abs_interaction_reward=0.0000 | anti_stag_reward=0.0000 | abs_anti_stag_reward=0.0000 | wall_clear_reward=0.0000 | abs_wall_clear_reward=0.0000 | local_nav_reward=0.0000 | abs_local_nav_reward=0.0000 | context_neighbors_mean=1.84 | context_neighbors_max=4 | last_context_neighbors_mean=0.00 | last_context_neighbors_max=0 | actor_unlocked=0 | expl_noise=0.0749 | replay=20366 | interaction_replay=9091 | samples/sec=13.496
Episode 254 complete | agent_samples=20408 | env_steps=8204 | episode_env_steps=11 | episode_agent_samples=42 | mean_reward=32.619 | success=3/5 | collision=2/5 | mean_final_distance=0.518 | mean_progress=0.0192 | min_laser=0.304 | mean_lin=0.602 | mean_ang=-0.190 | mean_robot_dist=1.763 | raw_reward=20.000 | adjusted_reward=20.000 | coop_agents=0/5 | mean_coop_neighbors=0.00 | active_neighbor_step_rate=0.786 | mean_active_neighbors_step=1.500 | max_active_neighbors_step=4 | interaction_reward=0.0000 | abs_interaction_reward=0.0000 | anti_stag_reward=0.0000 | abs_anti_stag_reward=0.0000 | wall_clear_reward=0.0000 | abs_wall_clear_reward=0.0000 | local_nav_reward=0.0000 | abs_local_nav_reward=0.0000 | context_neighbors_mean=1.62 | context_neighbors_max=4 | last_context_neighbors_mean=0.00 | last_context_neighbors_max=0 | actor_unlocked=0 | expl_noise=0.0749 | replay=20408 | interaction_replay=9122 | samples/sec=13.501
Episode 255 complete | agent_samples=20472 | env_steps=8229 | episode_env_steps=25 | episode_agent_samples=64 | mean_reward=72.672 | success=4/5 | collision=1/5 | mean_final_distance=0.572 | mean_progress=0.0098 | min_laser=0.321 | mean_lin=0.793 | mean_ang=-0.193 | mean_robot_dist=1.890 | raw_reward=20.000 | adjusted_reward=20.000 | coop_agents=0/5 | mean_coop_neighbors=0.00 | active_neighbor_step_rate=0.516 | mean_active_neighbors_step=0.812 | max_active_neighbors_step=4 | interaction_reward=0.0000 | abs_interaction_reward=0.0000 | anti_stag_reward=0.0000 | abs_anti_stag_reward=0.0000 | wall_clear_reward=0.0000 | abs_wall_clear_reward=0.0000 | local_nav_reward=0.0000 | abs_local_nav_reward=0.0000 | context_neighbors_mean=0.81 | context_neighbors_max=4 | last_context_neighbors_mean=0.00 | last_context_neighbors_max=0 | actor_unlocked=0 | expl_noise=0.0749 | replay=20472 | interaction_replay=9145 | samples/sec=13.495
Status | epoch=2 | next_eval_in=19528 agent_samples | checkpoint_every=10 episodes | checkpoint=./checkpoints/interaction_safe_distance_from_5d_s20260725_latest.pt | model=interaction_safe_distance_from_5d_s20260725
Episode 256 complete | agent_samples=20586 | env_steps=8270 | episode_env_steps=41 | episode_agent_samples=114 | mean_reward=132.630 | success=5/5 | collision=0/5 | mean_final_distance=0.236 | mean_progress=0.0189 | min_laser=0.389 | mean_lin=1.000 | mean_ang=0.542 | mean_robot_dist=1.102 | raw_reward=20.000 | adjusted_reward=20.000 | coop_agents=0/5 | mean_coop_neighbors=0.00 | active_neighbor_step_rate=0.693 | mean_active_neighbors_step=1.693 | max_active_neighbors_step=4 | interaction_reward=0.0000 | abs_interaction_reward=0.0000 | anti_stag_reward=0.0000 | abs_anti_stag_reward=0.0000 | wall_clear_reward=0.0000 | abs_wall_clear_reward=0.0000 | local_nav_reward=0.0000 | abs_local_nav_reward=0.0000 | context_neighbors_mean=1.71 | context_neighbors_max=4 | last_context_neighbors_mean=0.00 | last_context_neighbors_max=0 | actor_unlocked=0 | expl_noise=0.0748 | replay=20586 | interaction_replay=9182 | samples/sec=13.490
Episode 257 complete | agent_samples=20643 | env_steps=8285 | episode_env_steps=15 | episode_agent_samples=57 | mean_reward=32.177 | success=3/5 | collision=2/5 | mean_final_distance=0.395 | mean_progress=0.0230 | min_laser=0.308 | mean_lin=0.827 | mean_ang=0.019 | mean_robot_dist=1.349 | raw_reward=20.000 | adjusted_reward=20.000 | coop_agents=0/5 | mean_coop_neighbors=0.00 | active_neighbor_step_rate=0.947 | mean_active_neighbors_step=2.439 | max_active_neighbors_step=4 | interaction_reward=0.0000 | abs_interaction_reward=0.0000 | anti_stag_reward=0.0000 | abs_anti_stag_reward=0.0000 | wall_clear_reward=0.0000 | abs_wall_clear_reward=0.0000 | local_nav_reward=0.0000 | abs_local_nav_reward=0.0000 | context_neighbors_mean=2.51 | context_neighbors_max=4 | last_context_neighbors_mean=0.00 | last_context_neighbors_max=0 | actor_unlocked=0 | expl_noise=0.0748 | replay=20643 | interaction_replay=9231 | samples/sec=13.498
Episode 258 complete | agent_samples=20723 | env_steps=8311 | episode_env_steps=26 | episode_agent_samples=80 | mean_reward=114.006 | success=5/5 | collision=0/5 | mean_final_distance=0.266 | mean_progress=0.0101 | min_laser=0.643 | mean_lin=0.938 | mean_ang=0.073 | mean_robot_dist=1.447 | raw_reward=20.000 | adjusted_reward=20.000 | coop_agents=0/5 | mean_coop_neighbors=0.00 | active_neighbor_step_rate=0.650 | mean_active_neighbors_step=1.425 | max_active_neighbors_step=4 | interaction_reward=0.0000 | abs_interaction_reward=0.0000 | anti_stag_reward=0.0000 | abs_anti_stag_reward=0.0000 | wall_clear_reward=0.0000 | abs_wall_clear_reward=0.0000 | local_nav_reward=0.0000 | abs_local_nav_reward=0.0000 | context_neighbors_mean=1.48 | context_neighbors_max=4 | last_context_neighbors_mean=0.00 | last_context_neighbors_max=0 | actor_unlocked=0 | expl_noise=0.0748 | replay=20723 | interaction_replay=9286 | samples/sec=13.500
Episode 259 complete | agent_samples=20858 | env_steps=8357 | episode_env_steps=46 | episode_agent_samples=135 | mean_reward=126.637 | success=5/5 | collision=0/5 | mean_final_distance=0.256 | mean_progress=0.0097 | min_laser=0.509 | mean_lin=1.000 | mean_ang=0.182 | mean_robot_dist=1.576 | raw_reward=20.000 | adjusted_reward=20.000 | coop_agents=0/5 | mean_coop_neighbors=0.00 | active_neighbor_step_rate=0.741 | mean_active_neighbors_step=1.533 | max_active_neighbors_step=4 | interaction_reward=0.0000 | abs_interaction_reward=0.0000 | anti_stag_reward=0.0000 | abs_anti_stag_reward=0.0000 | wall_clear_reward=0.0000 | abs_wall_clear_reward=0.0000 | local_nav_reward=0.0000 | abs_local_nav_reward=0.0000 | context_neighbors_mean=1.56 | context_neighbors_max=4 | last_context_neighbors_mean=0.00 | last_context_neighbors_max=0 | actor_unlocked=0 | expl_noise=0.0748 | replay=20858 | interaction_replay=9320 | samples/sec=13.500
Episode 260 complete | agent_samples=20934 | env_steps=8385 | episode_env_steps=28 | episode_agent_samples=76 | mean_reward=116.666 | success=5/5 | collision=0/5 | mean_final_distance=0.262 | mean_progress=0.0130 | min_laser=0.448 | mean_lin=0.622 | mean_ang=-0.599 | mean_robot_dist=1.689 | raw_reward=20.000 | adjusted_reward=20.000 | coop_agents=0/5 | mean_coop_neighbors=0.00 | active_neighbor_step_rate=0.474 | mean_active_neighbors_step=0.711 | max_active_neighbors_step=3 | interaction_reward=0.0000 | abs_interaction_reward=0.0000 | anti_stag_reward=0.0000 | abs_anti_stag_reward=0.0000 | wall_clear_reward=0.0000 | abs_wall_clear_reward=0.0000 | local_nav_reward=0.0000 | abs_local_nav_reward=0.0000 | context_neighbors_mean=0.72 | context_neighbors_max=3 | last_context_neighbors_mean=0.00 | last_context_neighbors_max=0 | actor_unlocked=0 | expl_noise=0.0748 | replay=20934 | interaction_replay=9342 | samples/sec=13.495
Status | epoch=2 | next_eval_in=19066 agent_samples | checkpoint_every=10 episodes | checkpoint=./checkpoints/interaction_safe_distance_from_5d_s20260725_latest.pt | model=interaction_safe_distance_from_5d_s20260725
Checkpoint saved: ./checkpoints/interaction_safe_distance_from_5d_s20260725_latest.pt
Episode 261 complete | agent_samples=21019 | env_steps=8429 | episode_env_steps=44 | episode_agent_samples=85 | mean_reward=113.118 | success=5/5 | collision=0/5 | mean_final_distance=0.241 | mean_progress=0.0179 | min_laser=0.588 | mean_lin=0.803 | mean_ang=0.196 | mean_robot_dist=1.544 | raw_reward=20.000 | adjusted_reward=20.000 | coop_agents=0/5 | mean_coop_neighbors=0.00 | active_neighbor_step_rate=0.600 | mean_active_neighbors_step=1.494 | max_active_neighbors_step=4 | interaction_reward=0.0000 | abs_interaction_reward=0.0000 | anti_stag_reward=0.0000 | abs_anti_stag_reward=0.0000 | wall_clear_reward=0.0000 | abs_wall_clear_reward=0.0000 | local_nav_reward=0.0000 | abs_local_nav_reward=0.0000 | context_neighbors_mean=1.53 | context_neighbors_max=4 | last_context_neighbors_mean=0.00 | last_context_neighbors_max=0 | actor_unlocked=1 | expl_noise=0.0747 | replay=21019 | interaction_replay=9386 | samples/sec=13.462
Episode 262 complete | agent_samples=21094 | env_steps=8459 | episode_env_steps=30 | episode_agent_samples=75 | mean_reward=73.807 | success=4/5 | collision=1/5 | mean_final_distance=0.502 | mean_progress=0.0058 | min_laser=0.311 | mean_lin=1.000 | mean_ang=-0.200 | mean_robot_dist=2.101 | raw_reward=20.000 | adjusted_reward=20.000 | coop_agents=0/5 | mean_coop_neighbors=0.00 | active_neighbor_step_rate=0.640 | mean_active_neighbors_step=1.680 | max_active_neighbors_step=4 | interaction_reward=0.0000 | abs_interaction_reward=0.0000 | anti_stag_reward=0.0000 | abs_anti_stag_reward=0.0000 | wall_clear_reward=0.0000 | abs_wall_clear_reward=0.0000 | local_nav_reward=0.0000 | abs_local_nav_reward=0.0000 | context_neighbors_mean=1.73 | context_neighbors_max=4 | last_context_neighbors_mean=0.00 | last_context_neighbors_max=0 | actor_unlocked=1 | expl_noise=0.0747 | replay=21094 | interaction_replay=9402 | samples/sec=13.454
Episode 263 complete | agent_samples=21158 | env_steps=8488 | episode_env_steps=29 | episode_agent_samples=64 | mean_reward=106.527 | success=5/5 | collision=0/5 | mean_final_distance=0.263 | mean_progress=0.0080 | min_laser=0.425 | mean_lin=0.995 | mean_ang=-0.205 | mean_robot_dist=1.123 | raw_reward=20.000 | adjusted_reward=20.000 | coop_agents=0/5 | mean_coop_neighbors=0.00 | active_neighbor_step_rate=0.641 | mean_active_neighbors_step=1.797 | max_active_neighbors_step=4 | interaction_reward=0.0000 | abs_interaction_reward=0.0000 | anti_stag_reward=0.0000 | abs_anti_stag_reward=0.0000 | wall_clear_reward=0.0000 | abs_wall_clear_reward=0.0000 | local_nav_reward=0.0000 | abs_local_nav_reward=0.0000 | context_neighbors_mean=1.81 | context_neighbors_max=4 | last_context_neighbors_mean=0.00 | last_context_neighbors_max=0 | actor_unlocked=1 | expl_noise=0.0747 | replay=21158 | interaction_replay=9442 | samples/sec=13.440
Episode 264 complete | agent_samples=21257 | env_steps=8528 | episode_env_steps=40 | episode_agent_samples=99 | mean_reward=108.134 | success=5/5 | collision=0/5 | mean_final_distance=0.277 | mean_progress=0.0087 | min_laser=0.501 | mean_lin=0.926 | mean_ang=-0.557 | mean_robot_dist=0.787 | raw_reward=19.787 | adjusted_reward=19.787 | coop_agents=0/5 | mean_coop_neighbors=0.00 | active_neighbor_step_rate=0.636 | mean_active_neighbors_step=1.525 | max_active_neighbors_step=4 | interaction_reward=0.0000 | abs_interaction_reward=0.0000 | anti_stag_reward=0.0000 | abs_anti_stag_reward=0.0000 | wall_clear_reward=0.0000 | abs_wall_clear_reward=0.0000 | local_nav_reward=0.0000 | abs_local_nav_reward=0.0000 | context_neighbors_mean=1.60 | context_neighbors_max=4 | last_context_neighbors_mean=0.00 | last_context_neighbors_max=0 | actor_unlocked=1 | expl_noise=0.0747 | replay=21257 | interaction_replay=9507 | samples/sec=13.428
Episode 265 complete | agent_samples=21507 | env_steps=8705 | episode_env_steps=177 | episode_agent_samples=250 | mean_reward=84.479 | success=4/5 | collision=1/5 | mean_final_distance=0.655 | mean_progress=-0.0097 | min_laser=0.300 | mean_lin=1.000 | mean_ang=0.568 | mean_robot_dist=4.657 | raw_reward=-20.000 | adjusted_reward=-20.000 | coop_agents=0/5 | mean_coop_neighbors=0.00 | active_neighbor_step_rate=0.364 | mean_active_neighbors_step=1.104 | max_active_neighbors_step=4 | interaction_reward=0.0000 | abs_interaction_reward=0.0000 | anti_stag_reward=0.0000 | abs_anti_stag_reward=0.0000 | wall_clear_reward=0.0000 | abs_wall_clear_reward=0.0000 | local_nav_reward=0.0000 | abs_local_nav_reward=0.0000 | context_neighbors_mean=1.11 | context_neighbors_max=4 | last_context_neighbors_mean=0.00 | last_context_neighbors_max=0 | actor_unlocked=1 | expl_noise=0.0746 | replay=21507 | interaction_replay=9552 | samples/sec=13.266
Status | epoch=2 | next_eval_in=18493 agent_samples | checkpoint_every=10 episodes | checkpoint=./checkpoints/interaction_safe_distance_from_5d_s20260725_latest.pt | model=interaction_safe_distance_from_5d_s20260725
Episode 266 complete | agent_samples=21611 | env_steps=8739 | episode_env_steps=34 | episode_agent_samples=104 | mean_reward=68.475 | success=4/5 | collision=1/5 | mean_final_distance=0.308 | mean_progress=0.0213 | min_laser=0.350 | mean_lin=0.774 | mean_ang=-0.189 | mean_robot_dist=0.999 | raw_reward=19.999 | adjusted_reward=19.999 | coop_agents=0/5 | mean_coop_neighbors=0.00 | active_neighbor_step_rate=0.817 | mean_active_neighbors_step=2.375 | max_active_neighbors_step=4 | interaction_reward=0.0000 | abs_interaction_reward=0.0000 | anti_stag_reward=0.0000 | abs_anti_stag_reward=0.0000 | wall_clear_reward=0.0000 | abs_wall_clear_reward=0.0000 | local_nav_reward=0.0000 | abs_local_nav_reward=0.0000 | context_neighbors_mean=2.40 | context_neighbors_max=4 | last_context_neighbors_mean=0.00 | last_context_neighbors_max=0 | actor_unlocked=1 | expl_noise=0.0745 | replay=21611 | interaction_replay=9582 | samples/sec=13.268
Episode 267 complete | agent_samples=21662 | env_steps=8750 | episode_env_steps=11 | episode_agent_samples=51 | mean_reward=37.250 | success=3/5 | collision=2/5 | mean_final_distance=0.431 | mean_progress=0.0386 | min_laser=0.300 | mean_lin=0.789 | mean_ang=-0.218 | mean_robot_dist=1.486 | raw_reward=40.000 | adjusted_reward=40.000 | coop_agents=1/5 | mean_coop_neighbors=0.20 | active_neighbor_step_rate=0.765 | mean_active_neighbors_step=2.059 | max_active_neighbors_step=4 | interaction_reward=0.0000 | abs_interaction_reward=0.0000 | anti_stag_reward=0.0000 | abs_anti_stag_reward=0.0000 | wall_clear_reward=0.0000 | abs_wall_clear_reward=0.0000 | local_nav_reward=0.0000 | abs_local_nav_reward=0.0000 | context_neighbors_mean=2.20 | context_neighbors_max=4 | last_context_neighbors_mean=0.00 | last_context_neighbors_max=0 | actor_unlocked=1 | expl_noise=0.0745 | replay=21662 | interaction_replay=9621 | samples/sec=13.279
Episode 268 complete | agent_samples=21727 | env_steps=8775 | episode_env_steps=25 | episode_agent_samples=65 | mean_reward=72.638 | success=4/5 | collision=1/5 | mean_final_distance=0.499 | mean_progress=0.0029 | min_laser=0.301 | mean_lin=0.599 | mean_ang=-0.094 | mean_robot_dist=0.850 | raw_reward=19.850 | adjusted_reward=19.850 | coop_agents=0/5 | mean_coop_neighbors=0.00 | active_neighbor_step_rate=0.462 | mean_active_neighbors_step=1.354 | max_active_neighbors_step=4 | interaction_reward=0.0000 | abs_interaction_reward=0.0000 | anti_stag_reward=0.0000 | abs_anti_stag_reward=0.0000 | wall_clear_reward=0.0000 | abs_wall_clear_reward=0.0000 | local_nav_reward=0.0000 | abs_local_nav_reward=0.0000 | context_neighbors_mean=1.43 | context_neighbors_max=4 | last_context_neighbors_mean=0.00 | last_context_neighbors_max=0 | actor_unlocked=1 | expl_noise=0.0745 | replay=21727 | interaction_replay=9654 | samples/sec=13.274
Episode 269 complete | agent_samples=21768 | env_steps=8786 | episode_env_steps=11 | episode_agent_samples=41 | mean_reward=26.857 | success=3/5 | collision=2/5 | mean_final_distance=0.475 | mean_progress=0.0164 | min_laser=0.310 | mean_lin=0.795 | mean_ang=-0.211 | mean_robot_dist=0.807 | raw_reward=19.807 | adjusted_reward=19.807 | coop_agents=0/5 | mean_coop_neighbors=0.00 | active_neighbor_step_rate=0.927 | mean_active_neighbors_step=2.537 | max_active_neighbors_step=4 | interaction_reward=0.0000 | abs_interaction_reward=0.0000 | anti_stag_reward=0.0000 | abs_anti_stag_reward=0.0000 | wall_clear_reward=0.0000 | abs_wall_clear_reward=0.0000 | local_nav_reward=0.0000 | abs_local_nav_reward=0.0000 | context_neighbors_mean=2.63 | context_neighbors_max=4 | last_context_neighbors_mean=0.00 | last_context_neighbors_max=0 | actor_unlocked=1 | expl_noise=0.0745 | replay=21768 | interaction_replay=9692 | samples/sec=13.279
Episode 270 complete | agent_samples=21846 | env_steps=8829 | episode_env_steps=43 | episode_agent_samples=78 | mean_reward=110.172 | success=5/5 | collision=0/5 | mean_final_distance=0.264 | mean_progress=0.0067 | min_laser=0.423 | mean_lin=0.996 | mean_ang=0.988 | mean_robot_dist=1.015 | raw_reward=20.000 | adjusted_reward=20.000 | coop_agents=0/5 | mean_coop_neighbors=0.00 | active_neighbor_step_rate=0.462 | mean_active_neighbors_step=1.141 | max_active_neighbors_step=4 | interaction_reward=0.0000 | abs_interaction_reward=0.0000 | anti_stag_reward=0.0000 | abs_anti_stag_reward=0.0000 | wall_clear_reward=0.0000 | abs_wall_clear_reward=0.0000 | local_nav_reward=0.0000 | abs_local_nav_reward=0.0000 | context_neighbors_mean=1.19 | context_neighbors_max=4 | last_context_neighbors_mean=0.00 | last_context_neighbors_max=0 | actor_unlocked=1 | expl_noise=0.0745 | replay=21846 | interaction_replay=9729 | samples/sec=13.250
Status | epoch=2 | next_eval_in=18154 agent_samples | checkpoint_every=10 episodes | checkpoint=./checkpoints/interaction_safe_distance_from_5d_s20260725_latest.pt | model=interaction_safe_distance_from_5d_s20260725
Checkpoint saved: ./checkpoints/interaction_safe_distance_from_5d_s20260725_latest.pt
Episode 271 complete | agent_samples=21947 | env_steps=8869 | episode_env_steps=40 | episode_agent_samples=101 | mean_reward=70.755 | success=4/5 | collision=1/5 | mean_final_distance=0.417 | mean_progress=0.0112 | min_laser=0.321 | mean_lin=0.963 | mean_ang=-0.599 | mean_robot_dist=1.715 | raw_reward=20.000 | adjusted_reward=20.000 | coop_agents=0/5 | mean_coop_neighbors=0.00 | active_neighbor_step_rate=0.614 | mean_active_neighbors_step=1.564 | max_active_neighbors_step=4 | interaction_reward=0.0000 | abs_interaction_reward=0.0000 | anti_stag_reward=0.0000 | abs_anti_stag_reward=0.0000 | wall_clear_reward=0.0000 | abs_wall_clear_reward=0.0000 | local_nav_reward=0.0000 | abs_local_nav_reward=0.0000 | context_neighbors_mean=1.60 | context_neighbors_max=4 | last_context_neighbors_mean=0.00 | last_context_neighbors_max=0 | actor_unlocked=1 | expl_noise=0.0745 | replay=21947 | interaction_replay=9792 | samples/sec=13.238
Episode 272 complete | agent_samples=22045 | env_steps=8916 | episode_env_steps=47 | episode_agent_samples=98 | mean_reward=36.579 | success=3/5 | collision=2/5 | mean_final_distance=0.442 | mean_progress=0.0029 | min_laser=0.300 | mean_lin=0.682 | mean_ang=-0.978 | mean_robot_dist=3.068 | raw_reward=20.000 | adjusted_reward=20.000 | coop_agents=0/5 | mean_coop_neighbors=0.00 | active_neighbor_step_rate=0.520 | mean_active_neighbors_step=1.551 | max_active_neighbors_step=4 | interaction_reward=0.0000 | abs_interaction_reward=0.0000 | anti_stag_reward=0.0000 | abs_anti_stag_reward=0.0000 | wall_clear_reward=0.0000 | abs_wall_clear_reward=0.0000 | local_nav_reward=0.0000 | abs_local_nav_reward=0.0000 | context_neighbors_mean=1.55 | context_neighbors_max=4 | last_context_neighbors_mean=0.00 | last_context_neighbors_max=0 | actor_unlocked=1 | expl_noise=0.0744 | replay=22045 | interaction_replay=9816 | samples/sec=13.216
Episode 273 complete | agent_samples=22100 | env_steps=8934 | episode_env_steps=18 | episode_agent_samples=55 | mean_reward=25.280 | success=3/5 | collision=2/5 | mean_final_distance=0.832 | mean_progress=0.0192 | min_laser=0.326 | mean_lin=0.981 | mean_ang=0.500 | mean_robot_dist=1.175 | raw_reward=20.000 | adjusted_reward=20.000 | coop_agents=0/5 | mean_coop_neighbors=0.00 | active_neighbor_step_rate=0.873 | mean_active_neighbors_step=2.218 | max_active_neighbors_step=4 | interaction_reward=0.0000 | abs_interaction_reward=0.0000 | anti_stag_reward=0.0000 | abs_anti_stag_reward=0.0000 | wall_clear_reward=0.0000 | abs_wall_clear_reward=0.0000 | local_nav_reward=0.0000 | abs_local_nav_reward=0.0000 | context_neighbors_mean=2.22 | context_neighbors_max=4 | last_context_neighbors_mean=0.00 | last_context_neighbors_max=0 | actor_unlocked=1 | expl_noise=0.0744 | replay=22100 | interaction_replay=9859 | samples/sec=13.217
Episode 274 complete | agent_samples=22173 | env_steps=8968 | episode_env_steps=34 | episode_agent_samples=73 | mean_reward=38.893 | success=3/5 | collision=2/5 | mean_final_distance=0.471 | mean_progress=0.0120 | min_laser=0.300 | mean_lin=0.600 | mean_ang=0.507 | mean_robot_dist=1.265 | raw_reward=20.000 | adjusted_reward=20.000 | coop_agents=0/5 | mean_coop_neighbors=0.00 | active_neighbor_step_rate=0.575 | mean_active_neighbors_step=1.370 | max_active_neighbors_step=4 | interaction_reward=0.0000 | abs_interaction_reward=0.0000 | anti_stag_reward=0.0000 | abs_anti_stag_reward=0.0000 | wall_clear_reward=0.0000 | abs_wall_clear_reward=0.0000 | local_nav_reward=0.0000 | abs_local_nav_reward=0.0000 | context_neighbors_mean=1.41 | context_neighbors_max=4 | last_context_neighbors_mean=0.00 | last_context_neighbors_max=0 | actor_unlocked=1 | expl_noise=0.0744 | replay=22173 | interaction_replay=9902 | samples/sec=13.202
Episode 275 complete | agent_samples=22249 | env_steps=8998 | episode_env_steps=30 | episode_agent_samples=76 | mean_reward=38.799 | success=3/5 | collision=2/5 | mean_final_distance=0.573 | mean_progress=0.0114 | min_laser=0.300 | mean_lin=0.800 | mean_ang=-0.399 | mean_robot_dist=2.496 | raw_reward=20.000 | adjusted_reward=20.000 | coop_agents=0/5 | mean_coop_neighbors=0.00 | active_neighbor_step_rate=0.671 | mean_active_neighbors_step=1.737 | max_active_neighbors_step=4 | interaction_reward=0.0000 | abs_interaction_reward=0.0000 | anti_stag_reward=0.0000 | abs_anti_stag_reward=0.0000 | wall_clear_reward=0.0000 | abs_wall_clear_reward=0.0000 | local_nav_reward=0.0000 | abs_local_nav_reward=0.0000 | context_neighbors_mean=1.75 | context_neighbors_max=4 | last_context_neighbors_mean=0.00 | last_context_neighbors_max=0 | actor_unlocked=1 | expl_noise=0.0744 | replay=22249 | interaction_replay=9923 | samples/sec=13.196
Status | epoch=2 | next_eval_in=17751 agent_samples | checkpoint_every=10 episodes | checkpoint=./checkpoints/interaction_safe_distance_from_5d_s20260725_latest.pt | model=interaction_safe_distance_from_5d_s20260725
Episode 276 complete | agent_samples=22326 | env_steps=9026 | episode_env_steps=28 | episode_agent_samples=77 | mean_reward=67.050 | success=4/5 | collision=1/5 | mean_final_distance=0.532 | mean_progress=0.0267 | min_laser=0.328 | mean_lin=0.796 | mean_ang=0.553 | mean_robot_dist=0.614 | raw_reward=19.614 | adjusted_reward=19.614 | coop_agents=0/5 | mean_coop_neighbors=0.00 | active_neighbor_step_rate=0.935 | mean_active_neighbors_step=1.987 | max_active_neighbors_step=4 | interaction_reward=0.0000 | abs_interaction_reward=0.0000 | anti_stag_reward=0.0000 | abs_anti_stag_reward=0.0000 | wall_clear_reward=0.0000 | abs_wall_clear_reward=0.0000 | local_nav_reward=0.0000 | abs_local_nav_reward=0.0000 | context_neighbors_mean=2.00 | context_neighbors_max=4 | last_context_neighbors_mean=0.00 | last_context_neighbors_max=0 | actor_unlocked=1 | expl_noise=0.0744 | replay=22326 | interaction_replay=9991 | samples/sec=13.193
Episode 277 complete | agent_samples=22399 | env_steps=9047 | episode_env_steps=21 | episode_agent_samples=73 | mean_reward=117.849 | success=5/5 | collision=0/5 | mean_final_distance=0.263 | mean_progress=0.0075 | min_laser=0.438 | mean_lin=0.800 | mean_ang=0.088 | mean_robot_dist=1.003 | raw_reward=20.000 | adjusted_reward=20.000 | coop_agents=0/5 | mean_coop_neighbors=0.00 | active_neighbor_step_rate=0.808 | mean_active_neighbors_step=1.890 | max_active_neighbors_step=4 | interaction_reward=0.0000 | abs_interaction_reward=0.0000 | anti_stag_reward=0.0000 | abs_anti_stag_reward=0.0000 | wall_clear_reward=0.0000 | abs_wall_clear_reward=0.0000 | local_nav_reward=0.0000 | abs_local_nav_reward=0.0000 | context_neighbors_mean=1.99 | context_neighbors_max=4 | last_context_neighbors_mean=0.00 | last_context_neighbors_max=0 | actor_unlocked=1 | expl_noise=0.0743 | replay=22399 | interaction_replay=10052 | samples/sec=13.200
Episode 278 complete | agent_samples=22548 | env_steps=9136 | episode_env_steps=89 | episode_agent_samples=149 | mean_reward=116.715 | success=5/5 | collision=0/5 | mean_final_distance=0.264 | mean_progress=0.0112 | min_laser=0.402 | mean_lin=0.798 | mean_ang=-0.201 | mean_robot_dist=2.207 | raw_reward=20.000 | adjusted_reward=20.000 | coop_agents=0/5 | mean_coop_neighbors=0.00 | active_neighbor_step_rate=0.456 | mean_active_neighbors_step=1.094 | max_active_neighbors_step=4 | interaction_reward=0.0000 | abs_interaction_reward=0.0000 | anti_stag_reward=0.0000 | abs_anti_stag_reward=0.0000 | wall_clear_reward=0.0000 | abs_wall_clear_reward=0.0000 | local_nav_reward=0.0000 | abs_local_nav_reward=0.0000 | context_neighbors_mean=1.12 | context_neighbors_max=4 | last_context_neighbors_mean=0.00 | last_context_neighbors_max=0 | actor_unlocked=1 | expl_noise=0.0743 | replay=22548 | interaction_replay=10080 | samples/sec=13.140
Episode 279 complete | agent_samples=22659 | env_steps=9174 | episode_env_steps=38 | episode_agent_samples=111 | mean_reward=83.131 | success=4/5 | collision=1/5 | mean_final_distance=0.477 | mean_progress=0.0169 | min_laser=0.300 | mean_lin=0.999 | mean_ang=-0.203 | mean_robot_dist=1.840 | raw_reward=20.000 | adjusted_reward=20.000 | coop_agents=0/5 | mean_coop_neighbors=0.00 | active_neighbor_step_rate=0.613 | mean_active_neighbors_step=1.604 | max_active_neighbors_step=4 | interaction_reward=0.0000 | abs_interaction_reward=0.0000 | anti_stag_reward=0.0000 | abs_anti_stag_reward=0.0000 | wall_clear_reward=0.0000 | abs_wall_clear_reward=0.0000 | local_nav_reward=0.0000 | abs_local_nav_reward=0.0000 | context_neighbors_mean=1.63 | context_neighbors_max=4 | last_context_neighbors_mean=0.00 | last_context_neighbors_max=0 | actor_unlocked=1 | expl_noise=0.0743 | replay=22659 | interaction_replay=10121 | samples/sec=13.142
Episode 280 complete | agent_samples=22824 | env_steps=9235 | episode_env_steps=61 | episode_agent_samples=165 | mean_reward=138.707 | success=5/5 | collision=0/5 | mean_final_distance=0.256 | mean_progress=0.0316 | min_laser=0.370 | mean_lin=0.999 | mean_ang=-0.038 | mean_robot_dist=2.260 | raw_reward=20.000 | adjusted_reward=20.000 | coop_agents=0/5 | mean_coop_neighbors=0.00 | active_neighbor_step_rate=0.752 | mean_active_neighbors_step=1.388 | max_active_neighbors_step=4 | interaction_reward=0.0000 | abs_interaction_reward=0.0000 | anti_stag_reward=0.0000 | abs_anti_stag_reward=0.0000 | wall_clear_reward=0.0000 | abs_wall_clear_reward=0.0000 | local_nav_reward=0.0000 | abs_local_nav_reward=0.0000 | context_neighbors_mean=1.39 | context_neighbors_max=4 | last_context_neighbors_mean=0.00 | last_context_neighbors_max=0 | actor_unlocked=1 | expl_noise=0.0742 | replay=22824 | interaction_replay=10162 | samples/sec=13.136
Status | epoch=2 | next_eval_in=17176 agent_samples | checkpoint_every=10 episodes | checkpoint=./checkpoints/interaction_safe_distance_from_5d_s20260725_latest.pt | model=interaction_safe_distance_from_5d_s20260725
Checkpoint saved: ./checkpoints/interaction_safe_distance_from_5d_s20260725_latest.pt
Episode 281 complete | agent_samples=22926 | env_steps=9271 | episode_env_steps=36 | episode_agent_samples=102 | mean_reward=115.458 | success=5/5 | collision=0/5 | mean_final_distance=0.273 | mean_progress=0.0137 | min_laser=0.464 | mean_lin=0.988 | mean_ang=-0.600 | mean_robot_dist=1.106 | raw_reward=20.000 | adjusted_reward=20.000 | coop_agents=0/5 | mean_coop_neighbors=0.00 | active_neighbor_step_rate=0.833 | mean_active_neighbors_step=1.696 | max_active_neighbors_step=4 | interaction_reward=0.0000 | abs_interaction_reward=0.0000 | anti_stag_reward=0.0000 | abs_anti_stag_reward=0.0000 | wall_clear_reward=0.0000 | abs_wall_clear_reward=0.0000 | local_nav_reward=0.0000 | abs_local_nav_reward=0.0000 | context_neighbors_mean=1.71 | context_neighbors_max=4 | last_context_neighbors_mean=0.00 | last_context_neighbors_max=0 | actor_unlocked=1 | expl_noise=0.0742 | replay=22926 | interaction_replay=10168 | samples/sec=13.132
Episode 282 complete | agent_samples=23010 | env_steps=9302 | episode_env_steps=31 | episode_agent_samples=84 | mean_reward=117.822 | success=5/5 | collision=0/5 | mean_final_distance=0.243 | mean_progress=0.0161 | min_laser=0.712 | mean_lin=0.974 | mean_ang=0.874 | mean_robot_dist=1.121 | raw_reward=20.000 | adjusted_reward=20.000 | coop_agents=0/5 | mean_coop_neighbors=0.00 | active_neighbor_step_rate=0.679 | mean_active_neighbors_step=1.405 | max_active_neighbors_step=4 | interaction_reward=0.0000 | abs_interaction_reward=0.0000 | anti_stag_reward=0.0000 | abs_anti_stag_reward=0.0000 | wall_clear_reward=0.0000 | abs_wall_clear_reward=0.0000 | local_nav_reward=0.0000 | abs_local_nav_reward=0.0000 | context_neighbors_mean=1.45 | context_neighbors_max=4 | last_context_neighbors_mean=0.00 | last_context_neighbors_max=0 | actor_unlocked=1 | expl_noise=0.0742 | replay=23010 | interaction_replay=10225 | samples/sec=13.129
已终止
... logging to /home/jiutian/.ros/log/dcd7bfdc-87de-11f1-a71a-79b7e70ca52d/roslaunch-JiuTian-AI4090-3578733.log
Checking log directory for disk usage. This may take a while.
Press Ctrl-C to interrupt
Done checking log file disk usage. Usage is <1GB.
]2;/home/jiutian/Local-Critic-Multi-Robot-Navigation-gate/TD3/assets/multi_robot_scenario_strong_interaction_pilot_5.launch
[1mstarted roslaunch server http://localhost:36335/[0m

SUMMARY
========

PARAMETERS
 * /robot_description_r1: <?xml version="1....
 * /robot_description_r2: <?xml version="1....
 * /robot_description_r3: <?xml version="1....
 * /robot_description_r4: <?xml version="1....
 * /robot_description_r5: <?xml version="1....
 * /rosdistro: noetic
 * /rosversion: 1.17.4
 * /use_sim_time: True

NODES
  /
    gazebo (gazebo_ros/gzserver)
    urdf_spawner_r1 (gazebo_ros/spawn_model)
    urdf_spawner_r2 (gazebo_ros/spawn_model)
    urdf_spawner_r3 (gazebo_ros/spawn_model)
    urdf_spawner_r4 (gazebo_ros/spawn_model)
    urdf_spawner_r5 (gazebo_ros/spawn_model)

[1mROS_MASTER_URI=http://localhost:13023/[0m
]2;/home/jiutian/Local-Critic-Multi-Robot-Navigation-gate/TD3/assets/multi_robot_scenario_strong_interaction_pilot_5.launch http://localhost:13023/
[1mprocess[gazebo-1]: started with pid [3578927][0m
[1mprocess[urdf_spawner_r1-2]: started with pid [3578930][0m
[1mprocess[urdf_spawner_r2-3]: started with pid [3578933][0m
[1mprocess[urdf_spawner_r3-4]: started with pid [3578934][0m
[1mprocess[urdf_spawner_r4-5]: started with pid [3578935][0m
[1mprocess[urdf_spawner_r5-6]: started with pid [3578936][0m
[1m[urdf_spawner_r3-4] process has finished cleanly
log file: /home/jiutian/.ros/log/dcd7bfdc-87de-11f1-a71a-79b7e70ca52d/urdf_spawner_r3-4*.log[0m
[1m[urdf_spawner_r4-5] process has finished cleanly
log file: /home/jiutian/.ros/log/dcd7bfdc-87de-11f1-a71a-79b7e70ca52d/urdf_spawner_r4-5*.log[0m
[1m[urdf_spawner_r1-2] process has finished cleanly
log file: /home/jiutian/.ros/log/dcd7bfdc-87de-11f1-a71a-79b7e70ca52d/urdf_spawner_r1-2*.log[0m
[1m[urdf_spawner_r2-3] process has finished cleanly
log file: /home/jiutian/.ros/log/dcd7bfdc-87de-11f1-a71a-79b7e70ca52d/urdf_spawner_r2-3*.log[0m
[1m[urdf_spawner_r5-6] process has finished cleanly
log file: /home/jiutian/.ros/log/dcd7bfdc-87de-11f1-a71a-79b7e70ca52d/urdf_spawner_r5-6*.log[0m
[gazebo-1] killing on exit
shutting down processing monitor...
... shutting down processing monitor complete
[1mdone[0m
... logging to /home/jiutian/.ros/log/dcd7bfdc-87de-11f1-a71a-79b7e70ca52d/roslaunch-JiuTian-AI4090-3578708.log
Checking log directory for disk usage. This may take a while.
Press Ctrl-C to interrupt
Done checking log file disk usage. Usage is <1GB.
]2;roscore
[1mstarted roslaunch server http://localhost:44969/[0m
ros_comm version 1.17.4


SUMMARY
========

PARAMETERS
 * /rosdistro: noetic
 * /rosversion: 1.17.4

NODES

auto-starting new master
[1mprocess[master]: started with pid [3578725][0m
[1mROS_MASTER_URI=http://localhost:13023/[0m
]2;roscore http://localhost:13023/
[1msetting /run_id to dcd7bfdc-87de-11f1-a71a-79b7e70ca52d[0m
[1mprocess[rosout-1]: started with pid [3578738][0m
started core service [/rosout]
[rosout-1] killing on exit
[master] killing on exit
shutting down processing monitor...
... shutting down processing monitor complete
[1mdone[0m
Traceback (most recent call last):
  File "train_velodyne_td3_multi.py", line 1773, in <module>
    next_states, rewards, dones, targets, collisions = env.step(
  File "/home/jiutian/Local-Critic-Multi-Robot-Navigation-gate/TD3/multi_agent_velodyne_env.py", line 1158, in step
    rospy.wait_for_service("/gazebo/pause_physics")
  File "/opt/ros/noetic/lib/python3/dist-packages/rospy/impl/tcpros_service.py", line 166, in wait_for_service
    raise ROSInterruptException("rospy shutdown")
rospy.exceptions.ROSInterruptException: rospy shutdown
