scenario_id,topology,episode_full_success,episode_collision,episode_unresolved,episode_timeout,step,agent,progress,nearest_robot_distance,executed_linear,executed_angular,e2_linear,e2_angular,epoch16_linear,epoch16_angular,ie2_linear,ie2_angular,ie2m_linear,ie2m_angular
dense-20260718008795-2e680ff01f87,edge1,1,0,0,0,25,r2,-0.003095827077307267,inf,9.569525718688965e-05,-1.0,0.01807841658592224,-1.0,0.0,-1.0,0.00821763277053833,-1.0,9.569525718688965e-05,-1.0
dense-20260718008795-2e680ff01f87,edge1,1,0,0,0,26,r2,-0.00047457507542825184,inf,0.9989288449287415,-1.0,0.9998666048049927,-1.0,0.0,-1.0,0.9997707605361938,-1.0,0.9989288449287415,-1.0
dense-20260718008795-2e680ff01f87,edge1,1,0,0,0,27,r2,0.008252817544860624,inf,0.9999361038208008,-1.0,0.9999935030937195,-1.0,0.0,-1.0,0.9997224807739258,-1.0,0.9999361038208008,-1.0
dense-20260718008795-2e680ff01f87,edge1,1,0,0,0,28,r2,0.010675192011332713,inf,0.00026723742485046387,-1.0,0.011240631341934204,-1.0,0.0,-1.0,0.0002581775188446045,-1.0,0.00026723742485046387,-1.0
dense-20260718008795-2e680ff01f87,edge1,1,0,0,0,29,r2,0.01668278943676771,inf,0.8703391551971436,-1.0,0.5729312300682068,-1.0,0.0,-1.0,0.2712937593460083,-1.0,0.8703392744064331,-1.0
dense-20260718008477-2166c0b8d4ec,multi,0,2,0,0,12,r1,-0.0012111366824967273,inf,0.0006979703903198242,-0.8640536069869995,1.1712312698364258e-05,-0.41895079612731934,0.7352346181869507,-0.948811411857605,2.5212764739990234e-05,-0.7966001033782959,0.0006979703903198242,-0.86405348777771
dense-20260718008477-2166c0b8d4ec,multi,0,2,0,0,13,r1,1.7932873363157853e-05,inf,0.0032418668270111084,-0.9887406826019287,5.257129669189453e-05,-0.9228028059005737,0.0,-0.9729678630828857,0.00029525160789489746,-0.9343014359474182,0.0032418668270111084,-0.9887407422065735
dense-20260718008477-2166c0b8d4ec,multi,0,2,0,0,14,r1,6.485988115800811e-05,inf,0.006100952625274658,0.9709469676017761,4.7087669372558594e-05,0.9973108172416687,0.0,0.9999047517776489,0.00012323260307312012,0.9835378527641296,0.006100952625274658,0.9709470272064209
dense-20260718008477-2166c0b8d4ec,multi,0,2,0,0,15,r1,0.001504766962744153,inf,0.0141124427318573,0.13790147006511688,0.0003288090229034424,0.7062025666236877,1.7881393432617188e-07,1.0,9.754300117492676e-05,0.25375354290008545,0.0141124427318573,0.13790081441402435
dense-20260718008477-2166c0b8d4ec,multi,0,2,0,0,16,r1,0.0018543648770527055,inf,0.005169034004211426,0.9709787368774414,1.806020736694336e-05,0.9946069717407227,1.2516975402832031e-06,0.9999997615814209,1.5109777450561523e-05,0.9679328799247742,0.005169034004211426,0.9709786772727966
dense-20260718008477-2166c0b8d4ec,multi,0,2,0,0,17,r1,-0.0016432751877348828,inf,0.00015228986740112305,-0.9155028462409973,1.996755599975586e-06,-0.6526378393173218,0.8397497534751892,-0.9681036472320557,5.155801773071289e-06,-0.8612598776817322,0.00015228986740112305,-0.9155030846595764
dense-20260718008477-2166c0b8d4ec,multi,0,2,0,0,18,r1,-0.0005793187640483755,inf,0.0006507933139801025,-0.9952629208564758,1.0013580322265625e-05,-0.9708355069160461,0.0,-0.9955086708068848,5.882978439331055e-05,-0.9795480966567993,0.0006507933139801025,-0.9952629208564758
dense-20260718008477-2166c0b8d4ec,multi,0,2,0,0,19,r1,0.000846422787465384,inf,0.07109174132347107,0.7742127180099487,0.0008612871170043945,0.9740245342254639,0.0,0.9994031190872192,0.0019131600856781006,0.8643994927406311,0.0710916519165039,0.7742129564285278
dense-20260718008477-2166c0b8d4ec,multi,0,2,0,0,20,r1,0.003546631566044234,inf,0.024214744567871094,0.39016029238700867,0.0006631612777709961,0.8296630382537842,5.960464477539063e-08,1.0,0.00018522143363952637,0.49212658405303955,0.024214744567871094,0.39016014337539673
dense-20260718008477-2166c0b8d4ec,multi,0,2,0,0,21,r1,0.001469511165955617,inf,0.0014250576496124268,0.9183288812637329,5.7220458984375e-06,0.9839335083961487,0.00022363662719726562,0.9999977350234985,4.76837158203125e-06,0.9128053188323975,0.0014250576496124268,0.9183288216590881
dense-20260718008477-2166c0b8d4ec,multi,0,2,0,0,22,r1,-0.0033493190566224462,inf,1.2218952178955078e-06,-0.9795947670936584,0.0,-0.9255250096321106,0.9845068454742432,0.45918989181518555,0.0,-0.9637459516525269,1.2218952178955078e-06,-0.9795948266983032
dense-20260718008477-2166c0b8d4ec,multi,0,2,0,0,23,r1,-0.0009812411895375739,inf,0.001056283712387085,-0.9966297149658203,1.952052116394043e-05,-0.9816520810127258,0.0,-0.9974936842918396,9.751319885253906e-05,-0.9863869547843933,0.0010562539100646973,-0.9966297149658203
dense-20260718008477-2166c0b8d4ec,multi,0,2,0,0,24,r1,0.0029065466914812155,inf,0.1444670557975769,0.5304788947105408,0.0025625526905059814,0.9456086158752441,0.0,0.9973120093345642,0.005197703838348389,0.7018606662750244,0.1444670855998993,0.530478835105896
dense-20260718008477-2166c0b8d4ec,multi,0,2,0,0,25,r1,0.004273936555352853,inf,0.03811028599739075,0.6544921398162842,0.0011958479881286621,0.9218912124633789,2.9802322387695312e-08,1.0,0.0003476738929748535,0.7281883358955383,0.03811025619506836,0.6544920206069946
dense-20260718008477-2166c0b8d4ec,multi,0,2,0,0,26,r1,0.0006482311879016933,inf,0.00023230910301208496,0.8065764904022217,7.748603820800781e-07,0.9607587456703186,0.00043973326683044434,0.9999979734420776,6.258487701416016e-07,0.7966221570968628,0.00023230910301208496,0.8065761923789978
dense-20260718008477-2166c0b8d4ec,multi,0,2,0,0,27,r1,-0.0031881516852144687,inf,0.0004512667655944824,-0.9040557742118835,7.808208465576172e-06,-0.5665497183799744,0.7125136852264404,-0.9311486482620239,1.6897916793823242e-05,-0.8429974317550659,0.0004512667655944824,-0.9040557146072388
dense-20260718008477-2166c0b8d4ec,multi,0,2,0,0,28,r1,-0.001499195924234753,inf,0.0004776120185852051,-0.9944909811019897,7.62939453125e-06,-0.9656610488891602,0.0,-0.9922870993614197,4.369020462036133e-05,-0.9762904047966003,0.0004776120185852051,-0.9944909811019897
dense-20260718008477-2166c0b8d4ec,multi,0,2,0,0,29,r1,0.0013502524341119648,inf,0.049163371324539185,0.7343229055404663,0.0005681514739990234,0.9675028920173645,0.0,0.9996225237846375,0.001327812671661377,0.8405240774154663,0.04916328191757202,0.734322726726532
dense-20260718008477-2166c0b8d4ec,multi,0,2,0,0,30,r1,0.0026348065958990974,inf,0.01996174454689026,0.42516523599624634,0.0005472898483276367,0.8521618247032166,0.0,1.0,0.00016039609909057617,0.5432136654853821,0.019961774349212646,0.42516547441482544
dense-20260718008477-2166c0b8d4ec,multi,0,2,0,0,31,r1,-0.00011855431203167122,inf,0.000845491886138916,0.8979196548461914,3.3676624298095703e-06,0.979931652545929,0.00019496679306030273,0.9999983906745911,2.8908252716064453e-06,0.8933910727500916,0.000845491886138916,0.8979194760322571
dense-20260718008477-2166c0b8d4ec,multi,0,2,0,0,33,r1,-0.001138737818416502,inf,0.00036597251892089844,-0.9973242282867432,6.616115570068359e-06,-0.9848147630691528,0.0,-0.9980654716491699,3.5703182220458984e-05,-0.9873325228691101,0.00036597251892089844,-0.9973242282867432
dense-20260718008477-2166c0b8d4ec,multi,0,2,0,0,34,r1,0.001614957462813038,inf,0.09652245044708252,0.4522934556007385,0.0015734732151031494,0.9332627654075623,0.0,0.9976538419723511,0.003269881010055542,0.6517210602760315,0.09652239084243774,0.4522929787635803
dense-20260718008477-2166c0b8d4ec,multi,0,2,0,0,35,r1,0.006118932764960783,inf,0.052029699087142944,0.7378917336463928,0.0017473995685577393,0.9427424669265747,0.0,1.0,0.0005079209804534912,0.7916985750198364,0.05202966928482056,0.7378913760185242
dense-20260718008477-2166c0b8d4ec,multi,0,2,0,0,36,r1,0.001052975833172376,inf,0.005892634391784668,0.6715763807296753,2.962350845336914e-05,0.9239657521247864,0.24750861525535583,0.9999735355377197,2.3245811462402344e-05,0.7011979222297668,0.005892634391784668,0.6715763807296753
dense-20260718008477-2166c0b8d4ec,multi,0,2,0,0,37,r1,-0.0016914705172749733,inf,3.248453140258789e-06,-0.9649492502212524,0.0,-0.8749129176139832,0.9997777342796326,0.9999209046363831,2.9802322387695312e-08,-0.9272751212120056,3.248453140258789e-06,-0.9649493098258972
dense-20260718008477-2166c0b8d4ec,multi,0,2,0,0,38,r1,-8.505311381151737e-05,inf,0.00035119056701660156,-0.995479941368103,6.020069122314453e-06,-0.972716212272644,0.0,-0.9891159534454346,3.24249267578125e-05,-0.981002151966095,0.00035119056701660156,-0.995479941368103
dense-20260718008477-2166c0b8d4ec,multi,0,2,0,0,39,r1,0.006109771132626285,inf,0.4468182735145092,0.9983591437339783,0.007773727178573608,0.9998093843460083,0.0,1.0,0.007133990526199341,0.9987698793411255,0.4468183219432831,0.9983591437339783
dense-20260718008477-2166c0b8d4ec,multi,0,2,0,0,40,r1,0.005891926872059139,inf,1.3768672943115234e-05,0.915818989276886,5.960464477539063e-08,0.9789521098136902,0.0,1.0,2.9802322387695312e-08,0.9579669237136841,1.3768672943115234e-05,0.9158188700675964
dense-20260718008477-2166c0b8d4ec,multi,0,2,0,0,41,r1,0.012304230475620903,inf,0.9975748360157013,0.99998539686203,0.9294294118881226,0.9999971985816956,0.0,1.0,0.5563181638717651,0.9999956488609314,0.9975748062133789,0.99998539686203
dense-20260718008477-2166c0b8d4ec,multi,0,2,0,0,47,r1,-0.00040679434818136073,inf,0.002159297466278076,-0.9989483952522278,2.473592758178711e-06,-0.9969714879989624,0.0,1.0,1.5407800674438477e-05,-0.9984807372093201,0.002159297466278076,-0.9989483952522278
dense-20260718008477-2166c0b8d4ec,multi,0,2,0,0,48,r1,-0.0004872873578640191,inf,0.8602400422096252,0.9990010261535645,0.0019567012786865234,0.999934732913971,0.0,1.0,0.0007701218128204346,0.9996963739395142,0.8602397441864014,0.9990010261535645
dense-20260718008477-2166c0b8d4ec,multi,0,2,0,0,49,r1,-0.009748792110797044,inf,4.470348358154297e-07,0.9993680715560913,0.0,0.9999076724052429,0.0,1.0,0.0,0.9998382925987244,4.470348358154297e-07,0.9993680715560913
dense-20260718008477-2166c0b8d4ec,multi,0,2,0,0,51,r1,0.00012737339553292593,inf,0.0,0.9999995231628418,0.0,0.9999998807907104,0.0,1.0,0.0,0.9999998807907104,0.0,0.9999995231628418
dense-20260718008477-2166c0b8d4ec,multi,0,2,0,0,52,r1,0.001090797468523086,inf,7.450580596923828e-07,-0.02855120599269867,0.0,0.7979257702827454,1.3709068298339844e-06,1.0,0.0,0.4981868863105774,7.450580596923828e-07,-0.028551654890179634
dense-20260718008477-2166c0b8d4ec,multi,0,2,0,0,53,r1,-0.0003253654884976531,inf,6.404519081115723e-05,-0.2968335449695587,0.0,0.41830939054489136,0.0,1.0,0.0,0.16551785171031952,6.404519081115723e-05,-0.29683464765548706
dense-20260718008477-2166c0b8d4ec,multi,0,2,0,0,54,r1,-8.090645647579331e-05,inf,9.042024612426758e-05,-0.3822704553604126,0.0,0.38173365592956543,0.0,1.0,2.9802322387695312e-08,-0.07359419018030167,9.042024612426758e-05,-0.3822707533836365
dense-20260718008477-2166c0b8d4ec,multi,0,2,0,0,55,r1,-0.0001493166454336059,inf,0.003550797700881958,0.9842244982719421,9.5367431640625e-07,0.998875617980957,0.0,1.0,3.8743019104003906e-07,0.9958437085151672,0.003550797700881958,0.9842244982719421
dense-20260718008477-2166c0b8d4ec,multi,0,2,0,0,56,r1,0.0002799105222822673,inf,5.424022674560547e-06,0.9999086260795593,0.0,0.9999921321868896,0.0,1.0,0.0,0.9999783039093018,5.424022674560547e-06,0.9999086260795593
dense-20260718008477-2166c0b8d4ec,multi,0,2,0,0,57,r1,8.635259689465657e-05,inf,7.420778274536133e-06,-0.392978698015213,0.0,0.25406020879745483,1.4901161193847656e-07,1.0,0.0,0.07235737144947052,7.420778274536133e-06,-0.39297759532928467
dense-20260718008477-2166c0b8d4ec,multi,0,2,0,0,58,r1,0.006940197968350104,inf,0.9411915838718414,0.5401033759117126,0.0017441809177398682,0.8929221034049988,0.0,1.0,0.0023460984230041504,0.7342672348022461,0.9411914348602295,0.5401027202606201
dense-20260718008477-2166c0b8d4ec,multi,0,2,0,0,59,r1,0.003918942369329437,inf,2.9802322387695312e-08,-0.7401480078697205,0.0,-0.5051101446151733,0.0009677708148956299,1.0,0.0,-0.5806735754013062,2.9802322387695312e-08,-0.7401480078697205
dense-20260718008477-2166c0b8d4ec,multi,0,2,0,0,60,r1,-0.0024020331783163873,inf,0.4032479599118233,0.26901406049728394,4.628300666809082e-05,0.7885822057723999,0.0,1.0,2.6673078536987305e-05,0.6824659705162048,0.4032479524612427,0.269015371799469
dense-20260718008477-2166c0b8d4ec,multi,0,2,0,0,61,r1,-0.0060575081756659155,inf,0.00044527649879455566,-0.17968472838401794,2.9802322387695312e-08,0.47233131527900696,0.0,1.0,2.9802322387695312e-08,0.36495181918144226,0.00044527649879455566,-0.17968347668647766
dense-20260718008477-2166c0b8d4ec,multi,0,2,0,0,62,r1,-0.0006591776182507947,inf,0.0006834566593170166,0.9996894598007202,2.9802322387695312e-08,0.99996018409729,0.0,1.0,2.9802322387695312e-08,0.9999504089355469,0.0006834566593170166,0.9996894598007202
dense-20260718008477-2166c0b8d4ec,multi,0,2,0,0,63,r1,0.000808978850594666,inf,0.11476105451583862,0.9999885559082031,3.7848949432373047e-06,0.9999991059303284,0.0,1.0,1.1920928955078125e-06,0.999998152256012,0.11476090550422668,0.9999885559082031
dense-20260718009166-dc896a5fcf95,multi,1,0,0,0,12,r2,0.007051447711499126,1.4935396297860122,0.04739600419998169,0.7231748104095459,0.055980414152145386,0.8414445519447327,0.019054651260375977,0.999788761138916,0.006888598203659058,0.8823891878128052,0.04739609360694885,0.7231748700141907
dense-20260718009166-dc896a5fcf95,multi,1,0,0,0,13,r2,0.0023113004297552475,1.6027349887945697,0.00021222233772277832,0.22527390718460083,0.0007779598236083984,0.19020693004131317,0.9468868970870972,1.0,4.7326087951660156e-05,0.3259912431240082,0.00021222233772277832,0.2252739518880844
dense-20260718009166-dc896a5fcf95,multi,1,0,0,0,14,r2,0.037779819235397305,1.711803089229109,0.9356536269187927,0.9837679266929626,0.5613738298416138,0.9888365268707275,0.8290805816650391,0.9999995231628418,0.05602428317070007,0.9972037672996521,0.9356536269187927,0.9837678670883179
dense-20260718009166-dc896a5fcf95,multi,1,0,0,0,28,r2,-0.023073841914564797,inf,0.025593191385269165,-1.0,0.027207225561141968,-1.0,0.0,-1.0,0.019923150539398193,-1.0,0.025593280792236328,-1.0
dense-20260718009166-dc896a5fcf95,multi,1,0,0,0,29,r2,-0.00033678582236068566,inf,0.00022009015083312988,-1.0,1.767277717590332e-05,-1.0,0.0,-1.0,9.566545486450195e-06,-1.0,0.00022009015083312988,-1.0
dense-20260718009166-dc896a5fcf95,multi,1,0,0,0,30,r2,-0.002358355281149027,inf,0.04163670539855957,-1.0,0.0219612717628479,-1.0,0.0,-1.0,0.004433423280715942,-0.9999999403953552,0.04163685441017151,-1.0
dense-20260718009166-dc896a5fcf95,multi,1,0,0,0,31,r2,-0.00011380684887757342,inf,0.00029537081718444824,-1.0,0.019939333200454712,-1.0,0.0,-1.0,0.0020217299461364746,-0.9999999403953552,0.00029537081718444824,-1.0
dense-20260718009166-dc896a5fcf95,multi,1,0,0,0,32,r2,0.0006989531781628755,inf,0.22595620155334473,-1.0,0.9343283176422119,-1.0,0.0,-1.0,0.7388022541999817,-1.0,0.22595611214637756,-1.0
dense-20260718009166-dc896a5fcf95,multi,1,0,0,0,33,r2,0.006948608589997407,inf,0.925798773765564,-1.0,0.9991099834442139,-1.0,0.0,-1.0,0.981978178024292,-1.0,0.9257988929748535,-1.0
dense-20260718009166-dc896a5fcf95,multi,1,0,0,0,34,r2,0.006474374526816429,inf,2.682209014892578e-07,-1.0,3.120303153991699e-05,-1.0,0.0,-1.0,3.6954879760742188e-06,-1.0,2.682209014892578e-07,-1.0
dense-20260718009166-dc896a5fcf95,multi,1,0,0,0,35,r2,0.00785803812137087,inf,0.34054455161094666,-1.0,0.7923160791397095,-1.0,0.0,-1.0,0.1196659505367279,-1.0,0.3405442237854004,-1.0
dense-20260718008307-2ccff3820805,edge1,1,0,0,0,13,r2,0.014030966544780199,0.7052416878660869,0.07827499508857727,0.9954912662506104,0.14532634615898132,0.9967586994171143,0.9924007654190063,0.921809196472168,0.0034131109714508057,0.9980351328849792,0.07827505469322205,0.9954912662506104
dense-20260718008307-2ccff3820805,edge1,1,0,0,0,14,r2,0.0051549787669289415,2.2045993355661446,0.00027570128440856934,0.9852809309959412,0.0008731186389923096,0.9608204364776611,0.9874119758605957,0.6350390315055847,7.718801498413086e-06,0.9873360395431519,0.00027570128440856934,0.9852809309959412
dense-20260718008307-2ccff3820805,edge1,1,0,0,0,15,r2,0.03252063677669237,2.3429639332350454,0.9999995231628418,-0.8459904193878174,0.9999797344207764,-0.8748642802238464,1.0,-1.0,0.999456524848938,-0.7439661026000977,0.9999995231628418,-0.8459903597831726
dense-20260718008474-2820a4433a10,edge1,1,0,0,0,5,r5,4.587759049168305e-05,1.1740255095266106,3.5762786865234375e-07,-0.9934782385826111,1.2516975402832031e-05,-0.8944226503372192,0.0,-0.9962669014930725,9.03010368347168e-06,-0.4660629630088806,3.5762786865234375e-07,-0.9934782385826111
dense-20260718008474-2820a4433a10,edge1,1,0,0,0,6,r5,-6.848021837546625e-05,1.1702095543681852,0.002046734094619751,-0.6640276908874512,0.009550899267196655,0.5030508041381836,0.0,0.9565376043319702,0.13365072011947632,0.5980901718139648,0.002046734094619751,-0.6640279293060303
dense-20260718008474-2820a4433a10,edge1,1,0,0,0,7,r5,0.022848432179398692,1.1577581431880855,0.17189741134643555,-0.481318861246109,0.13970887660980225,0.6382051110267639,1.7881393432617188e-07,-0.9690393209457397,0.0929129421710968,0.3976093828678131,0.17189732193946838,-0.4813186824321747
dense-20260718008953-bfb89e8891bd,multi,0,0,2,1,12,r3,0.008928333209924588,0.8865902619325577,2.9802322387695312e-08,0.8873629570007324,3.641843795776367e-05,0.9867814183235168,0.0,0.5733665823936462,9.047985076904297e-05,0.9905151128768921,2.9802322387695312e-08,0.8873627781867981
dense-20260718008953-bfb89e8891bd,multi,0,0,2,1,12,r5,-0.0008145105379275819,0.8865902619325577,5.969405174255371e-05,-0.9987064599990845,0.001261204481124878,-0.9975047707557678,0.0,-1.0,0.0007100403308868408,-0.9969370365142822,5.969405174255371e-05,-0.9987064599990845
dense-20260718008953-bfb89e8891bd,multi,0,0,2,1,13,r3,0.002011397000466708,0.885504621257282,0.0,0.32990145683288574,2.8312206268310547e-06,0.7433810830116272,0.0002747178077697754,-0.844379186630249,1.5079975128173828e-05,0.9572573304176331,0.0,0.329900860786438
dense-20260718008953-bfb89e8891bd,multi,0,0,2,1,13,r5,-0.0006819004242306637,0.885504621257282,2.446770668029785e-05,-0.5894249677658081,0.011851102113723755,-0.4986078143119812,0.0,-0.9999430775642395,0.00484892725944519,-0.14354458451271057,2.446770668029785e-05,-0.5894248485565186
dense-20260718008953-bfb89e8891bd,multi,0,0,2,1,14,r3,0.002220926840565962,0.8846094740294471,0.0,0.8885294198989868,6.854534149169922e-07,0.9814743399620056,0.0,-0.8891454935073853,1.5497207641601562e-06,0.9966054558753967,0.0,0.8885293006896973
dense-20260718008953-bfb89e8891bd,multi,0,0,2,1,14,r5,-0.0010982957709793073,0.8846094740294471,0.0,-0.9904714822769165,3.069639205932617e-06,-0.9685365557670593,7.152557373046875e-07,-0.9998058080673218,2.652406692504883e-06,-0.8238782286643982,0.0,-0.9904714822769165
dense-20260718008953-bfb89e8891bd,multi,0,0,2,1,15,r3,-0.002639364708564962,0.8880632742746603,0.0,-0.9789971709251404,3.8743019104003906e-07,-0.92560875415802,0.0,-0.9995642304420471,5.364418029785156e-07,-0.7742236852645874,0.0,-0.9789971709251404
dense-20260718008953-bfb89e8891bd,multi,0,0,2,1,15,r5,-0.0008265744256363838,0.8880632742746603,0.0007689595222473145,-0.961441695690155,0.0009481310844421387,-0.8993549346923828,0.30384963750839233,-0.5971564650535583,0.001667618751525879,-0.8119680881500244,0.0007689595222473145,-0.961441695690155
dense-20260718008953-bfb89e8891bd,multi,0,0,2,1,16,r3,-0.0011910165130388783,0.8898993004638516,0.0,-0.9447651505470276,2.9802322387695312e-08,-0.6171197891235352,0.0,-0.9849134683609009,5.960464477539063e-08,-0.42904767394065857,0.0,-0.9447651505470276
dense-20260718008953-bfb89e8891bd,multi,0,0,2,1,16,r5,-0.0005463030694401461,0.8898993004638516,3.2782554626464844e-07,-0.07876450568437576,0.0,0.8312558531761169,8.970499038696289e-06,-0.8660244941711426,2.9802322387695312e-08,0.8689994215965271,3.2782554626464844e-07,-0.07876420766115189
dense-20260718008953-bfb89e8891bd,multi,0,0,2,1,17,r3,0.0041915966043393205,0.8872484634377976,0.0,0.9961921572685242,5.334615707397461e-06,0.9996532797813416,0.0,0.7553473114967346,9.208917617797852e-06,0.9998188614845276,0.0,0.9961921572685242
dense-20260718008953-bfb89e8891bd,multi,0,0,2,1,17,r5,-0.000866632905176079,0.8872484634377976,3.904104232788086e-06,-0.9945548176765442,3.2782554626464844e-07,-0.9373374581336975,0.016837209463119507,0.9501489996910095,1.4901161193847656e-07,-0.8429217338562012,3.904104232788086e-06,-0.9945548176765442
dense-20260718008953-bfb89e8891bd,multi,0,0,2,1,18,r3,0.00047256979672205546,0.8877440394850934,0.0,0.09677374362945557,2.205371856689453e-06,0.5774617791175842,0.0010513365268707275,-0.9080899953842163,1.1116266250610352e-05,0.9295013546943665,0.0,0.09677356481552124
dense-20260718008953-bfb89e8891bd,multi,0,0,2,1,18,r5,-0.0007954470818332116,0.8877440394850934,0.0004030168056488037,-0.996603786945343,0.0016323626041412354,-0.9846991896629333,0.005991101264953613,0.9926431179046631,0.0005720257759094238,-0.9886276721954346,0.0004030168056488037,-0.996603786945343
dense-20260718008953-bfb89e8891bd,multi,0,0,2,1,19,r3,0.0004945755060001833,0.8877219137378969,2.9802322387695312e-08,0.4111364781856537,1.7255544662475586e-05,0.8449609279632568,0.0,-0.40647757053375244,2.5004148483276367e-05,0.9088246822357178,2.9802322387695312e-08,0.41113585233688354
dense-20260718008953-bfb89e8891bd,multi,0,0,2,1,19,r5,-0.00037004975712440213,0.8877219137378969,0.003097623586654663,-0.9980502128601074,0.0006643235683441162,-0.9902540445327759,0.0,0.865286648273468,0.002217233180999756,-0.9940673112869263,0.003097623586654663,-0.9980502128601074
dense-20260718008953-bfb89e8891bd,multi,0,0,2,1,20,r3,-4.145213463702113e-05,0.8711803604004178,0.0,-0.9703730940818787,3.5762786865234375e-07,-0.8833993077278137,0.0,-0.9993170499801636,5.066394805908203e-07,-0.6860165596008301,0.0,-0.9703730940818787
dense-20260718008953-bfb89e8891bd,multi,0,0,2,1,20,r5,0.010401003315758883,0.8711803604004178,0.819406270980835,0.907299280166626,0.7859842777252197,0.9848154187202454,0.0,0.763690173625946,0.9649626016616821,0.9725615978240967,0.8194065093994141,0.907299280166626
dense-20260718008953-bfb89e8891bd,multi,0,0,2,1,21,r3,-0.0011108562677517586,0.8561479545089633,0.0,-0.9297815561294556,5.960464477539063e-08,-0.6352725625038147,0.0,-0.9942032098770142,1.1920928955078125e-07,-0.41748449206352234,0.0,-0.9297815561294556
dense-20260718008953-bfb89e8891bd,multi,0,0,2,1,21,r5,0.008030943021699377,0.8561479545089633,0.01839238405227661,-0.3930415213108063,0.00032895803451538086,0.5955712199211121,0.00036844611167907715,0.3742043375968933,0.0005364418029785156,0.5822482109069824,0.01839238405227661,-0.3930414021015167
dense-20260718008953-bfb89e8891bd,multi,0,0,2,1,22,r3,0.00201334963474209,0.850909653882567,0.0,0.938854455947876,1.1920928955078125e-07,0.9922349452972412,0.0,-0.7445794939994812,4.470348358154297e-07,0.9988194704055786,0.0,0.938854455947876
dense-20260718008953-bfb89e8891bd,multi,0,0,2,1,22,r5,-0.005777913266303836,0.850909653882567,0.8552428185939789,-0.21916180849075317,0.05035281181335449,0.44565480947494507,2.9802322387695312e-08,0.9999998211860657,0.015715599060058594,0.22770291566848755,0.8552425503730774,-0.21916212141513824
dense-20260718008953-bfb89e8891bd,multi,0,0,2,1,23,r3,-0.0009339387642217645,0.8545720945424198,2.9802322387695312e-08,-0.9902170300483704,2.2351741790771484e-06,-0.9384127855300903,0.08524349331855774,-0.8377372026443481,1.3619661331176758e-05,-0.6516380906105042,2.9802322387695312e-08,-0.9902170300483704
dense-20260718008953-bfb89e8891bd,multi,0,0,2,1,23,r5,-0.011222451192290261,inf,0.0002454221248626709,0.9944431185722351,8.064508438110352e-05,0.9990789294242859,0.30958470702171326,1.0,9.447336196899414e-06,0.9991111755371094,0.0002454221248626709,0.9944431185722351
dense-20260718008953-bfb89e8891bd,multi,0,0,2,1,24,r3,0.0022600916372259583,0.8520256214768095,2.175569534301758e-06,0.9677162766456604,0.0020141303539276123,0.9978033900260925,8.761882781982422e-06,0.6502209305763245,0.0056629478931427,0.9993683099746704,2.175569534301758e-06,0.9677162766456604
dense-20260718008953-bfb89e8891bd,multi,0,0,2,1,24,r5,0.00014396315516895797,0.8520256214768095,0.0,0.9990168213844299,0.0,0.9997175335884094,0.0012319087982177734,1.0,0.0,0.9996276497840881,0.0,0.9990168213844299
dense-20260718008953-bfb89e8891bd,multi,0,0,2,1,25,r3,-0.0004086634083850793,0.8522853294565994,0.0,-0.28102824091911316,0.0,0.5297170877456665,1.9669532775878906e-06,-0.3472763001918793,0.0,0.9240261912345886,0.0,-0.28102827072143555
dense-20260718008953-bfb89e8891bd,multi,0,0,2,1,25,r5,0.00015910475865288376,0.8522853294565994,1.817941665649414e-06,0.9892092943191528,9.238719940185547e-07,0.9967871308326721,0.051471710205078125,1.0,1.2218952178955078e-06,0.9951560497283936,1.817941665649414e-06,0.9892092347145081
dense-20260718008953-bfb89e8891bd,multi,0,0,2,1,26,r3,0.0012408993689325687,0.8520539794276477,1.1622905731201172e-06,0.8298722505569458,0.0007126331329345703,0.9822422862052917,0.11826542019844055,0.9716736674308777,0.0023066699504852295,0.9952550530433655,1.1622905731201172e-06,0.8298720121383667
dense-20260718008953-bfb89e8891bd,multi,0,0,2,1,26,r5,-0.0016194340528388196,0.8520539794276477,0.033212631940841675,-0.68958580493927,0.00014719367027282715,0.19013546407222748,1.1235475540161133e-05,0.9999991655349731,2.956390380859375e-05,0.34734779596328735,0.03321272134780884,-0.6895861625671387
dense-20260718008953-bfb89e8891bd,multi,0,0,2,1,27,r3,0.0008499136031729915,0.8479542399842329,0.0,0.9555391073226929,6.705522537231445e-06,0.9960700869560242,0.0,-0.5408428907394409,1.1652708053588867e-05,0.9991174936294556,0.0,0.9555389881134033
dense-20260718008953-bfb89e8891bd,multi,0,0,2,1,27,r5,-0.0011658584318936516,0.8479542399842329,0.882645845413208,-0.55015629529953,0.003461390733718872,0.561798632144928,0.0004915893077850342,0.9999534487724304,0.0008440911769866943,0.6307912468910217,0.8826459646224976,-0.5501562356948853
dense-20260718008953-bfb89e8891bd,multi,0,0,2,1,28,r3,-0.006715010214376704,0.8622661586351117,0.0,-0.9794057607650757,4.470348358154297e-07,-0.9273658990859985,0.0,-0.9996286034584045,4.172325134277344e-07,-0.597844123840332,0.0,-0.9794058203697205
dense-20260718008953-bfb89e8891bd,multi,0,0,2,1,28,r5,-0.013509617840284704,inf,0.00449681282043457,0.9141178131103516,0.0004056096076965332,0.9925398230552673,0.005461245775222778,1.0,8.83638858795166e-05,0.9914538264274597,0.00449681282043457,0.9141178727149963
dense-20260718008953-bfb89e8891bd,multi,0,0,2,1,29,r3,-0.0009402266791707081,0.8621206395929191,2.9802322387695312e-08,0.13343080878257751,1.329183578491211e-05,0.309059739112854,0.0,-0.9999154806137085,1.3321638107299805e-05,0.6304149627685547,2.9802322387695312e-08,0.13343071937561035
dense-20260718008953-bfb89e8891bd,multi,0,0,2,1,29,r5,0.0007209226704290028,inf,1.7881393432617188e-07,0.998738169670105,8.940696716308594e-08,0.9998049736022949,3.2782554626464844e-07,0.9999989867210388,2.384185791015625e-07,0.9996200203895569,1.7881393432617188e-07,0.998738169670105
dense-20260718008953-bfb89e8891bd,multi,0,0,2,1,30,r3,-0.0009147046017565774,0.8627620078757098,0.0,-0.8886137008666992,3.0934810638427734e-05,-0.5537551641464233,0.0,-0.9999802112579346,4.0918588638305664e-05,0.1633518785238266,0.0,-0.8886135220527649
dense-20260718008953-bfb89e8891bd,multi,0,0,2,1,30,r5,7.23136894449361e-05,0.8627620078757098,2.384185791015625e-07,0.9999531507492065,0.0,0.9999958872795105,5.751848220825195e-06,1.0,2.9802322387695312e-08,0.9999861717224121,2.384185791015625e-07,0.9999531507492065
dense-20260718008953-bfb89e8891bd,multi,0,0,2,1,31,r3,-7.770389120365095e-05,0.8546525500197376,0.0,-0.9623863697052002,6.854534149169922e-07,-0.7422161102294922,0.0,-0.9993623495101929,1.043081283569336e-06,-0.2753187119960785,0.0,-0.9623863101005554
dense-20260718008953-bfb89e8891bd,multi,0,0,2,1,31,r5,0.00671261475569529,0.8546525500197376,0.353693425655365,0.9015828371047974,0.0021575987339019775,0.9926324486732483,0.0006434917449951172,1.0,0.0008580684661865234,0.9905240535736084,0.3536933660507202,0.9015828371047974
dense-20260718008953-bfb89e8891bd,multi,0,0,2,1,33,r3,-0.0015816100050380921,0.8472762614150474,0.0,-0.41900619864463806,0.0,0.6863530278205872,0.0,0.9684121012687683,0.0,0.973308801651001,0.0,-0.4190063178539276
dense-20260718008953-bfb89e8891bd,multi,0,0,2,1,33,r5,-0.0005037148055455631,0.8472762614150474,1.1771917343139648e-05,0.121663898229599,5.960464477539063e-08,0.8623024821281433,0.022856980562210083,0.9949711561203003,2.086162567138672e-07,0.9419742226600647,1.1771917343139648e-05,0.12166350334882736
dense-20260718008953-bfb89e8891bd,multi,0,0,2,1,34,r3,0.0017868913212442106,0.8466551672209853,0.0,0.9998572468757629,2.7418136596679688e-06,0.9999909996986389,0.0,0.9973450303077698,1.9073486328125e-06,0.9999950528144836,0.0,0.9998572468757629
dense-20260718008953-bfb89e8891bd,multi,0,0,2,1,34,r5,-0.0010725748219064801,0.8466551672209853,0.012373536825180054,-0.9750616550445557,0.00707399845123291,-0.8775581121444702,0.9693424701690674,0.9999988675117493,0.018928170204162598,-0.8282757997512817,0.012373536825180054,-0.9750616550445557
dense-20260718008953-bfb89e8891bd,multi,0,0,2,1,35,r3,0.0010069435929098702,0.8459589406049771,0.0,0.9989417791366577,2.9802322387695312e-08,0.9998672604560852,0.0,0.9999983310699463,0.0,0.9999875426292419,0.0,0.9989417791366577
dense-20260718008953-bfb89e8891bd,multi,0,0,2,1,35,r5,0.00010503331913747083,0.8459589406049771,0.002497434616088867,-0.42971211671829224,0.0009021162986755371,0.5648929476737976,0.9990774393081665,1.0,0.0038050711154937744,0.5268320441246033,0.002497434616088867,-0.42971184849739075
dense-20260718008953-bfb89e8891bd,multi,0,0,2,1,36,r3,-0.0012116172344636134,0.8462427756773107,0.0,-0.07321210950613022,4.470348358154297e-07,0.6363595724105835,3.159046173095703e-06,-0.7931342124938965,1.1920928955078125e-07,0.854297935962677,0.0,-0.07321252673864365
dense-20260718008953-bfb89e8891bd,multi,0,0,2,1,36,r5,0.0005992068062086187,0.8462427756773107,0.0407068133354187,-0.3997892141342163,0.0009214878082275391,0.740847110748291,0.001276165246963501,0.9999665021896362,0.0007494688034057617,0.6256884932518005,0.04070696234703064,-0.3997892141342163
dense-20260718008953-bfb89e8891bd,multi,0,0,2,1,37,r3,8.355154382333474e-05,0.8449199771192575,8.940696716308594e-08,0.28167974948883057,9.462237358093262e-05,0.5717417597770691,0.0,-0.9999998807907104,6.216764450073242e-05,0.8414612412452698,8.940696716308594e-08,0.28167960047721863
dense-20260718008953-bfb89e8891bd,multi,0,0,2,1,37,r5,0.001252312061221339,0.8449199771192575,0.0005965530872344971,0.7580630779266357,2.3543834686279297e-06,0.9834336638450623,0.0,0.9999703764915466,2.5331974029541016e-06,0.9878920316696167,0.0005965530872344971,0.7580632567405701
dense-20260718008953-bfb89e8891bd,multi,0,0,2,1,38,r3,6.47151164352433e-05,0.8398585111471313,1.2099742889404297e-05,0.08445035666227341,0.0033527612686157227,0.38176989555358887,3.719329833984375e-05,-1.0,0.0022648870944976807,0.6697249412536621,1.2099742889404297e-05,0.08445103466510773
dense-20260718008953-bfb89e8891bd,multi,0,0,2,1,38,r5,0.005301205046716273,0.8398585111471313,0.14468640089035034,0.9279451370239258,0.0017150640487670898,0.9953131675720215,0.00041165947914123535,1.0,0.0005112290382385254,0.9953668713569641,0.14468631148338318,0.9279451370239258
dense-20260718008953-bfb89e8891bd,multi,0,0,2,1,39,r3,0.0003354286881818158,0.8368419670418836,3.2961368560791016e-05,0.9184951186180115,0.006624817848205566,0.938193142414093,2.384185791015625e-07,-0.9594012498855591,0.004301339387893677,0.9628552794456482,3.2961368560791016e-05,0.9184950590133667
dense-20260718008953-bfb89e8891bd,multi,0,0,2,1,39,r5,0.002756957197018073,0.8368419670418836,0.007155478000640869,-0.082675501704216,0.0010696947574615479,0.8088402152061462,0.9315328598022461,0.9998682737350464,0.0006533563137054443,0.8299351930618286,0.007155478000640869,-0.08267635852098465
dense-20260718008953-bfb89e8891bd,multi,0,0,2,1,40,r3,0.0009455262956667987,0.8356061261143358,8.940696716308594e-08,0.8980140686035156,3.248453140258789e-06,0.9085268974304199,0.0008844435214996338,0.801312267780304,1.7881393432617188e-06,0.9562230110168457,8.940696716308594e-08,0.8980140686035156
dense-20260718008953-bfb89e8891bd,multi,0,0,2,1,40,r5,0.0004898357943108334,0.8356061261143358,0.0007779896259307861,-0.6573814153671265,0.00011947751045227051,0.342624694108963,0.9998823404312134,1.0,0.0003179013729095459,0.5532265305519104,0.0007779896259307861,-0.6573813557624817
dense-20260718008953-bfb89e8891bd,multi,0,0,2,1,41,r3,0.001426501903273536,0.8357187616288769,2.9802322387695312e-08,-0.6645475029945374,8.940696716308594e-08,-0.4990571439266205,0.0001800060272216797,-1.0,2.9802322387695312e-08,-0.16989171504974365,2.9802322387695312e-08,-0.6645475029945374
dense-20260718008953-bfb89e8891bd,multi,0,0,2,1,41,r5,-0.00028816888495608595,0.8357187616288769,6.562471389770508e-05,-0.7742411494255066,5.245208740234375e-06,0.049484334886074066,0.9765283465385437,1.0,6.020069122314453e-06,0.325959712266922,6.562471389770508e-05,-0.7742408514022827
dense-20260718008953-bfb89e8891bd,multi,0,0,2,1,42,r3,-0.0010032269010873396,0.8386477963715947,5.811452865600586e-06,-0.991193413734436,1.2218952178955078e-06,-0.9815539717674255,0.0,-1.0,1.1920928955078125e-07,-0.9615734219551086,5.811452865600586e-06,-0.991193413734436
dense-20260718008953-bfb89e8891bd,multi,0,0,2,1,42,r5,-0.0002097121567250504,inf,0.7645343542098999,0.07319607585668564,0.09299018979072571,0.9351494908332825,3.1948089599609375e-05,1.0,0.04679602384567261,0.8932121396064758,0.7645343542098999,0.0731961578130722
dense-20260718008953-bfb89e8891bd,multi,0,0,2,1,43,r3,-0.0012578734339203645,0.8464218282811389,4.470348358154297e-07,0.7829254269599915,5.960464477539062e-07,0.8850081562995911,0.9398075342178345,0.9979810118675232,2.086162567138672e-07,0.9174659848213196,4.470348358154297e-07,0.7829254865646362
dense-20260718008953-bfb89e8891bd,multi,0,0,2,1,43,r5,-0.0035461241034355773,inf,0.00015047192573547363,0.9993665814399719,2.175569534301758e-06,0.9999682903289795,1.4901161193847656e-07,1.0,1.5497207641601562e-06,0.9999423027038574,0.00015047192573547363,0.9993665814399719
dense-20260718008953-bfb89e8891bd,multi,0,0,2,1,44,r3,0.0006675286365913635,0.8454729056475333,3.3795833587646484e-05,0.4791122078895569,0.0009388625621795654,0.48948222398757935,0.027185112237930298,-0.9953887462615967,0.000287473201751709,0.6988877058029175,3.3795833587646484e-05,0.4791117012500763
dense-20260718008953-bfb89e8891bd,multi,0,0,2,1,44,r5,0.0006376452676251088,0.8454729056475333,0.0015245676040649414,0.9982225894927979,6.115436553955078e-05,0.9998282194137573,0.012143582105636597,1.0,0.00014531612396240234,0.9997902512550354,0.0015245676040649414,0.9982225894927979
dense-20260718008953-bfb89e8891bd,multi,0,0,2,1,45,r3,0.0005933642994038202,0.844645777221382,9.834766387939453e-07,0.509070873260498,5.155801773071289e-06,0.6499028205871582,0.9797047972679138,-0.06554894894361496,2.473592758178711e-06,0.7774967551231384,9.834766387939453e-07,0.5090707540512085
dense-20260718008953-bfb89e8891bd,multi,0,0,2,1,45,r5,0.000555303610314084,0.844645777221382,0.006838381290435791,0.9808399081230164,0.00037720799446105957,0.9981794953346252,7.835030555725098e-05,1.0,0.0001780390739440918,0.9986979365348816,0.006838381290435791,0.9808399081230164
dense-20260718008953-bfb89e8891bd,multi,0,0,2,1,46,r3,0.0010002415976066992,0.8479313121280471,2.8014183044433594e-06,-0.6264330148696899,2.8908252716064453e-06,-0.570452094078064,0.9999995231628418,-0.9999819993972778,2.205371856689453e-06,-0.1973305642604828,2.8014183044433594e-06,-0.6264328360557556
dense-20260718008953-bfb89e8891bd,multi,0,0,2,1,46,r5,-0.0033209170915018404,0.8479313121280471,1.1026859283447266e-06,-0.8989217281341553,5.960464477539063e-08,-0.5580692291259766,0.9970188140869141,1.0,5.960464477539063e-08,-0.26357895135879517,1.1026859283447266e-06,-0.8989216089248657
dense-20260718008953-bfb89e8891bd,multi,0,0,2,1,47,r3,-0.0005793718489066624,0.8482167991665207,8.046627044677734e-07,0.577497124671936,1.519918441772461e-06,0.6718231439590454,0.9988875389099121,-0.9995619654655457,4.470348358154297e-07,0.7652159929275513,8.046627044677734e-07,0.5774968266487122
dense-20260718008953-bfb89e8891bd,multi,0,0,2,1,47,r5,-0.00027831099064679066,0.8482167991665207,0.007048994302749634,-0.8501473665237427,0.0011041760444641113,-0.16718041896820068,6.705522537231445e-06,1.0,0.0015299320220947266,-0.02705700322985649,0.007048994302749634,-0.8501473069190979
dense-20260718008953-bfb89e8891bd,multi,0,0,2,1,48,r3,0.0010304973235604198,0.8523481771010144,3.129243850708008e-06,-0.6290828585624695,3.069639205932617e-06,-0.5807115435600281,0.9999997019767761,-0.9999767541885376,2.294778823852539e-06,-0.2089981585741043,3.129243850708008e-06,-0.6290828585624695
dense-20260718008953-bfb89e8891bd,multi,0,0,2,1,48,r5,0.0001539045666634209,inf,0.8565134108066559,0.3631168007850647,0.5637993812561035,0.9420873522758484,2.086162567138672e-06,0.9999856948852539,0.39150190353393555,0.9453248977661133,0.856513261795044,0.36311641335487366
dense-20260718008953-bfb89e8891bd,multi,0,0,2,1,49,r3,-0.0004096161427711298,0.8626426208652896,6.556510925292969e-07,0.5786636471748352,1.2516975402832031e-06,0.6770615577697754,0.9986828565597534,-0.999556839466095,3.8743019104003906e-07,0.7684259414672852,6.556510925292969e-07,0.5786634087562561
dense-20260718008953-bfb89e8891bd,multi,0,0,2,1,49,r5,-0.004147269223296446,inf,7.411837577819824e-05,0.9943662285804749,3.814697265625e-06,0.9996592402458191,6.556510925292969e-07,1.0,3.069639205932617e-06,0.9997243881225586,7.411837577819824e-05,0.9943662285804749
dense-20260718008953-bfb89e8891bd,multi,0,0,2,1,50,r3,0.0011958067398285532,0.8620465917374183,9.5367431640625e-06,-0.706892728805542,1.3649463653564453e-05,-0.7831093668937683,0.9999996423721313,-0.7005126476287842,5.21540641784668e-06,-0.5332713723182678,9.5367431640625e-06,-0.7068926692008972
dense-20260718008953-bfb89e8891bd,multi,0,0,2,1,50,r5,0.000931660638502807,inf,0.0002841949462890625,0.9567685127258301,0.00011810660362243652,0.9975541234016418,0.015497356653213501,1.0,0.0007836222648620605,0.9974265098571777,0.0002841949462890625,0.9567684531211853
dense-20260718008953-bfb89e8891bd,multi,0,0,2,1,51,r3,-0.0002236840055496181,0.8621161874296536,3.0994415283203125e-06,-0.1567709892988205,3.933906555175781e-06,0.04588669538497925,0.9994127750396729,-0.9999954700469971,2.592802047729492e-06,0.32118555903434753,3.0994415283203125e-06,-0.1567709594964981
dense-20260718008953-bfb89e8891bd,multi,0,0,2,1,51,r5,0.00029621166168980473,0.8621161874296536,0.00022795796394348145,0.9897136688232422,0.00023758411407470703,0.9988185167312622,7.450580596923828e-07,0.999998927116394,0.00011026859283447266,0.9992673397064209,0.00022795796394348145,0.9897136688232422
dense-20260718008953-bfb89e8891bd,multi,0,0,2,1,52,r3,-0.0002028116546748393,0.8643104016702019,0.00014060735702514648,-0.23875705897808075,0.00016260147094726562,-0.3312676250934601,0.9999971389770508,0.9780641198158264,4.354119300842285e-05,0.1817856729030609,0.00014060735702514648,-0.23875762522220612
dense-20260718008953-bfb89e8891bd,multi,0,0,2,1,52,r5,-0.0018444676998239373,0.8643104016702019,1.8835067749023438e-05,-0.97562175989151,1.9371509552001953e-06,-0.897612452507019,0.9999492168426514,1.0,8.046627044677734e-07,-0.8707276582717896,1.8835067749023438e-05,-0.9756218194961548
dense-20260718008953-bfb89e8891bd,multi,0,0,2,1,54,r3,0.0007256004608680033,0.8631330993126409,0.0017306208610534668,0.8392457962036133,0.008232086896896362,0.8176644444465637,0.997611939907074,-0.3359583914279938,0.001760721206665039,0.8810350298881531,0.0017306208610534668,0.8392457365989685
dense-20260718008953-bfb89e8891bd,multi,0,0,2,1,54,r5,-0.0004231231251650147,0.8631330993126409,2.086162567138672e-07,-0.9130409359931946,0.0,-0.634465217590332,0.8979508280754089,1.0,0.0,-0.3479744493961334,2.086162567138672e-07,-0.9130412340164185
dense-20260718008953-bfb89e8891bd,multi,0,0,2,1,55,r3,0.0031463278364314284,0.8624647819320177,3.692507743835449e-05,-0.7251993417739868,4.51207160949707e-05,-0.825485110282898,1.0,-0.8128111958503723,1.3738870620727539e-05,-0.6005184054374695,3.692507743835449e-05,-0.7251993417739868
dense-20260718008953-bfb89e8891bd,multi,0,0,2,1,55,r5,0.0013115336045503856,0.8624647819320177,0.009949982166290283,0.9198380708694458,0.002844005823135376,0.9945956468582153,0.0,1.0,0.0026180148124694824,0.9944943785667419,0.009949952363967896,0.9198382496833801
dense-20260718008953-bfb89e8891bd,multi,0,0,2,1,56,r3,0.00015554019255170637,0.8628180926886979,4.908442497253418e-05,0.3466116786003113,2.73287296295166e-05,0.4993048906326294,0.9694825410842896,-0.9999938011169434,1.3202428817749023e-05,0.6551818251609802,4.908442497253418e-05,0.3466113805770874
dense-20260718008953-bfb89e8891bd,multi,0,0,2,1,56,r5,-0.0004757597102302835,0.8628180926886979,2.115964889526367e-06,-0.9140823483467102,5.960464477539063e-08,-0.6729351878166199,0.8125678300857544,1.0,2.9802322387695312e-08,-0.4643135964870453,2.115964889526367e-06,-0.9140824675559998
dense-20260718008953-bfb89e8891bd,multi,0,0,2,1,57,r3,0.0010249572236387117,0.8632567806222806,1.564621925354004e-05,-0.633086085319519,2.2023916244506836e-05,-0.7016429305076599,0.9999983310699463,-0.7024324536323547,7.4803829193115234e-06,-0.3948710560798645,1.564621925354004e-05,-0.6330863237380981
dense-20260718008953-bfb89e8891bd,multi,0,0,2,1,57,r5,0.0003352882795455425,0.8632567806222806,0.0012523233890533447,0.3749717175960541,4.8607587814331055e-05,0.9443015456199646,0.9735437631607056,1.0,7.620453834533691e-05,0.926730215549469,0.0012523233890533447,0.37497255206108093
dense-20260718008953-bfb89e8891bd,multi,0,0,2,1,58,r3,-7.84694356510407e-05,0.8632613946684814,2.7567148208618164e-05,-0.1662902683019638,3.546476364135742e-05,-0.10696650296449661,0.9994674921035767,-0.8432483673095703,1.3262033462524414e-05,0.20261149108409882,2.7567148208618164e-05,-0.16629010438919067
dense-20260718008953-bfb89e8891bd,multi,0,0,2,1,58,r5,0.00014886220133036865,0.8632613946684814,0.0005799233913421631,0.2278302013874054,4.106760025024414e-05,0.7996981739997864,0.00011166930198669434,0.9998869299888611,6.195902824401855e-05,0.8616786003112793,0.0005799233913421631,0.22783026099205017
dense-20260718008953-bfb89e8891bd,multi,0,0,2,1,59,r3,-0.00020815511323535318,0.8629297091706821,0.00013640522956848145,-0.2112165093421936,0.00015649199485778809,-0.3068930506706238,0.9999966621398926,0.9805610179901123,4.172325134277344e-05,0.20798097550868988,0.00013640522956848145,-0.21121655404567719
dense-20260718008953-bfb89e8891bd,multi,0,0,2,1,59,r5,0.0007690458832547709,0.8629297091706821,0.007992446422576904,0.663294792175293,0.0018014013767242432,0.9537146091461182,1.5735626220703125e-05,1.0,0.0014785528182983398,0.9721845388412476,0.007992476224899292,0.663295328617096
dense-20260718008953-bfb89e8891bd,multi,0,0,2,1,60,r3,1.618009379411589e-05,0.8639414340654405,0.0007669329643249512,0.6018182635307312,0.004190117120742798,0.5899999737739563,0.9933866262435913,0.9225671887397766,0.0006687641143798828,0.6793969869613647,0.0007669329643249512,0.601818323135376
dense-20260718008953-bfb89e8891bd,multi,0,0,2,1,60,r5,-0.0018995665228622727,0.8639414340654405,6.67572021484375e-06,-0.9966445565223694,2.980232238769531e-07,-0.9664281010627747,2.0891427993774414e-05,0.9996523261070251,5.960464477539062e-07,-0.9297029376029968,6.67572021484375e-06,-0.9966445565223694
dense-20260718008953-bfb89e8891bd,multi,0,0,2,1,61,r3,0.000401403613739193,0.8631434394582308,3.5136938095092773e-05,0.09421153366565704,0.000164031982421875,-0.04962071776390076,0.9965173006057739,0.20026813447475433,3.8564205169677734e-05,0.36233627796173096,3.5136938095092773e-05,0.09421154856681824
dense-20260718008953-bfb89e8891bd,multi,0,0,2,1,61,r5,0.0007769112280930912,0.8631434394582308,0.0007967650890350342,0.9501414895057678,0.00010690093040466309,0.9931966662406921,0.013570606708526611,1.0,0.0001691579818725586,0.9972181916236877,0.0007967650890350342,0.9501414895057678
dense-20260718008953-bfb89e8891bd,multi,0,0,2,1,62,r3,-6.906913018633887e-06,0.8649139176036783,2.1219253540039062e-05,-0.5167170166969299,2.47955322265625e-05,-0.5520610213279724,0.99998939037323,-0.512592613697052,8.434057235717773e-06,-0.21058742702007294,2.1219253540039062e-05,-0.5167167782783508
dense-20260718008953-bfb89e8891bd,multi,0,0,2,1,62,r5,-0.0016088603095114618,0.8649139176036783,2.9802322387695312e-08,-0.9993487000465393,0.0,-0.996204674243927,0.40233302116394043,0.9999997615814209,0.0,-0.9905655980110168,2.9802322387695312e-08,-0.9993487000465393
dense-20260718008953-bfb89e8891bd,multi,0,0,2,1,63,r3,-0.00021923923771161036,0.8646517928134276,0.0005004703998565674,-0.4541688561439514,0.00048592686653137207,-0.4370770752429962,0.9999953508377075,-0.8958936929702759,0.0001227855682373047,-0.1213676854968071,0.0005004703998565674,-0.4541684091091156
dense-20260718008953-bfb89e8891bd,multi,0,0,2,1,63,r5,0.000394387987812328,0.8646517928134276,0.0008742809295654297,0.9521000385284424,0.00011622905731201172,0.9934594035148621,0.01312282681465149,1.0,0.00018107891082763672,0.9973053932189941,0.0008742809295654297,0.9521000385284424
dense-20260718008953-bfb89e8891bd,multi,0,0,2,1,64,r3,-0.0004525021357528747,0.8656060129508365,0.0041010379791259766,0.9845377206802368,0.02282586693763733,0.9860420227050781,0.9985169172286987,0.977548360824585,0.0026504695415496826,0.9860219955444336,0.0041010379791259766,0.984537661075592
dense-20260718008953-bfb89e8891bd,multi,0,0,2,1,64,r5,-0.001861729113817212,0.8656060129508365,2.9802322387695312e-08,-0.9994853138923645,0.0,-0.996983528137207,0.5193328261375427,0.9999997019767761,0.0,-0.992357075214386,2.9802322387695312e-08,-0.9994853138923645
dense-20260718008953-bfb89e8891bd,multi,0,0,2,1,65,r3,0.0012927014670196524,0.8645744226675997,0.00027441978454589844,0.8949329257011414,0.0015510618686676025,0.8598042130470276,0.9999948740005493,0.9796246886253357,0.00021412968635559082,0.9056539535522461,0.00027441978454589844,0.8949329853057861
dense-20260718008953-bfb89e8891bd,multi,0,0,2,1,65,r5,3.278193613409641e-05,0.8645744226675997,0.0010022521018981934,0.9537427425384521,0.00013434886932373047,0.993725061416626,0.013608217239379883,1.0,0.0002052783966064453,0.9973989725112915,0.0010022521018981934,0.9537427425384521
dense-20260718008953-bfb89e8891bd,multi,0,0,2,1,66,r3,0.003021999683187504,0.8660379046878269,5.424022674560547e-06,-0.714962363243103,8.58306884765625e-06,-0.812293529510498,1.0,-0.7860009670257568,3.4570693969726562e-06,-0.575855553150177,5.424022674560547e-06,-0.7149623036384583
dense-20260718008953-bfb89e8891bd,multi,0,0,2,1,66,r5,-0.0017776889051637212,0.8660379046878269,2.9802322387695312e-08,-0.9993443489074707,0.0,-0.9961927533149719,0.4996195435523987,0.9999997615814209,0.0,-0.9905325770378113,2.9802322387695312e-08,-0.9993443489074707
dense-20260718008953-bfb89e8891bd,multi,0,0,2,1,67,r3,0.00013491046985159016,0.865500165383647,0.0003516674041748047,0.42253413796424866,0.0003889501094818115,0.5972017645835876,0.0031433701515197754,-0.9999999403953552,4.407763481140137e-05,0.5366894006729126,0.0003516674041748047,0.42253410816192627
dense-20260718008953-bfb89e8891bd,multi,0,0,2,1,67,r5,0.0003064863963839759,0.865500165383647,0.0010912120342254639,0.9557691812515259,0.00015437602996826172,0.9940164685249329,0.014101982116699219,1.0,0.0002264082431793213,0.9974493384361267,0.0010912120342254639,0.9557693004608154
dense-20260718008953-bfb89e8891bd,multi,0,0,2,1,68,r3,0.0007024078473882867,0.8664791692249963,1.8090009689331055e-05,-0.19661691784858704,1.0401010513305664e-05,-0.05752398818731308,0.9999779462814331,-0.9999939799308777,4.380941390991211e-06,0.295945942401886,1.8090009689331055e-05,-0.19661711156368256
dense-20260718008953-bfb89e8891bd,multi,0,0,2,1,68,r5,-0.0013186215049783012,0.8664791692249963,2.384185791015625e-07,-0.7531079053878784,0.0,0.2162162959575653,0.029131174087524414,1.0,2.9802322387695312e-08,0.4529745876789093,2.384185791015625e-07,-0.7531082034111023
dense-20260718008953-bfb89e8891bd,multi,0,0,2,1,69,r3,6.860956623677694e-05,0.8660804089703975,0.00025841593742370605,-0.2805216908454895,0.00023365020751953125,-0.051371850073337555,0.43192368745803833,-1.0,4.366040229797363e-05,-0.004582372959703207,0.00025841593742370605,-0.280521422624588
dense-20260718008953-bfb89e8891bd,multi,0,0,2,1,69,r5,0.00041708234334270067,0.8660804089703975,0.001130133867263794,0.9313809871673584,0.00015288591384887695,0.9897652864456177,0.03366801142692566,1.0,0.0002231299877166748,0.9956879019737244,0.001130133867263794,0.9313809871673584
dense-20260718008953-bfb89e8891bd,multi,0,0,2,1,70,r3,-0.00018647758772916134,0.8672870052152003,0.0001221299171447754,-0.3394269347190857,9.825825691223145e-05,-0.19280333817005157,0.9998367428779602,-0.9999664425849915,2.7924776077270508e-05,0.1161155253648758,0.0001221299171447754,-0.339426726102829
dense-20260718008953-bfb89e8891bd,multi,0,0,2,1,70,r5,-0.0013251561584639582,0.8672870052152003,1.1920928955078125e-07,-0.9988858699798584,0.0,-0.993800938129425,0.34129542112350464,0.9999993443489075,0.0,-0.9851173162460327,1.1920928955078125e-07,-0.9988858699798584
dense-20260718008953-bfb89e8891bd,multi,0,0,2,1,71,r3,-0.00019117076653829557,0.8673519694241112,2.6732683181762695e-05,-0.24372512102127075,3.069639205932617e-05,-0.22894887626171112,0.9998781681060791,-0.5788105726242065,1.0699033737182617e-05,0.12070448696613312,2.6732683181762695e-05,-0.24372553825378418
dense-20260718008953-bfb89e8891bd,multi,0,0,2,1,71,r5,4.867802990982106e-05,0.8673519694241112,7.3015689849853516e-06,0.8035894632339478,1.1920928955078125e-07,0.9797868728637695,0.003017246723175049,1.0,8.940696716308594e-08,0.9893352389335632,7.3015689849853516e-06,0.8035897016525269
dense-20260718008953-bfb89e8891bd,multi,0,0,2,1,72,r3,-0.00010800804247224072,0.8685009372249699,0.00015372037887573242,-0.16218672692775726,0.00017213821411132812,-0.25262248516082764,0.9999949932098389,0.9834058284759521,4.589557647705078e-05,0.25581806898117065,0.00015372037887573242,-0.16218645870685577
dense-20260718008953-bfb89e8891bd,multi,0,0,2,1,72,r5,-0.0014192216793496026,0.8685009372249699,4.470348358154297e-07,-0.9914791584014893,0.0,-0.9548689126968384,0.0021808743476867676,0.9999555349349976,2.9802322387695312e-08,-0.8924013376235962,4.470348358154297e-07,-0.9914791584014893
dense-20260718008953-bfb89e8891bd,multi,0,0,2,1,73,r3,-0.00030947450736174,0.8675650804601053,0.0006828010082244873,0.6099200248718262,0.003803163766860962,0.6023238897323608,0.9942319393157959,0.9410030245780945,0.000585705041885376,0.6841643452644348,0.0006828010082244873,0.609920084476471
dense-20260718008953-bfb89e8891bd,multi,0,0,2,1,73,r5,0.0007924865613553322,0.8675650804601053,0.0010794103145599365,0.9505859017372131,0.00016006827354431152,0.9931288957595825,0.027463465929031372,1.0,0.0002167820930480957,0.9968686103820801,0.0010794103145599365,0.9505857825279236
dense-20260718008953-bfb89e8891bd,multi,0,0,2,1,75,r3,-0.00026467865249157896,0.8683029166871509,2.2977590560913086e-05,-0.4342867434024811,2.619624137878418e-05,-0.4492216408252716,0.9999728202819824,-0.5395755767822266,9.238719940185547e-06,-0.1074906513094902,2.2977590560913086e-05,-0.43428659439086914
dense-20260718008953-bfb89e8891bd,multi,0,0,2,1,75,r5,0.0007661781705445847,0.8683029166871509,0.0012578070163726807,0.9529035091400146,0.00018262863159179688,0.9935130476951599,0.021777302026748657,1.0,0.0002646148204803467,0.9971465468406677,0.0012578070163726807,0.9529034495353699
dense-20260718008953-bfb89e8891bd,multi,0,0,2,1,76,r3,-0.0003356602330146785,0.869475380893922,0.00043717026710510254,-0.5186012387275696,0.00032216310501098633,-0.5766096711158752,0.9999998211860657,0.734876811504364,6.759166717529297e-05,-0.22098639607429504,0.00043717026710510254,-0.5186018943786621
dense-20260718008953-bfb89e8891bd,multi,0,0,2,1,76,r5,-0.0012239231325037458,0.869475380893922,5.960464477539063e-08,-0.9992792010307312,0.0,-0.9958330392837524,0.5075441002845764,0.9999997019767761,0.0,-0.9899047613143921,5.960464477539063e-08,-0.9992792010307312
dense-20260718008953-bfb89e8891bd,multi,0,0,2,1,77,r3,-0.0003998253729882162,0.8682708360535569,0.0042771100997924805,0.9878195524215698,0.023025542497634888,0.9893190860748291,0.9973561763763428,0.9822180271148682,0.0026567578315734863,0.9888498187065125,0.0042771100997924805,0.9878195524215698
dense-20260718008953-bfb89e8891bd,multi,0,0,2,1,77,r5,0.0010432636913970672,0.8682708360535569,0.0011723637580871582,0.9506495594978333,0.0001703202724456787,0.9932391047477722,0.022737115621566772,1.0,0.00025278329849243164,0.9971209168434143,0.0011723637580871582,0.9506494998931885
dense-20260718008953-bfb89e8891bd,multi,0,0,2,1,78,r3,0.0011799828275242952,0.8682944181722436,2.5719404220581055e-05,0.9436149597167969,0.0005870163440704346,0.9373488426208496,0.8165850639343262,0.9300004243850708,7.152557373046875e-05,0.9552862644195557,2.5719404220581055e-05,0.9436148405075073
dense-20260718008953-bfb89e8891bd,multi,0,0,2,1,78,r5,-0.00113363281421619,0.8682944181722436,5.960464477539063e-08,-0.9994291663169861,0.0,-0.9966571927070618,0.6170631647109985,0.9999997615814209,0.0,-0.9918932318687439,5.960464477539063e-08,-0.9994291663169861
dense-20260718008953-bfb89e8891bd,multi,0,0,2,1,79,r3,0.0018178563758000088,0.867150669274971,4.887580871582031e-06,-0.7078136205673218,7.450580596923828e-06,-0.8055455088615417,1.0,-0.7336046695709229,2.9802322387695312e-06,-0.5604327321052551,4.887580871582031e-06,-0.7078136205673218
dense-20260718008953-bfb89e8891bd,multi,0,0,2,1,79,r5,0.0014148451473126045,0.867150669274971,0.0012229382991790771,0.9567391276359558,0.00016561150550842285,0.9940950870513916,0.015609413385391235,1.0,0.0002453625202178955,0.9975183606147766,0.0012229382991790771,0.9567390084266663
dense-20260718008953-bfb89e8891bd,multi,0,0,2,1,80,r3,-0.0008417361415096192,0.8673758258271403,0.0003344118595123291,0.44369935989379883,0.00035819411277770996,0.614326536655426,0.004287898540496826,-0.9999999403953552,4.082918167114258e-05,0.5523860454559326,0.0003344118595123291,0.44369927048683167
dense-20260718008953-bfb89e8891bd,multi,0,0,2,1,80,r5,-3.219603270299132e-05,0.8673758258271403,6.181001663208008e-05,-0.3968689441680908,1.2814998626708984e-06,0.6195215582847595,0.9999825954437256,1.0,2.5033950805664062e-06,0.737130343914032,6.181001663208008e-05,-0.39686813950538635
dense-20260718008953-bfb89e8891bd,multi,0,0,2,1,81,r3,0.0005746274581595046,0.8668449240607777,6.529688835144043e-05,-0.6075068712234497,4.7653913497924805e-05,-0.5503717660903931,0.9999988079071045,-0.9999755620956421,1.436471939086914e-05,-0.20040704309940338,6.529688835144043e-05,-0.6075068116188049
dense-20260718008953-bfb89e8891bd,multi,0,0,2,1,81,r5,0.0008969743419398046,0.8668449240607777,0.0014515519142150879,0.8744552135467529,0.00018033385276794434,0.9798235893249512,0.059448838233947754,1.0,0.0002778172492980957,0.9921959042549133,0.0014515519142150879,0.8744553327560425
dense-20260718008953-bfb89e8891bd,multi,0,0,2,1,82,r3,-0.00047746619973643156,0.8663436463725562,5.239248275756836e-05,0.35139957070350647,2.8312206268310547e-05,0.5053226947784424,0.9839808344841003,-0.9999920129776001,1.3977289199829102e-05,0.664609968662262,5.239248275756836e-05,0.35139980912208557
dense-20260718008953-bfb89e8891bd,multi,0,0,2,1,82,r5,0.0005657362532476284,0.8663436463725562,0.0023876726627349854,0.45802730321884155,0.00026363134384155273,0.8635334968566895,0.23300859332084656,1.0,0.0003701448440551758,0.957197368144989,0.0023876726627349854,0.4580271244049072
dense-20260718008953-bfb89e8891bd,multi,0,0,2,1,83,r3,0.00025977650915876005,0.8656874242487793,1.4007091522216797e-05,-0.6073801517486572,1.9758939743041992e-05,-0.676180362701416,0.9999982118606567,-0.7105634212493896,6.645917892456055e-06,-0.35465067625045776,1.4007091522216797e-05,-0.6073796153068542
dense-20260718008953-bfb89e8891bd,multi,0,0,2,1,83,r5,0.0013150108319974763,0.8656874242487793,0.005239993333816528,0.9038956165313721,0.0013893544673919678,0.9783260822296143,0.4261311888694763,0.1112007200717926,0.0015049874782562256,0.9895046353340149,0.005239993333816528,0.9038955569267273
dense-20260718008953-bfb89e8891bd,multi,0,0,2,1,84,r3,-0.0002609581594466004,0.8652947708909278,2.6881694793701172e-05,-0.15923121571540833,3.5703182220458984e-05,-0.101839080452919,0.9995176792144775,-0.8407025933265686,1.33514404296875e-05,0.20687206089496613,2.6881694793701172e-05,-0.1592305600643158
dense-20260718008953-bfb89e8891bd,multi,0,0,2,1,84,r5,0.0007482010711072906,0.8652947708909278,3.9637088775634766e-06,0.6970623135566711,1.4573335647583008e-05,0.8963423371315002,0.19398704171180725,-0.9999829530715942,2.244114875793457e-05,0.9526975154876709,3.9637088775634766e-06,0.6970625519752502
dense-20260718008953-bfb89e8891bd,multi,0,0,2,1,85,r3,-0.00033284146044487706,0.8649480271242588,0.000313490629196167,-0.5517870783805847,0.0002537667751312256,-0.6393401622772217,1.0,0.8342146873474121,5.5283308029174805e-05,-0.28721877932548523,0.000313490629196167,-0.5517871379852295
dense-20260718008953-bfb89e8891bd,multi,0,0,2,1,85,r5,0.0008703259272511144,0.8649480271242588,0.0006497502326965332,0.8441550731658936,0.011309117078781128,0.9456588625907898,2.9802322387695312e-08,-0.999860405921936,0.007503539323806763,0.9073460102081299,0.0006497502326965332,0.8441551327705383
dense-20260718008953-bfb89e8891bd,multi,0,0,2,1,86,r3,-0.0004453899915082271,0.8656767996686809,0.00042498111724853516,0.9901014566421509,0.0019161999225616455,0.9901703596115112,0.9935544729232788,0.9985881447792053,0.00014039874076843262,0.9907390475273132,0.00042498111724853516,0.9901014566421509
dense-20260718008953-bfb89e8891bd,multi,0,0,2,1,86,r5,-0.000650681824793331,0.8656767996686809,4.500150680541992e-06,-0.730657160282135,3.096461296081543e-05,-0.43003880977630615,0.001035243272781372,-0.9998600482940674,3.713369369506836e-05,-0.5411828756332397,4.500150680541992e-06,-0.7306573390960693
dense-20260718008953-bfb89e8891bd,multi,0,0,2,1,87,r3,0.0012339151208462518,0.8645109675582591,0.00031256675720214844,0.9278210997581482,0.0018054842948913574,0.9020016193389893,0.9999946355819702,0.9836434125900269,0.00023221969604492188,0.9370196461677551,0.00031256675720214844,0.9278210401535034
dense-20260718008953-bfb89e8891bd,multi,0,0,2,1,87,r5,9.835072449559945e-05,0.8645109675582591,7.05718994140625e-05,0.4651108682155609,0.0001684129238128662,0.8370312452316284,0.00942927598953247,-0.9993157386779785,0.00041922926902770996,0.8331283330917358,7.05718994140625e-05,0.465110719203949
dense-20260718008953-bfb89e8891bd,multi,0,0,2,1,88,r3,0.0015024311590492445,0.8643909426015481,4.76837158203125e-06,-0.7168484926223755,7.68899917602539e-06,-0.813931405544281,1.0,-0.7973992228507996,3.0994415283203125e-06,-0.5754769444465637,4.76837158203125e-06,-0.7168486714363098
dense-20260718008953-bfb89e8891bd,multi,0,0,2,1,88,r5,0.0005138794896968335,0.8643909426015481,0.00027933716773986816,0.4981594383716583,0.00157088041305542,0.7930067181587219,0.0886276364326477,-0.38047438859939575,0.0018076896667480469,0.7543454766273499,0.00027933716773986816,0.4981595575809479
dense-20260718008953-bfb89e8891bd,multi,0,0,2,1,89,r3,-0.0007056433440211229,0.8648652016336971,0.00046685338020324707,0.46409276127815247,0.0005476176738739014,0.6143466830253601,0.005978107452392578,-0.9999998807907104,6.0558319091796875e-05,0.5870097279548645,0.00046685338020324707,0.46409302949905396
dense-20260718008953-bfb89e8891bd,multi,0,0,2,1,89,r5,-0.0002397173118722229,0.8648652016336971,0.001181274652481079,-0.2441207468509674,0.0002035200595855713,0.4935421943664551,0.323026180267334,-0.9998654723167419,0.00030741095542907715,0.5221564769744873,0.001181274652481079,-0.24412080645561218
dense-20260718008953-bfb89e8891bd,multi,0,0,2,1,90,r3,0.0003958927363032494,0.8602108648634794,4.521012306213379e-05,-0.2814899981021881,2.2798776626586914e-05,-0.22240744531154633,0.9999963045120239,-0.9996109008789062,9.119510650634766e-06,0.18328197300434113,4.521012306213379e-05,-0.2814900577068329
dense-20260718008953-bfb89e8891bd,multi,0,0,2,1,90,r5,0.005384578440869037,0.8602108648634794,0.03695255517959595,-0.3431946933269501,0.01830163598060608,0.46616995334625244,0.013439416885375977,-0.8199666738510132,0.02022528648376465,0.46048974990844727,0.03695255517959595,-0.34319499135017395
dense-20260718008953-bfb89e8891bd,multi,0,0,2,1,91,r3,-4.468892526232615e-05,0.8578960489557363,0.0006620883941650391,-0.10390928387641907,0.00046825408935546875,0.06999152153730392,0.9956127405166626,-0.999999463558197,0.00011071562767028809,0.18276362121105194,0.0006620883941650391,-0.10391000658273697
dense-20260718008953-bfb89e8891bd,multi,0,0,2,1,91,r5,0.0025339667132866506,0.8578960489557363,5.0395727157592773e-05,0.5106967091560364,7.483363151550293e-05,0.8793137669563293,0.05555883049964905,-0.9999881386756897,0.00019761919975280762,0.876401424407959,5.0395727157592773e-05,0.5106967687606812
dense-20260718008953-bfb89e8891bd,multi,0,0,2,1,92,r3,-8.739332928708876e-05,0.8578949325999808,9.688735008239746e-05,-0.16270610690116882,5.561113357543945e-05,0.012812151573598385,0.9998534917831421,-0.999457836151123,2.0503997802734375e-05,0.29876720905303955,9.688735008239746e-05,-0.16270668804645538
dense-20260718008953-bfb89e8891bd,multi,0,0,2,1,92,r5,0.00018541092424806394,0.8578949325999808,2.5212764739990234e-05,-0.13632991909980774,3.49581241607666e-05,0.529848575592041,0.5192758440971375,-0.9999861717224121,0.00012513995170593262,0.6289578080177307,2.5212764739990234e-05,-0.13632963597774506
dense-20260718008953-bfb89e8891bd,multi,0,0,2,1,93,r3,-0.00013111238105589784,0.8574484427707071,7.191300392150879e-05,-0.18745508790016174,4.875659942626953e-05,-0.061394624412059784,0.9999779462814331,-0.9988285303115845,1.1444091796875e-05,0.2540407180786133,7.191300392150879e-05,-0.18745481967926025
dense-20260718008953-bfb89e8891bd,multi,0,0,2,1,93,r5,0.0005649675220198436,0.8574484427707071,0.002321779727935791,0.13153141736984253,0.00032266974449157715,0.7698501348495483,0.010470688343048096,-0.9999538064002991,0.0005120038986206055,0.7460170984268188,0.002321779727935791,0.1315310299396515
dense-20260718008953-bfb89e8891bd,multi,0,0,2,1,94,r3,-0.00020056568853488166,0.8572476033976403,2.893805503845215e-05,-0.25019264221191406,3.3229589462280273e-05,-0.26982012391090393,0.9999583959579468,-0.5223133563995361,1.1414289474487305e-05,0.0862758457660675,2.893805503845215e-05,-0.25019294023513794
dense-20260718008953-bfb89e8891bd,multi,0,0,2,1,94,r5,0.00040329180325837655,0.8572476033976403,0.0017342567443847656,-0.03189593181014061,0.0002453625202178955,0.6689229607582092,0.04306831955909729,-0.9999589323997498,0.00040850043296813965,0.6672735810279846,0.0017342567443847656,-0.03189578279852867
dense-20260718008953-bfb89e8891bd,multi,0,0,2,1,96,r3,0.000415101543917773,0.8548895303514134,0.0005372762680053711,0.3391159772872925,0.0005485415458679199,0.17484016716480255,0.9999997615814209,0.9982289671897888,9.337067604064941e-05,0.5223050117492676,0.0005372762680053711,0.33911630511283875
dense-20260718008953-bfb89e8891bd,multi,0,0,2,1,96,r5,0.0006052528473541319,0.8548895303514134,0.004807591438293457,-0.33316123485565186,0.0020746588706970215,0.10120537877082825,0.8294380307197571,-0.9988396763801575,0.0011799037456512451,0.37346723675727844,0.004807591438293457,-0.33316150307655334
dense-20260718008953-bfb89e8891bd,multi,0,0,2,1,97,r3,4.207574270798098e-05,0.8560376379447443,0.0004239082336425781,-0.3032341003417969,0.0003255009651184082,-0.4378643333911896,1.0,0.1670358031988144,9.205937385559082e-05,-0.10205189883708954,0.0004239082336425781,-0.30323415994644165
dense-20260718008953-bfb89e8891bd,multi,0,0,2,1,97,r5,-0.0008151783323506745,0.8560376379447443,9.238719940185547e-07,-0.9761705994606018,3.8743019104003906e-07,-0.8680117726325989,0.0,-1.0,7.748603820800781e-07,-0.7401087880134583,9.238719940185547e-07,-0.9761705994606018
dense-20260718008953-bfb89e8891bd,multi,0,0,2,1,98,r3,-0.00015726173658103804,0.8563242286294211,2.9534101486206055e-05,-0.12812775373458862,3.1828880310058594e-05,-0.12339834868907928,0.9999301433563232,-0.42575541138648987,1.049041748046875e-05,0.21696729958057404,2.9534101486206055e-05,-0.12812760472297668
dense-20260718008953-bfb89e8891bd,multi,0,0,2,1,98,r5,-0.0004299176670927718,0.8563242286294211,0.0006210803985595703,0.014126853086054325,0.00011789798736572266,0.7080743312835693,3.555417060852051e-05,-1.0,0.0007089972496032715,0.7274048328399658,0.0006210803985595703,0.01412667240947485
dense-20260718008953-bfb89e8891bd,multi,0,0,2,1,99,r3,0.00026808607159778397,0.8557735454246094,0.000708460807800293,0.4100620150566101,0.0007155835628509521,0.2650952935218811,0.9999997019767761,0.9978781938552856,0.00012242794036865234,0.5668373107910156,0.000708460807800293,0.41006186604499817
dense-20260718008953-bfb89e8891bd,multi,0,0,2,1,99,r5,0.00017662723690325954,0.8557735454246094,1.2069940567016602e-05,0.09051388502120972,6.648898124694824e-05,0.6508191227912903,9.47713851928711e-06,-0.9998388290405273,8.624792098999023e-05,0.39072751998901367,1.2069940567016602e-05,0.09051402658224106
dense-20260718008953-bfb89e8891bd,multi,0,0,2,1,100,r3,0.00013639859592373682,0.8557406860159041,0.00012058019638061523,-0.6226087808609009,0.00014102458953857422,-0.7249469757080078,1.0,-0.6322761178016663,4.2110681533813477e-05,-0.4425051808357239,0.00012058019638061523,-0.62260901927948
dense-20260718008953-bfb89e8891bd,multi,0,0,2,1,100,r5,0.0005278185234292021,0.8557406860159041,0.00016626715660095215,0.4833601713180542,0.001260519027709961,0.8028401732444763,0.0010349750518798828,-0.9257788062095642,0.0015861093997955322,0.7573465704917908,0.00016626715660095215,0.4833601713180542
dense-20260718008953-bfb89e8891bd,multi,0,0,2,1,101,r3,-0.00035753869887322764,0.8555983696383977,0.0005405247211456299,-0.31784361600875854,0.0005323588848114014,-0.2759084403514862,0.9999927878379822,-0.8797950148582458,0.00012770295143127441,0.03136606886982918,0.0005405247211456299,-0.31784382462501526
dense-20260718008953-bfb89e8891bd,multi,0,0,2,1,101,r5,0.0004566666598573299,0.8555983696383977,0.0003522634506225586,0.5089020133018494,0.000787198543548584,0.8116934299468994,0.4279772639274597,-0.9671115875244141,0.0013312101364135742,0.7710285782814026,0.0003522634506225586,0.5089024901390076
dense-20260718008953-bfb89e8891bd,multi,0,0,2,1,102,r3,-0.0005330975763391255,0.8552602872220205,0.0002721548080444336,0.9884821772575378,0.0012596845626831055,0.9871560335159302,0.9980340003967285,0.9986065030097961,9.530782699584961e-05,0.9883066415786743,0.0002721548080444336,0.9884821772575378
dense-20260718008953-bfb89e8891bd,multi,0,0,2,1,102,r5,0.0002284167380204316,0.8552602872220205,0.01461857557296753,-0.61008620262146,0.007964909076690674,0.015528026968240738,0.6713805198669434,-0.838497519493103,0.007393687963485718,0.10786716639995575,0.01461857557296753,-0.6100861430168152
dense-20260718008953-bfb89e8891bd,multi,0,0,2,1,103,r3,0.0012388737506738856,0.8507668501253061,0.00030666589736938477,0.9016241431236267,0.0017642676830291748,0.865462064743042,0.9999967217445374,0.958659827709198,0.00023242831230163574,0.9093994498252869,0.00030666589736938477,0.9016240239143372
dense-20260718008953-bfb89e8891bd,multi,0,0,2,1,103,r5,0.003930765964337057,0.8507668501253061,0.02781444787979126,-0.23840491473674774,0.008485972881317139,0.2845920920372009,0.00044670701026916504,-0.9385099411010742,0.0041148364543914795,0.4285265803337097,0.027814418077468872,-0.2384049892425537
dense-20260718008953-bfb89e8891bd,multi,0,0,2,1,104,r3,0.0022810000622714988,0.8510940385095747,4.4733285903930664e-05,-0.7547030448913574,3.540515899658203e-05,-0.7437731027603149,1.0,-0.9997138381004333,9.268522262573242e-06,-0.45174214243888855,4.4733285903930664e-05,-0.7547028660774231
dense-20260718008953-bfb89e8891bd,multi,0,0,2,1,104,r5,0.00022020081918272538,0.8510940385095747,0.00042703747749328613,-0.42448344826698303,7.739663124084473e-05,0.40143778920173645,0.004350751638412476,-1.0,0.00042682886123657227,0.41964051127433777,0.00042703747749328613,-0.4244837164878845
dense-20260718008953-bfb89e8891bd,multi,0,0,2,1,105,r3,-5.7834772987153116e-05,0.8491281390086701,0.00030493736267089844,0.4113783538341522,0.00036641955375671387,0.584150493144989,0.0005582273006439209,-1.0,4.1991472244262695e-05,0.5261194705963135,0.00030493736267089844,0.4113776385784149
dense-20260718008953-bfb89e8891bd,multi,0,0,2,1,105,r5,0.0016036843831257475,0.8491281390086701,0.0003312528133392334,0.8287699222564697,0.0029521286487579346,0.9329929351806641,0.03166970610618591,0.8893271088600159,0.0032206177711486816,0.9147621989250183,0.0003312528133392334,0.8287699818611145
dense-20260718008953-bfb89e8891bd,multi,0,0,2,1,106,r3,0.0008004497510860631,0.8486680483632634,0.0001347959041595459,-0.395792692899704,0.0001251697540283203,-0.26877743005752563,0.9835430383682251,-1.0,2.714991569519043e-05,-0.09849535673856735,0.0001347959041595459,-0.3957924544811249
dense-20260718008953-bfb89e8891bd,multi,0,0,2,1,106,r5,0.0008848351871504345,0.8486680483632634,0.0005168020725250244,0.4989005923271179,0.004274457693099976,0.6782547235488892,0.9016629457473755,0.994271457195282,0.0036174356937408447,0.7140753269195557,0.0005168020725250244,0.498900830745697
dense-20260718008953-bfb89e8891bd,multi,0,0,2,1,107,r3,7.836500005575786e-06,0.848227419487201,0.0004202723503112793,0.2792976200580597,0.0004971921443939209,0.46960702538490295,0.01551404595375061,-0.9999999403953552,5.4895877838134766e-05,0.45220649242401123,0.0004202723503112793,0.27929869294166565
dense-20260718008953-bfb89e8891bd,multi,0,0,2,1,107,r5,0.00035740962696095835,0.848227419487201,0.013743668794631958,-0.6198750734329224,0.007433533668518066,0.00860985741019249,0.6336721777915955,-0.849936842918396,0.0069207847118377686,0.10040803998708725,0.013743668794631958,-0.6198746562004089
dense-20260718008953-bfb89e8891bd,multi,0,0,2,1,108,r3,0.00025540197647466734,0.8455658228938306,0.0003387928009033203,-0.30192917585372925,0.00027701258659362793,-0.23142370581626892,0.9999105334281921,-0.9999997019767761,6.401538848876953e-05,-0.040854115039110184,0.0003387928009033203,-0.30192920565605164
dense-20260718008953-bfb89e8891bd,multi,0,0,2,1,108,r5,0.0034070138653330417,0.8455658228938306,0.025229036808013916,-0.2751461863517761,0.007668405771255493,0.25600704550743103,0.00026237964630126953,-0.954401433467865,0.0037747323513031006,0.4010066092014313,0.02522900700569153,-0.2751460671424866
dense-20260718008953-bfb89e8891bd,multi,0,0,2,1,109,r3,-0.00013379788837086792,0.8455509711971653,0.00028514862060546875,-0.327399879693985,0.0002919435501098633,-0.09646544605493546,0.4395909309387207,-1.0,5.474686622619629e-05,-0.04609474912285805,0.00028514862060546875,-0.32739973068237305
dense-20260718008953-bfb89e8891bd,multi,0,0,2,1,109,r5,0.00024802235481469204,0.8455509711971653,0.0012509822845458984,-0.4296172261238098,0.000737994909286499,0.33693820238113403,0.005734622478485107,-0.9999997615814209,0.001818627119064331,0.33607009053230286,0.0012509822845458984,-0.42961737513542175
dense-20260718008953-bfb89e8891bd,multi,0,0,2,1,110,r3,-0.00020803668060409564,0.8439819194912374,0.00019916892051696777,-0.3156948983669281,0.00015911459922790527,-0.19262197613716125,0.9999295473098755,-0.9992194175720215,4.121661186218262e-05,0.12291958928108215,0.00019916892051696777,-0.31569477915763855
dense-20260718008953-bfb89e8891bd,multi,0,0,2,1,110,r5,0.0014178582306949572,0.8439819194912374,0.000305861234664917,0.8468092679977417,0.0027665793895721436,0.9407726526260376,0.0230562686920166,0.8796206116676331,0.003037363290786743,0.9237958192825317,0.000305861234664917,0.8468092083930969
dense-20260718008953-bfb89e8891bd,multi,0,0,2,1,111,r3,-0.00018063778163446287,0.8432503776064685,2.512335777282715e-05,-0.24525374174118042,2.8520822525024414e-05,-0.24273048341274261,0.9998876452445984,-0.6045262813568115,9.894371032714844e-06,0.10842325538396835,2.512335777282715e-05,-0.24525335431098938
dense-20260718008953-bfb89e8891bd,multi,0,0,2,1,111,r5,0.0009225588075802982,0.8432503776064685,0.0004374980926513672,0.5052196383476257,0.003634899854660034,0.6849958300590515,0.8747768402099609,0.9946218729019165,0.0031312108039855957,0.7186633348464966,0.0004374980926513672,0.505219578742981
dense-20260718008953-bfb89e8891bd,multi,0,0,2,1,112,r3,0.00021160052054569611,0.8430129479751713,0.0007658302783966064,0.4576171338558197,0.0007736682891845703,0.3393794000148773,0.9999995827674866,0.997671365737915,0.00013563036918640137,0.6051982045173645,0.0007658302783966064,0.4576166570186615
dense-20260718008953-bfb89e8891bd,multi,0,0,2,1,112,r5,-0.0001633471127175934,0.8430129479751713,0.004042237997055054,-0.37003910541534424,0.001741170883178711,0.1936483085155487,0.02541416883468628,-0.9985740780830383,0.0017820000648498535,0.2882632911205292,0.004042237997055054,-0.37003904581069946
dense-20260718008953-bfb89e8891bd,multi,0,0,2,1,113,r3,0.000556434861756383,0.8403893674885345,0.00033736228942871094,-0.4011436104774475,0.00018456578254699707,-0.5530294179916382,1.0,0.9485204219818115,4.0978193283081055e-05,-0.2423899918794632,0.00033736228942871094,-0.40114328265190125
dense-20260718008953-bfb89e8891bd,multi,0,0,2,1,113,r5,0.002954038177791274,0.8403893674885345,0.02066829800605774,-0.2630916237831116,0.0066339969635009766,0.24077560007572174,0.00241658091545105,-0.9570633172988892,0.00339701771736145,0.3901152014732361,0.02066829800605774,-0.2630915641784668
dense-20260718008953-bfb89e8891bd,multi,0,0,2,1,114,r3,0.0001991129220664245,0.8401997395391223,0.0011191964149475098,0.0636909082531929,0.0009040534496307373,0.11495604366064072,1.0,0.14988930523395538,0.00022217631340026855,0.3765888214111328,0.0011191964149475098,0.06369152665138245
dense-20260718008953-bfb89e8891bd,multi,0,0,2,1,114,r5,6.481691610416007e-05,0.8401997395391223,0.0004215240478515625,-0.3946320414543152,6.619095802307129e-05,0.4124263823032379,0.0025755763053894043,-1.0,0.0003775358200073242,0.4337567985057831,0.0004215240478515625,-0.39463233947753906
dense-20260718008953-bfb89e8891bd,multi,0,0,2,1,115,r3,0.0004953527597528762,0.8390081511667818,0.0005834996700286865,0.33226147294044495,0.0005930662155151367,0.16320855915546417,0.9999998807907104,0.9985046982765198,0.00010013580322265625,0.5215185284614563,0.0005834996700286865,0.33226171135902405
dense-20260718008953-bfb89e8891bd,multi,0,0,2,1,115,r5,0.0005136178995057694,0.8390081511667818,0.000431746244430542,0.8253980278968811,0.0010042190551757812,0.9514099359512329,0.017890065908432007,-0.9959983229637146,0.0018139481544494629,0.9331128597259521,0.000431746244430542,0.8253980875015259
dense-20260718008953-bfb89e8891bd,multi,0,0,2,1,117,r3,0.000226880100409943,0.8384791593218593,0.0010957717895507812,0.06924185901880264,0.0009300112724304199,0.12561732530593872,0.9999999403953552,0.10987376421689987,0.00022208690643310547,0.38016220927238464,0.0010957717895507812,0.06924156099557877
dense-20260718008953-bfb89e8891bd,multi,0,0,2,1,117,r5,-0.00039109639668111207,0.8384791593218593,0.0027673840522766113,-0.3547549247741699,0.001238107681274414,0.0590154305100441,0.894195556640625,-0.9994463324546814,0.0007138848304748535,0.3554977476596832,0.0027673840522766113,-0.3547549247741699
dense-20260718008953-bfb89e8891bd,multi,0,0,2,1,118,r3,0.0005233403882913823,0.839226494205967,0.0005107522010803223,0.33039459586143494,0.0005231797695159912,0.15955956280231476,0.9999998807907104,0.9984130263328552,8.791685104370117e-05,0.5214167833328247,0.0005107522010803223,0.3303947150707245
dense-20260718008953-bfb89e8891bd,multi,0,0,2,1,118,r5,-0.0011499273318245073,0.839226494205967,1.004338264465332e-05,-0.9830842614173889,2.682209014892578e-06,-0.9276822209358215,0.0,-1.0,1.77919864654541e-05,-0.8316202759742737,1.004338264465332e-05,-0.9830842614173889
dense-20260718008953-bfb89e8891bd,multi,0,0,2,1,119,r3,0.0004480311551473548,0.8396740426426303,0.00048720836639404297,-0.29621145129203796,0.00039204955101013184,-0.4334312975406647,1.0,0.1221938207745552,0.00010713934898376465,-0.09161259233951569,0.00048720836639404297,-0.2962111234664917
dense-20260718008953-bfb89e8891bd,multi,0,0,2,1,119,r5,-0.0003917453970889717,0.8396740426426303,0.0006157457828521729,0.02606162428855896,0.00011026859283447266,0.7034184336662292,2.5600194931030273e-05,-1.0,0.0007097125053405762,0.735900342464447,0.0006157457828521729,0.026061711832880974
dense-20260718008953-bfb89e8891bd,multi,0,0,2,1,120,r3,-0.00017753575833068247,0.8391741775092483,0.00042831897735595703,-0.4998498558998108,0.00045287609100341797,-0.5217537879943848,0.9999997019767761,-0.7466304898262024,0.00010645389556884766,-0.18162919580936432,0.00042831897735595703,-0.4998500645160675
dense-20260718008953-bfb89e8891bd,multi,0,0,2,1,120,r5,0.0008476755654596158,0.8391741775092483,0.00020816922187805176,0.7550002932548523,0.0012289881706237793,0.9181817770004272,0.009155064821243286,-0.4455575942993164,0.0016181468963623047,0.8862209916114807,0.00020816922187805176,0.7550002336502075
dense-20260718008953-bfb89e8891bd,multi,0,0,2,1,121,r3,-0.0004902095241248183,0.8396797867999868,0.00023132562637329102,0.7660233974456787,0.0011120736598968506,0.7635933756828308,0.9406387805938721,-0.09367765486240387,0.00017708539962768555,0.8108241558074951,0.00023132562637329102,0.7660234570503235
dense-20260718008953-bfb89e8891bd,multi,0,0,2,1,121,r5,-0.0007360143575141365,0.8396797867999868,2.1129846572875977e-05,-0.5227476358413696,5.7756900787353516e-05,0.07049387693405151,0.28863000869750977,-0.9997139573097229,0.0001385211944580078,0.25328242778778076,2.1129846572875977e-05,-0.5227475166320801
dense-20260718008953-bfb89e8891bd,multi,0,0,2,1,122,r3,0.0012428757757194653,0.8369332140388839,3.382563591003418e-05,0.9489253163337708,0.00018423795700073242,0.9293192028999329,0.9998897314071655,0.9950131773948669,1.7464160919189453e-05,0.9500673413276672,3.382563591003418e-05,0.948925256729126
dense-20260718008953-bfb89e8891bd,multi,0,0,2,1,122,r5,0.0019239366655443568,0.8369332140388839,0.01707381010055542,0.08114268630743027,0.0077242255210876465,0.7148714065551758,0.00023230910301208496,-0.9973315596580505,0.008470386266708374,0.695642352104187,0.01707381010055542,0.08114298433065414
dense-20260718008953-bfb89e8891bd,multi,0,0,2,1,123,r3,0.0020164484351372636,0.83759927164415,1.5228986740112305e-05,-0.7503995895385742,1.0371208190917969e-05,-0.7324732542037964,1.0,-0.9992362260818481,2.4437904357910156e-06,-0.4737604558467865,1.5228986740112305e-05,-0.7503994107246399
dense-20260718008953-bfb89e8891bd,multi,0,0,2,1,123,r5,2.797428746403874e-05,0.83759927164415,0.0008610785007476807,-0.5333326458930969,0.0004980266094207764,0.19846469163894653,0.016807079315185547,-0.9999998807907104,0.0013965964317321777,0.21549947559833527,0.0008610785007476807,-0.5333328247070312
dense-20260718008953-bfb89e8891bd,multi,0,0,2,1,124,r3,-0.00021488402142177954,0.8367570565487951,0.00030106306076049805,0.40356001257896423,0.00035130977630615234,0.5821036696434021,0.0006609559059143066,-1.0,4.079937934875488e-05,0.5245765447616577,0.00030106306076049805,0.4035602807998657
dense-20260718008953-bfb89e8891bd,multi,0,0,2,1,124,r5,0.00045901843462425873,0.8367570565487951,0.0004678070545196533,0.8447301387786865,0.0010301768779754639,0.957439124584198,0.012003600597381592,-0.9966873526573181,0.001957446336746216,0.9408383965492249,0.0004678070545196533,0.844730019569397
dense-20260718008953-bfb89e8891bd,multi,0,0,2,1,125,r3,0.00040867895656249154,0.8364687647464703,0.0004177987575531006,-0.0795147493481636,0.00010117888450622559,0.009612860158085823,0.999999463558197,-0.9999999403953552,3.072619438171387e-05,0.2666294574737549,0.0004177987575531006,-0.07951454818248749
dense-20260718008953-bfb89e8891bd,multi,0,0,2,1,125,r5,0.0004921106178286117,0.8364687647464703,0.0004845559597015381,0.5015134811401367,0.0038303136825561523,0.6772762537002563,0.9146370887756348,0.9956098198890686,0.0032620131969451904,0.7178659439086914,0.0004845559597015381,0.5015137791633606
dense-20260718008953-bfb89e8891bd,multi,0,0,2,1,126,r3,-5.796800720081485e-05,0.837050740997709,0.00018408894538879395,-0.4072851836681366,0.00018385052680969238,-0.222553089261055,0.4165581166744232,-1.0,3.8117170333862305e-05,-0.1465185582637787,0.00018408894538879395,-0.4072848856449127
dense-20260718008953-bfb89e8891bd,multi,0,0,2,1,126,r5,-7.611151023767526e-05,0.837050740997709,0.0043897926807403564,-0.34203532338142395,0.0016114115715026855,0.09948156774044037,0.6695576906204224,-0.9947174787521362,0.0010266005992889404,0.34880971908569336,0.0043897926807403564,-0.342035174369812
dense-20260718008953-bfb89e8891bd,multi,0,0,2,1,127,r3,8.752960805091803e-05,0.8343930963799943,0.0008211731910705566,0.0967356488108635,0.00022369623184204102,0.3188386857509613,0.999418318271637,-0.9999998807907104,5.6624412536621094e-05,0.4266778826713562,0.0008211731910705566,0.09673541784286499
dense-20260718008953-bfb89e8891bd,multi,0,0,2,1,127,r5,0.002624735011256929,0.8343930963799943,0.017920374870300293,-0.3130004405975342,0.006366372108459473,0.19575297832489014,0.0018634498119354248,-0.9857794046401978,0.0031346678733825684,0.35510456562042236,0.017920374870300293,-0.313000351190567
dense-20260718008953-bfb89e8891bd,multi,0,0,2,1,128,r3,-6.755822707349424e-05,0.8350649319752101,0.0001417994499206543,-0.5238674283027649,0.00012060999870300293,-0.45926958322525024,0.9999963045120239,-0.9991911053657532,3.1322240829467773e-05,-0.12836919724941254,0.0001417994499206543,-0.5238672494888306
dense-20260718008953-bfb89e8891bd,multi,0,0,2,1,128,r5,-0.00019603808844781412,0.8350649319752101,0.0004405975341796875,-0.3536011278629303,6.55055046081543e-05,0.43833109736442566,0.0017077922821044922,-1.0,0.0004011988639831543,0.46961846947669983,0.0004405975341796875,-0.3536010682582855
dense-20260718008953-bfb89e8891bd,multi,0,0,2,1,129,r3,-1.1208404336437994e-05,0.835054108818869,0.0001340806484222412,0.024252040311694145,7.098913192749023e-05,0.06955864280462265,0.9975948929786682,-0.5105606317520142,1.558661460876465e-05,0.3668598234653473,0.0001340806484222412,0.02425171248614788
dense-20260718008953-bfb89e8891bd,multi,0,0,2,1,129,r5,-0.0005107542566327172,0.835054108818869,0.000492483377456665,0.8106513619422913,0.0011624693870544434,0.9423953294754028,0.025004416704177856,-0.9944547414779663,0.0020246505737304688,0.9230087399482727,0.000492483377456665,0.8106513619422913
dense-20260718008953-bfb89e8891bd,multi,0,0,2,1,130,r3,5.6170391526277896e-05,0.8350003418189583,0.0008227825164794922,-0.15558451414108276,0.0006262660026550293,-0.23354731500148773,1.0,0.23300714790821075,0.00015211105346679688,0.1175888180732727,0.0008227825164794922,-0.1555836945772171
dense-20260718008953-bfb89e8891bd,multi,0,0,2,1,130,r5,0.00018512812329363193,0.8350003418189583,0.00036844611167907715,0.3599625527858734,0.0006987154483795166,0.7031946182250977,0.861909031867981,-0.8894961476325989,0.001251518726348877,0.667916476726532,0.00036844611167907715,0.35996273159980774
dense-20260718008953-bfb89e8891bd,multi,0,0,2,1,131,r3,0.00010476756735999793,0.8357239161764115,0.0008792579174041748,-0.08274443447589874,0.0006301403045654297,-0.09172957390546799,1.0,0.5460813045501709,0.00015309453010559082,0.26303765177726746,0.0008792579174041748,-0.08274440467357635
dense-20260718008953-bfb89e8891bd,multi,0,0,2,1,131,r5,-0.0007491779296904255,0.8357239161764115,0.00552031397819519,-0.34563568234443665,0.0020958781242370605,0.12176714837551117,0.5163425207138062,-0.9969437718391418,0.0012726783752441406,0.36663535237312317,0.00552031397819519,-0.3456359803676605
dense-20260718008953-bfb89e8891bd,multi,0,0,2,1,132,r3,0.00018874211310615507,0.8362664779272335,0.0006208419799804688,0.43296119570732117,0.0006100237369537354,0.2897014319896698,0.9999997615814209,0.9984873533248901,0.00010454654693603516,0.588980495929718,0.0006208419799804688,0.43296104669570923
dense-20260718008953-bfb89e8891bd,multi,0,0,2,1,132,r5,-0.0008958144437130056,0.8362664779272335,0.0002478659152984619,-0.7305480241775513,9.116530418395996e-05,-0.19618788361549377,0.0002777576446533203,-0.9956803321838379,0.00013831257820129395,0.059360165148973465,0.0002478659152984619,-0.7305477857589722
dense-20260718008953-bfb89e8891bd,multi,0,0,2,1,133,r3,0.0001094579068217083,0.8368700643244129,0.00035393238067626953,-0.30267417430877686,0.0002525448799133301,-0.4609226584434509,1.0,0.2958451211452484,7.280707359313965e-05,-0.10552715510129929,0.00035393238067626953,-0.30267372727394104
dense-20260718008953-bfb89e8891bd,multi,0,0,2,1,133,r5,-0.00032188257727416847,0.8368700643244129,0.0014796257019042969,-0.4134300649166107,0.0007484555244445801,0.42345935106277466,0.00020694732666015625,-0.9999998211860657,0.002097100019454956,0.39232757687568665,0.0014796257019042969,-0.41343024373054504
dense-20260718008953-bfb89e8891bd,multi,0,0,2,1,134,r3,-0.000442561509981898,0.8376245985928152,0.00044596195220947266,-0.48464566469192505,0.000454634428024292,-0.5004451274871826,0.9999997019767761,-0.7426185011863708,0.00010916590690612793,-0.15940460562705994,0.00044596195220947266,-0.4846457242965698
dense-20260718008953-bfb89e8891bd,multi,0,0,2,1,134,r5,-0.00033609426098091255,0.8376245985928152,2.384185791015625e-06,-0.3902159035205841,8.851289749145508e-06,0.3999421298503876,5.960464477539063e-08,-0.9999997615814209,1.8894672393798828e-05,0.22766660153865814,2.384185791015625e-06,-0.3902158737182617
dense-20260718008953-bfb89e8891bd,multi,0,0,2,1,135,r3,-0.0002657311769420634,0.8371624690315846,0.0007424354553222656,0.7146230340003967,0.004133552312850952,0.738032877445221,0.9814075231552124,0.840654730796814,0.0006848275661468506,0.7914897203445435,0.0007424354553222656,0.7146230340003967
dense-20260718008953-bfb89e8891bd,multi,0,0,2,1,135,r5,-7.831171206995613e-05,0.8371624690315846,1.4901161193847656e-07,0.355957567691803,2.1457672119140625e-06,0.8063696026802063,8.940696716308594e-08,-0.995368242263794,3.1888484954833984e-06,0.75425785779953,1.4901161193847656e-07,0.355957955121994
dense-20260718008953-bfb89e8891bd,multi,0,0,2,1,136,r3,0.0012930970969418087,0.8357084802550648,0.00048682093620300293,0.9375807642936707,0.0028038322925567627,0.9174037575721741,0.9999860525131226,0.9717376828193665,0.00035193562507629395,0.9438592195510864,0.00048682093620300293,0.9375807046890259
dense-20260718008953-bfb89e8891bd,multi,0,0,2,1,136,r5,0.0005149872734386829,0.8357084802550648,2.2649765014648438e-06,0.6160764694213867,5.930662155151367e-05,0.8080278038978577,1.4007091522216797e-06,-0.9987015128135681,8.249282836914062e-05,0.7911653518676758,2.2649765014648438e-06,0.6160767674446106
dense-20260718008953-bfb89e8891bd,multi,0,0,2,1,138,r3,-0.0005455222112096259,0.8380870130743112,0.0002993941307067871,-0.21174463629722595,0.00030875205993652344,0.05101694166660309,0.00690808892250061,-1.0,5.549192428588867e-05,-0.0068047186359763145,0.0002993941307067871,-0.2117447555065155
dense-20260718008953-bfb89e8891bd,multi,0,0,2,1,138,r5,-0.0005963604186063343,0.8380870130743112,0.00021845102310180664,0.9055840969085693,0.0018909871578216553,0.9690770506858826,0.0037877559661865234,0.7760431170463562,0.0022148489952087402,0.9574905633926392,0.00021845102310180664,0.9055840969085693
dense-20260718008953-bfb89e8891bd,multi,0,0,2,1,139,r3,-5.944235471089243e-05,0.8389000763512694,0.00019147992134094238,-0.34977078437805176,0.00016170740127563477,-0.23818661272525787,0.9999677538871765,-0.9990844130516052,4.07099723815918e-05,0.08180925995111465,0.00019147992134094238,-0.34977084398269653
dense-20260718008953-bfb89e8891bd,multi,0,0,2,1,139,r5,-0.0005090270923209239,0.8389000763512694,4.1425228118896484e-06,-0.6381053924560547,1.2189149856567383e-05,-0.4180314242839813,0.002572089433670044,-0.9999997019767761,2.92360782623291e-05,-0.346612811088562,4.1425228118896484e-06,-0.638105571269989
dense-20260718008953-bfb89e8891bd,multi,0,0,2,1,140,r3,-0.0003437444555356439,0.8389158755240304,0.0004220306873321533,-0.4697949290275574,0.0004488229751586914,-0.4818410575389862,0.9999994039535522,-0.7844352126121521,0.00010579824447631836,-0.14405003190040588,0.0004220306873321533,-0.46979546546936035
dense-20260718008953-bfb89e8891bd,multi,0,0,2,1,140,r5,-0.00013766955611482778,0.8389158755240304,0.00035327672958374023,0.8558225631713867,0.0029487013816833496,0.9462590217590332,0.015706002712249756,0.842276930809021,0.0033453404903411865,0.9295775890350342,0.00035327672958374023,0.8558225035667419
dense-20260718008953-bfb89e8891bd,multi,0,0,2,1,141,r3,-0.0006758621580851276,0.8393785824013476,0.00021892786026000977,0.761323094367981,0.0010347068309783936,0.7563466429710388,0.9516428709030151,-0.03678937628865242,0.00016492605209350586,0.8061210513114929,0.00021892786026000977,0.7613229751586914
dense-20260718008953-bfb89e8891bd,multi,0,0,2,1,141,r5,-0.00045415188484665414,0.8393785824013476,9.22083854675293e-05,-0.2550024092197418,0.0002938807010650635,0.2983899414539337,0.01382434368133545,-0.9999092817306519,0.0007744729518890381,0.3606792986392975,9.22083854675293e-05,-0.2550026476383209
dense-20260718008953-bfb89e8891bd,multi,0,0,2,1,142,r3,0.0010827298125712925,0.8388339146945495,3.254413604736328e-05,0.9522286057472229,0.000178605318069458,0.9345248341560364,0.999881386756897,0.9949216246604919,1.6748905181884766e-05,0.9532849788665771,3.254413604736328e-05,0.9522286057472229
dense-20260718008953-bfb89e8891bd,multi,0,0,2,1,142,r5,-0.000286800949292898,0.8388339146945495,0.0011009275913238525,-0.46935826539993286,0.0006423294544219971,0.28192493319511414,0.0023380815982818604,-0.9999999403953552,0.001656949520111084,0.29993748664855957,0.0011009275913238525,-0.4693582355976105
dense-20260718008953-bfb89e8891bd,multi,0,0,2,1,143,r3,0.0013732210080934504,0.8393648034536954,1.4215707778930664e-05,-0.7360589504241943,9.745359420776367e-06,-0.7162144184112549,1.0,-0.9992138743400574,2.294778823852539e-06,-0.4505796730518341,1.4215707778930664e-05,-0.736059308052063
dense-20260718008953-bfb89e8891bd,multi,0,0,2,1,143,r5,0.0002137654438008063,0.8393648034536954,0.0002879500389099121,0.8542990684509277,0.002585858106613159,0.9442117214202881,0.020187199115753174,0.8762348890304565,0.0028610825538635254,0.928034782409668,0.0002879500389099121,0.8542991280555725
dense-20260718008953-bfb89e8891bd,multi,0,0,2,1,144,r3,-0.0010181060880054549,0.8395194673125422,0.00027054548263549805,0.4083064794540405,0.00031179189682006836,0.586521565914154,0.0006224215030670166,-1.0,3.6329030990600586e-05,0.5221394896507263,0.00027054548263549805,0.4083064794540405
dense-20260718008953-bfb89e8891bd,multi,0,0,2,1,144,r5,4.68388346870352e-05,0.8395194673125422,0.00017327070236206055,0.13751903176307678,0.0009411871433258057,0.5404067039489746,0.26639503240585327,-0.3429528474807739,0.0011267364025115967,0.5315338373184204,0.00017327070236206055,0.1375189572572708
dense-20260718008953-bfb89e8891bd,multi,0,0,2,1,145,r3,0.0001655059755540922,0.8403884504487172,0.0002664327621459961,-0.24099798500537872,0.00015839934349060059,-0.18627017736434937,0.9999927282333374,-0.9999995231628418,4.1931867599487305e-05,0.015249024145305157,0.0002664327621459961,-0.24099813401699066
dense-20260718008953-bfb89e8891bd,multi,0,0,2,1,145,r5,-0.0005584273791165995,0.8403884504487172,0.00031059980392456055,-0.5258337259292603,4.780292510986328e-05,0.1873009204864502,0.03587660193443298,-1.0,0.00027233362197875977,0.2488773912191391,0.00031059980392456055,-0.5258334875106812
dense-20260718008953-bfb89e8891bd,multi,0,0,2,1,146,r3,-0.00026128999439545275,0.8400646396878144,0.00024297833442687988,-0.3292859196662903,0.0002467036247253418,-0.10576267540454865,0.5029582977294922,-1.0,4.7534704208374023e-05,-0.0476335734128952,0.00024297833442687988,-0.32928597927093506
dense-20260718008953-bfb89e8891bd,multi,0,0,2,1,146,r5,0.0001812670617271639,0.8400646396878144,0.0006705820560455322,0.8266736268997192,0.0014986693859100342,0.9500179886817932,0.016091197729110718,-0.9954469203948975,0.0027809441089630127,0.9313349723815918,0.0006705820560455322,0.8266736268997192
dense-20260718008953-bfb89e8891bd,multi,0,0,2,1,147,r3,-2.768469120129069e-05,0.8399248493158947,9.486079216003418e-05,-0.06281382590532303,5.5462121963500977e-05,0.13232660293579102,0.999186635017395,-0.9995459318161011,1.996755599975586e-05,0.3830779790878296,9.486079216003418e-05,-0.06281421333551407
dense-20260718008953-bfb89e8891bd,multi,0,0,2,1,147,r5,0.00018686166376946645,0.8399248493158947,0.0002384781837463379,0.3246699273586273,0.0005242824554443359,0.6840457916259766,0.8304672837257385,-0.9151875376701355,0.0008997321128845215,0.6507014632225037,0.0002384781837463379,0.3246695399284363
dense-20260718008953-bfb89e8891bd,multi,0,0,2,1,148,r3,-0.00021257721806433594,0.8399446255953585,6.771087646484375e-05,-0.2761894762516022,4.4286251068115234e-05,-0.3114151656627655,0.9998970031738281,-0.6531299948692322,9.47713851928711e-06,0.10297597199678421,6.771087646484375e-05,-0.2761895954608917
dense-20260718008953-bfb89e8891bd,multi,0,0,2,1,148,r5,0.0003978230112566816,0.8399446255953585,0.006514698266983032,-0.3287670612335205,0.002323061227798462,0.13034076988697052,0.4519701302051544,-0.9920673370361328,0.0014840364456176758,0.3559019863605499,0.006514698266983032,-0.32876691222190857
dense-20260718008953-bfb89e8891bd,multi,0,0,2,1,149,r3,-0.000362610495906468,0.8377288268798612,0.00041982531547546387,-0.4790368974208832,0.0004475712776184082,-0.5038388967514038,0.9999997615814209,-0.705138087272644,0.00010484457015991211,-0.15817436575889587,0.00041982531547546387,-0.47903692722320557
dense-20260718008953-bfb89e8891bd,multi,0,0,2,1,149,r5,0.0028612656337001496,0.8377288268798612,0.01879894733428955,-0.27245184779167175,0.005990326404571533,0.23689228296279907,0.0035722851753234863,-0.9527735114097595,0.003154575824737549,0.3857002556324005,0.01879894733428955,-0.2724520266056061
dense-20260718008953-bfb89e8891bd,multi,0,0,2,1,150,r3,-0.0007441195886483953,0.8375146014794664,0.00025156140327453613,0.7548445463180542,0.0011703670024871826,0.7485617995262146,0.9631320834159851,0.08805808424949646,0.0001843273639678955,0.7979887127876282,0.00025156140327453613,0.7548444867134094
dense-20260718008953-bfb89e8891bd,multi,0,0,2,1,150,r5,3.1267252790012634e-05,0.8375146014794664,0.0003916025161743164,-0.4481973946094513,6.523728370666504e-05,0.35103994607925415,0.0022088289260864258,-1.0,0.0003922581672668457,0.38759371638298035,0.0003916025161743164,-0.44819730520248413
dense-20260718008953-bfb89e8891bd,multi,0,0,2,1,151,r3,0.0009012518641253742,0.8358203644322509,3.224611282348633e-05,0.9466353058815002,0.00017622113227844238,0.9263731837272644,0.999881386756897,0.9945961236953735,1.6957521438598633e-05,0.94786536693573,3.224611282348633e-05,0.9466352462768555
dense-20260718008953-bfb89e8891bd,multi,0,0,2,1,151,r5,0.0006098421392704001,0.8358203644322509,0.0004094541072845459,0.8313575983047485,0.0034033358097076416,0.9351100921630859,0.03771275281906128,0.8982581496238708,0.0037033557891845703,0.9175048470497131,0.0004094541072845459,0.8313575983047485
dense-20260718008953-bfb89e8891bd,multi,0,0,2,1,152,r3,0.001126390484070816,0.836251679623123,1.2516975402832031e-05,-0.7374264001846313,8.64267349243164e-06,-0.7173044085502625,1.0,-0.9994151592254639,2.0563602447509766e-06,-0.45167821645736694,1.2516975402832031e-05,-0.7374261617660522
dense-20260718008953-bfb89e8891bd,multi,0,0,2,1,152,r5,0.0005530582404285056,0.836251679623123,0.0005109906196594238,0.4976842701435089,0.0040805041790008545,0.6742750406265259,0.9084023237228394,0.9950677156448364,0.003466188907623291,0.7145388126373291,0.0005109906196594238,0.4976840317249298
dense-20260718008953-bfb89e8891bd,multi,0,0,2,1,153,r3,-0.0008221733060331804,0.8365445816019474,0.00023815035820007324,0.4217965602874756,0.0002835690975189209,0.5971404910087585,0.0004604458808898926,-1.0,3.316998481750488e-05,0.5361793041229248,0.00023815035820007324,0.42179614305496216
dense-20260718008953-bfb89e8891bd,multi,0,0,2,1,153,r5,-0.00012964688652838952,0.8365445816019474,0.003910720348358154,-0.34181448817253113,0.0014764666557312012,0.09660997241735458,0.6593925356864929,-0.9951624870300293,0.0009264647960662842,0.35273998975753784,0.003910720348358154,-0.3418143391609192
dense-20260718008953-bfb89e8891bd,multi,0,0,2,1,154,r3,0.00010918140683990885,0.8345576277466755,0.0002295970916748047,-0.2956075072288513,0.0001779496669769287,-0.2400098741054535,0.9999736547470093,-0.9999995827674866,4.222989082336426e-05,-0.040244169533252716,0.0002295970916748047,-0.2956075966358185
dense-20260718008953-bfb89e8891bd,multi,0,0,2,1,154,r5,0.002643496445300375,0.8345576277466755,0.0184536874294281,-0.3155919313430786,0.006632804870605469,0.1950974464416504,0.001876533031463623,-0.9868851900100708,0.00326654314994812,0.35890522599220276,0.018453657627105713,-0.3155921697616577
dense-20260718008953-bfb89e8891bd,multi,0,0,2,1,155,r3,-0.00028311894671073645,0.8347709250779181,0.0002593994140625,-0.33203157782554626,0.00026482343673706055,-0.10469483584165573,0.3910505771636963,-1.0,5.093216896057129e-05,-0.051854074001312256,0.0002593994140625,-0.3320316672325134
dense-20260718008953-bfb89e8891bd,multi,0,0,2,1,155,r5,3.420512185825508e-05,0.8347709250779181,0.000429689884185791,-0.35462966561317444,6.183981895446777e-05,0.4318099617958069,0.0015367567539215088,-1.0,0.00037911534309387207,0.4638131260871887,0.000429689884185791,-0.35463011264801025
dense-20260718008953-bfb89e8891bd,multi,0,0,2,1,156,r3,-0.00012798552575010724,0.8341518829609084,2.8699636459350586e-05,0.051347386091947556,1.0401010513305664e-05,0.23266232013702393,0.9998774528503418,-0.9999992251396179,3.4868717193603516e-06,0.4919968545436859,2.8699636459350586e-05,0.05134723708033562
dense-20260718008953-bfb89e8891bd,multi,0,0,2,1,156,r5,0.0002502312527157269,0.8341518829609084,0.0005207955837249756,0.8053210973739624,0.0012339651584625244,0.9398426413536072,0.025937020778656006,-0.9946234226226807,0.002175062894821167,0.9204444885253906,0.0005207955837249756,0.8053210377693176
dense-20260718008953-bfb89e8891bd,multi,0,0,2,1,157,r3,-0.0002026787549540554,0.8341141895465723,4.610419273376465e-05,-0.30049511790275574,3.2901763916015625e-05,-0.2070452719926834,0.9999936819076538,-0.9987722039222717,7.62939453125e-06,0.1262345165014267,4.610419273376465e-05,-0.3004947304725647
dense-20260718008953-bfb89e8891bd,multi,0,0,2,1,157,r5,0.000381606609976215,0.8341141895465723,0.0003882944583892822,0.35725468397140503,0.000738978385925293,0.7016764283180237,0.8669946193695068,-0.8721293210983276,0.001325368881225586,0.6647471189498901,0.0003882944583892822,0.3572549819946289
dense-20260718008953-bfb89e8891bd,multi,0,0,2,1,159,r3,3.9246175278728757e-05,0.8351355875505045,0.0008834600448608398,-0.11910189688205719,0.0007019937038421631,-0.12344025820493698,1.0,0.2072935253381729,0.00017115473747253418,0.19108222424983978,0.0008834600448608398,-0.11910243332386017
dense-20260718008953-bfb89e8891bd,multi,0,0,2,1,159,r5,-0.001038235534742915,0.8351355875505045,5.304813385009766e-06,-0.9819461703300476,1.3113021850585938e-06,-0.9301127791404724,0.0,-1.0,3.7848949432373047e-06,-0.8264321088790894,5.304813385009766e-06,-0.9819461107254028
dense-20260718008953-bfb89e8891bd,multi,0,0,2,1,160,r3,7.314226850274608e-05,0.8331427910994722,0.000782400369644165,-0.08768121898174286,0.0005637705326080322,-0.108409583568573,1.0,0.4774106740951538,0.00013870000839233398,0.24217233061790466,0.000782400369644165,-0.08768165856599808
dense-20260718008953-bfb89e8891bd,multi,0,0,2,1,160,r5,0.0021569809038028964,0.8331427910994722,0.025842785835266113,-0.23736131191253662,0.007429540157318115,0.3451247811317444,1.6629695892333984e-05,-0.8879908323287964,0.0035720765590667725,0.44958001375198364,0.025842785835266113,-0.237361341714859
dense-20260718008953-bfb89e8891bd,multi,0,0,2,1,161,r3,0.0002730313340091328,0.830731222744997,0.0006060302257537842,0.4407196640968323,0.0005994141101837158,0.299001544713974,0.9999997615814209,0.9984323978424072,0.00010198354721069336,0.5959128737449646,0.0006060302257537842,0.4407194256782532
dense-20260718008953-bfb89e8891bd,multi,0,0,2,1,161,r5,0.002157451896866114,0.830731222744997,0.00038042664527893066,0.7856334447860718,0.0009071528911590576,0.9343822002410889,0.03279474377632141,-0.9933940172195435,0.0015423297882080078,0.9146773815155029,0.00038042664527893066,0.7856333255767822
dense-20260718008953-bfb89e8891bd,multi,0,0,2,1,162,r3,0.00023034012739309162,0.8304154178886202,0.0003420114517211914,-0.30140963196754456,0.00026100873947143555,-0.4482438266277313,1.0,0.154502734541893,7.387995719909668e-05,-0.10291838645935059,0.0003420114517211914,-0.3014097213745117
dense-20260718008953-bfb89e8891bd,multi,0,0,2,1,162,r5,0.0004920817954896517,0.8304154178886202,0.00033161044120788574,0.3593309819698334,0.0006358027458190918,0.7046626210212708,0.8495244383811951,-0.881973147392273,0.00112229585647583,0.6699473857879639,0.00033161044120788574,0.3593313992023468
dense-20260718008953-bfb89e8891bd,multi,0,0,2,1,163,r3,0.00012480223756972109,0.829781916027127,0.0009511709213256836,-0.041566457599401474,0.0007781088352203369,-0.007240526378154755,1.0,0.12003865838050842,0.00018930435180664062,0.2843444049358368,0.0009511709213256836,-0.04156627878546715
dense-20260718008953-bfb89e8891bd,multi,0,0,2,1,163,r5,0.0006896245593828176,0.829781916027127,0.005276471376419067,-0.34517350792884827,0.001964956521987915,0.12304873764514923,0.5111070275306702,-0.9960284233093262,0.0012176036834716797,0.3675495386123657,0.005276471376419067,-0.34517374634742737
dense-20260718008953-bfb89e8891bd,multi,0,0,2,1,164,r3,-4.097704795924528e-06,0.8275508813346959,0.0007473230361938477,-0.13193146884441376,0.000549614429473877,-0.18707919120788574,1.0,0.47468119859695435,0.00013270974159240723,0.17002542316913605,0.0007473230361938477,-0.13193106651306152
dense-20260718008953-bfb89e8891bd,multi,0,0,2,1,164,r5,0.002553112363713028,0.8275508813346959,0.017454922199249268,-0.30729326605796814,0.006223112344741821,0.2004076987504959,0.0018747150897979736,-0.9826181530952454,0.003064095973968506,0.357690691947937,0.017454922199249268,-0.307293176651001
dense-20260718008953-bfb89e8891bd,multi,0,0,2,1,165,r3,0.0001906154782795877,0.8271558025542526,0.0006430149078369141,0.44304966926574707,0.0006380677223205566,0.3052981197834015,0.9999997019767761,0.9982486367225647,0.00010973215103149414,0.594736635684967,0.0006430149078369141,0.44304996728897095
dense-20260718008953-bfb89e8891bd,multi,0,0,2,1,165,r5,4.6828365580786624e-05,0.8271558025542526,0.0004258155822753906,-0.3679821491241455,6.03795051574707e-05,0.41707685589790344,0.0017174184322357178,-1.0,0.0003787875175476074,0.4570988714694977,0.0004258155822753906,-0.3679826557636261
dense-20260718008953-bfb89e8891bd,multi,0,0,2,1,166,r3,-3.159687540055245e-06,0.8261803452275924,0.00036475062370300293,-0.32112202048301697,0.0002753734588623047,-0.4610688090324402,1.0,0.0971972644329071,7.939338684082031e-05,-0.1306668072938919,0.00036475062370300293,-0.32112231850624084
dense-20260718008953-bfb89e8891bd,multi,0,0,2,1,166,r5,0.0010709339950725205,0.8261803452275924,0.00047197937965393066,0.8094542026519775,0.0010860264301300049,0.9428807497024536,0.023014754056930542,-0.9948949217796326,0.001926124095916748,0.9244865775108337,0.00047197937965393066,0.8094543218612671
dense-20260718008953-bfb89e8891bd,multi,0,0,2,1,167,r3,4.9352105571109917e-05,0.8254895889552559,0.0009960532188415527,-0.005255008116364479,0.0008262395858764648,0.034624677151441574,1.0,0.11466559767723083,0.00019592046737670898,0.31844502687454224,0.000996023416519165,-0.00525505468249321
dense-20260718008953-bfb89e8891bd,multi,0,0,2,1,167,r5,0.0006348480921718469,0.8254895889552559,0.00030359625816345215,0.3453271985054016,0.0005911588668823242,0.6935675740242004,0.8580270409584045,-0.9015753865242004,0.0010454952716827393,0.6599639058113098,0.00030359625816345215,0.34532707929611206
dense-20260718008953-bfb89e8891bd,multi,0,0,2,1,168,r3,2.7773949240028628e-05,0.8249980695071171,0.000709235668182373,-0.1537177562713623,0.0005248785018920898,-0.22622331976890564,1.0,0.41338279843330383,0.0001272261142730713,0.13597001135349274,0.000709235668182373,-0.15371719002723694
dense-20260718008953-bfb89e8891bd,multi,0,0,2,1,168,r5,0.0007318857629090569,0.8249980695071171,0.005314052104949951,-0.34529227018356323,0.0019517242908477783,0.12065253406763077,0.4812150299549103,-0.9949626326560974,0.0012188255786895752,0.361011803150177,0.005314052104949951,-0.34529221057891846
dense-20260718008953-bfb89e8891bd,multi,0,0,2,1,169,r3,7.935171991624301e-05,0.8227581339941985,0.0006279647350311279,0.44719231128692627,0.0006262362003326416,0.3127737045288086,0.9999996423721313,0.9980818033218384,0.00010782480239868164,0.597927451133728,0.0006279647350311279,0.44719263911247253
dense-20260718008953-bfb89e8891bd,multi,0,0,2,1,169,r5,0.0022344932761519942,0.8227581339941985,0.015838980674743652,-0.3161119818687439,0.00564691424369812,0.19169923663139343,0.001489102840423584,-0.9830640554428101,0.0028378069400787354,0.3523911237716675,0.015838980674743652,-0.3161117732524872
dense-20260718008953-bfb89e8891bd,multi,0,0,2,1,170,r3,1.0251003257133462e-05,0.8231256627512068,0.00032189488410949707,-0.31811144948005676,0.00023895502090454102,-0.46541085839271545,1.0,0.1575525403022766,6.86347484588623e-05,-0.12219332158565521,0.00032189488410949707,-0.3181113600730896
dense-20260718008953-bfb89e8891bd,multi,0,0,2,1,170,r5,-3.8220766773733317e-07,0.8231256627512068,0.000410228967666626,-0.41344401240348816,6.109476089477539e-05,0.3760968744754791,0.0014040470123291016,-1.0,0.00038176774978637695,0.4172476828098297,0.000410228967666626,-0.41344407200813293
dense-20260718008953-bfb89e8891bd,multi,0,0,2,1,171,r3,4.65442643158287e-05,0.821820580572659,0.000968247652053833,-0.02699529565870762,0.0007980763912200928,0.009006495587527752,1.0,0.09952839463949203,0.00019085407257080078,0.30019280314445496,0.000968247652053833,-0.02699514850974083
dense-20260718008953-bfb89e8891bd,multi,0,0,2,1,171,r5,0.0009022134341465371,0.821820580572659,0.00041291117668151855,0.8251934051513672,0.0009258389472961426,0.9508457183837891,0.016596496105194092,-0.995021641254425,0.001682370901107788,0.934400737285614,0.00041291117668151855,0.8251932859420776
dense-20260718008953-bfb89e8891bd,multi,0,0,2,1,172,r3,1.980588279693052e-05,0.8214334359437558,0.0007499754428863525,-0.14592815935611725,0.0005380809307098389,-0.20245306193828583,1.0,0.5198637843132019,0.00012969970703125,0.16111119091510773,0.0007499754428863525,-0.14592833817005157
dense-20260718008953-bfb89e8891bd,multi,0,0,2,1,172,r5,0.0004396344188963841,0.8214334359437558,0.00023895502090454102,0.3508419692516327,0.00048482418060302734,0.6954855918884277,0.8409023284912109,-0.8965885639190674,0.0008254647254943848,0.6645805239677429,0.00023895502090454102,0.350841760635376
dense-20260718008953-bfb89e8891bd,multi,0,0,2,1,173,r3,0.00024537893848619596,0.8210439961207014,0.0006636381149291992,0.4349983334541321,0.0006521046161651611,0.29831069707870483,0.9999996423721313,0.9981266856193542,0.00011327862739562988,0.5873371362686157,0.0006636381149291992,0.4349978566169739
dense-20260718008953-bfb89e8891bd,multi,0,0,2,1,173,r5,0.0002509839108129075,0.8210439961207014,0.0004080235958099365,-0.6076613664627075,0.00010094046592712402,-0.2519814372062683,0.06458425521850586,-1.0,0.0001640915870666504,0.09228802472352982,0.0004080235958099365,-0.607661247253418
dense-20260718008953-bfb89e8891bd,multi,0,0,2,1,174,r3,0.0002289504440813328,0.8216506264206952,0.00030744075775146484,-0.30596402287483215,0.00022011995315551758,-0.46468043327331543,1.0,0.34698766469955444,6.258487701416016e-05,-0.09888338297605515,0.00030744075775146484,-0.3059639036655426
dense-20260718008953-bfb89e8891bd,multi,0,0,2,1,174,r5,-0.0004603676806809176,0.8216506264206952,0.000981658697128296,-0.7196559906005859,0.00020965933799743652,-0.4145447909832001,3.3348798751831055e-05,-1.0,0.00042429566383361816,-0.17652061581611633,0.000981658697128296,-0.7196562886238098
dense-20260718008953-bfb89e8891bd,multi,0,0,2,1,175,r3,0.00013071030238798187,0.8205962489652804,0.0009225606918334961,-0.0093438271433115,0.0007443726062774658,0.022860834375023842,1.0,0.1509961634874344,0.0001792311668395996,0.3162192404270172,0.0009225606918334961,-0.00934382900595665
dense-20260718008953-bfb89e8891bd,multi,0,0,2,1,175,r5,0.0005049501420815172,0.8205962489652804,0.0004067420959472656,0.8793786764144897,0.0008398294448852539,0.9727059602737427,0.005854904651641846,-0.9976174831390381,0.0016537904739379883,0.9634173512458801,0.0004067420959472656,0.8793786764144897
dense-20260718008953-bfb89e8891bd,multi,0,0,2,1,176,r3,-4.6911776604430244e-05,0.8212442508224788,0.0006387531757354736,-0.2459685206413269,0.00039073824882507324,-0.3505523204803467,1.0,0.9786384105682373,7.411837577819824e-05,0.0635027214884758,0.0006387531757354736,-0.2459680289030075
dense-20260718008953-bfb89e8891bd,multi,0,0,2,1,176,r5,-0.0001388846147269973,0.8212442508224788,4.76837158203125e-07,-0.9657632112503052,1.1920928955078125e-06,-0.890656590461731,0.0001869499683380127,-0.9999999403953552,2.473592758178711e-06,-0.8986727595329285,4.76837158203125e-07,-0.9657632112503052
dense-20260718008953-bfb89e8891bd,multi,0,0,2,1,177,r3,-4.722354095165748e-05,0.8203748753677306,0.0006972551345825195,0.5055366158485413,0.0006842613220214844,0.4074307382106781,0.9999995231628418,0.9984509348869324,0.00011998414993286133,0.6420608162879944,0.0006972551345825195,0.5055369138717651
dense-20260718008953-bfb89e8891bd,multi,0,0,2,1,177,r5,2.790090966486858e-06,0.8203748753677306,0.0005953609943389893,0.9103127121925354,0.001263052225112915,0.9806009531021118,0.0037067830562591553,-0.9971892833709717,0.002443075180053711,0.9727979898452759,0.0005953609943389893,0.9103126525878906
dense-20260718008953-bfb89e8891bd,multi,0,0,2,1,178,r3,0.00022543400873309416,0.8206774460252413,0.0002308487892150879,0.1150885596871376,0.00023815035820007324,-0.07246483862400055,1.0,0.999130368232727,4.655122756958008e-05,0.37438175082206726,0.0002308487892150879,0.1150883212685585
dense-20260718008953-bfb89e8891bd,multi,0,0,2,1,178,r5,0.00017204382531876838,0.8206774460252413,1.1920928955078125e-07,-0.9774703979492188,4.172325134277344e-07,-0.9242318272590637,6.446242332458496e-05,-0.9999826550483704,9.238719940185547e-07,-0.9188177585601807,1.1920928955078125e-07,-0.9774703979492188
dense-20260718008953-bfb89e8891bd,multi,0,0,2,1,180,r3,-0.001042827305462124,0.8208003678051827,0.001084655523300171,0.292317658662796,0.000821918249130249,0.35260918736457825,0.9999995827674866,0.46872901916503906,0.0002067089080810547,0.553481936454773,0.001084655523300171,0.2923177480697632
dense-20260718008953-bfb89e8891bd,multi,0,0,2,1,180,r5,1.2800941557644663e-05,0.8208003678051827,6.258487701416016e-07,-0.5661942362785339,2.5331974029541016e-06,-0.1406654715538025,0.000138014554977417,-0.9998012781143188,5.4836273193359375e-06,-0.23283325135707855,6.258487701416016e-07,-0.566194474697113
dense-20260718008953-bfb89e8891bd,multi,0,0,2,1,181,r3,0.0004384868176194878,0.8198472216929282,7.641315460205078e-05,0.971583902835846,0.00036218762397766113,0.9612364768981934,0.9996517896652222,0.9973846077919006,3.281235694885254e-05,0.9704941511154175,7.641315460205078e-05,0.971583902835846
dense-20260718008953-bfb89e8891bd,multi,0,0,2,1,181,r5,-0.00010261160318969509,0.8198472216929282,0.0003045797348022461,0.8596492409706116,0.002587735652923584,0.9473409652709961,0.015617668628692627,0.8294416666030884,0.002934873104095459,0.9318304061889648,0.0003045797348022461,0.859649121761322
dense-20260718008953-bfb89e8891bd,multi,0,0,2,1,182,r3,0.0008914075407848721,0.8204472241823701,2.4944543838500977e-05,-0.6970242857933044,2.8580427169799805e-05,-0.8261054754257202,1.0,-0.8265896439552307,9.179115295410156e-06,-0.5891532897949219,2.4944543838500977e-05,-0.6970239877700806
dense-20260718008953-bfb89e8891bd,multi,0,0,2,1,182,r5,0.00034835557385060056,0.8204472241823701,0.00047156214714050293,0.4811231195926666,0.0028751790523529053,0.653735876083374,0.02700081467628479,-0.996105968952179,0.004990905523300171,0.7209413051605225,0.0004715919494628906,0.481123149394989
dense-20260718008953-bfb89e8891bd,multi,0,0,2,1,183,r3,-0.00013333525150271974,0.8216600243552157,0.0006935298442840576,-0.05743013322353363,0.0006301999092102051,0.09688940644264221,0.789345383644104,-0.9999998211860657,0.0001519322395324707,0.1894482672214508,0.0006935298442840576,-0.05743018537759781
dense-20260718008953-bfb89e8891bd,multi,0,0,2,1,183,r5,-0.0007255539310420112,0.8216600243552157,9.92119312286377e-05,-0.7125482559204102,1.5914440155029297e-05,-0.1166800931096077,0.11231425404548645,-1.0,8.767843246459961e-05,0.0012769692111760378,9.92119312286377e-05,-0.7125484943389893
dense-20260718008953-bfb89e8891bd,multi,0,0,2,1,184,r3,-0.00019009249928014782,0.8216837094795212,4.410743713378906e-05,-0.25198307633399963,3.11732292175293e-05,-0.1337510049343109,0.9999855756759644,-0.9986344575881958,7.420778274536133e-06,0.18546684086322784,4.410743713378906e-05,-0.251983106136322
dense-20260718008953-bfb89e8891bd,multi,0,0,2,1,184,r5,0.00015743923041799945,0.8216837094795212,0.0024581849575042725,-0.06480827182531357,0.002606213092803955,0.4606606960296631,0.000926971435546875,-0.9990973472595215,0.0031201541423797607,0.5447325110435486,0.0024581849575042725,-0.06480827182531357
dense-20260718008953-bfb89e8891bd,multi,0,0,2,1,185,r3,-0.0006059670737128542,0.8214223644624342,0.00032830238342285156,-0.5939855575561523,0.0003680586814880371,-0.6275366544723511,0.9999996423721313,-0.8688436150550842,8.693337440490723e-05,-0.3069120943546295,0.00032830238342285156,-0.5939854383468628
dense-20260718008953-bfb89e8891bd,multi,0,0,2,1,185,r5,0.0006475912957795149,0.8214223644624342,0.0004979968070983887,0.7166123986244202,0.0011220872402191162,0.9085060954093933,0.079885333776474,-0.9913994073867798,0.001837998628616333,0.8819776177406311,0.0004979968070983887,0.7166125178337097
dense-20260718008953-bfb89e8891bd,multi,0,0,2,1,186,r3,-0.0013202869444211007,0.8226861335357152,0.0010119080543518066,0.6095949411392212,0.0009729266166687012,0.5759936571121216,0.9999984502792358,0.9971391558647156,0.0001850724220275879,0.7256878614425659,0.0010119080543518066,0.609595000743866
dense-20260718008953-bfb89e8891bd,multi,0,0,2,1,186,r5,-0.0007499327679310053,0.8226861335357152,5.352497100830078e-05,-0.8045446276664734,9.268522262573242e-06,-0.31592851877212524,0.2714884877204895,-1.0,4.741549491882324e-05,-0.1803382933139801,5.352497100830078e-05,-0.8045448660850525
dense-20260718008953-bfb89e8891bd,multi,0,0,2,1,187,r3,0.0007793352616911609,0.819857531975612,4.607439041137695e-05,0.9657762050628662,0.00024235248565673828,0.9532354474067688,0.9998428821563721,0.9963492155075073,2.193450927734375e-05,0.9652693867683411,4.607439041137695e-05,0.9657762050628662
dense-20260718008953-bfb89e8891bd,multi,0,0,2,1,187,r5,0.002491010533782312,0.819857531975612,0.021592646837234497,-0.29082751274108887,0.006572067737579346,0.27577006816864014,4.807114601135254e-05,-0.9324318170547485,0.003148883581161499,0.39612120389938354,0.021592646837234497,-0.29082784056663513
dense-20260718008953-bfb89e8891bd,multi,0,0,2,1,188,r3,0.0012208830775888302,0.8191741835751661,5.4448843002319336e-05,-0.8542472720146179,3.1381845474243164e-05,-0.8875759840011597,1.0,-0.9549018144607544,5.781650543212891e-06,-0.6972557306289673,5.4448843002319336e-05,-0.8542473912239075
dense-20260718008953-bfb89e8891bd,multi,0,0,2,1,188,r5,0.00169737905592382,0.8191741835751661,0.005816936492919922,0.33559057116508484,0.0022754669189453125,0.8231948018074036,0.1265871822834015,-0.9997497797012329,0.005860388278961182,0.7942578792572021,0.005816936492919922,0.33559030294418335
dense-20260718008953-bfb89e8891bd,multi,0,0,2,1,189,r3,-0.00013317307755489338,0.8187864667816742,0.000273972749710083,-0.21868373453617096,0.00028714537620544434,0.04936731979250908,0.005285471677780151,-1.0,5.328655242919922e-05,0.00719344150274992,0.000273972749710083,-0.2186838835477829
dense-20260718008953-bfb89e8891bd,multi,0,0,2,1,189,r5,0.0006935150870253093,0.8187864667816742,0.00041872262954711914,0.5542954206466675,0.0008411705493927002,0.8315383195877075,0.29990172386169434,-0.9763613939285278,0.0014292001724243164,0.7994904518127441,0.00041872262954711914,0.554295539855957
dense-20260718008953-bfb89e8891bd,multi,0,0,2,1,190,r3,-0.0003458773206992394,0.8198255114725349,0.00014698505401611328,-0.35411155223846436,0.0001226365566253662,-0.23875506222248077,0.9999611377716064,-0.9987014532089233,3.17692756652832e-05,0.0785500705242157,0.00014698505401611328,-0.3541119396686554
dense-20260718008953-bfb89e8891bd,multi,0,0,2,1,190,r5,-0.0005507995580797953,0.8198255114725349,0.00026291608810424805,-0.5692236423492432,7.075071334838867e-05,-0.21295027434825897,0.22159141302108765,-1.0,0.00011134147644042969,0.13315469026565552,0.00026291608810424805,-0.5692233443260193
dense-20260718008953-bfb89e8891bd,multi,0,0,2,1,191,r3,9.816157050757113e-06,0.8205326976218196,0.0010090470314025879,-0.01690789684653282,0.0008621513843536377,0.027861982583999634,1.0,0.06338859349489212,0.0002016127109527588,0.31214895844459534,0.0010090768337249756,-0.016908643767237663
dense-20260718008953-bfb89e8891bd,multi,0,0,2,1,191,r5,-0.0007841188140331745,0.8205326976218196,0.00026160478591918945,-0.7724848985671997,9.548664093017578e-05,-0.2756001055240631,2.7179718017578125e-05,-0.990545928478241,0.00015020370483398438,-0.024448975920677185,0.00026160478591918945,-0.7724849581718445
dense-20260718008953-bfb89e8891bd,multi,0,0,2,1,192,r3,3.5122069824033986e-05,0.820383641986402,0.0007195472717285156,-0.09954892098903656,0.0005415976047515869,-0.154902845621109,1.0,0.3102792799472809,0.00013214349746704102,0.18849311769008636,0.0007195472717285156,-0.09954866021871567
dense-20260718008953-bfb89e8891bd,multi,0,0,2,1,192,r5,-0.000263989038365553,0.820383641986402,0.0005403757095336914,0.8758168816566467,0.001096487045288086,0.9699724912643433,0.007128119468688965,-0.9970657825469971,0.0021115541458129883,0.9596878290176392,0.0005403757095336914,0.8758170008659363
dense-20260718008953-bfb89e8891bd,multi,0,0,2,1,193,r3,0.00016821387448584524,0.8203529670748501,0.0005500912666320801,0.40679606795310974,0.0005516111850738525,0.2572263479232788,0.9999997019767761,0.9979903697967529,9.420514106750488e-05,0.5689172744750977,0.0005500912666320801,0.40679624676704407
dense-20260718008953-bfb89e8891bd,multi,0,0,2,1,193,r5,-0.000296838522894749,0.8203529670748501,2.9832124710083008e-05,-0.12557125091552734,0.00011798739433288574,0.24606215953826904,0.00020888447761535645,-0.9999368190765381,0.0002872943878173828,0.4465097188949585,2.9832124710083008e-05,-0.12557142972946167
dense-20260718008953-bfb89e8891bd,multi,0,0,2,1,194,r3,0.00042435966727416563,0.8194349983875914,0.00035384297370910645,-0.3131052851676941,0.0002808570861816406,-0.453901469707489,1.0,0.0887974351644516,8.025765419006348e-05,-0.11849338561296463,0.00035384297370910645,-0.3131047785282135
dense-20260718008953-bfb89e8891bd,multi,0,0,2,1,194,r5,0.001048232502727453,0.8194349983875914,0.0057000815868377686,0.282181054353714,0.002321004867553711,0.7937416434288025,0.4151313006877899,-0.9996339678764343,0.005720853805541992,0.7691538333892822,0.0057000815868377686,0.2821810841560364
dense-20260718008953-bfb89e8891bd,multi,0,0,2,1,195,r3,0.00011156704002313056,0.819655961240973,0.0009397566318511963,-0.021265249699354172,0.0008091926574707031,0.0179841797798872,1.0,0.121190145611763,0.0001862943172454834,0.3078193962574005,0.0009397566318511963,-0.02126551978290081
dense-20260718008953-bfb89e8891bd,multi,0,0,2,1,195,r5,-0.00011980620376883522,0.819655961240973,0.0005872547626495361,-0.6303770542144775,0.0003122985363006592,0.013015787117183208,0.020997285842895508,-0.9999999403953552,0.000893324613571167,0.06344778090715408,0.0005872547626495361,-0.6303770542144775
dense-20260718008953-bfb89e8891bd,multi,0,0,2,1,196,r3,2.1188330399768418e-05,0.818783582740676,0.000718921422958374,-0.12185458838939667,0.0005315840244293213,-0.17440573871135712,1.0,0.29489585757255554,0.00012987852096557617,0.16814371943473816,0.000718921422958374,-0.12185443937778473
dense-20260718008953-bfb89e8891bd,multi,0,0,2,1,196,r5,0.0008356724348557165,0.818783582740676,0.008945047855377197,0.48006370663642883,0.002955108880996704,0.8856247067451477,0.005581974983215332,-0.9998665452003479,0.008126914501190186,0.8476787209510803,0.008945047855377197,0.480063796043396
dense-20260718008953-bfb89e8891bd,multi,0,0,2,1,197,r3,0.00017237798613467525,0.8178486736987829,0.0005660355091094971,0.43783101439476013,0.0005716383457183838,0.29806438088417053,0.9999997019767761,0.9979545474052429,9.709596633911133e-05,0.594914972782135,0.0005660355091094971,0.43783125281333923
dense-20260718008953-bfb89e8891bd,multi,0,0,2,1,197,r5,0.0007091186561793972,0.8178486736987829,0.00023737549781799316,0.5294661521911621,0.0005350708961486816,0.8262024521827698,0.3309022784233093,-0.971652626991272,0.0008700788021087646,0.7878862023353577,0.00023737549781799316,0.529466450214386
dense-20260718008953-bfb89e8891bd,multi,0,0,2,1,198,r3,9.551641478378059e-05,0.8179119469756226,0.00034433603286743164,-0.3218449652194977,0.00027182698249816895,-0.46444791555404663,1.0,0.060388192534446716,7.724761962890625e-05,-0.1281307190656662,0.00034433603286743164,-0.32184475660324097
dense-20260718008953-bfb89e8891bd,multi,0,0,2,1,198,r5,0.00028440090918668837,0.8179119469756226,0.00021705031394958496,0.42039042711257935,0.00022453069686889648,0.5819898843765259,0.09373825788497925,-0.9999929070472717,0.00030344724655151367,0.7038148045539856,0.00021705031394958496,0.42039087414741516
dense-20260718008953-bfb89e8891bd,multi,0,0,2,1,199,r3,2.5350738077634105e-06,0.819258433052841,0.0008787214756011963,-0.010541032068431377,0.0007642209529876709,0.03172024339437485,1.0,0.0974431037902832,0.00017836689949035645,0.3156556487083435,0.0008787214756011963,-0.010541644878685474
dense-20260718008953-bfb89e8891bd,multi,0,0,2,1,199,r5,-0.0011986145423215078,0.819258433052841,2.5331974029541016e-06,-0.9749566316604614,6.854534149169922e-07,-0.9237266778945923,2.9802322387695312e-08,-1.0,1.8775463104248047e-06,-0.7669360637664795,2.5331974029541016e-06,-0.9749566316604614
dense-20260718008953-bfb89e8891bd,multi,0,0,2,1,201,r3,-2.3603449070819238e-05,0.8203017571812726,0.0006600916385650635,0.48261913657188416,0.0006617605686187744,0.3667566776275635,0.9999995231628418,0.9979133605957031,0.0001150965690612793,0.6273438930511475,0.0006600916385650635,0.4826197028160095
dense-20260718008953-bfb89e8891bd,multi,0,0,2,1,201,r5,-0.0007173027851619107,0.8203017571812726,0.0004271566867828369,0.9125248193740845,0.001771479845046997,0.9774312376976013,0.0013537406921386719,-0.9984264373779297,0.002796351909637451,0.9712035059928894,0.0004271566867828369,0.912524938583374
dense-20260718008953-bfb89e8891bd,multi,0,0,2,1,202,r3,0.00012655368823955016,0.82066039845157,0.00021761655807495117,0.09234317392110825,0.00023445487022399902,-0.09070967137813568,1.0,0.998816728591919,4.5686960220336914e-05,0.3474183976650238,0.00021761655807495117,0.09234348684549332
dense-20260718008953-bfb89e8891bd,multi,0,0,2,1,202,r5,-0.0002828269677612738,0.82066039845157,8.940696716308594e-08,-0.596601128578186,6.556510925292969e-07,-0.18939895927906036,1.633167266845703e-05,-0.9977748394012451,1.0132789611816406e-06,-0.12486691027879715,8.940696716308594e-08,-0.5966013669967651
dense-20260718008953-bfb89e8891bd,multi,0,0,2,1,203,r3,-8.807442688407718e-05,0.820793109106198,0.00018167495727539062,-0.5796408653259277,0.00023698806762695312,-0.6661273837089539,1.0,-0.7457602620124817,5.418062210083008e-05,-0.33599358797073364,0.00018167495727539062,-0.579640805721283
dense-20260718008953-bfb89e8891bd,multi,0,0,2,1,203,r5,-1.9296080264741278e-06,0.820793109106198,0.0010203421115875244,0.824088454246521,0.006286352872848511,0.9458860754966736,0.00014075636863708496,-0.9999099373817444,0.009705424308776855,0.9392798542976379,0.0010203421115875244,0.824088454246521
dense-20260718008953-bfb89e8891bd,multi,0,0,2,1,204,r3,-0.0007429567376593393,0.8215783334971166,0.0009481608867645264,0.22669574618339539,0.0007953941822052002,0.3000895380973816,0.9999998211860657,0.09359612315893173,0.00018668174743652344,0.5114357471466064,0.0009481608867645264,0.22669538855552673
dense-20260718008953-bfb89e8891bd,multi,0,0,2,1,204,r5,-0.0004824261645783867,0.8215783334971166,4.470348358154297e-07,-0.960357666015625,1.2516975402832031e-06,-0.8718241453170776,0.00010725855827331543,-0.9999998807907104,2.592802047729492e-06,-0.8820446133613586,4.470348358154297e-07,-0.960357666015625
dense-20260718008953-bfb89e8891bd,multi,0,0,2,1,205,r3,0.000494639712849354,0.821071335679151,0.00011438131332397461,0.5573640465736389,0.0005178749561309814,0.46523088216781616,0.997606635093689,0.7848058342933655,7.930397987365723e-05,0.6160998940467834,0.00011438131332397461,0.5573640465736389
dense-20260718008953-bfb89e8891bd,multi,0,0,2,1,205,r5,-0.0002176528841451031,0.821071335679151,0.000482022762298584,0.9170081615447998,0.00105246901512146,0.9822636842727661,0.002460300922393799,-0.9976351261138916,0.0020644962787628174,0.9752588272094727,0.000482022762298584,0.9170081615447998
dense-20260718008953-bfb89e8891bd,multi,0,0,2,1,206,r3,0.0007624965588419741,0.82181335100786,7.036328315734863e-05,-0.6480422019958496,9.486079216003418e-05,-0.7579871416091919,1.0,-0.7670646905899048,2.6106834411621094e-05,-0.4868026077747345,7.036328315734863e-05,-0.6480421423912048
dense-20260718008953-bfb89e8891bd,multi,0,0,2,1,206,r5,-0.00012857870405769134,0.82181335100786,8.940696716308594e-07,-0.5124945640563965,3.516674041748047e-06,-0.08642658591270447,0.00014889240264892578,-0.9998084306716919,7.62939453125e-06,-0.18199695646762848,8.940696716308594e-07,-0.5124944448471069
dense-20260718008953-bfb89e8891bd,multi,0,0,2,1,207,r3,-0.000528694880134184,0.821432980615265,0.00011938810348510742,0.06774771213531494,6.389617919921875e-05,0.1170123815536499,0.9935474991798401,-0.6560363173484802,1.4185905456542969e-05,0.3848949074745178,0.00011938810348510742,0.06774772703647614
dense-20260718008953-bfb89e8891bd,multi,0,0,2,1,207,r5,0.00024607839865264935,0.821432980615265,0.0003230571746826172,0.8448686003684998,0.0026941001415252686,0.9405366778373718,0.02236354351043701,0.8712401986122131,0.0030163824558258057,0.9246095418930054,0.0003230571746826172,0.8448686599731445
dense-20260718008953-bfb89e8891bd,multi,0,0,2,1,208,r3,-1.3513122441022318e-05,0.8208496631001748,0.0006730854511260986,-0.16754025220870972,0.000511467456817627,-0.2591966390609741,1.0,0.251527339220047,0.0001259446144104004,0.0985209196805954,0.0006730854511260986,-0.16754059493541718
dense-20260718008953-bfb89e8891bd,multi,0,0,2,1,208,r5,0.0007453743523104794,0.8208496631001748,0.00037044286727905273,0.6412951946258545,0.001316756010055542,0.7735282182693481,0.7827252149581909,-0.8839373588562012,0.002032458782196045,0.8363455533981323,0.00037044286727905273,0.6412950754165649
dense-20260718008953-bfb89e8891bd,multi,0,0,2,1,209,r3,9.240304180413439e-05,0.8214466145478699,0.0007651150226593018,-0.05572916567325592,0.0005533397197723389,-0.06146947294473648,1.0,0.40147846937179565,0.0001405179500579834,0.27264413237571716,0.0007651150226593018,-0.05572895705699921
dense-20260718008953-bfb89e8891bd,multi,0,0,2,1,209,r5,-0.0004925751813782409,0.8214466145478699,0.00026991963386535645,-0.5483612418174744,7.635354995727539e-05,-0.18961955606937408,0.3760044574737549,-1.0,0.00011721253395080566,0.15049999952316284,0.00026991963386535645,-0.5483614206314087
dense-20260718008953-bfb89e8891bd,multi,0,0,2,1,210,r3,0.00023049039572908825,0.8222460913025387,0.0005071759223937988,0.3949713110923767,0.0004964172840118408,0.23812539875507355,0.9999997615814209,0.9983810782432556,8.618831634521484e-05,0.5621421337127686,0.0005071759223937988,0.39497220516204834
dense-20260718008953-bfb89e8891bd,multi,0,0,2,1,210,r5,-0.001155101014285398,0.8222460913025387,8.344650268554688e-07,-0.9794272780418396,3.5762786865234375e-07,-0.8752557039260864,0.0,-1.0,7.152557373046875e-07,-0.7505244612693787,8.344650268554688e-07,-0.9794272780418396
dense-20260718008953-bfb89e8891bd,multi,0,0,2,1,211,r3,0.00012907589866073543,0.8226591832357645,0.0003737807273864746,-0.30450886487960815,0.00028765201568603516,-0.44118306040763855,1.0,0.08236778527498245,8.192658424377441e-05,-0.10423605144023895,0.0003737807273864746,-0.30450865626335144
dense-20260718008953-bfb89e8891bd,multi,0,0,2,1,211,r5,-0.0007580594246596739,0.8226591832357645,0.0005261600017547607,0.9131608605384827,0.0011172592639923096,0.9813711047172546,0.002708226442337036,-0.997249960899353,0.0021872222423553467,0.9741979837417603,0.0005261600017547607,0.9131608605384827
dense-20260718008953-bfb89e8891bd,multi,0,0,2,1,212,r3,-0.000448836594411528,0.8231147840037992,0.00037285685539245605,-0.4920708239078522,0.00039333105087280273,-0.5135298371315002,0.9999996423721313,-0.7899362444877625,9.143352508544922e-05,-0.1701124757528305,0.00037285685539245605,-0.4920713007450104
dense-20260718008953-bfb89e8891bd,multi,0,0,2,1,212,r5,8.918102170962783e-06,0.8231147840037992,8.344650268554688e-07,-0.5199177265167236,3.337860107421875e-06,-0.0826224535703659,0.00013110041618347168,-0.9998248815536499,7.212162017822266e-06,-0.18155524134635925,8.344650268554688e-07,-0.5199181437492371
dense-20260718008953-bfb89e8891bd,multi,0,0,2,1,213,r3,-0.0013245594192543564,0.8228054037352742,0.0006491541862487793,0.7268747091293335,0.003625839948654175,0.749762773513794,0.9781913757324219,0.8268867135047913,0.0006051361560821533,0.8026713132858276,0.0006491541862487793,0.7268750667572021
dense-20260718008953-bfb89e8891bd,multi,0,0,2,1,213,r5,1.5446871734603462e-05,0.8228054037352742,0.0006465613842010498,0.8760802149772644,0.00251615047454834,0.9637235999107361,0.005415767431259155,-0.9980274438858032,0.004037261009216309,0.9537234902381897,0.0006465613842010498,0.8760800957679749
dense-20260718008953-bfb89e8891bd,multi,0,0,2,1,214,r3,0.0008257533155819896,0.8215888918104578,0.00019541382789611816,0.9093866348266602,0.0006463825702667236,0.8626013994216919,0.9999997615814209,0.9998352527618408,6.455183029174805e-05,0.884915292263031,0.00019541382789611816,0.9093866348266602
dense-20260718008953-bfb89e8891bd,multi,0,0,2,1,214,r5,0.0006329923437009555,0.8215888918104578,0.000471264123916626,0.4882577359676361,0.003003150224685669,0.6599805355072021,0.03001195192337036,-0.9954142570495605,0.005060374736785889,0.7234160304069519,0.000471264123916626,0.48825767636299133
dense-20260718008953-bfb89e8891bd,multi,0,0,2,1,215,r3,0.00042342015277219147,0.8223558438605566,1.531839370727539e-05,-0.6848053932189941,1.1712312698364258e-05,-0.7691665887832642,0.9999998807907104,-0.8756549954414368,2.294778823852539e-06,-0.4632663428783417,1.531839370727539e-05,-0.6848053932189941
dense-20260718008953-bfb89e8891bd,multi,0,0,2,1,215,r5,0.00021126819434869049,0.8223558438605566,0.0002536773681640625,0.36893633008003235,0.000264585018157959,0.5525029897689819,0.07733145356178284,-0.9999930262565613,0.0003596842288970947,0.6788637638092041,0.0002536773681640625,0.3689362108707428
dense-20260718008953-bfb89e8891bd,multi,0,0,2,1,216,r3,-8.389422755405995e-05,0.823597105312862,0.0006734132766723633,-0.1298925280570984,0.0006643533706665039,0.02431795373558998,0.6014079451560974,-0.9999999403953552,0.00015354156494140625,0.1211666539311409,0.0006734132766723633,-0.12989214062690735
dense-20260718008953-bfb89e8891bd,multi,0,0,2,1,216,r5,-0.0008334719582010486,0.823597105312862,0.0020847320556640625,-0.8203943967819214,0.0004571378231048584,-0.5307442545890808,0.0018731951713562012,-1.0,0.0009430050849914551,-0.2824389338493347,0.0020847320556640625,-0.8203945755958557
dense-20260718008953-bfb89e8891bd,multi,0,0,2,1,217,r3,-0.00011128740141841398,0.8238968407599706,6.783008575439453e-05,-0.15569943189620972,3.75211238861084e-05,0.02124842070043087,0.99974524974823,-0.999457836151123,1.4692544937133789e-05,0.30106693506240845,6.783008575439453e-05,-0.15570007264614105
dense-20260718008953-bfb89e8891bd,multi,0,0,2,1,217,r5,-0.0001815031375012044,0.8238968407599706,0.006211459636688232,-0.9123559594154358,0.0015905499458312988,-0.6563315987586975,0.0,-0.9999999403953552,0.003240138292312622,-0.533768355846405,0.006211459636688232,-0.9123560190200806
dense-20260718008953-bfb89e8891bd,multi,0,0,2,1,218,r3,-0.0002536002588846564,0.8237401403821706,6.371736526489258e-05,-0.27399489283561707,4.330277442932129e-05,-0.3031831979751587,0.9997743368148804,-0.7139286398887634,9.149312973022461e-06,0.10371991246938705,6.371736526489258e-05,-0.27399444580078125
dense-20260718008953-bfb89e8891bd,multi,0,0,2,1,218,r5,-0.00030072539604431014,0.8237401403821706,0.00045311450958251953,0.907444179058075,0.0009865164756774902,0.9801859855651855,0.0027570128440856934,-0.9978790283203125,0.0019352734088897705,0.972775399684906,0.00045311450958251953,0.9074441194534302
dense-20260718008953-bfb89e8891bd,multi,0,0,2,1,219,r3,-0.0005587581932942065,0.8240455627953794,0.00034302473068237305,-0.5127549767494202,0.00036957859992980957,-0.543208122253418,0.9999997019767761,-0.7722058296203613,8.577108383178711e-05,-0.19919924437999725,0.00034302473068237305,-0.5127547383308411
dense-20260718008953-bfb89e8891bd,multi,0,0,2,1,219,r5,0.00014959582193241339,0.8240455627953794,8.940696716308594e-07,-0.4950639307498932,3.6656856536865234e-06,-0.05701883137226105,0.000153273344039917,-0.9997993111610413,7.897615432739258e-06,-0.16416099667549133,8.940696716308594e-07,-0.4950637221336365
dense-20260718008953-bfb89e8891bd,multi,0,0,2,1,220,r3,-0.0017450084054875248,0.8238487378076257,0.00019311904907226562,0.7836595773696899,0.0009152591228485107,0.7858703136444092,0.934384822845459,-0.10855042189359665,0.00014635920524597168,0.8254761099815369,0.00019311904907226562,0.7836595177650452
dense-20260718008953-bfb89e8891bd,multi,0,0,2,1,220,r5,0.00011348227957497237,0.8238487378076257,0.0003345608711242676,0.847636878490448,0.002817094326019287,0.9413548707962036,0.02312535047531128,0.8658014535903931,0.0031408369541168213,0.9255525469779968,0.0003345608711242676,0.847636878490448
dense-20260718008953-bfb89e8891bd,multi,0,0,2,1,222,r3,0.0001639553515797587,0.8237602018386294,1.2964010238647461e-05,-0.7381184101104736,8.761882781982422e-06,-0.7185961604118347,1.0,-0.9991129040718079,2.086162567138672e-06,-0.45260241627693176,1.2964010238647461e-05,-0.7381185293197632
dense-20260718008953-bfb89e8891bd,multi,0,0,2,1,222,r5,-0.00020692475274919353,0.8237602018386294,0.0020411908626556396,-0.3237490653991699,0.0008483231067657471,0.06490492820739746,0.919677734375,-0.9984209537506104,0.0005162358283996582,0.35763007402420044,0.0020412206649780273,-0.3237495422363281
dense-20260718008953-bfb89e8891bd,multi,0,0,2,1,223,r3,-0.00020757491591383292,0.8252456935980659,0.00023919343948364258,-0.19726450741291046,0.0002479255199432373,0.06513337790966034,0.006353795528411865,-1.0,4.5418739318847656e-05,0.01472986489534378,0.00023919343948364258,-0.19726446270942688
dense-20260718008953-bfb89e8891bd,multi,0,0,2,1,223,r5,-0.0011261302487730607,0.8252456935980659,2.1189451217651367e-05,-0.987684965133667,4.172325134277344e-06,-0.9370050430297852,0.0,-1.0,1.3470649719238281e-05,-0.8718103766441345,2.1189451217651367e-05,-0.987684965133667
dense-20260718008953-bfb89e8891bd,multi,0,0,2,1,224,r3,-0.0003135375263634277,0.8259829225538023,0.00014770030975341797,-0.3937346339225769,0.00012680888175964355,-0.2890489995479584,0.9999688863754272,-0.999308168888092,3.275275230407715e-05,0.03386096656322479,0.00014770030975341797,-0.3937346339225769
dense-20260718008953-bfb89e8891bd,multi,0,0,2,1,224,r5,-0.0005519966002021093,0.8259829225538023,0.0005502998828887939,-0.08640448749065399,9.894371032714844e-05,0.6359764933586121,3.209710121154785e-05,-1.0,0.0006950199604034424,0.6848487854003906,0.0005502998828887939,-0.0864046961069107
dense-20260718008953-bfb89e8891bd,multi,0,0,2,1,225,r3,-0.0005411643312402958,0.8255278543801304,0.0003979206085205078,-0.4845176935195923,0.0004334747791290283,-0.49354884028434753,0.9999988079071045,-0.8624371290206909,0.00010123848915100098,-0.16412138938903809,0.0003979206085205078,-0.48451754450798035
dense-20260718008953-bfb89e8891bd,multi,0,0,2,1,225,r5,0.0007724397155579599,0.8255278543801304,0.0011170804500579834,0.6908998489379883,0.006009459495544434,0.8930683732032776,0.0010395944118499756,-0.9995664954185486,0.009886175394058228,0.8783690929412842,0.0011170804500579834,0.690899670124054
dense-20260718008953-bfb89e8891bd,multi,0,0,2,1,226,r3,-0.0016588941677317948,0.8255243485798224,0.00020053982734680176,0.7808115482330322,0.0009500682353973389,0.7818810939788818,0.9386854767799377,-0.0832301527261734,0.00015041232109069824,0.8246005773544312,0.00020053982734680176,0.7808115482330322
dense-20260718008953-bfb89e8891bd,multi,0,0,2,1,226,r5,0.0001968767817128736,0.8255243485798224,0.00026929378509521484,0.41258352994918823,0.0005490481853485107,0.7397360801696777,0.7290318608283997,-0.9455251693725586,0.0009279847145080566,0.7042213678359985,0.00026929378509521484,0.41258347034454346
dense-20260718008953-bfb89e8891bd,multi,0,0,2,1,227,r3,0.0007905133628731686,0.8257625652587685,3.11434268951416e-05,0.950698971748352,0.00016874074935913086,0.9320367574691772,0.9998835325241089,0.9949138164520264,1.6242265701293945e-05,0.9523900747299194,3.11434268951416e-05,0.9506989121437073
dense-20260718008953-bfb89e8891bd,multi,0,0,2,1,227,r5,-0.0007331206605032392,0.8257625652587685,0.0003968477249145508,-0.5763603448867798,0.00010150671005249023,-0.19839540123939514,0.1143929660320282,-1.0,0.00015944242477416992,0.12859180569648743,0.0003968477249145508,-0.5763603448867798
dense-20260718008953-bfb89e8891bd,multi,0,0,2,1,228,r3,0.0002943351366104796,0.8245707725529309,2.8878450393676758e-05,-0.7507456541061401,2.232193946838379e-05,-0.7409096360206604,1.0,-0.9994928240776062,6.0498714447021484e-06,-0.4470595419406891,2.8878450393676758e-05,-0.7507455945014954
dense-20260718008953-bfb89e8891bd,multi,0,0,2,1,228,r5,0.0024209423992520573,0.8245707725529309,0.01941657066345215,-0.29567354917526245,0.00593489408493042,0.22764649987220764,0.00032317638397216797,-0.9190300703048706,0.003082782030105591,0.37967947125434875,0.01941654086112976,-0.2956739366054535
dense-20260718008953-bfb89e8891bd,multi,0,0,2,1,229,r3,-0.00023278938420157047,0.8229012452530846,0.00023749470710754395,0.4272681772708893,0.0002716481685638428,0.6039587259292603,0.0006148219108581543,-1.0,3.254413604736328e-05,0.5449696779251099,0.00023749470710754395,0.427268385887146
dense-20260718008953-bfb89e8891bd,multi,0,0,2,1,229,r5,0.0018831855761185512,0.8229012452530846,0.006382375955581665,0.3430636525154114,0.002502918243408203,0.8240420818328857,0.15951994061470032,-0.9997915625572205,0.006296604871749878,0.7942723035812378,0.006382375955581665,0.34306371212005615
dense-20260718008953-bfb89e8891bd,multi,0,0,2,1,230,r3,5.983679104537565e-05,0.8225106892279289,0.00029075145721435547,-0.09460730105638504,7.11679458618164e-05,-0.011073136702179909,0.999999463558197,-0.9999999403953552,2.193450927734375e-05,0.25247204303741455,0.00029075145721435547,-0.0946069285273552
dense-20260718008953-bfb89e8891bd,multi,0,0,2,1,230,r5,0.0007209202624585132,0.8225106892279289,0.004208296537399292,-0.004355133045464754,0.001721888780593872,0.61855149269104,0.9374593496322632,-0.9996285438537598,0.004391342401504517,0.6250492334365845,0.00420832633972168,-0.004355105105787516
dense-20260718008953-bfb89e8891bd,multi,0,0,2,1,231,r3,-0.00031855711718797863,0.8232525832651245,0.0001888275146484375,-0.38985875248908997,0.00018674135208129883,-0.20274020731449127,0.5099508762359619,-1.0,3.835558891296387e-05,-0.1160668358206749,0.0001888275146484375,-0.38985928893089294
dense-20260718008953-bfb89e8891bd,multi,0,0,2,1,231,r5,-0.00025031321552693164,0.8232525832651245,0.0009428858757019043,-0.5063480138778687,0.0005473792552947998,0.22172218561172485,0.00899958610534668,-0.9999999403953552,0.001486063003540039,0.24418021738529205,0.0009428858757019043,-0.5063477754592896
dense-20260718008953-bfb89e8891bd,multi,0,0,2,1,232,r3,3.0052023215487722e-05,0.8223215833230308,0.0006854236125946045,0.04430091753602028,0.00018581748008728027,0.2640926241874695,0.9992372989654541,-0.9999998807907104,4.8041343688964844e-05,0.3818388283252716,0.0006854236125946045,0.044300626963377
dense-20260718008953-bfb89e8891bd,multi,0,0,2,1,232,r5,0.0003739042297903339,0.8223215833230308,0.0004886090755462646,0.8303804993629456,0.001032501459121704,0.9527010917663574,0.014297693967819214,-0.9958552122116089,0.001971632242202759,0.9362478256225586,0.0004886090755462646,0.8303804397583008
dense-20260718008953-bfb89e8891bd,multi,0,0,2,1,233,r3,0.0004608771062113437,0.8217204777847281,0.0001291036605834961,-0.5063333511352539,0.00011023879051208496,-0.438256174325943,0.9999935626983643,-0.9991229772567749,2.866983413696289e-05,-0.10985150933265686,0.0001291036605834961,-0.5063331723213196
dense-20260718008953-bfb89e8891bd,multi,0,0,2,1,233,r5,0.0006245278707042168,0.8217204777847281,0.0005123019218444824,0.47706735134124756,0.0037528574466705322,0.6612392067909241,0.9173208475112915,0.9943783283233643,0.0032897591590881348,0.7049514651298523,0.0005123019218444824,0.4770672917366028
dense-20260718008953-bfb89e8891bd,multi,0,0,2,1,234,r3,-0.0002605972164000381,0.8225328790441525,2.0056962966918945e-05,-0.16822800040245056,2.384185791015625e-05,-0.13427066802978516,0.9996268153190613,-0.7853034734725952,8.910894393920898e-06,0.18834054470062256,2.0056962966918945e-05,-0.1682286262512207
dense-20260718008953-bfb89e8891bd,multi,0,0,2,1,234,r5,-0.0005808282461767789,0.8225328790441525,0.0003275275230407715,-0.5820516347885132,8.383393287658691e-05,-0.22318975627422333,0.12414827942848206,-1.0,0.00013497471809387207,0.11742866784334183,0.0003275275230407715,-0.5820515751838684
dense-20260718008953-bfb89e8891bd,multi,0,0,2,1,235,r3,1.3605399454608147e-05,0.8199655513005083,0.0007113814353942871,0.5667548179626465,0.0010372400283813477,0.5277540683746338,0.9999921321868896,0.9108729958534241,0.00017511844635009766,0.7297382354736328,0.0007113814353942871,0.5667545199394226
dense-20260718008953-bfb89e8891bd,multi,0,0,2,1,235,r5,0.0024888136191840715,0.8199655513005083,0.02009674906730652,-0.2965833246707916,0.006323456764221191,0.21801580488681793,0.0002346336841583252,-0.9585583209991455,0.0031348764896392822,0.374725341796875,0.02009674906730652,-0.29658347368240356
dense-20260718008953-bfb89e8891bd,multi,0,0,2,1,236,r3,0.0004237457071643025,0.8203374922757294,0.00023320317268371582,-0.36571255326271057,0.00018423795700073242,-0.5298318862915039,1.0,0.012272695079445839,5.53131103515625e-05,-0.18085744976997375,0.00023320317268371582,-0.3657126724720001
dense-20260718008953-bfb89e8891bd,multi,0,0,2,1,236,r5,-6.036900270900425e-05,0.8203374922757294,0.0009592175483703613,-0.5067148804664612,0.0005268752574920654,0.23512162268161774,0.0016395747661590576,-0.9999999403953552,0.0014238059520721436,0.2607523202896118,0.0009592175483703613,-0.5067153573036194
dense-20260718008953-bfb89e8891bd,multi,0,0,2,1,237,r3,-0.0003756947750552797,0.8205294548821994,0.00033524632453918457,-0.5559552907943726,0.00038039684295654297,-0.5742799043655396,0.9999985694885254,-0.916153073310852,9.009242057800293e-05,-0.24462056159973145,0.00033524632453918457,-0.5559550523757935
dense-20260718008953-bfb89e8891bd,multi,0,0,2,1,237,r5,-0.00017032808100991836,0.8205294548821994,0.0005672276020050049,0.8672939538955688,0.0022312700748443604,0.961870551109314,0.004377692937850952,-0.9984408020973206,0.0035929083824157715,0.9535730481147766,0.0005671977996826172,0.8672939538955688
dense-20260718008953-bfb89e8891bd,multi,0,0,2,1,238,r3,-0.0018632655749311056,0.820841629279621,0.0009363889694213867,0.603053092956543,0.0009181201457977295,0.5671316385269165,0.9999984502792358,0.9974094033241272,0.00017052888870239258,0.71982342004776,0.0009363889694213867,0.6030531525611877
dense-20260718008953-bfb89e8891bd,multi,0,0,2,1,238,r5,-2.6892327122274295e-05,0.820841629279621,3.013014793395996e-05,-0.12583723664283752,0.00012505054473876953,0.2420344203710556,0.00021588802337646484,-0.9999356865882874,0.00030106306076049805,0.44462844729423523,3.013014793395996e-05,-0.12583734095096588
dense-20260718008953-bfb89e8891bd,multi,0,0,2,1,239,r3,0.0006087068208606716,0.8207345974494052,4.464387893676758e-05,0.9630326628684998,0.00023323297500610352,0.9500197172164917,0.9998353719711304,0.996161162853241,2.130866050720215e-05,0.962968111038208,4.464387893676758e-05,0.9630326628684998
dense-20260718008953-bfb89e8891bd,multi,0,0,2,1,239,r5,-0.0004793590551877003,0.8207345974494052,0.0008525848388671875,-0.548794150352478,0.0004787147045135498,0.1925911009311676,0.004781633615493774,-0.9999998807907104,0.0013102591037750244,0.22504033148288727,0.0008525848388671875,-0.5487942695617676
dense-20260718008953-bfb89e8891bd,multi,0,0,2,1,240,r3,-1.1500287200094661e-05,0.821697749750729,1.761317253112793e-05,-0.7546784281730652,2.3692846298217773e-05,-0.8567906618118286,1.0,-0.9244593381881714,7.599592208862305e-06,-0.6486841440200806,1.761317253112793e-05,-0.7546786069869995
dense-20260718008953-bfb89e8891bd,multi,0,0,2,1,240,r5,-7.523867035152954e-05,0.821697749750729,0.0005429685115814209,0.8722825050354004,0.00219079852104187,0.9640369415283203,0.0037074387073516846,-0.9987105131149292,0.0035851895809173584,0.9564598202705383,0.0005429685115814209,0.8722824454307556
dense-20260718008953-bfb89e8891bd,multi,0,0,2,1,241,r3,-0.00036161771449849667,0.8230957057967325,0.0002263188362121582,-0.23081791400909424,0.00023034214973449707,0.029260504990816116,0.006499230861663818,-1.0,4.3451786041259766e-05,-0.019426405429840088,0.0002263188362121582,-0.23081809282302856
dense-20260718008953-bfb89e8891bd,multi,0,0,2,1,241,r5,-0.0006226904518471521,0.8230957057967325,5.662441253662109e-07,-0.9602301716804504,1.430511474609375e-06,-0.876351535320282,0.0002567768096923828,-0.9999999403953552,2.8908252716064453e-06,-0.8851768374443054,5.662441253662109e-07,-0.9602302312850952
dense-20260718008953-bfb89e8891bd,multi,0,0,2,1,243,r3,-0.0005835364833377543,0.8245431874339868,0.0003019869327545166,-0.5867215991020203,0.00034096837043762207,-0.619529128074646,0.9999996423721313,-0.8676825761795044,8.07344913482666e-05,-0.29700368642807007,0.0003019869327545166,-0.5867215394973755
dense-20260718008953-bfb89e8891bd,multi,0,0,2,1,243,r5,-0.0005037173381028381,0.8245431874339868,4.172325134277344e-07,-0.9696168899536133,1.0132789611816406e-06,-0.9042032957077026,0.00023031234741210938,-0.9999999403953552,2.1457672119140625e-06,-0.9091115593910217,4.172325134277344e-07,-0.9696169495582581
dense-20260718008953-bfb89e8891bd,multi,0,0,2,1,244,r3,-0.0022287130088110008,0.8251171716519213,0.0009115934371948242,0.6048308610916138,0.0008802115917205811,0.5674622058868408,0.9999980926513672,0.9969643950462341,0.00016680359840393066,0.7224391102790833,0.0009115934371948242,0.6048307418823242
dense-20260718008953-bfb89e8891bd,multi,0,0,2,1,244,r5,-0.0007517510972454566,0.8251171716519213,0.0007007122039794922,0.8995455503463745,0.0014788806438446045,0.9779068231582642,0.003977149724960327,-0.9978116154670715,0.0029104948043823242,0.9697523713111877,0.0007007122039794922,0.899545431137085
dense-20260718008953-bfb89e8891bd,multi,0,0,2,1,245,r3,0.0006941276306084987,0.8253395834047493,0.0005162656307220459,0.9376423358917236,0.002963513135910034,0.9207156896591187,0.999974250793457,0.9676872491836548,0.00038504600524902344,0.943814218044281,0.0005162656307220459,0.9376423954963684
dense-20260718008953-bfb89e8891bd,multi,0,0,2,1,245,r5,-0.00041899497204878067,0.8253395834047493,1.1920928955078125e-07,-0.9787877202033997,4.172325134277344e-07,-0.9292292594909668,6.979703903198242e-05,-0.9999837279319763,9.5367431640625e-07,-0.9245845675468445,1.1920928955078125e-07,-0.9787877202033997
dense-20260718008953-bfb89e8891bd,multi,0,0,2,1,246,r3,0.00019230799871006177,0.8263327858008822,3.4868717193603516e-06,-0.7313901782035828,6.0498714447021484e-06,-0.8247699737548828,1.0,-0.8331531882286072,2.4437904357910156e-06,-0.5953105688095093,3.4868717193603516e-06,-0.7313900589942932
dense-20260718008953-bfb89e8891bd,multi,0,0,2,1,246,r5,-0.0009633563690347735,0.8263327858008822,0.0005187392234802246,0.9156011939048767,0.0011308789253234863,0.981834888458252,0.002698928117752075,-0.9975757598876953,0.0022647082805633545,0.9750446677207947,0.0005187392234802246,0.9156011343002319
dense-20260718008953-bfb89e8891bd,multi,0,0,2,1,247,r3,-0.00029892349170124177,0.8272687710269642,0.0002675354480743408,-0.21849209070205688,0.0002785027027130127,0.04473166912794113,0.015568017959594727,-1.0,5.081295967102051e-05,0.007179852109402418,0.0002675354480743408,-0.2184915840625763
dense-20260718008953-bfb89e8891bd,multi,0,0,2,1,247,r5,-0.0002982453665247853,0.8272687710269642,7.748603820800781e-07,-0.5395065546035767,3.039836883544922e-06,-0.10766703635454178,0.0001251697540283203,-0.9998334646224976,6.705522537231445e-06,-0.2023954838514328,7.748603820800781e-07,-0.5395069122314453
dense-20260718008953-bfb89e8891bd,multi,0,0,2,1,248,r3,-0.00033658918335066623,0.8273986434074159,0.0001417100429534912,-0.35715582966804504,0.0001195371150970459,-0.2435668706893921,0.9999604225158691,-0.9988119602203369,3.096461296081543e-05,0.07679250836372375,0.0001417100429534912,-0.35715562105178833
dense-20260718008953-bfb89e8891bd,multi,0,0,2,1,248,r5,-0.0002570701811750453,0.8273986434074159,0.0003117024898529053,0.8563698530197144,0.0026365816593170166,0.9460126757621765,0.01660102605819702,0.8535419702529907,0.0029784440994262695,0.9304696917533875,0.0003117024898529053,0.8563699126243591
dense-20260718008953-bfb89e8891bd,multi,0,0,2,1,249,r3,-0.0005602687692924935,0.8274096945824029,0.0003616213798522949,-0.5162520408630371,0.00037935376167297363,-0.5290759205818176,0.9999992847442627,-0.8466545343399048,9.131431579589844e-05,-0.1995469480752945,0.0003616213798522949,-0.5162525177001953
dense-20260718008953-bfb89e8891bd,multi,0,0,2,1,249,r5,0.00042288823655400876,0.8274096945824029,0.0005078017711639404,0.5090700387954712,0.003198862075805664,0.6766601204872131,0.02774408459663391,-0.99598228931427,0.005389004945755005,0.7357817888259888,0.0005078017711639404,0.5090702176094055
dense-20260718008953-bfb89e8891bd,multi,0,0,2,1,250,r3,-0.0019258170528635432,0.8287336209352006,0.000717461109161377,0.7064263820648193,0.0038893520832061768,0.7254059910774231,0.9745475053787231,0.7966367602348328,0.0006842315196990967,0.7871277928352356,0.000717461109161377,0.7064263820648193
dense-20260718008953-bfb89e8891bd,multi,0,0,2,1,250,r5,-0.0007172585875867554,0.8287336209352006,0.00010123848915100098,-0.7047364711761475,1.6391277313232422e-05,-0.1036069393157959,0.12041541934013367,-1.0,8.791685104370117e-05,0.015158087946474552,0.00010123848915100098,-0.704736590385437
dense-20260718008953-bfb89e8891bd,multi,0,0,2,1,251,r3,0.000796706097181632,0.827766801582792,0.00047898292541503906,0.9456141591072083,0.0027674734592437744,0.9295543432235718,0.9999834299087524,0.9723135828971863,0.00034183263778686523,0.9522039294242859,0.00047898292541503906,0.9456141591072083
dense-20260718008953-bfb89e8891bd,multi,0,0,2,1,251,r5,0.00026179017220528955,0.827766801582792,0.0030210912227630615,-0.04426978528499603,0.0032200217247009277,0.46890655159950256,0.0013003945350646973,-0.9986327290534973,0.0037598013877868652,0.55329829454422,0.0030210912227630615,-0.04427005350589752
dense-20260718008953-bfb89e8891bd,multi,0,0,2,1,252,r3,2.663266454128177e-05,0.8276901302129126,3.427267074584961e-06,-0.737295389175415,6.079673767089844e-06,-0.8293774127960205,1.0,-0.8571988940238953,2.4437904357910156e-06,-0.6032456159591675,3.427267074584961e-06,-0.7372952103614807
dense-20260718008953-bfb89e8891bd,multi,0,0,2,1,252,r5,0.001099466700192675,0.8276901302129126,0.005610227584838867,0.2428954690694809,0.002261340618133545,0.7717937231063843,0.5267207622528076,-0.9996678829193115,0.0056667327880859375,0.7505701184272766,0.005610227584838867,0.2428952306509018
dense-20260718008953-bfb89e8891bd,multi,0,0,2,1,253,r3,-0.0003648843358459164,0.8273401053746728,0.00025150179862976074,-0.22907643020153046,0.0002593994140625,0.03274330869317055,0.008976578712463379,-1.0,4.762411117553711e-05,-0.018336862325668335,0.00025150179862976074,-0.2290770709514618
dense-20260718008953-bfb89e8891bd,multi,0,0,2,1,253,r5,0.0009399905441174194,0.8273401053746728,0.0052162110805511475,0.07687990367412567,0.0021266937255859375,0.6758310198783875,0.9307353496551514,-0.9996316432952881,0.0051901936531066895,0.6662399172782898,0.0052162110805511475,0.07687996327877045
dense-20260718008953-bfb89e8891bd,multi,0,0,2,1,254,r3,-0.00027453014977885104,0.8279707807539187,0.00014224648475646973,-0.34728214144706726,0.00012058019638061523,-0.23116013407707214,0.9999589920043945,-0.9989206194877625,3.0934810638427734e-05,0.08829689770936966,0.00014224648475646973,-0.34728237986564636
dense-20260718008953-bfb89e8891bd,multi,0,0,2,1,254,r5,-0.00021633347238037004,0.8279707807539187,0.00023755431175231934,-0.5318930745124817,3.6388635635375977e-05,0.18935976922512054,0.013941049575805664,-1.0,0.00020498037338256836,0.2534294128417969,0.00023755431175231934,-0.5318936109542847
dense-20260718008953-bfb89e8891bd,multi,0,0,2,1,255,r3,-0.00047634685919217823,0.8273665290568845,0.00039198994636535645,-0.48587313294410706,0.00042173266410827637,-0.5006648898124695,0.999999463558197,-0.7969838380813599,9.825825691223145e-05,-0.1641916185617447,0.00039198994636535645,-0.4858737289905548
dense-20260718008953-bfb89e8891bd,multi,0,0,2,1,255,r5,0.0007607887529792468,0.8273665290568845,0.008892953395843506,0.48076769709587097,0.0031739473342895508,0.8785163760185242,0.01704472303390503,-0.9998322129249573,0.008315950632095337,0.845568835735321,0.008892953395843506,0.48076778650283813
dense-20260718008953-bfb89e8891bd,multi,0,0,2,1,256,r3,-0.002103147345462686,0.8270672173030565,0.00020968914031982422,0.7703433036804199,0.000978022813796997,0.7690324187278748,0.9421570301055908,-0.07273514568805695,0.00015595555305480957,0.8145284652709961,0.00020968914031982422,0.7703433632850647
dense-20260718008953-bfb89e8891bd,multi,0,0,2,1,256,r5,0.0006445108405310762,0.8270672173030565,0.00033086538314819336,0.5150721669197083,0.0006965696811676025,0.8135570287704468,0.45549044013023376,-0.9597653150558472,0.00113600492477417,0.7718513011932373,0.00033086538314819336,0.5150721669197083
dense-20260718008953-bfb89e8891bd,multi,0,0,2,1,257,r3,0.0008314200106824821,0.8268796993844495,2.6851892471313477e-05,0.9416049718856812,0.0001468062400817871,0.9186128973960876,0.9998703598976135,0.9945550560951233,1.475214958190918e-05,0.9441415071487427,2.6851892471313477e-05,0.9416049122810364
dense-20260718008953-bfb89e8891bd,multi,0,0,2,1,257,r5,-0.0002068203165510596,0.8268796993844495,0.0003596842288970947,-0.5431674718856812,9.447336196899414e-05,-0.16131526231765747,0.22250887751579285,-1.0,0.00013843178749084473,0.16379541158676147,0.0003596842288970947,-0.5431674718856812
dense-20260718008953-bfb89e8891bd,multi,0,0,2,1,258,r3,0.00017956697599963434,0.8255568051665777,2.828240394592285e-05,-0.7653767466545105,2.2083520889282227e-05,-0.7555174231529236,1.0,-0.999592661857605,6.020069122314453e-06,-0.47293734550476074,2.828240394592285e-05,-0.7653767466545105
dense-20260718008953-bfb89e8891bd,multi,0,0,2,1,258,r5,0.002573622643143869,0.8255568051665777,0.018432319164276123,-0.299993634223938,0.0060386061668396,0.21068905293941498,0.00029334425926208496,-0.9622905850410461,0.0030336380004882812,0.3688623011112213,0.018432289361953735,-0.2999936044216156
dense-20260718008953-bfb89e8891bd,multi,0,0,2,1,259,r3,-0.0003880266400702048,0.8237159420769593,0.00021889805793762207,0.43911656737327576,0.00025525689125061035,0.6128196716308594,0.0005874931812286377,-1.0,2.9981136322021484e-05,0.556047797203064,0.00021889805793762207,0.43911632895469666
dense-20260718008953-bfb89e8891bd,multi,0,0,2,1,259,r5,0.002076683005794555,0.8237159420769593,0.007378131151199341,0.3651343286037445,0.0028542280197143555,0.8286972045898438,0.2759243845939636,-0.9997073411941528,0.007013529539108276,0.7981737852096558,0.007378131151199341,0.3651343584060669
dense-20260718008953-bfb89e8891bd,multi,0,0,2,1,260,r3,-0.00010511058542328477,0.8233640401467085,0.00020462274551391602,-0.28288447856903076,0.00012624263763427734,-0.2298673689365387,0.9999925494194031,-0.9999995231628418,3.361701965332031e-05,-0.027607576921582222,0.00020462274551391602,-0.28288471698760986
dense-20260718008953-bfb89e8891bd,multi,0,0,2,1,260,r5,0.0008687898620991508,0.8233640401467085,0.004586607217788696,-0.007038296200335026,0.001909792423248291,0.6163462400436401,0.967069149017334,-0.9995935559272766,0.004726976156234741,0.6143013834953308,0.004586607217788696,-0.007037702016532421
dense-20260718008953-bfb89e8891bd,multi,0,0,2,1,261,r3,-0.00036510967577174647,0.8232548603479911,0.00022140145301818848,-0.3666538596153259,0.00022605061531066895,-0.14298371970653534,0.34396713972091675,-1.0,4.44948673248291e-05,-0.09148374199867249,0.00022140145301818848,-0.3666536808013916
dense-20260718008953-bfb89e8891bd,multi,0,0,2,1,261,r5,0.0005371629242783005,0.8232548603479911,0.00041556358337402344,0.31118372082710266,0.00041875243186950684,0.6527525782585144,0.008994102478027344,-0.9999852180480957,0.0005491077899932861,0.7063521146774292,0.00041556358337402344,0.31118345260620117
dense-20260718008953-bfb89e8891bd,multi,0,0,2,1,262,r3,-1.5419243381442627e-05,0.8230794800416039,7.05420970916748e-05,-0.07746138423681259,4.166364669799805e-05,0.12210316956043243,0.9987621307373047,-0.9995337128639221,1.5795230865478516e-05,0.36270591616630554,7.05420970916748e-05,-0.07746221125125885
dense-20260718008953-bfb89e8891bd,multi,0,0,2,1,262,r5,0.00036421746057047066,0.8230794800416039,0.004991412162780762,-0.345398485660553,0.0017686188220977783,0.11139662563800812,0.3698968291282654,-0.9913771152496338,0.0011582374572753906,0.3454916477203369,0.004991412162780762,-0.34539860486984253
dense-20260718008953-bfb89e8891bd,multi,0,0,2,1,264,r3,-0.00013758908575955964,0.8218252903621154,0.0009576082229614258,0.12469997256994247,0.000749439001083374,0.1782882660627365,0.9999999403953552,0.12015802413225174,0.00018596649169921875,0.4284486770629883,0.0009576082229614258,0.12469980120658875
dense-20260718008953-bfb89e8891bd,multi,0,0,2,1,264,r5,0.00020812241783807472,0.8218252903621154,0.0015082061290740967,-0.12971214950084686,0.0015884041786193848,0.19658999145030975,0.14891594648361206,-0.9998767971992493,0.0017204880714416504,0.39729753136634827,0.0015082061290740967,-0.12971197068691254
dense-20260718008953-bfb89e8891bd,multi,0,0,2,1,265,r3,0.000367281308535361,0.8220208765223251,0.0004903972148895264,0.30117902159690857,0.0004709959030151367,0.12678031623363495,0.9999998807907104,0.9989246726036072,8.192658424377441e-05,0.5059979557991028,0.0004903972148895264,0.30117905139923096
dense-20260718008953-bfb89e8891bd,multi,0,0,2,1,265,r5,-0.000393399713558118,0.8220208765223251,0.0006227493286132812,-0.6759343147277832,0.00014027953147888184,-0.34529173374176025,0.002129197120666504,-1.0,0.0002536773681640625,-0.0556817501783371,0.0006227493286132812,-0.6759343147277832
dense-20260718008953-bfb89e8891bd,multi,0,0,2,1,266,r3,0.0005074027525073799,0.8209695474189324,0.00045996904373168945,-0.30562904477119446,0.0003371238708496094,-0.4327511191368103,1.0,0.0926443412899971,9.456276893615723e-05,-0.09254375845193863,0.00045996904373168945,-0.30562859773635864
dense-20260718008953-bfb89e8891bd,multi,0,0,2,1,266,r5,0.000706562547099221,0.8209695474189324,0.009277015924453735,0.5119826197624207,0.0029209256172180176,0.8962845206260681,0.0036635398864746094,-0.999857485294342,0.00806879997253418,0.8591626882553101,0.009276986122131348,0.5119829773902893
dense-20260718008953-bfb89e8891bd,multi,0,0,2,1,267,r3,0.00025151353932839626,0.8202208080521143,0.0008964836597442627,-0.02037321962416172,0.0006957054138183594,0.01029782835394144,1.0,0.1461421102285385,0.000172346830368042,0.3054163455963135,0.0008964836597442627,-0.020372848957777023
dense-20260718008953-bfb89e8891bd,multi,0,0,2,1,267,r5,0.0006806015171094693,0.8202208080521143,0.0004004836082458496,0.5611226558685303,0.003522247076034546,0.7818295359611511,0.6442912220954895,0.9915540814399719,0.0034428536891937256,0.7679656147956848,0.0004004836082458496,0.5611227750778198
dense-20260718008953-bfb89e8891bd,multi,0,0,2,1,268,r3,0.0003877559715717016,0.819572377763334,0.0005463659763336182,0.3527904450893402,0.0005486011505126953,0.18903619050979614,0.9999997615814209,0.9983000755310059,9.331107139587402e-05,0.5305870771408081,0.0005463659763336182,0.3527902662754059
dense-20260718008953-bfb89e8891bd,multi,0,0,2,1,268,r5,0.0003115398941435643,0.819572377763334,0.00018522143363952637,0.39164113998413086,0.00019624829292297363,0.5588682293891907,0.08140036463737488,-0.9999938607215881,0.00026619434356689453,0.6855062246322632,0.00018522143363952637,0.391641229391098
dense-20260718008953-bfb89e8891bd,multi,0,0,2,1,269,r3,0.00041398958131466657,0.8202850373897351,0.0004114210605621338,-0.33993983268737793,0.0003167390823364258,-0.47324907779693604,1.0,0.060813870280981064,9.125471115112305e-05,-0.14394094049930573,0.0004114210605621338,-0.3399398624897003
dense-20260718008953-bfb89e8891bd,multi,0,0,2,1,269,r5,-0.0002884929725219809,0.8202850373897351,2.592802047729492e-06,-0.9759975671768188,6.854534149169922e-07,-0.9268689751625061,0.0,-1.0,1.8477439880371094e-06,-0.7771587371826172,2.592802047729492e-06,-0.9759975671768188
dense-20260718008953-bfb89e8891bd,multi,0,0,2,1,270,r3,0.00012121167993361937,0.8211846058433874,0.0009069740772247314,0.0029799272306263447,0.0007408857345581055,0.04058080166578293,1.0,0.16607750952243805,0.00017893314361572266,0.32786059379577637,0.0009069740772247314,0.002980372402817011
dense-20260718008953-bfb89e8891bd,multi,0,0,2,1,270,r5,-0.0010191036813480547,0.8211846058433874,1.71661376953125e-05,-0.9940015077590942,3.7550926208496094e-06,-0.9697433710098267,0.0,-1.0,1.3560056686401367e-05,-0.9423559904098511,1.71661376953125e-05,-0.9940015077590942
dense-20260718008953-bfb89e8891bd,multi,0,0,2,1,271,r3,0.0005128176273949681,0.8204036255962645,0.0005231499671936035,0.4844478666782379,0.0007812380790710449,0.44110554456710815,0.9999948740005493,0.9013649225234985,0.0001399219036102295,0.6790696978569031,0.0005231499671936035,0.4844478666782379
dense-20260718008953-bfb89e8891bd,multi,0,0,2,1,271,r5,-0.0009545443930931707,0.8204036255962645,0.00042510032653808594,0.9310514330863953,0.0008682906627655029,0.9863684773445129,0.0013012886047363281,-0.9962452054023743,0.0016809403896331787,0.980553388595581,0.00042510032653808594,0.93105149269104
dense-20260718008953-bfb89e8891bd,multi,0,0,2,1,272,r3,-0.0002242049156575554,0.8211253932689001,7.236003875732422e-05,-0.6688477993011475,9.98079776763916e-05,-0.7664856910705566,1.0,-0.7917845249176025,2.7924776077270508e-05,-0.5069828033447266,7.236003875732422e-05,-0.6688477396965027
dense-20260718008953-bfb89e8891bd,multi,0,0,2,1,272,r5,3.427115180287821e-05,0.8211253932689001,5.960464477539063e-08,-0.5918354988098145,5.364418029785156e-07,-0.18516996502876282,1.195073127746582e-05,-0.9976858496665955,8.344650268554688e-07,-0.11257247626781464,5.960464477539063e-08,-0.5918359160423279
dense-20260718008953-bfb89e8891bd,multi,0,0,2,1,273,r3,-0.0006548115430431434,0.8220705543103642,0.00041240453720092773,-0.4569988250732422,0.00045242905616760254,-0.42338794469833374,0.9999778270721436,-0.9628653526306152,0.0001042783260345459,-0.11116981506347656,0.00041240453720092773,-0.4569982588291168
dense-20260718008953-bfb89e8891bd,multi,0,0,2,1,273,r5,-0.0004595029314280463,0.8220705543103642,1.7881393432617188e-06,-0.30669885873794556,5.781650543212891e-06,0.5513201355934143,0.0,-0.9999996423721313,1.3470649719238281e-05,0.34175193309783936,1.7881393432617188e-06,-0.30669909715652466
dense-20260718008953-bfb89e8891bd,multi,0,0,2,1,274,r3,-0.0007149925960809878,0.8216848945664434,0.0006420314311981201,0.6974815130233765,0.003605961799621582,0.7166150808334351,0.9786693453788757,0.8162457942962646,0.0006053149700164795,0.7781010270118713,0.0006420314311981201,0.6974817514419556
dense-20260718008953-bfb89e8891bd,multi,0,0,2,1,274,r5,0.0002060174370606127,0.8216848945664434,1.4901161193847656e-07,0.3263026475906372,1.7583370208740234e-06,0.7839754223823547,8.940696716308594e-08,-0.9941198229789734,2.7120113372802734e-06,0.7406989336013794,1.4901161193847656e-07,0.3263026177883148
dense-20260718008953-bfb89e8891bd,multi,0,0,2,1,275,r3,0.0011434449293667992,0.8202961188140445,0.00042816996574401855,0.9221286773681641,0.002433300018310547,0.8982216119766235,0.999984622001648,0.96140456199646,0.0003210902214050293,0.9288578033447266,0.00042816996574401855,0.9221285581588745
dense-20260718008953-bfb89e8891bd,multi,0,0,2,1,275,r5,0.0005568910976141428,0.8202961188140445,2.205371856689453e-06,0.6031715869903564,5.0693750381469727e-05,0.815615177154541,9.238719940185547e-07,-0.9981001019477844,7.358193397521973e-05,0.7938966751098633,2.205371856689453e-06,0.6031716465950012
dense-20260718008953-bfb89e8891bd,multi,0,0,2,1,276,r3,-8.851983119795293e-05,0.8219255764805189,1.1861324310302734e-05,-0.7465862035751343,8.344650268554688e-06,-0.725831925868988,1.0,-0.9989992380142212,2.0265579223632812e-06,-0.4598150849342346,1.1861324310302734e-05,-0.7465861439704895
dense-20260718008953-bfb89e8891bd,multi,0,0,2,1,276,r5,-0.0005170609308950969,0.8219255764805189,6.556510925292969e-07,-0.938007652759552,2.0265579223632812e-06,-0.7987958192825317,3.045797348022461e-05,-0.9999998807907104,3.874301910400391e-06,-0.8221016526222229,6.556510925292969e-07,-0.938007652759552
dense-20260718008953-bfb89e8891bd,multi,0,0,2,1,277,r3,-0.0006604165780754734,0.8225201506913576,0.0002289414405822754,-0.21692433953285217,0.00023502111434936523,0.04493451118469238,0.007138192653656006,-1.0,4.354119300842285e-05,-0.00787611398845911,0.0002289414405822754,-0.21692447364330292
dense-20260718008953-bfb89e8891bd,multi,0,0,2,1,277,r5,-0.0007472226318752107,0.8225201506913576,0.00034558773040771484,0.901060163974762,0.0014272034168243408,0.9746880531311035,0.0006518959999084473,-0.9987674951553345,0.0023028552532196045,0.9686876535415649,0.00034558773040771484,0.9010602235794067
dense-20260718008953-bfb89e8891bd,multi,0,0,2,1,278,r3,-0.00034993620175760576,0.8229291913026884,0.00014254450798034668,-0.36481261253356934,0.00012072920799255371,-0.2499985545873642,0.9999624490737915,-0.9989863038063049,3.102421760559082e-05,0.07005106657743454,0.00014254450798034668,-0.3648122549057007
dense-20260718008953-bfb89e8891bd,multi,0,0,2,1,278,r5,7.881329901504586e-05,0.8229291913026884,8.940696716308594e-08,-0.5639252066612244,6.556510925292969e-07,-0.1403593122959137,1.2993812561035156e-05,-0.9975586533546448,1.0132789611816406e-06,-0.07503043860197067,8.940696716308594e-08,-0.5639247298240662
dense-20260718008953-bfb89e8891bd,multi,0,0,2,1,279,r3,-4.8681522977656044e-05,0.8229723403941274,0.0003775656223297119,-0.4937368929386139,0.00040453672409057617,-0.5065797567367554,0.9999992847442627,-0.8290712237358093,9.456276893615723e-05,-0.17214426398277283,0.0003775656223297119,-0.49373653531074524
dense-20260718008953-bfb89e8891bd,multi,0,0,2,1,279,r5,-1.1489063740377503e-05,0.8229723403941274,8.293986320495605e-05,0.2547990381717682,0.0004477500915527344,0.7812002301216125,1.341104507446289e-06,-0.9999938011169434,0.0010266005992889404,0.7387337684631348,8.293986320495605e-05,0.25479888916015625
dense-20260718008953-bfb89e8891bd,multi,0,0,2,1,280,r3,-0.0005908241470986564,0.8236890254671388,0.0006940960884094238,0.7042238712310791,0.0037822723388671875,0.7208971381187439,0.976517379283905,0.8067777156829834,0.0006538629531860352,0.7829974293708801,0.0006940960884094238,0.7042234539985657
dense-20260718008953-bfb89e8891bd,multi,0,0,2,1,280,r5,-0.0006938711599131508,0.8236890254671388,2.384185791015625e-07,-0.8912751078605652,1.0728836059570312e-06,-0.585311233997345,1.996755599975586e-06,-0.9999489784240723,2.4437904357910156e-06,-0.6704811453819275,2.384185791015625e-07,-0.8912748694419861
dense-20260718008953-bfb89e8891bd,multi,0,0,2,1,281,r3,0.0011392012896398462,0.82303059634028,0.0018135309219360352,0.7834264039993286,0.006255626678466797,0.6863172650337219,1.0,0.9964144229888916,0.000999361276626587,0.7311750054359436,0.0018135309219360352,0.7834266424179077
dense-20260718008953-bfb89e8891bd,multi,0,0,2,1,281,r5,-0.0004420228956429906,0.82303059634028,1.4901161193847656e-07,0.6038033962249756,2.3245811462402344e-06,0.9120447039604187,2.9802322387695312e-08,-0.9921359419822693,3.129243850708008e-06,0.866435170173645,1.4901161193847656e-07,0.6038033366203308
dense-20260718008953-bfb89e8891bd,multi,0,0,2,1,282,r3,0.00021646965017940722,0.8232132670040088,3.069639205932617e-05,-0.7306209206581116,4.3839216232299805e-05,-0.8295292854309082,1.0,-0.8888821601867676,1.3023614883422852e-05,-0.6129657626152039,3.069639205932617e-05,-0.7306209802627563
dense-20260718008953-bfb89e8891bd,multi,0,0,2,1,282,r5,0.0009629158098767299,0.8232132670040088,0.0038363635540008545,0.3366197645664215,0.04902413487434387,0.7396159768104553,9.924173355102539e-06,-0.9999991059303284,0.030626416206359863,0.5936683416366577,0.0038363635540008545,0.33661949634552
dense-20260718008953-bfb89e8891bd,multi,0,0,2,1,283,r3,-0.0004258578749496422,0.8235200582987307,0.0006070733070373535,0.007175033912062645,0.0004899203777313232,0.16026462614536285,0.8659489154815674,-0.9999997019767761,0.0001220703125,0.2504636347293854,0.0006070733070373535,0.007175203412771225
dense-20260718008953-bfb89e8891bd,multi,0,0,2,1,283,r5,-0.0001354213058375464,0.8235200582987307,1.4901161193847656e-07,-0.20944419503211975,1.4901161193847656e-06,0.40227773785591125,1.7583370208740234e-06,-0.9973402619361877,2.1457672119140625e-06,0.40321245789527893,1.4901161193847656e-07,-0.20944352447986603
dense-20260718008953-bfb89e8891bd,multi,0,0,2,1,285,r3,-0.00028150511123925526,0.82384907359612,0.00042185187339782715,-0.39811185002326965,0.00042241811752319336,-0.375996470451355,0.9999955892562866,-0.8900492191314697,0.00010144710540771484,-0.0525774247944355,0.00042185187339782715,-0.39811187982559204
dense-20260718008953-bfb89e8891bd,multi,0,0,2,1,285,r5,0.00011204163972089454,0.82384907359612,1.4901161193847656e-07,-0.9794493913650513,4.470348358154297e-07,-0.931882917881012,8.282065391540527e-05,-0.9999833703041077,9.834766387939453e-07,-0.927867591381073,1.4901161193847656e-07,-0.9794493913650513
dense-20260718008953-bfb89e8891bd,multi,0,0,2,1,286,r3,-0.0011512203469596916,0.8235375688265782,0.0002771317958831787,0.9882168173789978,0.0012662112712860107,0.9875307679176331,0.9961562156677246,0.9985094666481018,9.715557098388672e-05,0.9883971810340881,0.0002771317958831787,0.9882168173789978
dense-20260718008953-bfb89e8891bd,multi,0,0,2,1,286,r5,-0.00022870395912577557,0.8235375688265782,0.0005915462970733643,0.9044419527053833,0.0012628436088562012,0.9794570207595825,0.0032033026218414307,-0.9977653622627258,0.0025550425052642822,0.9714989066123962,0.0005915462970733643,0.9044420123100281
dense-20260718008953-bfb89e8891bd,multi,0,0,2,1,287,r3,0.0009117294489338068,0.8234898444294301,0.00022390484809875488,0.8927595615386963,0.001308143138885498,0.8549596071243286,0.9999955892562866,0.9614804983139038,0.00017577409744262695,0.9023140668869019,0.00022390484809875488,0.8927596211433411
dense-20260718008953-bfb89e8891bd,multi,0,0,2,1,287,r5,6.979153376973635e-05,0.8234898444294301,1.4901161193847656e-07,-0.9775564074516296,4.470348358154297e-07,-0.9248775839805603,6.631016731262207e-05,-0.9999840259552002,9.5367431640625e-07,-0.9200655817985535,1.4901161193847656e-07,-0.9775563478469849
dense-20260718008953-bfb89e8891bd,multi,0,0,2,1,288,r3,0.0016399422061728064,0.8243146672582755,3.4868717193603516e-05,-0.7527376413345337,2.7298927307128906e-05,-0.7427582144737244,1.0,-0.9996246099472046,7.3015689849853516e-06,-0.4535280466079712,3.4868717193603516e-05,-0.7527375817298889
dense-20260718008953-bfb89e8891bd,multi,0,0,2,1,288,r5,-0.0001779637875545248,0.8243146672582755,0.0005407333374023438,0.9134488701820374,0.0011750459671020508,0.9813242554664612,0.0026637911796569824,-0.9976266622543335,0.0023506879806518555,0.9744476675987244,0.0005407333374023438,0.9134488105773926
dense-20260718008953-bfb89e8891bd,multi,0,0,2,1,289,r3,-0.0001502754771633974,0.8246544445200372,0.0002510249614715576,-0.20321689546108246,0.00025647878646850586,0.060720160603523254,0.005706220865249634,-1.0,4.70280647277832e-05,0.008706111460924149,0.0002510249614715576,-0.20321649312973022
dense-20260718008953-bfb89e8891bd,multi,0,0,2,1,289,r5,-9.270763622915013e-05,0.8246544445200372,9.5367431640625e-07,-0.49818986654281616,3.6656856536865234e-06,-0.07060739398002625,0.00013878941535949707,-0.9998042583465576,7.838010787963867e-06,-0.1706443428993225,9.5367431640625e-07,-0.4981894791126251
dense-20260718008953-bfb89e8891bd,multi,0,0,2,1,290,r3,-4.629710606640636e-05,0.823986693520995,2.3424625396728516e-05,0.011653999797999859,8.195638656616211e-06,0.19228431582450867,0.9999674558639526,-0.9999992251396179,2.8908252716064453e-06,0.46699896454811096,2.3424625396728516e-05,0.011654206551611423
dense-20260718008953-bfb89e8891bd,multi,0,0,2,1,290,r5,0.0002668102376908177,0.823986693520995,0.0003380775451660156,0.846748411655426,0.002787560224533081,0.941197395324707,0.022686928510665894,0.8744214773178101,0.003113299608230591,0.9257891774177551,0.0003380775451660156,0.8467483520507812
dense-20260718008953-bfb89e8891bd,multi,0,0,2,1,291,r3,-0.00033950100099078284,0.8235941814767175,0.0001272261142730713,-0.4673358201980591,0.0001093149185180664,-0.3911261260509491,0.9999924898147583,-0.9990073442459106,2.804398536682129e-05,-0.05660615488886833,0.0001272261142730713,-0.46733558177948
dense-20260718008953-bfb89e8891bd,multi,0,0,2,1,291,r5,0.0009137860712384871,0.8235941814767175,0.0003775358200073242,0.6544619798660278,0.0013187527656555176,0.7844887971878052,0.7904959917068481,-0.8673932552337646,0.0020056068897247314,0.8418703675270081,0.0003775358200073242,0.6544618010520935
dense-20260718008953-bfb89e8891bd,multi,0,0,2,1,292,r3,-0.00025233036825778044,0.8240360630904953,1.850724220275879e-05,-0.21364781260490417,2.193450927734375e-05,-0.1890048235654831,0.9996772408485413,-0.7714054584503174,8.225440979003906e-06,0.14669795334339142,1.850724220275879e-05,-0.21364764869213104
dense-20260718008953-bfb89e8891bd,multi,0,0,2,1,292,r5,-5.8753107185616216e-05,0.8240360630904953,0.0009902119636535645,-0.10899367928504944,0.0011177659034729004,0.18032443523406982,0.7371954917907715,-0.999933123588562,0.0012052059173583984,0.3771238923072815,0.0009901821613311768,-0.10899346321821213
dense-20260718008953-bfb89e8891bd,multi,0,0,2,1,293,r3,-1.3564718880143545e-05,0.824809184986781,0.0007415413856506348,0.5748554468154907,0.0010782182216644287,0.5428707599639893,0.9999892115592957,0.8899027705192566,0.00018161535263061523,0.7386868596076965,0.0007415413856506348,0.5748555660247803
dense-20260718008953-bfb89e8891bd,multi,0,0,2,1,293,r5,-0.0008568168203424431,0.824809184986781,8.672475814819336e-06,-0.9855262041091919,1.6689300537109375e-06,-0.9306814670562744,0.0,-1.0,6.079673767089844e-06,-0.8481383919715881,8.672475814819336e-06,-0.9855262637138367
dense-20260718008953-bfb89e8891bd,multi,0,0,2,1,294,r3,-4.6685402593116265e-05,0.8248962350035276,0.0002199411392211914,-0.35612255334854126,0.00017023086547851562,-0.5180945992469788,1.0,0.026562640443444252,5.14984130859375e-05,-0.17040427029132843,0.0002199411392211914,-0.35612261295318604
dense-20260718008953-bfb89e8891bd,multi,0,0,2,1,294,r5,6.721379558749518e-05,0.8248962350035276,0.000593334436416626,0.47523820400238037,0.0006269216537475586,0.8015415668487549,2.7626752853393555e-05,-0.9999815821647644,0.0008906722068786621,0.7893427610397339,0.000593334436416626,0.4752381443977356
dense-20260718008953-bfb89e8891bd,multi,0,0,2,1,295,r3,-3.205354846280706e-05,0.824239257514566,0.00034749507904052734,-0.5545008182525635,0.0003895759582519531,-0.5757161378860474,0.999998927116394,-0.8927717804908752,9.062886238098145e-05,-0.24740469455718994,0.00034749507904052734,-0.5545007586479187
dense-20260718008953-bfb89e8891bd,multi,0,0,2,1,295,r5,0.0008107353239450443,0.824239257514566,0.0004380345344543457,0.5897547006607056,0.0037908852100372314,0.807476282119751,0.5924283862113953,0.9875597953796387,0.003782421350479126,0.7865022420883179,0.0004380345344543457,0.5897548198699951
dense-20260718008953-bfb89e8891bd,multi,0,0,2,1,296,r3,-0.0010340723462909374,0.823679433247077,0.0002002120018005371,0.7855100035667419,0.0009480118751525879,0.7903081774711609,0.9253868460655212,-0.1385078728199005,0.0001525282859802246,0.8269512057304382,0.0002002120018005371,0.7855100631713867
dense-20260718008953-bfb89e8891bd,multi,0,0,2,1,296,r5,0.0004712461541120927,0.823679433247077,0.0002187192440032959,0.4053906500339508,0.00022965669631958008,0.5686098337173462,0.1364760398864746,-0.9999870657920837,0.0003052353858947754,0.6917234063148499,0.0002187192440032959,0.40539053082466125
dense-20260718008953-bfb89e8891bd,multi,0,0,2,1,297,r3,0.0010027738127922348,0.8248257718361266,0.0003968179225921631,0.940105676651001,0.002295583486557007,0.9205148816108704,0.9999885559082031,0.9691227674484253,0.0002828240394592285,0.9475405812263489,0.0003968179225921631,0.940105676651001
dense-20260718008953-bfb89e8891bd,multi,0,0,2,1,297,r5,-0.0013655001282302237,0.8248257718361266,2.115964889526367e-06,-0.9762154221534729,5.662441253662109e-07,-0.9285213947296143,0.0,-1.0,1.519918441772461e-06,-0.7786133885383606,2.115964889526367e-06,-0.9762154817581177
dense-20260718008953-bfb89e8891bd,multi,0,0,2,1,298,r3,0.0010950297125225106,0.8256790748850341,1.1533498764038086e-05,-0.7354569435119629,8.016824722290039e-06,-0.7147756218910217,1.0,-0.9990097880363464,1.9371509552001953e-06,-0.44282272458076477,1.1533498764038086e-05,-0.7354570627212524
dense-20260718008953-bfb89e8891bd,multi,0,0,2,1,298,r5,0.00037725135520028097,0.8256790748850341,0.007216334342956543,-0.9165787100791931,0.0019450187683105469,-0.6620997190475464,0.0,-0.9999998807907104,0.0037758052349090576,-0.5535227656364441,0.007216304540634155,-0.9165786504745483
dense-20260718008953-bfb89e8891bd,multi,0,0,2,1,299,r3,-0.00017640063364954273,0.8254803209171042,0.0002307891845703125,-0.22661131620407104,0.00023621320724487305,0.033380620181560516,0.006669670343399048,-1.0,4.413723945617676e-05,-0.013302256353199482,0.0002307891845703125,-0.22661152482032776
dense-20260718008953-bfb89e8891bd,multi,0,0,2,1,299,r5,-0.0003241605381250068,0.8254803209171042,0.0004521310329437256,0.9086259007453918,0.000941842794418335,0.9806973934173584,0.003000020980834961,-0.9969385862350464,0.0018157958984375,0.9732354879379272,0.0004521310329437256,0.9086258411407471
dense-20260718008953-bfb89e8891bd,multi,0,0,2,1,300,r3,-8.030846738993347e-05,0.8260378923700097,6.663799285888672e-05,-0.11187879741191864,3.802776336669922e-05,0.08238779008388519,0.9995523691177368,-0.9995858073234558,1.4036893844604492e-05,0.3444824516773224,6.663799285888672e-05,-0.11187835037708282
dense-20260718008953-bfb89e8891bd,multi,0,0,2,1,300,r5,-0.0003434528365819922,0.8260378923700097,6.854534149169922e-07,-0.5154909491539001,2.682209014892578e-06,-0.052133459597826004,9.331107139587402e-05,-0.9997835159301758,5.811452865600586e-06,-0.15748929977416992,6.854534149169922e-07,-0.5154908299446106
dense-20260718009088-a8f337fee7e4,multi,1,0,0,0,10,r4,0.0003179342880224034,0.9296544744704177,1.7881393432617188e-07,-0.8193557262420654,1.659989356994629e-05,-0.49587371945381165,1.4901161193847656e-07,1.0,6.407499313354492e-06,0.10154343396425247,1.7881393432617188e-07,-0.819355845451355
dense-20260718009088-a8f337fee7e4,multi,1,0,0,0,10,r5,0.049390291403980546,1.091760720789457,0.9985556900501251,0.33588236570358276,0.9993077516555786,0.8883069157600403,2.9802322387695312e-08,0.9280619621276855,0.9997529983520508,0.8020684123039246,0.9985557198524475,0.3358827233314514
dense-20260718009088-a8f337fee7e4,multi,1,0,0,0,11,r4,-0.00265122759138392,0.93883293332617,0.0018206536769866943,0.8849054574966431,0.040560513734817505,0.9814998507499695,0.0,0.9999999403953552,0.05307960510253906,0.9915631413459778,0.0018206536769866943,0.8849053978919983
dense-20260718009088-a8f337fee7e4,multi,1,0,0,0,11,r5,0.05298735228875784,1.0508865457053382,0.006127893924713135,-0.9991341829299927,0.0010710954666137695,-0.9962183237075806,8.13603401184082e-06,0.9959875345230103,0.012799263000488281,-0.9934635162353516,0.006127893924713135,-0.9991341829299927
dense-20260718009088-a8f337fee7e4,multi,1,0,0,0,12,r4,0.037573557607094576,0.9013344992963943,0.3292451351881027,0.5130682587623596,0.7637262344360352,0.7659438848495483,1.570582389831543e-05,0.9997185468673706,0.9105870127677917,0.902858316898346,0.32924550771713257,0.5130685567855835
dense-20260718009088-a8f337fee7e4,multi,1,0,0,0,12,r5,0.04010602520122908,1.0269362408067237,0.9999353587627411,0.4239415228366852,0.9885444641113281,0.9517450928688049,0.0,-0.3665265440940857,0.998079240322113,0.8806577920913696,0.9999353885650635,0.4239419400691986
dense-20260718009088-a8f337fee7e4,multi,1,0,0,0,13,r1,0.002419994050922414,0.8689558363536164,8.642673492431641e-07,0.7491817474365234,1.3917684555053711e-05,0.8355405330657959,0.0,-0.799753725528717,7.748603820800781e-06,0.8657547831535339,8.642673492431641e-07,0.749181866645813
dense-20260718009088-a8f337fee7e4,multi,1,0,0,0,14,r1,0.0008715828580891927,0.8636531238284191,1.1533498764038086e-05,0.7355595827102661,0.0006156861782073975,0.8027181029319763,0.0005428194999694824,-0.9889652729034424,0.0007548034191131592,0.9208993911743164,1.1533498764038086e-05,0.7355594038963318
dense-20260718009088-a8f337fee7e4,multi,1,0,0,0,15,r1,-0.0019201871531315806,0.8667863268504121,2.9802322387695312e-08,-0.9207977056503296,5.066394805908203e-07,-0.8781838417053223,1.1920928955078125e-07,-0.8366754055023193,6.854534149169922e-07,-0.6284903287887573,2.9802322387695312e-08,-0.9207977056503296
dense-20260718009088-a8f337fee7e4,multi,1,0,0,0,16,r1,-0.0007496395288433266,0.8673420376806447,0.0,-0.9995178580284119,0.0,-0.9986022114753723,7.846951484680176e-05,0.6767375469207764,0.0,-0.9952437281608582,0.0,-0.9995178580284119
dense-20260718009088-a8f337fee7e4,multi,1,0,0,0,17,r1,0.0012237935520400534,0.8656440316507982,1.1295080184936523e-05,0.6938415765762329,0.001401275396347046,0.869716465473175,0.0,-0.7484230995178223,0.004066437482833862,0.9350740909576416,1.1295080184936523e-05,0.6938416361808777
dense-20260718009088-a8f337fee7e4,multi,1,0,0,0,18,r1,0.0014322879118682241,0.868322088838863,1.1026859283447266e-06,0.8930842280387878,0.0024875402450561523,0.9412259459495544,0.0,-0.9871354699134827,0.0021756887435913086,0.9792790412902832,1.1026859283447266e-06,0.8930842280387878
dense-20260718009088-a8f337fee7e4,multi,1,0,0,0,19,r1,-0.0009608010308834736,0.8696646450874816,4.470348358154297e-07,-0.9835232496261597,1.0460615158081055e-05,-0.9527561068534851,0.0,-0.8941601514816284,2.4497509002685547e-05,-0.8991595506668091,4.470348358154297e-07,-0.9835232496261597
dense-20260718009088-a8f337fee7e4,multi,1,0,0,0,19,r4,0.0010882218600779536,0.8696646450874816,8.19861888885498e-05,0.9732428789138794,0.07063263654708862,0.9805967807769775,0.0,0.9999917149543762,0.021442264318466187,0.9930519461631775,8.19861888885498e-05,0.9732428193092346
dense-20260718009088-a8f337fee7e4,multi,1,0,0,0,20,r1,-0.0009836106109475384,0.8683535895725149,0.0,-0.914516270160675,3.5762786865234375e-07,-0.80073082447052,0.0,0.8995099067687988,6.258487701416016e-07,-0.5594764351844788,0.0,-0.914516270160675
dense-20260718009088-a8f337fee7e4,multi,1,0,0,0,20,r4,0.00015153230427333853,0.8683535895725149,0.00010392069816589355,-0.9050009250640869,0.0003857612609863281,-0.8936145305633545,0.011562317609786987,0.9999344944953918,0.00020271539688110352,-0.6643354296684265,0.00010392069816589355,-0.9050009846687317
dense-20260718009088-a8f337fee7e4,multi,1,0,0,0,21,r1,0.000649340020784761,0.8677633936853598,1.913309097290039e-05,0.3376724123954773,0.006543219089508057,0.7638959884643555,0.0,-0.8806092143058777,0.016479849815368652,0.821983814239502,1.913309097290039e-05,0.33767175674438477
dense-20260718009088-a8f337fee7e4,multi,1,0,0,0,21,r4,-0.00031259844220810074,0.8677633936853598,0.0004245340824127197,0.06677599996328354,0.00021913647651672363,0.02962157502770424,0.0007129013538360596,1.0,4.976987838745117e-06,0.6891094446182251,0.0004245340824127197,0.06677558273077011
dense-20260718009088-a8f337fee7e4,multi,1,0,0,0,21,r5,0.03610808678546418,0.9569132858920034,0.8217360973358154,-0.9772875308990479,0.02465537190437317,-0.8232574462890625,2.294778823852539e-06,0.9999999403953552,0.008031010627746582,-0.8140993118286133,0.8217362761497498,-0.9772875308990479
dense-20260718009088-a8f337fee7e4,multi,1,0,0,0,22,r1,8.670714523950629e-05,0.8676611875140569,3.3974647521972656e-06,-0.073597751557827,0.009345293045043945,0.5948736667633057,5.960464477539063e-08,0.47347956895828247,0.01929497718811035,0.8649266958236694,3.3974647521972656e-06,-0.07359691709280014
dense-20260718009088-a8f337fee7e4,multi,1,0,0,0,22,r4,-0.0006499176223230263,0.8676611875140569,9.721517562866211e-05,-0.9274152517318726,0.00044733285903930664,-0.9046154022216797,0.00021213293075561523,0.9998286366462708,0.00024023652076721191,-0.7506541013717651,9.721517562866211e-05,-0.9274152517318726
dense-20260718009088-a8f337fee7e4,multi,1,0,0,0,22,r5,0.0461174591304887,0.8988533934860151,0.000567704439163208,-0.22468946874141693,2.1457672119140625e-06,0.9184030890464783,5.960464477539063e-08,0.009155255742371082,4.976987838745117e-06,0.9044722318649292,0.000567704439163208,-0.22468894720077515
dense-20260718009088-a8f337fee7e4,multi,1,0,0,0,23,r1,0.00043307690853922054,0.8716261315484848,1.7583370208740234e-06,0.3366490602493286,0.004832178354263306,0.8311866521835327,0.0,0.9984192848205566,0.004445672035217285,0.9064342379570007,1.7583370208740234e-06,0.3366490304470062
dense-20260718009088-a8f337fee7e4,multi,1,0,0,0,23,r4,-0.0026231569475322347,0.8716261315484848,0.00018849968910217285,0.9786276817321777,0.006585210561752319,0.9753879904747009,5.960464477539063e-08,0.9999991059303284,0.001316845417022705,0.984789252281189,0.00018849968910217285,0.9786276817321777
dense-20260718009088-a8f337fee7e4,multi,1,0,0,0,23,r5,0.0032179870371309427,0.8951698892734383,5.435943603515625e-05,0.07406552881002426,3.5762786865234375e-07,0.9517471194267273,2.682209014892578e-07,-0.3340526223182678,1.817941665649414e-06,0.9637913107872009,5.435943603515625e-05,0.07406546175479889
dense-20260718009088-a8f337fee7e4,multi,1,0,0,0,24,r1,-0.0008940719788190776,0.8725860284208169,1.7881393432617188e-07,-0.6353201866149902,0.001043081283569336,-0.009469494223594666,0.0,0.9967745542526245,0.0006166696548461914,0.3616630434989929,1.7881393432617188e-07,-0.6353205442428589
dense-20260718009088-a8f337fee7e4,multi,1,0,0,0,24,r4,0.00042885432262707024,0.8725860284208169,3.9637088775634766e-05,0.564049482345581,0.03072294592857361,0.5413714051246643,5.960464477539063e-08,0.9999949336051941,0.01607421040534973,0.8496723771095276,3.9637088775634766e-05,0.5640484690666199
dense-20260718009088-a8f337fee7e4,multi,1,0,0,0,25,r1,2.9222962484753978e-05,0.8717037081614166,1.7881393432617188e-07,0.33947592973709106,0.0010082423686981201,0.8896445035934448,0.0,0.9964962601661682,0.0006805360317230225,0.9284480810165405,1.7881393432617188e-07,0.3394758105278015
dense-20260718009088-a8f337fee7e4,multi,1,0,0,0,25,r4,0.000374753697504171,0.8717037081614166,0.00016477704048156738,0.4035033583641052,0.005381882190704346,0.08616668730974197,0.0013040602207183838,1.0,0.0003955662250518799,0.6994515657424927,0.00016477704048156738,0.40350282192230225
dense-20260718009088-a8f337fee7e4,multi,1,0,0,0,26,r1,-0.0009924714022739867,0.8723697212455251,8.940696716308594e-08,-0.7954072952270508,8.758902549743652e-05,-0.29642829298973083,1.4901161193847656e-07,-0.09890598803758621,7.960200309753418e-05,0.1753680557012558,8.940696716308594e-08,-0.7954069972038269
dense-20260718009088-a8f337fee7e4,multi,1,0,0,0,26,r4,-0.0002401035267605156,0.8723697212455251,2.16066837310791e-05,-0.6795222759246826,0.00011837482452392578,-0.7586421966552734,4.500150680541992e-06,0.999998927116394,2.047419548034668e-05,-0.3933187425136566,2.16066837310791e-05,-0.6795223355293274
dense-20260718009088-a8f337fee7e4,multi,1,0,0,0,27,r1,-0.00013837719235154644,0.8727079404546818,1.5497207641601562e-06,0.15264591574668884,0.0012911558151245117,0.8373829126358032,0.0,0.5656040906906128,0.001019120216369629,0.8888925909996033,1.5497207641601562e-06,0.15264619886875153
dense-20260718009088-a8f337fee7e4,multi,1,0,0,0,27,r4,-0.0006584669443350233,0.8727079404546818,0.00041225552558898926,-0.6631698608398438,0.0009290874004364014,-0.5773592591285706,2.086162567138672e-07,1.0,0.0001544356346130371,-0.25895196199417114,0.00041225552558898926,-0.6631707549095154
dense-20260718009088-a8f337fee7e4,multi,1,0,0,0,28,r1,0.004009666741445761,0.8735119714360018,0.05166655778884888,-0.964836835861206,0.44292932748794556,-0.8215959072113037,0.003094017505645752,-0.1795065701007843,0.6583910584449768,-0.5133997797966003,0.051666438579559326,-0.964836835861206
dense-20260718009088-a8f337fee7e4,multi,1,0,0,0,28,r4,-0.001509406480517561,0.8735119714360018,0.00014337897300720215,0.9936250448226929,0.012354403734207153,0.990947961807251,1.7881393432617188e-07,0.9999991655349731,0.0015400946140289307,0.9950958490371704,0.00014337897300720215,0.9936250448226929
dense-20260718009088-a8f337fee7e4,multi,1,0,0,0,28,r5,0.00044707605253990756,0.8904676050361513,1.0013580322265625e-05,-0.6619203090667725,8.940696716308594e-08,0.6627127528190613,4.1425228118896484e-06,-0.08358883857727051,4.172325134277344e-07,0.8292171359062195,1.0013580322265625e-05,-0.6619199514389038
dense-20260718009088-a8f337fee7e4,multi,1,0,0,0,29,r1,0.025462310689641665,0.8599466009315282,0.2452249526977539,-0.9182887077331543,0.7555071115493774,-0.1659509241580963,0.30470001697540283,-0.9953069686889648,0.9486515522003174,-0.08709102123975754,0.24522510170936584,-0.9182885885238647
dense-20260718009088-a8f337fee7e4,multi,1,0,0,0,29,r4,0.0007687769995579075,0.8599466009315282,3.7550926208496094e-06,0.7787877917289734,0.0009132027626037598,0.8129852414131165,8.344650268554688e-07,0.9947910308837891,0.0006239712238311768,0.8969817161560059,3.7550926208496094e-06,0.7787879109382629
dense-20260718009088-a8f337fee7e4,multi,1,0,0,0,29,r5,-0.00028561239536895044,0.8898575841476776,2.086162567138672e-07,-0.7905353903770447,0.0,0.737223744392395,0.0,-0.8985981941223145,2.9802322387695312e-08,0.8849439024925232,2.086162567138672e-07,-0.7905355095863342
dense-20260718009088-a8f337fee7e4,multi,1,0,0,0,30,r4,-0.00011114081489871364,0.8394786667166622,6.616115570068359e-06,-0.8557047843933105,6.86347484588623e-05,-0.8897733092308044,2.384185791015625e-07,0.9999979734420776,1.1533498764038086e-05,-0.6113760471343994,6.616115570068359e-06,-0.8557045459747314
dense-20260718009088-a8f337fee7e4,multi,1,0,0,0,30,r5,0.004390921661312497,0.852232360943578,0.005726814270019531,0.5512616038322449,1.0371208190917969e-05,0.9907305836677551,0.0,0.9867036938667297,3.62396240234375e-05,0.9874763488769531,0.005726844072341919,0.5512615442276001
dense-20260718009088-a8f337fee7e4,multi,1,0,0,0,31,r4,-0.0009134315164885942,0.835242270931283,7.3909759521484375e-06,-0.8359656929969788,6.586313247680664e-06,-0.8067082762718201,0.00016692280769348145,0.9996161460876465,1.2814998626708984e-06,-0.2706722319126129,7.3909759521484375e-06,-0.835965633392334
dense-20260718009088-a8f337fee7e4,multi,1,0,0,0,31,r5,0.0006306481330424774,0.7832215851745518,0.02076619863510132,-0.9771205186843872,8.803606033325195e-05,-0.73578280210495,1.341104507446289e-06,0.9999998807907104,9.146332740783691e-05,-0.7152951955795288,0.02076619863510132,-0.9771205186843872
dense-20260718009088-a8f337fee7e4,multi,1,0,0,0,32,r4,-0.0008979480465122203,0.8373213728095888,2.950429916381836e-06,-0.6783181428909302,0.00016814470291137695,-0.4928593039512634,0.0,0.9999999403953552,3.522634506225586e-05,0.3146548569202423,2.950429916381836e-06,-0.6783183813095093
dense-20260718009088-a8f337fee7e4,multi,1,0,0,0,32,r5,0.0013778083994870904,0.8845866090873624,0.018721401691436768,-0.9026311635971069,0.0002466142177581787,0.024419697001576424,2.9802322387695312e-08,0.9999998807907104,0.00021085143089294434,-0.1599634438753128,0.01872137188911438,-0.9026310443878174
dense-20260718009088-a8f337fee7e4,multi,1,0,0,0,33,r4,-0.0007376486043617625,0.8381238549850049,7.748603820800781e-07,-0.6086623072624207,0.0004095733165740967,-0.1790468990802765,0.0,1.0,0.00043585896492004395,0.5281162261962891,7.748603820800781e-07,-0.6086623072624207
dense-20260718009088-a8f337fee7e4,multi,1,0,0,0,33,r5,0.010682625349438979,0.8618665636424475,0.2970951348543167,-0.3888930380344391,0.0007690191268920898,0.8048341274261475,0.0,1.0,0.0013309717178344727,0.2930232882499695,0.2970951795578003,-0.38889244198799133
dense-20260718009088-a8f337fee7e4,multi,1,0,0,0,34,r4,0.001030836557811221,0.8364745060199975,0.011720985174179077,-0.6727601885795593,0.06593349575996399,0.14985428750514984,0.0,0.9998623728752136,0.5174903869628906,0.5730683207511902,0.011720985174179077,-0.6727603673934937
dense-20260718009088-a8f337fee7e4,multi,1,0,0,0,34,r5,0.003162726113480563,0.850803509266711,0.00020048022270202637,-0.9909015893936157,7.748603820800781e-07,-0.9090549349784851,0.0,0.9999999403953552,8.314847946166992e-06,-0.9618871212005615,0.00020048022270202637,-0.9909015893936157
dense-20260718009088-a8f337fee7e4,multi,1,0,0,0,35,r4,-0.0018929588847164114,0.8383773592422117,0.002369403839111328,0.6322001814842224,3.337860107421875e-06,0.9261584877967834,5.960464477539063e-08,0.6667056083679199,8.165836334228516e-05,0.8999813795089722,0.002369403839111328,0.6321998238563538
dense-20260718009088-a8f337fee7e4,multi,1,0,0,0,36,r4,0.0007596642839468037,0.8500456393869615,0.00044968724250793457,0.9994741678237915,1.3172626495361328e-05,0.9999035596847534,0.0,-0.2717408835887909,1.7851591110229492e-05,0.9999566078186035,0.00044968724250793457,0.9994741678237915
dense-20260718009088-a8f337fee7e4,multi,1,0,0,0,36,r5,0.000227064951592304,0.8500456393869615,0.001718074083328247,0.7344141006469727,5.8710575103759766e-06,0.9679519534111023,0.0,-0.05788951367139816,4.318356513977051e-05,0.9492634534835815,0.001718074083328247,0.7344141602516174
dense-20260718009088-a8f337fee7e4,multi,1,0,0,0,37,r1,-0.012764345738142113,0.7810567598627318,0.0015572905540466309,0.9999934434890747,7.683038711547852e-05,0.9999995827674866,2.9802322387695312e-08,1.0,9.864568710327148e-06,0.9999991059303284,0.0015572905540466309,0.9999934434890747
dense-20260718009088-a8f337fee7e4,multi,1,0,0,0,37,r4,-0.0004083004606041385,0.8517654856384448,0.013880282640457153,-0.8365864753723145,0.15854141116142273,-0.31950944662094116,2.4050474166870117e-05,-0.9094730615615845,0.3321663737297058,0.3754234313964844,0.013880282640457153,-0.8365864753723145
dense-20260718009088-a8f337fee7e4,multi,1,0,0,0,37,r5,-0.0009625204443213242,0.8517654856384448,0.0008834004402160645,-0.7948813438415527,3.904104232788086e-06,0.012199869379401207,0.0,0.9999999403953552,1.9788742065429688e-05,-0.3374670445919037,0.0008834004402160645,-0.7948813438415527
dense-20260718009088-a8f337fee7e4,multi,1,0,0,0,38,r1,-0.012265313777670261,0.7764305532598814,0.9966345131397247,1.0,0.9154987931251526,1.0,0.0,1.0,0.48305588960647583,1.0,0.9966344833374023,1.0
dense-20260718009088-a8f337fee7e4,multi,1,0,0,0,38,r4,-0.0005635844279296975,0.8524631208973455,0.0001652240753173828,-0.9406466484069824,0.004999876022338867,-0.834662675857544,0.0,0.9999670386314392,0.02680066227912903,-0.4786347448825836,0.0001652240753173828,-0.9406465291976929
dense-20260718009088-a8f337fee7e4,multi,1,0,0,0,38,r5,0.00013120137704492052,0.8524631208973455,0.00024187564849853516,0.013968201354146004,5.364418029785156e-07,0.8591071367263794,0.0,1.0,3.248453140258789e-06,0.4568619132041931,0.00024187564849853516,0.013968154788017273
dense-20260718009088-a8f337fee7e4,multi,1,0,0,0,39,r1,-0.02548060502543703,inf,0.011474907398223877,0.9999145865440369,0.000642627477645874,0.9999859929084778,1.7881393432617188e-07,1.0,0.00012928247451782227,0.9999886155128479,0.011474847793579102,0.9999145865440369
dense-20260718009088-a8f337fee7e4,multi,1,0,0,0,39,r5,-0.0003937669116771403,0.8538231791719723,0.005155831575393677,-0.6675031185150146,2.2351741790771484e-05,0.291510671377182,0.0,1.0,0.00011962652206420898,-0.12303781509399414,0.005155831575393677,-0.6675026416778564
dense-20260718009088-a8f337fee7e4,multi,1,0,0,0,40,r1,-0.01095120352198431,inf,0.0852377712726593,1.0,0.004403144121170044,1.0,0.0,1.0,0.0014191269874572754,1.0,0.0852377712726593,1.0
dense-20260718009088-a8f337fee7e4,multi,1,0,0,0,40,r4,0.00018407067379422326,0.8400771560636304,0.0,-0.10733281821012497,0.0,0.5615774989128113,0.9999966621398926,0.9999997019767761,0.0,0.6546653509140015,0.0,-0.1073329895734787
dense-20260718009088-a8f337fee7e4,multi,1,0,0,0,40,r5,3.907349938714333e-05,0.8400771560636304,0.48899024818092585,0.9925023913383484,0.0017459988594055176,0.9993961453437805,0.0,1.0,0.007957637310028076,0.9975163340568542,0.4889904260635376,0.9925023913383484
dense-20260718009088-a8f337fee7e4,multi,1,0,0,0,41,r1,-0.004059383173637521,0.8169773907148845,0.09955364465713501,1.0,0.00866544246673584,1.0,0.0,1.0,0.0032040178775787354,1.0,0.09955394268035889,1.0
dense-20260718009088-a8f337fee7e4,multi,1,0,0,0,41,r4,0.00015226173406501786,0.8328386045827149,0.003904402256011963,-0.7430099248886108,5.424022674560547e-06,0.42100995779037476,2.4139881134033203e-06,0.7851770520210266,0.00019499659538269043,0.41420280933380127,0.003904402256011963,-0.7430097460746765
dense-20260718009088-a8f337fee7e4,multi,1,0,0,0,41,r5,-0.0014625312736016305,0.8328386045827149,2.9802322387695312e-08,-0.9929920434951782,0.0,-0.9700603485107422,4.470348358154297e-07,1.0,0.0,-0.9825615286827087,2.9802322387695312e-08,-0.9929920434951782
dense-20260718009088-a8f337fee7e4,multi,1,0,0,0,42,r1,-0.0010002944092823984,0.8227987917519864,0.0014782547950744629,0.99765944480896,0.00013405084609985352,0.999384343624115,2.8431415557861328e-05,1.0,2.664327621459961e-05,0.9992291331291199,0.0014782547950744629,0.99765944480896
dense-20260718009088-a8f337fee7e4,multi,1,0,0,0,42,r4,-0.0035185681103985234,0.8337548053608178,5.185604095458984e-06,0.9692806601524353,0.0,0.9981594085693359,0.39070579409599304,0.9999895691871643,0.0,0.9965917468070984,5.185604095458984e-06,0.9692807197570801
dense-20260718009088-a8f337fee7e4,multi,1,0,0,0,42,r5,-0.0032678165642661128,0.8337548053608178,0.2438248097896576,0.9913220405578613,0.0014069974422454834,0.9988955855369568,0.0,1.0,0.0026893019676208496,0.997211217880249,0.24382463097572327,0.9913219809532166
dense-20260718009088-a8f337fee7e4,multi,1,0,0,0,43,r1,-0.0001687135491144076,0.8269658575423824,0.03808462619781494,-0.6006808280944824,5.605816841125488e-05,0.13818995654582977,0.33836764097213745,1.0,2.0802021026611328e-05,-0.0558706559240818,0.038084566593170166,-0.6006807088851929
dense-20260718009088-a8f337fee7e4,multi,1,0,0,0,43,r4,-0.0009772123171127856,0.832433293059738,2.9802322387695312e-08,-0.7567386627197266,0.0,0.14002157747745514,0.9982249736785889,0.9999473094940186,0.0,0.11004146933555603,2.9802322387695312e-08,-0.7567381262779236
dense-20260718009088-a8f337fee7e4,multi,1,0,0,0,43,r5,-0.0010117555002853162,0.832433293059738,0.00029775500297546387,0.9999382495880127,4.559755325317383e-06,0.9999938011169434,0.0,1.0,2.440810203552246e-05,0.9999906420707703,0.00029775500297546387,0.9999382495880127
dense-20260718009088-a8f337fee7e4,multi,1,0,0,0,44,r1,-0.0016091157082394059,0.8224515051462823,0.3018990755081177,0.998035728931427,6.5267086029052734e-06,0.9998802542686462,0.0,1.0,1.8775463104248047e-06,0.9994450807571411,0.3018990159034729,0.998035728931427
dense-20260718009088-a8f337fee7e4,multi,1,0,0,0,44,r4,-0.002134080210340228,0.8326085553795752,1.6808509826660156e-05,0.9796971678733826,0.0,0.9988772869110107,0.9416688084602356,0.999989926815033,0.0,0.997917115688324,1.6808509826660156e-05,0.9796971678733826
dense-20260718009088-a8f337fee7e4,multi,1,0,0,0,44,r5,-1.5057663910411634e-05,0.8326085553795752,3.7848949432373047e-06,0.8645120859146118,5.960464477539063e-08,0.9683454036712646,0.0,1.0,2.384185791015625e-07,0.9592981338500977,3.7848949432373047e-06,0.8645121455192566
dense-20260718009088-a8f337fee7e4,multi,1,0,0,0,45,r1,0.0011799435756796317,0.8148945711503371,0.07772102952003479,0.21172752976417542,2.8192996978759766e-05,0.8057223558425903,0.4379406273365021,1.0,1.3023614883422852e-05,0.7708070874214172,0.0777209997177124,0.21172790229320526
dense-20260718009088-a8f337fee7e4,multi,1,0,0,0,45,r4,-0.00022363734810992852,0.8337592674212079,2.9802322387695312e-08,-0.029715070500969887,0.0,0.7840157747268677,0.9999911785125732,0.9999886751174927,0.0,0.7855755090713501,2.9802322387695312e-08,-0.02971465513110161
dense-20260718009088-a8f337fee7e4,multi,1,0,0,0,45,r5,-0.0003567439395166794,0.8337592674212079,4.172325134277344e-07,-0.9961103796958923,0.0,-0.9821140766143799,0.0,1.0,0.0,-0.9899956583976746,4.172325134277344e-07,-0.9961103796958923
dense-20260718009088-a8f337fee7e4,multi,1,0,0,0,46,r1,0.0014334764176184844,0.8107984980845181,0.024761289358139038,0.9807651042938232,4.76837158203125e-07,0.998724102973938,2.9802322387695312e-08,1.0,1.4901161193847656e-07,0.9941003918647766,0.024761348962783813,0.9807651042938232
dense-20260718009088-a8f337fee7e4,multi,1,0,0,0,46,r4,-4.45413643551662e-05,0.8343863851543434,0.0007958114147186279,-0.17741887271404266,5.364418029785156e-07,0.8510197401046753,1.0,0.9008405208587646,1.58846378326416e-05,0.7429396510124207,0.0007958114147186279,-0.17741955816745758
dense-20260718009088-a8f337fee7e4,multi,1,0,0,0,46,r5,-0.0002527217707983809,0.8343863851543434,0.001229405403137207,-0.891312837600708,5.424022674560547e-06,-0.47044846415519714,0.0,1.0,5.710124969482422e-05,-0.7859153747558594,0.001229405403137207,-0.8913130760192871
dense-20260718009088-a8f337fee7e4,multi,1,0,0,0,47,r1,0.0005910408163034564,0.809228113151499,0.00132027268409729,-0.4132513999938965,1.7881393432617188e-07,0.457559198141098,0.00013518333435058594,-0.9999571442604065,3.8743019104003906e-07,0.20613446831703186,0.00132027268409729,-0.4132511019706726
dense-20260718009088-a8f337fee7e4,multi,1,0,0,0,47,r4,-0.0004268936630736908,0.8343574298594404,3.8743019104003906e-07,0.9444757699966431,0.0,0.9977176785469055,1.0,0.9999999403953552,0.0,0.995799720287323,3.8743019104003906e-07,0.9444757103919983
dense-20260718009088-a8f337fee7e4,multi,1,0,0,0,47,r5,3.752776406917846e-05,0.8343574298594404,0.004357695579528809,0.9576730132102966,1.963973045349121e-05,0.9934602379798889,0.0,1.0,9.953975677490234e-05,0.9861009120941162,0.004357695579528809,0.9576730728149414
dense-20260718009088-a8f337fee7e4,multi,1,0,0,0,48,r1,0.003981003493959578,0.8018631748777284,0.1842532455921173,0.6879368424415588,0.0003376901149749756,0.970994770526886,0.0,-0.9999786019325256,0.0005301237106323242,0.8635265827178955,0.18425339460372925,0.6879371404647827
dense-20260718009088-a8f337fee7e4,multi,1,0,0,0,48,r4,0.00023766683335335603,0.8348995958997707,6.103515625e-05,-0.8698019981384277,5.960464477539063e-08,-0.16839131712913513,1.0,-0.6158083081245422,2.5331974029541016e-06,-0.3083455264568329,6.103515625e-05,-0.8698017001152039
dense-20260718009088-a8f337fee7e4,multi,1,0,0,0,48,r5,-0.0001813862125568111,0.8348995958997707,4.678964614868164e-06,-0.24135583639144897,0.0,0.4943983852863312,0.0,1.0,2.9802322387695312e-08,0.29733332991600037,4.678964614868164e-06,-0.24135571718215942
dense-20260718009088-a8f337fee7e4,multi,1,0,0,0,49,r1,0.0022766988791114162,0.7996853722513871,0.0037165582180023193,-0.6325666308403015,6.854534149169922e-07,0.2606320381164551,0.008188217878341675,-0.9857515692710876,1.9371509552001953e-06,-0.20636998116970062,0.003716588020324707,-0.6325660347938538
dense-20260718009088-a8f337fee7e4,multi,1,0,0,0,49,r4,0.02762735454970222,0.8211142007675293,0.5051887277513742,-0.6714582443237305,0.027836650609970093,-0.20287932455539703,0.0,-0.9288486242294312,0.46130767464637756,-0.02630532719194889,0.505189061164856,-0.6714581847190857
dense-20260718009088-a8f337fee7e4,multi,1,0,0,0,49,r5,-0.00022041881220946635,0.8211142007675293,0.03777173161506653,0.944283664226532,0.00011017918586730957,0.9896717071533203,0.0,1.0,0.0001824498176574707,0.9742671847343445,0.03777173161506653,0.9442837238311768
dense-20260718009088-a8f337fee7e4,multi,1,0,0,0,50,r1,0.0007406031779615407,0.8024220103583221,0.005490779876708984,0.918942391872406,4.5299530029296875e-06,0.9913144111633301,0.0,-0.9996167421340942,1.239776611328125e-05,0.957241952419281,0.005490779876708984,0.918942391872406
dense-20260718009088-a8f337fee7e4,multi,1,0,0,0,50,r5,-0.000651250976658968,0.807755626246965,2.980232238769531e-07,-0.9744812250137329,0.0,-0.9001092910766602,0.0,1.0,0.0,-0.9254024624824524,2.980232238769531e-07,-0.9744811654090881
dense-20260718009088-a8f337fee7e4,multi,1,0,0,0,51,r1,0.0008640541823263792,0.8019690659569458,0.0022584199905395508,-0.8066054582595825,4.76837158203125e-07,-0.1922091692686081,0.014365166425704956,-0.9894654154777527,1.5497207641601562e-06,-0.5514612197875977,0.0022584199905395508,-0.8066055774688721
dense-20260718009088-a8f337fee7e4,multi,1,0,0,0,51,r5,-0.00027126613664241184,0.8068781149548298,0.004064351320266724,-0.8305147290229797,6.765127182006836e-06,-0.3847551643848419,0.0,1.0,2.193450927734375e-05,-0.7844480872154236,0.004064351320266724,-0.8305149078369141
dense-20260718009088-a8f337fee7e4,multi,1,0,0,0,52,r1,0.004459991175439271,0.791016975781261,0.9989447295665741,0.9982941150665283,0.632152795791626,0.9998673796653748,0.0,-0.997951328754425,0.5177874565124512,0.9991379380226135,0.9989447593688965,0.9982940554618835
dense-20260718009088-a8f337fee7e4,multi,1,0,0,0,52,r5,-3.744387900272983e-05,0.8062488434110904,0.028818845748901367,0.976906955242157,0.00010603666305541992,0.9971561431884766,0.0,1.0,0.000276029109954834,0.9938026666641235,0.028818845748901367,0.976906955242157
dense-20260718009088-a8f337fee7e4,multi,1,0,0,0,53,r1,0.0014869136302186892,0.7835735562394495,0.004448890686035156,0.8985695838928223,4.470348358154297e-07,0.9906160831451416,0.10166692733764648,1.0,5.066394805908203e-07,0.9690930247306824,0.004448890686035156,0.8985695838928223
dense-20260718009088-a8f337fee7e4,multi,1,0,0,0,53,r5,-0.00025767701808043775,0.8075125005994579,0.0067743659019470215,0.9999753832817078,0.00013896822929382324,0.9999974966049194,0.0,1.0,0.0004918277263641357,0.9999955296516418,0.0067743659019470215,0.9999753832817078
dense-20260718009088-a8f337fee7e4,multi,1,0,0,0,54,r1,0.00195890664947318,0.7801519806700042,0.00047028064727783203,0.9997824430465698,2.9802322387695312e-08,0.99998539686203,0.0,1.0,5.960464477539063e-08,0.9999669790267944,0.00047028064727783203,0.9997824430465698
dense-20260718009088-a8f337fee7e4,multi,1,0,0,0,54,r5,-0.00023942012882782748,0.8086260432478294,0.0003654062747955322,-0.9655340909957886,3.8743019104003906e-07,-0.8861961960792542,0.0,1.0,4.470348358154297e-07,-0.9446942806243896,0.0003654062747955322,-0.965533971786499
dense-20260718009088-a8f337fee7e4,multi,1,0,0,0,55,r1,0.0014302114407949151,0.7793385554978698,0.03339841961860657,0.3365049362182617,3.069639205932617e-06,0.8749162554740906,5.662441253662109e-07,1.0,4.559755325317383e-06,0.7011768221855164,0.033398449420928955,0.3365047574043274
dense-20260718009088-a8f337fee7e4,multi,1,0,0,0,55,r5,-0.0005058275243086108,0.8072768309225541,0.013997822999954224,-0.7638034224510193,2.3156404495239258e-05,-0.24291513860225677,0.0,1.0,5.671381950378418e-05,-0.7322611212730408,0.013997852802276611,-0.7638028264045715
dense-20260718009088-a8f337fee7e4,multi,1,0,0,0,56,r1,0.009224954465345103,0.7656792063150124,0.9999204874038696,0.9990943074226379,0.9751869440078735,0.9999405145645142,0.0,1.0,0.9006403088569641,0.9995824098587036,0.9999204874038696,0.9990943074226379
dense-20260718009088-a8f337fee7e4,multi,1,0,0,0,56,r4,0.0013090131667674587,0.8064419252765865,8.940696716308594e-08,0.9146773815155029,0.0,0.9899716377258301,0.9999618530273438,0.1649593561887741,0.0,0.9919187426567078,8.940696716308594e-08,0.9146774411201477
dense-20260718009088-a8f337fee7e4,multi,1,0,0,0,57,r4,0.027198685900370112,0.789368828593457,0.33834463357925415,-0.594357967376709,0.0011993646621704102,0.26358309388160706,1.0,0.9543383717536926,0.05860799551010132,0.15665411949157715,0.33834415674209595,-0.5943586826324463
dense-20260718009088-a8f337fee7e4,multi,1,0,0,0,57,r5,3.376718801417766e-05,0.789368828593457,0.00046515464782714844,0.9930471777915955,1.3709068298339844e-06,0.9991880059242249,0.0,1.0,2.8908252716064453e-06,0.998468279838562,0.00046515464782714844,0.9930472373962402
dense-20260718009088-a8f337fee7e4,multi,1,0,0,0,58,r4,0.021187051813191027,0.7789754190849121,0.002599567174911499,-0.9999968409538269,0.00037911534309387207,-0.9999967217445374,0.0,1.0,0.0026221275329589844,-0.9999919533729553,0.0025995373725891113,-0.9999968409538269
dense-20260718009088-a8f337fee7e4,multi,1,0,0,0,58,r5,-0.00018431096836590832,0.7789754190849121,0.0022491812705993652,-0.9158835411071777,1.8775463104248047e-06,-0.7539955973625183,5.960464477539063e-08,1.0,1.4901161193847656e-06,-0.8910441994667053,0.0022491812705993652,-0.9158835411071777
dense-20260718009088-a8f337fee7e4,multi,1,0,0,0,59,r5,-0.003812470611742391,0.7726521460705731,0.8482441008090973,0.9876218438148499,0.0009444355964660645,0.9985392689704895,0.0,1.0,0.0018894970417022705,0.9947436451911926,0.8482441902160645,0.9876218438148499
dense-20260718009088-a8f337fee7e4,multi,1,0,0,0,60,r5,-0.010468454900032675,inf,3.7550926208496094e-06,-0.982873797416687,0.0,-0.9276214838027954,5.066394805908203e-07,1.0,0.0,-0.9661968350410461,3.7550926208496094e-06,-0.982873797416687
dense-20260718009088-a8f337fee7e4,multi,1,0,0,0,63,r1,0.03164610806299817,0.7511624806563616,0.5685004368424416,0.9714148044586182,0.0011824071407318115,0.9978726506233215,1.0,1.0,0.003030329942703247,0.9822654128074646,0.5685005187988281,0.9714148044586182
dense-20260718009088-a8f337fee7e4,multi,1,0,0,0,64,r1,0.059695020094957085,0.7094027857506059,0.7098645120859146,-0.9962989091873169,0.01952439546585083,-0.9783815741539001,1.0,1.0,0.1393798589706421,-0.9893007278442383,0.7098656296730042,-0.9962989091873169
dense-20260718009088-a8f337fee7e4,multi,1,0,0,0,64,r5,0.0011648221283167004,0.7266370906935469,0.08514365553855896,0.6329471468925476,3.629922866821289e-05,0.9155775308609009,0.0,1.0,3.3348798751831055e-05,0.8372253775596619,0.08514377474784851,0.6329475045204163
dense-20260718009088-a8f337fee7e4,multi,1,0,0,0,65,r1,0.057377796278112125,0.7109390250277826,0.9999864101409912,-0.39137256145477295,0.9978055953979492,0.4011226296424866,0.15076521039009094,1.0,0.9992452263832092,-0.0369475893676281,0.9999864101409912,-0.3913728594779968
dense-20260718009088-a8f337fee7e4,multi,1,0,0,0,65,r5,0.00954502469087437,0.7205149629739721,0.9994906783103943,0.9999551773071289,0.05593687295913696,0.9999983310699463,2.9802322387695312e-08,1.0,0.022452443838119507,0.9999925494194031,0.9994906783103943,0.9999551773071289
dense-20260718009088-a8f337fee7e4,multi,1,0,0,0,66,r5,0.037481134739166366,inf,0.728188157081604,0.09990902245044708,0.0005609393119812012,0.8685096502304077,8.821487426757812e-06,1.0,0.0006145238876342773,0.7653033137321472,0.7281883358955383,0.09990913420915604
dense-20260718008264-e379f756184b,multi,0,0,1,1,11,r5,-0.0011295098880064192,0.9390898877518982,8.940696716308594e-08,-0.9994423389434814,4.470348358154297e-07,-0.9930742383003235,2.980232238769531e-07,0.12584221363067627,3.0100345611572266e-06,-0.9875712990760803,8.940696716308594e-08,-0.9994423389434814
dense-20260718008264-e379f756184b,multi,0,0,1,1,12,r5,-0.0010395244076149002,0.8887141967345504,5.960464477539063e-08,-0.9983839392662048,1.4901161193847656e-07,-0.9720608592033386,0.0,-0.8839236497879028,8.344650268554688e-07,-0.9789674282073975,5.960464477539063e-08,-0.9983839392662048
dense-20260718008264-e379f756184b,multi,0,0,1,1,13,r5,0.002186380656228337,0.8545032790626804,0.020344048738479614,-0.27854040265083313,0.004584908485412598,0.8742250204086304,0.0,-0.147566020488739,0.012029767036437988,0.7096898555755615,0.020344048738479614,-0.2785394787788391
dense-20260718008264-e379f756184b,multi,0,0,1,1,14,r5,0.00023928220740221384,0.840709322230177,7.048249244689941e-05,-0.5337318778038025,4.172325134277344e-06,0.6618337631225586,0.0,0.9866136312484741,8.493661880493164e-06,0.3564884662628174,7.048249244689941e-05,-0.5337316989898682
dense-20260718008264-e379f756184b,multi,0,0,1,1,15,r5,0.00016983767988199006,0.8534723052151887,0.012591361999511719,-0.9537785649299622,0.00015529990196228027,-0.7852301001548767,0.0,0.705907940864563,0.0001278519630432129,-0.8680715560913086,0.012591332197189331,-0.9537785649299622
dense-20260718008264-e379f756184b,multi,0,0,1,1,16,r5,-0.00032059164847764166,0.8862961651766865,8.58306884765625e-06,-0.9546607136726379,0.0,-0.7309784293174744,0.0,-0.993954598903656,2.9802322387695312e-08,-0.4614977538585663,8.58306884765625e-06,-0.9546607136726379
dense-20260718008264-e379f756184b,multi,0,0,1,1,17,r5,-0.00031498321828138387,inf,8.940696716308594e-08,-0.9919471740722656,0.0,-0.9651128649711609,0.0,0.17827415466308594,0.0,-0.8821113109588623,8.940696716308594e-08,-0.9919471740722656
dense-20260718008264-e379f756184b,multi,0,0,1,1,18,r5,-0.00012097165228142082,inf,0.0,-0.9999927878379822,0.0,-0.9998995065689087,0.0,0.9999939799308777,0.0,-0.9994897246360779,0.0,-0.9999927878379822
dense-20260718008264-e379f756184b,multi,0,0,1,1,19,r5,8.74729314008782e-05,inf,0.0,-0.9823387861251831,0.0,-0.527057409286499,3.8743019104003906e-07,1.0,0.0,-0.2692927420139313,0.0,-0.9823387861251831
dense-20260718008264-e379f756184b,multi,0,0,1,1,20,r5,0.0036690818606897047,inf,0.0,0.9115710854530334,0.0,0.9916149377822876,0.0,0.9993639588356018,0.0,0.9838927388191223,0.0,0.9115710854530334
dense-20260718008264-e379f756184b,multi,0,0,1,1,21,r5,-0.0008394006851382141,inf,2.9802322387695312e-08,-0.6976564526557922,5.960464477539063e-08,0.4767060875892639,0.0,0.9999993443489075,1.1920928955078125e-07,0.335461288690567,2.9802322387695312e-08,-0.6976566910743713
dense-20260718008264-e379f756184b,multi,0,0,1,1,22,r5,0.001694814104258091,inf,8.940696716308594e-08,0.9245718717575073,1.1920928955078125e-07,0.9983781576156616,0.0,0.9999833106994629,4.172325134277344e-07,0.9951125979423523,8.940696716308594e-08,0.9245718121528625
dense-20260718008264-e379f756184b,multi,0,0,1,1,23,r5,-0.0016484208407836487,inf,5.960464477539063e-08,-0.8812029957771301,2.980232238769531e-07,-0.0755811408162117,0.0,0.9999998211860657,3.5762786865234375e-07,-0.17475108802318573,5.960464477539063e-08,-0.8812029361724854
dense-20260718008264-e379f756184b,multi,0,0,1,1,24,r5,0.001366166966805915,inf,0.0,0.8862773180007935,0.0,0.9891439080238342,0.0,0.9992928504943848,0.0,0.9804726839065552,0.0,0.8862773180007935
dense-20260718008264-e379f756184b,multi,0,0,1,1,25,r5,-0.001486626356653975,inf,5.960464477539063e-08,-0.8807250261306763,3.5762786865234375e-07,-0.0689108818769455,0.0,0.9999997615814209,4.172325134277344e-07,-0.18263351917266846,5.960464477539063e-08,-0.8807248473167419
dense-20260718008264-e379f756184b,multi,0,0,1,1,26,r5,0.0014046134877920835,inf,0.0,0.8695034980773926,0.0,0.9875426292419434,0.0,0.9990294575691223,0.0,0.9775816202163696,0.0,0.8695036172866821
dense-20260718008264-e379f756184b,multi,0,0,1,1,27,r5,-0.0013927269264411013,inf,5.960464477539063e-08,-0.8684712648391724,3.5762786865234375e-07,-0.018973933532834053,0.0,0.9999997615814209,4.172325134277344e-07,-0.14357757568359375,5.960464477539063e-08,-0.8684712648391724
dense-20260718008264-e379f756184b,multi,0,0,1,1,28,r5,0.001484947302344608,inf,0.0,0.852850615978241,0.0,0.9861748814582825,0.0,0.9988969564437866,0.0,0.9747940301895142,0.0,0.852850615978241
dense-20260718008264-e379f756184b,multi,0,0,1,1,29,r5,-0.001277998897036614,inf,8.940696716308594e-08,-0.8631287217140198,4.172325134277344e-07,0.008101047948002815,0.0,0.9999997615814209,4.470348358154297e-07,-0.1206183210015297,8.940696716308594e-08,-0.8631287217140198
dense-20260718008264-e379f756184b,multi,0,0,1,1,30,r5,0.0014265957309995692,inf,0.0,0.8557947874069214,0.0,0.9864810705184937,0.0,0.9988197684288025,0.0,0.9753172397613525,0.0,0.8557944893836975
dense-20260718008264-e379f756184b,multi,0,0,1,1,32,r5,-0.001416038531472319,inf,0.0,-0.9921135306358337,0.0,-0.8362630009651184,0.0,0.999999463558197,0.0,-0.9047924280166626,0.0,-0.9921135306358337
dense-20260718008264-e379f756184b,multi,0,0,1,1,33,r5,-0.0001963445346251369,inf,0.0,-0.9848803281784058,0.0,-0.5856050252914429,4.76837158203125e-07,1.0,0.0,-0.33788979053497314,0.0,-0.9848803281784058
dense-20260718008264-e379f756184b,multi,0,0,1,1,34,r5,0.0020454875444746445,inf,0.0,0.8867778182029724,0.0,0.9895216822624207,0.0,0.9990286231040955,0.0,0.979746401309967,0.0,0.8867781162261963
dense-20260718008264-e379f756184b,multi,0,0,1,1,35,r5,-0.0010220588264180375,inf,5.960464477539063e-08,-0.8481941223144531,3.5762786865234375e-07,0.06086541339755058,0.0,0.9999998807907104,3.8743019104003906e-07,-0.04363672807812691,5.960464477539063e-08,-0.8481940031051636
dense-20260718008264-e379f756184b,multi,0,0,1,1,36,r5,0.0004983288061271018,inf,2.9802322387695312e-08,0.09016552567481995,5.960464477539063e-08,0.8898566365242004,0.0,0.712485671043396,1.7881393432617188e-07,0.5925799608230591,2.9802322387695312e-08,0.0901654064655304
dense-20260718008264-e379f756184b,multi,0,0,1,1,37,r5,-8.275299754711973e-05,inf,1.1920928955078125e-07,-0.15557092428207397,6.556510925292969e-07,0.8347295522689819,0.0,0.9999999403953552,6.556510925292969e-07,0.7367096543312073,1.1920928955078125e-07,-0.15557147562503815
dense-20260718008264-e379f756184b,multi,0,0,1,1,38,r5,4.5445106602759466e-05,inf,1.4901161193847656e-07,0.1917460411787033,7.450580596923828e-07,0.9188711047172546,0.0,1.0,7.450580596923828e-07,0.8600932359695435,1.4901161193847656e-07,0.1917462944984436
dense-20260718008264-e379f756184b,multi,0,0,1,1,39,r5,-0.00013827740813510125,inf,1.1920928955078125e-07,-0.2533792555332184,6.258487701416016e-07,0.7958148717880249,0.0,0.9999999403953552,6.556510925292969e-07,0.692147970199585,1.1920928955078125e-07,-0.2533796429634094
dense-20260718008264-e379f756184b,multi,0,0,1,1,40,r5,0.00023299498124540463,inf,1.4901161193847656e-07,0.3290472626686096,7.748603820800781e-07,0.9379878640174866,0.0,1.0,7.748603820800781e-07,0.8907548189163208,1.4901161193847656e-07,0.3290468156337738
dense-20260718008264-e379f756184b,multi,0,0,1,1,41,r5,-0.0003499381241611754,inf,1.1920928955078125e-07,-0.43437156081199646,5.662441253662109e-07,0.7028055787086487,0.0,0.9999999403953552,5.960464477539062e-07,0.5754403471946716,1.1920928955078125e-07,-0.43437162041664124
dense-20260718008264-e379f756184b,multi,0,0,1,1,42,r5,0.0008857758676343863,inf,1.7881393432617188e-07,0.5007992386817932,8.344650268554688e-07,0.9612741470336914,0.0,1.0,8.344650268554688e-07,0.9273000359535217,1.7881393432617188e-07,0.5007997751235962
dense-20260718008264-e379f756184b,multi,0,0,1,1,43,r5,-0.00041087678236340075,inf,2.9802322387695312e-08,-0.2408955693244934,8.940696716308594e-08,0.8375798463821411,0.0,0.9999997615814209,1.1920928955078125e-07,0.7482206225395203,2.9802322387695312e-08,-0.24089650809764862
dense-20260718008264-e379f756184b,multi,0,0,1,1,44,r5,0.0002065999389164741,inf,1.7881393432617188e-07,0.23462523519992828,8.344650268554688e-07,0.9256763458251953,0.0,0.9999999403953552,8.046627044677734e-07,0.8677708506584167,1.7881393432617188e-07,0.23462383449077606
dense-20260718008264-e379f756184b,multi,0,0,1,1,45,r5,-0.0002322330630855074,inf,1.4901161193847656e-07,-0.3358619511127472,6.854534149169922e-07,0.7565884590148926,0.0,0.9999999403953552,6.854534149169922e-07,0.6323227882385254,1.4901161193847656e-07,-0.335862398147583
dense-20260718008264-e379f756184b,multi,0,0,1,1,46,r5,0.0005297658865193178,inf,1.7881393432617188e-07,0.40698614716529846,8.940696716308594e-07,0.9495428204536438,0.0,1.0,8.642673492431641e-07,0.9058566689491272,1.7881393432617188e-07,0.4069839417934418
dense-20260718008264-e379f756184b,multi,0,0,1,1,47,r5,-0.0005819241467266423,inf,1.1920928955078125e-07,-0.5263104438781738,5.960464477539062e-07,0.6303560733795166,0.0,0.9999999403953552,5.960464477539062e-07,0.4875442087650299,1.1920928955078125e-07,-0.526310920715332
dense-20260718008264-e379f756184b,multi,0,0,1,1,48,r5,0.0010608212274425544,inf,2.086162567138672e-07,0.5432605743408203,9.834766387939453e-07,0.9667920470237732,0.0,1.0,9.5367431640625e-07,0.9346109628677368,2.086162567138672e-07,0.5432594418525696
dense-20260718008264-e379f756184b,multi,0,0,1,1,49,r5,-0.0008179155751628642,inf,8.940696716308594e-08,-0.5969178080558777,5.066394805908203e-07,0.5557651519775391,0.0,0.9999999403953552,5.364418029785156e-07,0.40884917974472046,8.940696716308594e-08,-0.5969169735908508
dense-20260718008264-e379f756184b,multi,0,0,1,1,50,r5,0.0015260272537578334,inf,2.384185791015625e-07,0.6077858209609985,1.043081283569336e-06,0.9727638363838196,0.0,1.0,1.043081283569336e-06,0.9457157850265503,2.384185791015625e-07,0.607785701751709
dense-20260718008264-e379f756184b,multi,0,0,1,1,51,r5,-0.0006008479785277743,inf,2.9802322387695312e-08,-0.3483838140964508,5.960464477539063e-08,0.7967568039894104,0.0,0.9999998211860657,8.940696716308594e-08,0.6919648051261902,2.9802322387695312e-08,-0.34838274121284485
dense-20260718008264-e379f756184b,multi,0,0,1,1,53,r5,-0.0021302520375083844,inf,5.960464477539063e-08,-0.88139808177948,3.8743019104003906e-07,-0.08374769985675812,0.0,0.9999998211860657,4.470348358154297e-07,-0.17658525705337524,5.960464477539063e-08,-0.8813981413841248
dense-20260718008264-e379f756184b,multi,0,0,1,1,54,r5,0.0011554269345555035,inf,0.0,0.8446582555770874,0.0,0.9859204888343811,0.0,0.998672366142273,0.0,0.9732470512390137,0.0,0.8446585536003113
dense-20260718008264-e379f756184b,multi,0,0,1,1,55,r5,-0.0006744269194416397,inf,2.9802322387695312e-08,-0.35747531056404114,5.960464477539063e-08,0.8518610000610352,0.0,0.9999192953109741,2.086162567138672e-07,0.7390807867050171,2.9802322387695312e-08,-0.35747453570365906
dense-20260718008264-e379f756184b,multi,0,0,1,1,56,r5,-5.36621104885171e-05,inf,0.0,-0.7863870859146118,0.0,0.3570125997066498,0.0,0.9999996423721313,0.0,0.12066883593797684,0.0,-0.7863869071006775
dense-20260718008264-e379f756184b,multi,0,0,1,1,57,r5,0.0023195952500956185,inf,2.980232238769531e-07,0.7407292127609253,1.3709068298339844e-06,0.9843588471412659,0.0,1.0,1.341104507446289e-06,0.9661502838134766,2.980232238769531e-07,0.7407292723655701
dense-20260718008264-e379f756184b,multi,0,0,1,1,58,r5,-0.00013778249448392899,inf,2.0563602447509766e-06,0.7612239122390747,3.814697265625e-06,0.9855391383171082,0.0,0.9992934465408325,1.0639429092407227e-05,0.9619073271751404,2.0563602447509766e-06,0.7612243294715881
dense-20260718008264-e379f756184b,multi,0,0,1,1,59,r5,-0.0007651366414047622,inf,0.0,-0.35232919454574585,0.0,0.7277938723564148,0.0,0.9929766654968262,0.0,0.27767109870910645,0.0,-0.3523288369178772
dense-20260718008264-e379f756184b,multi,0,0,1,1,60,r5,-9.974612255647664e-05,inf,0.0,-0.8164612054824829,0.0,0.28771036863327026,0.0,0.9999991059303284,0.0,0.03855343163013458,0.0,-0.8164610862731934
dense-20260718008264-e379f756184b,multi,0,0,1,1,61,r5,0.002735981770593199,inf,8.940696716308594e-08,0.9521549344062805,1.4901161193847656e-07,0.9990096092224121,0.0,0.9999904632568359,5.066394805908203e-07,0.9968405365943909,8.940696716308594e-08,0.952154815196991
dense-20260718008264-e379f756184b,multi,0,0,1,1,62,r5,-0.0012510180057816456,inf,0.0,-0.6621969938278198,5.960464477539063e-08,0.5457774996757507,0.0,0.9999997019767761,8.940696716308594e-08,0.37898749113082886,0.0,-0.6621975898742676
dense-20260718008264-e379f756184b,multi,0,0,1,1,63,r5,0.0006337503752322782,inf,2.384185791015625e-07,0.3725612163543701,5.066394805908203e-07,0.9784525632858276,0.0,0.33329370617866516,1.5795230865478516e-06,0.890846848487854,2.384185791015625e-07,0.3725616931915283
dense-20260718008264-e379f756184b,multi,0,0,1,1,64,r5,-0.00046804087385399207,inf,1.4901161193847656e-07,-0.4732908606529236,6.854534149169922e-07,0.6633304953575134,0.0,0.9999999403953552,6.854534149169922e-07,0.5192930102348328,1.4901161193847656e-07,-0.47329071164131165
dense-20260718008264-e379f756184b,multi,0,0,1,1,65,r5,0.0010252363884064586,inf,2.384185791015625e-07,0.54998379945755,1.043081283569336e-06,0.9663077592849731,0.0,1.0,1.0132789611816406e-06,0.9334100484848022,2.384185791015625e-07,0.5499839782714844
dense-20260718008264-e379f756184b,multi,0,0,1,1,66,r5,-0.0009060620874086212,inf,1.1920928955078125e-07,-0.6332359910011292,5.662441253662109e-07,0.49326691031455994,0.0,0.9999999403953552,5.662441253662109e-07,0.3492511808872223,1.1920928955078125e-07,-0.633235514163971
dense-20260718008264-e379f756184b,multi,0,0,1,1,67,r5,0.0013178081841411782,inf,2.980232238769531e-07,0.6544336676597595,1.2218952178955078e-06,0.9774887561798096,0.0,1.0,1.1920928955078125e-06,0.9514546394348145,2.980232238769531e-07,0.6544331312179565
dense-20260718008264-e379f756184b,multi,0,0,1,1,68,r5,-0.0011354339260871704,inf,8.940696716308594e-08,-0.6896369457244873,5.066394805908203e-07,0.4200882613658905,0.0,0.9999999403953552,5.364418029785156e-07,0.28045958280563354,8.940696716308594e-08,-0.6896365880966187
dense-20260718008264-e379f756184b,multi,0,0,1,1,69,r5,0.001449289880415039,inf,2.980232238769531e-07,0.6676620244979858,1.2516975402832031e-06,0.9787948727607727,0.0,1.0,1.2814998626708984e-06,0.9532877206802368,2.980232238769531e-07,0.6676619648933411
dense-20260718008264-e379f756184b,multi,0,0,1,1,70,r5,-0.001256483382489293,inf,1.1920928955078125e-07,-0.6771084070205688,5.364418029785156e-07,0.435928612947464,0.0,0.9999999403953552,5.662441253662109e-07,0.3047279119491577,1.1920928955078125e-07,-0.6771085262298584
dense-20260718008264-e379f756184b,multi,0,0,1,1,71,r5,0.0014057440359993567,inf,3.2782554626464844e-07,0.6705857515335083,1.3709068298339844e-06,0.97901850938797,0.0,1.0,1.3709068298339844e-06,0.9538477659225464,3.2782554626464844e-07,0.6705854535102844
dense-20260718008264-e379f756184b,multi,0,0,1,1,72,r5,-0.0013038060557024611,inf,1.1920928955078125e-07,-0.6942298412322998,5.364418029785156e-07,0.4089728891849518,0.0,0.9999999403953552,5.662441253662109e-07,0.27870264649391174,1.1920928955078125e-07,-0.6942294836044312
dense-20260718008264-e379f756184b,multi,0,0,1,1,74,r5,-0.0018525317728654844,inf,5.960464477539063e-08,-0.8630208969116211,3.5762786865234375e-07,-0.005097583401948214,0.0,0.9999998807907104,4.172325134277344e-07,-0.10840021818876266,5.960464477539063e-08,-0.8630210757255554
dense-20260718008264-e379f756184b,multi,0,0,1,1,75,r5,0.0015553419458802509,inf,2.9802322387695312e-08,0.909855306148529,2.9802322387695312e-08,0.9957862496376038,0.0,0.9987747669219971,2.9802322387695312e-08,0.9742741584777832,2.9802322387695312e-08,0.909855306148529
dense-20260718008264-e379f756184b,multi,0,0,1,1,76,r5,-0.0015322114790194963,inf,8.940696716308594e-08,-0.8504955768585205,4.172325134277344e-07,0.03764685243368149,0.0,0.9999998807907104,4.470348358154297e-07,-0.06246885657310486,8.940696716308594e-08,-0.8504956960678101
dense-20260718008264-e379f756184b,multi,0,0,1,1,77,r5,0.001362178352140253,inf,0.0,0.8662376403808594,0.0,0.9877342581748962,0.0,0.9989762306213379,0.0,0.9772588610649109,0.0,0.8662375211715698
dense-20260718008264-e379f756184b,multi,0,0,1,1,78,r5,-0.0014590027148577711,inf,8.940696716308594e-08,-0.8470789790153503,4.470348358154297e-07,0.05516430735588074,0.0,0.9999998211860657,4.76837158203125e-07,-0.07666534930467606,8.940696716308594e-08,-0.8470789790153503
dense-20260718008264-e379f756184b,multi,0,0,1,1,79,r5,0.0014523767915870511,inf,0.0,0.8863082528114319,0.0,0.9898152947425842,0.0,0.9997969269752502,0.0,0.978502094745636,0.0,0.8863083124160767
dense-20260718008264-e379f756184b,multi,0,0,1,1,80,r5,-0.0006773577431344879,inf,2.9802322387695312e-08,-0.3664465844631195,8.940696716308594e-08,0.8349866271018982,0.0,0.9998406767845154,2.086162567138672e-07,0.703917920589447,2.9802322387695312e-08,-0.36644625663757324
dense-20260718008264-e379f756184b,multi,0,0,1,1,81,r5,-5.1260434121847e-05,inf,0.0,-0.8051365613937378,0.0,0.2830272316932678,0.0,0.9999992847442627,0.0,-0.007003192789852619,0.0,-0.8051366806030273
dense-20260718008264-e379f756184b,multi,0,0,1,1,82,r5,0.002402142681303454,inf,3.2782554626464844e-07,0.7684651613235474,1.430511474609375e-06,0.9862024188041687,0.0,1.0,1.3709068298339844e-06,0.9700928330421448,3.2782554626464844e-07,0.7684656381607056
dense-20260718008264-e379f756184b,multi,0,0,1,1,83,r5,-0.00014021862537072494,inf,2.3245811462402344e-06,0.7899022698402405,4.082918167114258e-06,0.9878537654876709,0.0,0.9995517134666443,1.1026859283447266e-05,0.9674201607704163,2.3245811462402344e-06,0.7899022698402405
dense-20260718008264-e379f756184b,multi,0,0,1,1,84,r5,-0.0009715839340185273,inf,0.0,-0.33714720606803894,0.0,0.731289267539978,0.0,0.9944079518318176,0.0,0.28381121158599854,0.0,-0.3371480405330658
dense-20260718008264-e379f756184b,multi,0,0,1,1,85,r5,-0.00012041781911298344,inf,0.0,-0.8136984705924988,0.0,0.29437094926834106,0.0,0.9999990463256836,0.0,0.050662022083997726,0.0,-0.8136984705924988
dense-20260718008264-e379f756184b,multi,0,0,1,1,86,r5,0.0024559694283765587,inf,1.1920928955078125e-07,0.937994658946991,1.7881393432617188e-07,0.9984309673309326,0.0,0.9999668002128601,5.364418029785156e-07,0.9947409629821777,1.1920928955078125e-07,0.9379945993423462
dense-20260718008264-e379f756184b,multi,0,0,1,1,87,r5,-0.0012468066010444812,inf,0.0,-0.643404483795166,5.960464477539063e-08,0.5698970556259155,0.0,0.9999997615814209,8.940696716308594e-08,0.4070592522621155,0.0,-0.643405020236969
dense-20260718008264-e379f756184b,multi,0,0,1,1,88,r5,0.0005548982936653957,inf,2.682209014892578e-07,0.3580719828605652,5.364418029785156e-07,0.9779723286628723,0.0,0.23748618364334106,1.6391277313232422e-06,0.8803524374961853,2.682209014892578e-07,0.3580714166164398
dense-20260718008264-e379f756184b,multi,0,0,1,1,89,r5,-0.0004227971487860138,inf,1.4901161193847656e-07,-0.38258951902389526,7.450580596923828e-07,0.719227135181427,0.0,0.9999999403953552,7.152557373046875e-07,0.5888354182243347,1.4901161193847656e-07,-0.3825891613960266
dense-20260718008264-e379f756184b,multi,0,0,1,1,90,r5,0.0005786479833012059,inf,2.980232238769531e-07,0.46032580733299255,1.4603137969970703e-06,0.9528843760490417,0.0,1.0,1.430511474609375e-06,0.9232791662216187,2.980232238769531e-07,0.46032610535621643
dense-20260718008264-e379f756184b,multi,0,0,1,1,91,r5,-0.0006389381409197536,inf,1.4901161193847656e-07,-0.4997677505016327,6.854534149169922e-07,0.6296938061714172,0.0,0.9999999403953552,6.556510925292969e-07,0.48800987005233765,1.4901161193847656e-07,-0.4997682273387909
dense-20260718008264-e379f756184b,multi,0,0,1,1,92,r5,0.0009560063977374078,inf,2.980232238769531e-07,0.6178315281867981,1.2516975402832031e-06,0.9716038107872009,0.0,1.0,1.2218952178955078e-06,0.9419079422950745,2.980232238769531e-07,0.6178316473960876
dense-20260718008264-e379f756184b,multi,0,0,1,1,93,r5,-0.0010827996637003956,inf,1.1920928955078125e-07,-0.6621744632720947,6.556510925292969e-07,0.45429837703704834,0.0,0.9999999403953552,6.258487701416016e-07,0.31507211923599243,1.1920928955078125e-07,-0.6621744632720947
dense-20260718008264-e379f756184b,multi,0,0,1,1,95,r5,-0.0015308182070821186,inf,8.940696716308594e-08,-0.8659920692443848,4.172325134277344e-07,-0.018824975937604904,0.0,0.9999998807907104,4.470348358154297e-07,-0.11076237261295319,8.940696716308594e-08,-0.8659918904304504
dense-20260718008264-e379f756184b,multi,0,0,1,1,96,r5,0.0013209360753945187,inf,0.0,0.859157383441925,0.0,0.9874581694602966,0.0,0.9989425539970398,0.0,0.9759501814842224,0.0,0.8591575026512146
dense-20260718008264-e379f756184b,multi,0,0,1,1,97,r5,-0.0006644825958181944,inf,2.9802322387695312e-08,-0.29708170890808105,8.940696716308594e-08,0.8598319888114929,0.0,0.9998679757118225,2.086162567138672e-07,0.7457546591758728,2.9802322387695312e-08,-0.2970811724662781
dense-20260718008264-e379f756184b,multi,0,0,1,1,98,r5,0.0004696168068556439,inf,0.0,0.6269499063491821,0.0,0.9605774879455566,0.0,0.9991303086280823,0.0,0.9355965852737427,0.0,0.626950204372406
dense-20260718008264-e379f756184b,multi,0,0,1,1,99,r5,-0.0012452851482482874,inf,0.0,-0.9716813564300537,0.0,-0.7547250390052795,0.0,0.9999951124191284,0.0,-0.8069506883621216,0.0,-0.971681535243988
dense-20260718008264-e379f756184b,multi,0,0,1,1,100,r5,5.0218989384953616e-05,inf,0.0,-0.40901726484298706,0.0,0.856525182723999,0.0,0.9999999403953552,0.0,0.6314597129821777,0.0,-0.40901777148246765
dense-20260718008264-e379f756184b,multi,0,0,1,1,101,r5,0.0009851239618372531,inf,8.940696716308594e-08,0.8298437595367432,1.4901161193847656e-07,0.995374321937561,0.0,0.9999508857727051,3.5762786865234375e-07,0.9880267977714539,8.940696716308594e-08,0.8298436403274536
dense-20260718008264-e379f756184b,multi,0,0,1,1,102,r5,-0.0008822106181873846,inf,2.9802322387695312e-08,-0.2846650183200836,5.960464477539063e-08,0.8722492456436157,0.0,0.9997590184211731,1.4901161193847656e-07,0.7315930128097534,2.9802322387695312e-08,-0.2846657931804657
dense-20260718008264-e379f756184b,multi,0,0,1,1,103,r5,-0.00013953513212205948,inf,0.0,-0.8156190514564514,0.0,0.2522883117198944,0.0,0.9999993443489075,0.0,-0.0418330542743206,0.0,-0.8156191110610962
dense-20260718008264-e379f756184b,multi,0,0,1,1,104,r5,0.0027835568922043308,inf,3.8743019104003906e-07,0.8035331964492798,1.5795230865478516e-06,0.9886602163314819,0.0,1.0,1.519918441772461e-06,0.974327802658081,3.8743019104003906e-07,0.8035327792167664
dense-20260718008264-e379f756184b,multi,0,0,1,1,105,r5,-0.0001272397395657432,inf,2.562999725341797e-06,0.7765764594078064,4.32133674621582e-06,0.9874734282493591,0.0,0.9992099404335022,1.1473894119262695e-05,0.9669881463050842,2.562999725341797e-06,0.7765763998031616
dense-20260718008264-e379f756184b,multi,0,0,1,1,106,r5,-0.000728624671572975,inf,0.0,-0.35574445128440857,0.0,0.7298051118850708,0.0,0.99467533826828,0.0,0.2661864161491394,0.0,-0.3557444214820862
dense-20260718008264-e379f756184b,multi,0,0,1,1,107,r5,-0.0001668621340800147,inf,0.0,-0.7853009700775146,0.0,0.35264891386032104,0.0,0.9999988675117493,0.0,0.12458444386720657,0.0,-0.785301148891449
dense-20260718008264-e379f756184b,multi,0,0,1,1,108,r5,0.002147002652044927,inf,8.940696716308594e-08,0.9589844942092896,1.1920928955078125e-07,0.9986289143562317,0.0,0.9996626377105713,1.4901161193847656e-07,0.9914155006408691,8.940696716308594e-08,0.9589846134185791
dense-20260718008264-e379f756184b,multi,0,0,1,1,109,r5,-0.0015576587322845281,inf,8.940696716308594e-08,-0.8394781351089478,4.172325134277344e-07,0.08130042254924774,0.0,0.9999999403953552,4.470348358154297e-07,-0.024991314858198166,8.940696716308594e-08,-0.8394782543182373
dense-20260718008264-e379f756184b,multi,0,0,1,1,110,r5,0.001643404752685651,inf,0.0,0.9260797500610352,2.9802322387695312e-08,0.9964159727096558,0.0,0.9996777176856995,2.9802322387695312e-08,0.9795188903808594,0.0,0.9260796308517456
dense-20260718008264-e379f756184b,multi,0,0,1,1,111,r5,-0.001617915499938949,inf,8.940696716308594e-08,-0.8468872904777527,4.172325134277344e-07,0.054893333464860916,0.0,0.9999998807907104,4.470348358154297e-07,-0.05327659100294113,8.940696716308594e-08,-0.8468873500823975
dense-20260718008264-e379f756184b,multi,0,0,1,1,112,r5,0.0014100688426097463,inf,0.0,0.8695637583732605,0.0,0.988475501537323,0.0,0.9989649653434753,0.0,0.9779784083366394,0.0,0.8695637583732605
dense-20260718008264-e379f756184b,multi,0,0,1,1,113,r5,-0.0008583543054148102,inf,2.9802322387695312e-08,-0.4467241168022156,8.940696716308594e-08,0.7280362248420715,0.0,0.9999796748161316,8.940696716308594e-08,0.49643784761428833,2.9802322387695312e-08,-0.4467240869998932
dense-20260718008264-e379f756184b,multi,0,0,1,1,114,r5,-3.810348123689522e-06,inf,0.0,-0.7121254801750183,0.0,0.4663885831832886,0.0,0.9999995827674866,0.0,0.16155102849006653,0.0,-0.712124764919281
dense-20260718008264-e379f756184b,multi,0,0,1,1,116,r5,-6.872337744012746e-05,inf,2.115964889526367e-06,0.679206132888794,3.725290298461914e-06,0.9816063046455383,0.0,0.9990032315254211,9.208917617797852e-06,0.9562536478042603,2.115964889526367e-06,0.6792057752609253
dense-20260718008264-e379f756184b,multi,0,0,1,1,117,r5,-0.0005010128641893541,inf,0.0,-0.1937885582447052,0.0,0.7247195839881897,0.0,0.9992831349372864,0.0,0.6338664889335632,0.0,-0.19378867745399475
dense-20260718008264-e379f756184b,multi,0,0,1,1,118,r5,-0.00021630628278601627,inf,0.0,-0.828567385673523,0.0,0.23744365572929382,0.0,0.9999988079071045,0.0,0.01739564910531044,0.0,-0.8285675644874573
dense-20260718008264-e379f756184b,multi,0,0,1,1,119,r5,0.002443039217877585,inf,0.0,0.9324414134025574,0.0,0.9970070123672485,0.0,0.9992788434028625,2.9802322387695312e-08,0.9818532466888428,0.0,0.9324411749839783
dense-20260718008264-e379f756184b,multi,0,0,1,1,120,r5,-0.0014429697861297885,inf,8.940696716308594e-08,-0.8243907690048218,4.172325134277344e-07,0.13211414217948914,0.0,0.9999999403953552,4.470348358154297e-07,0.019905559718608856,8.940696716308594e-08,-0.8243909478187561
dense-20260718008264-e379f756184b,multi,0,0,1,1,121,r5,0.0019462250750013066,inf,0.0,0.9191660284996033,2.9802322387695312e-08,0.9963834881782532,0.0,0.9991318583488464,2.9802322387695312e-08,0.9778913855552673,0.0,0.9191662073135376
dense-20260718008264-e379f756184b,multi,0,0,1,1,122,r5,-0.0015724676506407853,inf,8.940696716308594e-08,-0.8306163549423218,4.470348358154297e-07,0.11541584879159927,0.0,0.9999999403953552,4.76837158203125e-07,0.0022425614297389984,8.940696716308594e-08,-0.8306161761283875
dense-20260718008264-e379f756184b,multi,0,0,1,1,123,r5,0.001580003408342856,inf,0.0,0.883723795413971,0.0,0.9896092414855957,0.0,0.9991461038589478,0.0,0.9802072644233704,0.0,0.8837239742279053
dense-20260718008264-e379f756184b,multi,0,0,1,1,124,r5,-0.0014804804421861828,inf,8.940696716308594e-08,-0.8212734460830688,4.76837158203125e-07,0.14109265804290771,0.0,0.9999998807907104,5.066394805908203e-07,0.015987465158104897,8.940696716308594e-08,-0.8212732076644897
dense-20260718008264-e379f756184b,multi,0,0,1,1,125,r5,0.0014468143343839834,inf,0.0,0.853453516960144,0.0,0.9872323274612427,0.0,0.9989518523216248,0.0,0.9752196073532104,0.0,0.8534535765647888
dense-20260718008264-e379f756184b,multi,0,0,1,1,126,r5,-0.0015020796034894701,inf,5.960464477539063e-08,-0.9080556035041809,1.4901161193847656e-07,0.10775081068277359,0.0,-0.8759270906448364,2.980232238769531e-07,-0.5028222799301147,5.960464477539063e-08,-0.9080557823181152
dense-20260718008264-e379f756184b,multi,0,0,1,1,127,r5,4.566520220161685e-05,inf,0.0,-0.3376140594482422,0.0,0.7761416435241699,0.0,0.9999997019767761,0.0,0.5200636386871338,0.0,-0.33761370182037354
dense-20260718008264-e379f756184b,multi,0,0,1,1,128,r5,0.0005683514386158883,inf,2.980232238769531e-07,0.5108085870742798,1.2814998626708984e-06,0.9600759744644165,0.0,1.0,1.1622905731201172e-06,0.9216275811195374,2.980232238769531e-07,0.5108098387718201
dense-20260718008264-e379f756184b,multi,0,0,1,1,129,r5,-0.0007361983433116226,inf,1.4901161193847656e-07,-0.49764010310173035,7.748603820800781e-07,0.622606098651886,0.0,0.9999999403953552,7.152557373046875e-07,0.49032777547836304,1.4901161193847656e-07,-0.4976399838924408
dense-20260718008264-e379f756184b,multi,0,0,1,1,130,r5,0.0015120700232724715,inf,8.940696716308594e-08,0.8950510621070862,1.4901161193847656e-07,0.9972872734069824,0.0,0.9999675750732422,3.5762786865234375e-07,0.9925323724746704,8.940696716308594e-08,0.895051121711731
dense-20260718008264-e379f756184b,multi,0,0,1,1,131,r5,-0.0017759362820501945,inf,1.1920928955078125e-07,-0.8143123388290405,5.364418029785156e-07,0.1535104662179947,0.0,0.9999998807907104,5.662441253662109e-07,0.04246564209461212,1.1920928955078125e-07,-0.8143125176429749
dense-20260718008264-e379f756184b,multi,0,0,1,1,132,r5,0.0011765391136846493,inf,0.0,0.8442655801773071,0.0,0.9865007400512695,0.0,0.9987936019897461,0.0,0.973807156085968,0.0,0.8442652821540833
dense-20260718008264-e379f756184b,multi,0,0,1,1,133,r5,-0.0006480918090165932,inf,8.940696716308594e-08,-0.2945843040943146,1.7881393432617188e-07,0.9047402143478394,0.0,0.9970134496688843,1.4901161193847656e-07,0.6481058597564697,8.940696716308594e-08,-0.2945854067802429
dense-20260718008264-e379f756184b,multi,0,0,1,1,134,r5,-0.0001289799445847173,inf,0.0,-0.8098616600036621,0.0,0.2673565745353699,0.0,0.9999992847442627,0.0,-0.027705490589141846,0.0,-0.8098620772361755
dense-20260718008264-e379f756184b,multi,0,0,1,1,135,r5,0.0026014743260303064,inf,4.470348358154297e-07,0.8230831623077393,1.7583370208740234e-06,0.9898504018783569,0.0,1.0,1.6689300537109375e-06,0.9763238430023193,4.470348358154297e-07,0.8230829238891602
dense-20260718008264-e379f756184b,multi,0,0,1,1,137,r5,-0.0014119289429324056,inf,0.0,-0.5951137542724609,0.0,0.43331101536750793,0.0,0.9991077184677124,0.0,0.3085545599460602,0.0,-0.5951140522956848
dense-20260718008264-e379f756184b,multi,0,0,1,1,138,r5,-0.00020699287717551584,inf,0.0,-0.7563537359237671,0.0,0.7658559679985046,2.562999725341797e-06,0.9999989867210388,0.0,0.6859124302864075,0.0,-0.7563536763191223
dense-20260718008264-e379f756184b,multi,0,0,1,1,139,r5,0.0011045617785876427,inf,0.0,0.8462397456169128,0.0,0.9867581725120544,0.0,0.9991624355316162,0.0,0.9743637442588806,0.0,0.8462398052215576
dense-20260718008264-e379f756184b,multi,0,0,1,1,140,r5,-0.0014860630955928489,inf,5.960464477539063e-08,-0.8969433307647705,1.4901161193847656e-07,0.16523417830467224,0.0,-0.8628530502319336,2.980232238769531e-07,-0.4637362062931061,5.960464477539063e-08,-0.8969433307647705
dense-20260718008264-e379f756184b,multi,0,0,1,1,141,r5,7.371000824529794e-05,inf,0.0,-0.3083151578903198,0.0,0.7877167463302612,0.0,0.9999997019767761,0.0,0.5374163389205933,0.0,-0.30831465125083923
dense-20260718008264-e379f756184b,multi,0,0,1,1,142,r5,0.0005230752716465226,inf,2.980232238769531e-07,0.4986521601676941,1.3709068298339844e-06,0.9582619071006775,0.0,1.0,1.2218952178955078e-06,0.9174680709838867,2.980232238769531e-07,0.4986514449119568
dense-20260718008264-e379f756184b,multi,0,0,1,1,143,r5,-0.0006920393997273955,inf,1.7881393432617188e-07,-0.46462592482566833,8.344650268554688e-07,0.6454680562019348,0.0,0.9999999403953552,8.046627044677734e-07,0.5219690799713135,1.7881393432617188e-07,-0.4646265506744385
dense-20260718008264-e379f756184b,multi,0,0,1,1,144,r5,0.0014993744438829282,inf,5.066394805908203e-07,0.9241864085197449,8.642673492431641e-07,0.9982420206069946,0.0,0.9998605251312256,8.046627044677734e-07,0.9881726503372192,5.066394805908203e-07,0.9241864681243896
dense-20260718008264-e379f756184b,multi,0,0,1,1,145,r5,-0.0017708098750059964,inf,1.1920928955078125e-07,-0.813913106918335,5.662441253662109e-07,0.15376420319080353,0.0,0.9999998807907104,5.960464477539062e-07,0.03060910291969776,1.1920928955078125e-07,-0.8139135837554932
dense-20260718008264-e379f756184b,multi,0,0,1,1,146,r5,-1.3920377043064036e-05,inf,0.0,-0.4110164940357208,0.0,0.7427928447723389,0.0,0.9999995827674866,0.0,0.4918791949748993,0.0,-0.41101640462875366
dense-20260718008264-e379f756184b,multi,0,0,1,1,147,r5,0.0008376858984167068,inf,4.470348358154297e-07,0.6155451536178589,2.0265579223632812e-06,0.9689675569534302,0.0,1.0,1.8477439880371094e-06,0.9459819197654724,4.470348358154297e-07,0.6155452728271484
dense-20260718008264-e379f756184b,multi,0,0,1,1,148,r5,-0.001046045175565613,inf,1.7881393432617188e-07,-0.604164719581604,8.046627044677734e-07,0.5187005996704102,0.0,0.9999999403953552,7.450580596923828e-07,0.38277456164360046,1.7881393432617188e-07,-0.6041648387908936
dense-20260718008264-e379f756184b,multi,0,0,1,1,149,r5,0.0016724349402419403,inf,0.0,0.9269795417785645,0.0,0.9963374733924866,0.0,0.9998528361320496,0.0,0.9796309471130371,0.0,0.9269794821739197
dense-20260718008264-e379f756184b,multi,0,0,1,1,150,r5,-0.001716683831090915,inf,1.1920928955078125e-07,-0.8146380186080933,5.662441253662109e-07,0.1503162533044815,0.0,0.9999998807907104,5.960464477539062e-07,0.03835250437259674,1.1920928955078125e-07,-0.8146383762359619
dense-20260718008264-e379f756184b,multi,0,0,1,1,151,r5,1.5913215810403614e-05,inf,0.0,-0.35168489813804626,0.0,0.7681187391281128,0.0,0.9999997019767761,0.0,0.5061873197555542,0.0,-0.3516850769519806
dense-20260718008264-e379f756184b,multi,0,0,1,1,152,r5,0.0007197153817386504,inf,3.5762786865234375e-07,0.6166925430297852,1.5497207641601562e-06,0.9696750640869141,0.0,1.0,1.430511474609375e-06,0.9400092363357544,3.5762786865234375e-07,0.6166924834251404
dense-20260718008264-e379f756184b,multi,0,0,1,1,153,r5,-0.0009407383975419403,inf,2.086162567138672e-07,-0.542156457901001,1.2218952178955078e-06,0.5730061531066895,0.0,0.9999999403953552,1.1026859283447266e-06,0.5107558369636536,2.086162567138672e-07,-0.5421572327613831
dense-20260718008264-e379f756184b,multi,0,0,1,1,154,r5,0.0014062731975055254,inf,0.0,0.9049966931343079,0.0,0.9952434301376343,0.0,0.9995304346084595,2.9802322387695312e-08,0.9727978706359863,0.0,0.9049968123435974
dense-20260718008264-e379f756184b,multi,0,0,1,1,155,r5,-0.0008248527340384282,inf,8.940696716308594e-08,-0.2653522491455078,1.7881393432617188e-07,0.9101004600524902,0.0,0.9976015090942383,1.4901161193847656e-07,0.6654585003852844,8.940696716308594e-08,-0.26535215973854065
dense-20260718008264-e379f756184b,multi,0,0,1,1,156,r5,-0.0001270136964539592,inf,0.0,-0.7306433916091919,0.0,0.47656551003456116,0.0,0.999999463558197,0.0,0.24945208430290222,0.0,-0.7306438088417053
dense-20260718008264-e379f756184b,multi,0,0,1,1,158,r5,-0.001645138801017909,inf,0.0,-0.7620076537132263,5.960464477539063e-08,0.06774167716503143,0.0,1.0,2.9802322387695312e-08,-0.012739326804876328,0.0,-0.7620079517364502
dense-20260718008264-e379f756184b,multi,0,0,1,1,159,r5,0.001411525766282562,inf,2.9802322387695312e-08,0.9287122488021851,2.9802322387695312e-08,0.9965848922729492,0.0,0.9993886351585388,2.9802322387695312e-08,0.9799110889434814,2.9802322387695312e-08,0.928712010383606
dense-20260718008264-e379f756184b,multi,0,0,1,1,160,r5,-0.0013913509204943608,inf,1.1920928955078125e-07,-0.8032378554344177,5.364418029785156e-07,0.17691785097122192,0.0,0.9999998807907104,5.662441253662109e-07,0.06635509431362152,1.1920928955078125e-07,-0.8032379150390625
dense-20260718008264-e379f756184b,multi,0,0,1,1,161,r5,0.001210582077993072,inf,0.0,0.8654128909111023,0.0,0.9885967373847961,0.0,0.9990169405937195,0.0,0.9770146012306213,0.0,0.8654128909111023
dense-20260718008264-e379f756184b,multi,0,0,1,1,162,r5,-0.0005564057198110817,inf,2.9802322387695312e-08,-0.15819644927978516,2.9802322387695312e-08,0.8877159357070923,0.0,0.9988085031509399,2.9802322387695312e-08,0.6429094672203064,2.9802322387695312e-08,-0.15819673240184784
dense-20260718008264-e379f756184b,multi,0,0,1,1,163,r5,-0.00021124589694387907,inf,0.0,-0.7675181031227112,0.0,0.38938960433006287,0.0,0.9999993443489075,0.0,0.1704263985157013,0.0,-0.7675183415412903
dense-20260718008264-e379f756184b,multi,0,0,1,1,164,r5,0.002520261413282876,inf,0.0,0.9467154741287231,0.0,0.9976608753204346,0.0,0.9996225833892822,2.9802322387695312e-08,0.9859376549720764,0.0,0.9467154145240784
dense-20260718008264-e379f756184b,multi,0,0,1,1,165,r5,-0.0015216942231768282,inf,1.1920928955078125e-07,-0.7633816003799438,5.662441253662109e-07,0.28455406427383423,0.0,0.9999999403953552,5.960464477539062e-07,0.1730843186378479,1.1920928955078125e-07,-0.7633821368217468
dense-20260718008264-e379f756184b,multi,0,0,1,1,166,r5,0.0016424127701573088,inf,2.9802322387695312e-08,0.9322395324707031,2.9802322387695312e-08,0.9967682361602783,0.0,0.9994809627532959,2.9802322387695312e-08,0.9810031652450562,2.9802322387695312e-08,0.9322393536567688
dense-20260718008264-e379f756184b,multi,0,0,1,1,167,r5,-0.0013987458703090816,inf,1.1920928955078125e-07,-0.8051521182060242,5.662441253662109e-07,0.17311739921569824,0.0,0.9999998807907104,5.662441253662109e-07,0.06410426646471024,1.1920928955078125e-07,-0.8051523566246033
dense-20260718008264-e379f756184b,multi,0,0,1,1,168,r5,0.0013344514458364376,inf,0.0,0.8703999519348145,0.0,0.9893459677696228,0.0,0.999158501625061,0.0,0.9780269265174866,0.0,0.8703998327255249
dense-20260718008264-e379f756184b,multi,0,0,1,1,169,r5,-0.0007320422010053118,inf,0.0,-0.2985536456108093,2.9802322387695312e-08,0.8561666011810303,0.0,0.9980765581130981,2.9802322387695312e-08,0.5372786521911621,0.0,-0.2985536456108093
dense-20260718008264-e379f756184b,multi,0,0,1,1,170,r5,-8.578713743978561e-05,inf,0.0,-0.6936057806015015,0.0,0.5343969464302063,0.0,0.9999995231628418,0.0,0.31299009919166565,0.0,-0.6936062574386597
dense-20260718008264-e379f756184b,multi,0,0,1,1,171,r5,0.002416881587202324,inf,7.748603820800781e-07,0.9595698714256287,1.2516975402832031e-06,0.9991751909255981,0.0,0.9999270439147949,1.1324882507324219e-06,0.994217574596405,7.748603820800781e-07,0.9595697522163391
dense-20260718008264-e379f756184b,multi,0,0,1,1,172,r5,-0.0015254539927596067,inf,0.0,-0.7485306262969971,5.960464477539063e-08,0.12640120089054108,0.0,1.0,5.960464477539063e-08,0.02750370465219021,0.0,-0.7485305666923523
dense-20260718008264-e379f756184b,multi,0,0,1,1,173,r5,0.0015653087291360723,inf,2.9802322387695312e-08,0.9288888573646545,2.9802322387695312e-08,0.9965438842773438,0.0,0.9994536638259888,2.9802322387695312e-08,0.9798091650009155,2.9802322387695312e-08,0.928888738155365
dense-20260718008264-e379f756184b,multi,0,0,1,1,174,r5,-0.0013924902288591223,inf,1.1920928955078125e-07,-0.7939698696136475,5.662441253662109e-07,0.20035475492477417,0.0,0.9999999403953552,5.960464477539062e-07,0.08439161628484726,1.1920928955078125e-07,-0.7939698100090027
dense-20260718008264-e379f756184b,multi,0,0,1,1,175,r5,0.0012157432631847431,inf,0.0,0.8691985607147217,0.0,0.9890850782394409,0.0,0.9990878701210022,0.0,0.9777301549911499,0.0,0.8691986203193665
dense-20260718008264-e379f756184b,multi,0,0,1,1,176,r5,-0.0006746998565312357,inf,0.0,-0.27855953574180603,2.9802322387695312e-08,0.8587748408317566,0.0,0.9980943202972412,2.9802322387695312e-08,0.541063666343689,0.0,-0.27855926752090454
dense-20260718008264-e379f756184b,multi,0,0,1,1,177,r5,-0.00012074047537646848,inf,0.0,-0.7216795086860657,0.0,0.49318644404411316,0.0,0.9999994039535522,0.0,0.2683294713497162,0.0,-0.7216795086860657
dense-20260718008264-e379f756184b,multi,0,0,1,1,179,r5,-0.0016663525899764942,inf,0.0,-0.7748438119888306,8.940696716308594e-08,0.06923666596412659,0.0,1.0,5.960464477539063e-08,-0.02810286357998848,0.0,-0.7748437523841858
dense-20260718008264-e379f756184b,multi,0,0,1,1,180,r5,0.0015537831715854988,inf,2.9802322387695312e-08,0.9297048449516296,2.9802322387695312e-08,0.9965370297431946,0.0,0.9994578957557678,2.9802322387695312e-08,0.9798330664634705,2.9802322387695312e-08,0.929705023765564
dense-20260718008264-e379f756184b,multi,0,0,1,1,181,r5,-0.0014617443409730146,inf,1.1920928955078125e-07,-0.7929933071136475,5.960464477539062e-07,0.20477060973644257,0.0,0.9999999403953552,5.960464477539062e-07,0.08620981872081757,1.1920928955078125e-07,-0.7929930090904236
dense-20260718008264-e379f756184b,multi,0,0,1,1,182,r5,2.352941149097454e-05,inf,0.0,-0.30153727531433105,0.0,0.7880702018737793,0.0,0.9999997615814209,0.0,0.5406183004379272,0.0,-0.3015373945236206
dense-20260718008264-e379f756184b,multi,0,0,1,1,183,r5,0.0006222431410229934,inf,4.172325134277344e-07,0.5936833620071411,1.6987323760986328e-06,0.9672210216522217,0.0,1.0,1.519918441772461e-06,0.933566689491272,4.172325134277344e-07,0.5936824679374695
dense-20260718008264-e379f756184b,multi,0,0,1,1,184,r5,-0.0014333847763736696,inf,0.0,-0.9284416437149048,5.960464477539063e-08,0.005127861630171537,0.0,0.9985392093658447,5.960464477539063e-08,-0.5677761435508728,0.0,-0.9284416437149048
dense-20260718008264-e379f756184b,multi,0,0,1,1,185,r5,0.0024297198155978084,inf,2.9802322387695312e-08,0.9599050283432007,2.9802322387695312e-08,0.9983025789260864,0.0,0.9996131062507629,2.9802322387695312e-08,0.9892005324363708,2.9802322387695312e-08,0.9599049091339111
dense-20260718008264-e379f756184b,multi,0,0,1,1,186,r5,-0.0013038904136197793,inf,0.0,-0.7258217334747314,5.960464477539063e-08,0.17054399847984314,0.0,1.0,5.960464477539063e-08,0.07453054189682007,0.0,-0.7258215546607971
dense-20260718008264-e379f756184b,multi,0,0,1,1,187,r5,0.0016175769519852778,inf,0.0,0.9377815127372742,2.9802322387695312e-08,0.9971031546592712,0.0,0.9996400475502014,2.9802322387695312e-08,0.9830289483070374,0.0,0.9377814531326294
dense-20260718008264-e379f756184b,multi,0,0,1,1,188,r5,-0.0015185180202867965,inf,1.1920928955078125e-07,-0.7729384899139404,6.258487701416016e-07,0.2544291019439697,0.0,0.9999999403953552,6.258487701416016e-07,0.15015453100204468,1.1920928955078125e-07,-0.7729387879371643
dense-20260718008264-e379f756184b,multi,0,0,1,1,189,r5,0.0013247309616557512,inf,0.0,0.891008198261261,0.0,0.9911606311798096,0.0,0.9991447329521179,0.0,0.9814011454582214,0.0,0.891008198261261
dense-20260718008264-e379f756184b,multi,0,0,1,1,190,r5,-0.0007717017253519032,inf,0.0,-0.3086411952972412,2.9802322387695312e-08,0.8495820760726929,0.0,0.9980027675628662,2.9802322387695312e-08,0.5232172608375549,0.0,-0.308641254901886
dense-20260718008264-e379f756184b,multi,0,0,1,1,191,r5,-6.930931173876331e-05,inf,0.0,-0.6565684676170349,0.0,0.5753809213638306,0.0,0.9999994039535522,0.0,0.3706662058830261,0.0,-0.6565683484077454
dense-20260718008264-e379f756184b,multi,0,0,1,1,192,r5,0.002330305145468836,inf,8.940696716308594e-08,0.9405965209007263,8.940696716308594e-08,0.9980972409248352,0.0,0.9998416304588318,8.940696716308594e-08,0.9868410229682922,8.940696716308594e-08,0.9405965209007263
dense-20260718008264-e379f756184b,multi,0,0,1,1,193,r5,-0.0016246408834894588,inf,1.1920928955078125e-07,-0.7648156881332397,6.854534149169922e-07,0.27576661109924316,0.0,0.9999999403953552,6.854534149169922e-07,0.17235177755355835,1.1920928955078125e-07,-0.7648156881332397
dense-20260718008264-e379f756184b,multi,0,0,1,1,194,r5,0.0015473756448654008,inf,2.9802322387695312e-08,0.9451736807823181,2.9802322387695312e-08,0.9973000288009644,0.0,0.9998815655708313,2.9802322387695312e-08,0.9850179553031921,2.9802322387695312e-08,0.9451735615730286
dense-20260718008264-e379f756184b,multi,0,0,1,1,195,r5,-0.001694587177725193,inf,5.960464477539063e-08,-0.8702783584594727,1.1920928955078125e-07,0.3080783784389496,0.0,0.9983037710189819,1.1920928955078125e-07,-0.17387564480304718,5.960464477539063e-08,-0.8702783584594727
dense-20260718008264-e379f756184b,multi,0,0,1,1,196,r5,4.062406443905431e-06,inf,0.0,-0.2481176257133484,0.0,0.8146635890007019,0.0,0.9999996423721313,0.0,0.5901212692260742,0.0,-0.24811771512031555
dense-20260718008264-e379f756184b,multi,0,0,1,1,197,r5,0.00039767929790479606,inf,3.5762786865234375e-07,0.5239303112030029,9.834766387939453e-07,0.9856056571006775,0.0,0.9994246363639832,7.450580596923828e-07,0.9315480589866638,3.5762786865234375e-07,0.5239298939704895
dense-20260718008264-e379f756184b,multi,0,0,1,1,198,r5,-9.661822480389048e-05,inf,2.9802322387695312e-08,0.24375811219215393,2.9802322387695312e-08,0.9541184306144714,0.0,0.9986681342124939,2.9802322387695312e-08,0.7936800718307495,2.9802322387695312e-08,0.24375873804092407
dense-20260718008264-e379f756184b,multi,0,0,1,1,200,r5,-0.0001685404834481652,inf,0.0,-0.7565681338310242,0.0,0.3850017189979553,0.0,0.9999993443489075,0.0,0.06787505000829697,0.0,-0.756567656993866
dense-20260718008264-e379f756184b,multi,0,0,1,1,201,r5,0.001495262608461445,inf,1.1920928955078125e-07,0.514056384563446,5.364418029785156e-07,0.9807677865028381,0.0,0.9999175667762756,4.470348358154297e-07,0.8692657351493835,1.1920928955078125e-07,0.514056384563446
dense-20260718008264-e379f756184b,multi,0,0,1,1,202,r5,-9.20574215721448e-05,inf,1.7881393432617188e-07,0.54991614818573,5.066394805908203e-07,0.9704775214195251,0.0,0.9999998211860657,5.960464477539062e-07,0.9351420998573303,1.7881393432617188e-07,0.5499165058135986
dense-20260718008264-e379f756184b,multi,0,0,1,1,203,r5,-0.00012818800802794073,inf,0.0,0.24669025838375092,0.0,0.9242635369300842,0.0,0.9987554550170898,0.0,0.7246859073638916,0.0,0.24669060111045837
dense-20260718008264-e379f756184b,multi,0,0,1,1,204,r5,-0.0005815729680229698,inf,0.0,-0.8502839803695679,0.0,-0.007548665627837181,0.0,0.9999986290931702,0.0,-0.20686179399490356,0.0,-0.8502840399742126
dense-20260718008264-e379f756184b,multi,0,0,1,1,205,r5,0.0016885141592788422,inf,0.0,0.9029187560081482,0.0,0.9921727776527405,0.0,0.9993169903755188,0.0,0.9830072522163391,0.0,0.9029184579849243
dense-20260718008264-e379f756184b,multi,0,0,1,1,206,r5,-0.0014886697131415438,inf,0.0,-0.888554573059082,2.9802322387695312e-08,0.25947028398513794,0.0,0.9999118447303772,2.9802322387695312e-08,-0.369384229183197,0.0,-0.8885549306869507
dense-20260718008264-e379f756184b,multi,0,0,1,1,207,r5,0.0016065311277246863,inf,0.0,0.9050564169883728,0.0,0.9923509955406189,0.0,0.9992566108703613,0.0,0.9831889271736145,0.0,0.9050562977790833
dense-20260718008264-e379f756184b,multi,0,0,1,1,208,r5,-0.0006278700277155824,inf,0.0,-0.2652811110019684,2.9802322387695312e-08,0.8657646179199219,0.0,0.9985204339027405,2.9802322387695312e-08,0.5554593801498413,0.0,-0.2652799189090729
dense-20260718008264-e379f756184b,multi,0,0,1,1,209,r5,-0.00014208308561891592,inf,0.0,-0.7400382161140442,0.0,0.4158550500869751,0.0,0.9999994039535522,0.0,0.10789667814970016,0.0,-0.7400387525558472
dense-20260718008264-e379f756184b,multi,0,0,1,1,210,r5,0.0021941276578689717,inf,8.940696716308594e-08,0.7182523012161255,4.172325134277344e-07,0.9918182492256165,0.0,0.9999918937683105,2.384185791015625e-07,0.9438561797142029,8.940696716308594e-08,0.7182524800300598
dense-20260718008264-e379f756184b,multi,0,0,1,1,211,r5,-0.0009431881719395019,inf,0.0,-0.4864851236343384,8.940696716308594e-08,0.5084660649299622,0.0,1.0,5.960464477539063e-08,0.39135995507240295,0.0,-0.48648491501808167
dense-20260718008264-e379f756184b,multi,0,0,1,1,212,r5,0.00045674337196510706,inf,5.960464477539063e-08,0.20964625477790833,3.2782554626464844e-07,0.9601737260818481,0.0,0.9998451471328735,2.980232238769531e-07,0.7672523260116577,5.960464477539063e-08,0.20964525640010834
dense-20260718008264-e379f756184b,multi,0,0,1,1,213,r5,-4.485393118547343e-05,inf,2.980232238769531e-07,0.11403720080852509,1.3709068298339844e-06,0.8905787467956543,0.0,1.0,1.2218952178955078e-06,0.8244707584381104,2.980232238769531e-07,0.11403734236955643
dense-20260718008264-e379f756184b,multi,0,0,1,1,214,r5,0.0002946085451722702,inf,1.7881393432617188e-07,0.7630472183227539,8.046627044677734e-07,0.9832572340965271,0.0,1.0,5.662441253662109e-07,0.971088707447052,1.7881393432617188e-07,0.7630472779273987
dense-20260718008264-e379f756184b,multi,0,0,1,1,215,r5,-0.000599106404236105,inf,0.0,-0.1799793243408203,0.0,0.8164215087890625,0.0,0.9980967044830322,2.9802322387695312e-08,0.4237290620803833,0.0,-0.179978609085083
dense-20260718008264-e379f756184b,multi,0,0,1,1,216,r5,-0.0003857446204860171,inf,0.0,-0.9666910767555237,0.0,-0.22498062252998352,0.0,0.9994847178459167,0.0,-0.3730500638484955,0.0,-0.9666910171508789
dense-20260718008264-e379f756184b,multi,0,0,1,1,217,r5,0.0029140784486081373,inf,2.9802322387695312e-08,0.9671938419342041,2.9802322387695312e-08,0.9985936284065247,0.0,0.999695897102356,5.960464477539063e-08,0.9910215735435486,2.9802322387695312e-08,0.9671937823295593
dense-20260718008264-e379f756184b,multi,0,0,1,1,218,r5,-0.0010583066823108833,inf,0.0,-0.7066113948822021,5.960464477539063e-08,0.1981842964887619,0.0,1.0,2.9802322387695312e-08,0.10634034872055054,0.0,-0.706611156463623
dense-20260718008264-e379f756184b,multi,0,0,1,1,219,r5,0.0017146129419980394,inf,2.9802322387695312e-08,0.9388724565505981,2.9802322387695312e-08,0.9971441626548767,0.0,0.9997185468673706,2.9802322387695312e-08,0.9833941459655762,2.9802322387695312e-08,0.9388725161552429
dense-20260718008264-e379f756184b,multi,0,0,1,1,221,r5,-0.0015298449331926367,inf,0.0,-0.9980878233909607,0.0,-0.9448223114013672,1.1920928955078125e-07,0.9997097849845886,0.0,-0.9483827948570251,0.0,-0.9980878233909607
dense-20260718008264-e379f756184b,multi,0,0,1,1,222,r5,-0.00016091825824338102,inf,0.0,-0.9554646015167236,0.0,-0.15354026854038239,1.4603137969970703e-06,1.0,0.0,0.056846778839826584,0.0,-0.9554645419120789
dense-20260718008264-e379f756184b,multi,0,0,1,1,223,r5,0.0028456939049923413,inf,2.9802322387695312e-08,0.9602667093276978,2.9802322387695312e-08,0.9981920123100281,0.0,0.999660849571228,5.960464477539063e-08,0.9887827038764954,2.9802322387695312e-08,0.9602667093276978
dense-20260718008264-e379f756184b,multi,0,0,1,1,224,r5,-0.0010405745494068697,inf,0.0,-0.7232098579406738,5.960464477539063e-08,0.18718449771404266,0.0,1.0,5.960464477539063e-08,0.0825314074754715,0.0,-0.7232091426849365
dense-20260718008264-e379f756184b,multi,0,0,1,1,225,r5,0.001740616009082263,inf,2.9802322387695312e-08,0.9470635056495667,2.9802322387695312e-08,0.9975816011428833,0.0,0.9997532367706299,2.9802322387695312e-08,0.9858147501945496,2.9802322387695312e-08,0.9470636248588562
dense-20260718008264-e379f756184b,multi,0,0,1,1,226,r5,-0.0016089389177922353,inf,1.4901161193847656e-07,-0.7651703953742981,6.258487701416016e-07,0.272958904504776,0.0,0.9999999403953552,6.556510925292969e-07,0.164361372590065,1.4901161193847656e-07,-0.765170156955719
dense-20260718008264-e379f756184b,multi,0,0,1,1,227,r5,0.0012842677097988364,inf,0.0,0.8967764377593994,0.0,0.9917821288108826,0.0,0.999235987663269,0.0,0.9823783040046692,0.0,0.8967763781547546
dense-20260718008264-e379f756184b,multi,0,0,1,1,228,r5,-0.000746120467574718,inf,0.0,-0.28404495120048523,0.0,0.7658964991569519,0.0,0.9986993074417114,0.0,0.3659070134162903,0.0,-0.28404608368873596
dense-20260718008264-e379f756184b,multi,0,0,1,1,229,r5,-9.429126121918152e-05,inf,0.0,-0.6540848016738892,0.0,0.57967209815979,0.0,0.9999994039535522,0.0,0.3792670667171478,0.0,-0.6540855765342712
dense-20260718008264-e379f756184b,multi,0,0,1,1,230,r5,0.0021920885505715137,inf,0.0,0.9293403625488281,0.0,0.9963051676750183,0.0,0.9996817708015442,2.9802322387695312e-08,0.9790322780609131,0.0,0.9293403029441833
dense-20260718008264-e379f756184b,multi,0,0,1,1,231,r5,-0.0014730531658373458,inf,1.4901161193847656e-07,-0.7397960424423218,6.854534149169922e-07,0.3216569423675537,0.0,0.9999999403953552,6.854534149169922e-07,0.21950404345989227,1.4901161193847656e-07,-0.7397962808609009
dense-20260718008264-e379f756184b,multi,0,0,1,1,232,r5,0.0015474233052648056,inf,2.9802322387695312e-08,0.9317865967750549,2.9802322387695312e-08,0.9964725375175476,0.0,0.9996060729026794,5.960464477539063e-08,0.9798649549484253,2.9802322387695312e-08,0.9317866563796997
dense-20260718008264-e379f756184b,multi,0,0,1,1,233,r5,-0.0007725773984961215,inf,1.1920928955078125e-07,-0.2616799473762512,1.7881393432617188e-07,0.9111308455467224,0.0,0.9980878829956055,1.4901161193847656e-07,0.667153000831604,1.1920928955078125e-07,-0.26167991757392883
dense-20260718008264-e379f756184b,multi,0,0,1,1,234,r5,-0.00010094255079184933,inf,0.0,-0.6690871715545654,0.0,0.5655977725982666,0.0,0.999999463558197,0.0,0.3587087392807007,0.0,-0.6690869927406311
dense-20260718008264-e379f756184b,multi,0,0,1,1,235,r5,0.0022053282009610875,inf,8.940696716308594e-08,0.9424453973770142,8.940696716308594e-08,0.9982409477233887,0.0,0.9998824596405029,8.940696716308594e-08,0.9876524209976196,8.940696716308594e-08,0.9424456357955933
dense-20260718008264-e379f756184b,multi,0,0,1,1,236,r5,-0.001524793992480955,inf,1.4901161193847656e-07,-0.7410982847213745,6.854534149169922e-07,0.3182704746723175,0.0,0.9999999403953552,6.854534149169922e-07,0.21951879560947418,1.4901161193847656e-07,-0.7410985827445984
dense-20260718008264-e379f756184b,multi,0,0,1,1,237,r5,0.0013989909801237488,inf,2.9802322387695312e-08,0.9355860352516174,2.9802322387695312e-08,0.9966951012611389,0.0,0.999671995639801,5.960464477539063e-08,0.9811333417892456,2.9802322387695312e-08,0.9355860352516174
dense-20260718008264-e379f756184b,multi,0,0,1,1,238,r5,-0.0007466948089880354,inf,1.1920928955078125e-07,-0.26517754793167114,1.7881393432617188e-07,0.9114540219306946,0.0,0.9983235001564026,1.4901161193847656e-07,0.6703580021858215,1.1920928955078125e-07,-0.26517730951309204
dense-20260718008264-e379f756184b,multi,0,0,1,1,239,r5,-0.0001265967670742718,inf,0.0,-0.7496577501296997,0.0,0.39901572465896606,0.0,0.9999992847442627,0.0,0.0850633904337883,0.0,-0.7496581673622131
dense-20260718008264-e379f756184b,multi,0,0,1,1,240,r5,0.002752563621604587,inf,8.940696716308594e-07,0.9662983417510986,1.3709068298339844e-06,0.9993425607681274,0.0,0.9999537467956543,1.2218952178955078e-06,0.995233952999115,8.940696716308594e-07,0.9662984013557434
dense-20260718008264-e379f756184b,multi,0,0,1,1,242,r5,-0.0016269522738576736,inf,0.0,-0.9770011901855469,0.0,-0.7894801497459412,0.0,0.9999896287918091,0.0,-0.8228214383125305,0.0,-0.9770012497901917
dense-20260718008264-e379f756184b,multi,0,0,1,1,243,r5,-0.00015759712860408115,inf,0.0,-0.4709356725215912,0.0,0.9038571119308472,1.043081283569336e-06,0.9999979734420776,0.0,0.8444628119468689,0.0,-0.4709356427192688
dense-20260718008264-e379f756184b,multi,0,0,1,1,244,r5,8.18159070028468e-05,inf,0.0,-0.5673304796218872,0.0,0.6381908655166626,0.0,0.9999995827674866,0.0,0.35762593150138855,0.0,-0.5673304200172424
dense-20260718008264-e379f756184b,multi,0,0,1,1,245,r5,0.00068783485546553,inf,8.940696716308594e-08,0.3304101824760437,4.172325134277344e-07,0.9689140915870667,0.0,0.999841034412384,3.8743019104003906e-07,0.801804780960083,8.940696716308594e-08,0.3304102122783661
dense-20260718008264-e379f756184b,multi,0,0,1,1,246,r5,-0.00012877581402448435,inf,2.9802322387695312e-08,-0.04406243935227394,1.4901161193847656e-07,0.8035454750061035,0.0,1.0,1.1920928955078125e-07,0.718704342842102,2.9802322387695312e-08,-0.044063031673431396
dense-20260718008264-e379f756184b,multi,0,0,1,1,247,r5,0.0005348004108307602,inf,2.384185791015625e-07,0.8518362641334534,9.5367431640625e-07,0.9908565282821655,0.0,1.0,6.854534149169922e-07,0.9826417565345764,2.384185791015625e-07,0.8518356680870056
dense-20260718008264-e379f756184b,multi,0,0,1,1,248,r5,-0.0007189040994846074,inf,0.0,-0.13446824252605438,0.0,0.8211039900779724,0.0,0.9989384412765503,0.0,0.46569299697875977,0.0,-0.13446767628192902
dense-20260718008264-e379f756184b,multi,0,0,1,1,249,r5,-0.000456248604868259,inf,0.0,-0.9908463358879089,0.0,-0.7470080852508545,0.0,0.8045580387115479,0.0,-0.7643558979034424,0.0,-0.9908463358879089
dense-20260718008264-e379f756184b,multi,0,0,1,1,250,r5,0.002882431183125256,inf,2.9802322387695312e-08,0.9694591164588928,2.9802322387695312e-08,0.998731255531311,0.0,0.9997727870941162,5.960464477539063e-08,0.9917680025100708,2.9802322387695312e-08,0.9694591164588928
dense-20260718008264-e379f756184b,multi,0,0,1,1,251,r5,-0.00016396461547873997,inf,8.940696716308594e-08,0.09533870220184326,3.5762786865234375e-07,0.9152936935424805,0.0,0.9999997615814209,4.172325134277344e-07,0.8225495219230652,8.940696716308594e-08,0.09533782303333282
dense-20260718008264-e379f756184b,multi,0,0,1,1,252,r5,0.00020377247439529178,inf,0.0,0.6633291840553284,0.0,0.9766719937324524,0.0,0.9994059205055237,0.0,0.8936594724655151,0.0,0.6633296012878418
dense-20260718008264-e379f756184b,multi,0,0,1,1,253,r5,-0.001396480145819945,inf,0.0,-0.9595881700515747,0.0,-0.6633056998252869,0.0,0.9999951720237732,0.0,-0.7363269925117493,0.0,-0.9595881104469299
dense-20260718008264-e379f756184b,multi,0,0,1,1,254,r5,4.178249821551461e-05,inf,0.0,-0.6832957863807678,0.0,0.7614886164665222,0.0,0.9995824694633484,0.0,0.6282245516777039,0.0,-0.6832959651947021
dense-20260718008264-e379f756184b,multi,0,0,1,1,255,r5,0.0019256794799702437,inf,1.1920928955078125e-07,0.7466524839401245,4.172325134277344e-07,0.9928094148635864,0.0,0.9999932050704956,2.384185791015625e-07,0.9484941363334656,1.1920928955078125e-07,0.746651828289032
dense-20260718008264-e379f756184b,multi,0,0,1,1,256,r5,-0.0009288466617063396,inf,0.0,-0.4589049518108368,8.940696716308594e-08,0.5344412326812744,0.0,1.0,5.960464477539063e-08,0.42414435744285583,0.0,-0.45890480279922485
dense-20260718008264-e379f756184b,multi,0,0,1,1,257,r5,0.0014657478032020776,inf,7.450580596923828e-07,0.9437668323516846,1.1622905731201172e-06,0.9987823963165283,0.0,0.9999169707298279,1.043081283569336e-06,0.9913144707679749,7.450580596923828e-07,0.9437668323516846
dense-20260718008264-e379f756184b,multi,0,0,1,1,258,r5,-0.002245670787328846,inf,0.0,-0.9677088856697083,5.960464477539063e-08,-0.4082845151424408,0.0,0.9980818629264832,5.960464477539063e-08,-0.7803770899772644,0.0,-0.9677088856697083
dense-20260718008264-e379f756184b,multi,0,0,1,1,259,r5,5.536437948538975e-05,inf,0.0,-0.09573716670274734,0.0,0.8614792227745056,0.0,0.9999997019767761,0.0,0.6587816476821899,0.0,-0.0957380160689354
dense-20260718008264-e379f756184b,multi,0,0,1,1,260,r5,0.0006246794261466349,inf,5.066394805908203e-07,0.8845152258872986,8.046627044677734e-07,0.9971922636032104,0.0,0.9998108744621277,7.152557373046875e-07,0.9807093739509583,5.066394805908203e-07,0.8845154047012329
dense-20260718008264-e379f756184b,multi,0,0,1,1,261,r5,-0.0008887297007829087,inf,0.0,-0.25175416469573975,0.0,0.7812150716781616,0.0,0.9986579418182373,2.9802322387695312e-08,0.3634122610092163,0.0,-0.25175535678863525
dense-20260718008264-e379f756184b,multi,0,0,1,1,263,r5,-0.0011701339475653771,inf,0.0,-0.9718311429023743,0.0,-0.32188349962234497,0.0016343891620635986,0.9999997019767761,0.0,-0.40047386288642883,0.0,-0.971831202507019
dense-20260718008264-e379f756184b,multi,0,0,1,1,264,r5,4.112836784475604e-06,inf,0.0,0.08404167741537094,0.0,0.9413924217224121,1.6987323760986328e-06,1.0,0.0,0.9577105641365051,0.0,0.08404126018285751
dense-20260718008264-e379f756184b,multi,0,0,1,1,265,r5,-0.00054493016647994,inf,0.0,-0.8200291991233826,0.0,0.5305792093276978,0.0,0.9995424747467041,0.0,0.5290657877922058,0.0,-0.8200292587280273
dense-20260718008264-e379f756184b,multi,0,0,1,1,266,r5,0.00026117561271798984,inf,0.0,-0.12315229326486588,0.0,0.8481588363647461,0.0,0.9999997615814209,0.0,0.6479005217552185,0.0,-0.12315263599157333
dense-20260718008264-e379f756184b,multi,0,0,1,1,267,r5,0.00020668838321147298,inf,3.5762786865234375e-07,0.4464534819126129,8.940696716308594e-07,0.9827748537063599,0.0,0.9994891285896301,6.854534149169922e-07,0.9201110601425171,3.5762786865234375e-07,0.4464532434940338
dense-20260718008264-e379f756184b,multi,0,0,1,1,268,r5,-3.3649258854850927e-06,inf,0.0,0.41017645597457886,0.0,0.9521124958992004,0.0,0.9991568326950073,0.0,0.8017503023147583,0.0,0.41017651557922363
dense-20260718008264-e379f756184b,multi,0,0,1,1,269,r5,-0.0002907367826430196,inf,0.0,-0.24970370531082153,0.0,0.798067033290863,0.0,0.9999999403953552,0.0,0.6794432997703552,0.0,-0.2497042715549469
dense-20260718008264-e379f756184b,multi,0,0,1,1,270,r5,-0.00033831179157384206,inf,0.0,-0.9859399795532227,0.0,-0.630744457244873,0.0,0.8174609541893005,0.0,-0.664756178855896,0.0,-0.9859399795532227
dense-20260718008264-e379f756184b,multi,0,0,1,1,271,r5,0.0031617677046087422,inf,2.9802322387695312e-08,0.9700965881347656,2.9802322387695312e-08,0.9985743165016174,0.0,0.9997566342353821,2.9802322387695312e-08,0.991474986076355,2.9802322387695312e-08,0.9700965285301208
dense-20260718008264-e379f756184b,multi,0,0,1,1,272,r5,-2.522719255404482e-05,inf,3.7550926208496094e-06,0.7709059715270996,5.7220458984375e-06,0.9878602623939514,0.0,0.9993342757225037,1.3202428817749023e-05,0.9693821668624878,3.7550926208496094e-06,0.7709062695503235
dense-20260718008264-e379f756184b,multi,0,0,1,1,273,r5,-0.0004940937968513914,inf,0.0,-0.011983117088675499,0.0,0.8754380941390991,0.0,0.9997149705886841,0.0,0.5512134432792664,0.0,-0.011982820928096771
dense-20260718008264-e379f756184b,multi,0,0,1,1,274,r5,-0.0005896039770594275,inf,0.0,-0.9755090475082397,0.0,-0.36844563484191895,0.0,0.9995518326759338,0.0,-0.49676546454429626,0.0,-0.9755090475082397
dense-20260718008264-e379f756184b,multi,0,0,1,1,275,r5,0.0025569493988486514,inf,0.0,0.9466030597686768,0.0,0.9961340427398682,0.0,0.9984595775604248,0.0,0.9904958009719849,0.0,0.946603000164032
dense-20260718008264-e379f756184b,multi,0,0,1,1,276,r5,-0.0010368768020831975,inf,1.4901161193847656e-07,-0.6975001692771912,6.854534149169922e-07,0.3962823450565338,0.0,1.0,6.854534149169922e-07,0.29162585735321045,1.4901161193847656e-07,-0.6975004076957703
dense-20260718008264-e379f756184b,multi,0,0,1,1,277,r5,0.0018604637712185124,inf,2.9802322387695312e-08,0.9427897930145264,2.9802322387695312e-08,0.9971295595169067,0.0,0.999773383140564,2.9802322387695312e-08,0.9836326241493225,2.9802322387695312e-08,0.9427896738052368
dense-20260718008264-e379f756184b,multi,0,0,1,1,278,r5,-0.0017911058004602687,inf,0.0,-0.8763997554779053,2.9802322387695312e-08,0.3129088282585144,0.0,0.9999227523803711,2.9802322387695312e-08,-0.32798677682876587,0.0,-0.8763997554779053
dense-20260718008264-e379f756184b,multi,0,0,1,1,279,r5,6.781205977390847e-05,inf,0.0,-0.09322961419820786,0.0,0.8593164682388306,0.0,0.9999997615814209,0.0,0.6606529951095581,0.0,-0.09322980046272278
dense-20260718008264-e379f756184b,multi,0,0,1,1,280,r5,0.0006867801245700189,inf,5.960464477539063e-08,0.8625585436820984,5.960464477539063e-08,0.9948156476020813,0.0,0.999765932559967,5.960464477539063e-08,0.9695092439651489,5.960464477539063e-08,0.8625586032867432
dense-20260718008264-e379f756184b,multi,0,0,1,1,281,r5,-0.0007443902287185278,inf,0.0,-0.1728065311908722,0.0,0.8141456246376038,0.0,0.9988729953765869,2.9802322387695312e-08,0.4321114122867584,0.0,-0.1728072464466095
dense-20260718008264-e379f756184b,multi,0,0,1,1,282,r5,-0.0002057650939240041,inf,0.0,-0.6702097654342651,0.0,0.7363675236701965,0.0,0.999442994594574,0.0,0.7272665500640869,0.0,-0.6702097654342651
dense-20260718008264-e379f756184b,multi,0,0,1,1,284,r5,-0.000836587139336098,inf,0.0,-0.35190799832344055,0.0,0.7337704300880432,0.0,0.9990304708480835,0.0,0.2979881465435028,0.0,-0.35190775990486145
dense-20260718008264-e379f756184b,multi,0,0,1,1,285,r5,-0.0002640424661712881,inf,0.0,-0.983055830001831,0.0,-0.5656285881996155,0.0,0.8117097020149231,0.0,-0.6016332507133484,0.0,-0.983055830001831
dense-20260718008264-e379f756184b,multi,0,0,1,1,286,r5,0.004140139364471773,inf,1.4901161193847656e-07,0.9757205843925476,1.7881393432617188e-07,0.999377429485321,0.0,0.9999568462371826,1.7881393432617188e-07,0.9953314065933228,1.4901161193847656e-07,0.9757205843925476
dense-20260718008264-e379f756184b,multi,0,0,1,1,287,r5,4.9137322408743245e-06,inf,3.427267074584961e-06,0.7833468914031982,5.036592483520508e-06,0.9888321161270142,0.0,0.9997702836990356,1.1533498764038086e-05,0.9720726013183594,3.427267074584961e-06,0.7833471894264221
dense-20260718008264-e379f756184b,multi,0,0,1,1,288,r5,-0.0005560599734590888,inf,0.0,-0.015570214949548244,0.0,0.8669520020484924,0.0,0.9992098212242126,0.0,0.572670578956604,0.0,-0.015569859184324741
dense-20260718008264-e379f756184b,multi,0,0,1,1,289,r5,-0.0005165773981232746,inf,0.0,-0.9916636943817139,0.0,-0.7706933617591858,0.0,0.8224267959594727,0.0,-0.7828985452651978,0.0,-0.9916636943817139
dense-20260718008264-e379f756184b,multi,0,0,1,1,290,r5,0.002494805289653401,inf,2.9802322387695312e-08,0.9699674248695374,5.960464477539063e-08,0.9986803531646729,0.0,0.9998046159744263,5.960464477539063e-08,0.9916178584098816,2.9802322387695312e-08,0.9699674844741821
dense-20260718008264-e379f756184b,multi,0,0,1,1,291,r5,-0.0010545933852548206,inf,0.0,-0.6501917243003845,5.960464477539063e-08,0.3034166693687439,0.0,1.0,5.960464477539063e-08,0.20998965203762054,0.0,-0.6501913070678711
dense-20260718008264-e379f756184b,multi,0,0,1,1,292,r5,0.0016924122640262773,inf,0.0,0.9239200353622437,2.9802322387695312e-08,0.9961018562316895,0.0,0.9997285604476929,2.9802322387695312e-08,0.9777066707611084,0.0,0.9239199161529541
dense-20260718008264-e379f756184b,multi,0,0,1,1,293,r5,-0.002048419384253375,inf,0.0,-0.9612292647361755,5.960464477539063e-08,-0.3297779858112335,0.0,0.9986461400985718,5.960464477539063e-08,-0.7483401298522949,0.0,-0.9612293243408203
dense-20260718008264-e379f756184b,multi,0,0,1,1,294,r5,0.0016788893926391601,inf,0.0,0.9406677484512329,0.0,0.9957854747772217,0.0,0.9982774257659912,0.0,0.9893219470977783,0.0,0.9406676888465881
dense-20260718008264-e379f756184b,multi,0,0,1,1,295,r5,-0.0015125957269663814,inf,0.0,-0.8693376183509827,5.960464477539063e-08,0.3434898853302002,0.0,0.9999268651008606,2.9802322387695312e-08,-0.30275607109069824,0.0,-0.8693374395370483
dense-20260718008264-e379f756184b,multi,0,0,1,1,296,r5,0.00010599643852038376,inf,0.0,-0.09307205677032471,0.0,0.8584862947463989,0.0,0.9999998211860657,0.0,0.6615551114082336,0.0,-0.09307309985160828
dense-20260718008264-e379f756184b,multi,0,0,1,1,297,r5,1.5484594118042594e-05,inf,5.960464477539063e-08,0.13425908982753754,2.086162567138672e-07,0.9637676477432251,0.0,0.9999811053276062,1.1920928955078125e-07,0.805282711982727,5.960464477539063e-08,0.13425885140895844
dense-20260718008264-e379f756184b,multi,0,0,1,1,298,r5,0.00030114642290834936,inf,4.470348358154297e-07,0.8052874803543091,7.450580596923828e-07,0.9948841333389282,0.0,0.9996926784515381,6.258487701416016e-07,0.9679390788078308,4.470348358154297e-07,0.8052879571914673
dense-20260718008264-e379f756184b,multi,0,0,1,1,299,r5,-0.0016836138811988643,inf,0.0,-0.9598674178123474,0.0,-0.6635000705718994,0.0,0.999994695186615,0.0,-0.7274042963981628,0.0,-0.9598674774169922
dense-20260718008264-e379f756184b,multi,0,0,1,1,300,r5,0.0001933903225319611,inf,0.0,0.024655502289533615,0.0,0.950089693069458,1.1324882507324219e-06,0.9999993443489075,0.0,0.9094118475914001,0.0,0.02465558983385563
standard-20260717006251-db22912ef43c,zero,1,0,0,0,8,r2,0.002438295864376272,1.7857247036412875,0.023100286722183228,-0.4579067528247833,0.18737438321113586,0.2689010798931122,0.0,-1.0,0.17389732599258423,-0.0704861730337143,0.023100346326828003,-0.45790597796440125
standard-20260717006251-db22912ef43c,zero,1,0,0,0,9,r2,0.016247022308939485,1.6739272714379336,0.9999911487102509,0.266542911529541,0.9999014735221863,0.8747990727424622,1.0,0.9776069521903992,0.9998949766159058,0.5686524510383606,0.9999911785125732,0.2665438652038574
standard-20260717006251-db22912ef43c,zero,1,0,0,0,10,r2,0.018784472560247956,2.302588591084704,0.006576895713806152,-0.5758582353591919,0.0007332265377044678,0.3087078034877777,1.0,-0.9998456239700317,0.0015484988689422607,0.04892273247241974,0.006576865911483765,-0.5758582949638367
dense-20260718009056-e613f65f172c,multi,1,0,0,0,11,r3,-0.0005624439922438107,1.1660861585910864,2.7358531951904297e-05,-0.9985343217849731,0.00016292929649353027,-0.9909265637397766,0.0,-0.997233510017395,0.0006873607635498047,-0.9833071827888489,2.7358531951904297e-05,-0.9985343217849731
dense-20260718009056-e613f65f172c,multi,1,0,0,0,12,r3,0.033585869707544624,1.2541302715654592,0.9630435407161713,-0.4694685935974121,0.9976965188980103,0.5135090947151184,0.0,-0.9985601902008057,0.9992159605026245,0.2414991408586502,0.9630435705184937,-0.4694685637950897
dense-20260718009056-e613f65f172c,multi,1,0,0,0,13,r3,0.09656604851500572,inf,0.9979734718799591,0.5589054822921753,0.998539924621582,0.8713950514793396,0.9999997615814209,0.9959889650344849,0.989808201789856,0.7562992572784424,0.9979734420776367,0.5589056611061096
standard-20260717007097-f43774958a19,zero,1,0,0,0,14,r1,0.0037724008502257877,1.3922997895989342,7.897615432739258e-05,-0.42599156498908997,0.0007044076919555664,-0.7246875166893005,0.998065710067749,-0.9970805644989014,5.3942203521728516e-06,0.6528970003128052,7.897615432739258e-05,-0.42599090933799744
standard-20260717007097-f43774958a19,zero,1,0,0,0,15,r1,0.020740726699306933,1.4824960585137248,0.998968243598938,-0.9991604089736938,0.9999434947967529,-0.9998321533203125,0.001367121934890747,-1.0,0.9850407242774963,-0.9970934987068176,0.998968243598938,-0.9991604089736938
standard-20260717007097-f43774958a19,zero,1,0,0,0,16,r1,0.025296092252971802,1.5404442007453036,0.0026346445083618164,-0.9316205978393555,0.046155840158462524,-0.981410801410675,0.0004500746726989746,-1.0,0.0004960894584655762,-0.7010750770568848,0.0026346445083618164,-0.9316204190254211
standard-20260717006590-ec657dafcc0d,edge1,0,0,1,1,14,r3,-0.0016131190557613362,inf,0.00015059113502502441,-0.3662654161453247,0.00014132261276245117,0.1306028962135315,0.0,-0.4353381097316742,0.00022855401039123535,0.5151197910308838,0.00015059113502502441,-0.36626559495925903
standard-20260717006590-ec657dafcc0d,edge1,0,0,1,1,15,r3,-0.00046244493800484676,inf,1.7881393432617188e-07,-0.4716355502605438,2.9802322387695312e-08,0.24888062477111816,0.0,-0.9974189400672913,1.4901161193847656e-07,0.6724382638931274,1.7881393432617188e-07,-0.47163495421409607
standard-20260717006590-ec657dafcc0d,edge1,0,0,1,1,16,r3,-0.000876987374271776,inf,3.2186508178710938e-06,-0.7866744995117188,9.953975677490234e-06,-0.3882130980491638,0.0,0.8641284704208374,1.7017126083374023e-05,-0.09406544268131256,3.2186508178710938e-06,-0.7866746187210083
standard-20260717006590-ec657dafcc0d,edge1,0,0,1,1,17,r3,-0.00018397684646886958,inf,5.7756900787353516e-05,-0.3712695837020874,0.00019362568855285645,0.18201608955860138,0.0,-0.32982102036476135,0.00043901801109313965,0.2036992460489273,5.7756900787353516e-05,-0.37126946449279785
standard-20260717006590-ec657dafcc0d,edge1,0,0,1,1,18,r3,0.0031938089737837405,inf,0.04279595613479614,-0.9269681572914124,0.3289424777030945,-0.6386926174163818,0.0,0.43929702043533325,0.585594654083252,-0.663424015045166,0.04279595613479614,-0.9269681572914124
standard-20260717006590-ec657dafcc0d,edge1,0,0,1,1,19,r3,0.00019178629302829542,inf,9.700655937194824e-05,-0.7176781892776489,0.0005533099174499512,-0.29324984550476074,5.960464477539063e-08,-0.6634573936462402,0.0016018152236938477,-0.48749902844429016,9.700655937194824e-05,-0.7176780700683594
standard-20260717006590-ec657dafcc0d,edge1,0,0,1,1,20,r3,9.13359342595843e-05,inf,0.0008580386638641357,0.5144991874694824,0.001233905553817749,0.8163692355155945,1.6093254089355469e-06,-0.9427327513694763,0.004328995943069458,0.8436802625656128,0.0008580386638641357,0.5144990086555481
standard-20260717006590-ec657dafcc0d,edge1,0,0,1,1,21,r3,-0.00024765578921814857,inf,0.00028887391090393066,0.044716380536556244,0.0004858672618865967,0.5684049129486084,0.00021958351135253906,-0.5289750695228577,0.0017574131488800049,0.6761506795883179,0.00028887391090393066,0.04471644014120102
standard-20260717006590-ec657dafcc0d,edge1,0,0,1,1,22,r3,0.00019748055420953925,inf,0.000728219747543335,0.2767736315727234,0.0010991692543029785,0.7057203650474548,6.586313247680664e-05,-0.8968784213066101,0.003136247396469116,0.7564603090286255,0.000728219747543335,0.276773601770401
standard-20260717006590-ec657dafcc0d,edge1,0,0,1,1,23,r3,-0.0013623039431123196,inf,0.00010028481483459473,-0.5754046440124512,0.00020688772201538086,-0.13871148228645325,8.365511894226074e-05,-0.7273249626159668,0.0007110238075256348,-0.04877692833542824,0.00010028481483459473,-0.5754046440124512
standard-20260717006590-ec657dafcc0d,edge1,0,0,1,1,24,r3,-0.0002494519874600698,inf,8.478760719299316e-05,-0.3581963777542114,0.00020450353622436523,0.1647021323442459,1.9371509552001953e-06,-0.6600440144538879,0.0006420612335205078,0.17108707129955292,8.478760719299316e-05,-0.3581966161727905
standard-20260717006590-ec657dafcc0d,edge1,0,0,1,1,25,r3,0.0003444813400756974,inf,0.00037366151809692383,0.421644926071167,0.0006000101566314697,0.7850116491317749,6.645917892456055e-06,-0.757764995098114,0.0026676952838897705,0.8264808654785156,0.00037366151809692383,0.42164498567581177
standard-20260717006590-ec657dafcc0d,edge1,0,0,1,1,26,r3,-3.85116971608479e-05,inf,0.00026300549507141113,0.14069166779518127,0.0004406571388244629,0.640774130821228,0.00013336539268493652,-0.4452926218509674,0.0016914904117584229,0.7288132309913635,0.00026300549507141113,0.14069153368473053
standard-20260717006590-ec657dafcc0d,edge1,0,0,1,1,27,r3,0.00023908658374383052,inf,0.0006224513053894043,0.27605751156806946,0.0009258389472961426,0.6970035433769226,7.888674736022949e-05,-0.8456615209579468,0.0028998255729675293,0.7521754503250122,0.0006224513053894043,0.27605757117271423
standard-20260717006590-ec657dafcc0d,edge1,0,0,1,1,28,r3,-0.0007482639608094033,inf,9.739398956298828e-05,-0.5636721849441528,0.00020018219947814941,-0.12015003710985184,7.966160774230957e-05,-0.7236652374267578,0.0006937086582183838,-0.030476843938231468,9.739398956298828e-05,-0.5636721253395081
standard-20260717006590-ec657dafcc0d,edge1,0,0,1,1,29,r3,-0.00021917405308702342,inf,7.572770118713379e-05,-0.38338759541511536,0.0001792609691619873,0.14535295963287354,1.5795230865478516e-06,-0.6560604572296143,0.0005688071250915527,0.1559891700744629,7.572770118713379e-05,-0.3833875060081482
standard-20260717006590-ec657dafcc0d,edge1,0,0,1,1,30,r3,0.00045363767242867503,inf,0.0003394782543182373,0.4155692160129547,0.0005587339401245117,0.7853838801383972,5.0961971282958984e-06,-0.7143749594688416,0.00247114896774292,0.8270891904830933,0.0003394782543182373,0.4155695140361786
standard-20260717006590-ec657dafcc0d,edge1,0,0,1,1,31,r3,-5.5887776489793595e-05,inf,0.0002022385597229004,0.13939985632896423,0.00030496716499328613,0.6412286758422852,0.00010022521018981934,-0.24976909160614014,0.0012815892696380615,0.7391062378883362,0.0002022385597229004,0.1393999308347702
standard-20260717006590-ec657dafcc0d,edge1,0,0,1,1,32,r3,0.00021449598125533598,inf,0.0004604458808898926,0.2591671645641327,0.0006727278232574463,0.6947740912437439,6.61611557006836e-05,-0.7844515442848206,0.002451866865158081,0.7612999677658081,0.0004604458808898926,0.25916728377342224
standard-20260717006590-ec657dafcc0d,edge1,0,0,1,1,33,r3,0.000689890179842445,inf,7.289648056030273e-05,0.8388635516166687,0.00012823939323425293,0.9446185827255249,9.056925773620605e-05,-0.2176387906074524,0.0003390014171600342,0.9476158618927002,7.289648056030273e-05,0.8388633728027344
standard-20260717006590-ec657dafcc0d,edge1,0,0,1,1,35,r3,-0.0007584080970717277,inf,0.0001945197582244873,-0.8027275204658508,0.0009538531303405762,-0.5093589425086975,3.5762786865234375e-07,-0.7418498396873474,0.0026327967643737793,-0.6369414925575256,0.0001945197582244873,-0.8027274012565613
standard-20260717006590-ec657dafcc0d,edge1,0,0,1,1,36,r3,-0.00019027681800465324,inf,0.00011578202247619629,-0.35386088490486145,0.0002917051315307617,0.17780093848705292,9.834766387939453e-07,-0.7807368636131287,0.0008552670478820801,0.17522165179252625,0.00011578202247619629,-0.3538607060909271
standard-20260717006590-ec657dafcc0d,edge1,0,0,1,1,37,r3,0.00045991639953713026,inf,0.0004937946796417236,0.44686320424079895,0.0007236301898956299,0.7981195449829102,9.47713851928711e-06,-0.8416289687156677,0.003002077341079712,0.8392242193222046,0.0004937946796417236,0.4468631148338318
standard-20260717006590-ec657dafcc0d,edge1,0,0,1,1,38,r3,-6.372498651008307e-05,inf,0.00035712122917175293,0.1197405457496643,0.0006214380264282227,0.6143642663955688,0.00017702579498291016,-0.6329157948493958,0.0021657347679138184,0.7050008773803711,0.00035712122917175293,0.11974050849676132
standard-20260717006590-ec657dafcc0d,edge1,0,0,1,1,39,r3,0.0006593080436589904,inf,5.8591365814208984e-05,0.8585511445999146,0.00010439753532409668,0.9514278173446655,5.981326103210449e-05,-0.17094814777374268,0.00027483701705932617,0.9563228487968445,5.8591365814208984e-05,0.8585512042045593
standard-20260717006590-ec657dafcc0d,edge1,0,0,1,1,40,r3,-0.0023754286815913517,inf,0.0001417398452758789,-0.7902631163597107,0.0003191828727722168,-0.4953659176826477,0.0009320080280303955,-0.8361474871635437,0.0008549988269805908,-0.3355385959148407,0.0001417398452758789,-0.7902629971504211
standard-20260717006590-ec657dafcc0d,edge1,0,0,1,1,41,r3,-0.0006059610622679568,inf,0.0001520216464996338,-0.7433652281761169,0.0008387863636016846,-0.36626893281936646,8.940696716308594e-08,-0.720982551574707,0.002339273691177368,-0.5308284759521484,0.0001520216464996338,-0.7433651089668274
standard-20260717006590-ec657dafcc0d,edge1,0,0,1,1,42,r3,-0.00021623893140487738,inf,9.614229202270508e-05,-0.3462011218070984,0.00022861361503601074,0.1866886019706726,1.3709068298339844e-06,-0.6898151636123657,0.0006940066814422607,0.18901441991329193,9.614229202270508e-05,-0.3462013304233551
standard-20260717006590-ec657dafcc0d,edge1,0,0,1,1,43,r3,0.0005027107263668729,inf,0.0003809332847595215,0.43780747056007385,0.0006032288074493408,0.794594943523407,7.331371307373047e-06,-0.7443037033081055,0.0026286542415618896,0.8338630795478821,0.0003809332847595215,0.4378066956996918
standard-20260717006590-ec657dafcc0d,edge1,0,0,1,1,44,r3,-1.816793801823202e-05,inf,0.0002595484256744385,0.1365327686071396,0.0004388391971588135,0.6372320652008057,0.00013747811317443848,-0.43477320671081543,0.0016601979732513428,0.7261889576911926,0.0002595484256744385,0.13653267920017242
standard-20260717006590-ec657dafcc0d,edge1,0,0,1,1,45,r3,0.000261272180390959,inf,0.0006568431854248047,0.29690176248550415,0.000987023115158081,0.7076683640480042,7.742643356323242e-05,-0.8454532623291016,0.00299072265625,0.7582991123199463,0.0006568431854248047,0.296902060508728
standard-20260717006590-ec657dafcc0d,edge1,0,0,1,1,46,r3,-0.0006893187374990006,inf,0.00010275840759277344,-0.5455238819122314,0.00021213293075561523,-0.08844120055437088,9.390711784362793e-05,-0.731128990650177,0.0007249414920806885,0.003162313951179385,0.00010275840759277344,-0.545524001121521
standard-20260717006590-ec657dafcc0d,edge1,0,0,1,1,47,r3,-0.00022858477305964797,inf,8.371472358703613e-05,-0.3778570294380188,0.00019931793212890625,0.14036042988300323,2.1457672119140625e-06,-0.6560913324356079,0.0006268024444580078,0.15191248059272766,8.371472358703613e-05,-0.37785691022872925
standard-20260717006590-ec657dafcc0d,edge1,0,0,1,1,48,r3,0.0004991320052105674,inf,0.0003826022148132324,0.4481378495693207,0.00062599778175354,0.7985237836837769,5.781650543212891e-06,-0.7479715347290039,0.0027496814727783203,0.8360595107078552,0.0003826022148132324,0.4481380879878998
standard-20260717006590-ec657dafcc0d,edge1,0,0,1,1,49,r3,6.567504095000842e-06,inf,0.00024580955505371094,0.15488402545452118,0.00039836764335632324,0.6485353112220764,0.00013631582260131836,-0.3550662696361542,0.0015602707862854004,0.7385505437850952,0.00024580955505371094,0.15488404035568237
standard-20260717006590-ec657dafcc0d,edge1,0,0,1,1,50,r3,0.0002447628520878542,inf,0.0006192326545715332,0.2774450480937958,0.0009229779243469238,0.697760820388794,7.94827938079834e-05,-0.8410521149635315,0.002888619899749756,0.7515872716903687,0.0006192326545715332,0.27744555473327637
standard-20260717006590-ec657dafcc0d,edge1,0,0,1,1,51,r3,-0.0006860782309330293,inf,9.530782699584961e-05,-0.5507233142852783,0.0001977086067199707,-0.10183613747358322,7.966160774230957e-05,-0.7260396480560303,0.0006797313690185547,-0.01084243506193161,9.530782699584961e-05,-0.5507233738899231
standard-20260717006590-ec657dafcc0d,edge1,0,0,1,1,52,r3,-0.0002271535299223082,inf,7.790327072143555e-05,-0.36640670895576477,0.00018590688705444336,0.1562243402004242,1.817941665649414e-06,-0.6558040976524353,0.0005867183208465576,0.16677747666835785,7.790327072143555e-05,-0.3664068281650543
standard-20260717006590-ec657dafcc0d,edge1,0,0,1,1,53,r3,0.00038769743474964535,inf,0.00034034252166748047,0.3975095748901367,0.0005437731742858887,0.7747748494148254,5.990266799926758e-06,-0.7454445958137512,0.002432882785797119,0.817578136920929,0.00034034252166748047,0.39750951528549194
standard-20260717006590-ec657dafcc0d,edge1,0,0,1,1,54,r3,4.4601943219868545e-05,inf,0.00022199749946594238,0.18502727150917053,0.0003587305545806885,0.6699399352073669,9.563565254211426e-05,-0.3007275462150574,0.0014468729496002197,0.7550135850906372,0.00022199749946594238,0.18502715229988098
standard-20260717006590-ec657dafcc0d,edge1,0,0,1,1,56,r3,-0.0017456772774959717,inf,0.0001100003719329834,-0.7078453898429871,0.00024878978729248047,-0.3516935408115387,0.0004757046699523926,-0.8098017573356628,0.0007300078868865967,-0.21730908751487732,0.0001100003719329834,-0.7078453898429871
standard-20260717006590-ec657dafcc0d,edge1,0,0,1,1,57,r3,-0.0001977407787971952,inf,0.00016951560974121094,-0.2963882386684418,0.0004368424415588379,0.20032425224781036,1.2218952178955078e-06,-0.8683230876922607,0.0011256039142608643,0.18370065093040466,0.00016951560974121094,-0.2963884770870209
standard-20260717006590-ec657dafcc0d,edge1,0,0,1,1,58,r3,-0.0003037754136860915,inf,8.860230445861816e-05,-0.41564682126045227,0.0002060532569885254,0.0943116843700409,4.976987838745117e-06,-0.6866306662559509,0.0006707906723022461,0.11403845995664597,8.860230445861816e-05,-0.4156470000743866
standard-20260717006590-ec657dafcc0d,edge1,0,0,1,1,59,r3,0.00045797944126535484,inf,0.00045806169509887695,0.46148449182510376,0.0006907284259796143,0.8022812604904175,5.9604644775390625e-06,-0.8238446116447449,0.002902507781982422,0.8400077223777771,0.00045806169509887695,0.46148476004600525
standard-20260717006590-ec657dafcc0d,edge1,0,0,1,1,60,r3,-1.3428295882356167e-05,inf,0.0002823472023010254,0.15633493661880493,0.0004942119121551514,0.6483644843101501,0.00015625357627868652,-0.42117324471473694,0.0017770230770111084,0.7331910729408264,0.0002823472023010254,0.15633516013622284
standard-20260717006590-ec657dafcc0d,edge1,0,0,1,1,61,r3,0.00024087548594908803,inf,0.0007128119468688965,0.26364219188690186,0.0011103153228759766,0.6928628087043762,9.161233901977539e-05,-0.8695065975189209,0.0030905604362487793,0.7453231811523438,0.0007128119468688965,0.2636421322822571
standard-20260717006590-ec657dafcc0d,edge1,0,0,1,1,62,r3,-0.0007329483377436219,inf,0.00010928511619567871,-0.5488207340240479,0.0002238750457763672,-0.10065124928951263,8.416175842285156e-05,-0.7336226105690002,0.0007686018943786621,-0.010237038135528564,0.00010928511619567871,-0.5488207340240479
standard-20260717006590-ec657dafcc0d,edge1,0,0,1,1,63,r3,-0.00022470010417685593,inf,8.38935375213623e-05,-0.36117038130760193,0.00020182132720947266,0.16402627527713776,2.0563602447509766e-06,-0.6612191200256348,0.0006360411643981934,0.1691480427980423,8.38935375213623e-05,-0.3611702620983124
standard-20260717006590-ec657dafcc0d,edge1,0,0,1,1,64,r3,0.00045418980027500666,inf,0.0003930330276489258,0.4312644898891449,0.0006074905395507812,0.7908207774162292,7.18235969543457e-06,-0.7851265072822571,0.0026496052742004395,0.8316155672073364,0.0003930330276489258,0.43126481771469116
standard-20260717006590-ec657dafcc0d,edge1,0,0,1,1,65,r3,4.857794434043328e-06,inf,0.00026935338973999023,0.16807158291339874,0.00046646595001220703,0.6582266092300415,0.00013238191604614258,-0.42382675409317017,0.001712799072265625,0.7399866580963135,0.00026935338973999023,0.16807155311107635
standard-20260717006590-ec657dafcc0d,edge1,0,0,1,1,66,r3,0.00022413288958778033,inf,0.0006639063358306885,0.25182539224624634,0.0010032951831817627,0.6836910843849182,8.940696716308594e-05,-0.8630872964859009,0.0029753148555755615,0.7393122911453247,0.0006639063358306885,0.25182485580444336
standard-20260717006590-ec657dafcc0d,edge1,0,0,1,1,67,r3,-0.0008739401814346071,inf,0.00010374188423156738,-0.5398337841033936,0.00021260976791381836,-0.09366761147975922,7.602572441101074e-05,-0.7333645820617676,0.0007356107234954834,-0.0058522154577076435,0.00010374188423156738,-0.5398339629173279
standard-20260717006590-ec657dafcc0d,edge1,0,0,1,1,68,r3,0.0010205573948465219,inf,2.8371810913085938e-05,0.8986773490905762,5.1081180572509766e-05,0.9672118425369263,5.692243576049805e-06,-0.01349963154643774,0.00013381242752075195,0.9700367450714111,2.8371810913085938e-05,0.8986772298812866
standard-20260717006590-ec657dafcc0d,edge1,0,0,1,1,69,r3,-0.0004106635726017771,inf,0.00045800209045410156,-0.10528425872325897,0.0008194148540496826,0.40867161750793457,0.0013828873634338379,-0.7563459873199463,0.002205103635787964,0.5396124124526978,0.00045800209045410156,-0.10528401285409927
standard-20260717006590-ec657dafcc0d,edge1,0,0,1,1,70,r3,-0.0003599515250958252,inf,0.00016289949417114258,-0.4436033070087433,0.0003814399242401123,0.011300142854452133,1.850724220275879e-05,-0.7424488067626953,0.0011160075664520264,0.04479210451245308,0.00016289949417114258,-0.44360342621803284
standard-20260717006590-ec657dafcc0d,edge1,0,0,1,1,71,r3,-0.00023334417750930925,inf,9.28342342376709e-05,-0.38335198163986206,0.00021818280220031738,0.1311652809381485,3.516674041748047e-06,-0.6643812656402588,0.0006905198097229004,0.13940460979938507,9.28342342376709e-05,-0.3833516538143158
standard-20260717006590-ec657dafcc0d,edge1,0,0,1,1,72,r3,0.0005035130183996817,inf,0.00045925378799438477,0.46342870593070984,0.0007331967353820801,0.8058794736862183,6.4373016357421875e-06,-0.7980620861053467,0.0031050145626068115,0.8419099450111389,0.00045925378799438477,0.46342915296554565
standard-20260717006590-ec657dafcc0d,edge1,0,0,1,1,73,r3,-2.058941456906105e-05,inf,0.000280231237411499,0.14534106850624084,0.0004956424236297607,0.6408810019493103,0.00016301870346069336,-0.4477941691875458,0.001790553331375122,0.7277463674545288,0.000280231237411499,0.1453407108783722
standard-20260717006590-ec657dafcc0d,edge1,0,0,1,1,74,r3,0.0002510141452247705,inf,0.0007300972938537598,0.26657190918922424,0.001158982515335083,0.6956342458724976,8.657574653625488e-05,-0.8718374371528625,0.0032572150230407715,0.7476011514663696,0.0007300972938537598,0.26657167077064514
standard-20260717006590-ec657dafcc0d,edge1,0,0,1,1,75,r3,-0.0006275274323976898,inf,0.00011229515075683594,-0.5344367027282715,0.0002307295799255371,-0.07974790036678314,8.040666580200195e-05,-0.7389161586761475,0.0007933378219604492,0.012200107797980309,0.00011229515075683594,-0.5344368815422058
standard-20260717006590-ec657dafcc0d,edge1,0,0,1,1,77,r3,0.0002541154507929022,inf,0.0006064474582672119,0.2781970202922821,0.0009053051471710205,0.6988887786865234,8.305907249450684e-05,-0.8228570818901062,0.0028628408908843994,0.7526950836181641,0.0006064474582672119,0.27819690108299255
standard-20260717006590-ec657dafcc0d,edge1,0,0,1,1,78,r3,-0.0006351056139350941,inf,9.706616401672363e-05,-0.5457780361175537,0.00020036101341247559,-0.0978841632604599,8.26120376586914e-05,-0.7343903183937073,0.0006913840770721436,-0.004430205561220646,9.706616401672363e-05,-0.5457783341407776
standard-20260717006590-ec657dafcc0d,edge1,0,0,1,1,79,r3,0.0010925872328524378,inf,2.7865171432495117e-05,0.9010140895843506,4.938244819641113e-05,0.9676907658576965,5.543231964111328e-06,0.027174098417162895,0.0001309514045715332,0.9706392884254456,2.7865171432495117e-05,0.9010142087936401
standard-20260717006590-ec657dafcc0d,edge1,0,0,1,1,80,r3,-0.0004988427531460449,inf,0.00048404932022094727,-0.08279738575220108,0.000870823860168457,0.42443427443504333,0.0013335049152374268,-0.747443437576294,0.002329915761947632,0.5501677989959717,0.00048404932022094727,-0.0827970877289772
standard-20260717006590-ec657dafcc0d,edge1,0,0,1,1,81,r3,-0.0003468200999805493,inf,0.00017952919006347656,-0.42975369095802307,0.00041535496711730957,0.03179646283388138,2.2023916244506836e-05,-0.7363834381103516,0.001202017068862915,0.061805762350559235,0.00017952919006347656,-0.4297535717487335
standard-20260717006590-ec657dafcc0d,edge1,0,0,1,1,82,r3,-0.00021524272793338461,inf,0.00010561943054199219,-0.3631199300289154,0.0002492070198059082,0.1550384908914566,3.904104232788086e-06,-0.6736356616020203,0.0007825493812561035,0.1606748253107071,0.00010561943054199219,-0.36312004923820496
standard-20260717006590-ec657dafcc0d,edge1,0,0,1,1,83,r3,0.00046401623469982667,inf,0.0005405843257904053,0.4692850708961487,0.0008094906806945801,0.8069978952407837,8.791685104370117e-06,-0.8426099419593811,0.0032122433185577393,0.8449621200561523,0.0005405843257904053,0.4692852199077606
standard-20260717006590-ec657dafcc0d,edge1,0,0,1,1,84,r3,3.7259418934620925e-06,inf,0.0003489553928375244,0.1195300966501236,0.0006123483180999756,0.6182847023010254,0.00018134713172912598,-0.600409209728241,0.002111881971359253,0.7076132297515869,0.0003489553928375244,0.11953000724315643
standard-20260717006590-ec657dafcc0d,edge1,0,0,1,1,85,r3,0.0007089562852875542,inf,6.160140037536621e-05,0.8685964941978455,0.00011074542999267578,0.955401599407196,5.990266799926758e-05,-0.20295213162899017,0.0002866387367248535,0.958931565284729,6.160140037536621e-05,0.8685963749885559
standard-20260717006590-ec657dafcc0d,edge1,0,0,1,1,86,r3,-0.002235446805141761,inf,0.00014862418174743652,-0.776960015296936,0.00033465027809143066,-0.47065746784210205,0.001004546880722046,-0.8392910957336426,0.0008865892887115479,-0.30456221103668213,0.00014862418174743652,-0.7769599556922913
standard-20260717006590-ec657dafcc0d,edge1,0,0,1,1,87,r3,-0.0006037756330683486,inf,0.00015622377395629883,-0.7330074906349182,0.0008587539196014404,-0.34913331270217896,1.1920928955078125e-07,-0.7187605500221252,0.0023995041847229004,-0.5154856443405151,0.00015622377395629883,-0.7330076098442078
standard-20260717006590-ec657dafcc0d,edge1,0,0,1,1,88,r3,-0.00019457167926195673,inf,9.942054748535156e-05,-0.3186221122741699,0.0002389848232269287,0.21229881048202515,1.4901161193847656e-06,-0.6825399994850159,0.0007310211658477783,0.216400146484375,9.942054748535156e-05,-0.31862154603004456
standard-20260717006590-ec657dafcc0d,edge1,0,0,1,1,89,r3,0.0004964048226869799,inf,0.0004221498966217041,0.4361690282821655,0.0006651878356933594,0.7967476844787598,9.953975677490234e-06,-0.7889195084571838,0.0028535425662994385,0.8355615735054016,0.0004221498966217041,0.436168909072876
standard-20260717006590-ec657dafcc0d,edge1,0,0,1,1,90,r3,3.501808751193991e-05,inf,0.00031679868698120117,0.1689629703760147,0.0005584657192230225,0.6554045677185059,0.000160902738571167,-0.5321148633956909,0.001978665590286255,0.7346461415290833,0.00031679868698120117,0.1689634472131729
standard-20260717006590-ec657dafcc0d,edge1,0,0,1,1,91,r3,0.0007139779129097246,inf,5.7697296142578125e-05,0.8572986721992493,0.00010326504707336426,0.951782763004303,6.74128532409668e-05,-0.2030387669801712,0.00027370452880859375,0.9561837911605835,5.7697296142578125e-05,0.8572986721992493
standard-20260717006590-ec657dafcc0d,edge1,0,0,1,1,92,r3,-0.0021177214818948187,inf,0.00015038251876831055,-0.769127607345581,0.00034114718437194824,-0.4521509110927582,0.0009532272815704346,-0.844025194644928,0.0009036064147949219,-0.2870464622974396,0.00015038251876831055,-0.769127607345581
standard-20260717006590-ec657dafcc0d,edge1,0,0,1,1,93,r3,-0.0006046059867330644,inf,0.00015088915824890137,-0.7245007753372192,0.0008149147033691406,-0.3353402018547058,1.1920928955078125e-07,-0.7123258113861084,0.0022936761379241943,-0.5076060891151428,0.00015088915824890137,-0.7245006561279297
standard-20260717006590-ec657dafcc0d,edge1,0,0,1,1,94,r3,-0.00021745686059748692,inf,9.718537330627441e-05,-0.3133687674999237,0.00023102760314941406,0.21685948967933655,1.4901161193847656e-06,-0.6810568571090698,0.0007118284702301025,0.21888728439807892,9.718537330627441e-05,-0.31336840987205505
standard-20260717006590-ec657dafcc0d,edge1,0,0,1,1,95,r3,0.0004823241738534101,inf,0.0004177987575531006,0.46224528551101685,0.0006519854068756104,0.8093340396881104,9.894371032714844e-06,-0.7602449655532837,0.002759873867034912,0.8455831408500671,0.0004177987575531006,0.46224576234817505
standard-20260717006590-ec657dafcc0d,edge1,0,0,1,1,96,r3,4.294999409681921e-06,inf,0.0003253519535064697,0.1478724479675293,0.0005905330181121826,0.6408724188804626,0.0001671910285949707,-0.5303998589515686,0.002043098211288452,0.7247265577316284,0.0003253519535064697,0.14787258207798004
standard-20260717006590-ec657dafcc0d,edge1,0,0,1,1,98,r3,-0.0022744104578675817,inf,0.0001608133316040039,-0.7828469276428223,0.00034627318382263184,-0.4920618236064911,0.0014295876026153564,-0.8570260405540466,0.0009249746799468994,-0.31333282589912415,0.0001608133316040039,-0.7828471064567566
standard-20260717006590-ec657dafcc0d,edge1,0,0,1,1,99,r3,-0.0006183956539105306,inf,0.00018343329429626465,-0.7053300738334656,0.0009926259517669678,-0.31045660376548767,1.1920928955078125e-07,-0.7312999963760376,0.0026099681854248047,-0.4874679148197174,0.00018343329429626465,-0.7053301334381104
standard-20260717006590-ec657dafcc0d,edge1,0,0,1,1,100,r3,-0.0002538377245466794,inf,0.00012600421905517578,-0.30465999245643616,0.00031235814094543457,0.217256560921669,1.4901161193847656e-06,-0.7712845802307129,0.0009219944477081299,0.21977844834327698,0.00012600421905517578,-0.30466052889823914
standard-20260717006590-ec657dafcc0d,edge1,0,0,1,1,101,r3,0.0004917176723751027,inf,0.000605463981628418,0.47742849588394165,0.0008681416511535645,0.8077360391616821,1.3887882232666016e-05,-0.8754652738571167,0.0031274259090423584,0.8491297960281372,0.000605463981628418,0.4774283468723297
standard-20260717006590-ec657dafcc0d,edge1,0,0,1,1,102,r3,-1.3593125482325163e-05,inf,0.0005748867988586426,0.1444513201713562,0.0010117888450622559,0.6302235126495361,0.00023257732391357422,-0.7639206647872925,0.0028336644172668457,0.6948661804199219,0.0005748867988586426,0.14445146918296814
standard-20260717006590-ec657dafcc0d,edge1,0,0,1,1,103,r3,-0.000534775890637329,inf,0.00011301040649414062,-0.48695188760757446,0.0002390444278717041,-0.02971114218235016,4.9114227294921875e-05,-0.717228353023529,0.0008287429809570312,0.04893557354807854,0.00011301040649414062,-0.4869520366191864
standard-20260717006590-ec657dafcc0d,edge1,0,0,1,1,104,r3,0.0009928767928102378,inf,2.8401613235473633e-05,0.8959183692932129,5.143880844116211e-05,0.9658732414245605,6.794929504394531e-06,-0.059991952031850815,0.00013560056686401367,0.9697630405426025,2.8401613235473633e-05,0.8959182500839233
standard-20260717006590-ec657dafcc0d,edge1,0,0,1,1,105,r3,-0.0004668131338703141,inf,0.0005143880844116211,-0.048189301043748856,0.0009451508522033691,0.4528862237930298,0.0013176798820495605,-0.7478482127189636,0.0024681687355041504,0.5707364678382874,0.0005143880844116211,-0.048189181834459305
standard-20260717006590-ec657dafcc0d,edge1,0,0,1,1,106,r3,-0.0003240596281717245,inf,0.00019416213035583496,-0.40280815958976746,0.00044649839401245117,0.07698507606983185,2.6017427444458008e-05,-0.7319315075874329,0.0012501776218414307,0.10954785346984863,0.00019416213035583496,-0.40280845761299133
standard-20260717006590-ec657dafcc0d,edge1,0,0,1,1,107,r3,-0.0002582986162280587,inf,0.00011390447616577148,-0.3979371190071106,0.00027382373809814453,0.10271725058555603,4.9173831939697266e-06,-0.6877256631851196,0.0008372068405151367,0.1078910231590271,0.00011390447616577148,-0.3979371190071106
standard-20260717006590-ec657dafcc0d,edge1,0,0,1,1,108,r3,0.0004907494352737185,inf,0.000603020191192627,0.4933525323867798,0.0008733570575714111,0.8199041485786438,9.000301361083984e-06,-0.885215699672699,0.0033307671546936035,0.8558765053749084,0.000603020191192627,0.4933525025844574
standard-20260717006590-ec657dafcc0d,edge1,0,0,1,1,109,r3,3.105880200360289e-05,inf,0.00042116641998291016,0.1464097797870636,0.0007597804069519043,0.6344916820526123,0.00020903348922729492,-0.6368855834007263,0.0024159252643585205,0.7159457206726074,0.00042116641998291016,0.14641012251377106
standard-20260717006590-ec657dafcc0d,edge1,0,0,1,1,110,r3,0.0007157157759800636,inf,7.614493370056152e-05,0.867139458656311,0.0001398921012878418,0.9546048641204834,6.601214408874512e-05,-0.27876904606819153,0.0003477931022644043,0.9562623500823975,7.614493370056152e-05,0.8671393990516663
standard-20260717006590-ec657dafcc0d,edge1,0,0,1,1,111,r3,-0.0021563320822846066,inf,0.0001875460147857666,-0.7605612874031067,0.00041931867599487305,-0.44951191544532776,0.001001507043838501,-0.8525711894035339,0.0011174678802490234,-0.27971136569976807,0.0001875460147857666,-0.7605611681938171
standard-20260717006590-ec657dafcc0d,edge1,0,0,1,1,112,r3,-0.0005845607656218554,inf,0.00018340349197387695,-0.7099307775497437,0.000980079174041748,-0.3163789212703705,1.4901161193847656e-07,-0.7139517068862915,0.002650827169418335,-0.4900655448436737,0.00018340349197387695,-0.7099308371543884
standard-20260717006590-ec657dafcc0d,edge1,0,0,1,1,113,r3,-0.00024255845244436358,inf,0.00011929869651794434,-0.32482102513313293,0.00029855966567993164,0.19906215369701385,1.3709068298339844e-06,-0.7677946090698242,0.0008804500102996826,0.2009769082069397,0.00011929869651794434,-0.32482096552848816
standard-20260717006590-ec657dafcc0d,edge1,0,0,1,1,114,r3,0.00045763857496439186,inf,0.0005724728107452393,0.4878213405609131,0.0008397400379180908,0.8152447938919067,1.1682510375976562e-05,-0.8617096543312073,0.0031761527061462402,0.8536463379859924,0.0005724728107452393,0.487821489572525
standard-20260717006590-ec657dafcc0d,edge1,0,0,1,1,115,r3,-3.670623445395371e-05,inf,0.00047409534454345703,0.15994112193584442,0.0008494853973388672,0.6455463171005249,0.0002218484878540039,-0.6983367204666138,0.0025172531604766846,0.7151562571525574,0.00047409534454345703,0.15994137525558472
standard-20260717006590-ec657dafcc0d,edge1,0,0,1,1,116,r3,-0.0005400200786351839,inf,0.00010848045349121094,-0.47106948494911194,0.00022748112678527832,-0.00867070909589529,5.042552947998047e-05,-0.7245206236839294,0.0007971525192260742,0.07104548811912537,0.00010848045349121094,-0.4710696041584015
standard-20260717006590-ec657dafcc0d,edge1,0,0,1,1,117,r3,0.0009340936538120292,inf,2.956390380859375e-05,0.9005744457244873,5.3048133850097656e-05,0.9673874974250793,7.092952728271484e-06,-0.025171922519803047,0.000141143798828125,0.9712508916854858,2.956390380859375e-05,0.9005745053291321
standard-20260717006590-ec657dafcc0d,edge1,0,0,1,1,119,r3,-0.0012320750331589192,inf,0.0002467930316925049,-0.597542405128479,0.0006218254566192627,-0.20828880369663239,0.0001990795135498047,-0.7980823516845703,0.0014975368976593018,-0.09205124527215958,0.0002467930316925049,-0.5975425243377686
standard-20260717006590-ec657dafcc0d,edge1,0,0,1,1,120,r3,-0.0001065420319641408,inf,0.0002194046974182129,-0.23174689710140228,0.0005855262279510498,0.2551223337650299,1.8477439880371094e-06,-0.8874836564064026,0.0013946294784545898,0.22063642740249634,0.0002194046974182129,-0.23174698650836945
standard-20260717006590-ec657dafcc0d,edge1,0,0,1,1,121,r3,-0.0002757650817075685,inf,0.0001297295093536377,-0.3764764964580536,0.00031235814094543457,0.10929235816001892,9.804964065551758e-06,-0.6820081472396851,0.0009449124336242676,0.1390308290719986,0.0001297295093536377,-0.37647655606269836
standard-20260717006590-ec657dafcc0d,edge1,0,0,1,1,122,r3,0.0008377250948310433,inf,3.069639205932617e-05,0.8898497819900513,5.412101745605469e-05,0.9645874500274658,9.924173355102539e-06,-0.05871591717004776,0.00014930963516235352,0.9693397283554077,3.069639205932617e-05,0.8898497819900513
standard-20260717006590-ec657dafcc0d,edge1,0,0,1,1,123,r3,-0.00030831581618118165,inf,0.0005797147750854492,-0.056698307394981384,0.0010952651500701904,0.43711891770362854,0.001373201608657837,-0.790314257144928,0.00286218523979187,0.561197817325592,0.0005797147750854492,-0.05669836327433586
standard-20260717006590-ec657dafcc0d,edge1,0,0,1,1,124,r3,-0.00030023129308487384,inf,0.00021353363990783691,-0.4132556617259979,0.0004897713661193848,0.06384272873401642,2.4974346160888672e-05,-0.7674325108528137,0.0013265907764434814,0.09307443350553513,0.00021353363990783691,-0.4132556915283203
standard-20260717006590-ec657dafcc0d,edge1,0,0,1,1,125,r3,-0.00021201592161324,inf,0.00012609362602233887,-0.3427114188671112,0.00030753016471862793,0.15584760904312134,4.827976226806641e-06,-0.6838089227676392,0.0009305775165557861,0.16643348336219788,0.00012609362602233887,-0.3427111804485321
standard-20260717006590-ec657dafcc0d,edge1,0,0,1,1,126,r3,0.0005152406081325722,inf,0.0006778538227081299,0.4940919280052185,0.0009540915489196777,0.8156106472015381,1.3172626495361328e-05,-0.8985224962234497,0.003285825252532959,0.8517603278160095,0.0006778538227081299,0.49409186840057373
standard-20260717006590-ec657dafcc0d,edge1,0,0,1,1,127,r3,5.7673080004372324e-05,inf,0.0006060302257537842,0.15779608488082886,0.0010781288146972656,0.6407908797264099,0.00025022029876708984,-0.7412394881248474,0.0029674768447875977,0.7041208148002625,0.0006060302257537842,0.15779584646224976
standard-20260717006590-ec657dafcc0d,edge1,0,0,1,1,128,r3,-0.0005352561372926612,inf,0.00012534856796264648,-0.47476115822792053,0.0002624392509460449,-0.012315484695136547,5.239248275756836e-05,-0.7318320870399475,0.000908195972442627,0.07078312337398529,0.00012534856796264648,-0.47476133704185486
standard-20260717006590-ec657dafcc0d,edge1,0,0,1,1,129,r3,0.0009208317201363503,inf,3.343820571899414e-05,0.9053357243537903,6.288290023803711e-05,0.9697412848472595,7.18235969543457e-06,-0.0342739038169384,0.00015777349472045898,0.9722387194633484,3.343820571899414e-05,0.9053357839584351
standard-20260717006590-ec657dafcc0d,edge1,0,0,1,1,130,r3,-0.000473179322480366,inf,0.00059548020362854,-0.02986948750913143,0.0011226236820220947,0.46147090196609497,0.0014616847038269043,-0.7659732699394226,0.0028946995735168457,0.5796798467636108,0.00059548020362854,-0.02986925281584263
standard-20260717006590-ec657dafcc0d,edge1,0,0,1,1,131,r3,-0.0003302075283835304,inf,0.00022241473197937012,-0.40362292528152466,0.0005148351192474365,0.0763823464512825,2.726912498474121e-05,-0.7596029043197632,0.0013609230518341064,0.11295454204082489,0.00022241473197937012,-0.4036228060722351
standard-20260717006590-ec657dafcc0d,edge1,0,0,1,1,132,r3,-0.00021573487253401247,inf,0.00013148784637451172,-0.3487742245197296,0.00032073259353637695,0.14027248322963715,4.6193599700927734e-06,-0.715548574924469,0.0009633898735046387,0.1549220234155655,0.00013148784637451172,-0.3487738370895386
standard-20260717006590-ec657dafcc0d,edge1,0,0,1,1,133,r3,0.0005025057231442531,inf,0.0007616579532623291,0.5149665474891663,0.0010867416858673096,0.8218085765838623,1.33514404296875e-05,-0.9065098166465759,0.003585338592529297,0.8542373180389404,0.0007616579532623291,0.5149664878845215
standard-20260717006590-ec657dafcc0d,edge1,0,0,1,1,134,r3,9.438656698446124e-06,inf,0.000615239143371582,0.1399976760149002,0.001131892204284668,0.629926323890686,0.0002721548080444336,-0.7413646578788757,0.0030496418476104736,0.6969777941703796,0.000615239143371582,0.1399974375963211
standard-20260717006590-ec657dafcc0d,edge1,0,0,1,1,135,r3,-0.0005625754878204603,inf,0.0001302659511566162,-0.4689556956291199,0.0002741813659667969,-0.0048052300699055195,4.890561103820801e-05,-0.7276237607002258,0.0009433329105377197,0.0765482634305954,0.0001302659511566162,-0.4689558744430542
standard-20260717006590-ec657dafcc0d,edge1,0,0,1,1,136,r3,-0.00017797467064006867,inf,9.149312973022461e-05,-0.3044584095478058,0.0002162456512451172,0.2275429368019104,2.950429916381836e-06,-0.6701241731643677,0.000691533088684082,0.23350144922733307,9.149312973022461e-05,-0.3044586181640625
standard-20260717006590-ec657dafcc0d,edge1,0,0,1,1,137,r3,0.0005407500648160202,inf,0.00043827295303344727,0.48808619379997253,0.000709235668182373,0.8227832317352295,9.715557098388672e-06,-0.7605428695678711,0.0029753148555755615,0.854974091053009,0.00043827295303344727,0.488086074590683
standard-20260717006590-ec657dafcc0d,edge1,0,0,1,1,138,r3,3.538012283943459e-05,inf,0.0003769993782043457,0.20052368938922882,0.0007064640522003174,0.6752036809921265,0.00019159913063049316,-0.535071611404419,0.002331167459487915,0.751393735408783,0.0003769993782043457,0.20052357017993927
standard-20260717006590-ec657dafcc0d,edge1,0,0,1,1,140,r3,-0.002050954109792613,inf,0.00021210312843322754,-0.7642962336540222,0.0004532337188720703,-0.4623602628707886,0.0014010071754455566,-0.8631631731987,0.0012060105800628662,-0.27819597721099854,0.00021210312843322754,-0.7642962336540222
standard-20260717006590-ec657dafcc0d,edge1,0,0,1,1,141,r3,0.0017808895908191236,inf,0.02080473303794861,-0.5324690937995911,0.19860458374023438,0.1565275639295578,0.0,0.3940219581127167,0.3549383282661438,0.052365221083164215,0.020804762840270996,-0.5324693918228149
standard-20260717006590-ec657dafcc0d,edge1,0,0,1,1,142,r3,9.117526150470567e-05,inf,0.000174790620803833,-0.30511534214019775,0.0004386305809020996,0.1801542192697525,2.652406692504883e-06,-0.8396185040473938,0.0011461079120635986,0.17695625126361847,0.000174790620803833,-0.30511578917503357
standard-20260717006590-ec657dafcc0d,edge1,0,0,1,1,143,r3,-0.00025318838802967925,inf,9.885430335998535e-05,-0.35969817638397217,0.00023114681243896484,0.16288714110851288,5.662441253662109e-06,-0.6939377188682556,0.0007444620132446289,0.18240563571453094,9.885430335998535e-05,-0.3596981167793274
standard-20260717006590-ec657dafcc0d,edge1,0,0,1,1,144,r3,0.0004929450054578233,inf,0.0005345046520233154,0.5016224384307861,0.0007986724376678467,0.8234966993331909,9.98377799987793e-06,-0.8430179953575134,0.0031351447105407715,0.8582570552825928,0.0005345046520233154,0.5016224384307861
standard-20260717006590-ec657dafcc0d,edge1,0,0,1,1,145,r3,-7.176847980217005e-05,inf,0.000410616397857666,0.12944063544273376,0.0007236301898956299,0.6227676868438721,0.00021830201148986816,-0.6503677368164062,0.002280205488204956,0.7069594264030457,0.0004106462001800537,0.12944066524505615
standard-20260717006590-ec657dafcc0d,edge1,0,0,1,1,146,r3,0.0007129067109410414,inf,7.18832015991211e-05,0.8701376914978027,0.0001347362995147705,0.9559388756752014,6.020069122314453e-05,-0.2543763518333435,0.00033482909202575684,0.9580062031745911,7.18832015991211e-05,0.8701376914978027
standard-20260717006590-ec657dafcc0d,edge1,0,0,1,1,147,r3,-0.0020715854554365087,inf,0.0001779794692993164,-0.7608877420425415,0.0003997981548309326,-0.4468343257904053,0.0010081231594085693,-0.8519561290740967,0.0010575354099273682,-0.2758890986442566,0.0001779794692993164,-0.7608875036239624
standard-20260717006590-ec657dafcc0d,edge1,0,0,1,1,148,r3,-0.0006015605189482187,inf,0.0001817941665649414,-0.7104822397232056,0.0009723901748657227,-0.31467729806900024,1.4901161193847656e-07,-0.7207611203193665,0.002645552158355713,-0.48998627066612244,0.0001817941665649414,-0.7104821801185608
standard-20260717006590-ec657dafcc0d,edge1,0,0,1,1,149,r3,-0.00021115499519952508,inf,0.00011584162712097168,-0.2990770637989044,0.0002849698066711426,0.22940315306186676,1.4007091522216797e-06,-0.7536135315895081,0.0008586347103118896,0.23155942559242249,0.00011584162712097168,-0.29907751083374023
standard-20260717006590-ec657dafcc0d,edge1,0,0,1,1,150,r3,0.00045716023214659174,inf,0.0005781054496765137,0.4946182668209076,0.0008404254913330078,0.8201535940170288,1.2993812561035156e-05,-0.8458678126335144,0.0031623244285583496,0.858416736125946,0.0005781054496765137,0.49461817741394043
standard-20260717006590-ec657dafcc0d,edge1,0,0,1,1,151,r3,-3.806073585654879e-05,inf,0.0005077123641967773,0.14543674886226654,0.0009340345859527588,0.6361299157142639,0.0002200305461883545,-0.709879457950592,0.002676665782928467,0.7034990787506104,0.0005077123641967773,0.1454363316297531
standard-20260717006590-ec657dafcc0d,edge1,0,0,1,1,152,r3,-0.00044491683571079577,inf,0.00011134147644042969,-0.45214009284973145,0.00023683905601501465,0.014626175165176392,4.747509956359863e-05,-0.7291021943092346,0.0008317530155181885,0.09465324133634567,0.00011134147644042969,-0.45213979482650757
standard-20260717006590-ec657dafcc0d,edge1,0,0,1,1,153,r3,0.0009275389065734885,inf,3.1054019927978516e-05,0.89779132604599,5.7250261306762695e-05,0.9671891927719116,7.599592208862305e-06,-0.045080602169036865,0.00015154480934143066,0.9711763262748718,3.1054019927978516e-05,0.8977913856506348
standard-20260717006590-ec657dafcc0d,edge1,0,0,1,1,154,r3,-0.00048071012866035545,inf,0.0005658566951751709,-0.046612080186605453,0.0010428428649902344,0.4466765820980072,0.0013742148876190186,-0.7730907201766968,0.002698361873626709,0.5693944692611694,0.0005658566951751709,-0.04661249369382858
standard-20260717006590-ec657dafcc0d,edge1,0,0,1,1,155,r3,-0.0003058139484970468,inf,0.00020936131477355957,-0.3905518651008606,0.0004805624485015869,0.09053175896406174,2.6106834411621094e-05,-0.7372276186943054,0.0013134777545928955,0.122967928647995,0.00020936131477355957,-0.3905516266822815
standard-20260717006590-ec657dafcc0d,edge1,0,0,1,1,156,r3,-0.00022215190081653624,inf,0.00012791156768798828,-0.3505665957927704,0.0003071427345275879,0.14384077489376068,5.185604095458984e-06,-0.6903080344200134,0.0009249448776245117,0.15746739506721497,0.00012791156768798828,-0.35056638717651367
standard-20260717006590-ec657dafcc0d,edge1,0,0,1,1,157,r3,0.0005318437578358814,inf,0.0007352828979492188,0.5216631293296814,0.0010471642017364502,0.8263781070709229,1.2606382369995117e-05,-0.8951341509819031,0.003568500280380249,0.8602959513664246,0.0007352828979492188,0.52166348695755
standard-20260717006590-ec657dafcc0d,edge1,0,0,1,1,158,r3,4.110236968934977e-05,inf,0.0005672276020050049,0.13733896613121033,0.0010544359683990479,0.6304421424865723,0.0002664625644683838,-0.737899661064148,0.0028488337993621826,0.696700394153595,0.0005672276020050049,0.1373388022184372
standard-20260717006590-ec657dafcc0d,edge1,0,0,1,1,159,r3,-0.0005630028499779005,inf,0.00012564659118652344,-0.4787660241127014,0.00026860833168029785,-0.01803405210375786,4.8726797103881836e-05,-0.7328794598579407,0.0009274184703826904,0.06340468674898148,0.00012564659118652344,-0.4787658751010895
standard-20260717006590-ec657dafcc0d,edge1,0,0,1,1,161,r3,-0.0005880535087108285,inf,0.0005315542221069336,-0.09371780604124069,0.0009604692459106445,0.4059428870677948,0.0019324421882629395,-0.7614739537239075,0.0024871528148651123,0.5383618474006653,0.0005315542221069336,-0.09371789544820786
standard-20260717006590-ec657dafcc0d,edge1,0,0,1,1,162,r3,-0.00026292801525595877,inf,0.00023597478866577148,-0.36059024930000305,0.00054207444190979,0.11702384054660797,1.9818544387817383e-05,-0.7854030728340149,0.0014014840126037598,0.14183743298053741,0.00023597478866577148,-0.36058977246284485
standard-20260717006590-ec657dafcc0d,edge1,0,0,1,1,163,r3,-0.00021736800523020072,inf,0.00014269351959228516,-0.34461480379104614,0.00034612417221069336,0.14632806181907654,6.0498714447021484e-06,-0.7088537216186523,0.0010300278663635254,0.16124922037124634,0.00014269351959228516,-0.3446148633956909
standard-20260717006590-ec657dafcc0d,edge1,0,0,1,1,164,r3,0.000858395091942743,inf,3.236532211303711e-05,0.8854097127914429,5.6177377700805664e-05,0.9629257321357727,1.049041748046875e-05,-0.07257992029190063,0.000159531831741333,0.9682890176773071,3.236532211303711e-05,0.8854098916053772
standard-20260717006590-ec657dafcc0d,edge1,0,0,1,1,165,r3,0.0003038845897698206,inf,0.00015228986740112305,0.6846078634262085,0.00024881958961486816,0.8758376240730286,0.0004793405532836914,-0.196808323264122,0.0006648004055023193,0.8896910548210144,0.00015228986740112305,0.6846078038215637
standard-20260717006590-ec657dafcc0d,edge1,0,0,1,1,166,r3,-7.512641891049832e-05,inf,0.0013786852359771729,0.1378074735403061,0.004856526851654053,0.4228593111038208,0.0006062686443328857,-0.24319235980510712,0.0098208487033844,0.4975261688232422,0.0013786852359771729,0.13780727982521057
standard-20260717006590-ec657dafcc0d,edge1,0,0,1,1,167,r3,0.0005506622591349153,inf,0.01743173599243164,-0.624897837638855,0.1610497236251831,0.011537322774529457,0.0,0.5941168069839478,0.2617223858833313,-0.0416589081287384,0.01743173599243164,-0.6248975992202759
standard-20260717006590-ec657dafcc0d,edge1,0,0,1,1,168,r3,-0.0003702309077155963,inf,0.00019985437393188477,-0.7451938390731812,0.001006007194519043,-0.3858567476272583,2.682209014892578e-07,-0.7139102816581726,0.0026521682739257812,-0.5361925363540649,0.00019985437393188477,-0.7451938986778259
standard-20260717006590-ec657dafcc0d,edge1,0,0,1,1,169,r3,-0.00017185696326094124,inf,0.00012680888175964355,-0.3082258403301239,0.0003191530704498291,0.22156105935573578,1.2218952178955078e-06,-0.7830782532691956,0.0009418129920959473,0.2204873412847519,0.00012680888175964355,-0.3082260191440582
standard-20260717006590-ec657dafcc0d,edge1,0,0,1,1,170,r3,0.0006947446907017429,inf,0.000630110502243042,0.5071327686309814,0.0009085536003112793,0.8228537440299988,1.3500452041625977e-05,-0.8622491955757141,0.0033409595489501953,0.8615039587020874,0.000630110502243042,0.507132887840271
standard-20260717006590-ec657dafcc0d,edge1,0,0,1,1,171,r3,2.7006931007766966e-05,inf,0.0005317032337188721,0.14402756094932556,0.0009870827198028564,0.6356040239334106,0.00023669004440307617,-0.7151143550872803,0.0027139484882354736,0.7010608315467834,0.0005317032337188721,0.144027441740036
standard-20260717006590-ec657dafcc0d,edge1,0,0,1,1,172,r3,-0.0003186405321484731,inf,0.00011619925498962402,-0.45955610275268555,0.0002471506595611572,0.00793833751231432,4.762411117553711e-05,-0.7246057987213135,0.0008546710014343262,0.0883595272898674,0.00011619925498962402,-0.4595560133457184
standard-20260717006590-ec657dafcc0d,edge1,0,0,1,1,173,r3,0.0009097861011517772,inf,3.1948089599609375e-05,0.9011685848236084,5.933642387390137e-05,0.9683709740638733,7.659196853637695e-06,-0.058998771011829376,0.00015282630920410156,0.9716951847076416,3.1948089599609375e-05,0.9011685848236084
standard-20260717006590-ec657dafcc0d,edge1,0,0,1,1,174,r3,-0.0004019243844977094,inf,0.0005893111228942871,-0.02962145395576954,0.001106351613998413,0.4619486629962921,0.0015097856521606445,-0.7506313323974609,0.002861708402633667,0.5793208479881287,0.0005893111228942871,-0.029621336609125137
standard-20260717006590-ec657dafcc0d,edge1,0,0,1,1,175,r3,-0.0003569784237369422,inf,0.00022071599960327148,-0.41322141885757446,0.0005144178867340088,0.06551583111286163,2.8252601623535156e-05,-0.757352352142334,0.001369178295135498,0.10090167075395584,0.00022071599960327148,-0.41322171688079834
standard-20260717006590-ec657dafcc0d,edge1,0,0,1,1,176,r3,-0.0002112214940257484,inf,0.00013178586959838867,-0.3495747148990631,0.00032019615173339844,0.14246638119220734,4.589557647705078e-06,-0.6993676424026489,0.0009663701057434082,0.1553017646074295,0.00013178586959838867,-0.34957465529441833
standard-20260717006590-ec657dafcc0d,edge1,0,0,1,1,177,r3,0.0005662781938788886,inf,0.0007495582103729248,0.5384482145309448,0.0010837316513061523,0.8325687050819397,1.2129545211791992e-05,-0.8935613632202148,0.003562062978744507,0.862983763217926,0.0007495582103729248,0.5384485721588135
standard-20260717006590-ec657dafcc0d,edge1,0,0,1,1,178,r3,-4.833398334502803e-05,inf,0.0005669295787811279,0.12204404920339584,0.001074463129043579,0.6176327466964722,0.00028952956199645996,-0.7406569123268127,0.0028807222843170166,0.6899510025978088,0.0005669295787811279,0.12204404175281525
standard-20260717006590-ec657dafcc0d,edge1,0,0,1,1,179,r3,-0.00046337900120585473,inf,0.00013113021850585938,-0.45109838247299194,0.00027877092361450195,0.016657957807183266,4.464387893676758e-05,-0.723334789276123,0.0009658634662628174,0.09753213077783585,0.00013113021850585938,-0.4510984718799591
standard-20260717006590-ec657dafcc0d,edge1,0,0,1,1,180,r3,0.0009874411992634169,inf,3.463029861450195e-05,0.8966665267944336,6.455183029174805e-05,0.9665457606315613,8.016824722290039e-06,-0.04838726297020912,0.00016584992408752441,0.970137357711792,3.463029861450195e-05,0.8966665267944336
standard-20260717006590-ec657dafcc0d,edge1,0,0,1,1,182,r3,-0.0024585645956618496,inf,0.00021442770957946777,-0.9092711806297302,0.0009222030639648438,-0.7861244082450867,0.0003326833248138428,-0.3830620050430298,0.0019757747650146484,-0.791227400302887,0.00021442770957946777,-0.9092711210250854
standard-20260717006590-ec657dafcc0d,edge1,0,0,1,1,183,r3,0.0023490568234434406,inf,0.02740645408630371,-0.6305892467498779,0.26301997900009155,0.03447965532541275,0.0,0.18689604103565216,0.41252413392066956,-0.1002194881439209,0.0274064838886261,-0.6305893063545227
standard-20260717006590-ec657dafcc0d,edge1,0,0,1,1,184,r3,0.0002765314722563694,inf,0.00019493699073791504,-0.2821474075317383,0.0004980266094207764,0.20336705446243286,1.7583370208740234e-06,-0.8754640817642212,0.0012089014053344727,0.1733461171388626,0.00019493699073791504,-0.28214773535728455
standard-20260717006590-ec657dafcc0d,edge1,0,0,1,1,185,r3,-0.00027875945858868434,inf,0.0001144707202911377,-0.38752439618110657,0.0002738833427429199,0.11019968241453171,7.718801498413086e-06,-0.6994996666908264,0.0008439123630523682,0.13079456984996796,0.0001144707202911377,-0.38752415776252747
standard-20260717006590-ec657dafcc0d,edge1,0,0,1,1,186,r3,0.0005191641631021593,inf,0.0006368756294250488,0.48873820900917053,0.0009073019027709961,0.8167288303375244,9.745359420776367e-06,-0.9024275541305542,0.0033884942531585693,0.8530844449996948,0.0006368756294250488,0.48873844742774963
standard-20260717006590-ec657dafcc0d,edge1,0,0,1,1,187,r3,1.7270108757294622e-05,inf,0.0004659593105316162,0.13167649507522583,0.0008384883403778076,0.626441478729248,0.00022077560424804688,-0.6972164511680603,0.002527207136154175,0.7024455666542053,0.0004659593105316162,0.13167652487754822
standard-20260717006590-ec657dafcc0d,edge1,0,0,1,1,188,r3,-0.0004654089803806105,inf,9.870529174804688e-05,-0.47816354036331177,0.00021272897720336914,-0.026010487228631973,3.930926322937012e-05,-0.72247713804245,0.0007464885711669922,0.05269404500722885,9.870529174804688e-05,-0.4781632125377655
standard-20260717006590-ec657dafcc0d,edge1,0,0,1,1,189,r3,0.0008841483234607317,inf,2.6732683181762695e-05,0.8979352712631226,4.678964614868164e-05,0.9671599864959717,6.496906280517578e-06,-0.021962687373161316,0.0001304149627685547,0.9712138772010803,2.6732683181762695e-05,0.8979353308677673
standard-20260717006590-ec657dafcc0d,edge1,0,0,1,1,190,r3,-0.00047051721842006344,inf,0.00044208765029907227,-0.05797493830323219,0.0008228123188018799,0.4836269021034241,0.0012514591217041016,-0.6562424302101135,0.0022268593311309814,0.5846428871154785,0.00044208765029907227,-0.05797487869858742
standard-20260717006590-ec657dafcc0d,edge1,0,0,1,1,191,r3,-0.00034959754189611836,inf,0.0001735389232635498,-0.43203678727149963,0.00040030479431152344,0.04027707874774933,2.3990869522094727e-05,-0.7085252404212952,0.001194298267364502,0.07735100388526917,0.0001735389232635498,-0.4320366382598877
standard-20260717006590-ec657dafcc0d,edge1,0,0,1,1,192,r3,-0.00023027716267165488,inf,0.00010114908218383789,-0.35325348377227783,0.00024127960205078125,0.1716797798871994,3.5762786865234375e-06,-0.6838930249214172,0.000758737325668335,0.17717252671718597,0.00010114908218383789,-0.3532538414001465
standard-20260717006590-ec657dafcc0d,edge1,0,0,1,1,193,r3,0.0005341684747015574,inf,0.000520855188369751,0.4769842028617859,0.0008012354373931885,0.8127102255821228,9.506940841674805e-06,-0.8315823078155518,0.003252744674682617,0.8493749499320984,0.000520855188369751,0.47698432207107544
standard-20260717006590-ec657dafcc0d,edge1,0,0,1,1,194,r3,2.6726791436892938e-05,inf,0.0003667771816253662,0.15397050976753235,0.0006619393825531006,0.6421356797218323,0.00018835067749023438,-0.5752109289169312,0.002210378646850586,0.7257599830627441,0.0003667771816253662,0.15397050976753235
standard-20260717006590-ec657dafcc0d,edge1,0,0,1,1,195,r3,0.0006991190628096167,inf,6.875395774841309e-05,0.8619827032089233,0.00012609362602233887,0.9536985754966736,6.598234176635742e-05,-0.24695613980293274,0.0003229975700378418,0.9562035202980042,6.875395774841309e-05,0.8619826436042786
standard-20260717006590-ec657dafcc0d,edge1,0,0,1,1,196,r3,-0.0020588972214483636,inf,0.00018215179443359375,-0.7428598403930664,0.000410616397857666,-0.40957286953926086,0.0009670555591583252,-0.8449112176895142,0.0010842680931091309,-0.23729421198368073,0.00018215179443359375,-0.7428598403930664
standard-20260717006590-ec657dafcc0d,edge1,0,0,1,1,197,r3,-0.0006041710115316512,inf,0.0001679062843322754,-0.7251009345054626,0.0009069144725799561,-0.3392094075679779,1.4901161193847656e-07,-0.728546142578125,0.002489328384399414,-0.5088615417480469,0.0001679062843322754,-0.7251009941101074
standard-20260717006590-ec657dafcc0d,edge1,0,0,1,1,198,r3,-0.00021989116440712664,inf,0.00011518597602844238,-0.2957872748374939,0.0002804398536682129,0.23711420595645905,1.3709068298339844e-06,-0.7254358530044556,0.0008498430252075195,0.2367822825908661,0.00011518597602844238,-0.2957873046398163
standard-20260717006590-ec657dafcc0d,edge1,0,0,1,1,199,r3,0.0005126071981234048,inf,0.000522911548614502,0.4874839782714844,0.0008016526699066162,0.8216725587844849,1.1652708053588867e-05,-0.8006531596183777,0.003196895122528076,0.8556576371192932,0.000522911548614502,0.48748427629470825
standard-20260717006590-ec657dafcc0d,edge1,0,0,1,1,200,r3,-2.6339747583037365e-06,inf,0.0004552900791168213,0.1752326637506485,0.0008478164672851562,0.6544704437255859,0.00020363926887512207,-0.6312334537506104,0.0025643110275268555,0.7281696200370789,0.000455319881439209,0.1752326339483261
standard-20260717006590-ec657dafcc0d,edge1,0,0,1,1,201,r3,-0.00047843298585403815,inf,0.00010246038436889648,-0.4703150689601898,0.00021818280220031738,-0.0077063702046871185,5.0574541091918945e-05,-0.7237902283668518,0.0007590353488922119,0.07535599172115326,0.00010246038436889648,-0.4703146517276764
standard-20260717006590-ec657dafcc0d,edge1,0,0,1,1,203,r3,-0.0004961026159688853,inf,0.0004991590976715088,-0.0872434601187706,0.0009109675884246826,0.42944249510765076,0.0017287135124206543,-0.7147247791290283,0.002377241849899292,0.5517435073852539,0.0004991590976715088,-0.0872436910867691
standard-20260717006590-ec657dafcc0d,edge1,0,0,1,1,204,r3,-0.00028862973375232137,inf,0.00020864605903625488,-0.3952990174293518,0.0004818737506866455,0.08246114104986191,1.990795135498047e-05,-0.7745038866996765,0.0013283491134643555,0.11033840477466583,0.00020864605903625488,-0.3952990174293518
standard-20260717006590-ec657dafcc0d,edge1,0,0,1,1,205,r3,-0.00020391048195289585,inf,0.00012114644050598145,-0.33312225341796875,0.000294417142868042,0.1705067902803421,4.738569259643555e-06,-0.675084114074707,0.0008940696716308594,0.18254952132701874,0.00012117624282836914,-0.3331221342086792
standard-20260717006590-ec657dafcc0d,edge1,0,0,1,1,206,r3,0.0005196873475474817,inf,0.0007175207138061523,0.5222936868667603,0.0010447502136230469,0.8268437385559082,1.3232231140136719e-05,-0.8917019367218018,0.0035614371299743652,0.8604193925857544,0.0007175207138061523,0.5222941637039185
standard-20260717006590-ec657dafcc0d,edge1,0,0,1,1,207,r3,1.7449568150862405e-05,inf,0.0005933642387390137,0.15409725904464722,0.001110166311264038,0.6392456889152527,0.000263899564743042,-0.72213214635849,0.002986222505569458,0.7040554881095886,0.0005933642387390137,0.15409764647483826
standard-20260717006590-ec657dafcc0d,edge1,0,0,1,1,208,r3,-0.0005517501057672458,inf,0.0001271665096282959,-0.46270081400871277,0.0002675354480743408,0.003772956086322665,5.161762237548828e-05,-0.7226195335388184,0.0009211301803588867,0.08833108097314835,0.0001271665096282959,-0.4627012312412262
standard-20260717006590-ec657dafcc0d,edge1,0,0,1,1,209,r3,-0.00020408552953354864,inf,9.033083915710449e-05,-0.32769840955734253,0.00021451711654663086,0.20378385484218597,2.8312206268310547e-06,-0.6768300533294678,0.0006913244724273682,0.20886728167533875,9.033083915710449e-05,-0.3276984393596649
standard-20260717006590-ec657dafcc0d,edge1,0,0,1,1,210,r3,0.0005174352588508402,inf,0.0004476606845855713,0.4791431128978729,0.0007423162460327148,0.8175739645957947,8.553266525268555e-06,-0.7614811062812805,0.0030848681926727295,0.850795567035675,0.0004476606845855713,0.47914305329322815
standard-20260717006590-ec657dafcc0d,edge1,0,0,1,1,211,r3,-4.5169300724401396e-05,inf,0.00033989548683166504,0.17163830995559692,0.0006225705146789551,0.6574872732162476,0.00017625093460083008,-0.5094743371009827,0.002146780490875244,0.7397556304931641,0.00033989548683166504,0.1716383546590805
standard-20260717006590-ec657dafcc0d,edge1,0,0,1,1,212,r3,0.0006639273988113814,inf,6.73830509185791e-05,0.8626942038536072,0.00012385845184326172,0.9541409611701965,7.039308547973633e-05,-0.24182482063770294,0.0003229379653930664,0.9569740891456604,6.73830509185791e-05,0.8626942038536072
standard-20260717006590-ec657dafcc0d,edge1,0,0,1,1,213,r3,-0.0022540954864889162,inf,0.0001742541790008545,-0.7522921562194824,0.0003935098648071289,-0.4212728440761566,0.0010226964950561523,-0.8466343879699707,0.0010335743427276611,-0.2500665485858917,0.0001742541790008545,-0.7522923350334167
standard-20260717006590-ec657dafcc0d,edge1,0,0,1,1,214,r3,-0.0005787472540172978,inf,0.00016644597053527832,-0.7130229473114014,0.0009177327156066895,-0.31760597229003906,1.4901161193847656e-07,-0.7115070819854736,0.0025201141834259033,-0.48939603567123413,0.00016644597053527832,-0.7130230069160461
standard-20260717006590-ec657dafcc0d,edge1,0,0,1,1,215,r3,-0.00020022711888523226,inf,0.00010859966278076172,-0.28010454773902893,0.0002645552158355713,0.25506436824798584,1.6093254089355469e-06,-0.7065829038619995,0.0008086860179901123,0.2567019760608673,0.00010859966278076172,-0.2801041901111603
standard-20260717006590-ec657dafcc0d,edge1,0,0,1,1,216,r3,0.0004247410590774159,inf,0.0005103647708892822,0.4915614426136017,0.0007731318473815918,0.8235442638397217,1.2546777725219727e-05,-0.801234245300293,0.0030404627323150635,0.8593547940254211,0.0005103647708892822,0.4915616512298584
standard-20260717006590-ec657dafcc0d,edge1,0,0,1,1,217,r3,-1.241735571255731e-06,inf,0.00048550963401794434,0.17190055549144745,0.0009121298789978027,0.6533157229423523,0.0002079606056213379,-0.6611243486404419,0.0026742517948150635,0.7242119908332825,0.00048550963401794434,0.17190062999725342
standard-20260717006590-ec657dafcc0d,edge1,0,0,1,1,218,r3,-0.0005439652745544699,inf,0.00011023879051208496,-0.4772408604621887,0.00023323297500610352,-0.01701953634619713,5.125999450683594e-05,-0.7380746006965637,0.000813215970993042,0.06573274731636047,0.00011023879051208496,-0.477240651845932
standard-20260717006590-ec657dafcc0d,edge1,0,0,1,1,219,r3,0.0009300185909126846,inf,2.956390380859375e-05,0.8994317650794983,5.3316354751586914e-05,0.9674656987190247,6.794929504394531e-06,-0.03618031367659569,0.0001443922519683838,0.9715441465377808,2.956390380859375e-05,0.8994318246841431
standard-20260717006590-ec657dafcc0d,edge1,0,0,1,1,220,r3,-0.00047224990880923023,inf,0.0005228221416473389,-0.03193648159503937,0.0009874701499938965,0.4773789644241333,0.001314610242843628,-0.7134501934051514,0.0025945305824279785,0.5842922329902649,0.0005227923393249512,-0.031937163323163986
standard-20260717006590-ec657dafcc0d,edge1,0,0,1,1,221,r3,-0.0003132922525321824,inf,0.00020372867584228516,-0.40701228380203247,0.0004680752754211426,0.07649575918912888,2.625584602355957e-05,-0.7387632727622986,0.0013365447521209717,0.11554646492004395,0.00020372867584228516,-0.4070121943950653
standard-20260717006590-ec657dafcc0d,edge1,0,0,1,1,222,r3,-0.00021084685566119532,inf,0.0001189112663269043,-0.32894933223724365,0.0002884864807128906,0.17823104560375214,4.857778549194336e-06,-0.690855085849762,0.0008806884288787842,0.18772676587104797,0.0001189112663269043,-0.32894933223724365
standard-20260717006590-ec657dafcc0d,edge1,0,0,1,1,224,r3,-0.00025784389880456615,inf,0.0005567669868469238,0.0411553829908371,0.001060783863067627,0.5510083436965942,0.0009891688823699951,-0.6823475360870361,0.0027721822261810303,0.6362270712852478,0.0005567669868469238,0.041155263781547546
standard-20260717006590-ec657dafcc0d,edge1,0,0,1,1,225,r3,-0.0003992093470106539,inf,0.00019848346710205078,-0.40994948148727417,0.0004481077194213867,0.08047106117010117,3.8683414459228516e-05,-0.7164578437805176,0.0012820661067962646,0.13190269470214844,0.00019848346710205078,-0.4099491834640503
standard-20260717006590-ec657dafcc0d,edge1,0,0,1,1,226,r3,-0.00020360016358789146,inf,0.00012323260307312012,-0.33644846081733704,0.0003045201301574707,0.16677939891815186,4.559755325317383e-06,-0.6895288825035095,0.0009210705757141113,0.17647172510623932,0.00012323260307312012,-0.3364483416080475
standard-20260717006590-ec657dafcc0d,edge1,0,0,1,1,227,r3,0.000561945820923393,inf,0.000708162784576416,0.5193597674369812,0.0010470747947692871,0.8250523805618286,1.2248754501342773e-05,-0.8881843686103821,0.0035775303840637207,0.8597294688224792,0.000708162784576416,0.5193603038787842
standard-20260717006590-ec657dafcc0d,edge1,0,0,1,1,228,r3,1.0972507860085301e-05,inf,0.0005995035171508789,0.14601460099220276,0.0010981857776641846,0.6349930167198181,0.00027379393577575684,-0.7435293197631836,0.002986818552017212,0.7007375955581665,0.0005995035171508789,0.14601464569568634
standard-20260717006590-ec657dafcc0d,edge1,0,0,1,1,229,r3,-0.0005400662879433415,inf,0.00013056397438049316,-0.4558243453502655,0.0002766549587249756,0.013215726241469383,4.884600639343262e-05,-0.7314968705177307,0.0009500384330749512,0.09557076543569565,0.00013056397438049316,-0.45582449436187744
standard-20260717006590-ec657dafcc0d,edge1,0,0,1,1,230,r3,-0.00019487853959865298,inf,8.928775787353516e-05,-0.3134557008743286,0.00021129846572875977,0.22013148665428162,2.8908252716064453e-06,-0.681523859500885,0.0006857514381408691,0.22717350721359253,8.928775787353516e-05,-0.31345584988594055
standard-20260717006590-ec657dafcc0d,edge1,0,0,1,1,231,r3,0.00047515815287768604,inf,0.00045758485794067383,0.4940362572669983,0.0007490813732147217,0.8263670802116394,9.417533874511719e-06,-0.7663924098014832,0.003103494644165039,0.8578274846076965,0.00045758485794067383,0.49403658509254456
standard-20260717006590-ec657dafcc0d,edge1,0,0,1,1,232,r3,7.2095921099801785e-06,inf,0.0003744065761566162,0.19255943596363068,0.0007044374942779541,0.6713086366653442,0.0001850128173828125,-0.5149211883544922,0.0023184120655059814,0.7485488057136536,0.0003744065761566162,0.19255970418453217
standard-20260717006590-ec657dafcc0d,edge1,0,0,1,1,233,r3,0.0006736755516905113,inf,7.95125961303711e-05,0.8606767654418945,0.00014850497245788574,0.9535645842552185,7.066130638122559e-05,-0.2403235137462616,0.0003789365291595459,0.9551942348480225,7.95125961303711e-05,0.8606767058372498
standard-20260717006590-ec657dafcc0d,edge1,0,0,1,1,234,r3,-0.0020478120426792312,inf,0.0001958012580871582,-0.7399060726165771,0.0004419088363647461,-0.4049247205257416,0.000987321138381958,-0.8542279601097107,0.0011729896068572998,-0.22970591485500336,0.0001958012580871582,-0.7399061918258667
standard-20260717006590-ec657dafcc0d,edge1,0,0,1,1,235,r3,-0.0005849609415375934,inf,0.0001868605613708496,-0.7131360769271851,0.0010128617286682129,-0.320509135723114,1.4901161193847656e-07,-0.7187343239784241,0.0027325451374053955,-0.49008920788764954,0.0001868605613708496,-0.7131365537643433
standard-20260717006590-ec657dafcc0d,edge1,0,0,1,1,236,r3,-0.00022656254150565935,inf,0.00011691451072692871,-0.2903579771518707,0.000291675329208374,0.24178974330425262,1.4603137969970703e-06,-0.7446026802062988,0.000879436731338501,0.24373619258403778,0.00011691451072692871,-0.29035842418670654
standard-20260717006590-ec657dafcc0d,edge1,0,0,1,1,237,r3,0.0005022440789699267,inf,0.0006090104579925537,0.5141100287437439,0.0009115934371948242,0.8286557197570801,1.3202428817749023e-05,-0.840667724609375,0.003344416618347168,0.8658259510993958,0.0006090104579925537,0.5141099095344543
standard-20260717006590-ec657dafcc0d,edge1,0,0,1,1,238,r3,7.419260673602324e-06,inf,0.00054129958152771,0.16272984445095062,0.0010287761688232422,0.6494202017784119,0.0002563297748565674,-0.6927316188812256,0.0028590261936187744,0.7170813679695129,0.00054129958152771,0.16273000836372375
standard-20260717006590-ec657dafcc0d,edge1,0,0,1,1,239,r3,-0.0005177684279886741,inf,0.00012090802192687988,-0.4671185314655304,0.0002537965774536133,-0.00111728860065341,5.361437797546387e-05,-0.7391380071640015,0.0008798837661743164,0.08210013061761856,0.00012090802192687988,-0.467118501663208
standard-20260717006590-ec657dafcc0d,edge1,0,0,1,1,240,r3,0.0008853370335972777,inf,3.68952751159668e-05,0.9047156572341919,7.051229476928711e-05,0.9698671698570251,7.510185241699219e-06,-0.024649513885378838,0.0001767277717590332,0.9723616242408752,3.68952751159668e-05,0.9047156572341919
standard-20260717006590-ec657dafcc0d,edge1,0,0,1,1,241,r3,0.00030229429829886634,inf,0.0001481771469116211,0.6790865659713745,0.00023311376571655273,0.8752807974815369,0.000509113073348999,-0.17657648026943207,0.0006383955478668213,0.8893712162971497,0.0001481771469116211,0.6790866851806641
standard-20260717006590-ec657dafcc0d,edge1,0,0,1,1,242,r3,-6.142054789859408e-05,inf,0.001400083303451538,0.1568821519613266,0.004857093095779419,0.4419616460800171,0.00058022141456604,-0.24112343788146973,0.009809345006942749,0.5149615406990051,0.0014001131057739258,0.1568819135427475
standard-20260717006590-ec657dafcc0d,edge1,0,0,1,1,243,r3,0.000601201692303821,inf,0.017271310091018677,-0.60915207862854,0.1581854224205017,0.02835671231150627,0.0,0.6117689609527588,0.2558934688568115,-0.0129512008279562,0.017271310091018677,-0.6091523170471191
standard-20260717006590-ec657dafcc0d,edge1,0,0,1,1,245,r3,-0.00024730205955503237,inf,0.00020503997802734375,-0.2627243399620056,0.0005168914794921875,0.2114662230014801,4.738569259643555e-06,-0.8438089489936829,0.001315981149673462,0.20815563201904297,0.00020503997802734375,-0.26272428035736084
standard-20260717006590-ec657dafcc0d,edge1,0,0,1,1,246,r3,-0.00034930112709541383,inf,0.00012764334678649902,-0.39479827880859375,0.00030922889709472656,0.09677143394947052,8.761882781982422e-06,-0.7080785632133484,0.0009378194808959961,0.1218729317188263,0.00012764334678649902,-0.39479804039001465
standard-20260717006590-ec657dafcc0d,edge1,0,0,1,1,247,r3,0.00038357918424636317,inf,0.0007742643356323242,0.5435724854469299,0.0011439621448516846,0.8384871482849121,9.804964065551758e-06,-0.8990590572357178,0.0038367509841918945,0.8676215410232544,0.0007742643356323242,0.5435726046562195
standard-20260717006590-ec657dafcc0d,edge1,0,0,1,1,248,r3,-1.7247340352133378e-05,inf,0.0005838871002197266,0.14425741136074066,0.0010815262794494629,0.6349080204963684,0.0002886354923248291,-0.7065575122833252,0.002936810255050659,0.7030699849128723,0.0005838871002197266,0.1442572921514511
standard-20260717006590-ec657dafcc0d,edge1,0,0,1,1,249,r3,-0.0005253206047715064,inf,0.00012758374214172363,-0.472055584192276,0.0002735257148742676,-0.00695348484441638,4.89652156829834e-05,-0.7298829555511475,0.0009409785270690918,0.076922208070755,0.00012758374214172363,-0.4720553755760193
standard-20260717006590-ec657dafcc0d,edge1,0,0,1,1,250,r3,0.0009392194037909363,inf,3.427267074584961e-05,0.9044415950775146,6.499886512756348e-05,0.9692867994308472,7.3015689849853516e-06,-0.04564080387353897,0.00016513466835021973,0.9721858501434326,3.427267074584961e-05,0.9044417142868042
standard-20260717006590-ec657dafcc0d,edge1,0,0,1,1,251,r3,0.00031236825985292427,inf,0.00015029311180114746,0.6794765591621399,0.00024175643920898438,0.8742085099220276,0.0005099177360534668,-0.18728595972061157,0.0006525516510009766,0.887811541557312,0.00015029311180114746,0.6794763803482056
standard-20260717006590-ec657dafcc0d,edge1,0,0,1,1,252,r3,-9.12909735912848e-05,inf,0.0013660788536071777,0.1275458186864853,0.004812389612197876,0.4221617579460144,0.0005786120891571045,-0.24594148993492126,0.009808450937271118,0.498482346534729,0.0013660788536071777,0.12754566967487335
standard-20260717006590-ec657dafcc0d,edge1,0,0,1,1,253,r3,0.0006172482724484674,inf,0.017365694046020508,-0.5899837017059326,0.15511056780815125,0.06727229058742523,0.0,0.6184659600257874,0.2578350603580475,0.008668473921716213,0.01736566424369812,-0.589984118938446
standard-20260717006590-ec657dafcc0d,edge1,0,0,1,1,254,r3,-0.00038236214848619277,inf,0.0001944899559020996,-0.7518162727355957,0.0009760856628417969,-0.3982813060283661,2.682209014892578e-07,-0.7150285840034485,0.0026193559169769287,-0.548287034034729,0.0001944899559020996,-0.7518162131309509
standard-20260717006590-ec657dafcc0d,edge1,0,0,1,1,255,r3,-0.00018186268015663032,inf,0.00012409687042236328,-0.29961052536964417,0.0003108978271484375,0.23561933636665344,1.1622905731201172e-06,-0.7666506767272949,0.0009225904941558838,0.23314981162548065,0.00012409687042236328,-0.29961028695106506
standard-20260717006590-ec657dafcc0d,edge1,0,0,1,1,256,r3,0.0005826953263452506,inf,0.0005977153778076172,0.4910101294517517,0.0008726716041564941,0.8176739811897278,1.3113021850585938e-05,-0.8510777950286865,0.0032882392406463623,0.8580988049507141,0.0005977153778076172,0.4910101890563965
standard-20260717006590-ec657dafcc0d,edge1,0,0,1,1,257,r3,7.041285048803303e-05,inf,0.0005548596382141113,0.1821286380290985,0.0010282695293426514,0.6607060432434082,0.00023373961448669434,-0.6880599856376648,0.002917051315307617,0.7249901294708252,0.0005548596382141113,0.1821286380290985
standard-20260717006590-ec657dafcc0d,edge1,0,0,1,1,258,r3,-0.00046532142787958364,inf,0.0001182854175567627,-0.49386000633239746,0.0002504289150238037,-0.03527916967868805,5.4448843002319336e-05,-0.7363203763961792,0.0008606016635894775,0.05223837494850159,0.0001182854175567627,-0.4938599467277527
standard-20260717006590-ec657dafcc0d,edge1,0,0,1,1,259,r3,-0.00018727185776290511,inf,8.481740951538086e-05,-0.30960777401924133,0.00019845366477966309,0.23400485515594482,2.294778823852539e-06,-0.6780730485916138,0.0006418824195861816,0.23661676049232483,8.481740951538086e-05,-0.30960753560066223
standard-20260717006590-ec657dafcc0d,edge1,0,0,1,1,260,r3,0.0004984446303855083,inf,0.0004163682460784912,0.4883078932762146,0.0007153451442718506,0.8241729736328125,8.195638656616211e-06,-0.7180574536323547,0.002932816743850708,0.8546267747879028,0.0004163682460784912,0.4883080720901489
standard-20260717006590-ec657dafcc0d,edge1,0,0,1,1,261,r3,-1.0947439321729036e-05,inf,0.00033396482467651367,0.20635166764259338,0.0006081759929656982,0.6799618601799011,0.00016242265701293945,-0.41949641704559326,0.0021252334117889404,0.7574836015701294,0.00033396482467651367,0.2063516080379486
standard-20260717006590-ec657dafcc0d,edge1,0,0,1,1,262,r3,0.0006794801800036332,inf,7.221102714538574e-05,0.8583742380142212,0.00013169646263122559,0.953496515750885,7.167458534240723e-05,-0.22531040012836456,0.0003447234630584717,0.9555689692497253,7.221102714538574e-05,0.8583741784095764
standard-20260717006590-ec657dafcc0d,edge1,0,0,1,1,263,r3,-0.0021367994682497393,inf,0.00017839670181274414,-0.7566478252410889,0.00040650367736816406,-0.4329928755760193,0.0009458661079406738,-0.8525753021240234,0.0010852515697479248,-0.26533931493759155,0.00017839670181274414,-0.7566480040550232
standard-20260717006590-ec657dafcc0d,edge1,0,0,1,1,264,r3,-0.0005622933679643172,inf,0.00017663836479187012,-0.7033754587173462,0.0009715855121612549,-0.30152982473373413,1.4901161193847656e-07,-0.7138978838920593,0.002642810344696045,-0.476389080286026,0.00017663836479187012,-0.7033755779266357
standard-20260717006590-ec657dafcc0d,edge1,0,0,1,1,266,r3,0.0002719914359630149,inf,0.0007015764713287354,0.29648029804229736,0.0011461079120635986,0.7105138301849365,0.00010409951210021973,-0.8174393773078918,0.0032067298889160156,0.756875216960907,0.0007015764713287354,0.29648011922836304
standard-20260717006590-ec657dafcc0d,edge1,0,0,1,1,267,r3,-0.0008558166269845291,inf,0.00012814998626708984,-0.48629793524742126,0.0002701878547668457,-0.012641054578125477,9.861588478088379e-05,-0.7567611336708069,0.0008936822414398193,0.09982746839523315,0.00012814998626708984,-0.4862978756427765
standard-20260717006590-ec657dafcc0d,edge1,0,0,1,1,268,r3,-0.00017483337903945184,inf,0.00010329484939575195,-0.28914138674736023,0.0002484619617462158,0.23724262416362762,3.159046173095703e-06,-0.6825979351997375,0.0007797479629516602,0.23962602019309998,0.00010329484939575195,-0.28914153575897217
standard-20260717006590-ec657dafcc0d,edge1,0,0,1,1,269,r3,0.0004884828107896144,inf,0.0005534887313842773,0.5157722234725952,0.0008342564105987549,0.8329811692237854,1.189112663269043e-05,-0.818207859992981,0.0031927824020385742,0.8675956726074219,0.0005534887313842773,0.5157724022865295
standard-20260717006590-ec657dafcc0d,edge1,0,0,1,1,270,r3,1.423237427977675e-05,inf,0.0004919469356536865,0.1815395951271057,0.0009458661079406738,0.6607111692428589,0.00022777915000915527,-0.653151273727417,0.0026928186416625977,0.7288296818733215,0.0004919469356536865,0.1815396249294281
standard-20260717006590-ec657dafcc0d,edge1,0,0,1,1,271,r3,-0.0005516813462120851,inf,0.00012296438217163086,-0.4570174813270569,0.00025525689125061035,0.019267618656158447,5.581974983215332e-05,-0.7386817932128906,0.0008873641490936279,0.10504946857690811,0.00012296438217163086,-0.4570176601409912
standard-20260717006590-ec657dafcc0d,edge1,0,0,1,1,272,r3,0.0010179440540389884,inf,3.361701965332031e-05,0.9057713747024536,6.303191184997559e-05,0.9700071811676025,7.569789886474609e-06,-0.022719288244843483,0.00016048550605773926,0.9729090332984924,3.361701965332031e-05,0.9057713747024536
standard-20260717006590-ec657dafcc0d,edge1,0,0,1,1,273,r3,0.00030615042075354815,inf,0.00014659762382507324,0.6797378063201904,0.00023066997528076172,0.874883234500885,0.0005568265914916992,-0.18170849978923798,0.0006304085254669189,0.8883827328681946,0.00014659762382507324,0.6797378659248352
standard-20260717006590-ec657dafcc0d,edge1,0,0,1,1,274,r3,-8.771055039935582e-05,inf,0.001348257064819336,0.1392386257648468,0.004759401082992554,0.43114128708839417,0.0005888640880584717,-0.23857170343399048,0.00972488522529602,0.5058220028877258,0.001348257064819336,0.13923878967761993
standard-20260717006590-ec657dafcc0d,edge1,0,0,1,1,275,r3,0.000533082672481644,inf,0.016916424036026,-0.597824215888977,0.15205299854278564,0.050789590924978256,0.0,0.6192245483398438,0.2527115046977997,0.00022083520889282227,0.016916394233703613,-0.5978241562843323
standard-20260717006590-ec657dafcc0d,edge1,0,0,1,1,276,r3,-0.0003994551648065503,inf,0.00019085407257080078,-0.7569148540496826,0.0009697377681732178,-0.40853819251060486,2.682209014892578e-07,-0.7220649719238281,0.0025976598262786865,-0.5550419688224792,0.00019085407257080078,-0.7569146752357483
standard-20260717006590-ec657dafcc0d,edge1,0,0,1,1,277,r3,-0.0001551700097013331,inf,0.00011596083641052246,-0.2847253084182739,0.0002950131893157959,0.25056540966033936,1.2218952178955078e-06,-0.7537142038345337,0.0008776485919952393,0.25303614139556885,0.00011596083641052246,-0.28472545742988586
standard-20260717006590-ec657dafcc0d,edge1,0,0,1,1,278,r3,0.0006056547853543481,inf,0.0006189942359924316,0.49808260798454285,0.0009112656116485596,0.8213936686515808,1.4334917068481445e-05,-0.8509722352027893,0.0033722519874572754,0.860181987285614,0.0006189942359924316,0.49808305501937866
standard-20260717006590-ec657dafcc0d,edge1,0,0,1,1,279,r3,4.8067151297681576e-05,inf,0.0005657672882080078,0.1920168697834015,0.0010705888271331787,0.6676051020622253,0.0002321004867553711,-0.6771785616874695,0.002934575080871582,0.7277495265007019,0.0005657672882080078,0.19201664626598358
standard-20260717006590-ec657dafcc0d,edge1,0,0,1,1,280,r3,-0.0004493551407267482,inf,0.00012603402137756348,-0.48455122113227844,0.00026172399520874023,-0.021318066865205765,5.9604644775390625e-05,-0.7393172383308411,0.0009032785892486572,0.06736858934164047,0.00012603402137756348,-0.4845510721206665
standard-20260717006590-ec657dafcc0d,edge1,0,0,1,1,281,r3,-0.00018718129629924363,inf,9.107589721679688e-05,-0.3159485161304474,0.00021705031394958496,0.2172602415084839,2.473592758178711e-06,-0.6826460361480713,0.0007032454013824463,0.22000862658023834,9.107589721679688e-05,-0.31594857573509216
standard-20260717006590-ec657dafcc0d,edge1,0,0,1,1,282,r3,0.0005225711240497422,inf,0.00042107701301574707,0.4729948043823242,0.0006914436817169189,0.8175374865531921,9.08970832824707e-06,-0.7689685821533203,0.0028926432132720947,0.8514395952224731,0.00042107701301574707,0.47299495339393616
standard-20260717006590-ec657dafcc0d,edge1,0,0,1,1,283,r3,4.043598853264996e-05,inf,0.0003547966480255127,0.21031513810157776,0.0006492137908935547,0.6827222108840942,0.00017130374908447266,-0.46889784932136536,0.0022116005420684814,0.7568567991256714,0.0003547966480255127,0.21031546592712402
standard-20260717006590-ec657dafcc0d,edge1,0,0,1,1,284,r3,0.0006634936046980844,inf,7.745623588562012e-05,0.8699460029602051,0.00014385581016540527,0.957073986530304,7.805228233337402e-05,-0.2373146265745163,0.00037086009979248047,0.9584749341011047,7.745623588562012e-05,0.8699460029602051
standard-20260717006590-ec657dafcc0d,edge1,0,0,1,1,285,r3,-0.0022099079849451364,inf,0.00018715858459472656,-0.7598571181297302,0.00041732192039489746,-0.4422277808189392,0.0010511279106140137,-0.8590389490127563,0.0011296868324279785,-0.2646562159061432,0.00018715858459472656,-0.7598571181297302
standard-20260717006590-ec657dafcc0d,edge1,0,0,1,1,287,r3,-0.00019401013298669945,inf,0.000206679105758667,-0.28773754835128784,0.0005141794681549072,0.1717599630355835,7.033348083496094e-06,-0.814045250415802,0.0013239085674285889,0.17801819741725922,0.000206679105758667,-0.2877371907234192
standard-20260717006590-ec657dafcc0d,edge1,0,0,1,1,288,r3,-0.0002434799397796894,inf,0.00012800097465515137,-0.37531477212905884,0.00031065940856933594,0.11942548304796219,7.808208465576172e-06,-0.706148087978363,0.0009512901306152344,0.14580971002578735,0.00012800097465515137,-0.37531453371047974
standard-20260717006590-ec657dafcc0d,edge1,0,0,1,1,289,r3,0.0005594614781136986,inf,0.0007254183292388916,0.5367773175239563,0.0010775327682495117,0.8359078764915466,1.0251998901367188e-05,-0.8905672430992126,0.003653585910797119,0.8665598630905151,0.0007254183292388916,0.5367774367332458
standard-20260717006590-ec657dafcc0d,edge1,0,0,1,1,290,r3,-5.835369888629316e-06,inf,0.0005423426628112793,0.15574245154857635,0.0010154247283935547,0.6459029912948608,0.00027430057525634766,-0.7017209529876709,0.0027616918087005615,0.7101527452468872,0.0005423426628112793,0.15574264526367188
standard-20260717006590-ec657dafcc0d,edge1,0,0,1,1,291,r3,-0.00048216834750980375,inf,0.0001296699047088623,-0.4369540810585022,0.0002727806568145752,0.03891480714082718,5.093216896057129e-05,-0.7321118712425232,0.0009401440620422363,0.12192501872777939,0.0001296699047088623,-0.43695396184921265
standard-20260717006590-ec657dafcc0d,edge1,0,0,1,1,292,r3,-0.0001928333895702128,inf,9.310245513916016e-05,-0.304735004901886,0.00021770596504211426,0.2302221655845642,3.069639205932617e-06,-0.6841152310371399,0.0007014870643615723,0.2367994487285614,9.310245513916016e-05,-0.3047352433204651
standard-20260717006590-ec657dafcc0d,edge1,0,0,1,1,293,r3,0.0005233490987028855,inf,0.0004768073558807373,0.4988515079021454,0.0007453560829162598,0.8277671933174133,1.0162591934204102e-05,-0.7738388776779175,0.0030726492404937744,0.8601764440536499,0.0004768073558807373,0.4988514184951782
standard-20260717006590-ec657dafcc0d,edge1,0,0,1,1,294,r3,-2.5934781607617197e-05,inf,0.00039258599281311035,0.19114571809768677,0.0007301568984985352,0.6703883409500122,0.00020313262939453125,-0.5442653298377991,0.0023553967475891113,0.7464309930801392,0.00039258599281311035,0.19114597141742706
standard-20260717006590-ec657dafcc0d,edge1,0,0,1,1,295,r3,0.0006417288461342263,inf,8.252263069152832e-05,0.8655089139938354,0.0001538693904876709,0.9545915126800537,7.483363151550293e-05,-0.27460813522338867,0.00039196014404296875,0.9557273387908936,8.252263069152832e-05,0.8655089735984802
standard-20260717006590-ec657dafcc0d,edge1,0,0,1,1,296,r3,-0.002099769762640369,inf,0.00021204352378845215,-0.7306333780288696,0.00047385692596435547,-0.3928849399089813,0.0010156035423278809,-0.8545375466346741,0.0012471675872802734,-0.21673603355884552,0.00021204352378845215,-0.7306334972381592
standard-20260717006590-ec657dafcc0d,edge1,0,0,1,1,297,r3,-0.000590214756892804,inf,0.00020298361778259277,-0.7042146921157837,0.0010677576065063477,-0.30510175228118896,1.4901161193847656e-07,-0.7279067635536194,0.002856642007827759,-0.47976067662239075,0.00020298361778259277,-0.7042146921157837
standard-20260717006590-ec657dafcc0d,edge1,0,0,1,1,298,r3,-0.0001635648557778424,inf,0.00013360381126403809,-0.26658809185028076,0.0003345906734466553,0.25859326124191284,1.4603137969970703e-06,-0.7714465856552124,0.000988095998764038,0.26454997062683105,0.00013360381126403809,-0.26658788323402405
standard-20260717006590-ec657dafcc0d,edge1,0,0,1,1,299,r3,0.000484069272199239,inf,0.0006774067878723145,0.5091464519500732,0.0010124742984771729,0.8226093053817749,1.6063451766967773e-05,-0.8621236681938171,0.0034504830837249756,0.8596447110176086,0.0006774067878723145,0.509146511554718
standard-20260717006590-ec657dafcc0d,edge1,0,0,1,1,300,r3,5.004200432456862e-05,inf,0.0006640255451202393,0.18152503669261932,0.0012489557266235352,0.658115804195404,0.00027120113372802734,-0.7605931758880615,0.003277212381362915,0.7171931862831116,0.0006640255451202393,0.18152475357055664
dense-20260718008387-83051dd35b1d,multi,0,2,0,0,17,r2,0.011699455169477568,inf,0.10521361231803894,0.9904738664627075,0.3859468102455139,0.9940287470817566,0.0035309791564941406,0.9995313286781311,0.045792609453201294,0.9946607947349548,0.10521376132965088,0.9904738664627075
dense-20260718008387-83051dd35b1d,multi,0,2,0,0,18,r2,0.009524092331918421,inf,0.03988456726074219,0.9378522038459778,0.17527490854263306,0.927772581577301,0.02918344736099243,0.9954612255096436,0.014432191848754883,0.9652026295661926,0.0398845374584198,0.9378522634506226
dense-20260718008387-83051dd35b1d,multi,0,2,0,0,19,r2,0.006912433850653876,inf,0.05557182431221008,-0.28473806381225586,0.015511751174926758,-0.07167016714811325,0.9999854564666748,0.9999998807907104,0.0016497969627380371,0.4199898838996887,0.05557185411453247,-0.2847376763820648
standard-20260717006578-e17b52b3017b,zero,1,0,0,0,5,r1,0.005941653998942531,2.048284524570684,0.041729480028152466,-0.21327844262123108,0.0016439557075500488,0.18716362118721008,0.9999970197677612,0.4368855655193329,0.0015097558498382568,0.10282222926616669,0.041729480028152466,-0.2132776379585266
standard-20260717006578-e17b52b3017b,zero,1,0,0,0,6,r1,0.03154939016986269,2.2307142976047385,0.2974873483181,-0.27070146799087524,0.02839839458465576,-0.0064422194845974445,0.9999599456787109,0.9943782091140747,0.03157883882522583,0.010150441899895668,0.29748767614364624,-0.27070140838623047
standard-20260717006578-e17b52b3017b,zero,1,0,0,0,7,r1,0.02996303737315431,2.411937077593634,0.13508963584899902,-0.17852243781089783,0.0075328052043914795,0.18377293646335602,0.999991774559021,0.9998664855957031,0.011813879013061523,0.09089407324790955,0.1350894570350647,-0.17852212488651276
dense-20260718008628-6f510cf9de34,edge1,0,1,0,0,16,r1,0.03973359258763609,0.9058129613928029,0.9512938857078552,-0.9993616938591003,0.8836607336997986,-0.9954296946525574,0.0017350614070892334,-0.9599566459655762,0.9782308340072632,-0.9933249950408936,0.9512939453125,-0.9993616938591003
dense-20260718008628-6f510cf9de34,edge1,0,1,0,0,17,r1,0.05823594694301015,0.8324405335951531,0.02324119210243225,-0.9999902248382568,0.0006257891654968262,-0.9999354481697083,1.4901161193847656e-07,-0.9328627586364746,0.004153996706008911,-0.9998756051063538,0.02324119210243225,-0.9999902248382568
dense-20260718008628-6f510cf9de34,edge1,0,1,0,0,18,r1,0.05283741638261763,0.778115083223782,0.7094910740852356,-0.9999614953994751,0.04727184772491455,-0.9997907280921936,0.0,-1.0,0.13896608352661133,-0.9995642900466919,0.7094912528991699,-0.9999614953994751
dense-20260718008628-6f510cf9de34,edge1,0,1,0,0,22,r5,-0.00011205039486550383,0.7222994674066187,7.262825965881348e-05,-0.10382240265607834,0.0010427236557006836,-0.2451280951499939,3.1888484954833984e-06,-0.28080496191978455,0.0007494091987609863,0.27600306272506714,7.262825965881348e-05,-0.10382262617349625
dense-20260718008628-6f510cf9de34,edge1,0,1,0,0,23,r5,0.00010347125969234483,0.7028402301597522,1.3232231140136719e-05,0.13661473989486694,5.266070365905762e-05,0.31844425201416016,0.0,-0.9520803689956665,5.3763389587402344e-05,0.33765682578086853,1.3232231140136719e-05,0.13661488890647888
dense-20260718008628-6f510cf9de34,edge1,0,1,0,0,24,r5,-0.00029995046685593607,0.68119820133702,1.9371509552001953e-06,-0.25923630595207214,1.862645149230957e-05,-0.36653953790664673,5.662441253662109e-07,-0.798698902130127,1.2367963790893555e-05,-0.09618406742811203,1.9371509552001953e-06,-0.2592356503009796
dense-20260718008628-6f510cf9de34,edge1,0,1,0,0,25,r5,-0.0009334163323526656,0.6606354454443976,4.380941390991211e-06,-0.9441162943840027,2.709031105041504e-05,-0.9369689226150513,4.947185516357422e-05,-0.9999973177909851,1.4483928680419922e-05,-0.8733657598495483,4.380941390991211e-06,-0.9441162347793579
dense-20260718008628-6f510cf9de34,edge1,0,1,0,0,26,r5,-0.0009485422993028569,0.6304752852476919,4.023313522338867e-06,-0.7060967087745667,0.00040844082832336426,-0.6877691745758057,0.008807539939880371,-0.9798355102539062,0.0003712773323059082,-0.26392295956611633,4.023313522338867e-06,-0.7060970067977905
dense-20260718008628-6f510cf9de34,edge1,0,1,0,0,27,r5,0.0013307251004329723,0.6106599733150481,0.001057446002960205,0.9999997019767761,0.003491699695587158,0.9999999403953552,0.0,0.9999929666519165,0.0010761022567749023,1.0,0.001057446002960205,0.9999997019767761
dense-20260718008628-6f510cf9de34,edge1,0,1,0,0,28,r5,0.001631059518393041,0.6010807741133657,0.0045719146728515625,0.9998511075973511,0.008842796087265015,0.9999749660491943,8.085370063781738e-05,0.9999327659606934,0.0015974640846252441,0.9999887347221375,0.0045719146728515625,0.9998511075973511
dense-20260718008628-6f510cf9de34,edge1,0,1,0,0,29,r5,0.030167774355196353,0.5985357497064434,0.8872532248497009,0.9999659657478333,0.9978176355361938,0.9999725222587585,0.892465353012085,0.9999999403953552,0.9703114628791809,0.9999901056289673,0.8872533440589905,0.9999659657478333
standard-20260717006579-34c5d8999685,zero,1,0,0,0,15,r4,-0.06579041541622199,4.6705179400612264,0.10429880023002625,-1.0,0.9067336320877075,-1.0,0.0,-1.0,0.24305400252342224,-1.0,0.10429897904396057,-1.0
standard-20260717006579-34c5d8999685,zero,1,0,0,0,16,r4,-0.08496742430317128,4.545117174273366,0.9999935925006866,-1.0,0.9999998807907104,-1.0,0.0,-1.0,0.9999991655349731,-1.0,0.9999935626983643,-1.0
standard-20260717006579-34c5d8999685,zero,1,0,0,0,17,r4,-0.09403026154126193,inf,0.07384222745895386,-1.0,0.9715749025344849,-1.0,0.0,-1.0,0.37437212467193604,-1.0,0.07384192943572998,-1.0
standard-20260717006579-34c5d8999685,zero,1,0,0,0,29,r4,-0.0008625572451581576,inf,0.016775548458099365,-1.0,0.15101036429405212,-1.0,0.0,-1.0,0.014082342386245728,-1.0,0.016775518655776978,-1.0
standard-20260717006579-34c5d8999685,zero,1,0,0,0,30,r4,-0.0035437971021281545,inf,0.11474788188934326,-1.0,0.9711332321166992,-1.0,0.0,-1.0,0.8306376934051514,-1.0,0.11474806070327759,-1.0
standard-20260717006579-34c5d8999685,zero,1,0,0,0,31,r4,-0.002093348910389148,inf,0.9999908804893494,-1.0,0.9999997615814209,-1.0,0.0,-1.0,0.9999974966049194,-1.0,0.9999908804893494,-1.0
standard-20260717006579-34c5d8999685,zero,1,0,0,0,32,r4,0.0031013227190426207,inf,3.2782554626464844e-07,-0.9999999403953552,0.0009247660636901855,-1.0,0.0,-1.0,1.8835067749023438e-05,-0.9999995231628418,3.2782554626464844e-07,-0.9999999403953552
standard-20260717006579-34c5d8999685,zero,1,0,0,0,33,r4,0.0013636318573755357,inf,0.007643401622772217,-0.9999999403953552,0.8097027540206909,-1.0,0.0,-1.0,0.2540602684020996,-0.9999987483024597,0.007643401622772217,-0.9999999403953552
standard-20260717006579-34c5d8999685,zero,1,0,0,0,34,r4,0.013748662823716451,inf,0.27244460582733154,-0.9999999403953552,0.9946698546409607,-0.9999999403953552,0.0,-1.0,0.9718853831291199,-0.9999991655349731,0.27244406938552856,-0.9999999403953552
standard-20260717006579-34c5d8999685,zero,1,0,0,0,35,r4,0.04069297890313939,inf,0.7124332189559937,-0.9999178647994995,0.9502085447311401,-0.9998118877410889,0.0,-1.0,0.921322226524353,-0.998465895652771,0.7124328017234802,-0.9999178647994995
dense-20260718009059-89dc85a91dfa,multi,0,1,0,0,12,r3,0.0004304627428836083,0.761971921608995,2.9802322387695312e-08,0.9973796010017395,8.940696716308594e-08,0.9947183132171631,0.0,-1.0,0.0,0.9998724460601807,2.9802322387695312e-08,0.9973796010017395
dense-20260718009059-89dc85a91dfa,multi,0,1,0,0,13,r3,0.0045535723930465455,0.7647702417180717,0.00016516447067260742,-0.9910613894462585,0.0008670389652252197,-0.9988406300544739,1.8388032913208008e-05,-1.0,1.7881393432617188e-06,-0.9171526432037354,0.00016516447067260742,-0.9910613894462585
dense-20260718009059-89dc85a91dfa,multi,0,1,0,0,14,r3,0.017137110316452375,0.7528424610448422,0.999676525592804,-0.999995768070221,0.9999992847442627,-0.9999996423721313,0.0,-1.0,0.99973464012146,-0.9999886751174927,0.999676525592804,-0.999995768070221
dense-20260718009059-89dc85a91dfa,multi,0,1,0,0,16,r5,0.0010372605412293234,0.7352740400764436,1.6689300537109375e-05,0.999355137348175,0.003115057945251465,0.9998016357421875,0.0,1.0,0.00054168701171875,0.9999479651451111,1.6689300537109375e-05,0.999355137348175
dense-20260718009059-89dc85a91dfa,multi,0,1,0,0,17,r5,0.0010448587868867598,0.7343282368095198,6.523728370666504e-05,0.999785304069519,0.0031407177448272705,0.9999525547027588,1.4454126358032227e-05,0.9999963045120239,0.0011976063251495361,0.9999531507492065,6.523728370666504e-05,0.999785304069519
dense-20260718009059-89dc85a91dfa,multi,0,1,0,0,18,r5,0.0012103604576862992,0.7330734931671653,0.0023465752601623535,0.8366645574569702,0.04257798194885254,0.8588055968284607,0.9999978542327881,0.7845160365104675,0.030911028385162354,0.7874611616134644,0.0023465752601623535,0.8366645574569702
dense-20260718009059-89dc85a91dfa,multi,0,1,0,0,19,r5,0.016438187948919603,0.7129369415267335,0.09331578016281128,0.8528618812561035,0.07341828942298889,0.7594216465950012,1.0,0.7547086477279663,0.036939144134521484,0.653489887714386,0.09331586956977844,0.8528619408607483
dense-20260718009059-89dc85a91dfa,multi,0,1,0,0,21,r3,-0.031062411223580666,inf,8.004903793334961e-05,-0.9999999403953552,0.0009699165821075439,-1.0,0.0,-1.0,0.00017940998077392578,-0.9999994039535522,8.004903793334961e-05,-0.9999999403953552
dense-20260718009059-89dc85a91dfa,multi,0,1,0,0,22,r3,-0.013899049782728379,inf,0.007635176181793213,-1.0,0.22377121448516846,-1.0,0.0,-1.0,0.0031753182411193848,-1.0,0.007635176181793213,-1.0
dense-20260718009059-89dc85a91dfa,multi,0,1,0,0,23,r3,-0.02783336629151334,inf,1.0,-1.0,1.0,-1.0,0.0,-1.0,1.0,-1.0,1.0,-1.0
dense-20260718009059-89dc85a91dfa,multi,0,1,0,0,24,r3,-0.05257474927745964,inf,7.152557373046875e-06,-1.0,0.00033152103424072266,-1.0,0.0,-1.0,4.172325134277344e-06,-1.0,7.152557373046875e-06,-1.0
dense-20260718009059-89dc85a91dfa,multi,0,1,0,0,25,r3,-0.06860602992079734,inf,0.9999993741512299,-1.0,1.0,-1.0,0.0,-1.0,0.999995768070221,-1.0,0.9999994039535522,-1.0
dense-20260718009059-89dc85a91dfa,multi,0,1,0,0,26,r3,-0.1298913793557782,inf,0.9999864101409912,-1.0,0.9999685883522034,-1.0,0.0,-1.0,0.9995699524879456,-1.0,0.9999864101409912,-1.0
dense-20260718009059-89dc85a91dfa,multi,0,1,0,0,26,r5,-0.0009065895994916362,0.9986477553628728,5.364418029785156e-07,-0.995096743106842,0.0,-0.9835748076438904,0.0,-1.0,0.0,-0.7870990633964539,5.364418029785156e-07,-0.995096743106842
dense-20260718009059-89dc85a91dfa,multi,0,1,0,0,27,r3,-0.11062677991235059,inf,2.086162567138672e-07,-1.0,8.940696716308594e-08,-1.0,0.0,-1.0,3.5762786865234375e-07,-1.0,2.086162567138672e-07,-1.0
dense-20260718009059-89dc85a91dfa,multi,0,1,0,0,27,r5,-0.001176696857233761,1.109762058933808,1.7881393432617188e-07,-0.9966673254966736,8.940696716308594e-08,-0.9928504824638367,8.940696716308594e-07,-0.9969061613082886,5.960464477539063e-08,-0.9609562158584595,1.7881393432617188e-07,-0.9966673254966736
dense-20260718009059-89dc85a91dfa,multi,0,1,0,0,28,r5,-0.0010781391511891503,1.1391859973829968,0.0,-0.7807227969169617,2.9802322387695312e-08,-0.6022443771362305,0.020725548267364502,1.0,5.960464477539063e-08,-0.357155978679657,0.0,-0.7807227969169617
dense-20260718009059-89dc85a91dfa,multi,0,1,0,0,29,r5,0.002663426407211289,1.1355454278925,1.2516975402832031e-06,0.6831302046775818,1.4603137969970703e-05,0.9284158945083618,0.0,1.0,5.963444709777832e-05,0.9459698796272278,1.2516975402832031e-06,0.6831304430961609
dense-20260718009059-89dc85a91dfa,multi,0,1,0,0,30,r5,0.0006145735017790699,1.1336959943339908,0.0004189014434814453,0.5367816090583801,0.009661257266998291,0.8369485139846802,0.0,-0.7437456846237183,0.028893768787384033,0.9163490533828735,0.0004189014434814453,0.5367817878723145
dense-20260718009059-89dc85a91dfa,multi,0,1,0,0,31,r3,0.00026593267078833804,inf,0.006324350833892822,-1.0,0.001297980546951294,-1.0,0.0,-1.0,0.0013715624809265137,-1.0,0.006324321031570435,-1.0
dense-20260718009059-89dc85a91dfa,multi,0,1,0,0,31,r5,-0.001475372020199428,1.1349953402256263,2.4437904357910156e-06,-0.5900346040725708,3.674626350402832e-05,-0.07586488872766495,0.0,0.9999637603759766,0.00012135505676269531,0.2805943489074707,2.4437904357910156e-06,-0.5900340676307678
dense-20260718009059-89dc85a91dfa,multi,0,1,0,0,32,r3,-0.022878648181817507,inf,0.9999999403953552,-1.0,1.0,-1.0,0.0,-1.0,0.9999995827674866,-1.0,0.9999999403953552,-1.0
dense-20260718009059-89dc85a91dfa,multi,0,1,0,0,32,r5,0.0005158789264405605,1.156919839024471,5.960464477539063e-08,0.30250614881515503,2.384185791015625e-06,0.8151543140411377,0.0,0.9999895095825195,1.0162591934204102e-05,0.8972235918045044,5.960464477539063e-08,0.3025060296058655
dense-20260718009059-89dc85a91dfa,multi,0,1,0,0,33,r3,-0.0770974487244358,inf,0.9999691247940063,-1.0,0.9999939203262329,-1.0,0.0,-1.0,0.9983454346656799,-1.0,0.9999691247940063,-1.0
dense-20260718009059-89dc85a91dfa,multi,0,1,0,0,33,r5,0.0006411426512124008,1.232440215864611,2.6345252990722656e-05,0.6959629058837891,0.00031325221061706543,0.8936107754707336,0.0,0.9999997615814209,0.0008858442306518555,0.9336615800857544,2.6345252990722656e-05,0.6959627270698547
dense-20260718009059-89dc85a91dfa,multi,0,1,0,0,34,r3,-0.10397742665432541,inf,0.999974250793457,-1.0,0.9999951124191284,-1.0,0.0,-1.0,0.9994411468505859,-0.9999998807907104,0.999974250793457,-1.0
dense-20260718009059-89dc85a91dfa,multi,0,1,0,0,34,r5,-0.002853643451338206,1.33896307617584,0.0,-0.9598239660263062,0.0,-0.936234176158905,0.17206427454948425,0.9999983906745911,0.0,-0.8043650984764099,0.0,-0.9598239660263062
dense-20260718009059-89dc85a91dfa,multi,0,1,0,0,35,r3,-0.09052747113091497,inf,0.9997084140777588,-0.9999996423721313,0.9991111755371094,-0.9999999403953552,0.0,-1.0,0.9474557638168335,-0.9999948143959045,0.9997084140777588,-0.9999996423721313
dense-20260718009059-89dc85a91dfa,multi,0,1,0,0,35,r5,0.000997545294738833,1.4291493488169298,8.046627044677734e-07,0.7113025188446045,1.0579824447631836e-05,0.9129661321640015,0.7115437984466553,1.0,1.4990568161010742e-05,0.9617553949356079,8.046627044677734e-07,0.7113020420074463
dense-20260718009059-89dc85a91dfa,multi,0,1,0,0,36,r3,-0.07631857884937343,inf,0.9972981214523315,-0.9996170401573181,0.9468595385551453,-0.9998595714569092,0.0,-1.0,0.13412809371948242,-0.9828362464904785,0.9972981214523315,-0.9996170401573181
dense-20260718009059-89dc85a91dfa,multi,0,1,0,0,36,r5,0.0008296679667471052,1.506214727126089,0.0,0.9414697289466858,2.086162567138672e-07,0.9902355670928955,0.02420368790626526,0.9999933242797852,9.834766387939453e-07,0.995722234249115,0.0,0.9414696097373962
dense-20260718009059-89dc85a91dfa,multi,0,1,0,0,37,r3,-0.06538399987889831,inf,0.9948378205299377,-0.6284695863723755,0.9913831949234009,-0.9381212592124939,0.0,-1.0,0.4871988296508789,0.245623379945755,0.9948378205299377,-0.6284689903259277
dense-20260718009059-89dc85a91dfa,multi,0,1,0,0,37,r5,0.0012428852509099864,1.5727980942779853,0.001564323902130127,0.999962568283081,0.05380120873451233,0.9999789595603943,4.76837158203125e-07,0.9997805953025818,0.021803081035614014,0.9999915361404419,0.001564323902130127,0.999962568283081
dense-20260718009059-89dc85a91dfa,multi,0,1,0,0,38,r3,-0.05513157990009643,inf,0.0022793710231781006,-0.9996540546417236,0.17479896545410156,-0.999979555606842,0.0,-1.0,0.0018967688083648682,-0.9989634156227112,0.0022793710231781006,-0.9996540546417236
dense-20260718009059-89dc85a91dfa,multi,0,1,0,0,38,r5,-0.005808397308302959,1.6347032812881024,0.0013990700244903564,-0.46220311522483826,0.006300568580627441,-0.8122973442077637,0.03835171461105347,0.9999998807907104,4.696846008300781e-05,0.5120893716812134,0.0013990700244903564,-0.4622041583061218
dense-20260718009059-89dc85a91dfa,multi,0,1,0,0,39,r3,-0.01718995611400187,inf,1.2218952178955078e-06,-0.9999856948852539,0.0001353621482849121,-0.9999984502792358,0.0,-1.0,3.2573938369750977e-05,-0.999946117401123,1.2218952178955078e-06,-0.9999856948852539
dense-20260718009059-89dc85a91dfa,multi,0,1,0,0,39,r5,0.03161431467581899,1.6265222038067955,0.9927812218666077,0.9667358994483948,0.82602858543396,0.9780725240707397,0.38176947832107544,0.999811589717865,0.042263954877853394,0.9966004490852356,0.9927812218666077,0.9667358994483948
dense-20260718009059-89dc85a91dfa,multi,0,1,0,0,40,r3,-0.00020979384221808672,inf,0.0,-0.9999999403953552,0.0,-0.9999999403953552,0.0,-1.0,0.0,-0.9999989867210388,0.0,-0.9999999403953552
dense-20260718009059-89dc85a91dfa,multi,0,1,0,0,41,r3,0.009303137994482347,inf,0.00025525689125061035,-1.0,0.09101352095603943,-1.0,0.0,-1.0,0.05464401841163635,-0.9999998211860657,0.00025525689125061035,-1.0
dense-20260718009059-89dc85a91dfa,multi,0,1,0,0,42,r3,-0.001387329566489015,inf,0.026146531105041504,-0.9999998807907104,0.9688053727149963,-1.0,0.0,-1.0,0.40291351079940796,-0.9999997615814209,0.02614659070968628,-0.9999998807907104
dense-20260718009059-89dc85a91dfa,multi,0,1,0,0,43,r3,0.018601116619457958,inf,0.7871947586536407,-0.9999915957450867,0.9834693670272827,-0.9999971985816956,0.0,-1.0,0.8143834471702576,-0.9999157786369324,0.7871947288513184,-0.9999915957450867
dense-20260718009059-89dc85a91dfa,multi,0,1,0,0,44,r3,-0.0061286999017067245,inf,5.424022674560547e-05,-0.9999242424964905,0.002222985029220581,-0.9999906420707703,0.0,-1.0,2.0563602447509766e-05,-0.9974885582923889,5.424022674560547e-05,-0.9999242424964905
dense-20260718009059-89dc85a91dfa,multi,0,1,0,0,47,r3,-0.0037349395380537054,inf,1.2814998626708984e-06,-1.0,0.0055303871631622314,-1.0,0.0,-1.0,0.00034874677658081055,-1.0,1.2814998626708984e-06,-1.0
dense-20260718009059-89dc85a91dfa,multi,0,1,0,0,48,r3,0.0003395340905139044,inf,0.0,-1.0,4.380941390991211e-06,-1.0,0.0,-1.0,2.2649765014648438e-06,-1.0,0.0,-1.0
dense-20260718009059-89dc85a91dfa,multi,0,1,0,0,49,r3,0.0040677653891627585,1.4552769056125665,0.0690189003944397,-0.9999998211860657,0.06746974587440491,-0.9999999403953552,0.0,-1.0,0.010675638914108276,-0.9999859929084778,0.06901901960372925,-0.9999998211860657
dense-20260718009059-89dc85a91dfa,multi,0,1,0,0,50,r3,0.015448687425836605,1.4458675856506977,0.9488487839698792,-0.9999764561653137,0.4733709692955017,-0.9999909996986389,0.0,-1.0,0.020639896392822266,-0.998067319393158,0.9488488435745239,-0.9999764561653137
dense-20260718009059-89dc85a91dfa,multi,0,1,0,0,51,r3,0.022693033009295815,inf,1.3709068298339844e-06,-0.30956390500068665,8.940696716308594e-07,-0.3597114086151123,0.0,-1.0,0.0,0.7300973534584045,1.3709068298339844e-06,-0.30956387519836426
dense-20260718009059-89dc85a91dfa,multi,0,1,0,0,55,r3,0.0022942941454446864,inf,0.0,-1.0,0.0,-1.0,0.0,-1.0,0.0,-1.0,0.0,-1.0
dense-20260718009059-89dc85a91dfa,multi,0,1,0,0,56,r3,0.00033127001052357663,inf,8.642673492431641e-07,-1.0,2.980232238769531e-07,-1.0,0.0,-1.0,2.682209014892578e-07,-1.0,8.642673492431641e-07,-1.0
dense-20260718009059-89dc85a91dfa,multi,0,1,0,0,57,r3,0.008637197438862598,1.452248083391392,0.9912413656711578,-0.9999998211860657,0.9880133867263794,-0.9999997019767761,0.0,-1.0,0.9912437200546265,-0.9999993443489075,0.9912413358688354,-0.9999998211860657
dense-20260718009059-89dc85a91dfa,multi,0,1,0,0,58,r3,0.026662579732557257,inf,0.9935955107212067,-0.9999977350234985,0.9970417022705078,-0.9999985694885254,0.0,-1.0,0.9768064618110657,-0.9999961256980896,0.993595540523529,-0.9999977350234985
dense-20260718009059-89dc85a91dfa,multi,0,1,0,0,66,r3,-0.054793590956718985,inf,1.817941665649414e-06,-1.0,0.00015360116958618164,-1.0,0.0,-1.0,0.0005627572536468506,-0.9999999403953552,1.817941665649414e-06,-1.0
dense-20260718009059-89dc85a91dfa,multi,0,1,0,0,67,r3,-0.022017624537642888,inf,2.9206275939941406e-06,-1.0,0.0005896091461181641,-1.0,0.0,-1.0,0.0025568902492523193,-1.0,2.9206275939941406e-06,-1.0
dense-20260718009059-89dc85a91dfa,multi,0,1,0,0,68,r3,0.0039196194135733275,inf,0.0,-1.0,1.8775463104248047e-06,-1.0,0.0,-1.0,5.543231964111328e-06,-1.0,0.0,-1.0
dense-20260718009059-89dc85a91dfa,multi,0,1,0,0,69,r3,0.0026706950718340394,inf,0.00016167759895324707,-1.0,0.013758033514022827,-1.0,0.0,-1.0,0.03366318345069885,-1.0,0.00016167759895324707,-1.0
dense-20260718009059-89dc85a91dfa,multi,0,1,0,0,70,r3,-0.005119453940580998,inf,0.9252049326896667,-0.9999998807907104,0.9911430478096008,-0.9999999403953552,0.0,-1.0,0.993168830871582,-0.999999463558197,0.925204873085022,-0.9999998807907104
dense-20260718009059-89dc85a91dfa,multi,0,1,0,0,71,r3,-0.022814364865363146,inf,0.0001252293586730957,-1.0,0.0007031261920928955,-1.0,0.0,-1.0,0.00038936734199523926,-1.0,0.0001252293586730957,-1.0
dense-20260718009059-89dc85a91dfa,multi,0,1,0,0,72,r3,-0.004610445364706672,inf,0.0032607316970825195,-1.0,0.05218765139579773,-1.0,0.0,-1.0,0.0379752516746521,-1.0,0.0032607316970825195,-1.0
dense-20260718009059-89dc85a91dfa,multi,0,1,0,0,73,r3,-0.00023373445221719358,inf,0.027259409427642822,-1.0,0.14043432474136353,-1.0,0.0,-1.0,0.2535099387168884,-0.9999999403953552,0.027259349822998047,-1.0
dense-20260718009059-89dc85a91dfa,multi,0,1,0,0,74,r3,0.0032516092006080743,inf,0.9849211871623993,-1.0,0.9904048442840576,-1.0,0.0,-1.0,0.9860538840293884,-1.0,0.9849212169647217,-1.0
dense-20260718009059-89dc85a91dfa,multi,0,1,0,0,75,r3,0.006416824417009304,inf,0.03562372922897339,-0.9999991655349731,0.032316237688064575,-0.9999992847442627,0.0,-1.0,0.004119277000427246,-0.9999917149543762,0.035623788833618164,-0.9999991655349731
dense-20260718009059-89dc85a91dfa,multi,0,1,0,0,76,r3,0.006720603956300364,inf,0.4729532543569803,-0.9999993443489075,0.4032631516456604,-0.9999994039535522,0.0,-1.0,0.08797857165336609,-0.9999935626983643,0.4729534387588501,-0.9999993443489075
dense-20260718009059-89dc85a91dfa,multi,0,1,0,0,77,r3,-0.0038353574477252295,inf,0.9812783896923065,-1.0,0.9389469623565674,-1.0,0.0,-1.0,0.857914924621582,-1.0,0.9812784194946289,-1.0
dense-20260718009059-89dc85a91dfa,multi,0,1,0,0,78,r3,-0.014963656054669094,inf,0.23891690373420715,-1.0,0.06479018926620483,-1.0,0.0,-1.0,0.0344909131526947,-0.9999999403953552,0.2389165759086609,-1.0
dense-20260718009059-89dc85a91dfa,multi,0,1,0,0,79,r3,-0.0039026250683780184,inf,0.014641523361206055,-1.0,0.018023371696472168,-1.0,0.0,-1.0,0.017317146062850952,-0.9999997615814209,0.01464146375656128,-1.0
dense-20260718009059-89dc85a91dfa,multi,0,1,0,0,80,r3,-0.006037651095613716,inf,0.8296938538551331,-0.9999974966049194,0.35856544971466064,-0.9999966025352478,0.0,-1.0,0.3818073272705078,-0.9999872446060181,0.8296940326690674,-0.9999974966049194
dense-20260718009059-89dc85a91dfa,multi,0,1,0,0,81,r3,-0.01705844715159155,inf,0.010099947452545166,-0.9999914169311523,0.0011282563209533691,-0.9999840259552002,0.0,-1.0,0.0025466978549957275,-0.9999487996101379,0.010099917650222778,-0.9999914169311523
dense-20260718009059-89dc85a91dfa,multi,0,1,0,0,82,r3,-0.010302578472010104,inf,0.15734148025512695,-0.999997615814209,0.027223318815231323,-0.999996542930603,0.0,-1.0,0.03971743583679199,-0.999986469745636,0.1573418378829956,-0.999997615814209
dense-20260718009059-89dc85a91dfa,multi,0,1,0,0,83,r3,-0.0020162392041387367,inf,0.00034043192863464355,-1.0,0.0001150667667388916,-1.0,0.0,-1.0,0.0011497139930725098,-1.0,0.00034043192863464355,-1.0
dense-20260718009059-89dc85a91dfa,multi,0,1,0,0,84,r3,0.0003725799523626172,inf,0.0053144097328186035,-0.9999919533729553,0.00022533535957336426,-0.9999809861183167,0.0,-1.0,0.0017873942852020264,-0.9999428391456604,0.0053144097328186035,-0.9999919533729553
dense-20260718009059-89dc85a91dfa,multi,0,1,0,0,85,r3,-6.399940967982687e-05,inf,4.6372413635253906e-05,-0.9999510049819946,0.00032407045364379883,-0.9999667406082153,0.0,-1.0,0.00011470913887023926,-0.9997787475585938,4.6372413635253906e-05,-0.9999510049819946
dense-20260718009059-89dc85a91dfa,multi,0,1,0,0,87,r3,0.024099794645602524,inf,0.7458998113870621,-0.9361439347267151,0.9540860652923584,-0.9582402110099792,0.9995983839035034,-1.0,0.6808574199676514,-0.8636074066162109,0.7459000945091248,-0.9361439943313599
dense-20260718009059-89dc85a91dfa,multi,0,1,0,0,88,r3,0.03684742023737275,inf,0.0004292726516723633,0.05259846895933151,0.11222323775291443,-0.2944088876247406,2.0563602447509766e-06,-1.0,0.009523600339889526,0.4897322654724121,0.0004292726516723633,0.05259864404797554
dense-20260718009059-89dc85a91dfa,multi,0,1,0,0,89,r3,0.03579888712788448,inf,0.9971395134925842,-0.999893844127655,0.9999210834503174,-0.9999842643737793,0.9999884366989136,-1.0,0.9978063106536865,-0.9999083280563354,0.9971394538879395,-0.999893844127655
dense-20260718009269-a1cc3c274349,multi,1,0,0,0,5,r1,-0.0011521125686790867,0.9041749351905768,2.4050474166870117e-05,-0.9884976148605347,3.650784492492676e-05,-0.8546288013458252,0.0,-0.9999467134475708,9.769201278686523e-05,-0.30489087104797363,2.4050474166870117e-05,-0.9884975552558899
dense-20260718009269-a1cc3c274349,multi,1,0,0,0,6,r1,-0.0007456682776152412,0.9217533348563988,0.001438736915588379,-0.9981217980384827,0.0021283626556396484,-0.9781966805458069,5.960464477539063e-08,-0.9999998807907104,0.005059748888015747,-0.9848337173461914,0.001438736915588379,-0.9981217980384827
dense-20260718009269-a1cc3c274349,multi,1,0,0,0,7,r1,0.026140602837434912,0.9267309286880738,0.632059171795845,-0.9276295304298401,0.3567890524864197,-0.6030240654945374,0.09942162036895752,-0.9999993443489075,0.662784993648529,-0.7911981344223022,0.6320589184761047,-0.9276295900344849
dense-20260718009269-a1cc3c274349,multi,1,0,0,0,15,r2,-0.0007072796773383017,0.8811121341287341,3.102421760559082e-05,-0.8593541979789734,4.8995018005371094e-05,-0.41981059312820435,0.0,-0.999998927116394,4.553794860839844e-05,-0.7392688989639282,3.102421760559082e-05,-0.8593541383743286
dense-20260718009269-a1cc3c274349,multi,1,0,0,0,16,r2,0.027287826172432528,0.904726206822803,0.320767343044281,-0.6007805466651917,0.4831312298774719,0.15122868120670319,0.0,-0.9999839067459106,0.5280739665031433,-0.49535471200942993,0.32076725363731384,-0.6007811427116394
dense-20260718009269-a1cc3c274349,multi,1,0,0,0,17,r2,0.02270501703149208,1.0168832234606562,0.044022560119628906,-0.5175554156303406,8.490681648254395e-05,0.035368822515010834,2.682209014892578e-07,-0.990203320980072,0.0004170536994934082,-0.3104079067707062,0.04402261972427368,-0.5175552368164062
dense-20260718009269-a1cc3c274349,multi,1,0,0,0,23,r2,-0.00195039308520073,1.0873735970658176,0.11232072114944458,-0.9230692386627197,0.6246721744537354,-0.18224045634269714,3.0994415283203125e-06,1.0,0.23618260025978088,-0.2930367588996887,0.11232078075408936,-0.9230690598487854
dense-20260718009269-a1cc3c274349,multi,1,0,0,0,23,r3,0.032142285695983985,1.0873735970658176,0.6762268543243408,-0.9421716928482056,0.024682223796844482,-0.8147228956222534,0.000950247049331665,0.9632225036621094,0.0011800825595855713,-0.09176637977361679,0.6762269735336304,-0.9421717524528503
dense-20260718009269-a1cc3c274349,multi,1,0,0,0,24,r2,0.006764644316126667,1.0472974650521234,0.004187256097793579,0.9961780905723572,0.022486984729766846,0.9997777938842773,1.1920928955078125e-07,0.9999915361404419,0.013551384210586548,0.9996370673179626,0.004187256097793579,0.9961780905723572
dense-20260718009269-a1cc3c274349,multi,1,0,0,0,24,r3,0.04470967858108299,1.0472974650521234,0.05511006712913513,0.7436677813529968,0.013411670923233032,0.8422088027000427,0.9999325275421143,1.0,0.0016570687294006348,0.9320431351661682,0.055110007524490356,0.7436677813529968
dense-20260718009269-a1cc3c274349,multi,1,0,0,0,25,r2,0.0010744365209339746,1.0425459127772052,8.940696716308594e-08,0.9623650312423706,2.086162567138672e-07,0.9942499995231628,9.179115295410156e-06,0.9997126460075378,4.172325134277344e-07,0.9979656338691711,8.940696716308594e-08,0.9623649716377258
dense-20260718009269-a1cc3c274349,multi,1,0,0,0,25,r3,0.006758110024504771,1.0425459127772052,0.001139998435974121,0.9979620575904846,0.0007971823215484619,0.9984250068664551,0.9991626739501953,1.0,0.0007895529270172119,0.9993327856063843,0.001139998435974121,0.9979620575904846
dense-20260718009269-a1cc3c274349,multi,1,0,0,0,26,r2,0.026592713152153724,1.025607479789361,0.1803075671195984,0.9920933842658997,0.21165156364440918,0.9974502325057983,1.2725591659545898e-05,0.9999998807907104,0.20409360527992249,0.999720573425293,0.18030759692192078,0.9920933246612549
standard-20260717006564-36f1982d1c77,edge1,0,3,0,0,29,r3,-0.055692947917693525,inf,0.9992771744728088,-1.0,0.9996840953826904,-1.0,0.0,-1.0,0.9959721565246582,-1.0,0.9992771744728088,-1.0
standard-20260717006564-36f1982d1c77,edge1,0,3,0,0,30,r3,-0.09038124026515026,inf,0.5233063381165266,-1.0,0.8134047985076904,-1.0,0.0,-1.0,0.054758310317993164,-1.0,0.5233057141304016,-1.0
standard-20260717006564-36f1982d1c77,edge1,0,3,0,0,31,r3,-0.09389705548381477,inf,0.9354158639907837,-1.0,0.9785627722740173,-1.0,0.0,-1.0,0.36653321981430054,-1.0,0.9354158043861389,-1.0
standard-20260717006564-36f1982d1c77,edge1,0,3,0,0,32,r3,-0.08907345212321649,inf,0.31506870687007904,-1.0,0.3124113082885742,-1.0,0.0,-1.0,0.0067671239376068115,-1.0,0.31506845355033875,-1.0
standard-20260717006564-36f1982d1c77,edge1,0,3,0,0,33,r3,-0.08371611306528115,inf,0.9481722712516785,-1.0,0.902718186378479,-1.0,0.0,-1.0,0.1052115261554718,-0.9999999403953552,0.9481722116470337,-1.0
standard-20260717006564-36f1982d1c77,edge1,0,3,0,0,34,r3,-0.10143316425160387,inf,0.1685546338558197,-0.9999999403953552,0.118344247341156,-1.0,0.0,-1.0,0.0019323229789733887,-0.9999996423721313,0.16855502128601074,-0.9999999403953552
standard-20260717006564-36f1982d1c77,edge1,0,3,0,0,35,r3,-0.09518398567428499,inf,0.9665536880493164,-1.0,0.9237335920333862,-1.0,0.0,-1.0,0.3329598307609558,-1.0,0.9665535688400269,-1.0
standard-20260717006564-36f1982d1c77,edge1,0,3,0,0,36,r3,-0.11113532309649421,inf,0.001471787691116333,-1.0,0.0010143518447875977,-1.0,0.0,-1.0,0.00015795230865478516,-1.0,0.001471787691116333,-1.0
standard-20260717006564-36f1982d1c77,edge1,0,3,0,0,39,r3,0.0006543172299284805,inf,0.00134962797164917,-1.0,0.0016562044620513916,-1.0,0.0,-1.0,0.0004719197750091553,-1.0,0.00134962797164917,-1.0
standard-20260717006564-36f1982d1c77,edge1,0,3,0,0,40,r3,-0.022617465082486188,inf,0.9509990811347961,-0.9999675154685974,0.8620376586914062,-0.9999834895133972,0.0,-1.0,0.4220796525478363,-0.9998126029968262,0.9509990215301514,-0.9999675154685974
standard-20260717006564-36f1982d1c77,edge1,0,3,0,0,41,r3,-0.07419421714856522,inf,0.9726023077964783,-0.9921597838401794,0.9870796203613281,-0.9976750612258911,0.0,-1.0,0.7545912265777588,-0.9772804379463196,0.9726023077964783,-0.9921598434448242
standard-20260717006564-36f1982d1c77,edge1,0,3,0,0,42,r3,-0.08437569956566704,inf,0.25869955122470856,-0.9986422657966614,0.5886269807815552,-0.9996567368507385,0.0,-1.0,0.08360710740089417,-0.9969139099121094,0.2586997151374817,-0.9986422657966614
standard-20260717006564-36f1982d1c77,edge1,0,3,0,0,45,r3,0.005416913473360596,inf,0.000421673059463501,-0.9999997615814209,0.011640220880508423,-0.9999999403953552,0.0,-1.0,0.0025016963481903076,-0.9999993443489075,0.000421673059463501,-0.9999997615814209
standard-20260717006564-36f1982d1c77,edge1,0,3,0,0,46,r3,0.010889438986485978,inf,0.03195524215698242,-0.9999226927757263,0.895008385181427,-0.9999924302101135,0.0,-1.0,0.2291368842124939,-0.9997718334197998,0.031955182552337646,-0.9999226927757263
standard-20260717006564-36f1982d1c77,edge1,0,3,0,0,47,r3,-0.0004167046215528547,inf,0.11351031064987183,-0.9475148916244507,0.9311192631721497,-0.9896655678749084,0.0,-1.0,0.16148215532302856,-0.5171658396720886,0.1135103702545166,-0.9475148916244507
standard-20260717006564-36f1982d1c77,edge1,0,3,0,0,48,r3,-0.002246888391213231,inf,1.6063451766967773e-05,0.9767997860908508,0.0003744959831237793,0.935915470123291,0.0,-1.0,2.9802322387695312e-06,0.9988806843757629,1.6063451766967773e-05,0.9767997860908508
standard-20260717006564-36f1982d1c77,edge1,0,3,0,0,49,r3,-0.00023646244430253205,inf,4.1425228118896484e-06,0.9962183237075806,2.4139881134033203e-05,0.9915450215339661,0.0,-1.0,2.086162567138672e-07,0.9995895624160767,4.1425228118896484e-06,0.9962183237075806
standard-20260717006564-36f1982d1c77,edge1,0,3,0,0,50,r3,0.0022265821678553177,inf,0.0006750226020812988,-0.18806211650371552,0.029572874307632446,-0.820293128490448,0.0,-1.0,0.0002302229404449463,0.7667754888534546,0.0006750226020812988,-0.18806089460849762
standard-20260717006564-36f1982d1c77,edge1,0,3,0,0,51,r3,0.0006579459326698789,inf,0.051805198192596436,-0.9989162087440491,0.9033039808273315,-0.9999016523361206,0.0,-1.0,0.09838125109672546,-0.9919960498809814,0.051805317401885986,-0.9989162087440491
standard-20260717006564-36f1982d1c77,edge1,0,3,0,0,52,r3,-0.0008389797405630173,inf,0.06425440311431885,-0.601298987865448,0.897983729839325,-0.8993171453475952,0.0,-1.0,0.06674763560295105,0.5623573064804077,0.06425455212593079,-0.6012987494468689
standard-20260717006564-36f1982d1c77,edge1,0,3,0,0,53,r3,-0.0024391943715065256,inf,9.298324584960938e-06,0.9879146814346313,0.0002148747444152832,0.9625615477561951,0.0,-1.0,1.8477439880371094e-06,0.9991401433944702,9.298324584960938e-06,0.9879146814346313
standard-20260717006564-36f1982d1c77,edge1,0,3,0,0,54,r3,-0.0003975459791012437,inf,1.5497207641601562e-06,0.9935512542724609,1.379847526550293e-05,0.9740437865257263,0.0,-1.0,1.1920928955078125e-07,0.9993202090263367,1.5497207641601562e-06,0.9935512542724609
standard-20260717006564-36f1982d1c77,edge1,0,3,0,0,55,r3,0.0007585887901015997,inf,0.0008469223976135254,-0.1687050312757492,0.042149901390075684,-0.8196675181388855,0.0,-1.0,0.0003700554370880127,0.7332687973976135,0.0008469223976135254,-0.16870403289794922
standard-20260717006564-36f1982d1c77,edge1,0,3,0,0,56,r3,-0.00043359546980514807,inf,0.02209341526031494,-0.999354362487793,0.8251063823699951,-0.9999399781227112,0.0,-1.0,0.05340495705604553,-0.995176374912262,0.02209341526031494,-0.999354362487793
standard-20260717006564-36f1982d1c77,edge1,0,3,0,0,57,r3,-0.0030304161026768472,inf,0.5669350698590279,-0.9994267821311951,0.9935583472251892,-0.9999024868011475,0.0,-1.0,0.7510720491409302,-0.9899794459342957,0.5669353008270264,-0.9994267821311951
standard-20260717006564-36f1982d1c77,edge1,0,3,0,0,58,r3,0.00023149202542493974,inf,0.0005664825439453125,-0.6845083236694336,0.014372080564498901,-0.902427077293396,0.0,-1.0,0.00013628602027893066,0.7545160055160522,0.0005664527416229248,-0.6845082640647888
standard-20260717006564-36f1982d1c77,edge1,0,3,0,0,59,r3,-0.001300874294418053,inf,0.00014761090278625488,0.9967271685600281,0.0009630322456359863,0.9962005019187927,0.0,-1.0,9.864568710327148e-06,0.9998286962509155,0.00014761090278625488,0.9967271685600281
standard-20260717006564-36f1982d1c77,edge1,0,3,0,0,60,r3,0.001405228162589589,inf,7.113814353942871e-05,-0.8905404210090637,0.00023117661476135254,-0.9565448760986328,0.0,-1.0,1.3113021850585938e-06,-0.21142852306365967,7.113814353942871e-05,-0.8905404806137085
standard-20260717006564-36f1982d1c77,edge1,0,3,0,0,61,r3,-0.0024736176834647683,inf,0.00010675191879272461,0.9865763783454895,0.0005657076835632324,0.9861829280853271,0.0,-1.0,9.298324584960938e-06,0.9993608593940735,0.00010675191879272461,0.9865763783454895
standard-20260717006564-36f1982d1c77,edge1,0,3,0,0,62,r3,0.0036531372507047077,inf,7.849931716918945e-05,-0.8934294581413269,0.0002506375312805176,-0.9576247334480286,0.0,-1.0,1.4603137969970703e-06,-0.21817746758460999,7.849931716918945e-05,-0.8934290409088135
standard-20260717006564-36f1982d1c77,edge1,0,3,0,0,63,r3,-0.002069772166134465,inf,0.00011038780212402344,0.9865668416023254,0.0005731582641601562,0.9860458970069885,0.0,-1.0,9.655952453613281e-06,0.9993587732315063,0.00011038780212402344,0.9865669012069702
standard-20260717006564-36f1982d1c77,edge1,0,3,0,0,64,r3,-0.0002179811831146683,inf,1.2516975402832031e-06,0.9846134185791016,4.976987838745117e-06,0.973530650138855,0.0,-1.0,5.960464477539063e-08,0.9982163310050964,1.2516975402832031e-06,0.9846134185791016
standard-20260717006564-36f1982d1c77,edge1,0,3,0,0,66,r3,0.0008267913261068571,inf,0.051773250102996826,-0.996462881565094,0.503668487071991,-0.9992243051528931,0.0,-1.0,0.019098013639450073,-0.9297602772712708,0.051773279905319214,-0.996462881565094
standard-20260717006564-36f1982d1c77,edge1,0,3,0,0,67,r3,9.106195792907279e-05,inf,0.0029123425483703613,-0.7715517282485962,0.037969768047332764,-0.9131656885147095,0.0,-1.0,0.0004731714725494385,0.7338348031044006,0.0029123425483703613,-0.7715523838996887
standard-20260717006564-36f1982d1c77,edge1,0,3,0,0,68,r3,-0.0029851041775459386,inf,3.108382225036621e-05,0.9931031465530396,0.0001983642578125,0.9931914806365967,0.0,-1.0,3.248453140258789e-06,0.9994000196456909,3.108382225036621e-05,0.9931031465530396
dense-20260718009026-2691c66d60ce,multi,0,1,0,0,5,r5,0.03470489262259635,0.9029230517683345,0.750455766916275,-0.8464000225067139,0.03253650665283203,-0.8226613998413086,0.9999999403953552,0.5457859039306641,0.0007484555244445801,-0.6781936883926392,0.7504559755325317,-0.8464000821113586
dense-20260718009026-2691c66d60ce,multi,0,1,0,0,6,r5,0.05992839299923913,0.7222883121376582,0.20785540342330933,-0.9568823575973511,0.00020202994346618652,-0.8873605728149414,4.76837158203125e-07,-1.0,0.00010916590690612793,-0.695988655090332,0.20785528421401978,-0.9568822979927063
dense-20260718009026-2691c66d60ce,multi,0,1,0,0,7,r5,0.03451812140803279,0.6542556139348027,0.00013265013694763184,-0.9325517416000366,2.9802322387695312e-08,-0.6107179522514343,0.0,-1.0,1.4901161193847656e-07,-0.3839796185493469,0.00013265013694763184,-0.9325517416000366
dense-20260718009006-9ad8097a40ac,multi,0,1,0,0,11,r3,-0.0012746541901548225,0.6914244273480418,0.00011396408081054688,-0.9460430145263672,1.6033649444580078e-05,-0.6949803829193115,0.0,-0.999780535697937,6.267428398132324e-05,-0.8404300808906555,0.00011396408081054688,-0.9460429549217224
dense-20260718009006-9ad8097a40ac,multi,0,1,0,0,12,r3,0.003045747958413947,0.6823395071839975,0.03116065263748169,-0.997903048992157,0.009324789047241211,-0.988261878490448,0.0,-0.9999991059303284,0.05181369185447693,-0.9893481135368347,0.031160622835159302,-0.997903048992157
dense-20260718009006-9ad8097a40ac,multi,0,1,0,0,13,r3,0.021612311548661944,0.6583418000490434,0.985365629196167,-0.8318248391151428,0.9213721752166748,-0.698470950126648,0.0,0.9997063279151917,0.9562515616416931,-0.832111656665802,0.985365629196167,-0.8318248391151428
dense-20260718009006-9ad8097a40ac,multi,0,1,0,0,18,r5,0.04287988166593237,inf,0.9924241602420807,0.90859454870224,0.8951950073242188,0.8133774399757385,1.0,1.0,0.016580790281295776,0.9872376322746277,0.9924241304397583,0.9085947275161743
dense-20260718009006-9ad8097a40ac,multi,0,1,0,0,19,r5,0.1236469101833646,inf,1.0,-0.9970505833625793,1.0,-0.999193012714386,0.9999998807907104,1.0,0.9999423027038574,-0.8657940030097961,1.0,-0.9970505833625793
dense-20260718009006-9ad8097a40ac,multi,0,1,0,0,20,r5,0.17714465558812398,inf,1.0,-0.9999881386756897,1.0,-0.9999948143959045,0.9415802955627441,0.9999542236328125,1.0,-0.9999430775642395,1.0,-0.9999881386756897
dense-20260718008373-f0de0a37adec,multi,0,0,1,1,23,r1,0.0018248717661935032,0.8999679471450972,0.010367929935455322,-0.37943553924560547,0.0009454488754272461,0.06987550109624863,0.00032588839530944824,0.6818709373474121,0.0003059804439544678,0.7091394066810608,0.010367929935455322,-0.37943530082702637
dense-20260718008373-f0de0a37adec,multi,0,0,1,1,24,r1,0.0008611728628523663,0.8998415548490744,0.0005524158477783203,0.2926761507987976,0.00019252300262451172,0.5950796604156494,0.9942322373390198,0.9999966025352478,1.7434358596801758e-05,0.7998687624931335,0.0005524158477783203,0.29267647862434387
dense-20260718008373-f0de0a37adec,multi,0,0,1,1,25,r1,-1.5111340662787853e-05,0.9000455156744306,2.7626752853393555e-05,-0.2171219289302826,6.973743438720703e-06,0.030563130974769592,0.9997713565826416,0.9999998211860657,1.3113021850585938e-06,0.5635997653007507,2.7626752853393555e-05,-0.21712246537208557
dense-20260718008373-f0de0a37adec,multi,0,0,1,1,26,r1,-0.00018448007699833902,0.899739958941999,6.29425048828125e-05,-0.2148272544145584,2.0831823348999023e-05,0.18622685968875885,0.9995244741439819,0.9999998211860657,4.500150680541992e-06,0.6440654397010803,6.29425048828125e-05,-0.21482688188552856
dense-20260718008373-f0de0a37adec,multi,0,0,1,1,27,r1,3.3122102234828255e-05,0.8993120638884352,6.717443466186523e-05,0.0038608736358582973,2.434849739074707e-05,0.41322097182273865,0.9997810125350952,0.9999999403953552,4.678964614868164e-06,0.738201916217804,6.717443466186523e-05,0.0038610505871474743
dense-20260718008373-f0de0a37adec,multi,0,0,1,1,28,r1,3.657404499224359e-05,0.8991250127281465,4.7534704208374023e-05,0.02505416050553322,1.481175422668457e-05,0.35378265380859375,0.9999054670333862,0.9999999403953552,2.771615982055664e-06,0.7036195397377014,4.7534704208374023e-05,0.025053920224308968
dense-20260718008373-f0de0a37adec,multi,0,0,1,1,29,r1,2.46719813475349e-05,0.8999828094135796,4.318356513977051e-05,0.02478962019085884,1.3381242752075195e-05,0.3433588743209839,0.9998959302902222,0.9999999403953552,2.5331974029541016e-06,0.6990349292755127,4.318356513977051e-05,0.024788873270154
dense-20260718008373-f0de0a37adec,multi,0,0,1,1,30,r1,1.2121613874704895e-05,0.9001325610204335,4.908442497253418e-05,0.01569654978811741,1.5050172805786133e-05,0.3292776942253113,0.9998824596405029,0.9999999403953552,2.8014183044433594e-06,0.6933627724647522,4.908442497253418e-05,0.015695951879024506
dense-20260718008373-f0de0a37adec,multi,0,0,1,1,31,r1,-1.075425800911578e-05,0.9004133669757516,4.64022159576416e-05,-0.0022525135427713394,1.4543533325195312e-05,0.3116483688354492,0.9998633861541748,0.9999999403953552,2.7418136596679688e-06,0.6846683621406555,4.64022159576416e-05,-0.0022529326379299164
dense-20260718008373-f0de0a37adec,multi,0,0,1,1,32,r1,-2.1976691031433404e-06,0.8998473537757846,4.673004150390625e-05,-0.0025816780980676413,1.5020370483398438e-05,0.3180831968784332,0.9998431205749512,0.9999999403953552,2.86102294921875e-06,0.691007137298584,4.673004150390625e-05,-0.002582514425739646
dense-20260718008373-f0de0a37adec,multi,0,0,1,1,33,r1,-1.8958307915761807e-06,0.8998494100435794,4.3511390686035156e-05,-0.0021304734982550144,1.4096498489379883e-05,0.3219299018383026,0.9998452663421631,0.9999999403953552,2.682209014892578e-06,0.6931948065757751,4.3511390686035156e-05,-0.0021315780468285084
dense-20260718008373-f0de0a37adec,multi,0,0,1,1,34,r1,-1.362105424485005e-05,0.8994186093194166,4.750490188598633e-05,-0.010183069854974747,1.52587890625e-05,0.31184276938438416,0.9998530149459839,0.9999999403953552,2.9206275939941406e-06,0.688772439956665,4.750490188598633e-05,-0.010183310136198997
dense-20260718008373-f0de0a37adec,multi,0,0,1,1,35,r1,-1.6024446697182615e-05,0.8994601152981518,4.13060188293457e-05,-0.013783027417957783,1.3232231140136719e-05,0.31868308782577515,0.9998520016670227,0.9999999403953552,2.5331974029541016e-06,0.6906386017799377,4.13060188293457e-05,-0.013782701455056667
dense-20260718008373-f0de0a37adec,multi,0,0,1,1,36,r1,3.6873483785226924e-06,0.8989789355776456,4.652142524719238e-05,-0.002372377784922719,1.5050172805786133e-05,0.32558473944664,0.9998713731765747,0.9999999403953552,2.86102294921875e-06,0.6917151808738708,4.652142524719238e-05,-0.002372200833633542
dense-20260718008373-f0de0a37adec,multi,0,0,1,1,37,r1,-1.0198526911142647e-05,0.899637202790608,4.729628562927246e-05,-0.008090943098068237,1.5079975128173828e-05,0.31691479682922363,0.9998685121536255,0.9999999403953552,2.86102294921875e-06,0.6887669563293457,4.729628562927246e-05,-0.00809076614677906
dense-20260718008373-f0de0a37adec,multi,0,0,1,1,38,r1,1.460020120197525e-05,inf,4.938244819641113e-05,0.006399843841791153,1.5467405319213867e-05,0.33117878437042236,0.9998806118965149,0.9999999403953552,2.9206275939941406e-06,0.694481611251831,4.938244819641113e-05,0.00639924593269825
dense-20260718008373-f0de0a37adec,multi,0,0,1,1,39,r1,3.0691624084810964e-05,inf,5.40316104888916e-05,0.02133653685450554,1.6868114471435547e-05,0.3384922742843628,0.9998912811279297,0.9999999403953552,3.159046173095703e-06,0.6963930130004883,5.40316104888916e-05,0.021335670724511147
dense-20260718008373-f0de0a37adec,multi,0,0,1,1,40,r1,-6.453176031206986e-06,inf,4.813075065612793e-05,0.0021936281118541956,1.5020370483398438e-05,0.31400179862976074,0.9998778104782104,0.9999999403953552,2.8312206268310547e-06,0.6862701177597046,4.813075065612793e-05,0.0021936858538538218
dense-20260718008373-f0de0a37adec,multi,0,0,1,1,41,r1,-4.807649735483199e-06,inf,4.8607587814331055e-05,-0.003070521866902709,1.5467405319213867e-05,0.31647226214408875,0.9998675584793091,0.9999999403953552,2.8908252716064453e-06,0.6870035529136658,4.8607587814331055e-05,-0.0030707919504493475
dense-20260718008373-f0de0a37adec,multi,0,0,1,1,42,r1,4.105826988787253e-06,inf,5.1915645599365234e-05,0.0006681400118395686,1.6510486602783203e-05,0.3235791027545929,0.9998571276664734,0.9999999403953552,3.129243850708008e-06,0.6914613842964172,5.1915645599365234e-05,0.0006679593352600932
dense-20260718008373-f0de0a37adec,multi,0,0,1,1,44,r1,0.00023021754010932316,inf,0.00030687451362609863,0.2561056315898895,9.500980377197266e-05,0.4404565095901489,0.998714804649353,0.9999986290931702,9.566545486450195e-06,0.7580974698066711,0.00030687451362609863,0.25610578060150146
dense-20260718008373-f0de0a37adec,multi,0,0,1,1,45,r1,0.005128073796422938,inf,0.035325586795806885,-0.1534670889377594,0.0062951743602752686,-0.06226663291454315,0.10867387056350708,0.9204868078231812,0.0006138086318969727,0.6068516969680786,0.03532561659812927,-0.15346752107143402
dense-20260718008373-f0de0a37adec,multi,0,0,1,1,46,r1,0.0048648359635330984,inf,0.024039357900619507,-0.18612591922283173,0.0031214356422424316,0.2601175904273987,0.008494526147842407,0.424079567193985,0.0012772679328918457,0.7257157564163208,0.024039357900619507,-0.1861262172460556
dense-20260718008373-f0de0a37adec,multi,0,0,1,1,47,r1,0.0008064592892199074,inf,0.002636730670928955,-0.6930460929870605,0.00025895237922668457,-0.5227867364883423,0.9413468837738037,0.999967634677887,3.314018249511719e-05,0.038673654198646545,0.002636730670928955,-0.693045973777771
dense-20260718008373-f0de0a37adec,multi,0,0,1,1,48,r1,-0.0004036238687928906,inf,0.00013241171836853027,0.1916813850402832,4.76837158203125e-05,0.6387516260147095,0.9995352625846863,1.0,1.2934207916259766e-05,0.8607270121574402,0.00013241171836853027,0.19168159365653992
dense-20260718008373-f0de0a37adec,multi,0,0,1,1,49,r1,0.0003023582012071646,inf,0.0021031200885772705,0.05441994220018387,0.001556396484375,0.1377866268157959,0.9962247014045715,1.0,0.0003508627414703369,0.7203620076179504,0.0021031200885772705,0.05442025139927864
dense-20260718008373-f0de0a37adec,multi,0,0,1,1,50,r1,0.0005136923001792804,inf,0.0008130669593811035,0.7931820154190063,0.0008386671543121338,0.8208916187286377,0.9962747097015381,1.0,0.0002117156982421875,0.9127254486083984,0.0008130669593811035,0.7931818962097168
dense-20260718008373-f0de0a37adec,multi,0,0,1,1,51,r1,1.807518683771825e-05,inf,0.00014096498489379883,0.3249600827693939,3.695487976074219e-05,0.3675846457481384,0.9990012645721436,0.9999978542327881,3.516674041748047e-06,0.7700013518333435,0.00014096498489379883,0.32495996356010437
dense-20260718008373-f0de0a37adec,multi,0,0,1,1,52,r1,0.0014518579378380303,inf,0.011775195598602295,-0.34867721796035767,0.0008655190467834473,-0.12315110862255096,0.009246826171875,0.9516720771789551,0.00025895237922668457,0.6549379825592041,0.011775195598602295,-0.3486766219139099
dense-20260718008373-f0de0a37adec,multi,0,0,1,1,53,r1,0.0027070475149700846,inf,0.016181200742721558,-0.41320285201072693,0.0011390745639801025,-0.07397281378507614,0.0031068921089172363,0.9329090714454651,0.0003565847873687744,0.6621838808059692,0.01618117094039917,-0.41320231556892395
dense-20260718008373-f0de0a37adec,multi,0,0,1,1,58,r1,0.0003529116027938817,inf,2.9802322387695312e-08,-0.7696387767791748,2.9802322387695312e-08,-0.7250465750694275,0.9999997615814209,1.0,0.0,-0.21151627600193024,2.9802322387695312e-08,-0.7696388959884644
dense-20260718008373-f0de0a37adec,multi,0,0,1,1,59,r1,-0.0005969035692533486,inf,0.0006577670574188232,0.4332601726055145,0.0002548694610595703,0.7480777502059937,0.9934519529342651,0.9999988675117493,2.232193946838379e-05,0.8727309703826904,0.0006577670574188232,0.43325987458229065
dense-20260718008373-f0de0a37adec,multi,0,0,1,1,60,r1,0.0001605005683587568,inf,2.6524066925048828e-05,0.241053506731987,1.671910285949707e-05,0.24908778071403503,0.9999995231628418,1.0,5.185604095458984e-06,0.6633379459381104,2.6524066925048828e-05,0.24105367064476013
dense-20260718008373-f0de0a37adec,multi,0,0,1,1,61,r1,0.0002749988788915414,inf,0.00038430094718933105,0.29791000485420227,0.00012364983558654785,0.4803425371646881,0.9983720183372498,0.9999982118606567,1.1533498764038086e-05,0.7716649770736694,0.00038430094718933105,0.29790982604026794
dense-20260718008373-f0de0a37adec,multi,0,0,1,1,62,r1,0.004646175080984971,inf,0.030746787786483765,-0.12072578817605972,0.005190104246139526,-0.041015490889549255,0.10049891471862793,0.908833384513855,0.0005211234092712402,0.6269055604934692,0.030746787786483765,-0.12072581052780151
dense-20260718008584-462d8fe08c02,multi,0,1,0,0,9,r2,0.003190381156903288,0.8889144246551526,0.027309149503707886,0.8549084067344666,0.7968766689300537,0.9707540273666382,0.0,-0.9999979138374329,0.6094806790351868,0.9661020636558533,0.027309119701385498,0.8549083471298218
dense-20260718008584-462d8fe08c02,multi,0,1,0,0,10,r2,0.03660397903811485,0.8159994609563925,0.9459437429904938,-0.8354299664497375,0.9977439641952515,-0.7043333053588867,1.621246337890625e-05,0.9999376535415649,0.9784333109855652,-0.24754714965820312,0.9459437131881714,-0.8354297876358032
dense-20260718008584-462d8fe08c02,multi,0,1,0,0,11,r2,0.04570647800168148,0.744538181510085,2.682209014892578e-07,-0.21801987290382385,1.7911195755004883e-05,0.5819951295852661,0.0,-0.9980595111846924,5.841255187988281e-06,0.8071540594100952,2.682209014892578e-07,-0.21801969408988953
dense-20260718009100-d654906a6c5c,multi,0,2,1,1,17,r5,-0.0007178606087996364,inf,0.0001227259635925293,-0.998466968536377,1.6570091247558594e-05,-0.9821723103523254,5.960464477539063e-08,0.999538004398346,0.0004925727844238281,-0.9443435668945312,0.0001227259635925293,-0.998466968536377
dense-20260718009100-d654906a6c5c,multi,0,2,1,1,18,r5,-0.0003543376811836474,inf,0.0019638538360595703,-0.8590725064277649,3.388524055480957e-05,0.21601003408432007,0.0,0.5838648676872253,0.000871807336807251,0.3862331211566925,0.0019638538360595703,-0.8590723872184753
dense-20260718009100-d654906a6c5c,multi,0,2,1,1,19,r5,0.0034486872628434195,inf,0.045709311962127686,0.9994865655899048,0.002901017665863037,0.9999692440032959,0.0,0.9999580979347229,0.01336321234703064,0.9998738169670105,0.04570934176445007,0.9994865655899048
dense-20260718009100-d654906a6c5c,multi,0,2,1,1,20,r5,0.0015967485951655647,inf,0.0007815659046173096,0.857367992401123,6.0111284255981445e-05,0.9950815439224243,0.0,-0.9384847283363342,0.00013965368270874023,0.9763551950454712,0.0007815659046173096,0.8573679327964783
dense-20260718009100-d654906a6c5c,multi,0,2,1,1,21,r5,-0.001620629399760709,inf,3.838539123535156e-05,-0.8722361326217651,1.1920928955078125e-06,0.1440475732088089,3.886222839355469e-05,0.9994465708732605,1.8924474716186523e-05,0.2243162989616394,3.838539123535156e-05,-0.8722361922264099
dense-20260718009100-d654906a6c5c,multi,0,2,1,1,22,r5,-0.0008727876035246052,inf,6.288290023803711e-05,-0.9357894659042358,3.5762786865234375e-07,0.14371393620967865,0.0,0.999952495098114,8.732080459594727e-06,0.04298420995473862,6.288290023803711e-05,-0.9357895255088806
dense-20260718009100-d654906a6c5c,multi,0,2,1,1,23,r5,0.005506901850029777,inf,0.08433258533477783,0.9998090863227844,0.011419862508773804,0.9999943971633911,0.0,0.9980027675628662,0.025860577821731567,0.9999574422836304,0.08433261513710022,0.9998090863227844
dense-20260718009100-d654906a6c5c,multi,0,2,1,1,24,r5,0.0025771402956948908,inf,2.956390380859375e-05,0.9843694567680359,2.8014183044433594e-06,0.9989203810691833,0.0,0.9992473125457764,5.7220458984375e-06,0.9947269558906555,2.956390380859375e-05,0.9843694567680359
dense-20260718009100-d654906a6c5c,multi,0,2,1,1,25,r5,-0.00040772501187213983,inf,0.00015306472778320312,-0.7811965346336365,7.778406143188477e-06,0.43940964341163635,1.1831521987915039e-05,0.8330385684967041,6.04093074798584e-05,0.3527333438396454,0.00015306472778320312,-0.7811964154243469
dense-20260718009100-d654906a6c5c,multi,0,2,1,1,26,r5,-0.00042135219865668816,inf,0.00018045306205749512,0.21712812781333923,7.241964340209961e-06,0.9385786652565002,0.0,0.9999996423721313,7.623434066772461e-05,0.9184241890907288,0.00018045306205749512,0.21712791919708252
dense-20260718009100-d654906a6c5c,multi,0,2,1,1,27,r5,-0.0011381811818427234,inf,0.00013870000839233398,-0.5700523853302002,3.606081008911133e-06,0.7713285088539124,1.1920928955078125e-07,0.9996330142021179,8.121132850646973e-05,0.7323831915855408,0.00013870000839233398,-0.5700516104698181
dense-20260718009100-d654906a6c5c,multi,0,2,1,1,28,r5,-0.0004029796984597045,inf,0.0003770589828491211,-0.4202229678630829,2.6464462280273438e-05,0.8322119116783142,0.0,0.9996005892753601,0.0005846619606018066,0.7778078317642212,0.0003770589828491211,-0.42022275924682617
dense-20260718009100-d654906a6c5c,multi,0,2,1,1,29,r5,0.004049874524271635,inf,0.008261919021606445,0.9984382390975952,0.00048670172691345215,0.9999598264694214,0.0,-0.4385845363140106,0.0014258325099945068,0.9997768402099609,0.008261919021606445,0.9984382390975952
dense-20260718009100-d654906a6c5c,multi,0,2,1,1,30,r5,0.0011270854205895908,inf,0.0008446574211120605,0.8168383240699768,6.35385513305664e-05,0.9938164353370667,0.0,-0.9711236953735352,0.00017765164375305176,0.97203129529953,0.0008446574211120605,0.8168383240699768
dense-20260718009100-d654906a6c5c,multi,0,2,1,1,31,r5,0.0036204166543811755,inf,4.51505184173584e-05,-0.9147356748580933,1.3113021850585938e-06,-0.08213192224502563,3.528594970703125e-05,0.9969742894172668,2.148747444152832e-05,0.035615868866443634,4.51505184173584e-05,-0.9147356152534485
dense-20260718009100-d654906a6c5c,multi,0,2,1,1,32,r5,0.0003783125520988584,inf,0.0003598332405090332,-0.9443062543869019,1.817941665649414e-05,-0.17586494982242584,0.0,0.9389022588729858,0.0006771087646484375,0.12770073115825653,0.0003598332405090332,-0.9443063139915466
dense-20260718009100-d654906a6c5c,multi,0,2,1,1,33,r5,5.509419412996763e-05,inf,0.0005396604537963867,-0.31270918250083923,5.1587820053100586e-05,0.8756943941116333,0.0,0.9998284578323364,0.0011619925498962402,0.8275550007820129,0.0005396604537963867,-0.31270986795425415
dense-20260718009100-d654906a6c5c,multi,0,2,1,1,34,r5,0.002306895726906344,inf,0.005606591701507568,0.9980179071426392,0.00035759806632995605,0.9999468326568604,0.0,-0.17382292449474335,0.0009655654430389404,0.9997129440307617,0.005606591701507568,0.9980178475379944
dense-20260718009100-d654906a6c5c,multi,0,2,1,1,35,r5,0.000968279167138375,inf,0.0008098483085632324,0.834270715713501,6.321072578430176e-05,0.994293212890625,0.0,-0.964455783367157,0.00016349554061889648,0.9736713767051697,0.0008098483085632324,0.834270715713501
dense-20260718009100-d654906a6c5c,multi,0,2,1,1,36,r5,0.0025400817735008463,inf,3.36766242980957e-05,-0.916672945022583,9.834766387939453e-07,-0.08214032649993896,2.473592758178711e-05,0.9983410239219666,1.671910285949707e-05,0.030918871983885765,3.36766242980957e-05,-0.916672945022583
dense-20260718009100-d654906a6c5c,multi,0,2,1,1,38,r5,-0.0004887389166876588,inf,0.00023090839385986328,-0.5316556096076965,6.645917892456055e-06,0.7762695550918579,0.0,0.9995054006576538,0.00014778971672058105,0.7046568393707275,0.00023090839385986328,-0.5316553115844727
dense-20260718009100-d654906a6c5c,multi,0,2,1,1,39,r5,-0.0002623277304443228,inf,0.0002837181091308594,-0.4383864104747772,1.96993350982666e-05,0.8287907838821411,0.0,0.9997117519378662,0.00043576955795288086,0.7671761512756348,0.0002837181091308594,-0.43838655948638916
dense-20260718009100-d654906a6c5c,multi,0,2,1,1,40,r5,0.001820677439834606,inf,0.006109774112701416,0.9983567595481873,0.0003591775894165039,0.9999570846557617,0.0,-0.28689709305763245,0.0010656416416168213,0.9997661113739014,0.006109744310379028,0.9983567595481873
dense-20260718009100-d654906a6c5c,multi,0,2,1,1,41,r5,0.0009063931063804098,inf,0.0006098449230194092,0.7889660596847534,4.70280647277832e-05,0.9930683970451355,0.0,-0.9729211926460266,0.00013884902000427246,0.9692440032958984,0.0006098449230194092,0.7889660000801086
dense-20260718009100-d654906a6c5c,multi,0,2,1,1,42,r5,0.0016915148728731122,inf,3.629922866821289e-05,-0.9256272315979004,9.834766387939453e-07,-0.12277470529079437,1.4990568161010742e-05,0.9974762201309204,1.7255544662475586e-05,-0.0031947980169206858,3.629922866821289e-05,-0.9256274104118347
dense-20260718009100-d654906a6c5c,multi,0,2,1,1,43,r5,-0.0006561511520402075,inf,0.00032708048820495605,-0.9445933699607849,1.5556812286376953e-05,-0.16925549507141113,0.0,0.9526575803756714,0.0005941987037658691,0.13538268208503723,0.00032708048820495605,-0.9445933699607849
dense-20260718009100-d654906a6c5c,multi,0,2,1,1,44,r5,-0.00010305120463249828,inf,0.00041928887367248535,-0.46584755182266235,3.8117170333862305e-05,0.829200267791748,0.0,0.9998405575752258,0.0008960962295532227,0.7674782872200012,0.00041928887367248535,-0.4658471941947937
dense-20260718009100-d654906a6c5c,multi,0,2,1,1,45,r5,0.0015345222809537429,inf,0.0006785690784454346,0.999764084815979,2.9295682907104492e-05,0.9999918341636658,0.0,0.9950393438339233,7.76052474975586e-05,0.999947726726532,0.0006785690784454346,0.999764084815979
dense-20260718009100-d654906a6c5c,multi,0,2,1,1,46,r5,0.0008386612055568676,inf,4.2051076889038086e-05,0.9670798778533936,1.8775463104248047e-06,0.9987432360649109,0.0,0.9253637790679932,6.943941116333008e-06,0.994530200958252,4.2051076889038086e-05,0.9670798778533936
dense-20260718009100-d654906a6c5c,multi,0,2,1,1,47,r5,0.0022192566931522606,inf,1.868605613708496e-05,-0.94157874584198,5.364418029785156e-07,-0.2740882635116577,3.793835639953613e-05,0.998901903629303,9.387731552124023e-06,-0.14273019134998322,1.868605613708496e-05,-0.94157874584198
dense-20260718009100-d654906a6c5c,multi,0,2,1,1,48,r5,-0.00035957239103101557,inf,0.0003615915775299072,-0.9488028883934021,1.8358230590820312e-05,-0.20801272988319397,0.0,0.9323939085006714,0.0007109344005584717,0.09480965882539749,0.0003615915775299072,-0.9488027691841125
dense-20260718009100-d654906a6c5c,multi,0,2,1,1,49,r5,-0.0002791363701715177,inf,0.00045603513717651367,-0.42306673526763916,3.674626350402832e-05,0.8444839119911194,0.0,0.9998012185096741,0.0009234249591827393,0.794268012046814,0.00045603513717651367,-0.42306676506996155
dense-20260718009100-d654906a6c5c,multi,0,2,1,1,50,r5,0.0012840951737822515,inf,0.005222886800765991,0.9983793497085571,0.00033286213874816895,0.9999562501907349,0.0,0.0936814397573471,0.000918656587600708,0.9997722506523132,0.005222886800765991,0.9983793497085571
dense-20260718009100-d654906a6c5c,multi,0,2,1,1,51,r5,0.0007458867557668114,inf,0.0005457103252410889,0.8225783705711365,4.3064355850219727e-05,0.9939735531806946,0.0,-0.9329657554626465,0.00011298060417175293,0.9724991917610168,0.0005457103252410889,0.8225783109664917
dense-20260718009100-d654906a6c5c,multi,0,2,1,1,52,r5,-0.0009245525714576264,inf,2.6851892471313477e-05,-0.9170212745666504,7.748603820800781e-07,-0.06084130331873894,1.2665987014770508e-05,0.9989368915557861,1.4126300811767578e-05,0.06469558924436569,2.6851892471313477e-05,-0.9170210957527161
dense-20260718009100-d654906a6c5c,multi,0,2,1,1,53,r5,-0.0008513317518450414,inf,0.00020000338554382324,-0.9549694061279297,9.059906005859375e-06,-0.2639586627483368,0.0,0.9606283903121948,0.00033470988273620605,0.03903086110949516,0.00020000338554382324,-0.9549693465232849
dense-20260718009100-d654906a6c5c,multi,0,2,1,1,54,r5,1.8341895336781988e-05,inf,0.0017657876014709473,0.2975846230983734,0.00011855363845825195,0.9626833200454712,0.0,0.9999882578849792,0.0013494789600372314,0.9271000623703003,0.0017657876014709473,0.297586053609848
dense-20260718009100-d654906a6c5c,multi,0,2,1,1,55,r5,0.0007817490184911513,inf,0.0016577839851379395,0.9866338968276978,0.0001258552074432373,0.9996113181114197,0.0,-0.6528115272521973,0.00032207369804382324,0.9979285597801208,0.0016577839851379395,0.9866338968276978
dense-20260718009100-d654906a6c5c,multi,0,2,1,1,56,r5,-0.002044580973197707,0.9088397704282168,0.0001601576805114746,-0.883074939250946,4.76837158203125e-06,0.046862225979566574,0.0001029670238494873,-0.46986252069473267,2.8014183044433594e-05,-0.2252584546804428,0.0001601576805114746,-0.883074939250946
dense-20260718009100-d654906a6c5c,multi,0,2,1,1,57,r5,-0.0009578021956317961,0.9187180618172851,0.0005345940589904785,-0.9095579981803894,3.635883331298828e-06,0.11763454973697662,0.0,0.9999966025352478,5.0127506256103516e-05,-0.10487145185470581,0.0005345940589904785,-0.9095578789710999
dense-20260718009100-d654906a6c5c,multi,0,2,1,1,59,r5,0.0007888300514984348,0.9249993677468841,0.00024053454399108887,0.9519070386886597,2.3245811462402344e-06,0.9968307018280029,0.0,-0.9986947178840637,1.4901161193847656e-06,0.9813642501831055,0.00024053454399108887,0.9519070982933044
dense-20260718009100-d654906a6c5c,multi,0,2,1,1,60,r5,-0.0005306685188788407,0.9239638284031488,3.167986869812012e-05,-0.804401159286499,2.384185791015625e-07,0.07454227656126022,3.0994415283203125e-06,-0.9528142809867859,2.115964889526367e-06,-0.05718934163451195,3.167986869812012e-05,-0.8044012784957886
dense-20260718009100-d654906a6c5c,multi,0,2,1,1,61,r5,-8.208138902476847e-05,0.9226199658560228,0.006344974040985107,-0.9251000881195068,0.0001264810562133789,-0.17435824871063232,0.0,0.7258096933364868,0.0034721791744232178,0.011354316025972366,0.006344974040985107,-0.9251000285148621
dense-20260718009100-d654906a6c5c,multi,0,2,1,1,62,r5,0.000670468121010348,0.9098701386373779,0.007298886775970459,0.8550872206687927,9.420514106750488e-05,0.9912872910499573,0.0,-0.9318156838417053,0.00018104910850524902,0.9627641439437866,0.007298886775970459,0.8550871014595032
dense-20260718009100-d654906a6c5c,multi,0,2,1,1,63,r5,0.0008018084808152359,0.860420588113008,0.0006244778633117676,0.7906133532524109,1.2695789337158203e-05,0.9849776029586792,0.0,-0.9999995231628418,9.626150131225586e-06,0.932288646697998,0.0006244778633117676,0.7906134128570557
dense-20260718009100-d654906a6c5c,multi,0,2,1,1,64,r5,-0.0002793165546801646,inf,0.00025594234466552734,-0.25804388523101807,1.7881393432617188e-06,0.5411691665649414,2.9802322387695312e-08,-0.9879816770553589,4.589557647705078e-06,0.41952213644981384,0.00025594234466552734,-0.258044570684433
dense-20260718009100-d654906a6c5c,multi,0,2,1,1,65,r5,0.00678078039040475,inf,0.07384821772575378,0.48259788751602173,0.00013938546180725098,0.920333206653595,0.0,-0.8784005045890808,0.000387728214263916,0.9006399512290955,0.07384803891181946,0.4825981557369232
dense-20260718009100-d654906a6c5c,multi,0,2,1,1,66,r5,0.0024773587612958448,inf,0.0031939446926116943,0.010894658975303173,7.033348083496094e-06,0.6788357496261597,0.0,0.011747058480978012,1.9937753677368164e-05,0.7460285425186157,0.0031939446926116943,0.010893688537180424
dense-20260718009100-d654906a6c5c,multi,0,2,1,1,67,r5,0.0032461188082069103,inf,0.04400801658630371,-0.7178043127059937,0.00010263919830322266,-0.34266406297683716,0.0,0.9796543717384338,0.00034874677658081055,-0.21537429094314575,0.04400798678398132,-0.7178042531013489
dense-20260718009100-d654906a6c5c,multi,0,2,1,1,68,r5,0.010731705171012518,inf,0.20996183156967163,0.6881661415100098,0.0004501640796661377,0.9650921821594238,0.0,-0.9744288325309753,0.0014484226703643799,0.9427615404129028,0.20996186137199402,0.6881664395332336
dense-20260718009100-d654906a6c5c,multi,0,2,1,1,72,r5,0.021648139526075805,inf,0.2816276550292969,-0.023146307095885277,0.00036963820457458496,0.5463576316833496,0.0,0.8988314867019653,0.0029503703117370605,0.7513479590415955,0.2816278338432312,-0.023147083818912506
dense-20260718009100-d654906a6c5c,multi,0,2,1,1,73,r5,0.01207241132180259,inf,0.004416316747665405,0.05257883667945862,6.586313247680664e-06,0.8153186440467834,0.0,0.07864437252283096,2.086162567138672e-05,0.8041279315948486,0.004416286945343018,0.05257831886410713
dense-20260718009100-d654906a6c5c,multi,0,2,1,1,74,r5,0.00041943284845857853,inf,0.00027501583099365234,-0.2513761818408966,7.152557373046875e-07,0.7148743867874146,0.0,-0.9986401200294495,1.7285346984863281e-06,0.43104737997055054,0.00027501583099365234,-0.2513754665851593
dense-20260718009100-d654906a6c5c,multi,0,2,1,1,78,r5,-0.0010434687832530098,inf,0.0219038724899292,-0.9770112633705139,2.4199485778808594e-05,-0.9106748700141907,0.0,0.9796299934387207,0.00024500489234924316,-0.8409030437469482,0.021903812885284424,-0.9770112633705139
dense-20260718009100-d654906a6c5c,multi,0,2,1,1,79,r5,0.022908695638739207,inf,0.3695009797811508,-0.04596392810344696,0.0007193684577941895,0.5570727586746216,0.0,0.703612208366394,0.004356950521469116,0.7212933897972107,0.36950060725212097,-0.04596484825015068
dense-20260718009100-d654906a6c5c,multi,0,2,1,1,80,r5,0.014390562019688025,inf,0.0020720958709716797,-0.05781625583767891,2.771615982055664e-06,0.7903673052787781,0.0,0.6365280151367188,1.0401010513305664e-05,0.7637879848480225,0.0020720958709716797,-0.05781656503677368
dense-20260718009100-d654906a6c5c,multi,0,2,1,1,86,r5,-0.0008486764098424304,inf,0.00042513012886047363,-0.8712092041969299,1.5795230865478516e-06,0.1851312816143036,0.0,-0.9893859028816223,1.8328428268432617e-05,-0.2124793976545334,0.00042513012886047363,-0.8712090253829956
dense-20260718009100-d654906a6c5c,multi,0,2,1,1,87,r5,-0.0014865206789617114,inf,0.007625490427017212,0.9990272521972656,4.246830940246582e-05,0.9999454617500305,0.0,-0.9533274173736572,7.405877113342285e-05,0.9995942711830139,0.007625490427017212,0.9990272521972656
dense-20260718009100-d654906a6c5c,multi,0,2,1,1,88,r5,0.000756167397203189,inf,2.35140323638916e-05,0.9872210025787354,3.5762786865234375e-07,0.9982929229736328,0.0,0.999604344367981,2.682209014892578e-07,0.9927338361740112,2.35140323638916e-05,0.9872210025787354
dense-20260718009100-d654906a6c5c,multi,0,2,1,1,89,r5,-0.002138104315092648,inf,9.685754776000977e-06,-0.7845250368118286,2.9802322387695312e-08,-0.11420629918575287,0.0,-0.9877808094024658,5.960464477539063e-08,-0.28632691502571106,9.685754776000977e-06,-0.7845249176025391
dense-20260718009100-d654906a6c5c,multi,0,2,1,1,90,r5,0.015578876186431612,inf,0.22604095935821533,-0.07865524291992188,0.0009990930557250977,0.8270459771156311,0.0,-0.6418011784553528,0.009095042943954468,0.7827072143554688,0.22604158520698547,-0.07865515351295471
dense-20260718009100-d654906a6c5c,multi,0,2,1,1,91,r5,0.006107551056924065,inf,5.1915645599365234e-05,-0.526979923248291,1.1920928955078125e-07,0.4986679255962372,0.0,-0.9687321186065674,3.2782554626464844e-07,0.1352802962064743,5.1915645599365234e-05,-0.5269796848297119
dense-20260718009100-d654906a6c5c,multi,0,2,1,1,92,r5,0.0016739631329129034,inf,0.000564277172088623,0.28604984283447266,3.516674041748047e-06,0.9308379888534546,0.0,-0.9999075531959534,9.357929229736328e-06,0.7580125331878662,0.000564277172088623,0.28604990243911743
dense-20260718009100-d654906a6c5c,multi,0,2,1,1,96,r5,-0.0013979149224983,inf,0.0018538832664489746,-0.7361734509468079,5.424022674560547e-06,0.28109362721443176,0.0,-0.4849824011325836,0.0001043081283569336,0.36377108097076416,0.0018538832664489746,-0.7361735701560974
dense-20260718009100-d654906a6c5c,multi,0,2,1,1,97,r5,0.012287333642034937,inf,0.1492558717727661,-0.9968454241752625,0.0017729997634887695,-0.9507920145988464,0.0,0.9768927693367004,0.06011083722114563,-0.931185245513916,0.14925608038902283,-0.9968454241752625
dense-20260718009100-d654906a6c5c,multi,0,2,1,1,98,r5,0.0023047934953772664,inf,0.0003930628299713135,-0.8825271129608154,1.4901161193847656e-06,0.20144771039485931,0.0,0.23165950179100037,1.850724220275879e-05,-0.3168560266494751,0.0003930628299713135,-0.8825270533561707
dense-20260718009100-d654906a6c5c,multi,0,2,1,1,99,r5,-0.0001276853068521433,inf,0.045974016189575195,0.9994757771492004,0.0002481043338775635,0.9999701976776123,0.0,-0.9995439052581787,0.0002663135528564453,0.9997614622116089,0.04597407579421997,0.9994757771492004
dense-20260718009100-d654906a6c5c,multi,0,2,1,1,100,r5,0.0009246389595124471,inf,2.4706125259399414e-05,0.9928894639015198,2.086162567138672e-07,0.9993029832839966,0.0,0.8815893530845642,1.4901161193847656e-07,0.9970467686653137,2.4706125259399414e-05,0.9928894639015198
dense-20260718009100-d654906a6c5c,multi,0,2,1,1,101,r5,0.0006734589868244711,inf,9.40561294555664e-05,0.9093828201293945,8.940696716308594e-07,0.9924144744873047,0.0,-0.9910376667976379,1.430511474609375e-06,0.9737963080406189,9.40561294555664e-05,0.9093828201293945
dense-20260718009100-d654906a6c5c,multi,0,2,1,1,102,r5,-0.002067161182328525,inf,6.41942024230957e-05,-0.9897335171699524,2.3245811462402344e-06,-0.8627923130989075,0.0,0.9912400245666504,0.000102996826171875,-0.7176855802536011,6.41942024230957e-05,-0.9897335171699524
dense-20260718009100-d654906a6c5c,multi,0,2,1,1,103,r5,0.015816801607796416,inf,0.22361516952514648,-0.9964565634727478,0.004633158445358276,-0.9360588192939758,0.0,0.8792508244514465,0.11397504806518555,-0.9179397821426392,0.22361546754837036,-0.9964565634727478
dense-20260718009100-d654906a6c5c,multi,0,2,1,1,104,r5,0.0070734799855245445,inf,0.0003310739994049072,-0.9045289754867554,1.3709068298339844e-06,0.07545929402112961,0.0,0.5239126086235046,1.6987323760986328e-05,-0.421371728181839,0.0003310739994049072,-0.9045289754867554
dense-20260718009100-d654906a6c5c,multi,0,2,1,1,109,r5,-0.0009368758667936961,inf,0.0008003115653991699,-0.9972636699676514,0.00019255280494689941,-0.9520800709724426,0.0,0.99821937084198,0.006781667470932007,-0.9238186478614807,0.0008003115653991699,-0.9972636699676514
dense-20260718009100-d654906a6c5c,multi,0,2,1,1,110,r5,-0.0008042453480282541,inf,0.0004343092441558838,-0.9939643740653992,1.1861324310302734e-05,-0.8336663246154785,0.0,0.999998152256012,0.0005325973033905029,-0.8895124197006226,0.0004343092441558838,-0.9939643740653992
dense-20260718009100-d654906a6c5c,multi,0,2,1,1,111,r5,-0.00034110556982036577,inf,0.02079746127128601,0.9986739754676819,0.00012600421905517578,0.9999363422393799,0.0,-0.992421567440033,0.00022289156913757324,0.9995815753936768,0.0207974910736084,0.9986739754676819
dense-20260718009100-d654906a6c5c,multi,0,2,1,1,112,r5,0.0004862046189348934,inf,1.2040138244628906e-05,0.9922201633453369,8.940696716308594e-08,0.9992261528968811,0.0,0.9449899792671204,8.940696716308594e-08,0.9969110488891602,1.2040138244628906e-05,0.9922201633453369
dense-20260718009100-d654906a6c5c,multi,0,2,1,1,113,r5,-0.0020444012349079,inf,2.0295381546020508e-05,-0.6798704862594604,1.7881393432617188e-07,0.5378233194351196,0.0,-0.9999565482139587,1.4007091522216797e-06,0.19797858595848083,2.0295381546020508e-05,-0.6798702478408813
dense-20260718009100-d654906a6c5c,multi,0,2,1,1,114,r5,-0.0007414236343075142,inf,0.0005176663398742676,-0.9297720193862915,2.473592758178711e-06,-0.09934922307729721,0.0,-0.22458221018314362,3.0875205993652344e-05,-0.5028021335601807,0.0005176663398742676,-0.9297720193862915
dense-20260718009100-d654906a6c5c,multi,0,2,1,1,115,r5,-0.0012048337702341705,inf,0.002356499433517456,0.9989765882492065,1.5676021575927734e-05,0.9999315738677979,0.0,0.04908381402492523,3.2395124435424805e-05,0.9995293021202087,0.002356499433517456,0.9989765882492065
dense-20260718009100-d654906a6c5c,multi,0,2,1,1,116,r5,0.0006379665580261706,inf,8.118152618408203e-05,0.9775471687316895,2.980232238769531e-07,0.9991317391395569,0.0,-0.9979638457298279,4.470348358154297e-07,0.9954198598861694,8.118152618408203e-05,0.9775471687316895
dense-20260718009100-d654906a6c5c,multi,0,2,1,1,117,r5,-0.0020868601707841883,inf,1.8805265426635742e-05,-0.9670746326446533,2.384185791015625e-07,-0.5844892859458923,0.0,-0.9999260902404785,1.2814998626708984e-06,-0.7052738666534424,1.8805265426635742e-05,-0.9670746922492981
dense-20260718009100-d654906a6c5c,multi,0,2,1,1,118,r5,-0.000847480111450083,inf,0.0009267628192901611,-0.9885454773902893,2.950429916381836e-05,-0.7622265219688416,0.0,0.4311057925224304,0.002955913543701172,-0.7407578825950623,0.0009267628192901611,-0.9885454773902893
dense-20260718009100-d654906a6c5c,multi,0,2,1,1,119,r5,0.0005084262211497714,inf,0.0025394558906555176,0.9944413900375366,1.8775463104248047e-05,0.9997442364692688,0.0,-0.9354611039161682,0.0001735091209411621,0.9989332556724548,0.0025394558906555176,0.9944413900375366
dense-20260718009100-d654906a6c5c,multi,0,2,1,1,120,r5,0.000737624840911888,inf,0.0006237626075744629,0.9592779874801636,2.3543834686279297e-06,0.9975710511207581,0.0,-0.9994547963142395,2.7120113372802734e-06,0.987832248210907,0.0006237626075744629,0.9592780470848083
dense-20260718009100-d654906a6c5c,multi,0,2,1,1,121,r5,-0.0018981010329847114,inf,2.300739288330078e-05,-0.9608449935913086,2.980232238769531e-07,-0.5232653617858887,0.0,-0.9999247789382935,1.5497207641601562e-06,-0.6599472761154175,2.300739288330078e-05,-0.9608450531959534
dense-20260718009100-d654906a6c5c,multi,0,2,1,1,122,r5,-0.0008852165468842266,inf,0.0009483397006988525,-0.9883309006690979,3.1501054763793945e-05,-0.7606422901153564,0.0,0.40001314878463745,0.0031291544437408447,-0.7377967834472656,0.0009483397006988525,-0.9883309006690979
dense-20260718009100-d654906a6c5c,multi,0,2,1,1,123,r5,0.0016387817661912552,inf,0.0024511218070983887,0.9938035607337952,1.806020736694336e-05,0.9997125267982483,0.0,-0.9457548260688782,0.00017029047012329102,0.9988171458244324,0.0024511218070983887,0.9938036203384399
dense-20260718009100-d654906a6c5c,multi,0,2,1,1,124,r5,0.0007695890300871699,inf,0.0006167888641357422,0.961135983467102,2.3245811462402344e-06,0.9976514577865601,0.0,-0.9994097948074341,2.6226043701171875e-06,0.9882901906967163,0.0006167888641357422,0.961135983467102
dense-20260718009100-d654906a6c5c,multi,0,2,1,1,125,r5,-0.0019692266851321083,inf,2.3424625396728516e-05,-0.9603392481803894,2.980232238769531e-07,-0.5180225968360901,0.0,-0.9999065399169922,1.5497207641601562e-06,-0.6562274098396301,2.3424625396728516e-05,-0.9603393077850342
dense-20260718009100-d654906a6c5c,multi,0,2,1,1,126,r5,-0.0008549670871627058,inf,0.000947117805480957,-0.9882340431213379,2.9742717742919922e-05,-0.7567009329795837,0.0,0.4506680369377136,0.0029768645763397217,-0.7331202626228333,0.000947117805480957,-0.9882340431213379
dense-20260718009100-d654906a6c5c,multi,0,2,1,1,127,r5,0.0010252787545633746,inf,0.0039479732513427734,0.9988312721252441,2.428889274597168e-05,0.999923586845398,0.0,-0.6479671597480774,4.920363426208496e-05,0.999467670917511,0.0039479732513427734,0.9988312721252441
dense-20260718009100-d654906a6c5c,multi,0,2,1,1,128,r5,0.0007636608366016207,inf,0.0006575882434844971,0.9625981450080872,2.473592758178711e-06,0.9977515935897827,0.0,-0.9993412494659424,2.8014183044433594e-06,0.988678514957428,0.0006575882434844971,0.9625982046127319
dense-20260718009100-d654906a6c5c,multi,0,2,1,1,130,r5,-0.0009836237893198208,inf,0.0005068480968475342,-0.9879466891288757,1.683831214904785e-05,-0.8140838742256165,0.0,0.8708319664001465,0.0014648139476776123,-0.7301384806632996,0.0005068480968475342,-0.9879466891288757
dense-20260718009100-d654906a6c5c,multi,0,2,1,1,131,r5,-0.000266658504828321,inf,8.362531661987305e-05,-0.1378403902053833,8.344650268554688e-07,0.8766043782234192,0.0,-0.9998566508293152,8.553266525268555e-06,0.73899906873703,8.362531661987305e-05,-0.13784076273441315
dense-20260718009100-d654906a6c5c,multi,0,2,1,1,132,r5,0.0008770151206834997,inf,0.007853567600250244,0.9975401759147644,3.8683414459228516e-05,0.9998764395713806,0.0,-0.99962317943573,4.0471553802490234e-05,0.999171257019043,0.007853597402572632,0.9975401759147644
dense-20260718009100-d654906a6c5c,multi,0,2,1,1,133,r5,0.0006744956395560164,inf,0.0009801983833312988,0.9111692905426025,8.13603401184082e-06,0.9945104122161865,0.0,-0.9994284510612488,1.0401010513305664e-05,0.9792649149894714,0.0009801983833312988,0.9111691117286682
dense-20260718009100-d654906a6c5c,multi,0,2,1,1,134,r5,-0.0002492247748085985,inf,9.059906005859375e-06,-0.9853360056877136,2.9802322387695312e-08,-0.8393523693084717,0.0,-0.9906706809997559,3.2782554626464844e-07,-0.8655622601509094,9.059906005859375e-06,-0.9853360056877136
dense-20260718009100-d654906a6c5c,multi,0,2,1,1,135,r5,0.01135392824950221,inf,0.15044647455215454,-0.9967110753059387,0.0022072792053222656,-0.9426920413970947,0.0,0.97071772813797,0.06903183460235596,-0.9252856373786926,0.15044674277305603,-0.9967110753059387
dense-20260718009100-d654906a6c5c,multi,0,2,1,1,136,r5,0.003212453703363316,inf,0.0007823705673217773,-0.9444647431373596,3.4570693969726562e-06,-0.19491854310035706,0.0,-0.9999217391014099,2.7835369110107422e-05,-0.5579357147216797,0.0007823705673217773,-0.9444646835327148
dense-20260718009100-d654906a6c5c,multi,0,2,1,1,137,r5,0.00165871846680965,inf,0.01880022883415222,0.9991825222969055,0.00010374188423156738,0.9999548196792603,0.0,-0.9977396726608276,0.0001188516616821289,0.9996175169944763,0.01880025863647461,0.9991825222969055
dense-20260718009100-d654906a6c5c,multi,0,2,1,1,138,r5,0.00051012918749338,inf,2.3484230041503906e-05,0.9954054951667786,5.960464477539063e-08,0.999438464641571,0.0,0.9781692028045654,8.940696716308594e-08,0.998472273349762,2.3484230041503906e-05,0.9954054951667786
dense-20260718009100-d654906a6c5c,multi,0,2,1,1,139,r5,0.0005410296024919159,inf,0.0007916092872619629,0.894612729549408,5.990266799926758e-06,0.9938997030258179,0.0,-0.9991640448570251,8.344650268554688e-06,0.9782675504684448,0.0007916092872619629,0.8946126699447632
dense-20260718009100-d654906a6c5c,multi,0,2,1,1,140,r5,-0.0019152907069971414,inf,5.8710575103759766e-06,-0.9988765120506287,1.4901161193847656e-07,-0.9805245399475098,5.960464477539063e-08,0.9998787045478821,5.0961971282958984e-06,-0.9587944149971008,5.8710575103759766e-06,-0.9988765120506287
dense-20260718009100-d654906a6c5c,multi,0,2,1,1,141,r5,0.004468719303605151,inf,0.05839774012565613,-0.9974770545959473,0.001233905553817749,-0.9417245388031006,0.0,0.1935727447271347,0.06464552879333496,-0.9534473419189453,0.05839768052101135,-0.9974770545959473
dense-20260718009100-d654906a6c5c,multi,0,2,1,1,142,r5,8.784977697895435e-05,inf,0.0005528926849365234,-0.9632298350334167,2.4437904357910156e-06,-0.38612741231918335,0.0,-0.999946653842926,2.1845102310180664e-05,-0.6674574613571167,0.0005528926849365234,-0.9632298350334167
dense-20260718009100-d654906a6c5c,multi,0,2,1,1,143,r5,-0.0002177197879085213,inf,0.0034249424934387207,0.9998382925987244,9.238719940185547e-06,0.9999902844429016,0.0,-0.6369116306304932,1.239776611328125e-05,0.9999245405197144,0.0034249424934387207,0.9998382925987244
dense-20260718009100-d654906a6c5c,multi,0,2,1,1,144,r5,0.0005342064634737964,inf,1.8775463104248047e-05,0.9952852725982666,5.960464477539063e-08,0.9994068145751953,0.0,0.975797712802887,5.960464477539063e-08,0.9983855485916138,1.8775463104248047e-05,0.9952852725982666
dense-20260718009100-d654906a6c5c,multi,0,2,1,1,145,r5,-0.0006068266084210405,inf,9.85860824584961e-05,-0.00561365345492959,6.258487701416016e-07,0.9046880006790161,0.0,-0.9999306797981262,4.738569259643555e-06,0.7865321636199951,9.85860824584961e-05,-0.005614698398858309
dense-20260718009100-d654906a6c5c,multi,0,2,1,1,146,r5,-0.0005712218830636884,inf,0.00011578202247619629,-0.989139974117279,4.172325134277344e-07,-0.8367703557014465,0.0,-0.9999985694885254,4.589557647705078e-06,-0.8826658725738525,0.00011578202247619629,-0.989139974117279
dense-20260718009100-d654906a6c5c,multi,0,2,1,1,147,r5,-0.0008864040869519529,inf,0.0020530521869659424,0.9037562608718872,1.2218952178955078e-05,0.9955907464027405,0.0,-0.9077414274215698,0.0001507103443145752,0.9852901697158813,0.0020530521869659424,0.9037562608718872
dense-20260718009100-d654906a6c5c,multi,0,2,1,1,148,r5,0.0006685840622252526,inf,0.00045046210289001465,0.9587549567222595,1.5497207641601562e-06,0.9974201321601868,0.0,-0.9990622401237488,2.0563602447509766e-06,0.9880305528640747,0.00045046210289001465,0.9587548971176147
dense-20260718009100-d654906a6c5c,multi,0,2,1,1,149,r5,-0.0016622234660337298,inf,1.823902130126953e-05,-0.9757565259933472,2.384185791015625e-07,-0.6752695441246033,0.0,-0.9999366402626038,1.2218952178955078e-06,-0.7690160870552063,1.823902130126953e-05,-0.9757565259933472
dense-20260718009100-d654906a6c5c,multi,0,2,1,1,151,r5,-0.001101804347891533,inf,4.246830940246582e-05,-0.9849472045898438,8.940696716308594e-08,-0.7997827529907227,0.0,-0.9999806880950928,1.4901161193847656e-06,-0.8664408922195435,4.246830940246582e-05,-0.984947144985199
dense-20260718009100-d654906a6c5c,multi,0,2,1,1,152,r5,-0.0003545793647798945,inf,0.0018222033977508545,-0.3363809287548065,3.5643577575683594e-05,0.8003600239753723,0.0,-0.9640139937400818,0.00021964311599731445,0.5210846066474915,0.0018222033977508545,-0.3363807499408722
dense-20260718009100-d654906a6c5c,multi,0,2,1,1,153,r5,0.0009200593710796401,inf,0.005992412567138672,0.9979944825172424,3.0368566513061523e-05,0.999886691570282,0.0,-0.9990715980529785,3.674626350402832e-05,0.9992242455482483,0.005992412567138672,0.9979944825172424
dense-20260718009100-d654906a6c5c,multi,0,2,1,1,154,r5,0.0006452639973314467,inf,7.969141006469727e-05,0.9826153516769409,1.7881393432617188e-07,0.9987112283706665,0.0,-0.7942460179328918,3.2782554626464844e-07,0.9949102401733398,7.969141006469727e-05,0.9826153516769409
dense-20260718009100-d654906a6c5c,multi,0,2,1,1,155,r5,-0.0016920764608083783,inf,3.069639205932617e-06,-0.9951677918434143,0.0,-0.9317325949668884,0.0,-0.9999996423721313,8.940696716308594e-08,-0.9459106922149658,3.069639205932617e-06,-0.9951677918434143
dense-20260718009100-d654906a6c5c,multi,0,2,1,1,156,r5,0.013516990142718344,inf,0.22926312685012817,-0.9081330895423889,0.004398077726364136,-0.10467443615198135,0.0,-0.9913651347160339,0.138778418302536,-0.27672314643859863,0.22926345467567444,-0.9081329107284546
dense-20260718009100-d654906a6c5c,multi,0,2,1,1,157,r5,0.005981305815611959,inf,0.0002384781837463379,-0.976341962814331,9.5367431640625e-07,-0.5570381879806519,0.0,-0.9997620582580566,9.179115295410156e-06,-0.7587127089500427,0.0002384781837463379,-0.976341962814331
dense-20260718009100-d654906a6c5c,multi,0,2,1,1,158,r5,0.0025216656451055863,inf,0.0013653337955474854,0.999793529510498,3.606081008911133e-06,0.9999872446060181,0.0,-0.2064352184534073,5.334615707397461e-06,0.9999046325683594,0.0013653337955474854,0.999793529510498
dense-20260718009100-d654906a6c5c,multi,0,2,1,1,162,r5,-0.0012672334594178158,inf,0.0005678832530975342,-0.9969667792320251,0.00023281574249267578,-0.9521068334579468,0.0,0.5552458763122559,0.019884049892425537,-0.937506914138794,0.0005678832530975342,-0.9969667792320251
dense-20260718009100-d654906a6c5c,multi,0,2,1,1,163,r5,-0.0006393097436260264,inf,0.0006939172744750977,-0.9978033900260925,2.339482307434082e-05,-0.9551371932029724,0.0,0.9845334887504578,0.001247316598892212,-0.9498406648635864,0.0006939172744750977,-0.9978033900260925
dense-20260718009100-d654906a6c5c,multi,0,2,1,1,164,r5,0.0006859693067715611,inf,0.009234338998794556,0.9989638328552246,4.3451786041259766e-05,0.9999404549598694,0.0,-0.9916408061981201,6.285309791564941e-05,0.9995508790016174,0.009234338998794556,0.9989638328552246
dense-20260718009100-d654906a6c5c,multi,0,2,1,1,165,r5,0.0005696835958215463,inf,5.125999450683594e-06,0.9244142770767212,0.0,0.9949100613594055,0.0,-0.9914571046829224,2.9802322387695312e-08,0.9876726865768433,5.125999450683594e-06,0.9244142770767212
dense-20260718009100-d654906a6c5c,multi,0,2,1,1,166,r5,-0.0001045849784258035,inf,6.54757022857666e-05,-0.09776671230792999,4.470348358154297e-07,0.894463300704956,0.0,-0.9998504519462585,3.516674041748047e-06,0.7608121037483215,6.54757022857666e-05,-0.09776686131954193
dense-20260718009100-d654906a6c5c,multi,0,2,1,1,167,r5,-0.0007845802109929245,inf,6.300210952758789e-05,-0.9941360354423523,2.086162567138672e-07,-0.9008573293685913,0.0,-0.9999910593032837,2.6226043701171875e-06,-0.9321159720420837,6.300210952758789e-05,-0.9941360354423523
dense-20260718009100-d654906a6c5c,multi,0,2,1,1,168,r5,0.0009734190381103236,inf,0.0021470189094543457,0.9726666808128357,1.2248754501342773e-05,0.9991146326065063,0.0,-0.998992383480072,0.0001023411750793457,0.996597945690155,0.0021470189094543457,0.9726667404174805
dense-20260718009100-d654906a6c5c,multi,0,2,1,1,169,r5,0.0006223824251164745,inf,3.889203071594238e-05,0.983654797077179,8.940696716308594e-08,0.9991098046302795,0.0,-0.9428945779800415,1.4901161193847656e-07,0.9962462782859802,3.889203071594238e-05,0.9836548566818237
dense-20260718009100-d654906a6c5c,multi,0,2,1,1,170,r5,-0.000624342287304569,inf,9.000301361083984e-06,-0.983514666557312,1.1920928955078125e-07,-0.7651423215866089,0.0,-0.9996092915534973,7.450580596923828e-07,-0.8282596468925476,9.000301361083984e-06,-0.9835146069526672
dense-20260718009100-d654906a6c5c,multi,0,2,1,1,171,r5,-0.0007913937919631353,inf,0.0005205273628234863,-0.996125340461731,1.4513731002807617e-05,-0.8981324434280396,0.0,0.9999987483024597,0.0007045865058898926,-0.9278242588043213,0.0005205273628234863,-0.996125340461731
dense-20260718009100-d654906a6c5c,multi,0,2,1,1,172,r5,-3.4324676079555694e-05,inf,0.0018087923526763916,0.9732562899589539,1.0520219802856445e-05,0.9991372227668762,0.0,-0.9988067150115967,8.812546730041504e-05,0.9966958165168762,0.0018087923526763916,0.9732562899589539
dense-20260718009100-d654906a6c5c,multi,0,2,1,1,173,r5,0.000590175385254188,inf,4.25875186920166e-05,0.9844169020652771,8.940696716308594e-08,0.9991583228111267,0.0,-0.9503499865531921,1.7881393432617188e-07,0.9964634776115417,4.25875186920166e-05,0.9844169020652771
dense-20260718009100-d654906a6c5c,multi,0,2,1,1,174,r5,-0.0004913830813398912,inf,9.864568710327148e-06,-0.9832723736763,1.1920928955078125e-07,-0.7627938985824585,0.0,-0.9996569752693176,8.046627044677734e-07,-0.8275129199028015,9.864568710327148e-06,-0.9832723736763
dense-20260718009100-d654906a6c5c,multi,0,2,1,1,175,r5,-0.0007527104283666652,inf,0.0006256103515625,-0.9965167045593262,1.7315149307250977e-05,-0.9086169004440308,0.0,0.9999979734420776,0.0008476674556732178,-0.9349946975708008,0.0006256103515625,-0.9965167045593262
dense-20260718009100-d654906a6c5c,multi,0,2,1,1,176,r5,6.997846651390915e-05,inf,0.0020731985569000244,0.9742410182952881,1.2010335922241211e-05,0.9991651177406311,0.0,-0.9988659024238586,9.989738464355469e-05,0.9968076944351196,0.0020731985569000244,0.9742410778999329
dense-20260718009100-d654906a6c5c,multi,0,2,1,1,177,r5,0.0006021997372366306,inf,4.982948303222656e-05,0.9837936758995056,1.1920928955078125e-07,0.9991384148597717,0.0,-0.9614732265472412,2.086162567138672e-07,0.9963197112083435,4.982948303222656e-05,0.9837936758995056
dense-20260718009100-d654906a6c5c,multi,0,2,1,1,178,r5,-0.000644452665671702,inf,2.440810203552246e-05,-0.9992311596870422,4.470348358154297e-07,-0.9875844120979309,0.0,-0.9253896474838257,2.7626752853393555e-05,-0.9766243696212769,2.440810203552246e-05,-0.9992311596870422
dense-20260718009100-d654906a6c5c,multi,0,2,1,1,179,r5,-0.0005957362824015044,inf,0.0024885833263397217,-0.9250982403755188,4.7773122787475586e-05,0.02063768170773983,0.0,0.9988677501678467,0.0017434358596801758,-0.22112713754177094,0.0024885833263397217,-0.9250982403755188
dense-20260718009100-d654906a6c5c,multi,0,2,1,1,180,r5,2.386935166232007e-05,inf,0.0007518231868743896,0.986307680606842,5.781650543212891e-06,0.9992504119873047,0.0,-0.846493124961853,6.687641143798828e-05,0.9973132610321045,0.0007518231868743896,0.986307680606842
dense-20260718009100-d654906a6c5c,multi,0,2,1,1,181,r5,0.0006277639395335655,inf,6.639957427978516e-05,0.9838884472846985,1.1920928955078125e-07,0.9990706443786621,0.0,-0.9701735973358154,2.384185791015625e-07,0.9961845874786377,6.639957427978516e-05,0.9838884472846985
dense-20260718009100-d654906a6c5c,multi,0,2,1,1,183,r5,-0.0004765799921306879,inf,0.0041768550872802734,-0.9032886028289795,8.96751880645752e-05,0.02756505087018013,0.0,-0.44627684354782104,0.004962056875228882,0.023625744506716728,0.0041768550872802734,-0.9032884836196899
dense-20260718009100-d654906a6c5c,multi,0,2,1,1,184,r5,0.00021124862558263846,inf,0.01799413561820984,0.8671010732650757,0.0003026723861694336,0.9911636114120483,0.0,0.8678885698318481,0.00147286057472229,0.9650312066078186,0.017994165420532227,0.8671010732650757
dense-20260718009100-d654906a6c5c,multi,0,2,1,1,185,r5,0.0005815156292759971,inf,1.7881393432617188e-06,0.8296950459480286,0.0,0.9883732199668884,0.0,-0.9773197770118713,2.9802322387695312e-08,0.971709132194519,1.7881393432617188e-06,0.8296950459480286
dense-20260718009100-d654906a6c5c,multi,0,2,1,1,186,r5,-0.0015238314000579622,inf,4.488229751586914e-05,-0.9990368485450745,9.5367431640625e-07,-0.9851312041282654,0.0,-0.914871096611023,5.8263540267944336e-05,-0.9733965396881104,4.488229751586914e-05,-0.9990368485450745
dense-20260718009100-d654906a6c5c,multi,0,2,1,1,187,r5,-3.1411131246605883e-05,inf,0.000485837459564209,-0.9957460761070251,1.3381242752075195e-05,-0.887653112411499,0.0,0.9999991059303284,0.0006560385227203369,-0.9213222861289978,0.000485837459564209,-0.9957460761070251
dense-20260718009100-d654906a6c5c,multi,0,2,1,1,188,r5,3.257741708495576e-05,inf,0.0013214349746704102,0.9774441719055176,8.225440979003906e-06,0.9992831945419312,0.0,-0.9980441331863403,6.595253944396973e-05,0.9971545934677124,0.0013214349746704102,0.9774442315101624
dense-20260718009100-d654906a6c5c,multi,0,2,1,1,189,r5,0.0004988488710072625,inf,6.139278411865234e-06,0.899346649646759,2.9802322387695312e-08,0.9937404990196228,0.0,-0.9986547827720642,5.960464477539063e-08,0.9831174612045288,6.139278411865234e-06,0.8993464708328247
dense-20260718009100-d654906a6c5c,multi,0,2,1,1,190,r5,-0.0006745345993536267,inf,0.0001716017723083496,-0.39795488119125366,1.8775463104248047e-06,0.6954085826873779,0.0,-0.6383692026138306,1.0222196578979492e-05,0.4624391198158264,0.0001716017723083496,-0.39795514941215515
dense-20260718009100-d654906a6c5c,multi,0,2,1,1,191,r5,-0.0007882138902637337,inf,7.110834121704102e-05,-0.997467041015625,9.834766387939453e-07,-0.9503318071365356,0.0,0.9973989129066467,7.274746894836426e-05,-0.9347558617591858,7.110834121704102e-05,-0.997467041015625
dense-20260718009100-d654906a6c5c,multi,0,2,1,1,192,r5,-0.0002136679607079861,inf,0.0023331940174102783,0.9739115834236145,1.3232231140136719e-05,0.9991674423217773,0.0,-0.9991573691368103,0.00010928511619567871,0.9968048930168152,0.0023331940174102783,0.9739115834236145
dense-20260718009100-d654906a6c5c,multi,0,2,1,1,193,r5,0.0005938656673977194,inf,5.576014518737793e-05,0.983484148979187,1.1920928955078125e-07,0.9991128444671631,0.0,-0.9679602384567261,2.086162567138672e-07,0.9962129592895508,5.576014518737793e-05,0.9834842085838318
dense-20260718009100-d654906a6c5c,multi,0,2,1,1,194,r5,-0.0005565548901994566,inf,1.1265277862548828e-05,-0.9841894507408142,1.4901161193847656e-07,-0.775070309638977,0.0,-0.9998080730438232,8.940696716308594e-07,-0.835008978843689,1.1265277862548828e-05,-0.9841894507408142
dense-20260718009100-d654906a6c5c,multi,0,2,1,1,195,r5,-0.0005381532308169623,inf,0.002866208553314209,-0.9258710145950317,5.474686622619629e-05,0.0063325511291623116,0.0,0.9985421299934387,0.0019876956939697266,-0.2351052314043045,0.002866208553314209,-0.9258711338043213
dense-20260718009100-d654906a6c5c,multi,0,2,1,1,196,r5,0.0001253188994532195,inf,0.0008828639984130859,0.9867304563522339,6.794929504394531e-06,0.999282717704773,0.0,-0.8556349873542786,7.748603820800781e-05,0.9973758459091187,0.0008828639984130859,0.9867304563522339
dense-20260718009100-d654906a6c5c,multi,0,2,1,1,197,r5,0.0006073250798374064,inf,0.00022360682487487793,0.9259133338928223,7.450580596923828e-07,0.995320737361908,0.0,-0.9983681440353394,1.0728836059570312e-06,0.9804207682609558,0.00022360682487487793,0.925913393497467
dense-20260718009100-d654906a6c5c,multi,0,2,1,1,198,r5,-0.0010769858744293925,inf,3.7282705307006836e-05,-0.9990339279174805,8.046627044677734e-07,-0.9852712750434875,0.0,-0.9523611664772034,4.953145980834961e-05,-0.9724284410476685,3.7282705307006836e-05,-0.9990339279174805
dense-20260718009100-d654906a6c5c,multi,0,2,1,1,199,r5,-0.000488844361784313,inf,0.004199564456939697,-0.8984239101409912,9.21785831451416e-05,0.051987942308187485,0.0,-0.4395466148853302,0.00500151515007019,0.0450444370508194,0.00419953465461731,-0.8984239101409912
dense-20260718009100-d654906a6c5c,multi,0,2,1,1,200,r5,0.0008349879217662837,inf,0.016016900539398193,0.8771486282348633,0.00027740001678466797,0.9920532703399658,0.0,0.8291056156158447,0.001358717679977417,0.9681337475776672,0.016016900539398193,0.8771487474441528
dense-20260718009100-d654906a6c5c,multi,0,2,1,1,201,r5,0.0007207784315930166,inf,1.9669532775878906e-06,0.8231074213981628,0.0,0.9879100322723389,0.0,-0.9807138442993164,2.9802322387695312e-08,0.9706594347953796,1.9669532775878906e-06,0.8231074213981628
dense-20260718009100-d654906a6c5c,multi,0,2,1,1,202,r5,-0.00032262129579807564,inf,5.8263540267944336e-05,-0.9989023804664612,1.430511474609375e-06,-0.9837198257446289,0.0,-0.9112336039543152,8.246302604675293e-05,-0.9704078435897827,5.8263540267944336e-05,-0.9989023804664612
dense-20260718009100-d654906a6c5c,multi,0,2,1,1,204,r5,0.0006280079307335873,inf,0.000720977783203125,0.9848335385322571,5.3942203521728516e-06,0.9991855621337891,0.0,-0.8511024117469788,6.0170888900756836e-05,0.9970207214355469,0.000720977783203125,0.9848335981369019
dense-20260718009100-d654906a6c5c,multi,0,2,1,1,205,r5,0.0005165348820982407,inf,1.6987323760986328e-06,0.7640269994735718,0.0,0.9826574921607971,0.0,-0.9835271239280701,2.9802322387695312e-08,0.95841383934021,1.6987323760986328e-06,0.7640272974967957
dense-20260718009100-d654906a6c5c,multi,0,2,1,1,206,r5,-0.0007650639228443668,inf,7.18832015991211e-05,-0.998871922492981,1.7583370208740234e-06,-0.9835349321365356,0.0,-0.8985324501991272,0.00010216236114501953,-0.9705756902694702,7.18832015991211e-05,-0.998871922492981
dense-20260718009100-d654906a6c5c,multi,0,2,1,1,207,r5,-0.0007664798031273845,inf,0.0005806386470794678,-0.9958097338676453,1.5854835510253906e-05,-0.8893501162528992,0.0,0.9999989867210388,0.0007800161838531494,-0.922605037689209,0.0005806386470794678,-0.9958097338676453
dense-20260718009100-d654906a6c5c,multi,0,2,1,1,208,r5,5.172839616207625e-05,inf,0.0017345845699310303,0.9765707850456238,1.0460615158081055e-05,0.9992586970329285,0.0,-0.99842768907547,8.45193862915039e-05,0.9971016645431519,0.0017345845699310303,0.9765707850456238
dense-20260718009100-d654906a6c5c,multi,0,2,1,1,209,r5,0.0005322310144004749,inf,7.212162017822266e-06,0.9141387939453125,2.9802322387695312e-08,0.9947590231895447,0.0,-0.9977887272834778,5.960464477539063e-08,0.9854933023452759,7.212162017822266e-06,0.9141387939453125
dense-20260718009100-d654906a6c5c,multi,0,2,1,1,210,r5,-0.00040871672910047785,inf,0.00020805001258850098,-0.49177852272987366,2.115964889526367e-06,0.6244125962257385,0.0,-0.7837343215942383,1.1652708053588867e-05,0.3902111351490021,0.00020805001258850098,-0.49177926778793335
dense-20260718009100-d654906a6c5c,multi,0,2,1,1,211,r5,-0.0008608519811319493,inf,0.00014197826385498047,-0.996718168258667,2.0265579223632812e-06,-0.9381077289581299,0.0,0.997657299041748,0.00013440847396850586,-0.9222720861434937,0.00014197826385498047,-0.996718168258667
dense-20260718009100-d654906a6c5c,multi,0,2,1,1,212,r5,2.5909926083977908e-05,inf,0.00081634521484375,0.9878131747245789,6.3478946685791016e-06,0.9993340969085693,0.0,-0.7974684834480286,7.423758506774902e-05,0.9975772500038147,0.00081634521484375,0.9878131747245789
dense-20260718009100-d654906a6c5c,multi,0,2,1,1,213,r5,0.0006015461438431124,inf,5.9038400650024414e-05,0.9835130572319031,1.1920928955078125e-07,0.999083399772644,0.0,-0.969061553478241,2.086162567138672e-07,0.996163547039032,5.9038400650024414e-05,0.9835131168365479
dense-20260718009100-d654906a6c5c,multi,0,2,1,1,214,r5,-0.00012331595107384352,inf,2.664327621459961e-05,-0.9992289543151855,5.364418029785156e-07,-0.9879391193389893,0.0,-0.9551845192909241,3.230571746826172e-05,-0.977149248123169,2.664327621459961e-05,-0.9992289543151855
dense-20260718009100-d654906a6c5c,multi,0,2,1,1,215,r5,0.0002508468915254358,inf,0.003992050886154175,-0.9188433289527893,7.75456428527832e-05,0.04834052175283432,0.0,0.998282790184021,0.0028652846813201904,-0.18546880781650543,0.003992050886154175,-0.9188432693481445
dense-20260718009100-d654906a6c5c,multi,0,2,1,1,216,r5,0.00024507120788308523,inf,0.0010891258716583252,0.9888952374458313,8.13603401184082e-06,0.9994217753410339,0.0,-0.8317151665687561,8.699297904968262e-05,0.9977662563323975,0.0010891258716583252,0.9888952374458313
dense-20260718009100-d654906a6c5c,multi,0,2,1,1,217,r5,0.0006318330023504792,inf,6.684660911560059e-05,0.982266902923584,1.4901161193847656e-07,0.9989733099937439,0.0,-0.9755653142929077,2.384185791015625e-07,0.9958069324493408,6.684660911560059e-05,0.9822669625282288
dense-20260718009100-d654906a6c5c,multi,0,2,1,1,218,r5,-0.0009978564226099662,inf,3.4928321838378906e-05,-0.9990332126617432,7.450580596923828e-07,-0.985327959060669,0.0,-0.9603784084320068,4.4673681259155273e-05,-0.9718726277351379,3.4928321838378906e-05,-0.9990332126617432
dense-20260718009100-d654906a6c5c,multi,0,2,1,1,219,r5,-0.00045540975979030396,inf,0.0045462846755981445,-0.9002823233604431,0.00010028481483459473,0.044663023203611374,0.0,-0.48246172070503235,0.0053968727588653564,0.03935711085796356,0.0045462846755981445,-0.9002822041511536
dense-20260718009100-d654906a6c5c,multi,0,2,1,1,220,r5,0.00035364296154749564,inf,0.018952608108520508,0.8528351783752441,0.00031051039695739746,0.989973247051239,0.0,0.8437170386314392,0.00152587890625,0.9611279964447021,0.01895257830619812,0.8528351783752441
dense-20260718009100-d654906a6c5c,multi,0,2,1,1,221,r5,0.0005995991979895754,inf,1.8477439880371094e-06,0.8257639408111572,0.0,0.988275408744812,0.0,-0.9782619476318359,2.9802322387695312e-08,0.9714876413345337,1.8477439880371094e-06,0.8257641196250916
dense-20260718009100-d654906a6c5c,multi,0,2,1,1,222,r5,-0.0013062065138473855,inf,4.464387893676758e-05,-0.9990525841712952,9.834766387939453e-07,-0.9856473207473755,0.0,-0.9135433435440063,5.9157609939575195e-05,-0.9743022322654724,4.464387893676758e-05,-0.9990525841712952
dense-20260718009100-d654906a6c5c,multi,0,2,1,1,223,r5,-2.5428235967184243e-05,inf,0.0005072653293609619,-0.9950733184814453,1.4036893844604492e-05,-0.8689762949943542,0.0,0.9999992251396179,0.0006792545318603516,-0.9094347357749939,0.0005072653293609619,-0.9950733184814453
dense-20260718009100-d654906a6c5c,multi,0,2,1,1,225,r5,0.0004983322212988028,inf,6.67572021484375e-06,0.9114717841148376,2.9802322387695312e-08,0.9945321679115295,0.0,-0.9983742833137512,5.960464477539063e-08,0.9852877259254456,6.67572021484375e-06,0.9114717841148376
dense-20260718009100-d654906a6c5c,multi,0,2,1,1,226,r5,-0.0005965193470126584,inf,0.00017431378364562988,-0.42901790142059326,1.8775463104248047e-06,0.6770614981651306,0.0,-0.6203137636184692,1.0132789611816406e-05,0.444067120552063,0.00017431378364562988,-0.42901790142059326
dense-20260718009100-d654906a6c5c,multi,0,2,1,1,227,r5,-0.0007893578733171314,inf,8.794665336608887e-05,-0.9969749450683594,1.2218952178955078e-06,-0.9423311352729797,0.0,0.9979926347732544,8.651614189147949e-05,-0.9258256554603577,8.794665336608887e-05,-0.9969749450683594
dense-20260718009100-d654906a6c5c,multi,0,2,1,1,228,r5,-4.25349427854993e-05,inf,0.0023901760578155518,0.9746506214141846,1.3500452041625977e-05,0.9991946220397949,0.0,-0.9990290403366089,0.00011071562767028809,0.9968788623809814,0.0023901760578155518,0.9746506810188293
dense-20260718009100-d654906a6c5c,multi,0,2,1,1,229,r5,0.0006032517375382795,inf,5.984306335449219e-05,0.9832789897918701,1.1920928955078125e-07,0.9990822672843933,0.0,-0.9699732065200806,2.384185791015625e-07,0.9961216449737549,5.984306335449219e-05,0.9832790493965149
dense-20260718009100-d654906a6c5c,multi,0,2,1,1,230,r5,-0.0006148435758579485,inf,2.7447938919067383e-05,-0.9992078542709351,5.364418029785156e-07,-0.9874915480613708,0.0,-0.9509496092796326,3.2454729080200195e-05,-0.976579487323761,2.7447938919067383e-05,-0.9992078542709351
dense-20260718009100-d654906a6c5c,multi,0,2,1,1,231,r5,-0.0004859530816944124,inf,0.0036197900772094727,-0.9050698280334473,7.829070091247559e-05,0.023597151041030884,0.0,-0.36955633759498596,0.004433125257492065,0.008962748572230339,0.0036197900772094727,-0.9050697684288025
dense-20260718009100-d654906a6c5c,multi,0,2,1,1,232,r5,0.000332172195494862,inf,0.0075661540031433105,0.9775633811950684,9.268522262573242e-05,0.9986896514892578,0.0,0.9141796231269836,0.0005572140216827393,0.9942013025283813,0.007566183805465698,0.9775633811950684
dense-20260718009100-d654906a6c5c,multi,0,2,1,1,233,r5,0.0006250024646604624,inf,1.6093254089355469e-06,0.7695424556732178,0.0,0.9832642674446106,0.0,-0.9823172688484192,2.9802322387695312e-08,0.9592972993850708,1.6093254089355469e-06,0.769542396068573
dense-20260718009100-d654906a6c5c,multi,0,2,1,1,234,r5,-0.0012819325478842236,inf,6.532669067382812e-05,-0.99889075756073,1.5497207641601562e-06,-0.9837132692337036,0.0,-0.8876057267189026,8.794665336608887e-05,-0.9712749123573303,6.532669067382812e-05,-0.99889075756073
dense-20260718009100-d654906a6c5c,multi,0,2,1,1,235,r5,-0.0008198019628267161,inf,0.0005463659763336182,-0.9959945678710938,1.5020370483398438e-05,-0.8936135172843933,0.0,0.9999986290931702,0.0007350146770477295,-0.9257953763008118,0.0005463659763336182,-0.9959945678710938
dense-20260718009100-d654906a6c5c,multi,0,2,1,1,236,r5,0.0003483212906143507,inf,0.001799166202545166,0.9753758907318115,1.0788440704345703e-05,0.9992189407348633,0.0,-0.9986750483512878,8.779764175415039e-05,0.9969645142555237,0.001799166202545166,0.9753758907318115
dense-20260718009100-d654906a6c5c,multi,0,2,1,1,237,r5,0.0005452793935468714,inf,7.838010787963867e-06,0.9114741086959839,2.9802322387695312e-08,0.9944990277290344,0.0,-0.9982516169548035,5.960464477539063e-08,0.9850170612335205,7.838010787963867e-06,0.9114739894866943
dense-20260718009100-d654906a6c5c,multi,0,2,1,1,238,r5,-0.0002464390323456689,inf,0.00021204352378845215,-0.461058646440506,2.205371856689453e-06,0.6435416340827942,0.0,-0.7771849036216736,1.2248754501342773e-05,0.41001102328300476,0.00021204352378845215,-0.4610581398010254
dense-20260718009100-d654906a6c5c,multi,0,2,1,1,239,r5,-0.000930463892647615,inf,0.00013583898544311523,-0.9967854022979736,1.9371509552001953e-06,-0.9391237497329712,0.0,0.9973636269569397,0.0001264810562133789,-0.9235156178474426,0.00013583898544311523,-0.9967854022979736
dense-20260718009100-d654906a6c5c,multi,0,2,1,1,240,r5,-1.771114931770068e-05,inf,0.0026235878467559814,0.9726662635803223,1.4990568161010742e-05,0.9991322159767151,0.0,-0.9991535544395447,0.00012254714965820312,0.9966564774513245,0.0026235878467559814,0.9726662039756775
dense-20260718009100-d654906a6c5c,multi,0,2,1,1,241,r5,0.0006308454521216644,inf,6.765127182006836e-05,0.9838712811470032,1.4901161193847656e-07,0.9990952014923096,0.0,-0.9726846814155579,2.384185791015625e-07,0.9962061047554016,6.765127182006836e-05,0.9838712811470032
dense-20260718009100-d654906a6c5c,multi,0,2,1,1,242,r5,-0.0004598665798399848,inf,3.0606985092163086e-05,-0.9991018176078796,6.258487701416016e-07,-0.9859548211097717,0.0,-0.9548236131668091,3.695487976074219e-05,-0.9735414385795593,3.0606985092163086e-05,-0.9991018176078796
dense-20260718009100-d654906a6c5c,multi,0,2,1,1,243,r5,-0.0005134428737991747,inf,0.0036800801753997803,-0.9041735529899597,7.930397987365723e-05,0.030077919363975525,0.0,-0.3508392572402954,0.004454106092453003,0.013098802417516708,0.0036800503730773926,-0.904173731803894
dense-20260718009100-d654906a6c5c,multi,0,2,1,1,244,r5,0.00037907851116791846,inf,0.0011442005634307861,0.9888911247253418,8.64267349243164e-06,0.9994357228279114,0.0,-0.8558894991874695,9.068846702575684e-05,0.997786283493042,0.0011442005634307861,0.9888911247253418
dense-20260718009100-d654906a6c5c,multi,0,2,1,1,246,r5,-0.0009227189576237471,inf,1.9669532775878906e-06,-0.9994106888771057,5.960464477539063e-08,-0.9897472858428955,0.0,0.43938174843788147,1.8775463104248047e-06,-0.9804786443710327,1.9669532775878906e-06,-0.9994106888771057
dense-20260718009100-d654906a6c5c,multi,0,2,1,1,247,r5,-0.0008404276776659003,inf,0.0005764663219451904,-0.9715678691864014,5.2928924560546875e-05,-0.5728831887245178,0.0,-0.993791937828064,0.0056059956550598145,-0.48091039061546326,0.0005764663219451904,-0.9715678691864014
dense-20260718009100-d654906a6c5c,multi,0,2,1,1,248,r5,0.0004889743424864035,inf,0.028281480073928833,0.8219295740127563,0.00047594308853149414,0.9875988960266113,0.0,0.7096961736679077,0.0023670494556427,0.9513351321220398,0.028281450271606445,0.8219297528266907
dense-20260718009100-d654906a6c5c,multi,0,2,1,1,249,r5,0.0006945453975641946,inf,2.294778823852539e-06,0.8294450044631958,0.0,0.9887263178825378,0.0,-0.9835209250450134,5.960464477539063e-08,0.9728788733482361,2.294778823852539e-06,0.8294448256492615
dense-20260718009100-d654906a6c5c,multi,0,2,1,1,250,r5,-0.0013595799721778379,inf,6.082653999328613e-05,-0.9988477826118469,1.430511474609375e-06,-0.9829104542732239,0.0,-0.9102689027786255,8.144974708557129e-05,-0.9695064425468445,6.082653999328613e-05,-0.9988477826118469
dense-20260718009100-d654906a6c5c,multi,0,2,1,1,251,r5,-1.7982012424422322e-05,inf,0.0005854666233062744,-0.9955077171325684,1.6242265701293945e-05,-0.8807674050331116,0.0,0.9999988079071045,0.0007859766483306885,-0.9170165657997131,0.0005854666233062744,-0.9955077171325684
dense-20260718009100-d654906a6c5c,multi,0,2,1,1,252,r5,0.00012771198205208112,inf,0.0017727911472320557,0.9779027700424194,1.0758638381958008e-05,0.9992973208427429,0.0,-0.9982529878616333,8.624792098999023e-05,0.997246265411377,0.0017727911472320557,0.9779027104377747
dense-20260718009100-d654906a6c5c,multi,0,2,1,1,253,r5,0.0005334186098653326,inf,9.864568710327148e-06,0.9156798124313354,2.9802322387695312e-08,0.9947553873062134,0.0,-0.9984025359153748,5.960464477539063e-08,0.9855446815490723,9.864568710327148e-06,0.9156796336174011
dense-20260718009100-d654906a6c5c,multi,0,2,1,1,254,r5,-0.00195327218666419,inf,1.1712312698364258e-05,-0.9743990898132324,1.4901161193847656e-07,-0.6555930972099304,0.0,-0.9993834495544434,8.642673492431641e-07,-0.7541351318359375,1.1712312698364258e-05,-0.9743991494178772
dense-20260718009100-d654906a6c5c,multi,0,2,1,1,255,r5,-0.0007633283355866771,inf,0.00035262107849121094,-0.9947289824485779,5.185604095458984e-06,-0.9061799645423889,0.0,0.9983744025230408,0.0003425180912017822,-0.893071711063385,0.00035262107849121094,-0.9947289824485779
dense-20260718009100-d654906a6c5c,multi,0,2,1,1,256,r5,-0.00024425378094949934,inf,0.001784294843673706,0.9791373610496521,1.0848045349121094e-05,0.9993478059768677,0.0,-0.9984130859375,8.678436279296875e-05,0.9974311590194702,0.001784294843673706,0.9791374206542969
dense-20260718009100-d654906a6c5c,multi,0,2,1,1,257,r5,0.0005881822748646792,inf,5.552172660827637e-05,0.9859718084335327,1.1920928955078125e-07,0.9992495179176331,0.0,-0.9616032242774963,2.086162567138672e-07,0.996813178062439,5.552172660827637e-05,0.9859717488288879
dense-20260718009100-d654906a6c5c,multi,0,2,1,1,258,r5,-0.0016431910830482233,inf,1.138448715209961e-05,-0.9779943823814392,1.4901161193847656e-07,-0.7012057304382324,0.0,-0.999704897403717,8.046627044677734e-07,-0.7871788144111633,1.138448715209961e-05,-0.9779943823814392
dense-20260718009100-d654906a6c5c,multi,0,2,1,1,259,r5,-3.9396001383362744e-06,inf,0.0007751286029815674,-0.9956638813018799,2.154707908630371e-05,-0.8845998644828796,0.0,0.9999974966049194,0.0010143816471099854,-0.9190811514854431,0.0007751286029815674,-0.9956638813018799
dense-20260718009100-d654906a6c5c,multi,0,2,1,1,260,r5,6.521697838557383e-05,inf,0.002288132905960083,0.975858747959137,1.3440847396850586e-05,0.9992459416389465,0.0,-0.9990503787994385,0.00010848045349121094,0.9970777034759521,0.002288132905960083,0.9758586883544922
dense-20260718009100-d654906a6c5c,multi,0,2,1,1,261,r5,0.000631364674151258,inf,7.289648056030273e-05,0.9853150844573975,1.4901161193847656e-07,0.9992052912712097,0.0,-0.9742238521575928,2.682209014892578e-07,0.9966116547584534,7.289648056030273e-05,0.9853150844573975
dense-20260718009100-d654906a6c5c,multi,0,2,1,1,262,r5,-0.0020063300738263345,inf,4.1425228118896484e-06,-0.9978709816932678,0.0,-0.9677759408950806,0.0,-0.9999998211860657,1.4901161193847656e-07,-0.9696261286735535,4.1425228118896484e-06,-0.9978709816932678
dense-20260718009100-d654906a6c5c,multi,0,2,1,1,263,r5,-0.0007097955887270802,inf,0.002388179302215576,-0.9940544366836548,6.669759750366211e-05,-0.8377385139465332,0.0,0.9995654225349426,0.004687577486038208,-0.8586844205856323,0.002388179302215576,-0.99405437707901
dense-20260718009100-d654906a6c5c,multi,0,2,1,1,264,r5,9.847325381706629e-05,inf,0.0009156763553619385,0.9903870224952698,7.331371307373047e-06,0.999488115310669,0.0,-0.7977214455604553,8.296966552734375e-05,0.9980563521385193,0.0009157061576843262,0.9903870224952698
dense-20260718009100-d654906a6c5c,multi,0,2,1,1,265,r5,0.0006483693251716494,inf,9.673833847045898e-05,0.985579252243042,2.086162567138672e-07,0.9991942644119263,0.0,-0.9809346199035645,3.5762786865234375e-07,0.9966409206390381,9.673833847045898e-05,0.985579252243042
dense-20260718009100-d654906a6c5c,multi,0,2,1,1,267,r5,0.00023664581673188412,inf,0.0039098262786865234,-0.9016947746276855,8.663535118103027e-05,0.057683732360601425,0.0,-0.3443652391433716,0.0047141313552856445,0.03800075501203537,0.0039098262786865234,-0.901694655418396
dense-20260718009100-d654906a6c5c,multi,0,2,1,1,268,r5,8.129256613909064e-05,inf,0.0012114346027374268,0.9903963208198547,8.970499038696289e-06,0.999522864818573,0.0,-0.8515878319740295,9.08970832824707e-05,0.99809330701828,0.0012114346027374268,0.9903963208198547
dense-20260718009100-d654906a6c5c,multi,0,2,1,1,269,r5,0.0006542850166251224,inf,5.131959915161133e-05,0.97786545753479,1.1920928955078125e-07,0.9982824325561523,0.0,-0.709834098815918,2.086162567138672e-07,0.9937180280685425,5.131959915161133e-05,0.97786545753479
dense-20260718009100-d654906a6c5c,multi,0,2,1,1,270,r5,-0.0015126489149085431,inf,1.6093254089355469e-06,-0.9993990063667297,2.9802322387695312e-08,-0.9894179701805115,0.0,0.41741710901260376,1.4901161193847656e-06,-0.9802407026290894,1.6093254089355469e-06,-0.9993990063667297
dense-20260718009100-d654906a6c5c,multi,0,2,1,1,271,r5,-0.0002772831577813051,inf,0.006202727556228638,-0.8913871645927429,0.00013977289199829102,0.09929870069026947,0.0,-0.5943257212638855,0.007152080535888672,0.08843658119440079,0.006202727556228638,-0.8913873434066772
dense-20260718009100-d654906a6c5c,multi,0,2,1,1,272,r5,-0.0001552707211414095,inf,0.019898712635040283,0.8449715375900269,0.0003160536289215088,0.9892148971557617,0.0,0.6873932480812073,0.0015423893928527832,0.9588890671730042,0.019898712635040283,0.8449714779853821
dense-20260718009100-d654906a6c5c,multi,0,2,1,1,273,r5,0.0005077855215882554,inf,3.248453140258789e-06,0.8386251926422119,0.0,0.9894796013832092,0.0,-0.989766001701355,5.960464477539063e-08,0.9738094806671143,3.248453140258789e-06,0.838625431060791
dense-20260718009100-d654906a6c5c,multi,0,2,1,1,274,r5,-0.0017416580173316154,inf,6.905198097229004e-05,-0.9986535906791687,1.6093254089355469e-06,-0.9799543619155884,0.0,-0.9337711930274963,9.21487808227539e-05,-0.9632708430290222,6.905198097229004e-05,-0.9986535906791687
dense-20260718009100-d654906a6c5c,multi,0,2,1,1,275,r5,-0.0006320668409839358,inf,0.0024976134300231934,-0.9931573867797852,6.797909736633301e-05,-0.8128994703292847,0.0,0.9997395277023315,0.004762023687362671,-0.8385940790176392,0.0024976134300231934,-0.9931573271751404
dense-20260718009100-d654906a6c5c,multi,0,2,1,1,276,r5,-0.0006076030017316825,inf,0.000896841287612915,0.9913387894630432,7.241964340209961e-06,0.9995469450950623,0.0,-0.7495580911636353,8.082389831542969e-05,0.9982413649559021,0.000896841287612915,0.9913387894630432
dense-20260718009100-d654906a6c5c,multi,0,2,1,1,277,r5,0.0006275866370570871,inf,9.629130363464355e-05,0.9859363436698914,2.086162567138672e-07,0.9992254972457886,0.0,-0.9840600490570068,3.5762786865234375e-07,0.996759295463562,9.629130363464355e-05,0.9859363436698914
dense-20260718009100-d654906a6c5c,multi,0,2,1,1,278,r5,-0.0017389258215582126,inf,5.185604095458984e-06,-0.9975829124450684,2.9802322387695312e-08,-0.9629103541374207,0.0,-0.9999998807907104,1.7881393432617188e-07,-0.9651012420654297,5.185604095458984e-06,-0.9975829124450684
dense-20260718009100-d654906a6c5c,multi,0,2,1,1,279,r5,0.00027613113938607103,inf,0.004129976034164429,-0.9113017320632935,7.641315460205078e-05,0.10182846337556839,0.0,0.9983936548233032,0.002787351608276367,-0.15137986838817596,0.004129976034164429,-0.9113017916679382
dense-20260718009100-d654906a6c5c,multi,0,2,1,1,280,r5,-0.00034341670706905525,inf,0.0011935830116271973,0.9922798275947571,8.970499038696289e-06,0.9996198415756226,0.0,-0.813659131526947,8.845329284667969e-05,0.9984568953514099,0.0011935830116271973,0.9922798275947571
dense-20260718009100-d654906a6c5c,multi,0,2,1,1,281,r5,0.0006506370827437102,inf,0.00035712122917175293,0.9439958333969116,1.2516975402832031e-06,0.996554434299469,0.0,-0.9989538788795471,1.6689300537109375e-06,0.9845380783081055,0.00035712122917175293,0.9439958333969116
dense-20260718009100-d654906a6c5c,multi,0,2,1,1,282,r5,-0.0017240238333070534,inf,7.659196853637695e-06,-0.9975675344467163,2.9802322387695312e-08,-0.9632150530815125,0.0,-0.9999998807907104,2.980232238769531e-07,-0.9644005298614502,7.659196853637695e-06,-0.9975675344467163
dense-20260718009100-d654906a6c5c,multi,0,2,1,1,283,r5,-0.00043414520722073746,inf,0.0047515034675598145,-0.8960515856742859,0.00010535120964050293,0.09451784938573837,0.0,-0.42038726806640625,0.0056417882442474365,0.07290506362915039,0.0047515034675598145,-0.8960514664649963
dense-20260718009100-d654906a6c5c,multi,0,2,1,1,284,r5,-8.961479120273008e-05,inf,0.0014753341674804688,0.9902369379997253,1.0818243026733398e-05,0.9995279908180237,0.0,-0.9075089693069458,0.0001074373722076416,0.9980772733688354,0.0014753341674804688,0.9902369976043701
dense-20260718009100-d654906a6c5c,multi,0,2,1,1,285,r5,0.0006951065253185673,inf,7.829070091247559e-05,0.9805954694747925,1.7881393432617188e-07,0.9985865950584412,0.0,-0.8015381097793579,3.2782554626464844e-07,0.9945603609085083,7.829070091247559e-05,0.9805955290794373
dense-20260718009100-d654906a6c5c,multi,0,2,1,1,286,r5,-0.0011713804699857722,inf,2.384185791015625e-06,-0.9991927742958069,5.960464477539063e-08,-0.9856597781181335,0.0,0.06874620169401169,2.0563602447509766e-06,-0.9731141328811646,2.384185791015625e-06,-0.9991927742958069
dense-20260718009100-d654906a6c5c,multi,0,2,1,1,288,r5,-0.0009319276925772169,inf,3.4242868423461914e-05,-0.997731626033783,5.066394805908203e-07,-0.9511118531227112,0.0,0.9856041669845581,3.203749656677246e-05,-0.9378939270973206,3.4242868423461914e-05,-0.997731626033783
dense-20260718009100-d654906a6c5c,multi,0,2,1,1,289,r5,-0.0003390298767006472,inf,0.03003084659576416,0.8929101228713989,0.0005348920822143555,0.9930003881454468,0.0,0.7217705845832825,0.0025014281272888184,0.971732497215271,0.030030816793441772,0.892910361289978
dense-20260718009100-d654906a6c5c,multi,0,2,1,1,290,r5,0.000687439931718492,inf,7.337331771850586e-05,0.9847538471221924,1.7881393432617188e-07,0.9988803863525391,0.0,-0.6808367967605591,3.2782554626464844e-07,0.9957213997840881,7.337331771850586e-05,0.9847538471221924
dense-20260718009100-d654906a6c5c,multi,0,2,1,1,291,r5,-0.0012974402760074222,inf,7.659196853637695e-06,-0.9972519278526306,2.9802322387695312e-08,-0.9570590853691101,0.0,-0.9999998807907104,2.384185791015625e-07,-0.9589083194732666,7.659196853637695e-06,-0.9972519278526306
dense-20260718009100-d654906a6c5c,multi,0,2,1,1,292,r5,0.0003011850272311989,inf,0.005303382873535156,-0.8938969373703003,0.00011748075485229492,0.10274774581193924,0.0,-0.5000137686729431,0.006157398223876953,0.08486539125442505,0.005303382873535156,-0.8938969373703003
dense-20260718009100-d654906a6c5c,multi,0,2,1,1,293,r5,-0.0003742533029170714,inf,0.0015990138053894043,0.8891445994377136,9.149312973022461e-06,0.994917094707489,0.0,-0.8746082186698914,0.00010758638381958008,0.982945442199707,0.0015990138053894043,0.8891444206237793
dense-20260718009100-d654906a6c5c,multi,0,2,1,1,294,r5,0.0006161274086966539,inf,9.164214134216309e-05,0.9852192997932434,2.086162567138672e-07,0.9989253282546997,0.0,-0.7676854729652405,3.8743019104003906e-07,0.9958090782165527,9.164214134216309e-05,0.9852192997932434
dense-20260718009100-d654906a6c5c,multi,0,2,1,1,295,r5,-0.0010967125581690107,inf,2.3543834686279297e-06,-0.995943546295166,0.0,-0.9433730244636536,0.0,-0.9999995231628418,5.960464477539063e-08,-0.95479416847229,2.3543834686279297e-06,-0.995943546295166
dense-20260718009100-d654906a6c5c,multi,0,2,1,1,296,r5,0.010862979674043372,inf,0.17093485593795776,-0.9060420393943787,0.002917081117630005,-0.10136835277080536,0.0,-0.9866175055503845,0.10041245818138123,-0.2634134888648987,0.17093521356582642,-0.9060418605804443
dense-20260718009100-d654906a6c5c,multi,0,2,1,1,297,r5,0.0034402828016544262,inf,0.0008412003517150879,-0.674870491027832,1.6242265701293945e-05,0.5797778367996216,0.0,-0.9428156018257141,9.873509407043457e-05,0.1556161493062973,0.0008412003517150879,-0.6748700737953186
dense-20260718009100-d654906a6c5c,multi,0,2,1,1,298,r5,0.0014474282895144963,inf,0.0007595419883728027,0.9996891617774963,1.996755599975586e-06,0.999980628490448,0.0,-0.579642653465271,2.8908252716064453e-06,0.9998602271080017,0.0007595419883728027,0.9996891617774963
dense-20260718009100-d654906a6c5c,multi,0,2,1,1,299,r5,0.0004883516440482571,inf,5.304813385009766e-06,0.9289981126785278,0.0,0.9953121542930603,0.0,-0.9902218580245972,2.9802322387695312e-08,0.9890248775482178,5.304813385009766e-06,0.9289980530738831
dense-20260718009100-d654906a6c5c,multi,0,2,1,1,300,r5,-0.0010849219913510177,inf,8.20159912109375e-05,-0.13031096756458282,5.662441253662109e-07,0.8854398727416992,0.0,-0.9999039769172668,4.410743713378906e-06,0.7452856302261353,8.20159912109375e-05,-0.13031086325645447
standard-20260717006945-7cb2063d0197,multi,1,0,0,0,13,r3,0.0006868131804933508,0.8383821023314928,0.0044148266315460205,-0.2308007925748825,0.010795921087265015,0.2630714476108551,0.00012740492820739746,-0.9999976754188538,0.009887605905532837,0.35652679204940796,0.0044148266315460205,-0.23080138862133026
standard-20260717006945-7cb2063d0197,multi,1,0,0,0,14,r3,0.026191391709737166,0.8329657087026153,0.5381736047565937,0.528632402420044,0.37763088941574097,0.7725849151611328,0.9993998408317566,-0.9926564693450928,0.2857300043106079,0.6834908723831177,0.5381734371185303,0.5286323428153992
standard-20260717006945-7cb2063d0197,multi,1,0,0,0,15,r3,0.032497535709373304,0.8337093174149877,0.0678090751171112,0.9868241548538208,0.05187147855758667,0.9915221333503723,1.0,0.9912884831428528,0.009157776832580566,0.9940311908721924,0.0678090751171112,0.9868241548538208
dense-20260718009195-0fe728db2b70,edge1,1,0,0,0,11,r1,0.0014103193648725698,0.7244357080139954,0.011515676975250244,0.06126060709357262,0.006055563688278198,0.7535824179649353,0.0,-1.0,0.008283108472824097,0.3383832573890686,0.011515647172927856,0.06126030907034874
dense-20260718009195-0fe728db2b70,edge1,1,0,0,0,12,r1,0.030983782148690242,inf,0.36810314655303955,-0.9100280404090881,0.6035802364349365,-0.9048962593078613,0.0001722276210784912,-1.0,0.5048136711120605,-0.9475767016410828,0.3681035041809082,-0.910028338432312
dense-20260718009195-0fe728db2b70,edge1,1,0,0,0,13,r1,0.07935206636801972,inf,0.9999931156635284,-0.29585129022598267,0.999981164932251,-0.32765844464302063,0.9997553825378418,-0.9996938705444336,0.9998324513435364,-0.7783755660057068,0.999993085861206,-0.2958509922027588
dense-20260718008963-4a471efb701b,multi,1,0,0,0,22,r5,-0.0009266954865865262,inf,0.0003432631492614746,-0.9959912896156311,5.0902366638183594e-05,-0.9776153564453125,0.0,-1.0,0.00011542439460754395,-0.9818252325057983,0.0003432631492614746,-0.9959912896156311
dense-20260718008963-4a471efb701b,multi,1,0,0,0,23,r5,-0.0007862211845901523,inf,0.0007149875164031982,-0.9547120332717896,0.004549950361251831,-0.8176888227462769,0.0,-0.9996693730354309,0.007781684398651123,-0.913000226020813,0.0007149875164031982,-0.9547120928764343
dense-20260718008963-4a471efb701b,multi,1,0,0,0,24,r5,0.031090406600477793,inf,0.9543440341949463,0.20396040380001068,0.9929873943328857,0.6844842433929443,0.0,-0.9999999403953552,0.995615541934967,0.3366275727748871,0.9543440341949463,0.20396071672439575
dense-20260718008720-d970733fd730,multi,0,1,0,0,9,r4,8.234334033474511e-05,0.69004850412541,0.006549656391143799,-0.9713500738143921,0.012643247842788696,-0.7437208890914917,0.0,-0.9998058676719666,0.11293458938598633,-0.789273738861084,0.006549656391143799,-0.9713500738143921
dense-20260718008720-d970733fd730,multi,0,1,0,0,10,r4,-0.0006332614575097484,0.6159545128760707,3.236532211303711e-05,-0.9995720386505127,9.238719940185547e-06,-0.995948851108551,0.0,-0.9999358654022217,0.0001856088638305664,-0.9945446848869324,3.236532211303711e-05,-0.9995720386505127
dense-20260718008825-271a6cf36173,edge1,1,0,0,0,19,r2,-0.08127214559066032,inf,0.0,-1.0,5.960464477539063e-08,-1.0,0.0,-1.0,0.0,-1.0,0.0,-1.0
dense-20260718008825-271a6cf36173,edge1,1,0,0,0,20,r2,-0.022148696484925345,inf,5.960464477539063e-08,-1.0,2.8014183044433594e-06,-1.0,0.0,-1.0,8.642673492431641e-07,-1.0,5.960464477539063e-08,-1.0
dense-20260718008825-271a6cf36173,edge1,1,0,0,0,21,r2,0.0018341574760216695,inf,0.0,-1.0,0.0,-1.0,0.0,-1.0,0.0,-1.0,0.0,-1.0
dense-20260718008825-271a6cf36173,edge1,1,0,0,0,22,r2,0.0009461781496294952,inf,0.0,-1.0,0.0,-1.0,0.0,-1.0,0.0,-1.0,0.0,-1.0
dense-20260718008825-271a6cf36173,edge1,1,0,0,0,23,r2,0.0007774477240244382,inf,5.960464477539063e-08,-1.0,0.0,-1.0,0.0,-1.0,0.0,-1.0,5.960464477539063e-08,-1.0
dense-20260718008825-271a6cf36173,edge1,1,0,0,0,24,r2,0.0007107027347531547,inf,1.8656253814697266e-05,-1.0,1.6093254089355469e-06,-1.0,0.0,-1.0,3.1888484954833984e-06,-1.0,1.8656253814697266e-05,-1.0
dense-20260718008825-271a6cf36173,edge1,1,0,0,0,25,r2,0.0019455360012214928,inf,0.2961290776729584,-1.0,0.3211815357208252,-1.0,0.0,-1.0,0.3486396074295044,-1.0,0.29612937569618225,-1.0
dense-20260718008825-271a6cf36173,edge1,1,0,0,0,26,r2,0.0030262220371486404,inf,0.998836100101471,-1.0,0.9999641180038452,-1.0,0.0,-1.0,0.9998428225517273,-1.0,0.998836100101471,-1.0
dense-20260718008825-271a6cf36173,edge1,1,0,0,0,27,r2,-0.0015463815769647393,inf,0.999896764755249,-1.0,0.9999999403953552,-1.0,0.0,-1.0,0.9999982118606567,-1.0,0.999896764755249,-1.0
dense-20260718008825-271a6cf36173,edge1,1,0,0,0,28,r2,-0.018418085376706306,inf,0.5818904638290405,-1.0,0.891771674156189,-1.0,0.02362915873527527,-1.0,0.11053788661956787,-1.0,0.5818900465965271,-1.0
dense-20260718008825-271a6cf36173,edge1,1,0,0,0,29,r2,-0.011279483927436051,inf,7.897615432739258e-06,-1.0,7.748603820800781e-07,-1.0,0.0,-1.0,1.4901161193847656e-07,-1.0,7.897615432739258e-06,-1.0
dense-20260718008825-271a6cf36173,edge1,1,0,0,0,30,r2,-0.003380444151615425,inf,0.7278968244791031,-1.0,0.08553099632263184,-1.0,0.0,-1.0,0.038859009742736816,-1.0,0.7278968095779419,-1.0
dense-20260718008825-271a6cf36173,edge1,1,0,0,0,31,r2,-0.0011304258831430491,inf,0.0,-1.0,0.0,-1.0,0.0,-1.0,0.0,-0.9999998211860657,0.0,-1.0
dense-20260718008825-271a6cf36173,edge1,1,0,0,0,32,r2,0.0009498401083123387,inf,0.0,-1.0,0.0,-1.0,0.0,-1.0,0.0,-1.0,0.0,-1.0
dense-20260718008825-271a6cf36173,edge1,1,0,0,0,33,r2,-3.188091673644866e-05,inf,0.0011738836765289307,-1.0,0.7945855855941772,-1.0,0.0,-1.0,0.5214098691940308,-1.0,0.0011738836765289307,-1.0
dense-20260718008825-271a6cf36173,edge1,1,0,0,0,34,r2,0.016210713896227524,inf,0.9211019277572632,-1.0,0.9998810291290283,-1.0,0.0,-1.0,0.999129056930542,-1.0,0.9211015701293945,-1.0
dense-20260718008825-271a6cf36173,edge1,1,0,0,0,35,r2,0.03438675931687918,inf,0.29789917171001434,-1.0,0.8574330806732178,-1.0,0.0,-1.0,0.6525757312774658,-1.0,0.2978993058204651,-1.0
dense-20260718009149-779b4acf72aa,multi,0,3,0,0,14,r5,0.009592696011613278,0.7143879820093518,0.6046881377696991,-0.8179136514663696,0.05324399471282959,-0.03169916570186615,0.2516833543777466,-0.9680171012878418,0.1922779083251953,-0.4122835099697113,0.6046879291534424,-0.8179135322570801
dense-20260718009149-779b4acf72aa,multi,0,3,0,0,15,r5,0.012538422726589449,inf,0.9704973697662354,-0.08165183663368225,0.45598283410072327,0.5702592730522156,0.9435901641845703,1.0,0.47941988706588745,0.22554337978363037,0.9704973697662354,-0.08165112137794495
dense-20260718009149-779b4acf72aa,multi,0,3,0,0,16,r5,-0.006472742121565123,inf,6.875395774841309e-05,-0.7314746975898743,1.1026859283447266e-06,-0.02943463996052742,0.9999990463256836,0.9907039403915405,7.3909759521484375e-06,-0.10503367334604263,6.875395774841309e-05,-0.7314746975898743
dense-20260718009149-779b4acf72aa,multi,0,3,0,0,19,r5,0.00046852994214896526,inf,0.0001424551010131836,0.9984275698661804,1.2516975402832031e-06,0.9998310208320618,0.9999227523803711,1.0,4.76837158203125e-06,0.9997192621231079,0.0001424551010131836,0.9984275698661804
dense-20260718009149-779b4acf72aa,multi,0,3,0,0,20,r5,0.011679456995154602,inf,0.8768326640129089,0.6051878333091736,0.10103249549865723,0.9573331475257874,0.9999619722366333,1.0,0.0613132119178772,0.9105061292648315,0.8768326044082642,0.605187714099884
dense-20260718009149-779b4acf72aa,multi,0,3,0,0,21,r5,0.01296123887886802,inf,0.14672595262527466,-0.8833683729171753,0.00048542022705078125,-0.2889646887779236,0.9586774110794067,1.0,0.00021123886108398438,-0.1933695524930954,0.1467258334159851,-0.8833683729171753
dense-20260718009149-779b4acf72aa,multi,0,3,0,0,22,r5,0.0010099577251914127,inf,0.9753808379173279,0.983489990234375,0.11672237515449524,0.9994680881500244,8.642673492431641e-07,1.0,0.08739575743675232,0.9979717135429382,0.9753807783126831,0.9834900498390198
dense-20260718009149-779b4acf72aa,multi,0,3,0,0,27,r5,0.015408951590012876,inf,0.8204458951950073,0.9972043633460999,0.08929887413978577,0.9996144771575928,0.0006378591060638428,1.0,0.060227423906326294,0.9997451901435852,0.8204455971717834,0.9972043633460999
dense-20260718009149-779b4acf72aa,multi,0,3,0,0,28,r5,0.03288592993556172,inf,0.024115294218063354,0.13639241456985474,0.0046208202838897705,0.9405800104141235,2.682209014892578e-07,1.0,0.002487003803253174,0.9839440584182739,0.024115294218063354,0.13639117777347565
dense-20260718009149-779b4acf72aa,multi,0,3,0,0,29,r5,0.019182600787184256,inf,0.3314403146505356,0.9980248808860779,0.05236417055130005,0.9999495148658752,0.0,0.9999999403953552,0.028210043907165527,0.9999833703041077,0.33144065737724304,0.9980248808860779
standard-20260717006583-a45fa2d13895,edge1,0,1,0,0,11,r2,0.0026990032027121025,0.6338193395486643,0.007516741752624512,-0.5780761241912842,0.014789074659347534,0.029585784301161766,0.9637273550033569,-1.0,0.050289273262023926,-0.33623072504997253,0.007516741752624512,-0.5780760645866394
standard-20260717006583-a45fa2d13895,edge1,0,1,0,0,12,r2,0.019733014288650708,inf,0.9254767298698425,0.993675947189331,0.9323906898498535,0.9993866682052612,0.9999992251396179,-0.9999231100082397,0.897627592086792,0.9971657991409302,0.9254765510559082,0.993675947189331
standard-20260717006583-a45fa2d13895,edge1,0,1,0,0,13,r2,0.023093885001266745,inf,0.005752861499786377,0.999910295009613,0.06356894969940186,0.9999929070472717,0.030127733945846558,1.0,0.008197963237762451,0.9999831914901733,0.005752891302108765,0.999910295009613
standard-20260717006407-457651261137,multi,0,1,0,0,13,r1,0.007969136897906681,1.0736107050708215,0.053877443075180054,-0.08613386750221252,0.026702314615249634,0.6016669869422913,1.1920928955078125e-07,-0.9977999329566956,0.024335622787475586,0.3280390202999115,0.05387738347053528,-0.08613382279872894
standard-20260717006407-457651261137,multi,0,1,0,0,14,r1,0.0034572520339095636,1.0330105073856717,0.01741689443588257,-0.35975608229637146,0.010454148054122925,0.27859050035476685,2.9802322387695312e-08,-0.9999973177909851,0.021758615970611572,-0.01175951398909092,0.01741686463356018,-0.3597564101219177
standard-20260717006407-457651261137,multi,0,1,0,0,15,r1,0.006776518016333943,1.003899357441892,0.04558631777763367,0.10313919931650162,0.05026042461395264,0.5935416221618652,5.662441253662109e-07,-0.9999961256980896,0.13083913922309875,0.60627681016922,0.04558637738227844,0.10313910245895386
standard-20260717006407-457651261137,multi,0,1,0,0,16,r1,0.011913734384349617,1.0309394369446505,0.0701104998588562,0.9795899391174316,0.050967901945114136,0.9949045181274414,0.05639302730560303,-0.9999998211860657,0.03786620497703552,0.9913609623908997,0.07011058926582336,0.9795899391174316
dense-20260718008303-8dc4b10f5951,multi,0,2,0,0,20,r5,-0.1009495866619522,inf,1.0,-1.0,1.0,-1.0,0.0,-1.0,1.0,-1.0,1.0,-1.0
dense-20260718008303-8dc4b10f5951,multi,0,2,0,0,21,r5,-0.11291682636519662,inf,0.9999995529651642,-1.0,0.9999998807907104,-1.0,0.0,-1.0,0.9998804926872253,-1.0,0.9999995231628418,-1.0
dense-20260718008303-8dc4b10f5951,multi,0,2,0,0,22,r5,-0.116406809417267,inf,0.9996304214000702,-1.0,0.9999520182609558,-1.0,0.0,-1.0,0.9883010387420654,-1.0,0.9996304512023926,-1.0
dense-20260718008325-2a0732bcdbd8,multi,1,0,0,0,13,r4,-0.02841568411493145,0.7533557840777694,0.0,-1.0,0.0,-1.0,0.0,-1.0,0.0,-1.0,0.0,-1.0
dense-20260718008325-2a0732bcdbd8,multi,1,0,0,0,14,r4,0.0008313205314512961,0.7537151640857332,0.0,-1.0,0.0,-1.0,0.0,-1.0,0.0,-1.0,0.0,-1.0
dense-20260718008325-2a0732bcdbd8,multi,1,0,0,0,15,r4,0.0009671172423449947,0.7546270791850135,2.333521842956543e-05,-1.0,9.995698928833008e-05,-1.0,0.0,-1.0,0.0003669857978820801,-1.0,2.333521842956543e-05,-1.0
dense-20260718008325-2a0732bcdbd8,multi,1,0,0,0,16,r3,-0.00621373593806962,0.7587951495069301,0.013789653778076172,0.9653335809707642,0.0001475811004638672,0.986957848072052,0.15174686908721924,0.8167309165000916,7.510185241699219e-05,0.9725697636604309,0.013789653778076172,0.9653335809707642
dense-20260718008325-2a0732bcdbd8,multi,1,0,0,0,16,r4,-0.0072520583648812975,0.7587951495069301,0.053403496742248535,-1.0,0.10452994704246521,-1.0,0.0,-1.0,0.10243746638298035,-1.0,0.05340304970741272,-1.0
dense-20260718008325-2a0732bcdbd8,multi,1,0,0,0,17,r3,-0.0006470956742006262,0.7577376195912559,0.0016007423400878906,0.9995602369308472,0.00013974308967590332,0.9996883273124695,0.9990957379341125,1.0,4.589557647705078e-06,0.9997373819351196,0.0016007423400878906,0.9995602369308472
dense-20260718008325-2a0732bcdbd8,multi,1,0,0,0,17,r4,-0.03499076139609125,0.7577376195912559,0.9976599514484406,-1.0,0.9833115935325623,-1.0,0.0,-1.0,0.9691704511642456,-1.0,0.9976599216461182,-1.0
dense-20260718008325-2a0732bcdbd8,multi,1,0,0,0,18,r3,0.019596419506748175,0.7501060827184027,0.12434843182563782,0.9987874031066895,0.0007916688919067383,0.9993135929107666,1.0,1.0,1.0460615158081055e-05,0.999708354473114,0.12434852123260498,0.9987874031066895
dense-20260718008325-2a0732bcdbd8,multi,1,0,0,0,18,r4,-0.0721650889996126,0.7501060827184027,0.003435969352722168,-1.0,0.00026106834411621094,-1.0,0.0,-1.0,8.612871170043945e-06,-1.0,0.0034359395503997803,-1.0
dense-20260718008325-2a0732bcdbd8,multi,1,0,0,0,19,r3,0.05707677353210128,0.7288295363177665,0.9772471785545349,0.6354773044586182,0.2628515362739563,0.4054356813430786,1.0,1.0,0.0012823939323425293,0.8777332901954651,0.9772471189498901,0.6354774236679077
dense-20260718008325-2a0732bcdbd8,multi,1,0,0,0,19,r4,-0.019792515025714663,inf,0.012971848249435425,-1.0,0.0008132755756378174,-1.0,0.0,-1.0,0.00013324618339538574,-1.0,0.01297178864479065,-1.0
dense-20260718008325-2a0732bcdbd8,multi,1,0,0,0,20,r4,-0.034770755084078564,inf,0.9962644279003143,-1.0,0.9191893935203552,-1.0,0.0,-1.0,0.6162694096565247,-1.0,0.9962644577026367,-1.0
dense-20260718008325-2a0732bcdbd8,multi,1,0,0,0,21,r4,-0.0700296567953963,0.7296748881987459,7.361173629760742e-06,-1.0,8.642673492431641e-07,-1.0,0.0,-1.0,2.9802322387695312e-08,-1.0,7.361173629760742e-06,-1.0
dense-20260718008325-2a0732bcdbd8,multi,1,0,0,0,22,r4,-0.015800110989757754,0.7634866360484749,3.8743019104003906e-07,-1.0,5.960464477539063e-08,-1.0,0.0,-1.0,0.0,-1.0,3.8743019104003906e-07,-1.0
dense-20260718008325-2a0732bcdbd8,multi,1,0,0,0,23,r4,-0.043197962936999845,0.7788341857981197,0.9973254203796387,-1.0,0.9784688949584961,-1.0,0.0,-1.0,0.5624459385871887,-1.0,0.9973254203796387,-1.0
dense-20260718008325-2a0732bcdbd8,multi,1,0,0,0,24,r4,-0.07598871839014631,inf,5.364418029785156e-07,-1.0,8.940696716308594e-08,-1.0,0.0,-1.0,0.0,-1.0,5.364418029785156e-07,-1.0
dense-20260718008325-2a0732bcdbd8,multi,1,0,0,0,25,r4,-0.011788545855409449,inf,1.7881393432617188e-06,-1.0,1.0728836059570312e-06,-1.0,0.0,-1.0,2.086162567138672e-07,-1.0,1.7881393432617188e-06,-1.0
dense-20260718008325-2a0732bcdbd8,multi,1,0,0,0,26,r4,0.0010041742490736194,inf,4.3332576751708984e-05,-1.0,1.1980533599853516e-05,-1.0,0.0,-1.0,1.6689300537109375e-06,-1.0,4.3332576751708984e-05,-1.0
dense-20260718008325-2a0732bcdbd8,multi,1,0,0,0,27,r4,0.0001106335921469137,inf,0.008772045373916626,-1.0,0.01900467276573181,-1.0,0.0,-1.0,0.0005568861961364746,-1.0,0.008772045373916626,-1.0
dense-20260718008325-2a0732bcdbd8,multi,1,0,0,0,28,r4,-0.01588692620256027,inf,0.24269869923591614,-1.0,0.80906081199646,-1.0,0.0,-1.0,0.07413017749786377,-1.0,0.24269860982894897,-1.0
dense-20260718008325-2a0732bcdbd8,multi,1,0,0,0,29,r4,-0.03196980825245943,inf,0.7632168531417847,-1.0,0.9978710412979126,-1.0,0.0,-1.0,0.8931118249893188,-0.9999999403953552,0.7632168531417847,-1.0
dense-20260718008325-2a0732bcdbd8,multi,1,0,0,0,30,r4,-0.03197066174290086,inf,0.005544602870941162,-0.9999993443489075,0.43925973773002625,-0.9999997615814209,0.0,-1.0,0.01075047254562378,-0.9999938011169434,0.005544602870941162,-0.9999993443489075
dense-20260718008325-2a0732bcdbd8,multi,1,0,0,0,31,r4,-0.005729098875355776,inf,0.04991501569747925,-0.9924092292785645,0.4038127660751343,-0.9974882006645203,0.0,-1.0,0.0029344260692596436,-0.897445797920227,0.049915045499801636,-0.9924092292785645
standard-20260717006776-174c53dac4af,edge1,1,0,0,0,13,r2,0.025855919106424263,inf,0.9938752055168152,0.998333752155304,0.8576101064682007,0.9997317790985107,0.6855943202972412,0.7071660757064819,0.7308688759803772,0.9987356662750244,0.9938752055168152,0.998333752155304
standard-20260717006776-174c53dac4af,edge1,1,0,0,0,14,r2,0.02988486713518612,inf,0.1286076009273529,0.9999772310256958,0.1655099093914032,0.9999893307685852,0.9199506044387817,0.9999994039535522,0.0556599497795105,0.9999770522117615,0.1286076307296753,0.9999772310256958
standard-20260717006776-174c53dac4af,edge1,1,0,0,0,15,r2,0.05120499400490108,0.7961323564631785,0.9945525825023651,0.9999792575836182,0.9834005832672119,0.9999882578849792,0.03631490468978882,1.0,0.9201713800430298,0.9999774694442749,0.9945526123046875,0.9999792575836182
dense-20260718009333-38e4ac2b5b23,multi,0,2,0,0,9,r4,0.002849193688431395,0.9996133817724723,0.009170055389404297,-0.9604581594467163,0.1389150321483612,-0.306247353553772,0.0,-0.9925525784492493,0.1416155993938446,-0.6773374080657959,0.009170055389404297,-0.9604582190513611
dense-20260718009333-38e4ac2b5b23,multi,0,2,0,0,10,r4,0.030362214997474934,0.9682694885064318,0.9890014827251434,0.2799443006515503,0.7640737295150757,0.8991404175758362,0.0,-0.9473442435264587,0.6891577839851379,0.7686038017272949,0.9890015125274658,0.2799443006515503
dense-20260718009333-38e4ac2b5b23,multi,0,2,0,0,11,r4,0.03612725802091332,inf,0.04944261908531189,-0.9892858862876892,8.180737495422363e-05,-0.9445964097976685,0.0023972690105438232,0.9572016596794128,0.0015043318271636963,-0.9237322807312012,0.04944252967834473,-0.9892858862876892
dense-20260718009333-38e4ac2b5b23,multi,0,2,0,0,19,r4,0.016697356644784556,inf,0.997310608625412,0.6406000256538391,0.32055556774139404,0.9786263108253479,0.0,0.9947481155395508,0.21673423051834106,0.8906083703041077,0.9973106384277344,0.6406002640724182
dense-20260718009333-38e4ac2b5b23,multi,0,2,0,0,20,r4,0.018496490435732316,inf,0.00017139315605163574,-0.5404937267303467,1.7881393432617188e-07,0.27288857102394104,0.438403844833374,0.2544277608394623,5.364418029785156e-07,-0.05969686433672905,0.00017139315605163574,-0.5404931306838989
dense-20260718009333-38e4ac2b5b23,multi,0,2,0,0,21,r4,0.0008656541359763903,inf,0.035058945417404175,0.9528002738952637,8.162856101989746e-05,0.9951776266098022,0.0,-0.9999996423721313,0.00021916627883911133,0.9806583523750305,0.03505891561508179,0.9528002142906189
dense-20260718009333-38e4ac2b5b23,multi,0,2,0,0,25,r4,0.018682679009114356,inf,0.9967518150806427,-0.44992485642433167,0.8054776191711426,0.5953235030174255,0.0,-1.0,0.7845945954322815,0.039255522191524506,0.9967517852783203,-0.44992491602897644
dense-20260718009333-38e4ac2b5b23,multi,0,2,0,0,26,r4,0.04685500953666932,inf,0.876756876707077,0.14838236570358276,0.008155673742294312,0.9074695110321045,0.0,0.9999983906745911,0.004648864269256592,0.6967516541481018,0.8767567873001099,0.14838263392448425
dense-20260718009333-38e4ac2b5b23,multi,0,2,0,0,27,r4,0.024408545964887507,inf,5.960464477539063e-08,0.7582695484161377,0.0,0.9813281297683716,0.0,0.9913709163665771,0.0,0.9368959069252014,5.960464477539063e-08,0.7582695484161377
dense-20260718009333-38e4ac2b5b23,multi,0,2,0,0,33,r4,0.0003201925962319496,inf,6.079673767089844e-05,-0.9324362874031067,0.0,-0.4314514398574829,1.0,-0.9999999403953552,2.9802322387695312e-08,-0.7971294522285461,6.079673767089844e-05,-0.9324363470077515
dense-20260718009333-38e4ac2b5b23,multi,0,2,0,0,34,r4,-0.0005500657705990175,inf,0.00036132335662841797,-0.8115830421447754,1.4901161193847656e-07,0.15029236674308777,0.0,-1.0,1.996755599975586e-06,-0.42944225668907166,0.00036132335662841797,-0.8115831613540649
dense-20260718009333-38e4ac2b5b23,multi,0,2,0,0,35,r4,0.00601408253654645,inf,0.9373463988304138,0.9998617768287659,0.0005227327346801758,0.9999921917915344,1.5795230865478516e-06,0.9999650120735168,0.00020384788513183594,0.9998998045921326,0.9373462796211243,0.9998617768287659
dense-20260718009333-38e4ac2b5b23,multi,0,2,0,0,36,r4,0.003680653464746886,inf,0.020065754652023315,0.9989399909973145,5.0961971282958984e-06,0.9999163746833801,0.2351982593536377,1.0,2.652406692504883e-06,0.9997442960739136,0.020065754652023315,0.9989399909973145
dense-20260718009333-38e4ac2b5b23,multi,0,2,0,0,37,r4,0.002649795356765239,inf,0.06456378102302551,0.9999952912330627,2.0116567611694336e-05,0.9999996423721313,0.0,1.0,4.857778549194336e-06,0.9999987483024597,0.06456378102302551,0.9999952912330627
dense-20260718009333-38e4ac2b5b23,multi,0,2,0,0,38,r4,0.005574420370108468,inf,0.09448468685150146,0.9980394840240479,8.642673492431641e-07,0.9998674988746643,0.00026720762252807617,1.0,3.5762786865234375e-07,0.9994015097618103,0.09448447823524475,0.9980394840240479
dense-20260718009333-38e4ac2b5b23,multi,0,2,0,0,39,r4,0.0032650915634095945,inf,0.005424231290817261,0.8421452045440674,2.384185791015625e-07,0.9856113195419312,1.0,-0.0816601812839508,5.364418029785156e-07,0.9259909987449646,0.005424231290817261,0.8421453833580017
dense-20260718009333-38e4ac2b5b23,multi,0,2,0,0,41,r4,-0.001907899506909283,inf,0.00011038780212402344,-0.9861213564872742,8.046627044677734e-07,-0.9346670508384705,4.172325134277344e-07,-0.9999109506607056,5.245208740234375e-06,-0.9693148136138916,0.00011038780212402344,-0.9861213564872742
dense-20260718009333-38e4ac2b5b23,multi,0,2,0,0,42,r4,0.0005940769545977886,inf,0.014634907245635986,-0.7533842921257019,6.583333015441895e-05,0.021524561569094658,0.0,-0.9998912811279297,0.00033861398696899414,-0.5929026007652283,0.014634907245635986,-0.7533842921257019
dense-20260718009333-38e4ac2b5b23,multi,0,2,0,0,43,r4,0.012270646523331319,inf,0.8803205490112305,0.7959336638450623,0.0037199854850769043,0.9895641207695007,0.6757969856262207,-0.9999807476997375,0.011526107788085938,0.88697749376297,0.8803204298019409,0.7959336042404175
dense-20260718009333-38e4ac2b5b23,multi,0,2,0,0,44,r4,0.010978410928720983,inf,0.0005907714366912842,0.8677965402603149,5.960464477539063e-08,0.9913450479507446,1.0,0.9929354190826416,2.086162567138672e-07,0.9585620760917664,0.0005907714366912842,0.8677963614463806
dense-20260718009333-38e4ac2b5b23,multi,0,2,0,0,49,r4,0.012951813682215763,inf,0.9827836751937866,0.8867679238319397,0.07182291150093079,0.9921155571937561,5.015730857849121e-05,0.9990978837013245,0.22281011939048767,0.9622169137001038,0.9827836751937866,0.8867678642272949
dense-20260718009333-38e4ac2b5b23,multi,0,2,0,0,50,r4,0.021020433052835408,inf,0.7277509123086929,0.9471773505210876,0.0011257529258728027,0.9941190481185913,1.0,0.9999999403953552,0.001843959093093872,0.9742145538330078,0.7277513742446899,0.9471772909164429
dense-20260718009333-38e4ac2b5b23,multi,0,2,0,0,51,r4,0.00897912668826284,inf,0.04058903455734253,0.9173010587692261,3.0994415283203125e-06,0.992699146270752,0.9307552576065063,1.0,4.559755325317383e-06,0.9602161645889282,0.04058891534805298,0.9173011779785156
dense-20260718009349-6b75be3931d6,multi,0,2,1,1,12,r2,0.0001713917948422683,1.0274640032999547,0.004210054874420166,-0.5908560752868652,9.125471115112305e-05,-0.20274432003498077,0.0,-0.9999999403953552,1.7762184143066406e-05,0.4459766447544098,0.004210054874420166,-0.5908560156822205
dense-20260718009349-6b75be3931d6,multi,0,2,1,1,13,r2,-0.0004883937376385372,1.021786233929208,0.00043264031410217285,-0.6236695647239685,1.4841556549072266e-05,-0.2826027274131775,0.0,-0.9999947547912598,2.682209014892578e-06,0.3039628863334656,0.00043264031410217285,-0.6236695647239685
dense-20260718009349-6b75be3931d6,multi,0,2,1,1,14,r2,-0.0008386651703253811,1.0225948334488357,0.0004857778549194336,-0.9939547777175903,0.0006676018238067627,-0.9873652458190918,0.004870325326919556,0.9563676118850708,0.00015941262245178223,-0.977534830570221,0.0004857778549194336,-0.9939547777175903
dense-20260718009349-6b75be3931d6,multi,0,2,1,1,15,r2,-0.0007392437765478821,1.0240915136288302,1.621246337890625e-05,-0.883458137512207,0.000708162784576416,-0.7054725289344788,3.316998481750488e-05,0.9999873638153076,0.0004921853542327881,-0.7287263870239258,1.621246337890625e-05,-0.883458137512207
dense-20260718009349-6b75be3931d6,multi,0,2,1,1,16,r2,-0.0008963315439594055,1.0228295167835684,1.8775463104248047e-06,0.999642014503479,0.0008248388767242432,0.9999308586120605,0.0,0.8361288905143738,0.0017498135566711426,0.9999276399612427,1.8775463104248047e-06,0.999642014503479
dense-20260718009349-6b75be3931d6,multi,0,2,1,1,17,r2,0.0008023757042174839,0.9825491352583321,4.976987838745117e-06,0.9285939931869507,0.0008070468902587891,0.9851599931716919,0.0,-0.9489577412605286,0.0023329854011535645,0.9920457005500793,4.976987838745117e-06,0.9285939931869507
dense-20260718009349-6b75be3931d6,multi,0,2,1,1,18,r2,0.0004381238618249572,0.8996538906218614,1.3083219528198242e-05,0.778201699256897,0.0008711814880371094,0.8962608575820923,2.9802322387695312e-08,0.8793910145759583,0.0015442073345184326,0.9098467826843262,1.3083219528198242e-05,0.7782014608383179
dense-20260718009349-6b75be3931d6,multi,0,2,1,1,19,r2,-0.001108360596773439,inf,1.0758638381958008e-05,-0.9951260089874268,0.0002816319465637207,-0.9909592270851135,0.19395986199378967,0.999922513961792,0.00021716952323913574,-0.9841138124465942,1.0758638381958008e-05,-0.9951260089874268
dense-20260718009349-6b75be3931d6,multi,0,2,1,1,20,r2,-0.0010207700351430038,inf,4.887580871582031e-06,-0.9954195022583008,2.2709369659423828e-05,-0.9885421395301819,0.005578339099884033,0.9800199270248413,5.8710575103759766e-06,-0.9833506941795349,4.887580871582031e-06,-0.9954195022583008
dense-20260718009349-6b75be3931d6,multi,0,2,1,1,21,r2,-0.0006363378228626537,inf,8.106231689453125e-06,0.837525486946106,0.0006762146949768066,0.9497693181037903,0.0,0.9999984502792358,0.0007132589817047119,0.9546771049499512,8.106231689453125e-06,0.8375254273414612
dense-20260718009349-6b75be3931d6,multi,0,2,1,1,22,r2,0.0010556522515905442,inf,7.063150405883789e-05,0.9872098565101624,0.019382774829864502,0.9958927035331726,0.0,0.7789579629898071,0.02466633915901184,0.9961400628089905,7.063150405883789e-05,0.9872098565101624
dense-20260718009349-6b75be3931d6,multi,0,2,1,1,23,r2,-0.0008203139804860982,inf,1.341104507446289e-06,-0.9973949790000916,4.6312808990478516e-05,-0.9950053095817566,6.282329559326172e-05,0.9177733063697815,2.8371810913085938e-05,-0.9921648502349854,1.341104507446289e-06,-0.9973949790000916
dense-20260718009349-6b75be3931d6,multi,0,2,1,1,24,r2,-0.0009576576684524607,inf,5.0455331802368164e-05,-0.5852674245834351,0.00037106871604919434,0.07140788435935974,0.002310037612915039,0.9999995827674866,0.00010862946510314941,0.08813147991895676,5.0455331802368164e-05,-0.5852674245834351
dense-20260718009349-6b75be3931d6,multi,0,2,1,1,25,r2,0.00021734958590235998,inf,1.2099742889404297e-05,0.7621249556541443,0.0010024607181549072,0.9148279428482056,0.0,0.9999968409538269,0.0008712112903594971,0.9258359670639038,1.2099742889404297e-05,0.7621251940727234
dense-20260718009349-6b75be3931d6,multi,0,2,1,1,26,r2,9.336415629479511e-05,inf,6.616115570068359e-06,0.06411214917898178,0.000599205493927002,0.38629478216171265,8.940696716308594e-08,0.9812918305397034,0.0009239315986633301,0.4696228802204132,6.616115570068359e-06,0.0641118660569191
dense-20260718009349-6b75be3931d6,multi,0,2,1,1,27,r2,-0.0009696012240818508,inf,6.586313247680664e-06,-0.9928675293922424,0.00023609399795532227,-0.9858424663543701,0.0010396838188171387,0.9997132420539856,0.00017380714416503906,-0.9781715869903564,6.586313247680664e-06,-0.9928675293922424
dense-20260718009349-6b75be3931d6,multi,0,2,1,1,28,r2,-0.0007931111072660979,inf,7.867813110351562e-06,0.8278216123580933,0.0006693601608276367,0.9466546177864075,0.0,0.999998152256012,0.0006955265998840332,0.9520359635353088,7.867813110351562e-06,0.8278217911720276
dense-20260718009349-6b75be3931d6,multi,0,2,1,1,29,r2,0.0011086689502759484,inf,6.93202018737793e-05,0.9876707196235657,0.018915235996246338,0.9960273504257202,0.0,0.7825066447257996,0.02419722080230713,0.9962310791015625,6.93202018737793e-05,0.9876707196235657
dense-20260718009349-6b75be3931d6,multi,0,2,1,1,30,r2,-0.0013851835209430785,inf,5.167722702026367e-05,-0.9638994932174683,0.0005892515182495117,-0.917299211025238,0.9618141651153564,1.0,0.00012505054473876953,-0.8574125170707703,5.167722702026367e-05,-0.963899552822113
dense-20260718009349-6b75be3931d6,multi,0,2,1,1,31,r2,-0.0009698632952028774,inf,3.0249357223510742e-05,-0.9795438647270203,0.0010246336460113525,-0.9483368992805481,0.00014296174049377441,0.9996123909950256,0.000589519739151001,-0.9445192217826843,3.0249357223510742e-05,-0.9795438647270203
dense-20260718009349-6b75be3931d6,multi,0,2,1,1,33,r2,0.0009245360773983968,inf,3.904104232788086e-06,0.9885973930358887,0.0019267499446868896,0.9973114132881165,0.0,0.8496761918067932,0.004897475242614746,0.9979580044746399,3.904104232788086e-06,0.9885973930358887
dense-20260718009349-6b75be3931d6,multi,0,2,1,1,34,r2,-0.001633082741518077,inf,9.208917617797852e-06,-0.996008574962616,0.0002135932445526123,-0.9912300705909729,0.6443560719490051,0.999997079372406,0.00011542439460754395,-0.9844398498535156,9.208917617797852e-06,-0.996008574962616
dense-20260718009349-6b75be3931d6,multi,0,2,1,1,35,r2,-0.0010441298717751568,inf,1.4901161193847656e-07,-0.9923756718635559,8.344650268554688e-07,-0.9664624333381653,0.005734652280807495,0.9953738451004028,3.5762786865234375e-07,-0.9449898600578308,1.4901161193847656e-07,-0.9923756718635559
dense-20260718009349-6b75be3931d6,multi,0,2,1,1,36,r2,-0.0008380005231753973,inf,6.884336471557617e-06,0.8353866338729858,0.0005982816219329834,0.9476034045219421,0.0,0.9999986886978149,0.0006180703639984131,0.9526283740997314,6.884336471557617e-06,0.8353866934776306
dense-20260718009349-6b75be3931d6,multi,0,2,1,1,37,r2,0.0010552307546827233,inf,2.9802322387695312e-06,0.991599440574646,0.0016206800937652588,0.9980643391609192,0.0,0.8883762955665588,0.003929793834686279,0.9985625743865967,2.9802322387695312e-06,0.991599440574646
dense-20260718009349-6b75be3931d6,multi,0,2,1,1,38,r2,-0.000424087431565523,inf,1.3649463653564453e-05,-0.3434739410877228,0.001394510269165039,0.02237369678914547,1.2516975402832031e-05,0.9999178051948547,0.000917583703994751,0.2321196347475052,1.3649463653564453e-05,-0.34347420930862427
dense-20260718009349-6b75be3931d6,multi,0,2,1,1,39,r2,-0.0011095430076608626,inf,6.872415542602539e-05,-0.836767852306366,0.000680774450302124,-0.5233892798423767,0.030337274074554443,0.9999998807907104,0.00017336010932922363,-0.467989057302475,6.872415542602539e-05,-0.8367679715156555
dense-20260718009349-6b75be3931d6,multi,0,2,1,1,40,r2,-0.0010725654684926589,inf,5.960464477539062e-07,-0.983574628829956,1.6957521438598633e-05,-0.9273045659065247,2.9802322387695312e-08,0.940963864326477,2.473592758178711e-05,-0.9353751540184021,5.960464477539062e-07,-0.983574628829956
dense-20260718009349-6b75be3931d6,multi,0,2,1,1,41,r2,-0.0018621986950302372,inf,2.2649765014648438e-06,0.9998456835746765,0.00115966796875,0.9999749064445496,0.0,0.9972871541976929,0.002849280834197998,0.9999732971191406,2.2649765014648438e-06,0.9998456835746765
dense-20260718009349-6b75be3931d6,multi,0,2,1,1,42,r2,0.0010259860647860997,inf,0.0018173754215240479,0.9945104718208313,0.14369770884513855,0.9992382526397705,0.0,-0.2951109707355499,0.33733439445495605,0.9995296001434326,0.0018173754215240479,0.9945104718208313
dense-20260718009349-6b75be3931d6,multi,0,2,1,1,43,r2,0.0009167886778467249,inf,4.798173904418945e-06,0.9849931597709656,0.002484828233718872,0.9962088465690613,0.0,0.7809938788414001,0.00605243444442749,0.9971914291381836,4.798173904418945e-06,0.9849931597709656
dense-20260718009349-6b75be3931d6,multi,0,2,1,1,44,r2,-0.001851314775684454,inf,5.4836273193359375e-06,-0.9971112012863159,0.00014978647232055664,-0.9946830868721008,0.14475929737091064,0.9997718334197998,0.0001291334629058838,-0.9906818270683289,5.4836273193359375e-06,-0.9971112012863159
dense-20260718009349-6b75be3931d6,multi,0,2,1,1,45,r2,-0.0006832145166972836,inf,5.6743621826171875e-05,-0.6553161144256592,0.0004998147487640381,-0.11038544774055481,0.0021055936813354492,0.999998927116394,0.0001423954963684082,-0.03534352406859398,5.6743621826171875e-05,-0.6553157567977905
dense-20260718009349-6b75be3931d6,multi,0,2,1,1,46,r2,-0.0008149640429164773,inf,7.212162017822266e-06,-0.9856750965118408,0.00031238794326782227,-0.969201922416687,7.325410842895508e-05,0.9998703002929688,0.00026282668113708496,-0.9692823886871338,7.212162017822266e-06,-0.9856750965118408
dense-20260718009349-6b75be3931d6,multi,0,2,1,1,47,r2,-0.0006294555697712312,inf,8.344650268554688e-07,0.8822921514511108,9.128451347351074e-05,0.9660754799842834,0.0,0.9488807916641235,0.00019446015357971191,0.9663025736808777,8.344650268554688e-07,0.8822922706604004
dense-20260718009349-6b75be3931d6,multi,0,2,1,1,48,r2,0.0008162885368574457,inf,4.738569259643555e-06,0.8573166728019714,0.0008057653903961182,0.9676936268806458,0.0,-0.9713118076324463,0.002776235342025757,0.9818882942199707,4.738569259643555e-06,0.8573167324066162
dense-20260718009349-6b75be3931d6,multi,0,2,1,1,49,r2,7.275402432260769e-05,inf,8.791685104370117e-06,0.01260911300778389,0.0008544027805328369,0.3794879615306854,2.205371856689453e-06,0.9999863505363464,0.0006174147129058838,0.5159645676612854,8.791685104370117e-06,0.012609289959073067
dense-20260718009349-6b75be3931d6,multi,0,2,1,1,50,r2,-0.0009446350966781925,inf,1.1920928955078125e-06,-0.9961352348327637,2.5928020477294922e-05,-0.9834722876548767,1.0132789611816406e-06,0.8971552848815918,3.269314765930176e-05,-0.981283962726593,1.1920928955078125e-06,-0.9961352348327637
dense-20260718009349-6b75be3931d6,multi,0,2,1,1,51,r2,-0.0007100066307366149,inf,7.0035457611083984e-06,0.7182154655456543,0.0010586977005004883,0.8928894400596619,0.0,0.9967789649963379,0.0026554465293884277,0.8673822283744812,7.0035457611083984e-06,0.7182157635688782
dense-20260718009349-6b75be3931d6,multi,0,2,1,1,52,r2,0.0008849282513814227,inf,2.86102294921875e-06,0.9938482642173767,0.0016365647315979004,0.9986099004745483,0.0,0.9074628353118896,0.003907978534698486,0.9989765286445618,2.86102294921875e-06,0.9938482642173767
dense-20260718009349-6b75be3931d6,multi,0,2,1,1,54,r2,-0.0008899289321575576,inf,8.046627044677734e-05,-0.9021088480949402,0.0009422600269317627,-0.7458577752113342,0.12438929080963135,0.9999999403953552,0.00020951032638549805,-0.6690858602523804,8.046627044677734e-05,-0.902108907699585
dense-20260718009349-6b75be3931d6,multi,0,2,1,1,55,r2,-0.0009946055900056372,inf,8.434057235717773e-06,-0.9839116334915161,0.00036391615867614746,-0.9595354199409485,3.594160079956055e-05,0.9998981952667236,0.0003120303153991699,-0.9620789885520935,8.434057235717773e-06,-0.9839116334915161
dense-20260718009349-6b75be3931d6,multi,0,2,1,1,56,r2,-0.0013458784642585986,inf,1.519918441772461e-06,0.8706709146499634,0.00018671154975891113,0.9564133286476135,0.0,0.8917484283447266,0.00039574503898620605,0.9535446166992188,1.519918441772461e-06,0.8706708550453186
dense-20260718009349-6b75be3931d6,multi,0,2,1,1,57,r2,0.0007691783769874228,inf,0.0002403557300567627,0.7258768081665039,0.03961539268493652,0.9466820955276489,0.0,-0.4571459889411926,0.12061506509780884,0.9719029068946838,0.0002403557300567627,0.7258771061897278
dense-20260718009349-6b75be3931d6,multi,0,2,1,1,58,r2,2.9483291206000573e-05,inf,4.26173210144043e-06,0.31734123826026917,0.0004037320613861084,0.622296929359436,2.9802322387695312e-08,0.9946624040603638,0.0007362663745880127,0.6451429724693298,4.26173210144043e-06,0.3173409402370453
dense-20260718009349-6b75be3931d6,multi,0,2,1,1,59,r2,0.00018181399924821484,inf,8.672475814819336e-06,0.29023391008377075,0.0008583664894104004,0.6302693486213684,1.4901161193847656e-07,0.999991238117218,0.0006624758243560791,0.7081580758094788,8.672475814819336e-06,0.29023388028144836
dense-20260718009349-6b75be3931d6,multi,0,2,1,1,60,r2,-0.0011386207506753898,inf,1.5497207641601562e-06,-0.9971930980682373,3.2782554626464844e-05,-0.9898374676704407,4.0531158447265625e-06,0.8271853923797607,4.3720006942749023e-05,-0.9872041344642639,1.5497207641601562e-06,-0.9971930980682373
dense-20260718009349-6b75be3931d6,multi,0,2,1,1,61,r2,-0.0010603259438015655,inf,7.152557373046875e-07,-0.9800019264221191,2.041459083557129e-05,-0.9098966717720032,2.9802322387695312e-08,0.9274829030036926,3.007054328918457e-05,-0.9206780791282654,7.152557373046875e-07,-0.9800019264221191
dense-20260718009349-6b75be3931d6,multi,0,2,1,1,62,r2,-0.00196984096954278,inf,4.738569259643555e-06,0.9956114292144775,0.0007092058658599854,0.9992944002151489,0.0,-0.985864520072937,0.0036496222019195557,0.9996495842933655,4.738569259643555e-06,0.9956114888191223
dense-20260718009349-6b75be3931d6,multi,0,2,1,1,63,r2,0.0014264968309596338,inf,0.004691511392593384,0.9951182007789612,0.37349557876586914,0.9993847608566284,0.0,-0.4278329908847809,0.6955696940422058,0.9996074438095093,0.004691511392593384,0.9951182007789612
dense-20260718009349-6b75be3931d6,multi,0,2,1,1,64,r2,-2.694115877832637e-05,inf,1.9371509552001953e-06,-0.20697665214538574,0.00033208727836608887,0.19797566533088684,0.0,-0.15537336468696594,0.000797569751739502,0.4055013656616211,1.9371509552001953e-06,-0.20697635412216187
dense-20260718009349-6b75be3931d6,multi,0,2,1,1,65,r2,0.00026526210070754175,inf,1.1473894119262695e-05,0.6219438314437866,0.0010467469692230225,0.842854917049408,2.9802322387695312e-08,0.9999958276748657,0.0008601546287536621,0.8708133697509766,1.1473894119262695e-05,0.6219437718391418
dense-20260718009349-6b75be3931d6,multi,0,2,1,1,66,r2,-0.0012700255272968253,inf,8.642673492431641e-07,-0.987058162689209,3.457069396972656e-05,-0.9616541266441345,1.4901161193847656e-07,0.8656036853790283,3.466010093688965e-05,-0.9421300888061523,8.642673492431641e-07,-0.987058162689209
dense-20260718009349-6b75be3931d6,multi,0,2,1,1,67,r2,-0.0010412349068409377,inf,9.864568710327148e-06,-0.9837019443511963,0.00042113661766052246,-0.9582515358924866,3.0994415283203125e-05,0.9998626112937927,0.0003547966480255127,-0.9619373679161072,9.864568710327148e-06,-0.9837019443511963
dense-20260718009349-6b75be3931d6,multi,0,2,1,1,68,r2,-0.0012211027044053413,inf,1.7881393432617188e-06,0.8744802474975586,0.0002162158489227295,0.958163857460022,0.0,0.8820478320121765,0.00045362114906311035,0.9548201560974121,1.7881393432617188e-06,0.8744798898696899
dense-20260718009349-6b75be3931d6,multi,0,2,1,1,69,r2,0.0009441013365143469,inf,7.271766662597656e-06,0.9349112510681152,0.0011700689792633057,0.9844399690628052,0.0,-0.9766437411308289,0.005392283201217651,0.9939013123512268,7.271766662597656e-06,0.9349112510681152
dense-20260718009349-6b75be3931d6,multi,0,2,1,1,70,r2,0.0001569688410212322,inf,7.3909759521484375e-06,0.6253632307052612,0.0005189478397369385,0.8105778098106384,0.0,0.7466999292373657,0.0011830329895019531,0.8349341750144958,7.3909759521484375e-06,0.6253633499145508
dense-20260718009349-6b75be3931d6,multi,0,2,1,1,71,r2,-0.0014160867507049257,inf,8.314847946166992e-06,-0.9956750869750977,0.00023934245109558105,-0.9918239116668701,0.02825772762298584,0.9998043775558472,0.00018617510795593262,-0.9860600233078003,8.314847946166992e-06,-0.9956750869750977
dense-20260718009349-6b75be3931d6,multi,0,2,1,1,72,r2,-0.0010430390811826395,inf,1.2516975402832031e-06,-0.9860671162605286,3.3736228942871094e-05,-0.9283202290534973,2.9802322387695312e-08,0.5320571660995483,4.89652156829834e-05,-0.9382352828979492,1.2516975402832031e-06,-0.9860671758651733
dense-20260718009349-6b75be3931d6,multi,0,2,1,1,73,r2,-0.0010650603528663538,inf,1.4901161193847656e-06,0.8270189762115479,0.0001811683177947998,0.9354252219200134,0.0,0.9997151494026184,0.0005061328411102295,0.9315900206565857,1.4901161193847656e-06,0.8270192742347717
dense-20260718009349-6b75be3931d6,multi,0,2,1,1,75,r2,-0.0004519732346661698,inf,6.943941116333008e-06,-0.054392263293266296,0.00067138671875,0.2358490377664566,2.086162567138672e-07,0.9722430109977722,0.0009701550006866455,0.39181894063949585,6.943941116333008e-06,-0.05439254269003868
dense-20260718009349-6b75be3931d6,multi,0,2,1,1,76,r2,-0.001145699963290392,inf,1.4126300811767578e-05,-0.9917261004447937,0.0005004703998565674,-0.9834345579147339,0.0012508630752563477,0.9996386170387268,0.00034362077713012695,-0.9764395952224731,1.4126300811767578e-05,-0.9917261004447937
dense-20260718009349-6b75be3931d6,multi,0,2,1,1,77,r2,-0.0008425314453823773,inf,3.5762786865234375e-07,-0.8715272545814514,1.8537044525146484e-05,-0.6272566914558411,0.0,0.9706678986549377,2.4765729904174805e-05,-0.6024269461631775,3.5762786865234375e-07,-0.8715273141860962
dense-20260718009349-6b75be3931d6,multi,0,2,1,1,78,r2,-0.0011200588202044948,inf,6.198883056640625e-06,0.9997530579566956,0.0018826127052307129,0.9999572038650513,0.0,0.9613134264945984,0.0032429397106170654,0.9999485015869141,6.198883056640625e-06,0.9997530579566956
dense-20260718009349-6b75be3931d6,multi,0,2,1,1,79,r2,0.0013853108505157419,inf,0.00534975528717041,0.9949955940246582,0.4101170301437378,0.9993444085121155,0.0,-0.47484076023101807,0.7254370450973511,0.9995916485786438,0.0053497254848480225,0.9949955940246582
dense-20260718009349-6b75be3931d6,multi,0,2,1,1,80,r2,-0.0004385311604639952,inf,2.2649765014648438e-06,-0.17490318417549133,0.00038549304008483887,0.23045188188552856,0.0,-0.1906849592924118,0.000883638858795166,0.42369598150253296,2.2649765014648438e-06,-0.1749032884836197
dense-20260718009349-6b75be3931d6,multi,0,2,1,1,81,r2,-0.0011850393304304596,inf,7.748603820800781e-07,-0.958594799041748,2.9981136322021484e-05,-0.8585780262947083,0.0,0.9670896530151367,3.7729740142822266e-05,-0.8056941628456116,7.748603820800781e-07,-0.958594799041748
dense-20260718009349-6b75be3931d6,multi,0,2,1,1,82,r2,-0.001096188879578186,inf,1.5497207641601562e-06,0.9170767664909363,0.00015401840209960938,0.9751476049423218,0.0,0.99379962682724,0.0003768503665924072,0.9713549613952637,1.5497207641601562e-06,0.9170768857002258
dense-20260718009349-6b75be3931d6,multi,0,2,1,1,83,r2,0.0007650656930398014,inf,2.950429916381836e-06,0.9934794902801514,0.0015243887901306152,0.9985553622245789,0.0,0.9201873540878296,0.003753960132598877,0.9989210367202759,2.950429916381836e-06,0.9934794902801514
dense-20260718009349-6b75be3931d6,multi,0,2,1,1,84,r2,-0.0005034587527261714,inf,2.592802047729492e-06,-0.276860773563385,0.0002155005931854248,0.07912224531173706,3.606081008911133e-06,0.9999508261680603,0.00015777349472045898,0.3616006672382355,2.592802047729492e-06,-0.27686020731925964
dense-20260718009349-6b75be3931d6,multi,0,2,1,1,85,r2,-0.0007903868430356731,inf,7.203221321105957e-05,-0.8473749160766602,0.0008264780044555664,-0.6954449415206909,0.1260891556739807,1.0,0.00015461444854736328,-0.5501065254211426,7.203221321105957e-05,-0.8473747968673706
dense-20260718009349-6b75be3931d6,multi,0,2,1,1,86,r2,-0.00045477789945236324,inf,2.384185791015625e-06,0.8913360834121704,0.00023543834686279297,0.9653198719024658,0.0,0.9839196801185608,0.0005418658256530762,0.9595909118652344,2.384185791015625e-06,0.89133620262146
dense-20260718009349-6b75be3931d6,multi,0,2,1,1,87,r2,-0.00012676291302060605,inf,2.086162567138672e-06,-0.13814792037010193,0.00034669041633605957,0.2802618741989136,0.0,-0.12991522252559662,0.0007887780666351318,0.43597424030303955,2.086162567138672e-06,-0.13814760744571686
dense-20260718009349-6b75be3931d6,multi,0,2,1,1,88,r2,0.00044127945811278657,inf,9.179115295410156e-06,0.5781164169311523,0.0008651316165924072,0.8213223218917847,2.9802322387695312e-08,0.9999967217445374,0.0007069110870361328,0.8547881245613098,9.179115295410156e-06,0.5781165361404419
dense-20260718009349-6b75be3931d6,multi,0,2,1,1,89,r2,-0.0010635865386303678,inf,7.718801498413086e-06,-0.9950754642486572,0.00022169947624206543,-0.9902157187461853,0.027015894651412964,0.9999319911003113,0.0001741647720336914,-0.984110951423645,7.718801498413086e-06,-0.9950754642486572
dense-20260718009349-6b75be3931d6,multi,0,2,1,1,90,r2,-0.0010473260858887556,inf,7.867813110351562e-06,-0.9800432920455933,0.000362396240234375,-0.9463372826576233,1.919269561767578e-05,0.9999244213104248,0.0003046691417694092,-0.9516400694847107,7.867813110351562e-06,-0.9800432920455933
dense-20260718009349-6b75be3931d6,multi,0,2,1,1,91,r2,-0.0016862107182358255,inf,2.980232238769531e-07,0.9161709547042847,9.34898853302002e-05,0.9857441186904907,0.0,0.966640830039978,0.0003460049629211426,0.9870267510414124,2.980232238769531e-07,0.9161708950996399
dense-20260718009349-6b75be3931d6,multi,0,2,1,1,92,r2,0.0007340330899603398,inf,0.00026983022689819336,0.7444824576377869,0.04406890273094177,0.9510100483894348,0.0,-0.567789614200592,0.13498613238334656,0.9744575023651123,0.00026983022689819336,0.7444823384284973
dense-20260718009349-6b75be3931d6,multi,0,2,1,1,93,r2,-6.934567607497222e-05,inf,6.258487701416016e-07,0.27112171053886414,0.0001811385154724121,0.6813684105873108,0.0,0.3856230676174164,0.0006753206253051758,0.7791652679443359,6.258487701416016e-07,0.27112194895744324
dense-20260718009349-6b75be3931d6,multi,0,2,1,1,94,r2,0.0002236635378900509,inf,9.894371032714844e-06,0.3457235097885132,0.0009828805923461914,0.6772005558013916,1.1920928955078125e-07,0.999993085861206,0.0007526278495788574,0.7434921264648438,9.894371032714844e-06,0.34572410583496094
dense-20260718009349-6b75be3931d6,multi,0,2,1,1,96,r2,-0.0010779068425470495,inf,8.940696716308594e-07,-0.977686882019043,2.5957822799682617e-05,-0.8978834748268127,2.9802322387695312e-08,0.9151018857955933,3.668665885925293e-05,-0.9127164483070374,8.940696716308594e-07,-0.9776868224143982
dense-20260718009349-6b75be3931d6,multi,0,2,1,1,97,r2,-0.0017307786535514236,inf,2.8014183044433594e-06,0.9998565912246704,0.0015072226524353027,0.9999763369560242,0.0,0.996620774269104,0.0035987496376037598,0.9999740719795227,2.8014183044433594e-06,0.9998565912246704
dense-20260718009349-6b75be3931d6,multi,0,2,1,1,98,r2,0.0007058270642645859,inf,0.00031957030296325684,0.7866003513336182,0.031300127506256104,0.9573961496353149,0.0,-0.7382698655128479,0.15584054589271545,0.979470431804657,0.00031957030296325684,0.7866003513336182
dense-20260718009349-6b75be3931d6,multi,0,2,1,1,99,r2,0.00015656320916890287,inf,5.364418029785156e-07,0.30284279584884644,0.00016957521438598633,0.7055768370628357,0.0,0.3143460750579834,0.0006114542484283447,0.801115870475769,5.364418029785156e-07,0.3028421700000763
dense-20260718009349-6b75be3931d6,multi,0,2,1,1,100,r2,0.00019734091604228787,inf,8.52346420288086e-06,0.33590206503868103,0.0008707046508789062,0.6646454334259033,1.1920928955078125e-07,0.9999943971633911,0.0006622076034545898,0.7370762825012207,8.52346420288086e-06,0.33590275049209595
dense-20260718009349-6b75be3931d6,multi,0,2,1,1,101,r2,-0.001094541681159189,inf,1.1324882507324219e-06,-0.9829215407371521,3.999471664428711e-05,-0.9382428526878357,5.960464477539063e-08,0.8774685263633728,4.252791404724121e-05,-0.9118170738220215,1.1324882507324219e-06,-0.9829216003417969
dense-20260718009349-6b75be3931d6,multi,0,2,1,1,102,r2,-0.001083763027307949,inf,4.470348358154297e-07,-0.8853191137313843,2.041459083557129e-05,-0.647804856300354,0.0,0.9383687973022461,2.7239322662353516e-05,-0.6170783042907715,4.470348358154297e-07,-0.8853192329406738
dense-20260718009349-6b75be3931d6,multi,0,2,1,1,103,r2,-0.0015085314430449692,inf,8.046627044677734e-06,0.9996890425682068,0.0023145973682403564,0.9999449253082275,0.0,0.9548106789588928,0.003965795040130615,0.9999327659606934,8.046627044677734e-06,0.9996890425682068
dense-20260718009349-6b75be3931d6,multi,0,2,1,1,104,r2,0.0009280991864879518,inf,1.2189149856567383e-05,0.9940922856330872,0.0028340518474578857,0.9983505606651306,0.0,0.9540824890136719,0.005908221006393433,0.9985783696174622,1.2189149856567383e-05,0.9940922856330872
dense-20260718009349-6b75be3931d6,multi,0,2,1,1,105,r2,-8.848501994851432e-05,inf,2.5331974029541016e-06,-0.25798162817955017,0.0003986358642578125,0.13834160566329956,0.0,-0.2558506429195404,0.0008758306503295898,0.34693655371665955,2.5331974029541016e-06,-0.25798192620277405
dense-20260718009349-6b75be3931d6,multi,0,2,1,1,106,r2,-0.0010242556325548158,inf,8.046627044677734e-07,-0.9610522985458374,3.039836883544922e-05,-0.8548862934112549,0.0,0.9455088973045349,3.8176774978637695e-05,-0.8047903776168823,8.046627044677734e-07,-0.9610522389411926
dense-20260718009349-6b75be3931d6,multi,0,2,1,1,107,r2,-0.0007158158084101807,inf,5.960464477539062e-07,0.9524354338645935,7.134675979614258e-05,0.9823238849639893,0.0,0.9999972581863403,6.836652755737305e-05,0.9846879243850708,5.960464477539062e-07,0.9524354338645935
dense-20260718009349-6b75be3931d6,multi,0,2,1,1,108,r2,0.0009839644409666004,inf,1.8388032913208008e-05,0.991990327835083,0.004728108644485474,0.9975720643997192,0.0,0.9106113314628601,0.009287059307098389,0.9979546070098877,1.8388032913208008e-05,0.991990327835083
dense-20260718009349-6b75be3931d6,multi,0,2,1,1,109,r2,-0.0001539301374486879,inf,9.417533874511719e-06,-0.3306831121444702,0.0010057687759399414,0.04609403759241104,7.3909759521484375e-06,0.99996018409729,0.0006810128688812256,0.265241801738739,9.417533874511719e-06,-0.3306823968887329
dense-20260718009349-6b75be3931d6,multi,0,2,1,1,110,r2,-0.001047227559284769,inf,8.144974708557129e-05,-0.8488895297050476,0.0008879899978637695,-0.6894257664680481,0.10868462920188904,1.0,0.00016963481903076172,-0.5509865880012512,8.144974708557129e-05,-0.8488895297050476
dense-20260718009349-6b75be3931d6,multi,0,2,1,1,111,r2,-0.001003611048395081,inf,2.980232238769531e-07,-0.8951151371002197,1.570582389831543e-05,-0.6851996183395386,0.0,0.984106719493866,2.053380012512207e-05,-0.6663669943809509,2.980232238769531e-07,-0.8951150178909302
dense-20260718009349-6b75be3931d6,multi,0,2,1,1,112,r2,-0.0018843604250806667,inf,8.225440979003906e-06,0.9998086094856262,0.002534627914428711,0.9999667406082153,0.0,0.968527615070343,0.004308223724365234,0.9999595284461975,8.225440979003906e-06,0.9998086094856262
dense-20260718009349-6b75be3931d6,multi,0,2,1,1,113,r2,0.0005890790555973524,inf,0.0002803206443786621,0.7895842790603638,0.027510762214660645,0.9576756358146667,0.0,-0.7639788389205933,0.1376141905784607,0.9796795845031738,0.0002803206443786621,0.7895845770835876
dense-20260718009349-6b75be3931d6,multi,0,2,1,1,114,r2,-0.0004113345363989662,inf,2.8312206268310547e-06,0.13548970222473145,0.00038307905197143555,0.6689853072166443,0.0,0.4412357807159424,0.0010940134525299072,0.7399097084999084,2.8312206268310547e-06,0.135489821434021
dense-20260718009349-6b75be3931d6,multi,0,2,1,1,115,r2,0.00047023389709299757,inf,9.506940841674805e-06,0.4645810127258301,0.0009315311908721924,0.7574097514152527,5.960464477539063e-08,0.9999962449073792,0.0007125735282897949,0.8025071620941162,9.506940841674805e-06,0.46458131074905396
dense-20260718009349-6b75be3931d6,multi,0,2,1,1,117,r2,-0.001070502749632718,inf,9.834766387939453e-07,-0.9777886867523193,2.8640031814575195e-05,-0.8972663879394531,2.9802322387695312e-08,0.9126343131065369,3.9458274841308594e-05,-0.9130652546882629,9.834766387939453e-07,-0.9777886867523193
dense-20260718009349-6b75be3931d6,multi,0,2,1,1,118,r2,-0.0007297491852045201,inf,3.0994415283203125e-06,0.8863723874092102,0.0004601478576660156,0.9844188690185547,0.0,0.892600417137146,0.0014277994632720947,0.9840379953384399,3.0994415283203125e-06,0.8863726258277893
dense-20260718009349-6b75be3931d6,multi,0,2,1,1,119,r2,0.0008274832925048159,inf,0.00044411420822143555,0.7965839505195618,0.04322943091392517,0.9592974185943604,0.0,-0.7584607601165771,0.21720701456069946,0.9804748296737671,0.00044411420822143555,0.796583890914917
dense-20260718009349-6b75be3931d6,multi,0,2,1,1,120,r2,7.584208418065508e-05,inf,5.960464477539062e-07,0.19045941531658173,0.0001838207244873047,0.6332593560218811,0.0,0.27181750535964966,0.000658184289932251,0.7513670921325684,5.960464477539062e-07,0.19045928120613098
dense-20260718009349-6b75be3931d6,multi,0,2,1,1,121,r2,0.0003271574616323658,inf,1.0728836059570312e-05,0.39402395486831665,0.0010735690593719482,0.7170612812042236,8.940696716308594e-08,0.9999942779541016,0.0008355677127838135,0.7693686485290527,1.0728836059570312e-05,0.3940240144729614
dense-20260718009349-6b75be3931d6,multi,0,2,1,1,122,r2,-0.001071556304030663,inf,2.2649765014648438e-06,-0.9968453645706177,4.965066909790039e-05,-0.9891156554222107,7.510185241699219e-06,0.8371437788009644,6.514787673950195e-05,-0.9855901598930359,2.2649765014648438e-06,-0.9968453645706177
dense-20260718009349-6b75be3931d6,multi,0,2,1,1,123,r2,-0.0011368621638665477,inf,1.3113021850585938e-06,-0.9751086831092834,3.8504600524902344e-05,-0.883101224899292,5.960464477539063e-08,0.8970525860786438,5.3554773330688477e-05,-0.9021286964416504,1.3113021850585938e-06,-0.9751086235046387
dense-20260718009349-6b75be3931d6,multi,0,2,1,1,124,r2,-0.001336387457441468,inf,2.980232238769531e-07,0.9269145131111145,9.810924530029297e-05,0.987890899181366,0.0,0.9701184630393982,0.0003514289855957031,0.9891335964202881,2.980232238769531e-07,0.9269145131111145
dense-20260718009349-6b75be3931d6,multi,0,2,1,1,125,r2,0.0007894850038514534,inf,0.0004111826419830322,0.7835033535957336,0.04031971096992493,0.9558057188987732,0.0,-0.756809651851654,0.20573866367340088,0.9790554046630859,0.0004111826419830322,0.7835032939910889
dense-20260718009349-6b75be3931d6,multi,0,2,1,1,126,r2,0.00028077173269758227,inf,6.258487701416016e-07,0.2400657683610916,0.00018897652626037598,0.6695062518119812,0.0,0.32087451219558716,0.000665515661239624,0.7733926773071289,6.258487701416016e-07,0.24006542563438416
dense-20260718009349-6b75be3931d6,multi,0,2,1,1,127,r2,-0.0005574733574498225,inf,8.344650268554688e-07,-0.9753198027610779,3.147125244140625e-05,-0.9165012836456299,5.960464477539063e-08,0.9647693037986755,3.662705421447754e-05,-0.8767732977867126,8.344650268554688e-07,-0.9753198027610779
dense-20260718009349-6b75be3931d6,multi,0,2,1,1,128,r2,-0.0006573291085361088,inf,5.841255187988281e-06,0.8577017188072205,0.0005699694156646729,0.9542333483695984,0.0,0.9999992847442627,0.0005492866039276123,0.9562283754348755,5.841255187988281e-06,0.8577017188072205
dense-20260718009349-6b75be3931d6,multi,0,2,1,1,129,r2,0.0010929875303966607,inf,1.7464160919189453e-05,0.9892983436584473,0.0044103264808654785,0.9966667294502258,0.0,0.8702988028526306,0.008299767971038818,0.9970431327819824,1.7464160919189453e-05,0.9892983436584473
dense-20260718009349-6b75be3931d6,multi,0,2,1,1,130,r2,-0.001004790648141629,inf,8.046627044677734e-07,-0.9908403158187866,3.4242868423461914e-05,-0.9792400002479553,9.834766387939453e-07,0.7827224731445312,3.141164779663086e-05,-0.9624965190887451,8.046627044677734e-07,-0.9908403158187866
dense-20260718009349-6b75be3931d6,multi,0,2,1,1,131,r2,-0.0009536923538637776,inf,2.714991569519043e-05,-0.8142387866973877,0.0002340078353881836,-0.31062841415405273,0.0001068115234375,0.9999982714653015,0.0001964867115020752,-0.13075098395347595,2.714991569519043e-05,-0.814238965511322
dense-20260718009349-6b75be3931d6,multi,0,2,1,1,132,r2,-0.0004857155854480766,inf,7.987022399902344e-06,0.8280636072158813,0.0007232427597045898,0.9420555830001831,0.0,0.9999990463256836,0.0006300210952758789,0.948428213596344,7.987022399902344e-06,0.8280638456344604
dense-20260718009349-6b75be3931d6,multi,0,2,1,1,133,r2,8.422478351621798e-05,inf,6.258487701416016e-07,0.20918869972229004,0.00018018484115600586,0.64161616563797,0.0,0.3754739463329315,0.0006421208381652832,0.7578493356704712,6.258487701416016e-07,0.20918869972229004
dense-20260718009349-6b75be3931d6,multi,0,2,1,1,134,r2,0.00033264608240313187,inf,9.59634780883789e-06,0.39541131258010864,0.0009585916996002197,0.7167498469352722,8.940696716308594e-08,0.9999951124191284,0.0007294118404388428,0.7721183896064758,9.59634780883789e-06,0.3954114019870758
dense-20260718009349-6b75be3931d6,multi,0,2,1,1,135,r2,-0.0010389838775397564,inf,1.2516975402832031e-06,-0.9840426445007324,4.4971704483032227e-05,-0.9437476992607117,8.940696716308594e-08,0.8604549765586853,4.5925378799438477e-05,-0.9192603230476379,1.2516975402832031e-06,-0.9840426445007324
dense-20260718009349-6b75be3931d6,multi,0,2,1,1,136,r2,-0.0009108387175644772,inf,1.2814998626708984e-06,-0.974658191204071,3.781914710998535e-05,-0.8803346157073975,5.960464477539063e-08,0.9028339385986328,5.1528215408325195e-05,-0.8997167944908142,1.2814998626708984e-06,-0.974658191204071
dense-20260718009349-6b75be3931d6,multi,0,2,1,1,138,r2,0.0008205952049986642,inf,5.990266799926758e-06,0.9908671975135803,0.0022197067737579346,0.9972283840179443,0.0,0.9159321188926697,0.00469633936882019,0.9980276823043823,5.990266799926758e-06,0.9908671975135803
dense-20260718009349-6b75be3931d6,multi,0,2,1,1,139,r2,-0.00044078498822375245,inf,6.556510925292969e-07,0.05016616731882095,0.00018829107284545898,0.524388313293457,0.0,0.13214975595474243,0.0006577968597412109,0.6833022236824036,6.556510925292969e-07,0.05016624182462692
dense-20260718009349-6b75be3931d6,multi,0,2,1,1,140,r2,-0.000925473825367451,inf,9.834766387939453e-07,-0.9740150570869446,3.635883331298828e-05,-0.9055749773979187,2.9802322387695312e-08,0.9395890831947327,4.264712333679199e-05,-0.8682820796966553,9.834766387939453e-07,-0.9740150570869446
dense-20260718009349-6b75be3931d6,multi,0,2,1,1,141,r2,-0.0009746924376563548,inf,6.258487701416016e-06,0.8456606268882751,0.0005998909473419189,0.9507918357849121,0.0,0.9999992251396179,0.0005750358104705811,0.953076958656311,6.258487701416016e-06,0.8456606864929199
dense-20260718009349-6b75be3931d6,multi,0,2,1,1,142,r2,0.00015623389356833606,inf,2.86102294921875e-06,0.260330468416214,0.0003705024719238281,0.7253991961479187,0.0,0.4208323657512665,0.0010624825954437256,0.7901780009269714,2.86102294921875e-06,0.2603306770324707
dense-20260718009349-6b75be3931d6,multi,0,2,1,1,143,r2,0.00030992111337391215,inf,1.3709068298339844e-06,0.3600732684135437,0.00015220046043395996,0.6574821472167969,8.940696716308594e-08,0.999996542930603,0.00013935565948486328,0.7666363716125488,1.3709068298339844e-06,0.3600728511810303
dense-20260718009349-6b75be3931d6,multi,0,2,1,1,144,r2,-0.000964308783089951,inf,9.238719940185547e-07,-0.9826610088348389,3.594160079956055e-05,-0.9383081793785095,8.940696716308594e-08,0.9485249519348145,4.056096076965332e-05,-0.9081706404685974,9.238719940185547e-07,-0.9826610088348389
dense-20260718009349-6b75be3931d6,multi,0,2,1,1,145,r2,-0.0008063867293681692,inf,3.5762786865234375e-07,-0.8769072890281677,1.9252300262451172e-05,-0.6316568851470947,0.0,0.9693069458007812,2.4586915969848633e-05,-0.6185627579689026,3.5762786865234375e-07,-0.8769072890281677
dense-20260718009349-6b75be3931d6,multi,0,2,1,1,146,r2,-0.0012700251681367902,inf,1.0162591934204102e-05,0.9997895359992981,0.0030406415462493896,0.999962568283081,0.0,0.9605387449264526,0.005046725273132324,0.9999538660049438,1.0162591934204102e-05,0.9997895359992981
dense-20260718009349-6b75be3931d6,multi,0,2,1,1,147,r2,0.0006998791927419479,inf,0.00033351778984069824,0.808976411819458,0.03388449549674988,0.96147221326828,0.0,-0.7886457443237305,0.15789905190467834,0.981105625629425,0.00033351778984069824,0.8089763522148132
dense-20260718009349-6b75be3931d6,multi,0,2,1,1,148,r2,-0.0001994794777981923,inf,3.0994415283203125e-06,0.0438297875225544,0.00040280818939208984,0.6187265515327454,0.0,0.4162635803222656,0.0011358559131622314,0.697436511516571,3.0994415283203125e-06,0.04383010044693947
dense-20260718009349-6b75be3931d6,multi,0,2,1,1,149,r2,0.0004114425110006703,inf,9.894371032714844e-06,0.5092385411262512,0.0009752213954925537,0.785676896572113,2.9802322387695312e-08,0.9999969005584717,0.0007584095001220703,0.8233215808868408,9.894371032714844e-06,0.5092385411262512
dense-20260718009349-6b75be3931d6,multi,0,2,1,1,150,r2,-0.0011300895804462474,inf,1.665949821472168e-05,-0.9502356052398682,0.00014090538024902344,-0.848869264125824,0.12643378973007202,0.9999999403953552,7.301568984985352e-05,-0.7718951106071472,1.665949821472168e-05,-0.9502356052398682
dense-20260718009349-6b75be3931d6,multi,0,2,1,1,151,r2,-0.0006082895261576571,inf,2.154707908630371e-05,-0.6577126383781433,0.0001665949821472168,0.03622257709503174,0.00011181831359863281,0.9999996423721313,0.0001526176929473877,0.2081855684518814,2.154707908630371e-05,-0.6577125787734985
dense-20260718009349-6b75be3931d6,multi,0,2,1,1,152,r2,-0.0003892374084091266,inf,3.4570693969726562e-06,0.8379562497138977,0.0004246830940246582,0.943192720413208,0.0,0.8239511847496033,0.0008158385753631592,0.9334995150566101,3.4570693969726562e-06,0.8379561901092529
dense-20260718009349-6b75be3931d6,multi,0,2,1,1,153,r2,0.0009325757470430851,inf,2.1576881408691406e-05,0.9903662800788879,0.005689293146133423,0.9969732761383057,0.0,0.8672247529029846,0.010429054498672485,0.9973804354667664,2.1576881408691406e-05,0.9903662800788879
dense-20260718009349-6b75be3931d6,multi,0,2,1,1,154,r2,-0.0015242624486568879,inf,8.642673492431641e-07,-0.9907208681106567,3.7044286727905273e-05,-0.9784577488899231,1.1324882507324219e-06,0.7933831810951233,3.311038017272949e-05,-0.9614015817642212,8.642673492431641e-07,-0.9907209277153015
dense-20260718009349-6b75be3931d6,multi,0,2,1,1,155,r2,-0.0010174337402717448,inf,3.5762786865234375e-07,-0.9893548488616943,2.115964889526367e-06,-0.9552770256996155,0.006020903587341309,0.9975171685218811,8.344650268554688e-07,-0.932640790939331,3.5762786865234375e-07,-0.9893548488616943
dense-20260718009349-6b75be3931d6,multi,0,2,1,1,156,r2,-0.0009332870158214046,inf,2.384185791015625e-07,-0.8518695831298828,1.4454126358032227e-05,-0.5836908221244812,0.0,0.9909576177597046,1.9550323486328125e-05,-0.5716837048530579,2.384185791015625e-07,-0.8518697023391724
dense-20260718009349-6b75be3931d6,multi,0,2,1,1,157,r2,-0.0017561616262431468,inf,8.702278137207031e-06,0.9998672008514404,0.0029939115047454834,0.9999773502349854,0.0,0.975997269153595,0.004953503608703613,0.9999720454216003,8.702278137207031e-06,0.9998672008514404
dense-20260718009349-6b75be3931d6,multi,0,2,1,1,159,r2,0.01683648052479958,inf,1.2814998626708984e-06,-0.14207714796066284,0.00018641352653503418,0.5031401515007019,2.9802322387695312e-08,0.1470801830291748,0.0005142390727996826,0.6453003287315369,1.2814998626708984e-06,-0.14207680523395538
dense-20260718009349-6b75be3931d6,multi,0,2,1,1,160,r2,0.009879469029445032,inf,7.748603820800781e-07,-0.9642720818519592,3.001093864440918e-05,-0.8753017783164978,0.0,0.9563003182411194,3.802776336669922e-05,-0.8273361325263977,7.748603820800781e-07,-0.9642720818519592
dense-20260718009349-6b75be3931d6,multi,0,2,1,1,161,r2,0.003530300902559347,inf,2.562999725341797e-06,0.8681677579879761,0.00024896860122680664,0.9582656025886536,0.0,0.9736653566360474,0.000616610050201416,0.9512996077537537,2.562999725341797e-06,0.8681676387786865
dense-20260718009349-6b75be3931d6,multi,0,2,1,1,165,r2,0.0014560896054793826,inf,5.632638931274414e-06,0.83076012134552,0.0005202591419219971,0.944445788860321,0.0,0.999998927116394,0.0005329251289367676,0.9497928023338318,5.632638931274414e-06,0.8307600617408752
dense-20260718009349-6b75be3931d6,multi,0,2,1,1,166,r2,0.0021970447159367357,inf,4.6193599700927734e-06,0.9903573393821716,0.0023121535778045654,0.9977807998657227,0.0,0.8577623963356018,0.005755782127380371,0.9982914328575134,4.6193599700927734e-06,0.9903573393821716
dense-20260718009349-6b75be3931d6,multi,0,2,1,1,167,r2,-0.0017313611108336069,inf,7.450580596923828e-07,-0.9902109503746033,3.236532211303711e-05,-0.9787566661834717,6.258487701416016e-07,0.7134581208229065,3.069639205932617e-05,-0.962570309638977,7.450580596923828e-07,-0.9902109503746033
dense-20260718009349-6b75be3931d6,multi,0,2,1,1,168,r2,-2.9095493202513367e-05,inf,5.0127506256103516e-05,-0.562119722366333,0.000386655330657959,0.11399074643850327,0.0018326044082641602,0.9999995827674866,0.0001061856746673584,0.09140412509441376,5.0127506256103516e-05,-0.5621197819709778
dense-20260718009349-6b75be3931d6,multi,0,2,1,1,169,r2,0.0016676680453844295,inf,1.2606382369995117e-05,0.7507001757621765,0.0010443627834320068,0.9079817533493042,0.0,0.9999969005584717,0.0009164512157440186,0.9190270304679871,1.2606382369995117e-05,0.7506998181343079
dense-20260718009349-6b75be3931d6,multi,0,2,1,1,170,r2,7.265246361165545e-05,inf,6.616115570068359e-06,0.08414486050605774,0.0006143152713775635,0.4097149670124054,5.960464477539063e-08,0.9839429259300232,0.0009612441062927246,0.4909070134162903,6.616115570068359e-06,0.08414444327354431
dense-20260718009349-6b75be3931d6,multi,0,2,1,1,171,r2,-0.00019689173113768277,inf,6.377696990966797e-06,-0.9936109185218811,0.0002276599407196045,-0.9872571229934692,0.0008251070976257324,0.9996352195739746,0.000176161527633667,-0.9797336459159851,6.377696990966797e-06,-0.9936109185218811
dense-20260718009349-6b75be3931d6,multi,0,2,1,1,172,r2,-0.0008766397944903748,inf,2.682209014892578e-07,-0.8845536708831787,1.5437602996826172e-05,-0.6662595868110657,0.0,0.9707834720611572,2.1398067474365234e-05,-0.640191376209259,2.682209014892578e-07,-0.884553849697113
dense-20260718009349-6b75be3931d6,multi,0,2,1,1,173,r2,-0.0012382577196776712,inf,7.152557373046875e-06,0.9997565746307373,0.0020734667778015137,0.9999586343765259,0.0,0.9714875817298889,0.0036487579345703125,0.9999499320983887,7.152557373046875e-06,0.9997565746307373
dense-20260718009349-6b75be3931d6,multi,0,2,1,1,174,r2,0.0013221969323231608,inf,0.00502440333366394,0.9945673942565918,0.3732050657272339,0.999319314956665,0.0,-0.43966713547706604,0.6968179941177368,0.9995661973953247,0.00502440333366394,0.9945673942565918
dense-20260718009349-6b75be3931d6,multi,0,2,1,1,175,r2,-0.0004083533143921514,inf,1.9073486328125e-06,-0.2201790064573288,0.00032788515090942383,0.182796910405159,0.0,-0.20646728575229645,0.0007888674736022949,0.3970211148262024,1.9073486328125e-06,-0.22017991542816162
dense-20260718009349-6b75be3931d6,multi,0,2,1,1,176,r2,-0.0011995953415866456,inf,6.258487701416016e-07,-0.9586266875267029,2.4050474166870117e-05,-0.8615228533744812,0.0,0.9705426692962646,3.129243850708008e-05,-0.8107607364654541,6.258487701416016e-07,-0.9586266875267029
dense-20260718009349-6b75be3931d6,multi,0,2,1,1,177,r2,-0.0010520604820971613,inf,1.3113021850585938e-06,0.9124689698219299,0.00012445449829101562,0.9739370346069336,0.0,0.9951924085617065,0.0003242790699005127,0.9711567759513855,1.3113021850585938e-06,0.9124690890312195
dense-20260718009349-6b75be3931d6,multi,0,2,1,1,178,r2,0.0007004115156179491,inf,5.0067901611328125e-06,0.8241679072380066,0.0008427202701568604,0.9576489329338074,0.0,-0.9737420678138733,0.003037482500076294,0.9754486680030823,5.0067901611328125e-06,0.8241679668426514
dense-20260718009349-6b75be3931d6,multi,0,2,1,1,179,r2,0.00041481792430242415,inf,7.68899917602539e-06,0.5842350721359253,0.0005219876766204834,0.7899909019470215,0.0,0.7237223386764526,0.0012340545654296875,0.8135756254196167,7.68899917602539e-06,0.5842351317405701
dense-20260718009349-6b75be3931d6,multi,0,2,1,1,180,r2,-0.0013700060592769514,inf,7.957220077514648e-06,-0.9963564276695251,0.0002332627773284912,-0.9931272864341736,0.018183141946792603,0.9996041059494019,0.00018921494483947754,-0.9880625605583191,7.957220077514648e-06,-0.9963564276695251
dense-20260718009349-6b75be3931d6,multi,0,2,1,1,181,r2,-0.0009821333286588185,inf,8.046627044677734e-07,-0.9878935813903809,4.556775093078613e-05,-0.9667655229568481,8.940696716308594e-08,0.975612461566925,3.841519355773926e-05,-0.971859872341156,8.046627044677734e-07,-0.9878935217857361
dense-20260718009349-6b75be3931d6,multi,0,2,1,1,182,r2,-0.0009845098639116312,inf,3.7848949432373047e-06,0.99974524974823,0.0023009777069091797,0.9999544024467468,0.0,0.9826909303665161,0.005411863327026367,0.9999531507492065,3.7848949432373047e-06,0.99974524974823
dense-20260718009349-6b75be3931d6,multi,0,2,1,1,183,r2,0.0007368401222564991,inf,1.1324882507324219e-06,0.7973381280899048,0.0001399219036102295,0.9421736001968384,0.0,-0.9662842154502869,0.000661700963973999,0.9673291444778442,1.1324882507324219e-06,0.7973381876945496
dense-20260718009349-6b75be3931d6,multi,0,2,1,1,184,r2,-0.00027829591738481874,inf,5.811452865600586e-06,0.09408818930387497,0.0005678236484527588,0.40040674805641174,5.960464477539063e-08,0.9864709973335266,0.0008816123008728027,0.4892328083515167,5.811452865600586e-06,0.09408831596374512
dense-20260718009349-6b75be3931d6,multi,0,2,1,1,186,r2,-0.000888853161122416,inf,2.384185791015625e-07,-0.8877778053283691,1.475214958190918e-05,-0.6733859181404114,0.0,0.971103310585022,2.0235776901245117e-05,-0.6546521186828613,2.384185791015625e-07,-0.8877778649330139
dense-20260718009349-6b75be3931d6,multi,0,2,1,1,187,r2,-0.0015976804696067326,inf,7.18235969543457e-06,0.9997716546058655,0.002154618501663208,0.9999613761901855,0.0,0.9682958126068115,0.0037872493267059326,0.99995356798172,7.18235969543457e-06,0.9997716546058655
dense-20260718009349-6b75be3931d6,multi,0,2,1,1,188,r2,0.0012501314659618679,inf,0.004656344652175903,0.9947921633720398,0.3634380102157593,0.9993489384651184,0.0,-0.46278926730155945,0.6876394748687744,0.9995890259742737,0.004656344652175903,0.9947921633720398
dense-20260718009349-6b75be3931d6,multi,0,2,1,1,189,r2,-7.590772181820249e-05,inf,5.364418029785156e-07,0.04633746296167374,0.00014901161193847656,0.5112928152084351,0.0,0.1396709382534027,0.0005564093589782715,0.6825934052467346,5.364418029785156e-07,0.04633700102567673
dense-20260718009349-6b75be3931d6,multi,0,2,1,1,190,r2,-0.0012211315293444436,inf,8.642673492431641e-07,-0.9706321358680725,3.224611282348633e-05,-0.9014833569526672,2.9802322387695312e-08,0.9534522891044617,3.9696693420410156e-05,-0.8571727275848389,8.642673492431641e-07,-0.9706321358680725
dense-20260718009349-6b75be3931d6,multi,0,2,1,1,191,r2,-0.0009496528310637409,inf,9.238719940185547e-07,0.8716381192207336,0.00010460615158081055,0.9489855170249939,0.0,0.9999993443489075,0.00010910630226135254,0.9582432508468628,9.238719940185547e-07,0.8716380596160889
dense-20260718009349-6b75be3931d6,multi,0,2,1,1,192,r2,0.0009214512208925996,inf,1.3589859008789062e-05,0.9901677370071411,0.003258734941482544,0.9971223473548889,0.0,0.9036323428153992,0.006609141826629639,0.9974793791770935,1.3589859008789062e-05,0.9901677370071411
dense-20260718009349-6b75be3931d6,multi,0,2,1,1,193,r2,-0.000821370169723723,inf,9.745359420776367e-06,-0.3695391118526459,0.0009952783584594727,-0.0013635150389745831,7.748603820800781e-06,0.9999456405639648,0.0006853342056274414,0.20385149121284485,9.745359420776367e-06,-0.3695391118526459
dense-20260718009349-6b75be3931d6,multi,0,2,1,1,194,r2,-0.0009547861780929701,inf,6.35683536529541e-05,-0.8577505946159363,0.0007106363773345947,-0.7100690603256226,0.12372508645057678,1.0,0.000144273042678833,-0.55906081199646,6.35683536529541e-05,-0.8577504754066467
dense-20260718009349-6b75be3931d6,multi,0,2,1,1,195,r2,-0.0007974759508002638,inf,3.8743019104003906e-07,-0.9016842246055603,1.8358230590820312e-05,-0.6999340653419495,0.0,0.9732204079627991,2.512335777282715e-05,-0.6671416759490967,3.8743019104003906e-07,-0.9016842842102051
dense-20260718009349-6b75be3931d6,multi,0,2,1,1,196,r2,-0.001418020467153669,inf,7.599592208862305e-06,0.9997503161430359,0.0021990537643432617,0.9999573230743408,0.0,0.9678786396980286,0.0038568079471588135,0.9999480247497559,7.599592208862305e-06,0.9997503757476807
dense-20260718009349-6b75be3931d6,multi,0,2,1,1,197,r2,0.0013314290899386627,inf,0.005432158708572388,0.9944366216659546,0.4044319987297058,0.9992868304252625,0.0,-0.4943668842315674,0.7203983664512634,0.9995560646057129,0.005432158708572388,0.9944366216659546
dense-20260718009349-6b75be3931d6,multi,0,2,1,1,198,r2,-0.00043780892290157247,inf,1.9073486328125e-06,-0.24785053730010986,0.00031679868698120117,0.1519428789615631,0.0,-0.21111032366752625,0.000755608081817627,0.3660120666027069,1.9073486328125e-06,-0.24785049259662628
dense-20260718009349-6b75be3931d6,multi,0,2,1,1,199,r2,-0.0009795126269371845,inf,6.556510925292969e-07,-0.9637508392333984,2.5153160095214844e-05,-0.8728324174880981,0.0,0.9556918740272522,3.266334533691406e-05,-0.8279180526733398,6.556510925292969e-07,-0.9637508392333984
dense-20260718009349-6b75be3931d6,multi,0,2,1,1,200,r2,-0.001133987917848689,inf,1.4007091522216797e-06,0.9111334085464478,0.00013783574104309082,0.9737915396690369,0.0,0.9947881698608398,0.00035309791564941406,0.9703156352043152,1.4007091522216797e-06,0.9111334085464478
dense-20260718009349-6b75be3931d6,multi,0,2,1,1,201,r2,0.0007234456418852009,inf,1.4007091522216797e-06,0.8629516363143921,0.00018090009689331055,0.9651219248771667,0.0,-0.9609151482582092,0.0008559823036193848,0.9797433018684387,1.4007091522216797e-06,0.8629515767097473
dense-20260718009349-6b75be3931d6,multi,0,2,1,1,202,r2,0.00029945389238661413,inf,8.761882781982422e-06,0.5105034112930298,0.0005904138088226318,0.7494804859161377,2.9802322387695312e-08,0.7061059474945068,0.001362234354019165,0.7759289741516113,8.761882781982422e-06,0.5105034112930298
dense-20260718009349-6b75be3931d6,multi,0,2,1,1,203,r2,-0.0012636981889040388,inf,1.1056661605834961e-05,-0.9956196546554565,0.0003273487091064453,-0.9917682409286499,0.016538500785827637,0.9996741414070129,0.0002389848232269287,-0.9859302043914795,1.1056661605834961e-05,-0.9956196546554565
dense-20260718009349-6b75be3931d6,multi,0,2,1,1,204,r2,-0.0009240500349310121,inf,4.172325134277344e-07,-0.9376249313354492,2.0563602447509766e-05,-0.7768133878707886,0.0,0.6924331188201904,2.7686357498168945e-05,-0.7378385066986084,4.172325134277344e-07,-0.937624990940094
dense-20260718009349-6b75be3931d6,multi,0,2,1,1,205,r2,-0.0009862624841241452,inf,1.9371509552001953e-06,0.9016087651252747,0.00018909573554992676,0.9695143103599548,0.0,0.994450569152832,0.00045546889305114746,0.964325487613678,1.9371509552001953e-06,0.9016088247299194
dense-20260718009349-6b75be3931d6,multi,0,2,1,1,207,r2,-0.000574641677278942,inf,7.063150405883789e-06,-0.31739798188209534,0.0007600784301757812,0.04830686375498772,4.887580871582031e-06,0.9999698400497437,0.0005332827568054199,0.26769211888313293,7.063150405883789e-06,-0.31739822030067444
dense-20260718009349-6b75be3931d6,multi,0,2,1,1,208,r2,-0.001004588154774666,inf,1.2874603271484375e-05,-0.9910590648651123,0.0005035698413848877,-0.9815109372138977,0.00020501017570495605,0.9993281364440918,0.00036457180976867676,-0.9764572978019714,1.2874603271484375e-05,-0.9910590052604675
dense-20260718009349-6b75be3931d6,multi,0,2,1,1,209,r2,-0.000824291204106764,inf,2.384185791015625e-07,-0.8737730979919434,1.329183578491211e-05,-0.6467500925064087,0.0,0.9835953712463379,1.8477439880371094e-05,-0.6341997981071472,2.384185791015625e-07,-0.8737732172012329
dense-20260718009349-6b75be3931d6,multi,0,2,1,1,210,r2,-0.0013086914600122235,inf,2.682209014892578e-06,0.9995877146720886,0.0011187195777893066,0.9999282360076904,0.0,0.8979644179344177,0.0027227699756622314,0.9999281764030457,2.682209014892578e-06,0.9995877146720886
dense-20260718009349-6b75be3931d6,multi,0,2,1,1,211,r2,0.001693160762044288,inf,0.0082625150680542,0.9513073563575745,0.22823166847229004,0.9939679503440857,0.0,-0.605368435382843,0.3579915165901184,0.995375394821167,0.0082625150680542,0.9513072967529297
dense-20260718009349-6b75be3931d6,multi,0,2,1,1,212,r2,-7.703171060002845e-05,inf,5.066394805908203e-07,0.15215730667114258,0.000152587890625,0.5924310684204102,0.0,0.21857956051826477,0.0005552172660827637,0.7439002990722656,5.066394805908203e-07,0.15215744078159332
dense-20260718009349-6b75be3931d6,multi,0,2,1,1,213,r2,0.0003128584758820274,inf,9.745359420776367e-06,0.4030578136444092,0.000955432653427124,0.7199705243110657,5.960464477539063e-08,0.9999940395355225,0.000766366720199585,0.7734876275062561,9.745359420776367e-06,0.40305766463279724
dense-20260718009349-6b75be3931d6,multi,0,2,1,1,214,r2,-0.0011586751002687912,inf,1.1354684829711914e-05,-0.9948568344116211,0.00033333897590637207,-0.9899943470954895,0.012206196784973145,0.9998148083686829,0.00024044513702392578,-0.9837172031402588,1.1354684829711914e-05,-0.9948568344116211
dense-20260718009349-6b75be3931d6,multi,0,2,1,1,215,r2,-0.0009504064666212564,inf,7.510185241699219e-06,-0.9806367754936218,0.00034549832344055176,-0.9472395777702332,1.8358230590820312e-05,0.9999306201934814,0.0002963244915008545,-0.9527079463005066,7.510185241699219e-06,-0.9806367754936218
dense-20260718009349-6b75be3931d6,multi,0,2,1,1,216,r2,-0.0014690637330649903,inf,2.980232238769531e-07,0.9159946441650391,9.40859317779541e-05,0.9854097962379456,0.0,0.9710274338722229,0.0003555417060852051,0.986807107925415,2.980232238769531e-07,0.9159946441650391
dense-20260718009349-6b75be3931d6,multi,0,2,1,1,217,r2,0.0006973421856686368,inf,0.00026920437812805176,0.7616978883743286,0.04172798991203308,0.9547910690307617,0.0,-0.5881838202476501,0.1347515881061554,0.9767091274261475,0.00026920437812805176,0.7616977691650391
dense-20260718009349-6b75be3931d6,multi,0,2,1,1,218,r2,-6.852284422054211e-05,inf,6.258487701416016e-07,0.287892609834671,0.0001773834228515625,0.691308319568634,0.0,0.39665940403938293,0.0006548762321472168,0.7893874645233154,6.258487701416016e-07,0.28789252042770386
dense-20260718009349-6b75be3931d6,multi,0,2,1,1,219,r2,0.00021194806148705503,inf,8.672475814819336e-06,0.3173748552799225,0.0008767545223236084,0.6546610593795776,1.1920928955078125e-07,0.9999940395355225,0.0006891191005706787,0.727030873298645,8.672475814819336e-06,0.3173750340938568
dense-20260718009349-6b75be3931d6,multi,0,2,1,1,220,r2,-0.001060829798586349,inf,9.5367431640625e-07,-0.9844151139259338,3.3974647521972656e-05,-0.9428983926773071,2.9802322387695312e-08,0.8504972457885742,3.719329833984375e-05,-0.91811203956604,9.5367431640625e-07,-0.9844151139259338
dense-20260718009349-6b75be3931d6,multi,0,2,1,1,221,r2,-0.000904049173293231,inf,3.8743019104003906e-07,-0.901691734790802,1.806020736694336e-05,-0.6941763162612915,0.0,0.926500678062439,2.473592758178711e-05,-0.6632685661315918,3.8743019104003906e-07,-0.901691734790802
dense-20260718009349-6b75be3931d6,multi,0,2,1,1,222,r2,-0.001363852430839474,inf,4.678964614868164e-06,0.9947682023048401,0.001045525074005127,0.9989961385726929,0.0,-0.9635776877403259,0.003468930721282959,0.9992955327033997,4.678964614868164e-06,0.9947682023048401
dense-20260718009349-6b75be3931d6,multi,0,2,1,1,223,r2,0.0007315716344999945,inf,0.00040480494499206543,0.7476783990859985,0.03995245695114136,0.9469412565231323,0.0,-0.75141441822052,0.2021036148071289,0.9758405089378357,0.00040480494499206543,0.7476785182952881
dense-20260718009349-6b75be3931d6,multi,0,2,1,1,224,r2,-0.0001920171170888274,inf,6.556510925292969e-07,0.21004697680473328,0.00018268823623657227,0.6411554217338562,0.0,0.3787129521369934,0.000690072774887085,0.7520591020584106,6.556510925292969e-07,0.21004684269428253
dense-20260718009349-6b75be3931d6,multi,0,2,1,1,225,r2,0.0003040598482293433,inf,9.328126907348633e-06,0.3572399318218231,0.0009218156337738037,0.6923226714134216,8.940696716308594e-08,0.9999939799308777,0.0007278025150299072,0.7504947185516357,9.328126907348633e-06,0.35724061727523804
dense-20260718009349-6b75be3931d6,multi,0,2,1,1,226,r2,-0.0010420255225869202,inf,1.0132789611816406e-06,-0.9853646755218506,3.549456596374512e-05,-0.9473250508308411,5.960464477539063e-08,0.8331010937690735,3.7670135498046875e-05,-0.9240393042564392,1.0132789611816406e-06,-0.9853646755218506
dense-20260718009349-6b75be3931d6,multi,0,2,1,1,228,r2,0.0005193088997028639,inf,6.705522537231445e-06,0.6284584999084473,0.0004655122756958008,0.8192601203918457,0.0,0.8035479784011841,0.00108259916305542,0.8381479382514954,6.705522537231445e-06,0.6284586191177368
dense-20260718009349-6b75be3931d6,multi,0,2,1,1,229,r2,-0.0012628466104482872,inf,2.086162567138672e-06,-0.9978338479995728,4.220008850097656e-05,-0.9933615326881409,1.4424324035644531e-05,0.7714618444442749,5.7190656661987305e-05,-0.9902238249778748,2.086162567138672e-06,-0.9978338479995728
dense-20260718009349-6b75be3931d6,multi,0,2,1,1,230,r2,-0.0006303522137467432,inf,6.642937660217285e-05,-0.6423869132995605,0.0006892085075378418,-0.20041991770267487,0.004570305347442627,1.0,0.0001607835292816162,-0.052513692528009415,6.642937660217285e-05,-0.6423868536949158
dense-20260718009349-6b75be3931d6,multi,0,2,1,1,231,r2,-0.00013051720258538957,inf,1.0132789611816406e-06,0.7803559303283691,0.00011587142944335938,0.9057732224464417,0.0,0.9999991059303284,0.00011175870895385742,0.9265572428703308,1.0132789611816406e-06,0.7803557515144348
dense-20260718009349-6b75be3931d6,multi,0,2,1,1,232,r2,7.072616934111764e-06,inf,2.5033950805664062e-06,-0.04816233366727829,0.0004165768623352051,0.37009942531585693,0.0,-0.0496537908911705,0.0009530782699584961,0.5025416612625122,2.5033950805664062e-06,-0.04816271737217903
dense-20260718009349-6b75be3931d6,multi,0,2,1,1,233,r2,0.0004476170484355446,inf,9.268522262573242e-06,0.535050630569458,0.0008815228939056396,0.799822211265564,2.9802322387695312e-08,0.9999967813491821,0.0007290244102478027,0.8366389274597168,9.268522262573242e-06,0.5350504517555237
dense-20260718009349-6b75be3931d6,multi,0,2,1,1,234,r2,-0.0011730957452256163,inf,9.238719940185547e-07,-0.9869853854179382,3.5315752029418945e-05,-0.9577152729034424,1.1920928955078125e-07,0.8783954381942749,3.573298454284668e-05,-0.9373268485069275,9.238719940185547e-07,-0.9869853258132935
dense-20260718009349-6b75be3931d6,multi,0,2,1,1,235,r2,-0.0010561228439480708,inf,7.987022399902344e-06,-0.9807080030441284,0.0003738701343536377,-0.9464125037193298,1.8894672393798828e-05,0.9999233484268188,0.00032010674476623535,-0.9525769948959351,7.987022399902344e-06,-0.9807080030441284
dense-20260718009349-6b75be3931d6,multi,0,2,1,1,236,r2,-0.0015979681202069607,inf,2.980232238769531e-07,0.9163903594017029,9.40561294555664e-05,0.9856492280960083,0.0,0.9676268100738525,0.0003509819507598877,0.9870054125785828,2.980232238769531e-07,0.9163903594017029
dense-20260718009349-6b75be3931d6,multi,0,2,1,1,237,r2,0.0007374799332884319,inf,0.000303804874420166,0.7359535694122314,0.048747897148132324,0.9499636292457581,0.0,-0.5671949982643127,0.15133333206176758,0.9735599160194397,0.000303804874420166,0.7359538078308105
dense-20260718009349-6b75be3931d6,multi,0,2,1,1,238,r2,2.2104026142999444e-05,inf,6.556510925292969e-07,0.315957248210907,0.00019827485084533691,0.721448540687561,0.0,0.3725716471672058,0.0007107853889465332,0.8056207895278931,6.556510925292969e-07,0.31595683097839355
dense-20260718009349-6b75be3931d6,multi,0,2,1,1,239,r2,0.000164880260665079,inf,9.417533874511719e-06,0.289764404296875,0.0009425878524780273,0.6420847773551941,1.4901161193847656e-07,0.9999934434890747,0.0007320642471313477,0.7165903449058533,9.417533874511719e-06,0.2897642254829407
dense-20260718009349-6b75be3931d6,multi,0,2,1,1,240,r2,-0.0010772847887317027,inf,1.1622905731201172e-06,-0.9831040501594543,3.9190053939819336e-05,-0.9375182390213013,2.9802322387695312e-08,0.8590088486671448,4.2557716369628906e-05,-0.9116832613945007,1.1622905731201172e-06,-0.9831040501594543
dense-20260718009349-6b75be3931d6,multi,0,2,1,1,241,r2,-0.0010085114403557416,inf,4.470348358154297e-07,-0.8870464563369751,2.0802021026611328e-05,-0.6527034640312195,0.0,0.9391237497329712,2.7626752853393555e-05,-0.6242722272872925,4.470348358154297e-07,-0.8870464563369751
dense-20260718009349-6b75be3931d6,multi,0,2,1,1,242,r2,-0.0014576836674538018,inf,3.069639205932617e-06,0.8738417029380798,0.0004439353942871094,0.9822536110877991,0.0,0.8959378600120544,0.0014075934886932373,0.9818965792655945,3.069639205932617e-06,0.8738415837287903
dense-20260718009349-6b75be3931d6,multi,0,2,1,1,243,r2,0.0008394332858820963,inf,0.0005054473876953125,0.7820594906806946,0.046822190284729004,0.9559910297393799,0.0,-0.7479901909828186,0.2434949278831482,0.9793822169303894,0.0005054473876953125,0.7820597290992737
dense-20260718009349-6b75be3931d6,multi,0,2,1,1,244,r2,2.40169714360583e-05,inf,6.854534149169922e-07,0.19600078463554382,0.00019562244415283203,0.6314108967781067,0.0,0.3832310736179352,0.0007169246673583984,0.7477573752403259,6.854534149169922e-07,0.1960003674030304
dense-20260718009349-6b75be3931d6,multi,0,2,1,1,245,r2,-0.000968716054852603,inf,7.748603820800781e-07,-0.9752888679504395,2.950429916381836e-05,-0.917999267578125,2.9802322387695312e-08,0.9648470282554626,3.4689903259277344e-05,-0.8792299032211304,7.748603820800781e-07,-0.9752888679504395
dense-20260718009349-6b75be3931d6,multi,0,2,1,1,246,r2,-0.0007497411561341316,inf,5.21540641784668e-06,0.8723195791244507,0.0005306005477905273,0.9561303853988647,0.0,0.9999995231628418,0.0005079209804534912,0.9589897990226746,5.21540641784668e-06,0.8723195195198059
dense-20260718009349-6b75be3931d6,multi,0,2,1,1,247,r2,0.0010658493222257537,inf,1.6450881958007812e-05,0.9899652600288391,0.0040321946144104,0.9969528913497925,0.0,0.8858622908592224,0.007814943790435791,0.9973330497741699,1.6450881958007812e-05,0.9899652600288391
dense-20260718009349-6b75be3931d6,multi,0,2,1,1,249,r2,-0.0009594704779971597,inf,3.2782554626464844e-07,-0.9904031753540039,1.996755599975586e-06,-0.9580826163291931,0.005836397409439087,0.9982497096061707,8.046627044677734e-07,-0.9394527077674866,3.2782554626464844e-07,-0.9904031753540039
dense-20260718009349-6b75be3931d6,multi,0,2,1,1,250,r2,-0.0010832081117124748,inf,9.5367431640625e-07,0.8751437067985535,0.00010663270950317383,0.9498483538627625,0.0,0.9999993443489075,0.00010779500007629395,0.9582254886627197,9.5367431640625e-07,0.8751439452171326
dense-20260718009349-6b75be3931d6,multi,0,2,1,1,251,r2,0.0008784555060623589,inf,1.8894672393798828e-05,0.9920250177383423,0.004693031311035156,0.9976218342781067,0.0,0.9064165353775024,0.009075164794921875,0.9979460835456848,1.8894672393798828e-05,0.9920250177383423
dense-20260718009349-6b75be3931d6,multi,0,2,1,1,252,r2,-0.0011516463476148875,inf,6.556510925292969e-07,-0.9905725121498108,2.92360782623291e-05,-0.9766139984130859,1.1622905731201172e-06,0.8916321992874146,2.8401613235473633e-05,-0.960096538066864,6.556510925292969e-07,-0.9905725121498108
dense-20260718009349-6b75be3931d6,multi,0,2,1,1,253,r2,-0.0006268055420834973,inf,8.338689804077148e-05,-0.6661841869354248,0.0009359419345855713,-0.2785615622997284,0.005643308162689209,1.0,0.0001997053623199463,-0.12295858561992645,8.338689804077148e-05,-0.6661839485168457
dense-20260718009349-6b75be3931d6,multi,0,2,1,1,254,r2,-0.00012359613381862644,inf,8.255243301391602e-06,0.7757290601730347,0.000735849142074585,0.918877899646759,0.0,0.9999987483024597,0.000629037618637085,0.9300054907798767,8.255243301391602e-06,0.775729238986969
dense-20260718009349-6b75be3931d6,multi,0,2,1,1,255,r2,-0.0001064660478520274,inf,2.8908252716064453e-06,-0.09114016592502594,0.00043913722038269043,0.3189474940299988,0.0,-0.12133050709962845,0.0009486973285675049,0.4423522651195526,2.8908252716064453e-06,-0.09113997220993042
dense-20260718009349-6b75be3931d6,multi,0,2,1,1,256,r2,-0.0010237259890486516,inf,6.258487701416016e-07,-0.9655823111534119,2.6285648345947266e-05,-0.8850513696670532,2.9802322387695312e-08,0.9790276288986206,3.3468008041381836e-05,-0.8390762209892273,6.258487701416016e-07,-0.9655823111534119
dense-20260718009349-6b75be3931d6,multi,0,2,1,1,257,r2,-0.0011463840545358206,inf,6.258487701416016e-07,0.9564038515090942,7.724761962890625e-05,0.9843888878822327,0.0,0.9999973773956299,7.483363151550293e-05,0.9863873720169067,6.258487701416016e-07,0.9564038515090942
dense-20260718009349-6b75be3931d6,multi,0,2,1,1,258,r2,0.000953627883742536,inf,8.165836334228516e-06,0.9865390062332153,0.003282010555267334,0.9953919053077698,0.0,0.8226445913314819,0.006533920764923096,0.9968559145927429,8.165836334228516e-06,0.9865390062332153
dense-20260718009349-6b75be3931d6,multi,0,2,1,1,259,r2,-0.000637487912128698,inf,2.86102294921875e-06,-0.2668605148792267,0.00023165345191955566,0.09814157336950302,3.993511199951172e-06,0.9999591112136841,0.00017449259757995605,0.3639942407608032,2.86102294921875e-06,-0.26686057448387146
dense-20260718009349-6b75be3931d6,multi,0,2,1,1,260,r2,-0.0012543496389687547,inf,2.4139881134033203e-06,-0.9940519332885742,5.367398262023926e-05,-0.9705934524536133,5.364418029785156e-07,0.8141626119613647,6.48796558380127e-05,-0.9702258706092834,2.4139881134033203e-06,-0.9940519332885742
dense-20260718009349-6b75be3931d6,multi,0,2,1,1,261,r2,-0.0008422299877177686,inf,2.384185791015625e-07,-0.8566519618034363,1.33514404296875e-05,-0.6031901836395264,0.0,0.991626501083374,1.8775463104248047e-05,-0.5888413786888123,2.384185791015625e-07,-0.8566518425941467
dense-20260718009349-6b75be3931d6,multi,0,2,1,1,262,r2,-0.0014178133212727762,inf,3.635883331298828e-06,0.9997047781944275,0.0016188323497772217,0.9999442100524902,0.0,0.9037118554115295,0.0037890970706939697,0.9999436736106873,3.635883331298828e-06,0.9997047781944275
dense-20260718009349-6b75be3931d6,multi,0,2,1,1,263,r2,0.0018492091773558705,inf,0.009430617094039917,0.9543588757514954,0.2455938160419464,0.9943325519561768,0.0,-0.6833086609840393,0.36188462376594543,0.9957031011581421,0.009430617094039917,0.9543588161468506
dense-20260718009349-6b75be3931d6,multi,0,2,1,1,264,r2,-9.760419286575228e-05,inf,3.129243850708008e-06,0.05476230010390282,0.00039759278297424316,0.6097461581230164,2.9802322387695312e-08,0.2282407134771347,0.0011366009712219238,0.7133371233940125,3.129243850708008e-06,0.054762329906225204
dense-20260718009349-6b75be3931d6,multi,0,2,1,1,265,r2,0.00034744252872354053,inf,9.298324584960938e-06,0.4824988842010498,0.0009116232395172119,0.7714304327964783,2.9802322387695312e-08,0.999996542930603,0.0007280409336090088,0.8139497637748718,9.298324584960938e-06,0.4824984669685364
dense-20260718009349-6b75be3931d6,multi,0,2,1,1,266,r2,-0.001098828483746983,inf,1.0728836059570312e-06,-0.9866984486579895,3.9249658584594727e-05,-0.9553700685501099,1.1920928955078125e-07,0.8673524856567383,4.0411949157714844e-05,-0.9341990947723389,1.0728836059570312e-06,-0.9866984486579895
dense-20260718009349-6b75be3931d6,multi,0,2,1,1,267,r2,-0.0007418354472745747,inf,3.993511199951172e-06,-0.7765372395515442,4.634261131286621e-05,-0.16766630113124847,4.470348358154297e-07,0.9999247193336487,2.714991569519043e-05,-0.1146235391497612,3.993511199951172e-06,-0.7765373587608337
dense-20260718009349-6b75be3931d6,multi,0,2,1,1,268,r2,-0.000680853009113358,inf,3.5762786865234375e-07,0.8721611499786377,0.00011816620826721191,0.9754205942153931,0.0,0.9385203719139099,0.0004203915596008301,0.9774503111839294,3.5762786865234375e-07,0.8721611499786377
dense-20260718009349-6b75be3931d6,multi,0,2,1,1,270,r2,-0.0003840778851742499,inf,7.927417755126953e-06,-0.31999075412750244,0.0008532404899597168,0.059445008635520935,5.602836608886719e-06,0.9999735951423645,0.0006144046783447266,0.2903335392475128,7.927417755126953e-06,-0.3199905455112457
dense-20260718009349-6b75be3931d6,multi,0,2,1,1,271,r2,-0.0008065131853769447,inf,2.911686897277832e-05,-0.916041374206543,0.00023677945137023926,-0.6842648983001709,0.0032594799995422363,0.9999997019767761,0.00016427040100097656,-0.49923810362815857,2.911686897277832e-05,-0.9160414338111877
dense-20260718009349-6b75be3931d6,multi,0,2,1,1,272,r2,-0.0009239746274225524,inf,3.2782554626464844e-07,-0.878176748752594,1.7404556274414062e-05,-0.6445715427398682,0.0,0.9820974469184875,2.2679567337036133e-05,-0.6292954087257385,3.2782554626464844e-07,-0.878176748752594
dense-20260718009349-6b75be3931d6,multi,0,2,1,1,273,r2,-0.001568152099955089,inf,1.0848045349121094e-05,0.99983149766922,0.003345578908920288,0.999970555305481,0.0,0.9684614539146423,0.005611121654510498,0.9999637007713318,1.0848045349121094e-05,0.99983149766922
dense-20260718009349-6b75be3931d6,multi,0,2,1,1,274,r2,0.0022736099072031557,inf,0.010934054851531982,0.9533397555351257,0.28094661235809326,0.9941720366477966,0.0,-0.6635671854019165,0.4177982211112976,0.9954937100410461,0.01093408465385437,0.9533398151397705
dense-20260718009349-6b75be3931d6,multi,0,2,1,1,275,r2,0.00029499580718805873,inf,2.950429916381836e-06,-0.019394168630242348,0.00037923455238342285,0.5719515085220337,2.9802322387695312e-08,0.27015775442123413,0.0010659396648406982,0.6751301288604736,2.950429916381836e-06,-0.019394230097532272
dense-20260718009349-6b75be3931d6,multi,0,2,1,1,276,r2,-0.0009711850424940494,inf,6.258487701416016e-07,-0.966284990310669,2.7388334274291992e-05,-0.8861774802207947,2.9802322387695312e-08,0.9834400415420532,3.501772880554199e-05,-0.8395089507102966,6.258487701416016e-07,-0.966284990310669
dense-20260718009349-6b75be3931d6,multi,0,2,1,1,277,r2,-0.0011419575148818861,inf,4.470348358154297e-07,0.9752206802368164,7.650256156921387e-05,0.9943015575408936,0.0,0.9999778270721436,8.803606033325195e-05,0.9933881163597107,4.470348358154297e-07,0.9752207398414612
dense-20260718009349-6b75be3931d6,multi,0,2,1,1,278,r2,0.0010024983811676158,inf,8.970499038696289e-06,0.9865483641624451,0.0036919116973876953,0.995366096496582,0.0,0.8235543966293335,0.00713542103767395,0.9968594312667847,8.970499038696289e-06,0.9865484237670898
dense-20260718009349-6b75be3931d6,multi,0,2,1,1,279,r2,-0.0007053784613708647,inf,2.771615982055664e-06,-0.2705599069595337,0.00022658705711364746,0.09538315236568451,3.6656856536865234e-06,0.9999622106552124,0.00017049908638000488,0.3616761863231659,2.771615982055664e-06,-0.2705596685409546
dense-20260718009349-6b75be3931d6,multi,0,2,1,1,280,r2,-0.0010341298709315438,inf,3.8564205169677734e-05,-0.8333131670951843,0.0007024407386779785,-0.6306714415550232,0.055021077394485474,1.0,0.00017434358596801758,-0.5204206109046936,3.8564205169677734e-05,-0.8333131670951843
dense-20260718009349-6b75be3931d6,multi,0,2,1,1,281,r2,-0.0007368610899780581,inf,3.2782554626464844e-07,-0.8917699456214905,1.6987323760986328e-05,-0.6708767414093018,0.0,0.9868796467781067,2.2172927856445312e-05,-0.6511780619621277,3.2782554626464844e-07,-0.8917698860168457
dense-20260718009349-6b75be3931d6,multi,0,2,1,1,282,r2,-0.0015634682745884199,inf,1.1533498764038086e-05,0.9998415112495422,0.0034500062465667725,0.9999717473983765,0.0,0.9733108878135681,0.00579872727394104,0.9999650716781616,1.1533498764038086e-05,0.9998415112495422
dense-20260718009349-6b75be3931d6,multi,0,2,1,1,283,r2,0.00018800616725411778,inf,0.0014767348766326904,0.28173670172691345,0.06470602750778198,0.7968554496765137,0.0,-0.8052844405174255,0.2050124704837799,0.8903297781944275,0.0014767348766326904,0.28173723816871643
dense-20260718009349-6b75be3931d6,multi,0,2,1,1,284,r2,0.0004911836706340544,inf,2.0623207092285156e-05,0.9974967241287231,0.005595266819000244,0.9994165301322937,0.0,0.9283046722412109,0.010212212800979614,0.9994155764579773,2.0623207092285156e-05,0.9974967241287231
dense-20260718009349-6b75be3931d6,multi,0,2,1,1,285,r2,-5.57562865164396e-05,inf,1.817941665649414e-06,0.24056006968021393,0.00016579031944274902,0.5921972990036011,8.940696716308594e-07,0.9998952746391296,0.00013580918312072754,0.7400493621826172,1.817941665649414e-06,0.24056002497673035
dense-20260718009349-6b75be3931d6,multi,0,2,1,1,286,r2,-0.0010853302686328892,inf,2.1159648895263672e-05,-0.9544214010238647,0.00017434358596801758,-0.8524667024612427,0.04898694157600403,0.9999998807907104,0.0001017153263092041,-0.7675346732139587,2.1159648895263672e-05,-0.95442134141922
dense-20260718009349-6b75be3931d6,multi,0,2,1,1,287,r2,-0.0005775147463460417,inf,2.0235776901245117e-05,-0.6571885943412781,0.0001569986343383789,0.029466381296515465,0.00010994076728820801,0.9999995827674866,0.0001461803913116455,0.20847220718860626,2.0235776901245117e-05,-0.6571882963180542
dense-20260718009349-6b75be3931d6,multi,0,2,1,1,288,r2,-0.00042900506895637847,inf,4.76837158203125e-07,0.8541082143783569,0.0001557469367980957,0.9703423380851746,0.0,0.9101085662841797,0.0005467236042022705,0.972495436668396,4.76837158203125e-07,0.8541083335876465
dense-20260718009349-6b75be3931d6,multi,0,2,1,1,289,r2,0.0008644724477651078,inf,2.3603439331054688e-05,0.990454912185669,0.006162405014038086,0.9970313310623169,0.0,0.8738049864768982,0.01146039366722107,0.9974337220191956,2.3603439331054688e-05,0.990454912185669
dense-20260718009349-6b75be3931d6,multi,0,2,1,1,291,r2,-0.0009597388038418142,inf,3.8743019104003906e-07,-0.9903323650360107,2.294778823852539e-06,-0.9585240483283997,0.005779087543487549,0.9973964691162109,9.238719940185547e-07,-0.9390048384666443,3.8743019104003906e-07,-0.9903323650360107
dense-20260718009349-6b75be3931d6,multi,0,2,1,1,292,r2,-0.000977464530541594,inf,5.930662155151367e-06,0.8570981025695801,0.0005925297737121582,0.9536313414573669,0.0,0.9999994039535522,0.0005671679973602295,0.9558188319206238,5.930662155151367e-06,0.8570982217788696
dense-20260718009349-6b75be3931d6,multi,0,2,1,1,293,r2,0.00025294979596157674,inf,3.516674041748047e-06,0.3156004846096039,0.00043579936027526855,0.7478811144828796,0.0,0.41622722148895264,0.0012599527835845947,0.811032235622406,3.516674041748047e-06,0.3156001567840576
dense-20260718009349-6b75be3931d6,multi,0,2,1,1,294,r2,0.0004914099011013029,inf,5.960464477539062e-07,0.589265763759613,8.26120376586914e-05,0.8732037544250488,5.960464477539063e-08,0.9998231530189514,6.970763206481934e-05,0.8986095786094666,5.960464477539062e-07,0.5892655253410339
dense-20260718009349-6b75be3931d6,multi,0,2,1,1,295,r2,-0.0011082293845863234,inf,1.1026859283447266e-06,-0.9880579710006714,4.220008850097656e-05,-0.9621554017066956,2.086162567138672e-07,0.8819923400878906,4.1484832763671875e-05,-0.9419078230857849,1.1026859283447266e-06,-0.9880579710006714
dense-20260718009349-6b75be3931d6,multi,0,2,1,1,296,r2,-0.0007135329132685886,inf,2.3543834686279297e-05,-0.7009943723678589,0.0001862049102783203,-0.03344706445932388,0.00011104345321655273,0.9999994039535522,0.00017085671424865723,0.14091740548610687,2.3543834686279297e-05,-0.7009947896003723
dense-20260718009349-6b75be3931d6,multi,0,2,1,1,297,r2,-0.00041884938561431717,inf,3.2782554626464844e-07,0.9098553657531738,6.175041198730469e-05,0.9787309169769287,0.0,0.9987566471099854,7.286667823791504e-05,0.9827104210853577,3.2782554626464844e-07,0.909855306148529
dense-20260718009349-6b75be3931d6,multi,0,2,1,1,298,r2,0.0001228076554349311,inf,2.980232238769531e-07,0.10697253048419952,4.470348358154297e-05,0.629172146320343,1.1920928955078125e-07,0.9950020909309387,4.982948303222656e-05,0.7768417596817017,2.980232238769531e-07,0.10697286576032639
dense-20260718009349-6b75be3931d6,multi,0,2,1,1,299,r2,0.00039144955069136955,inf,1.519918441772461e-06,0.44658371806144714,0.0001735687255859375,0.7185849547386169,5.960464477539063e-08,0.9999967217445374,0.0001601874828338623,0.7991442084312439,1.519918441772461e-06,0.4465842843055725
dense-20260718009349-6b75be3931d6,multi,0,2,1,1,300,r2,-0.001027805423507555,inf,9.238719940185547e-07,-0.9839970469474792,3.7550926208496094e-05,-0.944381594657898,1.1920928955078125e-07,0.9484211802482605,4.0590763092041016e-05,-0.9168744087219238,9.238719940185547e-07,-0.9839970469474792
dense-20260718008523-e6500698fd1c,edge1,1,0,0,0,13,r2,0.0020654457463613607,0.758868681948841,0.0007690191268920898,-0.8351020812988281,0.009603500366210938,-0.3116794526576996,0.0,-0.9993419647216797,0.012330949306488037,-0.6259629130363464,0.0007690191268920898,-0.8351021409034729
dense-20260718008523-e6500698fd1c,edge1,1,0,0,0,14,r2,0.015045633822584392,0.743761943377126,0.13139420747756958,-0.5198594927787781,0.22007521986961365,0.16846804320812225,0.0,-0.9998190999031067,0.4729160964488983,-0.2945501506328583,0.13139411807060242,-0.5198594331741333
dense-20260718008523-e6500698fd1c,edge1,1,0,0,0,15,r2,0.009597986301116523,0.7341451008487615,0.06835851073265076,-0.9991384148597717,0.0004006326198577881,-0.9960613250732422,2.9802322387695312e-08,0.9980621337890625,0.005780011415481567,-0.9969896078109741,0.06835877895355225,-0.9991384148597717
dense-20260718008523-e6500698fd1c,edge1,1,0,0,0,19,r1,-0.0008356510192862876,0.7333329264215631,0.0,-0.7141215801239014,1.043081283569336e-06,-0.18032844364643097,0.0,0.8974559307098389,4.76837158203125e-07,0.682381272315979,0.0,-0.7141218185424805
dense-20260718008523-e6500698fd1c,edge1,1,0,0,0,20,r1,0.0005966415543057213,0.7322937899339533,8.046627044677734e-07,0.47585222125053406,9.718537330627441e-05,0.9116227030754089,0.0,0.8879072070121765,7.179379463195801e-05,0.9888857007026672,8.046627044677734e-07,0.4758521020412445
dense-20260718008523-e6500698fd1c,edge1,1,0,0,0,20,r2,0.0006885829602643057,0.7322937899339533,0.0026342570781707764,0.4934888482093811,5.3942203521728516e-06,0.9302911758422852,1.0,0.9955707788467407,3.406405448913574e-05,0.789394736289978,0.0026342570781707764,0.4934886693954468
dense-20260718008523-e6500698fd1c,edge1,1,0,0,0,21,r1,-0.002430084368428509,0.7345857150136046,4.774332046508789e-05,-0.9146674871444702,0.001827925443649292,-0.49895235896110535,2.9802322387695312e-08,0.9997748136520386,0.0029708147048950195,0.33541473746299744,4.774332046508789e-05,-0.9146673679351807
dense-20260718008523-e6500698fd1c,edge1,1,0,0,0,21,r2,0.00015699428634985413,0.7345857150136046,0.013486891984939575,-0.9978063702583313,0.00011074542999267578,-0.9923587441444397,0.9885483980178833,-0.9941683411598206,0.0016749799251556396,-0.9924810528755188,0.013486891984939575,-0.9978063702583313
dense-20260718008523-e6500698fd1c,edge1,1,0,0,0,22,r1,-0.0007201700723481474,0.7277950794673222,0.00026872754096984863,-0.6564770936965942,0.0052585601806640625,0.35653552412986755,0.0,0.9993997812271118,0.011251300573348999,0.8928708434104919,0.00026872754096984863,-0.656476616859436
dense-20260718008523-e6500698fd1c,edge1,1,0,0,0,22,r2,0.009664204352393013,0.7277950794673222,0.09564250707626343,-0.9666134119033813,0.0008252859115600586,-0.7910571694374084,0.0,-0.018862394616007805,0.014356225728988647,-0.8753915429115295,0.09564259648323059,-0.9666133522987366
dense-20260718008523-e6500698fd1c,edge1,1,0,0,0,23,r1,0.0030399610335127836,0.7175931114513867,6.812810897827148e-05,0.9956121444702148,4.26173210144043e-06,0.9997240304946899,0.0,0.9122240543365479,2.9653310775756836e-05,0.9998904466629028,6.812810897827148e-05,0.9956121444702148
dense-20260718008523-e6500698fd1c,edge1,1,0,0,0,23,r2,0.00998250704336301,0.7175931114513867,0.1616714596748352,0.8531785607337952,8.675456047058105e-05,0.9871314167976379,0.0,-0.989855170249939,0.00014081597328186035,0.8921337723731995,0.1616716980934143,0.8531786799430847
dense-20260718008523-e6500698fd1c,edge1,1,0,0,0,24,r1,0.0009437008301017569,0.713654269898589,1.7583370208740234e-06,0.9406002163887024,2.086162567138672e-07,0.9931191802024841,0.0,-0.3595585227012634,1.2516975402832031e-06,0.9973779320716858,1.7583370208740234e-06,0.9406002163887024
dense-20260718008523-e6500698fd1c,edge1,1,0,0,0,25,r1,-0.0050955198477247166,0.7173820462854483,7.450580596923828e-07,-0.9633939862251282,3.129243850708008e-06,-0.6736767888069153,0.0,0.9956228137016296,1.6033649444580078e-05,0.16689446568489075,7.450580596923828e-07,-0.963394045829773
dense-20260718008523-e6500698fd1c,edge1,1,0,0,0,26,r1,-0.0008030162411948316,0.717944297540242,2.9802322387695312e-08,-0.47091183066368103,1.4901161193847656e-06,0.38431864976882935,0.0,0.5284609198570251,2.5033950805664062e-06,0.9243465662002563,2.9802322387695312e-08,-0.4709109663963318
dense-20260718008523-e6500698fd1c,edge1,1,0,0,0,27,r1,-0.001060151364386086,0.7194447108737785,5.0067901611328125e-06,-0.9200866222381592,2.154707908630371e-05,-0.05967789143323898,0.0,0.9970535039901733,0.00011974573135375977,0.7614569664001465,5.0067901611328125e-06,-0.9200868010520935
dense-20260718008523-e6500698fd1c,edge1,1,0,0,0,28,r1,0.0025206025886967964,0.7175971969411684,6.020069122314453e-06,0.8793268799781799,3.2782554626464844e-07,0.9910059571266174,0.0,-0.1036253347992897,4.4405460357666016e-06,0.9952517747879028,6.020069122314453e-06,0.8793267607688904
dense-20260718008523-e6500698fd1c,edge1,1,0,0,0,28,r2,-0.00011532989266349603,0.7175971969411684,0.0036618709564208984,-0.5558840036392212,1.5527009963989258e-05,0.4761267304420471,0.0,-0.9999995827674866,0.0001576840877532959,0.12143034487962723,0.0036618709564208984,-0.5558843612670898
dense-20260718008523-e6500698fd1c,edge1,1,0,0,0,29,r1,0.0007769266133229591,0.7165598649891719,2.9802322387695312e-08,0.769745409488678,0.0,0.97941654920578,1.1920928955078125e-07,0.7101117372512817,2.9802322387695312e-08,0.99229496717453,2.9802322387695312e-08,0.7697454690933228
dense-20260718008523-e6500698fd1c,edge1,1,0,0,0,29,r2,0.00036336136478332115,0.7165598649891719,0.005153477191925049,-0.7910948991775513,4.887580871582031e-06,-0.025792837142944336,0.0,-0.9999999403953552,2.5510787963867188e-05,-0.5281451940536499,0.005153477191925049,-0.7910950183868408
dense-20260718008523-e6500698fd1c,edge1,1,0,0,0,30,r1,-3.113652050046323e-05,0.7169907247086159,5.7220458984375e-06,0.30931904911994934,2.8014183044433594e-06,0.870908796787262,0.0,0.9979435801506042,1.609325408935547e-05,0.9797124862670898,5.7220458984375e-06,0.30931922793388367
dense-20260718008523-e6500698fd1c,edge1,1,0,0,0,30,r2,-0.0012776947528397864,0.7169907247086159,0.026827335357666016,0.9948852062225342,0.00014674663543701172,0.9993246793746948,0.0,-0.9964323043823242,0.0006724298000335693,0.9974393844604492,0.026827335357666016,0.9948852062225342
dense-20260718008523-e6500698fd1c,edge1,1,0,0,0,31,r1,-0.0020147646376863504,0.7152138521188713,5.6415796279907227e-05,-0.93758624792099,0.0024896562099456787,-0.6183735132217407,0.0,0.9994651079177856,0.004128247499465942,0.2108680158853531,5.6415796279907227e-05,-0.9375863671302795
dense-20260718008523-e6500698fd1c,edge1,1,0,0,0,31,r2,0.004874960548087448,0.7152138521188713,0.044272780418395996,0.9911551475524902,9.92119312286377e-05,0.998218297958374,0.0,-0.5081034898757935,0.00027173757553100586,0.9930285811424255,0.04427272081375122,0.9911550879478455
dense-20260718008523-e6500698fd1c,edge1,1,0,0,0,32,r1,-0.0009774546098330061,0.7145748819227308,5.27501106262207e-06,-0.8796494007110596,2.3931264877319336e-05,0.2070424109697342,0.0,0.9946276545524597,0.0001239180564880371,0.8463124632835388,5.27501106262207e-06,-0.8796494007110596
dense-20260718008523-e6500698fd1c,edge1,1,0,0,0,32,r2,0.002144343274683602,0.7145748819227308,0.007910549640655518,0.16783778369426727,3.248453140258789e-06,0.8214267492294312,0.0012076199054718018,-0.9999602437019348,9.685754776000977e-06,0.4993654787540436,0.00791051983833313,0.1678377091884613
dense-20260718008523-e6500698fd1c,edge1,1,0,0,0,33,r1,0.00127225774658013,0.7131406971062364,5.364418029785156e-07,0.4994748532772064,2.9802322387695312e-08,0.9562971591949463,0.0,-0.08542528003454208,4.470348358154297e-07,0.9752114415168762,5.364418029785156e-07,0.4994746446609497
dense-20260718008523-e6500698fd1c,edge1,1,0,0,0,33,r2,0.0009066497322307576,0.7131406971062364,0.0006964802742004395,-0.9493466019630432,8.940696716308594e-07,-0.6309610605239868,5.662441253662109e-07,-0.9999998211860657,9.47713851928711e-06,-0.816824197769165,0.0006964802742004395,-0.9493465423583984
dense-20260718008523-e6500698fd1c,edge1,1,0,0,0,34,r1,-0.0017654873590535747,0.714596141134704,0.0,-0.9245902299880981,0.0,-0.15643244981765747,0.0,0.9626671075820923,0.0,0.2732238173484802,0.0,-0.9245902299880981
dense-20260718008523-e6500698fd1c,edge1,1,0,0,0,34,r2,0.00031844261567859355,0.714596141134704,0.009790271520614624,-0.6599871516227722,9.357929229736328e-06,0.24687285721302032,0.0,-0.9999998807907104,4.965066909790039e-05,-0.3265415132045746,0.009790271520614624,-0.65998774766922
dense-20260718008523-e6500698fd1c,edge1,1,0,0,0,35,r1,-0.0008956728579920803,0.7074991083323647,2.9802322387695312e-08,-0.8605151176452637,0.0,0.25966328382492065,0.0,0.6630198359489441,2.9802322387695312e-08,0.5520943999290466,2.9802322387695312e-08,-0.8605150580406189
dense-20260718008523-e6500698fd1c,edge1,1,0,0,0,35,r2,0.014590119452726924,0.7074991083323647,0.5481478199362755,0.9886723160743713,0.004214495420455933,0.9982527494430542,0.0,-0.9999813437461853,0.018814682960510254,0.9941999316215515,0.5481477379798889,0.9886723160743713
dense-20260718008523-e6500698fd1c,edge1,1,0,0,0,36,r1,-0.0010766586975780035,0.7039086043105183,2.345442771911621e-05,-0.9906140565872192,8.910894393920898e-06,-0.8059729933738708,0.0,0.998698890209198,4.1604042053222656e-05,-0.9200294017791748,2.345442771911621e-05,-0.9906140565872192
dense-20260718008523-e6500698fd1c,edge1,1,0,0,0,37,r1,-0.000169010851103768,0.701765382215731,4.088878631591797e-05,-0.06727375090122223,7.18235969543457e-06,0.8361479043960571,0.0,-0.9991145730018616,2.5480985641479492e-05,0.4623584449291229,4.088878631591797e-05,-0.06727436929941177
dense-20260718008523-e6500698fd1c,edge1,1,0,0,0,38,r1,-0.001104804329890241,0.7025508314657054,0.0007703304290771484,-0.9964413046836853,3.11434268951416e-05,-0.9619264006614685,0.0,0.9514777064323425,0.00015205144882202148,-0.987402617931366,0.0007703304290771484,-0.9964413046836853
dense-20260718008523-e6500698fd1c,edge1,1,0,0,0,40,r1,0.008834559314423118,0.6909399165494956,0.32692959904670715,-0.9948635697364807,0.00015601515769958496,-0.9636046290397644,0.7371711134910583,1.0,0.0013075172901153564,-0.9829779267311096,0.3269304633140564,-0.9948635101318359
dense-20260718008523-e6500698fd1c,edge1,1,0,0,0,41,r1,0.002810323658060443,0.6844514600355109,0.009780824184417725,-0.9349653720855713,6.872415542602539e-05,-0.6835100054740906,0.0,1.0,0.0005317330360412598,-0.8897258639335632,0.009780824184417725,-0.9349652528762817
dense-20260718008523-e6500698fd1c,edge1,1,0,0,0,41,r2,0.0004877724473563161,0.6844514600355109,0.008062541484832764,-0.40548136830329895,8.434057235717773e-06,0.4954104721546173,0.0,-0.9999948740005493,4.500150680541992e-05,-0.06719616800546646,0.008062541484832764,-0.40548205375671387
dense-20260718008523-e6500698fd1c,edge1,1,0,0,0,42,r1,0.0029629051800058592,0.6682227600162924,0.9231726825237274,-0.7898047566413879,0.0031079351902008057,0.021711990237236023,5.960464477539062e-07,1.0,0.041273027658462524,-0.47887560725212097,0.9231725335121155,-0.7898046374320984
dense-20260718008523-e6500698fd1c,edge1,1,0,0,0,42,r2,0.011707529913754566,0.6682227600162924,0.256632000207901,0.8640590310096741,6.395578384399414e-05,0.9834103584289551,0.0,-0.9991611838340759,0.0002964437007904053,0.9337074160575867,0.256632000207901,0.8640589714050293
dense-20260718008523-e6500698fd1c,edge1,1,0,0,0,43,r1,-0.0027864350846097397,0.6612159176792334,0.0007116794586181641,0.9228432178497314,2.9802322387695312e-08,0.9880101680755615,1.3977289199829102e-05,1.0,5.960464477539063e-08,0.9602645039558411,0.0007116794586181641,0.922843337059021
dense-20260718008523-e6500698fd1c,edge1,1,0,0,0,43,r2,0.00664986417806257,0.6612159176792334,0.0027108192443847656,0.9938424229621887,5.930662155151367e-06,0.998862624168396,0.0,0.550758957862854,1.8328428268432617e-05,0.9959223866462708,0.002710789442062378,0.9938424229621887
dense-20260718008523-e6500698fd1c,edge1,1,0,0,0,44,r1,-0.005774727002676783,inf,0.9543721377849579,0.9863881468772888,0.00011035799980163574,0.9992549419403076,5.960464477539063e-08,1.0,0.00015419721603393555,0.9987092018127441,0.954371988773346,0.9863881468772888
dense-20260718008523-e6500698fd1c,edge1,1,0,0,0,44,r2,0.022325616863299258,0.6545052181678562,0.30620943009853363,0.9999996423721313,0.00039252638816833496,1.0,0.0,1.0,0.0002853572368621826,0.9999998211860657,0.3062099814414978,0.9999996423721313
dense-20260718008523-e6500698fd1c,edge1,1,0,0,0,45,r1,-0.02254436182682884,inf,0.011347740888595581,0.9704452753067017,2.682209014892578e-07,0.9989334940910339,2.0712614059448242e-05,1.0,1.7881393432617188e-07,0.997657835483551,0.011347711086273193,0.9704453349113464
dense-20260718008523-e6500698fd1c,edge1,1,0,0,0,46,r1,-0.00712397153391342,inf,0.0,0.9999439120292664,0.0,0.9999964833259583,1.940131187438965e-05,1.0,0.0,0.9999956488609314,0.0,0.9999439120292664
dense-20260718008523-e6500698fd1c,edge1,1,0,0,0,47,r1,-0.0001659134544421681,inf,2.9802322387695312e-08,0.9999997019767761,0.0,1.0,0.0,1.0,0.0,0.9999999403953552,2.9802322387695312e-08,0.9999997019767761
dense-20260718008523-e6500698fd1c,edge1,1,0,0,0,48,r1,-0.0001809313680043445,inf,0.013027012348175049,0.9999988079071045,2.086162567138672e-07,0.9999999403953552,0.0,1.0,2.384185791015625e-07,0.9999999403953552,0.013026982545852661,0.9999988079071045
dense-20260718008523-e6500698fd1c,edge1,1,0,0,0,49,r1,0.0018217549497643315,inf,0.03881213068962097,0.9999983906745911,3.8743019104003906e-07,0.9999999403953552,0.0,1.0,4.470348358154297e-07,1.0,0.03881213068962097,0.9999983906745911
dense-20260718008523-e6500698fd1c,edge1,1,0,0,0,50,r1,0.016395899991300977,inf,0.9988228380680084,0.9999998211860657,0.9894545078277588,1.0,0.0,1.0,0.9563451409339905,1.0,0.998822808265686,0.9999998211860657
dense-20260718008523-e6500698fd1c,edge1,1,0,0,0,51,r1,0.02605043351558356,inf,2.899765968322754e-05,1.0,2.9712915420532227e-05,1.0,0.0,1.0,6.5267086029052734e-06,1.0,2.899765968322754e-05,1.0
dense-20260718008564-5ea3f677f504,multi,1,0,0,0,13,r2,0.0010318335520874689,0.8332670084088801,5.960464477539063e-08,0.85186767578125,0.0,0.9584947824478149,0.0004899203777313232,0.9986515641212463,0.0,0.9789069294929504,5.960464477539063e-08,0.8518676161766052
dense-20260718008564-5ea3f677f504,multi,1,0,0,0,14,r2,0.03620751917576315,0.7660205620519175,0.8577912449836731,0.7747205495834351,0.6087155938148499,0.8239354491233826,0.0,0.999473512172699,0.33949095010757446,0.9710995554924011,0.857791006565094,0.7747206687927246
dense-20260718008564-5ea3f677f504,multi,1,0,0,0,15,r2,0.05155664913373348,0.7088997559693762,0.0,0.9426233172416687,8.13603401184082e-06,0.943529486656189,0.0,0.9999999403953552,2.384185791015625e-07,0.994695246219635,0.0,0.9426233768463135
standard-20260717006849-5c6668003fd6,zero,1,0,0,0,21,r1,-0.06425028789022347,inf,0.0005274116992950439,-1.0,0.0002269446849822998,-1.0,0.0,-1.0,2.2232532501220703e-05,-1.0,0.0005274116992950439,-1.0
standard-20260717006849-5c6668003fd6,zero,1,0,0,0,22,r1,-0.01817599360543365,inf,0.00033295154571533203,-1.0,0.0002651810646057129,-1.0,0.0,-1.0,7.352232933044434e-05,-1.0,0.00033292174339294434,-1.0
standard-20260717006849-5c6668003fd6,zero,1,0,0,0,23,r1,0.0007945589430062849,inf,1.749396324157715e-05,-1.0,4.121661186218262e-05,-1.0,0.0,-1.0,1.7583370208740234e-05,-1.0,1.749396324157715e-05,-1.0
standard-20260717006849-5c6668003fd6,zero,1,0,0,0,24,r1,-0.0012187122643082526,inf,0.02120193839073181,-1.0,0.022625774145126343,-1.0,0.0,-1.0,0.0018765032291412354,-1.0,0.021202057600021362,-1.0
standard-20260717006849-5c6668003fd6,zero,1,0,0,0,25,r1,0.00029577362990063083,inf,7.304549217224121e-05,-1.0,0.0025766193866729736,-1.0,0.0,-1.0,2.0951032638549805e-05,-0.9999999403953552,7.304549217224121e-05,-1.0
standard-20260717006849-5c6668003fd6,zero,1,0,0,0,26,r1,0.0003621227347000433,inf,0.0,-0.999999463558197,0.0,-0.9999998807907104,0.0,-1.0,0.0,-0.9999901056289673,0.0,-0.999999463558197
standard-20260717006849-5c6668003fd6,zero,1,0,0,0,27,r1,0.00014682770476692752,inf,2.9802322387695312e-08,-0.9999971985816956,1.665949821472168e-05,-0.9999992847442627,0.0,-1.0,2.2649765014648438e-06,-0.9999818205833435,2.9802322387695312e-08,-0.9999971985816956
standard-20260717006849-5c6668003fd6,zero,1,0,0,0,28,r1,-8.677469220130796e-05,inf,3.0338764190673828e-05,-0.9999998807907104,0.03867122530937195,-0.9999998807907104,0.0,-1.0,0.04162633419036865,-0.9999954104423523,3.0338764190673828e-05,-0.9999998807907104
standard-20260717006849-5c6668003fd6,zero,1,0,0,0,29,r1,-0.00029765195024777924,inf,2.9802322387695312e-08,-1.0,6.556510925292969e-07,-1.0,0.0,-1.0,8.642673492431641e-07,-1.0,2.9802322387695312e-08,-1.0
standard-20260717006849-5c6668003fd6,zero,1,0,0,0,30,r1,0.0013491810354961942,inf,0.015005946159362793,-1.0,0.12934058904647827,-1.0,0.0,-1.0,0.14073815941810608,-1.0,0.015005946159362793,-1.0
dense-20260718009268-8e53efb84d71,multi,1,0,0,0,20,r4,0.0009321979625152021,1.1234811009572485,0.0016252696514129639,-0.06451430171728134,0.005357116460800171,0.6768977046012878,3.814697265625e-06,-0.9776711463928223,0.01749473810195923,0.5943085551261902,0.0016252696514129639,-0.06451455503702164
dense-20260718009268-8e53efb84d71,multi,1,0,0,0,21,r4,0.017170696145418107,1.1092797230048073,0.12430500984191895,0.745874285697937,0.4611278772354126,0.9497261047363281,0.0017294883728027344,-0.07816057652235031,0.6767048835754395,0.9314204454421997,0.124304860830307,0.7458741664886475
dense-20260718009268-8e53efb84d71,multi,1,0,0,0,22,r4,0.00811114228163623,1.102275450284188,0.00030812621116638184,-0.8414167165756226,0.0013689398765563965,-0.3778587579727173,0.01946890354156494,-0.985878586769104,0.003788173198699951,-0.3916338384151459,0.00030812621116638184,-0.841416597366333
dense-20260718009268-8e53efb84d71,multi,1,0,0,0,25,r3,-0.00024037693853373732,inf,0.00021514296531677246,-0.830029308795929,7.215142250061035e-05,-0.6502214670181274,0.21266698837280273,-0.25051993131637573,0.0001448988914489746,-0.7088401317596436,0.00021514296531677246,-0.8300292491912842
dense-20260718009268-8e53efb84d71,multi,1,0,0,0,26,r3,0.0006823805873781286,inf,0.008795469999313354,-0.4473649859428406,0.001738131046295166,0.05039237439632416,3.0249357223510742e-05,-0.15783385932445526,0.006278485059738159,-0.3572245240211487,0.008795469999313354,-0.4473649859428406
dense-20260718009268-8e53efb84d71,multi,1,0,0,0,27,r3,0.0030924722284690898,inf,0.024819403886795044,0.21027439832687378,0.0032091140747070312,0.7601118683815002,0.0,-0.9981903433799744,0.01960328221321106,0.6221580505371094,0.02481943368911743,0.2102745622396469
dense-20260718009268-8e53efb84d71,multi,1,0,0,0,28,r3,0.002228637818229906,inf,0.010882794857025146,-0.09407726675271988,0.0010891854763031006,0.5783796310424805,2.2351741790771484e-06,-0.9992735981941223,0.007297635078430176,0.4187493622303009,0.010882794857025146,-0.09407774358987808
dense-20260718009268-8e53efb84d71,multi,1,0,0,0,29,r3,0.002656464732463837,inf,0.015662074089050293,0.07388835400342941,0.0016706883907318115,0.6979409456253052,8.940696716308594e-08,-0.9985213279724121,0.01184430718421936,0.5451480150222778,0.01566210389137268,0.07388760149478912
dense-20260718009268-8e53efb84d71,multi,1,0,0,0,30,r3,0.00215204568005789,inf,0.01255539059638977,-0.05104607343673706,0.0013367533683776855,0.6087042689323425,5.066394805908203e-07,-0.9991342425346375,0.009160876274108887,0.4500521421432495,0.01255539059638977,-0.05104604363441467
dense-20260718009268-8e53efb84d71,multi,1,0,0,0,31,r3,0.0025394984852196156,inf,0.014668196439743042,0.06101832911372185,0.0015651881694793701,0.6869224905967712,1.1920928955078125e-07,-0.998543918132782,0.011050790548324585,0.5342305302619934,0.014668196439743042,0.061018206179142
dense-20260718009268-8e53efb84d71,multi,1,0,0,0,32,r3,0.0020752201578040363,inf,0.012371361255645752,-0.03324481099843979,0.001339554786682129,0.619408369064331,3.8743019104003906e-07,-0.9990143775939941,0.009288907051086426,0.4621639847755432,0.012371361255645752,-0.033244095742702484
dense-20260718009268-8e53efb84d71,multi,1,0,0,0,33,r3,0.0023687508396936785,inf,0.01338931918144226,0.019141223281621933,0.0014456510543823242,0.6596476435661316,1.1920928955078125e-07,-0.9987210035324097,0.010263562202453613,0.5046479105949402,0.01338931918144226,0.019141273573040962
dense-20260718009268-8e53efb84d71,multi,1,0,0,0,34,r3,0.0023065317128843077,inf,0.0129317045211792,0.020463934168219566,0.001373380422592163,0.6578063368797302,2.384185791015625e-07,-0.9988238215446472,0.009635448455810547,0.504313588142395,0.012931674718856812,0.02046363428235054
dense-20260718009268-8e53efb84d71,multi,1,0,0,0,35,r3,0.0021737304772866395,inf,0.01249164342880249,-0.017420465126633644,0.0013853013515472412,0.6297736167907715,2.384185791015625e-07,-0.9988499879837036,0.009682267904281616,0.4754384756088257,0.012491613626480103,-0.017420973628759384
dense-20260718009268-8e53efb84d71,multi,1,0,0,0,36,r3,0.0023176576717327535,inf,0.0130423903465271,0.016398541629314423,0.0014310777187347412,0.6543781161308289,1.4901161193847656e-07,-0.9987345933914185,0.01021033525466919,0.49993160367012024,0.013042360544204712,0.016399135813117027
dense-20260718009268-8e53efb84d71,multi,1,0,0,0,37,r3,0.00224455223508202,inf,0.012937963008880615,-0.017643429338932037,0.0014112591743469238,0.6322624683380127,2.384185791015625e-07,-0.9988803267478943,0.01003044843673706,0.4776192903518677,0.012937992811203003,-0.017643647268414497
dense-20260718009268-8e53efb84d71,multi,1,0,0,0,38,r3,0.0022122862822271383,inf,0.0124606192111969,0.0024804738350212574,0.0013890266418457031,0.6452103853225708,1.4901161193847656e-07,-0.9985526204109192,0.009946495294570923,0.4919920265674591,0.0124606192111969,0.0024809190072119236
dense-20260718009268-8e53efb84d71,multi,1,0,0,0,39,r3,0.002050533379773567,inf,0.011604487895965576,-0.0018288006540387869,0.0012773871421813965,0.6410632133483887,1.4901161193847656e-07,-0.9986987113952637,0.009133666753768921,0.48585769534111023,0.011604487895965576,-0.001828906824812293
dense-20260718009268-8e53efb84d71,multi,1,0,0,0,40,r3,0.001874672042623704,inf,0.010956883430480957,-0.04093369469046593,0.0011911988258361816,0.619164228439331,1.4901161193847656e-07,-0.9987572431564331,0.00877329707145691,0.4599224030971527,0.010956883430480957,-0.04093271866440773
dense-20260718009268-8e53efb84d71,multi,1,0,0,0,41,r3,0.0020658350718500973,inf,0.011770159006118774,0.002958916826173663,0.0012463033199310303,0.6526299715042114,8.940696716308594e-08,-0.9987692832946777,0.009215861558914185,0.49352577328681946,0.011770129203796387,0.00295851263217628
dense-20260718009268-8e53efb84d71,multi,1,0,0,0,42,r3,0.0012982382560882133,inf,0.0020644664764404297,0.5167832374572754,4.9948692321777344e-05,0.7784081101417542,0.00043773651123046875,-0.9985384941101074,0.00011551380157470703,0.6012159585952759,0.0020644664764404297,0.5167833566665649
dense-20260718009268-8e53efb84d71,multi,1,0,0,0,43,r3,0.00010362704955380053,inf,0.003484874963760376,-0.46161776781082153,0.00018531084060668945,0.036353833973407745,0.03373315930366516,-0.9999793767929077,0.0003465712070465088,-0.04768737778067589,0.0034848451614379883,-0.4616173207759857
dense-20260718009268-8e53efb84d71,multi,1,0,0,0,44,r3,0.0003474443089714896,inf,0.0023164749145507812,0.6353588700294495,2.8580427169799805e-05,0.8708637952804565,0.23743173480033875,-0.998229444026947,6.726384162902832e-05,0.7068535685539246,0.0023164749145507812,0.6353588700294495
dense-20260718009268-8e53efb84d71,multi,1,0,0,0,46,r3,0.005125120498043589,inf,0.05924388766288757,-0.8270910978317261,0.0017388463020324707,-0.5944347381591797,0.5629949569702148,-0.9998983144760132,0.0013301074504852295,-0.7555248737335205,0.059244006872177124,-0.8270909190177917
dense-20260718009268-8e53efb84d71,multi,1,0,0,0,47,r3,0.0019158080160159852,inf,0.0041970014572143555,0.8012353777885437,4.965066909790039e-05,0.9440075755119324,0.009935468435287476,-0.9980226159095764,0.00011056661605834961,0.8556935787200928,0.0041970014572143555,0.8012350797653198
dense-20260718009268-8e53efb84d71,multi,1,0,0,0,48,r3,0.0007452820145257277,inf,0.00015398859977722168,0.38556796312332153,2.86102294921875e-06,0.5917850732803345,0.060946911573410034,-0.984824001789093,4.649162292480469e-06,0.4040720462799072,0.00015398859977722168,0.3855675756931305
dense-20260718009268-8e53efb84d71,multi,1,0,0,0,49,r3,0.0013779473874113712,inf,0.028752774000167847,-0.8725821375846863,0.0008902549743652344,-0.7320175170898438,0.937973141670227,-0.9998994469642639,0.0007676780223846436,-0.821073055267334,0.02875274419784546,-0.8725820779800415
dense-20260718009268-8e53efb84d71,multi,1,0,0,0,50,r3,0.011359901176345666,inf,0.08905547857284546,-0.3190416991710663,0.002094835042953491,0.2719324827194214,0.00011959671974182129,-0.9987888932228088,0.0018132328987121582,-0.16285187005996704,0.08905556797981262,-0.31904205679893494
dense-20260718009268-8e53efb84d71,multi,1,0,0,0,56,r3,0.0007618808430520652,inf,0.015533745288848877,0.4755971133708954,0.0006574690341949463,0.8644375801086426,1.4901161193847656e-07,-0.999994695186615,0.001549452543258667,0.7193114757537842,0.015533745288848877,0.4755970537662506
dense-20260718009268-8e53efb84d71,multi,1,0,0,0,57,r3,0.03080035804628345,inf,0.3101547658443451,0.9437931776046753,0.001650005578994751,0.986857533454895,1.0,-0.9999985098838806,0.0009312629699707031,0.9703791737556458,0.31015416979789734,0.9437932372093201
dense-20260718009268-8e53efb84d71,multi,1,0,0,0,58,r3,0.01840661347389072,inf,0.0003254115581512451,-0.7507011890411377,2.130866050720215e-05,-0.48059090971946716,0.7935501933097839,-0.9999681115150452,3.713369369506836e-05,-0.49138641357421875,0.0003254115581512451,-0.7507008910179138
dense-20260718009268-8e53efb84d71,multi,1,0,0,0,64,r3,0.019755521320144354,inf,0.17898887395858765,-0.833394467830658,0.012826710939407349,-0.41897162795066833,0.003292649984359741,-1.0,0.04294148087501526,-0.496303528547287,0.17898884415626526,-0.8333944082260132
dense-20260718009268-8e53efb84d71,multi,1,0,0,0,65,r3,0.03772841868294585,inf,0.7848308086395264,0.9874913692474365,0.011889815330505371,0.9981837868690491,0.9849636554718018,-0.9999998807907104,0.010638684034347534,0.9944677352905273,0.7848309278488159,0.9874913692474365
dense-20260718009268-8e53efb84d71,multi,1,0,0,0,66,r3,0.08870093183063354,inf,0.9196531474590302,0.9737979769706726,0.24549901485443115,0.989193320274353,1.0,-0.5312061309814453,0.08540356159210205,0.971640408039093,0.9196532368659973,0.9737979769706726
standard-20260717007091-d7058f44f425,edge1,0,2,0,0,12,r3,0.0185686095330857,0.6128138274312134,0.9994067549705505,-0.9999698400497437,0.999951958656311,-0.9999961853027344,0.0,-1.0,0.9970142841339111,-0.9999163150787354,0.9994067549705505,-0.9999698400497437
standard-20260717007091-d7058f44f425,edge1,0,2,0,0,13,r3,0.034219757369799986,0.43659453692718686,0.9997906982898712,-0.9693694710731506,0.9998882412910461,-0.9858294725418091,0.0,-1.0,0.9824047684669495,-0.8723820447921753,0.9997906684875488,-0.9693694710731506
standard-20260717007073-ce3818a742ea,edge1,1,0,0,0,5,r1,0.033560608504266565,1.134891810108852,0.7447206079959869,0.08392928540706635,0.3653726577758789,0.6516470909118652,1.0132789611816406e-06,-0.9873425960540771,0.5677154064178467,0.4257890582084656,0.744720458984375,0.08392990380525589
standard-20260717007073-ce3818a742ea,edge1,1,0,0,0,6,r1,0.09595264378918089,3.7548608688367926,0.9965150654315948,0.9206382036209106,0.974944531917572,0.9740481972694397,1.0,1.0,0.5041683316230774,0.9003603458404541,0.9965150952339172,0.9206381440162659
standard-20260717007073-ce3818a742ea,edge1,1,0,0,0,7,r1,0.08878453017918764,3.819866829453443,0.11324897408485413,0.995884895324707,0.08109956979751587,0.9958207011222839,0.9999998807907104,1.0,0.0005893409252166748,0.9963706135749817,0.1132490336894989,0.995884895324707
dense-20260718009342-e413bb6628e2,multi,1,0,0,0,8,r1,0.0009736899675094612,1.3390449536481706,0.0,0.982377827167511,8.940696716308594e-08,0.9878441095352173,0.0,-0.22645682096481323,0.0,0.9979600310325623,0.0,0.982377827167511
dense-20260718009342-e413bb6628e2,multi,1,0,0,0,9,r1,0.0010061951874567043,1.3256144456702201,1.3768672943115234e-05,0.9994528293609619,7.298588752746582e-05,0.999571681022644,0.003651142120361328,0.9999972581863403,6.258487701416016e-07,0.999879002571106,1.3768672943115234e-05,0.9994528293609619
dense-20260718009342-e413bb6628e2,multi,1,0,0,0,10,r1,0.0007135683654837521,1.6471805552051104,6.198883056640625e-06,0.9931671023368835,1.1026859283447266e-06,0.9925119280815125,0.9987149238586426,0.7974389791488647,2.9802322387695312e-08,0.9978592395782471,6.198883056640625e-06,0.9931671023368835
dense-20260718009342-e413bb6628e2,multi,1,0,0,0,11,r1,0.03273115482222666,inf,0.9879432022571564,0.8200798034667969,0.9603400230407715,0.6918509006500244,0.9999948740005493,1.0,0.09324201941490173,0.9319812059402466,0.9879432320594788,0.8200795650482178
dense-20260718009342-e413bb6628e2,multi,1,0,0,0,11,r4,0.005398141510301713,1.3276777828647806,0.06681901216506958,0.9365615844726562,0.17990773916244507,0.8791289329528809,4.3779611587524414e-05,-1.0,0.0076677799224853516,0.9439372420310974,0.06681907176971436,0.936561644077301
dense-20260718009342-e413bb6628e2,multi,1,0,0,0,12,r4,0.011742682797611703,1.369542143833626,0.32616452872753143,0.6494736671447754,0.31562697887420654,0.6511995792388916,0.0,-1.0,0.0180414617061615,0.8856869339942932,0.3261646032333374,0.6494736671447754
dense-20260718009342-e413bb6628e2,multi,1,0,0,0,13,r4,0.007645984672758788,1.476209805196979,0.9998595714569092,-0.679395318031311,0.9973411560058594,-0.725685179233551,0.0,-1.0,0.9723204374313354,-0.21503910422325134,0.9998595714569092,-0.6793957352638245
dense-20260718009342-e413bb6628e2,multi,1,0,0,0,14,r3,0.0012363248072115862,1.1493808875797502,0.0007020235061645508,0.638002336025238,0.0018396377563476562,0.8425076603889465,0.0,-0.9999997615814209,0.0009359419345855713,0.927137553691864,0.0007020235061645508,0.6380022764205933
dense-20260718009342-e413bb6628e2,multi,1,0,0,0,15,r3,0.02580237367605953,1.200764341009962,0.29588575661182404,-0.7616080641746521,0.4249594211578369,-0.5803371667861938,1.4901161193847656e-07,-0.998954176902771,0.1910175085067749,-0.15172578394412994,0.29588577151298523,-0.7616078853607178
dense-20260718009342-e413bb6628e2,multi,1,0,0,0,16,r3,0.05665154599076305,1.1627890563372951,0.948111355304718,0.6874405145645142,0.8797760009765625,0.8562695384025574,0.0,-0.9999004602432251,0.7965939044952393,0.9110662937164307,0.9481114149093628,0.6874406933784485
dense-20260718009342-e413bb6628e2,multi,1,0,0,0,20,r4,0.02466677193204081,2.2807473149972015,0.9949822723865509,-0.9990236759185791,0.9950761198997498,-0.9977062344551086,0.0,-1.0,0.9968133568763733,-0.9985722303390503,0.9949822425842285,-0.9990236759185791
dense-20260718009342-e413bb6628e2,multi,1,0,0,0,21,r4,0.09154221197240742,2.3744031182406826,0.9999784529209137,-0.9999929666519165,0.9999909400939941,-0.9999967217445374,1.0,-1.0,0.999903678894043,-0.999995768070221,0.9999784231185913,-0.9999929666519165
dense-20260718009342-e413bb6628e2,multi,1,0,0,0,22,r4,0.1408753585722251,2.511520379880598,1.0,-0.9999973177909851,1.0,-0.9999988675117493,1.0,-1.0,1.0,-0.999998927116394,1.0,-0.9999973177909851
dense-20260718009189-8cc89d4891ab,multi,0,1,0,0,12,r4,0.0009718256355841781,inf,0.005258738994598389,0.6246482133865356,0.04538068175315857,0.8757420778274536,2.9802322387695312e-08,-0.40277132391929626,0.12398982048034668,0.9013336300849915,0.005258738994598389,0.62464839220047
dense-20260718009189-8cc89d4891ab,multi,0,1,0,0,13,r4,3.872942037852489e-05,inf,0.0018380582332611084,-0.6438647508621216,0.004707366228103638,-0.16499583423137665,2.9802322387695312e-08,0.3047754764556885,0.025454789400100708,0.019138621166348457,0.0018380582332611084,-0.6438644528388977
dense-20260718009189-8cc89d4891ab,multi,0,1,0,0,14,r4,-0.0008896368401583032,inf,0.0001780092716217041,-0.9932315349578857,0.0010675787925720215,-0.9700388312339783,0.0,-0.22686031460762024,0.005433619022369385,-0.9758654832839966,0.0001780092716217041,-0.9932315349578857
dense-20260718009189-8cc89d4891ab,multi,0,1,0,0,15,r4,-0.00023304621045272533,inf,0.00010177493095397949,0.8904560804367065,0.0001754164695739746,0.9861488342285156,5.960464477539063e-08,0.9951762557029724,0.0018604397773742676,0.985995888710022,0.00010177493095397949,0.8904561996459961
dense-20260718009189-8cc89d4891ab,multi,0,1,0,0,16,r4,0.022510387413484212,inf,0.48847828805446625,-0.22693058848381042,0.5980421304702759,0.49397575855255127,0.25341862440109253,-0.9084202647209167,0.9378064870834351,0.4468725621700287,0.4884779453277588,-0.22693052887916565
dense-20260718009189-8cc89d4891ab,multi,0,1,0,0,23,r4,0.0012881931933006463,inf,0.0039591193199157715,-0.6438440084457397,0.023201972246170044,-0.15396131575107574,1.1920928955078125e-07,0.9963271021842957,0.08497536182403564,-0.1514074206352234,0.003959149122238159,-0.6438437104225159
dense-20260718009189-8cc89d4891ab,multi,0,1,0,0,24,r4,0.000881299692573112,inf,0.009890139102935791,-0.4263870120048523,0.0603330135345459,0.23121604323387146,0.0,0.9992196559906006,0.19083496928215027,0.08152355998754501,0.009890139102935791,-0.42638760805130005
dense-20260718009189-8cc89d4891ab,multi,0,1,0,0,25,r4,0.0018820682317954862,inf,0.00022351741790771484,0.7118175029754639,0.00024646520614624023,0.906582236289978,2.384185791015625e-07,0.658274233341217,0.0013726651668548584,0.9272424578666687,0.00022351741790771484,0.7118175625801086
dense-20260718009189-8cc89d4891ab,multi,0,1,0,0,26,r4,0.0005114224448945492,inf,0.00012874603271484375,-0.16217198967933655,0.00012639164924621582,0.34385618567466736,1.6361474990844727e-05,0.20287932455539703,0.000635683536529541,0.5721393823623657,0.00012874603271484375,-0.16217142343521118
dense-20260718009189-8cc89d4891ab,multi,0,1,0,0,27,r4,0.00040002843030451096,inf,0.001247704029083252,-0.048031505197286606,0.0031785666942596436,0.5096572041511536,0.0,0.722942054271698,0.01715371012687683,0.5771501660346985,0.001247704029083252,-0.04803135618567467
dense-20260718009189-8cc89d4891ab,multi,0,1,0,0,28,r4,0.0005755957450628291,inf,0.00010207295417785645,-0.8446149826049805,0.00011682510375976562,-0.5058830976486206,0.0,-0.10397344827651978,0.0008438527584075928,-0.4188394546508789,0.00010207295417785645,-0.8446150422096252
dense-20260718009189-8cc89d4891ab,multi,0,1,0,0,29,r4,0.0014170304375908938,inf,0.0001850426197052002,0.8795463442802429,0.00024363398551940918,0.9752433896064758,0.0,0.9024889469146729,0.0011077821254730225,0.9699251651763916,0.0001850426197052002,0.879546046257019
dense-20260718009189-8cc89d4891ab,multi,0,1,0,0,30,r4,0.0012862103160744542,inf,0.006138026714324951,-0.9880287647247314,0.00895988941192627,-0.9500482678413391,0.4641473591327667,-0.4208129048347473,0.05698153376579285,-0.9118298292160034,0.006138026714324951,-0.9880287647247314
dense-20260718009189-8cc89d4891ab,multi,0,1,0,0,31,r4,0.0019293244955647104,inf,2.6941299438476562e-05,0.9524183869361877,6.35385513305664e-05,0.9930426478385925,0.0,0.9770354628562927,0.0004918873310089111,0.9927616715431213,2.6941299438476562e-05,0.9524183869361877
dense-20260718009189-8cc89d4891ab,multi,0,1,0,0,32,r4,0.022818259885511782,inf,0.4800908397883177,-0.7239099740982056,0.43092548847198486,0.062452588230371475,0.7161405682563782,-0.1133170947432518,0.73617023229599,0.12045608460903168,0.4800903797149658,-0.7239100337028503
dense-20260718009189-8cc89d4891ab,multi,0,1,0,0,38,r4,-0.0004894501585754885,inf,0.0048926472663879395,-0.9824811220169067,0.003503859043121338,-0.8814834952354431,0.0006710290908813477,-0.027679404243826866,0.022530585527420044,-0.8581681251525879,0.0048926472663879395,-0.9824811220169067
dense-20260718009189-8cc89d4891ab,multi,0,1,0,0,39,r4,0.0005228784008921572,inf,0.01986229419708252,0.9262806177139282,0.06358253955841064,0.9900383949279785,0.9976996183395386,0.7200295329093933,0.294121116399765,0.9845890402793884,0.019862383604049683,0.9262807965278625
dense-20260718009189-8cc89d4891ab,multi,0,1,0,0,40,r4,0.0007151320814591244,inf,0.0014801025390625,-0.4454680383205414,0.00018486380577087402,0.2129468321800232,0.9999886751174927,0.11526670306921005,0.0003534853458404541,-0.29435470700263977,0.0014801025390625,-0.44546806812286377
dense-20260718009189-8cc89d4891ab,multi,0,1,0,0,41,r4,0.0046003587228040654,inf,0.08603543043136597,0.8851926922798157,0.007274925708770752,0.983823835849762,0.9999129772186279,0.9999978542327881,0.04178285598754883,0.9671986699104309,0.08603537082672119,0.8851925730705261
dense-20260718009189-8cc89d4891ab,multi,0,1,0,0,42,r4,0.0014528675525162793,inf,0.007559478282928467,-0.6859325766563416,0.0005008876323699951,-0.11047576367855072,1.0,0.9989449977874756,0.0024394989013671875,-0.3161236047744751,0.007559478282928467,-0.6859323978424072
dense-20260718009189-8cc89d4891ab,multi,0,1,0,0,43,r4,0.002038428040198159,inf,0.04410794377326965,0.9535098075866699,0.07478213310241699,0.9956450462341309,0.24383699893951416,-0.7504345178604126,0.3633884787559509,0.9921334385871887,0.04410800337791443,0.9535098075866699
dense-20260718009189-8cc89d4891ab,multi,0,1,0,0,44,r4,0.0011995218368596738,inf,0.006155610084533691,-0.6740634441375732,0.0004006028175354004,-0.09837818890810013,1.0,0.9987511038780212,0.002028912305831909,-0.2847650647163391,0.006155610084533691,-0.6740633845329285
dense-20260718009189-8cc89d4891ab,multi,0,1,0,0,45,r4,0.01328455059975786,inf,0.26713815331459045,0.7021219730377197,0.298504114151001,0.9691161513328552,0.00011491775512695312,0.07744816690683365,0.6463087797164917,0.9659326672554016,0.26713827252388,0.7021220326423645
dense-20260718009189-8cc89d4891ab,multi,0,1,0,0,51,r4,0.002567739810529268,inf,0.0340389609336853,0.002094327239319682,0.014277338981628418,0.747768223285675,1.0,0.7953436374664307,0.11673751473426819,0.6115991473197937,0.03403902053833008,0.002095100237056613
dense-20260718009189-8cc89d4891ab,multi,0,1,0,0,52,r4,0.00046101485889615823,inf,5.692243576049805e-06,-0.47012853622436523,8.940696716308594e-07,0.41858333349227905,0.9961533546447754,0.9999999403953552,1.6689300537109375e-06,0.5163592100143433,5.692243576049805e-06,-0.47012779116630554
dense-20260718009189-8cc89d4891ab,multi,0,1,0,0,53,r4,0.0017837532230282616,inf,0.020280808210372925,0.8248329162597656,0.0016299784183502197,0.9763699769973755,0.9998167157173157,0.9999976754188538,0.011047214269638062,0.9561281800270081,0.020280838012695312,0.8248327970504761
dense-20260718009189-8cc89d4891ab,multi,0,1,0,0,54,r4,0.00174535177300017,inf,0.0036554336547851562,-0.6561956405639648,0.0002250969409942627,-0.09140466153621674,0.9999998807907104,0.9991328716278076,0.0011901557445526123,-0.2935382127761841,0.0036554336547851562,-0.6561954617500305
dense-20260718009189-8cc89d4891ab,multi,0,1,0,0,55,r4,0.0005721662904996094,inf,4.678964614868164e-06,0.41967278718948364,6.258487701416016e-07,0.8985742926597595,0.9145384430885315,1.0,1.3113021850585938e-06,0.9045702815055847,4.678964614868164e-06,0.4196729063987732
dense-20260718009189-8cc89d4891ab,multi,0,1,0,0,56,r4,0.00011349577392838484,inf,0.007166147232055664,-0.8621620535850525,0.0007902383804321289,-0.5550567507743835,0.9999874830245972,0.9999757409095764,0.0031297802925109863,-0.6022982001304626,0.007166147232055664,-0.8621623516082764
dense-20260718009189-8cc89d4891ab,multi,0,1,0,0,57,r4,0.001653311024398585,inf,0.027456700801849365,0.9512904286384583,0.00226747989654541,0.9939679503440857,0.9953010678291321,0.9999996423721313,0.01516503095626831,0.9881412386894226,0.027456670999526978,0.951290488243103
dense-20260718009189-8cc89d4891ab,multi,0,1,0,0,58,r4,0.019711646257954074,inf,0.5953598618507385,0.6671296954154968,0.11044895648956299,0.9667558670043945,0.7250555753707886,1.0,0.03319770097732544,0.9508735537528992,0.5953603386878967,0.6671297550201416
dense-20260718008662-8330d5ee213a,multi,1,0,0,0,9,r2,0.001807966195013666,0.8139499081509667,0.0,0.9845196604728699,1.1920928955078125e-07,0.9986270070075989,0.0,-0.9999592304229736,5.960464477539063e-08,0.9997197389602661,0.0,0.9845196604728699
dense-20260718008662-8330d5ee213a,multi,1,0,0,0,10,r2,-0.0025617588753983345,0.8158058364127249,0.0,-0.9999221563339233,0.0,-0.998923659324646,0.0,0.8830048441886902,0.0,-0.9868499040603638,0.0,-0.9999221563339233
dense-20260718008662-8330d5ee213a,multi,1,0,0,0,11,r2,-0.0009414329697177148,0.8447687436120802,0.0,-0.9969249367713928,0.0,-0.9382326006889343,0.0,-0.9803335070610046,0.0,-0.6256845593452454,0.0,-0.9969249367713928
dense-20260718008662-8330d5ee213a,multi,1,0,0,0,12,r2,-0.0007381383394933216,0.8809111105456083,3.9637088775634766e-06,-0.9713846445083618,2.9802322387695312e-08,-0.7892129421234131,0.0,0.9560343623161316,1.1920928955078125e-07,-0.307591050863266,3.9637088775634766e-06,-0.9713847041130066
dense-20260718008662-8330d5ee213a,multi,1,0,0,0,13,r2,0.02411641482642568,0.8765448502908063,0.9890100359916687,-0.9942266345024109,0.6112697720527649,-0.9487650394439697,0.0,0.5705834031105042,0.5007726550102234,-0.9729909896850586,0.9890099763870239,-0.9942266345024109
dense-20260718009159-82c693204c0b,multi,0,0,1,1,11,r3,4.294339189425678e-05,2.5252888042879986,0.0005682706832885742,-0.9999997615814209,0.1823851764202118,-0.9999999403953552,0.0,-1.0,0.018704622983932495,-0.9999972581863403,0.0005682706832885742,-0.9999997615814209
dense-20260718009159-82c693204c0b,multi,0,0,1,1,12,r3,0.0025273334795801183,2.558781253234799,0.024184435606002808,-1.0,0.9216488599777222,-1.0,0.0,-0.999993085861206,0.34994667768478394,-0.999999463558197,0.024184435606002808,-1.0
dense-20260718009159-82c693204c0b,multi,0,0,1,1,12,r4,-0.004221023146424807,1.1158390035945025,0.9413692951202393,-0.9491713643074036,0.036994993686676025,-0.6422460079193115,2.9802322387695312e-08,-0.07078875601291656,0.035937488079071045,-0.6774136424064636,0.9413691163063049,-0.9491714239120483
dense-20260718009159-82c693204c0b,multi,0,0,1,1,13,r3,0.032040743325511434,2.579438177783748,0.9985180497169495,-1.0,0.9975107908248901,-1.0,0.0,-0.8895698189735413,0.9453920722007751,-0.9999998211860657,0.9985180497169495,-1.0
dense-20260718009159-82c693204c0b,multi,0,0,1,1,13,r4,-0.0007899980163750264,1.067121892528746,0.0,-0.9898796677589417,0.0,-0.879764974117279,0.0,-1.0,0.0,-0.9009255170822144,0.0,-0.9898796677589417
dense-20260718009159-82c693204c0b,multi,0,0,1,1,14,r4,-0.004273836462301839,inf,1.1920928955078125e-07,-0.8131333589553833,0.0,-0.08792607486248016,0.0,-1.0,5.960464477539063e-08,-0.007598730735480785,1.1920928955078125e-07,-0.8131338357925415
dense-20260718009159-82c693204c0b,multi,0,0,1,1,15,r4,-0.001622526828488846,inf,6.854534149169922e-07,-0.9985266923904419,1.1920928955078125e-07,-0.9960591197013855,0.0,-1.0,2.682209014892578e-07,-0.9949073791503906,6.854534149169922e-07,-0.9985266923904419
dense-20260718009159-82c693204c0b,multi,0,0,1,1,16,r4,-0.0009692208988167916,inf,3.337860107421875e-06,0.9956612586975098,3.5762786865234375e-07,0.9990023374557495,0.0,0.999998927116394,2.086162567138672e-07,0.9993511438369751,3.337860107421875e-06,0.9956612586975098
dense-20260718009159-82c693204c0b,multi,0,0,1,1,17,r4,-8.633977472038978e-05,inf,1.6391277313232422e-06,0.9971246719360352,2.682209014892578e-07,0.9994388222694397,0.00019699335098266602,1.0,8.940696716308594e-08,0.9997925162315369,1.6391277313232422e-06,0.9971246719360352
dense-20260718009159-82c693204c0b,multi,0,0,1,1,18,r4,-0.0028117138650045614,inf,2.512335777282715e-05,-0.9988886117935181,1.3083219528198242e-05,-0.9970989227294922,0.00037154555320739746,-0.9999998211860657,3.355741500854492e-05,-0.9928598403930664,2.512335777282715e-05,-0.9988886117935181
dense-20260718009159-82c693204c0b,multi,0,0,1,1,19,r4,-0.0003198735334328795,inf,4.76837158203125e-07,-0.9960533976554871,1.7881393432617188e-07,-0.9868787527084351,0.0,-1.0,8.642673492431641e-07,-0.9806651473045349,4.76837158203125e-07,-0.9960533976554871
dense-20260718009159-82c693204c0b,multi,0,0,1,1,20,r4,0.0043832523050058025,inf,1.7583370208740234e-06,0.9768052101135254,5.066394805908203e-07,0.9946109652519226,0.0,0.9989639520645142,5.364418029785156e-07,0.9964812994003296,1.7583370208740234e-06,0.9768052101135254
dense-20260718009159-82c693204c0b,multi,0,0,1,1,21,r4,-0.0020250238510453045,inf,2.682209014892578e-07,-0.9760618805885315,0.0,-0.8991006016731262,0.052896857261657715,1.0,0.0,-0.7858641743659973,2.682209014892578e-07,-0.9760619401931763
dense-20260718009159-82c693204c0b,multi,0,0,1,1,22,r4,0.0029951267428829365,inf,1.0728836059570312e-06,0.9744630455970764,2.384185791015625e-07,0.9940792918205261,0.0,0.9995506405830383,2.682209014892578e-07,0.9962925314903259,1.0728836059570312e-06,0.974463164806366
dense-20260718009159-82c693204c0b,multi,0,0,1,1,23,r4,-0.002547983550851729,inf,2.384185791015625e-07,-0.9777718186378479,0.0,-0.9055976271629333,0.05470520257949829,1.0,0.0,-0.7926798462867737,2.384185791015625e-07,-0.9777717590332031
dense-20260718009159-82c693204c0b,multi,0,0,1,1,24,r4,0.0026923357743777743,inf,1.1324882507324219e-06,0.9740402698516846,2.384185791015625e-07,0.9939317107200623,0.0,0.9995797276496887,2.682209014892578e-07,0.996202290058136,1.1324882507324219e-06,0.9740403294563293
dense-20260718009159-82c693204c0b,multi,0,0,1,1,25,r4,-0.0025322512316086065,inf,2.682209014892578e-07,-0.9777235388755798,0.0,-0.9053388237953186,0.054366499185562134,1.0,0.0,-0.7944796681404114,2.682209014892578e-07,-0.9777235388755798
dense-20260718009159-82c693204c0b,multi,0,0,1,1,26,r4,0.0026597005580728528,inf,1.1920928955078125e-06,0.9754133820533752,2.682209014892578e-07,0.9942783713340759,0.0,0.9995195865631104,2.980232238769531e-07,0.9963959455490112,1.1920928955078125e-06,0.97541344165802
dense-20260718009159-82c693204c0b,multi,0,0,1,1,27,r4,-0.0025453233982473122,inf,2.682209014892578e-07,-0.9766192436218262,0.0,-0.9012271761894226,0.06113430857658386,1.0,0.0,-0.7857140898704529,2.682209014892578e-07,-0.9766192436218262
dense-20260718009159-82c693204c0b,multi,0,0,1,1,28,r4,0.0026080153585708032,inf,1.2218952178955078e-06,0.9751360416412354,2.682209014892578e-07,0.9941909313201904,0.0,0.9994887709617615,2.980232238769531e-07,0.996315598487854,1.2218952178955078e-06,0.9751360416412354
dense-20260718009159-82c693204c0b,multi,0,0,1,1,29,r4,-0.002534062933996273,inf,2.980232238769531e-07,-0.9758575558662415,0.0,-0.89817214012146,0.05713963508605957,1.0,0.0,-0.7807300686836243,2.980232238769531e-07,-0.9758575558662415
dense-20260718009159-82c693204c0b,multi,0,0,1,1,30,r4,0.0025477825359081496,inf,1.3113021850585938e-06,0.9742202758789062,2.980232238769531e-07,0.9939864277839661,0.0,0.9994699358940125,3.2782554626464844e-07,0.9961536526679993,1.3113021850585938e-06,0.9742202758789062
dense-20260718009159-82c693204c0b,multi,0,0,1,1,31,r4,-0.0024377063209579664,inf,3.2782554626464844e-07,-0.977043628692627,0.0,-0.9056388735771179,0.05877503752708435,1.0,0.0,-0.7994397282600403,3.2782554626464844e-07,-0.9770435690879822
dense-20260718009159-82c693204c0b,multi,0,0,1,1,33,r4,-0.0022891131351208127,inf,3.2782554626464844e-07,-0.9734007716178894,0.0,-0.892642617225647,0.06653174757957458,1.0,0.0,-0.771081268787384,3.2782554626464844e-07,-0.9734008312225342
dense-20260718009159-82c693204c0b,multi,0,0,1,1,34,r4,0.0025662962390162747,inf,1.4603137969970703e-06,0.9761249423027039,3.5762786865234375e-07,0.9943968653678894,0.0,0.9991217255592346,3.8743019104003906e-07,0.9963910579681396,1.4603137969970703e-06,0.9761249423027039
dense-20260718009159-82c693204c0b,multi,0,0,1,1,35,r4,-0.002462670846225423,inf,5.960464477539063e-08,-0.9868332743644714,0.0,-0.9503399729728699,0.6586858034133911,0.9958545565605164,0.0,-0.907800555229187,5.960464477539063e-08,-0.9868332743644714
dense-20260718009159-82c693204c0b,multi,0,0,1,1,36,r4,0.0025194678941524717,inf,1.5795230865478516e-06,0.9749128818511963,3.8743019104003906e-07,0.9940022230148315,0.0,0.9990138411521912,4.172325134277344e-07,0.9961408972740173,1.5795230865478516e-06,0.9749128818511963
dense-20260718009159-82c693204c0b,multi,0,0,1,1,37,r4,-0.0023914197058372277,inf,5.960464477539063e-08,-0.9872783422470093,0.0,-0.9520503878593445,0.66862952709198,0.9953732490539551,0.0,-0.9111721515655518,5.960464477539063e-08,-0.9872782826423645
dense-20260718009159-82c693204c0b,multi,0,0,1,1,38,r4,0.0024822459427780164,inf,1.6987323760986328e-06,0.9781454205513,4.172325134277344e-07,0.9948580265045166,0.0,0.9991275072097778,4.470348358154297e-07,0.9966285824775696,1.6987323760986328e-06,0.9781453609466553
dense-20260718009159-82c693204c0b,multi,0,0,1,1,39,r4,-0.0023292186758927524,inf,5.960464477539063e-08,-0.9865399599075317,0.0,-0.9489230513572693,0.6646642088890076,0.9954229593276978,0.0,-0.905938982963562,5.960464477539063e-08,-0.9865399599075317
dense-20260718009159-82c693204c0b,multi,0,0,1,1,40,r4,0.0027573901131308087,inf,1.7285346984863281e-06,0.9766207933425903,4.172325134277344e-07,0.9944722056388855,0.0,0.9991243481636047,4.76837158203125e-07,0.996387243270874,1.7285346984863281e-06,0.9766207933425903
dense-20260718009159-82c693204c0b,multi,0,0,1,1,41,r4,-0.0024025632506083916,inf,5.960464477539063e-08,-0.9870092868804932,0.0,-0.9512632489204407,0.6892833709716797,0.99534010887146,0.0,-0.9094168543815613,5.960464477539063e-08,-0.9870092272758484
dense-20260718009159-82c693204c0b,multi,0,0,1,1,42,r4,0.002730308952257232,inf,1.6987323760986328e-06,0.9760537147521973,4.172325134277344e-07,0.9943451285362244,0.0,0.9990389347076416,4.470348358154297e-07,0.9962512254714966,1.6987323760986328e-06,0.976053774356842
dense-20260718009159-82c693204c0b,multi,0,0,1,1,43,r4,-0.002362537145035759,inf,5.960464477539063e-08,-0.9879780411720276,0.0,-0.9547469019889832,0.6758637428283691,0.9948005676269531,0.0,-0.9156535863876343,5.960464477539063e-08,-0.9879780411720276
dense-20260718009159-82c693204c0b,multi,0,0,1,1,44,r4,0.0025893206037710392,inf,1.7285346984863281e-06,0.9777473211288452,4.470348358154297e-07,0.9947569370269775,0.0,0.9991621375083923,4.76837158203125e-07,0.99654221534729,1.7285346984863281e-06,0.9777472615242004
dense-20260718009159-82c693204c0b,multi,0,0,1,1,45,r4,-0.0023881617193526328,inf,5.960464477539063e-08,-0.9878432750701904,0.0,-0.9544221758842468,0.6805468797683716,0.9934683442115784,0.0,-0.9144752621650696,5.960464477539063e-08,-0.9878432154655457
dense-20260718009159-82c693204c0b,multi,0,0,1,1,46,r4,0.0024395049679104552,inf,2.682209014892578e-06,0.8967618346214294,3.2782554626464844e-07,0.9764010906219482,0.0,0.981611430644989,3.8743019104003906e-07,0.9793263673782349,2.682209014892578e-06,0.8967616558074951
dense-20260718009159-82c693204c0b,multi,0,0,1,1,47,r4,-0.0024616329756770305,inf,5.960464477539063e-08,-0.9857701659202576,0.0,-0.9469010233879089,0.5748113989830017,0.9969130158424377,0.0,-0.9038127064704895,5.960464477539063e-08,-0.9857701659202576
dense-20260718009159-82c693204c0b,multi,0,0,1,1,48,r4,0.0029534777944437707,inf,1.3709068298339844e-06,0.9730331897735596,2.980232238769531e-07,0.9937700629234314,0.0,0.9995406866073608,3.2782554626464844e-07,0.9959505796432495,1.3709068298339844e-06,0.9730331897735596
dense-20260718009159-82c693204c0b,multi,0,0,1,1,49,r4,-4.201081459842548e-05,inf,2.2351741790771484e-06,0.9976613521575928,3.5762786865234375e-07,0.9995359182357788,9.66191291809082e-05,1.0,1.1920928955078125e-07,0.9998302459716797,2.2351741790771484e-06,0.9976613521575928
dense-20260718009159-82c693204c0b,multi,0,0,1,1,50,r4,-0.0031360959574688874,inf,0.00041168928146362305,-0.9988292455673218,0.000246584415435791,-0.9969584941864014,0.001631408929824829,-0.9999989867210388,0.0004476308822631836,-0.993541955947876,0.00041168928146362305,-0.9988293051719666
dense-20260718009159-82c693204c0b,multi,0,0,1,1,51,r4,-0.000374675339690711,inf,3.8743019104003906e-07,-0.9970455765724182,1.4901161193847656e-07,-0.9899049997329712,0.0,-1.0,7.450580596923828e-07,-0.9852626323699951,3.8743019104003906e-07,-0.9970455765724182
dense-20260718009159-82c693204c0b,multi,0,0,1,1,52,r4,0.002418985161686038,inf,1.7881393432617188e-06,0.9795834422111511,4.76837158203125e-07,0.9952051639556885,0.0,0.9992044568061829,5.066394805908203e-07,0.9968859553337097,1.7881393432617188e-06,0.9795834422111511
dense-20260718009159-82c693204c0b,multi,0,0,1,1,54,r4,-0.0025250906454004074,inf,3.266334533691406e-05,-0.9996248483657837,1.5676021575927734e-05,-0.9990362524986267,1.1622905731201172e-06,-1.0,2.2977590560913086e-05,-0.9984095692634583,3.266334533691406e-05,-0.9996248483657837
dense-20260718009159-82c693204c0b,multi,0,0,1,1,55,r4,-0.00029174214415972344,inf,4.76837158203125e-07,-0.9963425397872925,1.7881393432617188e-07,-0.9874975085258484,0.0,-1.0,8.940696716308594e-07,-0.9819468259811401,4.76837158203125e-07,-0.9963425397872925
dense-20260718009159-82c693204c0b,multi,0,0,1,1,56,r4,0.00472780531840411,inf,2.2351741790771484e-06,0.9807378649711609,6.556510925292969e-07,0.9955586194992065,0.0,0.9991374611854553,6.854534149169922e-07,0.9970223307609558,2.2351741790771484e-06,0.9807378649711609
dense-20260718009159-82c693204c0b,multi,0,0,1,1,57,r4,0.00011030093675112873,inf,2.9802322387695312e-08,0.8670964241027832,0.0,0.9712839722633362,0.00023305416107177734,0.9973825812339783,0.0,0.9868925213813782,2.9802322387695312e-08,0.8670964241027832
dense-20260718009159-82c693204c0b,multi,0,0,1,1,58,r4,-0.0025532763296525207,inf,0.0004030466079711914,-0.9983227849006653,0.000217437744140625,-0.9953281879425049,0.0009546875953674316,-0.9999983906745911,0.00038558244705200195,-0.9904714226722717,0.0004030466079711914,-0.9983227849006653
dense-20260718009159-82c693204c0b,multi,0,0,1,1,59,r4,-0.00014176295587864374,inf,1.519918441772461e-06,-0.9963797330856323,2.682209014892578e-07,-0.9903593063354492,0.0,-1.0,6.556510925292969e-07,-0.9873000383377075,1.519918441772461e-06,-0.9963797330856323
dense-20260718009159-82c693204c0b,multi,0,0,1,1,60,r4,0.0038741905523371756,inf,9.238719940185547e-07,0.9688043594360352,1.7881393432617188e-07,0.9930575489997864,0.0,0.9998524785041809,2.086162567138672e-07,0.9956201314926147,9.238719940185547e-07,0.9688042998313904
dense-20260718009159-82c693204c0b,multi,0,0,1,1,61,r4,-1.5728581984175705e-05,inf,1.2814998626708984e-06,0.9973077774047852,1.4901161193847656e-07,0.9994596242904663,0.00016680359840393066,1.0,5.960464477539063e-08,0.9998027086257935,1.2814998626708984e-06,0.9973077774047852
dense-20260718009159-82c693204c0b,multi,0,0,1,1,62,r4,-0.0022224378730215655,inf,2.086162567138672e-07,-0.6282268166542053,5.960464477539063e-08,-0.13805921375751495,9.277462959289551e-05,-0.9985771179199219,5.960464477539063e-08,0.23071351647377014,2.086162567138672e-07,-0.6282270550727844
dense-20260718009159-82c693204c0b,multi,0,0,1,1,63,r4,-0.00026162091759607264,inf,5.662441253662109e-07,-0.9982659816741943,8.940696716308594e-08,-0.9959486126899719,0.0,-1.0,2.384185791015625e-07,-0.9948021173477173,5.662441253662109e-07,-0.9982659816741943
dense-20260718009159-82c693204c0b,multi,0,0,1,1,64,r4,0.004683394588450129,inf,1.2218952178955078e-06,0.972238302230835,2.682209014892578e-07,0.9935418963432312,0.0,0.9995556473731995,3.2782554626464844e-07,0.9958431720733643,1.2218952178955078e-06,0.972238302230835
dense-20260718009159-82c693204c0b,multi,0,0,1,1,65,r4,9.485768984518472e-05,inf,1.6689300537109375e-06,0.9977210164070129,2.384185791015625e-07,0.9995542764663696,0.00011271238327026367,1.0,8.940696716308594e-08,0.999835729598999,1.6689300537109375e-06,0.9977210164070129
dense-20260718009159-82c693204c0b,multi,0,0,1,1,66,r4,-0.0031478551384127584,inf,0.0,-0.9788934588432312,0.0,-0.9413594603538513,3.0100345611572266e-05,-0.9999999403953552,0.0,-0.8549016118049622,0.0,-0.9788934588432312
dense-20260718009159-82c693204c0b,multi,0,0,1,1,67,r4,-0.00027782849044566404,inf,1.996755599975586e-06,-0.9960069060325623,3.5762786865234375e-07,-0.9896248579025269,0.0,-1.0,8.940696716308594e-07,-0.9865432381629944,1.996755599975586e-06,-0.9960069060325623
dense-20260718009159-82c693204c0b,multi,0,0,1,1,68,r4,0.0034118231988138348,inf,1.1920928955078125e-06,0.9713432192802429,2.682209014892578e-07,0.9934223294258118,0.0,0.9995514154434204,2.980232238769531e-07,0.9957491755485535,1.1920928955078125e-06,0.9713432788848877
dense-20260718009159-82c693204c0b,multi,0,0,1,1,69,r4,-2.6354192099287133e-05,inf,1.9669532775878906e-06,0.9976429343223572,2.980232238769531e-07,0.9995405673980713,0.00012072920799255371,1.0,8.940696716308594e-08,0.9998292326927185,1.9669532775878906e-06,0.9976429343223572
dense-20260718009159-82c693204c0b,multi,0,0,1,1,70,r4,-0.0029109372817317514,inf,0.0003649592399597168,-0.9986518621444702,0.00017186999320983887,-0.9963712096214294,0.0021310746669769287,-0.9999983906745911,0.000305861234664917,-0.9921882748603821,0.0003649592399597168,-0.9986518621444702
dense-20260718009159-82c693204c0b,multi,0,0,1,1,71,r4,-0.0002791859515500761,inf,1.7881393432617188e-07,-0.9995229840278625,2.9802322387695312e-08,-0.9988048672676086,0.0,-1.0,1.4901161193847656e-07,-0.9978864789009094,1.7881393432617188e-07,-0.9995229840278625
dense-20260718009159-82c693204c0b,multi,0,0,1,1,72,r4,0.004698281461402276,inf,1.4007091522216797e-06,0.9757745265960693,3.2782554626464844e-07,0.9944102168083191,0.0,0.999516487121582,3.5762786865234375e-07,0.9963560700416565,1.4007091522216797e-06,0.9757745265960693
dense-20260718009159-82c693204c0b,multi,0,0,1,1,73,r4,8.176574555474048e-05,inf,1.817941665649414e-06,0.9975659847259521,2.682209014892578e-07,0.9995273947715759,0.00011667609214782715,1.0,8.940696716308594e-08,0.9998245239257812,1.817941665649414e-06,0.9975659847259521
dense-20260718009159-82c693204c0b,multi,0,0,1,1,75,r4,-0.0002968357377335362,inf,1.4901161193847656e-07,-0.9995497465133667,2.9802322387695312e-08,-0.9988901019096375,0.0,-1.0,1.1920928955078125e-07,-0.9980250597000122,1.4901161193847656e-07,-0.9995497465133667
dense-20260718009159-82c693204c0b,multi,0,0,1,1,76,r4,0.0033617130407257445,inf,1.430511474609375e-06,0.9748778343200684,3.2782554626464844e-07,0.9941754341125488,0.0,0.9994759559631348,3.8743019104003906e-07,0.996186375617981,1.430511474609375e-06,0.9748777747154236
dense-20260718009159-82c693204c0b,multi,0,0,1,1,77,r4,-4.429247255322011e-05,inf,2.9802322387695312e-08,0.8864373564720154,0.0,0.9757839441299438,0.0004934966564178467,0.9990283250808716,0.0,0.9894278645515442,2.9802322387695312e-08,0.8864372372627258
dense-20260718009159-82c693204c0b,multi,0,0,1,1,78,r4,-0.002518428801994821,inf,0.0,-0.972083568572998,0.0,-0.9218879342079163,1.8298625946044922e-05,-0.9999999403953552,0.0,-0.8064846992492676,0.0,-0.972083568572998
dense-20260718009159-82c693204c0b,multi,0,0,1,1,79,r4,-0.0001544151290093776,inf,1.6093254089355469e-06,-0.9968270659446716,2.980232238769531e-07,-0.9917795062065125,0.0,-1.0,7.152557373046875e-07,-0.9891564249992371,1.6093254089355469e-06,-0.9968270659446716
dense-20260718009159-82c693204c0b,multi,0,0,1,1,80,r4,0.005051595644636864,inf,8.940696716308594e-07,0.9454483389854431,1.4901161193847656e-07,0.9880791902542114,0.0,0.9998267889022827,1.7881393432617188e-07,0.9925216436386108,8.940696716308594e-07,0.9454483389854431
dense-20260718009159-82c693204c0b,multi,0,0,1,1,81,r4,3.6552397930877945e-05,inf,1.2814998626708984e-06,0.9975159168243408,1.4901161193847656e-07,0.9995031952857971,0.00016447901725769043,1.0,5.960464477539063e-08,0.9998169541358948,1.2814998626708984e-06,0.9975159168243408
dense-20260718009159-82c693204c0b,multi,0,0,1,1,82,r4,-0.0025268881771698393,inf,1.7881393432617188e-07,-0.6419919729232788,2.9802322387695312e-08,-0.1675015538930893,0.00010716915130615234,-0.998525083065033,5.960464477539063e-08,0.20440973341464996,1.7881393432617188e-07,-0.6419920921325684
dense-20260718009159-82c693204c0b,multi,0,0,1,1,83,r4,-0.0003002390363728846,inf,7.152557373046875e-07,-0.9983272552490234,1.1920928955078125e-07,-0.9960628747940063,0.0,-1.0,2.682209014892578e-07,-0.9949641823768616,7.152557373046875e-07,-0.9983272552490234
dense-20260718009159-82c693204c0b,multi,0,0,1,1,84,r4,0.0032463108099789473,inf,1.1026859283447266e-06,0.9682607650756836,2.384185791015625e-07,0.9927470684051514,0.0,0.9996997117996216,2.682209014892578e-07,0.9953537583351135,1.1026859283447266e-06,0.9682607650756836
dense-20260718009159-82c693204c0b,multi,0,0,1,1,85,r4,-2.3828747644394355e-05,inf,1.8775463104248047e-06,0.997664213180542,2.384185791015625e-07,0.9995452761650085,0.00015178322792053223,1.0,8.940696716308594e-08,0.9998316168785095,1.8775463104248047e-06,0.997664213180542
dense-20260718009159-82c693204c0b,multi,0,0,1,1,86,r4,-0.0029272702872487066,inf,0.0,-0.9796003699302673,0.0,-0.9440389275550842,3.2514333724975586e-05,-0.9999999403953552,0.0,-0.8623644113540649,0.0,-0.9796003103256226
dense-20260718009159-82c693204c0b,multi,0,0,1,1,87,r4,-0.00027040633893427035,inf,1.4901161193847656e-07,-0.9995914101600647,2.9802322387695312e-08,-0.99899822473526,0.0,-1.0,1.4901161193847656e-07,-0.9982106685638428,1.4901161193847656e-07,-0.9995914101600647
dense-20260718009159-82c693204c0b,multi,0,0,1,1,88,r4,0.005111939934104193,inf,1.3709068298339844e-06,0.9705530405044556,2.980232238769531e-07,0.9933483600616455,0.0,0.9996857047080994,3.2782554626464844e-07,0.9956294298171997,1.3709068298339844e-06,0.9705530405044556
dense-20260718009159-82c693204c0b,multi,0,0,1,1,89,r4,8.844527077700448e-05,inf,1.7285346984863281e-06,0.9974104762077332,2.384185791015625e-07,0.9994862079620361,0.00014737248420715332,1.0,8.940696716308594e-08,0.9998100399971008,1.7285346984863281e-06,0.9974104762077332
dense-20260718009159-82c693204c0b,multi,0,0,1,1,90,r4,-0.0033616549617090374,inf,0.0,-0.9792729616165161,0.0,-0.9419435262680054,3.49581241607666e-05,-0.9999999403953552,0.0,-0.8565347790718079,0.0,-0.9792729616165161
dense-20260718009159-82c693204c0b,multi,0,0,1,1,91,r4,-0.00031689283824176684,inf,1.7881393432617188e-07,-0.9995766282081604,2.9802322387695312e-08,-0.998969554901123,0.0,-1.0,1.4901161193847656e-07,-0.9981624484062195,1.7881393432617188e-07,-0.9995766282081604
dense-20260718009159-82c693204c0b,multi,0,0,1,1,92,r4,0.0030485878274428835,inf,1.3113021850585938e-06,0.9692437648773193,2.682209014892578e-07,0.9930764436721802,0.0,0.9996585249900818,3.2782554626464844e-07,0.9954829216003418,1.3113021850585938e-06,0.9692438840866089
dense-20260718009159-82c693204c0b,multi,0,0,1,1,93,r4,-3.59657050239548e-05,inf,2.9802322387695312e-08,0.8737241625785828,0.0,0.9728655219078064,0.0007684230804443359,0.9993508458137512,0.0,0.9885303378105164,2.9802322387695312e-08,0.8737244009971619
dense-20260718009159-82c693204c0b,multi,0,0,1,1,94,r4,-0.002645156009930094,inf,0.0,-0.9717926979064941,0.0,-0.9175321459770203,1.5914440155029297e-05,-0.9999999403953552,0.0,-0.7950360178947449,0.0,-0.9717926979064941
dense-20260718009159-82c693204c0b,multi,0,0,1,1,96,r4,0.005144222166185708,inf,4.5299530029296875e-06,0.9854841232299805,3.5762786865234375e-07,0.9973710179328918,0.0,1.0,3.5762786865234375e-07,0.9980735778808594,4.5299530029296875e-06,0.9854841232299805
dense-20260718009159-82c693204c0b,multi,0,0,1,1,97,r4,9.139757601106524e-05,inf,8.940696716308594e-07,0.996467113494873,8.940696716308594e-08,0.999293863773346,0.0004049241542816162,1.0,2.9802322387695312e-08,0.9997429251670837,8.940696716308594e-07,0.996467113494873
dense-20260718009159-82c693204c0b,multi,0,0,1,1,98,r4,-0.0024432019634379465,inf,1.4901161193847656e-07,-0.6560189127922058,2.9802322387695312e-08,-0.21496377885341644,0.0001163184642791748,-0.998461127281189,2.9802322387695312e-08,0.17644423246383667,1.4901161193847656e-07,-0.6560183763504028
dense-20260718009159-82c693204c0b,multi,0,0,1,1,99,r4,-0.0002873977503714542,inf,1.6927719116210938e-05,-0.9948827028274536,2.5331974029541016e-06,-0.9877150058746338,0.0,-1.0,6.4373016357421875e-06,-0.9840295910835266,1.6927719116210938e-05,-0.9948827028274536
dense-20260718009159-82c693204c0b,multi,0,0,1,1,100,r4,0.0016772121375736582,inf,9.238719940185547e-07,0.5555700063705444,1.1920928955078125e-07,0.901972234249115,0.0,0.9992790818214417,1.4901161193847656e-07,0.9244986772537231,9.238719940185547e-07,0.5555702447891235
dense-20260718009159-82c693204c0b,multi,0,0,1,1,101,r4,0.00017467154303307808,inf,4.678964614868164e-06,0.9994342923164368,4.470348358154297e-07,0.9998854398727417,1.7523765563964844e-05,1.0,1.7881393432617188e-07,0.9999557137489319,4.678964614868164e-06,0.9994342923164368
dense-20260718009159-82c693204c0b,multi,0,0,1,1,102,r4,-0.002249525361492477,inf,1.7881393432617188e-07,-0.653361439704895,2.9802322387695312e-08,-0.20829784870147705,0.00011566281318664551,-0.9985945224761963,2.9802322387695312e-08,0.17252619564533234,1.7881393432617188e-07,-0.6533621549606323
dense-20260718009159-82c693204c0b,multi,0,0,1,1,103,r4,-0.00032254911171825107,inf,1.5139579772949219e-05,-0.99489426612854,2.294778823852539e-06,-0.98774254322052,0.0,-1.0,5.990266799926758e-06,-0.9838272333145142,1.5139579772949219e-05,-0.99489426612854
dense-20260718009159-82c693204c0b,multi,0,0,1,1,104,r4,0.004862537790060406,inf,1.0728836059570312e-06,0.942757785320282,1.7881393432617188e-07,0.987531304359436,0.0,0.9998091459274292,2.086162567138672e-07,0.9921016693115234,1.0728836059570312e-06,0.9427576661109924
dense-20260718009159-82c693204c0b,multi,0,0,1,1,105,r4,4.109472653168744e-05,inf,1.6391277313232422e-06,0.9975053071975708,1.7881393432617188e-07,0.9995014071464539,0.00016486644744873047,1.0,5.960464477539063e-08,0.9998165965080261,1.6391277313232422e-06,0.9975053071975708
dense-20260718009159-82c693204c0b,multi,0,0,1,1,106,r4,-0.003444898805720742,inf,0.0,-0.9773080348968506,0.0,-0.9339824318885803,3.7997961044311523e-05,-0.9999999403953552,0.0,-0.836890697479248,0.0,-0.9773080348968506
dense-20260718009159-82c693204c0b,multi,0,0,1,1,107,r4,-0.00029419673677777425,inf,1.9669532775878906e-06,-0.996697723865509,3.5762786865234375e-07,-0.9917826652526855,0.0,-1.0,8.344650268554688e-07,-0.9893679022789001,1.9669532775878906e-06,-0.996697723865509
dense-20260718009159-82c693204c0b,multi,0,0,1,1,108,r4,0.0017125481205402249,inf,1.0728836059570312e-06,0.5747416019439697,1.4901161193847656e-07,0.9083810448646545,0.0,0.9994940757751465,1.7881393432617188e-07,0.9292977452278137,1.0728836059570312e-06,0.5747423768043518
dense-20260718009159-82c693204c0b,multi,0,0,1,1,109,r4,0.00013228357987449257,inf,4.738569259643555e-06,0.9994233250617981,4.76837158203125e-07,0.9998835921287537,2.232193946838379e-05,1.0,1.7881393432617188e-07,0.9999555945396423,4.738569259643555e-06,0.9994233250617981
dense-20260718009159-82c693204c0b,multi,0,0,1,1,110,r4,-0.00327315174601428,inf,0.0,-0.9758582711219788,0.0,-0.9269526600837708,3.460049629211426e-05,-0.9999998807907104,0.0,-0.8198265433311462,0.0,-0.9758582711219788
dense-20260718009159-82c693204c0b,multi,0,0,1,1,111,r4,-0.0002621319080637896,inf,2.592802047729492e-06,-0.9946554899215698,4.470348358154297e-07,-0.9860376119613647,0.0,-1.0,1.0728836059570312e-06,-0.9829806685447693,2.592802047729492e-06,-0.9946554899215698
dense-20260718009159-82c693204c0b,multi,0,0,1,1,112,r4,0.00509773467278718,inf,5.930662155151367e-06,0.9883992671966553,4.76837158203125e-07,0.9978644847869873,0.0,1.0,4.470348358154297e-07,0.9984380006790161,5.930662155151367e-06,0.9883992671966553
dense-20260718009159-82c693204c0b,multi,0,0,1,1,113,r4,9.383099414361773e-05,inf,1.2218952178955078e-06,0.996558427810669,1.1920928955078125e-07,0.999311089515686,0.00032705068588256836,1.0,5.960464477539063e-08,0.9997467398643494,1.2218952178955078e-06,0.996558427810669
dense-20260718009159-82c693204c0b,multi,0,0,1,1,114,r4,-0.0033156106740914737,inf,0.0,-0.9776334762573242,0.0,-0.9341760277748108,3.3855438232421875e-05,-0.9999999403953552,0.0,-0.8361020684242249,0.0,-0.977633535861969
dense-20260718009159-82c693204c0b,multi,0,0,1,1,115,r4,-0.0003161049002100569,inf,2.473592758178711e-06,-0.9950211644172668,4.172325134277344e-07,-0.9869692921638489,0.0,-1.0,1.043081283569336e-06,-0.984188973903656,2.473592758178711e-06,-0.9950211644172668
dense-20260718009159-82c693204c0b,multi,0,0,1,1,117,r4,-7.189428990295177e-05,inf,1.817941665649414e-06,0.9971269965171814,2.086162567138672e-07,0.9994362592697144,0.00028628110885620117,1.0,5.960464477539063e-08,0.9997925758361816,1.817941665649414e-06,0.9971269369125366
dense-20260718009159-82c693204c0b,multi,0,0,1,1,118,r4,-0.0032178113805325648,inf,0.0,-0.9767855405807495,0.0,-0.9350233674049377,3.9070844650268555e-05,-0.9999999403953552,0.0,-0.8429662585258484,0.0,-0.9767855405807495
dense-20260718009159-82c693204c0b,multi,0,0,1,1,119,r4,-0.0002647222422591522,inf,2.086162567138672e-07,-0.9995087385177612,2.9802322387695312e-08,-0.9988023042678833,0.0,-1.0,1.7881393432617188e-07,-0.9978893399238586,2.086162567138672e-07,-0.9995087385177612
dense-20260718009159-82c693204c0b,multi,0,0,1,1,120,r4,0.0036620616949543106,inf,1.4901161193847656e-06,0.6519243121147156,2.086162567138672e-07,0.9276412129402161,0.0,0.9994165897369385,2.682209014892578e-07,0.9433331489562988,1.4901161193847656e-06,0.6519235968589783
dense-20260718009159-82c693204c0b,multi,0,0,1,1,121,r4,0.00010580921982361602,inf,5.960464477539063e-08,0.9588736295700073,0.0,0.9923492670059204,0.0002866089344024658,0.9998931288719177,0.0,0.9968467950820923,5.960464477539063e-08,0.9588735699653625
dense-20260718009159-82c693204c0b,multi,0,0,1,1,122,r4,-0.0033697636406508913,inf,0.0,-0.9688262939453125,0.0,-0.9073064923286438,2.6017427444458008e-05,-0.9999998807907104,0.0,-0.7747118473052979,0.0,-0.9688262939453125
dense-20260718009159-82c693204c0b,multi,0,0,1,1,123,r4,-0.00020665950269194155,inf,5.227327346801758e-05,-0.9872534871101379,1.0013580322265625e-05,-0.9684780240058899,0.0,-1.0,2.333521842956543e-05,-0.9627025723457336,5.227327346801758e-05,-0.9872535467147827
dense-20260718009159-82c693204c0b,multi,0,0,1,1,124,r4,0.0034358435243775354,inf,5.304813385009766e-06,0.9867775440216064,3.8743019104003906e-07,0.9976177215576172,0.0,1.0,3.8743019104003906e-07,0.9982417225837708,5.304813385009766e-06,0.9867775440216064
dense-20260718009159-82c693204c0b,multi,0,0,1,1,125,r4,-3.4856559286922106e-05,inf,1.4603137969970703e-06,0.9963552951812744,1.4901161193847656e-07,0.9992812871932983,0.0004951059818267822,1.0,5.960464477539063e-08,0.9997356534004211,1.4603137969970703e-06,0.9963552951812744
dense-20260718009159-82c693204c0b,multi,0,0,1,1,126,r4,-0.003324958623040386,inf,0.0,-0.9719622135162354,0.0,-0.9186169505119324,3.439188003540039e-05,-0.9999998807907104,0.0,-0.800309956073761,0.0,-0.9719622135162354
dense-20260718009159-82c693204c0b,multi,0,0,1,1,127,r4,-0.0002666313625356853,inf,1.7881393432617188e-07,-0.9992517828941345,2.9802322387695312e-08,-0.9981722831726074,0.0,-1.0,1.4901161193847656e-07,-0.9968760013580322,1.7881393432617188e-07,-0.9992517828941345
dense-20260718009159-82c693204c0b,multi,0,0,1,1,128,r4,0.004931481974830287,inf,8.374452590942383e-06,0.9907986521720886,6.854534149169922e-07,0.9983192682266235,0.0,1.0,6.556510925292969e-07,0.9987523555755615,8.374452590942383e-06,0.9907986521720886
dense-20260718009159-82c693204c0b,multi,0,0,1,1,129,r4,6.07700887926832e-05,inf,1.6391277313232422e-06,0.9968348145484924,1.7881393432617188e-07,0.99937504529953,0.00032326579093933105,1.0,5.960464477539063e-08,0.9997707009315491,1.6391277313232422e-06,0.9968348145484924
dense-20260718009159-82c693204c0b,multi,0,0,1,1,130,r4,-0.003280955427231058,inf,0.0,-0.9712977409362793,0.0,-0.9168583750724792,3.427267074584961e-05,-0.9999998807907104,0.0,-0.7975530028343201,0.0,-0.9712977409362793
dense-20260718009159-82c693204c0b,multi,0,0,1,1,131,r4,-0.0003182166801038999,inf,1.7881393432617188e-07,-0.9993206858634949,2.9802322387695312e-08,-0.9983237385749817,0.0,-1.0,1.4901161193847656e-07,-0.9971143007278442,1.7881393432617188e-07,-0.9993206858634949
dense-20260718009159-82c693204c0b,multi,0,0,1,1,132,r4,0.002350414613069951,inf,2.86102294921875e-06,0.865433394908905,3.5762786865234375e-07,0.9768238067626953,0.0,0.9999922513961792,8.940696716308594e-07,0.9831937551498413,2.86102294921875e-06,0.8654332756996155
dense-20260718009159-82c693204c0b,multi,0,0,1,1,133,r4,-7.093079322606499e-05,inf,5.960464477539063e-08,0.9101089239120483,0.0,0.9806002974510193,0.0014439523220062256,0.9997018575668335,0.0,0.9920853972434998,5.960464477539063e-08,0.9101089835166931
dense-20260718009159-82c693204c0b,multi,0,0,1,1,134,r4,-0.0031309641498655782,inf,0.0,-0.9652273058891296,0.0,-0.8990665674209595,2.2411346435546875e-05,-0.9999998807907104,0.0,-0.7594715356826782,0.0,-0.9652273058891296
dense-20260718009159-82c693204c0b,multi,0,0,1,1,135,r4,-0.0001236648131142104,inf,2.9265880584716797e-05,-0.9618866443634033,1.7255544662475586e-05,-0.8791893720626831,0.0,-1.0,5.882978439331055e-05,-0.8364977240562439,2.9265880584716797e-05,-0.9618865847587585
dense-20260718009159-82c693204c0b,multi,0,0,1,1,136,r4,0.005059613343177505,inf,6.0498714447021484e-06,0.9846121072769165,4.470348358154297e-07,0.9972115755081177,0.0,1.0,4.172325134277344e-07,0.9979444146156311,6.0498714447021484e-06,0.9846121072769165
dense-20260718009159-82c693204c0b,multi,0,0,1,1,138,r4,-0.0033528237043121134,inf,0.0,-0.9717546701431274,0.0,-0.9191372394561768,3.6597251892089844e-05,-0.9999999403953552,0.0,-0.8053498864173889,0.0,-0.9717546105384827
dense-20260718009159-82c693204c0b,multi,0,0,1,1,139,r4,-0.00033157903687119905,inf,2.086162567138672e-07,-0.9991648197174072,2.9802322387695312e-08,-0.9979488849639893,0.0,-1.0,1.7881393432617188e-07,-0.9964855909347534,2.086162567138672e-07,-0.9991648197174072
dense-20260718009159-82c693204c0b,multi,0,0,1,1,140,r4,0.002348729510192493,inf,2.86102294921875e-06,0.8654847145080566,3.8743019104003906e-07,0.9765890836715698,0.0,0.9999902248382568,9.238719940185547e-07,0.9830230474472046,2.86102294921875e-06,0.8654846549034119
dense-20260718009159-82c693204c0b,multi,0,0,1,1,141,r4,-7.125754027748066e-05,inf,5.960464477539063e-08,0.904839813709259,0.0,0.979430079460144,0.0018091797828674316,0.999691903591156,0.0,0.991597592830658,5.960464477539063e-08,0.904839813709259
dense-20260718009159-82c693204c0b,multi,0,0,1,1,142,r4,-0.0031234253502494536,inf,0.0,-0.9603317379951477,0.0,-0.8846099972724915,2.232193946838379e-05,-0.9999998807907104,0.0,-0.7277746200561523,0.0,-0.9603318572044373
dense-20260718009159-82c693204c0b,multi,0,0,1,1,143,r4,-0.00011064638406677041,inf,3.6388635635375977e-05,-0.9554859399795532,2.092123031616211e-05,-0.8594722151756287,0.0,-1.0,7.009506225585938e-05,-0.8130776286125183,3.6388635635375977e-05,-0.9554859399795532
dense-20260718009159-82c693204c0b,multi,0,0,1,1,144,r4,0.005125129504954584,inf,5.751848220825195e-06,0.9834570288658142,4.172325134277344e-07,0.997006893157959,0.0,1.0,3.8743019104003906e-07,0.9977846741676331,5.751848220825195e-06,0.983457088470459
dense-20260718009159-82c693204c0b,multi,0,0,1,1,145,r4,-2.9431020425407795e-05,inf,2.4139881134033203e-06,0.98105788230896,8.940696716308594e-08,0.9979646801948547,0.0009487569332122803,1.0,5.960464477539063e-08,0.9988971948623657,2.4139881134033203e-06,0.9810578227043152
dense-20260718009159-82c693204c0b,multi,0,0,1,1,146,r4,-0.0034278001454723928,inf,0.0,-0.9696817398071289,0.0,-0.9112036228179932,3.55839729309082e-05,-0.9999998807907104,0.0,-0.7839305996894836,0.0,-0.9696818590164185
dense-20260718009159-82c693204c0b,multi,0,0,1,1,147,r4,-0.00032454528127678905,inf,4.172325134277344e-07,-0.9972121715545654,5.662441253662109e-07,-0.9910744428634644,0.0,-1.0,3.0994415283203125e-06,-0.9796183705329895,4.172325134277344e-07,-0.9972121715545654
dense-20260718009159-82c693204c0b,multi,0,0,1,1,148,r4,0.002853613327689075,inf,9.119510650634766e-06,0.9898768067359924,6.854534149169922e-07,0.9981547594070435,0.0,1.0,6.556510925292969e-07,0.9986284375190735,9.119510650634766e-06,0.9898767471313477
dense-20260718009159-82c693204c0b,multi,0,0,1,1,149,r4,-3.758295632461106e-05,inf,2.9802322387695312e-08,0.8464459180831909,0.0,0.966018557548523,0.003426074981689453,0.9995774626731873,0.0,0.9862225651741028,2.9802322387695312e-08,0.8464459776878357
dense-20260718009159-82c693204c0b,multi,0,0,1,1,150,r4,-0.00296176752546784,inf,0.0,-0.9587575197219849,0.0,-0.8784439563751221,1.5228986740112305e-05,-0.9999998807907104,0.0,-0.7157731056213379,0.0,-0.9587575793266296
dense-20260718009159-82c693204c0b,multi,0,0,1,1,151,r4,-0.00025531785313015476,inf,0.003575146198272705,-0.9274805784225464,0.0019867420196533203,-0.6792297959327698,0.0,-0.9999951720237732,0.002408146858215332,-0.7494100332260132,0.003575146198272705,-0.9274806976318359
dense-20260718009159-82c693204c0b,multi,0,0,1,1,152,r4,0.004719188327063861,inf,1.043081283569336e-06,0.9999945163726807,3.5762786865234375e-07,0.9999991655349731,0.0,1.0,1.4901161193847656e-07,0.9999995231628418,1.043081283569336e-06,0.9999945163726807
dense-20260718009159-82c693204c0b,multi,0,0,1,1,153,r4,-4.628542780182876e-05,inf,2.3543834686279297e-06,0.9305024147033691,2.9802322387695312e-08,0.991594135761261,0.018917471170425415,1.0,2.9802322387695312e-08,0.9959806203842163,2.3543834686279297e-06,0.9305024743080139
dense-20260718009159-82c693204c0b,multi,0,0,1,1,154,r4,-0.003280414453199265,inf,0.0,-0.9486021995544434,0.0,-0.8229528069496155,1.3500452041625977e-05,-0.9999999403953552,0.0,-0.6364193558692932,0.0,-0.9486023187637329
dense-20260718009159-82c693204c0b,multi,0,0,1,1,155,r4,-0.00040122682265453236,inf,0.003541111946105957,-0.9297410249710083,0.0019688308238983154,-0.6862242817878723,0.0,-0.9999953508377075,0.0024121999740600586,-0.7551420331001282,0.003541111946105957,-0.9297411441802979
dense-20260718009159-82c693204c0b,multi,0,0,1,1,156,r4,0.002458642951037815,inf,5.245208740234375e-06,0.9746906161308289,3.5762786865234375e-07,0.995463490486145,0.0,1.0,3.2782554626464844e-07,0.9965869188308716,5.245208740234375e-06,0.9746905565261841
dense-20260718009159-82c693204c0b,multi,0,0,1,1,157,r4,-8.313832254791542e-05,inf,3.6954879760742188e-06,0.9504156112670898,5.960464477539063e-08,0.9940505027770996,0.01455223560333252,1.0,2.9802322387695312e-08,0.9970142841339111,3.6954879760742188e-06,0.9504154920578003
dense-20260718009159-82c693204c0b,multi,0,0,1,1,159,r4,-0.00014761332872148536,inf,4.172325134277344e-07,-0.9974861145019531,5.066394805908203e-07,-0.9920928478240967,0.0,-1.0,2.86102294921875e-06,-0.9817676544189453,4.172325134277344e-07,-0.9974861145019531
dense-20260718009159-82c693204c0b,multi,0,0,1,1,160,r4,0.004156057928454526,inf,3.606081008911133e-06,0.8505925536155701,3.5762786865234375e-07,0.9750097990036011,0.0,0.9999967217445374,8.940696716308594e-07,0.9818037152290344,3.606081008911133e-06,0.8505923748016357
dense-20260718009159-82c693204c0b,multi,0,0,1,1,161,r4,-3.7083351850153434e-05,inf,8.940696716308594e-08,0.6516023874282837,0.0,0.9434906840324402,0.0042507946491241455,0.9984333515167236,0.0,0.9690642952919006,8.940696716308594e-08,0.6516023874282837
dense-20260718009159-82c693204c0b,multi,0,0,1,1,162,r4,-0.00177744483387543,inf,2.086162567138672e-07,-0.7640658617019653,2.9802322387695312e-08,-0.3918662965297699,4.9561262130737305e-05,-0.9969561696052551,5.960464477539063e-08,-0.18154630064964294,2.086162567138672e-07,-0.7640659809112549
dense-20260718009159-82c693204c0b,multi,0,0,1,1,163,r4,0.00090379659657569,inf,1.7881393432617188e-07,0.40811190009117126,5.960464477539063e-08,0.8764994740486145,0.0,-0.9538314938545227,2.384185791015625e-07,0.9136763215065002,1.7881393432617188e-07,0.4081118106842041
dense-20260718009159-82c693204c0b,multi,0,0,1,1,164,r4,-0.00014380501647393018,inf,1.6093254089355469e-06,0.06218220293521881,1.1920928955078125e-07,0.6044729948043823,4.500150680541992e-06,0.9944437742233276,1.1920928955078125e-07,0.7132329344749451,1.6093254089355469e-06,0.0621810145676136
dense-20260718009159-82c693204c0b,multi,0,0,1,1,165,r4,-0.0003776129749408774,inf,0.0,-0.6301581859588623,0.0,0.2541361153125763,2.9802322387695312e-08,-0.9999845623970032,2.9802322387695312e-08,0.46929261088371277,0.0,-0.6301580667495728
dense-20260718009159-82c693204c0b,multi,0,0,1,1,166,r4,0.002415291372737993,inf,4.470348358154297e-06,0.9356825351715088,2.980232238769531e-07,0.9877509474754333,0.0,1.0,2.980232238769531e-07,0.9912425875663757,4.470348358154297e-06,0.9356826543807983
dense-20260718009159-82c693204c0b,multi,0,0,1,1,167,r4,-4.304835475243962e-05,inf,1.4901161193847656e-07,0.9243680238723755,2.9802322387695312e-08,0.9838560819625854,0.00044527649879455566,0.9982156753540039,2.9802322387695312e-08,0.9921051263809204,1.4901161193847656e-07,0.924368143081665
dense-20260718009159-82c693204c0b,multi,0,0,1,1,168,r4,-0.0031644208191445866,inf,2.9802322387695312e-08,-0.97102290391922,0.0,-0.9163815975189209,3.17692756652832e-05,-1.0,2.9802322387695312e-08,-0.8255820870399475,2.9802322387695312e-08,-0.9710228443145752
dense-20260718009159-82c693204c0b,multi,0,0,1,1,169,r4,-0.0003204156632470312,inf,2.086162567138672e-07,-0.9906456470489502,1.1920928955078125e-07,-0.9601877927780151,0.0,-1.0,3.5762786865234375e-07,-0.9411474466323853,2.086162567138672e-07,-0.9906456470489502
dense-20260718009159-82c693204c0b,multi,0,0,1,1,170,r4,0.0012602618425490153,inf,2.384185791015625e-07,0.6216176152229309,8.940696716308594e-08,0.9268453121185303,0.0,-0.5929346680641174,2.980232238769531e-07,0.9515810608863831,2.384185791015625e-07,0.6216177344322205
dense-20260718009159-82c693204c0b,multi,0,0,1,1,171,r4,8.974286276886012e-05,inf,2.384185791015625e-07,0.9782974123954773,5.960464477539063e-08,0.9957495927810669,7.909536361694336e-05,0.9995704889297485,2.9802322387695312e-08,0.9978923797607422,2.384185791015625e-07,0.9782973527908325
dense-20260718009159-82c693204c0b,multi,0,0,1,1,172,r4,-0.0030687626099457077,inf,0.0,-0.9697135090827942,0.0,-0.9141303300857544,4.1812658309936523e-05,-1.0,2.9802322387695312e-08,-0.8134651780128479,0.0,-0.969713568687439
dense-20260718009159-82c693204c0b,multi,0,0,1,1,173,r4,-0.00028782755750178524,inf,2.384185791015625e-07,-0.9903785586357117,1.4901161193847656e-07,-0.9582802057266235,0.0,-1.0,4.172325134277344e-07,-0.9388349652290344,2.384185791015625e-07,-0.9903785586357117
dense-20260718009159-82c693204c0b,multi,0,0,1,1,174,r4,0.002707608020814156,inf,2.682209014892578e-07,0.6542173624038696,8.940696716308594e-08,0.9345688819885254,0.0,-0.5119797587394714,3.2782554626464844e-07,0.9564945101737976,2.682209014892578e-07,0.6542171835899353
dense-20260718009159-82c693204c0b,multi,0,0,1,1,175,r4,0.0001976535998930995,inf,2.086162567138672e-07,0.9732201099395752,5.960464477539063e-08,0.994655966758728,0.00010219216346740723,0.9996572136878967,2.9802322387695312e-08,0.997416079044342,2.086162567138672e-07,0.9732201099395752
dense-20260718009159-82c693204c0b,multi,0,0,1,1,176,r4,-0.002950117595901691,inf,2.9802322387695312e-08,-0.9551434516906738,0.0,-0.871483325958252,3.463029861450195e-05,-0.9999998807907104,2.9802322387695312e-08,-0.7302940487861633,2.9802322387695312e-08,-0.9551435112953186
dense-20260718009159-82c693204c0b,multi,0,0,1,1,177,r4,-0.0002385650575136289,inf,2.384185791015625e-07,-0.9906172156333923,1.4901161193847656e-07,-0.9589540958404541,0.0,-1.0,3.5762786865234375e-07,-0.9399752616882324,2.384185791015625e-07,-0.9906172156333923
dense-20260718009159-82c693204c0b,multi,0,0,1,1,178,r4,0.0032061905128164536,inf,1.1920928955078125e-07,0.6836151480674744,5.960464477539063e-08,0.9599836468696594,0.0,0.018362365663051605,2.086162567138672e-07,0.9673826694488525,1.1920928955078125e-07,0.6836152076721191
dense-20260718009159-82c693204c0b,multi,0,0,1,1,180,r4,-0.003474302801827589,inf,0.0,-0.9561803936958313,0.0,-0.875128448009491,4.413723945617676e-05,-0.9999998807907104,2.9802322387695312e-08,-0.7309178709983826,0.0,-0.9561804533004761
dense-20260718009159-82c693204c0b,multi,0,0,1,1,181,r4,-0.00026876136746567525,inf,2.384185791015625e-07,-0.9911697506904602,1.4901161193847656e-07,-0.9598821401596069,0.0,-1.0,3.5762786865234375e-07,-0.9429383277893066,2.384185791015625e-07,-0.9911697506904602
dense-20260718009159-82c693204c0b,multi,0,0,1,1,182,r4,0.001994478318557036,inf,1.4901161193847656e-07,0.4983169734477997,5.960464477539063e-08,0.9270225763320923,0.0,0.12721450626850128,1.7881393432617188e-07,0.9406099319458008,1.4901161193847656e-07,0.498317152261734
dense-20260718009159-82c693204c0b,multi,0,0,1,1,183,r4,0.00030598260973735414,inf,2.384185791015625e-07,0.98475182056427,2.9802322387695312e-08,0.9971725940704346,8.529424667358398e-05,0.9999329447746277,2.9802322387695312e-08,0.9987110495567322,2.384185791015625e-07,0.98475182056427
dense-20260718009159-82c693204c0b,multi,0,0,1,1,184,r4,-0.0031478965724036634,inf,0.0,-0.9536024332046509,0.0,-0.8655571341514587,4.2825937271118164e-05,-0.9999998211860657,0.0,-0.7062548995018005,0.0,-0.9536024332046509
dense-20260718009159-82c693204c0b,multi,0,0,1,1,185,r4,-0.00026972764291022244,inf,1.3709068298339844e-06,-0.975100576877594,3.3676624298095703e-06,-0.8743635416030884,0.0,-1.0,7.748603820800781e-06,-0.8386010527610779,1.3709068298339844e-06,-0.9751006364822388
dense-20260718009159-82c693204c0b,multi,0,0,1,1,186,r4,0.0002934477934946056,inf,1.4901161193847656e-07,-0.610203742980957,2.9802322387695312e-08,0.3216336965560913,0.0,-0.561892032623291,1.4901161193847656e-07,0.3875297009944916,1.4901161193847656e-07,-0.6102036237716675
dense-20260718009159-82c693204c0b,multi,0,0,1,1,187,r4,0.003272864523180319,inf,0.0001278519630432129,0.9997100830078125,8.344650268554688e-07,0.9999695420265198,1.4901161193847656e-07,1.0,8.046627044677734e-07,0.99998539686203,0.0001278519630432129,0.9997100830078125
dense-20260718009159-82c693204c0b,multi,0,0,1,1,188,r4,-0.0001465064377299541,inf,3.4868717193603516e-06,0.9962277412414551,1.043081283569336e-06,0.9994279742240906,1.1980533599853516e-05,1.0,3.2782554626464844e-07,0.999816358089447,3.4868717193603516e-06,0.9962277412414551
dense-20260718009159-82c693204c0b,multi,0,0,1,1,189,r4,-0.0035019557833189108,inf,1.7881393432617188e-07,-0.9061280488967896,2.9802322387695312e-08,-0.7406108975410461,0.0022460520267486572,-0.999920666217804,2.9802322387695312e-08,-0.6075772047042847,1.7881393432617188e-07,-0.9061282277107239
dense-20260718009159-82c693204c0b,multi,0,0,1,1,190,r4,-0.00026925603847938184,inf,7.748603820800781e-07,-0.4117595851421356,7.152557373046875e-07,0.46411582827568054,0.0,-0.9999788999557495,1.043081283569336e-06,0.4570194184780121,7.748603820800781e-07,-0.41175997257232666
dense-20260718009159-82c693204c0b,multi,0,0,1,1,191,r4,-7.830468281122549e-05,inf,2.9802322387695312e-08,-0.8745521903038025,0.0,-0.4334350824356079,0.0,-0.9990148544311523,5.960464477539063e-08,-0.29765936732292175,2.9802322387695312e-08,-0.8745521306991577
dense-20260718009159-82c693204c0b,multi,0,0,1,1,192,r4,0.00413282418152261,inf,7.659196853637695e-06,0.9996696710586548,6.854534149169922e-07,0.9999709129333496,2.9802322387695312e-08,1.0,5.960464477539062e-07,0.9999838471412659,7.659196853637695e-06,0.9996696710586548
dense-20260718009159-82c693204c0b,multi,0,0,1,1,193,r4,-0.00011263685195728179,inf,1.9073486328125e-06,0.9941738247871399,5.066394805908203e-07,0.9990699291229248,1.2218952178955078e-05,1.0,1.7881393432617188e-07,0.999724268913269,1.9073486328125e-06,0.9941738843917847
dense-20260718009159-82c693204c0b,multi,0,0,1,1,194,r4,4.075242965151382e-05,inf,4.470348358154297e-07,0.947546124458313,1.4901161193847656e-07,0.9888911843299866,0.00015047192573547363,0.9930314421653748,8.940696716308594e-08,0.9939817190170288,4.470348358154297e-07,0.947546124458313
dense-20260718009159-82c693204c0b,multi,0,0,1,1,195,r4,-0.0019797768544371763,inf,3.8743019104003906e-07,-0.9965868592262268,1.7881393432617188e-07,-0.9916456937789917,0.0,-1.0,8.940696716308594e-07,-0.9868776798248291,3.8743019104003906e-07,-0.9965868592262268
dense-20260718009159-82c693204c0b,multi,0,0,1,1,196,r4,-0.0004145114533362637,inf,9.834766387939453e-07,-0.9881978631019592,3.5762786865234375e-07,-0.9590663313865662,0.0,-1.0,1.2516975402832031e-06,-0.95744788646698,9.834766387939453e-07,-0.9881978631019592
dense-20260718009159-82c693204c0b,multi,0,0,1,1,197,r4,0.0010342037519126546,inf,6.258487701416016e-07,0.7087234258651733,4.76837158203125e-07,0.9561669230461121,0.0,-0.8656168580055237,1.1026859283447266e-06,0.9647499322891235,6.258487701416016e-07,0.7087236046791077
dense-20260718009159-82c693204c0b,multi,0,0,1,1,198,r4,3.595277790413576e-05,inf,0.0,0.32319068908691406,0.0,0.8721764087677002,5.960464477539063e-08,-0.9998891949653625,0.0,0.9359065294265747,0.0,0.32319051027297974
dense-20260718009159-82c693204c0b,multi,0,0,1,1,199,r4,-0.0009191662424719027,inf,5.960464477539063e-08,-0.7854688167572021,2.9802322387695312e-08,-0.29723289608955383,2.384185791015625e-07,-0.9999987483024597,5.960464477539063e-08,0.04821183905005455,5.960464477539063e-08,-0.7854688763618469
dense-20260718009159-82c693204c0b,multi,0,0,1,1,201,r4,-0.0009647366064282625,inf,0.0,-0.9950175881385803,0.0,-0.9849792122840881,0.0009314417839050293,-1.0,0.0,-0.9655297994613647,0.0,-0.9950175881385803
dense-20260718009159-82c693204c0b,multi,0,0,1,1,202,r4,0.0008286773223242783,inf,6.854534149169922e-07,0.7144991159439087,5.066394805908203e-07,0.9580545425415039,0.0,-0.8503182530403137,1.1920928955078125e-06,0.965217113494873,6.854534149169922e-07,0.7144988775253296
dense-20260718009159-82c693204c0b,multi,0,0,1,1,203,r4,-0.0010237767219780647,inf,0.0,-0.9950275421142578,0.0,-0.9847400784492493,9.34302806854248e-05,-1.0,0.0,-0.9673338532447815,0.0,-0.9950275421142578
dense-20260718009159-82c693204c0b,multi,0,0,1,1,204,r4,0.0009888400959083832,inf,2.086162567138672e-07,0.7303560972213745,1.1920928955078125e-07,0.9665715098381042,0.0,-0.2534588575363159,3.5762786865234375e-07,0.9727171063423157,2.086162567138672e-07,0.7303561568260193
dense-20260718009159-82c693204c0b,multi,0,0,1,1,205,r4,0.00010505615967648652,inf,3.5762786865234375e-07,0.9744333624839783,8.940696716308594e-08,0.994826078414917,9.065866470336914e-05,0.9989838004112244,5.960464477539063e-08,0.9972814321517944,3.5762786865234375e-07,0.9744333028793335
dense-20260718009159-82c693204c0b,multi,0,0,1,1,206,r4,-0.003147024048056446,inf,2.9802322387695312e-08,-0.9509627819061279,0.0,-0.8504638671875,4.285573959350586e-05,-0.9999999403953552,2.9802322387695312e-08,-0.7247599959373474,2.9802322387695312e-08,-0.9509627819061279
dense-20260718009159-82c693204c0b,multi,0,0,1,1,207,r4,-0.0005175761924938183,inf,4.172325134277344e-07,-0.9854687452316284,2.682209014892578e-07,-0.9380486607551575,0.0,-1.0,6.556510925292969e-07,-0.9113567471504211,4.172325134277344e-07,-0.9854686856269836
dense-20260718009159-82c693204c0b,multi,0,0,1,1,208,r4,0.002589099851093346,inf,4.76837158203125e-07,0.6633368730545044,2.086162567138672e-07,0.944446861743927,0.0,-0.7429454326629639,6.556510925292969e-07,0.9562360048294067,4.76837158203125e-07,0.6633374094963074
dense-20260718009159-82c693204c0b,multi,0,0,1,1,209,r4,0.00011401882116279793,inf,4.76837158203125e-07,0.983369767665863,1.4901161193847656e-07,0.9967496395111084,5.081295967102051e-05,0.9992302656173706,5.960464477539063e-08,0.9982554912567139,4.76837158203125e-07,0.983369767665863
dense-20260718009159-82c693204c0b,multi,0,0,1,1,210,r4,-0.002205620498289873,inf,2.9802322387695312e-08,-0.9494261741638184,0.0,-0.8449446558952332,4.5925378799438477e-05,-0.9999999403953552,2.9802322387695312e-08,-0.72243332862854,2.9802322387695312e-08,-0.9494261741638184
dense-20260718009159-82c693204c0b,multi,0,0,1,1,211,r4,-0.00025217045659542414,inf,4.172325134277344e-07,-0.9850469827651978,2.384185791015625e-07,-0.9368270635604858,0.0,-1.0,6.258487701416016e-07,-0.9093301892280579,4.172325134277344e-07,-0.9850469827651978
dense-20260718009159-82c693204c0b,multi,0,0,1,1,212,r4,0.0023028732460224077,inf,2.384185791015625e-07,0.7245407104492188,1.4901161193847656e-07,0.965814471244812,0.0,-0.39422616362571716,4.172325134277344e-07,0.9722689986228943,2.384185791015625e-07,0.7245410084724426
dense-20260718009159-82c693204c0b,multi,0,0,1,1,213,r4,0.00016871522890404833,inf,3.8743019104003906e-07,0.9770845174789429,8.940696716308594e-08,0.9953954815864563,9.965896606445312e-05,0.9991015791893005,5.960464477539063e-08,0.997570812702179,3.8743019104003906e-07,0.9770845174789429
dense-20260718009159-82c693204c0b,multi,0,0,1,1,214,r4,-0.003202088009434778,inf,2.9802322387695312e-08,-0.9496179223060608,2.9802322387695312e-08,-0.845816969871521,4.607439041137695e-05,-0.9999999403953552,2.9802322387695312e-08,-0.7208966612815857,2.9802322387695312e-08,-0.9496179819107056
dense-20260718009159-82c693204c0b,multi,0,0,1,1,215,r4,-0.0003852523129228569,inf,4.76837158203125e-07,-0.983526349067688,2.980232238769531e-07,-0.9285646080970764,0.0,-1.0,7.152557373046875e-07,-0.8989279866218567,4.76837158203125e-07,-0.983526349067688
dense-20260718009159-82c693204c0b,multi,0,0,1,1,216,r4,0.0028237919185358784,inf,2.980232238769531e-07,0.7562353014945984,1.7881393432617188e-07,0.9701636433601379,0.0,-0.5177183747291565,5.066394805908203e-07,0.9761936068534851,2.980232238769531e-07,0.7562354803085327
dense-20260718009159-82c693204c0b,multi,0,0,1,1,217,r4,0.00013092781117585162,inf,4.76837158203125e-07,0.9764693975448608,1.4901161193847656e-07,0.9951944351196289,7.128715515136719e-05,0.998616635799408,5.960464477539063e-08,0.9974375367164612,4.76837158203125e-07,0.9764693379402161
dense-20260718009159-82c693204c0b,multi,0,0,1,1,218,r4,-0.0023517806641035754,inf,5.960464477539063e-08,-0.9452899694442749,2.9802322387695312e-08,-0.8312406539916992,4.70280647277832e-05,-0.9999999403953552,5.960464477539063e-08,-0.710411787033081,5.960464477539063e-08,-0.9452899694442749
dense-20260718009159-82c693204c0b,multi,0,0,1,1,219,r4,-0.0002397314429281039,inf,9.238719940185547e-06,-0.8522678017616272,2.473592758178711e-06,-0.5501893758773804,0.0,-1.0,5.185604095458984e-06,-0.5336600542068481,9.238719940185547e-06,-0.8522676825523376
dense-20260718009159-82c693204c0b,multi,0,0,1,1,220,r4,0.0019150793038769098,inf,4.76837158203125e-07,0.6307888031005859,2.384185791015625e-07,0.9395444989204407,0.0,-0.9184239506721497,6.854534149169922e-07,0.9528498649597168,4.76837158203125e-07,0.6307894587516785
dense-20260718009159-82c693204c0b,multi,0,0,1,1,222,r4,-0.0032722422240809568,inf,0.0,-0.9988513588905334,0.0,-0.9977486729621887,0.0,-1.0,0.0,-0.9914724230766296,0.0,-0.9988513588905334
dense-20260718009159-82c693204c0b,multi,0,0,1,1,223,r4,-0.0003033748277685433,inf,7.152557373046875e-07,-0.9749243259429932,4.172325134277344e-07,-0.8945272564888,0.0,-1.0,9.5367431640625e-07,-0.8530935049057007,7.152557373046875e-07,-0.9749243855476379
dense-20260718009159-82c693204c0b,multi,0,0,1,1,224,r4,0.002275328722439962,inf,6.556510925292969e-07,0.7132958173751831,3.8743019104003906e-07,0.9575681090354919,0.0,-0.7646467685699463,9.5367431640625e-07,0.9643041491508484,6.556510925292969e-07,0.7132958173751831
dense-20260718009159-82c693204c0b,multi,0,0,1,1,225,r4,0.00021202808840525833,inf,6.556510925292969e-07,0.9834792613983154,2.086162567138672e-07,0.99668288230896,3.921985626220703e-05,0.9984374642372131,8.940696716308594e-08,0.9982174634933472,6.556510925292969e-07,0.9834792613983154
dense-20260718009159-82c693204c0b,multi,0,0,1,1,226,r4,-0.003346617744601099,inf,0.0,-0.9990810751914978,0.0,-0.998185396194458,0.0,-1.0,0.0,-0.9929901957511902,0.0,-0.9990810751914978
dense-20260718009159-82c693204c0b,multi,0,0,1,1,227,r4,-0.0004197876062941308,inf,8.344650268554688e-07,-0.9736611247062683,5.066394805908203e-07,-0.888112485408783,0.0,-1.0,1.1026859283447266e-06,-0.8442479968070984,8.344650268554688e-07,-0.9736610651016235
dense-20260718009159-82c693204c0b,multi,0,0,1,1,228,r4,0.002344071072394094,inf,6.556510925292969e-07,0.724483847618103,4.172325134277344e-07,0.9599564075469971,0.0,-0.7831447124481201,1.0132789611816406e-06,0.9661142230033875,6.556510925292969e-07,0.7244839072227478
dense-20260718009159-82c693204c0b,multi,0,0,1,1,229,r4,0.00021565526620936915,inf,7.450580596923828e-07,0.9844404458999634,2.384185791015625e-07,0.9968270659446716,4.0918588638305664e-05,0.998440682888031,1.1920928955078125e-07,0.9983064532279968,7.450580596923828e-07,0.9844405055046082
dense-20260718009159-82c693204c0b,multi,0,0,1,1,230,r4,-0.0029266885016874244,inf,0.0,-0.998993456363678,0.0,-0.9979839324951172,0.0,-1.0,0.0,-0.992407500743866,0.0,-0.998993456363678
dense-20260718009159-82c693204c0b,multi,0,0,1,1,231,r4,-0.00035141414783557146,inf,8.046627044677734e-07,-0.972883403301239,4.76837158203125e-07,-0.8847780823707581,0.0,-1.0,1.0728836059570312e-06,-0.840451717376709,8.046627044677734e-07,-0.972883403301239
dense-20260718009159-82c693204c0b,multi,0,0,1,1,232,r4,0.0022648671564908796,inf,6.854534149169922e-07,0.7306028604507446,3.8743019104003906e-07,0.9611366987228394,0.0,-0.7988989353179932,9.834766387939453e-07,0.9670220017433167,6.854534149169922e-07,0.730603039264679
dense-20260718009159-82c693204c0b,multi,0,0,1,1,233,r4,0.00019880301214980634,inf,7.748603820800781e-07,0.984662652015686,2.384185791015625e-07,0.9968629479408264,3.9011240005493164e-05,0.998380720615387,1.1920928955078125e-07,0.9983233213424683,7.748603820800781e-07,0.9846627116203308
dense-20260718009159-82c693204c0b,multi,0,0,1,1,234,r4,-0.0035386640476053888,inf,0.0,-0.9989522695541382,0.0,-0.9978650212287903,0.0,-1.0,0.0,-0.9920568466186523,0.0,-0.9989522695541382
dense-20260718009159-82c693204c0b,multi,0,0,1,1,235,r4,-0.0004841427899706652,inf,9.5367431640625e-07,-0.967627227306366,5.960464477539062e-07,-0.8635293841362,0.0,-1.0,1.2516975402832031e-06,-0.8136929869651794,9.5367431640625e-07,-0.9676271677017212
dense-20260718009159-82c693204c0b,multi,0,0,1,1,236,r4,0.0023722297696389116,inf,7.450580596923828e-07,0.7383506298065186,5.066394805908203e-07,0.9628338813781738,0.0,-0.8134118914604187,1.1920928955078125e-06,0.968138575553894,7.450580596923828e-07,0.7383506298065186
dense-20260718009159-82c693204c0b,multi,0,0,1,1,237,r4,0.00018547555223236145,inf,3.069639205932617e-06,0.9985834360122681,8.046627044677734e-07,0.9997509121894836,5.960464477539063e-08,0.9906802773475647,2.980232238769531e-07,0.9998369216918945,3.069639205932617e-06,0.9985834360122681
dense-20260718009159-82c693204c0b,multi,0,0,1,1,238,r4,-0.002624454229840145,inf,0.0,-0.9855318069458008,0.0,-0.9572422504425049,0.0,-1.0,0.0,-0.8733358979225159,0.0,-0.9855318069458008
dense-20260718009159-82c693204c0b,multi,0,0,1,1,239,r4,-0.0003733667090237702,inf,1.5795230865478516e-06,-0.9965951442718506,8.940696716308594e-07,-0.9850255250930786,0.0,-1.0,2.384185791015625e-06,-0.9831386804580688,1.5795230865478516e-06,-0.9965951442718506
dense-20260718009159-82c693204c0b,multi,0,0,1,1,240,r4,0.002304469823035893,inf,8.642673492431641e-07,0.7696086168289185,6.258487701416016e-07,0.9683091044425964,0.0,-0.757781445980072,1.4007091522216797e-06,0.9722742438316345,8.642673492431641e-07,0.7696084380149841
dense-20260718009159-82c693204c0b,multi,0,0,1,1,241,r4,0.0001891694386761955,inf,3.0994415283203125e-06,0.9982501864433289,8.046627044677734e-07,0.9996878504753113,8.940696716308594e-08,0.9845068454742432,2.980232238769531e-07,0.9997954964637756,3.0994415283203125e-06,0.9982501864433289
dense-20260718009159-82c693204c0b,multi,0,0,1,1,243,r4,-0.0006031438664826361,inf,1.6093254089355469e-06,-0.9961801171302795,9.5367431640625e-07,-0.9832879900932312,0.0,-1.0,2.5033950805664062e-06,-0.9815170764923096,1.6093254089355469e-06,-0.9961801171302795
dense-20260718009159-82c693204c0b,multi,0,0,1,1,244,r4,0.0027563021570939927,inf,1.0728836059570312e-06,0.7800353169441223,8.940696716308594e-07,0.9695860147476196,0.0,-0.8289037942886353,1.9073486328125e-06,0.9734446406364441,1.0728836059570312e-06,0.7800351977348328
dense-20260718009159-82c693204c0b,multi,0,0,1,1,245,r4,4.1230536973246856e-05,inf,0.0,0.42877089977264404,0.0,0.8985164165496826,8.940696716308594e-08,-0.999787449836731,0.0,0.9487073421478271,0.0,0.4287708103656769
dense-20260718009159-82c693204c0b,multi,0,0,1,1,246,r4,-0.0010500742708476896,inf,1.1920928955078125e-07,-0.7660822868347168,5.960464477539063e-08,-0.28470441699028015,9.5367431640625e-07,-0.9999991655349731,1.1920928955078125e-07,-0.015137707814574242,1.1920928955078125e-07,-0.7660815119743347
dense-20260718009159-82c693204c0b,multi,0,0,1,1,247,r4,0.0025112739835639886,inf,2.682209014892578e-07,0.9980657696723938,2.086162567138672e-07,0.9997161030769348,0.0,0.47025126218795776,3.2782554626464844e-07,0.9997944235801697,2.682209014892578e-07,0.9980657696723938
dense-20260718009159-82c693204c0b,multi,0,0,1,1,248,r4,-0.0025265213974721146,inf,0.0,-0.9472058415412903,0.0,-0.8143212199211121,2.92360782623291e-05,-0.9999999403953552,2.9802322387695312e-08,-0.6661545634269714,0.0,-0.9472059011459351
dense-20260718009159-82c693204c0b,multi,0,0,1,1,249,r4,-0.00013441621062937337,inf,0.0,-0.9261472821235657,0.0,-0.6855499148368835,0.0,-1.0,2.9802322387695312e-08,-0.3921259045600891,0.0,-0.9261472821235657
dense-20260718009159-82c693204c0b,multi,0,0,1,1,250,r4,0.0038160975370029604,inf,2.9802322387695312e-08,0.996124267578125,2.9802322387695312e-08,0.9996541142463684,0.0,0.947296679019928,5.960464477539063e-08,0.999779999256134,2.9802322387695312e-08,0.996124267578125
dense-20260718009159-82c693204c0b,multi,0,0,1,1,251,r4,3.0779434829319996e-05,inf,2.9802322387695312e-08,0.8661367297172546,2.9802322387695312e-08,0.979987382888794,0.00010195374488830566,0.9999569058418274,0.0,0.9918580651283264,2.9802322387695312e-08,0.8661365509033203
dense-20260718009159-82c693204c0b,multi,0,0,1,1,252,r4,-0.0028112815021401616,inf,2.9802322387695312e-08,-0.9890632033348083,0.0,-0.965421736240387,0.0010072886943817139,-1.0,2.9802322387695312e-08,-0.9310671091079712,2.9802322387695312e-08,-0.9890632033348083
dense-20260718009159-82c693204c0b,multi,0,0,1,1,253,r4,-5.960293611084744e-05,inf,0.0,-0.9295409321784973,0.0,-0.6922871470451355,0.0,-1.0,2.9802322387695312e-08,-0.4044955372810364,0.0,-0.9295409321784973
dense-20260718009159-82c693204c0b,multi,0,0,1,1,254,r4,0.003616141298717679,inf,7.152557373046875e-06,0.9999778866767883,1.817941665649414e-06,0.9999966621398926,0.0,1.0,9.834766387939453e-07,0.999998152256012,7.152557373046875e-06,0.9999778866767883
dense-20260718009159-82c693204c0b,multi,0,0,1,1,255,r4,8.45525239778766e-06,inf,2.9802322387695312e-08,0.8118828535079956,0.0,0.9712091088294983,0.00011843442916870117,0.9999802112579346,0.0,0.988525390625,2.9802322387695312e-08,0.811882495880127
dense-20260718009159-82c693204c0b,multi,0,0,1,1,256,r4,-0.00017439926301898723,inf,0.0,0.3841746151447296,0.0,0.8790553212165833,1.4901161193847656e-07,-0.9999066591262817,0.0,0.9422439336776733,0.0,0.38417431712150574
dense-20260718009159-82c693204c0b,multi,0,0,1,1,257,r4,-0.0013986404183816692,inf,0.0,-0.9839084148406982,0.0,-0.940299391746521,0.0,-1.0,0.0,-0.8420650959014893,0.0,-0.9839084148406982
dense-20260718009159-82c693204c0b,multi,0,0,1,1,258,r4,0.0001405310717608188,inf,0.0,-0.9383773803710938,0.0,-0.7257755994796753,0.0,-1.0,0.0,-0.4570479094982147,0.0,-0.9383774995803833
dense-20260718009159-82c693204c0b,multi,0,0,1,1,259,r4,0.0030216345551061785,inf,3.159046173095703e-05,0.999911367893219,5.066394805908203e-06,0.9999932050704956,0.0,1.0,3.606081008911133e-06,0.9999957084655762,3.159046173095703e-05,0.999911367893219
dense-20260718009159-82c693204c0b,multi,0,0,1,1,260,r4,-0.0001722847341296685,inf,5.960464477539063e-08,0.93082594871521,2.086162567138672e-07,0.9863085746765137,6.839632987976074e-05,0.9999997615814209,1.1920928955078125e-07,0.9952040910720825,5.960464477539063e-08,0.93082594871521
dense-20260718009159-82c693204c0b,multi,0,0,1,1,261,r4,-0.0004209615028716307,inf,0.0,0.19288265705108643,0.0,0.8105558156967163,2.384185791015625e-07,-0.9999095797538757,0.0,0.9136342406272888,0.0,0.19288213551044464
dense-20260718009159-82c693204c0b,multi,0,0,1,1,262,r4,-0.0012882722237552713,inf,0.0,-0.9826686978340149,0.0,-0.9303750395774841,0.0,-1.0,0.0,-0.8105345964431763,0.0,-0.9826686978340149
dense-20260718009159-82c693204c0b,multi,0,0,1,1,264,r4,-0.00012833659042765788,inf,0.0,0.14788909256458282,0.0,0.803794801235199,1.7881393432617188e-07,-0.999868631362915,0.0,0.9075806140899658,0.0,0.1478883922100067
dense-20260718009159-82c693204c0b,multi,0,0,1,1,265,r4,-0.00047384842028508345,inf,5.960464477539063e-08,-0.5478531122207642,5.960464477539063e-08,0.3826838433742523,5.960464477539063e-08,-0.9999982118606567,1.7881393432617188e-07,0.5318832397460938,5.960464477539063e-08,-0.5478526949882507
dense-20260718009159-82c693204c0b,multi,0,0,1,1,266,r4,0.0007785950207883641,inf,1.4901161193847656e-07,0.3333740532398224,8.940696716308594e-08,0.8968126773834229,0.0,-0.9946855306625366,2.682209014892578e-07,0.9179853796958923,1.4901161193847656e-07,0.3333728611469269
dense-20260718009159-82c693204c0b,multi,0,0,1,1,267,r4,0.00021553808913732375,inf,0.0,0.804684042930603,0.0,0.9732339382171631,0.0,-0.9993360638618469,2.9802322387695312e-08,0.9855478405952454,0.0,0.8046841025352478
dense-20260718009159-82c693204c0b,multi,0,0,1,1,268,r4,-0.0021046177984769265,inf,0.0,-0.9867261052131653,0.0,-0.9571972489356995,0.0,-1.0,0.0,-0.8688485622406006,0.0,-0.9867261052131653
dense-20260718009159-82c693204c0b,multi,0,0,1,1,269,r4,-7.451443546946379e-05,inf,2.980232238769531e-07,-0.9668668508529663,7.152557373046875e-07,-0.8431081175804138,0.0,-1.0,2.3543834686279297e-06,-0.7513365745544434,2.980232238769531e-07,-0.9668667912483215
dense-20260718009159-82c693204c0b,multi,0,0,1,1,270,r4,0.00026445020378096373,inf,4.470348358154297e-07,-0.492205947637558,1.4901161193847656e-07,0.46662548184394836,0.0,-0.7564292550086975,4.76837158203125e-07,0.48328542709350586,4.470348358154297e-07,-0.4922066330909729
dense-20260718009159-82c693204c0b,multi,0,0,1,1,271,r4,0.0015399863335772146,inf,1.671910285949707e-05,0.996290385723114,4.172325134277344e-07,0.9996434450149536,1.7911195755004883e-05,0.9999999403953552,4.470348358154297e-07,0.9997734427452087,1.671910285949707e-05,0.996290385723114
dense-20260718009159-82c693204c0b,multi,0,0,1,1,272,r4,-0.00011057424596550014,inf,2.9802322387695312e-08,0.8546308875083923,2.9802322387695312e-08,0.9782218337059021,0.00013971328735351562,0.999958336353302,2.9802322387695312e-08,0.9911321997642517,2.9802322387695312e-08,0.854630708694458
dense-20260718009159-82c693204c0b,multi,0,0,1,1,273,r4,-0.0019519732372492715,inf,2.9802322387695312e-08,-0.8924970626831055,0.0,-0.6037364602088928,1.3172626495361328e-05,-0.9999999403953552,2.9802322387695312e-08,-0.3893611431121826,2.9802322387695312e-08,-0.8924970626831055
dense-20260718009159-82c693204c0b,multi,0,0,1,1,274,r4,-3.7728412225490615e-05,inf,0.0,-0.9321299195289612,0.0,-0.7117283344268799,0.0,-1.0,2.9802322387695312e-08,-0.43064162135124207,0.0,-0.9321300387382507
dense-20260718009159-82c693204c0b,multi,0,0,1,1,275,r4,0.0035599200025222544,inf,8.940696716308594e-08,0.955148458480835,5.960464477539063e-08,0.9948890805244446,2.9802322387695312e-08,0.9011683464050293,2.384185791015625e-07,0.9973818063735962,8.940696716308594e-08,0.9551483988761902
dense-20260718009159-82c693204c0b,multi,0,0,1,1,276,r4,-7.308999764354951e-05,inf,2.9802322387695312e-08,0.8655737042427063,2.9802322387695312e-08,0.9801493287086487,8.869171142578125e-05,0.9999738931655884,0.0,0.9919177889823914,2.9802322387695312e-08,0.8655737042427063
dense-20260718009159-82c693204c0b,multi,0,0,1,1,277,r4,-0.003090910964200999,inf,2.9802322387695312e-08,-0.9906120896339417,0.0,-0.9705139398574829,0.0009105205535888672,-1.0,2.9802322387695312e-08,-0.9410334229469299,2.9802322387695312e-08,-0.9906120896339417
dense-20260718009159-82c693204c0b,multi,0,0,1,1,278,r4,-7.991021032660584e-05,inf,0.0,-0.9336833953857422,0.0,-0.7061164975166321,0.0,-1.0,2.9802322387695312e-08,-0.42694219946861267,0.0,-0.9336835145950317
dense-20260718009159-82c693204c0b,multi,0,0,1,1,279,r4,0.003756088400890034,inf,7.4803829193115234e-06,0.9999773502349854,1.7583370208740234e-06,0.999996542930603,0.0,1.0,9.5367431640625e-07,0.9999980926513672,7.4803829193115234e-06,0.9999773502349854
dense-20260718009159-82c693204c0b,multi,0,0,1,1,280,r4,-1.3946430026390289e-05,inf,5.960464477539063e-08,0.9363841414451599,2.682209014892578e-07,0.9873694777488708,4.762411117553711e-05,0.9999995827674866,1.4901161193847656e-07,0.9954787492752075,5.960464477539063e-08,0.9363841414451599
dense-20260718009159-82c693204c0b,multi,0,0,1,1,281,r4,-0.0005191281868186515,inf,0.0,0.18443123996257782,0.0,0.8021172285079956,2.682209014892578e-07,-0.9999534487724304,0.0,0.911194384098053,0.0,0.18443013727664948
dense-20260718009159-82c693204c0b,multi,0,0,1,1,282,r4,-0.0009490861912688775,inf,0.0,-0.9794804453849792,0.0,-0.9190294146537781,0.0,-1.0,0.0,-0.7802220582962036,0.0,-0.979480504989624
dense-20260718009159-82c693204c0b,multi,0,0,1,1,283,r4,0.00016707849164920852,inf,0.0,-0.6085275411605835,0.0,-0.02082037925720215,0.0,-0.9999999403953552,0.0,0.47428011894226074,0.0,-0.6085272431373596
dense-20260718009159-82c693204c0b,multi,0,0,1,1,285,r4,-3.249475006206204e-05,inf,6.556510925292969e-07,0.7635748982429504,5.960464477539063e-08,0.9613169431686401,0.007799685001373291,0.9951187968254089,2.9802322387695312e-08,0.9782868027687073,6.556510925292969e-07,0.7635743021965027
dense-20260718009159-82c693204c0b,multi,0,0,1,1,286,r4,-0.0019695087920648113,inf,2.9802322387695312e-08,-0.8665095567703247,2.9802322387695312e-08,-0.5302847027778625,5.900859832763672e-06,-0.9999999403953552,5.960464477539063e-08,-0.30007821321487427,2.9802322387695312e-08,-0.8665094375610352
dense-20260718009159-82c693204c0b,multi,0,0,1,1,287,r4,-3.9201681652834e-05,inf,0.0,-0.9404523372650146,0.0,-0.7490460872650146,0.0,-1.0,2.9802322387695312e-08,-0.4872748851776123,0.0,-0.9404523968696594
dense-20260718009159-82c693204c0b,multi,0,0,1,1,288,r4,0.003548061431839278,inf,2.9802322387695312e-08,0.9958857893943787,2.9802322387695312e-08,0.9996179938316345,0.0,0.9627286195755005,5.960464477539063e-08,0.9997574090957642,2.9802322387695312e-08,0.9958857893943787
dense-20260718009159-82c693204c0b,multi,0,0,1,1,289,r4,-7.21145302899906e-05,inf,2.9802322387695312e-08,0.8352698087692261,0.0,0.9753205180168152,0.00011628866195678711,0.9999728202819824,0.0,0.9899619221687317,2.9802322387695312e-08,0.8352700471878052
dense-20260718009159-82c693204c0b,multi,0,0,1,1,290,r4,-0.0002599888236154424,inf,0.0,0.2786126434803009,0.0,0.840977132320404,1.7881393432617188e-07,-0.9999703168869019,2.9802322387695312e-08,0.9262136816978455,0.0,0.27861255407333374
dense-20260718009159-82c693204c0b,multi,0,0,1,1,291,r4,-0.0011687189552131994,inf,0.0,-0.9829842448234558,0.0,-0.9345086812973022,0.0,-1.0,2.9802322387695312e-08,-0.8260740041732788,0.0,-0.9829842448234558
dense-20260718009159-82c693204c0b,multi,0,0,1,1,292,r4,0.00013599386940010838,inf,0.0,-0.941180944442749,0.0,-0.7377469539642334,0.0,-1.0,0.0,-0.47984039783477783,0.0,-0.9411810636520386
dense-20260718009159-82c693204c0b,multi,0,0,1,1,293,r4,0.0033631994621332595,inf,3.781914710998535e-05,0.9999106526374817,5.751848220825195e-06,0.999993085861206,0.0,1.0,4.0531158447265625e-06,0.9999955296516418,3.781914710998535e-05,0.9999106526374817
dense-20260718009159-82c693204c0b,multi,0,0,1,1,294,r4,-0.00017132351562332282,inf,5.960464477539063e-08,0.9265327453613281,2.682209014892578e-07,0.9852787256240845,6.440281867980957e-05,0.9999997019767761,1.4901161193847656e-07,0.9948272705078125,5.960464477539063e-08,0.9265324473381042
dense-20260718009159-82c693204c0b,multi,0,0,1,1,295,r4,-0.0003912913747756708,inf,0.0,0.14710870385169983,0.0,0.788621723651886,2.086162567138672e-07,-0.9999415874481201,0.0,0.9050132632255554,0.0,0.14710822701454163
dense-20260718009159-82c693204c0b,multi,0,0,1,1,296,r4,-0.0010063453660129618,inf,0.0,-0.9005339741706848,0.0,-0.727526068687439,0.0,-1.0,0.0,-0.22800667583942413,0.0,-0.9005340337753296
dense-20260718009159-82c693204c0b,multi,0,0,1,1,297,r4,0.0025027011355800433,inf,5.364418029785156e-07,0.7037003040313721,3.5762786865234375e-07,0.9633722901344299,0.0,-0.8514674305915833,1.0132789611816406e-06,0.9687042832374573,5.364418029785156e-07,0.7036997675895691
dense-20260718009159-82c693204c0b,multi,0,0,1,1,298,r4,1.1415309270512708e-05,inf,0.0,0.43280690908432007,0.0,0.899550199508667,2.9802322387695312e-08,-0.9997826218605042,0.0,0.9483232498168945,0.0,0.4328063428401947
dense-20260718009159-82c693204c0b,multi,0,0,1,1,299,r4,-0.0014819466818907223,inf,0.0,-0.9924335479736328,0.0,-0.9797778725624084,0.0,-1.0,0.0,-0.9387712478637695,0.0,-0.992433488368988
dense-20260718009159-82c693204c0b,multi,0,0,1,1,300,r4,0.0001074760097885541,inf,0.0,-0.6079038381576538,0.0,-0.029449140653014183,0.0,-0.9999998807907104,0.0,0.47248950600624084,0.0,-0.6079038381576538
dense-20260718008407-b29264fa5a20,edge1,1,0,0,0,18,r4,0.026298387234471088,inf,0.16471189260482788,0.9774969816207886,0.9279590845108032,0.9929237961769104,5.960464477539063e-08,1.0,0.8559168577194214,0.9997195601463318,0.1647113561630249,0.9774969220161438
dense-20260718008407-b29264fa5a20,edge1,1,0,0,0,19,r4,0.0170658714389485,inf,8.851289749145508e-06,0.9983749985694885,0.00417327880859375,0.9991897940635681,0.0,1.0,0.00022879242897033691,0.9999353289604187,8.851289749145508e-06,0.9983749985694885
dense-20260718008407-b29264fa5a20,edge1,1,0,0,0,20,r4,0.025541787424009588,inf,0.15270447731018066,0.9901111721992493,0.9635072946548462,0.9919451475143433,1.4901161193847656e-07,0.9999999403953552,0.20936909317970276,0.9983496069908142,0.152704119682312,0.9901111721992493
dense-20260718009317-db62e21fe167,multi,1,0,0,0,21,r5,0.030291548897436238,inf,0.2901942580938339,-0.6018921136856079,0.0064630210399627686,-0.4250887334346771,0.9996825456619263,-1.0,0.0030561983585357666,-0.48713183403015137,0.2901946008205414,-0.6018916368484497
dense-20260718009317-db62e21fe167,multi,1,0,0,0,22,r5,0.027753990553521124,inf,0.07042217254638672,0.928604781627655,0.0005456209182739258,0.9721535444259644,1.0,-0.7970079779624939,0.00018545985221862793,0.9523404240608215,0.07042229175567627,0.928604781627655
dense-20260718009317-db62e21fe167,multi,1,0,0,0,23,r5,0.005970371938799124,inf,0.007536083459854126,0.7459170818328857,3.853440284729004e-05,0.8425667881965637,1.0,-0.9993011355400085,1.3321638107299805e-05,0.775334358215332,0.007536083459854126,0.7459171414375305
