Activated DRL robot navigation Python environment.
Python: Python 3.8.10
Venv: /home/jiutian/venvs/drl-robot-nav
Fixed manifest enabled: 90 scenarios loaded
Roscore launched!
Unable to register with master node [http://localhost:12603]: master may not be running yet. Will keep trying.
Gazebo launched!
[INFO] [1784876475.915699, 0.000000]: Loading model XML from ros parameter robot_description_r2
[INFO] [1784876475.918095, 0.000000]: Waiting for service /gazebo/spawn_urdf_model
[INFO] [1784876476.221596, 0.399000]: Calling service /gazebo/spawn_urdf_model
[INFO] [1784876477.103889, 0.574000]: Spawn status: SpawnModel: Successfully spawned entity
[WARN] [1784876477.220979191, 0.574000000]: GazeboRosDiffDrive Plugin (ns = ) missing <publishTf>, defaults to 1
[INFO] [1784876475.920821, 0.000000]: Loading model XML from ros parameter robot_description_r1
[INFO] [1784876475.923155, 0.000000]: Waiting for service /gazebo/spawn_urdf_model
[INFO] [1784876476.226624, 0.404000]: Calling service /gazebo/spawn_urdf_model
[INFO] [1784876478.170788, 0.729000]: Spawn status: SpawnModel: Successfully spawned entity
[INFO] [1784876475.900865815]: Finished loading Gazebo ROS API Plugin.
[INFO] [1784876475.901334128]: waitForService: Service [/gazebo/set_physics_properties] has not been advertised, waiting...
[INFO] [1784876476.023060119, 0.206000000]: waitForService: Service [/gazebo/set_physics_properties] is now available.
[INFO] [1784876476.028892750, 0.212000000]: Physics dynamic reconfigure ready.
[INFO] [1784876476.485578490, 0.574000000]: Laser Plugin: The 'robotNamespace' param was empty
[INFO] [1784876476.485600401, 0.574000000]: Starting Laser Plugin (ns = r2)
[INFO] [1784876476.486018095, 0.574000000]: Laser Plugin (ns = r2)  <tf_prefix_>, set to ""
[INFO] [1784876477.106195605, 0.574000000]: Velodyne laser plugin missing <min_intensity>, defaults to no clipping
[INFO] [1784876477.107081918, 0.574000000]: Velodyne laser plugin ready, 16 lasers
[INFO] [1784876477.219742066, 0.574000000]: Starting plugin DiffDrive(ns = /r2/)
[INFO] [1784876477.219877090, 0.574000000]: DiffDrive(ns = /r2/): <rosDebugLevel> = Debug
[INFO] [1784876477.220512545, 0.574000000]: DiffDrive(ns = /r2/): <tf_prefix> = 
[DEBUG] [1784876477.220565677, 0.574000000]: DiffDrive(ns = /r2/): <commandTopic> = cmd_vel
[DEBUG] [1784876477.220579920, 0.574000000]: DiffDrive(ns = /r2/): <odometryTopic> = odom
[DEBUG] [1784876477.220596362, 0.574000000]: DiffDrive(ns = /r2/): <odometryFrame> = odom
[DEBUG] [1784876477.220611937, 0.574000000]: DiffDrive(ns = /r2/): <robotBaseFrame> = base_link
[DEBUG] [1784876477.220657553, 0.574000000]: DiffDrive(ns = /r2/): <publishWheelTF> = false
[DEBUG] [1784876477.220671611, 0.574000000]: DiffDrive(ns = /r2/): <publishOdomTF> = false
[DEBUG] [1784876477.220683002, 0.574000000]: DiffDrive(ns = /r2/): <publishWheelJointState> = false
[DEBUG] [1784876477.220746140, 0.574000000]: DiffDrive(ns = /r2/): <wheelSeparation> = 0.29999999999999999
[DEBUG] [1784876477.220764956, 0.574000000]: DiffDrive(ns = /r2/): <wheelDiameter> = 0.17999999999999999
[DEBUG] [1784876477.220783433, 0.574000000]: DiffDrive(ns = /r2/): <wheelAcceleration> = 1.8
[DEBUG] [1784876477.220801077, 0.574000000]: DiffDrive(ns = /r2/): <wheelTorque> = 20
[DEBUG] [1784876477.220823223, 0.574000000]: DiffDrive(ns = /r2/): <updateRate> = 50
[DEBUG] [1784876477.220896967, 0.574000000]: DiffDrive(ns = /r2/): <odometrySource> = world := 1
[DEBUG] [1784876477.220935626, 0.574000000]: DiffDrive(ns = /r2/): <leftJoint> = left_hub_joint
[DEBUG] [1784876477.220953368, 0.574000000]: DiffDrive(ns = /r2/): <rightJoint> = right_hub_joint
[INFO] [1784876477.221808172, 0.574000000]: DiffDrive(ns = /r2/): Try to subscribe to cmd_vel
[INFO] [1784876477.223769798, 0.574000000]: DiffDrive(ns = /r2/): Subscribe to cmd_vel
[INFO] [1784876477.224526551, 0.574000000]: DiffDrive(ns = /r2/): Advertise odom on odom 
[INFO] [1784876477.236843419, 0.574000000]: GazeboRosJointStatePublisher is going to publish joint: chassis_swivel_joint
[INFO] [1784876477.236889177, 0.574000000]: GazeboRosJointStatePublisher is going to publish joint: swivel_wheel_joint
[INFO] [1784876477.236907511, 0.574000000]: GazeboRosJointStatePublisher is going to publish joint: left_hub_joint
[INFO] [1784876477.236922507, 0.574000000]: GazeboRosJointStatePublisher is going to publish joint: right_hub_joint
[INFO] [1784876477.236943918, 0.574000000]: Starting GazeboRosJointStatePublisher Plugin (ns = /r2/)!, parent name: r2
[DEBUG] [1784876477.285842344, 0.595000000]: Trying to publish message of type [nav_msgs/Odometry/cd5e73d190d741a2f92e81eda573aca7] on a publisher with type [nav_msgs/Odometry/cd5e73d190d741a2f92e81eda573aca7]
[DEBUG] [1784876477.285914508, 0.595000000]: Trying to publish message of type [sensor_msgs/JointState/3066dcd76a6cfaef579bd0f34173e9fd] on a publisher with type [sensor_msgs/JointState/3066dcd76a6cfaef579bd0f34173e9fd]
[INFO] [1784876477.525284955, 0.729000000]: Laser Plugin: The 'robotNamespace' param was empty
[INFO] [1784876477.525300881, 0.729000000]: Starting Laser Plugin (ns = r1)
[INFO] [1784876477.525669660, 0.729000000]: Laser Plugin (ns = r1)  <tf_prefix_>, set to ""
[INFO] [1784876478[WARN] [1784876478.272711532, 0.729000000]: GazeboRosDiffDrive Plugin (ns = ) missing <publishTf>, defaults to 1
train_velodyne_td3_multi.py:568: FutureWarning: You are using `torch.load` with `weights_only=False` (the current default value), which uses the default pickle module implicitly. It is possible to construct malicious pickle data which will execute arbitrary code during unpickling (See https://github.com/pytorch/pytorch/blob/main/SECURITY.md#untrusted-models for more details). In a future release, the default value for `weights_only` will be flipped to `True`. This limits the functions that could be executed during unpickling. Arbitrary objects will no longer be allowed to be loaded via this mode unless they are explicitly allowlisted by the user via `torch.serialization.add_safe_globals`. We recommend you start setting `weights_only=True` for any use case where you don't have full control of the loaded file. Please open an issue on GitHub for any issues related to this experimental feature.
  actor_state = torch.load(
train_velodyne_td3_multi.py:571: FutureWarning: You are using `torch.load` with `weights_only=False` (the current default value), which uses the default pickle module implicitly. It is possible to construct malicious pickle data which will execute arbitrary code during unpickling (See https://github.com/pytorch/pytorch/blob/main/SECURITY.md#untrusted-models for more details). In a future release, the default value for `weights_only` will be flipped to `True`. This limits the functions that could be executed during unpickling. Arbitrary objects will no longer be allowed to be loaded via this mode unless they are explicitly allowlisted by the user via `torch.serialization.add_safe_globals`. We recommend you start setting `weights_only=True` for any use case where you don't have full control of the loaded file. Please open an issue on GitHub for any issues related to this experimental feature.
  critic_state = torch.load(
Loaded initial model parameters from: TD3_velodyne_multi_v4_curriculum_stage2_to_5d_geo_critic_from_5a_guarded_best
==============================================
Training version: pair-interaction-pilot-v1
Training process PID: 2373666
Launchfile: multi_robot_scenario_multi_2.launch
Scenario mode: manifest
Manifest path: /home/jiutian/Local-Critic-Multi-Robot-Navigation-gate/experiments/04_保留专门化/05_论文主线/datasets/pair_interaction_curriculum_v1/train.json.gz
Manifest sampling: random
Eval manifest path: /home/jiutian/Local-Critic-Multi-Robot-Navigation-gate/experiments/04_保留专门化/05_论文主线/datasets/pair_interaction_curriculum_v1/validation.json.gz
Seed: 20260724
Device: cuda
GPU: NVIDIA GeForce RTX 4090
Agent names: r1, r2
Cooperative reward: True
Cooperative reward mode: average
Cooperative reward self weight: 0.8
Distance-weighted reward: True
Distance reward sigma: 2.0
Interaction safe distance: 1.2
Interaction close penalty: 0.5
Interaction stagnation penalty: 0.05
Anti-stagnation reward: False
Anti-stagnation penalty: 0.2
Anti-stagnation linear threshold: 0.05
Anti-stagnation progress threshold: 0.005
Anti-stagnation min laser: 0.35
Forward reward weight: 0.0
Base stagnation penalty weight: 0.0
Wall-clearance reward: False
Wall-clearance safe distance: 0.75
Wall-clearance penalty: 1.5
Wall-clearance speed weight: 0.8
Wall-clearance turn weight: 0.4
Local-navigation reward: False
Local-navigation heading weight: 0.4
Local-navigation wrong-way penalty: 0.25
Local-navigation turn weight: 0.25
Local-navigation near-goal distance: 0.9
Local-navigation heading error: 0.5
Local critic enabled: True
Local critic geometry only: True
Active neighbors only: True
Actor state dim: 24
Critic state dim: 69
Local critic max neighbors: 9
Local critic context dim: 45
Best metric: full_success
Eval episodes: 30
Eval frequency agent samples: 12000
Eval protocol ID: eval-v1|scenario=manifest|episodes=30|max_steps=300|manifest_sha256=2cfb8b09a8d47157c826e299fab0dc0625531ce5a4ccd2b95af2a0c2eaf73052|sampling=cycle
Max epochs: 2
Actor learning rate: 1e-06
Actor train mode: full
Actor trainable parameters: 501802/501802
Critic learning rate: 8e-05
Actor update delay steps: 13000
Policy freq: 2
Actor anchor weight: 0.0
Actor Q normalization alpha: 0.0
Exploration noise: 0.05
Exploration min: 0.02
Exploration decay steps: 50000
Exploration decay unit: environment steps
TensorBoard log dir: runs/multi_coop_Jul24_15-01-20_JiuTian-AI4090
Checkpoint path: ./checkpoints/pair_interaction_pilot_s20260724_latest.pt
Best checkpoint path: ./checkpoints/pair_interaction_pilot_s20260724_best.pt
Model prefix: pair_interaction_pilot_s20260724
Checkpoint interval episodes: 10
Resume mode: False
Starting agent samples: 0
Starting env steps: 0
Starting epoch: 1
==============================================
Episode 1 complete | agent_samples=103 | env_steps=69 | episode_env_steps=69 | episode_agent_samples=103 | mean_reward=145.231 | success=2/2 | collision=0/2 | mean_final_distance=0.270 | mean_progress=0.0713 | min_laser=0.733 | mean_lin=1.000 | mean_ang=-0.013 | mean_robot_dist=2.991 | raw_reward=50.000 | adjusted_reward=50.000 | coop_agents=0/2 | mean_coop_neighbors=0.00 | active_neighbor_step_rate=0.233 | mean_active_neighbors_step=0.233 | max_active_neighbors_step=1 | interaction_reward=0.0000 | abs_interaction_reward=0.0000 | anti_stag_reward=0.0000 | abs_anti_stag_reward=0.0000 | wall_clear_reward=0.0000 | abs_wall_clear_reward=0.0000 | local_nav_reward=0.0000 | abs_local_nav_reward=0.0000 | context_neighbors_mean=0.25 | context_neighbors_max=1 | last_context_neighbors_mean=0.00 | last_context_neighbors_max=0 | actor_unlocked=0 | expl_noise=0.0500 | replay=103 | samples/sec=6.813
Episode 2 complete | agent_samples=130 | env_steps=90 | episode_env_steps=21 | episode_agent_samples=27 | mean_reward=40.400 | success=1/2 | collision=1/2 | mean_final_distance=1.425 | mean_progress=0.0549 | min_laser=0.301 | mean_lin=0.486 | mean_ang=-0.985 | mean_robot_dist=2.421 | raw_reward=50.000 | adjusted_reward=50.000 | coop_agents=0/2 | mean_coop_neighbors=0.00 | active_neighbor_step_rate=0.407 | mean_active_neighbors_step=0.407 | max_active_neighbors_step=1 | interaction_reward=0.0000 | abs_interaction_reward=0.0000 | anti_stag_reward=0.0000 | abs_anti_stag_reward=0.0000 | wall_clear_reward=0.0000 | abs_wall_clear_reward=0.0000 | local_nav_reward=0.0000 | abs_local_nav_reward=0.0000 | context_neighbors_mean=0.44 | context_neighbors_max=1 | last_context_neighbors_mean=0.00 | last_context_neighbors_max=0 | actor_unlocked=0 | expl_noise=0.0499 | replay=130 | samples/sec=6.588
Episode 3 complete | agent_samples=475 | env_steps=390 | episode_env_steps=300 | episode_agent_samples=345 | mean_reward=79.529 | success=1/2 | collision=0/2 | mean_final_distance=0.517 | mean_progress=-0.0215 | min_laser=0.796 | mean_lin=0.500 | mean_ang=-0.986 | mean_robot_dist=3.289 | raw_reward=-0.530 | adjusted_reward=-0.530 | coop_agents=0/2 | mean_coop_neighbors=0.00 | active_neighbor_step_rate=0.122 | mean_active_neighbors_step=0.122 | max_active_neighbors_step=1 | interaction_reward=0.0000 | abs_interaction_reward=0.0000 | anti_stag_reward=0.0000 | abs_anti_stag_reward=0.0000 | wall_clear_reward=0.0000 | abs_wall_clear_reward=0.0000 | local_nav_reward=0.0000 | abs_local_nav_reward=0.0000 | context_neighbors_mean=0.12 | context_neighbors_max=1 | last_context_neighbors_mean=0.00 | last_context_neighbors_max=0 | actor_unlocked=0 | expl_noise=0.0498 | replay=475 | samples/sec=5.682
Episode 4 complete | agent_samples=646 | env_steps=548 | episode_env_steps=158 | episode_agent_samples=171 | mean_reward=26.793 | success=1/2 | collision=1/2 | mean_final_distance=1.102 | mean_progress=0.0223 | min_laser=0.320 | mean_lin=0.992 | mean_ang=0.014 | mean_robot_dist=1.311 | raw_reward=50.000 | adjusted_reward=50.000 | coop_agents=0/2 | mean_coop_neighbors=0.00 | active_neighbor_step_rate=0.152 | mean_active_neighbors_step=0.152 | max_active_neighbors_step=1 | interaction_reward=0.0000 | abs_interaction_reward=0.0000 | anti_stag_reward=0.0000 | abs_anti_stag_reward=0.0000 | wall_clear_reward=0.0000 | abs_wall_clear_reward=0.0000 | local_nav_reward=0.0000 | abs_local_nav_reward=0.0000 | context_neighbors_mean=0.15 | context_neighbors_max=1 | last_context_neighbors_mean=0.00 | last_context_neighbors_max=0 | actor_unlocked=0 | expl_noise=0.0497 | replay=646 | samples/sec=5.507
Episode 5 complete | agent_samples=761 | env_steps=616 | episode_env_steps=68 | episode_agent_samples=115 | mean_reward=158.450 | success=2/2 | collision=0/2 | mean_final_distance=0.282 | mean_progress=0.0410 | min_laser=0.460 | mean_lin=1.000 | mean_ang=-0.982 | mean_robot_dist=3.751 | raw_reward=50.000 | adjusted_reward=50.000 | coop_agents=0/2 | mean_coop_neighbors=0.00 | active_neighbor_step_rate=0.391 | mean_active_neighbors_step=0.391 | max_active_neighbors_step=1 | interaction_reward=0.0000 | abs_interaction_reward=0.0000 | anti_stag_reward=0.0000 | abs_anti_stag_reward=0.0000 | wall_clear_reward=0.0000 | abs_wall_clear_reward=0.0000 | local_nav_reward=0.0000 | abs_local_nav_reward=0.0000 | context_neighbors_mean=0.39 | context_neighbors_max=1 | last_context_neighbors_mean=0.00 | last_context_neighbors_max=0 | actor_unlocked=0 | expl_noise=0.0496 | replay=761 | samples/sec=5.766
Status | epoch=1 | next_eval_in=11239 agent_samples | checkpoint_every=10 episodes | checkpoint=./checkpoints/pair_interaction_pilot_s20260724_latest.pt | model=pair_interaction_pilot_s20260724
Episode 6 complete | agent_samples=793 | env_steps=632 | episode_env_steps=16 | episode_agent_samples=32 | mean_reward=-65.734 | success=0/2 | collision=2/2 | mean_final_distance=1.758 | mean_progress=0.1208 | min_laser=0.300 | mean_lin=0.991 | mean_ang=-0.991 | mean_robot_dist=0.522 | raw_reward=-100.000 | adjusted_reward=-100.000 | coop_agents=2/2 | mean_coop_neighbors=1.00 | active_neighbor_step_rate=1.000 | mean_active_neighbors_step=1.000 | max_active_neighbors_step=1 | interaction_reward=0.0000 | abs_interaction_reward=0.0000 | anti_stag_reward=0.0000 | abs_anti_stag_reward=0.0000 | wall_clear_reward=0.0000 | abs_wall_clear_reward=0.0000 | local_nav_reward=0.0000 | abs_local_nav_reward=0.0000 | context_neighbors_mean=1.00 | context_neighbors_max=1 | last_context_neighbors_mean=0.00 | last_context_neighbors_max=0 | actor_unlocked=0 | expl_noise=0.0496 | replay=793 | samples/sec=5.853
Episode 7 complete | agent_samples=827 | env_steps=655 | episode_env_steps=23 | episode_agent_samples=34 | mean_reward=49.655 | success=1/2 | collision=1/2 | mean_final_distance=1.137 | mean_progress=0.0651 | min_laser=0.328 | mean_lin=0.485 | mean_ang=-0.969 | mean_robot_dist=1.810 | raw_reward=50.000 | adjusted_reward=50.000 | coop_agents=0/2 | mean_coop_neighbors=0.00 | active_neighbor_step_rate=0.529 | mean_active_neighbors_step=0.529 | max_active_neighbors_step=1 | interaction_reward=0.0000 | abs_interaction_reward=0.0000 | anti_stag_reward=0.0000 | abs_anti_stag_reward=0.0000 | wall_clear_reward=0.0000 | abs_wall_clear_reward=0.0000 | local_nav_reward=0.0000 | abs_local_nav_reward=0.0000 | context_neighbors_mean=0.56 | context_neighbors_max=1 | last_context_neighbors_mean=0.00 | last_context_neighbors_max=0 | actor_unlocked=0 | expl_noise=0.0496 | replay=827 | samples/sec=5.887
Episode 8 complete | agent_samples=861 | env_steps=672 | episode_env_steps=17 | episode_agent_samples=34 | mean_reward=-69.245 | success=0/2 | collision=2/2 | mean_final_distance=1.509 | mean_progress=0.0584 | min_laser=0.312 | mean_lin=0.503 | mean_ang=-1.000 | mean_robot_dist=0.543 | raw_reward=-100.000 | adjusted_reward=-100.000 | coop_agents=2/2 | mean_coop_neighbors=1.00 | active_neighbor_step_rate=0.882 | mean_active_neighbors_step=0.882 | max_active_neighbors_step=1 | interaction_reward=0.0000 | abs_interaction_reward=0.0000 | anti_stag_reward=0.0000 | abs_anti_stag_reward=0.0000 | wall_clear_reward=0.0000 | abs_wall_clear_reward=0.0000 | local_nav_reward=0.0000 | abs_local_nav_reward=0.0000 | context_neighbors_mean=0.88 | context_neighbors_max=1 | last_context_neighbors_mean=0.00 | last_context_neighbors_max=0 | actor_unlocked=0 | expl_noise=0.0496 | replay=861 | samples/sec=5.968
Episode 9 complete | agent_samples=970 | env_steps=742 | episode_env_steps=70 | episode_agent_samples=109 | mean_reward=145.252 | success=2/2 | collision=0/2 | mean_final_distance=0.283 | mean_progress=0.0549 | min_laser=0.697 | mean_lin=0.989 | mean_ang=-0.980 | mean_robot_dist=3.270 | raw_reward=50.000 | adjusted_reward=50.000 | coop_agents=0/2 | mean_coop_neighbors=0.00 | active_neighbor_step_rate=0.266 | mean_active_neighbors_step=0.266 | max_active_neighbors_step=1 | interaction_reward=0.0000 | abs_interaction_reward=0.0000 | anti_stag_reward=0.0000 | abs_anti_stag_reward=0.0000 | wall_clear_reward=0.0000 | abs_wall_clear_reward=0.0000 | local_nav_reward=0.0000 | abs_local_nav_reward=0.0000 | context_neighbors_mean=0.27 | context_neighbors_max=1 | last_context_neighbors_mean=0.00 | last_context_neighbors_max=0 | actor_unlocked=0 | expl_noise=0.0496 | replay=970 | samples/sec=6.086
Episode 10 complete | agent_samples=1005 | env_steps=760 | episode_env_steps=18 | episode_agent_samples=35 | mean_reward=-68.538 | success=0/2 | collision=2/2 | mean_final_distance=1.516 | mean_progress=0.0635 | min_laser=0.300 | mean_lin=0.992 | mean_ang=-0.023 | mean_robot_dist=0.355 | raw_reward=-50.000 | adjusted_reward=-50.000 | coop_agents=0/2 | mean_coop_neighbors=0.00 | active_neighbor_step_rate=0.857 | mean_active_neighbors_step=0.857 | max_active_neighbors_step=1 | interaction_reward=0.0000 | abs_interaction_reward=0.0000 | anti_stag_reward=0.0000 | abs_anti_stag_reward=0.0000 | wall_clear_reward=0.0000 | abs_wall_clear_reward=0.0000 | local_nav_reward=0.0000 | abs_local_nav_reward=0.0000 | context_neighbors_mean=0.86 | context_neighbors_max=1 | last_context_neighbors_mean=0.00 | last_context_neighbors_max=0 | actor_unlocked=0 | expl_noise=0.0495 | replay=1005 | samples/sec=6.154
Status | epoch=1 | next_eval_in=10995 agent_samples | checkpoint_every=10 episodes | checkpoint=./checkpoints/pair_interaction_pilot_s20260724_latest.pt | model=pair_interaction_pilot_s20260724
Checkpoint saved: ./checkpoints/pair_interaction_pilot_s20260724_latest.pt
Episode 11 complete | agent_samples=1076 | env_steps=804 | episode_env_steps=44 | episode_agent_samples=71 | mean_reward=164.303 | success=2/2 | collision=0/2 | mean_final_distance=0.251 | mean_progress=0.0238 | min_laser=0.796 | mean_lin=0.984 | mean_ang=-0.991 | mean_robot_dist=4.255 | raw_reward=50.000 | adjusted_reward=50.000 | coop_agents=0/2 | mean_coop_neighbors=0.00 | active_neighbor_step_rate=0.338 | mean_active_neighbors_step=0.338 | max_active_neighbors_step=1 | interaction_reward=0.0000 | abs_interaction_reward=0.0000 | anti_stag_reward=0.0000 | abs_anti_stag_reward=0.0000 | wall_clear_reward=0.0000 | abs_wall_clear_reward=0.0000 | local_nav_reward=0.0000 | abs_local_nav_reward=0.0000 | context_neighbors_mean=0.37 | context_neighbors_max=1 | last_context_neighbors_mean=0.00 | last_context_neighbors_max=0 | actor_unlocked=0 | expl_noise=0.0495 | replay=1076 | samples/sec=6.227
Episode 12 complete | agent_samples=1090 | env_steps=811 | episode_env_steps=7 | episode_agent_samples=14 | mean_reward=-87.598 | success=0/2 | collision=2/2 | mean_final_distance=2.109 | mean_progress=0.1739 | min_laser=0.300 | mean_lin=0.992 | mean_ang=1.000 | mean_robot_dist=0.458 | raw_reward=-100.000 | adjusted_reward=-100.000 | coop_agents=2/2 | mean_coop_neighbors=1.00 | active_neighbor_step_rate=1.000 | mean_active_neighbors_step=1.000 | max_active_neighbors_step=1 | interaction_reward=0.0000 | abs_interaction_reward=0.0000 | anti_stag_reward=0.0000 | abs_anti_stag_reward=0.0000 | wall_clear_reward=0.0000 | abs_wall_clear_reward=0.0000 | local_nav_reward=0.0000 | abs_local_nav_reward=0.0000 | context_neighbors_mean=1.00 | context_neighbors_max=1 | last_context_neighbors_mean=0.00 | last_context_neighbors_max=0 | actor_unlocked=0 | expl_noise=0.0495 | replay=1090 | samples/sec=6.249
Episode 13 complete | agent_samples=1141 | env_steps=844 | episode_env_steps=33 | episode_agent_samples=51 | mean_reward=58.987 | success=1/2 | collision=1/2 | mean_final_distance=0.729 | mean_progress=0.0691 | min_laser=0.345 | mean_lin=0.505 | mean_ang=-0.160 | mean_robot_dist=1.706 | raw_reward=50.000 | adjusted_reward=50.000 | coop_agents=0/2 | mean_coop_neighbors=0.00 | active_neighbor_step_rate=0.471 | mean_active_neighbors_step=0.471 | max_active_neighbors_step=1 | interaction_reward=0.0000 | abs_interaction_reward=0.0000 | anti_stag_reward=0.0000 | abs_anti_stag_reward=0.0000 | wall_clear_reward=0.0000 | abs_wall_clear_reward=0.0000 | local_nav_reward=0.0000 | abs_local_nav_reward=0.0000 | context_neighbors_mean=0.49 | context_neighbors_max=1 | last_context_neighbors_mean=0.00 | last_context_neighbors_max=0 | actor_unlocked=0 | expl_noise=0.0495 | replay=1141 | samples/sec=6.282
Episode 14 complete | agent_samples=1165 | env_steps=856 | episode_env_steps=12 | episode_agent_samples=24 | mean_reward=-77.419 | success=0/2 | collision=2/2 | mean_final_distance=1.282 | mean_progress=0.1241 | min_laser=0.300 | mean_lin=0.990 | mean_ang=-0.293 | mean_robot_dist=0.484 | raw_reward=-100.000 | adjusted_reward=-100.000 | coop_agents=2/2 | mean_coop_neighbors=1.00 | active_neighbor_step_rate=0.792 | mean_active_neighbors_step=0.792 | max_active_neighbors_step=1 | interaction_reward=0.0000 | abs_interaction_reward=0.0000 | anti_stag_reward=0.0000 | abs_anti_stag_reward=0.0000 | wall_clear_reward=0.0000 | abs_wall_clear_reward=0.0000 | local_nav_reward=0.0000 | abs_local_nav_reward=0.0000 | context_neighbors_mean=0.79 | context_neighbors_max=1 | last_context_neighbors_mean=0.00 | last_context_neighbors_max=0 | actor_unlocked=0 | expl_noise=0.0495 | replay=1165 | samples/sec=6.320
Episode 15 complete | agent_samples=1257 | env_steps=910 | episode_env_steps=54 | episode_agent_samples=92 | mean_reward=158.858 | success=2/2 | collision=0/2 | mean_final_distance=0.235 | mean_progress=0.0758 | min_laser=0.524 | mean_lin=0.994 | mean_ang=0.927 | mean_robot_dist=2.887 | raw_reward=50.000 | adjusted_reward=50.000 | coop_agents=0/2 | mean_coop_neighbors=0.00 | active_neighbor_step_rate=0.500 | mean_active_neighbors_step=0.500 | max_active_neighbors_step=1 | interaction_reward=0.0000 | abs_interaction_reward=0.0000 | anti_stag_reward=0.0000 | abs_anti_stag_reward=0.0000 | wall_clear_reward=0.0000 | abs_wall_clear_reward=0.0000 | local_nav_reward=0.0000 | abs_local_nav_reward=0.0000 | context_neighbors_mean=0.52 | context_neighbors_max=1 | last_context_neighbors_mean=0.00 | last_context_neighbors_max=0 | actor_unlocked=0 | expl_noise=0.0495 | replay=1257 | samples/sec=6.413
Status | epoch=1 | next_eval_in=10743 agent_samples | checkpoint_every=10 episodes | checkpoint=./checkpoints/pair_interaction_pilot_s20260724_latest.pt | model=pair_interaction_pilot_s20260724
Episode 16 complete | agent_samples=1274 | env_steps=919 | episode_env_steps=9 | episode_agent_samples=17 | mean_reward=-82.663 | success=0/2 | collision=2/2 | mean_final_distance=1.926 | mean_progress=0.0670 | min_laser=0.318 | mean_lin=0.982 | mean_ang=0.602 | mean_robot_dist=0.519 | raw_reward=-50.000 | adjusted_reward=-50.000 | coop_agents=0/2 | mean_coop_neighbors=0.00 | active_neighbor_step_rate=0.941 | mean_active_neighbors_step=0.941 | max_active_neighbors_step=1 | interaction_reward=0.0000 | abs_interaction_reward=0.0000 | anti_stag_reward=0.0000 | abs_anti_stag_reward=0.0000 | wall_clear_reward=0.0000 | abs_wall_clear_reward=0.0000 | local_nav_reward=0.0000 | abs_local_nav_reward=0.0000 | context_neighbors_mean=0.94 | context_neighbors_max=1 | last_context_neighbors_mean=0.00 | last_context_neighbors_max=0 | actor_unlocked=0 | expl_noise=0.0494 | replay=1274 | samples/sec=6.431
Episode 17 complete | agent_samples=1348 | env_steps=965 | episode_env_steps=46 | episode_agent_samples=74 | mean_reward=163.583 | success=2/2 | collision=0/2 | mean_final_distance=0.259 | mean_progress=0.0391 | min_laser=0.856 | mean_lin=0.983 | mean_ang=-0.998 | mean_robot_dist=4.198 | raw_reward=50.000 | adjusted_reward=50.000 | coop_agents=0/2 | mean_coop_neighbors=0.00 | active_neighbor_step_rate=0.338 | mean_active_neighbors_step=0.338 | max_active_neighbors_step=1 | interaction_reward=0.0000 | abs_interaction_reward=0.0000 | anti_stag_reward=0.0000 | abs_anti_stag_reward=0.0000 | wall_clear_reward=0.0000 | abs_wall_clear_reward=0.0000 | local_nav_reward=0.0000 | abs_local_nav_reward=0.0000 | context_neighbors_mean=0.36 | context_neighbors_max=1 | last_context_neighbors_mean=0.00 | last_context_neighbors_max=0 | actor_unlocked=0 | expl_noise=0.0494 | replay=1348 | samples/sec=6.480
Episode 18 complete | agent_samples=1386 | env_steps=988 | episode_env_steps=23 | episode_agent_samples=38 | mean_reward=50.035 | success=1/2 | collision=1/2 | mean_final_distance=0.822 | mean_progress=0.0611 | min_laser=0.331 | mean_lin=0.990 | mean_ang=0.455 | mean_robot_dist=1.046 | raw_reward=50.000 | adjusted_reward=50.000 | coop_agents=0/2 | mean_coop_neighbors=0.00 | active_neighbor_step_rate=0.684 | mean_active_neighbors_step=0.684 | max_active_neighbors_step=1 | interaction_reward=0.0000 | abs_interaction_reward=0.0000 | anti_stag_reward=0.0000 | abs_anti_stag_reward=0.0000 | wall_clear_reward=0.0000 | abs_wall_clear_reward=0.0000 | local_nav_reward=0.0000 | abs_local_nav_reward=0.0000 | context_neighbors_mean=0.71 | context_neighbors_max=1 | last_context_neighbors_mean=0.00 | last_context_neighbors_max=0 | actor_unlocked=0 | expl_noise=0.0494 | replay=1386 | samples/sec=6.505
Episode 19 complete | agent_samples=1400 | env_steps=995 | episode_env_steps=7 | episode_agent_samples=14 | mean_reward=-88.043 | success=0/2 | collision=2/2 | mean_final_distance=2.211 | mean_progress=0.1473 | min_laser=0.313 | mean_lin=0.999 | mean_ang=0.927 | mean_robot_dist=0.534 | raw_reward=-100.000 | adjusted_reward=-100.000 | coop_agents=2/2 | mean_coop_neighbors=1.00 | active_neighbor_step_rate=1.000 | mean_active_neighbors_step=1.000 | max_active_neighbors_step=1 | interaction_reward=0.0000 | abs_interaction_reward=0.0000 | anti_stag_reward=0.0000 | abs_anti_stag_reward=0.0000 | wall_clear_reward=0.0000 | abs_wall_clear_reward=0.0000 | local_nav_reward=0.0000 | abs_local_nav_reward=0.0000 | context_neighbors_mean=1.00 | context_neighbors_max=1 | last_context_neighbors_mean=0.00 | last_context_neighbors_max=0 | actor_unlocked=0 | expl_noise=0.0494 | replay=1400 | samples/sec=6.522
Episode 20 complete | agent_samples=1419 | env_steps=1006 | episode_env_steps=11 | episode_agent_samples=19 | mean_reward=-72.026 | success=0/2 | collision=2/2 | mean_final_distance=1.569 | mean_progress=0.0088 | min_laser=0.328 | mean_lin=0.995 | mean_ang=-0.002 | mean_robot_dist=0.447 | raw_reward=-50.000 | adjusted_reward=-50.000 | coop_agents=0/2 | mean_coop_neighbors=0.00 | active_neighbor_step_rate=0.632 | mean_active_neighbors_step=0.632 | max_active_neighbors_step=1 | interaction_reward=0.0000 | abs_interaction_reward=0.0000 | anti_stag_reward=0.0000 | abs_anti_stag_reward=0.0000 | wall_clear_reward=0.0000 | abs_wall_clear_reward=0.0000 | local_nav_reward=0.0000 | abs_local_nav_reward=0.0000 | context_neighbors_mean=0.68 | context_neighbors_max=1 | last_context_neighbors_mean=0.00 | last_context_neighbors_max=0 | actor_unlocked=0 | expl_noise=0.0494 | replay=1419 | samples/sec=6.534
Status | epoch=1 | next_eval_in=10581 agent_samples | checkpoint_every=10 episodes | checkpoint=./checkpoints/pair_interaction_pilot_s20260724_latest.pt | model=pair_interaction_pilot_s20260724
Checkpoint saved: ./checkpoints/pair_interaction_pilot_s20260724_latest.pt
Episode 21 complete | agent_samples=1460 | env_steps=1027 | episode_env_steps=21 | episode_agent_samples=41 | mean_reward=-65.219 | success=0/2 | collision=2/2 | mean_final_distance=1.411 | mean_progress=0.0540 | min_laser=0.326 | mean_lin=0.504 | mean_ang=0.034 | mean_robot_dist=0.527 | raw_reward=-50.000 | adjusted_reward=-50.000 | coop_agents=0/2 | mean_coop_neighbors=0.00 | active_neighbor_step_rate=0.951 | mean_active_neighbors_step=0.951 | max_active_neighbors_step=1 | interaction_reward=0.0000 | abs_interaction_reward=0.0000 | anti_stag_reward=0.0000 | abs_anti_stag_reward=0.0000 | wall_clear_reward=0.0000 | abs_wall_clear_reward=0.0000 | local_nav_reward=0.0000 | abs_local_nav_reward=0.0000 | context_neighbors_mean=0.95 | context_neighbors_max=1 | last_context_neighbors_mean=0.00 | last_context_neighbors_max=0 | actor_unlocked=0 | expl_noise=0.0494 | replay=1460 | samples/sec=6.582
Episode 22 complete | agent_samples=1520 | env_steps=1059 | episode_env_steps=32 | episode_agent_samples=60 | mean_reward=157.354 | success=2/2 | collision=0/2 | mean_final_distance=0.198 | mean_progress=0.0734 | min_laser=1.013 | mean_lin=0.970 | mean_ang=0.034 | mean_robot_dist=3.532 | raw_reward=50.000 | adjusted_reward=50.000 | coop_agents=0/2 | mean_coop_neighbors=0.00 | active_neighbor_step_rate=0.483 | mean_active_neighbors_step=0.483 | max_active_neighbors_step=1 | interaction_reward=0.0000 | abs_interaction_reward=0.0000 | anti_stag_reward=0.0000 | abs_anti_stag_reward=0.0000 | wall_clear_reward=0.0000 | abs_wall_clear_reward=0.0000 | local_nav_reward=0.0000 | abs_local_nav_reward=0.0000 | context_neighbors_mean=0.52 | context_neighbors_max=1 | last_context_neighbors_mean=0.00 | last_context_neighbors_max=0 | actor_unlocked=0 | expl_noise=0.0494 | replay=1520 | samples/sec=6.644
Episode 23 complete | agent_samples=1571 | env_steps=1088 | episode_env_steps=29 | episode_agent_samples=51 | mean_reward=152.604 | success=2/2 | collision=0/2 | mean_final_distance=0.255 | mean_progress=0.0643 | min_laser=0.442 | mean_lin=0.996 | mean_ang=0.740 | mean_robot_dist=2.058 | raw_reward=50.000 | adjusted_reward=50.000 | coop_agents=0/2 | mean_coop_neighbors=0.00 | active_neighbor_step_rate=0.569 | mean_active_neighbors_step=0.569 | max_active_neighbors_step=1 | interaction_reward=0.0000 | abs_interaction_reward=0.0000 | anti_stag_reward=0.0000 | abs_anti_stag_reward=0.0000 | wall_clear_reward=0.0000 | abs_wall_clear_reward=0.0000 | local_nav_reward=0.0000 | abs_local_nav_reward=0.0000 | context_neighbors_mean=0.61 | context_neighbors_max=1 | last_context_neighbors_mean=0.00 | last_context_neighbors_max=0 | actor_unlocked=0 | expl_noise=0.0493 | replay=1571 | samples/sec=6.684
Episode 24 complete | agent_samples=1733 | env_steps=1172 | episode_env_steps=84 | episode_agent_samples=162 | mean_reward=141.567 | success=2/2 | collision=0/2 | mean_final_distance=0.294 | mean_progress=0.0231 | min_laser=0.811 | mean_lin=0.996 | mean_ang=-0.994 | mean_robot_dist=3.513 | raw_reward=50.000 | adjusted_reward=50.000 | coop_agents=0/2 | mean_coop_neighbors=0.00 | active_neighbor_step_rate=0.451 | mean_active_neighbors_step=0.451 | max_active_neighbors_step=1 | interaction_reward=0.0000 | abs_interaction_reward=0.0000 | anti_stag_reward=0.0000 | abs_anti_stag_reward=0.0000 | wall_clear_reward=0.0000 | abs_wall_clear_reward=0.0000 | local_nav_reward=0.0000 | abs_local_nav_reward=0.0000 | context_neighbors_mean=0.45 | context_neighbors_max=1 | last_context_neighbors_mean=0.00 | last_context_neighbors_max=0 | actor_unlocked=0 | expl_noise=0.0493 | replay=1733 | samples/sec=6.848
Episode 25 complete | agent_samples=1786 | env_steps=1206 | episode_env_steps=34 | episode_agent_samples=53 | mean_reward=52.233 | success=1/2 | collision=1/2 | mean_final_distance=0.489 | mean_progress=0.0761 | min_laser=0.328 | mean_lin=0.502 | mean_ang=0.000 | mean_robot_dist=1.288 | raw_reward=50.000 | adjusted_reward=50.000 | coop_agents=0/2 | mean_coop_neighbors=0.00 | active_neighbor_step_rate=0.472 | mean_active_neighbors_step=0.472 | max_active_neighbors_step=1 | interaction_reward=0.0000 | abs_interaction_reward=0.0000 | anti_stag_reward=0.0000 | abs_anti_stag_reward=0.0000 | wall_clear_reward=0.0000 | abs_wall_clear_reward=0.0000 | local_nav_reward=0.0000 | abs_local_nav_reward=0.0000 | context_neighbors_mean=0.49 | context_neighbors_max=1 | last_context_neighbors_mean=0.00 | last_context_neighbors_max=0 | actor_unlocked=0 | expl_noise=0.0493 | replay=1786 | samples/sec=6.858
Status | epoch=1 | next_eval_in=10214 agent_samples | checkpoint_every=10 episodes | checkpoint=./checkpoints/pair_interaction_pilot_s20260724_latest.pt | model=pair_interaction_pilot_s20260724
Episode 26 complete | agent_samples=1897 | env_steps=1279 | episode_env_steps=73 | episode_agent_samples=111 | mean_reward=148.801 | success=2/2 | collision=0/2 | mean_final_distance=0.261 | mean_progress=0.0268 | min_laser=0.892 | mean_lin=0.990 | mean_ang=-0.946 | mean_robot_dist=3.433 | raw_reward=50.000 | adjusted_reward=50.000 | coop_agents=0/2 | mean_coop_neighbors=0.00 | active_neighbor_step_rate=0.261 | mean_active_neighbors_step=0.261 | max_active_neighbors_step=1 | interaction_reward=0.0000 | abs_interaction_reward=0.0000 | anti_stag_reward=0.0000 | abs_anti_stag_reward=0.0000 | wall_clear_reward=0.0000 | abs_wall_clear_reward=0.0000 | local_nav_reward=0.0000 | abs_local_nav_reward=0.0000 | context_neighbors_mean=0.26 | context_neighbors_max=1 | last_context_neighbors_mean=0.00 | last_context_neighbors_max=0 | actor_unlocked=0 | expl_noise=0.0492 | replay=1897 | samples/sec=6.869
Episode 27 complete | agent_samples=1936 | env_steps=1308 | episode_env_steps=29 | episode_agent_samples=39 | mean_reward=47.112 | success=1/2 | collision=1/2 | mean_final_distance=1.139 | mean_progress=0.0620 | min_laser=0.322 | mean_lin=1.000 | mean_ang=-0.933 | mean_robot_dist=1.899 | raw_reward=50.000 | adjusted_reward=50.000 | coop_agents=0/2 | mean_coop_neighbors=0.00 | active_neighbor_step_rate=0.487 | mean_active_neighbors_step=0.487 | max_active_neighbors_step=1 | interaction_reward=0.0000 | abs_interaction_reward=0.0000 | anti_stag_reward=0.0000 | abs_anti_stag_reward=0.0000 | wall_clear_reward=0.0000 | abs_wall_clear_reward=0.0000 | local_nav_reward=0.0000 | abs_local_nav_reward=0.0000 | context_neighbors_mean=0.51 | context_neighbors_max=1 | last_context_neighbors_mean=0.00 | last_context_neighbors_max=0 | actor_unlocked=0 | expl_noise=0.0492 | replay=1936 | samples/sec=6.855
Episode 28 complete | agent_samples=1948 | env_steps=1314 | episode_env_steps=6 | episode_agent_samples=12 | mean_reward=-89.989 | success=0/2 | collision=2/2 | mean_final_distance=1.965 | mean_progress=0.1328 | min_laser=0.300 | mean_lin=0.993 | mean_ang=0.976 | mean_robot_dist=0.515 | raw_reward=-100.000 | adjusted_reward=-100.000 | coop_agents=2/2 | mean_coop_neighbors=1.00 | active_neighbor_step_rate=1.000 | mean_active_neighbors_step=1.000 | max_active_neighbors_step=1 | interaction_reward=0.0000 | abs_interaction_reward=0.0000 | anti_stag_reward=0.0000 | abs_anti_stag_reward=0.0000 | wall_clear_reward=0.0000 | abs_wall_clear_reward=0.0000 | local_nav_reward=0.0000 | abs_local_nav_reward=0.0000 | context_neighbors_mean=1.00 | context_neighbors_max=1 | last_context_neighbors_mean=0.00 | last_context_neighbors_max=0 | actor_unlocked=0 | expl_noise=0.0492 | replay=1948 | samples/sec=6.863
Episode 29 complete | agent_samples=1962 | env_steps=1321 | episode_env_steps=7 | episode_agent_samples=14 | mean_reward=-85.814 | success=0/2 | collision=2/2 | mean_final_distance=1.756 | mean_progress=0.1548 | min_laser=0.300 | mean_lin=1.000 | mean_ang=0.036 | mean_robot_dist=0.433 | raw_reward=-100.000 | adjusted_reward=-100.000 | coop_agents=2/2 | mean_coop_neighbors=1.00 | active_neighbor_step_rate=1.000 | mean_active_neighbors_step=1.000 | max_active_neighbors_step=1 | interaction_reward=0.0000 | abs_interaction_reward=0.0000 | anti_stag_reward=0.0000 | abs_anti_stag_reward=0.0000 | wall_clear_reward=0.0000 | abs_wall_clear_reward=0.0000 | local_nav_reward=0.0000 | abs_local_nav_reward=0.0000 | context_neighbors_mean=1.00 | context_neighbors_max=1 | last_context_neighbors_mean=0.00 | last_context_neighbors_max=0 | actor_unlocked=0 | expl_noise=0.0492 | replay=1962 | samples/sec=6.872
Episode 30 complete | agent_samples=2114 | env_steps=1406 | episode_env_steps=85 | episode_agent_samples=152 | mean_reward=143.387 | success=2/2 | collision=0/2 | mean_final_distance=0.235 | mean_progress=0.0582 | min_laser=0.756 | mean_lin=0.988 | mean_ang=-1.000 | mean_robot_dist=3.719 | raw_reward=50.000 | adjusted_reward=50.000 | coop_agents=0/2 | mean_coop_neighbors=0.00 | active_neighbor_step_rate=0.480 | mean_active_neighbors_step=0.480 | max_active_neighbors_step=1 | interaction_reward=0.0000 | abs_interaction_reward=0.0000 | anti_stag_reward=0.0000 | abs_anti_stag_reward=0.0000 | wall_clear_reward=0.0000 | abs_wall_clear_reward=0.0000 | local_nav_reward=0.0000 | abs_local_nav_reward=0.0000 | context_neighbors_mean=0.49 | context_neighbors_max=1 | last_context_neighbors_mean=0.00 | last_context_neighbors_max=0 | actor_unlocked=0 | expl_noise=0.0492 | replay=2114 | samples/sec=6.962
Status | epoch=1 | next_eval_in=9886 agent_samples | checkpoint_every=10 episodes | checkpoint=./checkpoints/pair_interaction_pilot_s20260724_latest.pt | model=pair_interaction_pilot_s20260724
Checkpoint saved: ./checkpoints/pair_interaction_pilot_s20260724_latest.pt
Episode 31 complete | agent_samples=2148 | env_steps=1423 | episode_env_steps=17 | episode_agent_samples=34 | mean_reward=-68.083 | success=0/2 | collision=2/2 | mean_final_distance=1.378 | mean_progress=0.0853 | min_laser=0.300 | mean_lin=0.979 | mean_ang=-0.015 | mean_robot_dist=0.441 | raw_reward=-100.000 | adjusted_reward=-100.000 | coop_agents=2/2 | mean_coop_neighbors=1.00 | active_neighbor_step_rate=1.000 | mean_active_neighbors_step=1.000 | max_active_neighbors_step=1 | interaction_reward=0.0000 | abs_interaction_reward=0.0000 | anti_stag_reward=0.0000 | abs_anti_stag_reward=0.0000 | wall_clear_reward=0.0000 | abs_wall_clear_reward=0.0000 | local_nav_reward=0.0000 | abs_local_nav_reward=0.0000 | context_neighbors_mean=1.00 | context_neighbors_max=1 | last_context_neighbors_mean=0.00 | last_context_neighbors_max=0 | actor_unlocked=0 | expl_noise=0.0491 | replay=2148 | samples/sec=6.986
Episode 32 complete | agent_samples=2490 | env_steps=1723 | episode_env_steps=300 | episode_agent_samples=342 | mean_reward=77.697 | success=1/2 | collision=0/2 | mean_final_distance=0.530 | mean_progress=-0.0086 | min_laser=0.902 | mean_lin=0.511 | mean_ang=-1.000 | mean_robot_dist=3.170 | raw_reward=-0.272 | adjusted_reward=-0.272 | coop_agents=0/2 | mean_coop_neighbors=0.00 | active_neighbor_step_rate=0.111 | mean_active_neighbors_step=0.111 | max_active_neighbors_step=1 | interaction_reward=0.0000 | abs_interaction_reward=0.0000 | anti_stag_reward=0.0000 | abs_anti_stag_reward=0.0000 | wall_clear_reward=0.0000 | abs_wall_clear_reward=0.0000 | local_nav_reward=0.0000 | abs_local_nav_reward=0.0000 | context_neighbors_mean=0.11 | context_neighbors_max=1 | last_context_neighbors_mean=0.00 | last_context_neighbors_max=0 | actor_unlocked=0 | expl_noise=0.0490 | replay=2490 | samples/sec=6.701
Episode 33 complete | agent_samples=2817 | env_steps=2004 | episode_env_steps=281 | episode_agent_samples=327 | mean_reward=134.007 | success=2/2 | collision=0/2 | mean_final_distance=0.273 | mean_progress=0.0139 | min_laser=0.595 | mean_lin=1.000 | mean_ang=-0.987 | mean_robot_dist=3.659 | raw_reward=50.000 | adjusted_reward=50.000 | coop_agents=0/2 | mean_coop_neighbors=0.00 | active_neighbor_step_rate=0.128 | mean_active_neighbors_step=0.128 | max_active_neighbors_step=1 | interaction_reward=0.0000 | abs_interaction_reward=0.0000 | anti_stag_reward=0.0000 | abs_anti_stag_reward=0.0000 | wall_clear_reward=0.0000 | abs_wall_clear_reward=0.0000 | local_nav_reward=0.0000 | abs_local_nav_reward=0.0000 | context_neighbors_mean=0.13 | context_neighbors_max=1 | last_context_neighbors_mean=0.00 | last_context_neighbors_max=0 | actor_unlocked=0 | expl_noise=0.0488 | replay=2817 | samples/sec=6.529
Episode 34 complete | agent_samples=2928 | env_steps=2083 | episode_env_steps=79 | episode_agent_samples=111 | mean_reward=134.729 | success=2/2 | collision=0/2 | mean_final_distance=0.254 | mean_progress=0.0560 | min_laser=0.565 | mean_lin=0.968 | mean_ang=0.103 | mean_robot_dist=2.117 | raw_reward=50.000 | adjusted_reward=50.000 | coop_agents=0/2 | mean_coop_neighbors=0.00 | active_neighbor_step_rate=0.360 | mean_active_neighbors_step=0.360 | max_active_neighbors_step=1 | interaction_reward=0.0000 | abs_interaction_reward=0.0000 | anti_stag_reward=0.0000 | abs_anti_stag_reward=0.0000 | wall_clear_reward=0.0000 | abs_wall_clear_reward=0.0000 | local_nav_reward=0.0000 | abs_local_nav_reward=0.0000 | context_neighbors_mean=0.37 | context_neighbors_max=1 | last_context_neighbors_mean=0.00 | last_context_neighbors_max=0 | actor_unlocked=0 | expl_noise=0.0488 | replay=2928 | samples/sec=6.527
Episode 35 complete | agent_samples=3001 | env_steps=2123 | episode_env_steps=40 | episode_agent_samples=73 | mean_reward=158.132 | success=2/2 | collision=0/2 | mean_final_distance=0.254 | mean_progress=0.0171 | min_laser=0.744 | mean_lin=0.989 | mean_ang=-0.751 | mean_robot_dist=2.137 | raw_reward=50.000 | adjusted_reward=50.000 | coop_agents=0/2 | mean_coop_neighbors=0.00 | active_neighbor_step_rate=0.521 | mean_active_neighbors_step=0.521 | max_active_neighbors_step=1 | interaction_reward=0.0000 | abs_interaction_reward=0.0000 | anti_stag_reward=0.0000 | abs_anti_stag_reward=0.0000 | wall_clear_reward=0.0000 | abs_wall_clear_reward=0.0000 | local_nav_reward=0.0000 | abs_local_nav_reward=0.0000 | context_neighbors_mean=0.53 | context_neighbors_max=1 | last_context_neighbors_mean=0.00 | last_context_neighbors_max=0 | actor_unlocked=0 | expl_noise=0.0487 | replay=3001 | samples/sec=6.563
Status | epoch=1 | next_eval_in=8999 agent_samples | checkpoint_every=10 episodes | checkpoint=./checkpoints/pair_interaction_pilot_s20260724_latest.pt | model=pair_interaction_pilot_s20260724
Episode 36 complete | agent_samples=3059 | env_steps=2152 | episode_env_steps=29 | episode_agent_samples=58 | mean_reward=158.243 | success=2/2 | collision=0/2 | mean_final_distance=0.245 | mean_progress=0.1022 | min_laser=0.855 | mean_lin=0.981 | mean_ang=-0.961 | mean_robot_dist=3.381 | raw_reward=100.000 | adjusted_reward=100.000 | coop_agents=0/2 | mean_coop_neighbors=0.00 | active_neighbor_step_rate=0.500 | mean_active_neighbors_step=0.500 | max_active_neighbors_step=1 | interaction_reward=0.0000 | abs_interaction_reward=0.0000 | anti_stag_reward=0.0000 | abs_anti_stag_reward=0.0000 | wall_clear_reward=0.0000 | abs_wall_clear_reward=0.0000 | local_nav_reward=0.0000 | abs_local_nav_reward=0.0000 | context_neighbors_mean=0.53 | context_neighbors_max=1 | last_context_neighbors_mean=0.00 | last_context_neighbors_max=0 | actor_unlocked=0 | expl_noise=0.0487 | replay=3059 | samples/sec=6.597
Episode 37 complete | agent_samples=3392 | env_steps=2452 | episode_env_steps=300 | episode_agent_samples=333 | mean_reward=77.536 | success=1/2 | collision=0/2 | mean_final_distance=0.519 | mean_progress=-0.0039 | min_laser=0.424 | mean_lin=0.500 | mean_ang=0.000 | mean_robot_dist=2.614 | raw_reward=-0.179 | adjusted_reward=-0.179 | coop_agents=0/2 | mean_coop_neighbors=0.00 | active_neighbor_step_rate=0.090 | mean_active_neighbors_step=0.090 | max_active_neighbors_step=1 | interaction_reward=0.0000 | abs_interaction_reward=0.0000 | anti_stag_reward=0.0000 | abs_anti_stag_reward=0.0000 | wall_clear_reward=0.0000 | abs_wall_clear_reward=0.0000 | local_nav_reward=0.0000 | abs_local_nav_reward=0.0000 | context_neighbors_mean=0.10 | context_neighbors_max=1 | last_context_neighbors_mean=0.00 | last_context_neighbors_max=0 | actor_unlocked=0 | expl_noise=0.0485 | replay=3392 | samples/sec=6.427
Episode 38 complete | agent_samples=3682 | env_steps=2656 | episode_env_steps=204 | episode_agent_samples=290 | mean_reward=134.824 | success=2/2 | collision=0/2 | mean_final_distance=0.286 | mean_progress=0.0386 | min_laser=0.638 | mean_lin=0.981 | mean_ang=-0.998 | mean_robot_dist=3.950 | raw_reward=50.000 | adjusted_reward=50.000 | coop_agents=0/2 | mean_coop_neighbors=0.00 | active_neighbor_step_rate=0.297 | mean_active_neighbors_step=0.297 | max_active_neighbors_step=1 | interaction_reward=0.0000 | abs_interaction_reward=0.0000 | anti_stag_reward=0.0000 | abs_anti_stag_reward=0.0000 | wall_clear_reward=0.0000 | abs_wall_clear_reward=0.0000 | local_nav_reward=0.0000 | abs_local_nav_reward=0.0000 | context_neighbors_mean=0.30 | context_neighbors_max=1 | last_context_neighbors_mean=0.00 | last_context_neighbors_max=0 | actor_unlocked=0 | expl_noise=0.0484 | replay=3682 | samples/sec=6.442
Episode 39 complete | agent_samples=3709 | env_steps=2670 | episode_env_steps=14 | episode_agent_samples=27 | mean_reward=-73.043 | success=0/2 | collision=2/2 | mean_final_distance=1.589 | mean_progress=0.0479 | min_laser=0.310 | mean_lin=0.984 | mean_ang=-0.644 | mean_robot_dist=0.474 | raw_reward=-50.000 | adjusted_reward=-50.000 | coop_agents=0/2 | mean_coop_neighbors=0.00 | active_neighbor_step_rate=0.963 | mean_active_neighbors_step=0.963 | max_active_neighbors_step=1 | interaction_reward=0.0000 | abs_interaction_reward=0.0000 | anti_stag_reward=0.0000 | abs_anti_stag_reward=0.0000 | wall_clear_reward=0.0000 | abs_wall_clear_reward=0.0000 | local_nav_reward=0.0000 | abs_local_nav_reward=0.0000 | context_neighbors_mean=0.96 | context_neighbors_max=1 | last_context_neighbors_mean=0.00 | last_context_neighbors_max=0 | actor_unlocked=0 | expl_noise=0.0484 | replay=3709 | samples/sec=6.454
Episode 40 complete | agent_samples=3814 | env_steps=2745 | episode_env_steps=75 | episode_agent_samples=105 | mean_reward=135.510 | success=2/2 | collision=0/2 | mean_final_distance=0.262 | mean_progress=0.0509 | min_laser=0.653 | mean_lin=1.000 | mean_ang=-0.837 | mean_robot_dist=2.034 | raw_reward=50.000 | adjusted_reward=50.000 | coop_agents=0/2 | mean_coop_neighbors=0.00 | active_neighbor_step_rate=0.352 | mean_active_neighbors_step=0.352 | max_active_neighbors_step=1 | interaction_reward=0.0000 | abs_interaction_reward=0.0000 | anti_stag_reward=0.0000 | abs_anti_stag_reward=0.0000 | wall_clear_reward=0.0000 | abs_wall_clear_reward=0.0000 | local_nav_reward=0.0000 | abs_local_nav_reward=0.0000 | context_neighbors_mean=0.36 | context_neighbors_max=1 | last_context_neighbors_mean=0.00 | last_context_neighbors_max=0 | actor_unlocked=0 | expl_noise=0.0484 | replay=3814 | samples/sec=6.455
Status | epoch=1 | next_eval_in=8186 agent_samples | checkpoint_every=10 episodes | checkpoint=./checkpoints/pair_interaction_pilot_s20260724_latest.pt | model=pair_interaction_pilot_s20260724
Checkpoint saved: ./checkpoints/pair_interaction_pilot_s20260724_latest.pt
Episode 41 complete | agent_samples=3882 | env_steps=2785 | episode_env_steps=40 | episode_agent_samples=68 | mean_reward=150.128 | success=2/2 | collision=0/2 | mean_final_distance=0.270 | mean_progress=0.0381 | min_laser=0.671 | mean_lin=0.980 | mean_ang=0.000 | mean_robot_dist=2.664 | raw_reward=50.000 | adjusted_reward=50.000 | coop_agents=0/2 | mean_coop_neighbors=0.00 | active_neighbor_step_rate=0.485 | mean_active_neighbors_step=0.485 | max_active_neighbors_step=1 | interaction_reward=0.0000 | abs_interaction_reward=0.0000 | anti_stag_reward=0.0000 | abs_anti_stag_reward=0.0000 | wall_clear_reward=0.0000 | abs_wall_clear_reward=0.0000 | local_nav_reward=0.0000 | abs_local_nav_reward=0.0000 | context_neighbors_mean=0.51 | context_neighbors_max=1 | last_context_neighbors_mean=0.00 | last_context_neighbors_max=0 | actor_unlocked=0 | expl_noise=0.0483 | replay=3882 | samples/sec=6.475
Episode 42 complete | agent_samples=4028 | env_steps=2864 | episode_env_steps=79 | episode_agent_samples=146 | mean_reward=144.030 | success=2/2 | collision=0/2 | mean_final_distance=0.234 | mean_progress=0.0641 | min_laser=0.907 | mean_lin=1.000 | mean_ang=-0.537 | mean_robot_dist=3.498 | raw_reward=50.000 | adjusted_reward=50.000 | coop_agents=0/2 | mean_coop_neighbors=0.00 | active_neighbor_step_rate=0.466 | mean_active_neighbors_step=0.466 | max_active_neighbors_step=1 | interaction_reward=0.0000 | abs_interaction_reward=0.0000 | anti_stag_reward=0.0000 | abs_anti_stag_reward=0.0000 | wall_clear_reward=0.0000 | abs_wall_clear_reward=0.0000 | local_nav_reward=0.0000 | abs_local_nav_reward=0.0000 | context_neighbors_mean=0.48 | context_neighbors_max=1 | last_context_neighbors_mean=0.00 | last_context_neighbors_max=0 | actor_unlocked=0 | expl_noise=0.0483 | replay=4028 | samples/sec=6.532
Episode 43 complete | agent_samples=4042 | env_steps=2871 | episode_env_steps=7 | episode_agent_samples=14 | mean_reward=-87.618 | success=0/2 | collision=2/2 | mean_final_distance=1.965 | mean_progress=0.1508 | min_laser=0.301 | mean_lin=0.988 | mean_ang=0.972 | mean_robot_dist=0.509 | raw_reward=-100.000 | adjusted_reward=-100.000 | coop_agents=2/2 | mean_coop_neighbors=1.00 | active_neighbor_step_rate=1.000 | mean_active_neighbors_step=1.000 | max_active_neighbors_step=1 | interaction_reward=0.0000 | abs_interaction_reward=0.0000 | anti_stag_reward=0.0000 | abs_anti_stag_reward=0.0000 | wall_clear_reward=0.0000 | abs_wall_clear_reward=0.0000 | local_nav_reward=0.0000 | abs_local_nav_reward=0.0000 | context_neighbors_mean=1.00 | context_neighbors_max=1 | last_context_neighbors_mean=0.00 | last_context_neighbors_max=0 | actor_unlocked=0 | expl_noise=0.0483 | replay=4042 | samples/sec=6.538
Episode 44 complete | agent_samples=4065 | env_steps=2883 | episode_env_steps=12 | episode_agent_samples=23 | mean_reward=-75.820 | success=0/2 | collision=2/2 | mean_final_distance=1.646 | mean_progress=0.0564 | min_laser=0.300 | mean_lin=0.980 | mean_ang=0.644 | mean_robot_dist=0.483 | raw_reward=-50.000 | adjusted_reward=-50.000 | coop_agents=0/2 | mean_coop_neighbors=0.00 | active_neighbor_step_rate=0.957 | mean_active_neighbors_step=0.957 | max_active_neighbors_step=1 | interaction_reward=0.0000 | abs_interaction_reward=0.0000 | anti_stag_reward=0.0000 | abs_anti_stag_reward=0.0000 | wall_clear_reward=0.0000 | abs_wall_clear_reward=0.0000 | local_nav_reward=0.0000 | abs_local_nav_reward=0.0000 | context_neighbors_mean=0.96 | context_neighbors_max=1 | last_context_neighbors_mean=0.00 | last_context_neighbors_max=0 | actor_unlocked=0 | expl_noise=0.0483 | replay=4065 | samples/sec=6.546
Episode 45 complete | agent_samples=4322 | env_steps=3133 | episode_env_steps=250 | episode_agent_samples=257 | mean_reward=18.098 | success=1/2 | collision=1/2 | mean_final_distance=1.197 | mean_progress=0.0225 | min_laser=0.328 | mean_lin=1.000 | mean_ang=-0.516 | mean_robot_dist=2.106 | raw_reward=50.000 | adjusted_reward=50.000 | coop_agents=0/2 | mean_coop_neighbors=0.00 | active_neighbor_step_rate=0.043 | mean_active_neighbors_step=0.043 | max_active_neighbors_step=1 | interaction_reward=0.0000 | abs_interaction_reward=0.0000 | anti_stag_reward=0.0000 | abs_anti_stag_reward=0.0000 | wall_clear_reward=0.0000 | abs_wall_clear_reward=0.0000 | local_nav_reward=0.0000 | abs_local_nav_reward=0.0000 | context_neighbors_mean=0.05 | context_neighbors_max=1 | last_context_neighbors_mean=0.00 | last_context_neighbors_max=0 | actor_unlocked=0 | expl_noise=0.0481 | replay=4322 | samples/sec=6.410
Status | epoch=1 | next_eval_in=7678 agent_samples | checkpoint_every=10 episodes | checkpoint=./checkpoints/pair_interaction_pilot_s20260724_latest.pt | model=pair_interaction_pilot_s20260724
Episode 46 complete | agent_samples=4654 | env_steps=3433 | episode_env_steps=300 | episode_agent_samples=332 | mean_reward=78.983 | success=1/2 | collision=0/2 | mean_final_distance=0.510 | mean_progress=-0.0011 | min_laser=0.657 | mean_lin=0.496 | mean_ang=-0.628 | mean_robot_dist=2.427 | raw_reward=-0.119 | adjusted_reward=-0.119 | coop_agents=0/2 | mean_coop_neighbors=0.00 | active_neighbor_step_rate=0.114 | mean_active_neighbors_step=0.114 | max_active_neighbors_step=1 | interaction_reward=0.0000 | abs_interaction_reward=0.0000 | anti_stag_reward=0.0000 | abs_anti_stag_reward=0.0000 | wall_clear_reward=0.0000 | abs_wall_clear_reward=0.0000 | local_nav_reward=0.0000 | abs_local_nav_reward=0.0000 | context_neighbors_mean=0.12 | context_neighbors_max=1 | last_context_neighbors_mean=0.00 | last_context_neighbors_max=0 | actor_unlocked=0 | expl_noise=0.0479 | replay=4654 | samples/sec=6.303
Episode 47 complete | agent_samples=4669 | env_steps=3441 | episode_env_steps=8 | episode_agent_samples=15 | mean_reward=-90.174 | success=0/2 | collision=2/2 | mean_final_distance=2.518 | mean_progress=0.0552 | min_laser=0.300 | mean_lin=0.991 | mean_ang=0.998 | mean_robot_dist=0.380 | raw_reward=-50.000 | adjusted_reward=-50.000 | coop_agents=0/2 | mean_coop_neighbors=0.00 | active_neighbor_step_rate=0.933 | mean_active_neighbors_step=0.933 | max_active_neighbors_step=1 | interaction_reward=0.0000 | abs_interaction_reward=0.0000 | anti_stag_reward=0.0000 | abs_anti_stag_reward=0.0000 | wall_clear_reward=0.0000 | abs_wall_clear_reward=0.0000 | local_nav_reward=0.0000 | abs_local_nav_reward=0.0000 | context_neighbors_mean=0.93 | context_neighbors_max=1 | last_context_neighbors_mean=0.00 | last_context_neighbors_max=0 | actor_unlocked=0 | expl_noise=0.0479 | replay=4669 | samples/sec=6.308
Episode 48 complete | agent_samples=4875 | env_steps=3607 | episode_env_steps=166 | episode_agent_samples=206 | mean_reward=134.792 | success=2/2 | collision=0/2 | mean_final_distance=0.286 | mean_progress=0.0293 | min_laser=0.815 | mean_lin=0.982 | mean_ang=-1.000 | mean_robot_dist=3.404 | raw_reward=50.000 | adjusted_reward=50.000 | coop_agents=0/2 | mean_coop_neighbors=0.00 | active_neighbor_step_rate=0.170 | mean_active_neighbors_step=0.170 | max_active_neighbors_step=1 | interaction_reward=0.0000 | abs_interaction_reward=0.0000 | anti_stag_reward=0.0000 | abs_anti_stag_reward=0.0000 | wall_clear_reward=0.0000 | abs_wall_clear_reward=0.0000 | local_nav_reward=0.0000 | abs_local_nav_reward=0.0000 | context_neighbors_mean=0.17 | context_neighbors_max=1 | last_context_neighbors_mean=0.00 | last_context_neighbors_max=0 | actor_unlocked=0 | expl_noise=0.0478 | replay=4875 | samples/sec=6.284
Episode 49 complete | agent_samples=4890 | env_steps=3615 | episode_env_steps=8 | episode_agent_samples=15 | mean_reward=-85.882 | success=0/2 | collision=2/2 | mean_final_distance=1.869 | mean_progress=0.0742 | min_laser=0.301 | mean_lin=0.982 | mean_ang=1.000 | mean_robot_dist=0.374 | raw_reward=-50.000 | adjusted_reward=-50.000 | coop_agents=0/2 | mean_coop_neighbors=0.00 | active_neighbor_step_rate=0.933 | mean_active_neighbors_step=0.933 | max_active_neighbors_step=1 | interaction_reward=0.0000 | abs_interaction_reward=0.0000 | anti_stag_reward=0.0000 | abs_anti_stag_reward=0.0000 | wall_clear_reward=0.0000 | abs_wall_clear_reward=0.0000 | local_nav_reward=0.0000 | abs_local_nav_reward=0.0000 | context_neighbors_mean=0.93 | context_neighbors_max=1 | last_context_neighbors_mean=0.00 | last_context_neighbors_max=0 | actor_unlocked=0 | expl_noise=0.0478 | replay=4890 | samples/sec=6.289
Episode 50 complete | agent_samples=4945 | env_steps=3643 | episode_env_steps=28 | episode_agent_samples=55 | mean_reward=152.895 | success=2/2 | collision=0/2 | mean_final_distance=0.194 | mean_progress=0.0799 | min_laser=0.604 | mean_lin=0.980 | mean_ang=0.983 | mean_robot_dist=2.228 | raw_reward=50.000 | adjusted_reward=50.000 | coop_agents=0/2 | mean_coop_neighbors=0.00 | active_neighbor_step_rate=0.509 | mean_active_neighbors_step=0.509 | max_active_neighbors_step=1 | interaction_reward=0.0000 | abs_interaction_reward=0.0000 | anti_stag_reward=0.0000 | abs_anti_stag_reward=0.0000 | wall_clear_reward=0.0000 | abs_wall_clear_reward=0.0000 | local_nav_reward=0.0000 | abs_local_nav_reward=0.0000 | context_neighbors_mean=0.55 | context_neighbors_max=1 | last_context_neighbors_mean=0.00 | last_context_neighbors_max=0 | actor_unlocked=0 | expl_noise=0.0478 | replay=4945 | samples/sec=6.310
Status | epoch=1 | next_eval_in=7055 agent_samples | checkpoint_every=10 episodes | checkpoint=./checkpoints/pair_interaction_pilot_s20260724_latest.pt | model=pair_interaction_pilot_s20260724
Checkpoint saved: ./checkpoints/pair_interaction_pilot_s20260724_latest.pt
Episode 51 complete | agent_samples=4987 | env_steps=3674 | episode_env_steps=31 | episode_agent_samples=42 | mean_reward=46.260 | success=1/2 | collision=1/2 | mean_final_distance=0.942 | mean_progress=0.0900 | min_laser=0.301 | mean_lin=0.836 | mean_ang=-0.026 | mean_robot_dist=1.466 | raw_reward=50.000 | adjusted_reward=50.000 | coop_agents=0/2 | mean_coop_neighbors=0.00 | active_neighbor_step_rate=0.476 | mean_active_neighbors_step=0.476 | max_active_neighbors_step=1 | interaction_reward=0.0000 | abs_interaction_reward=0.0000 | anti_stag_reward=0.0000 | abs_anti_stag_reward=0.0000 | wall_clear_reward=0.0000 | abs_wall_clear_reward=0.0000 | local_nav_reward=0.0000 | abs_local_nav_reward=0.0000 | context_neighbors_mean=0.50 | context_neighbors_max=1 | last_context_neighbors_mean=0.00 | last_context_neighbors_max=0 | actor_unlocked=0 | expl_noise=0.0478 | replay=4987 | samples/sec=6.308
Episode 52 complete | agent_samples=5143 | env_steps=3760 | episode_env_steps=86 | episode_agent_samples=156 | mean_reward=149.477 | success=2/2 | collision=0/2 | mean_final_distance=0.263 | mean_progress=0.0595 | min_laser=0.840 | mean_lin=0.991 | mean_ang=-0.968 | mean_robot_dist=3.982 | raw_reward=50.000 | adjusted_reward=50.000 | coop_agents=0/2 | mean_coop_neighbors=0.00 | active_neighbor_step_rate=0.462 | mean_active_neighbors_step=0.462 | max_active_neighbors_step=1 | interaction_reward=0.0000 | abs_interaction_reward=0.0000 | anti_stag_reward=0.0000 | abs_anti_stag_reward=0.0000 | wall_clear_reward=0.0000 | abs_wall_clear_reward=0.0000 | local_nav_reward=0.0000 | abs_local_nav_reward=0.0000 | context_neighbors_mean=0.47 | context_neighbors_max=1 | last_context_neighbors_mean=0.00 | last_context_neighbors_max=0 | actor_unlocked=0 | expl_noise=0.0477 | replay=5143 | samples/sec=6.356
Episode 53 complete | agent_samples=5382 | env_steps=3917 | episode_env_steps=157 | episode_agent_samples=239 | mean_reward=122.574 | success=2/2 | collision=0/2 | mean_final_distance=0.268 | mean_progress=0.0537 | min_laser=0.560 | mean_lin=0.998 | mean_ang=-0.996 | mean_robot_dist=3.151 | raw_reward=50.000 | adjusted_reward=50.000 | coop_agents=0/2 | mean_coop_neighbors=0.00 | active_neighbor_step_rate=0.318 | mean_active_neighbors_step=0.318 | max_active_neighbors_step=1 | interaction_reward=0.0000 | abs_interaction_reward=0.0000 | anti_stag_reward=0.0000 | abs_anti_stag_reward=0.0000 | wall_clear_reward=0.0000 | abs_wall_clear_reward=0.0000 | local_nav_reward=0.0000 | abs_local_nav_reward=0.0000 | context_neighbors_mean=0.32 | context_neighbors_max=1 | last_context_neighbors_mean=0.00 | last_context_neighbors_max=0 | actor_unlocked=0 | expl_noise=0.0476 | replay=5382 | samples/sec=6.388
Episode 54 complete | agent_samples=5449 | env_steps=3955 | episode_env_steps=38 | episode_agent_samples=67 | mean_reward=161.715 | success=2/2 | collision=0/2 | mean_final_distance=0.267 | mean_progress=0.0800 | min_laser=0.582 | mean_lin=1.000 | mean_ang=0.977 | mean_robot_dist=2.501 | raw_reward=50.000 | adjusted_reward=50.000 | coop_agents=0/2 | mean_coop_neighbors=0.00 | active_neighbor_step_rate=0.642 | mean_active_neighbors_step=0.642 | max_active_neighbors_step=1 | interaction_reward=0.0000 | abs_interaction_reward=0.0000 | anti_stag_reward=0.0000 | abs_anti_stag_reward=0.0000 | wall_clear_reward=0.0000 | abs_wall_clear_reward=0.0000 | local_nav_reward=0.0000 | abs_local_nav_reward=0.0000 | context_neighbors_mean=0.67 | context_neighbors_max=1 | last_context_neighbors_mean=0.00 | last_context_neighbors_max=0 | actor_unlocked=0 | expl_noise=0.0476 | replay=5449 | samples/sec=6.404
Episode 55 complete | agent_samples=5515 | env_steps=3992 | episode_env_steps=37 | episode_agent_samples=66 | mean_reward=140.131 | success=2/2 | collision=0/2 | mean_final_distance=0.237 | mean_progress=0.0249 | min_laser=0.788 | mean_lin=0.997 | mean_ang=-0.033 | mean_robot_dist=2.454 | raw_reward=50.000 | adjusted_reward=50.000 | coop_agents=0/2 | mean_coop_neighbors=0.00 | active_neighbor_step_rate=0.545 | mean_active_neighbors_step=0.545 | max_active_neighbors_step=1 | interaction_reward=0.0000 | abs_interaction_reward=0.0000 | anti_stag_reward=0.0000 | abs_anti_stag_reward=0.0000 | wall_clear_reward=0.0000 | abs_wall_clear_reward=0.0000 | local_nav_reward=0.0000 | abs_local_nav_reward=0.0000 | context_neighbors_mean=0.56 | context_neighbors_max=1 | last_context_neighbors_mean=0.00 | last_context_neighbors_max=0 | actor_unlocked=0 | expl_noise=0.0476 | replay=5515 | samples/sec=6.422
Status | epoch=1 | next_eval_in=6485 agent_samples | checkpoint_every=10 episodes | checkpoint=./checkpoints/pair_interaction_pilot_s20260724_latest.pt | model=pair_interaction_pilot_s20260724
Episode 56 complete | agent_samples=5588 | env_steps=4035 | episode_env_steps=43 | episode_agent_samples=73 | mean_reward=163.348 | success=2/2 | collision=0/2 | mean_final_distance=0.273 | mean_progress=0.0304 | min_laser=0.577 | mean_lin=0.998 | mean_ang=-0.232 | mean_robot_dist=2.465 | raw_reward=50.000 | adjusted_reward=50.000 | coop_agents=0/2 | mean_coop_neighbors=0.00 | active_neighbor_step_rate=0.370 | mean_active_neighbors_step=0.370 | max_active_neighbors_step=1 | interaction_reward=0.0000 | abs_interaction_reward=0.0000 | anti_stag_reward=0.0000 | abs_anti_stag_reward=0.0000 | wall_clear_reward=0.0000 | abs_wall_clear_reward=0.0000 | local_nav_reward=0.0000 | abs_local_nav_reward=0.0000 | context_neighbors_mean=0.38 | context_neighbors_max=1 | last_context_neighbors_mean=0.00 | last_context_neighbors_max=0 | actor_unlocked=0 | expl_noise=0.0476 | replay=5588 | samples/sec=6.437
Episode 57 complete | agent_samples=5709 | env_steps=4133 | episode_env_steps=98 | episode_agent_samples=121 | mean_reward=147.278 | success=2/2 | collision=0/2 | mean_final_distance=0.258 | mean_progress=0.0353 | min_laser=0.710 | mean_lin=0.979 | mean_ang=0.011 | mean_robot_dist=3.688 | raw_reward=50.000 | adjusted_reward=50.000 | coop_agents=0/2 | mean_coop_neighbors=0.00 | active_neighbor_step_rate=0.207 | mean_active_neighbors_step=0.207 | max_active_neighbors_step=1 | interaction_reward=0.0000 | abs_interaction_reward=0.0000 | anti_stag_reward=0.0000 | abs_anti_stag_reward=0.0000 | wall_clear_reward=0.0000 | abs_wall_clear_reward=0.0000 | local_nav_reward=0.0000 | abs_local_nav_reward=0.0000 | context_neighbors_mean=0.22 | context_neighbors_max=1 | last_context_neighbors_mean=0.00 | last_context_neighbors_max=0 | actor_unlocked=0 | expl_noise=0.0475 | replay=5709 | samples/sec=6.420
Episode 58 complete | agent_samples=5728 | env_steps=4143 | episode_env_steps=10 | episode_agent_samples=19 | mean_reward=-82.392 | success=0/2 | collision=2/2 | mean_final_distance=1.561 | mean_progress=0.0570 | min_laser=0.333 | mean_lin=0.987 | mean_ang=0.881 | mean_robot_dist=0.565 | raw_reward=-50.000 | adjusted_reward=-50.000 | coop_agents=0/2 | mean_coop_neighbors=0.00 | active_neighbor_step_rate=0.789 | mean_active_neighbors_step=0.789 | max_active_neighbors_step=1 | interaction_reward=0.0000 | abs_interaction_reward=0.0000 | anti_stag_reward=0.0000 | abs_anti_stag_reward=0.0000 | wall_clear_reward=0.0000 | abs_wall_clear_reward=0.0000 | local_nav_reward=0.0000 | abs_local_nav_reward=0.0000 | context_neighbors_mean=0.79 | context_neighbors_max=1 | last_context_neighbors_mean=0.00 | last_context_neighbors_max=0 | actor_unlocked=0 | expl_noise=0.0475 | replay=5728 | samples/sec=6.424
Episode 59 complete | agent_samples=5744 | env_steps=4151 | episode_env_steps=8 | episode_agent_samples=16 | mean_reward=-84.441 | success=0/2 | collision=2/2 | mean_final_distance=2.201 | mean_progress=0.1539 | min_laser=0.300 | mean_lin=0.992 | mean_ang=0.001 | mean_robot_dist=0.515 | raw_reward=-100.000 | adjusted_reward=-100.000 | coop_agents=2/2 | mean_coop_neighbors=1.00 | active_neighbor_step_rate=1.000 | mean_active_neighbors_step=1.000 | max_active_neighbors_step=1 | interaction_reward=0.0000 | abs_interaction_reward=0.0000 | anti_stag_reward=0.0000 | abs_anti_stag_reward=0.0000 | wall_clear_reward=0.0000 | abs_wall_clear_reward=0.0000 | local_nav_reward=0.0000 | abs_local_nav_reward=0.0000 | context_neighbors_mean=1.00 | context_neighbors_max=1 | last_context_neighbors_mean=0.00 | last_context_neighbors_max=0 | actor_unlocked=0 | expl_noise=0.0475 | replay=5744 | samples/sec=6.429
Episode 60 complete | agent_samples=5847 | env_steps=4232 | episode_env_steps=81 | episode_agent_samples=103 | mean_reward=146.452 | success=2/2 | collision=0/2 | mean_final_distance=0.295 | mean_progress=0.0645 | min_laser=0.828 | mean_lin=0.996 | mean_ang=0.315 | mean_robot_dist=3.631 | raw_reward=50.000 | adjusted_reward=50.000 | coop_agents=0/2 | mean_coop_neighbors=0.00 | active_neighbor_step_rate=0.204 | mean_active_neighbors_step=0.204 | max_active_neighbors_step=1 | interaction_reward=0.0000 | abs_interaction_reward=0.0000 | anti_stag_reward=0.0000 | abs_anti_stag_reward=0.0000 | wall_clear_reward=0.0000 | abs_wall_clear_reward=0.0000 | local_nav_reward=0.0000 | abs_local_nav_reward=0.0000 | context_neighbors_mean=0.22 | context_neighbors_max=1 | last_context_neighbors_mean=0.00 | last_context_neighbors_max=0 | actor_unlocked=0 | expl_noise=0.0475 | replay=5847 | samples/sec=6.420
Status | epoch=1 | next_eval_in=6153 agent_samples | checkpoint_every=10 episodes | checkpoint=./checkpoints/pair_interaction_pilot_s20260724_latest.pt | model=pair_interaction_pilot_s20260724
Checkpoint saved: ./checkpoints/pair_interaction_pilot_s20260724_latest.pt
Episode 61 complete | agent_samples=5906 | env_steps=4262 | episode_env_steps=30 | episode_agent_samples=59 | mean_reward=147.779 | success=2/2 | collision=0/2 | mean_final_distance=0.287 | mean_progress=0.0682 | min_laser=0.513 | mean_lin=0.986 | mean_ang=0.065 | mean_robot_dist=1.641 | raw_reward=50.000 | adjusted_reward=50.000 | coop_agents=0/2 | mean_coop_neighbors=0.00 | active_neighbor_step_rate=0.508 | mean_active_neighbors_step=0.508 | max_active_neighbors_step=1 | interaction_reward=0.0000 | abs_interaction_reward=0.0000 | anti_stag_reward=0.0000 | abs_anti_stag_reward=0.0000 | wall_clear_reward=0.0000 | abs_wall_clear_reward=0.0000 | local_nav_reward=0.0000 | abs_local_nav_reward=0.0000 | context_neighbors_mean=0.54 | context_neighbors_max=1 | last_context_neighbors_mean=0.00 | last_context_neighbors_max=0 | actor_unlocked=0 | expl_noise=0.0474 | replay=5906 | samples/sec=6.437
Episode 62 complete | agent_samples=6024 | env_steps=4350 | episode_env_steps=88 | episode_agent_samples=118 | mean_reward=157.738 | success=2/2 | collision=0/2 | mean_final_distance=0.298 | mean_progress=0.0736 | min_laser=0.698 | mean_lin=1.000 | mean_ang=-0.996 | mean_robot_dist=4.489 | raw_reward=50.000 | adjusted_reward=50.000 | coop_agents=0/2 | mean_coop_neighbors=0.00 | active_neighbor_step_rate=0.212 | mean_active_neighbors_step=0.212 | max_active_neighbors_step=1 | interaction_reward=0.0000 | abs_interaction_reward=0.0000 | anti_stag_reward=0.0000 | abs_anti_stag_reward=0.0000 | wall_clear_reward=0.0000 | abs_wall_clear_reward=0.0000 | local_nav_reward=0.0000 | abs_local_nav_reward=0.0000 | context_neighbors_mean=0.23 | context_neighbors_max=1 | last_context_neighbors_mean=0.00 | last_context_neighbors_max=0 | actor_unlocked=0 | expl_noise=0.0474 | replay=6024 | samples/sec=6.433
Episode 63 complete | agent_samples=6253 | env_steps=4488 | episode_env_steps=138 | episode_agent_samples=229 | mean_reward=151.568 | success=2/2 | collision=0/2 | mean_final_distance=0.290 | mean_progress=0.0181 | min_laser=0.639 | mean_lin=0.996 | mean_ang=-1.000 | mean_robot_dist=4.018 | raw_reward=50.000 | adjusted_reward=50.000 | coop_agents=0/2 | mean_coop_neighbors=0.00 | active_neighbor_step_rate=0.380 | mean_active_neighbors_step=0.380 | max_active_neighbors_step=1 | interaction_reward=0.0000 | abs_interaction_reward=0.0000 | anti_stag_reward=0.0000 | abs_anti_stag_reward=0.0000 | wall_clear_reward=0.0000 | abs_wall_clear_reward=0.0000 | local_nav_reward=0.0000 | abs_local_nav_reward=0.0000 | context_neighbors_mean=0.38 | context_neighbors_max=1 | last_context_neighbors_mean=0.00 | last_context_neighbors_max=0 | actor_unlocked=0 | expl_noise=0.0473 | replay=6253 | samples/sec=6.472
Episode 64 complete | agent_samples=6265 | env_steps=4494 | episode_env_steps=6 | episode_agent_samples=12 | mean_reward=-90.292 | success=0/2 | collision=2/2 | mean_final_distance=2.371 | mean_progress=0.1265 | min_laser=0.300 | mean_lin=0.982 | mean_ang=-0.017 | mean_robot_dist=0.520 | raw_reward=-100.000 | adjusted_reward=-100.000 | coop_agents=2/2 | mean_coop_neighbors=1.00 | active_neighbor_step_rate=1.000 | mean_active_neighbors_step=1.000 | max_active_neighbors_step=1 | interaction_reward=0.0000 | abs_interaction_reward=0.0000 | anti_stag_reward=0.0000 | abs_anti_stag_reward=0.0000 | wall_clear_reward=0.0000 | abs_wall_clear_reward=0.0000 | local_nav_reward=0.0000 | abs_local_nav_reward=0.0000 | context_neighbors_mean=1.00 | context_neighbors_max=1 | last_context_neighbors_mean=0.00 | last_context_neighbors_max=0 | actor_unlocked=0 | expl_noise=0.0473 | replay=6265 | samples/sec=6.475
Episode 65 complete | agent_samples=6327 | env_steps=4530 | episode_env_steps=36 | episode_agent_samples=62 | mean_reward=164.501 | success=2/2 | collision=0/2 | mean_final_distance=0.227 | mean_progress=0.0451 | min_laser=0.454 | mean_lin=0.990 | mean_ang=0.998 | mean_robot_dist=2.287 | raw_reward=50.000 | adjusted_reward=50.000 | coop_agents=0/2 | mean_coop_neighbors=0.00 | active_neighbor_step_rate=0.500 | mean_active_neighbors_step=0.500 | max_active_neighbors_step=1 | interaction_reward=0.0000 | abs_interaction_reward=0.0000 | anti_stag_reward=0.0000 | abs_anti_stag_reward=0.0000 | wall_clear_reward=0.0000 | abs_wall_clear_reward=0.0000 | local_nav_reward=0.0000 | abs_local_nav_reward=0.0000 | context_neighbors_mean=0.52 | context_neighbors_max=1 | last_context_neighbors_mean=0.00 | last_context_neighbors_max=0 | actor_unlocked=0 | expl_noise=0.0473 | replay=6327 | samples/sec=6.487
Status | epoch=1 | next_eval_in=5673 agent_samples | checkpoint_every=10 episodes | checkpoint=./checkpoints/pair_interaction_pilot_s20260724_latest.pt | model=pair_interaction_pilot_s20260724
Episode 66 complete | agent_samples=6359 | env_steps=4550 | episode_env_steps=20 | episode_agent_samples=32 | mean_reward=45.223 | success=1/2 | collision=1/2 | mean_final_distance=0.916 | mean_progress=0.0692 | min_laser=0.335 | mean_lin=1.000 | mean_ang=0.000 | mean_robot_dist=1.098 | raw_reward=50.000 | adjusted_reward=50.000 | coop_agents=0/2 | mean_coop_neighbors=0.00 | active_neighbor_step_rate=0.500 | mean_active_neighbors_step=0.500 | max_active_neighbors_step=1 | interaction_reward=0.0000 | abs_interaction_reward=0.0000 | anti_stag_reward=0.0000 | abs_anti_stag_reward=0.0000 | wall_clear_reward=0.0000 | abs_wall_clear_reward=0.0000 | local_nav_reward=0.0000 | abs_local_nav_reward=0.0000 | context_neighbors_mean=0.53 | context_neighbors_max=1 | last_context_neighbors_mean=0.00 | last_context_neighbors_max=0 | actor_unlocked=0 | expl_noise=0.0473 | replay=6359 | samples/sec=6.490
Episode 67 complete | agent_samples=6374 | env_steps=4558 | episode_env_steps=8 | episode_agent_samples=15 | mean_reward=-86.250 | success=0/2 | collision=2/2 | mean_final_distance=1.910 | mean_progress=0.0774 | min_laser=0.318 | mean_lin=0.985 | mean_ang=-0.969 | mean_robot_dist=0.577 | raw_reward=-50.000 | adjusted_reward=-50.000 | coop_agents=0/2 | mean_coop_neighbors=0.00 | active_neighbor_step_rate=0.933 | mean_active_neighbors_step=0.933 | max_active_neighbors_step=1 | interaction_reward=0.0000 | abs_interaction_reward=0.0000 | anti_stag_reward=0.0000 | abs_anti_stag_reward=0.0000 | wall_clear_reward=0.0000 | abs_wall_clear_reward=0.0000 | local_nav_reward=0.0000 | abs_local_nav_reward=0.0000 | context_neighbors_mean=0.93 | context_neighbors_max=1 | last_context_neighbors_mean=0.00 | last_context_neighbors_max=0 | actor_unlocked=0 | expl_noise=0.0473 | replay=6374 | samples/sec=6.494
Episode 68 complete | agent_samples=6440 | env_steps=4593 | episode_env_steps=35 | episode_agent_samples=66 | mean_reward=155.809 | success=2/2 | collision=0/2 | mean_final_distance=0.245 | mean_progress=0.0756 | min_laser=0.360 | mean_lin=0.980 | mean_ang=-0.034 | mean_robot_dist=2.415 | raw_reward=50.000 | adjusted_reward=50.000 | coop_agents=0/2 | mean_coop_neighbors=0.00 | active_neighbor_step_rate=0.561 | mean_active_neighbors_step=0.561 | max_active_neighbors_step=1 | interaction_reward=0.0000 | abs_interaction_reward=0.0000 | anti_stag_reward=0.0000 | abs_anti_stag_reward=0.0000 | wall_clear_reward=0.0000 | abs_wall_clear_reward=0.0000 | local_nav_reward=0.0000 | abs_local_nav_reward=0.0000 | context_neighbors_mean=0.59 | context_neighbors_max=1 | last_context_neighbors_mean=0.00 | last_context_neighbors_max=0 | actor_unlocked=0 | expl_noise=0.0472 | replay=6440 | samples/sec=6.510
Episode 69 complete | agent_samples=6477 | env_steps=4620 | episode_env_steps=27 | episode_agent_samples=37 | mean_reward=48.160 | success=1/2 | collision=1/2 | mean_final_distance=1.103 | mean_progress=0.0519 | min_laser=0.313 | mean_lin=0.507 | mean_ang=-0.987 | mean_robot_dist=1.885 | raw_reward=50.000 | adjusted_reward=50.000 | coop_agents=0/2 | mean_coop_neighbors=0.00 | active_neighbor_step_rate=0.486 | mean_active_neighbors_step=0.486 | max_active_neighbors_step=1 | interaction_reward=0.0000 | abs_interaction_reward=0.0000 | anti_stag_reward=0.0000 | abs_anti_stag_reward=0.0000 | wall_clear_reward=0.0000 | abs_wall_clear_reward=0.0000 | local_nav_reward=0.0000 | abs_local_nav_reward=0.0000 | context_neighbors_mean=0.51 | context_neighbors_max=1 | last_context_neighbors_mean=0.00 | last_context_neighbors_max=0 | actor_unlocked=0 | expl_noise=0.0472 | replay=6477 | samples/sec=6.509
Episode 70 complete | agent_samples=6821 | env_steps=4920 | episode_env_steps=300 | episode_agent_samples=344 | mean_reward=70.838 | success=1/2 | collision=0/2 | mean_final_distance=0.416 | mean_progress=-0.0321 | min_laser=0.854 | mean_lin=0.483 | mean_ang=-0.999 | mean_robot_dist=3.606 | raw_reward=-0.743 | adjusted_reward=-0.743 | coop_agents=0/2 | mean_coop_neighbors=0.00 | active_neighbor_step_rate=0.113 | mean_active_neighbors_step=0.113 | max_active_neighbors_step=1 | interaction_reward=0.0000 | abs_interaction_reward=0.0000 | anti_stag_reward=0.0000 | abs_anti_stag_reward=0.0000 | wall_clear_reward=0.0000 | abs_wall_clear_reward=0.0000 | local_nav_reward=0.0000 | abs_local_nav_reward=0.0000 | context_neighbors_mean=0.11 | context_neighbors_max=1 | last_context_neighbors_mean=0.00 | last_context_neighbors_max=0 | actor_unlocked=0 | expl_noise=0.0470 | replay=6821 | samples/sec=6.440
Status | epoch=1 | next_eval_in=5179 agent_samples | checkpoint_every=10 episodes | checkpoint=./checkpoints/pair_interaction_pilot_s20260724_latest.pt | model=pair_interaction_pilot_s20260724
Checkpoint saved: ./checkpoints/pair_interaction_pilot_s20260724_latest.pt
Episode 71 complete | agent_samples=6839 | env_steps=4929 | episode_env_steps=9 | episode_agent_samples=18 | mean_reward=-82.391 | success=0/2 | collision=2/2 | mean_final_distance=1.646 | mean_progress=0.1525 | min_laser=0.300 | mean_lin=0.993 | mean_ang=-0.101 | mean_robot_dist=0.483 | raw_reward=-100.000 | adjusted_reward=-100.000 | coop_agents=2/2 | mean_coop_neighbors=1.00 | active_neighbor_step_rate=1.000 | mean_active_neighbors_step=1.000 | max_active_neighbors_step=1 | interaction_reward=0.0000 | abs_interaction_reward=0.0000 | anti_stag_reward=0.0000 | abs_anti_stag_reward=0.0000 | wall_clear_reward=0.0000 | abs_wall_clear_reward=0.0000 | local_nav_reward=0.0000 | abs_local_nav_reward=0.0000 | context_neighbors_mean=1.00 | context_neighbors_max=1 | last_context_neighbors_mean=0.00 | last_context_neighbors_max=0 | actor_unlocked=0 | expl_noise=0.0470 | replay=6839 | samples/sec=6.444
Episode 72 complete | agent_samples=6853 | env_steps=4936 | episode_env_steps=7 | episode_agent_samples=14 | mean_reward=-85.899 | success=0/2 | collision=2/2 | mean_final_distance=1.788 | mean_progress=0.1348 | min_laser=0.300 | mean_lin=0.992 | mean_ang=0.017 | mean_robot_dist=0.505 | raw_reward=-100.000 | adjusted_reward=-100.000 | coop_agents=2/2 | mean_coop_neighbors=1.00 | active_neighbor_step_rate=1.000 | mean_active_neighbors_step=1.000 | max_active_neighbors_step=1 | interaction_reward=0.0000 | abs_interaction_reward=0.0000 | anti_stag_reward=0.0000 | abs_anti_stag_reward=0.0000 | wall_clear_reward=0.0000 | abs_wall_clear_reward=0.0000 | local_nav_reward=0.0000 | abs_local_nav_reward=0.0000 | context_neighbors_mean=1.00 | context_neighbors_max=1 | last_context_neighbors_mean=0.00 | last_context_neighbors_max=0 | actor_unlocked=0 | expl_noise=0.0470 | replay=6853 | samples/sec=6.447
Episode 73 complete | agent_samples=6926 | env_steps=4981 | episode_env_steps=45 | episode_agent_samples=73 | mean_reward=162.918 | success=2/2 | collision=0/2 | mean_final_distance=0.278 | mean_progress=0.0546 | min_laser=0.929 | mean_lin=0.991 | mean_ang=-1.000 | mean_robot_dist=4.330 | raw_reward=50.000 | adjusted_reward=50.000 | coop_agents=0/2 | mean_coop_neighbors=0.00 | active_neighbor_step_rate=0.370 | mean_active_neighbors_step=0.370 | max_active_neighbors_step=1 | interaction_reward=0.0000 | abs_interaction_reward=0.0000 | anti_stag_reward=0.0000 | abs_anti_stag_reward=0.0000 | wall_clear_reward=0.0000 | abs_wall_clear_reward=0.0000 | local_nav_reward=0.0000 | abs_local_nav_reward=0.0000 | context_neighbors_mean=0.40 | context_neighbors_max=1 | last_context_neighbors_mean=0.00 | last_context_neighbors_max=0 | actor_unlocked=0 | expl_noise=0.0470 | replay=6926 | samples/sec=6.456
Episode 74 complete | agent_samples=6979 | env_steps=5012 | episode_env_steps=31 | episode_agent_samples=53 | mean_reward=148.223 | success=2/2 | collision=0/2 | mean_final_distance=0.273 | mean_progress=0.0388 | min_laser=0.454 | mean_lin=1.000 | mean_ang=0.026 | mean_robot_dist=2.000 | raw_reward=50.000 | adjusted_reward=50.000 | coop_agents=0/2 | mean_coop_neighbors=0.00 | active_neighbor_step_rate=0.679 | mean_active_neighbors_step=0.679 | max_active_neighbors_step=1 | interaction_reward=0.0000 | abs_interaction_reward=0.0000 | anti_stag_reward=0.0000 | abs_anti_stag_reward=0.0000 | wall_clear_reward=0.0000 | abs_wall_clear_reward=0.0000 | local_nav_reward=0.0000 | abs_local_nav_reward=0.0000 | context_neighbors_mean=0.72 | context_neighbors_max=1 | last_context_neighbors_mean=0.00 | last_context_neighbors_max=0 | actor_unlocked=0 | expl_noise=0.0470 | replay=6979 | samples/sec=6.465
Episode 75 complete | agent_samples=7137 | env_steps=5105 | episode_env_steps=93 | episode_agent_samples=158 | mean_reward=141.102 | success=2/2 | collision=0/2 | mean_final_distance=0.227 | mean_progress=0.0605 | min_laser=0.846 | mean_lin=1.000 | mean_ang=-1.000 | mean_robot_dist=3.376 | raw_reward=50.000 | adjusted_reward=50.000 | coop_agents=0/2 | mean_coop_neighbors=0.00 | active_neighbor_step_rate=0.430 | mean_active_neighbors_step=0.430 | max_active_neighbors_step=1 | interaction_reward=0.0000 | abs_interaction_reward=0.0000 | anti_stag_reward=0.0000 | abs_anti_stag_reward=0.0000 | wall_clear_reward=0.0000 | abs_wall_clear_reward=0.0000 | local_nav_reward=0.0000 | abs_local_nav_reward=0.0000 | context_neighbors_mean=0.44 | context_neighbors_max=1 | last_context_neighbors_mean=0.00 | last_context_neighbors_max=0 | actor_unlocked=0 | expl_noise=0.0469 | replay=7137 | samples/sec=6.490
Status | epoch=1 | next_eval_in=4863 agent_samples | checkpoint_every=10 episodes | checkpoint=./checkpoints/pair_interaction_pilot_s20260724_latest.pt | model=pair_interaction_pilot_s20260724
Episode 76 complete | agent_samples=7152 | env_steps=5113 | episode_env_steps=8 | episode_agent_samples=15 | mean_reward=-86.092 | success=0/2 | collision=2/2 | mean_final_distance=2.321 | mean_progress=0.0642 | min_laser=0.301 | mean_lin=0.983 | mean_ang=0.084 | mean_robot_dist=0.418 | raw_reward=-50.000 | adjusted_reward=-50.000 | coop_agents=0/2 | mean_coop_neighbors=0.00 | active_neighbor_step_rate=0.933 | mean_active_neighbors_step=0.933 | max_active_neighbors_step=1 | interaction_reward=0.0000 | abs_interaction_reward=0.0000 | anti_stag_reward=0.0000 | abs_anti_stag_reward=0.0000 | wall_clear_reward=0.0000 | abs_wall_clear_reward=0.0000 | local_nav_reward=0.0000 | abs_local_nav_reward=0.0000 | context_neighbors_mean=0.93 | context_neighbors_max=1 | last_context_neighbors_mean=0.00 | last_context_neighbors_max=0 | actor_unlocked=0 | expl_noise=0.0469 | replay=7152 | samples/sec=6.493
Episode 77 complete | agent_samples=7184 | env_steps=5138 | episode_env_steps=25 | episode_agent_samples=32 | mean_reward=42.876 | success=1/2 | collision=1/2 | mean_final_distance=1.307 | mean_progress=0.0740 | min_laser=0.321 | mean_lin=1.000 | mean_ang=0.140 | mean_robot_dist=1.889 | raw_reward=50.000 | adjusted_reward=50.000 | coop_agents=0/2 | mean_coop_neighbors=0.00 | active_neighbor_step_rate=0.375 | mean_active_neighbors_step=0.375 | max_active_neighbors_step=1 | interaction_reward=0.0000 | abs_interaction_reward=0.0000 | anti_stag_reward=0.0000 | abs_anti_stag_reward=0.0000 | wall_clear_reward=0.0000 | abs_wall_clear_reward=0.0000 | local_nav_reward=0.0000 | abs_local_nav_reward=0.0000 | context_neighbors_mean=0.41 | context_neighbors_max=1 | last_context_neighbors_mean=0.00 | last_context_neighbors_max=0 | actor_unlocked=0 | expl_noise=0.0469 | replay=7184 | samples/sec=6.490
Episode 78 complete | agent_samples=7199 | env_steps=5146 | episode_env_steps=8 | episode_agent_samples=15 | mean_reward=-86.097 | success=0/2 | collision=2/2 | mean_final_distance=1.774 | mean_progress=0.0740 | min_laser=0.300 | mean_lin=0.966 | mean_ang=-0.708 | mean_robot_dist=0.542 | raw_reward=-50.000 | adjusted_reward=-50.000 | coop_agents=0/2 | mean_coop_neighbors=0.00 | active_neighbor_step_rate=0.933 | mean_active_neighbors_step=0.933 | max_active_neighbors_step=1 | interaction_reward=0.0000 | abs_interaction_reward=0.0000 | anti_stag_reward=0.0000 | abs_anti_stag_reward=0.0000 | wall_clear_reward=0.0000 | abs_wall_clear_reward=0.0000 | local_nav_reward=0.0000 | abs_local_nav_reward=0.0000 | context_neighbors_mean=0.93 | context_neighbors_max=1 | last_context_neighbors_mean=0.00 | last_context_neighbors_max=0 | actor_unlocked=0 | expl_noise=0.0469 | replay=7199 | samples/sec=6.492
Episode 79 complete | agent_samples=7585 | env_steps=5446 | episode_env_steps=300 | episode_agent_samples=386 | mean_reward=75.054 | success=1/2 | collision=0/2 | mean_final_distance=0.486 | mean_progress=-0.0295 | min_laser=0.483 | mean_lin=0.983 | mean_ang=-0.971 | mean_robot_dist=3.688 | raw_reward=-0.689 | adjusted_reward=-0.689 | coop_agents=0/2 | mean_coop_neighbors=0.00 | active_neighbor_step_rate=0.212 | mean_active_neighbors_step=0.212 | max_active_neighbors_step=1 | interaction_reward=0.0000 | abs_interaction_reward=0.0000 | anti_stag_reward=0.0000 | abs_anti_stag_reward=0.0000 | wall_clear_reward=0.0000 | abs_wall_clear_reward=0.0000 | local_nav_reward=0.0000 | abs_local_nav_reward=0.0000 | context_neighbors_mean=0.21 | context_neighbors_max=1 | last_context_neighbors_mean=0.00 | last_context_neighbors_max=0 | actor_unlocked=0 | expl_noise=0.0467 | replay=7585 | samples/sec=6.467
Episode 80 complete | agent_samples=7694 | env_steps=5530 | episode_env_steps=84 | episode_agent_samples=109 | mean_reward=151.610 | success=2/2 | collision=0/2 | mean_final_distance=0.272 | mean_progress=0.0240 | min_laser=0.937 | mean_lin=1.000 | mean_ang=0.000 | mean_robot_dist=3.849 | raw_reward=50.000 | adjusted_reward=50.000 | coop_agents=0/2 | mean_coop_neighbors=0.00 | active_neighbor_step_rate=0.211 | mean_active_neighbors_step=0.211 | max_active_neighbors_step=1 | interaction_reward=0.0000 | abs_interaction_reward=0.0000 | anti_stag_reward=0.0000 | abs_anti_stag_reward=0.0000 | wall_clear_reward=0.0000 | abs_wall_clear_reward=0.0000 | local_nav_reward=0.0000 | abs_local_nav_reward=0.0000 | context_neighbors_mean=0.23 | context_neighbors_max=1 | last_context_neighbors_mean=0.00 | last_context_neighbors_max=0 | actor_unlocked=0 | expl_noise=0.0467 | replay=7694 | samples/sec=6.461
Status | epoch=1 | next_eval_in=4306 agent_samples | checkpoint_every=10 episodes | checkpoint=./checkpoints/pair_interaction_pilot_s20260724_latest.pt | model=pair_interaction_pilot_s20260724
Checkpoint saved: ./checkpoints/pair_interaction_pilot_s20260724_latest.pt
Episode 81 complete | agent_samples=7846 | env_steps=5616 | episode_env_steps=86 | episode_agent_samples=152 | mean_reward=142.025 | success=2/2 | collision=0/2 | mean_final_distance=0.289 | mean_progress=0.0418 | min_laser=0.788 | mean_lin=0.993 | mean_ang=-0.998 | mean_robot_dist=3.767 | raw_reward=50.000 | adjusted_reward=50.000 | coop_agents=0/2 | mean_coop_neighbors=0.00 | active_neighbor_step_rate=0.454 | mean_active_neighbors_step=0.454 | max_active_neighbors_step=1 | interaction_reward=0.0000 | abs_interaction_reward=0.0000 | anti_stag_reward=0.0000 | abs_anti_stag_reward=0.0000 | wall_clear_reward=0.0000 | abs_wall_clear_reward=0.0000 | local_nav_reward=0.0000 | abs_local_nav_reward=0.0000 | context_neighbors_mean=0.47 | context_neighbors_max=1 | last_context_neighbors_mean=0.00 | last_context_neighbors_max=0 | actor_unlocked=0 | expl_noise=0.0466 | replay=7846 | samples/sec=6.486
Episode 82 complete | agent_samples=7987 | env_steps=5691 | episode_env_steps=75 | episode_agent_samples=141 | mean_reward=141.377 | success=2/2 | collision=0/2 | mean_final_distance=0.282 | mean_progress=0.0458 | min_laser=0.588 | mean_lin=0.980 | mean_ang=-0.987 | mean_robot_dist=3.673 | raw_reward=50.000 | adjusted_reward=50.000 | coop_agents=0/2 | mean_coop_neighbors=0.00 | active_neighbor_step_rate=0.468 | mean_active_neighbors_step=0.468 | max_active_neighbors_step=1 | interaction_reward=0.0000 | abs_interaction_reward=0.0000 | anti_stag_reward=0.0000 | abs_anti_stag_reward=0.0000 | wall_clear_reward=0.0000 | abs_wall_clear_reward=0.0000 | local_nav_reward=0.0000 | abs_local_nav_reward=0.0000 | context_neighbors_mean=0.48 | context_neighbors_max=1 | last_context_neighbors_mean=0.00 | last_context_neighbors_max=0 | actor_unlocked=0 | expl_noise=0.0466 | replay=7987 | samples/sec=6.516
Episode 83 complete | agent_samples=8078 | env_steps=5741 | episode_env_steps=50 | episode_agent_samples=91 | mean_reward=150.035 | success=2/2 | collision=0/2 | mean_final_distance=0.264 | mean_progress=0.0312 | min_laser=0.688 | mean_lin=0.989 | mean_ang=-0.981 | mean_robot_dist=3.331 | raw_reward=50.000 | adjusted_reward=50.000 | coop_agents=0/2 | mean_coop_neighbors=0.00 | active_neighbor_step_rate=0.363 | mean_active_neighbors_step=0.363 | max_active_neighbors_step=1 | interaction_reward=0.0000 | abs_interaction_reward=0.0000 | anti_stag_reward=0.0000 | abs_anti_stag_reward=0.0000 | wall_clear_reward=0.0000 | abs_wall_clear_reward=0.0000 | local_nav_reward=0.0000 | abs_local_nav_reward=0.0000 | context_neighbors_mean=0.36 | context_neighbors_max=1 | last_context_neighbors_mean=0.00 | last_context_neighbors_max=0 | actor_unlocked=0 | expl_noise=0.0466 | replay=8078 | samples/sec=6.532
Episode 84 complete | agent_samples=8096 | env_steps=5750 | episode_env_steps=9 | episode_agent_samples=18 | mean_reward=-82.511 | success=0/2 | collision=2/2 | mean_final_distance=1.667 | mean_progress=0.1495 | min_laser=0.300 | mean_lin=1.000 | mean_ang=0.009 | mean_robot_dist=0.456 | raw_reward=-100.000 | adjusted_reward=-100.000 | coop_agents=2/2 | mean_coop_neighbors=1.00 | active_neighbor_step_rate=1.000 | mean_active_neighbors_step=1.000 | max_active_neighbors_step=1 | interaction_reward=0.0000 | abs_interaction_reward=0.0000 | anti_stag_reward=0.0000 | abs_anti_stag_reward=0.0000 | wall_clear_reward=0.0000 | abs_wall_clear_reward=0.0000 | local_nav_reward=0.0000 | abs_local_nav_reward=0.0000 | context_neighbors_mean=1.00 | context_neighbors_max=1 | last_context_neighbors_mean=0.00 | last_context_neighbors_max=0 | actor_unlocked=0 | expl_noise=0.0465 | replay=8096 | samples/sec=6.536
Episode 85 complete | agent_samples=8119 | env_steps=5762 | episode_env_steps=12 | episode_agent_samples=23 | mean_reward=-77.681 | success=0/2 | collision=2/2 | mean_final_distance=1.318 | mean_progress=0.0603 | min_laser=0.300 | mean_lin=0.989 | mean_ang=-0.049 | mean_robot_dist=0.519 | raw_reward=-50.000 | adjusted_reward=-50.000 | coop_agents=0/2 | mean_coop_neighbors=0.00 | active_neighbor_step_rate=0.739 | mean_active_neighbors_step=0.739 | max_active_neighbors_step=1 | interaction_reward=0.0000 | abs_interaction_reward=0.0000 | anti_stag_reward=0.0000 | abs_anti_stag_reward=0.0000 | wall_clear_reward=0.0000 | abs_wall_clear_reward=0.0000 | local_nav_reward=0.0000 | abs_local_nav_reward=0.0000 | context_neighbors_mean=0.74 | context_neighbors_max=1 | last_context_neighbors_mean=0.00 | last_context_neighbors_max=0 | actor_unlocked=0 | expl_noise=0.0465 | replay=8119 | samples/sec=6.540
Status | epoch=1 | next_eval_in=3881 agent_samples | checkpoint_every=10 episodes | checkpoint=./checkpoints/pair_interaction_pilot_s20260724_latest.pt | model=pair_interaction_pilot_s20260724
Episode 86 complete | agent_samples=8132 | env_steps=5769 | episode_env_steps=7 | episode_agent_samples=13 | mean_reward=-87.115 | success=0/2 | collision=2/2 | mean_final_distance=2.288 | mean_progress=0.0670 | min_laser=0.316 | mean_lin=1.000 | mean_ang=0.952 | mean_robot_dist=0.553 | raw_reward=-50.000 | adjusted_reward=-50.000 | coop_agents=0/2 | mean_coop_neighbors=0.00 | active_neighbor_step_rate=0.923 | mean_active_neighbors_step=0.923 | max_active_neighbors_step=1 | interaction_reward=0.0000 | abs_interaction_reward=0.0000 | anti_stag_reward=0.0000 | abs_anti_stag_reward=0.0000 | wall_clear_reward=0.0000 | abs_wall_clear_reward=0.0000 | local_nav_reward=0.0000 | abs_local_nav_reward=0.0000 | context_neighbors_mean=0.92 | context_neighbors_max=1 | last_context_neighbors_mean=0.00 | last_context_neighbors_max=0 | actor_unlocked=0 | expl_noise=0.0465 | replay=8132 | samples/sec=6.542
Episode 87 complete | agent_samples=8462 | env_steps=6069 | episode_env_steps=300 | episode_agent_samples=330 | mean_reward=69.987 | success=1/2 | collision=0/2 | mean_final_distance=0.520 | mean_progress=0.0002 | min_laser=0.604 | mean_lin=0.498 | mean_ang=0.038 | mean_robot_dist=2.370 | raw_reward=-0.089 | adjusted_reward=-0.089 | coop_agents=0/2 | mean_coop_neighbors=0.00 | active_neighbor_step_rate=0.097 | mean_active_neighbors_step=0.097 | max_active_neighbors_step=1 | interaction_reward=0.0000 | abs_interaction_reward=0.0000 | anti_stag_reward=0.0000 | abs_anti_stag_reward=0.0000 | wall_clear_reward=0.0000 | abs_wall_clear_reward=0.0000 | local_nav_reward=0.0000 | abs_local_nav_reward=0.0000 | context_neighbors_mean=0.10 | context_neighbors_max=1 | last_context_neighbors_mean=0.00 | last_context_neighbors_max=0 | actor_unlocked=0 | expl_noise=0.0464 | replay=8462 | samples/sec=6.474
Episode 88 complete | agent_samples=8580 | env_steps=6143 | episode_env_steps=74 | episode_agent_samples=118 | mean_reward=152.513 | success=2/2 | collision=0/2 | mean_final_distance=0.270 | mean_progress=0.0602 | min_laser=0.652 | mean_lin=0.991 | mean_ang=-0.957 | mean_robot_dist=3.244 | raw_reward=50.000 | adjusted_reward=50.000 | coop_agents=0/2 | mean_coop_neighbors=0.00 | active_neighbor_step_rate=0.314 | mean_active_neighbors_step=0.314 | max_active_neighbors_step=1 | interaction_reward=0.0000 | abs_interaction_reward=0.0000 | anti_stag_reward=0.0000 | abs_anti_stag_reward=0.0000 | wall_clear_reward=0.0000 | abs_wall_clear_reward=0.0000 | local_nav_reward=0.0000 | abs_local_nav_reward=0.0000 | context_neighbors_mean=0.31 | context_neighbors_max=1 | last_context_neighbors_mean=0.00 | last_context_neighbors_max=0 | actor_unlocked=0 | expl_noise=0.0463 | replay=8580 | samples/sec=6.486
Episode 89 complete | agent_samples=8640 | env_steps=6175 | episode_env_steps=32 | episode_agent_samples=60 | mean_reward=158.181 | success=2/2 | collision=0/2 | mean_final_distance=0.233 | mean_progress=0.0296 | min_laser=0.733 | mean_lin=1.000 | mean_ang=-1.000 | mean_robot_dist=3.557 | raw_reward=50.000 | adjusted_reward=50.000 | coop_agents=0/2 | mean_coop_neighbors=0.00 | active_neighbor_step_rate=0.317 | mean_active_neighbors_step=0.317 | max_active_neighbors_step=1 | interaction_reward=0.0000 | abs_interaction_reward=0.0000 | anti_stag_reward=0.0000 | abs_anti_stag_reward=0.0000 | wall_clear_reward=0.0000 | abs_wall_clear_reward=0.0000 | local_nav_reward=0.0000 | abs_local_nav_reward=0.0000 | context_neighbors_mean=0.35 | context_neighbors_max=1 | last_context_neighbors_mean=0.00 | last_context_neighbors_max=0 | actor_unlocked=0 | expl_noise=0.0463 | replay=8640 | samples/sec=6.497
Episode 90 complete | agent_samples=8656 | env_steps=6183 | episode_env_steps=8 | episode_agent_samples=16 | mean_reward=-84.435 | success=0/2 | collision=2/2 | mean_final_distance=1.715 | mean_progress=0.1568 | min_laser=0.300 | mean_lin=0.979 | mean_ang=0.000 | mean_robot_dist=0.466 | raw_reward=-100.000 | adjusted_reward=-100.000 | coop_agents=2/2 | mean_coop_neighbors=1.00 | active_neighbor_step_rate=1.000 | mean_active_neighbors_step=1.000 | max_active_neighbors_step=1 | interaction_reward=0.0000 | abs_interaction_reward=0.0000 | anti_stag_reward=0.0000 | abs_anti_stag_reward=0.0000 | wall_clear_reward=0.0000 | abs_wall_clear_reward=0.0000 | local_nav_reward=0.0000 | abs_local_nav_reward=0.0000 | context_neighbors_mean=1.00 | context_neighbors_max=1 | last_context_neighbors_mean=0.00 | last_context_neighbors_max=0 | actor_unlocked=0 | expl_noise=0.0463 | replay=8656 | samples/sec=6.500
Status | epoch=1 | next_eval_in=3344 agent_samples | checkpoint_every=10 episodes | checkpoint=./checkpoints/pair_interaction_pilot_s20260724_latest.pt | model=pair_interaction_pilot_s20260724
Checkpoint saved: ./checkpoints/pair_interaction_pilot_s20260724_latest.pt
Episode 91 complete | agent_samples=8713 | env_steps=6212 | episode_env_steps=29 | episode_agent_samples=57 | mean_reward=157.977 | success=2/2 | collision=0/2 | mean_final_distance=0.216 | mean_progress=0.0801 | min_laser=0.844 | mean_lin=1.000 | mean_ang=-0.018 | mean_robot_dist=3.394 | raw_reward=50.000 | adjusted_reward=50.000 | coop_agents=0/2 | mean_coop_neighbors=0.00 | active_neighbor_step_rate=0.421 | mean_active_neighbors_step=0.421 | max_active_neighbors_step=1 | interaction_reward=0.0000 | abs_interaction_reward=0.0000 | anti_stag_reward=0.0000 | abs_anti_stag_reward=0.0000 | wall_clear_reward=0.0000 | abs_wall_clear_reward=0.0000 | local_nav_reward=0.0000 | abs_local_nav_reward=0.0000 | context_neighbors_mean=0.46 | context_neighbors_max=1 | last_context_neighbors_mean=0.00 | last_context_neighbors_max=0 | actor_unlocked=0 | expl_noise=0.0463 | replay=8713 | samples/sec=6.511
Episode 92 complete | agent_samples=8754 | env_steps=6241 | episode_env_steps=29 | episode_agent_samples=41 | mean_reward=49.448 | success=1/2 | collision=1/2 | mean_final_distance=0.864 | mean_progress=0.0384 | min_laser=0.343 | mean_lin=0.504 | mean_ang=-0.991 | mean_robot_dist=1.638 | raw_reward=50.000 | adjusted_reward=50.000 | coop_agents=0/2 | mean_coop_neighbors=0.00 | active_neighbor_step_rate=0.488 | mean_active_neighbors_step=0.488 | max_active_neighbors_step=1 | interaction_reward=0.0000 | abs_interaction_reward=0.0000 | anti_stag_reward=0.0000 | abs_anti_stag_reward=0.0000 | wall_clear_reward=0.0000 | abs_wall_clear_reward=0.0000 | local_nav_reward=0.0000 | abs_local_nav_reward=0.0000 | context_neighbors_mean=0.51 | context_neighbors_max=1 | last_context_neighbors_mean=0.00 | last_context_neighbors_max=0 | actor_unlocked=0 | expl_noise=0.0463 | replay=8754 | samples/sec=6.511
Episode 93 complete | agent_samples=8787 | env_steps=6258 | episode_env_steps=17 | episode_agent_samples=33 | mean_reward=-65.218 | success=0/2 | collision=2/2 | mean_final_distance=1.717 | mean_progress=0.0669 | min_laser=0.300 | mean_lin=0.993 | mean_ang=0.000 | mean_robot_dist=0.472 | raw_reward=-50.000 | adjusted_reward=-50.000 | coop_agents=0/2 | mean_coop_neighbors=0.00 | active_neighbor_step_rate=0.970 | mean_active_neighbors_step=0.970 | max_active_neighbors_step=1 | interaction_reward=0.0000 | abs_interaction_reward=0.0000 | anti_stag_reward=0.0000 | abs_anti_stag_reward=0.0000 | wall_clear_reward=0.0000 | abs_wall_clear_reward=0.0000 | local_nav_reward=0.0000 | abs_local_nav_reward=0.0000 | context_neighbors_mean=0.97 | context_neighbors_max=1 | last_context_neighbors_mean=0.00 | last_context_neighbors_max=0 | actor_unlocked=0 | expl_noise=0.0462 | replay=8787 | samples/sec=6.517
Episode 94 complete | agent_samples=8820 | env_steps=6275 | episode_env_steps=17 | episode_agent_samples=33 | mean_reward=-66.894 | success=0/2 | collision=2/2 | mean_final_distance=1.548 | mean_progress=0.0687 | min_laser=0.302 | mean_lin=0.938 | mean_ang=-0.005 | mean_robot_dist=0.558 | raw_reward=-50.000 | adjusted_reward=-50.000 | coop_agents=0/2 | mean_coop_neighbors=0.00 | active_neighbor_step_rate=0.970 | mean_active_neighbors_step=0.970 | max_active_neighbors_step=1 | interaction_reward=0.0000 | abs_interaction_reward=0.0000 | anti_stag_reward=0.0000 | abs_anti_stag_reward=0.0000 | wall_clear_reward=0.0000 | abs_wall_clear_reward=0.0000 | local_nav_reward=0.0000 | abs_local_nav_reward=0.0000 | context_neighbors_mean=0.97 | context_neighbors_max=1 | last_context_neighbors_mean=0.00 | last_context_neighbors_max=0 | actor_unlocked=0 | expl_noise=0.0462 | replay=8820 | samples/sec=6.523
Episode 95 complete | agent_samples=8969 | env_steps=6357 | episode_env_steps=82 | episode_agent_samples=149 | mean_reward=144.680 | success=2/2 | collision=0/2 | mean_final_distance=0.257 | mean_progress=0.0509 | min_laser=0.841 | mean_lin=0.998 | mean_ang=-0.986 | mean_robot_dist=3.669 | raw_reward=50.000 | adjusted_reward=50.000 | coop_agents=0/2 | mean_coop_neighbors=0.00 | active_neighbor_step_rate=0.456 | mean_active_neighbors_step=0.456 | max_active_neighbors_step=1 | interaction_reward=0.0000 | abs_interaction_reward=0.0000 | anti_stag_reward=0.0000 | abs_anti_stag_reward=0.0000 | wall_clear_reward=0.0000 | abs_wall_clear_reward=0.0000 | local_nav_reward=0.0000 | abs_local_nav_reward=0.0000 | context_neighbors_mean=0.47 | context_neighbors_max=1 | last_context_neighbors_mean=0.00 | last_context_neighbors_max=0 | actor_unlocked=0 | expl_noise=0.0462 | replay=8969 | samples/sec=6.548
Status | epoch=1 | next_eval_in=3031 agent_samples | checkpoint_every=10 episodes | checkpoint=./checkpoints/pair_interaction_pilot_s20260724_latest.pt | model=pair_interaction_pilot_s20260724
Episode 96 complete | agent_samples=8997 | env_steps=6371 | episode_env_steps=14 | episode_agent_samples=28 | mean_reward=-72.399 | success=0/2 | collision=2/2 | mean_final_distance=1.527 | mean_progress=0.1216 | min_laser=0.302 | mean_lin=0.995 | mean_ang=-0.684 | mean_robot_dist=0.545 | raw_reward=-100.000 | adjusted_reward=-100.000 | coop_agents=2/2 | mean_coop_neighbors=1.00 | active_neighbor_step_rate=1.000 | mean_active_neighbors_step=1.000 | max_active_neighbors_step=1 | interaction_reward=0.0000 | abs_interaction_reward=0.0000 | anti_stag_reward=0.0000 | abs_anti_stag_reward=0.0000 | wall_clear_reward=0.0000 | abs_wall_clear_reward=0.0000 | local_nav_reward=0.0000 | abs_local_nav_reward=0.0000 | context_neighbors_mean=1.00 | context_neighbors_max=1 | last_context_neighbors_mean=0.00 | last_context_neighbors_max=0 | actor_unlocked=0 | expl_noise=0.0462 | replay=8997 | samples/sec=6.554
Episode 97 complete | agent_samples=9276 | env_steps=6608 | episode_env_steps=237 | episode_agent_samples=279 | mean_reward=139.601 | success=2/2 | collision=0/2 | mean_final_distance=0.233 | mean_progress=0.0261 | min_laser=0.895 | mean_lin=0.996 | mean_ang=-0.960 | mean_robot_dist=3.557 | raw_reward=50.000 | adjusted_reward=50.000 | coop_agents=0/2 | mean_coop_neighbors=0.00 | active_neighbor_step_rate=0.136 | mean_active_neighbors_step=0.136 | max_active_neighbors_step=1 | interaction_reward=0.0000 | abs_interaction_reward=0.0000 | anti_stag_reward=0.0000 | abs_anti_stag_reward=0.0000 | wall_clear_reward=0.0000 | abs_wall_clear_reward=0.0000 | local_nav_reward=0.0000 | abs_local_nav_reward=0.0000 | context_neighbors_mean=0.14 | context_neighbors_max=1 | last_context_neighbors_mean=0.00 | last_context_neighbors_max=0 | actor_unlocked=0 | expl_noise=0.0460 | replay=9276 | samples/sec=6.516
Episode 98 complete | agent_samples=9347 | env_steps=6665 | episode_env_steps=57 | episode_agent_samples=71 | mean_reward=42.030 | success=1/2 | collision=1/2 | mean_final_distance=0.605 | mean_progress=0.0652 | min_laser=0.324 | mean_lin=0.505 | mean_ang=0.019 | mean_robot_dist=0.817 | raw_reward=50.000 | adjusted_reward=50.000 | coop_agents=0/2 | mean_coop_neighbors=0.00 | active_neighbor_step_rate=0.239 | mean_active_neighbors_step=0.239 | max_active_neighbors_step=1 | interaction_reward=0.0000 | abs_interaction_reward=0.0000 | anti_stag_reward=0.0000 | abs_anti_stag_reward=0.0000 | wall_clear_reward=0.0000 | abs_wall_clear_reward=0.0000 | local_nav_reward=0.0000 | abs_local_nav_reward=0.0000 | context_neighbors_mean=0.25 | context_neighbors_max=1 | last_context_neighbors_mean=0.00 | last_context_neighbors_max=0 | actor_unlocked=0 | expl_noise=0.0460 | replay=9347 | samples/sec=6.509
Episode 99 complete | agent_samples=9450 | env_steps=6738 | episode_env_steps=73 | episode_agent_samples=103 | mean_reward=144.190 | success=2/2 | collision=0/2 | mean_final_distance=0.253 | mean_progress=0.0446 | min_laser=0.411 | mean_lin=0.993 | mean_ang=0.000 | mean_robot_dist=2.001 | raw_reward=50.000 | adjusted_reward=50.000 | coop_agents=0/2 | mean_coop_neighbors=0.00 | active_neighbor_step_rate=0.340 | mean_active_neighbors_step=0.340 | max_active_neighbors_step=1 | interaction_reward=0.0000 | abs_interaction_reward=0.0000 | anti_stag_reward=0.0000 | abs_anti_stag_reward=0.0000 | wall_clear_reward=0.0000 | abs_wall_clear_reward=0.0000 | local_nav_reward=0.0000 | abs_local_nav_reward=0.0000 | context_neighbors_mean=0.36 | context_neighbors_max=1 | last_context_neighbors_mean=0.00 | last_context_neighbors_max=0 | actor_unlocked=0 | expl_noise=0.0460 | replay=9450 | samples/sec=6.510
Episode 100 complete | agent_samples=9462 | env_steps=6744 | episode_env_steps=6 | episode_agent_samples=12 | mean_reward=-90.954 | success=0/2 | collision=2/2 | mean_final_distance=2.092 | mean_progress=0.1364 | min_laser=0.301 | mean_lin=0.947 | mean_ang=0.008 | mean_robot_dist=0.551 | raw_reward=-100.000 | adjusted_reward=-100.000 | coop_agents=2/2 | mean_coop_neighbors=1.00 | active_neighbor_step_rate=1.000 | mean_active_neighbors_step=1.000 | max_active_neighbors_step=1 | interaction_reward=0.0000 | abs_interaction_reward=0.0000 | anti_stag_reward=0.0000 | abs_anti_stag_reward=0.0000 | wall_clear_reward=0.0000 | abs_wall_clear_reward=0.0000 | local_nav_reward=0.0000 | abs_local_nav_reward=0.0000 | context_neighbors_mean=1.00 | context_neighbors_max=1 | last_context_neighbors_mean=0.00 | last_context_neighbors_max=0 | actor_unlocked=0 | expl_noise=0.0460 | replay=9462 | samples/sec=6.512
Status | epoch=1 | next_eval_in=2538 agent_samples | checkpoint_every=10 episodes | checkpoint=./checkpoints/pair_interaction_pilot_s20260724_latest.pt | model=pair_interaction_pilot_s20260724
Checkpoint saved: ./checkpoints/pair_interaction_pilot_s20260724_latest.pt
Episode 101 complete | agent_samples=9501 | env_steps=6764 | episode_env_steps=20 | episode_agent_samples=39 | mean_reward=-69.141 | success=0/2 | collision=2/2 | mean_final_distance=1.260 | mean_progress=0.0296 | min_laser=0.300 | mean_lin=0.988 | mean_ang=0.636 | mean_robot_dist=0.472 | raw_reward=-50.000 | adjusted_reward=-50.000 | coop_agents=0/2 | mean_coop_neighbors=0.00 | active_neighbor_step_rate=0.641 | mean_active_neighbors_step=0.641 | max_active_neighbors_step=1 | interaction_reward=0.0000 | abs_interaction_reward=0.0000 | anti_stag_reward=0.0000 | abs_anti_stag_reward=0.0000 | wall_clear_reward=0.0000 | abs_wall_clear_reward=0.0000 | local_nav_reward=0.0000 | abs_local_nav_reward=0.0000 | context_neighbors_mean=0.64 | context_neighbors_max=1 | last_context_neighbors_mean=0.00 | last_context_neighbors_max=0 | actor_unlocked=0 | expl_noise=0.0459 | replay=9501 | samples/sec=6.518
Episode 102 complete | agent_samples=9883 | env_steps=7064 | episode_env_steps=300 | episode_agent_samples=382 | mean_reward=64.139 | success=1/2 | collision=0/2 | mean_final_distance=0.581 | mean_progress=0.0160 | min_laser=0.587 | mean_lin=0.985 | mean_ang=-0.984 | mean_robot_dist=2.464 | raw_reward=0.220 | adjusted_reward=0.220 | coop_agents=0/2 | mean_coop_neighbors=0.00 | active_neighbor_step_rate=0.220 | mean_active_neighbors_step=0.220 | max_active_neighbors_step=1 | interaction_reward=0.0000 | abs_interaction_reward=0.0000 | anti_stag_reward=0.0000 | abs_anti_stag_reward=0.0000 | wall_clear_reward=0.0000 | abs_wall_clear_reward=0.0000 | local_nav_reward=0.0000 | abs_local_nav_reward=0.0000 | context_neighbors_mean=0.22 | context_neighbors_max=1 | last_context_neighbors_mean=0.00 | last_context_neighbors_max=0 | actor_unlocked=0 | expl_noise=0.0458 | replay=9883 | samples/sec=6.494
Episode 103 complete | agent_samples=9923 | env_steps=7088 | episode_env_steps=24 | episode_agent_samples=40 | mean_reward=36.518 | success=1/2 | collision=1/2 | mean_final_distance=0.930 | mean_progress=0.0645 | min_laser=0.341 | mean_lin=0.991 | mean_ang=0.027 | mean_robot_dist=0.737 | raw_reward=50.000 | adjusted_reward=50.000 | coop_agents=0/2 | mean_coop_neighbors=0.00 | active_neighbor_step_rate=0.725 | mean_active_neighbors_step=0.725 | max_active_neighbors_step=1 | interaction_reward=0.0000 | abs_interaction_reward=0.0000 | anti_stag_reward=0.0000 | abs_anti_stag_reward=0.0000 | wall_clear_reward=0.0000 | abs_wall_clear_reward=0.0000 | local_nav_reward=0.0000 | abs_local_nav_reward=0.0000 | context_neighbors_mean=0.72 | context_neighbors_max=1 | last_context_neighbors_mean=0.00 | last_context_neighbors_max=0 | actor_unlocked=0 | expl_noise=0.0457 | replay=9923 | samples/sec=6.498
Episode 104 complete | agent_samples=10155 | env_steps=7282 | episode_env_steps=194 | episode_agent_samples=232 | mean_reward=137.635 | success=2/2 | collision=0/2 | mean_final_distance=0.276 | mean_progress=0.0276 | min_laser=0.854 | mean_lin=0.989 | mean_ang=-0.993 | mean_robot_dist=3.635 | raw_reward=50.000 | adjusted_reward=50.000 | coop_agents=0/2 | mean_coop_neighbors=0.00 | active_neighbor_step_rate=0.142 | mean_active_neighbors_step=0.142 | max_active_neighbors_step=1 | interaction_reward=0.0000 | abs_interaction_reward=0.0000 | anti_stag_reward=0.0000 | abs_anti_stag_reward=0.0000 | wall_clear_reward=0.0000 | abs_wall_clear_reward=0.0000 | local_nav_reward=0.0000 | abs_local_nav_reward=0.0000 | context_neighbors_mean=0.14 | context_neighbors_max=1 | last_context_neighbors_mean=0.00 | last_context_neighbors_max=0 | actor_unlocked=0 | expl_noise=0.0456 | replay=10155 | samples/sec=6.475
Episode 105 complete | agent_samples=10166 | env_steps=7288 | episode_env_steps=6 | episode_agent_samples=11 | mean_reward=-89.312 | success=0/2 | collision=2/2 | mean_final_distance=2.032 | mean_progress=0.0786 | min_laser=0.300 | mean_lin=0.990 | mean_ang=0.000 | mean_robot_dist=0.447 | raw_reward=-50.000 | adjusted_reward=-50.000 | coop_agents=0/2 | mean_coop_neighbors=0.00 | active_neighbor_step_rate=0.909 | mean_active_neighbors_step=0.909 | max_active_neighbors_step=1 | interaction_reward=0.0000 | abs_interaction_reward=0.0000 | anti_stag_reward=0.0000 | abs_anti_stag_reward=0.0000 | wall_clear_reward=0.0000 | abs_wall_clear_reward=0.0000 | local_nav_reward=0.0000 | abs_local_nav_reward=0.0000 | context_neighbors_mean=0.91 | context_neighbors_max=1 | last_context_neighbors_mean=0.00 | last_context_neighbors_max=0 | actor_unlocked=0 | expl_noise=0.0456 | replay=10166 | samples/sec=6.476
Status | epoch=1 | next_eval_in=1834 agent_samples | checkpoint_every=10 episodes | checkpoint=./checkpoints/pair_interaction_pilot_s20260724_latest.pt | model=pair_interaction_pilot_s20260724
Episode 106 complete | agent_samples=10178 | env_steps=7294 | episode_env_steps=6 | episode_agent_samples=12 | mean_reward=-87.132 | success=0/2 | collision=2/2 | mean_final_distance=1.866 | mean_progress=0.1506 | min_laser=0.301 | mean_lin=0.977 | mean_ang=1.000 | mean_robot_dist=0.500 | raw_reward=-100.000 | adjusted_reward=-100.000 | coop_agents=2/2 | mean_coop_neighbors=1.00 | active_neighbor_step_rate=1.000 | mean_active_neighbors_step=1.000 | max_active_neighbors_step=1 | interaction_reward=0.0000 | abs_interaction_reward=0.0000 | anti_stag_reward=0.0000 | abs_anti_stag_reward=0.0000 | wall_clear_reward=0.0000 | abs_wall_clear_reward=0.0000 | local_nav_reward=0.0000 | abs_local_nav_reward=0.0000 | context_neighbors_mean=1.00 | context_neighbors_max=1 | last_context_neighbors_mean=0.00 | last_context_neighbors_max=0 | actor_unlocked=0 | expl_noise=0.0456 | replay=10178 | samples/sec=6.478
Episode 107 complete | agent_samples=10222 | env_steps=7317 | episode_env_steps=23 | episode_agent_samples=44 | mean_reward=148.779 | success=2/2 | collision=0/2 | mean_final_distance=0.264 | mean_progress=0.0822 | min_laser=0.715 | mean_lin=0.987 | mean_ang=0.517 | mean_robot_dist=3.059 | raw_reward=50.000 | adjusted_reward=50.000 | coop_agents=0/2 | mean_coop_neighbors=0.00 | active_neighbor_step_rate=0.477 | mean_active_neighbors_step=0.477 | max_active_neighbors_step=1 | interaction_reward=0.0000 | abs_interaction_reward=0.0000 | anti_stag_reward=0.0000 | abs_anti_stag_reward=0.0000 | wall_clear_reward=0.0000 | abs_wall_clear_reward=0.0000 | local_nav_reward=0.0000 | abs_local_nav_reward=0.0000 | context_neighbors_mean=0.52 | context_neighbors_max=1 | last_context_neighbors_mean=0.00 | last_context_neighbors_max=0 | actor_unlocked=0 | expl_noise=0.0456 | replay=10222 | samples/sec=6.485
Episode 108 complete | agent_samples=10270 | env_steps=7341 | episode_env_steps=24 | episode_agent_samples=48 | mean_reward=152.378 | success=2/2 | collision=0/2 | mean_final_distance=0.203 | mean_progress=0.1632 | min_laser=0.997 | mean_lin=0.994 | mean_ang=0.876 | mean_robot_dist=2.958 | raw_reward=100.000 | adjusted_reward=100.000 | coop_agents=0/2 | mean_coop_neighbors=0.00 | active_neighbor_step_rate=0.458 | mean_active_neighbors_step=0.458 | max_active_neighbors_step=1 | interaction_reward=0.0000 | abs_interaction_reward=0.0000 | anti_stag_reward=0.0000 | abs_anti_stag_reward=0.0000 | wall_clear_reward=0.0000 | abs_wall_clear_reward=0.0000 | local_nav_reward=0.0000 | abs_local_nav_reward=0.0000 | context_neighbors_mean=0.50 | context_neighbors_max=1 | last_context_neighbors_mean=0.00 | last_context_neighbors_max=0 | actor_unlocked=0 | expl_noise=0.0456 | replay=10270 | samples/sec=6.495
Episode 109 complete | agent_samples=10339 | env_steps=7383 | episode_env_steps=42 | episode_agent_samples=69 | mean_reward=156.158 | success=2/2 | collision=0/2 | mean_final_distance=0.279 | mean_progress=0.0314 | min_laser=0.650 | mean_lin=0.918 | mean_ang=-0.961 | mean_robot_dist=2.939 | raw_reward=50.000 | adjusted_reward=50.000 | coop_agents=0/2 | mean_coop_neighbors=0.00 | active_neighbor_step_rate=0.391 | mean_active_neighbors_step=0.391 | max_active_neighbors_step=1 | interaction_reward=0.0000 | abs_interaction_reward=0.0000 | anti_stag_reward=0.0000 | abs_anti_stag_reward=0.0000 | wall_clear_reward=0.0000 | abs_wall_clear_reward=0.0000 | local_nav_reward=0.0000 | abs_local_nav_reward=0.0000 | context_neighbors_mean=0.42 | context_neighbors_max=1 | last_context_neighbors_mean=0.00 | last_context_neighbors_max=0 | actor_unlocked=0 | expl_noise=0.0456 | replay=10339 | samples/sec=6.501
Episode 110 complete | agent_samples=10488 | env_steps=7461 | episode_env_steps=78 | episode_agent_samples=149 | mean_reward=139.872 | success=2/2 | collision=0/2 | mean_final_distance=0.269 | mean_progress=0.0386 | min_laser=0.575 | mean_lin=0.981 | mean_ang=-0.949 | mean_robot_dist=3.478 | raw_reward=50.000 | adjusted_reward=50.000 | coop_agents=0/2 | mean_coop_neighbors=0.00 | active_neighbor_step_rate=0.430 | mean_active_neighbors_step=0.430 | max_active_neighbors_step=1 | interaction_reward=0.0000 | abs_interaction_reward=0.0000 | anti_stag_reward=0.0000 | abs_anti_stag_reward=0.0000 | wall_clear_reward=0.0000 | abs_wall_clear_reward=0.0000 | local_nav_reward=0.0000 | abs_local_nav_reward=0.0000 | context_neighbors_mean=0.44 | context_neighbors_max=1 | last_context_neighbors_mean=0.00 | last_context_neighbors_max=0 | actor_unlocked=0 | expl_noise=0.0455 | replay=10488 | samples/sec=6.526
Status | epoch=1 | next_eval_in=1512 agent_samples | checkpoint_every=10 episodes | checkpoint=./checkpoints/pair_interaction_pilot_s20260724_latest.pt | model=pair_interaction_pilot_s20260724
Checkpoint saved: ./checkpoints/pair_interaction_pilot_s20260724_latest.pt
Episode 111 complete | agent_samples=10696 | env_steps=7580 | episode_env_steps=119 | episode_agent_samples=208 | mean_reward=137.809 | success=2/2 | collision=0/2 | mean_final_distance=0.287 | mean_progress=0.0452 | min_laser=0.534 | mean_lin=1.000 | mean_ang=-0.985 | mean_robot_dist=3.646 | raw_reward=50.000 | adjusted_reward=50.000 | coop_agents=0/2 | mean_coop_neighbors=0.00 | active_neighbor_step_rate=0.399 | mean_active_neighbors_step=0.399 | max_active_neighbors_step=1 | interaction_reward=0.0000 | abs_interaction_reward=0.0000 | anti_stag_reward=0.0000 | abs_anti_stag_reward=0.0000 | wall_clear_reward=0.0000 | abs_wall_clear_reward=0.0000 | local_nav_reward=0.0000 | abs_local_nav_reward=0.0000 | context_neighbors_mean=0.40 | context_neighbors_max=1 | last_context_neighbors_mean=0.00 | last_context_neighbors_max=0 | actor_unlocked=0 | expl_noise=0.0455 | replay=10696 | samples/sec=6.550
Episode 112 complete | agent_samples=10734 | env_steps=7599 | episode_env_steps=19 | episode_agent_samples=38 | mean_reward=-66.581 | success=0/2 | collision=2/2 | mean_final_distance=1.516 | mean_progress=0.0666 | min_laser=0.309 | mean_lin=0.006 | mean_ang=-0.990 | mean_robot_dist=0.544 | raw_reward=-100.000 | adjusted_reward=-100.000 | coop_agents=2/2 | mean_coop_neighbors=1.00 | active_neighbor_step_rate=0.842 | mean_active_neighbors_step=0.842 | max_active_neighbors_step=1 | interaction_reward=0.0000 | abs_interaction_reward=0.0000 | anti_stag_reward=0.0000 | abs_anti_stag_reward=0.0000 | wall_clear_reward=0.0000 | abs_wall_clear_reward=0.0000 | local_nav_reward=0.0000 | abs_local_nav_reward=0.0000 | context_neighbors_mean=0.84 | context_neighbors_max=1 | last_context_neighbors_mean=0.00 | last_context_neighbors_max=0 | actor_unlocked=0 | expl_noise=0.0454 | replay=10734 | samples/sec=6.557
Episode 113 complete | agent_samples=11132 | env_steps=7899 | episode_env_steps=300 | episode_agent_samples=398 | mean_reward=63.926 | success=1/2 | collision=0/2 | mean_final_distance=0.481 | mean_progress=0.0434 | min_laser=0.413 | mean_lin=0.994 | mean_ang=-0.025 | mean_robot_dist=1.894 | raw_reward=0.768 | adjusted_reward=0.768 | coop_agents=0/2 | mean_coop_neighbors=0.00 | active_neighbor_step_rate=0.261 | mean_active_neighbors_step=0.261 | max_active_neighbors_step=1 | interaction_reward=0.0000 | abs_interaction_reward=0.0000 | anti_stag_reward=0.0000 | abs_anti_stag_reward=0.0000 | wall_clear_reward=0.0000 | abs_wall_clear_reward=0.0000 | local_nav_reward=0.0000 | abs_local_nav_reward=0.0000 | context_neighbors_mean=0.26 | context_neighbors_max=1 | last_context_neighbors_mean=0.00 | last_context_neighbors_max=0 | actor_unlocked=0 | expl_noise=0.0453 | replay=11132 | samples/sec=6.544
Episode 114 complete | agent_samples=11201 | env_steps=7937 | episode_env_steps=38 | episode_agent_samples=69 | mean_reward=152.420 | success=2/2 | collision=0/2 | mean_final_distance=0.260 | mean_progress=0.0670 | min_laser=0.969 | mean_lin=0.998 | mean_ang=0.000 | mean_robot_dist=3.861 | raw_reward=50.000 | adjusted_reward=50.000 | coop_agents=0/2 | mean_coop_neighbors=0.00 | active_neighbor_step_rate=0.304 | mean_active_neighbors_step=0.304 | max_active_neighbors_step=1 | interaction_reward=0.0000 | abs_interaction_reward=0.0000 | anti_stag_reward=0.0000 | abs_anti_stag_reward=0.0000 | wall_clear_reward=0.0000 | abs_wall_clear_reward=0.0000 | local_nav_reward=0.0000 | abs_local_nav_reward=0.0000 | context_neighbors_mean=0.33 | context_neighbors_max=1 | last_context_neighbors_mean=0.00 | last_context_neighbors_max=0 | actor_unlocked=0 | expl_noise=0.0452 | replay=11201 | samples/sec=6.552
Episode 115 complete | agent_samples=11273 | env_steps=7977 | episode_env_steps=40 | episode_agent_samples=72 | mean_reward=158.806 | success=2/2 | collision=0/2 | mean_final_distance=0.254 | mean_progress=0.0096 | min_laser=0.680 | mean_lin=0.948 | mean_ang=-0.985 | mean_robot_dist=2.036 | raw_reward=50.000 | adjusted_reward=50.000 | coop_agents=0/2 | mean_coop_neighbors=0.00 | active_neighbor_step_rate=0.514 | mean_active_neighbors_step=0.514 | max_active_neighbors_step=1 | interaction_reward=0.0000 | abs_interaction_reward=0.0000 | anti_stag_reward=0.0000 | abs_anti_stag_reward=0.0000 | wall_clear_reward=0.0000 | abs_wall_clear_reward=0.0000 | local_nav_reward=0.0000 | abs_local_nav_reward=0.0000 | context_neighbors_mean=0.53 | context_neighbors_max=1 | last_context_neighbors_mean=0.00 | last_context_neighbors_max=0 | actor_unlocked=0 | expl_noise=0.0452 | replay=11273 | samples/sec=6.561
Status | epoch=1 | next_eval_in=727 agent_samples | checkpoint_every=10 episodes | checkpoint=./checkpoints/pair_interaction_pilot_s20260724_latest.pt | model=pair_interaction_pilot_s20260724
Episode 116 complete | agent_samples=11287 | env_steps=7984 | episode_env_steps=7 | episode_agent_samples=14 | mean_reward=-86.661 | success=0/2 | collision=2/2 | mean_final_distance=1.843 | mean_progress=0.1268 | min_laser=0.300 | mean_lin=0.997 | mean_ang=-0.963 | mean_robot_dist=0.543 | raw_reward=-100.000 | adjusted_reward=-100.000 | coop_agents=2/2 | mean_coop_neighbors=1.00 | active_neighbor_step_rate=1.000 | mean_active_neighbors_step=1.000 | max_active_neighbors_step=1 | interaction_reward=0.0000 | abs_interaction_reward=0.0000 | anti_stag_reward=0.0000 | abs_anti_stag_reward=0.0000 | wall_clear_reward=0.0000 | abs_wall_clear_reward=0.0000 | local_nav_reward=0.0000 | abs_local_nav_reward=0.0000 | context_neighbors_mean=1.00 | context_neighbors_max=1 | last_context_neighbors_mean=0.00 | last_context_neighbors_max=0 | actor_unlocked=0 | expl_noise=0.0452 | replay=11287 | samples/sec=6.563
Episode 117 complete | agent_samples=11324 | env_steps=8011 | episode_env_steps=27 | episode_agent_samples=37 | mean_reward=47.706 | success=1/2 | collision=1/2 | mean_final_distance=0.962 | mean_progress=0.0762 | min_laser=0.324 | mean_lin=0.989 | mean_ang=-0.008 | mean_robot_dist=1.484 | raw_reward=50.000 | adjusted_reward=50.000 | coop_agents=0/2 | mean_coop_neighbors=0.00 | active_neighbor_step_rate=0.486 | mean_active_neighbors_step=0.486 | max_active_neighbors_step=1 | interaction_reward=0.0000 | abs_interaction_reward=0.0000 | anti_stag_reward=0.0000 | abs_anti_stag_reward=0.0000 | wall_clear_reward=0.0000 | abs_wall_clear_reward=0.0000 | local_nav_reward=0.0000 | abs_local_nav_reward=0.0000 | context_neighbors_mean=0.51 | context_neighbors_max=1 | last_context_neighbors_mean=0.00 | last_context_neighbors_max=0 | actor_unlocked=0 | expl_noise=0.0452 | replay=11324 | samples/sec=6.562
Episode 118 complete | agent_samples=11337 | env_steps=8018 | episode_env_steps=7 | episode_agent_samples=13 | mean_reward=-88.998 | success=0/2 | collision=2/2 | mean_final_distance=2.277 | mean_progress=0.0763 | min_laser=0.300 | mean_lin=0.998 | mean_ang=0.995 | mean_robot_dist=0.410 | raw_reward=-50.000 | adjusted_reward=-50.000 | coop_agents=0/2 | mean_coop_neighbors=0.00 | active_neighbor_step_rate=0.923 | mean_active_neighbors_step=0.923 | max_active_neighbors_step=1 | interaction_reward=0.0000 | abs_interaction_reward=0.0000 | anti_stag_reward=0.0000 | abs_anti_stag_reward=0.0000 | wall_clear_reward=0.0000 | abs_wall_clear_reward=0.0000 | local_nav_reward=0.0000 | abs_local_nav_reward=0.0000 | context_neighbors_mean=0.92 | context_neighbors_max=1 | last_context_neighbors_mean=0.00 | last_context_neighbors_max=0 | actor_unlocked=0 | expl_noise=0.0452 | replay=11337 | samples/sec=6.564
Episode 119 complete | agent_samples=11401 | env_steps=8055 | episode_env_steps=37 | episode_agent_samples=64 | mean_reward=162.426 | success=2/2 | collision=0/2 | mean_final_distance=0.226 | mean_progress=0.0733 | min_laser=0.424 | mean_lin=0.989 | mean_ang=0.972 | mean_robot_dist=2.536 | raw_reward=50.000 | adjusted_reward=50.000 | coop_agents=0/2 | mean_coop_neighbors=0.00 | active_neighbor_step_rate=0.625 | mean_active_neighbors_step=0.625 | max_active_neighbors_step=1 | interaction_reward=0.0000 | abs_interaction_reward=0.0000 | anti_stag_reward=0.0000 | abs_anti_stag_reward=0.0000 | wall_clear_reward=0.0000 | abs_wall_clear_reward=0.0000 | local_nav_reward=0.0000 | abs_local_nav_reward=0.0000 | context_neighbors_mean=0.66 | context_neighbors_max=1 | last_context_neighbors_mean=0.00 | last_context_neighbors_max=0 | actor_unlocked=0 | expl_noise=0.0452 | replay=11401 | samples/sec=6.570
Episode 120 complete | agent_samples=11475 | env_steps=8103 | episode_env_steps=48 | episode_agent_samples=74 | mean_reward=158.650 | success=2/2 | collision=0/2 | mean_final_distance=0.222 | mean_progress=0.0604 | min_laser=1.021 | mean_lin=0.990 | mean_ang=-0.988 | mean_robot_dist=3.997 | raw_reward=50.000 | adjusted_reward=50.000 | coop_agents=0/2 | mean_coop_neighbors=0.00 | active_neighbor_step_rate=0.338 | mean_active_neighbors_step=0.338 | max_active_neighbors_step=1 | interaction_reward=0.0000 | abs_interaction_reward=0.0000 | anti_stag_reward=0.0000 | abs_anti_stag_reward=0.0000 | wall_clear_reward=0.0000 | abs_wall_clear_reward=0.0000 | local_nav_reward=0.0000 | abs_local_nav_reward=0.0000 | context_neighbors_mean=0.36 | context_neighbors_max=1 | last_context_neighbors_mean=0.00 | last_context_neighbors_max=0 | actor_unlocked=0 | expl_noise=0.0451 | replay=11475 | samples/sec=6.574
Status | epoch=1 | next_eval_in=525 agent_samples | checkpoint_every=10 episodes | checkpoint=./checkpoints/pair_interaction_pilot_s20260724_latest.pt | model=pair_interaction_pilot_s20260724
Checkpoint saved: ./checkpoints/pair_interaction_pilot_s20260724_latest.pt
Episode 121 complete | agent_samples=11489 | env_steps=8110 | episode_env_steps=7 | episode_agent_samples=14 | mean_reward=-87.364 | success=0/2 | collision=2/2 | mean_final_distance=1.907 | mean_progress=0.1390 | min_laser=0.300 | mean_lin=1.000 | mean_ang=0.938 | mean_robot_dist=0.537 | raw_reward=-100.000 | adjusted_reward=-100.000 | coop_agents=2/2 | mean_coop_neighbors=1.00 | active_neighbor_step_rate=1.000 | mean_active_neighbors_step=1.000 | max_active_neighbors_step=1 | interaction_reward=0.0000 | abs_interaction_reward=0.0000 | anti_stag_reward=0.0000 | abs_anti_stag_reward=0.0000 | wall_clear_reward=0.0000 | abs_wall_clear_reward=0.0000 | local_nav_reward=0.0000 | abs_local_nav_reward=0.0000 | context_neighbors_mean=1.00 | context_neighbors_max=1 | last_context_neighbors_mean=0.00 | last_context_neighbors_max=0 | actor_unlocked=0 | expl_noise=0.0451 | replay=11489 | samples/sec=6.575
Episode 122 complete | agent_samples=11648 | env_steps=8202 | episode_env_steps=92 | episode_agent_samples=159 | mean_reward=148.847 | success=2/2 | collision=0/2 | mean_final_distance=0.254 | mean_progress=0.0289 | min_laser=0.901 | mean_lin=0.985 | mean_ang=-0.955 | mean_robot_dist=3.926 | raw_reward=50.000 | adjusted_reward=50.000 | coop_agents=0/2 | mean_coop_neighbors=0.00 | active_neighbor_step_rate=0.440 | mean_active_neighbors_step=0.440 | max_active_neighbors_step=1 | interaction_reward=0.0000 | abs_interaction_reward=0.0000 | anti_stag_reward=0.0000 | abs_anti_stag_reward=0.0000 | wall_clear_reward=0.0000 | abs_wall_clear_reward=0.0000 | local_nav_reward=0.0000 | abs_local_nav_reward=0.0000 | context_neighbors_mean=0.45 | context_neighbors_max=1 | last_context_neighbors_mean=0.00 | last_context_neighbors_max=0 | actor_unlocked=0 | expl_noise=0.0451 | replay=11648 | samples/sec=6.591
Episode 123 complete | agent_samples=11760 | env_steps=8270 | episode_env_steps=68 | episode_agent_samples=112 | mean_reward=153.831 | success=2/2 | collision=0/2 | mean_final_distance=0.282 | mean_progress=0.0178 | min_laser=0.713 | mean_lin=1.000 | mean_ang=-0.981 | mean_robot_dist=3.540 | raw_reward=50.000 | adjusted_reward=50.000 | coop_agents=0/2 | mean_coop_neighbors=0.00 | active_neighbor_step_rate=0.357 | mean_active_neighbors_step=0.357 | max_active_neighbors_step=1 | interaction_reward=0.0000 | abs_interaction_reward=0.0000 | anti_stag_reward=0.0000 | abs_anti_stag_reward=0.0000 | wall_clear_reward=0.0000 | abs_wall_clear_reward=0.0000 | local_nav_reward=0.0000 | abs_local_nav_reward=0.0000 | context_neighbors_mean=0.36 | context_neighbors_max=1 | last_context_neighbors_mean=0.00 | last_context_neighbors_max=0 | actor_unlocked=0 | expl_noise=0.0450 | replay=11760 | samples/sec=6.600
Episode 124 complete | agent_samples=12096 | env_steps=8570 | episode_env_steps=300 | episode_agent_samples=336 | mean_reward=79.625 | success=1/2 | collision=0/2 | mean_final_distance=0.493 | mean_progress=-0.0001 | min_laser=0.575 | mean_lin=0.490 | mean_ang=0.006 | mean_robot_dist=2.510 | raw_reward=-0.100 | adjusted_reward=-0.100 | coop_agents=0/2 | mean_coop_neighbors=0.00 | active_neighbor_step_rate=0.113 | mean_active_neighbors_step=0.113 | max_active_neighbors_step=1 | interaction_reward=0.0000 | abs_interaction_reward=0.0000 | anti_stag_reward=0.0000 | abs_anti_stag_reward=0.0000 | wall_clear_reward=0.0000 | abs_wall_clear_reward=0.0000 | local_nav_reward=0.0000 | abs_local_nav_reward=0.0000 | context_neighbors_mean=0.12 | context_neighbors_max=1 | last_context_neighbors_mean=0.00 | last_context_neighbors_max=0 | actor_unlocked=0 | expl_noise=0.0449 | replay=12096 | samples/sec=6.554
Validating multi-agent policy at agent_samples=12096 env_steps=8570
Manifest switched: pair-interaction-curriculum-v1-validation | scenarios=30 | sampling=cycle | path=/home/jiutian/Local-Critic-Multi-Robot-Navigation-gate/experiments/04_保留专门化/05_论文主线/datasets/pair_interaction_curriculum_v1/validation.json.gz
Validation progress | epoch=1 | episodes=10/30 | success_rate=0.450 | collision_rate=0.500 | full_success_rate=0.300 | timeout_rate=0.100
Validation progress | epoch=1 | episodes=20/30 | success_rate=0.475 | collision_rate=0.475 | full_success_rate=0.300 | timeout_rate=0.100
Validation progress | epoch=1 | episodes=30/30 | success_rate=0.467 | collision_rate=0.450 | full_success_rate=0.300 | timeout_rate=0.167
..............................................
Multi-Agent Eval Epoch 1 | avg_reward=31.708 | success_rate=0.467 | collision_rate=0.450 | unresolved_rate=0.083 | full_success_rate=0.300 | timeout_episode_rate=0.167 | avg_env_steps=94.5 | avg_final_distance=0.970
Eval success_hist 0..N: [11, 10, 9]
Eval collision_hist 0..N: [14, 5, 11]
Eval interaction stratum | band=crossing | episodes=10 | success_rate=0.450 | collision_rate=0.500 | unresolved_rate=0.050 | full_success_rate=0.300 | timeout_rate=0.100 | avg_steps=100.6
Eval interaction stratum | band=head_on | episodes=10 | success_rate=0.800 | collision_rate=0.000 | unresolved_rate=0.200 | full_success_rate=0.600 | timeout_rate=0.400 | avg_steps=171.6
Eval interaction stratum | band=lane_swap | episodes=10 | success_rate=0.150 | collision_rate=0.850 | unresolved_rate=0.000 | full_success_rate=0.000 | timeout_rate=0.000 | avg_steps=11.4
..............................................
Manifest switched: pair-interaction-curriculum-v1-train | scenarios=90 | sampling=random | path=/home/jiutian/Local-Critic-Multi-Robot-Navigation-gate/experiments/04_保留专门化/05_论文主线/datasets/pair_interaction_curriculum_v1/train.json.gz
Epoch model snapshot saved: pair_interaction_pilot_s20260724_epoch_001
Checkpoint saved: ./checkpoints/pair_interaction_pilot_s20260724_latest.pt
Best checkpoint updated | epoch=1 | success_rate=0.467 | collision_rate=0.450 | full_success_rate=0.300 | unresolved_rate=0.083 | avg_reward=31.708 | metric=full_success | path=./checkpoints/pair_interaction_pilot_s20260724_best.pt
Next epoch will start from 2. Resume keeps this counter in ./checkpoints/pair_interaction_pilot_s20260724_latest.pt
Episode 125 complete | agent_samples=12187 | env_steps=8650 | episode_env_steps=80 | episode_agent_samples=91 | mean_reward=39.196 | success=1/2 | collision=1/2 | mean_final_distance=1.092 | mean_progress=0.0478 | min_laser=0.300 | mean_lin=0.487 | mean_ang=-0.837 | mean_robot_dist=2.211 | raw_reward=50.000 | adjusted_reward=50.000 | coop_agents=0/2 | mean_coop_neighbors=0.00 | active_neighbor_step_rate=0.231 | mean_active_neighbors_step=0.231 | max_active_neighbors_step=1 | interaction_reward=0.0000 | abs_interaction_reward=0.0000 | anti_stag_reward=0.0000 | abs_anti_stag_reward=0.0000 | wall_clear_reward=0.0000 | abs_wall_clear_reward=0.0000 | local_nav_reward=0.0000 | abs_local_nav_reward=0.0000 | context_neighbors_mean=0.24 | context_neighbors_max=1 | last_context_neighbors_mean=0.00 | last_context_neighbors_max=0 | actor_unlocked=0 | expl_noise=0.0448 | replay=12187 | samples/sec=4.937
Status | epoch=2 | next_eval_in=11813 agent_samples | checkpoint_every=10 episodes | checkpoint=./checkpoints/pair_interaction_pilot_s20260724_latest.pt | model=pair_interaction_pilot_s20260724
Episode 126 complete | agent_samples=12299 | env_steps=8733 | episode_env_steps=83 | episode_agent_samples=112 | mean_reward=145.028 | success=2/2 | collision=0/2 | mean_final_distance=0.243 | mean_progress=0.0327 | min_laser=0.447 | mean_lin=0.986 | mean_ang=-0.993 | mean_robot_dist=2.675 | raw_reward=50.000 | adjusted_reward=50.000 | coop_agents=0/2 | mean_coop_neighbors=0.00 | active_neighbor_step_rate=0.268 | mean_active_neighbors_step=0.268 | max_active_neighbors_step=1 | interaction_reward=0.0000 | abs_interaction_reward=0.0000 | anti_stag_reward=0.0000 | abs_anti_stag_reward=0.0000 | wall_clear_reward=0.0000 | abs_wall_clear_reward=0.0000 | local_nav_reward=0.0000 | abs_local_nav_reward=0.0000 | context_neighbors_mean=0.29 | context_neighbors_max=1 | last_context_neighbors_mean=0.00 | last_context_neighbors_max=0 | actor_unlocked=0 | expl_noise=0.0448 | replay=12299 | samples/sec=4.946
Episode 127 complete | agent_samples=12493 | env_steps=8863 | episode_env_steps=130 | episode_agent_samples=194 | mean_reward=151.053 | success=2/2 | collision=0/2 | mean_final_distance=0.266 | mean_progress=0.0507 | min_laser=0.633 | mean_lin=0.998 | mean_ang=-0.962 | mean_robot_dist=4.276 | raw_reward=50.000 | adjusted_reward=50.000 | coop_agents=0/2 | mean_coop_neighbors=0.00 | active_neighbor_step_rate=0.371 | mean_active_neighbors_step=0.371 | max_active_neighbors_step=1 | interaction_reward=0.0000 | abs_interaction_reward=0.0000 | anti_stag_reward=0.0000 | abs_anti_stag_reward=0.0000 | wall_clear_reward=0.0000 | abs_wall_clear_reward=0.0000 | local_nav_reward=0.0000 | abs_local_nav_reward=0.0000 | context_neighbors_mean=0.38 | context_neighbors_max=1 | last_context_neighbors_mean=0.00 | last_context_neighbors_max=0 | actor_unlocked=0 | expl_noise=0.0447 | replay=12493 | samples/sec=4.969
Episode 128 complete | agent_samples=12784 | env_steps=9111 | episode_env_steps=248 | episode_agent_samples=291 | mean_reward=134.554 | success=2/2 | collision=0/2 | mean_final_distance=0.284 | mean_progress=0.0141 | min_laser=0.793 | mean_lin=0.998 | mean_ang=-0.997 | mean_robot_dist=3.647 | raw_reward=50.000 | adjusted_reward=50.000 | coop_agents=0/2 | mean_coop_neighbors=0.00 | active_neighbor_step_rate=0.137 | mean_active_neighbors_step=0.137 | max_active_neighbors_step=1 | interaction_reward=0.0000 | abs_interaction_reward=0.0000 | anti_stag_reward=0.0000 | abs_anti_stag_reward=0.0000 | wall_clear_reward=0.0000 | abs_wall_clear_reward=0.0000 | local_nav_reward=0.0000 | abs_local_nav_reward=0.0000 | context_neighbors_mean=0.14 | context_neighbors_max=1 | last_context_neighbors_mean=0.00 | last_context_neighbors_max=0 | actor_unlocked=0 | expl_noise=0.0445 | replay=12784 | samples/sec=4.979
Episode 129 complete | agent_samples=12933 | env_steps=9193 | episode_env_steps=82 | episode_agent_samples=149 | mean_reward=151.436 | success=2/2 | collision=0/2 | mean_final_distance=0.276 | mean_progress=0.0296 | min_laser=0.886 | mean_lin=0.976 | mean_ang=-1.000 | mean_robot_dist=3.931 | raw_reward=50.000 | adjusted_reward=50.000 | coop_agents=0/2 | mean_coop_neighbors=0.00 | active_neighbor_step_rate=0.456 | mean_active_neighbors_step=0.456 | max_active_neighbors_step=1 | interaction_reward=0.0000 | abs_interaction_reward=0.0000 | anti_stag_reward=0.0000 | abs_anti_stag_reward=0.0000 | wall_clear_reward=0.0000 | abs_wall_clear_reward=0.0000 | local_nav_reward=0.0000 | abs_local_nav_reward=0.0000 | context_neighbors_mean=0.47 | context_neighbors_max=1 | last_context_neighbors_mean=0.00 | last_context_neighbors_max=0 | actor_unlocked=0 | expl_noise=0.0445 | replay=12933 | samples/sec=5.003
Episode 130 complete | agent_samples=12948 | env_steps=9201 | episode_env_steps=8 | episode_agent_samples=15 | mean_reward=-85.716 | success=0/2 | collision=2/2 | mean_final_distance=1.994 | mean_progress=0.0754 | min_laser=0.300 | mean_lin=0.970 | mean_ang=-0.740 | mean_robot_dist=0.490 | raw_reward=-50.000 | adjusted_reward=-50.000 | coop_agents=0/2 | mean_coop_neighbors=0.00 | active_neighbor_step_rate=0.933 | mean_active_neighbors_step=0.933 | max_active_neighbors_step=1 | interaction_reward=0.0000 | abs_interaction_reward=0.0000 | anti_stag_reward=0.0000 | abs_anti_stag_reward=0.0000 | wall_clear_reward=0.0000 | abs_wall_clear_reward=0.0000 | local_nav_reward=0.0000 | abs_local_nav_reward=0.0000 | context_neighbors_mean=0.93 | context_neighbors_max=1 | last_context_neighbors_mean=0.00 | last_context_neighbors_max=0 | actor_unlocked=0 | expl_noise=0.0445 | replay=12948 | samples/sec=5.005
Status | epoch=2 | next_eval_in=11052 agent_samples | checkpoint_every=10 episodes | checkpoint=./checkpoints/pair_interaction_pilot_s20260724_latest.pt | model=pair_interaction_pilot_s20260724
Checkpoint saved: ./checkpoints/pair_interaction_pilot_s20260724_latest.pt
Episode 131 complete | agent_samples=13287 | env_steps=9501 | episode_env_steps=300 | episode_agent_samples=339 | mean_reward=73.037 | success=1/2 | collision=0/2 | mean_final_distance=0.525 | mean_progress=-0.0240 | min_laser=0.846 | mean_lin=0.485 | mean_ang=-0.989 | mean_robot_dist=2.917 | raw_reward=-0.580 | adjusted_reward=-0.580 | coop_agents=0/2 | mean_coop_neighbors=0.00 | active_neighbor_step_rate=0.103 | mean_active_neighbors_step=0.103 | max_active_neighbors_step=1 | interaction_reward=0.0000 | abs_interaction_reward=0.0000 | anti_stag_reward=0.0000 | abs_anti_stag_reward=0.0000 | wall_clear_reward=0.0000 | abs_wall_clear_reward=0.0000 | local_nav_reward=0.0000 | abs_local_nav_reward=0.0000 | context_neighbors_mean=0.10 | context_neighbors_max=1 | last_context_neighbors_mean=0.00 | last_context_neighbors_max=0 | actor_unlocked=1 | expl_noise=0.0443 | replay=13287 | samples/sec=5.011
Episode 132 complete | agent_samples=13307 | env_steps=9511 | episode_env_steps=10 | episode_agent_samples=20 | mean_reward=-81.119 | success=0/2 | collision=2/2 | mean_final_distance=1.498 | mean_progress=0.1484 | min_laser=0.300 | mean_lin=1.000 | mean_ang=0.968 | mean_robot_dist=0.431 | raw_reward=-100.000 | adjusted_reward=-100.000 | coop_agents=2/2 | mean_coop_neighbors=1.00 | active_neighbor_step_rate=1.000 | mean_active_neighbors_step=1.000 | max_active_neighbors_step=1 | interaction_reward=0.0000 | abs_interaction_reward=0.0000 | anti_stag_reward=0.0000 | abs_anti_stag_reward=0.0000 | wall_clear_reward=0.0000 | abs_wall_clear_reward=0.0000 | local_nav_reward=0.0000 | abs_local_nav_reward=0.0000 | context_neighbors_mean=1.00 | context_neighbors_max=1 | last_context_neighbors_mean=0.00 | last_context_neighbors_max=0 | actor_unlocked=1 | expl_noise=0.0443 | replay=13307 | samples/sec=5.014
Episode 133 complete | agent_samples=13430 | env_steps=9592 | episode_env_steps=81 | episode_agent_samples=123 | mean_reward=143.099 | success=2/2 | collision=0/2 | mean_final_distance=0.274 | mean_progress=0.0409 | min_laser=0.768 | mean_lin=0.998 | mean_ang=-0.994 | mean_robot_dist=3.287 | raw_reward=50.000 | adjusted_reward=50.000 | coop_agents=0/2 | mean_coop_neighbors=0.00 | active_neighbor_step_rate=0.301 | mean_active_neighbors_step=0.301 | max_active_neighbors_step=1 | interaction_reward=0.0000 | abs_interaction_reward=0.0000 | anti_stag_reward=0.0000 | abs_anti_stag_reward=0.0000 | wall_clear_reward=0.0000 | abs_wall_clear_reward=0.0000 | local_nav_reward=0.0000 | abs_local_nav_reward=0.0000 | context_neighbors_mean=0.30 | context_neighbors_max=1 | last_context_neighbors_mean=0.00 | last_context_neighbors_max=0 | actor_unlocked=1 | expl_noise=0.0442 | replay=13430 | samples/sec=5.028
Episode 134 complete | agent_samples=13474 | env_steps=9623 | episode_env_steps=31 | episode_agent_samples=44 | mean_reward=54.731 | success=1/2 | collision=1/2 | mean_final_distance=1.033 | mean_progress=0.0693 | min_laser=0.344 | mean_lin=0.986 | mean_ang=-0.990 | mean_robot_dist=1.825 | raw_reward=50.000 | adjusted_reward=50.000 | coop_agents=0/2 | mean_coop_neighbors=0.00 | active_neighbor_step_rate=0.500 | mean_active_neighbors_step=0.500 | max_active_neighbors_step=1 | interaction_reward=0.0000 | abs_interaction_reward=0.0000 | anti_stag_reward=0.0000 | abs_anti_stag_reward=0.0000 | wall_clear_reward=0.0000 | abs_wall_clear_reward=0.0000 | local_nav_reward=0.0000 | abs_local_nav_reward=0.0000 | context_neighbors_mean=0.52 | context_neighbors_max=1 | last_context_neighbors_mean=0.00 | last_context_neighbors_max=0 | actor_unlocked=1 | expl_noise=0.0442 | replay=13474 | samples/sec=5.032
Episode 135 complete | agent_samples=13522 | env_steps=9651 | episode_env_steps=28 | episode_agent_samples=48 | mean_reward=42.978 | success=1/2 | collision=1/2 | mean_final_distance=0.943 | mean_progress=0.0565 | min_laser=0.300 | mean_lin=0.511 | mean_ang=-0.000 | mean_robot_dist=0.903 | raw_reward=50.000 | adjusted_reward=50.000 | coop_agents=0/2 | mean_coop_neighbors=0.00 | active_neighbor_step_rate=0.729 | mean_active_neighbors_step=0.729 | max_active_neighbors_step=1 | interaction_reward=0.0000 | abs_interaction_reward=0.0000 | anti_stag_reward=0.0000 | abs_anti_stag_reward=0.0000 | wall_clear_reward=0.0000 | abs_wall_clear_reward=0.0000 | local_nav_reward=0.0000 | abs_local_nav_reward=0.0000 | context_neighbors_mean=0.73 | context_neighbors_max=1 | last_context_neighbors_mean=0.00 | last_context_neighbors_max=0 | actor_unlocked=1 | expl_noise=0.0442 | replay=13522 | samples/sec=5.038
Status | epoch=2 | next_eval_in=10478 agent_samples | checkpoint_every=10 episodes | checkpoint=./checkpoints/pair_interaction_pilot_s20260724_latest.pt | model=pair_interaction_pilot_s20260724
Episode 136 complete | agent_samples=13718 | env_steps=9778 | episode_env_steps=127 | episode_agent_samples=196 | mean_reward=150.691 | success=2/2 | collision=0/2 | mean_final_distance=0.294 | mean_progress=0.0192 | min_laser=0.640 | mean_lin=0.981 | mean_ang=-0.987 | mean_robot_dist=4.052 | raw_reward=50.000 | adjusted_reward=50.000 | coop_agents=0/2 | mean_coop_neighbors=0.00 | active_neighbor_step_rate=0.362 | mean_active_neighbors_step=0.362 | max_active_neighbors_step=1 | interaction_reward=0.0000 | abs_interaction_reward=0.0000 | anti_stag_reward=0.0000 | abs_anti_stag_reward=0.0000 | wall_clear_reward=0.0000 | abs_wall_clear_reward=0.0000 | local_nav_reward=0.0000 | abs_local_nav_reward=0.0000 | context_neighbors_mean=0.37 | context_neighbors_max=1 | last_context_neighbors_mean=0.00 | last_context_neighbors_max=0 | actor_unlocked=1 | expl_noise=0.0441 | replay=13718 | samples/sec=5.059
Episode 137 complete | agent_samples=13734 | env_steps=9786 | episode_env_steps=8 | episode_agent_samples=16 | mean_reward=-84.982 | success=0/2 | collision=2/2 | mean_final_distance=1.714 | mean_progress=0.1521 | min_laser=0.300 | mean_lin=0.997 | mean_ang=-0.964 | mean_robot_dist=0.546 | raw_reward=-100.000 | adjusted_reward=-100.000 | coop_agents=2/2 | mean_coop_neighbors=1.00 | active_neighbor_step_rate=1.000 | mean_active_neighbors_step=1.000 | max_active_neighbors_step=1 | interaction_reward=0.0000 | abs_interaction_reward=0.0000 | anti_stag_reward=0.0000 | abs_anti_stag_reward=0.0000 | wall_clear_reward=0.0000 | abs_wall_clear_reward=0.0000 | local_nav_reward=0.0000 | abs_local_nav_reward=0.0000 | context_neighbors_mean=1.00 | context_neighbors_max=1 | last_context_neighbors_mean=0.00 | last_context_neighbors_max=0 | actor_unlocked=1 | expl_noise=0.0441 | replay=13734 | samples/sec=5.062
Episode 138 complete | agent_samples=14074 | env_steps=10086 | episode_env_steps=300 | episode_agent_samples=340 | mean_reward=69.817 | success=1/2 | collision=0/2 | mean_final_distance=0.519 | mean_progress=0.0001 | min_laser=0.972 | mean_lin=0.494 | mean_ang=-0.980 | mean_robot_dist=2.836 | raw_reward=-0.099 | adjusted_reward=-0.099 | coop_agents=0/2 | mean_coop_neighbors=0.00 | active_neighbor_step_rate=0.103 | mean_active_neighbors_step=0.103 | max_active_neighbors_step=1 | interaction_reward=0.0000 | abs_interaction_reward=0.0000 | anti_stag_reward=0.0000 | abs_anti_stag_reward=0.0000 | wall_clear_reward=0.0000 | abs_wall_clear_reward=0.0000 | local_nav_reward=0.0000 | abs_local_nav_reward=0.0000 | context_neighbors_mean=0.10 | context_neighbors_max=1 | last_context_neighbors_mean=0.00 | last_context_neighbors_max=0 | actor_unlocked=1 | expl_noise=0.0439 | replay=14074 | samples/sec=5.068
Episode 139 complete | agent_samples=14103 | env_steps=10101 | episode_env_steps=15 | episode_agent_samples=29 | mean_reward=-72.479 | success=0/2 | collision=2/2 | mean_final_distance=1.546 | mean_progress=0.0822 | min_laser=0.300 | mean_lin=0.984 | mean_ang=0.007 | mean_robot_dist=0.501 | raw_reward=-50.000 | adjusted_reward=-50.000 | coop_agents=0/2 | mean_coop_neighbors=0.00 | active_neighbor_step_rate=0.966 | mean_active_neighbors_step=0.966 | max_active_neighbors_step=1 | interaction_reward=0.0000 | abs_interaction_reward=0.0000 | anti_stag_reward=0.0000 | abs_anti_stag_reward=0.0000 | wall_clear_reward=0.0000 | abs_wall_clear_reward=0.0000 | local_nav_reward=0.0000 | abs_local_nav_reward=0.0000 | context_neighbors_mean=0.97 | context_neighbors_max=1 | last_context_neighbors_mean=0.00 | last_context_neighbors_max=0 | actor_unlocked=1 | expl_noise=0.0439 | replay=14103 | samples/sec=5.072
Episode 140 complete | agent_samples=14299 | env_steps=10265 | episode_env_steps=164 | episode_agent_samples=196 | mean_reward=138.729 | success=2/2 | collision=0/2 | mean_final_distance=0.207 | mean_progress=0.0294 | min_laser=0.547 | mean_lin=0.994 | mean_ang=-0.009 | mean_robot_dist=2.605 | raw_reward=50.000 | adjusted_reward=50.000 | coop_agents=0/2 | mean_coop_neighbors=0.00 | active_neighbor_step_rate=0.158 | mean_active_neighbors_step=0.158 | max_active_neighbors_step=1 | interaction_reward=0.0000 | abs_interaction_reward=0.0000 | anti_stag_reward=0.0000 | abs_anti_stag_reward=0.0000 | wall_clear_reward=0.0000 | abs_wall_clear_reward=0.0000 | local_nav_reward=0.0000 | abs_local_nav_reward=0.0000 | context_neighbors_mean=0.17 | context_neighbors_max=1 | last_context_neighbors_mean=0.00 | last_context_neighbors_max=0 | actor_unlocked=1 | expl_noise=0.0438 | replay=14299 | samples/sec=5.078
Status | epoch=2 | next_eval_in=9701 agent_samples | checkpoint_every=10 episodes | checkpoint=./checkpoints/pair_interaction_pilot_s20260724_latest.pt | model=pair_interaction_pilot_s20260724
Checkpoint saved: ./checkpoints/pair_interaction_pilot_s20260724_latest.pt
Episode 141 complete | agent_samples=14642 | env_steps=10565 | episode_env_steps=300 | episode_agent_samples=343 | mean_reward=71.663 | success=1/2 | collision=0/2 | mean_final_distance=0.548 | mean_progress=0.0024 | min_laser=0.794 | mean_lin=0.766 | mean_ang=-0.989 | mean_robot_dist=3.029 | raw_reward=-0.050 | adjusted_reward=-0.050 | coop_agents=0/2 | mean_coop_neighbors=0.00 | active_neighbor_step_rate=0.117 | mean_active_neighbors_step=0.117 | max_active_neighbors_step=1 | interaction_reward=0.0000 | abs_interaction_reward=0.0000 | anti_stag_reward=0.0000 | abs_anti_stag_reward=0.0000 | wall_clear_reward=0.0000 | abs_wall_clear_reward=0.0000 | local_nav_reward=0.0000 | abs_local_nav_reward=0.0000 | context_neighbors_mean=0.12 | context_neighbors_max=1 | last_context_neighbors_mean=0.00 | last_context_neighbors_max=0 | actor_unlocked=1 | expl_noise=0.0437 | replay=14642 | samples/sec=5.084
Episode 142 complete | agent_samples=14660 | env_steps=10574 | episode_env_steps=9 | episode_agent_samples=18 | mean_reward=-83.360 | success=0/2 | collision=2/2 | mean_final_distance=2.110 | mean_progress=0.1557 | min_laser=0.300 | mean_lin=1.000 | mean_ang=0.075 | mean_robot_dist=0.509 | raw_reward=-100.000 | adjusted_reward=-100.000 | coop_agents=2/2 | mean_coop_neighbors=1.00 | active_neighbor_step_rate=0.889 | mean_active_neighbors_step=0.889 | max_active_neighbors_step=1 | interaction_reward=0.0000 | abs_interaction_reward=0.0000 | anti_stag_reward=0.0000 | abs_anti_stag_reward=0.0000 | wall_clear_reward=0.0000 | abs_wall_clear_reward=0.0000 | local_nav_reward=0.0000 | abs_local_nav_reward=0.0000 | context_neighbors_mean=0.89 | context_neighbors_max=1 | last_context_neighbors_mean=0.00 | last_context_neighbors_max=0 | actor_unlocked=1 | expl_noise=0.0437 | replay=14660 | samples/sec=5.087
Episode 143 complete | agent_samples=14693 | env_steps=10591 | episode_env_steps=17 | episode_agent_samples=33 | mean_reward=-66.854 | success=0/2 | collision=2/2 | mean_final_distance=1.672 | mean_progress=0.0370 | min_laser=0.303 | mean_lin=0.498 | mean_ang=0.003 | mean_robot_dist=0.476 | raw_reward=-50.000 | adjusted_reward=-50.000 | coop_agents=0/2 | mean_coop_neighbors=0.00 | active_neighbor_step_rate=0.758 | mean_active_neighbors_step=0.758 | max_active_neighbors_step=1 | interaction_reward=0.0000 | abs_interaction_reward=0.0000 | anti_stag_reward=0.0000 | abs_anti_stag_reward=0.0000 | wall_clear_reward=0.0000 | abs_wall_clear_reward=0.0000 | local_nav_reward=0.0000 | abs_local_nav_reward=0.0000 | context_neighbors_mean=0.76 | context_neighbors_max=1 | last_context_neighbors_mean=0.00 | last_context_neighbors_max=0 | actor_unlocked=1 | expl_noise=0.0436 | replay=14693 | samples/sec=5.091
Episode 144 complete | agent_samples=14722 | env_steps=10606 | episode_env_steps=15 | episode_agent_samples=29 | mean_reward=-72.138 | success=0/2 | collision=2/2 | mean_final_distance=1.035 | mean_progress=0.0623 | min_laser=0.300 | mean_lin=0.976 | mean_ang=-0.977 | mean_robot_dist=0.553 | raw_reward=-50.000 | adjusted_reward=-50.000 | coop_agents=0/2 | mean_coop_neighbors=0.00 | active_neighbor_step_rate=0.690 | mean_active_neighbors_step=0.690 | max_active_neighbors_step=1 | interaction_reward=0.0000 | abs_interaction_reward=0.0000 | anti_stag_reward=0.0000 | abs_anti_stag_reward=0.0000 | wall_clear_reward=0.0000 | abs_wall_clear_reward=0.0000 | local_nav_reward=0.0000 | abs_local_nav_reward=0.0000 | context_neighbors_mean=0.69 | context_neighbors_max=1 | last_context_neighbors_mean=0.00 | last_context_neighbors_max=0 | actor_unlocked=1 | expl_noise=0.0436 | replay=14722 | samples/sec=5.096
Episode 145 complete | agent_samples=14733 | env_steps=10612 | episode_env_steps=6 | episode_agent_samples=11 | mean_reward=-89.795 | success=0/2 | collision=2/2 | mean_final_distance=1.958 | mean_progress=0.0789 | min_laser=0.300 | mean_lin=0.979 | mean_ang=0.951 | mean_robot_dist=0.399 | raw_reward=-50.000 | adjusted_reward=-50.000 | coop_agents=0/2 | mean_coop_neighbors=0.00 | active_neighbor_step_rate=0.909 | mean_active_neighbors_step=0.909 | max_active_neighbors_step=1 | interaction_reward=0.0000 | abs_interaction_reward=0.0000 | anti_stag_reward=0.0000 | abs_anti_stag_reward=0.0000 | wall_clear_reward=0.0000 | abs_wall_clear_reward=0.0000 | local_nav_reward=0.0000 | abs_local_nav_reward=0.0000 | context_neighbors_mean=0.91 | context_neighbors_max=1 | last_context_neighbors_mean=0.00 | last_context_neighbors_max=0 | actor_unlocked=1 | expl_noise=0.0436 | replay=14733 | samples/sec=5.097
Status | epoch=2 | next_eval_in=9267 agent_samples | checkpoint_every=10 episodes | checkpoint=./checkpoints/pair_interaction_pilot_s20260724_latest.pt | model=pair_interaction_pilot_s20260724
Episode 146 complete | agent_samples=14757 | env_steps=10625 | episode_env_steps=13 | episode_agent_samples=24 | mean_reward=-64.278 | success=0/2 | collision=2/2 | mean_final_distance=1.638 | mean_progress=0.0623 | min_laser=0.306 | mean_lin=0.991 | mean_ang=-0.988 | mean_robot_dist=0.442 | raw_reward=-50.000 | adjusted_reward=-50.000 | coop_agents=0/2 | mean_coop_neighbors=0.00 | active_neighbor_step_rate=0.792 | mean_active_neighbors_step=0.792 | max_active_neighbors_step=1 | interaction_reward=0.0000 | abs_interaction_reward=0.0000 | anti_stag_reward=0.0000 | abs_anti_stag_reward=0.0000 | wall_clear_reward=0.0000 | abs_wall_clear_reward=0.0000 | local_nav_reward=0.0000 | abs_local_nav_reward=0.0000 | context_neighbors_mean=0.83 | context_neighbors_max=1 | last_context_neighbors_mean=0.00 | last_context_neighbors_max=0 | actor_unlocked=1 | expl_noise=0.0436 | replay=14757 | samples/sec=5.100
Episode 147 complete | agent_samples=14784 | env_steps=10639 | episode_env_steps=14 | episode_agent_samples=27 | mean_reward=-73.280 | success=0/2 | collision=2/2 | mean_final_distance=1.494 | mean_progress=0.0491 | min_laser=0.300 | mean_lin=0.999 | mean_ang=-0.076 | mean_robot_dist=0.387 | raw_reward=-50.000 | adjusted_reward=-50.000 | coop_agents=0/2 | mean_coop_neighbors=0.00 | active_neighbor_step_rate=0.963 | mean_active_neighbors_step=0.963 | max_active_neighbors_step=1 | interaction_reward=0.0000 | abs_interaction_reward=0.0000 | anti_stag_reward=0.0000 | abs_anti_stag_reward=0.0000 | wall_clear_reward=0.0000 | abs_wall_clear_reward=0.0000 | local_nav_reward=0.0000 | abs_local_nav_reward=0.0000 | context_neighbors_mean=0.96 | context_neighbors_max=1 | last_context_neighbors_mean=0.00 | last_context_neighbors_max=0 | actor_unlocked=1 | expl_noise=0.0436 | replay=14784 | samples/sec=5.104
Episode 148 complete | agent_samples=14815 | env_steps=10655 | episode_env_steps=16 | episode_agent_samples=31 | mean_reward=-70.300 | success=0/2 | collision=2/2 | mean_final_distance=1.471 | mean_progress=0.0565 | min_laser=0.300 | mean_lin=0.996 | mean_ang=-0.846 | mean_robot_dist=0.376 | raw_reward=-50.000 | adjusted_reward=-50.000 | coop_agents=0/2 | mean_coop_neighbors=0.00 | active_neighbor_step_rate=0.710 | mean_active_neighbors_step=0.710 | max_active_neighbors_step=1 | interaction_reward=0.0000 | abs_interaction_reward=0.0000 | anti_stag_reward=0.0000 | abs_anti_stag_reward=0.0000 | wall_clear_reward=0.0000 | abs_wall_clear_reward=0.0000 | local_nav_reward=0.0000 | abs_local_nav_reward=0.0000 | context_neighbors_mean=0.71 | context_neighbors_max=1 | last_context_neighbors_mean=0.00 | last_context_neighbors_max=0 | actor_unlocked=1 | expl_noise=0.0436 | replay=14815 | samples/sec=5.108
Episode 149 complete | agent_samples=14943 | env_steps=10737 | episode_env_steps=82 | episode_agent_samples=128 | mean_reward=145.485 | success=2/2 | collision=0/2 | mean_final_distance=0.299 | mean_progress=0.0267 | min_laser=0.504 | mean_lin=0.973 | mean_ang=-0.978 | mean_robot_dist=3.399 | raw_reward=50.000 | adjusted_reward=50.000 | coop_agents=0/2 | mean_coop_neighbors=0.00 | active_neighbor_step_rate=0.367 | mean_active_neighbors_step=0.367 | max_active_neighbors_step=1 | interaction_reward=0.0000 | abs_interaction_reward=0.0000 | anti_stag_reward=0.0000 | abs_anti_stag_reward=0.0000 | wall_clear_reward=0.0000 | abs_wall_clear_reward=0.0000 | local_nav_reward=0.0000 | abs_local_nav_reward=0.0000 | context_neighbors_mean=0.37 | context_neighbors_max=1 | last_context_neighbors_mean=0.00 | last_context_neighbors_max=0 | actor_unlocked=1 | expl_noise=0.0436 | replay=14943 | samples/sec=5.121
Episode 150 complete | agent_samples=14999 | env_steps=10767 | episode_env_steps=30 | episode_agent_samples=56 | mean_reward=157.174 | success=2/2 | collision=0/2 | mean_final_distance=0.256 | mean_progress=0.0801 | min_laser=0.799 | mean_lin=1.000 | mean_ang=-0.001 | mean_robot_dist=3.564 | raw_reward=50.000 | adjusted_reward=50.000 | coop_agents=0/2 | mean_coop_neighbors=0.00 | active_neighbor_step_rate=0.375 | mean_active_neighbors_step=0.375 | max_active_neighbors_step=1 | interaction_reward=0.0000 | abs_interaction_reward=0.0000 | anti_stag_reward=0.0000 | abs_anti_stag_reward=0.0000 | wall_clear_reward=0.0000 | abs_wall_clear_reward=0.0000 | local_nav_reward=0.0000 | abs_local_nav_reward=0.0000 | context_neighbors_mean=0.41 | context_neighbors_max=1 | last_context_neighbors_mean=0.00 | last_context_neighbors_max=0 | actor_unlocked=1 | expl_noise=0.0435 | replay=14999 | samples/sec=5.129
Status | epoch=2 | next_eval_in=9001 agent_samples | checkpoint_every=10 episodes | checkpoint=./checkpoints/pair_interaction_pilot_s20260724_latest.pt | model=pair_interaction_pilot_s20260724
Checkpoint saved: ./checkpoints/pair_interaction_pilot_s20260724_latest.pt
Episode 151 complete | agent_samples=15058 | env_steps=10800 | episode_env_steps=33 | episode_agent_samples=59 | mean_reward=149.065 | success=2/2 | collision=0/2 | mean_final_distance=0.249 | mean_progress=0.0657 | min_laser=0.358 | mean_lin=0.978 | mean_ang=0.021 | mean_robot_dist=2.192 | raw_reward=50.000 | adjusted_reward=50.000 | coop_agents=0/2 | mean_coop_neighbors=0.00 | active_neighbor_step_rate=0.593 | mean_active_neighbors_step=0.593 | max_active_neighbors_step=1 | interaction_reward=0.0000 | abs_interaction_reward=0.0000 | anti_stag_reward=0.0000 | abs_anti_stag_reward=0.0000 | wall_clear_reward=0.0000 | abs_wall_clear_reward=0.0000 | local_nav_reward=0.0000 | abs_local_nav_reward=0.0000 | context_neighbors_mean=0.63 | context_neighbors_max=1 | last_context_neighbors_mean=0.00 | last_context_neighbors_max=0 | actor_unlocked=1 | expl_noise=0.0435 | replay=15058 | samples/sec=5.136
Episode 152 complete | agent_samples=15077 | env_steps=10810 | episode_env_steps=10 | episode_agent_samples=19 | mean_reward=-80.999 | success=0/2 | collision=2/2 | mean_final_distance=1.506 | mean_progress=0.0654 | min_laser=0.300 | mean_lin=0.979 | mean_ang=-0.983 | mean_robot_dist=0.479 | raw_reward=-50.000 | adjusted_reward=-50.000 | coop_agents=0/2 | mean_coop_neighbors=0.00 | active_neighbor_step_rate=0.947 | mean_active_neighbors_step=0.947 | max_active_neighbors_step=1 | interaction_reward=0.0000 | abs_interaction_reward=0.0000 | anti_stag_reward=0.0000 | abs_anti_stag_reward=0.0000 | wall_clear_reward=0.0000 | abs_wall_clear_reward=0.0000 | local_nav_reward=0.0000 | abs_local_nav_reward=0.0000 | context_neighbors_mean=0.95 | context_neighbors_max=1 | last_context_neighbors_mean=0.00 | last_context_neighbors_max=0 | actor_unlocked=1 | expl_noise=0.0435 | replay=15077 | samples/sec=5.138
Episode 153 complete | agent_samples=15099 | env_steps=10821 | episode_env_steps=11 | episode_agent_samples=22 | mean_reward=-75.673 | success=0/2 | collision=2/2 | mean_final_distance=1.630 | mean_progress=0.1484 | min_laser=0.300 | mean_lin=1.000 | mean_ang=0.961 | mean_robot_dist=0.547 | raw_reward=-100.000 | adjusted_reward=-100.000 | coop_agents=2/2 | mean_coop_neighbors=1.00 | active_neighbor_step_rate=1.000 | mean_active_neighbors_step=1.000 | max_active_neighbors_step=1 | interaction_reward=0.0000 | abs_interaction_reward=0.0000 | anti_stag_reward=0.0000 | abs_anti_stag_reward=0.0000 | wall_clear_reward=0.0000 | abs_wall_clear_reward=0.0000 | local_nav_reward=0.0000 | abs_local_nav_reward=0.0000 | context_neighbors_mean=1.00 | context_neighbors_max=1 | last_context_neighbors_mean=0.00 | last_context_neighbors_max=0 | actor_unlocked=1 | expl_noise=0.0435 | replay=15099 | samples/sec=5.142
Episode 154 complete | agent_samples=15231 | env_steps=10925 | episode_env_steps=104 | episode_agent_samples=132 | mean_reward=144.372 | success=2/2 | collision=0/2 | mean_final_distance=0.253 | mean_progress=0.0187 | min_laser=0.773 | mean_lin=0.991 | mean_ang=-0.967 | mean_robot_dist=2.182 | raw_reward=50.000 | adjusted_reward=50.000 | coop_agents=0/2 | mean_coop_neighbors=0.00 | active_neighbor_step_rate=0.220 | mean_active_neighbors_step=0.220 | max_active_neighbors_step=1 | interaction_reward=0.0000 | abs_interaction_reward=0.0000 | anti_stag_reward=0.0000 | abs_anti_stag_reward=0.0000 | wall_clear_reward=0.0000 | abs_wall_clear_reward=0.0000 | local_nav_reward=0.0000 | abs_local_nav_reward=0.0000 | context_neighbors_mean=0.23 | context_neighbors_max=1 | last_context_neighbors_mean=0.00 | last_context_neighbors_max=0 | actor_unlocked=1 | expl_noise=0.0434 | replay=15231 | samples/sec=5.147
Episode 155 complete | agent_samples=15247 | env_steps=10933 | episode_env_steps=8 | episode_agent_samples=16 | mean_reward=-84.844 | success=0/2 | collision=2/2 | mean_final_distance=2.209 | mean_progress=0.1494 | min_laser=0.300 | mean_lin=1.000 | mean_ang=0.963 | mean_robot_dist=0.486 | raw_reward=-100.000 | adjusted_reward=-100.000 | coop_agents=2/2 | mean_coop_neighbors=1.00 | active_neighbor_step_rate=1.000 | mean_active_neighbors_step=1.000 | max_active_neighbors_step=1 | interaction_reward=0.0000 | abs_interaction_reward=0.0000 | anti_stag_reward=0.0000 | abs_anti_stag_reward=0.0000 | wall_clear_reward=0.0000 | abs_wall_clear_reward=0.0000 | local_nav_reward=0.0000 | abs_local_nav_reward=0.0000 | context_neighbors_mean=1.00 | context_neighbors_max=1 | last_context_neighbors_mean=0.00 | last_context_neighbors_max=0 | actor_unlocked=1 | expl_noise=0.0434 | replay=15247 | samples/sec=5.150
Status | epoch=2 | next_eval_in=8753 agent_samples | checkpoint_every=10 episodes | checkpoint=./checkpoints/pair_interaction_pilot_s20260724_latest.pt | model=pair_interaction_pilot_s20260724
Episode 156 complete | agent_samples=15314 | env_steps=10975 | episode_env_steps=42 | episode_agent_samples=67 | mean_reward=151.133 | success=2/2 | collision=0/2 | mean_final_distance=0.283 | mean_progress=0.0189 | min_laser=1.047 | mean_lin=0.988 | mean_ang=-0.977 | mean_robot_dist=3.658 | raw_reward=50.000 | adjusted_reward=50.000 | coop_agents=0/2 | mean_coop_neighbors=0.00 | active_neighbor_step_rate=0.284 | mean_active_neighbors_step=0.284 | max_active_neighbors_step=1 | interaction_reward=0.0000 | abs_interaction_reward=0.0000 | anti_stag_reward=0.0000 | abs_anti_stag_reward=0.0000 | wall_clear_reward=0.0000 | abs_wall_clear_reward=0.0000 | local_nav_reward=0.0000 | abs_local_nav_reward=0.0000 | context_neighbors_mean=0.31 | context_neighbors_max=1 | last_context_neighbors_mean=0.00 | last_context_neighbors_max=0 | actor_unlocked=1 | expl_noise=0.0434 | replay=15314 | samples/sec=5.156
Episode 157 complete | agent_samples=15331 | env_steps=10984 | episode_env_steps=9 | episode_agent_samples=17 | mean_reward=-84.656 | success=0/2 | collision=2/2 | mean_final_distance=1.787 | mean_progress=0.0690 | min_laser=0.321 | mean_lin=0.984 | mean_ang=0.793 | mean_robot_dist=0.572 | raw_reward=-50.000 | adjusted_reward=-50.000 | coop_agents=0/2 | mean_coop_neighbors=0.00 | active_neighbor_step_rate=0.941 | mean_active_neighbors_step=0.941 | max_active_neighbors_step=1 | interaction_reward=0.0000 | abs_interaction_reward=0.0000 | anti_stag_reward=0.0000 | abs_anti_stag_reward=0.0000 | wall_clear_reward=0.0000 | abs_wall_clear_reward=0.0000 | local_nav_reward=0.0000 | abs_local_nav_reward=0.0000 | context_neighbors_mean=0.94 | context_neighbors_max=1 | last_context_neighbors_mean=0.00 | last_context_neighbors_max=0 | actor_unlocked=1 | expl_noise=0.0434 | replay=15331 | samples/sec=5.159
Episode 158 complete | agent_samples=15364 | env_steps=11004 | episode_env_steps=20 | episode_agent_samples=33 | mean_reward=45.356 | success=1/2 | collision=1/2 | mean_final_distance=0.636 | mean_progress=0.0647 | min_laser=0.300 | mean_lin=0.990 | mean_ang=1.000 | mean_robot_dist=0.851 | raw_reward=50.000 | adjusted_reward=50.000 | coop_agents=0/2 | mean_coop_neighbors=0.00 | active_neighbor_step_rate=0.515 | mean_active_neighbors_step=0.515 | max_active_neighbors_step=1 | interaction_reward=0.0000 | abs_interaction_reward=0.0000 | anti_stag_reward=0.0000 | abs_anti_stag_reward=0.0000 | wall_clear_reward=0.0000 | abs_wall_clear_reward=0.0000 | local_nav_reward=0.0000 | abs_local_nav_reward=0.0000 | context_neighbors_mean=0.55 | context_neighbors_max=1 | last_context_neighbors_mean=0.00 | last_context_neighbors_max=0 | actor_unlocked=1 | expl_noise=0.0434 | replay=15364 | samples/sec=5.162
Episode 159 complete | agent_samples=15555 | env_steps=11124 | episode_env_steps=120 | episode_agent_samples=191 | mean_reward=147.716 | success=2/2 | collision=0/2 | mean_final_distance=0.247 | mean_progress=0.0217 | min_laser=0.857 | mean_lin=0.999 | mean_ang=-0.996 | mean_robot_dist=3.992 | raw_reward=50.000 | adjusted_reward=50.000 | coop_agents=0/2 | mean_coop_neighbors=0.00 | active_neighbor_step_rate=0.361 | mean_active_neighbors_step=0.361 | max_active_neighbors_step=1 | interaction_reward=0.0000 | abs_interaction_reward=0.0000 | anti_stag_reward=0.0000 | abs_anti_stag_reward=0.0000 | wall_clear_reward=0.0000 | abs_wall_clear_reward=0.0000 | local_nav_reward=0.0000 | abs_local_nav_reward=0.0000 | context_neighbors_mean=0.37 | context_neighbors_max=1 | last_context_neighbors_mean=0.00 | last_context_neighbors_max=0 | actor_unlocked=1 | expl_noise=0.0433 | replay=15555 | samples/sec=5.181
Episode 160 complete | agent_samples=15749 | env_steps=11234 | episode_env_steps=110 | episode_agent_samples=194 | mean_reward=145.301 | success=2/2 | collision=0/2 | mean_final_distance=0.281 | mean_progress=0.0093 | min_laser=0.871 | mean_lin=0.973 | mean_ang=-1.000 | mean_robot_dist=3.483 | raw_reward=50.000 | adjusted_reward=50.000 | coop_agents=0/2 | mean_coop_neighbors=0.00 | active_neighbor_step_rate=0.428 | mean_active_neighbors_step=0.428 | max_active_neighbors_step=1 | interaction_reward=0.0000 | abs_interaction_reward=0.0000 | anti_stag_reward=0.0000 | abs_anti_stag_reward=0.0000 | wall_clear_reward=0.0000 | abs_wall_clear_reward=0.0000 | local_nav_reward=0.0000 | abs_local_nav_reward=0.0000 | context_neighbors_mean=0.43 | context_neighbors_max=1 | last_context_neighbors_mean=0.00 | last_context_neighbors_max=0 | actor_unlocked=1 | expl_noise=0.0433 | replay=15749 | samples/sec=5.205
Status | epoch=2 | next_eval_in=8251 agent_samples | checkpoint_every=10 episodes | checkpoint=./checkpoints/pair_interaction_pilot_s20260724_latest.pt | model=pair_interaction_pilot_s20260724
Checkpoint saved: ./checkpoints/pair_interaction_pilot_s20260724_latest.pt
Episode 161 complete | agent_samples=15828 | env_steps=11275 | episode_env_steps=41 | episode_agent_samples=79 | mean_reward=150.735 | success=2/2 | collision=0/2 | mean_final_distance=0.243 | mean_progress=0.0497 | min_laser=0.751 | mean_lin=0.998 | mean_ang=-0.983 | mean_robot_dist=3.462 | raw_reward=50.000 | adjusted_reward=50.000 | coop_agents=0/2 | mean_coop_neighbors=0.00 | active_neighbor_step_rate=0.418 | mean_active_neighbors_step=0.418 | max_active_neighbors_step=1 | interaction_reward=0.0000 | abs_interaction_reward=0.0000 | anti_stag_reward=0.0000 | abs_anti_stag_reward=0.0000 | wall_clear_reward=0.0000 | abs_wall_clear_reward=0.0000 | local_nav_reward=0.0000 | abs_local_nav_reward=0.0000 | context_neighbors_mean=0.42 | context_neighbors_max=1 | last_context_neighbors_mean=0.00 | last_context_neighbors_max=0 | actor_unlocked=1 | expl_noise=0.0432 | replay=15828 | samples/sec=5.215
Episode 162 complete | agent_samples=15846 | env_steps=11284 | episode_env_steps=9 | episode_agent_samples=18 | mean_reward=-81.795 | success=0/2 | collision=2/2 | mean_final_distance=2.039 | mean_progress=0.1312 | min_laser=0.306 | mean_lin=0.994 | mean_ang=0.970 | mean_robot_dist=0.559 | raw_reward=-100.000 | adjusted_reward=-100.000 | coop_agents=2/2 | mean_coop_neighbors=1.00 | active_neighbor_step_rate=1.000 | mean_active_neighbors_step=1.000 | max_active_neighbors_step=1 | interaction_reward=0.0000 | abs_interaction_reward=0.0000 | anti_stag_reward=0.0000 | abs_anti_stag_reward=0.0000 | wall_clear_reward=0.0000 | abs_wall_clear_reward=0.0000 | local_nav_reward=0.0000 | abs_local_nav_reward=0.0000 | context_neighbors_mean=1.00 | context_neighbors_max=1 | last_context_neighbors_mean=0.00 | last_context_neighbors_max=0 | actor_unlocked=1 | expl_noise=0.0432 | replay=15846 | samples/sec=5.217
Episode 163 complete | agent_samples=15946 | env_steps=11361 | episode_env_steps=77 | episode_agent_samples=100 | mean_reward=148.922 | success=2/2 | collision=0/2 | mean_final_distance=0.232 | mean_progress=0.0467 | min_laser=0.749 | mean_lin=0.986 | mean_ang=0.016 | mean_robot_dist=3.647 | raw_reward=50.000 | adjusted_reward=50.000 | coop_agents=0/2 | mean_coop_neighbors=0.00 | active_neighbor_step_rate=0.210 | mean_active_neighbors_step=0.210 | max_active_neighbors_step=1 | interaction_reward=0.0000 | abs_interaction_reward=0.0000 | anti_stag_reward=0.0000 | abs_anti_stag_reward=0.0000 | wall_clear_reward=0.0000 | abs_wall_clear_reward=0.0000 | local_nav_reward=0.0000 | abs_local_nav_reward=0.0000 | context_neighbors_mean=0.23 | context_neighbors_max=1 | last_context_neighbors_mean=0.00 | last_context_neighbors_max=0 | actor_unlocked=1 | expl_noise=0.0432 | replay=15946 | samples/sec=5.222
Episode 164 complete | agent_samples=16045 | env_steps=11424 | episode_env_steps=63 | episode_agent_samples=99 | mean_reward=148.677 | success=2/2 | collision=0/2 | mean_final_distance=0.194 | mean_progress=0.0647 | min_laser=0.756 | mean_lin=0.992 | mean_ang=-0.979 | mean_robot_dist=2.987 | raw_reward=50.000 | adjusted_reward=50.000 | coop_agents=0/2 | mean_coop_neighbors=0.00 | active_neighbor_step_rate=0.323 | mean_active_neighbors_step=0.323 | max_active_neighbors_step=1 | interaction_reward=0.0000 | abs_interaction_reward=0.0000 | anti_stag_reward=0.0000 | abs_anti_stag_reward=0.0000 | wall_clear_reward=0.0000 | abs_wall_clear_reward=0.0000 | local_nav_reward=0.0000 | abs_local_nav_reward=0.0000 | context_neighbors_mean=0.32 | context_neighbors_max=1 | last_context_neighbors_mean=0.00 | last_context_neighbors_max=0 | actor_unlocked=1 | expl_noise=0.0431 | replay=16045 | samples/sec=5.231
Episode 165 complete | agent_samples=16143 | env_steps=11488 | episode_env_steps=64 | episode_agent_samples=98 | mean_reward=147.910 | success=2/2 | collision=0/2 | mean_final_distance=0.281 | mean_progress=0.0428 | min_laser=0.585 | mean_lin=0.983 | mean_ang=-1.000 | mean_robot_dist=3.171 | raw_reward=50.000 | adjusted_reward=50.000 | coop_agents=0/2 | mean_coop_neighbors=0.00 | active_neighbor_step_rate=0.265 | mean_active_neighbors_step=0.265 | max_active_neighbors_step=1 | interaction_reward=0.0000 | abs_interaction_reward=0.0000 | anti_stag_reward=0.0000 | abs_anti_stag_reward=0.0000 | wall_clear_reward=0.0000 | abs_wall_clear_reward=0.0000 | local_nav_reward=0.0000 | abs_local_nav_reward=0.0000 | context_neighbors_mean=0.27 | context_neighbors_max=1 | last_context_neighbors_mean=0.00 | last_context_neighbors_max=0 | actor_unlocked=1 | expl_noise=0.0431 | replay=16143 | samples/sec=5.239
Status | epoch=2 | next_eval_in=7857 agent_samples | checkpoint_every=10 episodes | checkpoint=./checkpoints/pair_interaction_pilot_s20260724_latest.pt | model=pair_interaction_pilot_s20260724
Episode 166 complete | agent_samples=16160 | env_steps=11497 | episode_env_steps=9 | episode_agent_samples=17 | mean_reward=-83.859 | success=0/2 | collision=2/2 | mean_final_distance=1.721 | mean_progress=0.0764 | min_laser=0.303 | mean_lin=0.986 | mean_ang=-0.980 | mean_robot_dist=0.539 | raw_reward=-50.000 | adjusted_reward=-50.000 | coop_agents=0/2 | mean_coop_neighbors=0.00 | active_neighbor_step_rate=0.941 | mean_active_neighbors_step=0.941 | max_active_neighbors_step=1 | interaction_reward=0.0000 | abs_interaction_reward=0.0000 | anti_stag_reward=0.0000 | abs_anti_stag_reward=0.0000 | wall_clear_reward=0.0000 | abs_wall_clear_reward=0.0000 | local_nav_reward=0.0000 | abs_local_nav_reward=0.0000 | context_neighbors_mean=0.94 | context_neighbors_max=1 | last_context_neighbors_mean=0.00 | last_context_neighbors_max=0 | actor_unlocked=1 | expl_noise=0.0431 | replay=16160 | samples/sec=5.241
Episode 167 complete | agent_samples=16209 | env_steps=11535 | episode_env_steps=38 | episode_agent_samples=49 | mean_reward=47.722 | success=1/2 | collision=1/2 | mean_final_distance=0.970 | mean_progress=0.0255 | min_laser=0.330 | mean_lin=0.790 | mean_ang=-1.000 | mean_robot_dist=1.855 | raw_reward=50.000 | adjusted_reward=50.000 | coop_agents=0/2 | mean_coop_neighbors=0.00 | active_neighbor_step_rate=0.408 | mean_active_neighbors_step=0.408 | max_active_neighbors_step=1 | interaction_reward=0.0000 | abs_interaction_reward=0.0000 | anti_stag_reward=0.0000 | abs_anti_stag_reward=0.0000 | wall_clear_reward=0.0000 | abs_wall_clear_reward=0.0000 | local_nav_reward=0.0000 | abs_local_nav_reward=0.0000 | context_neighbors_mean=0.43 | context_neighbors_max=1 | last_context_neighbors_mean=0.00 | last_context_neighbors_max=0 | actor_unlocked=1 | expl_noise=0.0431 | replay=16209 | samples/sec=5.243
Episode 168 complete | agent_samples=16221 | env_steps=11541 | episode_env_steps=6 | episode_agent_samples=12 | mean_reward=-89.887 | success=0/2 | collision=2/2 | mean_final_distance=1.944 | mean_progress=0.1507 | min_laser=0.300 | mean_lin=0.997 | mean_ang=0.000 | mean_robot_dist=0.511 | raw_reward=-100.000 | adjusted_reward=-100.000 | coop_agents=2/2 | mean_coop_neighbors=1.00 | active_neighbor_step_rate=1.000 | mean_active_neighbors_step=1.000 | max_active_neighbors_step=1 | interaction_reward=0.0000 | abs_interaction_reward=0.0000 | anti_stag_reward=0.0000 | abs_anti_stag_reward=0.0000 | wall_clear_reward=0.0000 | abs_wall_clear_reward=0.0000 | local_nav_reward=0.0000 | abs_local_nav_reward=0.0000 | context_neighbors_mean=1.00 | context_neighbors_max=1 | last_context_neighbors_mean=0.00 | last_context_neighbors_max=0 | actor_unlocked=1 | expl_noise=0.0431 | replay=16221 | samples/sec=5.244
Episode 169 complete | agent_samples=16264 | env_steps=11566 | episode_env_steps=25 | episode_agent_samples=43 | mean_reward=40.028 | success=1/2 | collision=1/2 | mean_final_distance=1.065 | mean_progress=0.0659 | min_laser=0.303 | mean_lin=0.502 | mean_ang=0.000 | mean_robot_dist=0.801 | raw_reward=50.000 | adjusted_reward=50.000 | coop_agents=0/2 | mean_coop_neighbors=0.00 | active_neighbor_step_rate=0.791 | mean_active_neighbors_step=0.791 | max_active_neighbors_step=1 | interaction_reward=0.0000 | abs_interaction_reward=0.0000 | anti_stag_reward=0.0000 | abs_anti_stag_reward=0.0000 | wall_clear_reward=0.0000 | abs_wall_clear_reward=0.0000 | local_nav_reward=0.0000 | abs_local_nav_reward=0.0000 | context_neighbors_mean=0.79 | context_neighbors_max=1 | last_context_neighbors_mean=0.00 | last_context_neighbors_max=0 | actor_unlocked=1 | expl_noise=0.0431 | replay=16264 | samples/sec=5.249
Episode 170 complete | agent_samples=16282 | env_steps=11575 | episode_env_steps=9 | episode_agent_samples=18 | mean_reward=-81.612 | success=0/2 | collision=2/2 | mean_final_distance=2.168 | mean_progress=0.1338 | min_laser=0.302 | mean_lin=0.997 | mean_ang=-0.022 | mean_robot_dist=0.556 | raw_reward=-100.000 | adjusted_reward=-100.000 | coop_agents=2/2 | mean_coop_neighbors=1.00 | active_neighbor_step_rate=1.000 | mean_active_neighbors_step=1.000 | max_active_neighbors_step=1 | interaction_reward=0.0000 | abs_interaction_reward=0.0000 | anti_stag_reward=0.0000 | abs_anti_stag_reward=0.0000 | wall_clear_reward=0.0000 | abs_wall_clear_reward=0.0000 | local_nav_reward=0.0000 | abs_local_nav_reward=0.0000 | context_neighbors_mean=1.00 | context_neighbors_max=1 | last_context_neighbors_mean=0.00 | last_context_neighbors_max=0 | actor_unlocked=1 | expl_noise=0.0431 | replay=16282 | samples/sec=5.251
Status | epoch=2 | next_eval_in=7718 agent_samples | checkpoint_every=10 episodes | checkpoint=./checkpoints/pair_interaction_pilot_s20260724_latest.pt | model=pair_interaction_pilot_s20260724
Checkpoint saved: ./checkpoints/pair_interaction_pilot_s20260724_latest.pt
Episode 171 complete | agent_samples=16294 | env_steps=11581 | episode_env_steps=6 | episode_agent_samples=12 | mean_reward=-88.955 | success=0/2 | collision=2/2 | mean_final_distance=1.965 | mean_progress=0.1646 | min_laser=0.300 | mean_lin=1.000 | mean_ang=0.000 | mean_robot_dist=0.471 | raw_reward=-100.000 | adjusted_reward=-100.000 | coop_agents=2/2 | mean_coop_neighbors=1.00 | active_neighbor_step_rate=1.000 | mean_active_neighbors_step=1.000 | max_active_neighbors_step=1 | interaction_reward=0.0000 | abs_interaction_reward=0.0000 | anti_stag_reward=0.0000 | abs_anti_stag_reward=0.0000 | wall_clear_reward=0.0000 | abs_wall_clear_reward=0.0000 | local_nav_reward=0.0000 | abs_local_nav_reward=0.0000 | context_neighbors_mean=1.00 | context_neighbors_max=1 | last_context_neighbors_mean=0.00 | last_context_neighbors_max=0 | actor_unlocked=1 | expl_noise=0.0431 | replay=16294 | samples/sec=5.252
Episode 172 complete | agent_samples=16363 | env_steps=11624 | episode_env_steps=43 | episode_agent_samples=69 | mean_reward=157.487 | success=2/2 | collision=0/2 | mean_final_distance=0.266 | mean_progress=0.0241 | min_laser=0.970 | mean_lin=0.971 | mean_ang=-0.966 | mean_robot_dist=3.909 | raw_reward=50.000 | adjusted_reward=50.000 | coop_agents=0/2 | mean_coop_neighbors=0.00 | active_neighbor_step_rate=0.348 | mean_active_neighbors_step=0.348 | max_active_neighbors_step=1 | interaction_reward=0.0000 | abs_interaction_reward=0.0000 | anti_stag_reward=0.0000 | abs_anti_stag_reward=0.0000 | wall_clear_reward=0.0000 | abs_wall_clear_reward=0.0000 | local_nav_reward=0.0000 | abs_local_nav_reward=0.0000 | context_neighbors_mean=0.38 | context_neighbors_max=1 | last_context_neighbors_mean=0.00 | last_context_neighbors_max=0 | actor_unlocked=1 | expl_noise=0.0430 | replay=16363 | samples/sec=5.258
Episode 173 complete | agent_samples=16391 | env_steps=11638 | episode_env_steps=14 | episode_agent_samples=28 | mean_reward=-72.822 | success=0/2 | collision=2/2 | mean_final_distance=1.547 | mean_progress=0.1265 | min_laser=0.300 | mean_lin=0.994 | mean_ang=-0.942 | mean_robot_dist=0.480 | raw_reward=-100.000 | adjusted_reward=-100.000 | coop_agents=2/2 | mean_coop_neighbors=1.00 | active_neighbor_step_rate=1.000 | mean_active_neighbors_step=1.000 | max_active_neighbors_step=1 | interaction_reward=0.0000 | abs_interaction_reward=0.0000 | anti_stag_reward=0.0000 | abs_anti_stag_reward=0.0000 | wall_clear_reward=0.0000 | abs_wall_clear_reward=0.0000 | local_nav_reward=0.0000 | abs_local_nav_reward=0.0000 | context_neighbors_mean=1.00 | context_neighbors_max=1 | last_context_neighbors_mean=0.00 | last_context_neighbors_max=0 | actor_unlocked=1 | expl_noise=0.0430 | replay=16391 | samples/sec=5.262
Episode 174 complete | agent_samples=16401 | env_steps=11643 | episode_env_steps=5 | episode_agent_samples=10 | mean_reward=-90.351 | success=0/2 | collision=2/2 | mean_final_distance=2.028 | mean_progress=0.1739 | min_laser=0.309 | mean_lin=0.985 | mean_ang=-0.003 | mean_robot_dist=0.544 | raw_reward=-100.000 | adjusted_reward=-100.000 | coop_agents=2/2 | mean_coop_neighbors=1.00 | active_neighbor_step_rate=1.000 | mean_active_neighbors_step=1.000 | max_active_neighbors_step=1 | interaction_reward=0.0000 | abs_interaction_reward=0.0000 | anti_stag_reward=0.0000 | abs_anti_stag_reward=0.0000 | wall_clear_reward=0.0000 | abs_wall_clear_reward=0.0000 | local_nav_reward=0.0000 | abs_local_nav_reward=0.0000 | context_neighbors_mean=1.00 | context_neighbors_max=1 | last_context_neighbors_mean=0.00 | last_context_neighbors_max=0 | actor_unlocked=1 | expl_noise=0.0430 | replay=16401 | samples/sec=5.263
Episode 175 complete | agent_samples=16526 | env_steps=11737 | episode_env_steps=94 | episode_agent_samples=125 | mean_reward=149.714 | success=2/2 | collision=0/2 | mean_final_distance=0.249 | mean_progress=0.0452 | min_laser=0.534 | mean_lin=0.988 | mean_ang=0.000 | mean_robot_dist=2.510 | raw_reward=50.000 | adjusted_reward=50.000 | coop_agents=0/2 | mean_coop_neighbors=0.00 | active_neighbor_step_rate=0.232 | mean_active_neighbors_step=0.232 | max_active_neighbors_step=1 | interaction_reward=0.0000 | abs_interaction_reward=0.0000 | anti_stag_reward=0.0000 | abs_anti_stag_reward=0.0000 | wall_clear_reward=0.0000 | abs_wall_clear_reward=0.0000 | local_nav_reward=0.0000 | abs_local_nav_reward=0.0000 | context_neighbors_mean=0.25 | context_neighbors_max=1 | last_context_neighbors_mean=0.00 | last_context_neighbors_max=0 | actor_unlocked=1 | expl_noise=0.0430 | replay=16526 | samples/sec=5.269
Status | epoch=2 | next_eval_in=7474 agent_samples | checkpoint_every=10 episodes | checkpoint=./checkpoints/pair_interaction_pilot_s20260724_latest.pt | model=pair_interaction_pilot_s20260724
Episode 176 complete | agent_samples=16588 | env_steps=11777 | episode_env_steps=40 | episode_agent_samples=62 | mean_reward=150.153 | success=2/2 | collision=0/2 | mean_final_distance=0.247 | mean_progress=0.0521 | min_laser=1.014 | mean_lin=0.984 | mean_ang=-1.000 | mean_robot_dist=3.449 | raw_reward=50.000 | adjusted_reward=50.000 | coop_agents=0/2 | mean_coop_neighbors=0.00 | active_neighbor_step_rate=0.387 | mean_active_neighbors_step=0.387 | max_active_neighbors_step=1 | interaction_reward=0.0000 | abs_interaction_reward=0.0000 | anti_stag_reward=0.0000 | abs_anti_stag_reward=0.0000 | wall_clear_reward=0.0000 | abs_wall_clear_reward=0.0000 | local_nav_reward=0.0000 | abs_local_nav_reward=0.0000 | context_neighbors_mean=0.42 | context_neighbors_max=1 | last_context_neighbors_mean=0.00 | last_context_neighbors_max=0 | actor_unlocked=1 | expl_noise=0.0429 | replay=16588 | samples/sec=5.274
Episode 177 complete | agent_samples=16621 | env_steps=11794 | episode_env_steps=17 | episode_agent_samples=33 | mean_reward=-60.398 | success=0/2 | collision=2/2 | mean_final_distance=1.364 | mean_progress=0.0431 | min_laser=0.319 | mean_lin=0.501 | mean_ang=-0.004 | mean_robot_dist=0.403 | raw_reward=-50.000 | adjusted_reward=-50.000 | coop_agents=0/2 | mean_coop_neighbors=0.00 | active_neighbor_step_rate=0.758 | mean_active_neighbors_step=0.758 | max_active_neighbors_step=1 | interaction_reward=0.0000 | abs_interaction_reward=0.0000 | anti_stag_reward=0.0000 | abs_anti_stag_reward=0.0000 | wall_clear_reward=0.0000 | abs_wall_clear_reward=0.0000 | local_nav_reward=0.0000 | abs_local_nav_reward=0.0000 | context_neighbors_mean=0.79 | context_neighbors_max=1 | last_context_neighbors_mean=0.00 | last_context_neighbors_max=0 | actor_unlocked=1 | expl_noise=0.0429 | replay=16621 | samples/sec=5.278
Episode 178 complete | agent_samples=16691 | env_steps=11839 | episode_env_steps=45 | episode_agent_samples=70 | mean_reward=157.521 | success=2/2 | collision=0/2 | mean_final_distance=0.269 | mean_progress=0.0445 | min_laser=0.875 | mean_lin=0.996 | mean_ang=-1.000 | mean_robot_dist=3.789 | raw_reward=50.000 | adjusted_reward=50.000 | coop_agents=0/2 | mean_coop_neighbors=0.00 | active_neighbor_step_rate=0.371 | mean_active_neighbors_step=0.371 | max_active_neighbors_step=1 | interaction_reward=0.0000 | abs_interaction_reward=0.0000 | anti_stag_reward=0.0000 | abs_anti_stag_reward=0.0000 | wall_clear_reward=0.0000 | abs_wall_clear_reward=0.0000 | local_nav_reward=0.0000 | abs_local_nav_reward=0.0000 | context_neighbors_mean=0.40 | context_neighbors_max=1 | last_context_neighbors_mean=0.00 | last_context_neighbors_max=0 | actor_unlocked=1 | expl_noise=0.0429 | replay=16691 | samples/sec=5.284
Episode 179 complete | agent_samples=16710 | env_steps=11849 | episode_env_steps=10 | episode_agent_samples=19 | mean_reward=-80.949 | success=0/2 | collision=2/2 | mean_final_distance=2.176 | mean_progress=0.0652 | min_laser=0.301 | mean_lin=0.985 | mean_ang=-0.953 | mean_robot_dist=0.347 | raw_reward=-50.000 | adjusted_reward=-50.000 | coop_agents=0/2 | mean_coop_neighbors=0.00 | active_neighbor_step_rate=0.947 | mean_active_neighbors_step=0.947 | max_active_neighbors_step=1 | interaction_reward=0.0000 | abs_interaction_reward=0.0000 | anti_stag_reward=0.0000 | abs_anti_stag_reward=0.0000 | wall_clear_reward=0.0000 | abs_wall_clear_reward=0.0000 | local_nav_reward=0.0000 | abs_local_nav_reward=0.0000 | context_neighbors_mean=0.95 | context_neighbors_max=1 | last_context_neighbors_mean=0.00 | last_context_neighbors_max=0 | actor_unlocked=1 | expl_noise=0.0429 | replay=16710 | samples/sec=5.286
Episode 180 complete | agent_samples=16738 | env_steps=11863 | episode_env_steps=14 | episode_agent_samples=28 | mean_reward=-74.320 | success=0/2 | collision=2/2 | mean_final_distance=1.606 | mean_progress=0.0545 | min_laser=0.313 | mean_lin=0.496 | mean_ang=0.000 | mean_robot_dist=0.530 | raw_reward=-100.000 | adjusted_reward=-100.000 | coop_agents=2/2 | mean_coop_neighbors=1.00 | active_neighbor_step_rate=0.893 | mean_active_neighbors_step=0.893 | max_active_neighbors_step=1 | interaction_reward=0.0000 | abs_interaction_reward=0.0000 | anti_stag_reward=0.0000 | abs_anti_stag_reward=0.0000 | wall_clear_reward=0.0000 | abs_wall_clear_reward=0.0000 | local_nav_reward=0.0000 | abs_local_nav_reward=0.0000 | context_neighbors_mean=0.89 | context_neighbors_max=1 | last_context_neighbors_mean=0.00 | last_context_neighbors_max=0 | actor_unlocked=1 | expl_noise=0.0429 | replay=16738 | samples/sec=5.290
Status | epoch=2 | next_eval_in=7262 agent_samples | checkpoint_every=10 episodes | checkpoint=./checkpoints/pair_interaction_pilot_s20260724_latest.pt | model=pair_interaction_pilot_s20260724
Checkpoint saved: ./checkpoints/pair_interaction_pilot_s20260724_latest.pt
Episode 181 complete | agent_samples=16758 | env_steps=11873 | episode_env_steps=10 | episode_agent_samples=20 | mean_reward=-79.561 | success=0/2 | collision=2/2 | mean_final_distance=1.924 | mean_progress=0.1271 | min_laser=0.307 | mean_lin=0.993 | mean_ang=0.032 | mean_robot_dist=0.545 | raw_reward=-100.000 | adjusted_reward=-100.000 | coop_agents=2/2 | mean_coop_neighbors=1.00 | active_neighbor_step_rate=1.000 | mean_active_neighbors_step=1.000 | max_active_neighbors_step=1 | interaction_reward=0.0000 | abs_interaction_reward=0.0000 | anti_stag_reward=0.0000 | abs_anti_stag_reward=0.0000 | wall_clear_reward=0.0000 | abs_wall_clear_reward=0.0000 | local_nav_reward=0.0000 | abs_local_nav_reward=0.0000 | context_neighbors_mean=1.00 | context_neighbors_max=1 | last_context_neighbors_mean=0.00 | last_context_neighbors_max=0 | actor_unlocked=1 | expl_noise=0.0429 | replay=16758 | samples/sec=5.292
Episode 182 complete | agent_samples=16802 | env_steps=11899 | episode_env_steps=26 | episode_agent_samples=44 | mean_reward=49.760 | success=1/2 | collision=1/2 | mean_final_distance=0.808 | mean_progress=0.0748 | min_laser=0.300 | mean_lin=0.496 | mean_ang=-0.756 | mean_robot_dist=1.370 | raw_reward=50.000 | adjusted_reward=50.000 | coop_agents=0/2 | mean_coop_neighbors=0.00 | active_neighbor_step_rate=0.523 | mean_active_neighbors_step=0.523 | max_active_neighbors_step=1 | interaction_reward=0.0000 | abs_interaction_reward=0.0000 | anti_stag_reward=0.0000 | abs_anti_stag_reward=0.0000 | wall_clear_reward=0.0000 | abs_wall_clear_reward=0.0000 | local_nav_reward=0.0000 | abs_local_nav_reward=0.0000 | context_neighbors_mean=0.55 | context_neighbors_max=1 | last_context_neighbors_mean=0.00 | last_context_neighbors_max=0 | actor_unlocked=1 | expl_noise=0.0429 | replay=16802 | samples/sec=5.296
Episode 183 complete | agent_samples=16858 | env_steps=11929 | episode_env_steps=30 | episode_agent_samples=56 | mean_reward=153.949 | success=2/2 | collision=0/2 | mean_final_distance=0.194 | mean_progress=0.0759 | min_laser=0.357 | mean_lin=0.987 | mean_ang=0.079 | mean_robot_dist=2.396 | raw_reward=50.000 | adjusted_reward=50.000 | coop_agents=0/2 | mean_coop_neighbors=0.00 | active_neighbor_step_rate=0.500 | mean_active_neighbors_step=0.500 | max_active_neighbors_step=1 | interaction_reward=0.0000 | abs_interaction_reward=0.0000 | anti_stag_reward=0.0000 | abs_anti_stag_reward=0.0000 | wall_clear_reward=0.0000 | abs_wall_clear_reward=0.0000 | local_nav_reward=0.0000 | abs_local_nav_reward=0.0000 | context_neighbors_mean=0.54 | context_neighbors_max=1 | last_context_neighbors_mean=0.00 | last_context_neighbors_max=0 | actor_unlocked=1 | expl_noise=0.0428 | replay=16858 | samples/sec=5.303
Episode 184 complete | agent_samples=16877 | env_steps=11939 | episode_env_steps=10 | episode_agent_samples=19 | mean_reward=-81.167 | success=0/2 | collision=2/2 | mean_final_distance=2.135 | mean_progress=0.0659 | min_laser=0.300 | mean_lin=0.974 | mean_ang=0.008 | mean_robot_dist=0.414 | raw_reward=-50.000 | adjusted_reward=-50.000 | coop_agents=0/2 | mean_coop_neighbors=0.00 | active_neighbor_step_rate=0.947 | mean_active_neighbors_step=0.947 | max_active_neighbors_step=1 | interaction_reward=0.0000 | abs_interaction_reward=0.0000 | anti_stag_reward=0.0000 | abs_anti_stag_reward=0.0000 | wall_clear_reward=0.0000 | abs_wall_clear_reward=0.0000 | local_nav_reward=0.0000 | abs_local_nav_reward=0.0000 | context_neighbors_mean=0.95 | context_neighbors_max=1 | last_context_neighbors_mean=0.00 | last_context_neighbors_max=0 | actor_unlocked=1 | expl_noise=0.0428 | replay=16877 | samples/sec=5.305
Episode 185 complete | agent_samples=16933 | env_steps=11968 | episode_env_steps=29 | episode_agent_samples=56 | mean_reward=157.355 | success=2/2 | collision=0/2 | mean_final_distance=0.208 | mean_progress=0.0681 | min_laser=0.879 | mean_lin=1.000 | mean_ang=-0.679 | mean_robot_dist=3.374 | raw_reward=50.000 | adjusted_reward=50.000 | coop_agents=0/2 | mean_coop_neighbors=0.00 | active_neighbor_step_rate=0.518 | mean_active_neighbors_step=0.518 | max_active_neighbors_step=1 | interaction_reward=0.0000 | abs_interaction_reward=0.0000 | anti_stag_reward=0.0000 | abs_anti_stag_reward=0.0000 | wall_clear_reward=0.0000 | abs_wall_clear_reward=0.0000 | local_nav_reward=0.0000 | abs_local_nav_reward=0.0000 | context_neighbors_mean=0.55 | context_neighbors_max=1 | last_context_neighbors_mean=0.00 | last_context_neighbors_max=0 | actor_unlocked=1 | expl_noise=0.0428 | replay=16933 | samples/sec=5.312
Status | epoch=2 | next_eval_in=7067 agent_samples | checkpoint_every=10 episodes | checkpoint=./checkpoints/pair_interaction_pilot_s20260724_latest.pt | model=pair_interaction_pilot_s20260724
Episode 186 complete | agent_samples=16948 | env_steps=11976 | episode_env_steps=8 | episode_agent_samples=15 | mean_reward=-86.876 | success=0/2 | collision=2/2 | mean_final_distance=1.766 | mean_progress=0.0699 | min_laser=0.300 | mean_lin=0.970 | mean_ang=0.985 | mean_robot_dist=0.462 | raw_reward=-50.000 | adjusted_reward=-50.000 | coop_agents=0/2 | mean_coop_neighbors=0.00 | active_neighbor_step_rate=0.933 | mean_active_neighbors_step=0.933 | max_active_neighbors_step=1 | interaction_reward=0.0000 | abs_interaction_reward=0.0000 | anti_stag_reward=0.0000 | abs_anti_stag_reward=0.0000 | wall_clear_reward=0.0000 | abs_wall_clear_reward=0.0000 | local_nav_reward=0.0000 | abs_local_nav_reward=0.0000 | context_neighbors_mean=0.93 | context_neighbors_max=1 | last_context_neighbors_mean=0.00 | last_context_neighbors_max=0 | actor_unlocked=1 | expl_noise=0.0428 | replay=16948 | samples/sec=5.314
Episode 187 complete | agent_samples=16962 | env_steps=11983 | episode_env_steps=7 | episode_agent_samples=14 | mean_reward=-88.295 | success=0/2 | collision=2/2 | mean_final_distance=1.921 | mean_progress=0.1669 | min_laser=0.300 | mean_lin=1.000 | mean_ang=-0.006 | mean_robot_dist=0.519 | raw_reward=-100.000 | adjusted_reward=-100.000 | coop_agents=2/2 | mean_coop_neighbors=1.00 | active_neighbor_step_rate=1.000 | mean_active_neighbors_step=1.000 | max_active_neighbors_step=1 | interaction_reward=0.0000 | abs_interaction_reward=0.0000 | anti_stag_reward=0.0000 | abs_anti_stag_reward=0.0000 | wall_clear_reward=0.0000 | abs_wall_clear_reward=0.0000 | local_nav_reward=0.0000 | abs_local_nav_reward=0.0000 | context_neighbors_mean=1.00 | context_neighbors_max=1 | last_context_neighbors_mean=0.00 | last_context_neighbors_max=0 | actor_unlocked=1 | expl_noise=0.0428 | replay=16962 | samples/sec=5.316
Episode 188 complete | agent_samples=16973 | env_steps=11989 | episode_env_steps=6 | episode_agent_samples=11 | mean_reward=-89.550 | success=0/2 | collision=2/2 | mean_final_distance=2.008 | mean_progress=0.0662 | min_laser=0.300 | mean_lin=1.000 | mean_ang=-1.000 | mean_robot_dist=0.470 | raw_reward=-50.000 | adjusted_reward=-50.000 | coop_agents=0/2 | mean_coop_neighbors=0.00 | active_neighbor_step_rate=0.909 | mean_active_neighbors_step=0.909 | max_active_neighbors_step=1 | interaction_reward=0.0000 | abs_interaction_reward=0.0000 | anti_stag_reward=0.0000 | abs_anti_stag_reward=0.0000 | wall_clear_reward=0.0000 | abs_wall_clear_reward=0.0000 | local_nav_reward=0.0000 | abs_local_nav_reward=0.0000 | context_neighbors_mean=0.91 | context_neighbors_max=1 | last_context_neighbors_mean=0.00 | last_context_neighbors_max=0 | actor_unlocked=1 | expl_noise=0.0428 | replay=16973 | samples/sec=5.317
Episode 189 complete | agent_samples=17019 | env_steps=12017 | episode_env_steps=28 | episode_agent_samples=46 | mean_reward=36.582 | success=1/2 | collision=1/2 | mean_final_distance=0.994 | mean_progress=0.0489 | min_laser=0.324 | mean_lin=0.488 | mean_ang=0.000 | mean_robot_dist=0.995 | raw_reward=50.000 | adjusted_reward=50.000 | coop_agents=0/2 | mean_coop_neighbors=0.00 | active_neighbor_step_rate=0.587 | mean_active_neighbors_step=0.587 | max_active_neighbors_step=1 | interaction_reward=0.0000 | abs_interaction_reward=0.0000 | anti_stag_reward=0.0000 | abs_anti_stag_reward=0.0000 | wall_clear_reward=0.0000 | abs_wall_clear_reward=0.0000 | local_nav_reward=0.0000 | abs_local_nav_reward=0.0000 | context_neighbors_mean=0.59 | context_neighbors_max=1 | last_context_neighbors_mean=0.00 | last_context_neighbors_max=0 | actor_unlocked=1 | expl_noise=0.0428 | replay=17019 | samples/sec=5.321
Episode 190 complete | agent_samples=17127 | env_steps=12086 | episode_env_steps=69 | episode_agent_samples=108 | mean_reward=148.952 | success=2/2 | collision=0/2 | mean_final_distance=0.203 | mean_progress=0.0720 | min_laser=0.705 | mean_lin=0.980 | mean_ang=-1.000 | mean_robot_dist=3.175 | raw_reward=50.000 | adjusted_reward=50.000 | coop_agents=0/2 | mean_coop_neighbors=0.00 | active_neighbor_step_rate=0.269 | mean_active_neighbors_step=0.269 | max_active_neighbors_step=1 | interaction_reward=0.0000 | abs_interaction_reward=0.0000 | anti_stag_reward=0.0000 | abs_anti_stag_reward=0.0000 | wall_clear_reward=0.0000 | abs_wall_clear_reward=0.0000 | local_nav_reward=0.0000 | abs_local_nav_reward=0.0000 | context_neighbors_mean=0.27 | context_neighbors_max=1 | last_context_neighbors_mean=0.00 | last_context_neighbors_max=0 | actor_unlocked=1 | expl_noise=0.0427 | replay=17127 | samples/sec=5.330
Status | epoch=2 | next_eval_in=6873 agent_samples | checkpoint_every=10 episodes | checkpoint=./checkpoints/pair_interaction_pilot_s20260724_latest.pt | model=pair_interaction_pilot_s20260724
Checkpoint saved: ./checkpoints/pair_interaction_pilot_s20260724_latest.pt
Episode 191 complete | agent_samples=17156 | env_steps=12101 | episode_env_steps=15 | episode_agent_samples=29 | mean_reward=-72.887 | success=0/2 | collision=2/2 | mean_final_distance=1.764 | mean_progress=0.0474 | min_laser=0.300 | mean_lin=0.995 | mean_ang=-0.111 | mean_robot_dist=0.454 | raw_reward=-50.000 | adjusted_reward=-50.000 | coop_agents=0/2 | mean_coop_neighbors=0.00 | active_neighbor_step_rate=0.793 | mean_active_neighbors_step=0.793 | max_active_neighbors_step=1 | interaction_reward=0.0000 | abs_interaction_reward=0.0000 | anti_stag_reward=0.0000 | abs_anti_stag_reward=0.0000 | wall_clear_reward=0.0000 | abs_wall_clear_reward=0.0000 | local_nav_reward=0.0000 | abs_local_nav_reward=0.0000 | context_neighbors_mean=0.79 | context_neighbors_max=1 | last_context_neighbors_mean=0.00 | last_context_neighbors_max=0 | actor_unlocked=1 | expl_noise=0.0427 | replay=17156 | samples/sec=5.333
Episode 192 complete | agent_samples=17233 | env_steps=12147 | episode_env_steps=46 | episode_agent_samples=77 | mean_reward=156.942 | success=2/2 | collision=0/2 | mean_final_distance=0.268 | mean_progress=0.0384 | min_laser=0.430 | mean_lin=0.978 | mean_ang=-0.981 | mean_robot_dist=2.299 | raw_reward=50.000 | adjusted_reward=50.000 | coop_agents=0/2 | mean_coop_neighbors=0.00 | active_neighbor_step_rate=0.364 | mean_active_neighbors_step=0.364 | max_active_neighbors_step=1 | interaction_reward=0.0000 | abs_interaction_reward=0.0000 | anti_stag_reward=0.0000 | abs_anti_stag_reward=0.0000 | wall_clear_reward=0.0000 | abs_wall_clear_reward=0.0000 | local_nav_reward=0.0000 | abs_local_nav_reward=0.0000 | context_neighbors_mean=0.39 | context_neighbors_max=1 | last_context_neighbors_mean=0.00 | last_context_neighbors_max=0 | actor_unlocked=1 | expl_noise=0.0427 | replay=17233 | samples/sec=5.340
Episode 193 complete | agent_samples=17343 | env_steps=12216 | episode_env_steps=69 | episode_agent_samples=110 | mean_reward=147.770 | success=2/2 | collision=0/2 | mean_final_distance=0.259 | mean_progress=0.0711 | min_laser=0.879 | mean_lin=0.983 | mean_ang=-0.981 | mean_robot_dist=3.239 | raw_reward=50.000 | adjusted_reward=50.000 | coop_agents=0/2 | mean_coop_neighbors=0.00 | active_neighbor_step_rate=0.318 | mean_active_neighbors_step=0.318 | max_active_neighbors_step=1 | interaction_reward=0.0000 | abs_interaction_reward=0.0000 | anti_stag_reward=0.0000 | abs_anti_stag_reward=0.0000 | wall_clear_reward=0.0000 | abs_wall_clear_reward=0.0000 | local_nav_reward=0.0000 | abs_local_nav_reward=0.0000 | context_neighbors_mean=0.32 | context_neighbors_max=1 | last_context_neighbors_mean=0.00 | last_context_neighbors_max=0 | actor_unlocked=1 | expl_noise=0.0427 | replay=17343 | samples/sec=5.350
Episode 194 complete | agent_samples=17374 | env_steps=12235 | episode_env_steps=19 | episode_agent_samples=31 | mean_reward=43.674 | success=1/2 | collision=1/2 | mean_final_distance=0.728 | mean_progress=0.0683 | min_laser=0.309 | mean_lin=0.995 | mean_ang=0.906 | mean_robot_dist=0.779 | raw_reward=50.000 | adjusted_reward=50.000 | coop_agents=0/2 | mean_coop_neighbors=0.00 | active_neighbor_step_rate=0.484 | mean_active_neighbors_step=0.484 | max_active_neighbors_step=1 | interaction_reward=0.0000 | abs_interaction_reward=0.0000 | anti_stag_reward=0.0000 | abs_anti_stag_reward=0.0000 | wall_clear_reward=0.0000 | abs_wall_clear_reward=0.0000 | local_nav_reward=0.0000 | abs_local_nav_reward=0.0000 | context_neighbors_mean=0.52 | context_neighbors_max=1 | last_context_neighbors_mean=0.00 | last_context_neighbors_max=0 | actor_unlocked=1 | expl_noise=0.0427 | replay=17374 | samples/sec=5.353
Episode 195 complete | agent_samples=17456 | env_steps=12277 | episode_env_steps=42 | episode_agent_samples=82 | mean_reward=158.728 | success=2/2 | collision=0/2 | mean_final_distance=0.261 | mean_progress=0.0198 | min_laser=0.911 | mean_lin=0.985 | mean_ang=-0.990 | mean_robot_dist=4.006 | raw_reward=50.000 | adjusted_reward=50.000 | coop_agents=0/2 | mean_coop_neighbors=0.00 | active_neighbor_step_rate=0.463 | mean_active_neighbors_step=0.463 | max_active_neighbors_step=1 | interaction_reward=0.0000 | abs_interaction_reward=0.0000 | anti_stag_reward=0.0000 | abs_anti_stag_reward=0.0000 | wall_clear_reward=0.0000 | abs_wall_clear_reward=0.0000 | local_nav_reward=0.0000 | abs_local_nav_reward=0.0000 | context_neighbors_mean=0.46 | context_neighbors_max=1 | last_context_neighbors_mean=0.00 | last_context_neighbors_max=0 | actor_unlocked=1 | expl_noise=0.0426 | replay=17456 | samples/sec=5.363
Status | epoch=2 | next_eval_in=6544 agent_samples | checkpoint_every=10 episodes | checkpoint=./checkpoints/pair_interaction_pilot_s20260724_latest.pt | model=pair_interaction_pilot_s20260724
Episode 196 complete | agent_samples=17478 | env_steps=12288 | episode_env_steps=11 | episode_agent_samples=22 | mean_reward=-77.938 | success=0/2 | collision=2/2 | mean_final_distance=1.763 | mean_progress=0.1159 | min_laser=0.303 | mean_lin=0.502 | mean_ang=0.055 | mean_robot_dist=0.577 | raw_reward=-100.000 | adjusted_reward=-100.000 | coop_agents=2/2 | mean_coop_neighbors=1.00 | active_neighbor_step_rate=1.000 | mean_active_neighbors_step=1.000 | max_active_neighbors_step=1 | interaction_reward=0.0000 | abs_interaction_reward=0.0000 | anti_stag_reward=0.0000 | abs_anti_stag_reward=0.0000 | wall_clear_reward=0.0000 | abs_wall_clear_reward=0.0000 | local_nav_reward=0.0000 | abs_local_nav_reward=0.0000 | context_neighbors_mean=1.00 | context_neighbors_max=1 | last_context_neighbors_mean=0.00 | last_context_neighbors_max=0 | actor_unlocked=1 | expl_noise=0.0426 | replay=17478 | samples/sec=5.365
Episode 197 complete | agent_samples=17492 | env_steps=12295 | episode_env_steps=7 | episode_agent_samples=14 | mean_reward=-86.159 | success=0/2 | collision=2/2 | mean_final_distance=2.246 | mean_progress=0.1263 | min_laser=0.300 | mean_lin=1.000 | mean_ang=-0.027 | mean_robot_dist=0.469 | raw_reward=-100.000 | adjusted_reward=-100.000 | coop_agents=2/2 | mean_coop_neighbors=1.00 | active_neighbor_step_rate=1.000 | mean_active_neighbors_step=1.000 | max_active_neighbors_step=1 | interaction_reward=0.0000 | abs_interaction_reward=0.0000 | anti_stag_reward=0.0000 | abs_anti_stag_reward=0.0000 | wall_clear_reward=0.0000 | abs_wall_clear_reward=0.0000 | local_nav_reward=0.0000 | abs_local_nav_reward=0.0000 | context_neighbors_mean=1.00 | context_neighbors_max=1 | last_context_neighbors_mean=0.00 | last_context_neighbors_max=0 | actor_unlocked=1 | expl_noise=0.0426 | replay=17492 | samples/sec=5.367
Episode 198 complete | agent_samples=17506 | env_steps=12302 | episode_env_steps=7 | episode_agent_samples=14 | mean_reward=-85.701 | success=0/2 | collision=2/2 | mean_final_distance=2.199 | mean_progress=0.1467 | min_laser=0.300 | mean_lin=0.993 | mean_ang=-0.990 | mean_robot_dist=0.434 | raw_reward=-100.000 | adjusted_reward=-100.000 | coop_agents=2/2 | mean_coop_neighbors=1.00 | active_neighbor_step_rate=1.000 | mean_active_neighbors_step=1.000 | max_active_neighbors_step=1 | interaction_reward=0.0000 | abs_interaction_reward=0.0000 | anti_stag_reward=0.0000 | abs_anti_stag_reward=0.0000 | wall_clear_reward=0.0000 | abs_wall_clear_reward=0.0000 | local_nav_reward=0.0000 | abs_local_nav_reward=0.0000 | context_neighbors_mean=1.00 | context_neighbors_max=1 | last_context_neighbors_mean=0.00 | last_context_neighbors_max=0 | actor_unlocked=1 | expl_noise=0.0426 | replay=17506 | samples/sec=5.368
Episode 199 complete | agent_samples=17520 | env_steps=12309 | episode_env_steps=7 | episode_agent_samples=14 | mean_reward=-85.420 | success=0/2 | collision=2/2 | mean_final_distance=1.831 | mean_progress=0.1546 | min_laser=0.300 | mean_lin=0.987 | mean_ang=0.000 | mean_robot_dist=0.478 | raw_reward=-100.000 | adjusted_reward=-100.000 | coop_agents=2/2 | mean_coop_neighbors=1.00 | active_neighbor_step_rate=1.000 | mean_active_neighbors_step=1.000 | max_active_neighbors_step=1 | interaction_reward=0.0000 | abs_interaction_reward=0.0000 | anti_stag_reward=0.0000 | abs_anti_stag_reward=0.0000 | wall_clear_reward=0.0000 | abs_wall_clear_reward=0.0000 | local_nav_reward=0.0000 | abs_local_nav_reward=0.0000 | context_neighbors_mean=1.00 | context_neighbors_max=1 | last_context_neighbors_mean=0.00 | last_context_neighbors_max=0 | actor_unlocked=1 | expl_noise=0.0426 | replay=17520 | samples/sec=5.370
Episode 200 complete | agent_samples=17542 | env_steps=12320 | episode_env_steps=11 | episode_agent_samples=22 | mean_reward=-77.255 | success=0/2 | collision=2/2 | mean_final_distance=1.814 | mean_progress=0.1456 | min_laser=0.301 | mean_lin=1.000 | mean_ang=-0.950 | mean_robot_dist=0.540 | raw_reward=-100.000 | adjusted_reward=-100.000 | coop_agents=2/2 | mean_coop_neighbors=1.00 | active_neighbor_step_rate=0.727 | mean_active_neighbors_step=0.727 | max_active_neighbors_step=1 | interaction_reward=0.0000 | abs_interaction_reward=0.0000 | anti_stag_reward=0.0000 | abs_anti_stag_reward=0.0000 | wall_clear_reward=0.0000 | abs_wall_clear_reward=0.0000 | local_nav_reward=0.0000 | abs_local_nav_reward=0.0000 | context_neighbors_mean=0.73 | context_neighbors_max=1 | last_context_neighbors_mean=0.00 | last_context_neighbors_max=0 | actor_unlocked=1 | expl_noise=0.0426 | replay=17542 | samples/sec=5.373
Status | epoch=2 | next_eval_in=6458 agent_samples | checkpoint_every=10 episodes | checkpoint=./checkpoints/pair_interaction_pilot_s20260724_latest.pt | model=pair_interaction_pilot_s20260724
Checkpoint saved: ./checkpoints/pair_interaction_pilot_s20260724_latest.pt
Episode 201 complete | agent_samples=17596 | env_steps=12362 | episode_env_steps=42 | episode_agent_samples=54 | mean_reward=53.266 | success=1/2 | collision=1/2 | mean_final_distance=1.093 | mean_progress=0.0449 | min_laser=0.326 | mean_lin=0.969 | mean_ang=-0.980 | mean_robot_dist=2.013 | raw_reward=50.000 | adjusted_reward=50.000 | coop_agents=0/2 | mean_coop_neighbors=0.00 | active_neighbor_step_rate=0.407 | mean_active_neighbors_step=0.407 | max_active_neighbors_step=1 | interaction_reward=0.0000 | abs_interaction_reward=0.0000 | anti_stag_reward=0.0000 | abs_anti_stag_reward=0.0000 | wall_clear_reward=0.0000 | abs_wall_clear_reward=0.0000 | local_nav_reward=0.0000 | abs_local_nav_reward=0.0000 | context_neighbors_mean=0.43 | context_neighbors_max=1 | last_context_neighbors_mean=0.00 | last_context_neighbors_max=0 | actor_unlocked=1 | expl_noise=0.0426 | replay=17596 | samples/sec=5.373
Episode 202 complete | agent_samples=17610 | env_steps=12369 | episode_env_steps=7 | episode_agent_samples=14 | mean_reward=-87.670 | success=0/2 | collision=2/2 | mean_final_distance=1.892 | mean_progress=0.1523 | min_laser=0.300 | mean_lin=0.986 | mean_ang=0.941 | mean_robot_dist=0.481 | raw_reward=-100.000 | adjusted_reward=-100.000 | coop_agents=2/2 | mean_coop_neighbors=1.00 | active_neighbor_step_rate=1.000 | mean_active_neighbors_step=1.000 | max_active_neighbors_step=1 | interaction_reward=0.0000 | abs_interaction_reward=0.0000 | anti_stag_reward=0.0000 | abs_anti_stag_reward=0.0000 | wall_clear_reward=0.0000 | abs_wall_clear_reward=0.0000 | local_nav_reward=0.0000 | abs_local_nav_reward=0.0000 | context_neighbors_mean=1.00 | context_neighbors_max=1 | last_context_neighbors_mean=0.00 | last_context_neighbors_max=0 | actor_unlocked=1 | expl_noise=0.0426 | replay=17610 | samples/sec=5.375
Episode 203 complete | agent_samples=17624 | env_steps=12376 | episode_env_steps=7 | episode_agent_samples=14 | mean_reward=-85.795 | success=0/2 | collision=2/2 | mean_final_distance=1.788 | mean_progress=0.1510 | min_laser=0.300 | mean_lin=0.998 | mean_ang=-0.012 | mean_robot_dist=0.487 | raw_reward=-100.000 | adjusted_reward=-100.000 | coop_agents=2/2 | mean_coop_neighbors=1.00 | active_neighbor_step_rate=1.000 | mean_active_neighbors_step=1.000 | max_active_neighbors_step=1 | interaction_reward=0.0000 | abs_interaction_reward=0.0000 | anti_stag_reward=0.0000 | abs_anti_stag_reward=0.0000 | wall_clear_reward=0.0000 | abs_wall_clear_reward=0.0000 | local_nav_reward=0.0000 | abs_local_nav_reward=0.0000 | context_neighbors_mean=1.00 | context_neighbors_max=1 | last_context_neighbors_mean=0.00 | last_context_neighbors_max=0 | actor_unlocked=1 | expl_noise=0.0426 | replay=17624 | samples/sec=5.377
Episode 204 complete | agent_samples=17686 | env_steps=12410 | episode_env_steps=34 | episode_agent_samples=62 | mean_reward=163.999 | success=2/2 | collision=0/2 | mean_final_distance=0.243 | mean_progress=0.0606 | min_laser=0.776 | mean_lin=0.993 | mean_ang=-0.009 | mean_robot_dist=2.924 | raw_reward=50.000 | adjusted_reward=50.000 | coop_agents=0/2 | mean_coop_neighbors=0.00 | active_neighbor_step_rate=0.565 | mean_active_neighbors_step=0.565 | max_active_neighbors_step=1 | interaction_reward=0.0000 | abs_interaction_reward=0.0000 | anti_stag_reward=0.0000 | abs_anti_stag_reward=0.0000 | wall_clear_reward=0.0000 | abs_wall_clear_reward=0.0000 | local_nav_reward=0.0000 | abs_local_nav_reward=0.0000 | context_neighbors_mean=0.60 | context_neighbors_max=1 | last_context_neighbors_mean=0.00 | last_context_neighbors_max=0 | actor_unlocked=1 | expl_noise=0.0426 | replay=17686 | samples/sec=5.383
Episode 205 complete | agent_samples=17709 | env_steps=12422 | episode_env_steps=12 | episode_agent_samples=23 | mean_reward=-76.006 | success=0/2 | collision=2/2 | mean_final_distance=1.666 | mean_progress=0.0544 | min_laser=0.300 | mean_lin=0.984 | mean_ang=0.004 | mean_robot_dist=0.402 | raw_reward=-50.000 | adjusted_reward=-50.000 | coop_agents=0/2 | mean_coop_neighbors=0.00 | active_neighbor_step_rate=0.957 | mean_active_neighbors_step=0.957 | max_active_neighbors_step=1 | interaction_reward=0.0000 | abs_interaction_reward=0.0000 | anti_stag_reward=0.0000 | abs_anti_stag_reward=0.0000 | wall_clear_reward=0.0000 | abs_wall_clear_reward=0.0000 | local_nav_reward=0.0000 | abs_local_nav_reward=0.0000 | context_neighbors_mean=0.96 | context_neighbors_max=1 | last_context_neighbors_mean=0.00 | last_context_neighbors_max=0 | actor_unlocked=1 | expl_noise=0.0425 | replay=17709 | samples/sec=5.386
Status | epoch=2 | next_eval_in=6291 agent_samples | checkpoint_every=10 episodes | checkpoint=./checkpoints/pair_interaction_pilot_s20260724_latest.pt | model=pair_interaction_pilot_s20260724
Episode 206 complete | agent_samples=17777 | env_steps=12464 | episode_env_steps=42 | episode_agent_samples=68 | mean_reward=159.513 | success=2/2 | collision=0/2 | mean_final_distance=0.258 | mean_progress=0.0530 | min_laser=0.957 | mean_lin=0.991 | mean_ang=-0.980 | mean_robot_dist=4.151 | raw_reward=50.000 | adjusted_reward=50.000 | coop_agents=0/2 | mean_coop_neighbors=0.00 | active_neighbor_step_rate=0.353 | mean_active_neighbors_step=0.353 | max_active_neighbors_step=1 | interaction_reward=0.0000 | abs_interaction_reward=0.0000 | anti_stag_reward=0.0000 | abs_anti_stag_reward=0.0000 | wall_clear_reward=0.0000 | abs_wall_clear_reward=0.0000 | local_nav_reward=0.0000 | abs_local_nav_reward=0.0000 | context_neighbors_mean=0.38 | context_neighbors_max=1 | last_context_neighbors_mean=0.00 | last_context_neighbors_max=0 | actor_unlocked=1 | expl_noise=0.0425 | replay=17777 | samples/sec=5.391
Episode 207 complete | agent_samples=17847 | env_steps=12507 | episode_env_steps=43 | episode_agent_samples=70 | mean_reward=158.050 | success=2/2 | collision=0/2 | mean_final_distance=0.272 | mean_progress=0.0397 | min_laser=0.722 | mean_lin=1.000 | mean_ang=-0.082 | mean_robot_dist=4.147 | raw_reward=50.000 | adjusted_reward=50.000 | coop_agents=0/2 | mean_coop_neighbors=0.00 | active_neighbor_step_rate=0.329 | mean_active_neighbors_step=0.329 | max_active_neighbors_step=1 | interaction_reward=0.0000 | abs_interaction_reward=0.0000 | anti_stag_reward=0.0000 | abs_anti_stag_reward=0.0000 | wall_clear_reward=0.0000 | abs_wall_clear_reward=0.0000 | local_nav_reward=0.0000 | abs_local_nav_reward=0.0000 | context_neighbors_mean=0.36 | context_neighbors_max=1 | last_context_neighbors_mean=0.00 | last_context_neighbors_max=0 | actor_unlocked=1 | expl_noise=0.0425 | replay=17847 | samples/sec=5.397
Episode 208 complete | agent_samples=18117 | env_steps=12701 | episode_env_steps=194 | episode_agent_samples=270 | mean_reward=140.706 | success=2/2 | collision=0/2 | mean_final_distance=0.289 | mean_progress=0.0136 | min_laser=0.483 | mean_lin=0.969 | mean_ang=-1.000 | mean_robot_dist=4.010 | raw_reward=50.000 | adjusted_reward=50.000 | coop_agents=0/2 | mean_coop_neighbors=0.00 | active_neighbor_step_rate=0.252 | mean_active_neighbors_step=0.252 | max_active_neighbors_step=1 | interaction_reward=0.0000 | abs_interaction_reward=0.0000 | anti_stag_reward=0.0000 | abs_anti_stag_reward=0.0000 | wall_clear_reward=0.0000 | abs_wall_clear_reward=0.0000 | local_nav_reward=0.0000 | abs_local_nav_reward=0.0000 | context_neighbors_mean=0.26 | context_neighbors_max=1 | last_context_neighbors_mean=0.00 | last_context_neighbors_max=0 | actor_unlocked=1 | expl_noise=0.0424 | replay=18117 | samples/sec=5.411
Episode 209 complete | agent_samples=18222 | env_steps=12771 | episode_env_steps=70 | episode_agent_samples=105 | mean_reward=134.280 | success=2/2 | collision=0/2 | mean_final_distance=0.277 | mean_progress=0.0387 | min_laser=0.582 | mean_lin=0.992 | mean_ang=-0.983 | mean_robot_dist=2.994 | raw_reward=50.000 | adjusted_reward=50.000 | coop_agents=0/2 | mean_coop_neighbors=0.00 | active_neighbor_step_rate=0.267 | mean_active_neighbors_step=0.267 | max_active_neighbors_step=1 | interaction_reward=0.0000 | abs_interaction_reward=0.0000 | anti_stag_reward=0.0000 | abs_anti_stag_reward=0.0000 | wall_clear_reward=0.0000 | abs_wall_clear_reward=0.0000 | local_nav_reward=0.0000 | abs_local_nav_reward=0.0000 | context_neighbors_mean=0.28 | context_neighbors_max=1 | last_context_neighbors_mean=0.00 | last_context_neighbors_max=0 | actor_unlocked=1 | expl_noise=0.0423 | replay=18222 | samples/sec=5.418
Episode 210 complete | agent_samples=18280 | env_steps=12806 | episode_env_steps=35 | episode_agent_samples=58 | mean_reward=150.680 | success=2/2 | collision=0/2 | mean_final_distance=0.234 | mean_progress=0.0591 | min_laser=0.753 | mean_lin=0.990 | mean_ang=-0.985 | mean_robot_dist=3.561 | raw_reward=50.000 | adjusted_reward=50.000 | coop_agents=0/2 | mean_coop_neighbors=0.00 | active_neighbor_step_rate=0.362 | mean_active_neighbors_step=0.362 | max_active_neighbors_step=1 | interaction_reward=0.0000 | abs_interaction_reward=0.0000 | anti_stag_reward=0.0000 | abs_anti_stag_reward=0.0000 | wall_clear_reward=0.0000 | abs_wall_clear_reward=0.0000 | local_nav_reward=0.0000 | abs_local_nav_reward=0.0000 | context_neighbors_mean=0.40 | context_neighbors_max=1 | last_context_neighbors_mean=0.00 | last_context_neighbors_max=0 | actor_unlocked=1 | expl_noise=0.0423 | replay=18280 | samples/sec=5.423
Status | epoch=2 | next_eval_in=5720 agent_samples | checkpoint_every=10 episodes | checkpoint=./checkpoints/pair_interaction_pilot_s20260724_latest.pt | model=pair_interaction_pilot_s20260724
Checkpoint saved: ./checkpoints/pair_interaction_pilot_s20260724_latest.pt
Episode 211 complete | agent_samples=18292 | env_steps=12812 | episode_env_steps=6 | episode_agent_samples=12 | mean_reward=-89.706 | success=0/2 | collision=2/2 | mean_final_distance=2.040 | mean_progress=0.1409 | min_laser=0.324 | mean_lin=0.997 | mean_ang=-0.074 | mean_robot_dist=0.567 | raw_reward=-100.000 | adjusted_reward=-100.000 | coop_agents=2/2 | mean_coop_neighbors=1.00 | active_neighbor_step_rate=1.000 | mean_active_neighbors_step=1.000 | max_active_neighbors_step=1 | interaction_reward=0.0000 | abs_interaction_reward=0.0000 | anti_stag_reward=0.0000 | abs_anti_stag_reward=0.0000 | wall_clear_reward=0.0000 | abs_wall_clear_reward=0.0000 | local_nav_reward=0.0000 | abs_local_nav_reward=0.0000 | context_neighbors_mean=1.00 | context_neighbors_max=1 | last_context_neighbors_mean=0.00 | last_context_neighbors_max=0 | actor_unlocked=1 | expl_noise=0.0423 | replay=18292 | samples/sec=5.424
Episode 212 complete | agent_samples=18395 | env_steps=12881 | episode_env_steps=69 | episode_agent_samples=103 | mean_reward=147.023 | success=2/2 | collision=0/2 | mean_final_distance=0.275 | mean_progress=0.0389 | min_laser=0.735 | mean_lin=1.000 | mean_ang=-0.979 | mean_robot_dist=3.188 | raw_reward=50.000 | adjusted_reward=50.000 | coop_agents=0/2 | mean_coop_neighbors=0.00 | active_neighbor_step_rate=0.262 | mean_active_neighbors_step=0.262 | max_active_neighbors_step=1 | interaction_reward=0.0000 | abs_interaction_reward=0.0000 | anti_stag_reward=0.0000 | abs_anti_stag_reward=0.0000 | wall_clear_reward=0.0000 | abs_wall_clear_reward=0.0000 | local_nav_reward=0.0000 | abs_local_nav_reward=0.0000 | context_neighbors_mean=0.26 | context_neighbors_max=1 | last_context_neighbors_mean=0.00 | last_context_neighbors_max=0 | actor_unlocked=1 | expl_noise=0.0423 | replay=18395 | samples/sec=5.430
Episode 213 complete | agent_samples=18424 | env_steps=12896 | episode_env_steps=15 | episode_agent_samples=29 | mean_reward=-71.583 | success=0/2 | collision=2/2 | mean_final_distance=1.430 | mean_progress=0.0505 | min_laser=0.300 | mean_lin=0.994 | mean_ang=0.000 | mean_robot_dist=0.493 | raw_reward=-50.000 | adjusted_reward=-50.000 | coop_agents=0/2 | mean_coop_neighbors=0.00 | active_neighbor_step_rate=0.966 | mean_active_neighbors_step=0.966 | max_active_neighbors_step=1 | interaction_reward=0.0000 | abs_interaction_reward=0.0000 | anti_stag_reward=0.0000 | abs_anti_stag_reward=0.0000 | wall_clear_reward=0.0000 | abs_wall_clear_reward=0.0000 | local_nav_reward=0.0000 | abs_local_nav_reward=0.0000 | context_neighbors_mean=0.97 | context_neighbors_max=1 | last_context_neighbors_mean=0.00 | last_context_neighbors_max=0 | actor_unlocked=1 | expl_noise=0.0423 | replay=18424 | samples/sec=5.433
Episode 214 complete | agent_samples=18438 | env_steps=12903 | episode_env_steps=7 | episode_agent_samples=14 | mean_reward=-85.733 | success=0/2 | collision=2/2 | mean_final_distance=1.839 | mean_progress=0.1769 | min_laser=0.300 | mean_lin=0.993 | mean_ang=0.967 | mean_robot_dist=0.464 | raw_reward=-100.000 | adjusted_reward=-100.000 | coop_agents=2/2 | mean_coop_neighbors=1.00 | active_neighbor_step_rate=1.000 | mean_active_neighbors_step=1.000 | max_active_neighbors_step=1 | interaction_reward=0.0000 | abs_interaction_reward=0.0000 | anti_stag_reward=0.0000 | abs_anti_stag_reward=0.0000 | wall_clear_reward=0.0000 | abs_wall_clear_reward=0.0000 | local_nav_reward=0.0000 | abs_local_nav_reward=0.0000 | context_neighbors_mean=1.00 | context_neighbors_max=1 | last_context_neighbors_mean=0.00 | last_context_neighbors_max=0 | actor_unlocked=1 | expl_noise=0.0423 | replay=18438 | samples/sec=5.435
Episode 215 complete | agent_samples=18765 | env_steps=13203 | episode_env_steps=300 | episode_agent_samples=327 | mean_reward=85.492 | success=1/2 | collision=0/2 | mean_final_distance=0.454 | mean_progress=0.0200 | min_laser=0.988 | mean_lin=0.997 | mean_ang=0.006 | mean_robot_dist=3.467 | raw_reward=0.302 | adjusted_reward=0.302 | coop_agents=0/2 | mean_coop_neighbors=0.00 | active_neighbor_step_rate=0.086 | mean_active_neighbors_step=0.086 | max_active_neighbors_step=1 | interaction_reward=0.0000 | abs_interaction_reward=0.0000 | anti_stag_reward=0.0000 | abs_anti_stag_reward=0.0000 | wall_clear_reward=0.0000 | abs_wall_clear_reward=0.0000 | local_nav_reward=0.0000 | abs_local_nav_reward=0.0000 | context_neighbors_mean=0.09 | context_neighbors_max=1 | last_context_neighbors_mean=0.00 | last_context_neighbors_max=0 | actor_unlocked=1 | expl_noise=0.0421 | replay=18765 | samples/sec=5.429
Status | epoch=2 | next_eval_in=5235 agent_samples | checkpoint_every=10 episodes | checkpoint=./checkpoints/pair_interaction_pilot_s20260724_latest.pt | model=pair_interaction_pilot_s20260724
Episode 216 complete | agent_samples=18834 | env_steps=13246 | episode_env_steps=43 | episode_agent_samples=69 | mean_reward=161.322 | success=2/2 | collision=0/2 | mean_final_distance=0.239 | mean_progress=0.0519 | min_laser=0.908 | mean_lin=0.979 | mean_ang=-0.007 | mean_robot_dist=4.091 | raw_reward=50.000 | adjusted_reward=50.000 | coop_agents=0/2 | mean_coop_neighbors=0.00 | active_neighbor_step_rate=0.333 | mean_active_neighbors_step=0.333 | max_active_neighbors_step=1 | interaction_reward=0.0000 | abs_interaction_reward=0.0000 | anti_stag_reward=0.0000 | abs_anti_stag_reward=0.0000 | wall_clear_reward=0.0000 | abs_wall_clear_reward=0.0000 | local_nav_reward=0.0000 | abs_local_nav_reward=0.0000 | context_neighbors_mean=0.36 | context_neighbors_max=1 | last_context_neighbors_mean=0.00 | last_context_neighbors_max=0 | actor_unlocked=1 | expl_noise=0.0421 | replay=18834 | samples/sec=5.434
Episode 217 complete | agent_samples=18936 | env_steps=13327 | episode_env_steps=81 | episode_agent_samples=102 | mean_reward=144.766 | success=2/2 | collision=0/2 | mean_final_distance=0.279 | mean_progress=0.0262 | min_laser=0.852 | mean_lin=0.978 | mean_ang=-0.976 | mean_robot_dist=3.350 | raw_reward=50.000 | adjusted_reward=50.000 | coop_agents=0/2 | mean_coop_neighbors=0.00 | active_neighbor_step_rate=0.225 | mean_active_neighbors_step=0.225 | max_active_neighbors_step=1 | interaction_reward=0.0000 | abs_interaction_reward=0.0000 | anti_stag_reward=0.0000 | abs_anti_stag_reward=0.0000 | wall_clear_reward=0.0000 | abs_wall_clear_reward=0.0000 | local_nav_reward=0.0000 | abs_local_nav_reward=0.0000 | context_neighbors_mean=0.25 | context_neighbors_max=1 | last_context_neighbors_mean=0.00 | last_context_neighbors_max=0 | actor_unlocked=1 | expl_noise=0.0420 | replay=18936 | samples/sec=5.437
Episode 218 complete | agent_samples=18952 | env_steps=13335 | episode_env_steps=8 | episode_agent_samples=16 | mean_reward=-85.124 | success=0/2 | collision=2/2 | mean_final_distance=1.790 | mean_progress=0.1108 | min_laser=0.300 | mean_lin=1.000 | mean_ang=0.065 | mean_robot_dist=0.485 | raw_reward=-100.000 | adjusted_reward=-100.000 | coop_agents=2/2 | mean_coop_neighbors=1.00 | active_neighbor_step_rate=1.000 | mean_active_neighbors_step=1.000 | max_active_neighbors_step=1 | interaction_reward=0.0000 | abs_interaction_reward=0.0000 | anti_stag_reward=0.0000 | abs_anti_stag_reward=0.0000 | wall_clear_reward=0.0000 | abs_wall_clear_reward=0.0000 | local_nav_reward=0.0000 | abs_local_nav_reward=0.0000 | context_neighbors_mean=1.00 | context_neighbors_max=1 | last_context_neighbors_mean=0.00 | last_context_neighbors_max=0 | actor_unlocked=1 | expl_noise=0.0420 | replay=18952 | samples/sec=5.438
Episode 219 complete | agent_samples=18963 | env_steps=13341 | episode_env_steps=6 | episode_agent_samples=11 | mean_reward=-89.667 | success=0/2 | collision=2/2 | mean_final_distance=2.482 | mean_progress=0.0782 | min_laser=0.300 | mean_lin=0.994 | mean_ang=0.641 | mean_robot_dist=0.551 | raw_reward=-50.000 | adjusted_reward=-50.000 | coop_agents=0/2 | mean_coop_neighbors=0.00 | active_neighbor_step_rate=0.909 | mean_active_neighbors_step=0.909 | max_active_neighbors_step=1 | interaction_reward=0.0000 | abs_interaction_reward=0.0000 | anti_stag_reward=0.0000 | abs_anti_stag_reward=0.0000 | wall_clear_reward=0.0000 | abs_wall_clear_reward=0.0000 | local_nav_reward=0.0000 | abs_local_nav_reward=0.0000 | context_neighbors_mean=0.91 | context_neighbors_max=1 | last_context_neighbors_mean=0.00 | last_context_neighbors_max=0 | actor_unlocked=1 | expl_noise=0.0420 | replay=18963 | samples/sec=5.439
Episode 220 complete | agent_samples=18988 | env_steps=13354 | episode_env_steps=13 | episode_agent_samples=25 | mean_reward=-72.789 | success=0/2 | collision=2/2 | mean_final_distance=1.490 | mean_progress=0.0520 | min_laser=0.300 | mean_lin=0.996 | mean_ang=-0.153 | mean_robot_dist=0.506 | raw_reward=-50.000 | adjusted_reward=-50.000 | coop_agents=0/2 | mean_coop_neighbors=0.00 | active_neighbor_step_rate=0.960 | mean_active_neighbors_step=0.960 | max_active_neighbors_step=1 | interaction_reward=0.0000 | abs_interaction_reward=0.0000 | anti_stag_reward=0.0000 | abs_anti_stag_reward=0.0000 | wall_clear_reward=0.0000 | abs_wall_clear_reward=0.0000 | local_nav_reward=0.0000 | abs_local_nav_reward=0.0000 | context_neighbors_mean=0.96 | context_neighbors_max=1 | last_context_neighbors_mean=0.00 | last_context_neighbors_max=0 | actor_unlocked=1 | expl_noise=0.0420 | replay=18988 | samples/sec=5.442
Status | epoch=2 | next_eval_in=5012 agent_samples | checkpoint_every=10 episodes | checkpoint=./checkpoints/pair_interaction_pilot_s20260724_latest.pt | model=pair_interaction_pilot_s20260724
Checkpoint saved: ./checkpoints/pair_interaction_pilot_s20260724_latest.pt
Episode 221 complete | agent_samples=19000 | env_steps=13360 | episode_env_steps=6 | episode_agent_samples=12 | mean_reward=-88.376 | success=0/2 | collision=2/2 | mean_final_distance=2.376 | mean_progress=0.1259 | min_laser=0.300 | mean_lin=1.000 | mean_ang=-0.008 | mean_robot_dist=0.579 | raw_reward=-100.000 | adjusted_reward=-100.000 | coop_agents=2/2 | mean_coop_neighbors=1.00 | active_neighbor_step_rate=1.000 | mean_active_neighbors_step=1.000 | max_active_neighbors_step=1 | interaction_reward=0.0000 | abs_interaction_reward=0.0000 | anti_stag_reward=0.0000 | abs_anti_stag_reward=0.0000 | wall_clear_reward=0.0000 | abs_wall_clear_reward=0.0000 | local_nav_reward=0.0000 | abs_local_nav_reward=0.0000 | context_neighbors_mean=1.00 | context_neighbors_max=1 | last_context_neighbors_mean=0.00 | last_context_neighbors_max=0 | actor_unlocked=1 | expl_noise=0.0420 | replay=19000 | samples/sec=5.442
Episode 222 complete | agent_samples=19014 | env_steps=13367 | episode_env_steps=7 | episode_agent_samples=14 | mean_reward=-85.253 | success=0/2 | collision=2/2 | mean_final_distance=2.269 | mean_progress=0.1561 | min_laser=0.300 | mean_lin=1.000 | mean_ang=0.010 | mean_robot_dist=0.499 | raw_reward=-100.000 | adjusted_reward=-100.000 | coop_agents=2/2 | mean_coop_neighbors=1.00 | active_neighbor_step_rate=1.000 | mean_active_neighbors_step=1.000 | max_active_neighbors_step=1 | interaction_reward=0.0000 | abs_interaction_reward=0.0000 | anti_stag_reward=0.0000 | abs_anti_stag_reward=0.0000 | wall_clear_reward=0.0000 | abs_wall_clear_reward=0.0000 | local_nav_reward=0.0000 | abs_local_nav_reward=0.0000 | context_neighbors_mean=1.00 | context_neighbors_max=1 | last_context_neighbors_mean=0.00 | last_context_neighbors_max=0 | actor_unlocked=1 | expl_noise=0.0420 | replay=19014 | samples/sec=5.444
Episode 223 complete | agent_samples=19042 | env_steps=13381 | episode_env_steps=14 | episode_agent_samples=28 | mean_reward=-70.492 | success=0/2 | collision=2/2 | mean_final_distance=1.434 | mean_progress=0.0890 | min_laser=0.326 | mean_lin=0.500 | mean_ang=-0.984 | mean_robot_dist=0.570 | raw_reward=-100.000 | adjusted_reward=-100.000 | coop_agents=2/2 | mean_coop_neighbors=1.00 | active_neighbor_step_rate=1.000 | mean_active_neighbors_step=1.000 | max_active_neighbors_step=1 | interaction_reward=0.0000 | abs_interaction_reward=0.0000 | anti_stag_reward=0.0000 | abs_anti_stag_reward=0.0000 | wall_clear_reward=0.0000 | abs_wall_clear_reward=0.0000 | local_nav_reward=0.0000 | abs_local_nav_reward=0.0000 | context_neighbors_mean=1.00 | context_neighbors_max=1 | last_context_neighbors_mean=0.00 | last_context_neighbors_max=0 | actor_unlocked=1 | expl_noise=0.0420 | replay=19042 | samples/sec=5.447
Episode 224 complete | agent_samples=19087 | env_steps=13417 | episode_env_steps=36 | episode_agent_samples=45 | mean_reward=42.436 | success=1/2 | collision=1/2 | mean_final_distance=1.163 | mean_progress=0.0539 | min_laser=0.321 | mean_lin=0.505 | mean_ang=-1.000 | mean_robot_dist=2.404 | raw_reward=50.000 | adjusted_reward=50.000 | coop_agents=0/2 | mean_coop_neighbors=0.00 | active_neighbor_step_rate=0.378 | mean_active_neighbors_step=0.378 | max_active_neighbors_step=1 | interaction_reward=0.0000 | abs_interaction_reward=0.0000 | anti_stag_reward=0.0000 | abs_anti_stag_reward=0.0000 | wall_clear_reward=0.0000 | abs_wall_clear_reward=0.0000 | local_nav_reward=0.0000 | abs_local_nav_reward=0.0000 | context_neighbors_mean=0.40 | context_neighbors_max=1 | last_context_neighbors_mean=0.00 | last_context_neighbors_max=0 | actor_unlocked=1 | expl_noise=0.0419 | replay=19087 | samples/sec=5.448
Episode 225 complete | agent_samples=19124 | env_steps=13443 | episode_env_steps=26 | episode_agent_samples=37 | mean_reward=48.312 | success=1/2 | collision=1/2 | mean_final_distance=0.924 | mean_progress=0.0755 | min_laser=0.301 | mean_lin=0.979 | mean_ang=-0.623 | mean_robot_dist=1.568 | raw_reward=50.000 | adjusted_reward=50.000 | coop_agents=0/2 | mean_coop_neighbors=0.00 | active_neighbor_step_rate=0.486 | mean_active_neighbors_step=0.486 | max_active_neighbors_step=1 | interaction_reward=0.0000 | abs_interaction_reward=0.0000 | anti_stag_reward=0.0000 | abs_anti_stag_reward=0.0000 | wall_clear_reward=0.0000 | abs_wall_clear_reward=0.0000 | local_nav_reward=0.0000 | abs_local_nav_reward=0.0000 | context_neighbors_mean=0.51 | context_neighbors_max=1 | last_context_neighbors_mean=0.00 | last_context_neighbors_max=0 | actor_unlocked=1 | expl_noise=0.0419 | replay=19124 | samples/sec=5.449
Status | epoch=2 | next_eval_in=4876 agent_samples | checkpoint_every=10 episodes | checkpoint=./checkpoints/pair_interaction_pilot_s20260724_latest.pt | model=pair_interaction_pilot_s20260724
Episode 226 complete | agent_samples=19139 | env_steps=13451 | episode_env_steps=8 | episode_agent_samples=15 | mean_reward=-86.201 | success=0/2 | collision=2/2 | mean_final_distance=1.793 | mean_progress=0.0680 | min_laser=0.300 | mean_lin=0.978 | mean_ang=0.999 | mean_robot_dist=0.382 | raw_reward=-50.000 | adjusted_reward=-50.000 | coop_agents=0/2 | mean_coop_neighbors=0.00 | active_neighbor_step_rate=0.933 | mean_active_neighbors_step=0.933 | max_active_neighbors_step=1 | interaction_reward=0.0000 | abs_interaction_reward=0.0000 | anti_stag_reward=0.0000 | abs_anti_stag_reward=0.0000 | wall_clear_reward=0.0000 | abs_wall_clear_reward=0.0000 | local_nav_reward=0.0000 | abs_local_nav_reward=0.0000 | context_neighbors_mean=0.93 | context_neighbors_max=1 | last_context_neighbors_mean=0.00 | last_context_neighbors_max=0 | actor_unlocked=1 | expl_noise=0.0419 | replay=19139 | samples/sec=5.451
Episode 227 complete | agent_samples=19165 | env_steps=13464 | episode_env_steps=13 | episode_agent_samples=26 | mean_reward=-72.667 | success=0/2 | collision=2/2 | mean_final_distance=1.500 | mean_progress=0.1004 | min_laser=0.304 | mean_lin=0.982 | mean_ang=1.000 | mean_robot_dist=0.558 | raw_reward=-100.000 | adjusted_reward=-100.000 | coop_agents=2/2 | mean_coop_neighbors=1.00 | active_neighbor_step_rate=1.000 | mean_active_neighbors_step=1.000 | max_active_neighbors_step=1 | interaction_reward=0.0000 | abs_interaction_reward=0.0000 | anti_stag_reward=0.0000 | abs_anti_stag_reward=0.0000 | wall_clear_reward=0.0000 | abs_wall_clear_reward=0.0000 | local_nav_reward=0.0000 | abs_local_nav_reward=0.0000 | context_neighbors_mean=1.00 | context_neighbors_max=1 | last_context_neighbors_mean=0.00 | last_context_neighbors_max=0 | actor_unlocked=1 | expl_noise=0.0419 | replay=19165 | samples/sec=5.454
Episode 228 complete | agent_samples=19189 | env_steps=13476 | episode_env_steps=12 | episode_agent_samples=24 | mean_reward=-73.002 | success=0/2 | collision=2/2 | mean_final_distance=1.497 | mean_progress=0.1198 | min_laser=0.300 | mean_lin=1.000 | mean_ang=-0.031 | mean_robot_dist=0.441 | raw_reward=-100.000 | adjusted_reward=-100.000 | coop_agents=2/2 | mean_coop_neighbors=1.00 | active_neighbor_step_rate=1.000 | mean_active_neighbors_step=1.000 | max_active_neighbors_step=1 | interaction_reward=0.0000 | abs_interaction_reward=0.0000 | anti_stag_reward=0.0000 | abs_anti_stag_reward=0.0000 | wall_clear_reward=0.0000 | abs_wall_clear_reward=0.0000 | local_nav_reward=0.0000 | abs_local_nav_reward=0.0000 | context_neighbors_mean=1.00 | context_neighbors_max=1 | last_context_neighbors_mean=0.00 | last_context_neighbors_max=0 | actor_unlocked=1 | expl_noise=0.0419 | replay=19189 | samples/sec=5.456
Episode 229 complete | agent_samples=19209 | env_steps=13486 | episode_env_steps=10 | episode_agent_samples=20 | mean_reward=-77.330 | success=0/2 | collision=2/2 | mean_final_distance=1.829 | mean_progress=0.1332 | min_laser=0.300 | mean_lin=0.982 | mean_ang=0.562 | mean_robot_dist=0.529 | raw_reward=-100.000 | adjusted_reward=-100.000 | coop_agents=2/2 | mean_coop_neighbors=1.00 | active_neighbor_step_rate=1.000 | mean_active_neighbors_step=1.000 | max_active_neighbors_step=1 | interaction_reward=0.0000 | abs_interaction_reward=0.0000 | anti_stag_reward=0.0000 | abs_anti_stag_reward=0.0000 | wall_clear_reward=0.0000 | abs_wall_clear_reward=0.0000 | local_nav_reward=0.0000 | abs_local_nav_reward=0.0000 | context_neighbors_mean=1.00 | context_neighbors_max=1 | last_context_neighbors_mean=0.00 | last_context_neighbors_max=0 | actor_unlocked=1 | expl_noise=0.0419 | replay=19209 | samples/sec=5.458
Episode 230 complete | agent_samples=19266 | env_steps=13521 | episode_env_steps=35 | episode_agent_samples=57 | mean_reward=148.823 | success=2/2 | collision=0/2 | mean_final_distance=0.289 | mean_progress=0.0214 | min_laser=0.704 | mean_lin=0.996 | mean_ang=0.000 | mean_robot_dist=3.639 | raw_reward=50.000 | adjusted_reward=50.000 | coop_agents=0/2 | mean_coop_neighbors=0.00 | active_neighbor_step_rate=0.368 | mean_active_neighbors_step=0.368 | max_active_neighbors_step=1 | interaction_reward=0.0000 | abs_interaction_reward=0.0000 | anti_stag_reward=0.0000 | abs_anti_stag_reward=0.0000 | wall_clear_reward=0.0000 | abs_wall_clear_reward=0.0000 | local_nav_reward=0.0000 | abs_local_nav_reward=0.0000 | context_neighbors_mean=0.40 | context_neighbors_max=1 | last_context_neighbors_mean=0.00 | last_context_neighbors_max=0 | actor_unlocked=1 | expl_noise=0.0419 | replay=19266 | samples/sec=5.463
Status | epoch=2 | next_eval_in=4734 agent_samples | checkpoint_every=10 episodes | checkpoint=./checkpoints/pair_interaction_pilot_s20260724_latest.pt | model=pair_interaction_pilot_s20260724
Checkpoint saved: ./checkpoints/pair_interaction_pilot_s20260724_latest.pt
Episode 231 complete | agent_samples=19328 | env_steps=13566 | episode_env_steps=45 | episode_agent_samples=62 | mean_reward=46.498 | success=1/2 | collision=1/2 | mean_final_distance=1.184 | mean_progress=0.0084 | min_laser=0.323 | mean_lin=0.229 | mean_ang=-0.999 | mean_robot_dist=1.715 | raw_reward=50.000 | adjusted_reward=50.000 | coop_agents=0/2 | mean_coop_neighbors=0.00 | active_neighbor_step_rate=0.548 | mean_active_neighbors_step=0.548 | max_active_neighbors_step=1 | interaction_reward=0.0000 | abs_interaction_reward=0.0000 | anti_stag_reward=0.0000 | abs_anti_stag_reward=0.0000 | wall_clear_reward=0.0000 | abs_wall_clear_reward=0.0000 | local_nav_reward=0.0000 | abs_local_nav_reward=0.0000 | context_neighbors_mean=0.55 | context_neighbors_max=1 | last_context_neighbors_mean=0.00 | last_context_neighbors_max=0 | actor_unlocked=1 | expl_noise=0.0419 | replay=19328 | samples/sec=5.465
Episode 232 complete | agent_samples=19353 | env_steps=13579 | episode_env_steps=13 | episode_agent_samples=25 | mean_reward=-76.107 | success=0/2 | collision=2/2 | mean_final_distance=1.861 | mean_progress=0.0655 | min_laser=0.314 | mean_lin=0.943 | mean_ang=0.973 | mean_robot_dist=0.510 | raw_reward=-50.000 | adjusted_reward=-50.000 | coop_agents=0/2 | mean_coop_neighbors=0.00 | active_neighbor_step_rate=0.960 | mean_active_neighbors_step=0.960 | max_active_neighbors_step=1 | interaction_reward=0.0000 | abs_interaction_reward=0.0000 | anti_stag_reward=0.0000 | abs_anti_stag_reward=0.0000 | wall_clear_reward=0.0000 | abs_wall_clear_reward=0.0000 | local_nav_reward=0.0000 | abs_local_nav_reward=0.0000 | context_neighbors_mean=0.96 | context_neighbors_max=1 | last_context_neighbors_mean=0.00 | last_context_neighbors_max=0 | actor_unlocked=1 | expl_noise=0.0419 | replay=19353 | samples/sec=5.467
Episode 233 complete | agent_samples=19377 | env_steps=13591 | episode_env_steps=12 | episode_agent_samples=24 | mean_reward=-73.948 | success=0/2 | collision=2/2 | mean_final_distance=1.534 | mean_progress=0.1411 | min_laser=0.300 | mean_lin=0.990 | mean_ang=0.000 | mean_robot_dist=0.463 | raw_reward=-100.000 | adjusted_reward=-100.000 | coop_agents=2/2 | mean_coop_neighbors=1.00 | active_neighbor_step_rate=1.000 | mean_active_neighbors_step=1.000 | max_active_neighbors_step=1 | interaction_reward=0.0000 | abs_interaction_reward=0.0000 | anti_stag_reward=0.0000 | abs_anti_stag_reward=0.0000 | wall_clear_reward=0.0000 | abs_wall_clear_reward=0.0000 | local_nav_reward=0.0000 | abs_local_nav_reward=0.0000 | context_neighbors_mean=1.00 | context_neighbors_max=1 | last_context_neighbors_mean=0.00 | last_context_neighbors_max=0 | actor_unlocked=1 | expl_noise=0.0418 | replay=19377 | samples/sec=5.470
Episode 234 complete | agent_samples=19394 | env_steps=13600 | episode_env_steps=9 | episode_agent_samples=17 | mean_reward=-80.395 | success=0/2 | collision=2/2 | mean_final_distance=2.011 | mean_progress=0.0678 | min_laser=0.300 | mean_lin=0.993 | mean_ang=0.001 | mean_robot_dist=0.396 | raw_reward=-50.000 | adjusted_reward=-50.000 | coop_agents=0/2 | mean_coop_neighbors=0.00 | active_neighbor_step_rate=0.941 | mean_active_neighbors_step=0.941 | max_active_neighbors_step=1 | interaction_reward=0.0000 | abs_interaction_reward=0.0000 | anti_stag_reward=0.0000 | abs_anti_stag_reward=0.0000 | wall_clear_reward=0.0000 | abs_wall_clear_reward=0.0000 | local_nav_reward=0.0000 | abs_local_nav_reward=0.0000 | context_neighbors_mean=0.94 | context_neighbors_max=1 | last_context_neighbors_mean=0.00 | last_context_neighbors_max=0 | actor_unlocked=1 | expl_noise=0.0418 | replay=19394 | samples/sec=5.472
Episode 235 complete | agent_samples=19404 | env_steps=13605 | episode_env_steps=5 | episode_agent_samples=10 | mean_reward=-91.519 | success=0/2 | collision=2/2 | mean_final_distance=2.054 | mean_progress=0.1473 | min_laser=0.300 | mean_lin=0.991 | mean_ang=-0.013 | mean_robot_dist=0.472 | raw_reward=-100.000 | adjusted_reward=-100.000 | coop_agents=2/2 | mean_coop_neighbors=1.00 | active_neighbor_step_rate=1.000 | mean_active_neighbors_step=1.000 | max_active_neighbors_step=1 | interaction_reward=0.0000 | abs_interaction_reward=0.0000 | anti_stag_reward=0.0000 | abs_anti_stag_reward=0.0000 | wall_clear_reward=0.0000 | abs_wall_clear_reward=0.0000 | local_nav_reward=0.0000 | abs_local_nav_reward=0.0000 | context_neighbors_mean=1.00 | context_neighbors_max=1 | last_context_neighbors_mean=0.00 | last_context_neighbors_max=0 | actor_unlocked=1 | expl_noise=0.0418 | replay=19404 | samples/sec=5.472
Status | epoch=2 | next_eval_in=4596 agent_samples | checkpoint_every=10 episodes | checkpoint=./checkpoints/pair_interaction_pilot_s20260724_latest.pt | model=pair_interaction_pilot_s20260724
Episode 236 complete | agent_samples=19513 | env_steps=13684 | episode_env_steps=79 | episode_agent_samples=109 | mean_reward=146.637 | success=2/2 | collision=0/2 | mean_final_distance=0.265 | mean_progress=0.0237 | min_laser=0.625 | mean_lin=1.000 | mean_ang=-0.069 | mean_robot_dist=2.670 | raw_reward=50.000 | adjusted_reward=50.000 | coop_agents=0/2 | mean_coop_neighbors=0.00 | active_neighbor_step_rate=0.284 | mean_active_neighbors_step=0.284 | max_active_neighbors_step=1 | interaction_reward=0.0000 | abs_interaction_reward=0.0000 | anti_stag_reward=0.0000 | abs_anti_stag_reward=0.0000 | wall_clear_reward=0.0000 | abs_wall_clear_reward=0.0000 | local_nav_reward=0.0000 | abs_local_nav_reward=0.0000 | context_neighbors_mean=0.30 | context_neighbors_max=1 | last_context_neighbors_mean=0.00 | last_context_neighbors_max=0 | actor_unlocked=1 | expl_noise=0.0418 | replay=19513 | samples/sec=5.477
Episode 237 complete | agent_samples=19582 | env_steps=13723 | episode_env_steps=39 | episode_agent_samples=69 | mean_reward=151.976 | success=2/2 | collision=0/2 | mean_final_distance=0.220 | mean_progress=0.0551 | min_laser=0.644 | mean_lin=0.987 | mean_ang=0.025 | mean_robot_dist=2.589 | raw_reward=50.000 | adjusted_reward=50.000 | coop_agents=0/2 | mean_coop_neighbors=0.00 | active_neighbor_step_rate=0.449 | mean_active_neighbors_step=0.449 | max_active_neighbors_step=1 | interaction_reward=0.0000 | abs_interaction_reward=0.0000 | anti_stag_reward=0.0000 | abs_anti_stag_reward=0.0000 | wall_clear_reward=0.0000 | abs_wall_clear_reward=0.0000 | local_nav_reward=0.0000 | abs_local_nav_reward=0.0000 | context_neighbors_mean=0.48 | context_neighbors_max=1 | last_context_neighbors_mean=0.00 | last_context_neighbors_max=0 | actor_unlocked=1 | expl_noise=0.0418 | replay=19582 | samples/sec=5.483
Episode 238 complete | agent_samples=19596 | env_steps=13730 | episode_env_steps=7 | episode_agent_samples=14 | mean_reward=-87.940 | success=0/2 | collision=2/2 | mean_final_distance=1.945 | mean_progress=0.1123 | min_laser=0.311 | mean_lin=0.997 | mean_ang=0.175 | mean_robot_dist=0.570 | raw_reward=-100.000 | adjusted_reward=-100.000 | coop_agents=2/2 | mean_coop_neighbors=1.00 | active_neighbor_step_rate=1.000 | mean_active_neighbors_step=1.000 | max_active_neighbors_step=1 | interaction_reward=0.0000 | abs_interaction_reward=0.0000 | anti_stag_reward=0.0000 | abs_anti_stag_reward=0.0000 | wall_clear_reward=0.0000 | abs_wall_clear_reward=0.0000 | local_nav_reward=0.0000 | abs_local_nav_reward=0.0000 | context_neighbors_mean=1.00 | context_neighbors_max=1 | last_context_neighbors_mean=0.00 | last_context_neighbors_max=0 | actor_unlocked=1 | expl_noise=0.0418 | replay=19596 | samples/sec=5.485
Episode 239 complete | agent_samples=19648 | env_steps=13773 | episode_env_steps=43 | episode_agent_samples=52 | mean_reward=42.573 | success=1/2 | collision=1/2 | mean_final_distance=1.129 | mean_progress=0.0128 | min_laser=0.330 | mean_lin=0.572 | mean_ang=-0.001 | mean_robot_dist=1.894 | raw_reward=50.000 | adjusted_reward=50.000 | coop_agents=0/2 | mean_coop_neighbors=0.00 | active_neighbor_step_rate=0.308 | mean_active_neighbors_step=0.308 | max_active_neighbors_step=1 | interaction_reward=0.0000 | abs_interaction_reward=0.0000 | anti_stag_reward=0.0000 | abs_anti_stag_reward=0.0000 | wall_clear_reward=0.0000 | abs_wall_clear_reward=0.0000 | local_nav_reward=0.0000 | abs_local_nav_reward=0.0000 | context_neighbors_mean=0.33 | context_neighbors_max=1 | last_context_neighbors_mean=0.00 | last_context_neighbors_max=0 | actor_unlocked=1 | expl_noise=0.0417 | replay=19648 | samples/sec=5.485
Episode 240 complete | agent_samples=19719 | env_steps=13817 | episode_env_steps=44 | episode_agent_samples=71 | mean_reward=158.395 | success=2/2 | collision=0/2 | mean_final_distance=0.221 | mean_progress=0.0408 | min_laser=0.778 | mean_lin=0.977 | mean_ang=-0.015 | mean_robot_dist=3.889 | raw_reward=50.000 | adjusted_reward=50.000 | coop_agents=0/2 | mean_coop_neighbors=0.00 | active_neighbor_step_rate=0.366 | mean_active_neighbors_step=0.366 | max_active_neighbors_step=1 | interaction_reward=0.0000 | abs_interaction_reward=0.0000 | anti_stag_reward=0.0000 | abs_anti_stag_reward=0.0000 | wall_clear_reward=0.0000 | abs_wall_clear_reward=0.0000 | local_nav_reward=0.0000 | abs_local_nav_reward=0.0000 | context_neighbors_mean=0.39 | context_neighbors_max=1 | last_context_neighbors_mean=0.00 | last_context_neighbors_max=0 | actor_unlocked=1 | expl_noise=0.0417 | replay=19719 | samples/sec=5.490
Status | epoch=2 | next_eval_in=4281 agent_samples | checkpoint_every=10 episodes | checkpoint=./checkpoints/pair_interaction_pilot_s20260724_latest.pt | model=pair_interaction_pilot_s20260724
Checkpoint saved: ./checkpoints/pair_interaction_pilot_s20260724_latest.pt
Episode 241 complete | agent_samples=19783 | env_steps=13857 | episode_env_steps=40 | episode_agent_samples=64 | mean_reward=157.021 | success=2/2 | collision=0/2 | mean_final_distance=0.273 | mean_progress=0.0357 | min_laser=0.771 | mean_lin=0.995 | mean_ang=-0.969 | mean_robot_dist=3.772 | raw_reward=50.000 | adjusted_reward=50.000 | coop_agents=0/2 | mean_coop_neighbors=0.00 | active_neighbor_step_rate=0.375 | mean_active_neighbors_step=0.375 | max_active_neighbors_step=1 | interaction_reward=0.0000 | abs_interaction_reward=0.0000 | anti_stag_reward=0.0000 | abs_anti_stag_reward=0.0000 | wall_clear_reward=0.0000 | abs_wall_clear_reward=0.0000 | local_nav_reward=0.0000 | abs_local_nav_reward=0.0000 | context_neighbors_mean=0.41 | context_neighbors_max=1 | last_context_neighbors_mean=0.00 | last_context_neighbors_max=0 | actor_unlocked=1 | expl_noise=0.0417 | replay=19783 | samples/sec=5.494
Episode 242 complete | agent_samples=19797 | env_steps=13864 | episode_env_steps=7 | episode_agent_samples=14 | mean_reward=-87.201 | success=0/2 | collision=2/2 | mean_final_distance=1.932 | mean_progress=0.1509 | min_laser=0.301 | mean_lin=0.992 | mean_ang=0.956 | mean_robot_dist=0.471 | raw_reward=-100.000 | adjusted_reward=-100.000 | coop_agents=2/2 | mean_coop_neighbors=1.00 | active_neighbor_step_rate=1.000 | mean_active_neighbors_step=1.000 | max_active_neighbors_step=1 | interaction_reward=0.0000 | abs_interaction_reward=0.0000 | anti_stag_reward=0.0000 | abs_anti_stag_reward=0.0000 | wall_clear_reward=0.0000 | abs_wall_clear_reward=0.0000 | local_nav_reward=0.0000 | abs_local_nav_reward=0.0000 | context_neighbors_mean=1.00 | context_neighbors_max=1 | last_context_neighbors_mean=0.00 | last_context_neighbors_max=0 | actor_unlocked=1 | expl_noise=0.0417 | replay=19797 | samples/sec=5.495
Episode 243 complete | agent_samples=19855 | env_steps=13900 | episode_env_steps=36 | episode_agent_samples=58 | mean_reward=154.006 | success=2/2 | collision=0/2 | mean_final_distance=0.238 | mean_progress=0.0306 | min_laser=0.988 | mean_lin=0.991 | mean_ang=0.000 | mean_robot_dist=3.619 | raw_reward=50.000 | adjusted_reward=50.000 | coop_agents=0/2 | mean_coop_neighbors=0.00 | active_neighbor_step_rate=0.362 | mean_active_neighbors_step=0.362 | max_active_neighbors_step=1 | interaction_reward=0.0000 | abs_interaction_reward=0.0000 | anti_stag_reward=0.0000 | abs_anti_stag_reward=0.0000 | wall_clear_reward=0.0000 | abs_wall_clear_reward=0.0000 | local_nav_reward=0.0000 | abs_local_nav_reward=0.0000 | context_neighbors_mean=0.40 | context_neighbors_max=1 | last_context_neighbors_mean=0.00 | last_context_neighbors_max=0 | actor_unlocked=1 | expl_noise=0.0417 | replay=19855 | samples/sec=5.499
Episode 244 complete | agent_samples=19911 | env_steps=13928 | episode_env_steps=28 | episode_agent_samples=56 | mean_reward=157.817 | success=2/2 | collision=0/2 | mean_final_distance=0.241 | mean_progress=0.1359 | min_laser=0.940 | mean_lin=0.998 | mean_ang=0.017 | mean_robot_dist=3.097 | raw_reward=100.000 | adjusted_reward=100.000 | coop_agents=0/2 | mean_coop_neighbors=0.00 | active_neighbor_step_rate=0.446 | mean_active_neighbors_step=0.446 | max_active_neighbors_step=1 | interaction_reward=0.0000 | abs_interaction_reward=0.0000 | anti_stag_reward=0.0000 | abs_anti_stag_reward=0.0000 | wall_clear_reward=0.0000 | abs_wall_clear_reward=0.0000 | local_nav_reward=0.0000 | abs_local_nav_reward=0.0000 | context_neighbors_mean=0.48 | context_neighbors_max=1 | last_context_neighbors_mean=0.00 | last_context_neighbors_max=0 | actor_unlocked=1 | expl_noise=0.0416 | replay=19911 | samples/sec=5.506
Episode 245 complete | agent_samples=19988 | env_steps=13970 | episode_env_steps=42 | episode_agent_samples=77 | mean_reward=157.284 | success=2/2 | collision=0/2 | mean_final_distance=0.287 | mean_progress=0.0483 | min_laser=0.637 | mean_lin=0.956 | mean_ang=-0.975 | mean_robot_dist=2.320 | raw_reward=50.000 | adjusted_reward=50.000 | coop_agents=0/2 | mean_coop_neighbors=0.00 | active_neighbor_step_rate=0.442 | mean_active_neighbors_step=0.442 | max_active_neighbors_step=1 | interaction_reward=0.0000 | abs_interaction_reward=0.0000 | anti_stag_reward=0.0000 | abs_anti_stag_reward=0.0000 | wall_clear_reward=0.0000 | abs_wall_clear_reward=0.0000 | local_nav_reward=0.0000 | abs_local_nav_reward=0.0000 | context_neighbors_mean=0.45 | context_neighbors_max=1 | last_context_neighbors_mean=0.00 | last_context_neighbors_max=0 | actor_unlocked=1 | expl_noise=0.0416 | replay=19988 | samples/sec=5.513
Status | epoch=2 | next_eval_in=4012 agent_samples | checkpoint_every=10 episodes | checkpoint=./checkpoints/pair_interaction_pilot_s20260724_latest.pt | model=pair_interaction_pilot_s20260724
Episode 246 complete | agent_samples=20004 | env_steps=13978 | episode_env_steps=8 | episode_agent_samples=16 | mean_reward=-84.450 | success=0/2 | collision=2/2 | mean_final_distance=2.238 | mean_progress=0.1434 | min_laser=0.300 | mean_lin=0.985 | mean_ang=0.067 | mean_robot_dist=0.427 | raw_reward=-100.000 | adjusted_reward=-100.000 | coop_agents=2/2 | mean_coop_neighbors=1.00 | active_neighbor_step_rate=1.000 | mean_active_neighbors_step=1.000 | max_active_neighbors_step=1 | interaction_reward=0.0000 | abs_interaction_reward=0.0000 | anti_stag_reward=0.0000 | abs_anti_stag_reward=0.0000 | wall_clear_reward=0.0000 | abs_wall_clear_reward=0.0000 | local_nav_reward=0.0000 | abs_local_nav_reward=0.0000 | context_neighbors_mean=1.00 | context_neighbors_max=1 | last_context_neighbors_mean=0.00 | last_context_neighbors_max=0 | actor_unlocked=1 | expl_noise=0.0416 | replay=20004 | samples/sec=5.515
Episode 247 complete | agent_samples=20015 | env_steps=13984 | episode_env_steps=6 | episode_agent_samples=11 | mean_reward=-90.117 | success=0/2 | collision=2/2 | mean_final_distance=2.066 | mean_progress=0.0657 | min_laser=0.301 | mean_lin=0.996 | mean_ang=0.985 | mean_robot_dist=0.411 | raw_reward=-50.000 | adjusted_reward=-50.000 | coop_agents=0/2 | mean_coop_neighbors=0.00 | active_neighbor_step_rate=0.909 | mean_active_neighbors_step=0.909 | max_active_neighbors_step=1 | interaction_reward=0.0000 | abs_interaction_reward=0.0000 | anti_stag_reward=0.0000 | abs_anti_stag_reward=0.0000 | wall_clear_reward=0.0000 | abs_wall_clear_reward=0.0000 | local_nav_reward=0.0000 | abs_local_nav_reward=0.0000 | context_neighbors_mean=0.91 | context_neighbors_max=1 | last_context_neighbors_mean=0.00 | last_context_neighbors_max=0 | actor_unlocked=1 | expl_noise=0.0416 | replay=20015 | samples/sec=5.516
Episode 248 complete | agent_samples=20057 | env_steps=14011 | episode_env_steps=27 | episode_agent_samples=42 | mean_reward=50.307 | success=1/2 | collision=1/2 | mean_final_distance=0.781 | mean_progress=0.0790 | min_laser=0.302 | mean_lin=0.971 | mean_ang=0.832 | mean_robot_dist=1.253 | raw_reward=50.000 | adjusted_reward=50.000 | coop_agents=0/2 | mean_coop_neighbors=0.00 | active_neighbor_step_rate=0.524 | mean_active_neighbors_step=0.524 | max_active_neighbors_step=1 | interaction_reward=0.0000 | abs_interaction_reward=0.0000 | anti_stag_reward=0.0000 | abs_anti_stag_reward=0.0000 | wall_clear_reward=0.0000 | abs_wall_clear_reward=0.0000 | local_nav_reward=0.0000 | abs_local_nav_reward=0.0000 | context_neighbors_mean=0.55 | context_neighbors_max=1 | last_context_neighbors_mean=0.00 | last_context_neighbors_max=0 | actor_unlocked=1 | expl_noise=0.0416 | replay=20057 | samples/sec=5.518
Episode 249 complete | agent_samples=20126 | env_steps=14053 | episode_env_steps=42 | episode_agent_samples=69 | mean_reward=163.060 | success=2/2 | collision=0/2 | mean_final_distance=0.281 | mean_progress=0.0369 | min_laser=0.929 | mean_lin=1.000 | mean_ang=-0.134 | mean_robot_dist=4.233 | raw_reward=50.000 | adjusted_reward=50.000 | coop_agents=0/2 | mean_coop_neighbors=0.00 | active_neighbor_step_rate=0.391 | mean_active_neighbors_step=0.391 | max_active_neighbors_step=1 | interaction_reward=0.0000 | abs_interaction_reward=0.0000 | anti_stag_reward=0.0000 | abs_anti_stag_reward=0.0000 | wall_clear_reward=0.0000 | abs_wall_clear_reward=0.0000 | local_nav_reward=0.0000 | abs_local_nav_reward=0.0000 | context_neighbors_mean=0.42 | context_neighbors_max=1 | last_context_neighbors_mean=0.00 | last_context_neighbors_max=0 | actor_unlocked=1 | expl_noise=0.0416 | replay=20126 | samples/sec=5.524
Episode 250 complete | agent_samples=20139 | env_steps=14060 | episode_env_steps=7 | episode_agent_samples=13 | mean_reward=-88.696 | success=0/2 | collision=2/2 | mean_final_distance=2.429 | mean_progress=0.0572 | min_laser=0.315 | mean_lin=1.000 | mean_ang=-0.034 | mean_robot_dist=0.457 | raw_reward=-50.000 | adjusted_reward=-50.000 | coop_agents=0/2 | mean_coop_neighbors=0.00 | active_neighbor_step_rate=0.923 | mean_active_neighbors_step=0.923 | max_active_neighbors_step=1 | interaction_reward=0.0000 | abs_interaction_reward=0.0000 | anti_stag_reward=0.0000 | abs_anti_stag_reward=0.0000 | wall_clear_reward=0.0000 | abs_wall_clear_reward=0.0000 | local_nav_reward=0.0000 | abs_local_nav_reward=0.0000 | context_neighbors_mean=0.92 | context_neighbors_max=1 | last_context_neighbors_mean=0.00 | last_context_neighbors_max=0 | actor_unlocked=1 | expl_noise=0.0416 | replay=20139 | samples/sec=5.525
Status | epoch=2 | next_eval_in=3861 agent_samples | checkpoint_every=10 episodes | checkpoint=./checkpoints/pair_interaction_pilot_s20260724_latest.pt | model=pair_interaction_pilot_s20260724
Checkpoint saved: ./checkpoints/pair_interaction_pilot_s20260724_latest.pt
Episode 251 complete | agent_samples=20216 | env_steps=14099 | episode_env_steps=39 | episode_agent_samples=77 | mean_reward=147.762 | success=2/2 | collision=0/2 | mean_final_distance=0.278 | mean_progress=0.0450 | min_laser=0.981 | mean_lin=0.993 | mean_ang=-0.995 | mean_robot_dist=3.660 | raw_reward=50.000 | adjusted_reward=50.000 | coop_agents=0/2 | mean_coop_neighbors=0.00 | active_neighbor_step_rate=0.416 | mean_active_neighbors_step=0.416 | max_active_neighbors_step=1 | interaction_reward=0.0000 | abs_interaction_reward=0.0000 | anti_stag_reward=0.0000 | abs_anti_stag_reward=0.0000 | wall_clear_reward=0.0000 | abs_wall_clear_reward=0.0000 | local_nav_reward=0.0000 | abs_local_nav_reward=0.0000 | context_neighbors_mean=0.42 | context_neighbors_max=1 | last_context_neighbors_mean=0.00 | last_context_neighbors_max=0 | actor_unlocked=1 | expl_noise=0.0415 | replay=20216 | samples/sec=5.532
Episode 252 complete | agent_samples=20230 | env_steps=14106 | episode_env_steps=7 | episode_agent_samples=14 | mean_reward=-86.362 | success=0/2 | collision=2/2 | mean_final_distance=2.340 | mean_progress=0.1318 | min_laser=0.301 | mean_lin=0.988 | mean_ang=0.000 | mean_robot_dist=0.546 | raw_reward=-100.000 | adjusted_reward=-100.000 | coop_agents=2/2 | mean_coop_neighbors=1.00 | active_neighbor_step_rate=1.000 | mean_active_neighbors_step=1.000 | max_active_neighbors_step=1 | interaction_reward=0.0000 | abs_interaction_reward=0.0000 | anti_stag_reward=0.0000 | abs_anti_stag_reward=0.0000 | wall_clear_reward=0.0000 | abs_wall_clear_reward=0.0000 | local_nav_reward=0.0000 | abs_local_nav_reward=0.0000 | context_neighbors_mean=1.00 | context_neighbors_max=1 | last_context_neighbors_mean=0.00 | last_context_neighbors_max=0 | actor_unlocked=1 | expl_noise=0.0415 | replay=20230 | samples/sec=5.534
Episode 253 complete | agent_samples=20244 | env_steps=14113 | episode_env_steps=7 | episode_agent_samples=14 | mean_reward=-85.418 | success=0/2 | collision=2/2 | mean_final_distance=1.742 | mean_progress=0.1528 | min_laser=0.301 | mean_lin=0.992 | mean_ang=-0.026 | mean_robot_dist=0.530 | raw_reward=-100.000 | adjusted_reward=-100.000 | coop_agents=2/2 | mean_coop_neighbors=1.00 | active_neighbor_step_rate=1.000 | mean_active_neighbors_step=1.000 | max_active_neighbors_step=1 | interaction_reward=0.0000 | abs_interaction_reward=0.0000 | anti_stag_reward=0.0000 | abs_anti_stag_reward=0.0000 | wall_clear_reward=0.0000 | abs_wall_clear_reward=0.0000 | local_nav_reward=0.0000 | abs_local_nav_reward=0.0000 | context_neighbors_mean=1.00 | context_neighbors_max=1 | last_context_neighbors_mean=0.00 | last_context_neighbors_max=0 | actor_unlocked=1 | expl_noise=0.0415 | replay=20244 | samples/sec=5.535
Episode 254 complete | agent_samples=20583 | env_steps=14413 | episode_env_steps=300 | episode_agent_samples=339 | mean_reward=73.534 | success=1/2 | collision=0/2 | mean_final_distance=0.502 | mean_progress=0.0025 | min_laser=0.738 | mean_lin=0.630 | mean_ang=-0.994 | mean_robot_dist=3.071 | raw_reward=-0.050 | adjusted_reward=-0.050 | coop_agents=0/2 | mean_coop_neighbors=0.00 | active_neighbor_step_rate=0.100 | mean_active_neighbors_step=0.100 | max_active_neighbors_step=1 | interaction_reward=0.0000 | abs_interaction_reward=0.0000 | anti_stag_reward=0.0000 | abs_anti_stag_reward=0.0000 | wall_clear_reward=0.0000 | abs_wall_clear_reward=0.0000 | local_nav_reward=0.0000 | abs_local_nav_reward=0.0000 | context_neighbors_mean=0.10 | context_neighbors_max=1 | last_context_neighbors_mean=0.00 | last_context_neighbors_max=0 | actor_unlocked=1 | expl_noise=0.0414 | replay=20583 | samples/sec=5.531
Episode 255 complete | agent_samples=20601 | env_steps=14422 | episode_env_steps=9 | episode_agent_samples=18 | mean_reward=-83.960 | success=0/2 | collision=2/2 | mean_final_distance=1.703 | mean_progress=0.1508 | min_laser=0.300 | mean_lin=1.000 | mean_ang=-0.007 | mean_robot_dist=0.455 | raw_reward=-100.000 | adjusted_reward=-100.000 | coop_agents=2/2 | mean_coop_neighbors=1.00 | active_neighbor_step_rate=1.000 | mean_active_neighbors_step=1.000 | max_active_neighbors_step=1 | interaction_reward=0.0000 | abs_interaction_reward=0.0000 | anti_stag_reward=0.0000 | abs_anti_stag_reward=0.0000 | wall_clear_reward=0.0000 | abs_wall_clear_reward=0.0000 | local_nav_reward=0.0000 | abs_local_nav_reward=0.0000 | context_neighbors_mean=1.00 | context_neighbors_max=1 | last_context_neighbors_mean=0.00 | last_context_neighbors_max=0 | actor_unlocked=1 | expl_noise=0.0413 | replay=20601 | samples/sec=5.532
Status | epoch=2 | next_eval_in=3399 agent_samples | checkpoint_every=10 episodes | checkpoint=./checkpoints/pair_interaction_pilot_s20260724_latest.pt | model=pair_interaction_pilot_s20260724
Episode 256 complete | agent_samples=20669 | env_steps=14465 | episode_env_steps=43 | episode_agent_samples=68 | mean_reward=159.893 | success=2/2 | collision=0/2 | mean_final_distance=0.241 | mean_progress=0.0370 | min_laser=0.826 | mean_lin=1.000 | mean_ang=-0.983 | mean_robot_dist=3.865 | raw_reward=50.000 | adjusted_reward=50.000 | coop_agents=0/2 | mean_coop_neighbors=0.00 | active_neighbor_step_rate=0.338 | mean_active_neighbors_step=0.338 | max_active_neighbors_step=1 | interaction_reward=0.0000 | abs_interaction_reward=0.0000 | anti_stag_reward=0.0000 | abs_anti_stag_reward=0.0000 | wall_clear_reward=0.0000 | abs_wall_clear_reward=0.0000 | local_nav_reward=0.0000 | abs_local_nav_reward=0.0000 | context_neighbors_mean=0.37 | context_neighbors_max=1 | last_context_neighbors_mean=0.00 | last_context_neighbors_max=0 | actor_unlocked=1 | expl_noise=0.0413 | replay=20669 | samples/sec=5.537
Episode 257 complete | agent_samples=20715 | env_steps=14489 | episode_env_steps=24 | episode_agent_samples=46 | mean_reward=150.627 | success=2/2 | collision=0/2 | mean_final_distance=0.283 | mean_progress=0.0673 | min_laser=0.918 | mean_lin=0.998 | mean_ang=0.999 | mean_robot_dist=3.153 | raw_reward=50.000 | adjusted_reward=50.000 | coop_agents=0/2 | mean_coop_neighbors=0.00 | active_neighbor_step_rate=0.435 | mean_active_neighbors_step=0.435 | max_active_neighbors_step=1 | interaction_reward=0.0000 | abs_interaction_reward=0.0000 | anti_stag_reward=0.0000 | abs_anti_stag_reward=0.0000 | wall_clear_reward=0.0000 | abs_wall_clear_reward=0.0000 | local_nav_reward=0.0000 | abs_local_nav_reward=0.0000 | context_neighbors_mean=0.48 | context_neighbors_max=1 | last_context_neighbors_mean=0.00 | last_context_neighbors_max=0 | actor_unlocked=1 | expl_noise=0.0413 | replay=20715 | samples/sec=5.542
Episode 258 complete | agent_samples=20743 | env_steps=14503 | episode_env_steps=14 | episode_agent_samples=28 | mean_reward=-71.716 | success=0/2 | collision=2/2 | mean_final_distance=1.423 | mean_progress=0.1204 | min_laser=0.300 | mean_lin=0.996 | mean_ang=0.000 | mean_robot_dist=0.556 | raw_reward=-100.000 | adjusted_reward=-100.000 | coop_agents=2/2 | mean_coop_neighbors=1.00 | active_neighbor_step_rate=1.000 | mean_active_neighbors_step=1.000 | max_active_neighbors_step=1 | interaction_reward=0.0000 | abs_interaction_reward=0.0000 | anti_stag_reward=0.0000 | abs_anti_stag_reward=0.0000 | wall_clear_reward=0.0000 | abs_wall_clear_reward=0.0000 | local_nav_reward=0.0000 | abs_local_nav_reward=0.0000 | context_neighbors_mean=1.00 | context_neighbors_max=1 | last_context_neighbors_mean=0.00 | last_context_neighbors_max=0 | actor_unlocked=1 | expl_noise=0.0413 | replay=20743 | samples/sec=5.544
Episode 259 complete | agent_samples=20815 | env_steps=14541 | episode_env_steps=38 | episode_agent_samples=72 | mean_reward=158.194 | success=2/2 | collision=0/2 | mean_final_distance=0.237 | mean_progress=0.0325 | min_laser=0.541 | mean_lin=0.999 | mean_ang=-0.987 | mean_robot_dist=2.875 | raw_reward=50.000 | adjusted_reward=50.000 | coop_agents=0/2 | mean_coop_neighbors=0.00 | active_neighbor_step_rate=0.458 | mean_active_neighbors_step=0.458 | max_active_neighbors_step=1 | interaction_reward=0.0000 | abs_interaction_reward=0.0000 | anti_stag_reward=0.0000 | abs_anti_stag_reward=0.0000 | wall_clear_reward=0.0000 | abs_wall_clear_reward=0.0000 | local_nav_reward=0.0000 | abs_local_nav_reward=0.0000 | context_neighbors_mean=0.49 | context_neighbors_max=1 | last_context_neighbors_mean=0.00 | last_context_neighbors_max=0 | actor_unlocked=1 | expl_noise=0.0413 | replay=20815 | samples/sec=5.551
Episode 260 complete | agent_samples=20827 | env_steps=14547 | episode_env_steps=6 | episode_agent_samples=12 | mean_reward=-89.579 | success=0/2 | collision=2/2 | mean_final_distance=1.983 | mean_progress=0.1363 | min_laser=0.305 | mean_lin=0.992 | mean_ang=-0.020 | mean_robot_dist=0.530 | raw_reward=-100.000 | adjusted_reward=-100.000 | coop_agents=2/2 | mean_coop_neighbors=1.00 | active_neighbor_step_rate=1.000 | mean_active_neighbors_step=1.000 | max_active_neighbors_step=1 | interaction_reward=0.0000 | abs_interaction_reward=0.0000 | anti_stag_reward=0.0000 | abs_anti_stag_reward=0.0000 | wall_clear_reward=0.0000 | abs_wall_clear_reward=0.0000 | local_nav_reward=0.0000 | abs_local_nav_reward=0.0000 | context_neighbors_mean=1.00 | context_neighbors_max=1 | last_context_neighbors_mean=0.00 | last_context_neighbors_max=0 | actor_unlocked=1 | expl_noise=0.0413 | replay=20827 | samples/sec=5.553
Status | epoch=2 | next_eval_in=3173 agent_samples | checkpoint_every=10 episodes | checkpoint=./checkpoints/pair_interaction_pilot_s20260724_latest.pt | model=pair_interaction_pilot_s20260724
Checkpoint saved: ./checkpoints/pair_interaction_pilot_s20260724_latest.pt
Episode 261 complete | agent_samples=20886 | env_steps=14583 | episode_env_steps=36 | episode_agent_samples=59 | mean_reward=151.908 | success=2/2 | collision=0/2 | mean_final_distance=0.284 | mean_progress=0.0100 | min_laser=0.910 | mean_lin=0.983 | mean_ang=-0.962 | mean_robot_dist=3.603 | raw_reward=50.000 | adjusted_reward=50.000 | coop_agents=0/2 | mean_coop_neighbors=0.00 | active_neighbor_step_rate=0.322 | mean_active_neighbors_step=0.322 | max_active_neighbors_step=1 | interaction_reward=0.0000 | abs_interaction_reward=0.0000 | anti_stag_reward=0.0000 | abs_anti_stag_reward=0.0000 | wall_clear_reward=0.0000 | abs_wall_clear_reward=0.0000 | local_nav_reward=0.0000 | abs_local_nav_reward=0.0000 | context_neighbors_mean=0.36 | context_neighbors_max=1 | last_context_neighbors_mean=0.00 | last_context_neighbors_max=0 | actor_unlocked=1 | expl_noise=0.0413 | replay=20886 | samples/sec=5.556
Episode 262 complete | agent_samples=20941 | env_steps=14612 | episode_env_steps=29 | episode_agent_samples=55 | mean_reward=161.706 | success=2/2 | collision=0/2 | mean_final_distance=0.268 | mean_progress=0.0463 | min_laser=0.929 | mean_lin=0.994 | mean_ang=-0.033 | mean_robot_dist=3.791 | raw_reward=50.000 | adjusted_reward=50.000 | coop_agents=0/2 | mean_coop_neighbors=0.00 | active_neighbor_step_rate=0.473 | mean_active_neighbors_step=0.473 | max_active_neighbors_step=1 | interaction_reward=0.0000 | abs_interaction_reward=0.0000 | anti_stag_reward=0.0000 | abs_anti_stag_reward=0.0000 | wall_clear_reward=0.0000 | abs_wall_clear_reward=0.0000 | local_nav_reward=0.0000 | abs_local_nav_reward=0.0000 | context_neighbors_mean=0.51 | context_neighbors_max=1 | last_context_neighbors_mean=0.00 | last_context_neighbors_max=0 | actor_unlocked=1 | expl_noise=0.0412 | replay=20941 | samples/sec=5.561
Episode 263 complete | agent_samples=21053 | env_steps=14696 | episode_env_steps=84 | episode_agent_samples=112 | mean_reward=159.536 | success=2/2 | collision=0/2 | mean_final_distance=0.281 | mean_progress=0.0199 | min_laser=0.604 | mean_lin=0.988 | mean_ang=-0.977 | mean_robot_dist=4.265 | raw_reward=50.000 | adjusted_reward=50.000 | coop_agents=0/2 | mean_coop_neighbors=0.00 | active_neighbor_step_rate=0.241 | mean_active_neighbors_step=0.241 | max_active_neighbors_step=1 | interaction_reward=0.0000 | abs_interaction_reward=0.0000 | anti_stag_reward=0.0000 | abs_anti_stag_reward=0.0000 | wall_clear_reward=0.0000 | abs_wall_clear_reward=0.0000 | local_nav_reward=0.0000 | abs_local_nav_reward=0.0000 | context_neighbors_mean=0.26 | context_neighbors_max=1 | last_context_neighbors_mean=0.00 | last_context_neighbors_max=0 | actor_unlocked=1 | expl_noise=0.0412 | replay=21053 | samples/sec=5.564
Episode 264 complete | agent_samples=21077 | env_steps=14708 | episode_env_steps=12 | episode_agent_samples=24 | mean_reward=-74.596 | success=0/2 | collision=2/2 | mean_final_distance=1.961 | mean_progress=0.0967 | min_laser=0.300 | mean_lin=0.496 | mean_ang=0.010 | mean_robot_dist=0.558 | raw_reward=-100.000 | adjusted_reward=-100.000 | coop_agents=2/2 | mean_coop_neighbors=1.00 | active_neighbor_step_rate=1.000 | mean_active_neighbors_step=1.000 | max_active_neighbors_step=1 | interaction_reward=0.0000 | abs_interaction_reward=0.0000 | anti_stag_reward=0.0000 | abs_anti_stag_reward=0.0000 | wall_clear_reward=0.0000 | abs_wall_clear_reward=0.0000 | local_nav_reward=0.0000 | abs_local_nav_reward=0.0000 | context_neighbors_mean=1.00 | context_neighbors_max=1 | last_context_neighbors_mean=0.00 | last_context_neighbors_max=0 | actor_unlocked=1 | expl_noise=0.0412 | replay=21077 | samples/sec=5.566
Episode 265 complete | agent_samples=21104 | env_steps=14722 | episode_env_steps=14 | episode_agent_samples=27 | mean_reward=-72.429 | success=0/2 | collision=2/2 | mean_final_distance=1.044 | mean_progress=0.0746 | min_laser=0.300 | mean_lin=1.000 | mean_ang=-0.010 | mean_robot_dist=0.553 | raw_reward=-50.000 | adjusted_reward=-50.000 | coop_agents=0/2 | mean_coop_neighbors=0.00 | active_neighbor_step_rate=0.741 | mean_active_neighbors_step=0.741 | max_active_neighbors_step=1 | interaction_reward=0.0000 | abs_interaction_reward=0.0000 | anti_stag_reward=0.0000 | abs_anti_stag_reward=0.0000 | wall_clear_reward=0.0000 | abs_wall_clear_reward=0.0000 | local_nav_reward=0.0000 | abs_local_nav_reward=0.0000 | context_neighbors_mean=0.74 | context_neighbors_max=1 | last_context_neighbors_mean=0.00 | last_context_neighbors_max=0 | actor_unlocked=1 | expl_noise=0.0412 | replay=21104 | samples/sec=5.569
Status | epoch=2 | next_eval_in=2896 agent_samples | checkpoint_every=10 episodes | checkpoint=./checkpoints/pair_interaction_pilot_s20260724_latest.pt | model=pair_interaction_pilot_s20260724
Episode 266 complete | agent_samples=21132 | env_steps=14736 | episode_env_steps=14 | episode_agent_samples=28 | mean_reward=-71.756 | success=0/2 | collision=2/2 | mean_final_distance=1.479 | mean_progress=0.1102 | min_laser=0.300 | mean_lin=0.981 | mean_ang=0.033 | mean_robot_dist=0.512 | raw_reward=-100.000 | adjusted_reward=-100.000 | coop_agents=2/2 | mean_coop_neighbors=1.00 | active_neighbor_step_rate=0.857 | mean_active_neighbors_step=0.857 | max_active_neighbors_step=1 | interaction_reward=0.0000 | abs_interaction_reward=0.0000 | anti_stag_reward=0.0000 | abs_anti_stag_reward=0.0000 | wall_clear_reward=0.0000 | abs_wall_clear_reward=0.0000 | local_nav_reward=0.0000 | abs_local_nav_reward=0.0000 | context_neighbors_mean=0.86 | context_neighbors_max=1 | last_context_neighbors_mean=0.00 | last_context_neighbors_max=0 | actor_unlocked=1 | expl_noise=0.0412 | replay=21132 | samples/sec=5.572
Episode 267 complete | agent_samples=21142 | env_steps=14741 | episode_env_steps=5 | episode_agent_samples=10 | mean_reward=-90.915 | success=0/2 | collision=2/2 | mean_final_distance=2.062 | mean_progress=0.1699 | min_laser=0.315 | mean_lin=0.994 | mean_ang=-0.001 | mean_robot_dist=0.563 | raw_reward=-100.000 | adjusted_reward=-100.000 | coop_agents=2/2 | mean_coop_neighbors=1.00 | active_neighbor_step_rate=1.000 | mean_active_neighbors_step=1.000 | max_active_neighbors_step=1 | interaction_reward=0.0000 | abs_interaction_reward=0.0000 | anti_stag_reward=0.0000 | abs_anti_stag_reward=0.0000 | wall_clear_reward=0.0000 | abs_wall_clear_reward=0.0000 | local_nav_reward=0.0000 | abs_local_nav_reward=0.0000 | context_neighbors_mean=1.00 | context_neighbors_max=1 | last_context_neighbors_mean=0.00 | last_context_neighbors_max=0 | actor_unlocked=1 | expl_noise=0.0412 | replay=21142 | samples/sec=5.573
Episode 268 complete | agent_samples=21195 | env_steps=14770 | episode_env_steps=29 | episode_agent_samples=53 | mean_reward=155.924 | success=2/2 | collision=0/2 | mean_final_distance=0.280 | mean_progress=0.0743 | min_laser=0.882 | mean_lin=0.993 | mean_ang=-0.985 | mean_robot_dist=2.342 | raw_reward=50.000 | adjusted_reward=50.000 | coop_agents=0/2 | mean_coop_neighbors=0.00 | active_neighbor_step_rate=0.528 | mean_active_neighbors_step=0.528 | max_active_neighbors_step=1 | interaction_reward=0.0000 | abs_interaction_reward=0.0000 | anti_stag_reward=0.0000 | abs_anti_stag_reward=0.0000 | wall_clear_reward=0.0000 | abs_wall_clear_reward=0.0000 | local_nav_reward=0.0000 | abs_local_nav_reward=0.0000 | context_neighbors_mean=0.57 | context_neighbors_max=1 | last_context_neighbors_mean=0.00 | last_context_neighbors_max=0 | actor_unlocked=1 | expl_noise=0.0411 | replay=21195 | samples/sec=5.577
Episode 269 complete | agent_samples=21227 | env_steps=14793 | episode_env_steps=23 | episode_agent_samples=32 | mean_reward=44.628 | success=1/2 | collision=1/2 | mean_final_distance=1.217 | mean_progress=0.0791 | min_laser=0.334 | mean_lin=0.975 | mean_ang=-0.176 | mean_robot_dist=1.642 | raw_reward=50.000 | adjusted_reward=50.000 | coop_agents=0/2 | mean_coop_neighbors=0.00 | active_neighbor_step_rate=0.469 | mean_active_neighbors_step=0.469 | max_active_neighbors_step=1 | interaction_reward=0.0000 | abs_interaction_reward=0.0000 | anti_stag_reward=0.0000 | abs_anti_stag_reward=0.0000 | wall_clear_reward=0.0000 | abs_wall_clear_reward=0.0000 | local_nav_reward=0.0000 | abs_local_nav_reward=0.0000 | context_neighbors_mean=0.50 | context_neighbors_max=1 | last_context_neighbors_mean=0.00 | last_context_neighbors_max=0 | actor_unlocked=1 | expl_noise=0.0411 | replay=21227 | samples/sec=5.578
Episode 270 complete | agent_samples=21245 | env_steps=14802 | episode_env_steps=9 | episode_agent_samples=18 | mean_reward=-81.523 | success=0/2 | collision=2/2 | mean_final_distance=2.034 | mean_progress=0.1348 | min_laser=0.327 | mean_lin=0.988 | mean_ang=0.040 | mean_robot_dist=0.583 | raw_reward=-100.000 | adjusted_reward=-100.000 | coop_agents=2/2 | mean_coop_neighbors=1.00 | active_neighbor_step_rate=1.000 | mean_active_neighbors_step=1.000 | max_active_neighbors_step=1 | interaction_reward=0.0000 | abs_interaction_reward=0.0000 | anti_stag_reward=0.0000 | abs_anti_stag_reward=0.0000 | wall_clear_reward=0.0000 | abs_wall_clear_reward=0.0000 | local_nav_reward=0.0000 | abs_local_nav_reward=0.0000 | context_neighbors_mean=1.00 | context_neighbors_max=1 | last_context_neighbors_mean=0.00 | last_context_neighbors_max=0 | actor_unlocked=1 | expl_noise=0.0411 | replay=21245 | samples/sec=5.580
Status | epoch=2 | next_eval_in=2755 agent_samples | checkpoint_every=10 episodes | checkpoint=./checkpoints/pair_interaction_pilot_s20260724_latest.pt | model=pair_interaction_pilot_s20260724
Checkpoint saved: ./checkpoints/pair_interaction_pilot_s20260724_latest.pt
Episode 271 complete | agent_samples=21270 | env_steps=14815 | episode_env_steps=13 | episode_agent_samples=25 | mean_reward=-73.805 | success=0/2 | collision=2/2 | mean_final_distance=1.559 | mean_progress=0.0520 | min_laser=0.314 | mean_lin=0.994 | mean_ang=0.962 | mean_robot_dist=0.457 | raw_reward=-50.000 | adjusted_reward=-50.000 | coop_agents=0/2 | mean_coop_neighbors=0.00 | active_neighbor_step_rate=0.960 | mean_active_neighbors_step=0.960 | max_active_neighbors_step=1 | interaction_reward=0.0000 | abs_interaction_reward=0.0000 | anti_stag_reward=0.0000 | abs_anti_stag_reward=0.0000 | wall_clear_reward=0.0000 | abs_wall_clear_reward=0.0000 | local_nav_reward=0.0000 | abs_local_nav_reward=0.0000 | context_neighbors_mean=0.96 | context_neighbors_max=1 | last_context_neighbors_mean=0.00 | last_context_neighbors_max=0 | actor_unlocked=1 | expl_noise=0.0411 | replay=21270 | samples/sec=5.582
Episode 272 complete | agent_samples=21325 | env_steps=14844 | episode_env_steps=29 | episode_agent_samples=55 | mean_reward=160.060 | success=2/2 | collision=0/2 | mean_final_distance=0.281 | mean_progress=0.0186 | min_laser=1.106 | mean_lin=1.000 | mean_ang=0.000 | mean_robot_dist=3.956 | raw_reward=50.000 | adjusted_reward=50.000 | coop_agents=0/2 | mean_coop_neighbors=0.00 | active_neighbor_step_rate=0.455 | mean_active_neighbors_step=0.455 | max_active_neighbors_step=1 | interaction_reward=0.0000 | abs_interaction_reward=0.0000 | anti_stag_reward=0.0000 | abs_anti_stag_reward=0.0000 | wall_clear_reward=0.0000 | abs_wall_clear_reward=0.0000 | local_nav_reward=0.0000 | abs_local_nav_reward=0.0000 | context_neighbors_mean=0.49 | context_neighbors_max=1 | last_context_neighbors_mean=0.00 | last_context_neighbors_max=0 | actor_unlocked=1 | expl_noise=0.0411 | replay=21325 | samples/sec=5.587
Episode 273 complete | agent_samples=21340 | env_steps=14852 | episode_env_steps=8 | episode_agent_samples=15 | mean_reward=-87.102 | success=0/2 | collision=2/2 | mean_final_distance=1.793 | mean_progress=0.0681 | min_laser=0.308 | mean_lin=1.000 | mean_ang=-0.994 | mean_robot_dist=0.515 | raw_reward=-50.000 | adjusted_reward=-50.000 | coop_agents=0/2 | mean_coop_neighbors=0.00 | active_neighbor_step_rate=0.933 | mean_active_neighbors_step=0.933 | max_active_neighbors_step=1 | interaction_reward=0.0000 | abs_interaction_reward=0.0000 | anti_stag_reward=0.0000 | abs_anti_stag_reward=0.0000 | wall_clear_reward=0.0000 | abs_wall_clear_reward=0.0000 | local_nav_reward=0.0000 | abs_local_nav_reward=0.0000 | context_neighbors_mean=0.93 | context_neighbors_max=1 | last_context_neighbors_mean=0.00 | last_context_neighbors_max=0 | actor_unlocked=1 | expl_noise=0.0411 | replay=21340 | samples/sec=5.588
Episode 274 complete | agent_samples=21390 | env_steps=14892 | episode_env_steps=40 | episode_agent_samples=50 | mean_reward=44.835 | success=1/2 | collision=1/2 | mean_final_distance=1.027 | mean_progress=0.0730 | min_laser=0.322 | mean_lin=0.987 | mean_ang=-0.830 | mean_robot_dist=1.915 | raw_reward=50.000 | adjusted_reward=50.000 | coop_agents=0/2 | mean_coop_neighbors=0.00 | active_neighbor_step_rate=0.380 | mean_active_neighbors_step=0.380 | max_active_neighbors_step=1 | interaction_reward=0.0000 | abs_interaction_reward=0.0000 | anti_stag_reward=0.0000 | abs_anti_stag_reward=0.0000 | wall_clear_reward=0.0000 | abs_wall_clear_reward=0.0000 | local_nav_reward=0.0000 | abs_local_nav_reward=0.0000 | context_neighbors_mean=0.40 | context_neighbors_max=1 | last_context_neighbors_mean=0.00 | last_context_neighbors_max=0 | actor_unlocked=1 | expl_noise=0.0411 | replay=21390 | samples/sec=5.588
Episode 275 complete | agent_samples=21403 | env_steps=14899 | episode_env_steps=7 | episode_agent_samples=13 | mean_reward=-87.984 | success=0/2 | collision=2/2 | mean_final_distance=1.940 | mean_progress=0.0661 | min_laser=0.300 | mean_lin=1.000 | mean_ang=1.000 | mean_robot_dist=0.444 | raw_reward=-50.000 | adjusted_reward=-50.000 | coop_agents=0/2 | mean_coop_neighbors=0.00 | active_neighbor_step_rate=0.923 | mean_active_neighbors_step=0.923 | max_active_neighbors_step=1 | interaction_reward=0.0000 | abs_interaction_reward=0.0000 | anti_stag_reward=0.0000 | abs_anti_stag_reward=0.0000 | wall_clear_reward=0.0000 | abs_wall_clear_reward=0.0000 | local_nav_reward=0.0000 | abs_local_nav_reward=0.0000 | context_neighbors_mean=0.92 | context_neighbors_max=1 | last_context_neighbors_mean=0.00 | last_context_neighbors_max=0 | actor_unlocked=1 | expl_noise=0.0411 | replay=21403 | samples/sec=5.589
Status | epoch=2 | next_eval_in=2597 agent_samples | checkpoint_every=10 episodes | checkpoint=./checkpoints/pair_interaction_pilot_s20260724_latest.pt | model=pair_interaction_pilot_s20260724
Episode 276 complete | agent_samples=21417 | env_steps=14906 | episode_env_steps=7 | episode_agent_samples=14 | mean_reward=-85.357 | success=0/2 | collision=2/2 | mean_final_distance=1.729 | mean_progress=0.1391 | min_laser=0.300 | mean_lin=1.000 | mean_ang=0.913 | mean_robot_dist=0.470 | raw_reward=-100.000 | adjusted_reward=-100.000 | coop_agents=2/2 | mean_coop_neighbors=1.00 | active_neighbor_step_rate=1.000 | mean_active_neighbors_step=1.000 | max_active_neighbors_step=1 | interaction_reward=0.0000 | abs_interaction_reward=0.0000 | anti_stag_reward=0.0000 | abs_anti_stag_reward=0.0000 | wall_clear_reward=0.0000 | abs_wall_clear_reward=0.0000 | local_nav_reward=0.0000 | abs_local_nav_reward=0.0000 | context_neighbors_mean=1.00 | context_neighbors_max=1 | last_context_neighbors_mean=0.00 | last_context_neighbors_max=0 | actor_unlocked=1 | expl_noise=0.0411 | replay=21417 | samples/sec=5.591
Episode 277 complete | agent_samples=21440 | env_steps=14918 | episode_env_steps=12 | episode_agent_samples=23 | mean_reward=-75.572 | success=0/2 | collision=2/2 | mean_final_distance=1.654 | mean_progress=0.0550 | min_laser=0.300 | mean_lin=1.000 | mean_ang=0.273 | mean_robot_dist=0.516 | raw_reward=-50.000 | adjusted_reward=-50.000 | coop_agents=0/2 | mean_coop_neighbors=0.00 | active_neighbor_step_rate=0.957 | mean_active_neighbors_step=0.957 | max_active_neighbors_step=1 | interaction_reward=0.0000 | abs_interaction_reward=0.0000 | anti_stag_reward=0.0000 | abs_anti_stag_reward=0.0000 | wall_clear_reward=0.0000 | abs_wall_clear_reward=0.0000 | local_nav_reward=0.0000 | abs_local_nav_reward=0.0000 | context_neighbors_mean=0.96 | context_neighbors_max=1 | last_context_neighbors_mean=0.00 | last_context_neighbors_max=0 | actor_unlocked=1 | expl_noise=0.0410 | replay=21440 | samples/sec=5.593
Episode 278 complete | agent_samples=21494 | env_steps=14946 | episode_env_steps=28 | episode_agent_samples=54 | mean_reward=160.949 | success=2/2 | collision=0/2 | mean_final_distance=0.272 | mean_progress=0.0181 | min_laser=0.820 | mean_lin=1.000 | mean_ang=0.013 | mean_robot_dist=3.944 | raw_reward=50.000 | adjusted_reward=50.000 | coop_agents=0/2 | mean_coop_neighbors=0.00 | active_neighbor_step_rate=0.444 | mean_active_neighbors_step=0.444 | max_active_neighbors_step=1 | interaction_reward=0.0000 | abs_interaction_reward=0.0000 | anti_stag_reward=0.0000 | abs_anti_stag_reward=0.0000 | wall_clear_reward=0.0000 | abs_wall_clear_reward=0.0000 | local_nav_reward=0.0000 | abs_local_nav_reward=0.0000 | context_neighbors_mean=0.48 | context_neighbors_max=1 | last_context_neighbors_mean=0.00 | last_context_neighbors_max=0 | actor_unlocked=1 | expl_noise=0.0410 | replay=21494 | samples/sec=5.598
Episode 279 complete | agent_samples=21541 | env_steps=14977 | episode_env_steps=31 | episode_agent_samples=47 | mean_reward=47.467 | success=1/2 | collision=1/2 | mean_final_distance=1.054 | mean_progress=0.0735 | min_laser=0.324 | mean_lin=0.887 | mean_ang=0.058 | mean_robot_dist=1.933 | raw_reward=50.000 | adjusted_reward=50.000 | coop_agents=0/2 | mean_coop_neighbors=0.00 | active_neighbor_step_rate=0.468 | mean_active_neighbors_step=0.468 | max_active_neighbors_step=1 | interaction_reward=0.0000 | abs_interaction_reward=0.0000 | anti_stag_reward=0.0000 | abs_anti_stag_reward=0.0000 | wall_clear_reward=0.0000 | abs_wall_clear_reward=0.0000 | local_nav_reward=0.0000 | abs_local_nav_reward=0.0000 | context_neighbors_mean=0.47 | context_neighbors_max=1 | last_context_neighbors_mean=0.00 | last_context_neighbors_max=0 | actor_unlocked=1 | expl_noise=0.0410 | replay=21541 | samples/sec=5.600
Episode 280 complete | agent_samples=21574 | env_steps=15003 | episode_env_steps=26 | episode_agent_samples=33 | mean_reward=39.785 | success=1/2 | collision=1/2 | mean_final_distance=1.511 | mean_progress=0.0709 | min_laser=0.312 | mean_lin=0.498 | mean_ang=-0.969 | mean_robot_dist=2.616 | raw_reward=50.000 | adjusted_reward=50.000 | coop_agents=0/2 | mean_coop_neighbors=0.00 | active_neighbor_step_rate=0.394 | mean_active_neighbors_step=0.394 | max_active_neighbors_step=1 | interaction_reward=0.0000 | abs_interaction_reward=0.0000 | anti_stag_reward=0.0000 | abs_anti_stag_reward=0.0000 | wall_clear_reward=0.0000 | abs_wall_clear_reward=0.0000 | local_nav_reward=0.0000 | abs_local_nav_reward=0.0000 | context_neighbors_mean=0.42 | context_neighbors_max=1 | last_context_neighbors_mean=0.00 | last_context_neighbors_max=0 | actor_unlocked=1 | expl_noise=0.0410 | replay=21574 | samples/sec=5.601
Status | epoch=2 | next_eval_in=2426 agent_samples | checkpoint_every=10 episodes | checkpoint=./checkpoints/pair_interaction_pilot_s20260724_latest.pt | model=pair_interaction_pilot_s20260724
Checkpoint saved: ./checkpoints/pair_interaction_pilot_s20260724_latest.pt
Episode 281 complete | agent_samples=21742 | env_steps=15145 | episode_env_steps=142 | episode_agent_samples=168 | mean_reward=146.737 | success=2/2 | collision=0/2 | mean_final_distance=0.251 | mean_progress=0.0538 | min_laser=0.845 | mean_lin=1.000 | mean_ang=-1.000 | mean_robot_dist=3.932 | raw_reward=50.000 | adjusted_reward=50.000 | coop_agents=0/2 | mean_coop_neighbors=0.00 | active_neighbor_step_rate=0.143 | mean_active_neighbors_step=0.143 | max_active_neighbors_step=1 | interaction_reward=0.0000 | abs_interaction_reward=0.0000 | anti_stag_reward=0.0000 | abs_anti_stag_reward=0.0000 | wall_clear_reward=0.0000 | abs_wall_clear_reward=0.0000 | local_nav_reward=0.0000 | abs_local_nav_reward=0.0000 | context_neighbors_mean=0.15 | context_neighbors_max=1 | last_context_neighbors_mean=0.00 | last_context_neighbors_max=0 | actor_unlocked=1 | expl_noise=0.0409 | replay=21742 | samples/sec=5.599
Episode 282 complete | agent_samples=21882 | env_steps=15259 | episode_env_steps=114 | episode_agent_samples=140 | mean_reward=154.132 | success=2/2 | collision=0/2 | mean_final_distance=0.250 | mean_progress=0.0114 | min_laser=0.822 | mean_lin=1.000 | mean_ang=-0.004 | mean_robot_dist=3.934 | raw_reward=50.000 | adjusted_reward=50.000 | coop_agents=0/2 | mean_coop_neighbors=0.00 | active_neighbor_step_rate=0.179 | mean_active_neighbors_step=0.179 | max_active_neighbors_step=1 | interaction_reward=0.0000 | abs_interaction_reward=0.0000 | anti_stag_reward=0.0000 | abs_anti_stag_reward=0.0000 | wall_clear_reward=0.0000 | abs_wall_clear_reward=0.0000 | local_nav_reward=0.0000 | abs_local_nav_reward=0.0000 | context_neighbors_mean=0.19 | context_neighbors_max=1 | last_context_neighbors_mean=0.00 | last_context_neighbors_max=0 | actor_unlocked=1 | expl_noise=0.0408 | replay=21882 | samples/sec=5.600
Episode 283 complete | agent_samples=21998 | env_steps=15346 | episode_env_steps=87 | episode_agent_samples=116 | mean_reward=159.245 | success=2/2 | collision=0/2 | mean_final_distance=0.269 | mean_progress=0.0353 | min_laser=0.797 | mean_lin=1.000 | mean_ang=-1.000 | mean_robot_dist=4.290 | raw_reward=50.000 | adjusted_reward=50.000 | coop_agents=0/2 | mean_coop_neighbors=0.00 | active_neighbor_step_rate=0.241 | mean_active_neighbors_step=0.241 | max_active_neighbors_step=1 | interaction_reward=0.0000 | abs_interaction_reward=0.0000 | anti_stag_reward=0.0000 | abs_anti_stag_reward=0.0000 | wall_clear_reward=0.0000 | abs_wall_clear_reward=0.0000 | local_nav_reward=0.0000 | abs_local_nav_reward=0.0000 | context_neighbors_mean=0.26 | context_neighbors_max=1 | last_context_neighbors_mean=0.00 | last_context_neighbors_max=0 | actor_unlocked=1 | expl_noise=0.0408 | replay=21998 | samples/sec=5.603
Episode 284 complete | agent_samples=22101 | env_steps=15425 | episode_env_steps=79 | episode_agent_samples=103 | mean_reward=144.670 | success=2/2 | collision=0/2 | mean_final_distance=0.283 | mean_progress=0.0357 | min_laser=0.755 | mean_lin=1.000 | mean_ang=-0.049 | mean_robot_dist=3.605 | raw_reward=50.000 | adjusted_reward=50.000 | coop_agents=0/2 | mean_coop_neighbors=0.00 | active_neighbor_step_rate=0.194 | mean_active_neighbors_step=0.194 | max_active_neighbors_step=1 | interaction_reward=0.0000 | abs_interaction_reward=0.0000 | anti_stag_reward=0.0000 | abs_anti_stag_reward=0.0000 | wall_clear_reward=0.0000 | abs_wall_clear_reward=0.0000 | local_nav_reward=0.0000 | abs_local_nav_reward=0.0000 | context_neighbors_mean=0.21 | context_neighbors_max=1 | last_context_neighbors_mean=0.00 | last_context_neighbors_max=0 | actor_unlocked=1 | expl_noise=0.0407 | replay=22101 | samples/sec=5.605
Episode 285 complete | agent_samples=22116 | env_steps=15433 | episode_env_steps=8 | episode_agent_samples=15 | mean_reward=-85.501 | success=0/2 | collision=2/2 | mean_final_distance=1.772 | mean_progress=0.0871 | min_laser=0.300 | mean_lin=0.995 | mean_ang=0.016 | mean_robot_dist=0.499 | raw_reward=-50.000 | adjusted_reward=-50.000 | coop_agents=0/2 | mean_coop_neighbors=0.00 | active_neighbor_step_rate=0.933 | mean_active_neighbors_step=0.933 | max_active_neighbors_step=1 | interaction_reward=0.0000 | abs_interaction_reward=0.0000 | anti_stag_reward=0.0000 | abs_anti_stag_reward=0.0000 | wall_clear_reward=0.0000 | abs_wall_clear_reward=0.0000 | local_nav_reward=0.0000 | abs_local_nav_reward=0.0000 | context_neighbors_mean=0.93 | context_neighbors_max=1 | last_context_neighbors_mean=0.00 | last_context_neighbors_max=0 | actor_unlocked=1 | expl_noise=0.0407 | replay=22116 | samples/sec=5.606
Status | epoch=2 | next_eval_in=1884 agent_samples | checkpoint_every=10 episodes | checkpoint=./checkpoints/pair_interaction_pilot_s20260724_latest.pt | model=pair_interaction_pilot_s20260724
Episode 286 complete | agent_samples=22139 | env_steps=15445 | episode_env_steps=12 | episode_agent_samples=23 | mean_reward=-76.348 | success=0/2 | collision=2/2 | mean_final_distance=1.740 | mean_progress=0.0699 | min_laser=0.300 | mean_lin=0.981 | mean_ang=0.000 | mean_robot_dist=0.428 | raw_reward=-50.000 | adjusted_reward=-50.000 | coop_agents=0/2 | mean_coop_neighbors=0.00 | active_neighbor_step_rate=0.957 | mean_active_neighbors_step=0.957 | max_active_neighbors_step=1 | interaction_reward=0.0000 | abs_interaction_reward=0.0000 | anti_stag_reward=0.0000 | abs_anti_stag_reward=0.0000 | wall_clear_reward=0.0000 | abs_wall_clear_reward=0.0000 | local_nav_reward=0.0000 | abs_local_nav_reward=0.0000 | context_neighbors_mean=0.96 | context_neighbors_max=1 | last_context_neighbors_mean=0.00 | last_context_neighbors_max=0 | actor_unlocked=1 | expl_noise=0.0407 | replay=22139 | samples/sec=5.608
Episode 287 complete | agent_samples=22204 | env_steps=15484 | episode_env_steps=39 | episode_agent_samples=65 | mean_reward=160.106 | success=2/2 | collision=0/2 | mean_final_distance=0.259 | mean_progress=0.0501 | min_laser=0.929 | mean_lin=0.993 | mean_ang=-0.973 | mean_robot_dist=4.133 | raw_reward=50.000 | adjusted_reward=50.000 | coop_agents=0/2 | mean_coop_neighbors=0.00 | active_neighbor_step_rate=0.338 | mean_active_neighbors_step=0.338 | max_active_neighbors_step=1 | interaction_reward=0.0000 | abs_interaction_reward=0.0000 | anti_stag_reward=0.0000 | abs_anti_stag_reward=0.0000 | wall_clear_reward=0.0000 | abs_wall_clear_reward=0.0000 | local_nav_reward=0.0000 | abs_local_nav_reward=0.0000 | context_neighbors_mean=0.37 | context_neighbors_max=1 | last_context_neighbors_mean=0.00 | last_context_neighbors_max=0 | actor_unlocked=1 | expl_noise=0.0407 | replay=22204 | samples/sec=5.613
Episode 288 complete | agent_samples=22218 | env_steps=15491 | episode_env_steps=7 | episode_agent_samples=14 | mean_reward=-87.602 | success=0/2 | collision=2/2 | mean_final_distance=2.183 | mean_progress=0.1129 | min_laser=0.311 | mean_lin=0.985 | mean_ang=0.955 | mean_robot_dist=0.565 | raw_reward=-100.000 | adjusted_reward=-100.000 | coop_agents=2/2 | mean_coop_neighbors=1.00 | active_neighbor_step_rate=1.000 | mean_active_neighbors_step=1.000 | max_active_neighbors_step=1 | interaction_reward=0.0000 | abs_interaction_reward=0.0000 | anti_stag_reward=0.0000 | abs_anti_stag_reward=0.0000 | wall_clear_reward=0.0000 | abs_wall_clear_reward=0.0000 | local_nav_reward=0.0000 | abs_local_nav_reward=0.0000 | context_neighbors_mean=1.00 | context_neighbors_max=1 | last_context_neighbors_mean=0.00 | last_context_neighbors_max=0 | actor_unlocked=1 | expl_noise=0.0407 | replay=22218 | samples/sec=5.614
Episode 289 complete | agent_samples=22276 | env_steps=15526 | episode_env_steps=35 | episode_agent_samples=58 | mean_reward=148.834 | success=2/2 | collision=0/2 | mean_final_distance=0.275 | mean_progress=0.0592 | min_laser=0.705 | mean_lin=0.990 | mean_ang=-0.990 | mean_robot_dist=3.619 | raw_reward=50.000 | adjusted_reward=50.000 | coop_agents=0/2 | mean_coop_neighbors=0.00 | active_neighbor_step_rate=0.328 | mean_active_neighbors_step=0.328 | max_active_neighbors_step=1 | interaction_reward=0.0000 | abs_interaction_reward=0.0000 | anti_stag_reward=0.0000 | abs_anti_stag_reward=0.0000 | wall_clear_reward=0.0000 | abs_wall_clear_reward=0.0000 | local_nav_reward=0.0000 | abs_local_nav_reward=0.0000 | context_neighbors_mean=0.36 | context_neighbors_max=1 | last_context_neighbors_mean=0.00 | last_context_neighbors_max=0 | actor_unlocked=1 | expl_noise=0.0407 | replay=22276 | samples/sec=5.618
Episode 290 complete | agent_samples=22300 | env_steps=15538 | episode_env_steps=12 | episode_agent_samples=24 | mean_reward=-74.271 | success=0/2 | collision=2/2 | mean_final_distance=1.553 | mean_progress=0.1399 | min_laser=0.331 | mean_lin=0.990 | mean_ang=0.948 | mean_robot_dist=0.623 | raw_reward=-100.000 | adjusted_reward=-100.000 | coop_agents=2/2 | mean_coop_neighbors=1.00 | active_neighbor_step_rate=1.000 | mean_active_neighbors_step=1.000 | max_active_neighbors_step=1 | interaction_reward=0.0000 | abs_interaction_reward=0.0000 | anti_stag_reward=0.0000 | abs_anti_stag_reward=0.0000 | wall_clear_reward=0.0000 | abs_wall_clear_reward=0.0000 | local_nav_reward=0.0000 | abs_local_nav_reward=0.0000 | context_neighbors_mean=1.00 | context_neighbors_max=1 | last_context_neighbors_mean=0.00 | last_context_neighbors_max=0 | actor_unlocked=1 | expl_noise=0.0407 | replay=22300 | samples/sec=5.620
Status | epoch=2 | next_eval_in=1700 agent_samples | checkpoint_every=10 episodes | checkpoint=./checkpoints/pair_interaction_pilot_s20260724_latest.pt | model=pair_interaction_pilot_s20260724
Checkpoint saved: ./checkpoints/pair_interaction_pilot_s20260724_latest.pt
Episode 291 complete | agent_samples=22319 | env_steps=15548 | episode_env_steps=10 | episode_agent_samples=19 | mean_reward=-79.184 | success=0/2 | collision=2/2 | mean_final_distance=1.880 | mean_progress=0.0883 | min_laser=0.300 | mean_lin=0.517 | mean_ang=-1.000 | mean_robot_dist=0.388 | raw_reward=-50.000 | adjusted_reward=-50.000 | coop_agents=0/2 | mean_coop_neighbors=0.00 | active_neighbor_step_rate=0.947 | mean_active_neighbors_step=0.947 | max_active_neighbors_step=1 | interaction_reward=0.0000 | abs_interaction_reward=0.0000 | anti_stag_reward=0.0000 | abs_anti_stag_reward=0.0000 | wall_clear_reward=0.0000 | abs_wall_clear_reward=0.0000 | local_nav_reward=0.0000 | abs_local_nav_reward=0.0000 | context_neighbors_mean=0.95 | context_neighbors_max=1 | last_context_neighbors_mean=0.00 | last_context_neighbors_max=0 | actor_unlocked=1 | expl_noise=0.0407 | replay=22319 | samples/sec=5.621
Episode 292 complete | agent_samples=22373 | env_steps=15579 | episode_env_steps=31 | episode_agent_samples=54 | mean_reward=150.271 | success=2/2 | collision=0/2 | mean_final_distance=0.280 | mean_progress=0.0750 | min_laser=0.406 | mean_lin=0.982 | mean_ang=-0.887 | mean_robot_dist=1.206 | raw_reward=50.000 | adjusted_reward=50.000 | coop_agents=0/2 | mean_coop_neighbors=0.00 | active_neighbor_step_rate=0.407 | mean_active_neighbors_step=0.407 | max_active_neighbors_step=1 | interaction_reward=0.0000 | abs_interaction_reward=0.0000 | anti_stag_reward=0.0000 | abs_anti_stag_reward=0.0000 | wall_clear_reward=0.0000 | abs_wall_clear_reward=0.0000 | local_nav_reward=0.0000 | abs_local_nav_reward=0.0000 | context_neighbors_mean=0.43 | context_neighbors_max=1 | last_context_neighbors_mean=0.00 | last_context_neighbors_max=0 | actor_unlocked=1 | expl_noise=0.0407 | replay=22373 | samples/sec=5.625
Episode 293 complete | agent_samples=22444 | env_steps=15621 | episode_env_steps=42 | episode_agent_samples=71 | mean_reward=163.298 | success=2/2 | collision=0/2 | mean_final_distance=0.290 | mean_progress=0.0396 | min_laser=0.773 | mean_lin=0.984 | mean_ang=-0.979 | mean_robot_dist=4.368 | raw_reward=50.000 | adjusted_reward=50.000 | coop_agents=0/2 | mean_coop_neighbors=0.00 | active_neighbor_step_rate=0.380 | mean_active_neighbors_step=0.380 | max_active_neighbors_step=1 | interaction_reward=0.0000 | abs_interaction_reward=0.0000 | anti_stag_reward=0.0000 | abs_anti_stag_reward=0.0000 | wall_clear_reward=0.0000 | abs_wall_clear_reward=0.0000 | local_nav_reward=0.0000 | abs_local_nav_reward=0.0000 | context_neighbors_mean=0.41 | context_neighbors_max=1 | last_context_neighbors_mean=0.00 | last_context_neighbors_max=0 | actor_unlocked=1 | expl_noise=0.0406 | replay=22444 | samples/sec=5.630
Episode 294 complete | agent_samples=22466 | env_steps=15632 | episode_env_steps=11 | episode_agent_samples=22 | mean_reward=-76.753 | success=0/2 | collision=2/2 | mean_final_distance=1.717 | mean_progress=0.1423 | min_laser=0.300 | mean_lin=1.000 | mean_ang=0.908 | mean_robot_dist=0.510 | raw_reward=-100.000 | adjusted_reward=-100.000 | coop_agents=2/2 | mean_coop_neighbors=1.00 | active_neighbor_step_rate=1.000 | mean_active_neighbors_step=1.000 | max_active_neighbors_step=1 | interaction_reward=0.0000 | abs_interaction_reward=0.0000 | anti_stag_reward=0.0000 | abs_anti_stag_reward=0.0000 | wall_clear_reward=0.0000 | abs_wall_clear_reward=0.0000 | local_nav_reward=0.0000 | abs_local_nav_reward=0.0000 | context_neighbors_mean=1.00 | context_neighbors_max=1 | last_context_neighbors_mean=0.00 | last_context_neighbors_max=0 | actor_unlocked=1 | expl_noise=0.0406 | replay=22466 | samples/sec=5.631
Episode 295 complete | agent_samples=22527 | env_steps=15668 | episode_env_steps=36 | episode_agent_samples=61 | mean_reward=172.607 | success=2/2 | collision=0/2 | mean_final_distance=0.229 | mean_progress=0.0788 | min_laser=0.506 | mean_lin=0.997 | mean_ang=0.752 | mean_robot_dist=2.358 | raw_reward=50.000 | adjusted_reward=50.000 | coop_agents=0/2 | mean_coop_neighbors=0.00 | active_neighbor_step_rate=0.541 | mean_active_neighbors_step=0.541 | max_active_neighbors_step=1 | interaction_reward=0.0000 | abs_interaction_reward=0.0000 | anti_stag_reward=0.0000 | abs_anti_stag_reward=0.0000 | wall_clear_reward=0.0000 | abs_wall_clear_reward=0.0000 | local_nav_reward=0.0000 | abs_local_nav_reward=0.0000 | context_neighbors_mean=0.56 | context_neighbors_max=1 | last_context_neighbors_mean=0.00 | last_context_neighbors_max=0 | actor_unlocked=1 | expl_noise=0.0406 | replay=22527 | samples/sec=5.636
Status | epoch=2 | next_eval_in=1473 agent_samples | checkpoint_every=10 episodes | checkpoint=./checkpoints/pair_interaction_pilot_s20260724_latest.pt | model=pair_interaction_pilot_s20260724
Episode 296 complete | agent_samples=22539 | env_steps=15674 | episode_env_steps=6 | episode_agent_samples=12 | mean_reward=-89.898 | success=0/2 | collision=2/2 | mean_final_distance=2.328 | mean_progress=0.1510 | min_laser=0.304 | mean_lin=1.000 | mean_ang=0.000 | mean_robot_dist=0.555 | raw_reward=-100.000 | adjusted_reward=-100.000 | coop_agents=2/2 | mean_coop_neighbors=1.00 | active_neighbor_step_rate=1.000 | mean_active_neighbors_step=1.000 | max_active_neighbors_step=1 | interaction_reward=0.0000 | abs_interaction_reward=0.0000 | anti_stag_reward=0.0000 | abs_anti_stag_reward=0.0000 | wall_clear_reward=0.0000 | abs_wall_clear_reward=0.0000 | local_nav_reward=0.0000 | abs_local_nav_reward=0.0000 | context_neighbors_mean=1.00 | context_neighbors_max=1 | last_context_neighbors_mean=0.00 | last_context_neighbors_max=0 | actor_unlocked=1 | expl_noise=0.0406 | replay=22539 | samples/sec=5.637
Episode 297 complete | agent_samples=22551 | env_steps=15680 | episode_env_steps=6 | episode_agent_samples=12 | mean_reward=-88.317 | success=0/2 | collision=2/2 | mean_final_distance=2.107 | mean_progress=0.1487 | min_laser=0.300 | mean_lin=0.992 | mean_ang=0.907 | mean_robot_dist=0.502 | raw_reward=-100.000 | adjusted_reward=-100.000 | coop_agents=2/2 | mean_coop_neighbors=1.00 | active_neighbor_step_rate=1.000 | mean_active_neighbors_step=1.000 | max_active_neighbors_step=1 | interaction_reward=0.0000 | abs_interaction_reward=0.0000 | anti_stag_reward=0.0000 | abs_anti_stag_reward=0.0000 | wall_clear_reward=0.0000 | abs_wall_clear_reward=0.0000 | local_nav_reward=0.0000 | abs_local_nav_reward=0.0000 | context_neighbors_mean=1.00 | context_neighbors_max=1 | last_context_neighbors_mean=0.00 | last_context_neighbors_max=0 | actor_unlocked=1 | expl_noise=0.0406 | replay=22551 | samples/sec=5.638
Episode 298 complete | agent_samples=22579 | env_steps=15694 | episode_env_steps=14 | episode_agent_samples=28 | mean_reward=-72.168 | success=0/2 | collision=2/2 | mean_final_distance=1.524 | mean_progress=0.1009 | min_laser=0.312 | mean_lin=1.000 | mean_ang=-0.998 | mean_robot_dist=0.556 | raw_reward=-100.000 | adjusted_reward=-100.000 | coop_agents=2/2 | mean_coop_neighbors=1.00 | active_neighbor_step_rate=0.929 | mean_active_neighbors_step=0.929 | max_active_neighbors_step=1 | interaction_reward=0.0000 | abs_interaction_reward=0.0000 | anti_stag_reward=0.0000 | abs_anti_stag_reward=0.0000 | wall_clear_reward=0.0000 | abs_wall_clear_reward=0.0000 | local_nav_reward=0.0000 | abs_local_nav_reward=0.0000 | context_neighbors_mean=0.93 | context_neighbors_max=1 | last_context_neighbors_mean=0.00 | last_context_neighbors_max=0 | actor_unlocked=1 | expl_noise=0.0406 | replay=22579 | samples/sec=5.640
Episode 299 complete | agent_samples=22593 | env_steps=15701 | episode_env_steps=7 | episode_agent_samples=14 | mean_reward=-86.057 | success=0/2 | collision=2/2 | mean_final_distance=1.858 | mean_progress=0.1547 | min_laser=0.314 | mean_lin=0.993 | mean_ang=0.011 | mean_robot_dist=0.569 | raw_reward=-100.000 | adjusted_reward=-100.000 | coop_agents=2/2 | mean_coop_neighbors=1.00 | active_neighbor_step_rate=1.000 | mean_active_neighbors_step=1.000 | max_active_neighbors_step=1 | interaction_reward=0.0000 | abs_interaction_reward=0.0000 | anti_stag_reward=0.0000 | abs_anti_stag_reward=0.0000 | wall_clear_reward=0.0000 | abs_wall_clear_reward=0.0000 | local_nav_reward=0.0000 | abs_local_nav_reward=0.0000 | context_neighbors_mean=1.00 | context_neighbors_max=1 | last_context_neighbors_mean=0.00 | last_context_neighbors_max=0 | actor_unlocked=1 | expl_noise=0.0406 | replay=22593 | samples/sec=5.642
Episode 300 complete | agent_samples=22608 | env_steps=15709 | episode_env_steps=8 | episode_agent_samples=15 | mean_reward=-83.885 | success=0/2 | collision=2/2 | mean_final_distance=2.178 | mean_progress=0.0785 | min_laser=0.300 | mean_lin=1.000 | mean_ang=0.409 | mean_robot_dist=0.398 | raw_reward=-50.000 | adjusted_reward=-50.000 | coop_agents=0/2 | mean_coop_neighbors=0.00 | active_neighbor_step_rate=0.933 | mean_active_neighbors_step=0.933 | max_active_neighbors_step=1 | interaction_reward=0.0000 | abs_interaction_reward=0.0000 | anti_stag_reward=0.0000 | abs_anti_stag_reward=0.0000 | wall_clear_reward=0.0000 | abs_wall_clear_reward=0.0000 | local_nav_reward=0.0000 | abs_local_nav_reward=0.0000 | context_neighbors_mean=0.93 | context_neighbors_max=1 | last_context_neighbors_mean=0.00 | last_context_neighbors_max=0 | actor_unlocked=1 | expl_noise=0.0406 | replay=22608 | samples/sec=5.643
Status | epoch=2 | next_eval_in=1392 agent_samples | checkpoint_every=10 episodes | checkpoint=./checkpoints/pair_interaction_pilot_s20260724_latest.pt | model=pair_interaction_pilot_s20260724
Checkpoint saved: ./checkpoints/pair_interaction_pilot_s20260724_latest.pt
Episode 301 complete | agent_samples=22663 | env_steps=15743 | episode_env_steps=34 | episode_agent_samples=55 | mean_reward=149.600 | success=2/2 | collision=0/2 | mean_final_distance=0.254 | mean_progress=0.0412 | min_laser=0.594 | mean_lin=0.996 | mean_ang=-0.931 | mean_robot_dist=3.433 | raw_reward=50.000 | adjusted_reward=50.000 | coop_agents=0/2 | mean_coop_neighbors=0.00 | active_neighbor_step_rate=0.382 | mean_active_neighbors_step=0.382 | max_active_neighbors_step=1 | interaction_reward=0.0000 | abs_interaction_reward=0.0000 | anti_stag_reward=0.0000 | abs_anti_stag_reward=0.0000 | wall_clear_reward=0.0000 | abs_wall_clear_reward=0.0000 | local_nav_reward=0.0000 | abs_local_nav_reward=0.0000 | context_neighbors_mean=0.42 | context_neighbors_max=1 | last_context_neighbors_mean=0.00 | last_context_neighbors_max=0 | actor_unlocked=1 | expl_noise=0.0406 | replay=22663 | samples/sec=5.645
Episode 302 complete | agent_samples=22696 | env_steps=15760 | episode_env_steps=17 | episode_agent_samples=33 | mean_reward=-66.374 | success=0/2 | collision=2/2 | mean_final_distance=1.763 | mean_progress=0.0603 | min_laser=0.300 | mean_lin=1.000 | mean_ang=0.049 | mean_robot_dist=0.536 | raw_reward=-50.000 | adjusted_reward=-50.000 | coop_agents=0/2 | mean_coop_neighbors=0.00 | active_neighbor_step_rate=0.970 | mean_active_neighbors_step=0.970 | max_active_neighbors_step=1 | interaction_reward=0.0000 | abs_interaction_reward=0.0000 | anti_stag_reward=0.0000 | abs_anti_stag_reward=0.0000 | wall_clear_reward=0.0000 | abs_wall_clear_reward=0.0000 | local_nav_reward=0.0000 | abs_local_nav_reward=0.0000 | context_neighbors_mean=0.97 | context_neighbors_max=1 | last_context_neighbors_mean=0.00 | last_context_neighbors_max=0 | actor_unlocked=1 | expl_noise=0.0405 | replay=22696 | samples/sec=5.648
Episode 303 complete | agent_samples=22755 | env_steps=15795 | episode_env_steps=35 | episode_agent_samples=59 | mean_reward=150.563 | success=2/2 | collision=0/2 | mean_final_distance=0.262 | mean_progress=0.0271 | min_laser=0.591 | mean_lin=0.984 | mean_ang=-0.990 | mean_robot_dist=3.636 | raw_reward=50.000 | adjusted_reward=50.000 | coop_agents=0/2 | mean_coop_neighbors=0.00 | active_neighbor_step_rate=0.373 | mean_active_neighbors_step=0.373 | max_active_neighbors_step=1 | interaction_reward=0.0000 | abs_interaction_reward=0.0000 | anti_stag_reward=0.0000 | abs_anti_stag_reward=0.0000 | wall_clear_reward=0.0000 | abs_wall_clear_reward=0.0000 | local_nav_reward=0.0000 | abs_local_nav_reward=0.0000 | context_neighbors_mean=0.41 | context_neighbors_max=1 | last_context_neighbors_mean=0.00 | last_context_neighbors_max=0 | actor_unlocked=1 | expl_noise=0.0405 | replay=22755 | samples/sec=5.652
Episode 304 complete | agent_samples=22781 | env_steps=15808 | episode_env_steps=13 | episode_agent_samples=26 | mean_reward=-72.988 | success=0/2 | collision=2/2 | mean_final_distance=1.490 | mean_progress=0.1625 | min_laser=0.300 | mean_lin=0.990 | mean_ang=0.234 | mean_robot_dist=0.500 | raw_reward=-100.000 | adjusted_reward=-100.000 | coop_agents=2/2 | mean_coop_neighbors=1.00 | active_neighbor_step_rate=1.000 | mean_active_neighbors_step=1.000 | max_active_neighbors_step=1 | interaction_reward=0.0000 | abs_interaction_reward=0.0000 | anti_stag_reward=0.0000 | abs_anti_stag_reward=0.0000 | wall_clear_reward=0.0000 | abs_wall_clear_reward=0.0000 | local_nav_reward=0.0000 | abs_local_nav_reward=0.0000 | context_neighbors_mean=1.00 | context_neighbors_max=1 | last_context_neighbors_mean=0.00 | last_context_neighbors_max=0 | actor_unlocked=1 | expl_noise=0.0405 | replay=22781 | samples/sec=5.654
Episode 305 complete | agent_samples=22819 | env_steps=15833 | episode_env_steps=25 | episode_agent_samples=38 | mean_reward=55.302 | success=1/2 | collision=1/2 | mean_final_distance=1.052 | mean_progress=0.0763 | min_laser=0.327 | mean_lin=0.940 | mean_ang=-0.984 | mean_robot_dist=1.799 | raw_reward=50.000 | adjusted_reward=50.000 | coop_agents=0/2 | mean_coop_neighbors=0.00 | active_neighbor_step_rate=0.632 | mean_active_neighbors_step=0.632 | max_active_neighbors_step=1 | interaction_reward=0.0000 | abs_interaction_reward=0.0000 | anti_stag_reward=0.0000 | abs_anti_stag_reward=0.0000 | wall_clear_reward=0.0000 | abs_wall_clear_reward=0.0000 | local_nav_reward=0.0000 | abs_local_nav_reward=0.0000 | context_neighbors_mean=0.66 | context_neighbors_max=1 | last_context_neighbors_mean=0.00 | last_context_neighbors_max=0 | actor_unlocked=1 | expl_noise=0.0405 | replay=22819 | samples/sec=5.656
Status | epoch=2 | next_eval_in=1181 agent_samples | checkpoint_every=10 episodes | checkpoint=./checkpoints/pair_interaction_pilot_s20260724_latest.pt | model=pair_interaction_pilot_s20260724
Episode 306 complete | agent_samples=22845 | env_steps=15846 | episode_env_steps=13 | episode_agent_samples=26 | mean_reward=-73.211 | success=0/2 | collision=2/2 | mean_final_distance=1.585 | mean_progress=0.1169 | min_laser=0.300 | mean_lin=0.991 | mean_ang=-0.985 | mean_robot_dist=0.560 | raw_reward=-100.000 | adjusted_reward=-100.000 | coop_agents=2/2 | mean_coop_neighbors=1.00 | active_neighbor_step_rate=1.000 | mean_active_neighbors_step=1.000 | max_active_neighbors_step=1 | interaction_reward=0.0000 | abs_interaction_reward=0.0000 | anti_stag_reward=0.0000 | abs_anti_stag_reward=0.0000 | wall_clear_reward=0.0000 | abs_wall_clear_reward=0.0000 | local_nav_reward=0.0000 | abs_local_nav_reward=0.0000 | context_neighbors_mean=1.00 | context_neighbors_max=1 | last_context_neighbors_mean=0.00 | last_context_neighbors_max=0 | actor_unlocked=1 | expl_noise=0.0405 | replay=22845 | samples/sec=5.659
Episode 307 complete | agent_samples=22855 | env_steps=15851 | episode_env_steps=5 | episode_agent_samples=10 | mean_reward=-90.463 | success=0/2 | collision=2/2 | mean_final_distance=1.989 | mean_progress=0.1351 | min_laser=0.300 | mean_lin=0.988 | mean_ang=1.000 | mean_robot_dist=0.499 | raw_reward=-100.000 | adjusted_reward=-100.000 | coop_agents=2/2 | mean_coop_neighbors=1.00 | active_neighbor_step_rate=1.000 | mean_active_neighbors_step=1.000 | max_active_neighbors_step=1 | interaction_reward=0.0000 | abs_interaction_reward=0.0000 | anti_stag_reward=0.0000 | abs_anti_stag_reward=0.0000 | wall_clear_reward=0.0000 | abs_wall_clear_reward=0.0000 | local_nav_reward=0.0000 | abs_local_nav_reward=0.0000 | context_neighbors_mean=1.00 | context_neighbors_max=1 | last_context_neighbors_mean=0.00 | last_context_neighbors_max=0 | actor_unlocked=1 | expl_noise=0.0405 | replay=22855 | samples/sec=5.659
Episode 308 complete | agent_samples=22919 | env_steps=15889 | episode_env_steps=38 | episode_agent_samples=64 | mean_reward=159.957 | success=2/2 | collision=0/2 | mean_final_distance=0.277 | mean_progress=0.0236 | min_laser=0.954 | mean_lin=1.000 | mean_ang=-0.141 | mean_robot_dist=4.174 | raw_reward=50.000 | adjusted_reward=50.000 | coop_agents=0/2 | mean_coop_neighbors=0.00 | active_neighbor_step_rate=0.359 | mean_active_neighbors_step=0.359 | max_active_neighbors_step=1 | interaction_reward=0.0000 | abs_interaction_reward=0.0000 | anti_stag_reward=0.0000 | abs_anti_stag_reward=0.0000 | wall_clear_reward=0.0000 | abs_wall_clear_reward=0.0000 | local_nav_reward=0.0000 | abs_local_nav_reward=0.0000 | context_neighbors_mean=0.39 | context_neighbors_max=1 | last_context_neighbors_mean=0.00 | last_context_neighbors_max=0 | actor_unlocked=1 | expl_noise=0.0405 | replay=22919 | samples/sec=5.664
Episode 309 complete | agent_samples=22965 | env_steps=15912 | episode_env_steps=23 | episode_agent_samples=46 | mean_reward=148.923 | success=2/2 | collision=0/2 | mean_final_distance=0.253 | mean_progress=0.1556 | min_laser=0.426 | mean_lin=0.986 | mean_ang=0.574 | mean_robot_dist=2.617 | raw_reward=100.000 | adjusted_reward=100.000 | coop_agents=0/2 | mean_coop_neighbors=0.00 | active_neighbor_step_rate=0.587 | mean_active_neighbors_step=0.587 | max_active_neighbors_step=1 | interaction_reward=0.0000 | abs_interaction_reward=0.0000 | anti_stag_reward=0.0000 | abs_anti_stag_reward=0.0000 | wall_clear_reward=0.0000 | abs_wall_clear_reward=0.0000 | local_nav_reward=0.0000 | abs_local_nav_reward=0.0000 | context_neighbors_mean=0.63 | context_neighbors_max=1 | last_context_neighbors_mean=0.00 | last_context_neighbors_max=0 | actor_unlocked=1 | expl_noise=0.0405 | replay=22965 | samples/sec=5.668
Episode 310 complete | agent_samples=22993 | env_steps=15927 | episode_env_steps=15 | episode_agent_samples=28 | mean_reward=-70.576 | success=0/2 | collision=2/2 | mean_final_distance=1.444 | mean_progress=0.0093 | min_laser=0.301 | mean_lin=0.499 | mean_ang=-0.974 | mean_robot_dist=0.468 | raw_reward=-50.000 | adjusted_reward=-50.000 | coop_agents=0/2 | mean_coop_neighbors=0.00 | active_neighbor_step_rate=0.893 | mean_active_neighbors_step=0.893 | max_active_neighbors_step=1 | interaction_reward=0.0000 | abs_interaction_reward=0.0000 | anti_stag_reward=0.0000 | abs_anti_stag_reward=0.0000 | wall_clear_reward=0.0000 | abs_wall_clear_reward=0.0000 | local_nav_reward=0.0000 | abs_local_nav_reward=0.0000 | context_neighbors_mean=0.89 | context_neighbors_max=1 | last_context_neighbors_mean=0.00 | last_context_neighbors_max=0 | actor_unlocked=1 | expl_noise=0.0404 | replay=22993 | samples/sec=5.670
Status | epoch=2 | next_eval_in=1007 agent_samples | checkpoint_every=10 episodes | checkpoint=./checkpoints/pair_interaction_pilot_s20260724_latest.pt | model=pair_interaction_pilot_s20260724
Checkpoint saved: ./checkpoints/pair_interaction_pilot_s20260724_latest.pt
Episode 311 complete | agent_samples=23050 | env_steps=15957 | episode_env_steps=30 | episode_agent_samples=57 | mean_reward=162.220 | success=2/2 | collision=0/2 | mean_final_distance=0.267 | mean_progress=0.0519 | min_laser=0.933 | mean_lin=1.000 | mean_ang=0.000 | mean_robot_dist=2.874 | raw_reward=50.000 | adjusted_reward=50.000 | coop_agents=0/2 | mean_coop_neighbors=0.00 | active_neighbor_step_rate=0.561 | mean_active_neighbors_step=0.561 | max_active_neighbors_step=1 | interaction_reward=0.0000 | abs_interaction_reward=0.0000 | anti_stag_reward=0.0000 | abs_anti_stag_reward=0.0000 | wall_clear_reward=0.0000 | abs_wall_clear_reward=0.0000 | local_nav_reward=0.0000 | abs_local_nav_reward=0.0000 | context_neighbors_mean=0.60 | context_neighbors_max=1 | last_context_neighbors_mean=0.00 | last_context_neighbors_max=0 | actor_unlocked=1 | expl_noise=0.0404 | replay=23050 | samples/sec=5.674
Episode 312 complete | agent_samples=23076 | env_steps=15970 | episode_env_steps=13 | episode_agent_samples=26 | mean_reward=-74.422 | success=0/2 | collision=2/2 | mean_final_distance=1.655 | mean_progress=0.0963 | min_laser=0.315 | mean_lin=0.991 | mean_ang=0.054 | mean_robot_dist=0.522 | raw_reward=-100.000 | adjusted_reward=-100.000 | coop_agents=2/2 | mean_coop_neighbors=1.00 | active_neighbor_step_rate=1.000 | mean_active_neighbors_step=1.000 | max_active_neighbors_step=1 | interaction_reward=0.0000 | abs_interaction_reward=0.0000 | anti_stag_reward=0.0000 | abs_anti_stag_reward=0.0000 | wall_clear_reward=0.0000 | abs_wall_clear_reward=0.0000 | local_nav_reward=0.0000 | abs_local_nav_reward=0.0000 | context_neighbors_mean=1.00 | context_neighbors_max=1 | last_context_neighbors_mean=0.00 | last_context_neighbors_max=0 | actor_unlocked=1 | expl_noise=0.0404 | replay=23076 | samples/sec=5.677
Episode 313 complete | agent_samples=23123 | env_steps=15996 | episode_env_steps=26 | episode_agent_samples=47 | mean_reward=151.808 | success=2/2 | collision=0/2 | mean_final_distance=0.237 | mean_progress=0.0747 | min_laser=0.866 | mean_lin=1.000 | mean_ang=-0.593 | mean_robot_dist=3.018 | raw_reward=50.000 | adjusted_reward=50.000 | coop_agents=0/2 | mean_coop_neighbors=0.00 | active_neighbor_step_rate=0.574 | mean_active_neighbors_step=0.574 | max_active_neighbors_step=1 | interaction_reward=0.0000 | abs_interaction_reward=0.0000 | anti_stag_reward=0.0000 | abs_anti_stag_reward=0.0000 | wall_clear_reward=0.0000 | abs_wall_clear_reward=0.0000 | local_nav_reward=0.0000 | abs_local_nav_reward=0.0000 | context_neighbors_mean=0.62 | context_neighbors_max=1 | last_context_neighbors_mean=0.00 | last_context_neighbors_max=0 | actor_unlocked=1 | expl_noise=0.0404 | replay=23123 | samples/sec=5.680
Episode 314 complete | agent_samples=23173 | env_steps=16029 | episode_env_steps=33 | episode_agent_samples=50 | mean_reward=33.972 | success=1/2 | collision=1/2 | mean_final_distance=0.962 | mean_progress=0.0791 | min_laser=0.319 | mean_lin=1.000 | mean_ang=0.000 | mean_robot_dist=1.584 | raw_reward=50.000 | adjusted_reward=50.000 | coop_agents=0/2 | mean_coop_neighbors=0.00 | active_neighbor_step_rate=0.680 | mean_active_neighbors_step=0.680 | max_active_neighbors_step=1 | interaction_reward=0.0000 | abs_interaction_reward=0.0000 | anti_stag_reward=0.0000 | abs_anti_stag_reward=0.0000 | wall_clear_reward=0.0000 | abs_wall_clear_reward=0.0000 | local_nav_reward=0.0000 | abs_local_nav_reward=0.0000 | context_neighbors_mean=0.68 | context_neighbors_max=1 | last_context_neighbors_mean=0.00 | last_context_neighbors_max=0 | actor_unlocked=1 | expl_noise=0.0404 | replay=23173 | samples/sec=5.683
Episode 315 complete | agent_samples=23188 | env_steps=16037 | episode_env_steps=8 | episode_agent_samples=15 | mean_reward=-86.502 | success=0/2 | collision=2/2 | mean_final_distance=2.284 | mean_progress=0.0686 | min_laser=0.300 | mean_lin=1.000 | mean_ang=0.958 | mean_robot_dist=0.468 | raw_reward=-50.000 | adjusted_reward=-50.000 | coop_agents=0/2 | mean_coop_neighbors=0.00 | active_neighbor_step_rate=0.933 | mean_active_neighbors_step=0.933 | max_active_neighbors_step=1 | interaction_reward=0.0000 | abs_interaction_reward=0.0000 | anti_stag_reward=0.0000 | abs_anti_stag_reward=0.0000 | wall_clear_reward=0.0000 | abs_wall_clear_reward=0.0000 | local_nav_reward=0.0000 | abs_local_nav_reward=0.0000 | context_neighbors_mean=0.93 | context_neighbors_max=1 | last_context_neighbors_mean=0.00 | last_context_neighbors_max=0 | actor_unlocked=1 | expl_noise=0.0404 | replay=23188 | samples/sec=5.684
Status | epoch=2 | next_eval_in=812 agent_samples | checkpoint_every=10 episodes | checkpoint=./checkpoints/pair_interaction_pilot_s20260724_latest.pt | model=pair_interaction_pilot_s20260724
Episode 316 complete | agent_samples=23202 | env_steps=16044 | episode_env_steps=7 | episode_agent_samples=14 | mean_reward=-85.875 | success=0/2 | collision=2/2 | mean_final_distance=1.845 | mean_progress=0.1544 | min_laser=0.310 | mean_lin=0.996 | mean_ang=-0.019 | mean_robot_dist=0.519 | raw_reward=-100.000 | adjusted_reward=-100.000 | coop_agents=2/2 | mean_coop_neighbors=1.00 | active_neighbor_step_rate=1.000 | mean_active_neighbors_step=1.000 | max_active_neighbors_step=1 | interaction_reward=0.0000 | abs_interaction_reward=0.0000 | anti_stag_reward=0.0000 | abs_anti_stag_reward=0.0000 | wall_clear_reward=0.0000 | abs_wall_clear_reward=0.0000 | local_nav_reward=0.0000 | abs_local_nav_reward=0.0000 | context_neighbors_mean=1.00 | context_neighbors_max=1 | last_context_neighbors_mean=0.00 | last_context_neighbors_max=0 | actor_unlocked=1 | expl_noise=0.0404 | replay=23202 | samples/sec=5.685
Episode 317 complete | agent_samples=23231 | env_steps=16059 | episode_env_steps=15 | episode_agent_samples=29 | mean_reward=-67.729 | success=0/2 | collision=2/2 | mean_final_distance=1.728 | mean_progress=0.0683 | min_laser=0.327 | mean_lin=0.672 | mean_ang=-0.874 | mean_robot_dist=0.453 | raw_reward=-50.000 | adjusted_reward=-50.000 | coop_agents=0/2 | mean_coop_neighbors=0.00 | active_neighbor_step_rate=0.931 | mean_active_neighbors_step=0.931 | max_active_neighbors_step=1 | interaction_reward=0.0000 | abs_interaction_reward=0.0000 | anti_stag_reward=0.0000 | abs_anti_stag_reward=0.0000 | wall_clear_reward=0.0000 | abs_wall_clear_reward=0.0000 | local_nav_reward=0.0000 | abs_local_nav_reward=0.0000 | context_neighbors_mean=0.93 | context_neighbors_max=1 | last_context_neighbors_mean=0.00 | last_context_neighbors_max=0 | actor_unlocked=1 | expl_noise=0.0404 | replay=23231 | samples/sec=5.687
Episode 318 complete | agent_samples=23243 | env_steps=16065 | episode_env_steps=6 | episode_agent_samples=12 | mean_reward=-89.220 | success=0/2 | collision=2/2 | mean_final_distance=1.956 | mean_progress=0.1458 | min_laser=0.300 | mean_lin=0.999 | mean_ang=0.000 | mean_robot_dist=0.475 | raw_reward=-100.000 | adjusted_reward=-100.000 | coop_agents=2/2 | mean_coop_neighbors=1.00 | active_neighbor_step_rate=1.000 | mean_active_neighbors_step=1.000 | max_active_neighbors_step=1 | interaction_reward=0.0000 | abs_interaction_reward=0.0000 | anti_stag_reward=0.0000 | abs_anti_stag_reward=0.0000 | wall_clear_reward=0.0000 | abs_wall_clear_reward=0.0000 | local_nav_reward=0.0000 | abs_local_nav_reward=0.0000 | context_neighbors_mean=1.00 | context_neighbors_max=1 | last_context_neighbors_mean=0.00 | last_context_neighbors_max=0 | actor_unlocked=1 | expl_noise=0.0404 | replay=23243 | samples/sec=5.688
Episode 319 complete | agent_samples=23280 | env_steps=16087 | episode_env_steps=22 | episode_agent_samples=37 | mean_reward=36.935 | success=1/2 | collision=1/2 | mean_final_distance=1.008 | mean_progress=0.0644 | min_laser=0.304 | mean_lin=0.504 | mean_ang=-0.662 | mean_robot_dist=0.899 | raw_reward=50.000 | adjusted_reward=50.000 | coop_agents=0/2 | mean_coop_neighbors=0.00 | active_neighbor_step_rate=0.811 | mean_active_neighbors_step=0.811 | max_active_neighbors_step=1 | interaction_reward=0.0000 | abs_interaction_reward=0.0000 | anti_stag_reward=0.0000 | abs_anti_stag_reward=0.0000 | wall_clear_reward=0.0000 | abs_wall_clear_reward=0.0000 | local_nav_reward=0.0000 | abs_local_nav_reward=0.0000 | context_neighbors_mean=0.81 | context_neighbors_max=1 | last_context_neighbors_mean=0.00 | last_context_neighbors_max=0 | actor_unlocked=1 | expl_noise=0.0403 | replay=23280 | samples/sec=5.691
Episode 320 complete | agent_samples=23299 | env_steps=16097 | episode_env_steps=10 | episode_agent_samples=19 | mean_reward=-81.748 | success=0/2 | collision=2/2 | mean_final_distance=1.985 | mean_progress=0.0857 | min_laser=0.312 | mean_lin=1.000 | mean_ang=-0.989 | mean_robot_dist=0.494 | raw_reward=-50.000 | adjusted_reward=-50.000 | coop_agents=0/2 | mean_coop_neighbors=0.00 | active_neighbor_step_rate=0.947 | mean_active_neighbors_step=0.947 | max_active_neighbors_step=1 | interaction_reward=0.0000 | abs_interaction_reward=0.0000 | anti_stag_reward=0.0000 | abs_anti_stag_reward=0.0000 | wall_clear_reward=0.0000 | abs_wall_clear_reward=0.0000 | local_nav_reward=0.0000 | abs_local_nav_reward=0.0000 | context_neighbors_mean=0.95 | context_neighbors_max=1 | last_context_neighbors_mean=0.00 | last_context_neighbors_max=0 | actor_unlocked=1 | expl_noise=0.0403 | replay=23299 | samples/sec=5.692
Status | epoch=2 | next_eval_in=701 agent_samples | checkpoint_every=10 episodes | checkpoint=./checkpoints/pair_interaction_pilot_s20260724_latest.pt | model=pair_interaction_pilot_s20260724
Checkpoint saved: ./checkpoints/pair_interaction_pilot_s20260724_latest.pt
Episode 321 complete | agent_samples=23320 | env_steps=16108 | episode_env_steps=11 | episode_agent_samples=21 | mean_reward=-76.483 | success=0/2 | collision=2/2 | mean_final_distance=1.836 | mean_progress=0.0650 | min_laser=0.300 | mean_lin=1.000 | mean_ang=-0.500 | mean_robot_dist=0.482 | raw_reward=-50.000 | adjusted_reward=-50.000 | coop_agents=0/2 | mean_coop_neighbors=0.00 | active_neighbor_step_rate=0.952 | mean_active_neighbors_step=0.952 | max_active_neighbors_step=1 | interaction_reward=0.0000 | abs_interaction_reward=0.0000 | anti_stag_reward=0.0000 | abs_anti_stag_reward=0.0000 | wall_clear_reward=0.0000 | abs_wall_clear_reward=0.0000 | local_nav_reward=0.0000 | abs_local_nav_reward=0.0000 | context_neighbors_mean=0.95 | context_neighbors_max=1 | last_context_neighbors_mean=0.00 | last_context_neighbors_max=0 | actor_unlocked=1 | expl_noise=0.0403 | replay=23320 | samples/sec=5.693
Episode 322 complete | agent_samples=23429 | env_steps=16191 | episode_env_steps=83 | episode_agent_samples=109 | mean_reward=155.613 | success=2/2 | collision=0/2 | mean_final_distance=0.278 | mean_progress=0.0295 | min_laser=0.980 | mean_lin=0.995 | mean_ang=-0.999 | mean_robot_dist=4.124 | raw_reward=50.000 | adjusted_reward=50.000 | coop_agents=0/2 | mean_coop_neighbors=0.00 | active_neighbor_step_rate=0.202 | mean_active_neighbors_step=0.202 | max_active_neighbors_step=1 | interaction_reward=0.0000 | abs_interaction_reward=0.0000 | anti_stag_reward=0.0000 | abs_anti_stag_reward=0.0000 | wall_clear_reward=0.0000 | abs_wall_clear_reward=0.0000 | local_nav_reward=0.0000 | abs_local_nav_reward=0.0000 | context_neighbors_mean=0.22 | context_neighbors_max=1 | last_context_neighbors_mean=0.00 | last_context_neighbors_max=0 | actor_unlocked=1 | expl_noise=0.0403 | replay=23429 | samples/sec=5.695
Episode 323 complete | agent_samples=23458 | env_steps=16206 | episode_env_steps=15 | episode_agent_samples=29 | mean_reward=-68.392 | success=0/2 | collision=2/2 | mean_final_distance=1.615 | mean_progress=0.0551 | min_laser=0.300 | mean_lin=0.973 | mean_ang=-0.982 | mean_robot_dist=0.454 | raw_reward=-50.000 | adjusted_reward=-50.000 | coop_agents=0/2 | mean_coop_neighbors=0.00 | active_neighbor_step_rate=0.966 | mean_active_neighbors_step=0.966 | max_active_neighbors_step=1 | interaction_reward=0.0000 | abs_interaction_reward=0.0000 | anti_stag_reward=0.0000 | abs_anti_stag_reward=0.0000 | wall_clear_reward=0.0000 | abs_wall_clear_reward=0.0000 | local_nav_reward=0.0000 | abs_local_nav_reward=0.0000 | context_neighbors_mean=0.97 | context_neighbors_max=1 | last_context_neighbors_mean=0.00 | last_context_neighbors_max=0 | actor_unlocked=1 | expl_noise=0.0403 | replay=23458 | samples/sec=5.697
Episode 324 complete | agent_samples=23491 | env_steps=16228 | episode_env_steps=22 | episode_agent_samples=33 | mean_reward=33.572 | success=1/2 | collision=1/2 | mean_final_distance=1.174 | mean_progress=0.0592 | min_laser=0.325 | mean_lin=0.519 | mean_ang=0.029 | mean_robot_dist=1.912 | raw_reward=50.000 | adjusted_reward=50.000 | coop_agents=0/2 | mean_coop_neighbors=0.00 | active_neighbor_step_rate=0.667 | mean_active_neighbors_step=0.667 | max_active_neighbors_step=1 | interaction_reward=0.0000 | abs_interaction_reward=0.0000 | anti_stag_reward=0.0000 | abs_anti_stag_reward=0.0000 | wall_clear_reward=0.0000 | abs_wall_clear_reward=0.0000 | local_nav_reward=0.0000 | abs_local_nav_reward=0.0000 | context_neighbors_mean=0.67 | context_neighbors_max=1 | last_context_neighbors_mean=0.00 | last_context_neighbors_max=0 | actor_unlocked=1 | expl_noise=0.0403 | replay=23491 | samples/sec=5.699
Episode 325 complete | agent_samples=23580 | env_steps=16287 | episode_env_steps=59 | episode_agent_samples=89 | mean_reward=148.374 | success=2/2 | collision=0/2 | mean_final_distance=0.249 | mean_progress=0.0522 | min_laser=0.644 | mean_lin=0.513 | mean_ang=0.000 | mean_robot_dist=1.926 | raw_reward=50.000 | adjusted_reward=50.000 | coop_agents=0/2 | mean_coop_neighbors=0.00 | active_neighbor_step_rate=0.371 | mean_active_neighbors_step=0.371 | max_active_neighbors_step=1 | interaction_reward=0.0000 | abs_interaction_reward=0.0000 | anti_stag_reward=0.0000 | abs_anti_stag_reward=0.0000 | wall_clear_reward=0.0000 | abs_wall_clear_reward=0.0000 | local_nav_reward=0.0000 | abs_local_nav_reward=0.0000 | context_neighbors_mean=0.39 | context_neighbors_max=1 | last_context_neighbors_mean=0.00 | last_context_neighbors_max=0 | actor_unlocked=1 | expl_noise=0.0402 | replay=23580 | samples/sec=5.703
Status | epoch=2 | next_eval_in=420 agent_samples | checkpoint_every=10 episodes | checkpoint=./checkpoints/pair_interaction_pilot_s20260724_latest.pt | model=pair_interaction_pilot_s20260724
Episode 326 complete | agent_samples=23614 | env_steps=16310 | episode_env_steps=23 | episode_agent_samples=34 | mean_reward=49.722 | success=1/2 | collision=1/2 | mean_final_distance=1.107 | mean_progress=0.0786 | min_laser=0.335 | mean_lin=0.498 | mean_ang=-0.020 | mean_robot_dist=1.817 | raw_reward=50.000 | adjusted_reward=50.000 | coop_agents=0/2 | mean_coop_neighbors=0.00 | active_neighbor_step_rate=0.588 | mean_active_neighbors_step=0.588 | max_active_neighbors_step=1 | interaction_reward=0.0000 | abs_interaction_reward=0.0000 | anti_stag_reward=0.0000 | abs_anti_stag_reward=0.0000 | wall_clear_reward=0.0000 | abs_wall_clear_reward=0.0000 | local_nav_reward=0.0000 | abs_local_nav_reward=0.0000 | context_neighbors_mean=0.62 | context_neighbors_max=1 | last_context_neighbors_mean=0.00 | last_context_neighbors_max=0 | actor_unlocked=1 | expl_noise=0.0402 | replay=23614 | samples/sec=5.704
Episode 327 complete | agent_samples=23673 | env_steps=16345 | episode_env_steps=35 | episode_agent_samples=59 | mean_reward=156.699 | success=2/2 | collision=0/2 | mean_final_distance=0.227 | mean_progress=0.0168 | min_laser=0.677 | mean_lin=0.983 | mean_ang=-0.205 | mean_robot_dist=3.879 | raw_reward=50.000 | adjusted_reward=50.000 | coop_agents=0/2 | mean_coop_neighbors=0.00 | active_neighbor_step_rate=0.441 | mean_active_neighbors_step=0.441 | max_active_neighbors_step=1 | interaction_reward=0.0000 | abs_interaction_reward=0.0000 | anti_stag_reward=0.0000 | abs_anti_stag_reward=0.0000 | wall_clear_reward=0.0000 | abs_wall_clear_reward=0.0000 | local_nav_reward=0.0000 | abs_local_nav_reward=0.0000 | context_neighbors_mean=0.47 | context_neighbors_max=1 | last_context_neighbors_mean=0.00 | last_context_neighbors_max=0 | actor_unlocked=1 | expl_noise=0.0402 | replay=23673 | samples/sec=5.707
Episode 328 complete | agent_samples=23697 | env_steps=16357 | episode_env_steps=12 | episode_agent_samples=24 | mean_reward=-74.646 | success=0/2 | collision=2/2 | mean_final_distance=1.802 | mean_progress=0.1222 | min_laser=0.311 | mean_lin=0.741 | mean_ang=0.009 | mean_robot_dist=0.605 | raw_reward=-100.000 | adjusted_reward=-100.000 | coop_agents=2/2 | mean_coop_neighbors=1.00 | active_neighbor_step_rate=1.000 | mean_active_neighbors_step=1.000 | max_active_neighbors_step=1 | interaction_reward=0.0000 | abs_interaction_reward=0.0000 | anti_stag_reward=0.0000 | abs_anti_stag_reward=0.0000 | wall_clear_reward=0.0000 | abs_wall_clear_reward=0.0000 | local_nav_reward=0.0000 | abs_local_nav_reward=0.0000 | context_neighbors_mean=1.00 | context_neighbors_max=1 | last_context_neighbors_mean=0.00 | last_context_neighbors_max=0 | actor_unlocked=1 | expl_noise=0.0402 | replay=23697 | samples/sec=5.710
Episode 329 complete | agent_samples=23709 | env_steps=16363 | episode_env_steps=6 | episode_agent_samples=12 | mean_reward=-89.195 | success=0/2 | collision=2/2 | mean_final_distance=2.457 | mean_progress=0.1297 | min_laser=0.300 | mean_lin=1.000 | mean_ang=0.000 | mean_robot_dist=0.445 | raw_reward=-100.000 | adjusted_reward=-100.000 | coop_agents=2/2 | mean_coop_neighbors=1.00 | active_neighbor_step_rate=1.000 | mean_active_neighbors_step=1.000 | max_active_neighbors_step=1 | interaction_reward=0.0000 | abs_interaction_reward=0.0000 | anti_stag_reward=0.0000 | abs_anti_stag_reward=0.0000 | wall_clear_reward=0.0000 | abs_wall_clear_reward=0.0000 | local_nav_reward=0.0000 | abs_local_nav_reward=0.0000 | context_neighbors_mean=1.00 | context_neighbors_max=1 | last_context_neighbors_mean=0.00 | last_context_neighbors_max=0 | actor_unlocked=1 | expl_noise=0.0402 | replay=23709 | samples/sec=5.710
Episode 330 complete | agent_samples=23756 | env_steps=16387 | episode_env_steps=24 | episode_agent_samples=47 | mean_reward=152.257 | success=2/2 | collision=0/2 | mean_final_distance=0.263 | mean_progress=0.0279 | min_laser=0.860 | mean_lin=0.977 | mean_ang=0.026 | mean_robot_dist=3.349 | raw_reward=50.000 | adjusted_reward=50.000 | coop_agents=0/2 | mean_coop_neighbors=0.00 | active_neighbor_step_rate=0.404 | mean_active_neighbors_step=0.404 | max_active_neighbors_step=1 | interaction_reward=0.0000 | abs_interaction_reward=0.0000 | anti_stag_reward=0.0000 | abs_anti_stag_reward=0.0000 | wall_clear_reward=0.0000 | abs_wall_clear_reward=0.0000 | local_nav_reward=0.0000 | abs_local_nav_reward=0.0000 | context_neighbors_mean=0.45 | context_neighbors_max=1 | last_context_neighbors_mean=0.00 | last_context_neighbors_max=0 | actor_unlocked=1 | expl_noise=0.0402 | replay=23756 | samples/sec=5.714
Status | epoch=2 | next_eval_in=244 agent_samples | checkpoint_every=10 episodes | checkpoint=./checkpoints/pair_interaction_pilot_s20260724_latest.pt | model=pair_interaction_pilot_s20260724
Checkpoint saved: ./checkpoints/pair_interaction_pilot_s20260724_latest.pt
Episode 331 complete | agent_samples=23766 | env_steps=16392 | episode_env_steps=5 | episode_agent_samples=10 | mean_reward=-91.106 | success=0/2 | collision=2/2 | mean_final_distance=2.022 | mean_progress=0.1541 | min_laser=0.300 | mean_lin=0.998 | mean_ang=-0.011 | mean_robot_dist=0.478 | raw_reward=-100.000 | adjusted_reward=-100.000 | coop_agents=2/2 | mean_coop_neighbors=1.00 | active_neighbor_step_rate=1.000 | mean_active_neighbors_step=1.000 | max_active_neighbors_step=1 | interaction_reward=0.0000 | abs_interaction_reward=0.0000 | anti_stag_reward=0.0000 | abs_anti_stag_reward=0.0000 | wall_clear_reward=0.0000 | abs_wall_clear_reward=0.0000 | local_nav_reward=0.0000 | abs_local_nav_reward=0.0000 | context_neighbors_mean=1.00 | context_neighbors_max=1 | last_context_neighbors_mean=0.00 | last_context_neighbors_max=0 | actor_unlocked=1 | expl_noise=0.0402 | replay=23766 | samples/sec=5.714
Episode 332 complete | agent_samples=23831 | env_steps=16432 | episode_env_steps=40 | episode_agent_samples=65 | mean_reward=157.631 | success=2/2 | collision=0/2 | mean_final_distance=0.261 | mean_progress=0.0219 | min_laser=0.913 | mean_lin=1.000 | mean_ang=-0.964 | mean_robot_dist=3.908 | raw_reward=50.000 | adjusted_reward=50.000 | coop_agents=0/2 | mean_coop_neighbors=0.00 | active_neighbor_step_rate=0.354 | mean_active_neighbors_step=0.354 | max_active_neighbors_step=1 | interaction_reward=0.0000 | abs_interaction_reward=0.0000 | anti_stag_reward=0.0000 | abs_anti_stag_reward=0.0000 | wall_clear_reward=0.0000 | abs_wall_clear_reward=0.0000 | local_nav_reward=0.0000 | abs_local_nav_reward=0.0000 | context_neighbors_mean=0.38 | context_neighbors_max=1 | last_context_neighbors_mean=0.00 | last_context_neighbors_max=0 | actor_unlocked=1 | expl_noise=0.0401 | replay=23831 | samples/sec=5.718
Episode 333 complete | agent_samples=23845 | env_steps=16439 | episode_env_steps=7 | episode_agent_samples=14 | mean_reward=-87.219 | success=0/2 | collision=2/2 | mean_final_distance=1.844 | mean_progress=0.1483 | min_laser=0.300 | mean_lin=1.000 | mean_ang=0.975 | mean_robot_dist=0.438 | raw_reward=-100.000 | adjusted_reward=-100.000 | coop_agents=2/2 | mean_coop_neighbors=1.00 | active_neighbor_step_rate=1.000 | mean_active_neighbors_step=1.000 | max_active_neighbors_step=1 | interaction_reward=0.0000 | abs_interaction_reward=0.0000 | anti_stag_reward=0.0000 | abs_anti_stag_reward=0.0000 | wall_clear_reward=0.0000 | abs_wall_clear_reward=0.0000 | local_nav_reward=0.0000 | abs_local_nav_reward=0.0000 | context_neighbors_mean=1.00 | context_neighbors_max=1 | last_context_neighbors_mean=0.00 | last_context_neighbors_max=0 | actor_unlocked=1 | expl_noise=0.0401 | replay=23845 | samples/sec=5.719
Episode 334 complete | agent_samples=23918 | env_steps=16487 | episode_env_steps=48 | episode_agent_samples=73 | mean_reward=165.439 | success=2/2 | collision=0/2 | mean_final_distance=0.231 | mean_progress=0.0426 | min_laser=0.437 | mean_lin=0.990 | mean_ang=-0.021 | mean_robot_dist=2.516 | raw_reward=50.000 | adjusted_reward=50.000 | coop_agents=0/2 | mean_coop_neighbors=0.00 | active_neighbor_step_rate=0.397 | mean_active_neighbors_step=0.397 | max_active_neighbors_step=1 | interaction_reward=0.0000 | abs_interaction_reward=0.0000 | anti_stag_reward=0.0000 | abs_anti_stag_reward=0.0000 | wall_clear_reward=0.0000 | abs_wall_clear_reward=0.0000 | local_nav_reward=0.0000 | abs_local_nav_reward=0.0000 | context_neighbors_mean=0.41 | context_neighbors_max=1 | last_context_neighbors_mean=0.00 | last_context_neighbors_max=0 | actor_unlocked=1 | expl_noise=0.0401 | replay=23918 | samples/sec=5.722
Episode 335 complete | agent_samples=23982 | env_steps=16525 | episode_env_steps=38 | episode_agent_samples=64 | mean_reward=159.439 | success=2/2 | collision=0/2 | mean_final_distance=0.280 | mean_progress=0.0229 | min_laser=0.806 | mean_lin=0.992 | mean_ang=-0.979 | mean_robot_dist=4.165 | raw_reward=50.000 | adjusted_reward=50.000 | coop_agents=0/2 | mean_coop_neighbors=0.00 | active_neighbor_step_rate=0.359 | mean_active_neighbors_step=0.359 | max_active_neighbors_step=1 | interaction_reward=0.0000 | abs_interaction_reward=0.0000 | anti_stag_reward=0.0000 | abs_anti_stag_reward=0.0000 | wall_clear_reward=0.0000 | abs_wall_clear_reward=0.0000 | local_nav_reward=0.0000 | abs_local_nav_reward=0.0000 | context_neighbors_mean=0.39 | context_neighbors_max=1 | last_context_neighbors_mean=0.00 | last_context_neighbors_max=0 | actor_unlocked=1 | expl_noise=0.0401 | replay=23982 | samples/sec=5.727
Status | epoch=2 | next_eval_in=18 agent_samples | checkpoint_every=10 episodes | checkpoint=./checkpoints/pair_interaction_pilot_s20260724_latest.pt | model=pair_interaction_pilot_s20260724
Episode 336 complete | agent_samples=23994 | env_steps=16531 | episode_env_steps=6 | episode_agent_samples=12 | mean_reward=-90.004 | success=0/2 | collision=2/2 | mean_final_distance=1.992 | mean_progress=0.1204 | min_laser=0.300 | mean_lin=0.999 | mean_ang=0.073 | mean_robot_dist=0.559 | raw_reward=-100.000 | adjusted_reward=-100.000 | coop_agents=2/2 | mean_coop_neighbors=1.00 | active_neighbor_step_rate=1.000 | mean_active_neighbors_step=1.000 | max_active_neighbors_step=1 | interaction_reward=0.0000 | abs_interaction_reward=0.0000 | anti_stag_reward=0.0000 | abs_anti_stag_reward=0.0000 | wall_clear_reward=0.0000 | abs_wall_clear_reward=0.0000 | local_nav_reward=0.0000 | abs_local_nav_reward=0.0000 | context_neighbors_mean=1.00 | context_neighbors_max=1 | last_context_neighbors_mean=0.00 | last_context_neighbors_max=0 | actor_unlocked=1 | expl_noise=0.0401 | replay=23994 | samples/sec=5.728
Episode 337 complete | agent_samples=24059 | env_steps=16568 | episode_env_steps=37 | episode_agent_samples=65 | mean_reward=149.485 | success=2/2 | collision=0/2 | mean_final_distance=0.292 | mean_progress=0.0198 | min_laser=0.435 | mean_lin=0.989 | mean_ang=-0.026 | mean_robot_dist=2.340 | raw_reward=50.000 | adjusted_reward=50.000 | coop_agents=0/2 | mean_coop_neighbors=0.00 | active_neighbor_step_rate=0.462 | mean_active_neighbors_step=0.462 | max_active_neighbors_step=1 | interaction_reward=0.0000 | abs_interaction_reward=0.0000 | anti_stag_reward=0.0000 | abs_anti_stag_reward=0.0000 | wall_clear_reward=0.0000 | abs_wall_clear_reward=0.0000 | local_nav_reward=0.0000 | abs_local_nav_reward=0.0000 | context_neighbors_mean=0.49 | context_neighbors_max=1 | last_context_neighbors_mean=0.00 | last_context_neighbors_max=0 | actor_unlocked=1 | expl_noise=0.0401 | replay=24059 | samples/sec=5.732
Validating multi-agent policy at agent_samples=24059 env_steps=16568
Manifest switched: pair-interaction-curriculum-v1-validation | scenarios=30 | sampling=cycle | path=/home/jiutian/Local-Critic-Multi-Robot-Navigation-gate/experiments/04_保留专门化/05_论文主线/datasets/pair_interaction_curriculum_v1/validation.json.gz
Validation progress | epoch=2 | episodes=10/30 | success_rate=0.350 | collision_rate=0.650 | full_success_rate=0.300 | timeout_rate=0.000
Validation progress | epoch=2 | episodes=20/30 | success_rate=0.400 | collision_rate=0.600 | full_success_rate=0.350 | timeout_rate=0.000
Validation progress | epoch=2 | episodes=30/30 | success_rate=0.400 | collision_rate=0.600 | full_success_rate=0.367 | timeout_rate=0.000
..............................................
Multi-Agent Eval Epoch 2 | avg_reward=15.229 | success_rate=0.400 | collision_rate=0.600 | unresolved_rate=0.000 | full_success_rate=0.367 | timeout_episode_rate=0.000 | avg_env_steps=20.9 | avg_final_distance=1.092
Eval success_hist 0..N: [17, 2, 11]
Eval collision_hist 0..N: [11, 2, 17]
Eval interaction stratum | band=crossing | episodes=10 | success_rate=0.150 | collision_rate=0.850 | unresolved_rate=0.000 | full_success_rate=0.100 | timeout_rate=0.000 | avg_steps=16.5
Eval interaction stratum | band=head_on | episodes=10 | success_rate=1.000 | collision_rate=0.000 | unresolved_rate=0.000 | full_success_rate=1.000 | timeout_rate=0.000 | avg_steps=36.4
Eval interaction stratum | band=lane_swap | episodes=10 | success_rate=0.050 | collision_rate=0.950 | unresolved_rate=0.000 | full_success_rate=0.000 | timeout_rate=0.000 | avg_steps=9.7
..............................................
Manifest switched: pair-interaction-curriculum-v1-train | scenarios=90 | sampling=random | path=/home/jiutian/Local-Critic-Multi-Robot-Navigation-gate/experiments/04_保留专门化/05_论文主线/datasets/pair_interaction_curriculum_v1/train.json.gz
Epoch model snapshot saved: pair_interaction_pilot_s20260724_epoch_002
Checkpoint saved: ./checkpoints/pair_interaction_pilot_s20260724_latest.pt
Best checkpoint updated | epoch=2 | success_rate=0.400 | collision_rate=0.600 | full_success_rate=0.367 | unresolved_rate=0.000 | avg_reward=15.229 | metric=full_success | path=./checkpoints/pair_interaction_pilot_s20260724_best.pt
Next epoch will start from 3. Resume keeps this counter in ./checkpoints/pair_interaction_pilot_s20260724_latest.pt
Max epochs reached | completed_epochs=2 | max_epochs=2
Training stopped after reaching configured max epochs.
已终止
.178306440, 0.729000000]: Velodyne laser plugin missing <min_intensity>, defaults to no clipping
[INFO] [1784876478.178796468, 0.729000000]: Velodyne laser plugin ready, 16 lasers
[INFO] [1784876478.271247201, 0.729000000]: Starting plugin DiffDrive(ns = /r1/)
[DEBUG] [1784876478.271294672, 0.729000000]: DiffDrive(ns = /r1/): <rosDebugLevel> = Debug
[INFO] [1784876478.271347401, 0.729000000]: DiffDrive(ns = /r1/): <rosDebugLevel> = Debug
[INFO] [1784876478.272210711, 0.729000000]: DiffDrive(ns = /r1/): <tf_prefix> = 
[DEBUG] [1784876478.272275636, 0.729000000]: DiffDrive(ns = /r1/): <commandTopic> = cmd_vel
[DEBUG] [1784876478.272299590, 0.729000000]: DiffDrive(ns = /r1/): <odometryTopic> = odom
[DEBUG] [1784876478.272321725, 0.729000000]: DiffDrive(ns = /r1/): <odometryFrame> = odom
[DEBUG] [1784876478.272346636, 0.729000000]: DiffDrive(ns = /r1/): <robotBaseFrame> = base_link
[DEBUG] [1784876478.272374644, 0.729000000]: DiffDrive(ns = /r1/): <publishWheelTF> = false
[DEBUG] [1784876478.272394410, 0.729000000]: DiffDrive(ns = /r1/): <publishOdomTF> = false
[DEBUG] [1784876478.272419497, 0.729000000]: DiffDrive(ns = /r1/): <publishWheelJointState> = false
[DEBUG] [1784876478.272486597, 0.729000000]: DiffDrive(ns = /r1/): <wheelSeparation> = 0.29999999999999999
[DEBUG] [1784876478.272514057, 0.729000000]: DiffDrive(ns = /r1/): <wheelDiameter> = 0.17999999999999999
[DEBUG] [1784876478.272541801, 0.729000000]: DiffDrive(ns = /r1/): <wheelAcceleration> = 1.8
[DEBUG] [1784876478.272574805, 0.729000000]: DiffDrive(ns = /r1/): <wheelTorque> = 20
[DEBUG] [1784876478.272599025, 0.729000000]: DiffDrive(ns = /r1/): <updateRate> = 50
[DEBUG] [1784876478.272631815, 0.729000000]: DiffDrive(ns = /r1/): <odometrySource> = world := 1
[DEBUG] [1784876478.272653169, 0.729000000]: DiffDrive(ns = /r1/): <leftJoint> = left_hub_joint
[DEBUG] [1784876478.272679151, 0.729000000]: DiffDrive(ns = /r1/): <rightJoint> = right_hub_joint
[INFO] [1784876478.274746371, 0.729000000]: DiffDrive(ns = /r1/): Try to subscribe to cmd_vel
[INFO] [1784876478.277926557, 0.729000000]: DiffDrive(ns = /r1/): Subscribe to cmd_vel
[INFO] [1784876478.278593944, 0.729000000]: DiffDrive(ns = /r1/): Advertise odom on odom 
[INFO] [1784876478.278884061, 0.729000000]: GazeboRosJointStatePublisher is going to publish joint: chassis_swivel_joint
[INFO] [1784876478.278905339, 0.729000000]: GazeboRosJointStatePublisher is going to publish joint: swivel_wheel_joint
[INFO] [1784876478.278928200, 0.729000000]: GazeboRosJointStatePublisher is going to publish joint: left_hub_joint
[INFO] [1784876478.278949222, 0.729000000]: GazeboRosJointStatePublisher is going to publish joint: right_hub_joint
[INFO] [1784876478.278970212, 0.729000000]: Starting GazeboRosJointStatePublisher Plugin (ns = /r1/)!, parent name: r1
Error in XmlRpcClient::writeRequest: write error (Connection refused).
Error in XmlRpcDispatch::work: couldn't find source iterator
Error in XmlRpcClient::writeRequest: write error (Connection refused).
Error in XmlRpcDispatch::work: couldn't find source iterator
Error in XmlRpcClient::writeRequest: write error (Connection refused).
Error in XmlRpcDispatch::work: couldn't find source iterator
Error in XmlRpcClient::writeRequest: write error (Connection refused).
Error in XmlRpcDispatch::work: couldn't find source iterator
Error in XmlRpcClient::writeRequest: write error (Connection refused).
Error in XmlRpcDispatch::work: couldn't find source iterator
... logging to /home/jiutian/.ros/log/76158f7e-872d-11f1-a719-79b7e70ca52d/roslaunch-JiuTian-AI4090-2373700.log
Checking log directory for disk usage. This may take a while.
Press Ctrl-C to interrupt
Done checking log file disk usage. Usage is <1GB.
]2;roscore
[1mstarted roslaunch server http://localhost:38051/[0m
ros_comm version 1.17.4


SUMMARY
========

PARAMETERS
 * /rosdistro: noetic
 * /rosversion: 1.17.4

NODES

auto-starting new master
[1mprocess[master]: started with pid [2373710][0m
[1mROS_MASTER_URI=http://localhost:12603/[0m
]2;roscore http://localhost:12603/
[1msetting /run_id to 76158f7e-872d-11f1-a719-79b7e70ca52d[0m
[1mprocess[rosout-1]: started with pid [2373720][0m
started core service [/rosout]
[rosout-1] killing on exit
[master] killing on exit
shutting down processing monitor...
... shutting down processing monitor complete
[1mdone[0m
... logging to /home/jiutian/.ros/log/76158f7e-872d-11f1-a719-79b7e70ca52d/roslaunch-JiuTian-AI4090-2373731.log
Checking log directory for disk usage. This may take a while.
Press Ctrl-C to interrupt
Done checking log file disk usage. Usage is <1GB.
]2;/home/jiutian/Local-Critic-Multi-Robot-Navigation-gate/TD3/assets/multi_robot_scenario_multi_2.launch
[1mstarted roslaunch server http://localhost:35407/[0m

SUMMARY
========

PARAMETERS
 * /robot_description_r1: <?xml version="1....
 * /robot_description_r2: <?xml version="1....
 * /rosdistro: noetic
 * /rosversion: 1.17.4
 * /use_sim_time: True

NODES
  /
    gazebo (gazebo_ros/gzserver)
    urdf_spawner_r1 (gazebo_ros/spawn_model)
    urdf_spawner_r2 (gazebo_ros/spawn_model)

[1mROS_MASTER_URI=http://localhost:12603/[0m
]2;/home/jiutian/Local-Critic-Multi-Robot-Navigation-gate/TD3/assets/multi_robot_scenario_multi_2.launch http://localhost:12603/
[1mprocess[gazebo-1]: started with pid [2373814][0m
[1mprocess[urdf_spawner_r1-2]: started with pid [2373817][0m
[1mprocess[urdf_spawner_r2-3]: started with pid [2373820][0m
[1m[urdf_spawner_r2-3] process has finished cleanly
log file: /home/jiutian/.ros/log/76158f7e-872d-11f1-a719-79b7e70ca52d/urdf_spawner_r2-3*.log[0m
[1m[urdf_spawner_r1-2] process has finished cleanly
log file: /home/jiutian/.ros/log/76158f7e-872d-11f1-a719-79b7e70ca52d/urdf_spawner_r1-2*.log[0m
[gazebo-1] killing on exit
shutting down processing monitor...
... shutting down processing monitor complete
[1mdone[0m
