Activated DRL robot navigation Python environment.
Python: Python 3.8.10
Venv: /home/jiutian/venvs/drl-robot-nav
Fixed manifest enabled: 6000 scenarios loaded
Roscore launched!
Unable to register with master node [http://localhost:13801]: master may not be running yet. Will keep trying.
Gazebo launched!
INFO: cannot create a symlink to latest log directory: [Errno 2] No such file or directory: '/home/jiutian/.ros/log/latest'
INFO: cannot create a symlink to latest log directory: [Errno 2] No such file or directory: '/home/jiutian/.ros/log/latest'
[INFO] [1785424430.487948, 0.000000]: Loading model XML from ros parameter robot_description_r1
[INFO] [1785424430.490450, 0.000000]: Waiting for service /gazebo/spawn_urdf_model
[INFO] [1785424431.092765, 0.330000]: Calling service /gazebo/spawn_urdf_model
[INFO] [1785424431.907398, 0.370000]: Spawn status: SpawnModel: Successfully spawned entity
[WARN] [1785424432.022229188, 0.370000000]: GazeboRosDiffDrive Plugin (ns = ) missing <publishTf>, defaults to 1
[INFO] [1785424430.832807034]: Finished loading Gazebo ROS API Plugin.
[INFO] [1785424430.833459368]: waitForService: Service [/gazebo/set_physics_properties] has not been advertised, waiting...
[INFO] [1785424430.955746343]: waitForService: Service [/gazebo/set_physics_properties] is now available.
[INFO] [1785424430.961928452, 0.204000000]: Physics dynamic reconfigure ready.
[INFO] [1785424431.276434344, 0.370000000]: Laser Plugin: The 'robotNamespace' param was empty
[INFO] [1785424431.276456358, 0.370000000]: Starting Laser Plugin (ns = r1)
[INFO] [1785424431.277152399, 0.370000000]: Laser Plugin (ns = r1)  <tf_prefix_>, set to ""
[INFO] [1785424431.911339323, 0.370000000]: Velodyne laser plugin missing <min_intensity>, defaults to no clipping
[INFO] [1785424431.912166776, 0.370000000]: Velodyne laser plugin ready, 16 lasers
[INFO] [1785424432.020661967, 0.370000000]: Starting plugin DiffDrive(ns = /r1/)
[INFO] [1785424432.020802271, 0.370000000]: DiffDrive(ns = /r1/): <rosDebugLevel> = Debug
[INFO] [1785424432.021696320, 0.370000000]: DiffDrive(ns = /r1/): <tf_prefix> = 
[DEBUG] [1785424432.021805790, 0.370000000]: DiffDrive(ns = /r1/): <commandTopic> = cmd_vel
[DEBUG] [1785424432.021821616, 0.370000000]: DiffDrive(ns = /r1/): <odometryTopic> = odom
[DEBUG] [1785424432.021833413, 0.370000000]: DiffDrive(ns = /r1/): <odometryFrame> = odom
[DEBUG] [1785424432.021857550, 0.370000000]: DiffDrive(ns = /r1/): <robotBaseFrame> = base_link
[DEBUG] [1785424432.021914285, 0.370000000]: DiffDrive(ns = /r1/): <publishWheelTF> = false
[DEBUG] [1785424432.021928126, 0.370000000]: DiffDrive(ns = /r1/): <publishOdomTF> = false
[DEBUG] [1785424432.021940540, 0.370000000]: DiffDrive(ns = /r1/): <publishWheelJointState> = false
[DEBUG] [1785424432.022012366, 0.370000000]: DiffDrive(ns = /r1/): <wheelSeparation> = 0.29999999999999999
[DEBUG] [1785424432.022030176, 0.370000000]: DiffDrive(ns = /r1/): <wheelDiameter> = 0.17999999999999999
[DEBUG] [1785424432.022058954, 0.370000000]: DiffDrive(ns = /r1/): <wheelAcceleration> = 1.8
[DEBUG] [1785424432.022075324, 0.370000000]: DiffDrive(ns = /r1/): <wheelTorque> = 20
[DEBUG] [1785424432.022088121, 0.370000000]: DiffDrive(ns = /r1/): <updateRate> = 50
[DEBUG] [1785424432.022155397, 0.370000000]: DiffDrive(ns = /r1/): <odometrySource> = world := 1
[DEBUG] [1785424432.022187840, 0.370000000]: DiffDrive(ns = /r1/): <leftJoint> = left_hub_joint
[DEBUG] [1785424432.022203547, 0.370000000]: DiffDrive(ns = /r1/): <rightJoint> = right_hub_joint
[INFO] [1785424432.023231459, 0.370000000]: DiffDrive(ns = /r1/): Try to subscribe to cmd_vel
[INFO] [1785424432.025698909, 0.370000000]: DiffDrive(ns = /r1/): Subscribe to cmd_vel
[INFO] [1785424432.026177008, 0.370000000]: DiffDrive(ns = /r1/): Advertise odom on odom 
[INFO] [1785424432.034180556, 0.370000000]: GazeboRosJointStatePublisher is going to publish joint: chassis_swivel_joint
[INFO] [1785424432.034194403, 0.370000000]: GazeboRosJointStatePublisher is going to publish joint: swivel_wheel_joint
[INFO] [1785424432.034201892, 0.370000000]: GazeboRosJointStatePublisher is going to publish joint: left_hub_joint
[INFO] [1785424432.034208287, 0.370000000]: GazeboRosJointStatePublisher is going to publish joint: right_hub_joint
[INFO] [1785424432.034216446, 0.370000000]: Starting GazeboRosJointStatePublisher Plugin (ns = /r1/)!, parent name: r1
[DEBUG] [1785424432.062522616, 0.391000000]: Trying to publish message of type [nav_msgs/Odometry/cd5e73d190d741a2f92e81eda573aca7] on a publisher with type [nav_msgs/Odometry/cd5e73d190d741a2f92e81eda573aca7]
[DEBUG] [1785424432.062574387, 0.391000000]: Trying to publish message of type [sensor_msgs/JointState/3066dcd76a6cfaef579bd0f34173e9fd] on a publisher with type [sensor_msgs/JointState/3066dcd76a6cfaef579bd0f34173e9fd]
[INFO] [1785424432.317049649, 0.557000000]: Laser Plugin: The 'robotNamespace' param was empty
[INFO] [1785424432.317074764, 0.557000000]: Starting Laser Plugin (ns = r4)
[INFO] [1785424432.317576453, 0.557000000]: Laser Plugin (ns = r4)  <tf_prefix_>, set to ""
[INFO] [1785424432.958646868, 0[WARN] [1785424432.961028828, 0.557000000]: GazeboRosDiffDrive Plugin (ns = ) missing <publishTf>, defaults to 1
[INFO] [1785424430.585915, 0.000000]: Loading model XML from ros parameter robot_description_r4
[INFO] [1785424430.588636, 0.000000]: Waiting for service /gazebo/spawn_urdf_model
[INFO] [1785424431.191794, 0.370000]: Calling service /gazebo/spawn_urdf_model
[INFO] [1785424432.960700, 0.557000]: Spawn status: SpawnModel: Successfully spawned entity
.557000000]: Velodyne laser plugin missing <min_intensity>, defaults to no clipping
[INFO] [1785424432.959285773, 0.557000000]: Velodyne laser plugin ready, 16 lasers
[INFO] [1785424432.960689514, 0.557000000]: Starting plugin DiffDrive(ns = /r4/)
[DEBUG] [1785424432.960698458, 0.557000000]: DiffDrive(ns = /r4/): <rosDebugLevel> = Debug
[INFO] [1785424432.960708392, 0.557000000]: DiffDrive(ns = /r4/): <rosDebugLevel> = Debug
[INFO] [1785424432.960952574, 0.557000000]: DiffDrive(ns = /r4/): <tf_prefix> = 
[DEBUG] [1785424432.960957188, 0.557000000]: DiffDrive(ns = /r4/): <commandTopic> = cmd_vel
[DEBUG] [1785424432.960960677, 0.557000000]: DiffDrive(ns = /r4/): <odometryTopic> = odom
[DEBUG] [1785424432.960964328, 0.557000000]: DiffDrive(ns = /r4/): <odometryFrame> = odom
[DEBUG] [1785424432.960969596, 0.557000000]: DiffDrive(ns = /r4/): <robotBaseFrame> = base_link
[DEBUG] [1785424432.960974643, 0.557000000]: DiffDrive(ns = /r4/): <publishWheelTF> = false
[DEBUG] [1785424432.960978406, 0.557000000]: DiffDrive(ns = /r4/): <publishOdomTF> = false
[DEBUG] [1785424432.960982640, 0.557000000]: DiffDrive(ns = /r4/): <publishWheelJointState> = false
[DEBUG] [1785424432.960988967, 0.557000000]: DiffDrive(ns = /r4/): <wheelSeparation> = 0.29999999999999999
[DEBUG] [1785424432.960993994, 0.557000000]: DiffDrive(ns = /r4/): <wheelDiameter> = 0.17999999999999999
[DEBUG] [1785424432.960998946, 0.557000000]: DiffDrive(ns = /r4/): <wheelAcceleration> = 1.8
[DEBUG] [1785424432.961003563, 0.557000000]: DiffDrive(ns = /r4/): <wheelTorque> = 20
[DEBUG] [1785424432.961009007, 0.557000000]: DiffDrive(ns = /r4/): <updateRate> = 50
[DEBUG] [1785424432.961015243, 0.557000000]: DiffDrive(ns = /r4/): <odometrySource> = world := 1
[DEBUG] [1785424432.961018953, 0.557000000]: DiffDrive(ns = /r4/): <leftJoint> = left_hub_joint
[DEBUG] [1785424432.961023646, 0.557000000]: DiffDrive(ns = /r4/): <rightJoint> = right_hub_joint
[INFO] [1785424432.961063496, 0.557000000]: DiffDrive(ns = /r4/): Try to subscribe to cmd_vel
[INFO] [1785424432.961697704, 0.557000000]: DiffDrive(ns = /r4/): Subscribe to cmd_vel
[INFO] [1785424432.961945301, 0.557000000]: DiffDrive(ns = /r4/): Advertise odom on odom 
[INFO] [1785424432.962004414, 0.557000000]: GazeboRosJointStatePublisher is going to publish joint: chassis_swivel_joint
[INFO] [1785424432.962008424, 0.557000000]: GazeboRosJointStatePublisher is going to publish joint: swivel_wheel_joint
[INFO] [1785424432.962012717, 0.557000000]: GazeboRosJointStatePublisher is going to publish joint: left_hub_joint
[INFO] [1785424432.962016585, 0.557000000]: GazeboRosJointStatePublisher is going to publish joint: right_hub_joint
[INFO] [1785424432.962019666, 0.557000000]: Starting GazeboRosJointStatePublisher Plugin (ns = /r4/)!, parent name: r4
[INFO] [1785424433.248433176, 0.728000000]: Laser Plugin: The 'robotNamespace' param was empty
[INFO] [1785424433.248453425, 0.728000000]: Starting Laser Plugin (ns = r3)
[INFO] [1785424433.248874070, 0.728000000]: Laser Plugin (ns = r3)  <tf_prefix_>, set to ""
[INFO] [1785424433.895624748, 0.728000000]: Velodyne laser plugin missing <min_intensity>, defaults to no clipping
[INFO] [1785424433.896244713, 0.728000000]: Velodyne laser plugin ready, 16 lasers
[INFO] [1785424433.897113603, 0.728000000]: Starting plugin DiffDrive(ns = /r3/)
[DEBUG] [1785424433.897123855, 0.728000000]: DiffDrive(ns = /r3/): <rosDebugLevel> = Debug
[INFO] [1785424433.897135293, 0.728000000]: DiffDrive(ns = /r3/): <rosDebugLevel> = Debug
[INFO] [1785424433.897345415, 0.728000000]: DiffDrive(ns = /r3/): <tf_prefix> = 
[DEBUG] [1785424433.897350237, 0.728000000]: DiffDrive(ns = /r3/): <commandTopic> = cmd_vel
[DEBUG] [1785424433.897353712, 0.728000000]: DiffDrive(ns = /r3/): <odometryTopic> = odom
[DEBUG] [1785424433.897358585, 0.728000000]: DiffDrive(ns = /r3/): <odometryFrame> = odom
[DEBUG] [1785424433.897362657, 0.728000000]: DiffDrive(ns = /r3/): <robotBaseFrame> = base_link
[DEBUG] [1785424433.897368104, 0.728000000]: DiffDrive(ns = /r3/): <publishWheelTF> = false
[DEBUG] [1785424433.897372897, 0.728000000][WARN] [1785424433.897442274, 0.728000000]: GazeboRosDiffDrive Plugin (ns = ) missing <publishTf>, defaults to 1
[INFO] [1785424430.586467, 0.000000]: Loading model XML from ros parameter robot_description_r3
[INFO] [1785424430.589093, 0.000000]: Waiting for service /gazebo/spawn_urdf_model
[INFO] [1785424431.191983, 0.370000]: Calling service /gazebo/spawn_urdf_model
[INFO] [1785424433.897035, 0.728000]: Spawn status: SpawnModel: Successfully spawned entity
[WARN] [1785424434.846087497, 0.882000000]: GazeboRosDiffDrive Plugin (ns = ) missing <publishTf>, defaults to 1
[INFO] [1785424430.585861, 0.000000]: Loading model XML from ros parameter robot_description_r2
[INFO] [1785424430.588602, 0.000000]: Waiting for service /gazebo/spawn_urdf_model
[INFO] [1785424431.192086, 0.370000]: Calling service /gazebo/spawn_urdf_model
[INFO] [1785424434.845754, 0.882000]: Spawn status: SpawnModel: Successfully spawned entity
: DiffDrive(ns = /r3/): <publishOdomTF> = false
[DEBUG] [1785424433.897390270, 0.728000000]: DiffDrive(ns = /r3/): <publishWheelJointState> = false
[DEBUG] [1785424433.897397339, 0.728000000]: DiffDrive(ns = /r3/): <wheelSeparation> = 0.29999999999999999
[DEBUG] [1785424433.897402679, 0.728000000]: DiffDrive(ns = /r3/): <wheelDiameter> = 0.17999999999999999
[DEBUG] [1785424433.897408351, 0.728000000]: DiffDrive(ns = /r3/): <wheelAcceleration> = 1.8
[DEBUG] [1785424433.897414223, 0.728000000]: DiffDrive(ns = /r3/): <wheelTorque> = 20
[DEBUG] [1785424433.897419927, 0.728000000]: DiffDrive(ns = /r3/): <updateRate> = 50
[DEBUG] [1785424433.897426640, 0.728000000]: DiffDrive(ns = /r3/): <odometrySource> = world := 1
[DEBUG] [1785424433.897431536, 0.728000000]: DiffDrive(ns = /r3/): <leftJoint> = left_hub_joint
[DEBUG] [1785424433.897435668, 0.728000000]: DiffDrive(ns = /r3/): <rightJoint> = right_hub_joint
[INFO] [1785424433.897456306, 0.728000000]: DiffDrive(ns = /r3/): Try to subscribe to cmd_vel
[INFO] [1785424433.898115705, 0.728000000]: DiffDrive(ns = /r3/): Subscribe to cmd_vel
[INFO] [1785424433.898314022, 0.728000000]: DiffDrive(ns = /r3/): Advertise odom on odom 
[INFO] [1785424433.898376794, 0.728000000]: GazeboRosJointStatePublisher is going to publish joint: chassis_swivel_joint
[INFO] [1785424433.898381538, 0.728000000]: GazeboRosJointStatePublisher is going to publish joint: swivel_wheel_joint
[INFO] [1785424433.898385922, 0.728000000]: GazeboRosJointStatePublisher is going to publish joint: left_hub_joint
[INFO] [1785424433.898389133, 0.728000000]: GazeboRosJointStatePublisher is going to publish joint: right_hub_joint
[INFO] [1785424433.898394183, 0.728000000]: Starting GazeboRosJointStatePublisher Plugin (ns = /r3/)!, parent name: r3
[INFO] [1785424434.182669578, 0.882000000]: Laser Plugin: The 'robotNamespace' param was empty
[INFO] [1785424434.182696675, 0.882000000]: Starting Laser Plugin (ns = r2)
[INFO] [1785424434.183277036, 0.882000000]: Laser Plugin (ns = r2)  <tf_prefix_>, set to ""
[INFO] [1785424434.843133233, 0.882000000]: Velodyne laser plugin missing <min_intensity>, defaults to no clipping
[INFO] [1785424434.843985960, 0.882000000]: Velodyne laser plugin ready, 16 lasers
[INFO] [1785424434.845810398, 0.882000000]: Starting plugin DiffDrive(ns = /r2/)
[DEBUG] [1785424434.845819563, 0.882000000]: DiffDrive(ns = /r2/): <rosDebugLevel> = Debug
[INFO] [1785424434.845830820, 0.882000000]: DiffDrive(ns = /r2/): <rosDebugLevel> = Debug
[INFO] [1785424434.845986368, 0.882000000]: DiffDrive(ns = /r2/): <tf_prefix> = 
[DEBUG] [1785424434.845998483, 0.882000000]: DiffDrive(ns = /r2/): <commandTopic> = cmd_vel
[DEBUG] [1785424434.846003683, 0.882000000]: DiffDrive(ns = /r2/): <odometryTopic> = odom
[DEBUG] [1785424434.846008782, 0.882000000]: DiffDrive(ns = /r2/): <odometryFrame> = odom
[DEBUG] [1785424434.846013250, 0.882000000]: DiffDrive(ns = /r2/): <robotBaseFrame> = base_link
[DEBUG] [1785424434.846018980, 0.882000000]: DiffDrive(ns = /r2/): <publishWheelTF> = false
[DEBUG] [1785424434.846023493, 0.882000000]: DiffDrive(ns = /r2/): <publishOdomTF> = false
[DEBUG] [1785424434.846029247, 0.882000000]: DiffDrive(ns = /r2/): <publishWheelJointState> = false
[DEBUG] [1785424434.846039353, 0.882000000]: DiffDrive(ns = /r2/): <wheelSeparation> = 0.29999999999999999
[DEBUG] [1785424434.846044868, 0.882000000]: DiffDrive(ns = /r2/): <wheelDiameter> = 0.17999999999999999
[DEBUG] [1785424434.846050417, 0.882000000]: DiffDrive(ns = /r2/): <wheelAcceleration> = 1.8
[DEBUG] [1785424434.846056637, 0.882000000]: DiffDrive(ns = /r2/): <wheelTorque> = 20
[DEBUG] [1785424434.846061788, 0.882000000]: DiffDrive(ns = /r2/): <updateRate> = 50
[DEBUG] [1785424434.846069310, 0.882000000]: DiffDrive(ns = /r2/): <odometrySource> = world := 1
[DEBUG] [1785424434.846074794, 0.882000000]: DiffDrive(ns = /r2/): <leftJoint> = left_hub_joint
[DEBUG] [1785424434.846080001, 0.882000000]: DiffDrive(ns = /r2/): <rightJoint> = right_hub_joint
[INFO] [1785424434.846112036, 0.882000000]: DiffDrive(ns = /r2/): Try to subscribe to cmd_vel
[INFtrain_velodyne_td3_multi.py:1074: FutureWarning: You are using `torch.load` with `weights_only=False` (the current default value), which uses the default pickle module implicitly. It is possible to construct malicious pickle data which will execute arbitrary code during unpickling (See https://github.com/pytorch/pytorch/blob/main/SECURITY.md#untrusted-models for more details). In a future release, the default value for `weights_only` will be flipped to `True`. This limits the functions that could be executed during unpickling. Arbitrary objects will no longer be allowed to be loaded via this mode unless they are explicitly allowlisted by the user via `torch.serialization.add_safe_globals`. We recommend you start setting `weights_only=True` for any use case where you don't have full control of the loaded file. Please open an issue on GitHub for any issues related to this experimental feature.
  actor_state = torch.load(
Loaded initial actor parameters from: TD3_velodyne_multi_v4_curriculum_stage2_to_5a_shared_from_3d2_guarded_best
Critic is newly initialized because actor-only warm start was requested.
Actor anchor enabled from warm start: TD3_velodyne_multi_v4_curriculum_stage2_to_5a_shared_from_3d2_guarded_best | weight= 1.0
==============================================
Training version: independent-dense-actor-from-5a-recovery-v6
Training process PID: 1014732
Launchfile: multi_robot_scenario_strong_interaction_pilot_5.launch
Scenario mode: manifest
Manifest path: /home/jiutian/Local-Critic-Multi-Robot-Navigation-gate/experiments/03_保留专门化/02_论文主线/datasets/fixed_v1/dense/train.json.gz
Manifest sampling: cycle
Eval manifest path: /home/jiutian/Local-Critic-Multi-Robot-Navigation-gate/experiments/03_保留专门化/02_论文主线/datasets/fixed_v1/views/dense_validation_monitor_ultrafast_v3/validation.json.gz
Seed: 20260728
Device: cpu
Agent names: r1, r2, r3, r4, r5
Cooperative reward: True
Cooperative reward mode: average
Cooperative reward self weight: 0.8
Distance-weighted reward: True
Distance reward sigma: 2.0
Interaction safe distance: 1.2
Interaction close penalty: 0.5
Interaction stagnation penalty: 0.05
Anti-stagnation reward: True
Anti-stagnation penalty: 0.1
Anti-stagnation linear threshold: 0.05
Anti-stagnation progress threshold: 0.005
Anti-stagnation min laser: 0.35
Safe-recovery reward: True
Safe-recovery penalty: 0.2
Safe-recovery linear threshold: 0.25
Safe-recovery progress threshold: 0.003
Safe-recovery min laser: 0.6
Safe-recovery robot distance: 1.2
Forward reward weight: 0.5
Base stagnation penalty weight: 0.05
Wall-clearance reward: False
Wall-clearance safe distance: 0.75
Wall-clearance penalty: 1.5
Wall-clearance speed weight: 0.8
Wall-clearance turn weight: 0.4
Robot safe distance: 1.2
Robot proximity penalty weight: 5.0
Robot proximity speed penalty weight: 5.0
Robot clearance reward weight: 10.0
Robot clearance reward max gain: 0.1
Yield-priority reward: True
Yield-priority distance: 1.0
Yield-priority goal margin: 0.25
Yield-priority stop linear: 0.25
Yield-priority penalty weight: 4.0
Yield-priority bonus weight: 0.4
Yield-priority clearance bonus weight: 1.0
Yield-priority restart bonus weight: 3.0
Yield-priority stale-wait penalty weight: 0.8
Yield-priority max wait steps: 4
Emergency-stop distance: 0.6
Emergency-stop penalty weight: 8.0
Emergency-stop bonus weight: 1.0
Local-navigation reward: False
Local-navigation heading weight: 0.4
Local-navigation wrong-way penalty: 0.25
Local-navigation turn weight: 0.25
Local-navigation near-goal distance: 0.9
Local-navigation heading error: 0.5
Local critic enabled: True
Local critic geometry only: False
Local critic context mode: ego_motion
Active neighbors only: True
Actor state dim: 24
Critic state dim: 87
Local critic max neighbors: 9
Local critic context dim: 63
Best metric: full_success
Eval episodes: 50
Eval frequency agent samples: 10000
Eval protocol ID: eval-v1|scenario=manifest|episodes=50|max_steps=300|manifest_sha256=b88d23ee4f509d4c4427303b3cab656e804a6708cb1311d747ca167b89ed18cc|sampling=cycle
Max epochs: 1
Actor learning rate: 1e-06
Actor train mode: full
Oracle interaction rollout: False
Reference Actor: TD3_velodyne_multi_v4_curriculum_stage2_to_5a_shared_from_3d2_guarded_best
Oracle target policy: False
Oracle interaction distance: 2.0
Actor interaction-only updates: False
Critic interaction fraction: 0.75
Actor gradient gate: False
Actor gradient safety distance: 1.2
Actor gradient gate batch size: 512
Actor gradient gate min samples: 32
Critic safety ranking weight: 2.0
Critic safety ranking distance: 1.0
Critic safety ranking min closing speed: 0.1
Critic safety ranking linear delta: 0.4
Critic safety ranking margin: 0.1
Safety-focused Actor updates: False
Actor safety candidate batch size: 256
Actor safety min samples: 16
Actor safety distance: 1.0
Actor safety min closing speed: 0.1
Actor slowdown safety weight: 3.0
Actor slowdown max linear action: -0.4
Actor angular anchor weight: 0.0
Actor trainable parameters: 501802/501802
Critic learning rate: 8e-05
Actor update delay steps: 21000
Policy freq: 2
Actor anchor weight: 1.0
Actor anchor safe-only: True
Actor anchor safe distance: 2.0
Actor Q normalization alpha: 0.25
Exploration noise: 0.08
Critic warmup exploration noise: 0.2
Exploration min: 0.03
Exploration decay steps: 900000
Exploration decay unit: environment steps
TensorBoard log dir: runs/multi_coop_Jul30_23-13-54_JiuTian-AI4090
Checkpoint path: ./checkpoints/independent_dense_actor_from_5a_recovery_v6_cpu_probe_s20260730_latest.pt
Best checkpoint path: ./checkpoints/independent_dense_actor_from_5a_recovery_v6_cpu_probe_s20260730_best.pt
Model prefix: independent_dense_actor_from_5a_recovery_v6_cpu_probe_s20260730
Checkpoint interval episodes: 10
Resume mode: False
Starting agent samples: 0
Starting env steps: 0
Starting epoch: 1
==============================================
[WARN] [1785424435.786395130, 1.029000000]: GazeboRosDiffDrive Plugin (ns = ) missing <publishTf>, defaults to 1
[INFO] [1785424430.590955, 0.000000]: Loading model XML from ros parameter robot_description_r5
[INFO] [1785424430.593395, 0.000000]: Waiting for service /gazebo/spawn_urdf_model
[INFO] [1785424431.195480, 0.370000]: Calling service /gazebo/spawn_urdf_model
[INFO] [1785424435.786024, 1.029000]: Spawn status: SpawnModel: Successfully spawned entity
Episode 1 complete | agent_samples=55 | env_steps=13 | episode_env_steps=13 | episode_agent_samples=55 | mean_reward=21.046 | success=3/5 | collision=2/5 | mean_final_distance=0.355 | mean_progress=0.0331 | min_laser=0.321 | mean_lin=0.799 | mean_ang=0.217 | mean_robot_dist=0.551 | raw_reward=-41.868 | adjusted_reward=-41.868 | coop_agents=2/5 | mean_coop_neighbors=0.40 | active_neighbor_step_rate=1.000 | mean_active_neighbors_step=2.473 | max_active_neighbors_step=4 | interaction_reward=0.0000 | abs_interaction_reward=0.0000 | anti_stag_reward=0.0000 | abs_anti_stag_reward=0.0000 | wall_clear_reward=0.0000 | abs_wall_clear_reward=0.0000 | local_nav_reward=0.0000 | abs_local_nav_reward=0.0000 | robot_proximity_reward=-0.8032 | abs_robot_proximity_reward=0.8032 | robot_clearance_reward=-0.2108 | abs_robot_clearance_reward=0.2472 | yield_priority_reward=-0.0113 | abs_yield_priority_reward=0.0113 | context_neighbors_mean=2.55 | context_neighbors_max=4 | last_context_neighbors_mean=0.00 | last_context_neighbors_max=0 | actor_unlocked=0 | expl_noise=0.0800 | replay=55 | interaction_replay=55 | samples/sec=14.029
Episode 2 complete | agent_samples=104 | env_steps=25 | episode_env_steps=12 | episode_agent_samples=49 | mean_reward=118.673 | success=5/5 | collision=0/5 | mean_final_distance=0.262 | mean_progress=0.0180 | min_laser=0.596 | mean_lin=0.787 | mean_ang=-0.161 | mean_robot_dist=inf | raw_reward=20.000 | adjusted_reward=20.000 | coop_agents=0/5 | mean_coop_neighbors=0.00 | active_neighbor_step_rate=0.898 | mean_active_neighbors_step=2.327 | max_active_neighbors_step=4 | interaction_reward=0.0000 | abs_interaction_reward=0.0000 | anti_stag_reward=0.0000 | abs_anti_stag_reward=0.0000 | wall_clear_reward=0.0000 | abs_wall_clear_reward=0.0000 | local_nav_reward=0.0000 | abs_local_nav_reward=0.0000 | robot_proximity_reward=-0.2735 | abs_robot_proximity_reward=0.2735 | robot_clearance_reward=-0.1219 | abs_robot_clearance_reward=0.2048 | yield_priority_reward=-0.0003 | abs_yield_priority_reward=0.0003 | context_neighbors_mean=2.41 | context_neighbors_max=4 | last_context_neighbors_mean=0.00 | last_context_neighbors_max=0 | actor_unlocked=0 | expl_noise=0.0800 | replay=104 | interaction_replay=97 | samples/sec=15.175
Episode 3 complete | agent_samples=177 | env_steps=59 | episode_env_steps=34 | episode_agent_samples=73 | mean_reward=22.910 | success=3/5 | collision=2/5 | mean_final_distance=0.551 | mean_progress=0.0127 | min_laser=0.300 | mean_lin=0.710 | mean_ang=-0.054 | mean_robot_dist=inf | raw_reward=20.000 | adjusted_reward=20.000 | coop_agents=0/5 | mean_coop_neighbors=0.00 | active_neighbor_step_rate=0.534 | mean_active_neighbors_step=1.521 | max_active_neighbors_step=4 | interaction_reward=0.0000 | abs_interaction_reward=0.0000 | anti_stag_reward=-0.0521 | abs_anti_stag_reward=0.0521 | wall_clear_reward=0.0000 | abs_wall_clear_reward=0.0000 | local_nav_reward=0.0000 | abs_local_nav_reward=0.0000 | robot_proximity_reward=-0.7654 | abs_robot_proximity_reward=0.7654 | robot_clearance_reward=-0.2099 | abs_robot_clearance_reward=0.2405 | yield_priority_reward=-0.0492 | abs_yield_priority_reward=0.0492 | context_neighbors_mean=1.58 | context_neighbors_max=4 | last_context_neighbors_mean=0.00 | last_context_neighbors_max=0 | actor_unlocked=0 | expl_noise=0.0800 | replay=177 | interaction_replay=138 | samples/sec=12.165
Episode 4 complete | agent_samples=253 | env_steps=79 | episode_env_steps=20 | episode_agent_samples=76 | mean_reward=122.114 | success=5/5 | collision=0/5 | mean_final_distance=0.254 | mean_progress=0.0320 | min_laser=0.651 | mean_lin=0.786 | mean_ang=0.179 | mean_robot_dist=inf | raw_reward=39.945 | adjusted_reward=39.956 | coop_agents=1/5 | mean_coop_neighbors=0.20 | active_neighbor_step_rate=0.934 | mean_active_neighbors_step=2.039 | max_active_neighbors_step=4 | interaction_reward=0.0000 | abs_interaction_reward=0.0000 | anti_stag_reward=-0.0039 | abs_anti_stag_reward=0.0039 | wall_clear_reward=0.0000 | abs_wall_clear_reward=0.0000 | local_nav_reward=0.0000 | abs_local_nav_reward=0.0000 | robot_proximity_reward=-0.2223 | abs_robot_proximity_reward=0.2223 | robot_clearance_reward=-0.0819 | abs_robot_clearance_reward=0.1346 | yield_priority_reward=-0.0371 | abs_yield_priority_reward=0.0371 | context_neighbors_mean=2.09 | context_neighbors_max=4 | last_context_neighbors_mean=0.00 | last_context_neighbors_max=0 | actor_unlocked=0 | expl_noise=0.0800 | replay=253 | interaction_replay=196 | samples/sec=13.117
Episode 5 complete | agent_samples=315 | env_steps=105 | episode_env_steps=26 | episode_agent_samples=62 | mean_reward=-107.924 | success=0/5 | collision=5/5 | mean_final_distance=1.007 | mean_progress=0.0132 | min_laser=0.312 | mean_lin=0.805 | mean_ang=0.158 | mean_robot_dist=inf | raw_reward=-20.000 | adjusted_reward=-20.000 | coop_agents=0/5 | mean_coop_neighbors=0.00 | active_neighbor_step_rate=0.710 | mean_active_neighbors_step=1.919 | max_active_neighbors_step=4 | interaction_reward=0.0000 | abs_interaction_reward=0.0000 | anti_stag_reward=0.0000 | abs_anti_stag_reward=0.0000 | wall_clear_reward=0.0000 | abs_wall_clear_reward=0.0000 | local_nav_reward=0.0000 | abs_local_nav_reward=0.0000 | robot_proximity_reward=-0.9787 | abs_robot_proximity_reward=0.9787 | robot_clearance_reward=-0.2881 | abs_robot_clearance_reward=0.2881 | yield_priority_reward=-0.0132 | abs_yield_priority_reward=0.0132 | context_neighbors_mean=1.97 | context_neighbors_max=4 | last_context_neighbors_mean=0.00 | last_context_neighbors_max=0 | actor_unlocked=0 | expl_noise=0.0800 | replay=315 | interaction_replay=240 | samples/sec=12.462
Status | epoch=1 | next_eval_in=9685 agent_samples | checkpoint_every=10 episodes | checkpoint=./checkpoints/independent_dense_actor_from_5a_recovery_v6_cpu_probe_s20260730_latest.pt | model=independent_dense_actor_from_5a_recovery_v6_cpu_probe_s20260730
Coverage | unique_train_scenarios=5/6000 | deep=0 | close=0 | margin=0
Episode 6 complete | agent_samples=429 | env_steps=162 | episode_env_steps=57 | episode_agent_samples=114 | mean_reward=14.509 | success=3/5 | collision=2/5 | mean_final_distance=0.501 | mean_progress=0.0160 | min_laser=0.300 | mean_lin=0.958 | mean_ang=-0.191 | mean_robot_dist=inf | raw_reward=20.000 | adjusted_reward=20.000 | coop_agents=0/5 | mean_coop_neighbors=0.00 | active_neighbor_step_rate=0.570 | mean_active_neighbors_step=1.096 | max_active_neighbors_step=4 | interaction_reward=0.0000 | abs_interaction_reward=0.0000 | anti_stag_reward=-0.0254 | abs_anti_stag_reward=0.0254 | wall_clear_reward=0.0000 | abs_wall_clear_reward=0.0000 | local_nav_reward=0.0000 | abs_local_nav_reward=0.0000 | robot_proximity_reward=-0.9269 | abs_robot_proximity_reward=0.9269 | robot_clearance_reward=-0.2047 | abs_robot_clearance_reward=0.2194 | yield_priority_reward=-0.0381 | abs_yield_priority_reward=0.0954 | context_neighbors_mean=1.13 | context_neighbors_max=4 | last_context_neighbors_mean=0.00 | last_context_neighbors_max=0 | actor_unlocked=0 | expl_noise=0.0800 | replay=429 | interaction_replay=304 | samples/sec=11.267
Episode 7 complete | agent_samples=492 | env_steps=179 | episode_env_steps=17 | episode_agent_samples=63 | mean_reward=-14.977 | success=2/5 | collision=3/5 | mean_final_distance=0.380 | mean_progress=0.0143 | min_laser=0.300 | mean_lin=0.622 | mean_ang=-0.166 | mean_robot_dist=inf | raw_reward=20.000 | adjusted_reward=20.000 | coop_agents=0/5 | mean_coop_neighbors=0.00 | active_neighbor_step_rate=0.905 | mean_active_neighbors_step=2.571 | max_active_neighbors_step=4 | interaction_reward=0.0000 | abs_interaction_reward=0.0000 | anti_stag_reward=0.0000 | abs_anti_stag_reward=0.0000 | wall_clear_reward=0.0000 | abs_wall_clear_reward=0.0000 | local_nav_reward=0.0000 | abs_local_nav_reward=0.0000 | robot_proximity_reward=-0.9526 | abs_robot_proximity_reward=0.9526 | robot_clearance_reward=-0.2900 | abs_robot_clearance_reward=0.2900 | yield_priority_reward=-0.0165 | abs_yield_priority_reward=0.0165 | context_neighbors_mean=2.60 | context_neighbors_max=4 | last_context_neighbors_mean=0.00 | last_context_neighbors_max=0 | actor_unlocked=0 | expl_noise=0.0800 | replay=492 | interaction_replay=359 | samples/sec=11.696
Episode 8 complete | agent_samples=546 | env_steps=192 | episode_env_steps=13 | episode_agent_samples=54 | mean_reward=31.909 | success=3/5 | collision=2/5 | mean_final_distance=0.399 | mean_progress=0.0066 | min_laser=0.315 | mean_lin=0.639 | mean_ang=-0.077 | mean_robot_dist=inf | raw_reward=20.000 | adjusted_reward=20.000 | coop_agents=0/5 | mean_coop_neighbors=0.00 | active_neighbor_step_rate=0.907 | mean_active_neighbors_step=2.574 | max_active_neighbors_step=4 | interaction_reward=0.0000 | abs_interaction_reward=0.0000 | anti_stag_reward=-0.0037 | abs_anti_stag_reward=0.0037 | wall_clear_reward=0.0000 | abs_wall_clear_reward=0.0000 | local_nav_reward=0.0000 | abs_local_nav_reward=0.0000 | robot_proximity_reward=-0.7959 | abs_robot_proximity_reward=0.7959 | robot_clearance_reward=-0.2445 | abs_robot_clearance_reward=0.3186 | yield_priority_reward=-0.0631 | abs_yield_priority_reward=0.0631 | context_neighbors_mean=2.69 | context_neighbors_max=4 | last_context_neighbors_mean=0.00 | last_context_neighbors_max=0 | actor_unlocked=0 | expl_noise=0.0800 | replay=546 | interaction_replay=404 | samples/sec=12.081
Episode 9 complete | agent_samples=631 | env_steps=229 | episode_env_steps=37 | episode_agent_samples=85 | mean_reward=103.533 | success=5/5 | collision=0/5 | mean_final_distance=0.277 | mean_progress=0.0006 | min_laser=0.542 | mean_lin=0.430 | mean_ang=-0.546 | mean_robot_dist=inf | raw_reward=20.000 | adjusted_reward=20.000 | coop_agents=0/5 | mean_coop_neighbors=0.00 | active_neighbor_step_rate=0.600 | mean_active_neighbors_step=1.294 | max_active_neighbors_step=4 | interaction_reward=0.0000 | abs_interaction_reward=0.0000 | anti_stag_reward=-0.0412 | abs_anti_stag_reward=0.0412 | wall_clear_reward=0.0000 | abs_wall_clear_reward=0.0000 | local_nav_reward=0.0000 | abs_local_nav_reward=0.0000 | robot_proximity_reward=-0.5538 | abs_robot_proximity_reward=0.5538 | robot_clearance_reward=-0.0969 | abs_robot_clearance_reward=0.1065 | yield_priority_reward=-0.0094 | abs_yield_priority_reward=0.0094 | context_neighbors_mean=1.32 | context_neighbors_max=4 | last_context_neighbors_mean=0.00 | last_context_neighbors_max=0 | actor_unlocked=0 | expl_noise=0.0800 | replay=631 | interaction_replay=447 | samples/sec=11.748
Episode 10 complete | agent_samples=694 | env_steps=247 | episode_env_steps=18 | episode_agent_samples=63 | mean_reward=117.648 | success=5/5 | collision=0/5 | mean_final_distance=0.263 | mean_progress=0.0057 | min_laser=0.599 | mean_lin=0.982 | mean_ang=0.859 | mean_robot_dist=inf | raw_reward=20.000 | adjusted_reward=20.000 | coop_agents=0/5 | mean_coop_neighbors=0.00 | active_neighbor_step_rate=0.778 | mean_active_neighbors_step=1.556 | max_active_neighbors_step=4 | interaction_reward=0.0000 | abs_interaction_reward=0.0000 | anti_stag_reward=-0.0111 | abs_anti_stag_reward=0.0111 | wall_clear_reward=0.0000 | abs_wall_clear_reward=0.0000 | local_nav_reward=0.0000 | abs_local_nav_reward=0.0000 | robot_proximity_reward=-0.0056 | abs_robot_proximity_reward=0.0056 | robot_clearance_reward=0.0028 | abs_robot_clearance_reward=0.0290 | yield_priority_reward=-0.0726 | abs_yield_priority_reward=0.0726 | context_neighbors_mean=1.59 | context_neighbors_max=4 | last_context_neighbors_mean=0.00 | last_context_neighbors_max=0 | actor_unlocked=0 | expl_noise=0.0800 | replay=694 | interaction_replay=487 | samples/sec=11.966
Status | epoch=1 | next_eval_in=9306 agent_samples | checkpoint_every=10 episodes | checkpoint=./checkpoints/independent_dense_actor_from_5a_recovery_v6_cpu_probe_s20260730_latest.pt | model=independent_dense_actor_from_5a_recovery_v6_cpu_probe_s20260730
Coverage | unique_train_scenarios=10/6000 | deep=0 | close=0 | margin=0
Checkpoint saved: ./checkpoints/independent_dense_actor_from_5a_recovery_v6_cpu_probe_s20260730_latest.pt
Episode 11 complete | agent_samples=809 | env_steps=282 | episode_env_steps=35 | episode_agent_samples=115 | mean_reward=109.603 | success=5/5 | collision=0/5 | mean_final_distance=0.265 | mean_progress=0.0066 | min_laser=0.368 | mean_lin=0.795 | mean_ang=0.003 | mean_robot_dist=inf | raw_reward=20.000 | adjusted_reward=20.000 | coop_agents=0/5 | mean_coop_neighbors=0.00 | active_neighbor_step_rate=0.704 | mean_active_neighbors_step=1.843 | max_active_neighbors_step=4 | interaction_reward=0.0000 | abs_interaction_reward=0.0000 | anti_stag_reward=-0.0591 | abs_anti_stag_reward=0.0591 | wall_clear_reward=0.0000 | abs_wall_clear_reward=0.0000 | local_nav_reward=0.0000 | abs_local_nav_reward=0.0000 | robot_proximity_reward=-0.7003 | abs_robot_proximity_reward=0.7003 | robot_clearance_reward=-0.1524 | abs_robot_clearance_reward=0.2596 | yield_priority_reward=-0.1337 | abs_yield_priority_reward=0.1337 | context_neighbors_mean=1.91 | context_neighbors_max=4 | last_context_neighbors_mean=0.00 | last_context_neighbors_max=0 | actor_unlocked=0 | expl_noise=0.0800 | replay=809 | interaction_replay=570 | samples/sec=12.242
Episode 12 complete | agent_samples=923 | env_steps=319 | episode_env_steps=37 | episode_agent_samples=114 | mean_reward=76.016 | success=4/5 | collision=1/5 | mean_final_distance=0.404 | mean_progress=0.0073 | min_laser=0.346 | mean_lin=0.821 | mean_ang=-0.605 | mean_robot_dist=inf | raw_reward=20.000 | adjusted_reward=20.000 | coop_agents=0/5 | mean_coop_neighbors=0.00 | active_neighbor_step_rate=0.754 | mean_active_neighbors_step=1.649 | max_active_neighbors_step=4 | interaction_reward=0.0000 | abs_interaction_reward=0.0000 | anti_stag_reward=-0.0465 | abs_anti_stag_reward=0.0465 | wall_clear_reward=0.0000 | abs_wall_clear_reward=0.0000 | local_nav_reward=0.0000 | abs_local_nav_reward=0.0000 | robot_proximity_reward=-0.5138 | abs_robot_proximity_reward=0.5138 | robot_clearance_reward=-0.1131 | abs_robot_clearance_reward=0.1858 | yield_priority_reward=-0.0555 | abs_yield_priority_reward=0.0555 | context_neighbors_mean=1.71 | context_neighbors_max=4 | last_context_neighbors_mean=0.00 | last_context_neighbors_max=0 | actor_unlocked=0 | expl_noise=0.0800 | replay=923 | interaction_replay=625 | samples/sec=12.385
Episode 13 complete | agent_samples=976 | env_steps=334 | episode_env_steps=15 | episode_agent_samples=53 | mean_reward=34.187 | success=3/5 | collision=2/5 | mean_final_distance=0.560 | mean_progress=0.0179 | min_laser=0.317 | mean_lin=0.880 | mean_ang=0.509 | mean_robot_dist=inf | raw_reward=20.000 | adjusted_reward=20.000 | coop_agents=0/5 | mean_coop_neighbors=0.00 | active_neighbor_step_rate=0.868 | mean_active_neighbors_step=2.264 | max_active_neighbors_step=4 | interaction_reward=0.0000 | abs_interaction_reward=0.0000 | anti_stag_reward=0.0000 | abs_anti_stag_reward=0.0000 | wall_clear_reward=0.0000 | abs_wall_clear_reward=0.0000 | local_nav_reward=0.0000 | abs_local_nav_reward=0.0000 | robot_proximity_reward=-0.7351 | abs_robot_proximity_reward=0.7351 | robot_clearance_reward=-0.1887 | abs_robot_clearance_reward=0.2642 | yield_priority_reward=-0.0343 | abs_yield_priority_reward=0.0343 | context_neighbors_mean=2.30 | context_neighbors_max=4 | last_context_neighbors_mean=0.00 | last_context_neighbors_max=0 | actor_unlocked=0 | expl_noise=0.0800 | replay=976 | interaction_replay=671 | samples/sec=12.513
Episode 14 complete | agent_samples=1062 | env_steps=364 | episode_env_steps=30 | episode_agent_samples=86 | mean_reward=113.851 | success=5/5 | collision=0/5 | mean_final_distance=0.264 | mean_progress=0.0048 | min_laser=0.673 | mean_lin=0.528 | mean_ang=-0.922 | mean_robot_dist=inf | raw_reward=20.000 | adjusted_reward=20.000 | coop_agents=0/5 | mean_coop_neighbors=0.00 | active_neighbor_step_rate=0.651 | mean_active_neighbors_step=1.453 | max_active_neighbors_step=4 | interaction_reward=0.0000 | abs_interaction_reward=0.0000 | anti_stag_reward=-0.0244 | abs_anti_stag_reward=0.0244 | wall_clear_reward=0.0000 | abs_wall_clear_reward=0.0000 | local_nav_reward=0.0000 | abs_local_nav_reward=0.0000 | robot_proximity_reward=-0.0419 | abs_robot_proximity_reward=0.0419 | robot_clearance_reward=-0.0057 | abs_robot_clearance_reward=0.0291 | yield_priority_reward=0.0000 | abs_yield_priority_reward=0.0000 | context_neighbors_mean=1.53 | context_neighbors_max=4 | last_context_neighbors_mean=0.00 | last_context_neighbors_max=0 | actor_unlocked=0 | expl_noise=0.0800 | replay=1062 | interaction_replay=726 | samples/sec=12.513
Episode 15 complete | agent_samples=1117 | env_steps=378 | episode_env_steps=14 | episode_agent_samples=55 | mean_reward=-63.981 | success=1/5 | collision=4/5 | mean_final_distance=0.901 | mean_progress=0.0160 | min_laser=0.300 | mean_lin=0.783 | mean_ang=-0.074 | mean_robot_dist=inf | raw_reward=-20.000 | adjusted_reward=-20.000 | coop_agents=0/5 | mean_coop_neighbors=0.00 | active_neighbor_step_rate=0.982 | mean_active_neighbors_step=3.164 | max_active_neighbors_step=4 | interaction_reward=0.0000 | abs_interaction_reward=0.0000 | anti_stag_reward=0.0000 | abs_anti_stag_reward=0.0000 | wall_clear_reward=0.0000 | abs_wall_clear_reward=0.0000 | local_nav_reward=0.0000 | abs_local_nav_reward=0.0000 | robot_proximity_reward=-1.2300 | abs_robot_proximity_reward=1.2300 | robot_clearance_reward=-0.3097 | abs_robot_clearance_reward=0.3097 | yield_priority_reward=-0.0409 | abs_yield_priority_reward=0.0409 | context_neighbors_mean=3.20 | context_neighbors_max=4 | last_context_neighbors_mean=0.00 | last_context_neighbors_max=0 | actor_unlocked=0 | expl_noise=0.0800 | replay=1117 | interaction_replay=780 | samples/sec=12.660
Status | epoch=1 | next_eval_in=8883 agent_samples | checkpoint_every=10 episodes | checkpoint=./checkpoints/independent_dense_actor_from_5a_recovery_v6_cpu_probe_s20260730_latest.pt | model=independent_dense_actor_from_5a_recovery_v6_cpu_probe_s20260730
Coverage | unique_train_scenarios=15/6000 | deep=0 | close=0 | margin=0
Episode 16 complete | agent_samples=1185 | env_steps=403 | episode_env_steps=25 | episode_agent_samples=68 | mean_reward=36.379 | success=3/5 | collision=2/5 | mean_final_distance=0.420 | mean_progress=0.0057 | min_laser=0.300 | mean_lin=0.945 | mean_ang=0.117 | mean_robot_dist=inf | raw_reward=20.000 | adjusted_reward=20.000 | coop_agents=0/5 | mean_coop_neighbors=0.00 | active_neighbor_step_rate=0.618 | mean_active_neighbors_step=1.456 | max_active_neighbors_step=4 | interaction_reward=0.0000 | abs_interaction_reward=0.0000 | anti_stag_reward=-0.0382 | abs_anti_stag_reward=0.0382 | wall_clear_reward=0.0000 | abs_wall_clear_reward=0.0000 | local_nav_reward=0.0000 | abs_local_nav_reward=0.0000 | robot_proximity_reward=-0.5520 | abs_robot_proximity_reward=0.5520 | robot_clearance_reward=-0.1205 | abs_robot_clearance_reward=0.1793 | yield_priority_reward=-0.0431 | abs_yield_priority_reward=0.0431 | context_neighbors_mean=1.54 | context_neighbors_max=4 | last_context_neighbors_mean=0.00 | last_context_neighbors_max=0 | actor_unlocked=0 | expl_noise=0.0800 | replay=1185 | interaction_replay=823 | samples/sec=12.617
Episode 17 complete | agent_samples=1261 | env_steps=438 | episode_env_steps=35 | episode_agent_samples=76 | mean_reward=25.011 | success=3/5 | collision=2/5 | mean_final_distance=0.428 | mean_progress=0.0105 | min_laser=0.300 | mean_lin=0.754 | mean_ang=-0.796 | mean_robot_dist=inf | raw_reward=20.000 | adjusted_reward=20.000 | coop_agents=0/5 | mean_coop_neighbors=0.00 | active_neighbor_step_rate=0.566 | mean_active_neighbors_step=1.474 | max_active_neighbors_step=4 | interaction_reward=0.0000 | abs_interaction_reward=0.0000 | anti_stag_reward=-0.0434 | abs_anti_stag_reward=0.0434 | wall_clear_reward=0.0000 | abs_wall_clear_reward=0.0000 | local_nav_reward=0.0000 | abs_local_nav_reward=0.0000 | robot_proximity_reward=-0.3629 | abs_robot_proximity_reward=0.3629 | robot_clearance_reward=-0.1116 | abs_robot_clearance_reward=0.1506 | yield_priority_reward=-0.0065 | abs_yield_priority_reward=0.0092 | context_neighbors_mean=1.55 | context_neighbors_max=4 | last_context_neighbors_mean=0.00 | last_context_neighbors_max=0 | actor_unlocked=0 | expl_noise=0.0800 | replay=1261 | interaction_replay=861 | samples/sec=12.384
Episode 18 complete | agent_samples=1343 | env_steps=475 | episode_env_steps=37 | episode_agent_samples=82 | mean_reward=121.994 | success=5/5 | collision=0/5 | mean_final_distance=0.242 | mean_progress=0.0038 | min_laser=0.632 | mean_lin=0.988 | mean_ang=0.128 | mean_robot_dist=inf | raw_reward=20.000 | adjusted_reward=20.000 | coop_agents=0/5 | mean_coop_neighbors=0.00 | active_neighbor_step_rate=0.622 | mean_active_neighbors_step=1.537 | max_active_neighbors_step=4 | interaction_reward=0.0000 | abs_interaction_reward=0.0000 | anti_stag_reward=-0.0427 | abs_anti_stag_reward=0.0427 | wall_clear_reward=0.0000 | abs_wall_clear_reward=0.0000 | local_nav_reward=0.0000 | abs_local_nav_reward=0.0000 | robot_proximity_reward=-0.1723 | abs_robot_proximity_reward=0.1723 | robot_clearance_reward=-0.0499 | abs_robot_clearance_reward=0.1060 | yield_priority_reward=-0.0023 | abs_yield_priority_reward=0.0023 | context_neighbors_mean=1.61 | context_neighbors_max=4 | last_context_neighbors_mean=0.00 | last_context_neighbors_max=0 | actor_unlocked=0 | expl_noise=0.0800 | replay=1343 | interaction_replay=908 | samples/sec=12.177
Episode 19 complete | agent_samples=1403 | env_steps=495 | episode_env_steps=20 | episode_agent_samples=60 | mean_reward=64.744 | success=4/5 | collision=1/5 | mean_final_distance=0.296 | mean_progress=0.0043 | min_laser=0.336 | mean_lin=0.733 | mean_ang=-0.217 | mean_robot_dist=inf | raw_reward=20.000 | adjusted_reward=20.000 | coop_agents=0/5 | mean_coop_neighbors=0.00 | active_neighbor_step_rate=0.767 | mean_active_neighbors_step=1.967 | max_active_neighbors_step=4 | interaction_reward=0.0000 | abs_interaction_reward=0.0000 | anti_stag_reward=0.0000 | abs_anti_stag_reward=0.0000 | wall_clear_reward=0.0000 | abs_wall_clear_reward=0.0000 | local_nav_reward=0.0000 | abs_local_nav_reward=0.0000 | robot_proximity_reward=-1.0069 | abs_robot_proximity_reward=1.0069 | robot_clearance_reward=-0.2359 | abs_robot_clearance_reward=0.3359 | yield_priority_reward=-0.0759 | abs_yield_priority_reward=0.0759 | context_neighbors_mean=2.05 | context_neighbors_max=4 | last_context_neighbors_mean=0.00 | last_context_neighbors_max=0 | actor_unlocked=0 | expl_noise=0.0800 | replay=1403 | interaction_replay=956 | samples/sec=12.201
Episode 20 complete | agent_samples=1454 | env_steps=507 | episode_env_steps=12 | episode_agent_samples=51 | mean_reward=73.368 | success=4/5 | collision=1/5 | mean_final_distance=0.609 | mean_progress=0.0201 | min_laser=0.345 | mean_lin=0.804 | mean_ang=0.027 | mean_robot_dist=inf | raw_reward=20.000 | adjusted_reward=20.000 | coop_agents=0/5 | mean_coop_neighbors=0.00 | active_neighbor_step_rate=0.922 | mean_active_neighbors_step=1.804 | max_active_neighbors_step=3 | interaction_reward=0.0000 | abs_interaction_reward=0.0000 | anti_stag_reward=-0.0020 | abs_anti_stag_reward=0.0020 | wall_clear_reward=0.0000 | abs_wall_clear_reward=0.0000 | local_nav_reward=0.0000 | abs_local_nav_reward=0.0000 | robot_proximity_reward=-0.6049 | abs_robot_proximity_reward=0.6049 | robot_clearance_reward=-0.1921 | abs_robot_clearance_reward=0.2313 | yield_priority_reward=-0.0434 | abs_yield_priority_reward=0.0456 | context_neighbors_mean=1.88 | context_neighbors_max=3 | last_context_neighbors_mean=0.00 | last_context_neighbors_max=0 | actor_unlocked=0 | expl_noise=0.0800 | replay=1454 | interaction_replay=999 | samples/sec=12.334
Status | epoch=1 | next_eval_in=8546 agent_samples | checkpoint_every=10 episodes | checkpoint=./checkpoints/independent_dense_actor_from_5a_recovery_v6_cpu_probe_s20260730_latest.pt | model=independent_dense_actor_from_5a_recovery_v6_cpu_probe_s20260730
Coverage | unique_train_scenarios=20/6000 | deep=0 | close=0 | margin=0
Checkpoint saved: ./checkpoints/independent_dense_actor_from_5a_recovery_v6_cpu_probe_s20260730_latest.pt
Episode 21 complete | agent_samples=1586 | env_steps=571 | episode_env_steps=64 | episode_agent_samples=132 | mean_reward=18.072 | success=3/5 | collision=2/5 | mean_final_distance=0.313 | mean_progress=0.0001 | min_laser=0.331 | mean_lin=0.741 | mean_ang=0.051 | mean_robot_dist=inf | raw_reward=-20.000 | adjusted_reward=-20.000 | coop_agents=0/5 | mean_coop_neighbors=0.00 | active_neighbor_step_rate=0.477 | mean_active_neighbors_step=1.152 | max_active_neighbors_step=4 | interaction_reward=0.0000 | abs_interaction_reward=0.0000 | anti_stag_reward=-0.0530 | abs_anti_stag_reward=0.0530 | wall_clear_reward=0.0000 | abs_wall_clear_reward=0.0000 | local_nav_reward=0.0000 | abs_local_nav_reward=0.0000 | robot_proximity_reward=-0.7784 | abs_robot_proximity_reward=0.7784 | robot_clearance_reward=-0.1923 | abs_robot_clearance_reward=0.2244 | yield_priority_reward=-0.0224 | abs_yield_priority_reward=0.0716 | context_neighbors_mean=1.21 | context_neighbors_max=4 | last_context_neighbors_mean=0.00 | last_context_neighbors_max=0 | actor_unlocked=0 | expl_noise=0.0800 | replay=1586 | interaction_replay=1064 | samples/sec=11.977
Episode 22 complete | agent_samples=1664 | env_steps=595 | episode_env_steps=24 | episode_agent_samples=78 | mean_reward=23.127 | success=3/5 | collision=2/5 | mean_final_distance=0.457 | mean_progress=0.0220 | min_laser=0.303 | mean_lin=0.976 | mean_ang=-0.115 | mean_robot_dist=inf | raw_reward=20.000 | adjusted_reward=20.000 | coop_agents=0/5 | mean_coop_neighbors=0.00 | active_neighbor_step_rate=0.756 | mean_active_neighbors_step=1.897 | max_active_neighbors_step=4 | interaction_reward=0.0000 | abs_interaction_reward=0.0000 | anti_stag_reward=0.0000 | abs_anti_stag_reward=0.0000 | wall_clear_reward=0.0000 | abs_wall_clear_reward=0.0000 | local_nav_reward=0.0000 | abs_local_nav_reward=0.0000 | robot_proximity_reward=-0.7888 | abs_robot_proximity_reward=0.7888 | robot_clearance_reward=-0.1481 | abs_robot_clearance_reward=0.2260 | yield_priority_reward=-0.0390 | abs_yield_priority_reward=0.0583 | context_neighbors_mean=1.97 | context_neighbors_max=4 | last_context_neighbors_mean=0.00 | last_context_neighbors_max=0 | actor_unlocked=0 | expl_noise=0.0800 | replay=1664 | interaction_replay=1118 | samples/sec=12.063
Episode 23 complete | agent_samples=1795 | env_steps=682 | episode_env_steps=87 | episode_agent_samples=131 | mean_reward=69.555 | success=4/5 | collision=1/5 | mean_final_distance=0.490 | mean_progress=0.0075 | min_laser=0.340 | mean_lin=0.947 | mean_ang=0.591 | mean_robot_dist=inf | raw_reward=20.000 | adjusted_reward=20.000 | coop_agents=0/5 | mean_coop_neighbors=0.00 | active_neighbor_step_rate=0.305 | mean_active_neighbors_step=0.733 | max_active_neighbors_step=4 | interaction_reward=0.0000 | abs_interaction_reward=0.0000 | anti_stag_reward=-0.0542 | abs_anti_stag_reward=0.0542 | wall_clear_reward=0.0000 | abs_wall_clear_reward=0.0000 | local_nav_reward=0.0000 | abs_local_nav_reward=0.0000 | robot_proximity_reward=-0.3689 | abs_robot_proximity_reward=0.3689 | robot_clearance_reward=-0.1131 | abs_robot_clearance_reward=0.1327 | yield_priority_reward=-0.0102 | abs_yield_priority_reward=0.0102 | context_neighbors_mean=0.77 | context_neighbors_max=4 | last_context_neighbors_mean=0.00 | last_context_neighbors_max=0 | actor_unlocked=0 | expl_noise=0.0800 | replay=1795 | interaction_replay=1159 | samples/sec=11.399
Episode 24 complete | agent_samples=1877 | env_steps=721 | episode_env_steps=39 | episode_agent_samples=82 | mean_reward=114.735 | success=5/5 | collision=0/5 | mean_final_distance=0.259 | mean_progress=0.0140 | min_laser=0.414 | mean_lin=0.918 | mean_ang=-0.082 | mean_robot_dist=inf | raw_reward=20.000 | adjusted_reward=20.000 | coop_agents=0/5 | mean_coop_neighbors=0.00 | active_neighbor_step_rate=0.683 | mean_active_neighbors_step=1.646 | max_active_neighbors_step=4 | interaction_reward=0.0000 | abs_interaction_reward=0.0000 | anti_stag_reward=-0.0024 | abs_anti_stag_reward=0.0024 | wall_clear_reward=0.0000 | abs_wall_clear_reward=0.0000 | local_nav_reward=0.0000 | abs_local_nav_reward=0.0000 | robot_proximity_reward=-0.3101 | abs_robot_proximity_reward=0.3101 | robot_clearance_reward=-0.1335 | abs_robot_clearance_reward=0.1579 | yield_priority_reward=-0.0487 | abs_yield_priority_reward=0.0492 | context_neighbors_mean=1.68 | context_neighbors_max=4 | last_context_neighbors_mean=0.00 | last_context_neighbors_max=0 | actor_unlocked=0 | expl_noise=0.0800 | replay=1877 | interaction_replay=1206 | samples/sec=11.281
Episode 25 complete | agent_samples=1956 | env_steps=744 | episode_env_steps=23 | episode_agent_samples=79 | mean_reward=6.006 | success=2/5 | collision=3/5 | mean_final_distance=0.520 | mean_progress=0.0110 | min_laser=0.300 | mean_lin=0.606 | mean_ang=0.520 | mean_robot_dist=inf | raw_reward=-20.000 | adjusted_reward=-20.000 | coop_agents=0/5 | mean_coop_neighbors=0.00 | active_neighbor_step_rate=0.810 | mean_active_neighbors_step=2.101 | max_active_neighbors_step=4 | interaction_reward=0.0000 | abs_interaction_reward=0.0000 | anti_stag_reward=-0.0038 | abs_anti_stag_reward=0.0038 | wall_clear_reward=0.0000 | abs_wall_clear_reward=0.0000 | local_nav_reward=0.0000 | abs_local_nav_reward=0.0000 | robot_proximity_reward=-0.3514 | abs_robot_proximity_reward=0.3514 | robot_clearance_reward=-0.0920 | abs_robot_clearance_reward=0.1173 | yield_priority_reward=-0.0254 | abs_yield_priority_reward=0.0254 | context_neighbors_mean=2.18 | context_neighbors_max=4 | last_context_neighbors_mean=0.00 | last_context_neighbors_max=0 | actor_unlocked=0 | expl_noise=0.0800 | replay=1956 | interaction_replay=1268 | samples/sec=11.383
Status | epoch=1 | next_eval_in=8044 agent_samples | checkpoint_every=10 episodes | checkpoint=./checkpoints/independent_dense_actor_from_5a_recovery_v6_cpu_probe_s20260730_latest.pt | model=independent_dense_actor_from_5a_recovery_v6_cpu_probe_s20260730
Coverage | unique_train_scenarios=25/6000 | deep=0 | close=0 | margin=0
Episode 26 complete | agent_samples=2029 | env_steps=775 | episode_env_steps=31 | episode_agent_samples=73 | mean_reward=22.973 | success=3/5 | collision=2/5 | mean_final_distance=0.495 | mean_progress=0.0154 | min_laser=0.300 | mean_lin=0.983 | mean_ang=-0.614 | mean_robot_dist=inf | raw_reward=20.000 | adjusted_reward=20.000 | coop_agents=0/5 | mean_coop_neighbors=0.00 | active_neighbor_step_rate=0.712 | mean_active_neighbors_step=1.918 | max_active_neighbors_step=4 | interaction_reward=0.0000 | abs_interaction_reward=0.0000 | anti_stag_reward=-0.0438 | abs_anti_stag_reward=0.0438 | wall_clear_reward=0.0000 | abs_wall_clear_reward=0.0000 | local_nav_reward=0.0000 | abs_local_nav_reward=0.0000 | robot_proximity_reward=-0.5671 | abs_robot_proximity_reward=0.5671 | robot_clearance_reward=-0.1911 | abs_robot_clearance_reward=0.1979 | yield_priority_reward=-0.0415 | abs_yield_priority_reward=0.0415 | context_neighbors_mean=1.97 | context_neighbors_max=4 | last_context_neighbors_mean=0.00 | last_context_neighbors_max=0 | actor_unlocked=0 | expl_noise=0.0800 | replay=2029 | interaction_replay=1316 | samples/sec=11.333
Episode 27 complete | agent_samples=2122 | env_steps=825 | episode_env_steps=50 | episode_agent_samples=93 | mean_reward=12.255 | success=3/5 | collision=2/5 | mean_final_distance=0.599 | mean_progress=0.0073 | min_laser=0.300 | mean_lin=0.747 | mean_ang=-0.254 | mean_robot_dist=inf | raw_reward=20.000 | adjusted_reward=20.000 | coop_agents=0/5 | mean_coop_neighbors=0.00 | active_neighbor_step_rate=0.495 | mean_active_neighbors_step=1.118 | max_active_neighbors_step=4 | interaction_reward=0.0000 | abs_interaction_reward=0.0000 | anti_stag_reward=-0.0656 | abs_anti_stag_reward=0.0656 | wall_clear_reward=0.0000 | abs_wall_clear_reward=0.0000 | local_nav_reward=0.0000 | abs_local_nav_reward=0.0000 | robot_proximity_reward=-0.7753 | abs_robot_proximity_reward=0.7753 | robot_clearance_reward=-0.1716 | abs_robot_clearance_reward=0.1776 | yield_priority_reward=-0.0570 | abs_yield_priority_reward=0.0570 | context_neighbors_mean=1.17 | context_neighbors_max=4 | last_context_neighbors_mean=0.00 | last_context_neighbors_max=0 | actor_unlocked=0 | expl_noise=0.0800 | replay=2122 | interaction_replay=1364 | samples/sec=11.145
Episode 28 complete | agent_samples=2183 | env_steps=839 | episode_env_steps=14 | episode_agent_samples=61 | mean_reward=82.877 | success=4/5 | collision=1/5 | mean_final_distance=0.443 | mean_progress=0.0237 | min_laser=0.338 | mean_lin=0.824 | mean_ang=0.015 | mean_robot_dist=inf | raw_reward=40.000 | adjusted_reward=40.000 | coop_agents=1/5 | mean_coop_neighbors=0.20 | active_neighbor_step_rate=0.934 | mean_active_neighbors_step=2.328 | max_active_neighbors_step=4 | interaction_reward=0.0000 | abs_interaction_reward=0.0000 | anti_stag_reward=0.0000 | abs_anti_stag_reward=0.0000 | wall_clear_reward=0.0000 | abs_wall_clear_reward=0.0000 | local_nav_reward=0.0000 | abs_local_nav_reward=0.0000 | robot_proximity_reward=-0.4696 | abs_robot_proximity_reward=0.4696 | robot_clearance_reward=-0.1265 | abs_robot_clearance_reward=0.1593 | yield_priority_reward=-0.0347 | abs_yield_priority_reward=0.0353 | context_neighbors_mean=2.41 | context_neighbors_max=4 | last_context_neighbors_mean=0.00 | last_context_neighbors_max=0 | actor_unlocked=0 | expl_noise=0.0800 | replay=2183 | interaction_replay=1404 | samples/sec=11.264
Episode 29 complete | agent_samples=2307 | env_steps=889 | episode_env_steps=50 | episode_agent_samples=124 | mean_reward=30.073 | success=3/5 | collision=2/5 | mean_final_distance=0.503 | mean_progress=0.0012 | min_laser=0.300 | mean_lin=0.589 | mean_ang=0.157 | mean_robot_dist=inf | raw_reward=20.000 | adjusted_reward=20.000 | coop_agents=0/5 | mean_coop_neighbors=0.00 | active_neighbor_step_rate=0.718 | mean_active_neighbors_step=1.339 | max_active_neighbors_step=4 | interaction_reward=0.0000 | abs_interaction_reward=0.0000 | anti_stag_reward=-0.0685 | abs_anti_stag_reward=0.0685 | wall_clear_reward=0.0000 | abs_wall_clear_reward=0.0000 | local_nav_reward=0.0000 | abs_local_nav_reward=0.0000 | robot_proximity_reward=-0.2713 | abs_robot_proximity_reward=0.2713 | robot_clearance_reward=-0.0661 | abs_robot_clearance_reward=0.0939 | yield_priority_reward=-0.1729 | abs_yield_priority_reward=0.1729 | context_neighbors_mean=1.36 | context_neighbors_max=4 | last_context_neighbors_mean=0.00 | last_context_neighbors_max=0 | actor_unlocked=0 | expl_noise=0.0800 | replay=2307 | interaction_replay=1466 | samples/sec=11.241
Episode 30 complete | agent_samples=2368 | env_steps=918 | episode_env_steps=29 | episode_agent_samples=61 | mean_reward=-10.556 | success=2/5 | collision=3/5 | mean_final_distance=0.788 | mean_progress=0.0146 | min_laser=0.300 | mean_lin=0.735 | mean_ang=-0.306 | mean_robot_dist=inf | raw_reward=20.000 | adjusted_reward=20.000 | coop_agents=0/5 | mean_coop_neighbors=0.00 | active_neighbor_step_rate=0.623 | mean_active_neighbors_step=2.000 | max_active_neighbors_step=4 | interaction_reward=0.0000 | abs_interaction_reward=0.0000 | anti_stag_reward=-0.0049 | abs_anti_stag_reward=0.0049 | wall_clear_reward=0.0000 | abs_wall_clear_reward=0.0000 | local_nav_reward=0.0000 | abs_local_nav_reward=0.0000 | robot_proximity_reward=-0.9687 | abs_robot_proximity_reward=0.9687 | robot_clearance_reward=-0.2459 | abs_robot_clearance_reward=0.2787 | yield_priority_reward=-0.0231 | abs_yield_priority_reward=0.0231 | context_neighbors_mean=2.03 | context_neighbors_max=4 | last_context_neighbors_mean=0.00 | last_context_neighbors_max=0 | actor_unlocked=0 | expl_noise=0.0799 | replay=2368 | interaction_replay=1505 | samples/sec=11.180
Status | epoch=1 | next_eval_in=7632 agent_samples | checkpoint_every=10 episodes | checkpoint=./checkpoints/independent_dense_actor_from_5a_recovery_v6_cpu_probe_s20260730_latest.pt | model=independent_dense_actor_from_5a_recovery_v6_cpu_probe_s20260730
Coverage | unique_train_scenarios=30/6000 | deep=0 | close=0 | margin=0
Checkpoint saved: ./checkpoints/independent_dense_actor_from_5a_recovery_v6_cpu_probe_s20260730_latest.pt
Episode 31 complete | agent_samples=2454 | env_steps=958 | episode_env_steps=40 | episode_agent_samples=86 | mean_reward=25.740 | success=3/5 | collision=2/5 | mean_final_distance=0.467 | mean_progress=0.0023 | min_laser=0.300 | mean_lin=0.778 | mean_ang=-0.421 | mean_robot_dist=inf | raw_reward=20.000 | adjusted_reward=20.000 | coop_agents=0/5 | mean_coop_neighbors=0.00 | active_neighbor_step_rate=0.663 | mean_active_neighbors_step=2.070 | max_active_neighbors_step=4 | interaction_reward=0.0000 | abs_interaction_reward=0.0000 | anti_stag_reward=-0.0477 | abs_anti_stag_reward=0.0477 | wall_clear_reward=0.0000 | abs_wall_clear_reward=0.0000 | local_nav_reward=0.0000 | abs_local_nav_reward=0.0000 | robot_proximity_reward=-0.4991 | abs_robot_proximity_reward=0.4991 | robot_clearance_reward=-0.1742 | abs_robot_clearance_reward=0.1742 | yield_priority_reward=-0.0093 | abs_yield_priority_reward=0.0093 | context_neighbors_mean=2.09 | context_neighbors_max=4 | last_context_neighbors_mean=0.00 | last_context_neighbors_max=0 | actor_unlocked=0 | expl_noise=0.0799 | replay=2454 | interaction_replay=1558 | samples/sec=11.108
Episode 32 complete | agent_samples=2546 | env_steps=997 | episode_env_steps=39 | episode_agent_samples=92 | mean_reward=69.204 | success=4/5 | collision=1/5 | mean_final_distance=0.296 | mean_progress=0.0052 | min_laser=0.322 | mean_lin=0.896 | mean_ang=0.554 | mean_robot_dist=inf | raw_reward=20.000 | adjusted_reward=20.000 | coop_agents=0/5 | mean_coop_neighbors=0.00 | active_neighbor_step_rate=0.772 | mean_active_neighbors_step=1.609 | max_active_neighbors_step=4 | interaction_reward=0.0000 | abs_interaction_reward=0.0000 | anti_stag_reward=-0.0304 | abs_anti_stag_reward=0.0304 | wall_clear_reward=0.0000 | abs_wall_clear_reward=0.0000 | local_nav_reward=0.0000 | abs_local_nav_reward=0.0000 | robot_proximity_reward=-0.5929 | abs_robot_proximity_reward=0.5929 | robot_clearance_reward=-0.1730 | abs_robot_clearance_reward=0.2165 | yield_priority_reward=-0.0776 | abs_yield_priority_reward=0.0776 | context_neighbors_mean=1.68 | context_neighbors_max=4 | last_context_neighbors_mean=0.00 | last_context_neighbors_max=0 | actor_unlocked=0 | expl_noise=0.0799 | replay=2546 | interaction_replay=1615 | samples/sec=11.076
Episode 33 complete | agent_samples=2725 | env_steps=1072 | episode_env_steps=75 | episode_agent_samples=179 | mean_reward=105.172 | success=5/5 | collision=0/5 | mean_final_distance=0.276 | mean_progress=0.0052 | min_laser=0.536 | mean_lin=0.604 | mean_ang=-0.819 | mean_robot_dist=inf | raw_reward=20.000 | adjusted_reward=20.000 | coop_agents=0/5 | mean_coop_neighbors=0.00 | active_neighbor_step_rate=0.559 | mean_active_neighbors_step=1.156 | max_active_neighbors_step=4 | interaction_reward=0.0000 | abs_interaction_reward=0.0000 | anti_stag_reward=-0.0542 | abs_anti_stag_reward=0.0542 | wall_clear_reward=0.0000 | abs_wall_clear_reward=0.0000 | local_nav_reward=0.0000 | abs_local_nav_reward=0.0000 | robot_proximity_reward=-0.2665 | abs_robot_proximity_reward=0.2665 | robot_clearance_reward=-0.0329 | abs_robot_clearance_reward=0.0959 | yield_priority_reward=-0.0585 | abs_yield_priority_reward=0.0837 | context_neighbors_mean=1.20 | context_neighbors_max=4 | last_context_neighbors_mean=0.00 | last_context_neighbors_max=0 | actor_unlocked=0 | expl_noise=0.0799 | replay=2725 | interaction_replay=1700 | samples/sec=11.040
Episode 34 complete | agent_samples=2807 | env_steps=1105 | episode_env_steps=33 | episode_agent_samples=82 | mean_reward=63.091 | success=4/5 | collision=1/5 | mean_final_distance=0.238 | mean_progress=0.0235 | min_laser=0.300 | mean_lin=0.979 | mean_ang=-0.150 | mean_robot_dist=inf | raw_reward=20.000 | adjusted_reward=20.000 | coop_agents=0/5 | mean_coop_neighbors=0.00 | active_neighbor_step_rate=0.744 | mean_active_neighbors_step=2.085 | max_active_neighbors_step=4 | interaction_reward=0.0000 | abs_interaction_reward=0.0000 | anti_stag_reward=0.0000 | abs_anti_stag_reward=0.0000 | wall_clear_reward=0.0000 | abs_wall_clear_reward=0.0000 | local_nav_reward=0.0000 | abs_local_nav_reward=0.0000 | robot_proximity_reward=-0.6734 | abs_robot_proximity_reward=0.6734 | robot_clearance_reward=-0.1196 | abs_robot_clearance_reward=0.2171 | yield_priority_reward=0.0036 | abs_yield_priority_reward=0.0367 | context_neighbors_mean=2.15 | context_neighbors_max=4 | last_context_neighbors_mean=0.00 | last_context_neighbors_max=0 | actor_unlocked=0 | expl_noise=0.0799 | replay=2807 | interaction_replay=1757 | samples/sec=11.034
Episode 35 complete | agent_samples=2860 | env_steps=1120 | episode_env_steps=15 | episode_agent_samples=53 | mean_reward=-61.391 | success=1/5 | collision=4/5 | mean_final_distance=0.764 | mean_progress=0.0123 | min_laser=0.300 | mean_lin=0.683 | mean_ang=-0.202 | mean_robot_dist=inf | raw_reward=-20.000 | adjusted_reward=-20.000 | coop_agents=0/5 | mean_coop_neighbors=0.00 | active_neighbor_step_rate=0.887 | mean_active_neighbors_step=2.377 | max_active_neighbors_step=4 | interaction_reward=0.0000 | abs_interaction_reward=0.0000 | anti_stag_reward=-0.0057 | abs_anti_stag_reward=0.0057 | wall_clear_reward=0.0000 | abs_wall_clear_reward=0.0000 | local_nav_reward=0.0000 | abs_local_nav_reward=0.0000 | robot_proximity_reward=-1.2700 | abs_robot_proximity_reward=1.2700 | robot_clearance_reward=-0.3693 | abs_robot_clearance_reward=0.4070 | yield_priority_reward=-0.0470 | abs_yield_priority_reward=0.0473 | context_neighbors_mean=2.42 | context_neighbors_max=4 | last_context_neighbors_mean=0.00 | last_context_neighbors_max=0 | actor_unlocked=0 | expl_noise=0.0799 | replay=2860 | interaction_replay=1805 | samples/sec=11.093
Status | epoch=1 | next_eval_in=7140 agent_samples | checkpoint_every=10 episodes | checkpoint=./checkpoints/independent_dense_actor_from_5a_recovery_v6_cpu_probe_s20260730_latest.pt | model=independent_dense_actor_from_5a_recovery_v6_cpu_probe_s20260730
Coverage | unique_train_scenarios=35/6000 | deep=0 | close=0 | margin=0
Episode 36 complete | agent_samples=2920 | env_steps=1139 | episode_env_steps=19 | episode_agent_samples=60 | mean_reward=111.649 | success=5/5 | collision=0/5 | mean_final_distance=0.260 | mean_progress=0.0108 | min_laser=0.450 | mean_lin=0.776 | mean_ang=-0.532 | mean_robot_dist=inf | raw_reward=20.000 | adjusted_reward=20.000 | coop_agents=0/5 | mean_coop_neighbors=0.00 | active_neighbor_step_rate=0.783 | mean_active_neighbors_step=2.033 | max_active_neighbors_step=4 | interaction_reward=0.0000 | abs_interaction_reward=0.0000 | anti_stag_reward=0.0000 | abs_anti_stag_reward=0.0000 | wall_clear_reward=0.0000 | abs_wall_clear_reward=0.0000 | local_nav_reward=0.0000 | abs_local_nav_reward=0.0000 | robot_proximity_reward=-0.3097 | abs_robot_proximity_reward=0.3097 | robot_clearance_reward=-0.0962 | abs_robot_clearance_reward=0.1962 | yield_priority_reward=-0.0059 | abs_yield_priority_reward=0.0059 | context_neighbors_mean=2.17 | context_neighbors_max=4 | last_context_neighbors_mean=0.00 | last_context_neighbors_max=0 | actor_unlocked=0 | expl_noise=0.0799 | replay=2920 | interaction_replay=1848 | samples/sec=11.137
Episode 37 complete | agent_samples=2985 | env_steps=1159 | episode_env_steps=20 | episode_agent_samples=65 | mean_reward=32.675 | success=3/5 | collision=2/5 | mean_final_distance=0.716 | mean_progress=0.0194 | min_laser=0.300 | mean_lin=0.995 | mean_ang=-0.291 | mean_robot_dist=inf | raw_reward=20.000 | adjusted_reward=20.000 | coop_agents=0/5 | mean_coop_neighbors=0.00 | active_neighbor_step_rate=0.692 | mean_active_neighbors_step=1.646 | max_active_neighbors_step=4 | interaction_reward=0.0000 | abs_interaction_reward=0.0000 | anti_stag_reward=-0.0169 | abs_anti_stag_reward=0.0169 | wall_clear_reward=0.0000 | abs_wall_clear_reward=0.0000 | local_nav_reward=0.0000 | abs_local_nav_reward=0.0000 | robot_proximity_reward=-0.5468 | abs_robot_proximity_reward=0.5468 | robot_clearance_reward=-0.1465 | abs_robot_clearance_reward=0.2133 | yield_priority_reward=-0.0706 | abs_yield_priority_reward=0.0706 | context_neighbors_mean=1.68 | context_neighbors_max=4 | last_context_neighbors_mean=0.00 | last_context_neighbors_max=0 | actor_unlocked=0 | expl_noise=0.0799 | replay=2985 | interaction_replay=1887 | samples/sec=11.188
Episode 38 complete | agent_samples=3057 | env_steps=1185 | episode_env_steps=26 | episode_agent_samples=72 | mean_reward=69.025 | success=4/5 | collision=1/5 | mean_final_distance=0.391 | mean_progress=0.0050 | min_laser=0.325 | mean_lin=0.758 | mean_ang=-0.026 | mean_robot_dist=inf | raw_reward=20.000 | adjusted_reward=20.000 | coop_agents=0/5 | mean_coop_neighbors=0.00 | active_neighbor_step_rate=0.778 | mean_active_neighbors_step=2.181 | max_active_neighbors_step=4 | interaction_reward=0.0000 | abs_interaction_reward=0.0000 | anti_stag_reward=-0.0444 | abs_anti_stag_reward=0.0444 | wall_clear_reward=0.0000 | abs_wall_clear_reward=0.0000 | local_nav_reward=0.0000 | abs_local_nav_reward=0.0000 | robot_proximity_reward=-0.5180 | abs_robot_proximity_reward=0.5180 | robot_clearance_reward=-0.1870 | abs_robot_clearance_reward=0.2703 | yield_priority_reward=-0.0776 | abs_yield_priority_reward=0.0795 | context_neighbors_mean=2.24 | context_neighbors_max=4 | last_context_neighbors_mean=0.00 | last_context_neighbors_max=0 | actor_unlocked=0 | expl_noise=0.0799 | replay=3057 | interaction_replay=1944 | samples/sec=11.205
Episode 39 complete | agent_samples=3118 | env_steps=1205 | episode_env_steps=20 | episode_agent_samples=61 | mean_reward=-25.696 | success=2/5 | collision=3/5 | mean_final_distance=0.896 | mean_progress=0.0063 | min_laser=0.319 | mean_lin=0.758 | mean_ang=0.611 | mean_robot_dist=inf | raw_reward=-20.000 | adjusted_reward=-20.000 | coop_agents=0/5 | mean_coop_neighbors=0.00 | active_neighbor_step_rate=0.934 | mean_active_neighbors_step=2.164 | max_active_neighbors_step=4 | interaction_reward=0.0000 | abs_interaction_reward=0.0000 | anti_stag_reward=-0.0082 | abs_anti_stag_reward=0.0082 | wall_clear_reward=0.0000 | abs_wall_clear_reward=0.0000 | local_nav_reward=0.0000 | abs_local_nav_reward=0.0000 | robot_proximity_reward=-0.6817 | abs_robot_proximity_reward=0.6817 | robot_clearance_reward=-0.1843 | abs_robot_clearance_reward=0.2171 | yield_priority_reward=-0.0947 | abs_yield_priority_reward=0.0952 | context_neighbors_mean=2.16 | context_neighbors_max=4 | last_context_neighbors_mean=0.00 | last_context_neighbors_max=0 | actor_unlocked=0 | expl_noise=0.0799 | replay=3118 | interaction_replay=1989 | samples/sec=11.240
Episode 40 complete | agent_samples=3241 | env_steps=1267 | episode_env_steps=62 | episode_agent_samples=123 | mean_reward=113.852 | success=5/5 | collision=0/5 | mean_final_distance=0.261 | mean_progress=0.0203 | min_laser=0.554 | mean_lin=0.790 | mean_ang=-0.200 | mean_robot_dist=inf | raw_reward=20.000 | adjusted_reward=20.000 | coop_agents=0/5 | mean_coop_neighbors=0.00 | active_neighbor_step_rate=0.577 | mean_active_neighbors_step=1.463 | max_active_neighbors_step=4 | interaction_reward=0.0000 | abs_interaction_reward=0.0000 | anti_stag_reward=-0.0398 | abs_anti_stag_reward=0.0398 | wall_clear_reward=0.0000 | abs_wall_clear_reward=0.0000 | local_nav_reward=0.0000 | abs_local_nav_reward=0.0000 | robot_proximity_reward=-0.3306 | abs_robot_proximity_reward=0.3306 | robot_clearance_reward=-0.0940 | abs_robot_clearance_reward=0.1330 | yield_priority_reward=-0.0323 | abs_yield_priority_reward=0.0323 | context_neighbors_mean=1.52 | context_neighbors_max=4 | last_context_neighbors_mean=0.00 | last_context_neighbors_max=0 | actor_unlocked=0 | expl_noise=0.0799 | replay=3241 | interaction_replay=2062 | samples/sec=11.122
Status | epoch=1 | next_eval_in=6759 agent_samples | checkpoint_every=10 episodes | checkpoint=./checkpoints/independent_dense_actor_from_5a_recovery_v6_cpu_probe_s20260730_latest.pt | model=independent_dense_actor_from_5a_recovery_v6_cpu_probe_s20260730
Coverage | unique_train_scenarios=40/6000 | deep=0 | close=0 | margin=0
Checkpoint saved: ./checkpoints/independent_dense_actor_from_5a_recovery_v6_cpu_probe_s20260730_latest.pt
Episode 41 complete | agent_samples=3292 | env_steps=1287 | episode_env_steps=20 | episode_agent_samples=51 | mean_reward=-12.942 | success=2/5 | collision=3/5 | mean_final_distance=1.077 | mean_progress=0.0268 | min_laser=0.300 | mean_lin=0.621 | mean_ang=-0.071 | mean_robot_dist=inf | raw_reward=20.000 | adjusted_reward=20.000 | coop_agents=0/5 | mean_coop_neighbors=0.00 | active_neighbor_step_rate=0.608 | mean_active_neighbors_step=2.059 | max_active_neighbors_step=4 | interaction_reward=0.0000 | abs_interaction_reward=0.0000 | anti_stag_reward=0.0000 | abs_anti_stag_reward=0.0000 | wall_clear_reward=0.0000 | abs_wall_clear_reward=0.0000 | local_nav_reward=0.0000 | abs_local_nav_reward=0.0000 | robot_proximity_reward=-1.1422 | abs_robot_proximity_reward=1.1422 | robot_clearance_reward=-0.3137 | abs_robot_clearance_reward=0.3137 | yield_priority_reward=-0.0379 | abs_yield_priority_reward=0.0379 | context_neighbors_mean=2.10 | context_neighbors_max=4 | last_context_neighbors_mean=0.00 | last_context_neighbors_max=0 | actor_unlocked=0 | expl_noise=0.0799 | replay=3292 | interaction_replay=2094 | samples/sec=11.119
Episode 42 complete | agent_samples=3364 | env_steps=1308 | episode_env_steps=21 | episode_agent_samples=72 | mean_reward=131.415 | success=5/5 | collision=0/5 | mean_final_distance=0.268 | mean_progress=0.0177 | min_laser=0.528 | mean_lin=0.907 | mean_ang=0.525 | mean_robot_dist=inf | raw_reward=20.000 | adjusted_reward=20.000 | coop_agents=0/5 | mean_coop_neighbors=0.00 | active_neighbor_step_rate=0.625 | mean_active_neighbors_step=1.083 | max_active_neighbors_step=3 | interaction_reward=0.0000 | abs_interaction_reward=0.0000 | anti_stag_reward=-0.0042 | abs_anti_stag_reward=0.0042 | wall_clear_reward=0.0000 | abs_wall_clear_reward=0.0000 | local_nav_reward=0.0000 | abs_local_nav_reward=0.0000 | robot_proximity_reward=-0.3041 | abs_robot_proximity_reward=0.3041 | robot_clearance_reward=-0.0356 | abs_robot_clearance_reward=0.0750 | yield_priority_reward=-0.0174 | abs_yield_priority_reward=0.0174 | context_neighbors_mean=1.11 | context_neighbors_max=3 | last_context_neighbors_mean=0.00 | last_context_neighbors_max=0 | actor_unlocked=0 | expl_noise=0.0799 | replay=3364 | interaction_replay=2138 | samples/sec=11.181
Episode 43 complete | agent_samples=3502 | env_steps=1387 | episode_env_steps=79 | episode_agent_samples=138 | mean_reward=14.602 | success=3/5 | collision=2/5 | mean_final_distance=0.475 | mean_progress=0.0008 | min_laser=0.301 | mean_lin=0.595 | mean_ang=-0.164 | mean_robot_dist=inf | raw_reward=20.000 | adjusted_reward=20.000 | coop_agents=0/5 | mean_coop_neighbors=0.00 | active_neighbor_step_rate=0.435 | mean_active_neighbors_step=1.065 | max_active_neighbors_step=4 | interaction_reward=0.0000 | abs_interaction_reward=0.0000 | anti_stag_reward=-0.0688 | abs_anti_stag_reward=0.0688 | wall_clear_reward=0.0000 | abs_wall_clear_reward=0.0000 | local_nav_reward=0.0000 | abs_local_nav_reward=0.0000 | robot_proximity_reward=-0.5153 | abs_robot_proximity_reward=0.5153 | robot_clearance_reward=-0.1456 | abs_robot_clearance_reward=0.1746 | yield_priority_reward=-0.0560 | abs_yield_priority_reward=0.0560 | context_neighbors_mean=1.11 | context_neighbors_max=4 | last_context_neighbors_mean=0.00 | last_context_neighbors_max=0 | actor_unlocked=0 | expl_noise=0.0799 | replay=3502 | interaction_replay=2183 | samples/sec=10.990
Episode 44 complete | agent_samples=3575 | env_steps=1429 | episode_env_steps=42 | episode_agent_samples=73 | mean_reward=-63.359 | success=1/5 | collision=4/5 | mean_final_distance=1.096 | mean_progress=0.0168 | min_laser=0.302 | mean_lin=0.542 | mean_ang=0.023 | mean_robot_dist=inf | raw_reward=-20.000 | adjusted_reward=-20.000 | coop_agents=0/5 | mean_coop_neighbors=0.00 | active_neighbor_step_rate=0.534 | mean_active_neighbors_step=1.301 | max_active_neighbors_step=4 | interaction_reward=0.0000 | abs_interaction_reward=0.0000 | anti_stag_reward=-0.0260 | abs_anti_stag_reward=0.0260 | wall_clear_reward=0.0000 | abs_wall_clear_reward=0.0000 | local_nav_reward=0.0000 | abs_local_nav_reward=0.0000 | robot_proximity_reward=-0.7932 | abs_robot_proximity_reward=0.7932 | robot_clearance_reward=-0.2526 | abs_robot_clearance_reward=0.2526 | yield_priority_reward=-0.1157 | abs_yield_priority_reward=0.1157 | context_neighbors_mean=1.33 | context_neighbors_max=4 | last_context_neighbors_mean=0.00 | last_context_neighbors_max=0 | actor_unlocked=0 | expl_noise=0.0799 | replay=3575 | interaction_replay=2220 | samples/sec=10.896
Episode 45 complete | agent_samples=3674 | env_steps=1483 | episode_env_steps=54 | episode_agent_samples=99 | mean_reward=22.385 | success=3/5 | collision=2/5 | mean_final_distance=0.342 | mean_progress=0.0058 | min_laser=0.300 | mean_lin=0.785 | mean_ang=-0.132 | mean_robot_dist=inf | raw_reward=20.000 | adjusted_reward=20.000 | coop_agents=0/5 | mean_coop_neighbors=0.00 | active_neighbor_step_rate=0.515 | mean_active_neighbors_step=1.242 | max_active_neighbors_step=4 | interaction_reward=0.0000 | abs_interaction_reward=0.0000 | anti_stag_reward=-0.0242 | abs_anti_stag_reward=0.0242 | wall_clear_reward=0.0000 | abs_wall_clear_reward=0.0000 | local_nav_reward=0.0000 | abs_local_nav_reward=0.0000 | robot_proximity_reward=-0.4715 | abs_robot_proximity_reward=0.4715 | robot_clearance_reward=-0.1276 | abs_robot_clearance_reward=0.1534 | yield_priority_reward=-0.0408 | abs_yield_priority_reward=0.0408 | context_neighbors_mean=1.29 | context_neighbors_max=4 | last_context_neighbors_mean=0.00 | last_context_neighbors_max=0 | actor_unlocked=0 | expl_noise=0.0799 | replay=3674 | interaction_replay=2272 | samples/sec=10.797
Status | epoch=1 | next_eval_in=6326 agent_samples | checkpoint_every=10 episodes | checkpoint=./checkpoints/independent_dense_actor_from_5a_recovery_v6_cpu_probe_s20260730_latest.pt | model=independent_dense_actor_from_5a_recovery_v6_cpu_probe_s20260730
Coverage | unique_train_scenarios=45/6000 | deep=0 | close=0 | margin=0
Episode 46 complete | agent_samples=3739 | env_steps=1502 | episode_env_steps=19 | episode_agent_samples=65 | mean_reward=121.205 | success=5/5 | collision=0/5 | mean_final_distance=0.264 | mean_progress=0.0301 | min_laser=0.399 | mean_lin=0.974 | mean_ang=0.992 | mean_robot_dist=inf | raw_reward=40.000 | adjusted_reward=40.000 | coop_agents=1/5 | mean_coop_neighbors=0.20 | active_neighbor_step_rate=0.831 | mean_active_neighbors_step=1.954 | max_active_neighbors_step=4 | interaction_reward=0.0000 | abs_interaction_reward=0.0000 | anti_stag_reward=-0.0031 | abs_anti_stag_reward=0.0031 | wall_clear_reward=0.0000 | abs_wall_clear_reward=0.0000 | local_nav_reward=0.0000 | abs_local_nav_reward=0.0000 | robot_proximity_reward=-0.3741 | abs_robot_proximity_reward=0.3741 | robot_clearance_reward=-0.0862 | abs_robot_clearance_reward=0.1827 | yield_priority_reward=-0.0282 | abs_yield_priority_reward=0.0282 | context_neighbors_mean=2.05 | context_neighbors_max=4 | last_context_neighbors_mean=0.00 | last_context_neighbors_max=0 | actor_unlocked=0 | expl_noise=0.0799 | replay=3739 | interaction_replay=2323 | samples/sec=10.844
Episode 47 complete | agent_samples=3830 | env_steps=1539 | episode_env_steps=37 | episode_agent_samples=91 | mean_reward=-3.462 | success=2/5 | collision=3/5 | mean_final_distance=0.545 | mean_progress=0.0072 | min_laser=0.317 | mean_lin=0.959 | mean_ang=-0.648 | mean_robot_dist=inf | raw_reward=20.000 | adjusted_reward=20.000 | coop_agents=0/5 | mean_coop_neighbors=0.00 | active_neighbor_step_rate=0.593 | mean_active_neighbors_step=1.352 | max_active_neighbors_step=4 | interaction_reward=0.0000 | abs_interaction_reward=0.0000 | anti_stag_reward=-0.0407 | abs_anti_stag_reward=0.0407 | wall_clear_reward=0.0000 | abs_wall_clear_reward=0.0000 | local_nav_reward=0.0000 | abs_local_nav_reward=0.0000 | robot_proximity_reward=-0.3467 | abs_robot_proximity_reward=0.3467 | robot_clearance_reward=-0.0921 | abs_robot_clearance_reward=0.1451 | yield_priority_reward=-0.0763 | abs_yield_priority_reward=0.0763 | context_neighbors_mean=1.41 | context_neighbors_max=4 | last_context_neighbors_mean=0.00 | last_context_neighbors_max=0 | actor_unlocked=0 | expl_noise=0.0799 | replay=3830 | interaction_replay=2363 | samples/sec=10.837
Episode 48 complete | agent_samples=3886 | env_steps=1553 | episode_env_steps=14 | episode_agent_samples=56 | mean_reward=-24.770 | success=2/5 | collision=3/5 | mean_final_distance=0.539 | mean_progress=-0.0002 | min_laser=0.300 | mean_lin=0.576 | mean_ang=-0.157 | mean_robot_dist=inf | raw_reward=-20.000 | adjusted_reward=-20.000 | coop_agents=0/5 | mean_coop_neighbors=0.00 | active_neighbor_step_rate=0.911 | mean_active_neighbors_step=2.661 | max_active_neighbors_step=4 | interaction_reward=0.0000 | abs_interaction_reward=0.0000 | anti_stag_reward=-0.0018 | abs_anti_stag_reward=0.0018 | wall_clear_reward=0.0000 | abs_wall_clear_reward=0.0000 | local_nav_reward=0.0000 | abs_local_nav_reward=0.0000 | robot_proximity_reward=-1.0520 | abs_robot_proximity_reward=1.0520 | robot_clearance_reward=-0.3343 | abs_robot_clearance_reward=0.3343 | yield_priority_reward=0.0000 | abs_yield_priority_reward=0.0000 | context_neighbors_mean=2.70 | context_neighbors_max=4 | last_context_neighbors_mean=0.00 | last_context_neighbors_max=0 | actor_unlocked=0 | expl_noise=0.0799 | replay=3886 | interaction_replay=2414 | samples/sec=10.891
Episode 49 complete | agent_samples=3954 | env_steps=1568 | episode_env_steps=15 | episode_agent_samples=68 | mean_reward=28.254 | success=3/5 | collision=2/5 | mean_final_distance=0.547 | mean_progress=0.0332 | min_laser=0.300 | mean_lin=0.961 | mean_ang=-0.179 | mean_robot_dist=inf | raw_reward=0.000 | adjusted_reward=-8.000 | coop_agents=1/5 | mean_coop_neighbors=0.20 | active_neighbor_step_rate=0.912 | mean_active_neighbors_step=2.544 | max_active_neighbors_step=4 | interaction_reward=0.0000 | abs_interaction_reward=0.0000 | anti_stag_reward=0.0000 | abs_anti_stag_reward=0.0000 | wall_clear_reward=0.0000 | abs_wall_clear_reward=0.0000 | local_nav_reward=0.0000 | abs_local_nav_reward=0.0000 | robot_proximity_reward=-0.8903 | abs_robot_proximity_reward=0.8903 | robot_clearance_reward=-0.2255 | abs_robot_clearance_reward=0.2600 | yield_priority_reward=-0.0881 | abs_yield_priority_reward=0.0881 | context_neighbors_mean=2.60 | context_neighbors_max=4 | last_context_neighbors_mean=0.00 | last_context_neighbors_max=0 | actor_unlocked=0 | expl_noise=0.0799 | replay=3954 | interaction_replay=2476 | samples/sec=10.973
Episode 50 complete | agent_samples=4035 | env_steps=1602 | episode_env_steps=34 | episode_agent_samples=81 | mean_reward=64.840 | success=4/5 | collision=1/5 | mean_final_distance=0.450 | mean_progress=0.0080 | min_laser=0.300 | mean_lin=0.763 | mean_ang=-0.166 | mean_robot_dist=inf | raw_reward=20.000 | adjusted_reward=20.000 | coop_agents=0/5 | mean_coop_neighbors=0.00 | active_neighbor_step_rate=0.704 | mean_active_neighbors_step=1.395 | max_active_neighbors_step=4 | interaction_reward=0.0000 | abs_interaction_reward=0.0000 | anti_stag_reward=-0.0568 | abs_anti_stag_reward=0.0568 | wall_clear_reward=0.0000 | abs_wall_clear_reward=0.0000 | local_nav_reward=0.0000 | abs_local_nav_reward=0.0000 | robot_proximity_reward=-0.4621 | abs_robot_proximity_reward=0.4621 | robot_clearance_reward=-0.1379 | abs_robot_clearance_reward=0.1442 | yield_priority_reward=-0.0338 | abs_yield_priority_reward=0.0366 | context_neighbors_mean=1.37 | context_neighbors_max=4 | last_context_neighbors_mean=0.00 | last_context_neighbors_max=0 | actor_unlocked=0 | expl_noise=0.0799 | replay=4035 | interaction_replay=2531 | samples/sec=10.961
Status | epoch=1 | next_eval_in=5965 agent_samples | checkpoint_every=10 episodes | checkpoint=./checkpoints/independent_dense_actor_from_5a_recovery_v6_cpu_probe_s20260730_latest.pt | model=independent_dense_actor_from_5a_recovery_v6_cpu_probe_s20260730
Coverage | unique_train_scenarios=50/6000 | deep=0 | close=0 | margin=0
Checkpoint saved: ./checkpoints/independent_dense_actor_from_5a_recovery_v6_cpu_probe_s20260730_latest.pt
Episode 51 complete | agent_samples=4089 | env_steps=1617 | episode_env_steps=15 | episode_agent_samples=54 | mean_reward=72.744 | success=4/5 | collision=1/5 | mean_final_distance=0.358 | mean_progress=0.0028 | min_laser=0.300 | mean_lin=0.740 | mean_ang=0.287 | mean_robot_dist=inf | raw_reward=20.000 | adjusted_reward=20.000 | coop_agents=0/5 | mean_coop_neighbors=0.00 | active_neighbor_step_rate=0.833 | mean_active_neighbors_step=2.296 | max_active_neighbors_step=4 | interaction_reward=0.0000 | abs_interaction_reward=0.0000 | anti_stag_reward=0.0000 | abs_anti_stag_reward=0.0000 | wall_clear_reward=0.0000 | abs_wall_clear_reward=0.0000 | local_nav_reward=0.0000 | abs_local_nav_reward=0.0000 | robot_proximity_reward=-0.3973 | abs_robot_proximity_reward=0.3973 | robot_clearance_reward=-0.0976 | abs_robot_clearance_reward=0.1515 | yield_priority_reward=-0.0176 | abs_yield_priority_reward=0.0176 | context_neighbors_mean=2.41 | context_neighbors_max=4 | last_context_neighbors_mean=0.00 | last_context_neighbors_max=0 | actor_unlocked=0 | expl_noise=0.0799 | replay=4089 | interaction_replay=2573 | samples/sec=10.999
Episode 52 complete | agent_samples=4180 | env_steps=1651 | episode_env_steps=34 | episode_agent_samples=91 | mean_reward=24.646 | success=3/5 | collision=2/5 | mean_final_distance=0.550 | mean_progress=0.0030 | min_laser=0.300 | mean_lin=0.556 | mean_ang=-0.508 | mean_robot_dist=inf | raw_reward=20.000 | adjusted_reward=20.000 | coop_agents=0/5 | mean_coop_neighbors=0.00 | active_neighbor_step_rate=0.659 | mean_active_neighbors_step=1.912 | max_active_neighbors_step=4 | interaction_reward=0.0000 | abs_interaction_reward=0.0000 | anti_stag_reward=-0.0363 | abs_anti_stag_reward=0.0363 | wall_clear_reward=0.0000 | abs_wall_clear_reward=0.0000 | local_nav_reward=0.0000 | abs_local_nav_reward=0.0000 | robot_proximity_reward=-0.6399 | abs_robot_proximity_reward=0.6399 | robot_clearance_reward=-0.1879 | abs_robot_clearance_reward=0.2538 | yield_priority_reward=-0.0497 | abs_yield_priority_reward=0.0497 | context_neighbors_mean=1.98 | context_neighbors_max=4 | last_context_neighbors_mean=0.00 | last_context_neighbors_max=0 | actor_unlocked=0 | expl_noise=0.0799 | replay=4180 | interaction_replay=2627 | samples/sec=11.013
Episode 53 complete | agent_samples=4226 | env_steps=1661 | episode_env_steps=10 | episode_agent_samples=46 | mean_reward=-63.889 | success=1/5 | collision=4/5 | mean_final_distance=1.081 | mean_progress=0.0361 | min_laser=0.317 | mean_lin=0.619 | mean_ang=-0.499 | mean_robot_dist=inf | raw_reward=0.000 | adjusted_reward=8.000 | coop_agents=1/5 | mean_coop_neighbors=0.20 | active_neighbor_step_rate=0.957 | mean_active_neighbors_step=2.935 | max_active_neighbors_step=4 | interaction_reward=0.0000 | abs_interaction_reward=0.0000 | anti_stag_reward=-0.0065 | abs_anti_stag_reward=0.0065 | wall_clear_reward=0.0000 | abs_wall_clear_reward=0.0000 | local_nav_reward=0.0000 | abs_local_nav_reward=0.0000 | robot_proximity_reward=-1.3421 | abs_robot_proximity_reward=1.3421 | robot_clearance_reward=-0.4506 | abs_robot_clearance_reward=0.4506 | yield_priority_reward=-0.0586 | abs_yield_priority_reward=0.0586 | context_neighbors_mean=2.96 | context_neighbors_max=4 | last_context_neighbors_mean=0.00 | last_context_neighbors_max=0 | actor_unlocked=0 | expl_noise=0.0799 | replay=4226 | interaction_replay=2662 | samples/sec=11.065
Episode 54 complete | agent_samples=4276 | env_steps=1672 | episode_env_steps=11 | episode_agent_samples=50 | mean_reward=31.397 | success=3/5 | collision=2/5 | mean_final_distance=0.345 | mean_progress=0.0164 | min_laser=0.300 | mean_lin=0.606 | mean_ang=0.178 | mean_robot_dist=inf | raw_reward=20.000 | adjusted_reward=20.000 | coop_agents=0/5 | mean_coop_neighbors=0.00 | active_neighbor_step_rate=0.900 | mean_active_neighbors_step=2.480 | max_active_neighbors_step=4 | interaction_reward=0.0000 | abs_interaction_reward=0.0000 | anti_stag_reward=0.0000 | abs_anti_stag_reward=0.0000 | wall_clear_reward=0.0000 | abs_wall_clear_reward=0.0000 | local_nav_reward=0.0000 | abs_local_nav_reward=0.0000 | robot_proximity_reward=-0.6167 | abs_robot_proximity_reward=0.6167 | robot_clearance_reward=-0.1750 | abs_robot_clearance_reward=0.2387 | yield_priority_reward=-0.0247 | abs_yield_priority_reward=0.0247 | context_neighbors_mean=2.54 | context_neighbors_max=4 | last_context_neighbors_mean=0.00 | last_context_neighbors_max=0 | actor_unlocked=0 | expl_noise=0.0799 | replay=4276 | interaction_replay=2708 | samples/sec=11.120
Episode 55 complete | agent_samples=4371 | env_steps=1709 | episode_env_steps=37 | episode_agent_samples=95 | mean_reward=22.237 | success=3/5 | collision=2/5 | mean_final_distance=0.443 | mean_progress=0.0042 | min_laser=0.321 | mean_lin=0.890 | mean_ang=0.193 | mean_robot_dist=inf | raw_reward=20.000 | adjusted_reward=20.000 | coop_agents=0/5 | mean_coop_neighbors=0.00 | active_neighbor_step_rate=0.516 | mean_active_neighbors_step=1.432 | max_active_neighbors_step=4 | interaction_reward=0.0000 | abs_interaction_reward=0.0000 | anti_stag_reward=-0.0737 | abs_anti_stag_reward=0.0737 | wall_clear_reward=0.0000 | abs_wall_clear_reward=0.0000 | local_nav_reward=0.0000 | abs_local_nav_reward=0.0000 | robot_proximity_reward=-0.7039 | abs_robot_proximity_reward=0.7039 | robot_clearance_reward=-0.1626 | abs_robot_clearance_reward=0.2131 | yield_priority_reward=-0.0230 | abs_yield_priority_reward=0.0230 | context_neighbors_mean=1.48 | context_neighbors_max=4 | last_context_neighbors_mean=0.00 | last_context_neighbors_max=0 | actor_unlocked=0 | expl_noise=0.0799 | replay=4371 | interaction_replay=2759 | samples/sec=11.117
Status | epoch=1 | next_eval_in=5629 agent_samples | checkpoint_every=10 episodes | checkpoint=./checkpoints/independent_dense_actor_from_5a_recovery_v6_cpu_probe_s20260730_latest.pt | model=independent_dense_actor_from_5a_recovery_v6_cpu_probe_s20260730
Coverage | unique_train_scenarios=55/6000 | deep=0 | close=0 | margin=0
Episode 56 complete | agent_samples=4508 | env_steps=1768 | episode_env_steps=59 | episode_agent_samples=137 | mean_reward=125.518 | success=5/5 | collision=0/5 | mean_final_distance=0.282 | mean_progress=0.0106 | min_laser=0.391 | mean_lin=0.997 | mean_ang=-0.942 | mean_robot_dist=inf | raw_reward=20.000 | adjusted_reward=20.000 | coop_agents=0/5 | mean_coop_neighbors=0.00 | active_neighbor_step_rate=0.496 | mean_active_neighbors_step=1.190 | max_active_neighbors_step=4 | interaction_reward=0.0000 | abs_interaction_reward=0.0000 | anti_stag_reward=-0.0650 | abs_anti_stag_reward=0.0650 | wall_clear_reward=0.0000 | abs_wall_clear_reward=0.0000 | local_nav_reward=0.0000 | abs_local_nav_reward=0.0000 | robot_proximity_reward=-0.2536 | abs_robot_proximity_reward=0.2536 | robot_clearance_reward=-0.0684 | abs_robot_clearance_reward=0.0976 | yield_priority_reward=-0.0732 | abs_yield_priority_reward=0.0733 | context_neighbors_mean=1.25 | context_neighbors_max=4 | last_context_neighbors_mean=0.00 | last_context_neighbors_max=0 | actor_unlocked=0 | expl_noise=0.0799 | replay=4508 | interaction_replay=2823 | samples/sec=11.088
Episode 57 complete | agent_samples=4574 | env_steps=1791 | episode_env_steps=23 | episode_agent_samples=66 | mean_reward=43.939 | success=3/5 | collision=2/5 | mean_final_distance=0.670 | mean_progress=0.0218 | min_laser=0.300 | mean_lin=0.956 | mean_ang=0.201 | mean_robot_dist=inf | raw_reward=20.000 | adjusted_reward=20.000 | coop_agents=0/5 | mean_coop_neighbors=0.00 | active_neighbor_step_rate=0.773 | mean_active_neighbors_step=1.758 | max_active_neighbors_step=4 | interaction_reward=0.0000 | abs_interaction_reward=0.0000 | anti_stag_reward=0.0000 | abs_anti_stag_reward=0.0000 | wall_clear_reward=0.0000 | abs_wall_clear_reward=0.0000 | local_nav_reward=0.0000 | abs_local_nav_reward=0.0000 | robot_proximity_reward=-0.4767 | abs_robot_proximity_reward=0.4767 | robot_clearance_reward=-0.1364 | abs_robot_clearance_reward=0.1364 | yield_priority_reward=-0.0247 | abs_yield_priority_reward=0.0247 | context_neighbors_mean=1.77 | context_neighbors_max=4 | last_context_neighbors_mean=0.00 | last_context_neighbors_max=0 | actor_unlocked=0 | expl_noise=0.0799 | replay=4574 | interaction_replay=2874 | samples/sec=11.107
Episode 58 complete | agent_samples=4625 | env_steps=1803 | episode_env_steps=12 | episode_agent_samples=51 | mean_reward=37.498 | success=3/5 | collision=2/5 | mean_final_distance=0.489 | mean_progress=0.0186 | min_laser=0.300 | mean_lin=0.984 | mean_ang=-0.696 | mean_robot_dist=inf | raw_reward=20.000 | adjusted_reward=20.000 | coop_agents=0/5 | mean_coop_neighbors=0.00 | active_neighbor_step_rate=0.686 | mean_active_neighbors_step=1.882 | max_active_neighbors_step=4 | interaction_reward=0.0000 | abs_interaction_reward=0.0000 | anti_stag_reward=-0.0020 | abs_anti_stag_reward=0.0020 | wall_clear_reward=0.0000 | abs_wall_clear_reward=0.0000 | local_nav_reward=0.0000 | abs_local_nav_reward=0.0000 | robot_proximity_reward=-0.8836 | abs_robot_proximity_reward=0.8836 | robot_clearance_reward=-0.2544 | abs_robot_clearance_reward=0.2544 | yield_priority_reward=-0.0911 | abs_yield_priority_reward=0.0911 | context_neighbors_mean=1.96 | context_neighbors_max=4 | last_context_neighbors_mean=0.00 | last_context_neighbors_max=0 | actor_unlocked=0 | expl_noise=0.0799 | replay=4625 | interaction_replay=2910 | samples/sec=11.153
Episode 59 complete | agent_samples=4727 | env_steps=1838 | episode_env_steps=35 | episode_agent_samples=102 | mean_reward=109.123 | success=5/5 | collision=0/5 | mean_final_distance=0.264 | mean_progress=0.0171 | min_laser=0.530 | mean_lin=0.953 | mean_ang=0.323 | mean_robot_dist=inf | raw_reward=20.000 | adjusted_reward=20.000 | coop_agents=0/5 | mean_coop_neighbors=0.00 | active_neighbor_step_rate=0.765 | mean_active_neighbors_step=1.608 | max_active_neighbors_step=4 | interaction_reward=0.0000 | abs_interaction_reward=0.0000 | anti_stag_reward=-0.0147 | abs_anti_stag_reward=0.0147 | wall_clear_reward=0.0000 | abs_wall_clear_reward=0.0000 | local_nav_reward=0.0000 | abs_local_nav_reward=0.0000 | robot_proximity_reward=-0.6198 | abs_robot_proximity_reward=0.6198 | robot_clearance_reward=-0.0665 | abs_robot_clearance_reward=0.1430 | yield_priority_reward=-0.0642 | abs_yield_priority_reward=0.1232 | context_neighbors_mean=1.65 | context_neighbors_max=4 | last_context_neighbors_mean=0.00 | last_context_neighbors_max=0 | actor_unlocked=0 | expl_noise=0.0799 | replay=4727 | interaction_replay=2988 | samples/sec=11.184
Episode 60 complete | agent_samples=4772 | env_steps=1850 | episode_env_steps=12 | episode_agent_samples=45 | mean_reward=18.065 | success=3/5 | collision=2/5 | mean_final_distance=0.477 | mean_progress=0.0234 | min_laser=0.300 | mean_lin=0.964 | mean_ang=-0.294 | mean_robot_dist=inf | raw_reward=20.000 | adjusted_reward=20.000 | coop_agents=0/5 | mean_coop_neighbors=0.00 | active_neighbor_step_rate=0.911 | mean_active_neighbors_step=2.178 | max_active_neighbors_step=4 | interaction_reward=0.0000 | abs_interaction_reward=0.0000 | anti_stag_reward=0.0000 | abs_anti_stag_reward=0.0000 | wall_clear_reward=0.0000 | abs_wall_clear_reward=0.0000 | local_nav_reward=0.0000 | abs_local_nav_reward=0.0000 | robot_proximity_reward=-0.7506 | abs_robot_proximity_reward=0.7506 | robot_clearance_reward=-0.1458 | abs_robot_clearance_reward=0.2047 | yield_priority_reward=-0.0261 | abs_yield_priority_reward=0.0261 | context_neighbors_mean=2.31 | context_neighbors_max=4 | last_context_neighbors_mean=0.00 | last_context_neighbors_max=0 | actor_unlocked=0 | expl_noise=0.0799 | replay=4772 | interaction_replay=3029 | samples/sec=11.215
Status | epoch=1 | next_eval_in=5228 agent_samples | checkpoint_every=10 episodes | checkpoint=./checkpoints/independent_dense_actor_from_5a_recovery_v6_cpu_probe_s20260730_latest.pt | model=independent_dense_actor_from_5a_recovery_v6_cpu_probe_s20260730
Coverage | unique_train_scenarios=60/6000 | deep=0 | close=0 | margin=0
Checkpoint saved: ./checkpoints/independent_dense_actor_from_5a_recovery_v6_cpu_probe_s20260730_latest.pt
Episode 61 complete | agent_samples=4832 | env_steps=1871 | episode_env_steps=21 | episode_agent_samples=60 | mean_reward=72.265 | success=4/5 | collision=1/5 | mean_final_distance=0.520 | mean_progress=0.0181 | min_laser=0.318 | mean_lin=0.776 | mean_ang=-0.116 | mean_robot_dist=inf | raw_reward=20.000 | adjusted_reward=20.000 | coop_agents=0/5 | mean_coop_neighbors=0.00 | active_neighbor_step_rate=0.717 | mean_active_neighbors_step=1.800 | max_active_neighbors_step=4 | interaction_reward=0.0000 | abs_interaction_reward=0.0000 | anti_stag_reward=0.0000 | abs_anti_stag_reward=0.0000 | wall_clear_reward=0.0000 | abs_wall_clear_reward=0.0000 | local_nav_reward=0.0000 | abs_local_nav_reward=0.0000 | robot_proximity_reward=-1.0438 | abs_robot_proximity_reward=1.0438 | robot_clearance_reward=-0.2081 | abs_robot_clearance_reward=0.2770 | yield_priority_reward=-0.0727 | abs_yield_priority_reward=0.0770 | context_neighbors_mean=1.88 | context_neighbors_max=4 | last_context_neighbors_mean=0.00 | last_context_neighbors_max=0 | actor_unlocked=0 | expl_noise=0.0799 | replay=4832 | interaction_replay=3073 | samples/sec=11.221
Episode 62 complete | agent_samples=4891 | env_steps=1884 | episode_env_steps=13 | episode_agent_samples=59 | mean_reward=118.901 | success=5/5 | collision=0/5 | mean_final_distance=0.239 | mean_progress=0.0327 | min_laser=0.691 | mean_lin=0.957 | mean_ang=0.225 | mean_robot_dist=inf | raw_reward=40.000 | adjusted_reward=40.000 | coop_agents=1/5 | mean_coop_neighbors=0.20 | active_neighbor_step_rate=0.983 | mean_active_neighbors_step=2.576 | max_active_neighbors_step=4 | interaction_reward=0.0000 | abs_interaction_reward=0.0000 | anti_stag_reward=0.0000 | abs_anti_stag_reward=0.0000 | wall_clear_reward=0.0000 | abs_wall_clear_reward=0.0000 | local_nav_reward=0.0000 | abs_local_nav_reward=0.0000 | robot_proximity_reward=-0.2010 | abs_robot_proximity_reward=0.2010 | robot_clearance_reward=-0.0930 | abs_robot_clearance_reward=0.1308 | yield_priority_reward=-0.0118 | abs_yield_priority_reward=0.0118 | context_neighbors_mean=2.61 | context_neighbors_max=4 | last_context_neighbors_mean=0.00 | last_context_neighbors_max=0 | actor_unlocked=0 | expl_noise=0.0799 | replay=4891 | interaction_replay=3116 | samples/sec=11.277
Episode 63 complete | agent_samples=4957 | env_steps=1912 | episode_env_steps=28 | episode_agent_samples=66 | mean_reward=-19.251 | success=2/5 | collision=3/5 | mean_final_distance=0.801 | mean_progress=0.0185 | min_laser=0.304 | mean_lin=0.583 | mean_ang=-0.500 | mean_robot_dist=inf | raw_reward=20.000 | adjusted_reward=20.000 | coop_agents=0/5 | mean_coop_neighbors=0.00 | active_neighbor_step_rate=0.773 | mean_active_neighbors_step=2.288 | max_active_neighbors_step=4 | interaction_reward=0.0000 | abs_interaction_reward=0.0000 | anti_stag_reward=0.0000 | abs_anti_stag_reward=0.0000 | wall_clear_reward=0.0000 | abs_wall_clear_reward=0.0000 | local_nav_reward=0.0000 | abs_local_nav_reward=0.0000 | robot_proximity_reward=-0.8030 | abs_robot_proximity_reward=0.8030 | robot_clearance_reward=-0.2277 | abs_robot_clearance_reward=0.2724 | yield_priority_reward=-0.0825 | abs_yield_priority_reward=0.0825 | context_neighbors_mean=2.29 | context_neighbors_max=4 | last_context_neighbors_mean=0.00 | last_context_neighbors_max=0 | actor_unlocked=0 | expl_noise=0.0799 | replay=4957 | interaction_replay=3158 | samples/sec=11.263
Episode 64 complete | agent_samples=5023 | env_steps=1943 | episode_env_steps=31 | episode_agent_samples=66 | mean_reward=-10.632 | success=2/5 | collision=3/5 | mean_final_distance=0.898 | mean_progress=0.0128 | min_laser=0.300 | mean_lin=0.748 | mean_ang=0.100 | mean_robot_dist=inf | raw_reward=20.000 | adjusted_reward=20.000 | coop_agents=0/5 | mean_coop_neighbors=0.00 | active_neighbor_step_rate=0.606 | mean_active_neighbors_step=1.561 | max_active_neighbors_step=4 | interaction_reward=0.0000 | abs_interaction_reward=0.0000 | anti_stag_reward=-0.0091 | abs_anti_stag_reward=0.0091 | wall_clear_reward=0.0000 | abs_wall_clear_reward=0.0000 | local_nav_reward=0.0000 | abs_local_nav_reward=0.0000 | robot_proximity_reward=-0.8397 | abs_robot_proximity_reward=0.8397 | robot_clearance_reward=-0.2278 | abs_robot_clearance_reward=0.2581 | yield_priority_reward=-0.0272 | abs_yield_priority_reward=0.0272 | context_neighbors_mean=1.59 | context_neighbors_max=4 | last_context_neighbors_mean=0.00 | last_context_neighbors_max=0 | actor_unlocked=0 | expl_noise=0.0799 | replay=5023 | interaction_replay=3198 | samples/sec=11.234
Episode 65 complete | agent_samples=5095 | env_steps=1966 | episode_env_steps=23 | episode_agent_samples=72 | mean_reward=114.760 | success=5/5 | collision=0/5 | mean_final_distance=0.279 | mean_progress=0.0005 | min_laser=0.429 | mean_lin=0.620 | mean_ang=-0.233 | mean_robot_dist=inf | raw_reward=20.000 | adjusted_reward=20.000 | coop_agents=0/5 | mean_coop_neighbors=0.00 | active_neighbor_step_rate=0.847 | mean_active_neighbors_step=1.722 | max_active_neighbors_step=4 | interaction_reward=0.0000 | abs_interaction_reward=0.0000 | anti_stag_reward=-0.0097 | abs_anti_stag_reward=0.0097 | wall_clear_reward=0.0000 | abs_wall_clear_reward=0.0000 | local_nav_reward=0.0000 | abs_local_nav_reward=0.0000 | robot_proximity_reward=-0.2508 | abs_robot_proximity_reward=0.2508 | robot_clearance_reward=-0.1016 | abs_robot_clearance_reward=0.1016 | yield_priority_reward=-0.0408 | abs_yield_priority_reward=0.0408 | context_neighbors_mean=1.75 | context_neighbors_max=4 | last_context_neighbors_mean=0.00 | last_context_neighbors_max=0 | actor_unlocked=0 | expl_noise=0.0799 | replay=5095 | interaction_replay=3259 | samples/sec=11.259
Status | epoch=1 | next_eval_in=4905 agent_samples | checkpoint_every=10 episodes | checkpoint=./checkpoints/independent_dense_actor_from_5a_recovery_v6_cpu_probe_s20260730_latest.pt | model=independent_dense_actor_from_5a_recovery_v6_cpu_probe_s20260730
Coverage | unique_train_scenarios=65/6000 | deep=0 | close=0 | margin=0
Episode 66 complete | agent_samples=5164 | env_steps=1989 | episode_env_steps=23 | episode_agent_samples=69 | mean_reward=31.965 | success=3/5 | collision=2/5 | mean_final_distance=0.428 | mean_progress=0.0183 | min_laser=0.300 | mean_lin=0.961 | mean_ang=0.584 | mean_robot_dist=inf | raw_reward=20.000 | adjusted_reward=20.000 | coop_agents=0/5 | mean_coop_neighbors=0.00 | active_neighbor_step_rate=0.594 | mean_active_neighbors_step=1.638 | max_active_neighbors_step=4 | interaction_reward=0.0000 | abs_interaction_reward=0.0000 | anti_stag_reward=-0.0043 | abs_anti_stag_reward=0.0043 | wall_clear_reward=0.0000 | abs_wall_clear_reward=0.0000 | local_nav_reward=0.0000 | abs_local_nav_reward=0.0000 | robot_proximity_reward=-0.7313 | abs_robot_proximity_reward=0.7313 | robot_clearance_reward=-0.2100 | abs_robot_clearance_reward=0.2100 | yield_priority_reward=-0.0348 | abs_yield_priority_reward=0.0348 | context_neighbors_mean=1.74 | context_neighbors_max=4 | last_context_neighbors_mean=0.00 | last_context_neighbors_max=0 | actor_unlocked=0 | expl_noise=0.0799 | replay=5164 | interaction_replay=3299 | samples/sec=11.279
Episode 67 complete | agent_samples=5237 | env_steps=2010 | episode_env_steps=21 | episode_agent_samples=73 | mean_reward=-11.827 | success=2/5 | collision=3/5 | mean_final_distance=0.802 | mean_progress=0.0180 | min_laser=0.321 | mean_lin=0.668 | mean_ang=-0.104 | mean_robot_dist=inf | raw_reward=20.000 | adjusted_reward=20.000 | coop_agents=0/5 | mean_coop_neighbors=0.00 | active_neighbor_step_rate=0.808 | mean_active_neighbors_step=2.000 | max_active_neighbors_step=4 | interaction_reward=0.0000 | abs_interaction_reward=0.0000 | anti_stag_reward=-0.0041 | abs_anti_stag_reward=0.0041 | wall_clear_reward=0.0000 | abs_wall_clear_reward=0.0000 | local_nav_reward=0.0000 | abs_local_nav_reward=0.0000 | robot_proximity_reward=-0.9298 | abs_robot_proximity_reward=0.9298 | robot_clearance_reward=-0.2323 | abs_robot_clearance_reward=0.2934 | yield_priority_reward=-0.0773 | abs_yield_priority_reward=0.0789 | context_neighbors_mean=2.03 | context_neighbors_max=4 | last_context_neighbors_mean=0.00 | last_context_neighbors_max=0 | actor_unlocked=0 | expl_noise=0.0799 | replay=5237 | interaction_replay=3358 | samples/sec=11.316
Episode 68 complete | agent_samples=5281 | env_steps=2020 | episode_env_steps=10 | episode_agent_samples=44 | mean_reward=-69.012 | success=1/5 | collision=4/5 | mean_final_distance=1.086 | mean_progress=0.0225 | min_laser=0.325 | mean_lin=0.955 | mean_ang=0.132 | mean_robot_dist=inf | raw_reward=20.000 | adjusted_reward=20.000 | coop_agents=0/5 | mean_coop_neighbors=0.00 | active_neighbor_step_rate=0.909 | mean_active_neighbors_step=3.068 | max_active_neighbors_step=4 | interaction_reward=0.0000 | abs_interaction_reward=0.0000 | anti_stag_reward=0.0000 | abs_anti_stag_reward=0.0000 | wall_clear_reward=0.0000 | abs_wall_clear_reward=0.0000 | local_nav_reward=0.0000 | abs_local_nav_reward=0.0000 | robot_proximity_reward=-2.2216 | abs_robot_proximity_reward=2.2216 | robot_clearance_reward=-0.5049 | abs_robot_clearance_reward=0.5071 | yield_priority_reward=-0.1301 | abs_yield_priority_reward=0.1399 | context_neighbors_mean=3.20 | context_neighbors_max=4 | last_context_neighbors_mean=0.00 | last_context_neighbors_max=0 | actor_unlocked=0 | expl_noise=0.0799 | replay=5281 | interaction_replay=3399 | samples/sec=11.354
Episode 69 complete | agent_samples=5327 | env_steps=2032 | episode_env_steps=12 | episode_agent_samples=46 | mean_reward=26.437 | success=3/5 | collision=2/5 | mean_final_distance=0.633 | mean_progress=0.0144 | min_laser=0.300 | mean_lin=0.944 | mean_ang=-0.133 | mean_robot_dist=inf | raw_reward=20.000 | adjusted_reward=20.000 | coop_agents=0/5 | mean_coop_neighbors=0.00 | active_neighbor_step_rate=0.913 | mean_active_neighbors_step=2.217 | max_active_neighbors_step=4 | interaction_reward=0.0000 | abs_interaction_reward=0.0000 | anti_stag_reward=0.0000 | abs_anti_stag_reward=0.0000 | wall_clear_reward=0.0000 | abs_wall_clear_reward=0.0000 | local_nav_reward=0.0000 | abs_local_nav_reward=0.0000 | robot_proximity_reward=-0.9329 | abs_robot_proximity_reward=0.9329 | robot_clearance_reward=-0.2391 | abs_robot_clearance_reward=0.2391 | yield_priority_reward=-0.0319 | abs_yield_priority_reward=0.0319 | context_neighbors_mean=2.26 | context_neighbors_max=4 | last_context_neighbors_mean=0.00 | last_context_neighbors_max=0 | actor_unlocked=0 | expl_noise=0.0799 | replay=5327 | interaction_replay=3436 | samples/sec=11.382
Episode 70 complete | agent_samples=5378 | env_steps=2044 | episode_env_steps=12 | episode_agent_samples=51 | mean_reward=-62.530 | success=1/5 | collision=4/5 | mean_final_distance=0.566 | mean_progress=0.0443 | min_laser=0.300 | mean_lin=0.611 | mean_ang=-0.406 | mean_robot_dist=0.433 | raw_reward=-42.222 | adjusted_reward=-42.222 | coop_agents=2/5 | mean_coop_neighbors=0.40 | active_neighbor_step_rate=1.000 | mean_active_neighbors_step=2.686 | max_active_neighbors_step=4 | interaction_reward=0.0000 | abs_interaction_reward=0.0000 | anti_stag_reward=0.0000 | abs_anti_stag_reward=0.0000 | wall_clear_reward=0.0000 | abs_wall_clear_reward=0.0000 | local_nav_reward=0.0000 | abs_local_nav_reward=0.0000 | robot_proximity_reward=-1.2948 | abs_robot_proximity_reward=1.2948 | robot_clearance_reward=-0.3069 | abs_robot_clearance_reward=0.3955 | yield_priority_reward=-0.0153 | abs_yield_priority_reward=0.0173 | context_neighbors_mean=2.76 | context_neighbors_max=4 | last_context_neighbors_mean=0.00 | last_context_neighbors_max=0 | actor_unlocked=0 | expl_noise=0.0799 | replay=5378 | interaction_replay=3487 | samples/sec=11.420
Status | epoch=1 | next_eval_in=4622 agent_samples | checkpoint_every=10 episodes | checkpoint=./checkpoints/independent_dense_actor_from_5a_recovery_v6_cpu_probe_s20260730_latest.pt | model=independent_dense_actor_from_5a_recovery_v6_cpu_probe_s20260730
Coverage | unique_train_scenarios=70/6000 | deep=0 | close=0 | margin=0
Checkpoint saved: ./checkpoints/independent_dense_actor_from_5a_recovery_v6_cpu_probe_s20260730_latest.pt
Episode 71 complete | agent_samples=5469 | env_steps=2076 | episode_env_steps=32 | episode_agent_samples=91 | mean_reward=-12.997 | success=2/5 | collision=3/5 | mean_final_distance=0.588 | mean_progress=0.0071 | min_laser=0.300 | mean_lin=0.604 | mean_ang=-0.492 | mean_robot_dist=inf | raw_reward=20.000 | adjusted_reward=20.000 | coop_agents=0/5 | mean_coop_neighbors=0.00 | active_neighbor_step_rate=0.736 | mean_active_neighbors_step=1.835 | max_active_neighbors_step=4 | interaction_reward=0.0000 | abs_interaction_reward=0.0000 | anti_stag_reward=-0.0385 | abs_anti_stag_reward=0.0385 | wall_clear_reward=0.0000 | abs_wall_clear_reward=0.0000 | local_nav_reward=0.0000 | abs_local_nav_reward=0.0000 | robot_proximity_reward=-0.3976 | abs_robot_proximity_reward=0.3976 | robot_clearance_reward=-0.0991 | abs_robot_clearance_reward=0.1244 | yield_priority_reward=-0.0471 | abs_yield_priority_reward=0.0471 | context_neighbors_mean=1.86 | context_neighbors_max=4 | last_context_neighbors_mean=0.00 | last_context_neighbors_max=0 | actor_unlocked=0 | expl_noise=0.0799 | replay=5469 | interaction_replay=3554 | samples/sec=11.431
Episode 72 complete | agent_samples=5551 | env_steps=2115 | episode_env_steps=39 | episode_agent_samples=82 | mean_reward=23.795 | success=3/5 | collision=2/5 | mean_final_distance=0.698 | mean_progress=0.0108 | min_laser=0.317 | mean_lin=0.576 | mean_ang=-0.049 | mean_robot_dist=inf | raw_reward=20.000 | adjusted_reward=20.000 | coop_agents=0/5 | mean_coop_neighbors=0.00 | active_neighbor_step_rate=0.622 | mean_active_neighbors_step=1.390 | max_active_neighbors_step=4 | interaction_reward=0.0000 | abs_interaction_reward=0.0000 | anti_stag_reward=-0.0378 | abs_anti_stag_reward=0.0378 | wall_clear_reward=0.0000 | abs_wall_clear_reward=0.0000 | local_nav_reward=0.0000 | abs_local_nav_reward=0.0000 | robot_proximity_reward=-0.4325 | abs_robot_proximity_reward=0.4325 | robot_clearance_reward=-0.1184 | abs_robot_clearance_reward=0.1446 | yield_priority_reward=-0.0790 | abs_yield_priority_reward=0.0790 | context_neighbors_mean=1.41 | context_neighbors_max=4 | last_context_neighbors_mean=0.00 | last_context_neighbors_max=0 | actor_unlocked=0 | expl_noise=0.0799 | replay=5551 | interaction_replay=3600 | samples/sec=11.391
Episode 73 complete | agent_samples=5596 | env_steps=2127 | episode_env_steps=12 | episode_agent_samples=45 | mean_reward=30.907 | success=3/5 | collision=2/5 | mean_final_distance=0.673 | mean_progress=0.0239 | min_laser=0.302 | mean_lin=0.677 | mean_ang=0.506 | mean_robot_dist=inf | raw_reward=20.000 | adjusted_reward=20.000 | coop_agents=0/5 | mean_coop_neighbors=0.00 | active_neighbor_step_rate=0.800 | mean_active_neighbors_step=2.533 | max_active_neighbors_step=4 | interaction_reward=0.0000 | abs_interaction_reward=0.0000 | anti_stag_reward=-0.0067 | abs_anti_stag_reward=0.0067 | wall_clear_reward=0.0000 | abs_wall_clear_reward=0.0000 | local_nav_reward=0.0000 | abs_local_nav_reward=0.0000 | robot_proximity_reward=-0.6864 | abs_robot_proximity_reward=0.6864 | robot_clearance_reward=-0.2177 | abs_robot_clearance_reward=0.2177 | yield_priority_reward=-0.0690 | abs_yield_priority_reward=0.0690 | context_neighbors_mean=2.58 | context_neighbors_max=4 | last_context_neighbors_mean=0.00 | last_context_neighbors_max=0 | actor_unlocked=0 | expl_noise=0.0799 | replay=5596 | interaction_replay=3636 | samples/sec=11.418
Episode 74 complete | agent_samples=5669 | env_steps=2156 | episode_env_steps=29 | episode_agent_samples=73 | mean_reward=68.550 | success=4/5 | collision=1/5 | mean_final_distance=0.585 | mean_progress=0.0065 | min_laser=0.346 | mean_lin=0.980 | mean_ang=0.188 | mean_robot_dist=inf | raw_reward=20.000 | adjusted_reward=20.000 | coop_agents=0/5 | mean_coop_neighbors=0.00 | active_neighbor_step_rate=0.603 | mean_active_neighbors_step=1.548 | max_active_neighbors_step=4 | interaction_reward=0.0000 | abs_interaction_reward=0.0000 | anti_stag_reward=-0.0575 | abs_anti_stag_reward=0.0575 | wall_clear_reward=0.0000 | abs_wall_clear_reward=0.0000 | local_nav_reward=0.0000 | abs_local_nav_reward=0.0000 | robot_proximity_reward=-0.6049 | abs_robot_proximity_reward=0.6049 | robot_clearance_reward=-0.1613 | abs_robot_clearance_reward=0.1643 | yield_priority_reward=-0.0351 | abs_yield_priority_reward=0.0458 | context_neighbors_mean=1.59 | context_neighbors_max=4 | last_context_neighbors_mean=0.00 | last_context_neighbors_max=0 | actor_unlocked=0 | expl_noise=0.0799 | replay=5669 | interaction_replay=3681 | samples/sec=11.411
Episode 75 complete | agent_samples=5742 | env_steps=2177 | episode_env_steps=21 | episode_agent_samples=73 | mean_reward=71.462 | success=4/5 | collision=1/5 | mean_final_distance=0.264 | mean_progress=0.0178 | min_laser=0.323 | mean_lin=0.595 | mean_ang=0.556 | mean_robot_dist=inf | raw_reward=20.000 | adjusted_reward=20.000 | coop_agents=0/5 | mean_coop_neighbors=0.00 | active_neighbor_step_rate=0.904 | mean_active_neighbors_step=2.192 | max_active_neighbors_step=4 | interaction_reward=0.0000 | abs_interaction_reward=0.0000 | anti_stag_reward=0.0000 | abs_anti_stag_reward=0.0000 | wall_clear_reward=0.0000 | abs_wall_clear_reward=0.0000 | local_nav_reward=0.0000 | abs_local_nav_reward=0.0000 | robot_proximity_reward=-0.5752 | abs_robot_proximity_reward=0.5752 | robot_clearance_reward=-0.1215 | abs_robot_clearance_reward=0.1794 | yield_priority_reward=-0.0312 | abs_yield_priority_reward=0.0312 | context_neighbors_mean=2.21 | context_neighbors_max=4 | last_context_neighbors_mean=0.00 | last_context_neighbors_max=0 | actor_unlocked=0 | expl_noise=0.0799 | replay=5742 | interaction_replay=3743 | samples/sec=11.447
Status | epoch=1 | next_eval_in=4258 agent_samples | checkpoint_every=10 episodes | checkpoint=./checkpoints/independent_dense_actor_from_5a_recovery_v6_cpu_probe_s20260730_latest.pt | model=independent_dense_actor_from_5a_recovery_v6_cpu_probe_s20260730
Coverage | unique_train_scenarios=75/6000 | deep=0 | close=0 | margin=0
Episode 76 complete | agent_samples=5793 | env_steps=2191 | episode_env_steps=14 | episode_agent_samples=51 | mean_reward=15.793 | success=3/5 | collision=2/5 | mean_final_distance=0.741 | mean_progress=0.0196 | min_laser=0.300 | mean_lin=0.551 | mean_ang=-0.220 | mean_robot_dist=inf | raw_reward=20.000 | adjusted_reward=20.000 | coop_agents=0/5 | mean_coop_neighbors=0.00 | active_neighbor_step_rate=0.922 | mean_active_neighbors_step=2.588 | max_active_neighbors_step=4 | interaction_reward=0.0000 | abs_interaction_reward=0.0000 | anti_stag_reward=0.0000 | abs_anti_stag_reward=0.0000 | wall_clear_reward=0.0000 | abs_wall_clear_reward=0.0000 | local_nav_reward=0.0000 | abs_local_nav_reward=0.0000 | robot_proximity_reward=-1.1189 | abs_robot_proximity_reward=1.1189 | robot_clearance_reward=-0.3513 | abs_robot_clearance_reward=0.3513 | yield_priority_reward=-0.0390 | abs_yield_priority_reward=0.0409 | context_neighbors_mean=2.63 | context_neighbors_max=4 | last_context_neighbors_mean=0.00 | last_context_neighbors_max=0 | actor_unlocked=0 | expl_noise=0.0799 | replay=5793 | interaction_replay=3790 | samples/sec=11.473
Episode 77 complete | agent_samples=5854 | env_steps=2215 | episode_env_steps=24 | episode_agent_samples=61 | mean_reward=23.051 | success=3/5 | collision=2/5 | mean_final_distance=0.741 | mean_progress=0.0015 | min_laser=0.330 | mean_lin=0.593 | mean_ang=-0.187 | mean_robot_dist=inf | raw_reward=20.000 | adjusted_reward=20.000 | coop_agents=0/5 | mean_coop_neighbors=0.00 | active_neighbor_step_rate=0.754 | mean_active_neighbors_step=2.033 | max_active_neighbors_step=4 | interaction_reward=0.0000 | abs_interaction_reward=0.0000 | anti_stag_reward=-0.0098 | abs_anti_stag_reward=0.0098 | wall_clear_reward=0.0000 | abs_wall_clear_reward=0.0000 | local_nav_reward=0.0000 | abs_local_nav_reward=0.0000 | robot_proximity_reward=-0.7921 | abs_robot_proximity_reward=0.7921 | robot_clearance_reward=-0.2633 | abs_robot_clearance_reward=0.3289 | yield_priority_reward=-0.0324 | abs_yield_priority_reward=0.0324 | context_neighbors_mean=2.07 | context_neighbors_max=4 | last_context_neighbors_mean=0.00 | last_context_neighbors_max=0 | actor_unlocked=0 | expl_noise=0.0799 | replay=5854 | interaction_replay=3837 | samples/sec=11.470
Episode 78 complete | agent_samples=5940 | env_steps=2255 | episode_env_steps=40 | episode_agent_samples=86 | mean_reward=32.011 | success=3/5 | collision=2/5 | mean_final_distance=0.283 | mean_progress=0.0100 | min_laser=0.303 | mean_lin=0.967 | mean_ang=-0.184 | mean_robot_dist=inf | raw_reward=20.000 | adjusted_reward=20.000 | coop_agents=0/5 | mean_coop_neighbors=0.00 | active_neighbor_step_rate=0.605 | mean_active_neighbors_step=1.488 | max_active_neighbors_step=4 | interaction_reward=0.0000 | abs_interaction_reward=0.0000 | anti_stag_reward=-0.0430 | abs_anti_stag_reward=0.0430 | wall_clear_reward=0.0000 | abs_wall_clear_reward=0.0000 | local_nav_reward=0.0000 | abs_local_nav_reward=0.0000 | robot_proximity_reward=-0.3290 | abs_robot_proximity_reward=0.3290 | robot_clearance_reward=-0.1134 | abs_robot_clearance_reward=0.1367 | yield_priority_reward=0.0002 | abs_yield_priority_reward=0.0002 | context_neighbors_mean=1.57 | context_neighbors_max=4 | last_context_neighbors_mean=0.00 | last_context_neighbors_max=0 | actor_unlocked=0 | expl_noise=0.0799 | replay=5940 | interaction_replay=3883 | samples/sec=11.436
Episode 79 complete | agent_samples=6053 | env_steps=2299 | episode_env_steps=44 | episode_agent_samples=113 | mean_reward=20.530 | success=3/5 | collision=2/5 | mean_final_distance=0.484 | mean_progress=0.0164 | min_laser=0.303 | mean_lin=0.838 | mean_ang=-0.079 | mean_robot_dist=inf | raw_reward=20.000 | adjusted_reward=20.000 | coop_agents=0/5 | mean_coop_neighbors=0.00 | active_neighbor_step_rate=0.699 | mean_active_neighbors_step=1.575 | max_active_neighbors_step=4 | interaction_reward=0.0000 | abs_interaction_reward=0.0000 | anti_stag_reward=-0.0558 | abs_anti_stag_reward=0.0558 | wall_clear_reward=0.0000 | abs_wall_clear_reward=0.0000 | local_nav_reward=0.0000 | abs_local_nav_reward=0.0000 | robot_proximity_reward=-0.3877 | abs_robot_proximity_reward=0.3877 | robot_clearance_reward=-0.0946 | abs_robot_clearance_reward=0.1198 | yield_priority_reward=-0.1675 | abs_yield_priority_reward=0.1675 | context_neighbors_mean=1.58 | context_neighbors_max=4 | last_context_neighbors_mean=0.00 | last_context_neighbors_max=0 | actor_unlocked=0 | expl_noise=0.0799 | replay=6053 | interaction_replay=3962 | samples/sec=11.431
Episode 80 complete | agent_samples=6155 | env_steps=2334 | episode_env_steps=35 | episode_agent_samples=102 | mean_reward=115.602 | success=5/5 | collision=0/5 | mean_final_distance=0.267 | mean_progress=0.0141 | min_laser=0.521 | mean_lin=0.906 | mean_ang=0.159 | mean_robot_dist=inf | raw_reward=20.000 | adjusted_reward=20.000 | coop_agents=0/5 | mean_coop_neighbors=0.00 | active_neighbor_step_rate=0.745 | mean_active_neighbors_step=1.520 | max_active_neighbors_step=4 | interaction_reward=0.0000 | abs_interaction_reward=0.0000 | anti_stag_reward=-0.0245 | abs_anti_stag_reward=0.0245 | wall_clear_reward=0.0000 | abs_wall_clear_reward=0.0000 | local_nav_reward=0.0000 | abs_local_nav_reward=0.0000 | robot_proximity_reward=-0.2001 | abs_robot_proximity_reward=0.2001 | robot_clearance_reward=-0.0639 | abs_robot_clearance_reward=0.0894 | yield_priority_reward=-0.0061 | abs_yield_priority_reward=0.0061 | context_neighbors_mean=1.59 | context_neighbors_max=4 | last_context_neighbors_mean=0.00 | last_context_neighbors_max=0 | actor_unlocked=0 | expl_noise=0.0799 | replay=6155 | interaction_replay=4026 | samples/sec=11.449
Status | epoch=1 | next_eval_in=3845 agent_samples | checkpoint_every=10 episodes | checkpoint=./checkpoints/independent_dense_actor_from_5a_recovery_v6_cpu_probe_s20260730_latest.pt | model=independent_dense_actor_from_5a_recovery_v6_cpu_probe_s20260730
Coverage | unique_train_scenarios=80/6000 | deep=0 | close=0 | margin=0
Checkpoint saved: ./checkpoints/independent_dense_actor_from_5a_recovery_v6_cpu_probe_s20260730_latest.pt
Episode 81 complete | agent_samples=6208 | env_steps=2348 | episode_env_steps=14 | episode_agent_samples=53 | mean_reward=116.626 | success=5/5 | collision=0/5 | mean_final_distance=0.266 | mean_progress=0.0125 | min_laser=0.671 | mean_lin=0.680 | mean_ang=-0.478 | mean_robot_dist=inf | raw_reward=20.000 | adjusted_reward=20.000 | coop_agents=0/5 | mean_coop_neighbors=0.00 | active_neighbor_step_rate=0.943 | mean_active_neighbors_step=2.302 | max_active_neighbors_step=4 | interaction_reward=0.0000 | abs_interaction_reward=0.0000 | anti_stag_reward=0.0000 | abs_anti_stag_reward=0.0000 | wall_clear_reward=0.0000 | abs_wall_clear_reward=0.0000 | local_nav_reward=0.0000 | abs_local_nav_reward=0.0000 | robot_proximity_reward=-0.1185 | abs_robot_proximity_reward=0.1185 | robot_clearance_reward=-0.0720 | abs_robot_clearance_reward=0.1474 | yield_priority_reward=-0.0302 | abs_yield_priority_reward=0.0302 | context_neighbors_mean=2.36 | context_neighbors_max=4 | last_context_neighbors_mean=0.00 | last_context_neighbors_max=0 | actor_unlocked=0 | expl_noise=0.0799 | replay=6208 | interaction_replay=4069 | samples/sec=11.476
Episode 82 complete | agent_samples=6242 | env_steps=2357 | episode_env_steps=9 | episode_agent_samples=34 | mean_reward=-71.613 | success=1/5 | collision=4/5 | mean_final_distance=0.880 | mean_progress=0.0195 | min_laser=0.300 | mean_lin=0.637 | mean_ang=-0.205 | mean_robot_dist=inf | raw_reward=20.000 | adjusted_reward=20.000 | coop_agents=0/5 | mean_coop_neighbors=0.00 | active_neighbor_step_rate=0.882 | mean_active_neighbors_step=2.471 | max_active_neighbors_step=4 | interaction_reward=0.0000 | abs_interaction_reward=0.0000 | anti_stag_reward=0.0000 | abs_anti_stag_reward=0.0000 | wall_clear_reward=0.0000 | abs_wall_clear_reward=0.0000 | local_nav_reward=0.0000 | abs_local_nav_reward=0.0000 | robot_proximity_reward=-1.7223 | abs_robot_proximity_reward=1.7223 | robot_clearance_reward=-0.4876 | abs_robot_clearance_reward=0.4876 | yield_priority_reward=-0.1020 | abs_yield_priority_reward=0.1020 | context_neighbors_mean=2.53 | context_neighbors_max=4 | last_context_neighbors_mean=0.00 | last_context_neighbors_max=0 | actor_unlocked=0 | expl_noise=0.0799 | replay=6242 | interaction_replay=4095 | samples/sec=11.491
Episode 83 complete | agent_samples=6297 | env_steps=2379 | episode_env_steps=22 | episode_agent_samples=55 | mean_reward=31.601 | success=3/5 | collision=2/5 | mean_final_distance=0.523 | mean_progress=0.0084 | min_laser=0.305 | mean_lin=0.906 | mean_ang=0.285 | mean_robot_dist=inf | raw_reward=20.000 | adjusted_reward=20.000 | coop_agents=0/5 | mean_coop_neighbors=0.00 | active_neighbor_step_rate=0.745 | mean_active_neighbors_step=1.800 | max_active_neighbors_step=4 | interaction_reward=0.0000 | abs_interaction_reward=0.0000 | anti_stag_reward=-0.0145 | abs_anti_stag_reward=0.0145 | wall_clear_reward=0.0000 | abs_wall_clear_reward=0.0000 | local_nav_reward=0.0000 | abs_local_nav_reward=0.0000 | robot_proximity_reward=-0.7036 | abs_robot_proximity_reward=0.7036 | robot_clearance_reward=-0.1959 | abs_robot_clearance_reward=0.1959 | yield_priority_reward=-0.0461 | abs_yield_priority_reward=0.0461 | context_neighbors_mean=1.80 | context_neighbors_max=4 | last_context_neighbors_mean=0.00 | last_context_neighbors_max=0 | actor_unlocked=0 | expl_noise=0.0799 | replay=6297 | interaction_replay=4136 | samples/sec=11.485
Episode 84 complete | agent_samples=6360 | env_steps=2401 | episode_env_steps=22 | episode_agent_samples=63 | mean_reward=-52.178 | success=1/5 | collision=4/5 | mean_final_distance=1.041 | mean_progress=0.0183 | min_laser=0.300 | mean_lin=0.770 | mean_ang=-0.308 | mean_robot_dist=inf | raw_reward=-20.000 | adjusted_reward=-20.000 | coop_agents=0/5 | mean_coop_neighbors=0.00 | active_neighbor_step_rate=0.762 | mean_active_neighbors_step=2.032 | max_active_neighbors_step=4 | interaction_reward=0.0000 | abs_interaction_reward=0.0000 | anti_stag_reward=-0.0048 | abs_anti_stag_reward=0.0048 | wall_clear_reward=0.0000 | abs_wall_clear_reward=0.0000 | local_nav_reward=0.0000 | abs_local_nav_reward=0.0000 | robot_proximity_reward=-0.6334 | abs_robot_proximity_reward=0.6334 | robot_clearance_reward=-0.1444 | abs_robot_clearance_reward=0.2186 | yield_priority_reward=-0.1176 | abs_yield_priority_reward=0.1176 | context_neighbors_mean=2.03 | context_neighbors_max=4 | last_context_neighbors_mean=0.00 | last_context_neighbors_max=0 | actor_unlocked=0 | expl_noise=0.0799 | replay=6360 | interaction_replay=4180 | samples/sec=11.492
Episode 85 complete | agent_samples=6436 | env_steps=2437 | episode_env_steps=36 | episode_agent_samples=76 | mean_reward=23.018 | success=3/5 | collision=2/5 | mean_final_distance=0.538 | mean_progress=0.0005 | min_laser=0.301 | mean_lin=0.614 | mean_ang=0.199 | mean_robot_dist=inf | raw_reward=20.000 | adjusted_reward=20.000 | coop_agents=0/5 | mean_coop_neighbors=0.00 | active_neighbor_step_rate=0.474 | mean_active_neighbors_step=1.263 | max_active_neighbors_step=4 | interaction_reward=0.0000 | abs_interaction_reward=0.0000 | anti_stag_reward=-0.0487 | abs_anti_stag_reward=0.0487 | wall_clear_reward=0.0000 | abs_wall_clear_reward=0.0000 | local_nav_reward=0.0000 | abs_local_nav_reward=0.0000 | robot_proximity_reward=-0.6021 | abs_robot_proximity_reward=0.6021 | robot_clearance_reward=-0.1794 | abs_robot_clearance_reward=0.2057 | yield_priority_reward=-0.0822 | abs_yield_priority_reward=0.0822 | context_neighbors_mean=1.36 | context_neighbors_max=4 | last_context_neighbors_mean=0.00 | last_context_neighbors_max=0 | actor_unlocked=0 | expl_noise=0.0799 | replay=6436 | interaction_replay=4218 | samples/sec=11.460
Status | epoch=1 | next_eval_in=3564 agent_samples | checkpoint_every=10 episodes | checkpoint=./checkpoints/independent_dense_actor_from_5a_recovery_v6_cpu_probe_s20260730_latest.pt | model=independent_dense_actor_from_5a_recovery_v6_cpu_probe_s20260730
Coverage | unique_train_scenarios=85/6000 | deep=0 | close=0 | margin=0
Episode 86 complete | agent_samples=6554 | env_steps=2507 | episode_env_steps=70 | episode_agent_samples=118 | mean_reward=123.628 | success=5/5 | collision=0/5 | mean_final_distance=0.269 | mean_progress=0.0013 | min_laser=0.421 | mean_lin=0.790 | mean_ang=0.020 | mean_robot_dist=inf | raw_reward=20.000 | adjusted_reward=20.000 | coop_agents=0/5 | mean_coop_neighbors=0.00 | active_neighbor_step_rate=0.331 | mean_active_neighbors_step=0.610 | max_active_neighbors_step=4 | interaction_reward=0.0000 | abs_interaction_reward=0.0000 | anti_stag_reward=-0.0669 | abs_anti_stag_reward=0.0669 | wall_clear_reward=0.0000 | abs_wall_clear_reward=0.0000 | local_nav_reward=0.0000 | abs_local_nav_reward=0.0000 | robot_proximity_reward=0.0000 | abs_robot_proximity_reward=0.0000 | robot_clearance_reward=0.0000 | abs_robot_clearance_reward=0.0000 | yield_priority_reward=-0.0301 | abs_yield_priority_reward=0.0301 | context_neighbors_mean=0.61 | context_neighbors_max=4 | last_context_neighbors_mean=0.00 | last_context_neighbors_max=0 | actor_unlocked=0 | expl_noise=0.0799 | replay=6554 | interaction_replay=4250 | samples/sec=11.353
Episode 87 complete | agent_samples=6598 | env_steps=2520 | episode_env_steps=13 | episode_agent_samples=44 | mean_reward=17.991 | success=3/5 | collision=2/5 | mean_final_distance=0.648 | mean_progress=0.0254 | min_laser=0.323 | mean_lin=0.979 | mean_ang=0.089 | mean_robot_dist=inf | raw_reward=20.000 | adjusted_reward=20.000 | coop_agents=0/5 | mean_coop_neighbors=0.00 | active_neighbor_step_rate=0.841 | mean_active_neighbors_step=1.636 | max_active_neighbors_step=4 | interaction_reward=0.0000 | abs_interaction_reward=0.0000 | anti_stag_reward=0.0000 | abs_anti_stag_reward=0.0000 | wall_clear_reward=0.0000 | abs_wall_clear_reward=0.0000 | local_nav_reward=0.0000 | abs_local_nav_reward=0.0000 | robot_proximity_reward=-0.7118 | abs_robot_proximity_reward=0.7118 | robot_clearance_reward=-0.1869 | abs_robot_clearance_reward=0.1925 | yield_priority_reward=-0.0283 | abs_yield_priority_reward=0.0283 | context_neighbors_mean=1.68 | context_neighbors_max=4 | last_context_neighbors_mean=0.00 | last_context_neighbors_max=0 | actor_unlocked=0 | expl_noise=0.0799 | replay=6598 | interaction_replay=4283 | samples/sec=11.368
Episode 88 complete | agent_samples=6654 | env_steps=2535 | episode_env_steps=15 | episode_agent_samples=56 | mean_reward=-68.119 | success=1/5 | collision=4/5 | mean_final_distance=0.833 | mean_progress=0.0005 | min_laser=0.312 | mean_lin=0.628 | mean_ang=-0.541 | mean_robot_dist=inf | raw_reward=-20.000 | adjusted_reward=-20.000 | coop_agents=0/5 | mean_coop_neighbors=0.00 | active_neighbor_step_rate=0.893 | mean_active_neighbors_step=2.018 | max_active_neighbors_step=4 | interaction_reward=0.0000 | abs_interaction_reward=0.0000 | anti_stag_reward=-0.0054 | abs_anti_stag_reward=0.0054 | wall_clear_reward=0.0000 | abs_wall_clear_reward=0.0000 | local_nav_reward=0.0000 | abs_local_nav_reward=0.0000 | robot_proximity_reward=-1.4133 | abs_robot_proximity_reward=1.4133 | robot_clearance_reward=-0.3186 | abs_robot_clearance_reward=0.3544 | yield_priority_reward=-0.0938 | abs_yield_priority_reward=0.1006 | context_neighbors_mean=2.05 | context_neighbors_max=4 | last_context_neighbors_mean=0.00 | last_context_neighbors_max=0 | actor_unlocked=0 | expl_noise=0.0799 | replay=6654 | interaction_replay=4333 | samples/sec=11.395
Episode 89 complete | agent_samples=6698 | env_steps=2547 | episode_env_steps=12 | episode_agent_samples=44 | mean_reward=-26.055 | success=2/5 | collision=3/5 | mean_final_distance=1.073 | mean_progress=0.0100 | min_laser=0.300 | mean_lin=0.792 | mean_ang=-0.223 | mean_robot_dist=inf | raw_reward=20.000 | adjusted_reward=20.000 | coop_agents=0/5 | mean_coop_neighbors=0.00 | active_neighbor_step_rate=0.841 | mean_active_neighbors_step=2.523 | max_active_neighbors_step=4 | interaction_reward=0.0000 | abs_interaction_reward=0.0000 | anti_stag_reward=0.0000 | abs_anti_stag_reward=0.0000 | wall_clear_reward=0.0000 | abs_wall_clear_reward=0.0000 | local_nav_reward=0.0000 | abs_local_nav_reward=0.0000 | robot_proximity_reward=-1.6286 | abs_robot_proximity_reward=1.6286 | robot_clearance_reward=-0.4783 | abs_robot_clearance_reward=0.5237 | yield_priority_reward=-0.0711 | abs_yield_priority_reward=0.0711 | context_neighbors_mean=2.59 | context_neighbors_max=4 | last_context_neighbors_mean=0.00 | last_context_neighbors_max=0 | actor_unlocked=0 | expl_noise=0.0799 | replay=6698 | interaction_replay=4371 | samples/sec=11.414
Episode 90 complete | agent_samples=6745 | env_steps=2558 | episode_env_steps=11 | episode_agent_samples=47 | mean_reward=14.882 | success=3/5 | collision=2/5 | mean_final_distance=0.496 | mean_progress=0.0239 | min_laser=0.301 | mean_lin=0.946 | mean_ang=0.510 | mean_robot_dist=inf | raw_reward=20.000 | adjusted_reward=20.000 | coop_agents=0/5 | mean_coop_neighbors=0.00 | active_neighbor_step_rate=0.915 | mean_active_neighbors_step=2.298 | max_active_neighbors_step=4 | interaction_reward=0.0000 | abs_interaction_reward=0.0000 | anti_stag_reward=0.0000 | abs_anti_stag_reward=0.0000 | wall_clear_reward=0.0000 | abs_wall_clear_reward=0.0000 | local_nav_reward=0.0000 | abs_local_nav_reward=0.0000 | robot_proximity_reward=-1.2771 | abs_robot_proximity_reward=1.2771 | robot_clearance_reward=-0.2800 | abs_robot_clearance_reward=0.2800 | yield_priority_reward=-0.1352 | abs_yield_priority_reward=0.1352 | context_neighbors_mean=2.40 | context_neighbors_max=4 | last_context_neighbors_mean=0.00 | last_context_neighbors_max=0 | actor_unlocked=0 | expl_noise=0.0799 | replay=6745 | interaction_replay=4414 | samples/sec=11.442
Status | epoch=1 | next_eval_in=3255 agent_samples | checkpoint_every=10 episodes | checkpoint=./checkpoints/independent_dense_actor_from_5a_recovery_v6_cpu_probe_s20260730_latest.pt | model=independent_dense_actor_from_5a_recovery_v6_cpu_probe_s20260730
Coverage | unique_train_scenarios=90/6000 | deep=0 | close=0 | margin=0
Checkpoint saved: ./checkpoints/independent_dense_actor_from_5a_recovery_v6_cpu_probe_s20260730_latest.pt
Episode 91 complete | agent_samples=6799 | env_steps=2577 | episode_env_steps=19 | episode_agent_samples=54 | mean_reward=66.526 | success=4/5 | collision=1/5 | mean_final_distance=0.270 | mean_progress=0.0065 | min_laser=0.343 | mean_lin=0.819 | mean_ang=-0.176 | mean_robot_dist=inf | raw_reward=-20.000 | adjusted_reward=-20.000 | coop_agents=0/5 | mean_coop_neighbors=0.00 | active_neighbor_step_rate=0.759 | mean_active_neighbors_step=1.759 | max_active_neighbors_step=4 | interaction_reward=0.0000 | abs_interaction_reward=0.0000 | anti_stag_reward=0.0000 | abs_anti_stag_reward=0.0000 | wall_clear_reward=0.0000 | abs_wall_clear_reward=0.0000 | local_nav_reward=0.0000 | abs_local_nav_reward=0.0000 | robot_proximity_reward=-0.2289 | abs_robot_proximity_reward=0.2289 | robot_clearance_reward=-0.0926 | abs_robot_clearance_reward=0.0926 | yield_priority_reward=-0.0004 | abs_yield_priority_reward=0.0004 | context_neighbors_mean=1.83 | context_neighbors_max=4 | last_context_neighbors_mean=0.00 | last_context_neighbors_max=0 | actor_unlocked=0 | expl_noise=0.0799 | replay=6799 | interaction_replay=4451 | samples/sec=11.446
Episode 92 complete | agent_samples=6850 | env_steps=2589 | episode_env_steps=12 | episode_agent_samples=51 | mean_reward=-64.799 | success=1/5 | collision=4/5 | mean_final_distance=1.085 | mean_progress=0.0274 | min_laser=0.307 | mean_lin=0.282 | mean_ang=-0.883 | mean_robot_dist=0.529 | raw_reward=-41.429 | adjusted_reward=-41.429 | coop_agents=2/5 | mean_coop_neighbors=0.40 | active_neighbor_step_rate=1.000 | mean_active_neighbors_step=3.373 | max_active_neighbors_step=4 | interaction_reward=0.0000 | abs_interaction_reward=0.0000 | anti_stag_reward=-0.0059 | abs_anti_stag_reward=0.0059 | wall_clear_reward=0.0000 | abs_wall_clear_reward=0.0000 | local_nav_reward=0.0000 | abs_local_nav_reward=0.0000 | robot_proximity_reward=-1.4763 | abs_robot_proximity_reward=1.4763 | robot_clearance_reward=-0.4706 | abs_robot_clearance_reward=0.4706 | yield_priority_reward=-0.0473 | abs_yield_priority_reward=0.0499 | context_neighbors_mean=3.39 | context_neighbors_max=4 | last_context_neighbors_mean=0.00 | last_context_neighbors_max=0 | actor_unlocked=0 | expl_noise=0.0799 | replay=6850 | interaction_replay=4502 | samples/sec=11.475
Episode 93 complete | agent_samples=6909 | env_steps=2611 | episode_env_steps=22 | episode_agent_samples=59 | mean_reward=-20.620 | success=2/5 | collision=3/5 | mean_final_distance=0.752 | mean_progress=0.0233 | min_laser=0.300 | mean_lin=0.783 | mean_ang=0.020 | mean_robot_dist=inf | raw_reward=20.000 | adjusted_reward=20.000 | coop_agents=0/5 | mean_coop_neighbors=0.00 | active_neighbor_step_rate=0.712 | mean_active_neighbors_step=2.051 | max_active_neighbors_step=4 | interaction_reward=0.0000 | abs_interaction_reward=0.0000 | anti_stag_reward=0.0000 | abs_anti_stag_reward=0.0000 | wall_clear_reward=0.0000 | abs_wall_clear_reward=0.0000 | local_nav_reward=0.0000 | abs_local_nav_reward=0.0000 | robot_proximity_reward=-1.2273 | abs_robot_proximity_reward=1.2273 | robot_clearance_reward=-0.2764 | abs_robot_clearance_reward=0.4029 | yield_priority_reward=-0.0470 | abs_yield_priority_reward=0.0470 | context_neighbors_mean=2.14 | context_neighbors_max=4 | last_context_neighbors_mean=0.00 | last_context_neighbors_max=0 | actor_unlocked=0 | expl_noise=0.0799 | replay=6909 | interaction_replay=4544 | samples/sec=11.477
Episode 94 complete | agent_samples=6982 | env_steps=2638 | episode_env_steps=27 | episode_agent_samples=73 | mean_reward=109.238 | success=5/5 | collision=0/5 | mean_final_distance=0.251 | mean_progress=0.0120 | min_laser=0.685 | mean_lin=0.997 | mean_ang=0.916 | mean_robot_dist=inf | raw_reward=20.000 | adjusted_reward=20.000 | coop_agents=0/5 | mean_coop_neighbors=0.00 | active_neighbor_step_rate=0.671 | mean_active_neighbors_step=1.822 | max_active_neighbors_step=4 | interaction_reward=0.0000 | abs_interaction_reward=0.0000 | anti_stag_reward=-0.0301 | abs_anti_stag_reward=0.0301 | wall_clear_reward=0.0000 | abs_wall_clear_reward=0.0000 | local_nav_reward=0.0000 | abs_local_nav_reward=0.0000 | robot_proximity_reward=-0.4502 | abs_robot_proximity_reward=0.4502 | robot_clearance_reward=-0.1246 | abs_robot_clearance_reward=0.1888 | yield_priority_reward=-0.0142 | abs_yield_priority_reward=0.0142 | context_neighbors_mean=1.88 | context_neighbors_max=4 | last_context_neighbors_mean=0.00 | last_context_neighbors_max=0 | actor_unlocked=0 | expl_noise=0.0799 | replay=6982 | interaction_replay=4594 | samples/sec=11.479
Episode 95 complete | agent_samples=7034 | env_steps=2653 | episode_env_steps=15 | episode_agent_samples=52 | mean_reward=108.348 | success=5/5 | collision=0/5 | mean_final_distance=0.266 | mean_progress=0.0121 | min_laser=0.583 | mean_lin=0.888 | mean_ang=-0.427 | mean_robot_dist=inf | raw_reward=20.000 | adjusted_reward=20.000 | coop_agents=0/5 | mean_coop_neighbors=0.00 | active_neighbor_step_rate=0.846 | mean_active_neighbors_step=2.404 | max_active_neighbors_step=4 | interaction_reward=0.0000 | abs_interaction_reward=0.0000 | anti_stag_reward=0.0000 | abs_anti_stag_reward=0.0000 | wall_clear_reward=0.0000 | abs_wall_clear_reward=0.0000 | local_nav_reward=0.0000 | abs_local_nav_reward=0.0000 | robot_proximity_reward=-0.5260 | abs_robot_proximity_reward=0.5260 | robot_clearance_reward=-0.1842 | abs_robot_clearance_reward=0.2469 | yield_priority_reward=-0.0172 | abs_yield_priority_reward=0.0172 | context_neighbors_mean=2.46 | context_neighbors_max=4 | last_context_neighbors_mean=0.00 | last_context_neighbors_max=0 | actor_unlocked=0 | expl_noise=0.0799 | replay=7034 | interaction_replay=4639 | samples/sec=11.499
Status | epoch=1 | next_eval_in=2966 agent_samples | checkpoint_every=10 episodes | checkpoint=./checkpoints/independent_dense_actor_from_5a_recovery_v6_cpu_probe_s20260730_latest.pt | model=independent_dense_actor_from_5a_recovery_v6_cpu_probe_s20260730
Coverage | unique_train_scenarios=95/6000 | deep=0 | close=0 | margin=0
Episode 96 complete | agent_samples=7107 | env_steps=2678 | episode_env_steps=25 | episode_agent_samples=73 | mean_reward=86.852 | success=4/5 | collision=1/5 | mean_final_distance=0.421 | mean_progress=0.0096 | min_laser=0.344 | mean_lin=0.775 | mean_ang=0.117 | mean_robot_dist=inf | raw_reward=20.000 | adjusted_reward=20.000 | coop_agents=0/5 | mean_coop_neighbors=0.00 | active_neighbor_step_rate=0.767 | mean_active_neighbors_step=1.808 | max_active_neighbors_step=4 | interaction_reward=0.0000 | abs_interaction_reward=0.0000 | anti_stag_reward=0.0000 | abs_anti_stag_reward=0.0000 | wall_clear_reward=0.0000 | abs_wall_clear_reward=0.0000 | local_nav_reward=0.0000 | abs_local_nav_reward=0.0000 | robot_proximity_reward=-0.8413 | abs_robot_proximity_reward=0.8413 | robot_clearance_reward=-0.1046 | abs_robot_clearance_reward=0.2769 | yield_priority_reward=0.0335 | abs_yield_priority_reward=0.0553 | context_neighbors_mean=1.88 | context_neighbors_max=4 | last_context_neighbors_mean=0.00 | last_context_neighbors_max=0 | actor_unlocked=0 | expl_noise=0.0799 | replay=7107 | interaction_replay=4695 | samples/sec=11.509
Episode 97 complete | agent_samples=7166 | env_steps=2692 | episode_env_steps=14 | episode_agent_samples=59 | mean_reward=29.759 | success=3/5 | collision=2/5 | mean_final_distance=0.396 | mean_progress=0.0298 | min_laser=0.319 | mean_lin=0.748 | mean_ang=0.085 | mean_robot_dist=inf | raw_reward=39.867 | adjusted_reward=39.893 | coop_agents=1/5 | mean_coop_neighbors=0.20 | active_neighbor_step_rate=0.898 | mean_active_neighbors_step=2.610 | max_active_neighbors_step=4 | interaction_reward=0.0000 | abs_interaction_reward=0.0000 | anti_stag_reward=0.0000 | abs_anti_stag_reward=0.0000 | wall_clear_reward=0.0000 | abs_wall_clear_reward=0.0000 | local_nav_reward=0.0000 | abs_local_nav_reward=0.0000 | robot_proximity_reward=-0.7334 | abs_robot_proximity_reward=0.7334 | robot_clearance_reward=-0.1895 | abs_robot_clearance_reward=0.2663 | yield_priority_reward=-0.0105 | abs_yield_priority_reward=0.0105 | context_neighbors_mean=2.73 | context_neighbors_max=4 | last_context_neighbors_mean=0.00 | last_context_neighbors_max=0 | actor_unlocked=0 | expl_noise=0.0799 | replay=7166 | interaction_replay=4749 | samples/sec=11.541
Episode 98 complete | agent_samples=7224 | env_steps=2708 | episode_env_steps=16 | episode_agent_samples=58 | mean_reward=24.355 | success=3/5 | collision=2/5 | mean_final_distance=0.496 | mean_progress=0.0251 | min_laser=0.323 | mean_lin=0.768 | mean_ang=-0.571 | mean_robot_dist=inf | raw_reward=20.000 | adjusted_reward=20.000 | coop_agents=0/5 | mean_coop_neighbors=0.00 | active_neighbor_step_rate=0.862 | mean_active_neighbors_step=2.000 | max_active_neighbors_step=4 | interaction_reward=0.0000 | abs_interaction_reward=0.0000 | anti_stag_reward=0.0000 | abs_anti_stag_reward=0.0000 | wall_clear_reward=0.0000 | abs_wall_clear_reward=0.0000 | local_nav_reward=0.0000 | abs_local_nav_reward=0.0000 | robot_proximity_reward=-0.9815 | abs_robot_proximity_reward=0.9815 | robot_clearance_reward=-0.2747 | abs_robot_clearance_reward=0.3437 | yield_priority_reward=-0.0344 | abs_yield_priority_reward=0.0362 | context_neighbors_mean=2.05 | context_neighbors_max=4 | last_context_neighbors_mean=0.00 | last_context_neighbors_max=0 | actor_unlocked=0 | expl_noise=0.0798 | replay=7224 | interaction_replay=4794 | samples/sec=11.565
Episode 99 complete | agent_samples=7271 | env_steps=2719 | episode_env_steps=11 | episode_agent_samples=47 | mean_reward=23.257 | success=3/5 | collision=2/5 | mean_final_distance=0.595 | mean_progress=0.0346 | min_laser=0.300 | mean_lin=0.768 | mean_ang=0.510 | mean_robot_dist=inf | raw_reward=40.000 | adjusted_reward=40.000 | coop_agents=1/5 | mean_coop_neighbors=0.20 | active_neighbor_step_rate=0.915 | mean_active_neighbors_step=2.362 | max_active_neighbors_step=4 | interaction_reward=0.0000 | abs_interaction_reward=0.0000 | anti_stag_reward=0.0000 | abs_anti_stag_reward=0.0000 | wall_clear_reward=0.0000 | abs_wall_clear_reward=0.0000 | local_nav_reward=0.0000 | abs_local_nav_reward=0.0000 | robot_proximity_reward=-0.6927 | abs_robot_proximity_reward=0.6927 | robot_clearance_reward=-0.1915 | abs_robot_clearance_reward=0.1915 | yield_priority_reward=-0.0292 | abs_yield_priority_reward=0.0292 | context_neighbors_mean=2.43 | context_neighbors_max=4 | last_context_neighbors_mean=0.00 | last_context_neighbors_max=0 | actor_unlocked=0 | expl_noise=0.0798 | replay=7271 | interaction_replay=4837 | samples/sec=11.590
Episode 100 complete | agent_samples=7327 | env_steps=2734 | episode_env_steps=15 | episode_agent_samples=56 | mean_reward=72.029 | success=4/5 | collision=1/5 | mean_final_distance=0.276 | mean_progress=0.0030 | min_laser=0.305 | mean_lin=0.615 | mean_ang=0.242 | mean_robot_dist=inf | raw_reward=20.000 | adjusted_reward=20.000 | coop_agents=0/5 | mean_coop_neighbors=0.00 | active_neighbor_step_rate=0.768 | mean_active_neighbors_step=1.857 | max_active_neighbors_step=4 | interaction_reward=0.0000 | abs_interaction_reward=0.0000 | anti_stag_reward=0.0000 | abs_anti_stag_reward=0.0000 | wall_clear_reward=0.0000 | abs_wall_clear_reward=0.0000 | local_nav_reward=0.0000 | abs_local_nav_reward=0.0000 | robot_proximity_reward=-0.5539 | abs_robot_proximity_reward=0.5539 | robot_clearance_reward=-0.1473 | abs_robot_clearance_reward=0.1924 | yield_priority_reward=-0.0106 | abs_yield_priority_reward=0.0106 | context_neighbors_mean=1.95 | context_neighbors_max=4 | last_context_neighbors_mean=0.00 | last_context_neighbors_max=0 | actor_unlocked=0 | expl_noise=0.0798 | replay=7327 | interaction_replay=4878 | samples/sec=11.612
Status | epoch=1 | next_eval_in=2673 agent_samples | checkpoint_every=10 episodes | checkpoint=./checkpoints/independent_dense_actor_from_5a_recovery_v6_cpu_probe_s20260730_latest.pt | model=independent_dense_actor_from_5a_recovery_v6_cpu_probe_s20260730
Coverage | unique_train_scenarios=100/6000 | deep=0 | close=0 | margin=0
Checkpoint saved: ./checkpoints/independent_dense_actor_from_5a_recovery_v6_cpu_probe_s20260730_latest.pt
Episode 101 complete | agent_samples=7377 | env_steps=2746 | episode_env_steps=12 | episode_agent_samples=50 | mean_reward=8.724 | success=3/5 | collision=2/5 | mean_final_distance=0.489 | mean_progress=0.0190 | min_laser=0.302 | mean_lin=0.777 | mean_ang=-0.539 | mean_robot_dist=inf | raw_reward=20.000 | adjusted_reward=20.000 | coop_agents=0/5 | mean_coop_neighbors=0.00 | active_neighbor_step_rate=0.960 | mean_active_neighbors_step=2.000 | max_active_neighbors_step=3 | interaction_reward=0.0000 | abs_interaction_reward=0.0000 | anti_stag_reward=0.0000 | abs_anti_stag_reward=0.0000 | wall_clear_reward=0.0000 | abs_wall_clear_reward=0.0000 | local_nav_reward=0.0000 | abs_local_nav_reward=0.0000 | robot_proximity_reward=-0.9789 | abs_robot_proximity_reward=0.9789 | robot_clearance_reward=-0.2913 | abs_robot_clearance_reward=0.2913 | yield_priority_reward=-0.0471 | abs_yield_priority_reward=0.0471 | context_neighbors_mean=2.04 | context_neighbors_max=3 | last_context_neighbors_mean=0.00 | last_context_neighbors_max=0 | actor_unlocked=0 | expl_noise=0.0798 | replay=7377 | interaction_replay=4926 | samples/sec=11.635
Episode 102 complete | agent_samples=7459 | env_steps=2780 | episode_env_steps=34 | episode_agent_samples=82 | mean_reward=111.371 | success=5/5 | collision=0/5 | mean_final_distance=0.254 | mean_progress=0.0179 | min_laser=0.368 | mean_lin=0.809 | mean_ang=0.152 | mean_robot_dist=inf | raw_reward=20.000 | adjusted_reward=20.000 | coop_agents=0/5 | mean_coop_neighbors=0.00 | active_neighbor_step_rate=0.732 | mean_active_neighbors_step=1.963 | max_active_neighbors_step=4 | interaction_reward=0.0000 | abs_interaction_reward=0.0000 | anti_stag_reward=-0.0183 | abs_anti_stag_reward=0.0183 | wall_clear_reward=0.0000 | abs_wall_clear_reward=0.0000 | local_nav_reward=0.0000 | abs_local_nav_reward=0.0000 | robot_proximity_reward=-0.2542 | abs_robot_proximity_reward=0.2542 | robot_clearance_reward=-0.1157 | abs_robot_clearance_reward=0.1656 | yield_priority_reward=-0.0100 | abs_yield_priority_reward=0.0100 | context_neighbors_mean=2.02 | context_neighbors_max=4 | last_context_neighbors_mean=0.00 | last_context_neighbors_max=0 | actor_unlocked=0 | expl_noise=0.0798 | replay=7459 | interaction_replay=4984 | samples/sec=11.623
Episode 103 complete | agent_samples=7512 | env_steps=2792 | episode_env_steps=12 | episode_agent_samples=53 | mean_reward=58.144 | success=4/5 | collision=1/5 | mean_final_distance=0.489 | mean_progress=0.0120 | min_laser=0.329 | mean_lin=0.813 | mean_ang=0.165 | mean_robot_dist=inf | raw_reward=-20.000 | adjusted_reward=-20.000 | coop_agents=0/5 | mean_coop_neighbors=0.00 | active_neighbor_step_rate=0.906 | mean_active_neighbors_step=2.245 | max_active_neighbors_step=4 | interaction_reward=0.0000 | abs_interaction_reward=0.0000 | anti_stag_reward=0.0000 | abs_anti_stag_reward=0.0000 | wall_clear_reward=0.0000 | abs_wall_clear_reward=0.0000 | local_nav_reward=0.0000 | abs_local_nav_reward=0.0000 | robot_proximity_reward=-1.1032 | abs_robot_proximity_reward=1.1032 | robot_clearance_reward=-0.2885 | abs_robot_clearance_reward=0.2952 | yield_priority_reward=-0.0518 | abs_yield_priority_reward=0.0550 | context_neighbors_mean=2.32 | context_neighbors_max=4 | last_context_neighbors_mean=0.00 | last_context_neighbors_max=0 | actor_unlocked=0 | expl_noise=0.0798 | replay=7512 | interaction_replay=5033 | samples/sec=11.654
Episode 104 complete | agent_samples=7686 | env_steps=2906 | episode_env_steps=114 | episode_agent_samples=174 | mean_reward=18.534 | success=3/5 | collision=2/5 | mean_final_distance=0.787 | mean_progress=0.0031 | min_laser=0.300 | mean_lin=0.773 | mean_ang=-0.669 | mean_robot_dist=inf | raw_reward=20.000 | adjusted_reward=20.000 | coop_agents=0/5 | mean_coop_neighbors=0.00 | active_neighbor_step_rate=0.322 | mean_active_neighbors_step=0.736 | max_active_neighbors_step=4 | interaction_reward=0.0000 | abs_interaction_reward=0.0000 | anti_stag_reward=-0.0713 | abs_anti_stag_reward=0.0713 | wall_clear_reward=0.0000 | abs_wall_clear_reward=0.0000 | local_nav_reward=0.0000 | abs_local_nav_reward=0.0000 | robot_proximity_reward=-0.3069 | abs_robot_proximity_reward=0.3069 | robot_clearance_reward=-0.0765 | abs_robot_clearance_reward=0.1225 | yield_priority_reward=-0.0412 | abs_yield_priority_reward=0.0412 | context_neighbors_mean=0.76 | context_neighbors_max=4 | last_context_neighbors_mean=0.00 | last_context_neighbors_max=0 | actor_unlocked=0 | expl_noise=0.0798 | replay=7686 | interaction_replay=5089 | samples/sec=11.473
Episode 105 complete | agent_samples=7773 | env_steps=2949 | episode_env_steps=43 | episode_agent_samples=87 | mean_reward=121.287 | success=5/5 | collision=0/5 | mean_final_distance=0.294 | mean_progress=0.0014 | min_laser=0.554 | mean_lin=0.634 | mean_ang=-0.176 | mean_robot_dist=inf | raw_reward=20.000 | adjusted_reward=20.000 | coop_agents=0/5 | mean_coop_neighbors=0.00 | active_neighbor_step_rate=0.540 | mean_active_neighbors_step=1.299 | max_active_neighbors_step=4 | interaction_reward=0.0000 | abs_interaction_reward=0.0000 | anti_stag_reward=-0.0425 | abs_anti_stag_reward=0.0425 | wall_clear_reward=0.0000 | abs_wall_clear_reward=0.0000 | local_nav_reward=0.0000 | abs_local_nav_reward=0.0000 | robot_proximity_reward=-0.2766 | abs_robot_proximity_reward=0.2766 | robot_clearance_reward=-0.0712 | abs_robot_clearance_reward=0.1172 | yield_priority_reward=-0.0207 | abs_yield_priority_reward=0.0207 | context_neighbors_mean=1.36 | context_neighbors_max=4 | last_context_neighbors_mean=0.00 | last_context_neighbors_max=0 | actor_unlocked=0 | expl_noise=0.0798 | replay=7773 | interaction_replay=5138 | samples/sec=11.439
Status | epoch=1 | next_eval_in=2227 agent_samples | checkpoint_every=10 episodes | checkpoint=./checkpoints/independent_dense_actor_from_5a_recovery_v6_cpu_probe_s20260730_latest.pt | model=independent_dense_actor_from_5a_recovery_v6_cpu_probe_s20260730
Coverage | unique_train_scenarios=105/6000 | deep=0 | close=0 | margin=0
Episode 106 complete | agent_samples=7857 | env_steps=2979 | episode_env_steps=30 | episode_agent_samples=84 | mean_reward=78.541 | success=4/5 | collision=1/5 | mean_final_distance=0.241 | mean_progress=0.0141 | min_laser=0.333 | mean_lin=0.568 | mean_ang=0.115 | mean_robot_dist=inf | raw_reward=20.000 | adjusted_reward=20.000 | coop_agents=0/5 | mean_coop_neighbors=0.00 | active_neighbor_step_rate=0.786 | mean_active_neighbors_step=1.964 | max_active_neighbors_step=4 | interaction_reward=0.0000 | abs_interaction_reward=0.0000 | anti_stag_reward=-0.0071 | abs_anti_stag_reward=0.0071 | wall_clear_reward=0.0000 | abs_wall_clear_reward=0.0000 | local_nav_reward=0.0000 | abs_local_nav_reward=0.0000 | robot_proximity_reward=-0.7378 | abs_robot_proximity_reward=0.7378 | robot_clearance_reward=-0.1302 | abs_robot_clearance_reward=0.2520 | yield_priority_reward=-0.0095 | abs_yield_priority_reward=0.0095 | context_neighbors_mean=2.05 | context_neighbors_max=4 | last_context_neighbors_mean=0.00 | last_context_neighbors_max=0 | actor_unlocked=0 | expl_noise=0.0798 | replay=7857 | interaction_replay=5193 | samples/sec=11.447
Episode 107 complete | agent_samples=7923 | env_steps=3001 | episode_env_steps=22 | episode_agent_samples=66 | mean_reward=-19.389 | success=2/5 | collision=3/5 | mean_final_distance=0.478 | mean_progress=-0.0027 | min_laser=0.300 | mean_lin=0.789 | mean_ang=-0.148 | mean_robot_dist=inf | raw_reward=-20.000 | adjusted_reward=-20.000 | coop_agents=0/5 | mean_coop_neighbors=0.00 | active_neighbor_step_rate=0.818 | mean_active_neighbors_step=2.318 | max_active_neighbors_step=4 | interaction_reward=0.0000 | abs_interaction_reward=0.0000 | anti_stag_reward=-0.0045 | abs_anti_stag_reward=0.0045 | wall_clear_reward=0.0000 | abs_wall_clear_reward=0.0000 | local_nav_reward=0.0000 | abs_local_nav_reward=0.0000 | robot_proximity_reward=-0.3830 | abs_robot_proximity_reward=0.3830 | robot_clearance_reward=-0.0909 | abs_robot_clearance_reward=0.0909 | yield_priority_reward=-0.0620 | abs_yield_priority_reward=0.0620 | context_neighbors_mean=2.35 | context_neighbors_max=4 | last_context_neighbors_mean=0.00 | last_context_neighbors_max=0 | actor_unlocked=0 | expl_noise=0.0798 | replay=7923 | interaction_replay=5243 | samples/sec=11.458
Episode 108 complete | agent_samples=7998 | env_steps=3033 | episode_env_steps=32 | episode_agent_samples=75 | mean_reward=27.925 | success=3/5 | collision=2/5 | mean_final_distance=0.416 | mean_progress=0.0103 | min_laser=0.300 | mean_lin=0.596 | mean_ang=-0.139 | mean_robot_dist=inf | raw_reward=20.000 | adjusted_reward=20.000 | coop_agents=0/5 | mean_coop_neighbors=0.00 | active_neighbor_step_rate=0.627 | mean_active_neighbors_step=1.600 | max_active_neighbors_step=4 | interaction_reward=0.0000 | abs_interaction_reward=0.0000 | anti_stag_reward=-0.0480 | abs_anti_stag_reward=0.0480 | wall_clear_reward=0.0000 | abs_wall_clear_reward=0.0000 | local_nav_reward=0.0000 | abs_local_nav_reward=0.0000 | robot_proximity_reward=-0.7074 | abs_robot_proximity_reward=0.7074 | robot_clearance_reward=-0.2263 | abs_robot_clearance_reward=0.2838 | yield_priority_reward=-0.0257 | abs_yield_priority_reward=0.0257 | context_neighbors_mean=1.72 | context_neighbors_max=4 | last_context_neighbors_mean=0.00 | last_context_neighbors_max=0 | actor_unlocked=0 | expl_noise=0.0798 | replay=7998 | interaction_replay=5292 | samples/sec=11.446
Episode 109 complete | agent_samples=8059 | env_steps=3048 | episode_env_steps=15 | episode_agent_samples=61 | mean_reward=38.756 | success=3/5 | collision=2/5 | mean_final_distance=0.409 | mean_progress=0.0219 | min_laser=0.321 | mean_lin=0.804 | mean_ang=0.219 | mean_robot_dist=inf | raw_reward=20.000 | adjusted_reward=20.000 | coop_agents=0/5 | mean_coop_neighbors=0.00 | active_neighbor_step_rate=0.902 | mean_active_neighbors_step=2.443 | max_active_neighbors_step=4 | interaction_reward=0.0000 | abs_interaction_reward=0.0000 | anti_stag_reward=-0.0049 | abs_anti_stag_reward=0.0049 | wall_clear_reward=0.0000 | abs_wall_clear_reward=0.0000 | local_nav_reward=0.0000 | abs_local_nav_reward=0.0000 | robot_proximity_reward=-0.8343 | abs_robot_proximity_reward=0.8343 | robot_clearance_reward=-0.2247 | abs_robot_clearance_reward=0.2575 | yield_priority_reward=-0.0570 | abs_yield_priority_reward=0.0570 | context_neighbors_mean=2.52 | context_neighbors_max=4 | last_context_neighbors_mean=0.00 | last_context_neighbors_max=0 | actor_unlocked=0 | expl_noise=0.0798 | replay=8059 | interaction_replay=5337 | samples/sec=11.475
Episode 110 complete | agent_samples=8120 | env_steps=3069 | episode_env_steps=21 | episode_agent_samples=61 | mean_reward=-20.095 | success=2/5 | collision=3/5 | mean_final_distance=0.767 | mean_progress=0.0110 | min_laser=0.319 | mean_lin=0.594 | mean_ang=0.180 | mean_robot_dist=inf | raw_reward=20.000 | adjusted_reward=20.000 | coop_agents=0/5 | mean_coop_neighbors=0.00 | active_neighbor_step_rate=0.754 | mean_active_neighbors_step=2.279 | max_active_neighbors_step=4 | interaction_reward=0.0000 | abs_interaction_reward=0.0000 | anti_stag_reward=-0.0082 | abs_anti_stag_reward=0.0082 | wall_clear_reward=0.0000 | abs_wall_clear_reward=0.0000 | local_nav_reward=0.0000 | abs_local_nav_reward=0.0000 | robot_proximity_reward=-1.0863 | abs_robot_proximity_reward=1.0863 | robot_clearance_reward=-0.2686 | abs_robot_clearance_reward=0.3345 | yield_priority_reward=-0.0292 | abs_yield_priority_reward=0.0326 | context_neighbors_mean=2.31 | context_neighbors_max=4 | last_context_neighbors_mean=0.00 | last_context_neighbors_max=0 | actor_unlocked=0 | expl_noise=0.0798 | replay=8120 | interaction_replay=5382 | samples/sec=11.483
Status | epoch=1 | next_eval_in=1880 agent_samples | checkpoint_every=10 episodes | checkpoint=./checkpoints/independent_dense_actor_from_5a_recovery_v6_cpu_probe_s20260730_latest.pt | model=independent_dense_actor_from_5a_recovery_v6_cpu_probe_s20260730
Coverage | unique_train_scenarios=110/6000 | deep=0 | close=0 | margin=0
Checkpoint saved: ./checkpoints/independent_dense_actor_from_5a_recovery_v6_cpu_probe_s20260730_latest.pt
Episode 111 complete | agent_samples=8212 | env_steps=3106 | episode_env_steps=37 | episode_agent_samples=92 | mean_reward=-16.137 | success=2/5 | collision=3/5 | mean_final_distance=0.817 | mean_progress=0.0078 | min_laser=0.300 | mean_lin=0.603 | mean_ang=-0.477 | mean_robot_dist=inf | raw_reward=20.000 | adjusted_reward=20.000 | coop_agents=0/5 | mean_coop_neighbors=0.00 | active_neighbor_step_rate=0.707 | mean_active_neighbors_step=1.957 | max_active_neighbors_step=4 | interaction_reward=0.0000 | abs_interaction_reward=0.0000 | anti_stag_reward=-0.0435 | abs_anti_stag_reward=0.0435 | wall_clear_reward=0.0000 | abs_wall_clear_reward=0.0000 | local_nav_reward=0.0000 | abs_local_nav_reward=0.0000 | robot_proximity_reward=-0.4345 | abs_robot_proximity_reward=0.4345 | robot_clearance_reward=-0.1224 | abs_robot_clearance_reward=0.1349 | yield_priority_reward=-0.0083 | abs_yield_priority_reward=0.0083 | context_neighbors_mean=2.00 | context_neighbors_max=4 | last_context_neighbors_mean=0.00 | last_context_neighbors_max=0 | actor_unlocked=0 | expl_noise=0.0798 | replay=8212 | interaction_replay=5441 | samples/sec=11.469
Episode 112 complete | agent_samples=8261 | env_steps=3117 | episode_env_steps=11 | episode_agent_samples=49 | mean_reward=114.519 | success=5/5 | collision=0/5 | mean_final_distance=0.239 | mean_progress=0.0355 | min_laser=0.572 | mean_lin=0.929 | mean_ang=0.913 | mean_robot_dist=inf | raw_reward=40.000 | adjusted_reward=40.000 | coop_agents=1/5 | mean_coop_neighbors=0.20 | active_neighbor_step_rate=0.735 | mean_active_neighbors_step=1.612 | max_active_neighbors_step=4 | interaction_reward=0.0000 | abs_interaction_reward=0.0000 | anti_stag_reward=0.0000 | abs_anti_stag_reward=0.0000 | wall_clear_reward=0.0000 | abs_wall_clear_reward=0.0000 | local_nav_reward=0.0000 | abs_local_nav_reward=0.0000 | robot_proximity_reward=-0.5382 | abs_robot_proximity_reward=0.5382 | robot_clearance_reward=-0.1547 | abs_robot_clearance_reward=0.1962 | yield_priority_reward=-0.0189 | abs_yield_priority_reward=0.0189 | context_neighbors_mean=1.73 | context_neighbors_max=4 | last_context_neighbors_mean=0.00 | last_context_neighbors_max=0 | actor_unlocked=0 | expl_noise=0.0798 | replay=8261 | interaction_replay=5477 | samples/sec=11.494
Episode 113 complete | agent_samples=8327 | env_steps=3137 | episode_env_steps=20 | episode_agent_samples=66 | mean_reward=101.575 | success=5/5 | collision=0/5 | mean_final_distance=0.256 | mean_progress=0.0089 | min_laser=0.406 | mean_lin=0.795 | mean_ang=-0.293 | mean_robot_dist=inf | raw_reward=20.000 | adjusted_reward=20.000 | coop_agents=0/5 | mean_coop_neighbors=0.00 | active_neighbor_step_rate=0.833 | mean_active_neighbors_step=2.152 | max_active_neighbors_step=4 | interaction_reward=0.0000 | abs_interaction_reward=0.0000 | anti_stag_reward=0.0000 | abs_anti_stag_reward=0.0000 | wall_clear_reward=0.0000 | abs_wall_clear_reward=0.0000 | local_nav_reward=0.0000 | abs_local_nav_reward=0.0000 | robot_proximity_reward=-0.7875 | abs_robot_proximity_reward=0.7875 | robot_clearance_reward=-0.2139 | abs_robot_clearance_reward=0.3048 | yield_priority_reward=-0.0609 | abs_yield_priority_reward=0.0609 | context_neighbors_mean=2.24 | context_neighbors_max=4 | last_context_neighbors_mean=0.00 | last_context_neighbors_max=0 | actor_unlocked=0 | expl_noise=0.0798 | replay=8327 | interaction_replay=5533 | samples/sec=11.512
Episode 114 complete | agent_samples=8379 | env_steps=3154 | episode_env_steps=17 | episode_agent_samples=52 | mean_reward=-24.661 | success=2/5 | collision=3/5 | mean_final_distance=0.870 | mean_progress=0.0193 | min_laser=0.300 | mean_lin=0.591 | mean_ang=0.216 | mean_robot_dist=inf | raw_reward=20.000 | adjusted_reward=20.000 | coop_agents=0/5 | mean_coop_neighbors=0.00 | active_neighbor_step_rate=0.885 | mean_active_neighbors_step=2.673 | max_active_neighbors_step=4 | interaction_reward=0.0000 | abs_interaction_reward=0.0000 | anti_stag_reward=0.0000 | abs_anti_stag_reward=0.0000 | wall_clear_reward=0.0000 | abs_wall_clear_reward=0.0000 | local_nav_reward=0.0000 | abs_local_nav_reward=0.0000 | robot_proximity_reward=-1.4140 | abs_robot_proximity_reward=1.4140 | robot_clearance_reward=-0.4200 | abs_robot_clearance_reward=0.4200 | yield_priority_reward=-0.0773 | abs_yield_priority_reward=0.0832 | context_neighbors_mean=2.67 | context_neighbors_max=4 | last_context_neighbors_mean=0.00 | last_context_neighbors_max=0 | actor_unlocked=0 | expl_noise=0.0798 | replay=8379 | interaction_replay=5571 | samples/sec=11.521
Episode 115 complete | agent_samples=8454 | env_steps=3186 | episode_env_steps=32 | episode_agent_samples=75 | mean_reward=25.017 | success=3/5 | collision=2/5 | mean_final_distance=0.649 | mean_progress=0.0194 | min_laser=0.300 | mean_lin=0.787 | mean_ang=-0.148 | mean_robot_dist=inf | raw_reward=20.000 | adjusted_reward=20.000 | coop_agents=0/5 | mean_coop_neighbors=0.00 | active_neighbor_step_rate=0.573 | mean_active_neighbors_step=1.480 | max_active_neighbors_step=4 | interaction_reward=0.0000 | abs_interaction_reward=0.0000 | anti_stag_reward=-0.0133 | abs_anti_stag_reward=0.0133 | wall_clear_reward=0.0000 | abs_wall_clear_reward=0.0000 | local_nav_reward=0.0000 | abs_local_nav_reward=0.0000 | robot_proximity_reward=-0.3290 | abs_robot_proximity_reward=0.3290 | robot_clearance_reward=-0.0986 | abs_robot_clearance_reward=0.1253 | yield_priority_reward=-0.0900 | abs_yield_priority_reward=0.0900 | context_neighbors_mean=1.51 | context_neighbors_max=4 | last_context_neighbors_mean=0.00 | last_context_neighbors_max=0 | actor_unlocked=0 | expl_noise=0.0798 | replay=8454 | interaction_replay=5604 | samples/sec=11.510
Status | epoch=1 | next_eval_in=1546 agent_samples | checkpoint_every=10 episodes | checkpoint=./checkpoints/independent_dense_actor_from_5a_recovery_v6_cpu_probe_s20260730_latest.pt | model=independent_dense_actor_from_5a_recovery_v6_cpu_probe_s20260730
Coverage | unique_train_scenarios=115/6000 | deep=0 | close=0 | margin=0
Episode 116 complete | agent_samples=8543 | env_steps=3226 | episode_env_steps=40 | episode_agent_samples=89 | mean_reward=-21.033 | success=2/5 | collision=3/5 | mean_final_distance=0.774 | mean_progress=0.0228 | min_laser=0.300 | mean_lin=0.403 | mean_ang=-0.531 | mean_robot_dist=inf | raw_reward=20.000 | adjusted_reward=20.000 | coop_agents=0/5 | mean_coop_neighbors=0.00 | active_neighbor_step_rate=0.685 | mean_active_neighbors_step=1.933 | max_active_neighbors_step=4 | interaction_reward=0.0000 | abs_interaction_reward=0.0000 | anti_stag_reward=-0.0045 | abs_anti_stag_reward=0.0045 | wall_clear_reward=0.0000 | abs_wall_clear_reward=0.0000 | local_nav_reward=0.0000 | abs_local_nav_reward=0.0000 | robot_proximity_reward=-1.0533 | abs_robot_proximity_reward=1.0533 | robot_clearance_reward=-0.2841 | abs_robot_clearance_reward=0.3448 | yield_priority_reward=-0.0198 | abs_yield_priority_reward=0.0224 | context_neighbors_mean=2.00 | context_neighbors_max=4 | last_context_neighbors_mean=0.00 | last_context_neighbors_max=0 | actor_unlocked=0 | expl_noise=0.0798 | replay=8543 | interaction_replay=5666 | samples/sec=11.486
Episode 117 complete | agent_samples=8595 | env_steps=3244 | episode_env_steps=18 | episode_agent_samples=52 | mean_reward=-15.113 | success=2/5 | collision=3/5 | mean_final_distance=0.883 | mean_progress=0.0167 | min_laser=0.300 | mean_lin=0.656 | mean_ang=0.202 | mean_robot_dist=inf | raw_reward=-20.000 | adjusted_reward=-20.000 | coop_agents=0/5 | mean_coop_neighbors=0.00 | active_neighbor_step_rate=0.750 | mean_active_neighbors_step=2.058 | max_active_neighbors_step=4 | interaction_reward=0.0000 | abs_interaction_reward=0.0000 | anti_stag_reward=0.0000 | abs_anti_stag_reward=0.0000 | wall_clear_reward=0.0000 | abs_wall_clear_reward=0.0000 | local_nav_reward=0.0000 | abs_local_nav_reward=0.0000 | robot_proximity_reward=-1.0144 | abs_robot_proximity_reward=1.0144 | robot_clearance_reward=-0.3100 | abs_robot_clearance_reward=0.3485 | yield_priority_reward=-0.0446 | abs_yield_priority_reward=0.0446 | context_neighbors_mean=2.13 | context_neighbors_max=4 | last_context_neighbors_mean=0.00 | last_context_neighbors_max=0 | actor_unlocked=0 | expl_noise=0.0798 | replay=8595 | interaction_replay=5702 | samples/sec=11.492
Episode 118 complete | agent_samples=8663 | env_steps=3271 | episode_env_steps=27 | episode_agent_samples=68 | mean_reward=112.634 | success=5/5 | collision=0/5 | mean_final_distance=0.260 | mean_progress=0.0094 | min_laser=0.896 | mean_lin=0.956 | mean_ang=-0.175 | mean_robot_dist=inf | raw_reward=20.000 | adjusted_reward=20.000 | coop_agents=0/5 | mean_coop_neighbors=0.00 | active_neighbor_step_rate=0.515 | mean_active_neighbors_step=1.132 | max_active_neighbors_step=4 | interaction_reward=0.0000 | abs_interaction_reward=0.0000 | anti_stag_reward=-0.0294 | abs_anti_stag_reward=0.0294 | wall_clear_reward=0.0000 | abs_wall_clear_reward=0.0000 | local_nav_reward=0.0000 | abs_local_nav_reward=0.0000 | robot_proximity_reward=-0.0477 | abs_robot_proximity_reward=0.0477 | robot_clearance_reward=-0.0369 | abs_robot_clearance_reward=0.0663 | yield_priority_reward=-0.0009 | abs_yield_priority_reward=0.0009 | context_neighbors_mean=1.21 | context_neighbors_max=4 | last_context_neighbors_mean=0.00 | last_context_neighbors_max=0 | actor_unlocked=0 | expl_noise=0.0798 | replay=8663 | interaction_replay=5739 | samples/sec=11.488
Episode 119 complete | agent_samples=8715 | env_steps=3286 | episode_env_steps=15 | episode_agent_samples=52 | mean_reward=68.616 | success=4/5 | collision=1/5 | mean_final_distance=0.449 | mean_progress=0.0179 | min_laser=0.329 | mean_lin=0.763 | mean_ang=0.560 | mean_robot_dist=inf | raw_reward=20.000 | adjusted_reward=20.000 | coop_agents=0/5 | mean_coop_neighbors=0.00 | active_neighbor_step_rate=0.865 | mean_active_neighbors_step=2.250 | max_active_neighbors_step=4 | interaction_reward=0.0000 | abs_interaction_reward=0.0000 | anti_stag_reward=0.0000 | abs_anti_stag_reward=0.0000 | wall_clear_reward=0.0000 | abs_wall_clear_reward=0.0000 | local_nav_reward=0.0000 | abs_local_nav_reward=0.0000 | robot_proximity_reward=-0.6529 | abs_robot_proximity_reward=0.6529 | robot_clearance_reward=-0.2082 | abs_robot_clearance_reward=0.2099 | yield_priority_reward=-0.0296 | abs_yield_priority_reward=0.0296 | context_neighbors_mean=2.31 | context_neighbors_max=4 | last_context_neighbors_mean=0.00 | last_context_neighbors_max=0 | actor_unlocked=0 | expl_noise=0.0798 | replay=8715 | interaction_replay=5785 | samples/sec=11.502
Episode 120 complete | agent_samples=8770 | env_steps=3302 | episode_env_steps=16 | episode_agent_samples=55 | mean_reward=120.591 | success=5/5 | collision=0/5 | mean_final_distance=0.237 | mean_progress=0.0149 | min_laser=0.615 | mean_lin=0.982 | mean_ang=0.313 | mean_robot_dist=inf | raw_reward=20.000 | adjusted_reward=20.000 | coop_agents=0/5 | mean_coop_neighbors=0.00 | active_neighbor_step_rate=0.836 | mean_active_neighbors_step=2.091 | max_active_neighbors_step=4 | interaction_reward=0.0000 | abs_interaction_reward=0.0000 | anti_stag_reward=0.0000 | abs_anti_stag_reward=0.0000 | wall_clear_reward=0.0000 | abs_wall_clear_reward=0.0000 | local_nav_reward=0.0000 | abs_local_nav_reward=0.0000 | robot_proximity_reward=-0.1137 | abs_robot_proximity_reward=0.1137 | robot_clearance_reward=-0.0334 | abs_robot_clearance_reward=0.1107 | yield_priority_reward=-0.0145 | abs_yield_priority_reward=0.0145 | context_neighbors_mean=2.13 | context_neighbors_max=4 | last_context_neighbors_mean=0.00 | last_context_neighbors_max=0 | actor_unlocked=0 | expl_noise=0.0798 | replay=8770 | interaction_replay=5830 | samples/sec=11.518
Status | epoch=1 | next_eval_in=1230 agent_samples | checkpoint_every=10 episodes | checkpoint=./checkpoints/independent_dense_actor_from_5a_recovery_v6_cpu_probe_s20260730_latest.pt | model=independent_dense_actor_from_5a_recovery_v6_cpu_probe_s20260730
Coverage | unique_train_scenarios=120/6000 | deep=0 | close=0 | margin=0
Checkpoint saved: ./checkpoints/independent_dense_actor_from_5a_recovery_v6_cpu_probe_s20260730_latest.pt
Episode 121 complete | agent_samples=8886 | env_steps=3337 | episode_env_steps=35 | episode_agent_samples=116 | mean_reward=120.866 | success=5/5 | collision=0/5 | mean_final_distance=0.288 | mean_progress=0.0094 | min_laser=0.803 | mean_lin=0.937 | mean_ang=-0.305 | mean_robot_dist=inf | raw_reward=20.000 | adjusted_reward=20.000 | coop_agents=0/5 | mean_coop_neighbors=0.00 | active_neighbor_step_rate=0.672 | mean_active_neighbors_step=1.224 | max_active_neighbors_step=4 | interaction_reward=0.0000 | abs_interaction_reward=0.0000 | anti_stag_reward=-0.0440 | abs_anti_stag_reward=0.0440 | wall_clear_reward=0.0000 | abs_wall_clear_reward=0.0000 | local_nav_reward=0.0000 | abs_local_nav_reward=0.0000 | robot_proximity_reward=0.0000 | abs_robot_proximity_reward=0.0000 | robot_clearance_reward=0.0000 | abs_robot_clearance_reward=0.0000 | yield_priority_reward=-0.1121 | abs_yield_priority_reward=0.1121 | context_neighbors_mean=1.26 | context_neighbors_max=4 | last_context_neighbors_mean=0.00 | last_context_neighbors_max=0 | actor_unlocked=0 | expl_noise=0.0798 | replay=8886 | interaction_replay=5887 | samples/sec=11.544
Episode 122 complete | agent_samples=9069 | env_steps=3473 | episode_env_steps=136 | episode_agent_samples=183 | mean_reward=72.331 | success=4/5 | collision=1/5 | mean_final_distance=0.478 | mean_progress=0.0051 | min_laser=0.324 | mean_lin=0.794 | mean_ang=0.163 | mean_robot_dist=inf | raw_reward=20.000 | adjusted_reward=20.000 | coop_agents=0/5 | mean_coop_neighbors=0.00 | active_neighbor_step_rate=0.279 | mean_active_neighbors_step=0.678 | max_active_neighbors_step=4 | interaction_reward=0.0000 | abs_interaction_reward=0.0000 | anti_stag_reward=-0.0792 | abs_anti_stag_reward=0.0792 | wall_clear_reward=0.0000 | abs_wall_clear_reward=0.0000 | local_nav_reward=0.0000 | abs_local_nav_reward=0.0000 | robot_proximity_reward=-0.2393 | abs_robot_proximity_reward=0.2393 | robot_clearance_reward=-0.0760 | abs_robot_clearance_reward=0.0869 | yield_priority_reward=-0.0093 | abs_yield_priority_reward=0.0102 | context_neighbors_mean=0.70 | context_neighbors_max=4 | last_context_neighbors_mean=0.00 | last_context_neighbors_max=0 | actor_unlocked=0 | expl_noise=0.0798 | replay=9069 | interaction_replay=5936 | samples/sec=11.337
Episode 123 complete | agent_samples=9149 | env_steps=3507 | episode_env_steps=34 | episode_agent_samples=80 | mean_reward=14.791 | success=3/5 | collision=2/5 | mean_final_distance=0.505 | mean_progress=0.0106 | min_laser=0.315 | mean_lin=0.742 | mean_ang=0.185 | mean_robot_dist=inf | raw_reward=20.000 | adjusted_reward=20.000 | coop_agents=0/5 | mean_coop_neighbors=0.00 | active_neighbor_step_rate=0.613 | mean_active_neighbors_step=1.512 | max_active_neighbors_step=4 | interaction_reward=0.0000 | abs_interaction_reward=0.0000 | anti_stag_reward=-0.0462 | abs_anti_stag_reward=0.0462 | wall_clear_reward=0.0000 | abs_wall_clear_reward=0.0000 | local_nav_reward=0.0000 | abs_local_nav_reward=0.0000 | robot_proximity_reward=-0.7254 | abs_robot_proximity_reward=0.7254 | robot_clearance_reward=-0.1726 | abs_robot_clearance_reward=0.1976 | yield_priority_reward=-0.0566 | abs_yield_priority_reward=0.0566 | context_neighbors_mean=1.60 | context_neighbors_max=4 | last_context_neighbors_mean=0.00 | last_context_neighbors_max=0 | actor_unlocked=0 | expl_noise=0.0798 | replay=9149 | interaction_replay=5974 | samples/sec=11.327
Episode 124 complete | agent_samples=9269 | env_steps=3561 | episode_env_steps=54 | episode_agent_samples=120 | mean_reward=111.668 | success=5/5 | collision=0/5 | mean_final_distance=0.280 | mean_progress=0.0142 | min_laser=0.506 | mean_lin=0.933 | mean_ang=-0.411 | mean_robot_dist=inf | raw_reward=20.000 | adjusted_reward=20.000 | coop_agents=0/5 | mean_coop_neighbors=0.00 | active_neighbor_step_rate=0.525 | mean_active_neighbors_step=1.142 | max_active_neighbors_step=4 | interaction_reward=0.0000 | abs_interaction_reward=0.0000 | anti_stag_reward=-0.0508 | abs_anti_stag_reward=0.0508 | wall_clear_reward=0.0000 | abs_wall_clear_reward=0.0000 | local_nav_reward=0.0000 | abs_local_nav_reward=0.0000 | robot_proximity_reward=-0.3138 | abs_robot_proximity_reward=0.3138 | robot_clearance_reward=-0.0790 | abs_robot_clearance_reward=0.1123 | yield_priority_reward=0.0096 | abs_yield_priority_reward=0.0287 | context_neighbors_mean=1.19 | context_neighbors_max=4 | last_context_neighbors_mean=0.00 | last_context_neighbors_max=0 | actor_unlocked=0 | expl_noise=0.0798 | replay=9269 | interaction_replay=6032 | samples/sec=11.306
Episode 125 complete | agent_samples=9314 | env_steps=3575 | episode_env_steps=14 | episode_agent_samples=45 | mean_reward=16.530 | success=3/5 | collision=2/5 | mean_final_distance=0.585 | mean_progress=0.0138 | min_laser=0.300 | mean_lin=0.748 | mean_ang=0.510 | mean_robot_dist=inf | raw_reward=20.000 | adjusted_reward=20.000 | coop_agents=0/5 | mean_coop_neighbors=0.00 | active_neighbor_step_rate=0.689 | mean_active_neighbors_step=1.689 | max_active_neighbors_step=4 | interaction_reward=0.0000 | abs_interaction_reward=0.0000 | anti_stag_reward=0.0000 | abs_anti_stag_reward=0.0000 | wall_clear_reward=0.0000 | abs_wall_clear_reward=0.0000 | local_nav_reward=0.0000 | abs_local_nav_reward=0.0000 | robot_proximity_reward=-0.8717 | abs_robot_proximity_reward=0.8717 | robot_clearance_reward=-0.2292 | abs_robot_clearance_reward=0.2292 | yield_priority_reward=-0.0481 | abs_yield_priority_reward=0.0481 | context_neighbors_mean=1.73 | context_neighbors_max=4 | last_context_neighbors_mean=0.00 | last_context_neighbors_max=0 | actor_unlocked=0 | expl_noise=0.0798 | replay=9314 | interaction_replay=6063 | samples/sec=11.315
Status | epoch=1 | next_eval_in=686 agent_samples | checkpoint_every=10 episodes | checkpoint=./checkpoints/independent_dense_actor_from_5a_recovery_v6_cpu_probe_s20260730_latest.pt | model=independent_dense_actor_from_5a_recovery_v6_cpu_probe_s20260730
Coverage | unique_train_scenarios=125/6000 | deep=0 | close=0 | margin=0
Episode 126 complete | agent_samples=9359 | env_steps=3585 | episode_env_steps=10 | episode_agent_samples=45 | mean_reward=-58.707 | success=1/5 | collision=4/5 | mean_final_distance=0.702 | mean_progress=0.0375 | min_laser=0.300 | mean_lin=0.779 | mean_ang=-0.067 | mean_robot_dist=1.839 | raw_reward=0.000 | adjusted_reward=0.000 | coop_agents=2/5 | mean_coop_neighbors=0.40 | active_neighbor_step_rate=1.000 | mean_active_neighbors_step=3.044 | max_active_neighbors_step=4 | interaction_reward=0.0000 | abs_interaction_reward=0.0000 | anti_stag_reward=0.0000 | abs_anti_stag_reward=0.0000 | wall_clear_reward=0.0000 | abs_wall_clear_reward=0.0000 | local_nav_reward=0.0000 | abs_local_nav_reward=0.0000 | robot_proximity_reward=-1.2763 | abs_robot_proximity_reward=1.2763 | robot_clearance_reward=-0.3333 | abs_robot_clearance_reward=0.3333 | yield_priority_reward=-0.0614 | abs_yield_priority_reward=0.0614 | context_neighbors_mean=3.11 | context_neighbors_max=4 | last_context_neighbors_mean=0.00 | last_context_neighbors_max=0 | actor_unlocked=0 | expl_noise=0.0798 | replay=9359 | interaction_replay=6106 | samples/sec=11.336
Episode 127 complete | agent_samples=9403 | env_steps=3596 | episode_env_steps=11 | episode_agent_samples=44 | mean_reward=20.974 | success=3/5 | collision=2/5 | mean_final_distance=0.472 | mean_progress=0.0173 | min_laser=0.300 | mean_lin=0.893 | mean_ang=0.436 | mean_robot_dist=inf | raw_reward=20.000 | adjusted_reward=20.000 | coop_agents=0/5 | mean_coop_neighbors=0.00 | active_neighbor_step_rate=0.864 | mean_active_neighbors_step=2.500 | max_active_neighbors_step=4 | interaction_reward=0.0000 | abs_interaction_reward=0.0000 | anti_stag_reward=0.0000 | abs_anti_stag_reward=0.0000 | wall_clear_reward=0.0000 | abs_wall_clear_reward=0.0000 | local_nav_reward=0.0000 | abs_local_nav_reward=0.0000 | robot_proximity_reward=-0.9735 | abs_robot_proximity_reward=0.9735 | robot_clearance_reward=-0.3684 | abs_robot_clearance_reward=0.4139 | yield_priority_reward=-0.1141 | abs_yield_priority_reward=0.1141 | context_neighbors_mean=2.64 | context_neighbors_max=4 | last_context_neighbors_mean=0.00 | last_context_neighbors_max=0 | actor_unlocked=0 | expl_noise=0.0798 | replay=9403 | interaction_replay=6144 | samples/sec=11.354
Episode 128 complete | agent_samples=9498 | env_steps=3643 | episode_env_steps=47 | episode_agent_samples=95 | mean_reward=124.775 | success=5/5 | collision=0/5 | mean_final_distance=0.272 | mean_progress=0.0049 | min_laser=0.567 | mean_lin=0.928 | mean_ang=0.580 | mean_robot_dist=inf | raw_reward=20.000 | adjusted_reward=20.000 | coop_agents=0/5 | mean_coop_neighbors=0.00 | active_neighbor_step_rate=0.547 | mean_active_neighbors_step=1.337 | max_active_neighbors_step=4 | interaction_reward=0.0000 | abs_interaction_reward=0.0000 | anti_stag_reward=-0.0389 | abs_anti_stag_reward=0.0389 | wall_clear_reward=0.0000 | abs_wall_clear_reward=0.0000 | local_nav_reward=0.0000 | abs_local_nav_reward=0.0000 | robot_proximity_reward=-0.0451 | abs_robot_proximity_reward=0.0451 | robot_clearance_reward=-0.0210 | abs_robot_clearance_reward=0.0473 | yield_priority_reward=-0.0251 | abs_yield_priority_reward=0.0251 | context_neighbors_mean=1.42 | context_neighbors_max=4 | last_context_neighbors_mean=0.00 | last_context_neighbors_max=0 | actor_unlocked=0 | expl_noise=0.0798 | replay=9498 | interaction_replay=6197 | samples/sec=11.322
Episode 129 complete | agent_samples=9583 | env_steps=3681 | episode_env_steps=38 | episode_agent_samples=85 | mean_reward=-98.697 | success=0/5 | collision=5/5 | mean_final_distance=0.919 | mean_progress=0.0079 | min_laser=0.300 | mean_lin=0.584 | mean_ang=-0.600 | mean_robot_dist=inf | raw_reward=-20.000 | adjusted_reward=-20.000 | coop_agents=0/5 | mean_coop_neighbors=0.00 | active_neighbor_step_rate=0.647 | mean_active_neighbors_step=1.918 | max_active_neighbors_step=4 | interaction_reward=0.0000 | abs_interaction_reward=0.0000 | anti_stag_reward=-0.0012 | abs_anti_stag_reward=0.0012 | wall_clear_reward=0.0000 | abs_wall_clear_reward=0.0000 | local_nav_reward=0.0000 | abs_local_nav_reward=0.0000 | robot_proximity_reward=-0.6957 | abs_robot_proximity_reward=0.6957 | robot_clearance_reward=-0.2223 | abs_robot_clearance_reward=0.2223 | yield_priority_reward=-0.0326 | abs_yield_priority_reward=0.0684 | context_neighbors_mean=1.94 | context_neighbors_max=4 | last_context_neighbors_mean=0.00 | last_context_neighbors_max=0 | actor_unlocked=0 | expl_noise=0.0798 | replay=9583 | interaction_replay=6252 | samples/sec=11.307
Episode 130 complete | agent_samples=9637 | env_steps=3694 | episode_env_steps=13 | episode_agent_samples=54 | mean_reward=118.083 | success=5/5 | collision=0/5 | mean_final_distance=0.269 | mean_progress=0.0367 | min_laser=0.853 | mean_lin=0.985 | mean_ang=0.544 | mean_robot_dist=inf | raw_reward=40.000 | adjusted_reward=40.000 | coop_agents=1/5 | mean_coop_neighbors=0.20 | active_neighbor_step_rate=0.833 | mean_active_neighbors_step=1.722 | max_active_neighbors_step=3 | interaction_reward=0.0000 | abs_interaction_reward=0.0000 | anti_stag_reward=0.0000 | abs_anti_stag_reward=0.0000 | wall_clear_reward=0.0000 | abs_wall_clear_reward=0.0000 | local_nav_reward=0.0000 | abs_local_nav_reward=0.0000 | robot_proximity_reward=0.0000 | abs_robot_proximity_reward=0.0000 | robot_clearance_reward=0.0000 | abs_robot_clearance_reward=0.0000 | yield_priority_reward=-0.0083 | abs_yield_priority_reward=0.0083 | context_neighbors_mean=1.74 | context_neighbors_max=3 | last_context_neighbors_mean=0.00 | last_context_neighbors_max=0 | actor_unlocked=0 | expl_noise=0.0798 | replay=9637 | interaction_replay=6291 | samples/sec=11.329
Status | epoch=1 | next_eval_in=363 agent_samples | checkpoint_every=10 episodes | checkpoint=./checkpoints/independent_dense_actor_from_5a_recovery_v6_cpu_probe_s20260730_latest.pt | model=independent_dense_actor_from_5a_recovery_v6_cpu_probe_s20260730
Coverage | unique_train_scenarios=130/6000 | deep=0 | close=0 | margin=0
Checkpoint saved: ./checkpoints/independent_dense_actor_from_5a_recovery_v6_cpu_probe_s20260730_latest.pt
Episode 131 complete | agent_samples=9677 | env_steps=3703 | episode_env_steps=9 | episode_agent_samples=40 | mean_reward=111.547 | success=5/5 | collision=0/5 | mean_final_distance=0.269 | mean_progress=0.0128 | min_laser=0.663 | mean_lin=0.963 | mean_ang=0.142 | mean_robot_dist=inf | raw_reward=20.000 | adjusted_reward=20.000 | coop_agents=0/5 | mean_coop_neighbors=0.00 | active_neighbor_step_rate=0.850 | mean_active_neighbors_step=2.350 | max_active_neighbors_step=4 | interaction_reward=0.0000 | abs_interaction_reward=0.0000 | anti_stag_reward=0.0000 | abs_anti_stag_reward=0.0000 | wall_clear_reward=0.0000 | abs_wall_clear_reward=0.0000 | local_nav_reward=0.0000 | abs_local_nav_reward=0.0000 | robot_proximity_reward=-0.1729 | abs_robot_proximity_reward=0.1729 | robot_clearance_reward=-0.0750 | abs_robot_clearance_reward=0.0750 | yield_priority_reward=0.0000 | abs_yield_priority_reward=0.0000 | context_neighbors_mean=2.38 | context_neighbors_max=4 | last_context_neighbors_mean=0.00 | last_context_neighbors_max=0 | actor_unlocked=0 | expl_noise=0.0798 | replay=9677 | interaction_replay=6326 | samples/sec=11.344
Episode 132 complete | agent_samples=9719 | env_steps=3714 | episode_env_steps=11 | episode_agent_samples=42 | mean_reward=-103.295 | success=0/5 | collision=5/5 | mean_final_distance=0.983 | mean_progress=0.0144 | min_laser=0.300 | mean_lin=0.798 | mean_ang=-0.660 | mean_robot_dist=inf | raw_reward=-20.000 | adjusted_reward=-20.000 | coop_agents=0/5 | mean_coop_neighbors=0.00 | active_neighbor_step_rate=0.976 | mean_active_neighbors_step=3.071 | max_active_neighbors_step=4 | interaction_reward=0.0000 | abs_interaction_reward=0.0000 | anti_stag_reward=0.0000 | abs_anti_stag_reward=0.0000 | wall_clear_reward=0.0000 | abs_wall_clear_reward=0.0000 | local_nav_reward=0.0000 | abs_local_nav_reward=0.0000 | robot_proximity_reward=-1.8388 | abs_robot_proximity_reward=1.8388 | robot_clearance_reward=-0.4762 | abs_robot_clearance_reward=0.4762 | yield_priority_reward=-0.0823 | abs_yield_priority_reward=0.1180 | context_neighbors_mean=3.07 | context_neighbors_max=4 | last_context_neighbors_mean=0.00 | last_context_neighbors_max=0 | actor_unlocked=0 | expl_noise=0.0798 | replay=9719 | interaction_replay=6365 | samples/sec=11.358
Episode 133 complete | agent_samples=9790 | env_steps=3743 | episode_env_steps=29 | episode_agent_samples=71 | mean_reward=34.427 | success=3/5 | collision=2/5 | mean_final_distance=0.480 | mean_progress=0.0058 | min_laser=0.301 | mean_lin=0.640 | mean_ang=0.190 | mean_robot_dist=inf | raw_reward=20.000 | adjusted_reward=20.000 | coop_agents=0/5 | mean_coop_neighbors=0.00 | active_neighbor_step_rate=0.718 | mean_active_neighbors_step=1.915 | max_active_neighbors_step=4 | interaction_reward=0.0000 | abs_interaction_reward=0.0000 | anti_stag_reward=-0.0507 | abs_anti_stag_reward=0.0507 | wall_clear_reward=0.0000 | abs_wall_clear_reward=0.0000 | local_nav_reward=0.0000 | abs_local_nav_reward=0.0000 | robot_proximity_reward=-0.3900 | abs_robot_proximity_reward=0.3900 | robot_clearance_reward=-0.1060 | abs_robot_clearance_reward=0.2034 | yield_priority_reward=0.0000 | abs_yield_priority_reward=0.0000 | context_neighbors_mean=1.97 | context_neighbors_max=4 | last_context_neighbors_mean=0.00 | last_context_neighbors_max=0 | actor_unlocked=0 | expl_noise=0.0798 | replay=9790 | interaction_replay=6411 | samples/sec=11.352
Episode 134 complete | agent_samples=9900 | env_steps=3805 | episode_env_steps=62 | episode_agent_samples=110 | mean_reward=69.096 | success=4/5 | collision=1/5 | mean_final_distance=0.455 | mean_progress=0.0117 | min_laser=0.330 | mean_lin=0.777 | mean_ang=0.149 | mean_robot_dist=inf | raw_reward=20.000 | adjusted_reward=20.000 | coop_agents=0/5 | mean_coop_neighbors=0.00 | active_neighbor_step_rate=0.536 | mean_active_neighbors_step=1.336 | max_active_neighbors_step=4 | interaction_reward=0.0000 | abs_interaction_reward=0.0000 | anti_stag_reward=-0.0236 | abs_anti_stag_reward=0.0236 | wall_clear_reward=0.0000 | abs_wall_clear_reward=0.0000 | local_nav_reward=0.0000 | abs_local_nav_reward=0.0000 | robot_proximity_reward=-0.1497 | abs_robot_proximity_reward=0.1497 | robot_clearance_reward=-0.0204 | abs_robot_clearance_reward=0.0706 | yield_priority_reward=-0.0203 | abs_yield_priority_reward=0.0203 | context_neighbors_mean=1.36 | context_neighbors_max=4 | last_context_neighbors_mean=0.00 | last_context_neighbors_max=0 | actor_unlocked=0 | expl_noise=0.0798 | replay=9900 | interaction_replay=6472 | samples/sec=11.296
Episode 135 complete | agent_samples=9947 | env_steps=3817 | episode_env_steps=12 | episode_agent_samples=47 | mean_reward=17.402 | success=3/5 | collision=2/5 | mean_final_distance=0.494 | mean_progress=0.0158 | min_laser=0.301 | mean_lin=0.793 | mean_ang=-0.189 | mean_robot_dist=inf | raw_reward=20.000 | adjusted_reward=20.000 | coop_agents=0/5 | mean_coop_neighbors=0.00 | active_neighbor_step_rate=0.936 | mean_active_neighbors_step=2.617 | max_active_neighbors_step=4 | interaction_reward=0.0000 | abs_interaction_reward=0.0000 | anti_stag_reward=0.0000 | abs_anti_stag_reward=0.0000 | wall_clear_reward=0.0000 | abs_wall_clear_reward=0.0000 | local_nav_reward=0.0000 | abs_local_nav_reward=0.0000 | robot_proximity_reward=-0.4453 | abs_robot_proximity_reward=0.4453 | robot_clearance_reward=-0.1064 | abs_robot_clearance_reward=0.1064 | yield_priority_reward=-0.0462 | abs_yield_priority_reward=0.0462 | context_neighbors_mean=2.66 | context_neighbors_max=4 | last_context_neighbors_mean=0.00 | last_context_neighbors_max=0 | actor_unlocked=0 | expl_noise=0.0798 | replay=9947 | interaction_replay=6514 | samples/sec=11.313
Status | epoch=1 | next_eval_in=53 agent_samples | checkpoint_every=10 episodes | checkpoint=./checkpoints/independent_dense_actor_from_5a_recovery_v6_cpu_probe_s20260730_latest.pt | model=independent_dense_actor_from_5a_recovery_v6_cpu_probe_s20260730
Coverage | unique_train_scenarios=135/6000 | deep=0 | close=0 | margin=0
Episode 136 complete | agent_samples=10011 | env_steps=3835 | episode_env_steps=18 | episode_agent_samples=64 | mean_reward=33.593 | success=3/5 | collision=2/5 | mean_final_distance=0.676 | mean_progress=0.0376 | min_laser=0.304 | mean_lin=0.769 | mean_ang=-0.165 | mean_robot_dist=inf | raw_reward=40.000 | adjusted_reward=40.000 | coop_agents=0/5 | mean_coop_neighbors=0.00 | active_neighbor_step_rate=0.750 | mean_active_neighbors_step=2.000 | max_active_neighbors_step=4 | interaction_reward=0.0000 | abs_interaction_reward=0.0000 | anti_stag_reward=0.0000 | abs_anti_stag_reward=0.0000 | wall_clear_reward=0.0000 | abs_wall_clear_reward=0.0000 | local_nav_reward=0.0000 | abs_local_nav_reward=0.0000 | robot_proximity_reward=-0.6175 | abs_robot_proximity_reward=0.6175 | robot_clearance_reward=-0.1645 | abs_robot_clearance_reward=0.1957 | yield_priority_reward=-0.0358 | abs_yield_priority_reward=0.0358 | context_neighbors_mean=2.09 | context_neighbors_max=4 | last_context_neighbors_mean=0.00 | last_context_neighbors_max=0 | actor_unlocked=0 | expl_noise=0.0798 | replay=10011 | interaction_replay=6565 | samples/sec=11.331
Validating multi-agent policy at agent_samples=10011 env_steps=3835
Manifest switched: dense-validation-monitor-ultrafast-v3 | scenarios=50 | sampling=cycle | path=/home/jiutian/Local-Critic-Multi-Robot-Navigation-gate/experiments/03_保留专门化/02_论文主线/datasets/fixed_v1/views/dense_validation_monitor_ultrafast_v3/validation.json.gz
Validation progress | epoch=1 | episodes=10/50 | success_rate=0.800 | collision_rate=0.200 | full_success_rate=0.400 | timeout_rate=0.000
Validation progress | epoch=1 | episodes=20/50 | success_rate=0.790 | collision_rate=0.210 | full_success_rate=0.350 | timeout_rate=0.000
Validation progress | epoch=1 | episodes=30/50 | success_rate=0.767 | collision_rate=0.233 | full_success_rate=0.367 | timeout_rate=0.000
Validation progress | epoch=1 | episodes=40/50 | success_rate=0.760 | collision_rate=0.240 | full_success_rate=0.350 | timeout_rate=0.000
Validation progress | epoch=1 | episodes=50/50 | success_rate=0.772 | collision_rate=0.228 | full_success_rate=0.400 | timeout_rate=0.000
..............................................
Multi-Agent Eval Epoch 1 | avg_reward=62.781 | success_rate=0.772 | collision_rate=0.228 | unresolved_rate=0.000 | full_success_rate=0.400 | timeout_episode_rate=0.000 | avg_env_steps=25.7 | avg_final_distance=0.320
Eval success_hist 0..N: [0, 1, 6, 12, 11, 20]
Eval collision_hist 0..N: [20, 11, 12, 6, 1, 0]
..............................................
Manifest switched: dense-fixed-random-v1-train | scenarios=6000 | sampling=cycle | path=/home/jiutian/Local-Critic-Multi-Robot-Navigation-gate/experiments/03_保留专门化/02_论文主线/datasets/fixed_v1/dense/train.json.gz
Epoch model snapshot saved: independent_dense_actor_from_5a_recovery_v6_cpu_probe_s20260730_epoch_001
Checkpoint saved: ./checkpoints/independent_dense_actor_from_5a_recovery_v6_cpu_probe_s20260730_latest.pt
Best checkpoint updated | epoch=1 | success_rate=0.772 | collision_rate=0.228 | full_success_rate=0.400 | unresolved_rate=0.000 | avg_reward=62.781 | metric=full_success | path=./checkpoints/independent_dense_actor_from_5a_recovery_v6_cpu_probe_s20260730_best.pt
Next epoch will start from 2. Resume keeps this counter in ./checkpoints/independent_dense_actor_from_5a_recovery_v6_cpu_probe_s20260730_latest.pt
Max epochs reached | completed_epochs=1 | max_epochs=1
Training stopped after reaching configured max epochs.
已终止
O] [1785424434.847044078, 0.882000000]: DiffDrive(ns = /r2/): Subscribe to cmd_vel
[INFO] [1785424434.847270350, 0.882000000]: DiffDrive(ns = /r2/): Advertise odom on odom 
[INFO] [1785424434.847352500, 0.882000000]: GazeboRosJointStatePublisher is going to publish joint: chassis_swivel_joint
[INFO] [1785424434.847358006, 0.882000000]: GazeboRosJointStatePublisher is going to publish joint: swivel_wheel_joint
[INFO] [1785424434.847361620, 0.882000000]: GazeboRosJointStatePublisher is going to publish joint: left_hub_joint
[INFO] [1785424434.847365037, 0.882000000]: GazeboRosJointStatePublisher is going to publish joint: right_hub_joint
[INFO] [1785424434.847368327, 0.882000000]: Starting GazeboRosJointStatePublisher Plugin (ns = /r2/)!, parent name: r2
[INFO] [1785424435.142098830, 1.029000000]: Laser Plugin: The 'robotNamespace' param was empty
[INFO] [1785424435.142116798, 1.029000000]: Starting Laser Plugin (ns = r5)
[INFO] [1785424435.142488283, 1.029000000]: Laser Plugin (ns = r5)  <tf_prefix_>, set to ""
[INFO] [1785424435.784071314, 1.029000000]: Velodyne laser plugin missing <min_intensity>, defaults to no clipping
[INFO] [1785424435.784644167, 1.029000000]: Velodyne laser plugin ready, 16 lasers
[INFO] [1785424435.786137027, 1.029000000]: Starting plugin DiffDrive(ns = /r5/)
[DEBUG] [1785424435.786146909, 1.029000000]: DiffDrive(ns = /r5/): <rosDebugLevel> = Debug
[INFO] [1785424435.786158013, 1.029000000]: DiffDrive(ns = /r5/): <rosDebugLevel> = Debug
[INFO] [1785424435.786310828, 1.029000000]: DiffDrive(ns = /r5/): <tf_prefix> = 
[DEBUG] [1785424435.786315220, 1.029000000]: DiffDrive(ns = /r5/): <commandTopic> = cmd_vel
[DEBUG] [1785424435.786318793, 1.029000000]: DiffDrive(ns = /r5/): <odometryTopic> = odom
[DEBUG] [1785424435.786323545, 1.029000000]: DiffDrive(ns = /r5/): <odometryFrame> = odom
[DEBUG] [1785424435.786327490, 1.029000000]: DiffDrive(ns = /r5/): <robotBaseFrame> = base_link
[DEBUG] [1785424435.786333289, 1.029000000]: DiffDrive(ns = /r5/): <publishWheelTF> = false
[DEBUG] [1785424435.786338283, 1.029000000]: DiffDrive(ns = /r5/): <publishOdomTF> = false
[DEBUG] [1785424435.786342211, 1.029000000]: DiffDrive(ns = /r5/): <publishWheelJointState> = false
[DEBUG] [1785424435.786350572, 1.029000000]: DiffDrive(ns = /r5/): <wheelSeparation> = 0.29999999999999999
[DEBUG] [1785424435.786355466, 1.029000000]: DiffDrive(ns = /r5/): <wheelDiameter> = 0.17999999999999999
[DEBUG] [1785424435.786361510, 1.029000000]: DiffDrive(ns = /r5/): <wheelAcceleration> = 1.8
[DEBUG] [1785424435.786366449, 1.029000000]: DiffDrive(ns = /r5/): <wheelTorque> = 20
[DEBUG] [1785424435.786373071, 1.029000000]: DiffDrive(ns = /r5/): <updateRate> = 50
[DEBUG] [1785424435.786380323, 1.029000000]: DiffDrive(ns = /r5/): <odometrySource> = world := 1
[DEBUG] [1785424435.786384708, 1.029000000]: DiffDrive(ns = /r5/): <leftJoint> = left_hub_joint
[DEBUG] [1785424435.786389142, 1.029000000]: DiffDrive(ns = /r5/): <rightJoint> = right_hub_joint
[INFO] [1785424435.786416577, 1.029000000]: DiffDrive(ns = /r5/): Try to subscribe to cmd_vel
[INFO] [1785424435.786953065, 1.029000000]: DiffDrive(ns = /r5/): Subscribe to cmd_vel
[INFO] [1785424435.787308514, 1.029000000]: DiffDrive(ns = /r5/): Advertise odom on odom 
[INFO] [1785424435.787385606, 1.029000000]: GazeboRosJointStatePublisher is going to publish joint: chassis_swivel_joint
[INFO] [1785424435.787390313, 1.029000000]: GazeboRosJointStatePublisher is going to publish joint: swivel_wheel_joint
[INFO] [1785424435.787395202, 1.029000000]: GazeboRosJointStatePublisher is going to publish joint: left_hub_joint
[INFO] [1785424435.787399974, 1.029000000]: GazeboRosJointStatePublisher is going to publish joint: right_hub_joint
[INFO] [1785424435.787404276, 1.029000000]: Starting GazeboRosJointStatePublisher Plugin (ns = /r5/)!, parent name: r5
... logging to /home/jiutian/.ros/log/441e88b2-8c29-11f1-859c-f36468cdae36/roslaunch-JiuTian-AI4090-1014952.log
Checking log directory for disk usage. This may take a while.
Press Ctrl-C to interrupt
Done checking log file disk usage. Usage is <1GB.
]2;/home/jiutian/Local-Critic-Multi-Robot-Navigation-gate/TD3/assets/multi_robot_scenario_strong_interaction_pilot_5.launch
[1mstarted roslaunch server http://localhost:41065/[0m

SUMMARY
========

PARAMETERS
 * /robot_description_r1: <?xml version="1....
 * /robot_description_r2: <?xml version="1....
 * /robot_description_r3: <?xml version="1....
 * /robot_description_r4: <?xml version="1....
 * /robot_description_r5: <?xml version="1....
 * /rosdistro: noetic
 * /rosversion: 1.17.4
 * /use_sim_time: True

NODES
  /
    gazebo (gazebo_ros/gzserver)
    urdf_spawner_r1 (gazebo_ros/spawn_model)
    urdf_spawner_r2 (gazebo_ros/spawn_model)
    urdf_spawner_r3 (gazebo_ros/spawn_model)
    urdf_spawner_r4 (gazebo_ros/spawn_model)
    urdf_spawner_r5 (gazebo_ros/spawn_model)

[1mROS_MASTER_URI=http://localhost:13801/[0m
]2;/home/jiutian/Local-Critic-Multi-Robot-Navigation-gate/TD3/assets/multi_robot_scenario_strong_interaction_pilot_5.launch http://localhost:13801/
[1mprocess[gazebo-1]: started with pid [1015138][0m
[1mprocess[urdf_spawner_r1-2]: started with pid [1015142][0m
[1mprocess[urdf_spawner_r2-3]: started with pid [1015144][0m
[1mprocess[urdf_spawner_r3-4]: started with pid [1015145][0m
[1mprocess[urdf_spawner_r4-5]: started with pid [1015146][0m
[1mprocess[urdf_spawner_r5-6]: started with pid [1015147][0m
[1m[urdf_spawner_r1-2] process has finished cleanly
log file: /home/jiutian/.ros/log/441e88b2-8c29-11f1-859c-f36468cdae36/urdf_spawner_r1-2*.log[0m
[1m[urdf_spawner_r4-5] process has finished cleanly
log file: /home/jiutian/.ros/log/441e88b2-8c29-11f1-859c-f36468cdae36/urdf_spawner_r4-5*.log[0m
[1m[urdf_spawner_r3-4] process has finished cleanly
log file: /home/jiutian/.ros/log/441e88b2-8c29-11f1-859c-f36468cdae36/urdf_spawner_r3-4*.log[0m
[1m[urdf_spawner_r2-3] process has finished cleanly
log file: /home/jiutian/.ros/log/441e88b2-8c29-11f1-859c-f36468cdae36/urdf_spawner_r2-3*.log[0m
[1m[urdf_spawner_r5-6] process has finished cleanly
log file: /home/jiutian/.ros/log/441e88b2-8c29-11f1-859c-f36468cdae36/urdf_spawner_r5-6*.log[0m
[gazebo-1] killing on exit
shutting down processing monitor...
... shutting down processing monitor complete
[1mdone[0m
... logging to /home/jiutian/.ros/log/441e88b2-8c29-11f1-859c-f36468cdae36/roslaunch-JiuTian-AI4090-1014784.log
Checking log directory for disk usage. This may take a while.
Press Ctrl-C to interrupt
Done checking log file disk usage. Usage is <1GB.
]2;roscore
[1mstarted roslaunch server http://localhost:43819/[0m
ros_comm version 1.17.4


SUMMARY
========

PARAMETERS
 * /rosdistro: noetic
 * /rosversion: 1.17.4

NODES

auto-starting new master
[1mprocess[master]: started with pid [1014895][0m
[1mROS_MASTER_URI=http://localhost:13801/[0m
]2;roscore http://localhost:13801/
[1msetting /run_id to 441e88b2-8c29-11f1-859c-f36468cdae36[0m
[1mprocess[rosout-1]: started with pid [1014908][0m
started core service [/rosout]
[rosout-1] killing on exit
[master] killing on exit
shutting down processing monitor...
... shutting down processing monitor complete
[1mdone[0m
